ISO-10303-21;
HEADER;
FILE_DESCRIPTION (( 'STEP AP203' ),
    '1' );
FILE_NAME ('S.1.STEP',
    '2025-09-25T16:51:29',
    ( '' ),
    ( '' ),
    'SwSTEP 2.0',
    'SolidWorks 2025',
    '' );
FILE_SCHEMA (( 'CONFIG_CONTROL_DESIGN' ));
ENDSEC;

DATA;
#1 = DIRECTION ( 'NONE',  ( 0.000000000000000000, 0.000000000000000000, -1.000000000000000000 ) ) ;
#2 = ADVANCED_FACE ( 'NONE', ( #1025 ), #867, .T. ) ;
#3 = FACE_OUTER_BOUND ( 'NONE', #426, .T. ) ;
#4 = CARTESIAN_POINT ( 'NONE',  ( 76.00000000000000000, 0.000000000000000000, -35.02069142940470670 ) ) ;
#5 = AXIS2_PLACEMENT_3D ( 'NONE', #561, #431, #1648 ) ;
#6 = VERTEX_POINT ( 'NONE', #406 ) ;
#7 = ORIENTED_EDGE ( 'NONE', *, *, #1471, .T. ) ;
#8 = CARTESIAN_POINT ( 'NONE',  ( -25.48021415178936167, -16.00000000000000355, -55.02069142940469959 ) ) ;
#9 = ORIENTED_EDGE ( 'NONE', *, *, #320, .T. ) ;
#10 = VECTOR ( 'NONE', #1528, 1000.000000000000000 ) ;
#11 = DIRECTION ( 'NONE',  ( 0.000000000000000000, 0.000000000000000000, -1.000000000000000000 ) ) ;
#12 = VECTOR ( 'NONE', #1644, 1000.000000000000000 ) ;
#13 = AXIS2_PLACEMENT_3D ( 'NONE', #1175, #580, #753 ) ;
#14 = VECTOR ( 'NONE', #636, 1000.000000000000000 ) ;
#15 = EDGE_CURVE ( 'NONE', #480, #1887, #572, .T. ) ;
#16 = CARTESIAN_POINT ( 'NONE',  ( -3.000000000000000000, -13.00000000000000533, 0.000000000000000000 ) ) ;
#17 = DIRECTION ( 'NONE',  ( 0.000000000000000000, -1.000000000000000000, 0.000000000000000000 ) ) ;
#18 = EDGE_LOOP ( 'NONE', ( #485, #767, #383, #306 ) ) ;
#19 = ORIENTED_EDGE ( 'NONE', *, *, #316, .F. ) ;
#20 = ADVANCED_FACE ( 'NONE', ( #1311 ), #1904, .F. ) ;
#21 = DIRECTION ( 'NONE',  ( -1.000000000000000000, 0.000000000000000000, 0.000000000000000000 ) ) ;
#22 = CARTESIAN_POINT ( 'NONE',  ( 40.00000000000000000, 3.000000000000000000, -30.02069142940470314 ) ) ;
#23 = ORIENTED_EDGE ( 'NONE', *, *, #407, .T. ) ;
#24 = CARTESIAN_POINT ( 'NONE',  ( -22.88018215910751252, -10.43165213518227574, 0.000000000000000000 ) ) ;
#25 = DIRECTION ( 'NONE',  ( -0.000000000000000000, -1.000000000000000000, -0.000000000000000000 ) ) ;
#26 = CARTESIAN_POINT ( 'NONE',  ( -22.48021415178936167, -13.00000000000000533, -51.02349987313248647 ) ) ;
#27 = VERTEX_POINT ( 'NONE', #1460 ) ;
#28 = ORIENTED_EDGE ( 'NONE', *, *, #1789, .T. ) ;
#29 = APPROVAL_STATUS ( 'not_yet_approved' ) ;
#30 = ORIENTED_EDGE ( 'NONE', *, *, #640, .F. ) ;
#31 = EDGE_CURVE ( 'NONE', #1220, #969, #563, .T. ) ;
#32 = CARTESIAN_POINT ( 'NONE',  ( 0.000000000000000000, -13.00000000000000533, -55.02069142940469959 ) ) ;
#33 = CARTESIAN_POINT ( 'NONE',  ( 0.000000000000000000, 3.000000000000000000, -40.02069142940470670 ) ) ;
#34 = CARTESIAN_POINT ( 'NONE',  ( 40.00000000000000000, 0.000000000000000000, -27.52069142940469959 ) ) ;
#35 = EDGE_LOOP ( 'NONE', ( #250, #1543 ) ) ;
#36 = ORIENTED_EDGE ( 'NONE', *, *, #1328, .F. ) ;
#37 = LINE ( 'NONE', #493, #966 ) ;
#38 = ORIENTED_EDGE ( 'NONE', *, *, #1058, .T. ) ;
#39 = PRODUCT_DEFINITION ( 'UNKNOWN', '', #676, #1103 ) ;
#40 = CARTESIAN_POINT ( 'NONE',  ( 0.000000000000000000, 3.000000000000000000, -10.00000000000000000 ) ) ;
#41 = VECTOR ( 'NONE', #115, 1000.000000000000000 ) ;
#42 = VECTOR ( 'NONE', #1171, 1000.000000000000000 ) ;
#43 = EDGE_CURVE ( 'NONE', #523, #1563, #262, .T. ) ;
#44 = VECTOR ( 'NONE', #304, 1000.000000000000000 ) ;
#45 = CARTESIAN_POINT ( 'NONE',  ( -25.48021415178936167, -16.00000000000000355, -51.02349987313248647 ) ) ;
#46 = DIRECTION ( 'NONE',  ( 0.000000000000000000, 0.000000000000000000, -1.000000000000000000 ) ) ;
#47 = ORIENTED_EDGE ( 'NONE', *, *, #232, .T. ) ;
#48 = EDGE_LOOP ( 'NONE', ( #7, #1831 ) ) ;
#49 = EDGE_LOOP ( 'NONE', ( #1882, #1149 ) ) ;
#50 = DIRECTION ( 'NONE',  ( -0.000000000000000000, -0.000000000000000000, 1.000000000000000000 ) ) ;
#51 = EDGE_CURVE ( 'NONE', #1385, #1636, #552, .T. ) ;
#52 = CARTESIAN_POINT ( 'NONE',  ( -11.00000000000000000, 5.000000000000000888, -55.02069142940469959 ) ) ;
#53 = CARTESIAN_POINT ( 'NONE',  ( 71.00000000000000000, 5.000000000000000000, -20.02069142940470314 ) ) ;
#54 = ORIENTED_EDGE ( 'NONE', *, *, #1071, .T. ) ;
#55 = VERTEX_POINT ( 'NONE', #850 ) ;
#56 = CARTESIAN_POINT ( 'NONE',  ( 30.00000000000000000, 0.000000000000000000, -20.02069142940470314 ) ) ;
#57 = CARTESIAN_POINT ( 'NONE',  ( 60.00000000000000000, 5.000000000000000000, -20.02069142940470314 ) ) ;
#58 = EDGE_CURVE ( 'NONE', #1489, #1370, #618, .T. ) ;
#59 = ORIENTED_EDGE ( 'NONE', *, *, #1318, .F. ) ;
#60 = EDGE_CURVE ( 'NONE', #1914, #629, #1443, .T. ) ;
#61 = ORIENTED_EDGE ( 'NONE', *, *, #1213, .T. ) ;
#62 = VECTOR ( 'NONE', #1478, 1000.000000000000000 ) ;
#63 = AXIS2_PLACEMENT_3D ( 'NONE', #230, #823, #1418 ) ;
#64 = VECTOR ( 'NONE', #1051, 1000.000000000000000 ) ;
#65 = DIRECTION ( 'NONE',  ( 0.000000000000000000, 0.000000000000000000, -1.000000000000000000 ) ) ;
#66 = VECTOR ( 'NONE', #1375, 1000.000000000000000 ) ;
#67 = CARTESIAN_POINT ( 'NONE',  ( 0.000000000000000000, 0.000000000000000000, 0.000000000000000000 ) ) ;
#68 = CARTESIAN_POINT ( 'NONE',  ( -11.00000000000000000, 5.000000000000000888, -55.02069142940469959 ) ) ;
#69 = CARTESIAN_POINT ( 'NONE',  ( 0.000000000000000000, -16.00000000000000355, 0.000000000000000000 ) ) ;
#70 = EDGE_LOOP ( 'NONE', ( #1779, #1200 ) ) ;
#71 = VECTOR ( 'NONE', #1250, 1000.000000000000000 ) ;
#72 = VECTOR ( 'NONE', #181, 1000.000000000000000 ) ;
#73 = CARTESIAN_POINT ( 'NONE',  ( 49.99999999999999289, 0.000000000000000000, 0.000000000000000000 ) ) ;
#74 = ORIENTED_EDGE ( 'NONE', *, *, #1520, .F. ) ;
#75 = EDGE_CURVE ( 'NONE', #83, #1480, #156, .T. ) ;
#76 = CARTESIAN_POINT ( 'NONE',  ( 30.00000000000000000, 0.000000000000000000, -30.02069142940470314 ) ) ;
#77 = LINE ( 'NONE', #1521, #251 ) ;
#78 = ORIENTED_EDGE ( 'NONE', *, *, #278, .T. ) ;
#79 = APPROVAL_STATUS ( 'not_yet_approved' ) ;
#80 = LINE ( 'NONE', #660, #212 ) ;
#81 = CARTESIAN_POINT ( 'NONE',  ( 76.00000000000000000, 0.000000000000000000, -25.02069142940470314 ) ) ;
#82 = ORIENTED_EDGE ( 'NONE', *, *, #1631, .F. ) ;
#83 = VERTEX_POINT ( 'NONE', #1320 ) ;
#84 = FACE_BOUND ( 'NONE', #806, .T. ) ;
#85 = CARTESIAN_POINT ( 'NONE',  ( 30.00000000000000000, 0.000000000000000000, -32.52069142940470670 ) ) ;
#86 = ADVANCED_FACE ( 'NONE', ( #131 ), #1472, .T. ) ;
#87 = ORIENTED_EDGE ( 'NONE', *, *, #1471, .F. ) ;
#88 = CALENDAR_DATE ( 2025, 25, 9 ) ;
#89 = CARTESIAN_POINT ( 'NONE',  ( 0.000000000000000000, -13.00000000000000533, -51.02349987313248647 ) ) ;
#90 = ORIENTED_EDGE ( 'NONE', *, *, #1339, .T. ) ;
#91 = PLANE ( 'NONE',  #186 ) ;
#92 = ORIENTED_EDGE ( 'NONE', *, *, #1497, .T. ) ;
#93 = CARTESIAN_POINT ( 'NONE',  ( 30.00000000000000000, 0.000000000000000000, -37.52069142940469959 ) ) ;
#94 = CYLINDRICAL_SURFACE ( 'NONE', #807, 2.499999999999995115 ) ;
#95 = PRODUCT_RELATED_PRODUCT_CATEGORY ( 'detail', '', ( #169 ) ) ;
#96 = ORIENTED_EDGE ( 'NONE', *, *, #959, .T. ) ;
#97 = ADVANCED_FACE ( 'NONE', ( #1176, #729, #1763 ), #1299, .T. ) ;
#98 = VECTOR ( 'NONE', #1602, 1000.000000000000000 ) ;
#99 = ORIENTED_EDGE ( 'NONE', *, *, #1877, .F. ) ;
#100 = VECTOR ( 'NONE', #556, 1000.000000000000000 ) ;
#101 = PLANE ( 'NONE',  #621 ) ;
#102 = ORIENTED_EDGE ( 'NONE', *, *, #1011, .F. ) ;
#103 = CIRCLE ( 'NONE', #1529, 1.250000000000001110 ) ;
#104 = CARTESIAN_POINT ( 'NONE',  ( 40.00000000000000000, 5.000000000000000000, -30.02069142940470314 ) ) ;
#105 = FACE_OUTER_BOUND ( 'NONE', #1357, .T. ) ;
#106 = EDGE_LOOP ( 'NONE', ( #1038, #190, #358, #1677 ) ) ;
#107 = ORIENTED_EDGE ( 'NONE', *, *, #468, .F. ) ;
#108 = ORIENTED_EDGE ( 'NONE', *, *, #1113, .F. ) ;
#109 = EDGE_CURVE ( 'NONE', #1367, #1132, #964, .T. ) ;
#110 = LINE ( 'NONE', #1296, #1524 ) ;
#111 = CARTESIAN_POINT ( 'NONE',  ( 0.000000000000000000, 8.000000000000000000, -52.02069142940469959 ) ) ;
#112 = ORIENTED_EDGE ( 'NONE', *, *, #350, .T. ) ;
#113 = DIRECTION ( 'NONE',  ( 0.000000000000000000, 1.000000000000000000, 0.000000000000000000 ) ) ;
#114 = CARTESIAN_POINT ( 'NONE',  ( 71.00000000000000000, 0.000000000000000000, -40.02069142940470670 ) ) ;
#115 = DIRECTION ( 'NONE',  ( -1.000000000000000000, -0.000000000000000000, -0.000000000000000000 ) ) ;
#116 = EDGE_CURVE ( 'NONE', #197, #1440, #1549, .T. ) ;
#117 = LINE ( 'NONE', #1473, #42 ) ;
#118 = CARTESIAN_POINT ( 'NONE',  ( 49.99999999999999289, 3.000000000000000000, -60.00000000000000000 ) ) ;
#119 = ORIENTED_EDGE ( 'NONE', *, *, #913, .F. ) ;
#120 = CARTESIAN_POINT ( 'NONE',  ( -11.00000000000000000, 3.000000000000000000, -37.02069142940469959 ) ) ;
#121 = DIRECTION ( 'NONE',  ( -0.000000000000000000, -1.000000000000000000, -0.000000000000000000 ) ) ;
#122 = ORIENTED_EDGE ( 'NONE', *, *, #721, .F. ) ;
#123 = DIRECTION ( 'NONE',  ( -0.000000000000000000, -1.000000000000000000, 0.000000000000000000 ) ) ;
#124 = VERTEX_POINT ( 'NONE', #1407 ) ;
#125 = VECTOR ( 'NONE', #994, 1000.000000000000000 ) ;
#126 = CARTESIAN_POINT ( 'NONE',  ( 0.000000000000000000, 5.000000000000000888, -40.02069142940470670 ) ) ;
#127 = CARTESIAN_POINT ( 'NONE',  ( 60.00000000000000000, 0.000000000000000000, 0.000000000000000000 ) ) ;
#128 = AXIS2_PLACEMENT_3D ( 'NONE', #1234, #482, #1656 ) ;
#129 = ADVANCED_FACE ( 'NONE', ( #1735 ), #702, .T. ) ;
#130 = VECTOR ( 'NONE', #1751, 1000.000000000000000 ) ;
#131 = FACE_OUTER_BOUND ( 'NONE', #226, .T. ) ;
#132 = FACE_OUTER_BOUND ( 'NONE', #354, .T. ) ;
#133 = DIRECTION ( 'NONE',  ( 0.000000000000000000, 0.000000000000000000, 1.000000000000000000 ) ) ;
#134 = VERTEX_POINT ( 'NONE', #1744 ) ;
#135 = ORIENTED_EDGE ( 'NONE', *, *, #373, .F. ) ;
#136 = CARTESIAN_POINT ( 'NONE',  ( 71.00000000000000000, 5.000000000000000000, -25.02069142940470314 ) ) ;
#137 = FACE_OUTER_BOUND ( 'NONE', #1033, .T. ) ;
#138 = EDGE_CURVE ( 'NONE', #1289, #203, #1880, .T. ) ;
#139 = DIRECTION ( 'NONE',  ( 0.000000000000000000, -1.000000000000000000, 0.000000000000000000 ) ) ;
#140 = DIRECTION ( 'NONE',  ( 0.000000000000000000, -1.000000000000000000, 0.000000000000000000 ) ) ;
#141 = DIRECTION ( 'NONE',  ( -1.000000000000000000, 0.000000000000000000, 0.000000000000000000 ) ) ;
#142 = PLANE ( 'NONE',  #463 ) ;
#143 = ORIENTED_EDGE ( 'NONE', *, *, #1235, .F. ) ;
#144 = ORIENTED_EDGE ( 'NONE', *, *, #1631, .T. ) ;
#145 = LINE ( 'NONE', #735, #999 ) ;
#146 = DIRECTION ( 'NONE',  ( 0.000000000000000000, -1.000000000000000000, 0.000000000000000000 ) ) ;
#147 = DIRECTION ( 'NONE',  ( -0.000000000000000000, 1.000000000000000000, -0.000000000000000000 ) ) ;
#148 = ORIENTED_EDGE ( 'NONE', *, *, #730, .T. ) ;
#149 = CARTESIAN_POINT ( 'NONE',  ( -10.00000000000000000, 5.000000000000000000, -27.52069142940468893 ) ) ;
#150 = EDGE_CURVE ( 'NONE', #1433, #512, #646, .T. ) ;
#151 = ADVANCED_FACE ( 'NONE', ( #502 ), #1145, .T. ) ;
#152 = CARTESIAN_POINT ( 'NONE',  ( -22.88018215910740949, -0.9316521351822766306, -51.02349987313248647 ) ) ;
#153 = CARTESIAN_POINT ( 'NONE',  ( 30.00000000000000000, 5.000000000000000000, -17.52069142940469959 ) ) ;
#154 = ORIENTED_EDGE ( 'NONE', *, *, #1406, .T. ) ;
#155 = DIRECTION ( 'NONE',  ( 0.000000000000000000, 0.000000000000000000, -1.000000000000000000 ) ) ;
#156 = CIRCLE ( 'NONE', #1707, 2.500000000000002220 ) ;
#157 = AXIS2_PLACEMENT_3D ( 'NONE', #1517, #1536, #165 ) ;
#158 = AXIS2_PLACEMENT_3D ( 'NONE', #653, #1576, #1842 ) ;
#159 = CIRCLE ( 'NONE', #1248, 10.00000000000000000 ) ;
#160 = CYLINDRICAL_SURFACE ( 'NONE', #1681, 1.250000000000001110 ) ;
#161 = ADVANCED_FACE ( 'NONE', ( #364, #84, #847, #677, #1578, #260, #997, #1255 ), #1556, .T. ) ;
#162 = CARTESIAN_POINT ( 'NONE',  ( -22.88018215910751252, -10.43165213518227574, -51.02349987313248647 ) ) ;
#163 = ORIENTED_EDGE ( 'NONE', *, *, #339, .F. ) ;
#164 = ORIENTED_EDGE ( 'NONE', *, *, #1318, .T. ) ;
#165 = DIRECTION ( 'NONE',  ( 0.000000000000000000, 0.000000000000000000, -1.000000000000000000 ) ) ;
#166 = DIRECTION ( 'NONE',  ( -0.000000000000000000, -1.000000000000000000, -0.000000000000000000 ) ) ;
#167 = APPLICATION_CONTEXT ( 'configuration controlled 3d designs of mechanical parts and assemblies' ) ;
#168 = CARTESIAN_POINT ( 'NONE',  ( -25.48021415178936167, 5.000000000000000888, -55.02069142940469959 ) ) ;
#169 = PRODUCT ( 'S.1', 'S.1', '', ( #1509 ) ) ;
#170 = FACE_OUTER_BOUND ( 'NONE', #1627, .T. ) ;
#171 = ORIENTED_EDGE ( 'NONE', *, *, #564, .T. ) ;
#172 = ORIENTED_EDGE ( 'NONE', *, *, #1083, .T. ) ;
#173 = EDGE_CURVE ( 'NONE', #1148, #1021, #855, .T. ) ;
#174 = CARTESIAN_POINT ( 'NONE',  ( 0.000000000000000000, 5.000000000000000000, -20.02069142940469959 ) ) ;
#175 = DIRECTION ( 'NONE',  ( -1.000000000000000000, 0.000000000000000000, 0.000000000000000000 ) ) ;
#176 = CARTESIAN_POINT ( 'NONE',  ( -11.00000000000000000, 5.000000000000000000, -37.02069142940469959 ) ) ;
#177 = CARTESIAN_POINT ( 'NONE',  ( -11.00000000000000000, 5.000000000000000888, -40.02069142940470670 ) ) ;
#178 = EDGE_LOOP ( 'NONE', ( #1742, #986, #1465, #1876 ) ) ;
#179 = ORIENTED_EDGE ( 'NONE', *, *, #1747, .F. ) ;
#180 = AXIS2_PLACEMENT_3D ( 'NONE', #720, #1055, #1771 ) ;
#181 = DIRECTION ( 'NONE',  ( -1.000000000000000000, 0.000000000000000000, 0.000000000000000000 ) ) ;
#182 = ORIENTED_EDGE ( 'NONE', *, *, #1642, .F. ) ;
#183 = CARTESIAN_POINT ( 'NONE',  ( -3.000000000000000000, -13.00000000000000533, -55.02069142940469959 ) ) ;
#184 = AXIS2_PLACEMENT_3D ( 'NONE', #884, #21, #1045 ) ;
#185 = EDGE_CURVE ( 'NONE', #512, #1433, #209, .T. ) ;
#186 = AXIS2_PLACEMENT_3D ( 'NONE', #673, #1272, #526 ) ;
#187 = AXIS2_PLACEMENT_3D ( 'NONE', #827, #1829, #1706 ) ;
#188 = AXIS2_PLACEMENT_3D ( 'NONE', #1605, #1438, #1163 ) ;
#189 = DIRECTION ( 'NONE',  ( 0.000000000000000000, 0.000000000000000000, -1.000000000000000000 ) ) ;
#190 = ORIENTED_EDGE ( 'NONE', *, *, #1193, .T. ) ;
#191 = CIRCLE ( 'NONE', #754, 2.500000000000005773 ) ;
#192 = ORIENTED_EDGE ( 'NONE', *, *, #668, .F. ) ;
#193 = DIRECTION ( 'NONE',  ( 0.000000000000000000, -1.000000000000000000, 0.000000000000000000 ) ) ;
#194 = EDGE_CURVE ( 'NONE', #857, #1796, #1680, .T. ) ;
#195 = ADVANCED_FACE ( 'NONE', ( #514 ), #977, .F. ) ;
#196 = DIRECTION ( 'NONE',  ( 1.000000000000000000, 0.000000000000000000, 0.000000000000000000 ) ) ;
#197 = VERTEX_POINT ( 'NONE', #93 ) ;
#198 = CARTESIAN_POINT ( 'NONE',  ( 19.99999999999999645, 3.000000000000000000, -30.02069142940470314 ) ) ;
#199 = VERTEX_POINT ( 'NONE', #1275 ) ;
#200 = CARTESIAN_POINT ( 'NONE',  ( 10.00000000000000000, 5.000000000000000000, -10.00000000000000000 ) ) ;
#201 = APPROVAL_STATUS ( 'not_yet_approved' ) ;
#202 = FACE_OUTER_BOUND ( 'NONE', #1135, .T. ) ;
#203 = VERTEX_POINT ( 'NONE', #1868 ) ;
#204 = EDGE_CURVE ( 'NONE', #1792, #1887, #1136, .T. ) ;
#205 = DIRECTION ( 'NONE',  ( -0.000000000000000000, 1.000000000000000000, -0.000000000000000000 ) ) ;
#206 = LINE ( 'NONE', #219, #1553 ) ;
#207 = ORIENTED_EDGE ( 'NONE', *, *, #232, .F. ) ;
#208 = DIRECTION ( 'NONE',  ( -1.000000000000000000, 0.000000000000000000, 0.000000000000000000 ) ) ;
#209 = CIRCLE ( 'NONE', #272, 2.499999999999998668 ) ;
#210 = ORIENTED_EDGE ( 'NONE', *, *, #877, .T. ) ;
#211 = VECTOR ( 'NONE', #469, 1000.000000000000000 ) ;
#212 = VECTOR ( 'NONE', #818, 1000.000000000000000 ) ;
#213 = PERSON_AND_ORGANIZATION ( #739, #1271 ) ;
#214 = LINE ( 'NONE', #1412, #1684 ) ;
#215 = ORIENTED_EDGE ( 'NONE', *, *, #1664, .F. ) ;
#216 = VECTOR ( 'NONE', #205, 1000.000000000000000 ) ;
#217 = ADVANCED_FACE ( 'NONE', ( #239 ), #833, .F. ) ;
#218 = CIRCLE ( 'NONE', #1127, 2.500000000000002220 ) ;
#219 = CARTESIAN_POINT ( 'NONE',  ( -0.000000000000000000, 5.000000000000000000, -37.02069142940469959 ) ) ;
#220 = ORIENTED_EDGE ( 'NONE', *, *, #384, .T. ) ;
#221 = DIRECTION ( 'NONE',  ( 0.000000000000000000, 0.000000000000000000, 1.000000000000000000 ) ) ;
#222 = DIRECTION ( 'NONE',  ( 0.000000000000000000, 0.000000000000000000, -1.000000000000000000 ) ) ;
#223 = DIRECTION ( 'NONE',  ( -1.000000000000000000, 0.000000000000000000, 0.000000000000000000 ) ) ;
#224 = EDGE_LOOP ( 'NONE', ( #102, #427, #718, #215 ) ) ;
#225 = DIRECTION ( 'NONE',  ( 1.000000000000000000, 0.000000000000000000, -0.000000000000000000 ) ) ;
#226 = EDGE_LOOP ( 'NONE', ( #338, #534, #1450, #1224 ) ) ;
#227 = FACE_OUTER_BOUND ( 'NONE', #1405, .T. ) ;
#228 = VERTEX_POINT ( 'NONE', #1195 ) ;
#229 = CC_DESIGN_PERSON_AND_ORGANIZATION_ASSIGNMENT ( #957, #760, ( #676 ) ) ;
#230 = CARTESIAN_POINT ( 'NONE',  ( 60.00000000000000000, 5.000000000000000000, -40.02069142940470670 ) ) ;
#231 = LINE ( 'NONE', #856, #528 ) ;
#232 = EDGE_CURVE ( 'NONE', #1614, #1153, #1362, .T. ) ;
#233 = ORIENTED_EDGE ( 'NONE', *, *, #1823, .F. ) ;
#234 = CARTESIAN_POINT ( 'NONE',  ( 0.000000000000000000, 5.000000000000000000, -37.02069142940469959 ) ) ;
#235 = EDGE_LOOP ( 'NONE', ( #324, #1713, #220, #148, #1261, #951, #1109, #1297 ) ) ;
#236 = CARTESIAN_POINT ( 'NONE',  ( 69.99999999999998579, 0.000000000000000000, -30.02069142940470314 ) ) ;
#237 = CARTESIAN_POINT ( 'NONE',  ( 30.00000000000000000, 3.000000000000000000, -37.52069142940469959 ) ) ;
#238 = EDGE_LOOP ( 'NONE', ( #362, #462, #266, #1410, #61, #321, #597, #1342 ) ) ;
#239 = FACE_OUTER_BOUND ( 'NONE', #1519, .T. ) ;
#240 = LINE ( 'NONE', #1736, #254 ) ;
#241 = ORIENTED_EDGE ( 'NONE', *, *, #1071, .F. ) ;
#242 = EDGE_CURVE ( 'NONE', #1440, #197, #1651, .T. ) ;
#243 = CIRCLE ( 'NONE', #180, 5.000000000000000888 ) ;
#244 = ORIENTED_EDGE ( 'NONE', *, *, #938, .T. ) ;
#245 = DIRECTION ( 'NONE',  ( 0.000000000000000000, 1.000000000000000000, 0.000000000000000000 ) ) ;
#246 = EDGE_LOOP ( 'NONE', ( #28, #1567, #1232, #59 ) ) ;
#247 = DIRECTION ( 'NONE',  ( -1.000000000000000000, 0.000000000000000000, 0.000000000000000000 ) ) ;
#248 = CARTESIAN_POINT ( 'NONE',  ( 0.000000000000000000, 5.000000000000000888, -55.02069142940469959 ) ) ;
#250 = ORIENTED_EDGE ( 'NONE', *, *, #1050, .T. ) ;
#249 = AXIS2_PLACEMENT_3D ( 'NONE', #45, #627, #1228 ) ;
#251 = VECTOR ( 'NONE', #1360, 1000.000000000000000 ) ;
#252 = CARTESIAN_POINT ( 'NONE',  ( -21.63018215910740949, -0.9316521351822765196, 0.000000000000000000 ) ) ;
#253 = DIRECTION ( 'NONE',  ( -1.000000000000000000, 0.000000000000000000, 0.000000000000000000 ) ) ;
#254 = VECTOR ( 'NONE', #848, 1000.000000000000000 ) ;
#255 = DIRECTION ( 'NONE',  ( 0.000000000000000000, -1.000000000000000000, 0.000000000000000000 ) ) ;
#256 = EDGE_CURVE ( 'NONE', #305, #228, #600, .T. ) ;
#257 = ADVANCED_FACE ( 'NONE', ( #419 ), #876, .T. ) ;
#258 = DIRECTION ( 'NONE',  ( -0.000000000000000000, -1.000000000000000000, -0.000000000000000000 ) ) ;
#259 = ORIENTED_EDGE ( 'NONE', *, *, #320, .F. ) ;
#260 = FACE_BOUND ( 'NONE', #1043, .T. ) ;
#261 = CARTESIAN_POINT ( 'NONE',  ( -10.00000000000000000, 0.000000000000000000, -30.02069142940468893 ) ) ;
#262 = LINE ( 'NONE', #1748, #98 ) ;
#263 = DIRECTION ( 'NONE',  ( 0.000000000000000000, -1.000000000000000000, 0.000000000000000000 ) ) ;
#264 = EDGE_CURVE ( 'NONE', #745, #628, #893, .T. ) ;
#265 = CARTESIAN_POINT ( 'NONE',  ( 10.00000000000000000, 3.000000000000000000, -10.00000000000000000 ) ) ;
#266 = ORIENTED_EDGE ( 'NONE', *, *, #468, .T. ) ;
#267 = LINE ( 'NONE', #8, #1217 ) ;
#268 = CARTESIAN_POINT ( 'NONE',  ( -10.00000000000000000, 5.000000000000000000, -30.02069142940468893 ) ) ;
#269 = CARTESIAN_POINT ( 'NONE',  ( 30.00000000000000000, 3.000000000000000000, -30.02069142940470314 ) ) ;
#270 = FACE_OUTER_BOUND ( 'NONE', #356, .T. ) ;
#271 = CLOSED_SHELL ( 'NONE', ( #1596, #20, #573, #1816, #1434, #217, #1373, #585, #1382, #1374, #1548, #1285, #801, #453, #161, #348, #475, #496, #613, #1420, #1678, #696, #741, #302, #791, #195, #835, #631, #975, #1092, #1267, #1675, #549, #1000, #1204, #524, #1709, #257, #151, #2, #948, #1361, #129, #97, #1592, #798, #1134, #1765, #1539, #683, #1552, #1836, #626, #484, #86 ) ) ;
#272 = AXIS2_PLACEMENT_3D ( 'NONE', #1441, #1853, #221 ) ;
#273 = CARTESIAN_POINT ( 'NONE',  ( 0.000000000000000000, 5.000000000000000000, -60.00000000000000000 ) ) ;
#274 = DIRECTION ( 'NONE',  ( -0.000000000000000000, -1.000000000000000000, -0.000000000000000000 ) ) ;
#275 = ORIENTED_EDGE ( 'NONE', *, *, #1823, .T. ) ;
#276 = VERTEX_POINT ( 'NONE', #447 ) ;
#277 = CIRCLE ( 'NONE', #554, 1.250000000000001110 ) ;
#278 = EDGE_CURVE ( 'NONE', #1792, #1084, #1781, .T. ) ;
#279 = DIRECTION ( 'NONE',  ( 0.000000000000000000, 0.000000000000000000, 1.000000000000000000 ) ) ;
#280 = AXIS2_PLACEMENT_3D ( 'NONE', #1229, #1814, #1260 ) ;
#281 = AXIS2_PLACEMENT_3D ( 'NONE', #603, #1205, #929 ) ;
#282 = CARTESIAN_POINT ( 'NONE',  ( -25.48021415178936167, -13.00000000000000533, -55.02069142940469959 ) ) ;
#283 = DIRECTION ( 'NONE',  ( 0.000000000000000000, 0.000000000000000000, -1.000000000000000000 ) ) ;
#284 = VECTOR ( 'NONE', #378, 1000.000000000000000 ) ;
#285 = CARTESIAN_POINT ( 'NONE',  ( -25.48021415178936167, -16.00000000000000355, -51.02349987313248647 ) ) ;
#286 = FACE_OUTER_BOUND ( 'NONE', #1349, .T. ) ;
#287 = DIRECTION ( 'NONE',  ( -1.000000000000000000, 0.000000000000000000, 0.000000000000000000 ) ) ;
#288 = ORIENTED_EDGE ( 'NONE', *, *, #414, .T. ) ;
#289 = CARTESIAN_POINT ( 'NONE',  ( 0.000000000000000000, 3.000000000000000000, -49.99999999999999289 ) ) ;
#290 = CARTESIAN_POINT ( 'NONE',  ( 69.99999999999998579, 0.000000000000000000, -27.52069142940469604 ) ) ;
#291 = EDGE_CURVE ( 'NONE', #733, #1331, #488, .T. ) ;
#292 = ORIENTED_EDGE ( 'NONE', *, *, #1177, .T. ) ;
#293 = CARTESIAN_POINT ( 'NONE',  ( 69.99999999999998579, 0.000000000000000000, -32.52069142940471380 ) ) ;
#294 = EDGE_CURVE ( 'NONE', #936, #733, #1182, .T. ) ;
#295 = DIRECTION ( 'NONE',  ( 0.000000000000000000, 0.000000000000000000, -1.000000000000000000 ) ) ;
#296 = LINE ( 'NONE', #1030, #1246 ) ;
#297 = ORIENTED_EDGE ( 'NONE', *, *, #825, .T. ) ;
#298 = CARTESIAN_POINT ( 'NONE',  ( 19.99999999999999645, 0.000000000000000000, -32.52069142940469959 ) ) ;
#299 = ORIENTED_EDGE ( 'NONE', *, *, #506, .T. ) ;
#300 = LINE ( 'NONE', #126, #461 ) ;
#301 = DIRECTION ( 'NONE',  ( 0.000000000000000000, -1.000000000000000000, 0.000000000000000000 ) ) ;
#302 = ADVANCED_FACE ( 'NONE', ( #1908 ), #726, .F. ) ;
#303 = DIRECTION ( 'NONE',  ( 0.000000000000000000, 0.000000000000000000, -1.000000000000000000 ) ) ;
#304 = DIRECTION ( 'NONE',  ( -0.000000000000000000, -1.000000000000000000, -0.000000000000000000 ) ) ;
#305 = VERTEX_POINT ( 'NONE', #1915 ) ;
#306 = ORIENTED_EDGE ( 'NONE', *, *, #109, .T. ) ;
#307 = VECTOR ( 'NONE', #385, 1000.000000000000000 ) ;
#308 = DIRECTION ( 'NONE',  ( 0.000000000000000000, 0.000000000000000000, -1.000000000000000000 ) ) ;
#309 = CARTESIAN_POINT ( 'NONE',  ( -11.00000000000000000, 0.000000000000000000, -25.02069142940469959 ) ) ;
#311 = ORIENTED_EDGE ( 'NONE', *, *, #1857, .T. ) ;
#310 = AXIS2_PLACEMENT_3D ( 'NONE', #1041, #1633, #1740 ) ;
#312 = VECTOR ( 'NONE', #225, 1000.000000000000000 ) ;
#313 = DIRECTION ( 'NONE',  ( -0.000000000000000000, -1.000000000000000000, -0.000000000000000000 ) ) ;
#314 = AXIS2_PLACEMENT_3D ( 'NONE', #1699, #1562, #1239 ) ;
#315 = CIRCLE ( 'NONE', #13, 1.249999999999997558 ) ;
#316 = EDGE_CURVE ( 'NONE', #962, #1870, #578, .T. ) ;
#317 = CYLINDRICAL_SURFACE ( 'NONE', #900, 2.500000000000002220 ) ;
#318 = LINE ( 'NONE', #153, #555 ) ;
#319 = ORIENTED_EDGE ( 'NONE', *, *, #730, .F. ) ;
#320 = EDGE_CURVE ( 'NONE', #1758, #1907, #1772, .T. ) ;
#321 = ORIENTED_EDGE ( 'NONE', *, *, #658, .T. ) ;
#322 = COORDINATED_UNIVERSAL_TIME_OFFSET ( 7, 0, .AHEAD. ) ;
#323 = LINE ( 'NONE', #1510, #343 ) ;
#324 = ORIENTED_EDGE ( 'NONE', *, *, #60, .F. ) ;
#325 = DIRECTION ( 'NONE',  ( -1.000000000000000000, 0.000000000000000000, 0.000000000000000000 ) ) ;
#326 = LINE ( 'NONE', #786, #64 ) ;
#327 = DIRECTION ( 'NONE',  ( 0.000000000000000000, 0.000000000000000000, -1.000000000000000000 ) ) ;
#328 = EDGE_LOOP ( 'NONE', ( #1180, #1702, #390, #418 ) ) ;
#329 = EDGE_LOOP ( 'NONE', ( #1817, #831, #99, #1221 ) ) ;
#330 = EDGE_CURVE ( 'NONE', #27, #826, #1628, .T. ) ;
#331 = DIRECTION ( 'NONE',  ( 0.000000000000000000, 1.000000000000000000, 0.000000000000000000 ) ) ;
#332 = VERTEX_POINT ( 'NONE', #289 ) ;
#333 = CARTESIAN_POINT ( 'NONE',  ( 0.000000000000000000, 5.000000000000000000, -40.02069142940470670 ) ) ;
#334 = CYLINDRICAL_SURFACE ( 'NONE', #1060, 2.500000000000002220 ) ;
#335 = LINE ( 'NONE', #1811, #1065 ) ;
#336 = ORIENTED_EDGE ( 'NONE', *, *, #1617, .F. ) ;
#337 = LOCAL_TIME ( 23, 51, 29.00000000000000000, #808 ) ;
#338 = ORIENTED_EDGE ( 'NONE', *, *, #947, .F. ) ;
#339 = EDGE_CURVE ( 'NONE', #1914, #918, #1587, .T. ) ;
#340 = EDGE_CURVE ( 'NONE', #1636, #1440, #145, .T. ) ;
#341 = CIRCLE ( 'NONE', #838, 2.500000000000002220 ) ;
#342 = VECTOR ( 'NONE', #1673, 1000.000000000000000 ) ;
#343 = VECTOR ( 'NONE', #1676, 1000.000000000000000 ) ;
#344 = CARTESIAN_POINT ( 'NONE',  ( 60.00000000000000000, 3.000000000000000000, -10.00000000000000000 ) ) ;
#345 = ORIENTED_EDGE ( 'NONE', *, *, #1245, .F. ) ;
#346 = CARTESIAN_POINT ( 'NONE',  ( 0.000000000000000000, -16.00000000000000355, -51.02349987313248647 ) ) ;
#347 = ORIENTED_EDGE ( 'NONE', *, *, #770, .F. ) ;
#348 = ADVANCED_FACE ( 'NONE', ( #1165 ), #1753, .F. ) ;
#349 = CARTESIAN_POINT ( 'NONE',  ( 76.00000000000000000, 3.000000000000000000, 0.000000000000000000 ) ) ;
#350 = EDGE_CURVE ( 'NONE', #1289, #477, #267, .T. ) ;
#351 = DATE_TIME_ROLE ( 'creation_date' ) ;
#352 = CARTESIAN_POINT ( 'NONE',  ( 30.00000000000000000, 0.000000000000000000, -27.52069142940469959 ) ) ;
#353 = CARTESIAN_POINT ( 'NONE',  ( -3.000000000000000000, -16.00000000000000355, 0.000000000000000000 ) ) ;
#354 = EDGE_LOOP ( 'NONE', ( #1425, #1825, #163, #1687 ) ) ;
#355 = DIRECTION ( 'NONE',  ( 0.000000000000000000, 0.000000000000000000, -1.000000000000000000 ) ) ;
#356 = EDGE_LOOP ( 'NONE', ( #837, #1281, #1108, #1738, #1892, #492, #1333, #738, #1537, #119, #1727, #1316, #36, #1645, #144, #1818, #1752, #179, #518, #143, #1883, #1599 ) ) ;
#357 = CARTESIAN_POINT ( 'NONE',  ( 30.00000000000000000, 3.000000000000000000, -42.52069142940470670 ) ) ;
#358 = ORIENTED_EDGE ( 'NONE', *, *, #294, .F. ) ;
#359 = EDGE_CURVE ( 'NONE', #55, #1048, #300, .T. ) ;
#360 = DATE_AND_TIME ( #980, #897 ) ;
#361 = LINE ( 'NONE', #1283, #432 ) ;
#362 = ORIENTED_EDGE ( 'NONE', *, *, #294, .T. ) ;
#363 = VERTEX_POINT ( 'NONE', #719 ) ;
#364 = FACE_OUTER_BOUND ( 'NONE', #1231, .T. ) ;
#365 = CARTESIAN_POINT ( 'NONE',  ( 0.000000000000000000, 3.000000000000000000, -20.02069142940469959 ) ) ;
#366 = AXIS2_PLACEMENT_3D ( 'NONE', #392, #1263, #1427 ) ;
#367 = ORIENTED_EDGE ( 'NONE', *, *, #699, .F. ) ;
#368 = AXIS2_PLACEMENT_3D ( 'NONE', #1500, #778, #1076 ) ;
#369 = CARTESIAN_POINT ( 'NONE',  ( -10.00000000000000000, 0.000000000000000000, -32.52069142940469249 ) ) ;
#370 = AXIS2_PLACEMENT_3D ( 'NONE', #57, #762, #444 ) ;
#371 = DIRECTION ( 'NONE',  ( 0.000000000000000000, 0.000000000000000000, 1.000000000000000000 ) ) ;
#372 = CARTESIAN_POINT ( 'NONE',  ( 0.000000000000000000, 8.000000000000000000, -55.02069142940469959 ) ) ;
#373 = EDGE_CURVE ( 'NONE', #1201, #438, #1317, .T. ) ;
#374 = ORIENTED_EDGE ( 'NONE', *, *, #359, .F. ) ;
#375 = LINE ( 'NONE', #500, #1368 ) ;
#376 = EDGE_LOOP ( 'NONE', ( #1082, #1212, #725, #233 ) ) ;
#377 = CARTESIAN_POINT ( 'NONE',  ( 0.000000000000000000, 0.000000000000000000, -60.00000000000000000 ) ) ;
#378 = DIRECTION ( 'NONE',  ( -0.000000000000000000, -1.000000000000000000, -0.000000000000000000 ) ) ;
#379 = ORIENTED_EDGE ( 'NONE', *, *, #506, .F. ) ;
#380 = PERSON_AND_ORGANIZATION ( #739, #1271 ) ;
#381 = ORIENTED_EDGE ( 'NONE', *, *, #1058, .F. ) ;
#382 = CARTESIAN_POINT ( 'NONE',  ( -22.48021415178936167, 2.000000000000001776, -51.02349987313248647 ) ) ;
#383 = ORIENTED_EDGE ( 'NONE', *, *, #1689, .T. ) ;
#384 = EDGE_CURVE ( 'NONE', #918, #1307, #1242, .T. ) ;
#385 = DIRECTION ( 'NONE',  ( -0.000000000000000000, 0.000000000000000000, 1.000000000000000000 ) ) ;
#386 = DIRECTION ( 'NONE',  ( 0.000000000000000000, 0.000000000000000000, -1.000000000000000000 ) ) ;
#387 = CARTESIAN_POINT ( 'NONE',  ( 30.00000000000000000, 5.000000000000000000, -30.02069142940470314 ) ) ;
#388 = ORIENTED_EDGE ( 'NONE', *, *, #812, .T. ) ;
#389 = CARTESIAN_POINT ( 'NONE',  ( 60.00000000000000000, 0.000000000000000000, -20.02069142940470314 ) ) ;
#390 = ORIENTED_EDGE ( 'NONE', *, *, #429, .F. ) ;
#391 = ORIENTED_EDGE ( 'NONE', *, *, #535, .T. ) ;
#392 = CARTESIAN_POINT ( 'NONE',  ( 71.00000000000000000, 5.000000000000000000, -35.02069142940470670 ) ) ;
#393 = CARTESIAN_POINT ( 'NONE',  ( 49.99999999999999289, 5.000000000000000000, -49.99999999999999289 ) ) ;
#394 = EDGE_CURVE ( 'NONE', #927, #1181, #1351, .T. ) ;
#395 = ORIENTED_EDGE ( 'NONE', *, *, #562, .T. ) ;
#396 = AXIS2_PLACEMENT_3D ( 'NONE', #404, #813, #1290 ) ;
#397 = EDGE_LOOP ( 'NONE', ( #1404, #1586 ) ) ;
#398 = CIRCLE ( 'NONE', #682, 4.999999999999997335 ) ;
#399 = CARTESIAN_POINT ( 'NONE',  ( 60.00000000000000000, 5.000000000000000000, -20.02069142940470314 ) ) ;
#400 = LINE ( 'NONE', #1006, #130 ) ;
#402 = ORIENTED_EDGE ( 'NONE', *, *, #886, .T. ) ;
#401 = AXIS2_PLACEMENT_3D ( 'NONE', #508, #1115, #949 ) ;
#403 = AXIS2_PLACEMENT_3D ( 'NONE', #1469, #1432, #1147 ) ;
#404 = CARTESIAN_POINT ( 'NONE',  ( 30.00000000000000000, 0.000000000000000000, -40.02069142940470670 ) ) ;
#405 = CARTESIAN_POINT ( 'NONE',  ( -25.48021415178936167, 2.000000000000001776, -51.02349987313248647 ) ) ;
#406 = CARTESIAN_POINT ( 'NONE',  ( 60.00000000000000000, 0.000000000000000000, -40.02069142940470670 ) ) ;
#407 = EDGE_CURVE ( 'NONE', #1181, #1778, #642, .T. ) ;
#408 = DIRECTION ( 'NONE',  ( 0.000000000000000000, 0.000000000000000000, -1.000000000000000000 ) ) ;
#409 = ORIENTED_EDGE ( 'NONE', *, *, #928, .F. ) ;
#410 = CARTESIAN_POINT ( 'NONE',  ( 30.00000000000000000, 5.000000000000000000, -30.02069142940470314 ) ) ;
#411 = DIRECTION ( 'NONE',  ( 0.000000000000000000, 0.000000000000000000, -1.000000000000000000 ) ) ;
#412 = CYLINDRICAL_SURFACE ( 'NONE', #1462, 2.500000000000002220 ) ;
#413 = DIRECTION ( 'NONE',  ( 0.000000000000000000, -1.000000000000000000, 0.000000000000000000 ) ) ;
#414 = EDGE_CURVE ( 'NONE', #761, #512, #37, .T. ) ;
#415 = DIRECTION ( 'NONE',  ( -0.000000000000000000, 1.000000000000000000, 0.000000000000000000 ) ) ;
#416 = CYLINDRICAL_SURFACE ( 'NONE', #1498, 2.500000000000002220 ) ;
#417 = CARTESIAN_POINT ( 'NONE',  ( 71.00000000000000000, 3.000000000000000000, -40.02069142940470670 ) ) ;
#418 = ORIENTED_EDGE ( 'NONE', *, *, #990, .F. ) ;
#419 = FACE_OUTER_BOUND ( 'NONE', #1345, .T. ) ;
#420 = ORIENTED_EDGE ( 'NONE', *, *, #414, .F. ) ;
#421 = LOCAL_TIME ( 23, 51, 29.00000000000000000, #322 ) ;
#422 = AXIS2_PLACEMENT_3D ( 'NONE', #1621, #1158, #1 ) ;
#423 = APPROVAL ( #29, 'UNSPECIFIED' ) ;
#424 = FACE_OUTER_BOUND ( 'NONE', #376, .T. ) ;
#425 = CARTESIAN_POINT ( 'NONE',  ( -21.63018215910740949, -0.9316521351822765196, -55.02069142940469959 ) ) ;
#426 = EDGE_LOOP ( 'NONE', ( #1236, #182, #1466, #1230 ) ) ;
#427 = ORIENTED_EDGE ( 'NONE', *, *, #1694, .T. ) ;
#428 = AXIS2_PLACEMENT_3D ( 'NONE', #1332, #1015, #1607 ) ;
#429 = EDGE_CURVE ( 'NONE', #820, #363, #1090, .T. ) ;
#430 = DIRECTION ( 'NONE',  ( -0.000000000000000000, -1.000000000000000000, -0.000000000000000000 ) ) ;
#431 = DIRECTION ( 'NONE',  ( 0.000000000000000000, 1.000000000000000000, 0.000000000000000000 ) ) ;
#432 = VECTOR ( 'NONE', #498, 1000.000000000000000 ) ;
#433 = CARTESIAN_POINT ( 'NONE',  ( -11.00000000000000000, -16.00000000000000355, -55.02069142940469959 ) ) ;
#434 = DIRECTION ( 'NONE',  ( 0.000000000000000000, 0.000000000000000000, -1.000000000000000000 ) ) ;
#435 = DIRECTION ( 'NONE',  ( 1.000000000000000000, 0.000000000000000000, 0.000000000000000000 ) ) ;
#436 = CARTESIAN_POINT ( 'NONE',  ( 76.00000000000000000, 0.000000000000000000, -40.02069142940470670 ) ) ;
#437 = ORIENTED_EDGE ( 'NONE', *, *, #278, .F. ) ;
#438 = VERTEX_POINT ( 'NONE', #1668 ) ;
#439 = DIRECTION ( 'NONE',  ( -0.000000000000000000, -1.000000000000000000, -0.000000000000000000 ) ) ;
#440 = LINE ( 'NONE', #1608, #1871 ) ;
#441 = ORIENTED_EDGE ( 'NONE', *, *, #759, .T. ) ;
#442 = EDGE_CURVE ( 'NONE', #969, #1778, #519, .T. ) ;
#443 = DIRECTION ( 'NONE',  ( 0.000000000000000000, 0.000000000000000000, -1.000000000000000000 ) ) ;
#444 = DIRECTION ( 'NONE',  ( -1.000000000000000000, 0.000000000000000000, -0.000000000000000000 ) ) ;
#445 = DIRECTION ( 'NONE',  ( 0.000000000000000000, -1.000000000000000000, 0.000000000000000000 ) ) ;
#446 = ORIENTED_EDGE ( 'NONE', *, *, #1169, .T. ) ;
#447 = CARTESIAN_POINT ( 'NONE',  ( -25.48021415178936167, 2.000000000000001776, -51.02349987313248647 ) ) ;
#448 = CARTESIAN_POINT ( 'NONE',  ( -22.48021415178936167, 2.000000000000001776, -55.02069142940469959 ) ) ;
#449 = LINE ( 'NONE', #174, #1685 ) ;
#450 = ORIENTED_EDGE ( 'NONE', *, *, #442, .T. ) ;
#451 = EDGE_CURVE ( 'NONE', #761, #1660, #1491, .T. ) ;
#452 = DIRECTION ( 'NONE',  ( 1.000000000000000000, -0.000000000000000000, 0.000000000000000000 ) ) ;
#453 = ADVANCED_FACE ( 'NONE', ( #227 ), #101, .F. ) ;
#454 = VECTOR ( 'NONE', #1023, 1000.000000000000000 ) ;
#455 = LINE ( 'NONE', #901, #211 ) ;
#456 = CARTESIAN_POINT ( 'NONE',  ( 69.99999999999998579, 5.000000000000000000, -30.02069142940470314 ) ) ;
#457 = ORIENTED_EDGE ( 'NONE', *, *, #839, .F. ) ;
#458 = ORIENTED_EDGE ( 'NONE', *, *, #1409, .T. ) ;
#459 = APPROVAL_DATE_TIME ( #1794, #423 ) ;
#460 = CARTESIAN_POINT ( 'NONE',  ( 60.00000000000000000, 3.000000000000000000, -20.02069142940470314 ) ) ;
#462 = ORIENTED_EDGE ( 'NONE', *, *, #291, .T. ) ;
#461 = VECTOR ( 'NONE', #1487, 1000.000000000000000 ) ;
#463 = AXIS2_PLACEMENT_3D ( 'NONE', #1062, #914, #1189 ) ;
#464 = DIRECTION ( 'NONE',  ( -0.000000000000000000, -1.000000000000000000, -0.000000000000000000 ) ) ;
#465 = CARTESIAN_POINT ( 'NONE',  ( 69.99999999999998579, 3.000000000000000000, -30.02069142940470314 ) ) ;
#466 = AXIS2_PLACEMENT_3D ( 'NONE', #467, #771, #1167 ) ;
#467 = CARTESIAN_POINT ( 'NONE',  ( 95.00000000000000000, 3.000000000000000000, 0.000000000000000000 ) ) ;
#468 = EDGE_CURVE ( 'NONE', #1331, #494, #1564, .T. ) ;
#469 = DIRECTION ( 'NONE',  ( 0.000000000000000000, 0.000000000000000000, 1.000000000000000000 ) ) ;
#470 = CARTESIAN_POINT ( 'NONE',  ( 30.00000000000000000, 5.000000000000000000, -22.52069142940470670 ) ) ;
#471 = VERTEX_POINT ( 'NONE', #821 ) ;
#472 = ORIENTED_EDGE ( 'NONE', *, *, #1654, .T. ) ;
#473 = CARTESIAN_POINT ( 'NONE',  ( 69.99999999999998579, 3.000000000000000000, -32.52069142940471380 ) ) ;
#474 = DIRECTION ( 'NONE',  ( -0.000000000000000000, 1.000000000000000000, 0.000000000000000000 ) ) ;
#475 = ADVANCED_FACE ( 'NONE', ( #1415 ), #91, .F. ) ;
#476 = LINE ( 'NONE', #1080, #342 ) ;
#477 = VERTEX_POINT ( 'NONE', #1574 ) ;
#478 = ORIENTED_EDGE ( 'NONE', *, *, #1724, .F. ) ;
#479 = CARTESIAN_POINT ( 'NONE',  ( 49.99999999999999289, 5.000000000000000000, 0.000000000000000000 ) ) ;
#480 = VERTEX_POINT ( 'NONE', #1133 ) ;
#481 = FACE_OUTER_BOUND ( 'NONE', #903, .T. ) ;
#482 = DIRECTION ( 'NONE',  ( 0.000000000000000000, -1.000000000000000000, 0.000000000000000000 ) ) ;
#483 = CARTESIAN_POINT ( 'NONE',  ( -16.00000000000000000, 0.000000000000000000, -35.02069142940470670 ) ) ;
#484 = ADVANCED_FACE ( 'NONE', ( #1721 ), #1585, .T. ) ;
#485 = ORIENTED_EDGE ( 'NONE', *, *, #1354, .T. ) ;
#486 = EDGE_CURVE ( 'NONE', #1475, #1870, #1710, .T. ) ;
#487 = CYLINDRICAL_SURFACE ( 'NONE', #752, 1.250000000000001110 ) ;
#488 = CIRCLE ( 'NONE', #184, 3.000000000000002665 ) ;
#489 = AXIS2_PLACEMENT_3D ( 'NONE', #536, #1142, #1437 ) ;
#490 = CIRCLE ( 'NONE', #1832, 4.999999999999997335 ) ;
#491 = CARTESIAN_POINT ( 'NONE',  ( 0.000000000000000000, 8.000000000000000000, -40.02069142940470670 ) ) ;
#492 = ORIENTED_EDGE ( 'NONE', *, *, #634, .T. ) ;
#493 = CARTESIAN_POINT ( 'NONE',  ( 19.99999999999999645, 5.000000000000000000, -27.52069142940470314 ) ) ;
#494 = VERTEX_POINT ( 'NONE', #698 ) ;
#495 = CARTESIAN_POINT ( 'NONE',  ( -22.88018215910751252, -10.43165213518227574, -51.02349987313248647 ) ) ;
#496 = ADVANCED_FACE ( 'NONE', ( #688 ), #1286, .F. ) ;
#497 = DATE_AND_TIME ( #88, #1584 ) ;
#498 = DIRECTION ( 'NONE',  ( 0.000000000000000000, 0.000000000000000000, -1.000000000000000000 ) ) ;
#499 = ORIENTED_EDGE ( 'NONE', *, *, #1492, .T. ) ;
#500 = CARTESIAN_POINT ( 'NONE',  ( -11.00000000000000000, 5.000000000000000888, -55.02069142940469959 ) ) ;
#501 = ORIENTED_EDGE ( 'NONE', *, *, #242, .F. ) ;
#502 = FACE_OUTER_BOUND ( 'NONE', #1884, .T. ) ;
#503 = CYLINDRICAL_SURFACE ( 'NONE', #1070, 5.000000000000000888 ) ;
#504 = EDGE_CURVE ( 'NONE', #1526, #228, #110, .T. ) ;
#505 = EDGE_LOOP ( 'NONE', ( #1554, #577 ) ) ;
#506 = EDGE_CURVE ( 'NONE', #1014, #1240, #543, .T. ) ;
#507 =( LENGTH_UNIT ( ) NAMED_UNIT ( * ) SI_UNIT ( .MILLI., .METRE. ) );
#508 = CARTESIAN_POINT ( 'NONE',  ( 0.000000000000000000, 5.000000000000000000, 0.000000000000000000 ) ) ;
#509 = CARTESIAN_POINT ( 'NONE',  ( -21.63018215910740949, -0.9316521351822765196, -51.02349987313248647 ) ) ;
#510 = ORIENTED_EDGE ( 'NONE', *, *, #987, .T. ) ;
#511 = CARTESIAN_POINT ( 'NONE',  ( 10.00000000000000000, 0.000000000000000000, -49.99999999999999289 ) ) ;
#512 = VERTEX_POINT ( 'NONE', #952 ) ;
#513 = CIRCLE ( 'NONE', #1522, 2.500000000000002220 ) ;
#514 = FACE_OUTER_BOUND ( 'NONE', #691, .T. ) ;
#515 = DIRECTION ( 'NONE',  ( -0.000000000000000000, 1.000000000000000000, 0.000000000000000000 ) ) ;
#516 = CARTESIAN_POINT ( 'NONE',  ( 30.00000000000000000, 5.000000000000000000, -40.02069142940470670 ) ) ;
#517 = AXIS2_PLACEMENT_3D ( 'NONE', #590, #1618, #1467 ) ;
#518 = ORIENTED_EDGE ( 'NONE', *, *, #839, .T. ) ;
#519 = CIRCLE ( 'NONE', #157, 10.00000000000000000 ) ;
#520 = FACE_BOUND ( 'NONE', #505, .T. ) ;
#521 = AXIS2_PLACEMENT_3D ( 'NONE', #456, #1777, #732 ) ;
#522 = APPROVAL_ROLE ( '' ) ;
#523 = VERTEX_POINT ( 'NONE', #1393 ) ;
#524 = ADVANCED_FACE ( 'NONE', ( #1612 ), #860, .T. ) ;
#525 = AXIS2_PLACEMENT_3D ( 'NONE', #24, #11, #593 ) ;
#526 = DIRECTION ( 'NONE',  ( -1.000000000000000000, 0.000000000000000000, -0.000000000000000000 ) ) ;
#527 = PLANE ( 'NONE',  #557 ) ;
#528 = VECTOR ( 'NONE', #1428, 1000.000000000000000 ) ;
#529 = ORIENTED_EDGE ( 'NONE', *, *, #1888, .F. ) ;
#530 = DIRECTION ( 'NONE',  ( 0.000000000000000000, 0.000000000000000000, -1.000000000000000000 ) ) ;
#531 = LINE ( 'NONE', #405, #1597 ) ;
#532 = ORIENTED_EDGE ( 'NONE', *, *, #1720, .F. ) ;
#533 = CARTESIAN_POINT ( 'NONE',  ( 30.00000000000000000, 0.000000000000000000, -22.52069142940470670 ) ) ;
#534 = ORIENTED_EDGE ( 'NONE', *, *, #138, .F. ) ;
#535 = EDGE_CURVE ( 'NONE', #1778, #1595, #117, .T. ) ;
#536 = CARTESIAN_POINT ( 'NONE',  ( 60.00000000000000000, 5.000000000000000000, 0.000000000000000000 ) ) ;
#537 = DIRECTION ( 'NONE',  ( 0.000000000000000000, 0.000000000000000000, 1.000000000000000000 ) ) ;
#538 = ORIENTED_EDGE ( 'NONE', *, *, #1492, .F. ) ;
#539 = DIRECTION ( 'NONE',  ( 1.000000000000000000, 0.000000000000000000, -0.000000000000000000 ) ) ;
#540 = CARTESIAN_POINT ( 'NONE',  ( -10.00000000000000000, 0.000000000000000000, -27.52069142940468893 ) ) ;
#541 = EDGE_LOOP ( 'NONE', ( #457, #1120, #1112, #1164 ) ) ;
#542 = ORIENTED_EDGE ( 'NONE', *, *, #1327, .F. ) ;
#543 = LINE ( 'NONE', #1150, #1277 ) ;
#544 = DIRECTION ( 'NONE',  ( 0.000000000000000000, -0.000000000000000000, 1.000000000000000000 ) ) ;
#545 = DIRECTION ( 'NONE',  ( 0.000000000000000000, 0.000000000000000000, -1.000000000000000000 ) ) ;
#546 = EDGE_LOOP ( 'NONE', ( #1138, #1075, #1786, #630, #1069, #587, #112, #1503 ) ) ;
#547 = CARTESIAN_POINT ( 'NONE',  ( -25.48021415178936167, -13.00000000000000533, -51.02349987313248647 ) ) ;
#548 = CARTESIAN_POINT ( 'NONE',  ( 40.00000000000000000, 0.000000000000000000, -32.52069142940470670 ) ) ;
#549 = ADVANCED_FACE ( 'NONE', ( #286 ), #1463, .T. ) ;
#550 = LINE ( 'NONE', #1819, #1623 ) ;
#551 = VERTEX_POINT ( 'NONE', #1451 ) ;
#552 = CIRCLE ( 'NONE', #1059, 2.500000000000002220 ) ;
#553 = ADVANCED_BREP_SHAPE_REPRESENTATION ( 'S.1', ( #858, #1215 ), #639 ) ;
#554 = AXIS2_PLACEMENT_3D ( 'NONE', #152, #1162, #141 ) ;
#555 = VECTOR ( 'NONE', #1199, 1000.000000000000000 ) ;
#556 = DIRECTION ( 'NONE',  ( 0.000000000000000000, 0.000000000000000000, -1.000000000000000000 ) ) ;
#558 = ORIENTED_EDGE ( 'NONE', *, *, #1912, .T. ) ;
#557 = AXIS2_PLACEMENT_3D ( 'NONE', #1099, #576, #133 ) ;
#559 = AXIS2_PLACEMENT_3D ( 'NONE', #1662, #1826, #946 ) ;
#560 = DIRECTION ( 'NONE',  ( -0.000000000000000000, -0.000000000000000000, 1.000000000000000000 ) ) ;
#561 = CARTESIAN_POINT ( 'NONE',  ( 40.00000000000000000, 0.000000000000000000, -30.02069142940470314 ) ) ;
#562 = EDGE_CURVE ( 'NONE', #1148, #27, #277, .T. ) ;
#563 = LINE ( 'NONE', #1010, #644 ) ;
#564 = EDGE_CURVE ( 'NONE', #1084, #617, #398, .T. ) ;
#565 = CARTESIAN_POINT ( 'NONE',  ( 0.000000000000000000, 0.000000000000000000, 0.000000000000000000 ) ) ;
#566 = CARTESIAN_POINT ( 'NONE',  ( 30.00000000000000000, 5.000000000000000000, -40.02069142940470670 ) ) ;
#567 = DIRECTION ( 'NONE',  ( -0.000000000000000000, -0.000000000000000000, -1.000000000000000000 ) ) ;
#568 = ORIENTED_EDGE ( 'NONE', *, *, #442, .F. ) ;
#569 = CARTESIAN_POINT ( 'NONE',  ( -22.48021415178936167, 5.000000000000000888, -0.000000000000000000 ) ) ;
#570 = CARTESIAN_POINT ( 'NONE',  ( 0.000000000000000000, 3.000000000000000000, 0.000000000000000000 ) ) ;
#571 = DIRECTION ( 'NONE',  ( -0.000000000000000000, 1.000000000000000000, -0.000000000000000000 ) ) ;
#572 = LINE ( 'NONE', #1184, #641 ) ;
#573 = ADVANCED_FACE ( 'NONE', ( #424 ), #1013, .F. ) ;
#574 = EDGE_CURVE ( 'NONE', #523, #1201, #779, .T. ) ;
#575 = CARTESIAN_POINT ( 'NONE',  ( 0.000000000000000000, 0.000000000000000000, -40.02069142940470670 ) ) ;
#576 = DIRECTION ( 'NONE',  ( -1.000000000000000000, 0.000000000000000000, 0.000000000000000000 ) ) ;
#577 = ORIENTED_EDGE ( 'NONE', *, *, #451, .T. ) ;
#578 = LINE ( 'NONE', #1638, #1523 ) ;
#579 = CARTESIAN_POINT ( 'NONE',  ( 30.00000000000000000, 3.000000000000000000, -22.52069142940470670 ) ) ;
#580 = DIRECTION ( 'NONE',  ( 0.000000000000000000, 0.000000000000000000, 1.000000000000000000 ) ) ;
#581 = VERTEX_POINT ( 'NONE', #1905 ) ;
#582 = AXIS2_PLACEMENT_3D ( 'NONE', #1016, #601, #1183 ) ;
#583 = AXIS2_PLACEMENT_3D ( 'NONE', #1154, #1569, #539 ) ;
#584 = CYLINDRICAL_SURFACE ( 'NONE', #1652, 2.500000000000002220 ) ;
#585 = ADVANCED_FACE ( 'NONE', ( #715 ), #1598, .F. ) ;
#586 = CYLINDRICAL_SURFACE ( 'NONE', #521, 2.500000000000005773 ) ;
#587 = ORIENTED_EDGE ( 'NONE', *, *, #1799, .T. ) ;
#588 = EDGE_LOOP ( 'NONE', ( #1550, #1209, #1683, #1358 ) ) ;
#589 = VECTOR ( 'NONE', #435, 1000.000000000000000 ) ;
#590 = CARTESIAN_POINT ( 'NONE',  ( -22.88018215910751252, -10.43165213518227574, -55.02069142940469959 ) ) ;
#591 = VECTOR ( 'NONE', #985, 1000.000000000000000 ) ;
#592 = AXIS2_PLACEMENT_3D ( 'NONE', #1446, #1878, #537 ) ;
#593 = DIRECTION ( 'NONE',  ( -1.000000000000000000, 0.000000000000000000, 0.000000000000000000 ) ) ;
#594 = CIRCLE ( 'NONE', #1688, 2.999999999999999112 ) ;
#595 = DIRECTION ( 'NONE',  ( 0.000000000000000000, 0.000000000000000000, 1.000000000000000000 ) ) ;
#596 = LINE ( 'NONE', #470, #1028 ) ;
#597 = ORIENTED_EDGE ( 'NONE', *, *, #1177, .F. ) ;
#598 = ORIENTED_EDGE ( 'NONE', *, *, #256, .T. ) ;
#599 = EDGE_CURVE ( 'NONE', #969, #1201, #1178, .T. ) ;
#600 = LINE ( 'NONE', #569, #1335 ) ;
#601 = DIRECTION ( 'NONE',  ( 1.000000000000000000, 0.000000000000000000, 0.000000000000000000 ) ) ;
#602 = ORIENTED_EDGE ( 'NONE', *, *, #1102, .T. ) ;
#603 = CARTESIAN_POINT ( 'NONE',  ( 0.000000000000000000, 5.000000000000000000, -40.02069142940470670 ) ) ;
#604 = CARTESIAN_POINT ( 'NONE',  ( 0.000000000000000000, 5.000000000000000888, -51.02349987313248647 ) ) ;
#605 = LINE ( 'NONE', #52, #1186 ) ;
#606 = CARTESIAN_POINT ( 'NONE',  ( 49.99999999999999289, 3.000000000000000000, -10.00000000000000000 ) ) ;
#607 = ORIENTED_EDGE ( 'NONE', *, *, #1144, .F. ) ;
#608 = ORIENTED_EDGE ( 'NONE', *, *, #1295, .F. ) ;
#609 = COORDINATED_UNIVERSAL_TIME_OFFSET ( 7, 0, .AHEAD. ) ;
#610 = DIRECTION ( 'NONE',  ( -0.000000000000000000, -0.000000000000000000, 1.000000000000000000 ) ) ;
#611 = ORIENTED_EDGE ( 'NONE', *, *, #1227, .F. ) ;
#612 = CARTESIAN_POINT ( 'NONE',  ( 30.00000000000000000, 3.000000000000000000, -27.52069142940469959 ) ) ;
#613 = ADVANCED_FACE ( 'NONE', ( #1018 ), #1329, .F. ) ;
#614 = LINE ( 'NONE', #168, #647 ) ;
#615 = LINE ( 'NONE', #1219, #1337 ) ;
#616 = EDGE_LOOP ( 'NONE', ( #374, #765, #1097, #1031, #1606, #292 ) ) ;
#617 = VERTEX_POINT ( 'NONE', #1029 ) ;
#618 = CIRCLE ( 'NONE', #963, 2.500000000000002220 ) ;
#619 = DIRECTION ( 'NONE',  ( -0.000000000000000000, 1.000000000000000000, -0.000000000000000000 ) ) ;
#620 = APPLICATION_PROTOCOL_DEFINITION ( 'international standard', 'config_control_design', 1994, #1170 ) ;
#622 = ORIENTED_EDGE ( 'NONE', *, *, #185, .F. ) ;
#621 = AXIS2_PLACEMENT_3D ( 'NONE', #1118, #1711, #844 ) ;
#623 = AXIS2_PLACEMENT_3D ( 'NONE', #1874, #245, #841 ) ;
#624 = DIRECTION ( 'NONE',  ( 0.000000000000000000, 0.000000000000000000, 1.000000000000000000 ) ) ;
#625 = VECTOR ( 'NONE', #139, 1000.000000000000000 ) ;
#626 = ADVANCED_FACE ( 'NONE', ( #132 ), #880, .T. ) ;
#627 = DIRECTION ( 'NONE',  ( 1.000000000000000000, 0.000000000000000000, 0.000000000000000000 ) ) ;
#628 = VERTEX_POINT ( 'NONE', #575 ) ;
#629 = VERTEX_POINT ( 'NONE', #1483 ) ;
#630 = ORIENTED_EDGE ( 'NONE', *, *, #1568, .T. ) ;
#631 = ADVANCED_FACE ( 'NONE', ( #3 ), #584, .F. ) ;
#632 = CARTESIAN_POINT ( 'NONE',  ( 30.00000000000000000, 3.000000000000000000, -40.02069142940470670 ) ) ;
#633 = ORIENTED_EDGE ( 'NONE', *, *, #43, .T. ) ;
#634 = EDGE_CURVE ( 'NONE', #1887, #1507, #1027, .T. ) ;
#635 = ORIENTED_EDGE ( 'NONE', *, *, #1227, .T. ) ;
#636 = DIRECTION ( 'NONE',  ( -0.000000000000000000, -1.000000000000000000, -0.000000000000000000 ) ) ;
#637 = PLANE ( 'NONE',  #314 ) ;
#638 = ORIENTED_EDGE ( 'NONE', *, *, #785, .F. ) ;
#639 =( GEOMETRIC_REPRESENTATION_CONTEXT ( 3 ) GLOBAL_UNCERTAINTY_ASSIGNED_CONTEXT ( ( #1637 ) ) GLOBAL_UNIT_ASSIGNED_CONTEXT ( ( #507, #1389, #650 ) ) REPRESENTATION_CONTEXT ( 'NONE', 'WORKASPACE' ) );
#640 = EDGE_CURVE ( 'NONE', #993, #1563, #889, .T. ) ;
#641 = VECTOR ( 'NONE', #712, 1000.000000000000000 ) ;
#642 = LINE ( 'NONE', #944, #1798 ) ;
#643 = ORIENTED_EDGE ( 'NONE', *, *, #1902, .T. ) ;
#644 = VECTOR ( 'NONE', #1632, 1000.000000000000000 ) ;
#645 = PLANE ( 'NONE',  #559 ) ;
#646 = CIRCLE ( 'NONE', #1216, 2.499999999999998668 ) ;
#647 = VECTOR ( 'NONE', #196, 1000.000000000000000 ) ;
#648 = AXIS2_PLACEMENT_3D ( 'NONE', #516, #1398, #674 ) ;
#649 = CYLINDRICAL_SURFACE ( 'NONE', #1714, 10.00000000000000000 ) ;
#650 =( NAMED_UNIT ( * ) SI_UNIT ( $, .STERADIAN. ) SOLID_ANGLE_UNIT ( ) );
#651 = DIRECTION ( 'NONE',  ( -0.000000000000000000, -0.000000000000000000, 1.000000000000000000 ) ) ;
#652 = ORIENTED_EDGE ( 'NONE', *, *, #1295, .T. ) ;
#653 = CARTESIAN_POINT ( 'NONE',  ( -16.00000000000000000, 0.000000000000000000, -40.02069142940470670 ) ) ;
#654 = ORIENTED_EDGE ( 'NONE', *, *, #1902, .F. ) ;
#655 = EDGE_CURVE ( 'NONE', #936, #1545, #852, .T. ) ;
#656 = DIRECTION ( 'NONE',  ( -0.000000000000000000, 0.000000000000000000, -1.000000000000000000 ) ) ;
#657 = CARTESIAN_POINT ( 'NONE',  ( -21.63018215910751252, -10.43165213518227574, -55.02069142940469959 ) ) ;
#658 = EDGE_CURVE ( 'NONE', #1526, #1048, #605, .T. ) ;
#659 = ORIENTED_EDGE ( 'NONE', *, *, #877, .F. ) ;
#660 = CARTESIAN_POINT ( 'NONE',  ( 95.00000000000000000, 3.000000000000000000, 0.000000000000000000 ) ) ;
#661 = PLANE ( 'NONE',  #1003 ) ;
#662 = ORIENTED_EDGE ( 'NONE', *, *, #31, .F. ) ;
#663 = CARTESIAN_POINT ( 'NONE',  ( 10.00000000000000000, 5.000000000000000000, -60.00000000000000000 ) ) ;
#664 = CARTESIAN_POINT ( 'NONE',  ( 9.999999999999994671, 3.000000000000000000, 0.000000000000000000 ) ) ;
#665 = EDGE_LOOP ( 'NONE', ( #1856, #1728, #1843, #78 ) ) ;
#666 = DIRECTION ( 'NONE',  ( 0.000000000000000000, -1.000000000000000000, 0.000000000000000000 ) ) ;
#667 = DIRECTION ( 'NONE',  ( 0.000000000000000000, 0.000000000000000000, 1.000000000000000000 ) ) ;
#668 = EDGE_CURVE ( 'NONE', #1636, #1385, #341, .T. ) ;
#669 = ORIENTED_EDGE ( 'NONE', *, *, #1641, .T. ) ;
#670 = FACE_BOUND ( 'NONE', #35, .T. ) ;
#671 = APPROVAL_DATE_TIME ( #360, #925 ) ;
#672 = VERTEX_POINT ( 'NONE', #344 ) ;
#673 = CARTESIAN_POINT ( 'NONE',  ( 0.000000000000000000, 5.000000000000000000, 0.000000000000000000 ) ) ;
#674 = DIRECTION ( 'NONE',  ( 0.000000000000000000, 0.000000000000000000, -1.000000000000000000 ) ) ;
#675 = ORIENTED_EDGE ( 'NONE', *, *, #486, .T. ) ;
#676 = PRODUCT_DEFINITION_FORMATION_WITH_SPECIFIED_SOURCE ( 'ANY', '', #169, .NOT_KNOWN. ) ;
#677 = FACE_BOUND ( 'NONE', #49, .T. ) ;
#678 = LINE ( 'NONE', #1442, #284 ) ;
#679 = EDGE_LOOP ( 'NONE', ( #122, #259, #958, #1414 ) ) ;
#680 = AXIS2_PLACEMENT_3D ( 'NONE', #410, #430, #1897 ) ;
#681 = ORIENTED_EDGE ( 'NONE', *, *, #1802, .F. ) ;
#682 = AXIS2_PLACEMENT_3D ( 'NONE', #1338, #1749, #408 ) ;
#683 = ADVANCED_FACE ( 'NONE', ( #1821 ), #160, .F. ) ;
#684 = VECTOR ( 'NONE', #787, 1000.000000000000000 ) ;
#685 = FACE_OUTER_BOUND ( 'NONE', #1769, .T. ) ;
#686 = ORIENTED_EDGE ( 'NONE', *, *, #1193, .F. ) ;
#687 = AXIS2_PLACEMENT_3D ( 'NONE', #896, #1056, #1319 ) ;
#688 = FACE_OUTER_BOUND ( 'NONE', #979, .T. ) ;
#689 = CIRCLE ( 'NONE', #1371, 2.499999999999998668 ) ;
#690 = DIRECTION ( 'NONE',  ( 0.000000000000000000, -1.000000000000000000, 0.000000000000000000 ) ) ;
#691 = EDGE_LOOP ( 'NONE', ( #402, #976, #1172, #1377 ) ) ;
#692 = DIRECTION ( 'NONE',  ( -0.000000000000000000, -1.000000000000000000, -0.000000000000000000 ) ) ;
#693 = DIRECTION ( 'NONE',  ( -1.000000000000000000, 0.000000000000000000, 0.000000000000000000 ) ) ;
#694 = VERTEX_POINT ( 'NONE', #1504 ) ;
#695 = SHAPE_DEFINITION_REPRESENTATION ( #1800, #553 ) ;
#696 = ADVANCED_FACE ( 'NONE', ( #1072 ), #317, .F. ) ;
#697 = ORIENTED_EDGE ( 'NONE', *, *, #394, .F. ) ;
#698 = CARTESIAN_POINT ( 'NONE',  ( -11.00000000000000000, 8.000000000000000000, -52.02069142940469959 ) ) ;
#699 = EDGE_CURVE ( 'NONE', #1139, #628, #326, .T. ) ;
#700 = CARTESIAN_POINT ( 'NONE',  ( -11.00000000000000000, 3.000000000000000000, -35.02069142940470670 ) ) ;
#701 = VERTEX_POINT ( 'NONE', #1355 ) ;
#702 = PLANE ( 'NONE',  #583 ) ;
#703 = DIRECTION ( 'NONE',  ( 0.000000000000000000, 1.000000000000000000, 0.000000000000000000 ) ) ;
#704 = DIRECTION ( 'NONE',  ( -0.000000000000000000, 0.000000000000000000, 1.000000000000000000 ) ) ;
#705 = CARTESIAN_POINT ( 'NONE',  ( 69.99999999999998579, 5.000000000000000000, -30.02069142940470314 ) ) ;
#706 = LINE ( 'NONE', #1304, #1867 ) ;
#707 = EDGE_LOOP ( 'NONE', ( #659, #54, #1190, #207 ) ) ;
#708 = EDGE_CURVE ( 'NONE', #617, #1545, #1206, .T. ) ;
#709 = DIRECTION ( 'NONE',  ( -0.000000000000000000, -1.000000000000000000, -0.000000000000000000 ) ) ;
#710 = DIRECTION ( 'NONE',  ( 0.000000000000000000, 0.000000000000000000, -1.000000000000000000 ) ) ;
#711 = AXIS2_PLACEMENT_3D ( 'NONE', #1639, #727, #1324 ) ;
#712 = DIRECTION ( 'NONE',  ( -0.000000000000000000, 1.000000000000000000, 0.000000000000000000 ) ) ;
#713 = VECTOR ( 'NONE', #1066, 1000.000000000000000 ) ;
#714 = CIRCLE ( 'NONE', #1622, 10.00000000000000178 ) ;
#715 = FACE_OUTER_BOUND ( 'NONE', #1278, .T. ) ;
#716 = DIRECTION ( 'NONE',  ( 1.000000000000000000, 0.000000000000000000, -0.000000000000000000 ) ) ;
#718 = ORIENTED_EDGE ( 'NONE', *, *, #1875, .F. ) ;
#717 = AXIS2_PLACEMENT_3D ( 'NONE', #887, #452, #1650 ) ;
#719 = CARTESIAN_POINT ( 'NONE',  ( 30.00000000000000000, 0.000000000000000000, -17.52069142940469959 ) ) ;
#720 = CARTESIAN_POINT ( 'NONE',  ( 71.00000000000000000, 3.000000000000000000, -25.02069142940470314 ) ) ;
#721 = EDGE_CURVE ( 'NONE', #1907, #1044, #931, .T. ) ;
#722 = DIRECTION ( 'NONE',  ( 1.000000000000000000, 0.000000000000000000, 0.000000000000000000 ) ) ;
#723 = DIRECTION ( 'NONE',  ( 0.000000000000000000, 0.000000000000000000, -1.000000000000000000 ) ) ;
#724 = ORIENTED_EDGE ( 'NONE', *, *, #264, .F. ) ;
#725 = ORIENTED_EDGE ( 'NONE', *, *, #486, .F. ) ;
#726 = CYLINDRICAL_SURFACE ( 'NONE', #680, 2.500000000000002220 ) ;
#727 = DIRECTION ( 'NONE',  ( 1.000000000000000000, -0.000000000000000000, 0.000000000000000000 ) ) ;
#728 = CARTESIAN_POINT ( 'NONE',  ( -11.00000000000000000, 3.000000000000000000, -20.02069142940469959 ) ) ;
#729 = FACE_BOUND ( 'NONE', #1723, .T. ) ;
#730 = EDGE_CURVE ( 'NONE', #1307, #1526, #912, .T. ) ;
#731 = DIRECTION ( 'NONE',  ( 0.000000000000000000, -1.000000000000000000, 0.000000000000000000 ) ) ;
#732 = DIRECTION ( 'NONE',  ( 0.000000000000000000, 0.000000000000000000, -1.000000000000000000 ) ) ;
#733 = VERTEX_POINT ( 'NONE', #176 ) ;
#734 = EDGE_LOOP ( 'NONE', ( #1542, #1581, #568, #662 ) ) ;
#735 = CARTESIAN_POINT ( 'NONE',  ( 30.00000000000000000, 5.000000000000000000, -42.52069142940470670 ) ) ;
#736 = DIRECTION ( 'NONE',  ( 0.000000000000000000, 0.000000000000000000, -1.000000000000000000 ) ) ;
#737 = DIRECTION ( 'NONE',  ( 0.000000000000000000, 0.000000000000000000, -1.000000000000000000 ) ) ;
#738 = ORIENTED_EDGE ( 'NONE', *, *, #1838, .F. ) ;
#739 = PERSON ( 'UNSPECIFIED', 'UNSPECIFIED', 'UNSPECIFIED', ('UNSPECIFIED'), ('UNSPECIFIED'), ('UNSPECIFIED') ) ;
#740 = FACE_OUTER_BOUND ( 'NONE', #707, .T. ) ;
#741 = ADVANCED_FACE ( 'NONE', ( #941 ), #334, .F. ) ;
#742 = AXIS2_PLACEMENT_3D ( 'NONE', #1477, #1036, #155 ) ;
#743 = CARTESIAN_POINT ( 'NONE',  ( 10.00000000000000000, 5.000000000000000000, -49.99999999999999289 ) ) ;
#744 = DIRECTION ( 'NONE',  ( -1.000000000000000000, 0.000000000000000000, 0.000000000000000000 ) ) ;
#745 = VERTEX_POINT ( 'NONE', #33 ) ;
#746 = EDGE_CURVE ( 'NONE', #1192, #1100, #1790, .T. ) ;
#747 = ORIENTED_EDGE ( 'NONE', *, *, #15, .F. ) ;
#748 = VECTOR ( 'NONE', #792, 1000.000000000000000 ) ;
#749 = DIRECTION ( 'NONE',  ( -1.000000000000000000, 0.000000000000000000, 0.000000000000000000 ) ) ;
#750 = AXIS2_PLACEMENT_3D ( 'NONE', #26, #1474, #1805 ) ;
#751 = ORIENTED_EDGE ( 'NONE', *, *, #1580, .T. ) ;
#752 = AXIS2_PLACEMENT_3D ( 'NONE', #1372, #1101, #175 ) ;
#753 = DIRECTION ( 'NONE',  ( -1.000000000000000000, 0.000000000000000000, 0.000000000000000000 ) ) ;
#754 = AXIS2_PLACEMENT_3D ( 'NONE', #1078, #1671, #222 ) ;
#755 = LINE ( 'NONE', #1364, #1222 ) ;
#756 = DIRECTION ( 'NONE',  ( -0.000000000000000000, -0.000000000000000000, 1.000000000000000000 ) ) ;
#757 = EDGE_LOOP ( 'NONE', ( #1760, #192, #758, #1053 ) ) ;
#758 = ORIENTED_EDGE ( 'NONE', *, *, #340, .T. ) ;
#759 = EDGE_CURVE ( 'NONE', #993, #672, #455, .T. ) ;
#760 = PERSON_AND_ORGANIZATION_ROLE ( 'creator' ) ;
#761 = VERTEX_POINT ( 'NONE', #921 ) ;
#762 = DIRECTION ( 'NONE',  ( 0.000000000000000000, 0.000000000000000000, -1.000000000000000000 ) ) ;
#763 = CARTESIAN_POINT ( 'NONE',  ( 0.000000000000000000, 8.000000000000000000, -40.02069142940470670 ) ) ;
#764 = ORIENTED_EDGE ( 'NONE', *, *, #75, .T. ) ;
#765 = ORIENTED_EDGE ( 'NONE', *, *, #1113, .T. ) ;
#766 = CARTESIAN_POINT ( 'NONE',  ( 0.000000000000000000, 0.000000000000000000, -20.02069142940469959 ) ) ;
#767 = ORIENTED_EDGE ( 'NONE', *, *, #1235, .T. ) ;
#768 = EDGE_CURVE ( 'NONE', #1367, #1257, #1774, .T. ) ;
#769 = CYLINDRICAL_SURFACE ( 'NONE', #843, 3.000000000000002665 ) ;
#770 = EDGE_CURVE ( 'NONE', #1660, #1433, #755, .T. ) ;
#771 = DIRECTION ( 'NONE',  ( 0.000000000000000000, -1.000000000000000000, 0.000000000000000000 ) ) ;
#772 = AXIS2_PLACEMENT_3D ( 'NONE', #309, #1898, #411 ) ;
#773 = DIRECTION ( 'NONE',  ( 0.000000000000000000, 0.000000000000000000, -1.000000000000000000 ) ) ;
#774 = CARTESIAN_POINT ( 'NONE',  ( 30.00000000000000000, 3.000000000000000000, -30.02069142940470314 ) ) ;
#775 = ORIENTED_EDGE ( 'NONE', *, *, #1642, .T. ) ;
#776 = ORIENTED_EDGE ( 'NONE', *, *, #1603, .F. ) ;
#777 = VECTOR ( 'NONE', #439, 1000.000000000000000 ) ;
#778 = DIRECTION ( 'NONE',  ( 0.000000000000000000, 1.000000000000000000, 0.000000000000000000 ) ) ;
#780 = ORIENTED_EDGE ( 'NONE', *, *, #1156, .F. ) ;
#779 = CIRCLE ( 'NONE', #905, 10.00000000000000000 ) ;
#781 = VECTOR ( 'NONE', #1088, 1000.000000000000000 ) ;
#782 = CC_DESIGN_DATE_AND_TIME_ASSIGNMENT ( #1401, #1572, ( #930 ) ) ;
#783 = FACE_BOUND ( 'NONE', #895, .T. ) ;
#784 = VECTOR ( 'NONE', #1039, 1000.000000000000000 ) ;
#785 = EDGE_CURVE ( 'NONE', #305, #802, #614, .T. ) ;
#786 = CARTESIAN_POINT ( 'NONE',  ( 0.000000000000000000, 0.000000000000000000, 0.000000000000000000 ) ) ;
#787 = DIRECTION ( 'NONE',  ( -0.000000000000000000, -0.000000000000000000, -1.000000000000000000 ) ) ;
#788 = ORIENTED_EDGE ( 'NONE', *, *, #1531, .T. ) ;
#789 = ORIENTED_EDGE ( 'NONE', *, *, #1838, .T. ) ;
#790 = LINE ( 'NONE', #349, #845 ) ;
#791 = ADVANCED_FACE ( 'NONE', ( #1380 ), #1514, .F. ) ;
#792 = DIRECTION ( 'NONE',  ( -0.000000000000000000, -1.000000000000000000, -0.000000000000000000 ) ) ;
#793 = CARTESIAN_POINT ( 'NONE',  ( 0.000000000000000000, 3.000000000000000000, -40.02069142940470670 ) ) ;
#794 = ORIENTED_EDGE ( 'NONE', *, *, #1327, .T. ) ;
#795 = ORIENTED_EDGE ( 'NONE', *, *, #721, .T. ) ;
#796 = PERSON_AND_ORGANIZATION ( #739, #1271 ) ;
#797 = LINE ( 'NONE', #372, #71 ) ;
#798 = ADVANCED_FACE ( 'NONE', ( #1643 ), #1218, .F. ) ;
#799 = EDGE_LOOP ( 'NONE', ( #996, #395, #1616, #607 ) ) ;
#800 = CC_DESIGN_APPROVAL ( #925, ( #676 ) ) ;
#801 = ADVANCED_FACE ( 'NONE', ( #685 ), #1259, .F. ) ;
#802 = VERTEX_POINT ( 'NONE', #68 ) ;
#803 = AXIS2_PLACEMENT_3D ( 'NONE', #1787, #1323, #279 ) ;
#804 = CIRCLE ( 'NONE', #280, 1.250000000000001110 ) ;
#805 = CIRCLE ( 'NONE', #592, 3.000000000000002665 ) ;
#806 = EDGE_LOOP ( 'NONE', ( #675, #1879 ) ) ;
#807 = AXIS2_PLACEMENT_3D ( 'NONE', #1601, #121, #386 ) ;
#808 = COORDINATED_UNIVERSAL_TIME_OFFSET ( 7, 0, .AHEAD. ) ;
#809 = DIRECTION ( 'NONE',  ( 1.000000000000000000, 0.000000000000000000, 0.000000000000000000 ) ) ;
#810 = VERTEX_POINT ( 'NONE', #234 ) ;
#811 = ORIENTED_EDGE ( 'NONE', *, *, #1455, .T. ) ;
#812 = EDGE_CURVE ( 'NONE', #1331, #1014, #1130, .T. ) ;
#813 = DIRECTION ( 'NONE',  ( 0.000000000000000000, 1.000000000000000000, 0.000000000000000000 ) ) ;
#814 = DIRECTION ( 'NONE',  ( -1.000000000000000000, 0.000000000000000000, 0.000000000000000000 ) ) ;
#815 = LINE ( 'NONE', #433, #784 ) ;
#816 = ORIENTED_EDGE ( 'NONE', *, *, #373, .T. ) ;
#817 = PERSON_AND_ORGANIZATION ( #739, #1271 ) ;
#818 = DIRECTION ( 'NONE',  ( -1.000000000000000000, 0.000000000000000000, 0.000000000000000000 ) ) ;
#819 = CARTESIAN_POINT ( 'NONE',  ( 49.99999999999999289, 5.000000000000000000, -10.00000000000000000 ) ) ;
#820 = VERTEX_POINT ( 'NONE', #533 ) ;
#821 = CARTESIAN_POINT ( 'NONE',  ( 76.00000000000000000, 3.000000000000000000, -25.02069142940470314 ) ) ;
#822 = ORIENTED_EDGE ( 'NONE', *, *, #1298, .F. ) ;
#823 = DIRECTION ( 'NONE',  ( -1.982541115402065110E-16, 0.000000000000000000, 1.000000000000000000 ) ) ;
#824 = CARTESIAN_POINT ( 'NONE',  ( 0.000000000000000000, 0.000000000000000000, -10.00000000000000000 ) ) ;
#825 = EDGE_CURVE ( 'NONE', #1563, #551, #1106, .T. ) ;
#826 = VERTEX_POINT ( 'NONE', #1140 ) ;
#827 = CARTESIAN_POINT ( 'NONE',  ( 49.99999999999999289, 3.000000000000000000, -49.99999999999999289 ) ) ;
#828 = EDGE_LOOP ( 'NONE', ( #319, #991, #974, #1701 ) ) ;
#829 = DIRECTION ( 'NONE',  ( 0.000000000000000000, 1.000000000000000000, 0.000000000000000000 ) ) ;
#830 = DIRECTION ( 'NONE',  ( -0.000000000000000000, 1.000000000000000000, -0.000000000000000000 ) ) ;
#831 = ORIENTED_EDGE ( 'NONE', *, *, #256, .F. ) ;
#832 = APPROVAL_PERSON_ORGANIZATION ( #796, #1611, #1223 ) ;
#833 = CYLINDRICAL_SURFACE ( 'NONE', #868, 2.500000000000002220 ) ;
#834 = CARTESIAN_POINT ( 'NONE',  ( 30.00000000000000000, 3.000000000000000000, -20.02069142940470314 ) ) ;
#835 = ADVANCED_FACE ( 'NONE', ( #1859 ), #637, .F. ) ;
#836 = DIRECTION ( 'NONE',  ( 0.000000000000000000, 0.000000000000000000, -1.000000000000000000 ) ) ;
#837 = ORIENTED_EDGE ( 'NONE', *, *, #938, .F. ) ;
#838 = AXIS2_PLACEMENT_3D ( 'NONE', #632, #1494, #189 ) ;
#839 = EDGE_CURVE ( 'NONE', #694, #1400, #1899, .T. ) ;
#840 = CIRCLE ( 'NONE', #939, 4.999999999999997335 ) ;
#841 = DIRECTION ( 'NONE',  ( 0.000000000000000000, 0.000000000000000000, 1.000000000000000000 ) ) ;
#842 = ORIENTED_EDGE ( 'NONE', *, *, #407, .F. ) ;
#843 = AXIS2_PLACEMENT_3D ( 'NONE', #333, #1378, #1085 ) ;
#844 = DIRECTION ( 'NONE',  ( 0.000000000000000000, 0.000000000000000000, 1.000000000000000000 ) ) ;
#845 = VECTOR ( 'NONE', #1386, 1000.000000000000000 ) ;
#846 = ORIENTED_EDGE ( 'NONE', *, *, #1617, .T. ) ;
#847 = FACE_BOUND ( 'NONE', #397, .T. ) ;
#848 = DIRECTION ( 'NONE',  ( 0.000000000000000000, -1.000000000000000000, 0.000000000000000000 ) ) ;
#849 = CARTESIAN_POINT ( 'NONE',  ( -22.48021415178936167, 2.000000000000001776, -51.02349987313248647 ) ) ;
#850 = CARTESIAN_POINT ( 'NONE',  ( 0.000000000000000000, 5.000000000000000888, -40.02069142940470670 ) ) ;
#851 = EDGE_CURVE ( 'NONE', #1307, #55, #1422, .T. ) ;
#852 = LINE ( 'NONE', #1444, #100 ) ;
#853 = CARTESIAN_POINT ( 'NONE',  ( 0.000000000000000000, 3.000000000000000000, -60.00000000000000000 ) ) ;
#854 = EDGE_LOOP ( 'NONE', ( #1353, #210, #1841, #1348 ) ) ;
#855 = LINE ( 'NONE', #252, #1458 ) ;
#856 = CARTESIAN_POINT ( 'NONE',  ( 60.00000000000000000, 3.000000000000000000, 0.000000000000000000 ) ) ;
#857 = VERTEX_POINT ( 'NONE', #352 ) ;
#858 = MANIFOLD_SOLID_BREP ( 'Fillet5', #271 ) ;
#859 = EDGE_CURVE ( 'NONE', #1793, #1485, #797, .T. ) ;
#860 = CYLINDRICAL_SURFACE ( 'NONE', #1002, 5.000000000000000888 ) ;
#861 = EDGE_LOOP ( 'NONE', ( #882, #90, #501, #1690 ) ) ;
#862 = EDGE_CURVE ( 'NONE', #745, #332, #361, .T. ) ;
#863 = DIRECTION ( 'NONE',  ( -0.000000000000000000, 1.000000000000000000, -0.000000000000000000 ) ) ;
#864 = CARTESIAN_POINT ( 'NONE',  ( 40.00000000000000000, 3.000000000000000000, -27.52069142940469959 ) ) ;
#865 = VECTOR ( 'NONE', #146, 1000.000000000000000 ) ;
#866 = LINE ( 'NONE', #149, #625 ) ;
#867 = PLANE ( 'NONE',  #422 ) ;
#868 = AXIS2_PLACEMENT_3D ( 'NONE', #104, #692, #1202 ) ;
#869 = AXIS2_PLACEMENT_3D ( 'NONE', #382, #983, #247 ) ;
#870 = CIRCLE ( 'NONE', #1493, 10.00000000000000000 ) ;
#871 = DIRECTION ( 'NONE',  ( 1.000000000000000000, 0.000000000000000000, -0.000000000000000000 ) ) ;
#872 = EDGE_LOOP ( 'NONE', ( #776, #241 ) ) ;
#874 = VERTEX_POINT ( 'NONE', #1840 ) ;
#873 = CIRCLE ( 'NONE', #403, 5.000000000000000888 ) ;
#875 = AXIS2_PLACEMENT_3D ( 'NONE', #1589, #1845, #1111 ) ;
#876 = CYLINDRICAL_SURFACE ( 'NONE', #1860, 5.000000000000000888 ) ;
#877 = EDGE_CURVE ( 'NONE', #199, #1614, #1547, .T. ) ;
#878 = CARTESIAN_POINT ( 'NONE',  ( 10.00000000000000000, 3.000000000000000000, -60.00000000000000000 ) ) ;
#879 = DIRECTION ( 'NONE',  ( 0.000000000000000000, 0.000000000000000000, -1.000000000000000000 ) ) ;
#880 = CYLINDRICAL_SURFACE ( 'NONE', #1863, 3.000000000000000000 ) ;
#881 = DIRECTION ( 'NONE',  ( 0.000000000000000000, 0.000000000000000000, -1.000000000000000000 ) ) ;
#882 = ORIENTED_EDGE ( 'NONE', *, *, #51, .F. ) ;
#883 = ORIENTED_EDGE ( 'NONE', *, *, #58, .F. ) ;
#884 = CARTESIAN_POINT ( 'NONE',  ( -11.00000000000000000, 5.000000000000000000, -40.02069142940470670 ) ) ;
#885 = CYLINDRICAL_SURFACE ( 'NONE', #582, 3.000000000000002665 ) ;
#886 = EDGE_CURVE ( 'NONE', #124, #1244, #214, .T. ) ;
#887 = CARTESIAN_POINT ( 'NONE',  ( 0.000000000000000000, 5.000000000000000000, -52.02069142940469959 ) ) ;
#888 = DIRECTION ( 'NONE',  ( 0.000000000000000000, -1.000000000000000000, 0.000000000000000000 ) ) ;
#889 = LINE ( 'NONE', #399, #935 ) ;
#890 = CARTESIAN_POINT ( 'NONE',  ( 60.00000000000000000, 3.000000000000000000, -20.02069142940470314 ) ) ;
#891 = ORIENTED_EDGE ( 'NONE', *, *, #574, .T. ) ;
#892 = ORIENTED_EDGE ( 'NONE', *, *, #138, .T. ) ;
#893 = LINE ( 'NONE', #1174, #777 ) ;
#894 = DIRECTION ( 'NONE',  ( 0.000000000000000000, -1.000000000000000000, 0.000000000000000000 ) ) ;
#895 = EDGE_LOOP ( 'NONE', ( #542, #908 ) ) ;
#896 = CARTESIAN_POINT ( 'NONE',  ( 19.99999999999999645, 3.000000000000000000, -30.02069142940470314 ) ) ;
#897 = LOCAL_TIME ( 23, 51, 29.00000000000000000, #1105 ) ;
#898 = AXIS2_PLACEMENT_3D ( 'NONE', #1773, #1040, #1017 ) ;
#899 = EDGE_CURVE ( 'NONE', #1718, #6, #1402, .T. ) ;
#900 = AXIS2_PLACEMENT_3D ( 'NONE', #1079, #1804, #773 ) ;
#901 = CARTESIAN_POINT ( 'NONE',  ( 60.00000000000000000, 3.000000000000000000, 0.000000000000000000 ) ) ;
#902 = CARTESIAN_POINT ( 'NONE',  ( 30.00000000000000000, 3.000000000000000000, -20.02069142940470314 ) ) ;
#903 = EDGE_LOOP ( 'NONE', ( #794, #923, #87, #1366 ) ) ;
#904 = ORIENTED_EDGE ( 'NONE', *, *, #1309, .F. ) ;
#905 = AXIS2_PLACEMENT_3D ( 'NONE', #1303, #731, #295 ) ;
#906 = CARTESIAN_POINT ( 'NONE',  ( 60.00000000000000000, 5.000000000000000000, -10.00000000000000000 ) ) ;
#907 = CIRCLE ( 'NONE', #1093, 2.500000000000002220 ) ;
#908 = ORIENTED_EDGE ( 'NONE', *, *, #562, .F. ) ;
#909 = CIRCLE ( 'NONE', #1369, 2.499999999999998668 ) ;
#910 = CARTESIAN_POINT ( 'NONE',  ( -11.00000000000000355, 5.000000000000000888, -51.02349987313248647 ) ) ;
#911 = PLANE ( 'NONE',  #466 ) ;
#912 = LINE ( 'NONE', #1672, #66 ) ;
#913 = EDGE_CURVE ( 'NONE', #438, #1220, #80, .T. ) ;
#914 = DIRECTION ( 'NONE',  ( 0.000000000000000000, 1.000000000000000000, 0.000000000000000000 ) ) ;
#915 = ORIENTED_EDGE ( 'NONE', *, *, #812, .F. ) ;
#916 = ORIENTED_EDGE ( 'NONE', *, *, #1912, .F. ) ;
#917 = PERSON_AND_ORGANIZATION_ROLE ( 'creator' ) ;
#918 = VERTEX_POINT ( 'NONE', #89 ) ;
#919 = LINE ( 'NONE', #954, #1314 ) ;
#920 = FACE_OUTER_BOUND ( 'NONE', #757, .T. ) ;
#921 = CARTESIAN_POINT ( 'NONE',  ( 19.99999999999999645, 3.000000000000000000, -27.52069142940470314 ) ) ;
#922 = LINE ( 'NONE', #1356, #44 ) ;
#923 = ORIENTED_EDGE ( 'NONE', *, *, #173, .T. ) ;
#924 = ORIENTED_EDGE ( 'NONE', *, *, #708, .F. ) ;
#925 = APPROVAL ( #201, 'UNSPECIFIED' ) ;
#926 = DIRECTION ( 'NONE',  ( 0.000000000000000000, 0.000000000000000000, 1.000000000000000000 ) ) ;
#927 = VERTEX_POINT ( 'NONE', #1269 ) ;
#928 = EDGE_CURVE ( 'NONE', #1870, #1475, #1124, .T. ) ;
#929 = DIRECTION ( 'NONE',  ( 1.000000000000000000, 0.000000000000000000, -0.000000000000000000 ) ) ;
#930 = SECURITY_CLASSIFICATION ( '', '', #1129 ) ;
#931 = LINE ( 'NONE', #1663, #748 ) ;
#932 = LINE ( 'NONE', #53, #781 ) ;
#933 = ORIENTED_EDGE ( 'NONE', *, *, #1131, .T. ) ;
#934 = VECTOR ( 'NONE', #308, 1000.000000000000000 ) ;
#936 = VERTEX_POINT ( 'NONE', #1436 ) ;
#935 = VECTOR ( 'NONE', #258, 1000.000000000000000 ) ;
#937 = CARTESIAN_POINT ( 'NONE',  ( 60.00000000000000000, 5.000000000000000000, -40.02069142940470670 ) ) ;
#938 = EDGE_CURVE ( 'NONE', #1733, #745, #296, .T. ) ;
#939 = AXIS2_PLACEMENT_3D ( 'NONE', #700, #1759, #545 ) ;
#940 = DIRECTION ( 'NONE',  ( -0.000000000000000000, -1.000000000000000000, 0.000000000000000000 ) ) ;
#941 = FACE_OUTER_BOUND ( 'NONE', #679, .T. ) ;
#942 = LINE ( 'NONE', #793, #1653 ) ;
#943 = ORIENTED_EDGE ( 'NONE', *, *, #851, .F. ) ;
#944 = CARTESIAN_POINT ( 'NONE',  ( 0.000000000000000000, 0.000000000000000000, 0.000000000000000000 ) ) ;
#945 = ORIENTED_EDGE ( 'NONE', *, *, #384, .F. ) ;
#946 = DIRECTION ( 'NONE',  ( -1.000000000000000000, 0.000000000000000000, -0.000000000000000000 ) ) ;
#947 = EDGE_CURVE ( 'NONE', #203, #629, #1712, .T. ) ;
#948 = ADVANCED_FACE ( 'NONE', ( #1657 ), #142, .T. ) ;
#949 = DIRECTION ( 'NONE',  ( 0.000000000000000000, 0.000000000000000000, -1.000000000000000000 ) ) ;
#950 = LINE ( 'NONE', #353, #1312 ) ;
#951 = ORIENTED_EDGE ( 'NONE', *, *, #1445, .T. ) ;
#952 = CARTESIAN_POINT ( 'NONE',  ( 19.99999999999999645, 0.000000000000000000, -27.52069142940470314 ) ) ;
#953 = ORIENTED_EDGE ( 'NONE', *, *, #429, .T. ) ;
#954 = CARTESIAN_POINT ( 'NONE',  ( 76.00000000000000000, 0.000000000000000000, -25.02069142940470314 ) ) ;
#955 = ORIENTED_EDGE ( 'NONE', *, *, #746, .F. ) ;
#956 = FACE_BOUND ( 'NONE', #1571, .T. ) ;
#957 = PERSON_AND_ORGANIZATION ( #739, #1271 ) ;
#958 = ORIENTED_EDGE ( 'NONE', *, *, #1156, .T. ) ;
#959 = EDGE_CURVE ( 'NONE', #1257, #694, #1495, .T. ) ;
#960 = LOCAL_TIME ( 23, 51, 29.00000000000000000, #609 ) ;
#961 = DIRECTION ( 'NONE',  ( -1.000000000000000000, -0.000000000000000000, -0.000000000000000000 ) ) ;
#962 = VERTEX_POINT ( 'NONE', #1766 ) ;
#963 = AXIS2_PLACEMENT_3D ( 'NONE', #1755, #413, #1911 ) ;
#964 = LINE ( 'NONE', #377, #1426 ) ;
#965 = CARTESIAN_POINT ( 'NONE',  ( -16.00000000000000000, 3.000000000000000000, -35.02069142940470670 ) ) ;
#966 = VECTOR ( 'NONE', #1098, 1000.000000000000000 ) ;
#967 = VECTOR ( 'NONE', #567, 1000.000000000000000 ) ;
#968 = CIRCLE ( 'NONE', #1032, 10.00000000000000178 ) ;
#969 = VERTEX_POINT ( 'NONE', #1052 ) ;
#970 = AXIS2_PLACEMENT_3D ( 'NONE', #56, #1837, #624 ) ;
#971 = FACE_BOUND ( 'NONE', #1273, .T. ) ;
#972 = CARTESIAN_POINT ( 'NONE',  ( 0.000000000000000000, 5.000000000000000888, -55.02069142940469959 ) ) ;
#973 = DIRECTION ( 'NONE',  ( 0.000000000000000000, -1.000000000000000000, 0.000000000000000000 ) ) ;
#974 = ORIENTED_EDGE ( 'NONE', *, *, #359, .T. ) ;
#975 = ADVANCED_FACE ( 'NONE', ( #1665 ), #586, .F. ) ;
#976 = ORIENTED_EDGE ( 'NONE', *, *, #1720, .T. ) ;
#977 = PLANE ( 'NONE',  #63 ) ;
#978 = FACE_OUTER_BOUND ( 'NONE', #1666, .T. ) ;
#979 = EDGE_LOOP ( 'NONE', ( #96, #1809, #669, #558 ) ) ;
#980 = CALENDAR_DATE ( 2025, 25, 9 ) ;
#981 = CARTESIAN_POINT ( 'NONE',  ( 60.00000000000000000, 0.000000000000000000, -40.02069142940470670 ) ) ;
#982 = EDGE_LOOP ( 'NONE', ( #816, #1301, #1516, #1074 ) ) ;
#983 = DIRECTION ( 'NONE',  ( 0.000000000000000000, 0.000000000000000000, -1.000000000000000000 ) ) ;
#984 = CYLINDRICAL_SURFACE ( 'NONE', #188, 2.500000000000002220 ) ;
#985 = DIRECTION ( 'NONE',  ( 0.000000000000000000, 1.000000000000000000, 0.000000000000000000 ) ) ;
#986 = ORIENTED_EDGE ( 'NONE', *, *, #1050, .F. ) ;
#987 = EDGE_CURVE ( 'NONE', #1192, #701, #1365, .T. ) ;
#988 = DIRECTION ( 'NONE',  ( -1.000000000000000000, 0.000000000000000000, 0.000000000000000000 ) ) ;
#989 = DIRECTION ( 'NONE',  ( 0.000000000000000000, 0.000000000000000000, -1.000000000000000000 ) ) ;
#990 = EDGE_CURVE ( 'NONE', #1866, #820, #596, .T. ) ;
#991 = ORIENTED_EDGE ( 'NONE', *, *, #851, .T. ) ;
#992 = DIRECTION ( 'NONE',  ( 0.000000000000000000, 0.000000000000000000, -1.000000000000000000 ) ) ;
#993 = VERTEX_POINT ( 'NONE', #890 ) ;
#994 = DIRECTION ( 'NONE',  ( 0.000000000000000000, 0.000000000000000000, -1.000000000000000000 ) ) ;
#995 = CARTESIAN_POINT ( 'NONE',  ( 0.000000000000000000, -13.00000000000000533, -37.02069142940469959 ) ) ;
#996 = ORIENTED_EDGE ( 'NONE', *, *, #173, .F. ) ;
#997 = FACE_BOUND ( 'NONE', #1670, .T. ) ;
#998 = CARTESIAN_POINT ( 'NONE',  ( -22.48021415178936167, -13.00000000000000533, -55.02069142940469959 ) ) ;
#999 = VECTOR ( 'NONE', #709, 1000.000000000000000 ) ;
#1000 = ADVANCED_FACE ( 'NONE', ( #170 ), #1515, .F. ) ;
#1001 = EDGE_LOOP ( 'NONE', ( #1196, #686, #1573, #915 ) ) ;
#1002 = AXIS2_PLACEMENT_3D ( 'NONE', #1625, #415, #1321 ) ;
#1003 = AXIS2_PLACEMENT_3D ( 'NONE', #69, #1107, #1700 ) ;
#1004 = CIRCLE ( 'NONE', #1191, 1.250000000000001110 ) ;
#1005 = DIRECTION ( 'NONE',  ( 0.000000000000000000, -1.000000000000000000, 0.000000000000000000 ) ) ;
#1006 = CARTESIAN_POINT ( 'NONE',  ( -10.00000000000000000, 5.000000000000000000, -32.52069142940469249 ) ) ;
#1007 = ORIENTED_EDGE ( 'NONE', *, *, #668, .T. ) ;
#1008 = CARTESIAN_POINT ( 'NONE',  ( 19.99999999999999645, 0.000000000000000000, -30.02069142940470314 ) ) ;
#1009 = DIRECTION ( 'NONE',  ( 0.000000000000000000, 0.000000000000000000, 1.000000000000000000 ) ) ;
#1010 = CARTESIAN_POINT ( 'NONE',  ( 10.00000000000000000, 5.000000000000000000, 0.000000000000000000 ) ) ;
#1011 = EDGE_CURVE ( 'NONE', #1480, #83, #1279, .T. ) ;
#1012 = EDGE_CURVE ( 'NONE', #438, #672, #870, .T. ) ;
#1013 = CYLINDRICAL_SURFACE ( 'NONE', #1590, 2.500000000000005773 ) ;
#1014 = VERTEX_POINT ( 'NONE', #763 ) ;
#1015 = DIRECTION ( 'NONE',  ( 1.000000000000000000, -0.000000000000000000, 0.000000000000000000 ) ) ;
#1016 = CARTESIAN_POINT ( 'NONE',  ( 0.000000000000000000, 5.000000000000000000, -52.02069142940469959 ) ) ;
#1017 = DIRECTION ( 'NONE',  ( -1.000000000000000000, 0.000000000000000000, 0.000000000000000000 ) ) ;
#1018 = FACE_OUTER_BOUND ( 'NONE', #18, .T. ) ;
#1019 = EDGE_CURVE ( 'NONE', #134, #363, #318, .T. ) ;
#1020 = CARTESIAN_POINT ( 'NONE',  ( 0.000000000000000000, 5.000000000000000000, -55.02069142940469959 ) ) ;
#1021 = VERTEX_POINT ( 'NONE', #425 ) ;
#1022 = CARTESIAN_POINT ( 'NONE',  ( -16.00000000000000000, 0.000000000000000000, -35.02069142940470670 ) ) ;
#1023 = DIRECTION ( 'NONE',  ( 0.000000000000000000, 0.000000000000000000, -1.000000000000000000 ) ) ;
#1024 = LINE ( 'NONE', #1620, #1125 ) ;
#1025 = FACE_OUTER_BOUND ( 'NONE', #1530, .T. ) ;
#1026 = VECTOR ( 'NONE', #1761, 1000.000000000000000 ) ;
#1027 = CIRCLE ( 'NONE', #310, 5.000000000000000888 ) ;
#1028 = VECTOR ( 'NONE', #1073, 1000.000000000000000 ) ;
#1029 = CARTESIAN_POINT ( 'NONE',  ( -11.00000000000000000, 0.000000000000000000, -40.02069142940470670 ) ) ;
#1030 = CARTESIAN_POINT ( 'NONE',  ( 0.000000000000000000, 3.000000000000000000, -37.02069142940469959 ) ) ;
#1031 = ORIENTED_EDGE ( 'NONE', *, *, #1724, .T. ) ;
#1033 = EDGE_LOOP ( 'NONE', ( #1322, #1126, #538, #1252 ) ) ;
#1032 = AXIS2_PLACEMENT_3D ( 'NONE', #1459, #571, #1325 ) ;
#1034 = EDGE_CURVE ( 'NONE', #810, #1733, #922, .T. ) ;
#1035 = CIRCLE ( 'NONE', #970, 2.500000000000002220 ) ;
#1036 = DIRECTION ( 'NONE',  ( 0.000000000000000000, -1.000000000000000000, 0.000000000000000000 ) ) ;
#1037 = CARTESIAN_POINT ( 'NONE',  ( 30.00000000000000000, 0.000000000000000000, -30.02069142940470314 ) ) ;
#1038 = ORIENTED_EDGE ( 'NONE', *, *, #1034, .F. ) ;
#1039 = DIRECTION ( 'NONE',  ( 1.000000000000000000, 0.000000000000000000, 0.000000000000000000 ) ) ;
#1040 = DIRECTION ( 'NONE',  ( 0.000000000000000000, 0.000000000000000000, -1.000000000000000000 ) ) ;
#1041 = CARTESIAN_POINT ( 'NONE',  ( -11.00000000000000000, 3.000000000000000000, -25.02069142940469959 ) ) ;
#1042 = CARTESIAN_POINT ( 'NONE',  ( 60.00000000000000000, 5.000000000000000000, -49.99999999999999289 ) ) ;
#1043 = EDGE_LOOP ( 'NONE', ( #1091, #1089 ) ) ;
#1044 = VERTEX_POINT ( 'NONE', #34 ) ;
#1045 = DIRECTION ( 'NONE',  ( 0.000000000000000000, 0.000000000000000000, 1.000000000000000000 ) ) ;
#1046 = LINE ( 'NONE', #906, #865 ) ;
#1047 = EDGE_CURVE ( 'NONE', #1733, #936, #615, .T. ) ;
#1048 = VERTEX_POINT ( 'NONE', #177 ) ;
#1049 = PLANE ( 'NONE',  #281 ) ;
#1050 = EDGE_CURVE ( 'NONE', #1866, #134, #907, .T. ) ;
#1051 = DIRECTION ( 'NONE',  ( -0.000000000000000000, -0.000000000000000000, 1.000000000000000000 ) ) ;
#1052 = CARTESIAN_POINT ( 'NONE',  ( 10.00000000000000000, 0.000000000000000000, 0.000000000000000000 ) ) ;
#1053 = ORIENTED_EDGE ( 'NONE', *, *, #116, .F. ) ;
#1054 = DIRECTION ( 'NONE',  ( 0.000000000000000000, 0.000000000000000000, 1.000000000000000000 ) ) ;
#1055 = DIRECTION ( 'NONE',  ( -0.000000000000000000, 1.000000000000000000, -0.000000000000000000 ) ) ;
#1056 = DIRECTION ( 'NONE',  ( 0.000000000000000000, -1.000000000000000000, 0.000000000000000000 ) ) ;
#1057 = CC_DESIGN_SECURITY_CLASSIFICATION ( #930, ( #676 ) ) ;
#1058 = EDGE_CURVE ( 'NONE', #1718, #1192, #490, .T. ) ;
#1059 = AXIS2_PLACEMENT_3D ( 'NONE', #1168, #255, #434 ) ;
#1060 = AXIS2_PLACEMENT_3D ( 'NONE', #1682, #25, #303 ) ;
#1061 = DIRECTION ( 'NONE',  ( -0.000000000000000000, -0.000000000000000000, 1.000000000000000000 ) ) ;
#1062 = CARTESIAN_POINT ( 'NONE',  ( 0.000000000000000000, 8.000000000000000000, -37.02069142940469959 ) ) ;
#1063 = ORIENTED_EDGE ( 'NONE', *, *, #1102, .F. ) ;
#1064 = ORIENTED_EDGE ( 'NONE', *, *, #899, .F. ) ;
#1065 = VECTOR ( 'NONE', #961, 1000.000000000000000 ) ;
#1066 = DIRECTION ( 'NONE',  ( 1.000000000000000000, -0.000000000000000000, -0.000000000000000000 ) ) ;
#1067 = CARTESIAN_POINT ( 'NONE',  ( -11.00000000000000000, 8.000000000000000000, -40.02069142940470670 ) ) ;
#1068 = VECTOR ( 'NONE', #1306, 1000.000000000000000 ) ;
#1069 = ORIENTED_EDGE ( 'NONE', *, *, #1455, .F. ) ;
#1070 = AXIS2_PLACEMENT_3D ( 'NONE', #1579, #515, #1009 ) ;
#1071 = EDGE_CURVE ( 'NONE', #199, #581, #1160, .T. ) ;
#1072 = FACE_OUTER_BOUND ( 'NONE', #178, .T. ) ;
#1073 = DIRECTION ( 'NONE',  ( -0.000000000000000000, -1.000000000000000000, -0.000000000000000000 ) ) ;
#1074 = ORIENTED_EDGE ( 'NONE', *, *, #599, .T. ) ;
#1075 = ORIENTED_EDGE ( 'NONE', *, *, #1256, .T. ) ;
#1076 = DIRECTION ( 'NONE',  ( 0.000000000000000000, 0.000000000000000000, 1.000000000000000000 ) ) ;
#1077 = EDGE_LOOP ( 'NONE', ( #1635, #458 ) ) ;
#1078 = CARTESIAN_POINT ( 'NONE',  ( 69.99999999999998579, 3.000000000000000000, -30.02069142940470314 ) ) ;
#1079 = CARTESIAN_POINT ( 'NONE',  ( 30.00000000000000000, 5.000000000000000000, -20.02069142940470314 ) ) ;
#1080 = CARTESIAN_POINT ( 'NONE',  ( 40.00000000000000000, 5.000000000000000000, -32.52069142940470670 ) ) ;
#1081 = ORIENTED_EDGE ( 'NONE', *, *, #564, .F. ) ;
#1082 = ORIENTED_EDGE ( 'NONE', *, *, #1409, .F. ) ;
#1083 = EDGE_CURVE ( 'NONE', #480, #1084, #1347, .T. ) ;
#1084 = VERTEX_POINT ( 'NONE', #483 ) ;
#1085 = DIRECTION ( 'NONE',  ( 0.000000000000000000, 0.000000000000000000, -1.000000000000000000 ) ) ;
#1086 = CIRCLE ( 'NONE', #1453, 2.999999999999999112 ) ;
#1087 = DIRECTION ( 'NONE',  ( 0.000000000000000000, 0.000000000000000000, -1.000000000000000000 ) ) ;
#1088 = DIRECTION ( 'NONE',  ( 0.000000000000000000, 1.000000000000000000, 0.000000000000000000 ) ) ;
#1089 = ORIENTED_EDGE ( 'NONE', *, *, #116, .T. ) ;
#1091 = ORIENTED_EDGE ( 'NONE', *, *, #242, .T. ) ;
#1090 = CIRCLE ( 'NONE', #368, 2.500000000000002220 ) ;
#1092 = ADVANCED_FACE ( 'NONE', ( #1403 ), #1251, .T. ) ;
#1093 = AXIS2_PLACEMENT_3D ( 'NONE', #902, #17, #46 ) ;
#1094 = LINE ( 'NONE', #937, #1558 ) ;
#1095 = CIRCLE ( 'NONE', #687, 2.499999999999995115 ) ;
#1096 = DIRECTION ( 'NONE',  ( 0.000000000000000000, 0.000000000000000000, -1.000000000000000000 ) ) ;
#1097 = ORIENTED_EDGE ( 'NONE', *, *, #264, .T. ) ;
#1098 = DIRECTION ( 'NONE',  ( -0.000000000000000000, -1.000000000000000000, -0.000000000000000000 ) ) ;
#1099 = CARTESIAN_POINT ( 'NONE',  ( -11.00000000000000000, 3.000000000000000000, -37.02069142940469959 ) ) ;
#1100 = VERTEX_POINT ( 'NONE', #81 ) ;
#1101 = DIRECTION ( 'NONE',  ( 0.000000000000000000, 0.000000000000000000, -1.000000000000000000 ) ) ;
#1102 = EDGE_CURVE ( 'NONE', #551, #874, #932, .T. ) ;
#1103 = DESIGN_CONTEXT ( 'detailed design', #1170, 'design' ) ;
#1104 = FACE_BOUND ( 'NONE', #1077, .T. ) ;
#1105 = COORDINATED_UNIVERSAL_TIME_OFFSET ( 7, 0, .AHEAD. ) ;
#1106 = LINE ( 'NONE', #389, #1746 ) ;
#1107 = DIRECTION ( 'NONE',  ( 0.000000000000000000, -1.000000000000000000, 0.000000000000000000 ) ) ;
#1108 = ORIENTED_EDGE ( 'NONE', *, *, #655, .T. ) ;
#1109 = ORIENTED_EDGE ( 'NONE', *, *, #1406, .F. ) ;
#1110 = DIRECTION ( 'NONE',  ( 0.000000000000000000, -0.000000000000000000, -1.000000000000000000 ) ) ;
#1111 = DIRECTION ( 'NONE',  ( 0.000000000000000000, -0.000000000000000000, -1.000000000000000000 ) ) ;
#1112 = ORIENTED_EDGE ( 'NONE', *, *, #768, .F. ) ;
#1113 = EDGE_CURVE ( 'NONE', #55, #745, #942, .T. ) ;
#1114 = APPLICATION_PROTOCOL_DEFINITION ( 'international standard', 'config_control_design', 1994, #167 ) ;
#1115 = DIRECTION ( 'NONE',  ( 1.000000000000000000, -0.000000000000000000, 0.000000000000000000 ) ) ;
#1116 = CARTESIAN_POINT ( 'NONE',  ( -24.13018215910750897, -10.43165213518227574, -55.02069142940469959 ) ) ;
#1117 = ORIENTED_EDGE ( 'NONE', *, *, #1213, .F. ) ;
#1118 = CARTESIAN_POINT ( 'NONE',  ( 60.00000000000000000, 5.000000000000000000, 0.000000000000000000 ) ) ;
#1119 = DIRECTION ( 'NONE',  ( -0.000000000000000000, -0.000000000000000000, 1.000000000000000000 ) ) ;
#1120 = ORIENTED_EDGE ( 'NONE', *, *, #959, .F. ) ;
#1121 = DIRECTION ( 'NONE',  ( -0.000000000000000000, 0.000000000000000000, 1.000000000000000000 ) ) ;
#1122 = CARTESIAN_POINT ( 'NONE',  ( 40.00000000000000000, 3.000000000000000000, -32.52069142940470670 ) ) ;
#1123 = AXIS2_PLACEMENT_3D ( 'NONE', #743, #123, #1604 ) ;
#1124 = CIRCLE ( 'NONE', #623, 2.500000000000009326 ) ;
#1125 = VECTOR ( 'NONE', #283, 1000.000000000000000 ) ;
#1126 = ORIENTED_EDGE ( 'NONE', *, *, #1169, .F. ) ;
#1127 = AXIS2_PLACEMENT_3D ( 'NONE', #1544, #193, #1538 ) ;
#1128 = FACE_BOUND ( 'NONE', #1806, .T. ) ;
#1129 = SECURITY_CLASSIFICATION_LEVEL ( 'unclassified' ) ;
#1130 = LINE ( 'NONE', #491, #312 ) ;
#1131 = EDGE_CURVE ( 'NONE', #1381, #1914, #950, .T. ) ;
#1132 = VERTEX_POINT ( 'NONE', #1541 ) ;
#1133 = CARTESIAN_POINT ( 'NONE',  ( -16.00000000000000000, 0.000000000000000000, -25.02069142940469959 ) ) ;
#1134 = ADVANCED_FACE ( 'NONE', ( #202 ), #661, .T. ) ;
#1135 = EDGE_LOOP ( 'NONE', ( #811, #933, #1294, #751 ) ) ;
#1136 = LINE ( 'NONE', #1725, #307 ) ;
#1137 = CARTESIAN_POINT ( 'NONE',  ( 0.000000000000000000, 3.000000000000000000, -37.02069142940469959 ) ) ;
#1138 = ORIENTED_EDGE ( 'NONE', *, *, #785, .T. ) ;
#1139 = VERTEX_POINT ( 'NONE', #1413 ) ;
#1140 = CARTESIAN_POINT ( 'NONE',  ( -24.13018215910741304, -0.9316521351822766306, -55.02069142940469959 ) ) ;
#1141 = EDGE_LOOP ( 'NONE', ( #883, #92, #904, #345 ) ) ;
#1142 = DIRECTION ( 'NONE',  ( -1.000000000000000000, 0.000000000000000000, 0.000000000000000000 ) ) ;
#1143 = ORIENTED_EDGE ( 'NONE', *, *, #599, .F. ) ;
#1144 = EDGE_CURVE ( 'NONE', #1021, #826, #804, .T. ) ;
#1145 = CYLINDRICAL_SURFACE ( 'NONE', #366, 4.999999999999997335 ) ;
#1146 = LINE ( 'NONE', #1570, #1903 ) ;
#1147 = DIRECTION ( 'NONE',  ( 0.000000000000000000, 0.000000000000000000, -1.000000000000000000 ) ) ;
#1148 = VERTEX_POINT ( 'NONE', #509 ) ;
#1149 = ORIENTED_EDGE ( 'NONE', *, *, #1900, .T. ) ;
#1150 = CARTESIAN_POINT ( 'NONE',  ( 0.000000000000000000, 8.000000000000000000, -37.02069142940469959 ) ) ;
#1151 = CIRCLE ( 'NONE', #772, 5.000000000000000888 ) ;
#1152 = LINE ( 'NONE', #1020, #1068 ) ;
#1153 = VERTEX_POINT ( 'NONE', #1116 ) ;
#1154 = CARTESIAN_POINT ( 'NONE',  ( 0.000000000000000000, 0.000000000000000000, -37.02069142940469959 ) ) ;
#1155 = FACE_OUTER_BOUND ( 'NONE', #1640, .T. ) ;
#1156 = EDGE_CURVE ( 'NONE', #1758, #1708, #476, .T. ) ;
#1157 = DIRECTION ( 'NONE',  ( -0.000000000000000000, -0.000000000000000000, 1.000000000000000000 ) ) ;
#1158 = DIRECTION ( 'NONE',  ( 1.000000000000000000, -0.000000000000000000, 0.000000000000000000 ) ) ;
#1159 = VECTOR ( 'NONE', #651, 1000.000000000000000 ) ;
#1160 = CIRCLE ( 'NONE', #1591, 1.249999999999997558 ) ;
#1161 = AXIS2_PLACEMENT_3D ( 'NONE', #465, #888, #443 ) ;
#1162 = DIRECTION ( 'NONE',  ( -0.000000000000000000, -0.000000000000000000, 1.000000000000000000 ) ) ;
#1163 = DIRECTION ( 'NONE',  ( 0.000000000000000000, 0.000000000000000000, -1.000000000000000000 ) ) ;
#1164 = ORIENTED_EDGE ( 'NONE', *, *, #1689, .F. ) ;
#1165 = FACE_OUTER_BOUND ( 'NONE', #1173, .T. ) ;
#1166 = DIRECTION ( 'NONE',  ( 0.000000000000000000, 0.000000000000000000, -1.000000000000000000 ) ) ;
#1167 = DIRECTION ( 'NONE',  ( 0.000000000000000000, -0.000000000000000000, -1.000000000000000000 ) ) ;
#1168 = CARTESIAN_POINT ( 'NONE',  ( 30.00000000000000000, 3.000000000000000000, -40.02069142940470670 ) ) ;
#1169 = EDGE_CURVE ( 'NONE', #1240, #494, #335, .T. ) ;
#1170 = APPLICATION_CONTEXT ( 'configuration controlled 3d designs of mechanical parts and assemblies' ) ;
#1171 = DIRECTION ( 'NONE',  ( 0.000000000000000000, 1.000000000000000000, -0.000000000000000000 ) ) ;
#1172 = ORIENTED_EDGE ( 'NONE', *, *, #899, .T. ) ;
#1173 = EDGE_LOOP ( 'NONE', ( #391, #789, #164, #23 ) ) ;
#1174 = CARTESIAN_POINT ( 'NONE',  ( 0.000000000000000000, 5.000000000000000000, -40.02069142940470670 ) ) ;
#1175 = CARTESIAN_POINT ( 'NONE',  ( -22.88018215910751252, -10.43165213518227574, -55.02069142940469959 ) ) ;
#1176 = FACE_BOUND ( 'NONE', #48, .T. ) ;
#1177 = EDGE_CURVE ( 'NONE', #1545, #1048, #1416, .T. ) ;
#1178 = LINE ( 'NONE', #565, #589 ) ;
#1179 = DIRECTION ( 'NONE',  ( 0.000000000000000000, -1.000000000000000000, 0.000000000000000000 ) ) ;
#1180 = ORIENTED_EDGE ( 'NONE', *, *, #1737, .F. ) ;
#1181 = VERTEX_POINT ( 'NONE', #1686 ) ;
#1182 = LINE ( 'NONE', #120, #1274 ) ;
#1183 = DIRECTION ( 'NONE',  ( 0.000000000000000000, 0.000000000000000000, -1.000000000000000000 ) ) ;
#1184 = CARTESIAN_POINT ( 'NONE',  ( -16.00000000000000000, 0.000000000000000000, -25.02069142940469959 ) ) ;
#1185 = AXIS2_PLACEMENT_3D ( 'NONE', #1844, #656, #988 ) ;
#1186 = VECTOR ( 'NONE', #1061, 1000.000000000000000 ) ;
#1187 = AXIS2_PLACEMENT_3D ( 'NONE', #819, #973, #1096 ) ;
#1188 = CARTESIAN_POINT ( 'NONE',  ( -10.00000000000000000, 5.000000000000000000, -30.02069142940468893 ) ) ;
#1189 = DIRECTION ( 'NONE',  ( 0.000000000000000000, -0.000000000000000000, 1.000000000000000000 ) ) ;
#1190 = ORIENTED_EDGE ( 'NONE', *, *, #1533, .T. ) ;
#1192 = VERTEX_POINT ( 'NONE', #1824 ) ;
#1191 = AXIS2_PLACEMENT_3D ( 'NONE', #1518, #610, #1211 ) ;
#1193 = EDGE_CURVE ( 'NONE', #810, #733, #206, .T. ) ;
#1194 = AXIS2_PLACEMENT_3D ( 'NONE', #495, #50, #325 ) ;
#1195 = CARTESIAN_POINT ( 'NONE',  ( -22.48021415178936167, 5.000000000000000888, -51.02349987313248647 ) ) ;
#1196 = ORIENTED_EDGE ( 'NONE', *, *, #291, .F. ) ;
#1197 = CARTESIAN_POINT ( 'NONE',  ( -11.00000000000000000, 3.000000000000000000, -40.02069142940470670 ) ) ;
#1198 = CARTESIAN_POINT ( 'NONE',  ( -11.00000000000000000, 5.000000000000000000, -40.02069142940470670 ) ) ;
#1199 = DIRECTION ( 'NONE',  ( -0.000000000000000000, -1.000000000000000000, -0.000000000000000000 ) ) ;
#1200 = ORIENTED_EDGE ( 'NONE', *, *, #185, .T. ) ;
#1201 = VERTEX_POINT ( 'NONE', #73 ) ;
#1202 = DIRECTION ( 'NONE',  ( 0.000000000000000000, 0.000000000000000000, -1.000000000000000000 ) ) ;
#1203 = DIRECTION ( 'NONE',  ( -0.000000000000000000, -0.000000000000000000, -1.000000000000000000 ) ) ;
#1204 = ADVANCED_FACE ( 'NONE', ( #1253 ), #1566, .F. ) ;
#1205 = DIRECTION ( 'NONE',  ( 0.000000000000000000, -0.000000000000000000, 1.000000000000000000 ) ) ;
#1206 = LINE ( 'NONE', #1198, #1429 ) ;
#1207 = CARTESIAN_POINT ( 'NONE',  ( -16.00000000000000000, 0.000000000000000000, -40.02069142940470670 ) ) ;
#1208 = ORIENTED_EDGE ( 'NONE', *, *, #1298, .T. ) ;
#1209 = ORIENTED_EDGE ( 'NONE', *, *, #75, .F. ) ;
#1210 = CALENDAR_DATE ( 2025, 25, 9 ) ;
#1211 = DIRECTION ( 'NONE',  ( -1.000000000000000000, 0.000000000000000000, 0.000000000000000000 ) ) ;
#1212 = ORIENTED_EDGE ( 'NONE', *, *, #316, .T. ) ;
#1213 = EDGE_CURVE ( 'NONE', #802, #1526, #375, .T. ) ;
#1214 = LINE ( 'NONE', #1470, #1313 ) ;
#1215 = AXIS2_PLACEMENT_3D ( 'NONE', #67, #371, #1848 ) ;
#1216 = AXIS2_PLACEMENT_3D ( 'NONE', #1008, #1703, #1600 ) ;
#1217 = VECTOR ( 'NONE', #863, 1000.000000000000000 ) ;
#1218 = PLANE ( 'NONE',  #249 ) ;
#1219 = CARTESIAN_POINT ( 'NONE',  ( 0.000000000000000000, 3.000000000000000000, -37.02069142940469959 ) ) ;
#1220 = VERTEX_POINT ( 'NONE', #664 ) ;
#1221 = ORIENTED_EDGE ( 'NONE', *, *, #1696, .F. ) ;
#1222 = VECTOR ( 'NONE', #1534, 1000.000000000000000 ) ;
#1223 = APPROVAL_ROLE ( '' ) ;
#1224 = ORIENTED_EDGE ( 'NONE', *, *, #1580, .F. ) ;
#1225 = VECTOR ( 'NONE', #814, 1000.000000000000000 ) ;
#1226 = FACE_OUTER_BOUND ( 'NONE', #235, .T. ) ;
#1227 = EDGE_CURVE ( 'NONE', #1139, #1132, #714, .T. ) ;
#1228 = DIRECTION ( 'NONE',  ( 0.000000000000000000, 0.000000000000000000, -1.000000000000000000 ) ) ;
#1229 = CARTESIAN_POINT ( 'NONE',  ( -22.88018215910740949, -0.9316521351822766306, -55.02069142940469959 ) ) ;
#1230 = ORIENTED_EDGE ( 'NONE', *, *, #1734, .F. ) ;
#1231 = EDGE_LOOP ( 'NONE', ( #697, #643, #172, #171, #478, #367, #635, #1577, #1396, #916, #1064, #38, #1807, #652, #1506, #1421, #891, #1143, #450, #842 ) ) ;
#1232 = ORIENTED_EDGE ( 'NONE', *, *, #394, .T. ) ;
#1233 = CARTESIAN_POINT ( 'NONE',  ( 30.00000000000000000, 5.000000000000000000, -32.52069142940470670 ) ) ;
#1234 = CARTESIAN_POINT ( 'NONE',  ( 49.99999999999999289, 0.000000000000000000, -49.99999999999999289 ) ) ;
#1235 = EDGE_CURVE ( 'NONE', #1476, #1400, #1732, .T. ) ;
#1236 = ORIENTED_EDGE ( 'NONE', *, *, #1497, .F. ) ;
#1237 = EDGE_CURVE ( 'NONE', #918, #1485, #1439, .T. ) ;
#1238 = EDGE_LOOP ( 'NONE', ( #19, #1390, #275, #409 ) ) ;
#1239 = DIRECTION ( 'NONE',  ( -1.000000000000000000, 0.000000000000000000, -0.000000000000000000 ) ) ;
#1240 = VERTEX_POINT ( 'NONE', #111 ) ;
#1241 = EDGE_CURVE ( 'NONE', #1545, #1792, #840, .T. ) ;
#1242 = LINE ( 'NONE', #346, #1551 ) ;
#1244 = VERTEX_POINT ( 'NONE', #417 ) ;
#1243 = AXIS2_PLACEMENT_3D ( 'NONE', #198, #1383, #1691 ) ;
#1245 = EDGE_CURVE ( 'NONE', #1370, #1266, #400, .T. ) ;
#1246 = VECTOR ( 'NONE', #881, 1000.000000000000000 ) ;
#1247 = CARTESIAN_POINT ( 'NONE',  ( -22.48021415178936167, -16.00000000000000355, -55.02069142940469959 ) ) ;
#1248 = AXIS2_PLACEMENT_3D ( 'NONE', #265, #830, #1452 ) ;
#1249 = COORDINATED_UNIVERSAL_TIME_OFFSET ( 7, 0, .AHEAD. ) ;
#1250 = DIRECTION ( 'NONE',  ( 0.000000000000000000, -1.000000000000000000, 0.000000000000000000 ) ) ;
#1251 = CYLINDRICAL_SURFACE ( 'NONE', #1187, 10.00000000000000000 ) ;
#1252 = ORIENTED_EDGE ( 'NONE', *, *, #1256, .F. ) ;
#1253 = FACE_OUTER_BOUND ( 'NONE', #665, .T. ) ;
#1254 = ORIENTED_EDGE ( 'NONE', *, *, #194, .T. ) ;
#1255 = FACE_BOUND ( 'NONE', #1658, .T. ) ;
#1256 = EDGE_CURVE ( 'NONE', #802, #1793, #1152, .T. ) ;
#1257 = VERTEX_POINT ( 'NONE', #1615 ) ;
#1258 = PERSON_AND_ORGANIZATION ( #739, #1271 ) ;
#1259 = PLANE ( 'NONE',  #401 ) ;
#1260 = DIRECTION ( 'NONE',  ( -1.000000000000000000, 0.000000000000000000, 0.000000000000000000 ) ) ;
#1261 = ORIENTED_EDGE ( 'NONE', *, *, #504, .T. ) ;
#1262 = ORIENTED_EDGE ( 'NONE', *, *, #451, .F. ) ;
#1263 = DIRECTION ( 'NONE',  ( 0.000000000000000000, -1.000000000000000000, 0.000000000000000000 ) ) ;
#1264 = DIRECTION ( 'NONE',  ( 0.000000000000000000, 0.000000000000000000, 1.000000000000000000 ) ) ;
#1265 = CC_DESIGN_PERSON_AND_ORGANIZATION_ASSIGNMENT ( #380, #917, ( #39 ) ) ;
#1266 = VERTEX_POINT ( 'NONE', #369 ) ;
#1267 = ADVANCED_FACE ( 'NONE', ( #1873 ), #649, .T. ) ;
#1268 = PERSON_AND_ORGANIZATION_ROLE ( 'classification_officer' ) ;
#1269 = CARTESIAN_POINT ( 'NONE',  ( -11.00000000000000000, 0.000000000000000000, -20.02069142940469959 ) ) ;
#1270 = ORIENTED_EDGE ( 'NONE', *, *, #1350, .F. ) ;
#1271 = ORGANIZATION ( 'UNSPECIFIED', 'UNSPECIFIED', '' ) ;
#1272 = DIRECTION ( 'NONE',  ( 0.000000000000000000, 0.000000000000000000, -1.000000000000000000 ) ) ;
#1273 = EDGE_LOOP ( 'NONE', ( #9, #1417 ) ) ;
#1274 = VECTOR ( 'NONE', #1647, 1000.000000000000000 ) ;
#1275 = CARTESIAN_POINT ( 'NONE',  ( -21.63018215910751252, -10.43165213518227574, -51.02349987313248647 ) ) ;
#1276 = DIRECTION ( 'NONE',  ( 0.000000000000000000, -1.000000000000000000, 0.000000000000000000 ) ) ;
#1277 = VECTOR ( 'NONE', #355, 1000.000000000000000 ) ;
#1278 = EDGE_LOOP ( 'NONE', ( #1262, #288, #1535, #347 ) ) ;
#1279 = CIRCLE ( 'NONE', #1431, 2.500000000000002220 ) ;
#1280 = AXIS2_PLACEMENT_3D ( 'NONE', #849, #1157, #223 ) ;
#1281 = ORIENTED_EDGE ( 'NONE', *, *, #1047, .T. ) ;
#1282 = VECTOR ( 'NONE', #693, 1000.000000000000000 ) ;
#1283 = CARTESIAN_POINT ( 'NONE',  ( 0.000000000000000000, 3.000000000000000000, 0.000000000000000000 ) ) ;
#1284 = ORIENTED_EDGE ( 'NONE', *, *, #1875, .T. ) ;
#1285 = ADVANCED_FACE ( 'NONE', ( #1104, #1697, #956, #971, #670, #520, #1128, #270 ), #911, .F. ) ;
#1286 = PLANE ( 'NONE',  #489 ) ;
#1287 = CARTESIAN_POINT ( 'NONE',  ( 49.99999999999999289, 0.000000000000000000, -60.00000000000000000 ) ) ;
#1288 = DIRECTION ( 'NONE',  ( 0.000000000000000000, 0.000000000000000000, -1.000000000000000000 ) ) ;
#1289 = VERTEX_POINT ( 'NONE', #282 ) ;
#1290 = DIRECTION ( 'NONE',  ( 0.000000000000000000, 0.000000000000000000, 1.000000000000000000 ) ) ;
#1291 = CARTESIAN_POINT ( 'NONE',  ( 0.000000000000000000, 5.000000000000000000, -55.02069142940469959 ) ) ;
#1292 = VERTEX_POINT ( 'NONE', #1891 ) ;
#1293 = CARTESIAN_POINT ( 'NONE',  ( 30.00000000000000000, 0.000000000000000000, -42.52069142940470670 ) ) ;
#1294 = ORIENTED_EDGE ( 'NONE', *, *, #60, .T. ) ;
#1295 = EDGE_CURVE ( 'NONE', #1100, #551, #873, .T. ) ;
#1296 = CARTESIAN_POINT ( 'NONE',  ( -25.48021415178936167, 5.000000000000000888, -51.02349987313248647 ) ) ;
#1297 = ORIENTED_EDGE ( 'NONE', *, *, #947, .T. ) ;
#1298 = EDGE_CURVE ( 'NONE', #332, #1139, #550, .T. ) ;
#1299 = PLANE ( 'NONE',  #1185 ) ;
#1300 = LINE ( 'NONE', #365, #1282 ) ;
#1301 = ORIENTED_EDGE ( 'NONE', *, *, #913, .T. ) ;
#1302 = DIRECTION ( 'NONE',  ( -0.000000000000000000, 1.000000000000000000, -0.000000000000000000 ) ) ;
#1303 = CARTESIAN_POINT ( 'NONE',  ( 49.99999999999999289, 0.000000000000000000, -10.00000000000000000 ) ) ;
#1304 = CARTESIAN_POINT ( 'NONE',  ( -25.48021415178936167, -16.00000000000000355, -51.02349987313248647 ) ) ;
#1305 = CIRCLE ( 'NONE', #5, 2.500000000000002220 ) ;
#1306 = DIRECTION ( 'NONE',  ( 1.000000000000000000, 0.000000000000000000, 0.000000000000000000 ) ) ;
#1307 = VERTEX_POINT ( 'NONE', #604 ) ;
#1308 = DIRECTION ( 'NONE',  ( -0.000000000000000000, -0.000000000000000000, 1.000000000000000000 ) ) ;
#1309 = EDGE_CURVE ( 'NONE', #1266, #1674, #909, .T. ) ;
#1310 = AXIS2_PLACEMENT_3D ( 'NONE', #273, #1764, #871 ) ;
#1311 = FACE_OUTER_BOUND ( 'NONE', #854, .T. ) ;
#1312 = VECTOR ( 'NONE', #1850, 1000.000000000000000 ) ;
#1313 = VECTOR ( 'NONE', #313, 1000.000000000000000 ) ;
#1314 = VECTOR ( 'NONE', #1532, 1000.000000000000000 ) ;
#1315 = CARTESIAN_POINT ( 'NONE',  ( 19.99999999999999645, 5.000000000000000000, -30.02069142940470314 ) ) ;
#1316 = ORIENTED_EDGE ( 'NONE', *, *, #759, .F. ) ;
#1317 = LINE ( 'NONE', #479, #10 ) ;
#1318 = EDGE_CURVE ( 'NONE', #1292, #1181, #449, .T. ) ;
#1319 = DIRECTION ( 'NONE',  ( 0.000000000000000000, 0.000000000000000000, -1.000000000000000000 ) ) ;
#1320 = CARTESIAN_POINT ( 'NONE',  ( 30.00000000000000000, 3.000000000000000000, -32.52069142940470670 ) ) ;
#1321 = DIRECTION ( 'NONE',  ( 0.000000000000000000, 0.000000000000000000, 1.000000000000000000 ) ) ;
#1322 = ORIENTED_EDGE ( 'NONE', *, *, #1392, .F. ) ;
#1323 = DIRECTION ( 'NONE',  ( 0.000000000000000000, 1.000000000000000000, 0.000000000000000000 ) ) ;
#1324 = DIRECTION ( 'NONE',  ( 0.000000000000000000, 0.000000000000000000, -1.000000000000000000 ) ) ;
#1325 = DIRECTION ( 'NONE',  ( 0.000000000000000000, 0.000000000000000000, -1.000000000000000000 ) ) ;
#1326 = ORIENTED_EDGE ( 'NONE', *, *, #1328, .T. ) ;
#1327 = EDGE_CURVE ( 'NONE', #27, #1148, #1004, .T. ) ;
#1328 = EDGE_CURVE ( 'NONE', #874, #993, #1795, .T. ) ;
#1329 = PLANE ( 'NONE',  #1310 ) ;
#1330 = DIRECTION ( 'NONE',  ( -0.000000000000000000, 1.000000000000000000, -0.000000000000000000 ) ) ;
#1331 = VERTEX_POINT ( 'NONE', #1067 ) ;
#1332 = CARTESIAN_POINT ( 'NONE',  ( 0.000000000000000000, 5.000000000000000000, 0.000000000000000000 ) ) ;
#1333 = ORIENTED_EDGE ( 'NONE', *, *, #1789, .F. ) ;
#1334 = CYLINDRICAL_SURFACE ( 'NONE', #525, 1.249999999999997558 ) ;
#1335 = VECTOR ( 'NONE', #1308, 1000.000000000000000 ) ;
#1336 = AXIS2_PLACEMENT_3D ( 'NONE', #236, #829, #1424 ) ;
#1337 = VECTOR ( 'NONE', #744, 1000.000000000000000 ) ;
#1338 = CARTESIAN_POINT ( 'NONE',  ( -11.00000000000000000, 0.000000000000000000, -35.02069142940470670 ) ) ;
#1339 = EDGE_CURVE ( 'NONE', #1385, #197, #323, .T. ) ;
#1340 = CARTESIAN_POINT ( 'NONE',  ( 71.00000000000000000, 0.000000000000000000, -35.02069142940470670 ) ) ;
#1342 = ORIENTED_EDGE ( 'NONE', *, *, #655, .F. ) ;
#1341 = CIRCLE ( 'NONE', #1399, 3.000000000000000000 ) ;
#1343 = CIRCLE ( 'NONE', #1624, 2.500000000000002220 ) ;
#1344 = DIRECTION ( 'NONE',  ( 0.000000000000000000, -1.000000000000000000, 0.000000000000000000 ) ) ;
#1345 = EDGE_LOOP ( 'NONE', ( #608, #336, #529, #1063 ) ) ;
#1346 = DIRECTION ( 'NONE',  ( -1.000000000000000000, 0.000000000000000000, 0.000000000000000000 ) ) ;
#1347 = LINE ( 'NONE', #1207, #684 ) ;
#1348 = ORIENTED_EDGE ( 'NONE', *, *, #1533, .F. ) ;
#1349 = EDGE_LOOP ( 'NONE', ( #74, #1454, #611, #822 ) ) ;
#1350 = EDGE_CURVE ( 'NONE', #701, #1244, #1655, .T. ) ;
#1351 = LINE ( 'NONE', #766, #713 ) ;
#1352 = PERSON_AND_ORGANIZATION_ROLE ( 'design_supplier' ) ;
#1353 = ORIENTED_EDGE ( 'NONE', *, *, #1603, .T. ) ;
#1354 = EDGE_CURVE ( 'NONE', #1132, #1476, #1782, .T. ) ;
#1355 = CARTESIAN_POINT ( 'NONE',  ( 76.00000000000000000, 3.000000000000000000, -35.02069142940470670 ) ) ;
#1356 = CARTESIAN_POINT ( 'NONE',  ( 0.000000000000000000, 3.000000000000000000, -37.02069142940469959 ) ) ;
#1357 = EDGE_LOOP ( 'NONE', ( #638, #598, #1447, #1117 ) ) ;
#1358 = ORIENTED_EDGE ( 'NONE', *, *, #194, .F. ) ;
#1359 = EDGE_LOOP ( 'NONE', ( #107, #388, #299, #446 ) ) ;
#1360 = DIRECTION ( 'NONE',  ( 0.000000000000000000, 0.000000000000000000, -1.000000000000000000 ) ) ;
#1361 = ADVANCED_FACE ( 'NONE', ( #1565 ), #527, .T. ) ;
#1362 = CIRCLE ( 'NONE', #517, 1.249999999999997558 ) ;
#1363 = AXIS2_PLACEMENT_3D ( 'NONE', #1315, #1895, #1757 ) ;
#1364 = CARTESIAN_POINT ( 'NONE',  ( 19.99999999999999645, 5.000000000000000000, -32.52069142940469959 ) ) ;
#1365 = LINE ( 'NONE', #4, #12 ) ;
#1366 = ORIENTED_EDGE ( 'NONE', *, *, #330, .F. ) ;
#1367 = VERTEX_POINT ( 'NONE', #1287 ) ;
#1368 = VECTOR ( 'NONE', #1119, 1000.000000000000000 ) ;
#1369 = AXIS2_PLACEMENT_3D ( 'NONE', #1502, #331, #926 ) ;
#1370 = VERTEX_POINT ( 'NONE', #1722 ) ;
#1371 = AXIS2_PLACEMENT_3D ( 'NONE', #261, #703, #1264 ) ;
#1372 = CARTESIAN_POINT ( 'NONE',  ( -22.88018215910740949, -0.9316521351822766306, 0.000000000000000000 ) ) ;
#1373 = ADVANCED_FACE ( 'NONE', ( #1731 ), #984, .F. ) ;
#1374 = ADVANCED_FACE ( 'NONE', ( #1886 ), #1906, .F. ) ;
#1375 = DIRECTION ( 'NONE',  ( -1.000000000000000000, -0.000000000000000000, -0.000000000000000000 ) ) ;
#1376 = ORIENTED_EDGE ( 'NONE', *, *, #862, .T. ) ;
#1377 = ORIENTED_EDGE ( 'NONE', *, *, #1641, .F. ) ;
#1378 = DIRECTION ( 'NONE',  ( 1.000000000000000000, 0.000000000000000000, -0.000000000000000000 ) ) ;
#1379 = EDGE_CURVE ( 'NONE', #1595, #1220, #159, .T. ) ;
#1380 = FACE_OUTER_BOUND ( 'NONE', #1872, .T. ) ;
#1381 = VERTEX_POINT ( 'NONE', #1575 ) ;
#1382 = ADVANCED_FACE ( 'NONE', ( #1741 ), #416, .F. ) ;
#1383 = DIRECTION ( 'NONE',  ( 0.000000000000000000, -1.000000000000000000, 0.000000000000000000 ) ) ;
#1384 = CARTESIAN_POINT ( 'NONE',  ( -11.00000000000000000, 3.000000000000000000, -40.02069142940470670 ) ) ;
#1385 = VERTEX_POINT ( 'NONE', #237 ) ;
#1386 = DIRECTION ( 'NONE',  ( 0.000000000000000000, 0.000000000000000000, -1.000000000000000000 ) ) ;
#1387 = CC_DESIGN_APPROVAL ( #1611, ( #39 ) ) ;
#1388 = DIRECTION ( 'NONE',  ( 0.000000000000000000, -1.000000000000000000, 0.000000000000000000 ) ) ;
#1389 =( NAMED_UNIT ( * ) PLANE_ANGLE_UNIT ( ) SI_UNIT ( $, .RADIAN. ) );
#1390 = ORIENTED_EDGE ( 'NONE', *, *, #1669, .F. ) ;
#1391 = VECTOR ( 'NONE', #1525, 1000.000000000000000 ) ;
#1392 = EDGE_CURVE ( 'NONE', #494, #802, #805, .T. ) ;
#1393 = CARTESIAN_POINT ( 'NONE',  ( 60.00000000000000000, 0.000000000000000000, -10.00000000000000000 ) ) ;
#1394 = DIRECTION ( 'NONE',  ( -1.000000000000000000, -0.000000000000000000, -0.000000000000000000 ) ) ;
#1396 = ORIENTED_EDGE ( 'NONE', *, *, #768, .T. ) ;
#1395 = AXIS2_PLACEMENT_3D ( 'NONE', #436, #1505, #1791 ) ;
#1397 = DIRECTION ( 'NONE',  ( -0.000000000000000000, -0.000000000000000000, -1.000000000000000000 ) ) ;
#1398 = DIRECTION ( 'NONE',  ( -0.000000000000000000, -1.000000000000000000, -0.000000000000000000 ) ) ;
#1399 = AXIS2_PLACEMENT_3D ( 'NONE', #183, #1397, #208 ) ;
#1400 = VERTEX_POINT ( 'NONE', #118 ) ;
#1401 = DATE_AND_TIME ( #1858, #337 ) ;
#1402 = LINE ( 'NONE', #981, #1461 ) ;
#1403 = FACE_OUTER_BOUND ( 'NONE', #1896, .T. ) ;
#1404 = ORIENTED_EDGE ( 'NONE', *, *, #1309, .T. ) ;
#1405 = EDGE_LOOP ( 'NONE', ( #30, #441, #311, #633 ) ) ;
#1406 = EDGE_CURVE ( 'NONE', #203, #276, #706, .T. ) ;
#1407 = CARTESIAN_POINT ( 'NONE',  ( 60.00000000000000000, 3.000000000000000000, -40.02069142940470670 ) ) ;
#1408 = PLANE ( 'NONE',  #875 ) ;
#1409 = EDGE_CURVE ( 'NONE', #962, #1667, #1555, .T. ) ;
#1410 = ORIENTED_EDGE ( 'NONE', *, *, #1392, .T. ) ;
#1411 = DATE_AND_TIME ( #1808, #421 ) ;
#1412 = CARTESIAN_POINT ( 'NONE',  ( 60.00000000000000000, 3.000000000000000000, -40.02069142940470670 ) ) ;
#1413 = CARTESIAN_POINT ( 'NONE',  ( 0.000000000000000000, 0.000000000000000000, -49.99999999999999289 ) ) ;
#1414 = ORIENTED_EDGE ( 'NONE', *, *, #1900, .F. ) ;
#1415 = FACE_OUTER_BOUND ( 'NONE', #982, .T. ) ;
#1416 = LINE ( 'NONE', #1384, #591 ) ;
#1417 = ORIENTED_EDGE ( 'NONE', *, *, #1846, .T. ) ;
#1418 = DIRECTION ( 'NONE',  ( 1.000000000000000000, 0.000000000000000000, 1.982541115402065110E-16 ) ) ;
#1419 = CYLINDRICAL_SURFACE ( 'NONE', #1435, 10.00000000000000178 ) ;
#1420 = ADVANCED_FACE ( 'NONE', ( #920 ), #1513, .F. ) ;
#1421 = ORIENTED_EDGE ( 'NONE', *, *, #43, .F. ) ;
#1422 = LINE ( 'NONE', #972, #1159 ) ;
#1423 = EDGE_LOOP ( 'NONE', ( #775, #1783 ) ) ;
#1424 = DIRECTION ( 'NONE',  ( 0.000000000000000000, 0.000000000000000000, 1.000000000000000000 ) ) ;
#1425 = ORIENTED_EDGE ( 'NONE', *, *, #1568, .F. ) ;
#1426 = VECTOR ( 'NONE', #1889, 1000.000000000000000 ) ;
#1427 = DIRECTION ( 'NONE',  ( 0.000000000000000000, 0.000000000000000000, -1.000000000000000000 ) ) ;
#1428 = DIRECTION ( 'NONE',  ( 0.000000000000000000, 0.000000000000000000, 1.000000000000000000 ) ) ;
#1429 = VECTOR ( 'NONE', #474, 1000.000000000000000 ) ;
#1430 = ORIENTED_EDGE ( 'NONE', *, *, #770, .T. ) ;
#1431 = AXIS2_PLACEMENT_3D ( 'NONE', #774, #445, #1634 ) ;
#1432 = DIRECTION ( 'NONE',  ( 0.000000000000000000, -1.000000000000000000, 0.000000000000000000 ) ) ;
#1433 = VERTEX_POINT ( 'NONE', #298 ) ;
#1434 = ADVANCED_FACE ( 'NONE', ( #1593 ), #412, .F. ) ;
#1435 = AXIS2_PLACEMENT_3D ( 'NONE', #393, #1726, #1449 ) ;
#1436 = CARTESIAN_POINT ( 'NONE',  ( -11.00000000000000000, 3.000000000000000000, -37.02069142940469959 ) ) ;
#1437 = DIRECTION ( 'NONE',  ( 0.000000000000000000, 0.000000000000000000, 1.000000000000000000 ) ) ;
#1438 = DIRECTION ( 'NONE',  ( -0.000000000000000000, -1.000000000000000000, -0.000000000000000000 ) ) ;
#1439 = LINE ( 'NONE', #995, #967 ) ;
#1440 = VERTEX_POINT ( 'NONE', #1293 ) ;
#1441 = CARTESIAN_POINT ( 'NONE',  ( 19.99999999999999645, 0.000000000000000000, -30.02069142940470314 ) ) ;
#1442 = CARTESIAN_POINT ( 'NONE',  ( 30.00000000000000000, 5.000000000000000000, -27.52069142940469959 ) ) ;
#1443 = LINE ( 'NONE', #285, #41 ) ;
#1444 = CARTESIAN_POINT ( 'NONE',  ( -11.00000000000000000, 3.000000000000000000, -37.02069142940469959 ) ) ;
#1445 = EDGE_CURVE ( 'NONE', #228, #276, #1901, .T. ) ;
#1446 = CARTESIAN_POINT ( 'NONE',  ( -11.00000000000000000, 5.000000000000000000, -52.02069142940469959 ) ) ;
#1447 = ORIENTED_EDGE ( 'NONE', *, *, #504, .F. ) ;
#1448 = CARTESIAN_POINT ( 'NONE',  ( -3.000000000000000000, -13.00000000000000533, -51.02349987313248647 ) ) ;
#1449 = DIRECTION ( 'NONE',  ( 0.000000000000000000, 0.000000000000000000, -1.000000000000000000 ) ) ;
#1450 = ORIENTED_EDGE ( 'NONE', *, *, #1799, .F. ) ;
#1451 = CARTESIAN_POINT ( 'NONE',  ( 71.00000000000000000, 0.000000000000000000, -20.02069142940470314 ) ) ;
#1452 = DIRECTION ( 'NONE',  ( 8.673617379884035472E-16, 0.000000000000000000, -1.000000000000000000 ) ) ;
#1453 = AXIS2_PLACEMENT_3D ( 'NONE', #448, #1203, #1754 ) ;
#1454 = ORIENTED_EDGE ( 'NONE', *, *, #1354, .F. ) ;
#1455 = EDGE_CURVE ( 'NONE', #1630, #1381, #815, .T. ) ;
#1456 = CARTESIAN_POINT ( 'NONE',  ( -24.13018215910741304, -0.9316521351822766306, 0.000000000000000000 ) ) ;
#1457 = LINE ( 'NONE', #127, #454 ) ;
#1458 = VECTOR ( 'NONE', #530, 1000.000000000000000 ) ;
#1459 = CARTESIAN_POINT ( 'NONE',  ( 10.00000000000000000, 3.000000000000000000, -49.99999999999999289 ) ) ;
#1460 = CARTESIAN_POINT ( 'NONE',  ( -24.13018215910741304, -0.9316521351822766306, -51.02349987313248647 ) ) ;
#1461 = VECTOR ( 'NONE', #1582, 1000.000000000000000 ) ;
#1462 = AXIS2_PLACEMENT_3D ( 'NONE', #387, #1559, #836 ) ;
#1463 = CYLINDRICAL_SURFACE ( 'NONE', #1123, 10.00000000000000178 ) ;
#1464 = DIRECTION ( 'NONE',  ( 0.000000000000000000, 0.000000000000000000, -1.000000000000000000 ) ) ;
#1465 = ORIENTED_EDGE ( 'NONE', *, *, #990, .T. ) ;
#1466 = ORIENTED_EDGE ( 'NONE', *, *, #1245, .T. ) ;
#1467 = DIRECTION ( 'NONE',  ( -1.000000000000000000, 0.000000000000000000, 0.000000000000000000 ) ) ;
#1468 = CC_DESIGN_PERSON_AND_ORGANIZATION_ASSIGNMENT ( #1546, #1352, ( #676 ) ) ;
#1469 = CARTESIAN_POINT ( 'NONE',  ( 71.00000000000000000, 0.000000000000000000, -25.02069142940470314 ) ) ;
#1470 = CARTESIAN_POINT ( 'NONE',  ( -11.00000000000000000, 5.000000000000000000, -20.02069142940469959 ) ) ;
#1471 = EDGE_CURVE ( 'NONE', #826, #1021, #103, .T. ) ;
#1472 = CYLINDRICAL_SURFACE ( 'NONE', #1490, 2.999999999999999112 ) ;
#1473 = CARTESIAN_POINT ( 'NONE',  ( 0.000000000000000000, 5.000000000000000000, -10.00000000000000000 ) ) ;
#1474 = DIRECTION ( 'NONE',  ( -0.000000000000000000, -0.000000000000000000, 1.000000000000000000 ) ) ;
#1475 = VERTEX_POINT ( 'NONE', #293 ) ;
#1476 = VERTEX_POINT ( 'NONE', #878 ) ;
#1477 = CARTESIAN_POINT ( 'NONE',  ( 40.00000000000000000, 3.000000000000000000, -30.02069142940470314 ) ) ;
#1478 = DIRECTION ( 'NONE',  ( 0.000000000000000000, 0.000000000000000000, -1.000000000000000000 ) ) ;
#1479 = CARTESIAN_POINT ( 'NONE',  ( 71.00000000000000000, 3.000000000000000000, -35.02069142940470670 ) ) ;
#1480 = VERTEX_POINT ( 'NONE', #612 ) ;
#1481 = DIRECTION ( 'NONE',  ( 0.000000000000000000, 0.000000000000000000, 1.000000000000000000 ) ) ;
#1482 = EDGE_CURVE ( 'NONE', #1507, #927, #1214, .T. ) ;
#1483 = CARTESIAN_POINT ( 'NONE',  ( -22.48021415178936167, -16.00000000000000355, -51.02349987313248647 ) ) ;
#1484 = DIRECTION ( 'NONE',  ( -0.000000000000000000, 1.000000000000000000, -0.000000000000000000 ) ) ;
#1485 = VERTEX_POINT ( 'NONE', #32 ) ;
#1486 = CIRCLE ( 'NONE', #1613, 2.500000000000002220 ) ;
#1487 = DIRECTION ( 'NONE',  ( -1.000000000000000000, 0.000000000000000000, 0.000000000000000000 ) ) ;
#1488 = DIRECTION ( 'NONE',  ( 0.000000000000000000, 1.000000000000000000, 0.000000000000000000 ) ) ;
#1489 = VERTEX_POINT ( 'NONE', #1797 ) ;
#1490 = AXIS2_PLACEMENT_3D ( 'NONE', #1610, #704, #722 ) ;
#1491 = CIRCLE ( 'NONE', #1243, 2.499999999999995115 ) ;
#1492 = EDGE_CURVE ( 'NONE', #1793, #1240, #1834, .T. ) ;
#1493 = AXIS2_PLACEMENT_3D ( 'NONE', #606, #1484, #327 ) ;
#1494 = DIRECTION ( 'NONE',  ( 0.000000000000000000, -1.000000000000000000, 0.000000000000000000 ) ) ;
#1495 = LINE ( 'NONE', #1042, #1527 ) ;
#1496 = ORIENTED_EDGE ( 'NONE', *, *, #1857, .F. ) ;
#1497 = EDGE_CURVE ( 'NONE', #1489, #1674, #866, .T. ) ;
#1499 = ORIENTED_EDGE ( 'NONE', *, *, #1011, .T. ) ;
#1498 = AXIS2_PLACEMENT_3D ( 'NONE', #566, #274, #1464 ) ;
#1500 = CARTESIAN_POINT ( 'NONE',  ( 30.00000000000000000, 0.000000000000000000, -20.02069142940470314 ) ) ;
#1501 = DIRECTION ( 'NONE',  ( 0.000000000000000000, 0.000000000000000000, 1.000000000000000000 ) ) ;
#1502 = CARTESIAN_POINT ( 'NONE',  ( -10.00000000000000000, 0.000000000000000000, -30.02069142940468893 ) ) ;
#1503 = ORIENTED_EDGE ( 'NONE', *, *, #1877, .T. ) ;
#1504 = CARTESIAN_POINT ( 'NONE',  ( 60.00000000000000000, 3.000000000000000000, -49.99999999999999289 ) ) ;
#1505 = DIRECTION ( 'NONE',  ( -1.000000000000000000, 0.000000000000000000, 0.000000000000000000 ) ) ;
#1506 = ORIENTED_EDGE ( 'NONE', *, *, #825, .F. ) ;
#1507 = VERTEX_POINT ( 'NONE', #728 ) ;
#1508 = EDGE_CURVE ( 'NONE', #1660, #761, #1095, .T. ) ;
#1509 = MECHANICAL_CONTEXT ( 'NONE', #167, 'mechanical' ) ;
#1510 = CARTESIAN_POINT ( 'NONE',  ( 30.00000000000000000, 5.000000000000000000, -37.52069142940469959 ) ) ;
#1511 = ORIENTED_EDGE ( 'NONE', *, *, #1241, .F. ) ;
#1512 = CARTESIAN_POINT ( 'NONE',  ( 19.99999999999999645, 3.000000000000000000, -32.52069142940469959 ) ) ;
#1513 = CYLINDRICAL_SURFACE ( 'NONE', #648, 2.500000000000002220 ) ;
#1514 = PLANE ( 'NONE',  #370 ) ;
#1515 = PLANE ( 'NONE',  #1395 ) ;
#1516 = ORIENTED_EDGE ( 'NONE', *, *, #31, .T. ) ;
#1517 = CARTESIAN_POINT ( 'NONE',  ( 10.00000000000000000, 0.000000000000000000, -10.00000000000000000 ) ) ;
#1518 = CARTESIAN_POINT ( 'NONE',  ( -22.88018215910740949, -0.9316521351822766306, -51.02349987313248647 ) ) ;
#1519 = EDGE_LOOP ( 'NONE', ( #1695, #795, #681, #780 ) ) ;
#1520 = EDGE_CURVE ( 'NONE', #1476, #332, #968, .T. ) ;
#1521 = CARTESIAN_POINT ( 'NONE',  ( -22.48021415178936167, -16.00000000000000355, -55.02069142940469959 ) ) ;
#1522 = AXIS2_PLACEMENT_3D ( 'NONE', #22, #894, #736 ) ;
#1523 = VECTOR ( 'NONE', #1344, 1000.000000000000000 ) ;
#1524 = VECTOR ( 'NONE', #1885, 1000.000000000000000 ) ;
#1525 = DIRECTION ( 'NONE',  ( -0.000000000000000000, -0.000000000000000000, 1.000000000000000000 ) ) ;
#1526 = VERTEX_POINT ( 'NONE', #910 ) ;
#1527 = VECTOR ( 'NONE', #1330, 1000.000000000000000 ) ;
#1528 = DIRECTION ( 'NONE',  ( -0.000000000000000000, 1.000000000000000000, -0.000000000000000000 ) ) ;
#1529 = AXIS2_PLACEMENT_3D ( 'NONE', #1609, #1481, #1910 ) ;
#1530 = EDGE_LOOP ( 'NONE', ( #379, #1815, #1822, #244, #108, #943, #945, #1768, #1835, #499 ) ) ;
#1531 = EDGE_CURVE ( 'NONE', #1153, #1614, #315, .T. ) ;
#1532 = DIRECTION ( 'NONE',  ( -0.000000000000000000, -1.000000000000000000, -0.000000000000000000 ) ) ;
#1533 = EDGE_CURVE ( 'NONE', #581, #1153, #1024, .T. ) ;
#1534 = DIRECTION ( 'NONE',  ( -0.000000000000000000, -1.000000000000000000, -0.000000000000000000 ) ) ;
#1535 = ORIENTED_EDGE ( 'NONE', *, *, #150, .F. ) ;
#1536 = DIRECTION ( 'NONE',  ( 0.000000000000000000, -1.000000000000000000, 0.000000000000000000 ) ) ;
#1537 = ORIENTED_EDGE ( 'NONE', *, *, #1379, .T. ) ;
#1538 = DIRECTION ( 'NONE',  ( 0.000000000000000000, 0.000000000000000000, -1.000000000000000000 ) ) ;
#1539 = ADVANCED_FACE ( 'NONE', ( #740 ), #1334, .F. ) ;
#1540 = PERSON_AND_ORGANIZATION ( #739, #1271 ) ;
#1541 = CARTESIAN_POINT ( 'NONE',  ( 10.00000000000000000, 0.000000000000000000, -60.00000000000000000 ) ) ;
#1542 = ORIENTED_EDGE ( 'NONE', *, *, #1379, .F. ) ;
#1543 = ORIENTED_EDGE ( 'NONE', *, *, #1737, .T. ) ;
#1544 = CARTESIAN_POINT ( 'NONE',  ( -10.00000000000000000, 3.000000000000000000, -30.02069142940468893 ) ) ;
#1545 = VERTEX_POINT ( 'NONE', #1197 ) ;
#1546 = PERSON_AND_ORGANIZATION ( #739, #1271 ) ;
#1547 = LINE ( 'NONE', #1849, #1865 ) ;
#1548 = ADVANCED_FACE ( 'NONE', ( #1784 ), #1049, .F. ) ;
#1549 = CIRCLE ( 'NONE', #396, 2.500000000000002220 ) ;
#1550 = ORIENTED_EDGE ( 'NONE', *, *, #1694, .F. ) ;
#1551 = VECTOR ( 'NONE', #619, 1000.000000000000000 ) ;
#1552 = ADVANCED_FACE ( 'NONE', ( #1820 ), #769, .T. ) ;
#1554 = ORIENTED_EDGE ( 'NONE', *, *, #1508, .T. ) ;
#1553 = VECTOR ( 'NONE', #1394, 1000.000000000000000 ) ;
#1555 = CIRCLE ( 'NONE', #1161, 2.500000000000005773 ) ;
#1556 = PLANE ( 'NONE',  #1743 ) ;
#1557 = CARTESIAN_POINT ( 'NONE',  ( 40.00000000000000000, 0.000000000000000000, -30.02069142940470314 ) ) ;
#1558 = VECTOR ( 'NONE', #464, 1000.000000000000000 ) ;
#1559 = DIRECTION ( 'NONE',  ( -0.000000000000000000, -1.000000000000000000, -0.000000000000000000 ) ) ;
#1560 = ORIENTED_EDGE ( 'NONE', *, *, #51, .T. ) ;
#1561 = PERSON_AND_ORGANIZATION_ROLE ( 'design_owner' ) ;
#1562 = DIRECTION ( 'NONE',  ( 0.000000000000000000, 0.000000000000000000, -1.000000000000000000 ) ) ;
#1563 = VERTEX_POINT ( 'NONE', #1693 ) ;
#1564 = LINE ( 'NONE', #1864, #125 ) ;
#1565 = FACE_OUTER_BOUND ( 'NONE', #238, .T. ) ;
#1566 = PLANE ( 'NONE',  #158 ) ;
#1567 = ORIENTED_EDGE ( 'NONE', *, *, #1482, .T. ) ;
#1568 = EDGE_CURVE ( 'NONE', #1485, #1381, #1341, .T. ) ;
#1569 = DIRECTION ( 'NONE',  ( 0.000000000000000000, -0.000000000000000000, 1.000000000000000000 ) ) ;
#1570 = CARTESIAN_POINT ( 'NONE',  ( 49.99999999999999289, 5.000000000000000000, -60.00000000000000000 ) ) ;
#1571 = EDGE_LOOP ( 'NONE', ( #764, #1499 ) ) ;
#1572 = DATE_TIME_ROLE ( 'classification_date' ) ;
#1573 = ORIENTED_EDGE ( 'NONE', *, *, #1862, .F. ) ;
#1574 = CARTESIAN_POINT ( 'NONE',  ( -25.48021415178936167, 2.000000000000001776, -55.02069142940469959 ) ) ;
#1575 = CARTESIAN_POINT ( 'NONE',  ( -2.999999999999999112, -16.00000000000000355, -55.02069142940469959 ) ) ;
#1576 = DIRECTION ( 'NONE',  ( 1.000000000000000000, 0.000000000000000000, 0.000000000000000000 ) ) ;
#1577 = ORIENTED_EDGE ( 'NONE', *, *, #109, .F. ) ;
#1578 = FACE_BOUND ( 'NONE', #70, .T. ) ;
#1579 = CARTESIAN_POINT ( 'NONE',  ( -11.00000000000000000, 5.000000000000000000, -35.02069142940470670 ) ) ;
#1580 = EDGE_CURVE ( 'NONE', #629, #1630, #77, .T. ) ;
#1581 = ORIENTED_EDGE ( 'NONE', *, *, #535, .F. ) ;
#1582 = DIRECTION ( 'NONE',  ( -1.000000000000000000, -0.000000000000000000, -1.982541115402065110E-16 ) ) ;
#1583 = ORIENTED_EDGE ( 'NONE', *, *, #574, .F. ) ;
#1584 = LOCAL_TIME ( 23, 51, 29.00000000000000000, #1249 ) ;
#1585 = CYLINDRICAL_SURFACE ( 'NONE', #869, 2.999999999999999112 ) ;
#1586 = ORIENTED_EDGE ( 'NONE', *, *, #1734, .T. ) ;
#1587 = CIRCLE ( 'NONE', #1828, 3.000000000000000000 ) ;
#1588 = CARTESIAN_POINT ( 'NONE',  ( 0.000000000000000000, 0.000000000000000000, 0.000000000000000000 ) ) ;
#1589 = CARTESIAN_POINT ( 'NONE',  ( 0.000000000000000000, 5.000000000000000888, 0.000000000000000000 ) ) ;
#1590 = AXIS2_PLACEMENT_3D ( 'NONE', #705, #263, #723 ) ;
#1591 = AXIS2_PLACEMENT_3D ( 'NONE', #162, #756, #287 ) ;
#1592 = ADVANCED_FACE ( 'NONE', ( #783, #1679, #1226 ), #645, .F. ) ;
#1593 = FACE_OUTER_BOUND ( 'NONE', #224, .T. ) ;
#1594 = CIRCLE ( 'NONE', #1194, 1.249999999999997558 ) ;
#1595 = VERTEX_POINT ( 'NONE', #40 ) ;
#1596 = ADVANCED_FACE ( 'NONE', ( #481 ), #487, .F. ) ;
#1597 = VECTOR ( 'NONE', #989, 1000.000000000000000 ) ;
#1598 = CYLINDRICAL_SURFACE ( 'NONE', #1363, 2.499999999999995115 ) ;
#1599 = ORIENTED_EDGE ( 'NONE', *, *, #862, .F. ) ;
#1600 = DIRECTION ( 'NONE',  ( 0.000000000000000000, 0.000000000000000000, 1.000000000000000000 ) ) ;
#1601 = CARTESIAN_POINT ( 'NONE',  ( 19.99999999999999645, 5.000000000000000000, -30.02069142940470314 ) ) ;
#1602 = DIRECTION ( 'NONE',  ( 0.000000000000000000, 0.000000000000000000, -1.000000000000000000 ) ) ;
#1603 = EDGE_CURVE ( 'NONE', #581, #199, #1594, .T. ) ;
#1604 = DIRECTION ( 'NONE',  ( 0.000000000000000000, 0.000000000000000000, -1.000000000000000000 ) ) ;
#1605 = CARTESIAN_POINT ( 'NONE',  ( 30.00000000000000000, 5.000000000000000000, -20.02069142940470314 ) ) ;
#1606 = ORIENTED_EDGE ( 'NONE', *, *, #708, .T. ) ;
#1607 = DIRECTION ( 'NONE',  ( 0.000000000000000000, 0.000000000000000000, -1.000000000000000000 ) ) ;
#1608 = CARTESIAN_POINT ( 'NONE',  ( 69.99999999999998579, 5.000000000000000000, -32.52069142940471380 ) ) ;
#1609 = CARTESIAN_POINT ( 'NONE',  ( -22.88018215910740949, -0.9316521351822766306, -55.02069142940469959 ) ) ;
#1610 = CARTESIAN_POINT ( 'NONE',  ( -22.48021415178936167, -13.00000000000000533, 0.000000000000000000 ) ) ;
#1611 = APPROVAL ( #79, 'UNSPECIFIED' ) ;
#1612 = FACE_OUTER_BOUND ( 'NONE', #1730, .T. ) ;
#1613 = AXIS2_PLACEMENT_3D ( 'NONE', #1037, #1488, #1501 ) ;
#1614 = VERTEX_POINT ( 'NONE', #657 ) ;
#1615 = CARTESIAN_POINT ( 'NONE',  ( 60.00000000000000000, 0.000000000000000000, -49.99999999999999289 ) ) ;
#1616 = ORIENTED_EDGE ( 'NONE', *, *, #330, .T. ) ;
#1617 = EDGE_CURVE ( 'NONE', #471, #1100, #919, .T. ) ;
#1618 = DIRECTION ( 'NONE',  ( 0.000000000000000000, 0.000000000000000000, 1.000000000000000000 ) ) ;
#1619 = CARTESIAN_POINT ( 'NONE',  ( -3.000000000000006217, -16.00000000000000355, -51.02349987313248647 ) ) ;
#1620 = CARTESIAN_POINT ( 'NONE',  ( -24.13018215910750897, -10.43165213518227574, 0.000000000000000000 ) ) ;
#1621 = CARTESIAN_POINT ( 'NONE',  ( 0.000000000000000000, 3.000000000000000000, -37.02069142940469959 ) ) ;
#1622 = AXIS2_PLACEMENT_3D ( 'NONE', #511, #690, #1288 ) ;
#1623 = VECTOR ( 'NONE', #940, 1000.000000000000000 ) ;
#1624 = AXIS2_PLACEMENT_3D ( 'NONE', #1557, #1890, #667 ) ;
#1625 = CARTESIAN_POINT ( 'NONE',  ( -11.00000000000000000, 0.000000000000000000, -25.02069142940469959 ) ) ;
#1626 = DIRECTION ( 'NONE',  ( 0.000000000000000000, 0.000000000000000000, -1.000000000000000000 ) ) ;
#1627 = EDGE_LOOP ( 'NONE', ( #82, #846, #955, #510 ) ) ;
#1628 = LINE ( 'NONE', #1456, #934 ) ;
#1629 = DIRECTION ( 'NONE',  ( 0.000000000000000000, -1.000000000000000000, 0.000000000000000000 ) ) ;
#1630 = VERTEX_POINT ( 'NONE', #1247 ) ;
#1631 = EDGE_CURVE ( 'NONE', #471, #701, #790, .T. ) ;
#1632 = DIRECTION ( 'NONE',  ( 0.000000000000000000, -1.000000000000000000, 0.000000000000000000 ) ) ;
#1633 = DIRECTION ( 'NONE',  ( -0.000000000000000000, 1.000000000000000000, -0.000000000000000000 ) ) ;
#1634 = DIRECTION ( 'NONE',  ( 0.000000000000000000, 0.000000000000000000, -1.000000000000000000 ) ) ;
#1635 = ORIENTED_EDGE ( 'NONE', *, *, #1669, .T. ) ;
#1636 = VERTEX_POINT ( 'NONE', #357 ) ;
#1637 = UNCERTAINTY_MEASURE_WITH_UNIT (LENGTH_MEASURE( 1.000000000000000082E-05 ), #507, 'distance_accuracy_value', 'NONE');
#1638 = CARTESIAN_POINT ( 'NONE',  ( 69.99999999999998579, 5.000000000000000000, -27.52069142940469604 ) ) ;
#1639 = CARTESIAN_POINT ( 'NONE',  ( 0.000000000000000000, 5.000000000000000000, -40.02069142940470670 ) ) ;
#1640 = EDGE_LOOP ( 'NONE', ( #1081, #437, #1511, #924 ) ) ;
#1641 = EDGE_CURVE ( 'NONE', #124, #6, #1094, .T. ) ;
#1642 = EDGE_CURVE ( 'NONE', #1370, #1489, #218, .T. ) ;
#1643 = FACE_OUTER_BOUND ( 'NONE', #1719, .T. ) ;
#1644 = DIRECTION ( 'NONE',  ( -0.000000000000000000, 1.000000000000000000, -0.000000000000000000 ) ) ;
#1645 = ORIENTED_EDGE ( 'NONE', *, *, #1888, .T. ) ;
#1646 = CIRCLE ( 'NONE', #711, 3.000000000000002665 ) ;
#1647 = DIRECTION ( 'NONE',  ( 0.000000000000000000, 1.000000000000000000, 0.000000000000000000 ) ) ;
#1648 = DIRECTION ( 'NONE',  ( 0.000000000000000000, 0.000000000000000000, 1.000000000000000000 ) ) ;
#1649 = ORIENTED_EDGE ( 'NONE', *, *, #1012, .F. ) ;
#1650 = DIRECTION ( 'NONE',  ( 0.000000000000000000, 0.000000000000000000, -1.000000000000000000 ) ) ;
#1651 = CIRCLE ( 'NONE', #803, 2.500000000000002220 ) ;
#1652 = AXIS2_PLACEMENT_3D ( 'NONE', #1188, #1005, #1776 ) ;
#1653 = VECTOR ( 'NONE', #1830, 1000.000000000000000 ) ;
#1654 = EDGE_CURVE ( 'NONE', #363, #820, #1035, .T. ) ;
#1655 = CIRCLE ( 'NONE', #1775, 4.999999999999997335 ) ;
#1656 = DIRECTION ( 'NONE',  ( 0.000000000000000000, 0.000000000000000000, -1.000000000000000000 ) ) ;
#1657 = FACE_OUTER_BOUND ( 'NONE', #1359, .T. ) ;
#1658 = EDGE_LOOP ( 'NONE', ( #1284, #1254 ) ) ;
#1660 = VERTEX_POINT ( 'NONE', #1512 ) ;
#1659 = CIRCLE ( 'NONE', #1717, 2.500000000000002220 ) ;
#1661 = ORIENTED_EDGE ( 'NONE', *, *, #699, .T. ) ;
#1662 = CARTESIAN_POINT ( 'NONE',  ( -25.48021415178936167, -16.00000000000000355, -51.02349987313248647 ) ) ;
#1663 = CARTESIAN_POINT ( 'NONE',  ( 40.00000000000000000, 5.000000000000000000, -27.52069142940469959 ) ) ;
#1664 = EDGE_CURVE ( 'NONE', #83, #1796, #1810, .T. ) ;
#1665 = FACE_OUTER_BOUND ( 'NONE', #1238, .T. ) ;
#1666 = EDGE_LOOP ( 'NONE', ( #420, #1852, #1430, #622 ) ) ;
#1667 = VERTEX_POINT ( 'NONE', #473 ) ;
#1668 = CARTESIAN_POINT ( 'NONE',  ( 49.99999999999999289, 3.000000000000000000, 0.000000000000000000 ) ) ;
#1669 = EDGE_CURVE ( 'NONE', #1667, #962, #191, .T. ) ;
#1670 = EDGE_LOOP ( 'NONE', ( #953, #472 ) ) ;
#1671 = DIRECTION ( 'NONE',  ( 0.000000000000000000, -1.000000000000000000, 0.000000000000000000 ) ) ;
#1672 = CARTESIAN_POINT ( 'NONE',  ( -25.48021415178936167, 5.000000000000000888, -51.02349987313248647 ) ) ;
#1673 = DIRECTION ( 'NONE',  ( -0.000000000000000000, -1.000000000000000000, -0.000000000000000000 ) ) ;
#1674 = VERTEX_POINT ( 'NONE', #540 ) ;
#1675 = ADVANCED_FACE ( 'NONE', ( #1745 ), #1419, .T. ) ;
#1676 = DIRECTION ( 'NONE',  ( -0.000000000000000000, -1.000000000000000000, -0.000000000000000000 ) ) ;
#1677 = ORIENTED_EDGE ( 'NONE', *, *, #1047, .F. ) ;
#1678 = ADVANCED_FACE ( 'NONE', ( #978 ), #94, .F. ) ;
#1679 = FACE_BOUND ( 'NONE', #872, .T. ) ;
#1680 = CIRCLE ( 'NONE', #1739, 2.500000000000002220 ) ;
#1681 = AXIS2_PLACEMENT_3D ( 'NONE', #1813, #1087, #1346 ) ;
#1682 = CARTESIAN_POINT ( 'NONE',  ( 40.00000000000000000, 5.000000000000000000, -30.02069142940470314 ) ) ;
#1683 = ORIENTED_EDGE ( 'NONE', *, *, #1664, .T. ) ;
#1684 = VECTOR ( 'NONE', #1729, 1000.000000000000000 ) ;
#1685 = VECTOR ( 'NONE', #166, 1000.000000000000000 ) ;
#1686 = CARTESIAN_POINT ( 'NONE',  ( 0.000000000000000000, 0.000000000000000000, -20.02069142940469959 ) ) ;
#1687 = ORIENTED_EDGE ( 'NONE', *, *, #1131, .F. ) ;
#1688 = AXIS2_PLACEMENT_3D ( 'NONE', #998, #1881, #253 ) ;
#1689 = EDGE_CURVE ( 'NONE', #1400, #1367, #1146, .T. ) ;
#1690 = ORIENTED_EDGE ( 'NONE', *, *, #340, .F. ) ;
#1691 = DIRECTION ( 'NONE',  ( 0.000000000000000000, 0.000000000000000000, -1.000000000000000000 ) ) ;
#1692 = ORIENTED_EDGE ( 'NONE', *, *, #1482, .F. ) ;
#1693 = CARTESIAN_POINT ( 'NONE',  ( 60.00000000000000000, 0.000000000000000000, -20.02069142940470314 ) ) ;
#1694 = EDGE_CURVE ( 'NONE', #1480, #857, #678, .T. ) ;
#1695 = ORIENTED_EDGE ( 'NONE', *, *, #1846, .F. ) ;
#1696 = EDGE_CURVE ( 'NONE', #276, #477, #531, .T. ) ;
#1697 = FACE_BOUND ( 'NONE', #1423, .T. ) ;
#1698 = APPROVAL_DATE_TIME ( #1411, #1611 ) ;
#1699 = CARTESIAN_POINT ( 'NONE',  ( 0.000000000000000000, 5.000000000000000000, -20.02069142940469959 ) ) ;
#1700 = DIRECTION ( 'NONE',  ( 0.000000000000000000, -0.000000000000000000, -1.000000000000000000 ) ) ;
#1701 = ORIENTED_EDGE ( 'NONE', *, *, #658, .F. ) ;
#1702 = ORIENTED_EDGE ( 'NONE', *, *, #1019, .T. ) ;
#1703 = DIRECTION ( 'NONE',  ( 0.000000000000000000, 1.000000000000000000, 0.000000000000000000 ) ) ;
#1704 = LINE ( 'NONE', #1854, #1225 ) ;
#1705 = ORIENTED_EDGE ( 'NONE', *, *, #350, .F. ) ;
#1706 = DIRECTION ( 'NONE',  ( 0.000000000000000000, 0.000000000000000000, -1.000000000000000000 ) ) ;
#1707 = AXIS2_PLACEMENT_3D ( 'NONE', #269, #140, #879 ) ;
#1708 = VERTEX_POINT ( 'NONE', #548 ) ;
#1709 = ADVANCED_FACE ( 'NONE', ( #1155 ), #503, .T. ) ;
#1710 = CIRCLE ( 'NONE', #1336, 2.500000000000009326 ) ;
#1711 = DIRECTION ( 'NONE',  ( -1.000000000000000000, 0.000000000000000000, 0.000000000000000000 ) ) ;
#1713 = ORIENTED_EDGE ( 'NONE', *, *, #339, .T. ) ;
#1712 = CIRCLE ( 'NONE', #750, 2.999999999999999112 ) ;
#1714 = AXIS2_PLACEMENT_3D ( 'NONE', #200, #1388, #65 ) ;
#1715 = DIRECTION ( 'NONE',  ( 0.000000000000000000, 0.000000000000000000, 1.000000000000000000 ) ) ;
#1716 = FACE_OUTER_BOUND ( 'NONE', #1141, .T. ) ;
#1717 = AXIS2_PLACEMENT_3D ( 'NONE', #834, #1276, #710 ) ;
#1718 = VERTEX_POINT ( 'NONE', #114 ) ;
#1719 = EDGE_LOOP ( 'NONE', ( #154, #1851, #1705, #892 ) ) ;
#1720 = EDGE_CURVE ( 'NONE', #1244, #1718, #240, .T. ) ;
#1721 = FACE_OUTER_BOUND ( 'NONE', #329, .T. ) ;
#1722 = CARTESIAN_POINT ( 'NONE',  ( -10.00000000000000000, 3.000000000000000000, -32.52069142940469249 ) ) ;
#1723 = EDGE_LOOP ( 'NONE', ( #788, #47 ) ) ;
#1724 = EDGE_CURVE ( 'NONE', #628, #617, #1704, .T. ) ;
#1725 = CARTESIAN_POINT ( 'NONE',  ( -16.00000000000000000, 3.000000000000000000, 0.000000000000000000 ) ) ;
#1726 = DIRECTION ( 'NONE',  ( 0.000000000000000000, -1.000000000000000000, 0.000000000000000000 ) ) ;
#1727 = ORIENTED_EDGE ( 'NONE', *, *, #1012, .T. ) ;
#1728 = ORIENTED_EDGE ( 'NONE', *, *, #15, .T. ) ;
#1729 = DIRECTION ( 'NONE',  ( 1.000000000000000000, 0.000000000000000000, 1.982541115402065110E-16 ) ) ;
#1730 = EDGE_LOOP ( 'NONE', ( #654, #1692, #1847, #747 ) ) ;
#1731 = FACE_OUTER_BOUND ( 'NONE', #328, .T. ) ;
#1732 = LINE ( 'NONE', #853, #1801 ) ;
#1733 = VERTEX_POINT ( 'NONE', #1137 ) ;
#1734 = EDGE_CURVE ( 'NONE', #1674, #1266, #689, .T. ) ;
#1735 = FACE_OUTER_BOUND ( 'NONE', #106, .T. ) ;
#1736 = CARTESIAN_POINT ( 'NONE',  ( 71.00000000000000000, 5.000000000000000000, -40.02069142940470670 ) ) ;
#1737 = EDGE_CURVE ( 'NONE', #134, #1866, #1659, .T. ) ;
#1738 = ORIENTED_EDGE ( 'NONE', *, *, #1241, .T. ) ;
#1739 = AXIS2_PLACEMENT_3D ( 'NONE', #76, #113, #1715 ) ;
#1740 = DIRECTION ( 'NONE',  ( 0.000000000000000000, 0.000000000000000000, -1.000000000000000000 ) ) ;
#1741 = FACE_OUTER_BOUND ( 'NONE', #861, .T. ) ;
#1742 = ORIENTED_EDGE ( 'NONE', *, *, #1019, .F. ) ;
#1743 = AXIS2_PLACEMENT_3D ( 'NONE', #1588, #666, #1110 ) ;
#1744 = CARTESIAN_POINT ( 'NONE',  ( 30.00000000000000000, 3.000000000000000000, -17.52069142940469959 ) ) ;
#1745 = FACE_OUTER_BOUND ( 'NONE', #541, .T. ) ;
#1746 = VECTOR ( 'NONE', #809, 1000.000000000000000 ) ;
#1747 = EDGE_CURVE ( 'NONE', #694, #124, #231, .T. ) ;
#1748 = CARTESIAN_POINT ( 'NONE',  ( 60.00000000000000000, 0.000000000000000000, 0.000000000000000000 ) ) ;
#1749 = DIRECTION ( 'NONE',  ( 0.000000000000000000, -1.000000000000000000, 0.000000000000000000 ) ) ;
#1750 = DIRECTION ( 'NONE',  ( 0.000000000000000000, 1.000000000000000000, 0.000000000000000000 ) ) ;
#1751 = DIRECTION ( 'NONE',  ( 0.000000000000000000, -1.000000000000000000, 0.000000000000000000 ) ) ;
#1752 = ORIENTED_EDGE ( 'NONE', *, *, #886, .F. ) ;
#1753 = PLANE ( 'NONE',  #428 ) ;
#1754 = DIRECTION ( 'NONE',  ( -1.000000000000000000, 0.000000000000000000, 0.000000000000000000 ) ) ;
#1755 = CARTESIAN_POINT ( 'NONE',  ( -10.00000000000000000, 3.000000000000000000, -30.02069142940468893 ) ) ;
#1756 = CC_DESIGN_PERSON_AND_ORGANIZATION_ASSIGNMENT ( #817, #1561, ( #169 ) ) ;
#1757 = DIRECTION ( 'NONE',  ( 0.000000000000000000, 0.000000000000000000, -1.000000000000000000 ) ) ;
#1758 = VERTEX_POINT ( 'NONE', #1122 ) ;
#1759 = DIRECTION ( 'NONE',  ( -0.000000000000000000, 1.000000000000000000, -0.000000000000000000 ) ) ;
#1760 = ORIENTED_EDGE ( 'NONE', *, *, #1339, .F. ) ;
#1761 = DIRECTION ( 'NONE',  ( 0.000000000000000000, -1.000000000000000000, -0.000000000000000000 ) ) ;
#1762 = CARTESIAN_POINT ( 'NONE',  ( -16.00000000000000000, 3.000000000000000000, -25.02069142940469959 ) ) ;
#1763 = FACE_OUTER_BOUND ( 'NONE', #546, .T. ) ;
#1764 = DIRECTION ( 'NONE',  ( 0.000000000000000000, 0.000000000000000000, 1.000000000000000000 ) ) ;
#1765 = ADVANCED_FACE ( 'NONE', ( #105 ), #1408, .F. ) ;
#1766 = CARTESIAN_POINT ( 'NONE',  ( 69.99999999999998579, 3.000000000000000000, -27.52069142940469604 ) ) ;
#1767 = APPROVAL_PERSON_ORGANIZATION ( #1540, #925, #1839 ) ;
#1768 = ORIENTED_EDGE ( 'NONE', *, *, #1237, .T. ) ;
#1769 = EDGE_LOOP ( 'NONE', ( #724, #1376, #1208, #1661 ) ) ;
#1770 = DIRECTION ( 'NONE',  ( 0.000000000000000000, 1.000000000000000000, 0.000000000000000000 ) ) ;
#1771 = DIRECTION ( 'NONE',  ( 0.000000000000000000, 0.000000000000000000, -1.000000000000000000 ) ) ;
#1772 = CIRCLE ( 'NONE', #742, 2.500000000000002220 ) ;
#1773 = CARTESIAN_POINT ( 'NONE',  ( -22.88018215910751252, -10.43165213518227574, 0.000000000000000000 ) ) ;
#1774 = CIRCLE ( 'NONE', #128, 10.00000000000000178 ) ;
#1775 = AXIS2_PLACEMENT_3D ( 'NONE', #1479, #147, #737 ) ;
#1776 = DIRECTION ( 'NONE',  ( 0.000000000000000000, 0.000000000000000000, -1.000000000000000000 ) ) ;
#1777 = DIRECTION ( 'NONE',  ( 0.000000000000000000, -1.000000000000000000, 0.000000000000000000 ) ) ;
#1778 = VERTEX_POINT ( 'NONE', #824 ) ;
#1779 = ORIENTED_EDGE ( 'NONE', *, *, #150, .T. ) ;
#1780 = CC_DESIGN_DATE_AND_TIME_ASSIGNMENT ( #497, #351, ( #39 ) ) ;
#1781 = LINE ( 'NONE', #1022, #1026 ) ;
#1782 = LINE ( 'NONE', #663, #216 ) ;
#1783 = ORIENTED_EDGE ( 'NONE', *, *, #58, .T. ) ;
#1784 = FACE_OUTER_BOUND ( 'NONE', #616, .T. ) ;
#1785 = CARTESIAN_POINT ( 'NONE',  ( 76.00000000000000000, 0.000000000000000000, -40.02069142940470670 ) ) ;
#1786 = ORIENTED_EDGE ( 'NONE', *, *, #859, .T. ) ;
#1787 = CARTESIAN_POINT ( 'NONE',  ( 30.00000000000000000, 0.000000000000000000, -40.02069142940470670 ) ) ;
#1788 = ORIENTED_EDGE ( 'NONE', *, *, #987, .F. ) ;
#1789 = EDGE_CURVE ( 'NONE', #1292, #1507, #1300, .T. ) ;
#1790 = LINE ( 'NONE', #1785, #1391 ) ;
#1791 = DIRECTION ( 'NONE',  ( 0.000000000000000000, 0.000000000000000000, 1.000000000000000000 ) ) ;
#1792 = VERTEX_POINT ( 'NONE', #965 ) ;
#1793 = VERTEX_POINT ( 'NONE', #1291 ) ;
#1794 = DATE_AND_TIME ( #1210, #960 ) ;
#1795 = LINE ( 'NONE', #460, #72 ) ;
#1796 = VERTEX_POINT ( 'NONE', #85 ) ;
#1797 = CARTESIAN_POINT ( 'NONE',  ( -10.00000000000000000, 3.000000000000000000, -27.52069142940468893 ) ) ;
#1798 = VECTOR ( 'NONE', #1833, 1000.000000000000000 ) ;
#1799 = EDGE_CURVE ( 'NONE', #1630, #1289, #594, .T. ) ;
#1800 = PRODUCT_DEFINITION_SHAPE ( 'NONE', 'NONE',  #39 ) ;
#1801 = VECTOR ( 'NONE', #716, 1000.000000000000000 ) ;
#1802 = EDGE_CURVE ( 'NONE', #1708, #1044, #1343, .T. ) ;
#1803 = AXIS2_PLACEMENT_3D ( 'NONE', #248, #1750, #544 ) ;
#1804 = DIRECTION ( 'NONE',  ( -0.000000000000000000, -1.000000000000000000, -0.000000000000000000 ) ) ;
#1805 = DIRECTION ( 'NONE',  ( -1.000000000000000000, 0.000000000000000000, 0.000000000000000000 ) ) ;
#1806 = EDGE_LOOP ( 'NONE', ( #1007, #1560 ) ) ;
#1807 = ORIENTED_EDGE ( 'NONE', *, *, #746, .T. ) ;
#1808 = CALENDAR_DATE ( 2025, 25, 9 ) ;
#1809 = ORIENTED_EDGE ( 'NONE', *, *, #1747, .T. ) ;
#1810 = LINE ( 'NONE', #1233, #14 ) ;
#1811 = CARTESIAN_POINT ( 'NONE',  ( 0.000000000000000000, 8.000000000000000000, -52.02069142940469959 ) ) ;
#1812 = CC_DESIGN_PERSON_AND_ORGANIZATION_ASSIGNMENT ( #213, #1268, ( #930 ) ) ;
#1813 = CARTESIAN_POINT ( 'NONE',  ( -22.88018215910740949, -0.9316521351822766306, 0.000000000000000000 ) ) ;
#1814 = DIRECTION ( 'NONE',  ( 0.000000000000000000, 0.000000000000000000, 1.000000000000000000 ) ) ;
#1815 = ORIENTED_EDGE ( 'NONE', *, *, #1862, .T. ) ;
#1816 = ADVANCED_FACE ( 'NONE', ( #1716 ), #1916, .F. ) ;
#1817 = ORIENTED_EDGE ( 'NONE', *, *, #1445, .F. ) ;
#1818 = ORIENTED_EDGE ( 'NONE', *, *, #1350, .T. ) ;
#1819 = CARTESIAN_POINT ( 'NONE',  ( 0.000000000000000000, 5.000000000000000000, -49.99999999999999289 ) ) ;
#1820 = FACE_OUTER_BOUND ( 'NONE', #1001, .T. ) ;
#1821 = FACE_OUTER_BOUND ( 'NONE', #799, .T. ) ;
#1822 = ORIENTED_EDGE ( 'NONE', *, *, #1034, .T. ) ;
#1823 = EDGE_CURVE ( 'NONE', #1667, #1475, #440, .T. ) ;
#1824 = CARTESIAN_POINT ( 'NONE',  ( 76.00000000000000000, 0.000000000000000000, -35.02069142940470670 ) ) ;
#1825 = ORIENTED_EDGE ( 'NONE', *, *, #1237, .F. ) ;
#1826 = DIRECTION ( 'NONE',  ( 0.000000000000000000, 0.000000000000000000, -1.000000000000000000 ) ) ;
#1827 = APPROVAL_PERSON_ORGANIZATION ( #1258, #423, #522 ) ;
#1828 = AXIS2_PLACEMENT_3D ( 'NONE', #1448, #560, #749 ) ;
#1829 = DIRECTION ( 'NONE',  ( -0.000000000000000000, 1.000000000000000000, -0.000000000000000000 ) ) ;
#1830 = DIRECTION ( 'NONE',  ( -0.000000000000000000, -1.000000000000000000, -0.000000000000000000 ) ) ;
#1831 = ORIENTED_EDGE ( 'NONE', *, *, #1144, .T. ) ;
#1832 = AXIS2_PLACEMENT_3D ( 'NONE', #1340, #1179, #1626 ) ;
#1833 = DIRECTION ( 'NONE',  ( -0.000000000000000000, -0.000000000000000000, 1.000000000000000000 ) ) ;
#1834 = CIRCLE ( 'NONE', #717, 3.000000000000002665 ) ;
#1835 = ORIENTED_EDGE ( 'NONE', *, *, #859, .F. ) ;
#1836 = ADVANCED_FACE ( 'NONE', ( #137 ), #885, .T. ) ;
#1837 = DIRECTION ( 'NONE',  ( 0.000000000000000000, 1.000000000000000000, 0.000000000000000000 ) ) ;
#1838 = EDGE_CURVE ( 'NONE', #1595, #1292, #1909, .T. ) ;
#1839 = APPROVAL_ROLE ( '' ) ;
#1840 = CARTESIAN_POINT ( 'NONE',  ( 71.00000000000000000, 3.000000000000000000, -20.02069142940470314 ) ) ;
#1841 = ORIENTED_EDGE ( 'NONE', *, *, #1531, .F. ) ;
#1842 = DIRECTION ( 'NONE',  ( 0.000000000000000000, 0.000000000000000000, -1.000000000000000000 ) ) ;
#1843 = ORIENTED_EDGE ( 'NONE', *, *, #204, .F. ) ;
#1844 = CARTESIAN_POINT ( 'NONE',  ( 0.000000000000000000, 0.000000000000000000, -55.02069142940469959 ) ) ;
#1845 = DIRECTION ( 'NONE',  ( 0.000000000000000000, -1.000000000000000000, 0.000000000000000000 ) ) ;
#1846 = EDGE_CURVE ( 'NONE', #1907, #1758, #513, .T. ) ;
#1847 = ORIENTED_EDGE ( 'NONE', *, *, #634, .F. ) ;
#1848 = DIRECTION ( 'NONE',  ( 1.000000000000000000, 0.000000000000000000, 0.000000000000000000 ) ) ;
#1849 = CARTESIAN_POINT ( 'NONE',  ( -21.63018215910751252, -10.43165213518227574, 0.000000000000000000 ) ) ;
#1850 = DIRECTION ( 'NONE',  ( 0.000000000000000000, 0.000000000000000000, 1.000000000000000000 ) ) ;
#1851 = ORIENTED_EDGE ( 'NONE', *, *, #1696, .T. ) ;
#1852 = ORIENTED_EDGE ( 'NONE', *, *, #1508, .F. ) ;
#1853 = DIRECTION ( 'NONE',  ( 0.000000000000000000, 1.000000000000000000, 0.000000000000000000 ) ) ;
#1854 = CARTESIAN_POINT ( 'NONE',  ( 0.000000000000000000, 0.000000000000000000, -40.02069142940470670 ) ) ;
#1855 = AXIS2_PLACEMENT_3D ( 'NONE', #268, #1629, #1166 ) ;
#1856 = ORIENTED_EDGE ( 'NONE', *, *, #1083, .F. ) ;
#1857 = EDGE_CURVE ( 'NONE', #672, #523, #1046, .T. ) ;
#1858 = CALENDAR_DATE ( 2025, 25, 9 ) ;
#1859 = FACE_OUTER_BOUND ( 'NONE', #246, .T. ) ;
#1860 = AXIS2_PLACEMENT_3D ( 'NONE', #136, #1770, #1054 ) ;
#1861 = ORIENTED_EDGE ( 'NONE', *, *, #640, .T. ) ;
#1862 = EDGE_CURVE ( 'NONE', #1014, #810, #1646, .T. ) ;
#1863 = AXIS2_PLACEMENT_3D ( 'NONE', #16, #595, #1913 ) ;
#1864 = CARTESIAN_POINT ( 'NONE',  ( -11.00000000000000000, 8.000000000000000000, -37.02069142940469959 ) ) ;
#1866 = VERTEX_POINT ( 'NONE', #579 ) ;
#1865 = VECTOR ( 'NONE', #992, 1000.000000000000000 ) ;
#1867 = VECTOR ( 'NONE', #1302, 1000.000000000000000 ) ;
#1868 = CARTESIAN_POINT ( 'NONE',  ( -25.48021415178936167, -13.00000000000000533, -51.02349987313248647 ) ) ;
#1869 = DIRECTION ( 'NONE',  ( 0.000000000000000000, -1.000000000000000000, 0.000000000000000000 ) ) ;
#1870 = VERTEX_POINT ( 'NONE', #290 ) ;
#1871 = VECTOR ( 'NONE', #301, 1000.000000000000000 ) ;
#1872 = EDGE_LOOP ( 'NONE', ( #297, #602, #1326, #1861 ) ) ;
#1873 = FACE_OUTER_BOUND ( 'NONE', #734, .T. ) ;
#1874 = CARTESIAN_POINT ( 'NONE',  ( 69.99999999999998579, 0.000000000000000000, -30.02069142940470314 ) ) ;
#1875 = EDGE_CURVE ( 'NONE', #1796, #857, #1486, .T. ) ;
#1876 = ORIENTED_EDGE ( 'NONE', *, *, #1654, .F. ) ;
#1877 = EDGE_CURVE ( 'NONE', #477, #305, #1086, .T. ) ;
#1878 = DIRECTION ( 'NONE',  ( -1.000000000000000000, 0.000000000000000000, 0.000000000000000000 ) ) ;
#1879 = ORIENTED_EDGE ( 'NONE', *, *, #928, .T. ) ;
#1880 = LINE ( 'NONE', #547, #1894 ) ;
#1881 = DIRECTION ( 'NONE',  ( -0.000000000000000000, -0.000000000000000000, -1.000000000000000000 ) ) ;
#1882 = ORIENTED_EDGE ( 'NONE', *, *, #1802, .T. ) ;
#1883 = ORIENTED_EDGE ( 'NONE', *, *, #1520, .T. ) ;
#1884 = EDGE_LOOP ( 'NONE', ( #1270, #1788, #381, #532 ) ) ;
#1885 = DIRECTION ( 'NONE',  ( -1.000000000000000000, -0.000000000000000000, -0.000000000000000000 ) ) ;
#1886 = FACE_OUTER_BOUND ( 'NONE', #828, .T. ) ;
#1887 = VERTEX_POINT ( 'NONE', #1762 ) ;
#1888 = EDGE_CURVE ( 'NONE', #874, #471, #243, .T. ) ;
#1889 = DIRECTION ( 'NONE',  ( -1.000000000000000000, -0.000000000000000000, -0.000000000000000000 ) ) ;
#1890 = DIRECTION ( 'NONE',  ( 0.000000000000000000, 1.000000000000000000, 0.000000000000000000 ) ) ;
#1891 = CARTESIAN_POINT ( 'NONE',  ( 0.000000000000000000, 3.000000000000000000, -20.02069142940469959 ) ) ;
#1892 = ORIENTED_EDGE ( 'NONE', *, *, #204, .T. ) ;
#1893 = CC_DESIGN_APPROVAL ( #423, ( #930 ) ) ;
#1894 = VECTOR ( 'NONE', #1121, 1000.000000000000000 ) ;
#1895 = DIRECTION ( 'NONE',  ( -0.000000000000000000, -1.000000000000000000, -0.000000000000000000 ) ) ;
#1896 = EDGE_LOOP ( 'NONE', ( #1649, #135, #1583, #1496 ) ) ;
#1897 = DIRECTION ( 'NONE',  ( 0.000000000000000000, 0.000000000000000000, -1.000000000000000000 ) ) ;
#1898 = DIRECTION ( 'NONE',  ( 0.000000000000000000, -1.000000000000000000, 0.000000000000000000 ) ) ;
#1899 = CIRCLE ( 'NONE', #187, 10.00000000000000178 ) ;
#1900 = EDGE_CURVE ( 'NONE', #1044, #1708, #1305, .T. ) ;
#1901 = CIRCLE ( 'NONE', #1280, 2.999999999999999112 ) ;
#1902 = EDGE_CURVE ( 'NONE', #927, #480, #1151, .T. ) ;
#1903 = VECTOR ( 'NONE', #1869, 1000.000000000000000 ) ;
#1904 = CYLINDRICAL_SURFACE ( 'NONE', #898, 1.249999999999997558 ) ;
#1905 = CARTESIAN_POINT ( 'NONE',  ( -24.13018215910750897, -10.43165213518227574, -51.02349987313248647 ) ) ;
#1906 = PLANE ( 'NONE',  #1803 ) ;
#1907 = VERTEX_POINT ( 'NONE', #864 ) ;
#1908 = FACE_OUTER_BOUND ( 'NONE', #588, .T. ) ;
#1909 = LINE ( 'NONE', #570, #62 ) ;
#1910 = DIRECTION ( 'NONE',  ( -1.000000000000000000, 0.000000000000000000, 0.000000000000000000 ) ) ;
#1911 = DIRECTION ( 'NONE',  ( 0.000000000000000000, 0.000000000000000000, -1.000000000000000000 ) ) ;
#1912 = EDGE_CURVE ( 'NONE', #6, #1257, #1457, .T. ) ;
#1913 = DIRECTION ( 'NONE',  ( 1.000000000000000000, 0.000000000000000000, 0.000000000000000000 ) ) ;
#1914 = VERTEX_POINT ( 'NONE', #1619 ) ;
#1915 = CARTESIAN_POINT ( 'NONE',  ( -22.48021415178936167, 5.000000000000000888, -55.02069142940469959 ) ) ;
#1916 = CYLINDRICAL_SURFACE ( 'NONE', #1855, 2.500000000000002220 ) ;
ENDSEC;
END-ISO-10303-21;
