ISO-10303-21;
HEADER;
FILE_DESCRIPTION (( 'STEP AP203' ),
    '1' );
FILE_NAME ('Final_Servo_Adapter_Driver_Circle.STEP',
    '2025-10-07T11:30:54',
    ( '' ),
    ( '' ),
    'SwSTEP 2.0',
    'SolidWorks 2025',
    '' );
FILE_SCHEMA (( 'CONFIG_CONTROL_DESIGN' ));
ENDSEC;

DATA;
#1 = CARTESIAN_POINT ( 'NONE',  ( 3.000000000000000888, 0.1187726605497482074, 23.49201527519569765 ) ) ;
#2 = DIRECTION ( 'NONE',  ( 0.000000000000000000, 0.000000000000000000, 1.000000000000000000 ) ) ;
#3 = CARTESIAN_POINT ( 'NONE',  ( 3.000000000000000888, -15.47283697127519808, 18.01683426854838999 ) ) ;
#4 = PERSON_AND_ORGANIZATION ( #1044, #909 ) ;
#5 = CIRCLE ( 'NONE', #3151, 23.74899999999999878 ) ;
#6 = CYLINDRICAL_SURFACE ( 'NONE', #1814, 9.999999999999998224 ) ;
#7 = DIRECTION ( 'NONE',  ( 0.000000000000000000, -6.982962677686266711E-15, 1.000000000000000000 ) ) ;
#8 = VECTOR ( 'NONE', #1339, 1000.000000000000000 ) ;
#9 = DIRECTION ( 'NONE',  ( 0.000000000000000000, 0.000000000000000000, -1.000000000000000000 ) ) ;
#10 = EDGE_LOOP ( 'NONE', ( #6339, #3264, #2500, #6489 ) ) ;
#11 = CIRCLE ( 'NONE', #8097, 1.600000000000000089 ) ;
#12 = CARTESIAN_POINT ( 'NONE',  ( 0.000000000000000000, 0.000000000000000000, 0.000000000000000000 ) ) ;
#13 = ORIENTED_EDGE ( 'NONE', *, *, #7822, .T. ) ;
#14 = FACE_OUTER_BOUND ( 'NONE', #7374, .T. ) ;
#15 = DIRECTION ( 'NONE',  ( 0.000000000000000000, -6.938893903907230744E-15, 1.000000000000000000 ) ) ;
#16 = DIRECTION ( 'NONE',  ( -1.000000000000000000, -0.000000000000000000, -0.000000000000000000 ) ) ;
#17 = DIRECTION ( 'NONE',  ( 0.000000000000000000, 0.000000000000000000, 1.000000000000000000 ) ) ;
#18 = DIRECTION ( 'NONE',  ( -1.000000000000000000, 0.000000000000000000, 0.000000000000000000 ) ) ;
#19 = AXIS2_PLACEMENT_3D ( 'NONE', #5771, #5733, #2445 ) ;
#20 = AXIS2_PLACEMENT_3D ( 'NONE', #4144, #3569, #6042 ) ;
#21 = ORIENTED_EDGE ( 'NONE', *, *, #1702, .T. ) ;
#22 = ORIENTED_EDGE ( 'NONE', *, *, #7177, .T. ) ;
#23 = CARTESIAN_POINT ( 'NONE',  ( 3.000000000000000888, 0.000000000000000000, 0.000000000000000000 ) ) ;
#24 = AXIS2_PLACEMENT_3D ( 'NONE', #8161, #6910, #4162 ) ;
#25 = VERTEX_POINT ( 'NONE', #6478 ) ;
#26 = CIRCLE ( 'NONE', #2090, 10.00000000000000000 ) ;
#27 = CARTESIAN_POINT ( 'NONE',  ( 3.000000000000000888, 8.758419641788600885, 21.79860027646852672 ) ) ;
#28 = CARTESIAN_POINT ( 'NONE',  ( 2.050538145102809295, 7.000000000000008882, -15.85322226736063378 ) ) ;
#29 = EDGE_CURVE ( 'NONE', #4903, #6361, #2033, .T. ) ;
#30 = CYLINDRICAL_SURFACE ( 'NONE', #1149, 26.00000000000000000 ) ;
#31 = AXIS2_PLACEMENT_3D ( 'NONE', #282, #1526, #923 ) ;
#32 = EDGE_CURVE ( 'NONE', #6823, #6654, #4712, .T. ) ;
#33 = ORIENTED_EDGE ( 'NONE', *, *, #1711, .T. ) ;
#34 = ORIENTED_EDGE ( 'NONE', *, *, #8496, .F. ) ;
#35 = CARTESIAN_POINT ( 'NONE',  ( 3.000000000000000888, 23.50287694562801022, 3.410245779803523281 ) ) ;
#36 = AXIS2_PLACEMENT_3D ( 'NONE', #5328, #7209, #1307 ) ;
#37 = AXIS2_PLACEMENT_3D ( 'NONE', #4608, #7781, #7137 ) ;
#38 = LINE ( 'NONE', #8512, #7481 ) ;
#39 = EDGE_CURVE ( 'NONE', #1270, #6932, #7986, .T. ) ;
#40 = FACE_OUTER_BOUND ( 'NONE', #4605, .T. ) ;
#41 = EDGE_CURVE ( 'NONE', #6183, #239, #8402, .T. ) ;
#42 = DIRECTION ( 'NONE',  ( -1.000000000000000000, 0.000000000000000000, 0.000000000000000000 ) ) ;
#43 = VECTOR ( 'NONE', #6369, 1000.000000000000000 ) ;
#44 = ORIENTED_EDGE ( 'NONE', *, *, #7045, .F. ) ;
#45 = ORIENTED_EDGE ( 'NONE', *, *, #603, .F. ) ;
#46 = DIRECTION ( 'NONE',  ( 0.000000000000000000, 0.000000000000000000, 1.000000000000000000 ) ) ;
#47 = CARTESIAN_POINT ( 'NONE',  ( 3.000000000000000888, 5.957267827074408828, 22.72443285698074789 ) ) ;
#48 = LINE ( 'NONE', #609, #6521 ) ;
#49 = APPLICATION_PROTOCOL_DEFINITION ( 'international standard', 'config_control_design', 1994, #2637 ) ;
#50 = EDGE_CURVE ( 'NONE', #6417, #630, #4528, .T. ) ;
#51 = AXIS2_PLACEMENT_3D ( 'NONE', #1375, #7831, #4004 ) ;
#52 = CARTESIAN_POINT ( 'NONE',  ( 3.000000000000000888, 19.46733382657878764, 13.60286420885475245 ) ) ;
#53 = DIRECTION ( 'NONE',  ( 0.000000000000000000, 0.3681245526846719796, 0.9297764858882537897 ) ) ;
#54 = EDGE_CURVE ( 'NONE', #7355, #2543, #5392, .T. ) ;
#55 = CIRCLE ( 'NONE', #3614, 9.999999999999998224 ) ;
#56 = FACE_OUTER_BOUND ( 'NONE', #4154, .T. ) ;
#57 = ORIENTED_EDGE ( 'NONE', *, *, #4553, .T. ) ;
#58 = CIRCLE ( 'NONE', #1014, 23.74900000000000233 ) ;
#59 = VECTOR ( 'NONE', #309, 1000.000000000000000 ) ;
#60 = CARTESIAN_POINT ( 'NONE',  ( -2.052224346884345962, 10.00000000000000888, 15.84577559900846033 ) ) ;
#61 = ORIENTED_EDGE ( 'NONE', *, *, #4496, .T. ) ;
#62 = DIRECTION ( 'NONE',  ( -1.000000000000000000, 0.000000000000000000, 0.000000000000000000 ) ) ;
#63 = CARTESIAN_POINT ( 'NONE',  ( 8.102705642427432409, 7.000000000000008882, -5.573319583618285833E-11 ) ) ;
#64 = DIRECTION ( 'NONE',  ( -1.000000000000000000, 0.000000000000000000, 0.000000000000000000 ) ) ;
#65 = DIRECTION ( 'NONE',  ( 0.000000000000000000, 0.000000000000000000, 1.000000000000000000 ) ) ;
#66 = DIRECTION ( 'NONE',  ( -1.000000000000000000, -0.000000000000000000, 0.000000000000000000 ) ) ;
#67 = AXIS2_PLACEMENT_3D ( 'NONE', #707, #4632, #624 ) ;
#68 = CIRCLE ( 'NONE', #6933, 10.00000000000000000 ) ;
#69 = ORIENTED_EDGE ( 'NONE', *, *, #6518, .F. ) ;
#70 = ORIENTED_EDGE ( 'NONE', *, *, #3599, .T. ) ;
#71 = CARTESIAN_POINT ( 'NONE',  ( 3.000000000000000888, 0.000000000000000000, 0.000000000000000000 ) ) ;
#72 = ORIENTED_EDGE ( 'NONE', *, *, #5508, .T. ) ;
#73 = DIRECTION ( 'NONE',  ( -1.000000000000000000, 0.000000000000000000, 0.000000000000000000 ) ) ;
#74 = DIRECTION ( 'NONE',  ( 0.000000000000000000, 0.3681245526846719240, 0.9297764858882536787 ) ) ;
#75 = CARTESIAN_POINT ( 'NONE',  ( 3.000000000000000888, 1.054159027266251547, -23.72559271641560841 ) ) ;
#76 = ORIENTED_EDGE ( 'NONE', *, *, #5043, .T. ) ;
#77 = EDGE_CURVE ( 'NONE', #6572, #8208, #3160, .T. ) ;
#78 = ORIENTED_EDGE ( 'NONE', *, *, #354, .T. ) ;
#79 = DIRECTION ( 'NONE',  ( 1.000000000000000000, 0.000000000000000000, 0.000000000000000000 ) ) ;
#80 = DIRECTION ( 'NONE',  ( 0.000000000000000000, 0.000000000000000000, 1.000000000000000000 ) ) ;
#81 = ADVANCED_FACE ( 'NONE', ( #1952 ), #7929, .T. ) ;
#82 = LINE ( 'NONE', #1460, #6506 ) ;
#83 = ORIENTED_EDGE ( 'NONE', *, *, #7605, .T. ) ;
#84 = LINE ( 'NONE', #5893, #1221 ) ;
#85 = B_SPLINE_CURVE_WITH_KNOTS ( 'NONE', 2,
 ( #3233, #2585, #5235, #2038, #6650 ),
 .UNSPECIFIED., .F., .F.,
 ( 3, 1, 1, 3 ),
 ( 0.002399098765690322026, 0.3755997746914085944, 0.6244002253085541021, 0.9976009012342723636 ),
 .UNSPECIFIED. ) ;
#86 = VERTEX_POINT ( 'NONE', #1259 ) ;
#87 = EDGE_CURVE ( 'NONE', #591, #1863, #3962, .T. ) ;
#88 = ORIENTED_EDGE ( 'NONE', *, *, #3592, .T. ) ;
#89 = DIRECTION ( 'NONE',  ( 0.000000000000000000, 0.9510565162951521989, 0.3090169943749516146 ) ) ;
#90 = CARTESIAN_POINT ( 'NONE',  ( 3.000000000000000888, 0.000000000000000000, 0.000000000000000000 ) ) ;
#91 = SHAPE_DEFINITION_REPRESENTATION ( #4637, #251 ) ;
#92 = EDGE_CURVE ( 'NONE', #2879, #7366, #2891, .T. ) ;
#93 = CARTESIAN_POINT ( 'NONE',  ( 0.000000000000000000, 0.000000000000000000, 0.000000000000000000 ) ) ;
#94 = CARTESIAN_POINT ( 'NONE',  ( 0.000000000000000000, -23.43820135222873091, 8.406385866244452387 ) ) ;
#95 = DIRECTION ( 'NONE',  ( 0.000000000000000000, 0.9822872507286879440, 0.1873813145857286533 ) ) ;
#96 = ORIENTED_EDGE ( 'NONE', *, *, #6412, .T. ) ;
#97 = EDGE_CURVE ( 'NONE', #5137, #1362, #7575, .T. ) ;
#98 = EDGE_CURVE ( 'NONE', #8060, #3551, #708, .T. ) ;
#99 = CARTESIAN_POINT ( 'NONE',  ( 1.500000000000000444, 21.78099992762150094, -14.19817038047339786 ) ) ;
#100 = VERTEX_POINT ( 'NONE', #2072 ) ;
#101 = DIRECTION ( 'NONE',  ( -1.000000000000000000, 0.000000000000000000, -0.000000000000000000 ) ) ;
#102 = FACE_OUTER_BOUND ( 'NONE', #734, .T. ) ;
#103 = CARTESIAN_POINT ( 'NONE',  ( 3.000000000000000888, 7.753840929970539086, 22.44756004185563825 ) ) ;
#104 = FACE_OUTER_BOUND ( 'NONE', #4726, .T. ) ;
#105 = DIRECTION ( 'NONE',  ( 0.000000000000000000, 0.000000000000000000, 1.000000000000000000 ) ) ;
#106 = ORIENTED_EDGE ( 'NONE', *, *, #2098, .F. ) ;
#107 = ORIENTED_EDGE ( 'NONE', *, *, #3598, .T. ) ;
#108 = CARTESIAN_POINT ( 'NONE',  ( 0.000000000000000000, 22.89013261011094968, -6.329046538897904917 ) ) ;
#109 = ORIENTED_EDGE ( 'NONE', *, *, #1241, .T. ) ;
#110 = FACE_OUTER_BOUND ( 'NONE', #4749, .T. ) ;
#111 = DIRECTION ( 'NONE',  ( -1.000000000000000000, 0.000000000000000000, -0.000000000000000000 ) ) ;
#112 = CARTESIAN_POINT ( 'NONE',  ( -8.102705642371589079, 10.00000000000000000, -5.617728504603292095E-11 ) ) ;
#113 = VERTEX_POINT ( 'NONE', #2713 ) ;
#114 = EDGE_LOOP ( 'NONE', ( #4319, #2284, #6699, #6991 ) ) ;
#115 = CARTESIAN_POINT ( 'NONE',  ( 0.000000000000000000, 2.943853573238648824, -25.83280329618390425 ) ) ;
#116 = ORIENTED_EDGE ( 'NONE', *, *, #2979, .T. ) ;
#117 = CARTESIAN_POINT ( 'NONE',  ( 3.000000000000000888, 0.000000000000000000, 0.000000000000000000 ) ) ;
#118 = DIRECTION ( 'NONE',  ( 1.000000000000000000, 0.000000000000000000, 0.000000000000000000 ) ) ;
#119 = CARTESIAN_POINT ( 'NONE',  ( 3.000000000000000888, 0.000000000000000000, 0.000000000000000000 ) ) ;
#120 = EDGE_CURVE ( 'NONE', #3802, #3440, #6064, .T. ) ;
#121 = ORIENTED_EDGE ( 'NONE', *, *, #2406, .T. ) ;
#122 = AXIS2_PLACEMENT_3D ( 'NONE', #1752, #4382, #555 ) ;
#123 = VERTEX_POINT ( 'NONE', #7892 ) ;
#124 = DIRECTION ( 'NONE',  ( -1.000000000000000000, 0.000000000000000000, -0.000000000000000000 ) ) ;
#125 = CYLINDRICAL_SURFACE ( 'NONE', #332, 23.74900000000000233 ) ;
#126 = PERSON_AND_ORGANIZATION ( #1044, #909 ) ;
#127 = CYLINDRICAL_SURFACE ( 'NONE', #8272, 26.00000000000000000 ) ;
#128 = CARTESIAN_POINT ( 'NONE',  ( 3.000000000000000888, -9.275723936746672393, -24.28911166447354830 ) ) ;
#129 = DIRECTION ( 'NONE',  ( 0.000000000000000000, 1.000000000000000000, 0.000000000000000000 ) ) ;
#130 = EDGE_CURVE ( 'NONE', #4678, #2333, #8398, .T. ) ;
#131 = AXIS2_PLACEMENT_3D ( 'NONE', #7782, #5176, #3211 ) ;
#132 = AXIS2_PLACEMENT_3D ( 'NONE', #2668, #5773, #2024 ) ;
#133 = ORIENTED_EDGE ( 'NONE', *, *, #1348, .T. ) ;
#134 = EDGE_CURVE ( 'NONE', #8325, #6418, #3227, .T. ) ;
#135 = CIRCLE ( 'NONE', #4683, 26.00000000000000000 ) ;
#136 = CARTESIAN_POINT ( 'NONE',  ( -15.37268543418823796, 7.000000000000008882, 7.428415564729728970 ) ) ;
#137 = CIRCLE ( 'NONE', #6332, 23.74900000000000588 ) ;
#138 = ORIENTED_EDGE ( 'NONE', *, *, #2870, .F. ) ;
#139 = CARTESIAN_POINT ( 'NONE',  ( 1.500000000000000444, 9.865329348984012370, -24.05567036763005717 ) ) ;
#140 = CARTESIAN_POINT ( 'NONE',  ( 1.500000000000000444, 24.82361017592234376, -7.732294474077185953 ) ) ;
#141 = CARTESIAN_POINT ( 'NONE',  ( 0.000000000000000000, 0.000000000000000000, 0.000000000000000000 ) ) ;
#142 = CARTESIAN_POINT ( 'NONE',  ( 2.143131898507868643E-15, 5.000000000000000000, 17.50000000000000355 ) ) ;
#143 = DIRECTION ( 'NONE',  ( 0.000000000000000000, 0.9048270524660174674, 0.4257792915650767673 ) ) ;
#144 = EDGE_CURVE ( 'NONE', #3101, #481, #3579, .T. ) ;
#145 = ADVANCED_FACE ( 'NONE', ( #7501 ), #4009, .F. ) ;
#146 = ORIENTED_EDGE ( 'NONE', *, *, #6662, .F. ) ;
#147 = EDGE_LOOP ( 'NONE', ( #1632, #4219, #4128, #4867 ) ) ;
#148 = VERTEX_POINT ( 'NONE', #6846 ) ;
#149 = ORIENTED_EDGE ( 'NONE', *, *, #2591, .F. ) ;
#150 = ORIENTED_EDGE ( 'NONE', *, *, #4300, .F. ) ;
#151 = DIRECTION ( 'NONE',  ( 0.000000000000000000, 0.000000000000000000, 1.000000000000000000 ) ) ;
#152 = AXIS2_PLACEMENT_3D ( 'NONE', #6888, #993, #3609 ) ;
#153 = DIRECTION ( 'NONE',  ( -1.000000000000000000, -0.000000000000000000, -0.000000000000000000 ) ) ;
#154 = EDGE_CURVE ( 'NONE', #2005, #8121, #6488, .T. ) ;
#155 = AXIS2_PLACEMENT_3D ( 'NONE', #2676, #7284, #4662 ) ;
#156 = CIRCLE ( 'NONE', #845, 26.00000000000000000 ) ;
#157 = ORIENTED_EDGE ( 'NONE', *, *, #3762, .T. ) ;
#158 = ORIENTED_EDGE ( 'NONE', *, *, #6865, .F. ) ;
#159 = DIRECTION ( 'NONE',  ( -1.000000000000000000, -0.000000000000000000, -0.000000000000000000 ) ) ;
#160 = EDGE_LOOP ( 'NONE', ( #2765, #1132, #2866, #8426 ) ) ;
#161 = DIRECTION ( 'NONE',  ( 0.000000000000000000, 0.000000000000000000, 1.000000000000000000 ) ) ;
#162 = CIRCLE ( 'NONE', #4984, 26.00000000000000000 ) ;
#163 = CARTESIAN_POINT ( 'NONE',  ( 0.000000000000000000, 18.95282963369250950, 14.31101847795003756 ) ) ;
#164 = CARTESIAN_POINT ( 'NONE',  ( 3.000000000000000888, 0.000000000000000000, 0.000000000000000000 ) ) ;
#165 = ORIENTED_EDGE ( 'NONE', *, *, #935, .T. ) ;
#166 = CIRCLE ( 'NONE', #6085, 23.74900000000000944 ) ;
#167 = AXIS2_PLACEMENT_3D ( 'NONE', #3456, #7427, #6176 ) ;
#168 = ORIENTED_EDGE ( 'NONE', *, *, #3068, .F. ) ;
#169 = CYLINDRICAL_SURFACE ( 'NONE', #3294, 26.00000000000000000 ) ;
#170 = DIRECTION ( 'NONE',  ( 0.000000000000000000, 0.000000000000000000, 1.000000000000000000 ) ) ;
#171 = MECHANICAL_CONTEXT ( 'NONE', #8033, 'mechanical' ) ;
#172 = CIRCLE ( 'NONE', #7178, 23.74900000000000588 ) ;
#173 = CYLINDRICAL_SURFACE ( 'NONE', #6763, 23.74900000000000233 ) ;
#174 = DIRECTION ( 'NONE',  ( 0.000000000000000000, -0.9822872507286904975, 0.1873813145857150253 ) ) ;
#175 = AXIS2_PLACEMENT_3D ( 'NONE', #1506, #3520, #6843 ) ;
#176 = CARTESIAN_POINT ( 'NONE',  ( 0.000000000000000000, 0.000000000000000000, 0.000000000000000000 ) ) ;
#177 = AXIS2_PLACEMENT_3D ( 'NONE', #5108, #8356, #7720 ) ;
#178 = VECTOR ( 'NONE', #6627, 1000.000000000000000 ) ;
#179 = EDGE_LOOP ( 'NONE', ( #7798, #5033, #3495, #5503 ) ) ;
#180 = VECTOR ( 'NONE', #1552, 1000.000000000000000 ) ;
#181 = FACE_OUTER_BOUND ( 'NONE', #473, .T. ) ;
#182 = EDGE_CURVE ( 'NONE', #571, #5599, #4061, .T. ) ;
#183 = AXIS2_PLACEMENT_3D ( 'NONE', #1209, #8346, #1078 ) ;
#184 = VERTEX_POINT ( 'NONE', #3564 ) ;
#185 = VECTOR ( 'NONE', #3725, 1000.000000000000000 ) ;
#186 = CARTESIAN_POINT ( 'NONE',  ( 0.000000000000000000, 0.000000000000000000, 0.000000000000000000 ) ) ;
#187 = DIRECTION ( 'NONE',  ( 0.000000000000000000, -0.9510565162951500895, -0.3090169943749582204 ) ) ;
#188 = DIRECTION ( 'NONE',  ( 0.000000000000000000, 0.000000000000000000, -1.000000000000000000 ) ) ;
#189 = DIRECTION ( 'NONE',  ( -0.7342190668223596006, 0.000000000000000000, 0.6789126320186592567 ) ) ;
#190 = DIRECTION ( 'NONE',  ( -1.000000000000000000, -0.000000000000000000, -0.000000000000000000 ) ) ;
#191 = EDGE_CURVE ( 'NONE', #5494, #8059, #6036, .T. ) ;
#192 = AXIS2_PLACEMENT_3D ( 'NONE', #3556, #6755, #5478 ) ;
#193 = EDGE_LOOP ( 'NONE', ( #3987, #969, #6508, #6231 ) ) ;
#194 = AXIS2_PLACEMENT_3D ( 'NONE', #8368, #1880, #1190 ) ;
#195 = VERTEX_POINT ( 'NONE', #6721 ) ;
#196 = ORIENTED_EDGE ( 'NONE', *, *, #8235, .F. ) ;
#197 = DESIGN_CONTEXT ( 'detailed design', #2194, 'design' ) ;
#198 = ORIENTED_EDGE ( 'NONE', *, *, #3165, .T. ) ;
#199 = EDGE_CURVE ( 'NONE', #6387, #7909, #978, .T. ) ;
#200 = ORIENTED_EDGE ( 'NONE', *, *, #1649, .T. ) ;
#201 = DIRECTION ( 'NONE',  ( 0.000000000000000000, -0.5877852522924802425, 0.8090169943749422332 ) ) ;
#202 = DIRECTION ( 'NONE',  ( -1.000000000000000000, 0.000000000000000000, 0.000000000000000000 ) ) ;
#203 = CIRCLE ( 'NONE', #337, 26.00000000000000000 ) ;
#204 = AXIS2_PLACEMENT_3D ( 'NONE', #2079, #3930, #3270 ) ;
#205 = VERTEX_POINT ( 'NONE', #3485 ) ;
#206 = EDGE_CURVE ( 'NONE', #3998, #644, #1557, .T. ) ;
#207 = VERTEX_POINT ( 'NONE', #5530 ) ;
#208 = EDGE_CURVE ( 'NONE', #8059, #2899, #3023, .T. ) ;
#209 = CARTESIAN_POINT ( 'NONE',  ( 0.000000000000000000, 0.000000000000000000, 0.000000000000000000 ) ) ;
#210 = LINE ( 'NONE', #4820, #4394 ) ;
#211 = VERTEX_POINT ( 'NONE', #5486 ) ;
#212 = CARTESIAN_POINT ( 'NONE',  ( 0.000000000000000000, -23.45311694635233835, -1.356537554084999764 ) ) ;
#213 = CARTESIAN_POINT ( 'NONE',  ( 3.000000000000000888, -23.43820135222875223, 1.593614133755210105 ) ) ;
#214 = DIRECTION ( 'NONE',  ( -1.000000000000000000, 0.000000000000000000, 0.000000000000000000 ) ) ;
#215 = AXIS2_PLACEMENT_3D ( 'NONE', #5536, #2843, #2247 ) ;
#216 = VERTEX_POINT ( 'NONE', #3522 ) ;
#217 = VERTEX_POINT ( 'NONE', #7377 ) ;
#218 = DIRECTION ( 'NONE',  ( 0.000000000000000000, 0.000000000000000000, 1.000000000000000000 ) ) ;
#219 = DIRECTION ( 'NONE',  ( -1.000000000000000000, 0.000000000000000000, -0.000000000000000000 ) ) ;
#220 = APPROVAL_ROLE ( '' ) ;
#221 = LINE ( 'NONE', #2835, #7455 ) ;
#222 = CARTESIAN_POINT ( 'NONE',  ( 3.000000000000000888, 23.50287694562801022, 3.410245779803523281 ) ) ;
#223 = DIRECTION ( 'NONE',  ( -1.000000000000000000, 0.000000000000000000, 0.000000000000000000 ) ) ;
#224 = VERTEX_POINT ( 'NONE', #2921 ) ;
#225 = LOCAL_TIME ( 18, 30, 54.00000000000000000, #7569 ) ;
#226 = AXIS2_PLACEMENT_3D ( 'NONE', #141, #7666, #3568 ) ;
#227 = CARTESIAN_POINT ( 'NONE',  ( -14.74895638488604632, 10.00000000000000888, 6.145609380785233000 ) ) ;
#228 = ORIENTED_EDGE ( 'NONE', *, *, #7044, .T. ) ;
#229 = DIRECTION ( 'NONE',  ( -1.000000000000000000, 0.000000000000000000, 0.000000000000000000 ) ) ;
#230 = CARTESIAN_POINT ( 'NONE',  ( 0.000000000000000000, 2.826494134736508901, 23.32165987963168874 ) ) ;
#231 = FACE_OUTER_BOUND ( 'NONE', #962, .T. ) ;
#232 = DIRECTION ( 'NONE',  ( -1.000000000000000000, -0.000000000000000000, 0.000000000000000000 ) ) ;
#233 = DIRECTION ( 'NONE',  ( -1.000000000000000000, -0.000000000000000000, -0.000000000000000000 ) ) ;
#234 = LOCAL_TIME ( 18, 30, 54.00000000000000000, #8183 ) ;
#235 = EDGE_CURVE ( 'NONE', #571, #438, #8119, .T. ) ;
#236 = ORIENTED_EDGE ( 'NONE', *, *, #2184, .T. ) ;
#237 = VERTEX_POINT ( 'NONE', #826 ) ;
#238 = VERTEX_POINT ( 'NONE', #1512 ) ;
#239 = VERTEX_POINT ( 'NONE', #4140 ) ;
#240 = ORIENTED_EDGE ( 'NONE', *, *, #381, .T. ) ;
#241 = LINE ( 'NONE', #2851, #5952 ) ;
#242 = LINE ( 'NONE', #5500, #562 ) ;
#243 = ADVANCED_FACE ( 'NONE', ( #3439 ), #6210, .T. ) ;
#244 = ORIENTED_EDGE ( 'NONE', *, *, #7082, .T. ) ;
#245 = EDGE_CURVE ( 'NONE', #5191, #6985, #3850, .T. ) ;
#246 = VERTEX_POINT ( 'NONE', #6123 ) ;
#247 = CARTESIAN_POINT ( 'NONE',  ( 0.000000000000000000, 19.82974763304096655, 16.81609671742840462 ) ) ;
#248 = ORIENTED_EDGE ( 'NONE', *, *, #7865, .T. ) ;
#249 = CYLINDRICAL_SURFACE ( 'NONE', #5440, 9.999999999999998224 ) ;
#250 = LINE ( 'NONE', #2269, #327 ) ;
#251 = SHAPE_REPRESENTATION ( 'm1_40t', ( #5040, #1036 ), #4337 ) ;
#252 = DIRECTION ( 'NONE',  ( 0.000000000000000000, 0.000000000000000000, 1.000000000000000000 ) ) ;
#253 = ADVANCED_FACE ( 'NONE', ( #181 ), #6809, .T. ) ;
#254 = EDGE_CURVE ( 'NONE', #6600, #8077, #2195, .T. ) ;
#255 = ORIENTED_EDGE ( 'NONE', *, *, #7253, .T. ) ;
#256 = ORIENTED_EDGE ( 'NONE', *, *, #1649, .F. ) ;
#257 = CARTESIAN_POINT ( 'NONE',  ( 0.000000000000000000, -20.23396159193291410, 16.32748597599102780 ) ) ;
#258 = CARTESIAN_POINT ( 'NONE',  ( 0.000000000000000000, 0.000000000000000000, 0.000000000000000000 ) ) ;
#259 = DATE_AND_TIME ( #1587, #1588 ) ;
#260 = CARTESIAN_POINT ( 'NONE',  ( 2.143131898507868643E-15, 10.00000000000000000, 17.50000000000000355 ) ) ;
#261 = CYLINDRICAL_SURFACE ( 'NONE', #535, 23.74900000000000233 ) ;
#262 = DIRECTION ( 'NONE',  ( -1.000000000000000000, -0.000000000000000000, 0.000000000000000000 ) ) ;
#263 = ADVANCED_FACE ( 'NONE', ( #4390 ), #518, .T. ) ;
#264 = AXIS2_PLACEMENT_3D ( 'NONE', #4397, #7631, #398 ) ;
#265 = ORIENTED_EDGE ( 'NONE', *, *, #7770, .T. ) ;
#266 = DIRECTION ( 'NONE',  ( -1.000000000000000000, 0.000000000000000000, -0.000000000000000000 ) ) ;
#267 = ORIENTED_EDGE ( 'NONE', *, *, #1246, .F. ) ;
#268 = CARTESIAN_POINT ( 'NONE',  ( 0.000000000000000000, -25.59698206453969505, 4.560099690536737249 ) ) ;
#269 = DIRECTION ( 'NONE',  ( 0.000000000000000000, 0.000000000000000000, 1.000000000000000000 ) ) ;
#270 = DIRECTION ( 'NONE',  ( 0.000000000000000000, 0.9980267284282717810, -0.06279051952930997382 ) ) ;
#271 = CIRCLE ( 'NONE', #4673, 9.999999999999994671 ) ;
#272 = LOCAL_TIME ( 18, 30, 54.00000000000000000, #6327 ) ;
#273 = CARTESIAN_POINT ( 'NONE',  ( 0.000000000000000000, 3.062166340028271705, -23.29188755642015352 ) ) ;
#274 = DIRECTION ( 'NONE',  ( -1.000000000000000000, 0.000000000000000000, -0.000000000000000000 ) ) ;
#275 = VECTOR ( 'NONE', #1208, 1000.000000000000000 ) ;
#276 = LINE ( 'NONE', #6617, #2115 ) ;
#277 = ORIENTED_EDGE ( 'NONE', *, *, #2665, .T. ) ;
#278 = VERTEX_POINT ( 'NONE', #7013 ) ;
#279 = AXIS2_PLACEMENT_3D ( 'NONE', #5039, #1744, #4375 ) ;
#280 = ORIENTED_EDGE ( 'NONE', *, *, #7914, .T. ) ;
#281 = VERTEX_POINT ( 'NONE', #3125 ) ;
#282 = CARTESIAN_POINT ( 'NONE',  ( 3.000000000000000888, 2.826494134736833530, -23.32165987963164611 ) ) ;
#283 = CARTESIAN_POINT ( 'NONE',  ( 3.000000000000000888, 25.59698206453971991, -4.560099690536556949 ) ) ;
#284 = AXIS2_PLACEMENT_3D ( 'NONE', #5454, #8058, #4805 ) ;
#285 = EDGE_LOOP ( 'NONE', ( #6175, #240 ) ) ;
#286 = EDGE_LOOP ( 'NONE', ( #6532, #5373, #4902, #6787 ) ) ;
#287 = VECTOR ( 'NONE', #7245, 1000.000000000000000 ) ;
#288 = ORIENTED_EDGE ( 'NONE', *, *, #5257, .F. ) ;
#289 = VECTOR ( 'NONE', #6697, 1000.000000000000000 ) ;
#290 = LINE ( 'NONE', #6957, #4980 ) ;
#291 = AXIS2_PLACEMENT_3D ( 'NONE', #5348, #7955, #735 ) ;
#292 = EDGE_CURVE ( 'NONE', #1270, #383, #4434, .T. ) ;
#293 = CYLINDRICAL_SURFACE ( 'NONE', #5565, 10.00000000000000178 ) ;
#294 = CARTESIAN_POINT ( 'NONE',  ( 3.000000000000000888, 0.000000000000000000, 0.000000000000000000 ) ) ;
#295 = EDGE_CURVE ( 'NONE', #6667, #2476, #3719, .T. ) ;
#296 = DIRECTION ( 'NONE',  ( 0.000000000000000000, 0.000000000000000000, -1.000000000000000000 ) ) ;
#297 = AXIS2_PLACEMENT_3D ( 'NONE', #1474, #6766, #2242 ) ;
#298 = ORIENTED_EDGE ( 'NONE', *, *, #7182, .T. ) ;
#299 = ORIENTED_EDGE ( 'NONE', *, *, #4656, .T. ) ;
#300 = EDGE_CURVE ( 'NONE', #2533, #4458, #3786, .T. ) ;
#301 = AXIS2_PLACEMENT_3D ( 'NONE', #1894, #6587, #2535 ) ;
#302 = ADVANCED_FACE ( 'NONE', ( #6429 ), #8306, .T. ) ;
#303 = CIRCLE ( 'NONE', #4147, 23.74900000000000588 ) ;
#304 = CARTESIAN_POINT ( 'NONE',  ( 0.000000000000000000, -23.74496687177445153, -0.4376634075793925938 ) ) ;
#305 = LINE ( 'NONE', #3391, #7478 ) ;
#306 = APPROVAL_ROLE ( '' ) ;
#307 = DIRECTION ( 'NONE',  ( 0.000000000000000000, 0.9822872507286893873, -0.1873813145857213813 ) ) ;
#308 = CARTESIAN_POINT ( 'NONE',  ( 0.000000000000000000, 5.000000000000000000, 0.000000000000000000 ) ) ;
#309 = DIRECTION ( 'NONE',  ( -1.000000000000000000, 0.000000000000000000, 0.000000000000000000 ) ) ;
#310 = VECTOR ( 'NONE', #2771, 1000.000000000000000 ) ;
#311 = ORIENTED_EDGE ( 'NONE', *, *, #4237, .T. ) ;
#312 = CARTESIAN_POINT ( 'NONE',  ( -10.00000000000000000, 0.000000000000000000, 0.000000000000000000 ) ) ;
#313 = EDGE_CURVE ( 'NONE', #8383, #871, #843, .T. ) ;
#314 = CIRCLE ( 'NONE', #763, 23.74900000000000233 ) ;
#315 = ORIENTED_EDGE ( 'NONE', *, *, #254, .T. ) ;
#316 = EDGE_CURVE ( 'NONE', #7335, #8438, #6346, .T. ) ;
#317 = DIRECTION ( 'NONE',  ( 1.000000000000000000, -0.000000000000000000, 0.000000000000000000 ) ) ;
#318 = CARTESIAN_POINT ( 'NONE',  ( 3.000000000000000888, 23.38875284200437221, 11.35633041504308238 ) ) ;
#319 = PERSON_AND_ORGANIZATION ( #1044, #909 ) ;
#320 = AXIS2_PLACEMENT_3D ( 'NONE', #3927, #789, #4532 ) ;
#321 = CARTESIAN_POINT ( 'NONE',  ( 0.000000000000000000, -9.714105481847896684, -21.67143640111408942 ) ) ;
#322 = DIRECTION ( 'NONE',  ( -1.000000000000000000, 0.000000000000000000, 0.000000000000000000 ) ) ;
#323 = AXIS2_PLACEMENT_3D ( 'NONE', #6328, #8299, #432 ) ;
#324 = CARTESIAN_POINT ( 'NONE',  ( 0.000000000000000000, -0.3170683606145019984, 25.99806661378298145 ) ) ;
#325 = VERTEX_POINT ( 'NONE', #357 ) ;
#326 = ORIENTED_EDGE ( 'NONE', *, *, #3399, .F. ) ;
#327 = VECTOR ( 'NONE', #2397, 1000.000000000000000 ) ;
#328 = ORIENTED_EDGE ( 'NONE', *, *, #505, .F. ) ;
#329 = ORIENTED_EDGE ( 'NONE', *, *, #776, .F. ) ;
#330 = CARTESIAN_POINT ( 'NONE',  ( 1.500000000000000444, 23.38875284200436866, 11.35633041504308238 ) ) ;
#331 = DIRECTION ( 'NONE',  ( -1.000000000000000000, -0.000000000000000000, 0.000000000000000000 ) ) ;
#332 = AXIS2_PLACEMENT_3D ( 'NONE', #903, #3516, #6117 ) ;
#333 = AXIS2_PLACEMENT_3D ( 'NONE', #2093, #2930, #721 ) ;
#334 = ORIENTED_EDGE ( 'NONE', *, *, #5921, .F. ) ;
#335 = AXIS2_PLACEMENT_3D ( 'NONE', #2056, #6833, #4784 ) ;
#336 = ORIENTED_EDGE ( 'NONE', *, *, #7094, .F. ) ;
#337 = AXIS2_PLACEMENT_3D ( 'NONE', #5399, #5482, #945 ) ;
#338 = DIRECTION ( 'NONE',  ( -1.000000000000000000, -0.000000000000000000, 0.000000000000000000 ) ) ;
#339 = CARTESIAN_POINT ( 'NONE',  ( 3.000000000000000888, -13.09272093277468230, -19.81402683899675665 ) ) ;
#340 = CARTESIAN_POINT ( 'NONE',  ( 0.000000000000000000, -1.054159027266074800, 23.72559271641561196 ) ) ;
#341 = CYLINDRICAL_SURFACE ( 'NONE', #7833, 9.999999999999998224 ) ;
#342 = AXIS2_PLACEMENT_3D ( 'NONE', #2718, #2760, #1350 ) ;
#343 = EDGE_CURVE ( 'NONE', #5882, #4925, #5053, .T. ) ;
#344 = ORIENTED_EDGE ( 'NONE', *, *, #558, .F. ) ;
#345 = ORIENTED_EDGE ( 'NONE', *, *, #4288, .F. ) ;
#346 = EDGE_CURVE ( 'NONE', #1698, #3634, #1393, .T. ) ;
#347 = VECTOR ( 'NONE', #4354, 1000.000000000000000 ) ;
#348 = CARTESIAN_POINT ( 'NONE',  ( -10.00000000000000000, 0.000000000000000000, 0.000000000000000000 ) ) ;
#349 = FACE_OUTER_BOUND ( 'NONE', #7862, .T. ) ;
#350 = APPROVAL_STATUS ( 'not_yet_approved' ) ;
#351 = FACE_OUTER_BOUND ( 'NONE', #5813, .T. ) ;
#352 = DIRECTION ( 'NONE',  ( 1.000000000000000000, -0.000000000000000000, -0.000000000000000000 ) ) ;
#353 = CARTESIAN_POINT ( 'NONE',  ( -1.541888672368153301, 10.00000000000000178, -16.91572086605293634 ) ) ;
#354 = EDGE_CURVE ( 'NONE', #7601, #5857, #8386, .T. ) ;
#355 = ORIENTED_EDGE ( 'NONE', *, *, #3807, .F. ) ;
#356 = EDGE_CURVE ( 'NONE', #1927, #5159, #5930, .T. ) ;
#357 = CARTESIAN_POINT ( 'NONE',  ( 0.000000000000000000, -12.80251323316784706, -22.62953059421609581 ) ) ;
#358 = ORIENTED_EDGE ( 'NONE', *, *, #6448, .T. ) ;
#359 = LINE ( 'NONE', #8219, #4675 ) ;
#360 = CARTESIAN_POINT ( 'NONE',  ( 0.000000000000000000, 0.000000000000000000, 0.000000000000000000 ) ) ;
#361 = DIRECTION ( 'NONE',  ( 0.000000000000000000, 0.000000000000000000, 1.000000000000000000 ) ) ;
#362 = PLANE ( 'NONE',  #2050 ) ;
#363 = CARTESIAN_POINT ( 'NONE',  ( 3.000000000000000888, -9.865329348983509661, -24.05567036763025968 ) ) ;
#364 = APPROVAL_PERSON_ORGANIZATION ( #3647, #7051, #6925 ) ;
#365 = EDGE_CURVE ( 'NONE', #216, #7433, #3047, .T. ) ;
#366 = EDGE_CURVE ( 'NONE', #224, #5570, #5795, .T. ) ;
#367 = VERTEX_POINT ( 'NONE', #7625 ) ;
#368 = ORIENTED_EDGE ( 'NONE', *, *, #2808, .T. ) ;
#369 = EDGE_LOOP ( 'NONE', ( #1621, #5088, #6453, #1577 ) ) ;
#370 = CARTESIAN_POINT ( 'NONE',  ( 3.000000000000000888, 6.158349177668569041, -25.26014123883532037 ) ) ;
#371 = CARTESIAN_POINT ( 'NONE',  ( 3.000000000000000888, 22.89013261011094968, -6.329046538897904917 ) ) ;
#372 = DIRECTION ( 'NONE',  ( 0.000000000000000000, 0.000000000000000000, -1.000000000000000000 ) ) ;
#373 = LINE ( 'NONE', #3580, #6065 ) ;
#374 = VERTEX_POINT ( 'NONE', #1075 ) ;
#375 = ORIENTED_EDGE ( 'NONE', *, *, #5768, .T. ) ;
#376 = DIRECTION ( 'NONE',  ( 0.000000000000000000, -0.1253332335642905193, -0.9921147013144796523 ) ) ;
#377 = DIRECTION ( 'NONE',  ( 0.000000000000000000, 0.000000000000000000, 1.000000000000000000 ) ) ;
#378 = LOCAL_TIME ( 18, 30, 54.00000000000000000, #4133 ) ;
#379 = DIRECTION ( 'NONE',  ( 0.000000000000000000, 0.000000000000000000, 1.000000000000000000 ) ) ;
#380 = CARTESIAN_POINT ( 'NONE',  ( 0.000000000000000000, 3.000000000000270450, 2.220446049250313081E-13 ) ) ;
#381 = EDGE_CURVE ( 'NONE', #2662, #5013, #5936, .T. ) ;
#382 = EDGE_LOOP ( 'NONE', ( #8061, #3460, #8166, #5042 ) ) ;
#383 = VERTEX_POINT ( 'NONE', #1675 ) ;
#384 = CARTESIAN_POINT ( 'NONE',  ( 0.000000000000000000, 9.865329348983680191, 24.05567036763019217 ) ) ;
#385 = FACE_OUTER_BOUND ( 'NONE', #6056, .T. ) ;
#386 = CARTESIAN_POINT ( 'NONE',  ( 3.000000000000000888, 5.727185429052696897, -22.78350797608148426 ) ) ;
#387 = DIRECTION ( 'NONE',  ( -1.000000000000000000, 0.000000000000000000, 0.000000000000000000 ) ) ;
#388 = DIRECTION ( 'NONE',  ( 1.000000000000000000, 0.000000000000000000, 4.256270054397946562E-44 ) ) ;
#389 = VERTEX_POINT ( 'NONE', #3743 ) ;
#390 = EDGE_LOOP ( 'NONE', ( #4470, #4516, #6122, #8304 ) ) ;
#391 = DIRECTION ( 'NONE',  ( 0.000000000000000000, 0.8443279255020161855, -0.5358267949789946583 ) ) ;
#392 = ORIENTED_EDGE ( 'NONE', *, *, #5719, .T. ) ;
#393 = CARTESIAN_POINT ( 'NONE',  ( 3.000000000000000888, 21.01871904177735217, 11.05569766422844680 ) ) ;
#394 = CARTESIAN_POINT ( 'NONE',  ( 3.000000000000000888, 23.10781753700498342, 5.481219725251404107 ) ) ;
#395 =( NAMED_UNIT ( * ) PLANE_ANGLE_UNIT ( ) SI_UNIT ( $, .RADIAN. ) );
#396 = EDGE_CURVE ( 'NONE', #606, #2838, #5401, .T. ) ;
#397 = CARTESIAN_POINT ( 'NONE',  ( 3.000000000000000888, -0.1187726605499095367, 23.49201527519569765 ) ) ;
#398 = DIRECTION ( 'NONE',  ( 0.000000000000000000, 0.000000000000000000, -1.000000000000000000 ) ) ;
#399 = FACE_OUTER_BOUND ( 'NONE', #1533, .T. ) ;
#400 = EDGE_CURVE ( 'NONE', #4595, #3089, #3167, .T. ) ;
#401 = ORIENTED_EDGE ( 'NONE', *, *, #3665, .T. ) ;
#402 = ORIENTED_EDGE ( 'NONE', *, *, #8291, .F. ) ;
#403 = CIRCLE ( 'NONE', #1085, 23.74900000000000588 ) ;
#404 = ORIENTED_EDGE ( 'NONE', *, *, #7767, .F. ) ;
#405 = DIRECTION ( 'NONE',  ( -1.000000000000000000, 0.000000000000000000, 0.000000000000000000 ) ) ;
#406 = DIRECTION ( 'NONE',  ( 0.000000000000000000, 0.4817536741017102164, 0.8763066800438664705 ) ) ;
#407 = FACE_OUTER_BOUND ( 'NONE', #2638, .T. ) ;
#408 = EDGE_CURVE ( 'NONE', #2420, #1462, #4146, .T. ) ;
#409 = DIRECTION ( 'NONE',  ( 0.000000000000000000, 0.000000000000000000, -1.000000000000000000 ) ) ;
#410 = EDGE_CURVE ( 'NONE', #3136, #2936, #6896, .T. ) ;
#411 = CIRCLE ( 'NONE', #2596, 23.74900000000000233 ) ;
#412 = CIRCLE ( 'NONE', #3004, 9.999999999999998224 ) ;
#413 = EDGE_LOOP ( 'NONE', ( #1435, #96, #1513, #244 ) ) ;
#414 = ORIENTED_EDGE ( 'NONE', *, *, #1489, .T. ) ;
#415 = CARTESIAN_POINT ( 'NONE',  ( 1.499999999999999556, -24.62765115230525836, -8.335394335024435719 ) ) ;
#416 = VERTEX_POINT ( 'NONE', #5897 ) ;
#417 = CARTESIAN_POINT ( 'NONE',  ( 3.000000000000000888, -17.56576837257065193, 19.16882316369986583 ) ) ;
#418 = CIRCLE ( 'NONE', #279, 23.74900000000000588 ) ;
#419 = AXIS2_PLACEMENT_3D ( 'NONE', #5663, #5151, #3102 ) ;
#420 = EDGE_CURVE ( 'NONE', #113, #4936, #4281, .T. ) ;
#421 = VECTOR ( 'NONE', #7022, 1000.000000000000000 ) ;
#422 = AXIS2_PLACEMENT_3D ( 'NONE', #3645, #2310, #2519 ) ;
#423 = DIRECTION ( 'NONE',  ( -1.000000000000000000, -0.000000000000000000, -0.000000000000000000 ) ) ;
#424 = CYLINDRICAL_SURFACE ( 'NONE', #2239, 23.74900000000000233 ) ;
#425 = CARTESIAN_POINT ( 'NONE',  ( 3.000000000000000888, -8.758419641788751875, 21.79860027646846277 ) ) ;
#426 = VECTOR ( 'NONE', #3940, 1000.000000000000000 ) ;
#427 = ORIENTED_EDGE ( 'NONE', *, *, #1997, .F. ) ;
#428 = ORIENTED_EDGE ( 'NONE', *, *, #656, .F. ) ;
#429 = DIRECTION ( 'NONE',  ( 1.000000000000000000, 0.000000000000000000, 0.000000000000000000 ) ) ;
#430 = CALENDAR_DATE ( 2025, 7, 10 ) ;
#431 = AXIS2_PLACEMENT_3D ( 'NONE', #8451, #5229, #6598 ) ;
#432 = DIRECTION ( 'NONE',  ( 0.000000000000000000, 0.000000000000000000, -1.000000000000000000 ) ) ;
#433 = FACE_OUTER_BOUND ( 'NONE', #4827, .T. ) ;
#434 = AXIS2_PLACEMENT_3D ( 'NONE', #5197, #7162, #2124 ) ;
#435 = DIRECTION ( 'NONE',  ( 0.000000000000000000, 0.000000000000000000, 1.000000000000000000 ) ) ;
#436 = VERTEX_POINT ( 'NONE', #7828 ) ;
#437 = CIRCLE ( 'NONE', #5258, 1.600000000000000089 ) ;
#438 = VERTEX_POINT ( 'NONE', #5314 ) ;
#439 = CARTESIAN_POINT ( 'NONE',  ( 0.000000000000000000, 0.000000000000000000, 0.000000000000000000 ) ) ;
#440 = ORIENTED_EDGE ( 'NONE', *, *, #8129, .T. ) ;
#441 = LINE ( 'NONE', #6388, #2055 ) ;
#442 = DIRECTION ( 'NONE',  ( 0.000000000000000000, -0.6845471059286791782, -0.7289686274214204342 ) ) ;
#443 = APPROVAL_DATE_TIME ( #7629, #1003 ) ;
#444 = LINE ( 'NONE', #2373, #5123 ) ;
#445 = DIRECTION ( 'NONE',  ( 0.000000000000000000, 0.000000000000000000, 1.000000000000000000 ) ) ;
#446 = CARTESIAN_POINT ( 'NONE',  ( 3.000000000000000888, -2.826494134736670105, 23.32165987963166742 ) ) ;
#447 = VECTOR ( 'NONE', #2793, 1000.000000000000000 ) ;
#448 = ORIENTED_EDGE ( 'NONE', *, *, #8399, .T. ) ;
#449 = ADVANCED_FACE ( 'NONE', ( #6466 ), #3463, .T. ) ;
#450 = ORIENTED_EDGE ( 'NONE', *, *, #4656, .F. ) ;
#451 = EDGE_LOOP ( 'NONE', ( #6348, #3542, #5742, #5755 ) ) ;
#452 = DIRECTION ( 'NONE',  ( -1.000000000000000000, -0.000000000000000000, -0.000000000000000000 ) ) ;
#453 = DIRECTION ( 'NONE',  ( -1.000000000000000000, -0.000000000000000000, -0.000000000000000000 ) ) ;
#454 = LINE ( 'NONE', #6354, #8100 ) ;
#455 = EDGE_CURVE ( 'NONE', #8034, #367, #162, .T. ) ;
#456 = DIRECTION ( 'NONE',  ( 0.000000000000000000, 0.000000000000000000, 1.000000000000000000 ) ) ;
#457 = B_SPLINE_CURVE_WITH_KNOTS ( 'NONE', 2,
 ( #514, #353, #7622 ),
 .UNSPECIFIED., .F., .F.,
 ( 3, 3 ),
 ( 0.7649281316632863259, 0.9989257314563931844 ),
 .UNSPECIFIED. ) ;
#458 = CIRCLE ( 'NONE', #7874, 26.00000000000000000 ) ;
#459 = ADVANCED_FACE ( 'NONE', ( #1293 ), #1852, .T. ) ;
#460 = ORIENTED_EDGE ( 'NONE', *, *, #1779, .F. ) ;
#461 = CARTESIAN_POINT ( 'NONE',  ( 1.959434878635765230E-16, 2.000000000000008882, -1.600000000000000089 ) ) ;
#462 = ORIENTED_EDGE ( 'NONE', *, *, #4504, .T. ) ;
#463 = DIRECTION ( 'NONE',  ( -1.000000000000000000, 0.000000000000000000, 0.000000000000000000 ) ) ;
#464 = VECTOR ( 'NONE', #1252, 1000.000000000000000 ) ;
#465 = AXIS2_PLACEMENT_3D ( 'NONE', #5594, #3153, #3772 ) ;
#466 = CARTESIAN_POINT ( 'NONE',  ( 1.500000000000000444, 0.3170683606143215871, 25.99806661378298145 ) ) ;
#467 = DIRECTION ( 'NONE',  ( -1.000000000000000000, -0.000000000000000000, -0.000000000000000000 ) ) ;
#468 = EDGE_CURVE ( 'NONE', #4041, #6183, #6510, .T. ) ;
#469 = CIRCLE ( 'NONE', #6250, 9.999999999999996447 ) ;
#470 = EDGE_CURVE ( 'NONE', #6468, #113, #5540, .T. ) ;
#471 = AXIS2_PLACEMENT_3D ( 'NONE', #6577, #6410, #7907 ) ;
#472 = ORIENTED_EDGE ( 'NONE', *, *, #3079, .T. ) ;
#473 = EDGE_LOOP ( 'NONE', ( #6426, #1155, #2164, #1481 ) ) ;
#474 = CARTESIAN_POINT ( 'NONE',  ( 1.500000000000000444, -25.59698206453963110, -4.560099690537096073 ) ) ;
#475 = AXIS2_PLACEMENT_3D ( 'NONE', #2551, #423, #6958 ) ;
#476 = CARTESIAN_POINT ( 'NONE',  ( 3.000000000000000888, -19.82974763304084220, -16.81609671742854317 ) ) ;
#477 = DIRECTION ( 'NONE',  ( -1.000000000000000000, 0.000000000000000000, 0.000000000000000000 ) ) ;
#478 = VECTOR ( 'NONE', #7535, 1000.000000000000000 ) ;
#479 = DIRECTION ( 'NONE',  ( -1.000000000000000000, 0.000000000000000000, 0.000000000000000000 ) ) ;
#480 = ORIENTED_EDGE ( 'NONE', *, *, #3012, .T. ) ;
#481 = VERTEX_POINT ( 'NONE', #5945 ) ;
#482 = DIRECTION ( 'NONE',  ( -1.000000000000000000, 0.000000000000000000, 0.000000000000000000 ) ) ;
#483 = ORIENTED_EDGE ( 'NONE', *, *, #713, .T. ) ;
#484 = CARTESIAN_POINT ( 'NONE',  ( 0.000000000000000000, 21.01871904177751205, -11.05569766422814126 ) ) ;
#485 = CARTESIAN_POINT ( 'NONE',  ( 3.000000000000000888, 2.943853573238277566, 25.83280329618394688 ) ) ;
#486 = DIRECTION ( 'NONE',  ( 1.000000000000000000, 3.491481338843133355E-15, 1.219044193948983948E-29 ) ) ;
#487 = FACE_OUTER_BOUND ( 'NONE', #4506, .T. ) ;
#488 = DIRECTION ( 'NONE',  ( -1.000000000000000000, 0.000000000000000000, -0.000000000000000000 ) ) ;
#489 = CYLINDRICAL_SURFACE ( 'NONE', #3898, 9.999999999999998224 ) ;
#490 = EDGE_LOOP ( 'NONE', ( #2888, #3285, #2731, #796 ) ) ;
#491 = ORIENTED_EDGE ( 'NONE', *, *, #1720, .F. ) ;
#492 = ORIENTED_EDGE ( 'NONE', *, *, #2860, .T. ) ;
#493 = CARTESIAN_POINT ( 'NONE',  ( -10.00000000000000000, 0.000000000000000000, 0.000000000000000000 ) ) ;
#494 = DIRECTION ( 'NONE',  ( 0.000000000000000000, 0.000000000000000000, 1.000000000000000000 ) ) ;
#495 = CARTESIAN_POINT ( 'NONE',  ( 14.74895638494033712, 7.000000000000008882, 6.145609380784566866 ) ) ;
#496 = CARTESIAN_POINT ( 'NONE',  ( 3.000000000000000888, 15.47283697127532243, -18.01683426854828340 ) ) ;
#497 = ADVANCED_FACE ( 'NONE', ( #6106 ), #7105, .T. ) ;
#498 = VERTEX_POINT ( 'NONE', #3216 ) ;
#499 = FACE_OUTER_BOUND ( 'NONE', #7612, .T. ) ;
#500 = ORIENTED_EDGE ( 'NONE', *, *, #2354, .T. ) ;
#501 = DIRECTION ( 'NONE',  ( -1.000000000000000000, 0.000000000000000000, 0.000000000000000000 ) ) ;
#502 = EDGE_CURVE ( 'NONE', #2168, #2209, #1662, .T. ) ;
#503 = DIRECTION ( 'NONE',  ( 1.000000000000000000, 0.000000000000000000, 0.000000000000000000 ) ) ;
#504 = DIRECTION ( 'NONE',  ( -1.000000000000000000, 0.000000000000000000, 0.000000000000000000 ) ) ;
#505 = EDGE_CURVE ( 'NONE', #5844, #3496, #650, .T. ) ;
#506 = ORIENTED_EDGE ( 'NONE', *, *, #573, .T. ) ;
#507 = ORIENTED_EDGE ( 'NONE', *, *, #6461, .T. ) ;
#508 = ORIENTED_EDGE ( 'NONE', *, *, #6044, .F. ) ;
#509 = CARTESIAN_POINT ( 'NONE',  ( 0.000000000000000000, -0.1187726605499095367, 23.49201527519569765 ) ) ;
#510 = ADVANCED_FACE ( 'NONE', ( #4478 ), #6550, .T. ) ;
#511 = FACE_OUTER_BOUND ( 'NONE', #994, .T. ) ;
#512 = DIRECTION ( 'NONE',  ( 0.000000000000000000, -0.9980267284282707818, -0.06279051952932435121 ) ) ;
#513 = EDGE_CURVE ( 'NONE', #6349, #3642, #2768, .T. ) ;
#514 = CARTESIAN_POINT ( 'NONE',  ( -1.061049529528109048, 10.00000000000000888, -17.46780392310058616 ) ) ;
#515 = VERTEX_POINT ( 'NONE', #560 ) ;
#516 = ORIENTED_EDGE ( 'NONE', *, *, #97, .T. ) ;
#517 = AXIS2_PLACEMENT_3D ( 'NONE', #2058, #4693, #5215 ) ;
#518 = CYLINDRICAL_SURFACE ( 'NONE', #152, 23.74900000000000233 ) ;
#519 = ORIENTED_EDGE ( 'NONE', *, *, #2139, .T. ) ;
#520 = DIRECTION ( 'NONE',  ( 0.000000000000000000, -0.4817536741017223179, 0.8763066800438596982 ) ) ;
#521 = DIRECTION ( 'NONE',  ( -1.000000000000000000, 0.000000000000000000, 0.000000000000000000 ) ) ;
#522 = APPROVAL_ROLE ( '' ) ;
#523 = CARTESIAN_POINT ( 'NONE',  ( 0.000000000000000000, -23.10781753700502250, 5.481219725251234465 ) ) ;
#524 = DIRECTION ( 'NONE',  ( -1.000000000000000000, -0.000000000000000000, 0.000000000000000000 ) ) ;
#525 = LINE ( 'NONE', #6301, #1560 ) ;
#526 = CIRCLE ( 'NONE', #7263, 10.00000000000000000 ) ;
#527 = ORIENTED_EDGE ( 'NONE', *, *, #3986, .F. ) ;
#528 = EDGE_CURVE ( 'NONE', #4936, #6643, #1264, .T. ) ;
#529 = ORIENTED_EDGE ( 'NONE', *, *, #1301, .F. ) ;
#530 = EDGE_LOOP ( 'NONE', ( #5243, #1131, #8268, #57 ) ) ;
#531 = DIRECTION ( 'NONE',  ( -1.000000000000000000, 0.000000000000000000, 0.000000000000000000 ) ) ;
#532 = DIRECTION ( 'NONE',  ( -1.000000000000000000, 0.000000000000000000, 0.000000000000000000 ) ) ;
#533 = CARTESIAN_POINT ( 'NONE',  ( 0.000000000000000000, 0.000000000000000000, 0.000000000000000000 ) ) ;
#534 = CARTESIAN_POINT ( 'NONE',  ( 3.000000000000000888, 23.65875512592473129, -10.78254635471279954 ) ) ;
#535 = AXIS2_PLACEMENT_3D ( 'NONE', #2872, #2236, #8300 ) ;
#536 = ORIENTED_EDGE ( 'NONE', *, *, #4711, .T. ) ;
#537 = DIRECTION ( 'NONE',  ( -1.000000000000000000, -0.000000000000000000, 0.000000000000000000 ) ) ;
#538 = EDGE_LOOP ( 'NONE', ( #4781, #8499, #2241, #3245 ) ) ;
#539 = CARTESIAN_POINT ( 'NONE',  ( 4.051352821227816037, 7.000000000000008882, -7.017148925761551581 ) ) ;
#540 = CYLINDRICAL_SURFACE ( 'NONE', #7165, 26.00000000000000000 ) ;
#541 = VECTOR ( 'NONE', #3803, 1000.000000000000000 ) ;
#542 = APPROVAL_PERSON_ORGANIZATION ( #1888, #3359, #552 ) ;
#543 = CARTESIAN_POINT ( 'NONE',  ( 0.000000000000000000, 0.000000000000000000, 0.000000000000000000 ) ) ;
#544 = AXIS2_PLACEMENT_3D ( 'NONE', #608, #6470, #7830 ) ;
#545 = CARTESIAN_POINT ( 'NONE',  ( 2.052224346939968136, 7.000000000000008882, 15.84577559900801624 ) ) ;
#546 = EDGE_LOOP ( 'NONE', ( #3691, #6114, #1176, #519 ) ) ;
#547 = AXIS2_PLACEMENT_3D ( 'NONE', #678, #3419, #3336 ) ;
#548 = EDGE_CURVE ( 'NONE', #4928, #7946, #7722, .T. ) ;
#549 = AXIS2_PLACEMENT_3D ( 'NONE', #7870, #5809, #7228 ) ;
#550 = EDGE_LOOP ( 'NONE', ( #3720, #3127 ) ) ;
#551 = DIRECTION ( 'NONE',  ( 0.000000000000000000, 0.000000000000000000, 1.000000000000000000 ) ) ;
#552 = APPROVAL_ROLE ( '' ) ;
#553 = EDGE_CURVE ( 'NONE', #5954, #5031, #6626, .T. ) ;
#554 = CARTESIAN_POINT ( 'NONE',  ( 3.000000000000000888, -3.572989937012589490, -25.75332489039049833 ) ) ;
#555 = DIRECTION ( 'NONE',  ( 0.000000000000000000, 0.9822872507286893873, -0.1873813145857214646 ) ) ;
#556 = DIRECTION ( 'NONE',  ( -1.000000000000000000, 0.000000000000000000, -0.000000000000000000 ) ) ;
#557 = EDGE_LOOP ( 'NONE', ( #1442, #1905, #414, #628 ) ) ;
#558 = EDGE_CURVE ( 'NONE', #416, #7097, #1333, .T. ) ;
#559 = VERTEX_POINT ( 'NONE', #4000 ) ;
#560 = CARTESIAN_POINT ( 'NONE',  ( 0.000000000000000000, -22.12078737453592581, 13.66275103815377179 ) ) ;
#561 = ORIENTED_EDGE ( 'NONE', *, *, #3240, .F. ) ;
#562 = VECTOR ( 'NONE', #4812, 1000.000000000000000 ) ;
#563 = CARTESIAN_POINT ( 'NONE',  ( 3.000000000000000888, 22.12078737453602884, -13.66275103815360659 ) ) ;
#564 = DIRECTION ( 'NONE',  ( -1.000000000000000000, 0.000000000000000000, 0.000000000000000000 ) ) ;
#565 = SHAPE_DEFINITION_REPRESENTATION ( #5400, #6735 ) ;
#566 = FACE_OUTER_BOUND ( 'NONE', #160, .T. ) ;
#567 = CARTESIAN_POINT ( 'NONE',  ( 3.000000000000000888, 0.000000000000000000, 0.000000000000000000 ) ) ;
#568 = LINE ( 'NONE', #7113, #3756 ) ;
#569 = VECTOR ( 'NONE', #1343, 1000.000000000000000 ) ;
#570 = AXIS2_PLACEMENT_3D ( 'NONE', #4981, #5068, #456 ) ;
#571 = VERTEX_POINT ( 'NONE', #6742 ) ;
#572 = EDGE_CURVE ( 'NONE', #498, #6823, #290, .T. ) ;
#573 = EDGE_CURVE ( 'NONE', #5266, #2253, #3308, .T. ) ;
#574 = ORIENTED_EDGE ( 'NONE', *, *, #5631, .F. ) ;
#575 = VERTEX_POINT ( 'NONE', #6278 ) ;
#576 = CARTESIAN_POINT ( 'NONE',  ( -10.00000000000000000, 0.000000000000000000, 0.000000000000000000 ) ) ;
#577 = CYLINDRICAL_SURFACE ( 'NONE', #6093, 9.999999999999998224 ) ;
#578 = CARTESIAN_POINT ( 'NONE',  ( 3.000000000000000888, 0.000000000000000000, 0.000000000000000000 ) ) ;
#579 = CARTESIAN_POINT ( 'NONE',  ( 15.37268543422232270, 7.000000000000008882, 7.428415564691093209 ) ) ;
#580 = CARTESIAN_POINT ( 'NONE',  ( 3.000000000000000888, 11.42144594672578961, -20.52899074774362020 ) ) ;
#581 = VECTOR ( 'NONE', #338, 1000.000000000000000 ) ;
#582 = ORIENTED_EDGE ( 'NONE', *, *, #1610, .F. ) ;
#583 = CARTESIAN_POINT ( 'NONE',  ( 0.000000000000000000, -23.43820135222875223, 1.593614133755210105 ) ) ;
#584 = ORIENTED_EDGE ( 'NONE', *, *, #528, .T. ) ;
#585 = CYLINDRICAL_SURFACE ( 'NONE', #5126, 23.74900000000000233 ) ;
#586 = DIRECTION ( 'NONE',  ( -1.000000000000000000, -0.000000000000000000, -0.000000000000000000 ) ) ;
#587 = AXIS2_PLACEMENT_3D ( 'NONE', #964, #1486, #3500 ) ;
#588 = LINE ( 'NONE', #2521, #4740 ) ;
#589 = AXIS2_PLACEMENT_3D ( 'NONE', #905, #3518, #4301 ) ;
#590 = FACE_OUTER_BOUND ( 'NONE', #6133, .T. ) ;
#591 = VERTEX_POINT ( 'NONE', #8202 ) ;
#592 = AXIS2_PLACEMENT_3D ( 'NONE', #5006, #6968, #6929 ) ;
#593 = AXIS2_PLACEMENT_3D ( 'NONE', #6769, #8091, #4265 ) ;
#594 = ORIENTED_EDGE ( 'NONE', *, *, #2612, .F. ) ;
#595 = DIRECTION ( 'NONE',  ( -1.000000000000000000, 0.000000000000000000, 0.000000000000000000 ) ) ;
#596 = CYLINDRICAL_SURFACE ( 'NONE', #7735, 23.74900000000000233 ) ;
#597 = DIRECTION ( 'NONE',  ( -1.000000000000000000, 0.000000000000000000, 0.000000000000000000 ) ) ;
#598 = DIRECTION ( 'NONE',  ( 1.000000000000000000, 0.000000000000000000, -0.000000000000000000 ) ) ;
#599 = ADVANCED_FACE ( 'NONE', ( #7602 ), #2820, .T. ) ;
#600 = VECTOR ( 'NONE', #940, 1000.000000000000000 ) ;
#601 = CIRCLE ( 'NONE', #6653, 9.999999999999998224 ) ;
#602 = ORIENTED_EDGE ( 'NONE', *, *, #8084, .F. ) ;
#603 = EDGE_CURVE ( 'NONE', #5888, #7529, #2087, .T. ) ;
#604 = ORIENTED_EDGE ( 'NONE', *, *, #730, .T. ) ;
#605 = DIRECTION ( 'NONE',  ( -1.000000000000000000, -0.000000000000000000, -0.000000000000000000 ) ) ;
#606 = VERTEX_POINT ( 'NONE', #247 ) ;
#607 = VECTOR ( 'NONE', #5825, 1000.000000000000000 ) ;
#608 = CARTESIAN_POINT ( 'NONE',  ( 3.000000000000000888, 3.062166340028271705, -23.29188755642015352 ) ) ;
#609 = CARTESIAN_POINT ( 'NONE',  ( 3.000000000000000888, 14.79838606843872917, 18.57478857940080985 ) ) ;
#610 = DATE_AND_TIME ( #5948, #7093 ) ;
#611 = DIRECTION ( 'NONE',  ( 0.000000000000000000, 0.000000000000000000, 1.000000000000000000 ) ) ;
#612 = DIRECTION ( 'NONE',  ( 0.000000000000000000, 0.000000000000000000, 1.000000000000000000 ) ) ;
#613 = CARTESIAN_POINT ( 'NONE',  ( 0.000000000000000000, 9.865329348984012370, -24.05567036763005717 ) ) ;
#614 = ADVANCED_FACE ( 'NONE', ( #8113 ), #2303, .T. ) ;
#615 = AXIS2_PLACEMENT_3D ( 'NONE', #6651, #4105, #105 ) ;
#616 = ORIENTED_EDGE ( 'NONE', *, *, #2644, .T. ) ;
#617 = EDGE_CURVE ( 'NONE', #3496, #4272, #4286, .T. ) ;
#618 = DIRECTION ( 'NONE',  ( 0.000000000000000000, 0.000000000000000000, 1.000000000000000000 ) ) ;
#619 = ORIENTED_EDGE ( 'NONE', *, *, #6509, .F. ) ;
#620 = CARTESIAN_POINT ( 'NONE',  ( 3.000000000000000888, 0.000000000000000000, 0.000000000000000000 ) ) ;
#621 = CARTESIAN_POINT ( 'NONE',  ( 1.061049529590555540, 7.000000000000009770, -17.46780392309679897 ) ) ;
#622 = DIRECTION ( 'NONE',  ( -0.000000000000000000, 0.000000000000000000, 1.000000000000000000 ) ) ;
#623 = CARTESIAN_POINT ( 'NONE',  ( 0.000000000000000000, 5.727185429052385146, 22.78350797608155887 ) ) ;
#624 = DIRECTION ( 'NONE',  ( 0.000000000000000000, 0.9980267284282717810, -0.06279051952930997382 ) ) ;
#625 = CIRCLE ( 'NONE', #4468, 10.00000000000000000 ) ;
#626 = ADVANCED_FACE ( 'NONE', ( #2347 ), #8069, .T. ) ;
#627 = ADVANCED_FACE ( 'NONE', ( #1060 ), #2900, .T. ) ;
#628 = ORIENTED_EDGE ( 'NONE', *, *, #2961, .T. ) ;
#629 = CARTESIAN_POINT ( 'NONE',  ( -1.541888672159512419, 7.000000000000009770, -16.91572086648875839 ) ) ;
#630 = VERTEX_POINT ( 'NONE', #4818 ) ;
#631 = CARTESIAN_POINT ( 'NONE',  ( 3.000000000000000888, -25.47815669208876344, 5.183004107018705398 ) ) ;
#632 = CARTESIAN_POINT ( 'NONE',  ( 3.000000000000000888, 25.92685648092483675, -1.948874808068890241 ) ) ;
#633 = DIRECTION ( 'NONE',  ( -1.000000000000000000, 0.000000000000000000, 0.000000000000000000 ) ) ;
#634 = EDGE_CURVE ( 'NONE', #2070, #3312, #5667, .T. ) ;
#635 = DIRECTION ( 'NONE',  ( -0.2963960478016934297, 0.000000000000000000, -0.9550651196895091344 ) ) ;
#636 = CC_DESIGN_SECURITY_CLASSIFICATION ( #2145, ( #8519 ) ) ;
#637 = ORIENTED_EDGE ( 'NONE', *, *, #4778, .T. ) ;
#638 = ORIENTED_EDGE ( 'NONE', *, *, #634, .T. ) ;
#639 = CYLINDRICAL_SURFACE ( 'NONE', #4177, 10.00000000000000178 ) ;
#640 = PRODUCT_DEFINITION_SHAPE ( 'NONE', 'NONE',  #4696 ) ;
#641 = CARTESIAN_POINT ( 'NONE',  ( 3.000000000000000888, 22.37893697895727740, -7.146472439377387964 ) ) ;
#642 = CYLINDRICAL_SURFACE ( 'NONE', #7967, 23.74900000000000233 ) ;
#643 = CARTESIAN_POINT ( 'NONE',  ( 0.000000000000000000, 25.59698206453972702, -4.560099690536559613 ) ) ;
#644 = VERTEX_POINT ( 'NONE', #5505 ) ;
#645 = ORIENTED_EDGE ( 'NONE', *, *, #7202, .F. ) ;
#646 = CARTESIAN_POINT ( 'NONE',  ( -14.11953930602272145, 7.000000000000008882, -9.598928328047540148 ) ) ;
#647 = CARTESIAN_POINT ( 'NONE',  ( 3.000000000000000888, -11.42144594672563507, 20.52899074774370192 ) ) ;
#648 = DIRECTION ( 'NONE',  ( -1.000000000000000000, -0.000000000000000000, -0.000000000000000000 ) ) ;
#649 = PERSON_AND_ORGANIZATION_ROLE ( 'design_owner' ) ;
#650 = B_SPLINE_CURVE_WITH_KNOTS ( 'NONE', 2,
 ( #4652, #646, #8479, #7749, #5181 ),
 .UNSPECIFIED., .F., .F.,
 ( 3, 1, 1, 3 ),
 ( 0.002399098765659659488, 0.3755997746914918611, 0.6244002253087133081, 0.9976009012345454785 ),
 .UNSPECIFIED. ) ;
#651 = DIRECTION ( 'NONE',  ( -1.000000000000000000, 0.000000000000000000, -0.000000000000000000 ) ) ;
#652 = DIRECTION ( 'NONE',  ( 0.000000000000000000, 0.000000000000000000, 1.000000000000000000 ) ) ;
#653 = CARTESIAN_POINT ( 'NONE',  ( 3.000000000000000888, 3.062166340027950184, 23.29188755642019970 ) ) ;
#654 = ORIENTED_EDGE ( 'NONE', *, *, #5054, .F. ) ;
#655 = DIRECTION ( 'NONE',  ( -1.000000000000000000, -0.000000000000000000, 0.000000000000000000 ) ) ;
#656 = EDGE_CURVE ( 'NONE', #5211, #8010, #3727, .T. ) ;
#657 = ORIENTED_EDGE ( 'NONE', *, *, #3710, .T. ) ;
#658 = DIRECTION ( 'NONE',  ( 1.000000000000000000, -0.000000000000000000, -0.000000000000000000 ) ) ;
#659 = CARTESIAN_POINT ( 'NONE',  ( 0.000000000000000000, -17.60893712771364505, 15.93550545895008597 ) ) ;
#660 = DIRECTION ( 'NONE',  ( 0.000000000000000000, -0.9048270524660233516, 0.4257792915650641663 ) ) ;
#661 = CYLINDRICAL_SURFACE ( 'NONE', #2214, 9.999999999999998224 ) ;
#662 = FACE_OUTER_BOUND ( 'NONE', #451, .T. ) ;
#663 = EDGE_CURVE ( 'NONE', #2909, #6524, #3582, .T. ) ;
#664 = ORIENTED_EDGE ( 'NONE', *, *, #130, .T. ) ;
#665 = ORIENTED_EDGE ( 'NONE', *, *, #920, .F. ) ;
#666 = DIRECTION ( 'NONE',  ( -1.000000000000000000, 0.000000000000000000, 0.000000000000000000 ) ) ;
#667 = EDGE_CURVE ( 'NONE', #2856, #4449, #3031, .T. ) ;
#668 = EDGE_LOOP ( 'NONE', ( #6438, #799, #78, #2847 ) ) ;
#669 = EDGE_CURVE ( 'NONE', #3594, #1984, #437, .T. ) ;
#670 = DIRECTION ( 'NONE',  ( -1.000000000000000000, 0.000000000000000000, 0.000000000000000000 ) ) ;
#671 = DIRECTION ( 'NONE',  ( 0.000000000000000000, 0.000000000000000000, -1.000000000000000000 ) ) ;
#672 = LINE ( 'NONE', #7775, #5014 ) ;
#673 = AXIS2_PLACEMENT_3D ( 'NONE', #5187, #3699, #4316 ) ;
#674 = VERTEX_POINT ( 'NONE', #7484 ) ;
#675 = EDGE_CURVE ( 'NONE', #5546, #3081, #1578, .T. ) ;
#676 = ORIENTED_EDGE ( 'NONE', *, *, #7401, .T. ) ;
#677 = EDGE_CURVE ( 'NONE', #6335, #5266, #6355, .T. ) ;
#678 = CARTESIAN_POINT ( 'NONE',  ( 0.000000000000000000, 13.71217102453783276, -19.07525240799574107 ) ) ;
#679 = CIRCLE ( 'NONE', #8094, 23.74900000000000233 ) ;
#680 = AXIS2_PLACEMENT_3D ( 'NONE', #6890, #995, #3615 ) ;
#681 = DIRECTION ( 'NONE',  ( -1.000000000000000000, 0.000000000000000000, 0.000000000000000000 ) ) ;
#682 = LINE ( 'NONE', #5259, #7875 ) ;
#683 = CARTESIAN_POINT ( 'NONE',  ( 0.000000000000000000, -2.943853573238087051, -25.83280329618397175 ) ) ;
#684 = PRODUCT_DEFINITION ( 'UNKNOWN', '', #1869, #197 ) ;
#685 = AXIS2_PLACEMENT_3D ( 'NONE', #7092, #3154, #5207 ) ;
#686 = AXIS2_PLACEMENT_3D ( 'NONE', #71, #7347, #5922 ) ;
#687 = AXIS2_PLACEMENT_3D ( 'NONE', #859, #2232, #6754 ) ;
#688 = VERTEX_POINT ( 'NONE', #7524 ) ;
#689 = VERTEX_POINT ( 'NONE', #6867 ) ;
#690 = DIRECTION ( 'NONE',  ( 0.000000000000000000, 0.000000000000000000, 1.000000000000000000 ) ) ;
#691 = CARTESIAN_POINT ( 'NONE',  ( 3.000000000000000888, 6.921355658526210597, 22.71805090337169730 ) ) ;
#692 = DIRECTION ( 'NONE',  ( 0.000000000000000000, 0.000000000000000000, 1.000000000000000000 ) ) ;
#693 = PERSON_AND_ORGANIZATION_ROLE ( 'classification_officer' ) ;
#694 = AXIS2_PLACEMENT_3D ( 'NONE', #2975, #4274, #5621 ) ;
#695 = CARTESIAN_POINT ( 'NONE',  ( 3.000000000000000888, -18.02520032586875587, 15.06589001178566178 ) ) ;
#696 = CARTESIAN_POINT ( 'NONE',  ( 0.000000000000000000, 2.000000000000008882, 0.000000000000000000 ) ) ;
#697 = AXIS2_PLACEMENT_3D ( 'NONE', #8349, #524, #445 ) ;
#698 = CARTESIAN_POINT ( 'NONE',  ( -12.69673203797072603, 10.00000000000000888, -9.700166218278516439 ) ) ;
#699 = ORIENTED_EDGE ( 'NONE', *, *, #7761, .T. ) ;
#700 = AXIS2_PLACEMENT_3D ( 'NONE', #647, #7753, #1374 ) ;
#701 = CARTESIAN_POINT ( 'NONE',  ( -2.050538145046632010, 7.000000000000008882, -15.85322226736041173 ) ) ;
#702 = ORIENTED_EDGE ( 'NONE', *, *, #7608, .T. ) ;
#703 = CARTESIAN_POINT ( 'NONE',  ( 1.500000000000000444, -21.78099992762139792, 14.19817038047355773 ) ) ;
#704 = LINE ( 'NONE', #2036, #1412 ) ;
#705 = CARTESIAN_POINT ( 'NONE',  ( 3.000000000000000888, -23.09816287601897855, -4.285295834341049215 ) ) ;
#706 = CYLINDRICAL_SURFACE ( 'NONE', #5393, 9.999999999999998224 ) ;
#707 = CARTESIAN_POINT ( 'NONE',  ( 3.000000000000000888, 0.000000000000000000, 0.000000000000000000 ) ) ;
#708 = CIRCLE ( 'NONE', #1938, 26.00000000000000000 ) ;
#709 = AXIS2_PLACEMENT_3D ( 'NONE', #8276, #5029, #4455 ) ;
#710 = EDGE_CURVE ( 'NONE', #8159, #6683, #972, .T. ) ;
#711 = EDGE_LOOP ( 'NONE', ( #7012, #7474, #2107, #2453 ) ) ;
#712 = EDGE_LOOP ( 'NONE', ( #1323, #6220, #5552, #6692 ) ) ;
#713 = EDGE_CURVE ( 'NONE', #7964, #239, #6366, .T. ) ;
#714 = PRODUCT_DEFINITION_SHAPE ( 'NONE', 'NONE',  #8518 ) ;
#715 = CARTESIAN_POINT ( 'NONE',  ( 3.000000000000000888, -18.95282963369261253, 14.31101847794990078 ) ) ;
#716 = AXIS2_PLACEMENT_3D ( 'NONE', #4963, #7578, #2999 ) ;
#717 = ORIENTED_EDGE ( 'NONE', *, *, #8281, .F. ) ;
#718 = AXIS2_PLACEMENT_3D ( 'NONE', #7583, #1857, #361 ) ;
#719 = CYLINDRICAL_SURFACE ( 'NONE', #1671, 26.00000000000000000 ) ;
#720 = CARTESIAN_POINT ( 'NONE',  ( 3.000000000000000888, 18.95282963369250950, 14.31101847795003756 ) ) ;
#721 = DIRECTION ( 'NONE',  ( 0.000000000000000000, -0.7705132427757950264, 0.6374239897486827511 ) ) ;
#722 = EDGE_CURVE ( 'NONE', #3048, #195, #4857, .T. ) ;
#723 = ORIENTED_EDGE ( 'NONE', *, *, #4236, .F. ) ;
#724 = ORIENTED_EDGE ( 'NONE', *, *, #4084, .F. ) ;
#725 = LINE ( 'NONE', #3464, #2465 ) ;
#726 = AXIS2_PLACEMENT_3D ( 'NONE', #7592, #1051, #406 ) ;
#727 = DIRECTION ( 'NONE',  ( 0.000000000000000000, 0.9048270524660205760, -0.4257792915650703836 ) ) ;
#728 = FACE_BOUND ( 'NONE', #4487, .T. ) ;
#729 = DIRECTION ( 'NONE',  ( 0.000000000000000000, 0.000000000000000000, 1.000000000000000000 ) ) ;
#730 = EDGE_CURVE ( 'NONE', #481, #6607, #1129, .T. ) ;
#731 = EDGE_CURVE ( 'NONE', #4917, #1408, #2893, .T. ) ;
#732 = AXIS2_PLACEMENT_3D ( 'NONE', #1678, #4481, #6389 ) ;
#733 = VERTEX_POINT ( 'NONE', #1831 ) ;
#734 = EDGE_LOOP ( 'NONE', ( #3689, #1203, #7344, #5527 ) ) ;
#735 = DIRECTION ( 'NONE',  ( 0.000000000000000000, 0.000000000000000000, 1.000000000000000000 ) ) ;
#736 = CYLINDRICAL_SURFACE ( 'NONE', #1148, 9.999999999999998224 ) ;
#737 = APPROVAL_DATE_TIME ( #7405, #3461 ) ;
#738 = AXIS2_PLACEMENT_3D ( 'NONE', #3734, #3779, #8296 ) ;
#739 = DIRECTION ( 'NONE',  ( -1.000000000000000000, -0.000000000000000000, -0.000000000000000000 ) ) ;
#740 = CARTESIAN_POINT ( 'NONE',  ( 0.000000000000000000, 0.000000000000000000, 0.000000000000000000 ) ) ;
#741 = AXIS2_PLACEMENT_3D ( 'NONE', #2250, #4896, #6852 ) ;
#742 = CYLINDRICAL_SURFACE ( 'NONE', #5975, 26.00000000000000000 ) ;
#743 = VERTEX_POINT ( 'NONE', #7126 ) ;
#744 = AXIS2_PLACEMENT_3D ( 'NONE', #2656, #7868, #727 ) ;
#745 = CIRCLE ( 'NONE', #5158, 9.999999999999996447 ) ;
#746 = ADVANCED_FACE ( 'NONE', ( #1147 ), #7684, .F. ) ;
#747 = EDGE_LOOP ( 'NONE', ( #1885, #5380, #3706, #3667 ) ) ;
#748 = ORIENTED_EDGE ( 'NONE', *, *, #5473, .F. ) ;
#749 = CARTESIAN_POINT ( 'NONE',  ( 0.000000000000000000, 0.000000000000000000, 0.000000000000000000 ) ) ;
#750 = DIRECTION ( 'NONE',  ( 0.000000000000000000, 0.000000000000000000, 1.000000000000000000 ) ) ;
#751 =( LENGTH_UNIT ( ) NAMED_UNIT ( * ) SI_UNIT ( .MILLI., .METRE. ) );
#752 = DIRECTION ( 'NONE',  ( -1.000000000000000000, 0.000000000000000000, -0.000000000000000000 ) ) ;
#753 = CARTESIAN_POINT ( 'NONE',  ( 3.000000000000000888, -5.727185429052221721, -22.78350797608160150 ) ) ;
#754 = CIRCLE ( 'NONE', #7354, 10.00000000000000000 ) ;
#755 = ORIENTED_EDGE ( 'NONE', *, *, #1656, .T. ) ;
#756 = EDGE_LOOP ( 'NONE', ( #8387, #5583, #4387, #8364 ) ) ;
#757 = CARTESIAN_POINT ( 'NONE',  ( 3.000000000000000888, -4.879274292603219543, 23.24236828246083419 ) ) ;
#758 = ORIENTED_EDGE ( 'NONE', *, *, #8228, .T. ) ;
#759 = AXIS2_PLACEMENT_3D ( 'NONE', #4064, #5359, #2075 ) ;
#760 = DIRECTION ( 'NONE',  ( -1.000000000000000000, 0.000000000000000000, 0.000000000000000000 ) ) ;
#761 = ADVANCED_FACE ( 'NONE', ( #6490 ), #5034, .T. ) ;
#762 = CARTESIAN_POINT ( 'NONE',  ( 0.000000000000000000, 6.772563327704130387, -25.10243784918582932 ) ) ;
#763 = AXIS2_PLACEMENT_3D ( 'NONE', #3364, #4103, #270 ) ;
#764 = DIRECTION ( 'NONE',  ( 0.9550651196895028061, 0.000000000000000000, -0.2963960478017134692 ) ) ;
#765 = VERTEX_POINT ( 'NONE', #417 ) ;
#766 = ORIENTED_EDGE ( 'NONE', *, *, #8464, .T. ) ;
#767 = DIRECTION ( 'NONE',  ( 0.000000000000000000, 0.000000000000000000, -1.000000000000000000 ) ) ;
#768 = ORIENTED_EDGE ( 'NONE', *, *, #6531, .F. ) ;
#769 = ADVANCED_FACE ( 'NONE', ( #3845 ), #7645, .T. ) ;
#770 = CARTESIAN_POINT ( 'NONE',  ( 0.000000000000000000, -7.753840929970703399, 22.44756004185558496 ) ) ;
#771 = CARTESIAN_POINT ( 'NONE',  ( 0.000000000000000000, -18.17661741219023241, 14.88285819611894567 ) ) ;
#772 = ADVANCED_FACE ( 'NONE', ( #3074 ), #585, .T. ) ;
#773 = CARTESIAN_POINT ( 'NONE',  ( 3.000000000000000888, 22.30553143780312908, -7.372391464924974436 ) ) ;
#774 = EDGE_LOOP ( 'NONE', ( #6225, #196, #7626, #7670 ) ) ;
#775 = ORIENTED_EDGE ( 'NONE', *, *, #134, .F. ) ;
#776 = EDGE_CURVE ( 'NONE', #2220, #674, #2094, .T. ) ;
#777 = ADVANCED_FACE ( 'NONE', ( #7810 ), #4372, .T. ) ;
#778 = CYLINDRICAL_SURFACE ( 'NONE', #5111, 9.999999999999998224 ) ;
#779 = FACE_OUTER_BOUND ( 'NONE', #4108, .T. ) ;
#780 = CALENDAR_DATE ( 2025, 7, 10 ) ;
#781 = CARTESIAN_POINT ( 'NONE',  ( 3.000000000000000888, 0.000000000000000000, 0.000000000000000000 ) ) ;
#782 = CARTESIAN_POINT ( 'NONE',  ( 0.000000000000000000, 23.43820135222874157, 8.406385866244622918 ) ) ;
#783 = DIRECTION ( 'NONE',  ( 0.000000000000000000, 0.000000000000000000, 1.000000000000000000 ) ) ;
#784 = EDGE_LOOP ( 'NONE', ( #3574, #4519, #6963, #835 ) ) ;
#785 = CARTESIAN_POINT ( 'NONE',  ( -14.11953930603304741, 7.000000000000008882, 9.598928328002465094 ) ) ;
#786 = ORIENTED_EDGE ( 'NONE', *, *, #7659, .F. ) ;
#787 = EDGE_CURVE ( 'NONE', #1661, #1537, #5798, .T. ) ;
#788 = DIRECTION ( 'NONE',  ( -1.000000000000000000, -0.000000000000000000, -0.000000000000000000 ) ) ;
#789 = DIRECTION ( 'NONE',  ( -1.000000000000000000, -0.000000000000000000, 0.000000000000000000 ) ) ;
#790 =( NAMED_UNIT ( * ) SI_UNIT ( $, .STERADIAN. ) SOLID_ANGLE_UNIT ( ) );
#791 = LOCAL_TIME ( 18, 30, 54.00000000000000000, #5317 ) ;
#792 = DIRECTION ( 'NONE',  ( 0.000000000000000000, 0.000000000000000000, 1.000000000000000000 ) ) ;
#793 = FACE_OUTER_BOUND ( 'NONE', #6057, .T. ) ;
#794 = APPROVAL ( #1501, 'UNSPECIFIED' ) ;
#795 = ORIENTED_EDGE ( 'NONE', *, *, #7672, .F. ) ;
#796 = ORIENTED_EDGE ( 'NONE', *, *, #3458, .T. ) ;
#797 = ORIENTED_EDGE ( 'NONE', *, *, #4614, .T. ) ;
#798 = DIRECTION ( 'NONE',  ( -1.000000000000000000, -0.000000000000000000, -0.000000000000000000 ) ) ;
#799 = ORIENTED_EDGE ( 'NONE', *, *, #3754, .T. ) ;
#800 = CYLINDRICAL_SURFACE ( 'NONE', #1269, 26.00000000000000000 ) ;
#801 = CIRCLE ( 'NONE', #6456, 23.74899999999999878 ) ;
#802 = CARTESIAN_POINT ( 'NONE',  ( 0.000000000000000000, 17.60893712771376585, -15.93550545894995629 ) ) ;
#803 = ORIENTED_EDGE ( 'NONE', *, *, #6404, .F. ) ;
#804 = ORIENTED_EDGE ( 'NONE', *, *, #4778, .F. ) ;
#805 = CARTESIAN_POINT ( 'NONE',  ( 3.000000000000000888, 3.062166340027950184, 23.29188755642019970 ) ) ;
#806 = VERTEX_POINT ( 'NONE', #4464 ) ;
#807 = CARTESIAN_POINT ( 'NONE',  ( 0.000000000000000000, -19.82974763304108734, 16.81609671742825896 ) ) ;
#808 = LINE ( 'NONE', #5343, #4306 ) ;
#809 = PLANE ( 'NONE',  #8509 ) ;
#810 = EDGE_CURVE ( 'NONE', #5756, #3626, #854, .T. ) ;
#811 = ORIENTED_EDGE ( 'NONE', *, *, #895, .F. ) ;
#812 = AXIS2_PLACEMENT_3D ( 'NONE', #7058, #1846, #2482 ) ;
#813 = EDGE_LOOP ( 'NONE', ( #1640, #5200, #5515, #7419, #1059, #3624, #4338, #5591, #4869, #5279, #7075, #1316, #8316, #7779, #4462, #5968, #2889, #529, #4742, #6622, #3715, #2061, #6050, #5895, #4151, #1258, #5731, #4975, #1056, #4172, #2074, #6437, #949, #2563, #6507, #402, #4769, #7760, #8371, #6876, #4625, #8307, #839, #2937, #138, #2779, #4070, #7966, #6664, #8284, #168, #460, #4293, #3238, #894, #1083, #7786, #2308, #3358, #6542, #1772, #803, #4360, #427, #7947, #5646, #2701, #1135, #7528, #6811, #1233, #5772, #1710, #6416, #6819, #5339, #6782, #6011, #4530, #2467, #8480, #5458, #6427, #3408, #2117, #8017, #4686, #7942, #5135, #1145, #7342, #5390, #3894, #4739, #4391, #959, #6223, #7456, #2767, #5217, #3271, #6336, #326, #7876, #1194, #7118, #3499, #4195, #824, #2864, #6845, #6153, #665, #4283, #8282, #7566, #508, #2265, #1108, #1313, #3217, #3274, #7473, #3585, #7661, #6970, #4451, #6066, #4663, #8497, #5171, #7055, #288, #3796, #3389, #4321, #5425, #4866, #7123, #1098, #8148, #5817, #6909, #5958, #6233, #4340, #3410, #7889, #2393, #6131, #6197, #5292, #7588, #3334, #2817, #838, #852, #6695, #5227, #7378, #3999, #1733, #2809, #5694, #2159, #4106, #4422, #7877, #4563, #6930, #5868, #1492, #2502, #6304, #8042, #5125, #3033, #786, #329, #1483, #2960, #2217, #3577, #5785, #7751, #2356, #6268, #5717, #2052, #3416, #2165, #7011, #2796, #1718, #8022, #3332, #5544, #6569, #2401, #594, #7387, #1303, #7997 ) ) ;
#814 = ADVANCED_FACE ( 'NONE', ( #2430 ), #4417, .T. ) ;
#815 = DIRECTION ( 'NONE',  ( -1.000000000000000000, -0.000000000000000000, -0.000000000000000000 ) ) ;
#816 = DIRECTION ( 'NONE',  ( -1.000000000000000000, -0.000000000000000000, 0.000000000000000000 ) ) ;
#817 = DATE_AND_TIME ( #7324, #7375 ) ;
#818 = CARTESIAN_POINT ( 'NONE',  ( 0.000000000000000000, 23.50287694562805285, -3.410245779803188437 ) ) ;
#819 = DIRECTION ( 'NONE',  ( 0.000000000000000000, -1.000000000000000000, 0.000000000000000000 ) ) ;
#820 = CARTESIAN_POINT ( 'NONE',  ( 0.000000000000000000, -17.56576837257065549, 19.16882316369986938 ) ) ;
#821 = AXIS2_PLACEMENT_3D ( 'NONE', #5676, #2428, #7729 ) ;
#822 = CIRCLE ( 'NONE', #7825, 26.00000000000000000 ) ;
#823 = EDGE_CURVE ( 'NONE', #1037, #4903, #7039, .T. ) ;
#824 = ORIENTED_EDGE ( 'NONE', *, *, #8137, .F. ) ;
#825 = AXIS2_PLACEMENT_3D ( 'NONE', #2015, #4646, #767 ) ;
#826 = CARTESIAN_POINT ( 'NONE',  ( 3.000000000000000888, 25.47815669208879896, -5.183004107018528650 ) ) ;
#827 = AXIS2_PLACEMENT_3D ( 'NONE', #493, #2506, #1774 ) ;
#828 = ORIENTED_EDGE ( 'NONE', *, *, #1071, .F. ) ;
#829 = CARTESIAN_POINT ( 'NONE',  ( 3.000000000000000888, 0.000000000000000000, 0.000000000000000000 ) ) ;
#830 = DIRECTION ( 'NONE',  ( 0.000000000000000000, 0.000000000000000000, 1.000000000000000000 ) ) ;
#831 = DIRECTION ( 'NONE',  ( -1.000000000000000000, 0.000000000000000000, 0.000000000000000000 ) ) ;
#832 = CARTESIAN_POINT ( 'NONE',  ( 3.000000000000000888, 10.50612486395233702, 21.29874036986795005 ) ) ;
#833 = EDGE_CURVE ( 'NONE', #8325, #1612, #6360, .T. ) ;
#834 = CLOSED_SHELL ( 'NONE', ( #2147, #3170, #8175, #7244, #6267, #6292, #3853, #5112, #2510, #746, #6554, #2815, #8020, #7938, #1337, #8224, #5146, #2041, #7750, #2498, #4785, #6822, #145, #2762, #6024, #3126 ) ) ;
#835 = ORIENTED_EDGE ( 'NONE', *, *, #6990, .T. ) ;
#836 = EDGE_CURVE ( 'NONE', #6600, #4917, #3805, .T. ) ;
#837 = CIRCLE ( 'NONE', #5524, 23.74900000000000944 ) ;
#838 = ORIENTED_EDGE ( 'NONE', *, *, #2340, .F. ) ;
#839 = ORIENTED_EDGE ( 'NONE', *, *, #235, .F. ) ;
#840 = EDGE_LOOP ( 'NONE', ( #5715, #2642, #1490, #21 ) ) ;
#841 = ORIENTED_EDGE ( 'NONE', *, *, #4906, .F. ) ;
#842 = CARTESIAN_POINT ( 'NONE',  ( -10.00000000000000000, 0.000000000000000000, 0.000000000000000000 ) ) ;
#843 = CIRCLE ( 'NONE', #19, 23.74900000000000233 ) ;
#844 = DIRECTION ( 'NONE',  ( -0.000000000000000000, 1.000000000000000000, -0.000000000000000000 ) ) ;
#845 = AXIS2_PLACEMENT_3D ( 'NONE', #6989, #1090, #3711 ) ;
#846 = AXIS2_PLACEMENT_3D ( 'NONE', #3506, #4947, #3586 ) ;
#847 = CIRCLE ( 'NONE', #5262, 26.00000000000000000 ) ;
#848 = ORIENTED_EDGE ( 'NONE', *, *, #381, .F. ) ;
#849 = ORIENTED_EDGE ( 'NONE', *, *, #5881, .T. ) ;
#850 = DIRECTION ( 'NONE',  ( 0.2208460528671212786, 0.000000000000000000, 0.9753086798204005925 ) ) ;
#851 = DIRECTION ( 'NONE',  ( -1.000000000000000000, 0.000000000000000000, -0.000000000000000000 ) ) ;
#852 = ORIENTED_EDGE ( 'NONE', *, *, #2907, .F. ) ;
#853 = DIRECTION ( 'NONE',  ( 0.000000000000000000, 0.000000000000000000, 1.000000000000000000 ) ) ;
#854 = CIRCLE ( 'NONE', #5409, 26.00000000000000000 ) ;
#855 = CARTESIAN_POINT ( 'NONE',  ( 3.000000000000000888, 19.89860609720133766, -12.48736817841709978 ) ) ;
#856 = CARTESIAN_POINT ( 'NONE',  ( 14.74895638493967098, 7.000000000000008882, -6.145609380895367124 ) ) ;
#857 = ORIENTED_EDGE ( 'NONE', *, *, #2658, .F. ) ;
#858 = ORIENTED_EDGE ( 'NONE', *, *, #1092, .T. ) ;
#859 = CARTESIAN_POINT ( 'NONE',  ( 3.000000000000000888, 22.37893697895727740, -7.146472439377387964 ) ) ;
#860 = DIRECTION ( 'NONE',  ( -1.000000000000000000, 0.000000000000000000, 0.000000000000000000 ) ) ;
#861 = PERSON_AND_ORGANIZATION ( #1044, #909 ) ;
#862 = ADVANCED_FACE ( 'NONE', ( #4679 ), #719, .T. ) ;
#863 = DIRECTION ( 'NONE',  ( 0.000000000000000000, -0.2486898871648415277, -0.9685831611286346288 ) ) ;
#864 = CARTESIAN_POINT ( 'NONE',  ( 3.000000000000000888, 0.000000000000000000, 0.000000000000000000 ) ) ;
#865 = LINE ( 'NONE', #7373, #1826 ) ;
#866 = VECTOR ( 'NONE', #6342, 1000.000000000000000 ) ;
#867 = AXIS2_PLACEMENT_3D ( 'NONE', #855, #7396, #6111 ) ;
#868 = VERTEX_POINT ( 'NONE', #7856 ) ;
#869 = CARTESIAN_POINT ( 'NONE',  ( 0.000000000000000000, 0.000000000000000000, 0.000000000000000000 ) ) ;
#870 = CIRCLE ( 'NONE', #51, 9.999999999999996447 ) ;
#871 = VERTEX_POINT ( 'NONE', #3939 ) ;
#872 = DIRECTION ( 'NONE',  ( 0.000000000000000000, 0.000000000000000000, 1.000000000000000000 ) ) ;
#873 = DIRECTION ( 'NONE',  ( -1.000000000000000000, 0.000000000000000000, 0.000000000000000000 ) ) ;
#874 = EDGE_CURVE ( 'NONE', #3802, #5447, #1448, .T. ) ;
#875 = DIRECTION ( 'NONE',  ( -1.000000000000000000, -0.000000000000000000, 0.000000000000000000 ) ) ;
#876 = CARTESIAN_POINT ( 'NONE',  ( 3.000000000000000888, -1.927758584904202266, 23.67063049093387050 ) ) ;
#877 = ADVANCED_FACE ( 'NONE', ( #4074 ), #2135, .T. ) ;
#878 = AXIS2_PLACEMENT_3D ( 'NONE', #258, #4831, #5520 ) ;
#879 = VERTEX_POINT ( 'NONE', #3326 ) ;
#880 = AXIS2_PLACEMENT_3D ( 'NONE', #543, #8503, #7859 ) ;
#881 = EDGE_LOOP ( 'NONE', ( #1912, #8176, #2777, #7748 ) ) ;
#882 = ORIENTED_EDGE ( 'NONE', *, *, #3505, .T. ) ;
#883 = ORIENTED_EDGE ( 'NONE', *, *, #2587, .F. ) ;
#884 = ORIENTED_EDGE ( 'NONE', *, *, #7880, .F. ) ;
#885 = LINE ( 'NONE', #371, #3882 ) ;
#886 = EDGE_CURVE ( 'NONE', #8450, #4041, #2725, .T. ) ;
#887 = AXIS2_PLACEMENT_3D ( 'NONE', #1109, #4956, #1025 ) ;
#888 = CARTESIAN_POINT ( 'NONE',  ( 0.000000000000000000, 18.02520032586864929, 15.06589001178578968 ) ) ;
#889 = ADVANCED_FACE ( 'NONE', ( #4729 ), #7980, .T. ) ;
#890 = ORIENTED_EDGE ( 'NONE', *, *, #408, .F. ) ;
#891 = VERTEX_POINT ( 'NONE', #631 ) ;
#892 = DIRECTION ( 'NONE',  ( 0.000000000000000000, 0.000000000000000000, 1.000000000000000000 ) ) ;
#893 = LINE ( 'NONE', #2821, #5648 ) ;
#894 = ORIENTED_EDGE ( 'NONE', *, *, #5307, .F. ) ;
#895 = EDGE_CURVE ( 'NONE', #3563, #4080, #4446, .T. ) ;
#896 = DIRECTION ( 'NONE',  ( -1.000000000000000000, -0.000000000000000000, 0.000000000000000000 ) ) ;
#897 = DIRECTION ( 'NONE',  ( 0.000000000000000000, 0.000000000000000000, -1.000000000000000000 ) ) ;
#898 = AXIS2_PLACEMENT_3D ( 'NONE', #2547, #1261, #2678 ) ;
#899 = DIRECTION ( 'NONE',  ( 0.000000000000000000, 0.000000000000000000, 1.000000000000000000 ) ) ;
#900 = EDGE_LOOP ( 'NONE', ( #1998, #5358, #1175, #5827 ) ) ;
#901 = ORIENTED_EDGE ( 'NONE', *, *, #8506, .T. ) ;
#902 = DIRECTION ( 'NONE',  ( -1.000000000000000000, -0.000000000000000000, -0.000000000000000000 ) ) ;
#903 = CARTESIAN_POINT ( 'NONE',  ( 3.000000000000000888, 0.000000000000000000, 0.000000000000000000 ) ) ;
#904 = DATE_AND_TIME ( #6030, #3372 ) ;
#905 = CARTESIAN_POINT ( 'NONE',  ( 0.000000000000000000, 5.000000000000000000, 0.000000000000000000 ) ) ;
#906 = DIRECTION ( 'NONE',  ( 0.000000000000000000, 0.000000000000000000, 1.000000000000000000 ) ) ;
#907 = FACE_OUTER_BOUND ( 'NONE', #784, .T. ) ;
#908 = ORIENTED_EDGE ( 'NONE', *, *, #1565, .T. ) ;
#909 = ORGANIZATION ( 'UNSPECIFIED', 'UNSPECIFIED', '' ) ;
#910 = DIRECTION ( 'NONE',  ( -0.000000000000000000, 1.000000000000000000, -0.000000000000000000 ) ) ;
#911 = ORIENTED_EDGE ( 'NONE', *, *, #2898, .F. ) ;
#912 = FACE_OUTER_BOUND ( 'NONE', #6221, .T. ) ;
#913 = CYLINDRICAL_SURFACE ( 'NONE', #2917, 9.999999999999994671 ) ;
#914 = CARTESIAN_POINT ( 'NONE',  ( 0.000000000000000000, -19.77132294913398880, -12.68793432659429676 ) ) ;
#915 = DIRECTION ( 'NONE',  ( -1.000000000000000000, 0.000000000000000000, 0.000000000000000000 ) ) ;
#916 = CARTESIAN_POINT ( 'NONE',  ( 4.051352821227816037, 7.000000000000008882, -7.017148925761551581 ) ) ;
#917 = CARTESIAN_POINT ( 'NONE',  ( 3.000000000000000888, -21.30678187720815586, -9.894944904950010667 ) ) ;
#918 = ORIENTED_EDGE ( 'NONE', *, *, #4634, .T. ) ;
#919 = ORIENTED_EDGE ( 'NONE', *, *, #1867, .T. ) ;
#920 = EDGE_CURVE ( 'NONE', #3531, #1630, #3316, .T. ) ;
#921 = ORIENTED_EDGE ( 'NONE', *, *, #8496, .T. ) ;
#922 = EDGE_LOOP ( 'NONE', ( #5428, #6740, #4672, #2157 ) ) ;
#923 = DIRECTION ( 'NONE',  ( 0.000000000000000000, -0.8443279255020087470, -0.5358267949790065376 ) ) ;
#924 = EDGE_CURVE ( 'NONE', #2043, #6751, #6612, .T. ) ;
#925 = CARTESIAN_POINT ( 'NONE',  ( 0.000000000000000000, 17.00973468965527857, -16.57359124594117716 ) ) ;
#926 = ADVANCED_FACE ( 'NONE', ( #6012 ), #8024, .T. ) ;
#927 = EDGE_CURVE ( 'NONE', #3758, #3741, #5806, .T. ) ;
#928 = ORIENTED_EDGE ( 'NONE', *, *, #4450, .T. ) ;
#929 = ORIENTED_EDGE ( 'NONE', *, *, #6714, .F. ) ;
#930 = DIRECTION ( 'NONE',  ( -1.000000000000000000, 0.000000000000000000, 0.000000000000000000 ) ) ;
#931 = ORIENTED_EDGE ( 'NONE', *, *, #5722, .F. ) ;
#932 = LINE ( 'NONE', #2781, #6530 ) ;
#933 = CYLINDRICAL_SURFACE ( 'NONE', #7887, 26.00000000000000000 ) ;
#934 = DIRECTION ( 'NONE',  ( 0.000000000000000000, 0.9980267284282717810, -0.06279051952930993219 ) ) ;
#935 = EDGE_CURVE ( 'NONE', #6418, #2721, #1539, .T. ) ;
#936 = EDGE_CURVE ( 'NONE', #7651, #765, #3876, .T. ) ;
#937 = ORIENTED_EDGE ( 'NONE', *, *, #1192, .T. ) ;
#938 = VERTEX_POINT ( 'NONE', #7301 ) ;
#939 = DIRECTION ( 'NONE',  ( 0.000000000000000000, 0.000000000000000000, 1.000000000000000000 ) ) ;
#940 = DIRECTION ( 'NONE',  ( -0.000000000000000000, 1.000000000000000000, -0.000000000000000000 ) ) ;
#941 = COORDINATED_UNIVERSAL_TIME_OFFSET ( 7, 0, .AHEAD. ) ;
#942 = CC_DESIGN_PERSON_AND_ORGANIZATION_ASSIGNMENT ( #3647, #8128, ( #4075 ) ) ;
#943 = DIRECTION ( 'NONE',  ( -0.000000000000000000, -1.000000000000000000, -0.000000000000000000 ) ) ;
#944 = DIRECTION ( 'NONE',  ( -1.000000000000000000, -0.000000000000000000, -0.000000000000000000 ) ) ;
#945 = DIRECTION ( 'NONE',  ( 0.000000000000000000, 0.000000000000000000, 1.000000000000000000 ) ) ;
#946 = VECTOR ( 'NONE', #8265, 1000.000000000000000 ) ;
#947 = ORIENTED_EDGE ( 'NONE', *, *, #4034, .T. ) ;
#948 = DIRECTION ( 'NONE',  ( 0.000000000000000000, 0.9822872507286893873, -0.1873813145857214646 ) ) ;
#949 = ORIENTED_EDGE ( 'NONE', *, *, #1470, .F. ) ;
#950 = CYLINDRICAL_SURFACE ( 'NONE', #5714, 9.999999999999998224 ) ;
#951 = CYLINDRICAL_SURFACE ( 'NONE', #6101, 26.00000000000000000 ) ;
#952 =( NAMED_UNIT ( * ) SI_UNIT ( $, .STERADIAN. ) SOLID_ANGLE_UNIT ( ) );
#953 = VECTOR ( 'NONE', #42, 1000.000000000000000 ) ;
#954 = CIRCLE ( 'NONE', #2589, 23.74900000000000588 ) ;
#955 = CARTESIAN_POINT ( 'NONE',  ( 3.000000000000000888, -21.20563999867588478, 10.10988233766741295 ) ) ;
#956 = DIRECTION ( 'NONE',  ( 0.000000000000000000, 0.6845471059286846183, 0.7289686274214153272 ) ) ;
#957 = AXIS2_PLACEMENT_3D ( 'NONE', #6261, #5575, #2285 ) ;
#958 = LINE ( 'NONE', #8225, #1567 ) ;
#959 = ORIENTED_EDGE ( 'NONE', *, *, #3988, .F. ) ;
#960 = CIRCLE ( 'NONE', #547, 10.00000000000000000 ) ;
#961 = CIRCLE ( 'NONE', #549, 9.999999999999998224 ) ;
#962 = EDGE_LOOP ( 'NONE', ( #1154, #1324, #2997, #5332 ) ) ;
#963 = ORIENTED_EDGE ( 'NONE', *, *, #4493, .F. ) ;
#964 = CARTESIAN_POINT ( 'NONE',  ( 3.000000000000000888, -23.45311694635235966, 1.356537554084675357 ) ) ;
#965 = CARTESIAN_POINT ( 'NONE',  ( 15.14952443981643171, 10.00000000000000888, 8.746582013347659057 ) ) ;
#966 = ADVANCED_FACE ( 'NONE', ( #110 ), #3239, .T. ) ;
#967 = AXIS2_PLACEMENT_3D ( 'NONE', #5950, #7327, #53 ) ;
#968 = EDGE_CURVE ( 'NONE', #6729, #6322, #7319, .T. ) ;
#969 = ORIENTED_EDGE ( 'NONE', *, *, #2416, .F. ) ;
#970 = ORIENTED_EDGE ( 'NONE', *, *, #3393, .T. ) ;
#971 = AXIS2_PLACEMENT_3D ( 'NONE', #6273, #6736, #2978 ) ;
#972 = LINE ( 'NONE', #1652, #581 ) ;
#973 = AXIS2_PLACEMENT_3D ( 'NONE', #8481, #4616, #1854 ) ;
#974 = CARTESIAN_POINT ( 'NONE',  ( -2.052224346884345962, 7.000000000000008882, 15.84577559900801624 ) ) ;
#975 = EDGE_CURVE ( 'NONE', #5340, #6079, #6762, .T. ) ;
#976 = LINE ( 'NONE', #466, #2786 ) ;
#977 = DIRECTION ( 'NONE',  ( 0.000000000000000000, 0.000000000000000000, 1.000000000000000000 ) ) ;
#978 = CIRCLE ( 'NONE', #7164, 10.00000000000000000 ) ;
#979 = ADVANCED_FACE ( 'NONE', ( #2047 ), #800, .T. ) ;
#980 = ORIENTED_EDGE ( 'NONE', *, *, #6719, .T. ) ;
#981 = EDGE_LOOP ( 'NONE', ( #4028, #5815, #4517, #4854 ) ) ;
#982 = AXIS2_PLACEMENT_3D ( 'NONE', #6934, #1035, #3656 ) ;
#983 = AXIS2_PLACEMENT_3D ( 'NONE', #5993, #1943, #1377 ) ;
#984 = FACE_OUTER_BOUND ( 'NONE', #7133, .T. ) ;
#985 = CARTESIAN_POINT ( 'NONE',  ( 0.000000000000000000, -9.865329348983509661, -24.05567036763025612 ) ) ;
#986 = CALENDAR_DATE ( 2025, 7, 10 ) ;
#987 = EDGE_CURVE ( 'NONE', #2532, #8383, #6077, .T. ) ;
#988 = CARTESIAN_POINT ( 'NONE',  ( 3.000000000000000888, 0.000000000000000000, 0.000000000000000000 ) ) ;
#989 = DIRECTION ( 'NONE',  ( -1.000000000000000000, 0.000000000000000000, 0.000000000000000000 ) ) ;
#990 = EDGE_CURVE ( 'NONE', #8401, #688, #6783, .T. ) ;
#991 = DIRECTION ( 'NONE',  ( -1.000000000000000000, 0.000000000000000000, 0.000000000000000000 ) ) ;
#992 = ORIENTED_EDGE ( 'NONE', *, *, #6202, .T. ) ;
#993 = DIRECTION ( 'NONE',  ( -1.000000000000000000, 0.000000000000000000, 0.000000000000000000 ) ) ;
#994 = EDGE_LOOP ( 'NONE', ( #755, #3195, #4723, #5011 ) ) ;
#995 = DIRECTION ( 'NONE',  ( -1.000000000000000000, -0.000000000000000000, -0.000000000000000000 ) ) ;
#996 = CARTESIAN_POINT ( 'NONE',  ( 3.000000000000000888, -21.30678187720815586, -9.894944904950010667 ) ) ;
#997 = CALENDAR_DATE ( 2025, 7, 10 ) ;
#998 = DIRECTION ( 'NONE',  ( 0.000000000000000000, 0.000000000000000000, 1.000000000000000000 ) ) ;
#999 = DIRECTION ( 'NONE',  ( -1.000000000000000000, -0.000000000000000000, 0.000000000000000000 ) ) ;
#1000 = VECTOR ( 'NONE', #2278, 1000.000000000000000 ) ;
#1001 = CARTESIAN_POINT ( 'NONE',  ( 3.000000000000000888, 0.000000000000000000, 0.000000000000000000 ) ) ;
#1002 = ORIENTED_EDGE ( 'NONE', *, *, #7879, .T. ) ;
#1003 = APPROVAL ( #8221, 'UNSPECIFIED' ) ;
#1004 = VECTOR ( 'NONE', #3916, 1000.000000000000000 ) ;
#1005 = VECTOR ( 'NONE', #4993, 1000.000000000000000 ) ;
#1006 = ORIENTED_EDGE ( 'NONE', *, *, #4339, .T. ) ;
#1007 = ORIENTED_EDGE ( 'NONE', *, *, #3880, .F. ) ;
#1008 = FACE_OUTER_BOUND ( 'NONE', #981, .T. ) ;
#1009 = CARTESIAN_POINT ( 'NONE',  ( 0.000000000000000000, 0.000000000000000000, 0.000000000000000000 ) ) ;
#1010 = CARTESIAN_POINT ( 'NONE',  ( 14.11953930606579810, 10.00000000000000888, 9.598928327965827734 ) ) ;
#1011 = CIRCLE ( 'NONE', #6652, 9.999999999999998224 ) ;
#1012 = VECTOR ( 'NONE', #1359, 1000.000000000000000 ) ;
#1013 = ORIENTED_EDGE ( 'NONE', *, *, #7654, .T. ) ;
#1014 = AXIS2_PLACEMENT_3D ( 'NONE', #6499, #595, #5342 ) ;
#1015 = VERTEX_POINT ( 'NONE', #7475 ) ;
#1016 = DIRECTION ( 'NONE',  ( 0.000000000000000000, 0.000000000000000000, 1.000000000000000000 ) ) ;
#1017 = CARTESIAN_POINT ( 'NONE',  ( -15.37268543417880196, 7.000000000000008882, -7.428415564771473356 ) ) ;
#1018 = DIRECTION ( 'NONE',  ( -0.000000000000000000, 1.000000000000000000, -0.000000000000000000 ) ) ;
#1019 = LINE ( 'NONE', #380, #6473 ) ;
#1020 = CIRCLE ( 'NONE', #3346, 10.00000000000000000 ) ;
#1021 = VERTEX_POINT ( 'NONE', #2211 ) ;
#1022 = EDGE_CURVE ( 'NONE', #6781, #4436, #8232, .T. ) ;
#1023 = ORIENTED_EDGE ( 'NONE', *, *, #5455, .T. ) ;
#1024 = DIRECTION ( 'NONE',  ( 0.000000000000000000, 0.000000000000000000, 1.000000000000000000 ) ) ;
#1025 = DIRECTION ( 'NONE',  ( 0.000000000000000000, 0.000000000000000000, -1.000000000000000000 ) ) ;
#1026 = PERSON_AND_ORGANIZATION_ROLE ( 'creator' ) ;
#1027 = ADVANCED_FACE ( 'NONE', ( #6271 ), #2812, .T. ) ;
#1028 = DIRECTION ( 'NONE',  ( -1.000000000000000000, 0.000000000000000000, -0.000000000000000000 ) ) ;
#1029 = CYLINDRICAL_SURFACE ( 'NONE', #3562, 26.00000000000000000 ) ;
#1030 = CARTESIAN_POINT ( 'NONE',  ( 3.000000000000000888, 18.02520032586864929, 15.06589001178578968 ) ) ;
#1031 = ORIENTED_EDGE ( 'NONE', *, *, #5562, .F. ) ;
#1032 = EDGE_CURVE ( 'NONE', #5543, #7841, #5672, .T. ) ;
#1033 = EDGE_CURVE ( 'NONE', #5586, #4025, #3732, .T. ) ;
#1034 = VERTEX_POINT ( 'NONE', #5587 ) ;
#1035 = DIRECTION ( 'NONE',  ( -1.000000000000000000, -0.000000000000000000, -0.000000000000000000 ) ) ;
#1036 = AXIS2_PLACEMENT_3D ( 'NONE', #2077, #4716, #7461 ) ;
#1037 = VERTEX_POINT ( 'NONE', #4155 ) ;
#1038 = DIRECTION ( 'NONE',  ( -1.000000000000000000, 0.000000000000000000, 0.000000000000000000 ) ) ;
#1039 = LINE ( 'NONE', #7581, #1967 ) ;
#1040 = APPROVAL_ROLE ( '' ) ;
#1041 = DIRECTION ( 'NONE',  ( -1.000000000000000000, -0.000000000000000000, -0.000000000000000000 ) ) ;
#1042 = CARTESIAN_POINT ( 'NONE',  ( 0.000000000000000000, -19.89860609720124884, 12.48736817841723834 ) ) ;
#1043 = CARTESIAN_POINT ( 'NONE',  ( 0.000000000000000000, 12.35365805879580137, 20.28305040092219613 ) ) ;
#1044 = PERSON ( 'UNSPECIFIED', 'UNSPECIFIED', 'UNSPECIFIED', ('UNSPECIFIED'), ('UNSPECIFIED'), ('UNSPECIFIED') ) ;
#1045 = LOCAL_TIME ( 18, 30, 54.00000000000000000, #7791 ) ;
#1046 = VERTEX_POINT ( 'NONE', #4197 ) ;
#1047 = EDGE_CURVE ( 'NONE', #5418, #6417, #1544, .T. ) ;
#1048 = VERTEX_POINT ( 'NONE', #7549 ) ;
#1049 = VERTEX_POINT ( 'NONE', #5622 ) ;
#1050 = DIRECTION ( 'NONE',  ( -1.000000000000000000, -0.000000000000000000, 0.000000000000000000 ) ) ;
#1051 = DIRECTION ( 'NONE',  ( -1.000000000000000000, 0.000000000000000000, 0.000000000000000000 ) ) ;
#1052 = CARTESIAN_POINT ( 'NONE',  ( 3.000000000000000888, 0.000000000000000000, 0.000000000000000000 ) ) ;
#1053 = AXIS2_PLACEMENT_3D ( 'NONE', #705, #6565, #5329 ) ;
#1054 = CARTESIAN_POINT ( 'NONE',  ( 15.14952443981643171, 7.000000000000008882, 8.746582013347659057 ) ) ;
#1055 = CC_DESIGN_PERSON_AND_ORGANIZATION_ASSIGNMENT ( #4753, #5479, ( #5322 ) ) ;
#1056 = ORIENTED_EDGE ( 'NONE', *, *, #2176, .F. ) ;
#1057 = ORIENTED_EDGE ( 'NONE', *, *, #7346, .T. ) ;
#1058 = CARTESIAN_POINT ( 'NONE',  ( 3.000000000000000888, 5.957267827074408828, 22.72443285698074789 ) ) ;
#1059 = ORIENTED_EDGE ( 'NONE', *, *, #3587, .F. ) ;
#1060 = FACE_OUTER_BOUND ( 'NONE', #6211, .T. ) ;
#1061 = DIRECTION ( 'NONE',  ( -1.000000000000000000, 0.000000000000000000, 0.000000000000000000 ) ) ;
#1062 = PLANE ( 'NONE',  #3891 ) ;
#1063 = CARTESIAN_POINT ( 'NONE',  ( 3.000000000000000888, -6.921355658526056054, -22.71805090337173993 ) ) ;
#1064 = ORIENTED_EDGE ( 'NONE', *, *, #4559, .T. ) ;
#1065 = ORIENTED_EDGE ( 'NONE', *, *, #3550, .F. ) ;
#1066 = DIRECTION ( 'NONE',  ( 0.2208460528671434830, 0.000000000000000000, -0.9753086798203954855 ) ) ;
#1067 = COORDINATED_UNIVERSAL_TIME_OFFSET ( 7, 0, .AHEAD. ) ;
#1068 = CARTESIAN_POINT ( 'NONE',  ( 1.500000000000000444, 23.65875512592473129, -10.78254635471279599 ) ) ;
#1069 = CARTESIAN_POINT ( 'NONE',  ( 3.000000000000000888, -23.10781753700494434, -5.481219725251569308 ) ) ;
#1070 = CARTESIAN_POINT ( 'NONE',  ( 0.000000000000000000, 0.000000000000000000, 0.000000000000000000 ) ) ;
#1071 = EDGE_CURVE ( 'NONE', #1456, #7042, #5460, .T. ) ;
#1072 = ORIENTED_EDGE ( 'NONE', *, *, #4343, .F. ) ;
#1073 = ADVANCED_FACE ( 'NONE', ( #1608 ), #5499, .T. ) ;
#1074 = ORIENTED_EDGE ( 'NONE', *, *, #1033, .T. ) ;
#1075 = CARTESIAN_POINT ( 'NONE',  ( 3.000000000000000888, 15.02476645158353108, -21.21924581777989971 ) ) ;
#1076 = EDGE_LOOP ( 'NONE', ( #2227, #2572, #8376, #1853 ) ) ;
#1077 = CARTESIAN_POINT ( 'NONE',  ( 0.000000000000000000, 15.47283697127507018, 18.01683426854850012 ) ) ;
#1078 = DIRECTION ( 'NONE',  ( 0.000000000000000000, 0.4817536741017099944, 0.8763066800438664705 ) ) ;
#1079 = DIRECTION ( 'NONE',  ( 0.000000000000000000, 1.000000000000000000, 0.000000000000000000 ) ) ;
#1080 = CARTESIAN_POINT ( 'NONE',  ( 0.000000000000000000, -17.00973468965491975, -16.57359124594154665 ) ) ;
#1081 = DIRECTION ( 'NONE',  ( -1.000000000000000000, 0.000000000000000000, 0.000000000000000000 ) ) ;
#1082 = EDGE_CURVE ( 'NONE', #6932, #3836, #885, .T. ) ;
#1083 = ORIENTED_EDGE ( 'NONE', *, *, #3112, .F. ) ;
#1084 = VERTEX_POINT ( 'NONE', #8193 ) ;
#1085 = AXIS2_PLACEMENT_3D ( 'NONE', #7372, #8083, #174 ) ;
#1086 = VERTEX_POINT ( 'NONE', #7517 ) ;
#1087 = FACE_OUTER_BOUND ( 'NONE', #5346, .T. ) ;
#1088 = CARTESIAN_POINT ( 'NONE',  ( 3.000000000000000888, 0.000000000000000000, 0.000000000000000000 ) ) ;
#1089 = CARTESIAN_POINT ( 'NONE',  ( 0.000000000000000000, 0.000000000000000000, 0.000000000000000000 ) ) ;
#1090 = DIRECTION ( 'NONE',  ( -1.000000000000000000, -0.000000000000000000, -0.000000000000000000 ) ) ;
#1091 = ADVANCED_FACE ( 'NONE', ( #4978 ), #4860, .T. ) ;
#1092 = EDGE_CURVE ( 'NONE', #6956, #7482, #5680, .T. ) ;
#1093 = CIRCLE ( 'NONE', #4124, 9.999999999999998224 ) ;
#1094 = VECTOR ( 'NONE', #7167, 1000.000000000000000 ) ;
#1095 = ORIENTED_EDGE ( 'NONE', *, *, #3458, .F. ) ;
#1096 = ORIENTED_EDGE ( 'NONE', *, *, #1121, .T. ) ;
#1097 = LINE ( 'NONE', #7682, #5606 ) ;
#1098 = ORIENTED_EDGE ( 'NONE', *, *, #1757, .F. ) ;
#1099 = CARTESIAN_POINT ( 'NONE',  ( 0.000000000000000000, 0.000000000000000000, 0.000000000000000000 ) ) ;
#1100 = AXIS2_PLACEMENT_3D ( 'NONE', #23, #6694, #8498 ) ;
#1101 = AXIS2_PLACEMENT_3D ( 'NONE', #3792, #3827, #6475 ) ;
#1102 = CARTESIAN_POINT ( 'NONE',  ( 3.000000000000000888, 18.02803414784221303, 18.73472670641968207 ) ) ;
#1103 = FACE_OUTER_BOUND ( 'NONE', #5920, .T. ) ;
#1104 = CARTESIAN_POINT ( 'NONE',  ( 3.000000000000000888, -19.46733382657868461, -13.60286420885489278 ) ) ;
#1105 = AXIS2_PLACEMENT_3D ( 'NONE', #2170, #1528, #5588 ) ;
#1106 = ORIENTED_EDGE ( 'NONE', *, *, #8281, .T. ) ;
#1107 = AXIS2_PLACEMENT_3D ( 'NONE', #5898, #2619, #5269 ) ;
#1108 = ORIENTED_EDGE ( 'NONE', *, *, #8505, .F. ) ;
#1109 = CARTESIAN_POINT ( 'NONE',  ( 0.000000000000000000, 0.000000000000000000, 0.000000000000000000 ) ) ;
#1110 = DATE_TIME_ROLE ( 'classification_date' ) ;
#1111 = AXIS2_PLACEMENT_3D ( 'NONE', #2962, #7537, #391 ) ;
#1112 = DIRECTION ( 'NONE',  ( -1.000000000000000000, 0.000000000000000000, 0.000000000000000000 ) ) ;
#1113 = CARTESIAN_POINT ( 'NONE',  ( 3.000000000000000888, 0.000000000000000000, 0.000000000000000000 ) ) ;
#1114 = CIRCLE ( 'NONE', #7987, 10.00000000000000000 ) ;
#1115 = DIRECTION ( 'NONE',  ( -1.000000000000000000, 0.000000000000000000, 0.000000000000000000 ) ) ;
#1116 = ORIENTED_EDGE ( 'NONE', *, *, #410, .T. ) ;
#1117 = AXIS2_PLACEMENT_3D ( 'NONE', #3953, #605, #1987 ) ;
#1118 = ORIENTED_EDGE ( 'NONE', *, *, #7364, .T. ) ;
#1119 = VECTOR ( 'NONE', #3618, 1000.000000000000000 ) ;
#1120 = DIRECTION ( 'NONE',  ( 0.000000000000000000, -0.1253332335642905471, -0.9921147013144795412 ) ) ;
#1121 = EDGE_CURVE ( 'NONE', #7097, #498, #2828, .T. ) ;
#1122 = ORIENTED_EDGE ( 'NONE', *, *, #2745, .F. ) ;
#1123 = LINE ( 'NONE', #7068, #3140 ) ;
#1124 = DIRECTION ( 'NONE',  ( 0.000000000000000000, -0.9048270524660146918, -0.4257792915650829846 ) ) ;
#1125 = DIRECTION ( 'NONE',  ( 1.000000000000000000, 0.000000000000000000, 0.000000000000000000 ) ) ;
#1126 = DIRECTION ( 'NONE',  ( 0.000000000000000000, 0.9048270524660205760, -0.4257792915650703836 ) ) ;
#1127 = FACE_OUTER_BOUND ( 'NONE', #6134, .T. ) ;
#1128 = LINE ( 'NONE', #5061, #5301 ) ;
#1129 = CIRCLE ( 'NONE', #5545, 26.00000000000000000 ) ;
#1130 = VECTOR ( 'NONE', #5901, 1000.000000000000000 ) ;
#1131 = ORIENTED_EDGE ( 'NONE', *, *, #4816, .F. ) ;
#1132 = ORIENTED_EDGE ( 'NONE', *, *, #2080, .T. ) ;
#1133 = EDGE_CURVE ( 'NONE', #6520, #1037, #1276, .T. ) ;
#1134 = AXIS2_PLACEMENT_3D ( 'NONE', #4715, #1437, #6687 ) ;
#1135 = ORIENTED_EDGE ( 'NONE', *, *, #4514, .F. ) ;
#1136 = DIRECTION ( 'NONE',  ( 0.000000000000000000, 0.000000000000000000, -1.000000000000000000 ) ) ;
#1137 = CARTESIAN_POINT ( 'NONE',  ( 3.000000000000000888, 0.000000000000000000, 0.000000000000000000 ) ) ;
#1138 = CARTESIAN_POINT ( 'NONE',  ( 0.000000000000000000, 0.000000000000000000, 0.000000000000000000 ) ) ;
#1139 = DIRECTION ( 'NONE',  ( 0.000000000000000000, -0.4817536741017036661, -0.8763066800438700232 ) ) ;
#1140 = EDGE_CURVE ( 'NONE', #6130, #4561, #241, .T. ) ;
#1141 = AXIS2_PLACEMENT_3D ( 'NONE', #90, #648, #7882 ) ;
#1142 = ORIENTED_EDGE ( 'NONE', *, *, #1510, .F. ) ;
#1143 = LINE ( 'NONE', #461, #1507 ) ;
#1144 = EDGE_CURVE ( 'NONE', #7522, #2150, #2228, .T. ) ;
#1145 = ORIENTED_EDGE ( 'NONE', *, *, #4840, .F. ) ;
#1146 = EDGE_CURVE ( 'NONE', #5998, #237, #6441, .T. ) ;
#1147 = FACE_OUTER_BOUND ( 'NONE', #1650, .T. ) ;
#1148 = AXIS2_PLACEMENT_3D ( 'NONE', #3174, #1941, #3301 ) ;
#1149 = AXIS2_PLACEMENT_3D ( 'NONE', #3899, #6492, #3243 ) ;
#1150 = FACE_OUTER_BOUND ( 'NONE', #5231, .T. ) ;
#1151 = CARTESIAN_POINT ( 'NONE',  ( 3.000000000000000888, 0.1187726605500743354, -23.49201527519569765 ) ) ;
#1152 = VERTEX_POINT ( 'NONE', #7031 ) ;
#1153 = AXIS2_PLACEMENT_3D ( 'NONE', #117, #4082, #1493 ) ;
#1154 = ORIENTED_EDGE ( 'NONE', *, *, #5624, .F. ) ;
#1155 = ORIENTED_EDGE ( 'NONE', *, *, #8359, .F. ) ;
#1156 = EDGE_CURVE ( 'NONE', #1519, #4295, #5710, .T. ) ;
#1157 = DIRECTION ( 'NONE',  ( -1.000000000000000000, -0.000000000000000000, -0.000000000000000000 ) ) ;
#1158 = AXIS2_PLACEMENT_3D ( 'NONE', #1392, #5365, #4587 ) ;
#1159 = DIRECTION ( 'NONE',  ( 0.000000000000000000, -0.4817536741017224289, 0.8763066800438595871 ) ) ;
#1160 = CARTESIAN_POINT ( 'NONE',  ( 3.000000000000000888, 19.46733382657878764, 13.60286420885475245 ) ) ;
#1161 = AXIS2_PLACEMENT_3D ( 'NONE', #749, #4628, #7208 ) ;
#1162 = FACE_OUTER_BOUND ( 'NONE', #2629, .T. ) ;
#1163 = ORIENTED_EDGE ( 'NONE', *, *, #4983, .F. ) ;
#1164 = ORIENTED_EDGE ( 'NONE', *, *, #6302, .T. ) ;
#1165 = AXIS2_PLACEMENT_3D ( 'NONE', #3313, #62, #3265 ) ;
#1166 = DIRECTION ( 'NONE',  ( 0.000000000000000000, -0.9822872507286865007, -0.1873813145857355922 ) ) ;
#1167 = ORIENTED_EDGE ( 'NONE', *, *, #6765, .T. ) ;
#1168 = CARTESIAN_POINT ( 'NONE',  ( 1.500000000000000444, -22.12078737453573751, -13.66275103815407377 ) ) ;
#1169 = DIRECTION ( 'NONE',  ( 0.000000000000000000, 0.7705132427757860336, 0.6374239897486934092 ) ) ;
#1170 = PERSON_AND_ORGANIZATION ( #1044, #909 ) ;
#1171 = CARTESIAN_POINT ( 'NONE',  ( 0.000000000000000000, 25.47815669208872080, 5.183004107018890139 ) ) ;
#1172 = DIRECTION ( 'NONE',  ( 0.000000000000000000, 0.7705132427757904745, -0.6374239897486884132 ) ) ;
#1173 = DIRECTION ( 'NONE',  ( -1.000000000000000000, 0.000000000000000000, -0.000000000000000000 ) ) ;
#1174 = VERTEX_POINT ( 'NONE', #6307 ) ;
#1175 = ORIENTED_EDGE ( 'NONE', *, *, #710, .F. ) ;
#1176 = ORIENTED_EDGE ( 'NONE', *, *, #206, .T. ) ;
#1177 = FACE_OUTER_BOUND ( 'NONE', #5781, .T. ) ;
#1178 = FACE_OUTER_BOUND ( 'NONE', #6008, .T. ) ;
#1179 = FACE_OUTER_BOUND ( 'NONE', #7565, .T. ) ;
#1180 = LINE ( 'NONE', #2386, #5797 ) ;
#1181 = LOCAL_TIME ( 18, 30, 54.00000000000000000, #7276 ) ;
#1182 = EDGE_CURVE ( 'NONE', #7635, #1661, #4370, .T. ) ;
#1183 = ORIENTED_EDGE ( 'NONE', *, *, #1156, .T. ) ;
#1184 = ADVANCED_FACE ( 'NONE', ( #5664 ), #7120, .T. ) ;
#1185 = DIRECTION ( 'NONE',  ( 0.000000000000000000, 0.000000000000000000, -1.000000000000000000 ) ) ;
#1186 = LOCAL_TIME ( 18, 30, 54.00000000000000000, #8263 ) ;
#1187 = ORIENTED_EDGE ( 'NONE', *, *, #5354, .F. ) ;
#1188 = DIRECTION ( 'NONE',  ( 0.000000000000000000, 0.4817536741017102164, 0.8763066800438664705 ) ) ;
#1189 = CARTESIAN_POINT ( 'NONE',  ( 3.000000000000000888, 0.000000000000000000, 0.000000000000000000 ) ) ;
#1190 = DIRECTION ( 'NONE',  ( 0.000000000000000000, 0.1253332335643045359, -0.9921147013144778759 ) ) ;
#1191 = CARTESIAN_POINT ( 'NONE',  ( 0.000000000000000000, 15.02476645158353641, -21.21924581777990326 ) ) ;
#1192 = EDGE_CURVE ( 'NONE', #3730, #2044, #8318, .T. ) ;
#1193 = EDGE_CURVE ( 'NONE', #7977, #3717, #5812, .T. ) ;
#1194 = ORIENTED_EDGE ( 'NONE', *, *, #1231, .F. ) ;
#1195 = VERTEX_POINT ( 'NONE', #6481 ) ;
#1196 = PRODUCT_DEFINITION_FORMATION_WITH_SPECIFIED_SOURCE ( 'ANY', '', #7851, .NOT_KNOWN. ) ;
#1197 = CARTESIAN_POINT ( 'NONE',  ( 2.050538145102809295, 7.000000000000008882, -15.85322226736063378 ) ) ;
#1198 = CYLINDRICAL_SURFACE ( 'NONE', #1683, 26.00000000000000000 ) ;
#1199 = DIRECTION ( 'NONE',  ( 0.000000000000000000, -1.000000000000000000, 0.000000000000000000 ) ) ;
#1200 = FACE_OUTER_BOUND ( 'NONE', #3380, .T. ) ;
#1201 = EDGE_CURVE ( 'NONE', #2810, #5574, #4430, .T. ) ;
#1202 = ADVANCED_FACE ( 'NONE', ( #5066 ), #577, .T. ) ;
#1203 = ORIENTED_EDGE ( 'NONE', *, *, #1973, .F. ) ;
#1204 = ORIENTED_EDGE ( 'NONE', *, *, #1702, .F. ) ;
#1205 = CC_DESIGN_PERSON_AND_ORGANIZATION_ASSIGNMENT ( #2954, #1026, ( #1869 ) ) ;
#1206 = CARTESIAN_POINT ( 'NONE',  ( 3.000000000000000888, 0.000000000000000000, 0.000000000000000000 ) ) ;
#1207 = VERTEX_POINT ( 'NONE', #7080 ) ;
#1208 = DIRECTION ( 'NONE',  ( -1.000000000000000000, -0.000000000000000000, 0.000000000000000000 ) ) ;
#1209 = CARTESIAN_POINT ( 'NONE',  ( 0.000000000000000000, -13.71217102453769243, 19.07525240799584765 ) ) ;
#1210 = MECHANICAL_CONTEXT ( 'NONE', #4512, 'mechanical' ) ;
#1211 = CARTESIAN_POINT ( 'NONE',  ( 0.000000000000000000, 22.30553143780312908, -7.372391464924974436 ) ) ;
#1212 = CARTESIAN_POINT ( 'NONE',  ( 3.000000000000000888, 0.000000000000000000, 0.000000000000000000 ) ) ;
#1213 = DIRECTION ( 'NONE',  ( 0.000000000000000000, -0.8443279255020200713, 0.5358267949789888851 ) ) ;
#1214 = ORIENTED_EDGE ( 'NONE', *, *, #3493, .T. ) ;
#1215 = CARTESIAN_POINT ( 'NONE',  ( -8.102705642371589079, 10.00000000000000888, -5.617728504603292095E-11 ) ) ;
#1216 = ORIENTED_EDGE ( 'NONE', *, *, #7505, .F. ) ;
#1217 = CYLINDRICAL_SURFACE ( 'NONE', #3770, 9.999999999999998224 ) ;
#1218 = CARTESIAN_POINT ( 'NONE',  ( 0.000000000000000000, -5.957267827074244515, -22.72443285698079052 ) ) ;
#1219 = DIRECTION ( 'NONE',  ( 0.000000000000000000, 0.000000000000000000, 1.000000000000000000 ) ) ;
#1220 = DIRECTION ( 'NONE',  ( 0.000000000000000000, -0.5877852522924624790, -0.8090169943749552228 ) ) ;
#1221 = VECTOR ( 'NONE', #1286, 1000.000000000000000 ) ;
#1222 = AXIS2_PLACEMENT_3D ( 'NONE', #696, #4620, #652 ) ;
#1223 = ORIENTED_EDGE ( 'NONE', *, *, #1301, .T. ) ;
#1224 = DIRECTION ( 'NONE',  ( 0.000000000000000000, 0.8443279255020162966, -0.5358267949789945472 ) ) ;
#1225 = ORIENTED_EDGE ( 'NONE', *, *, #245, .T. ) ;
#1226 = DIRECTION ( 'NONE',  ( -1.000000000000000000, -0.000000000000000000, -0.000000000000000000 ) ) ;
#1227 = EDGE_CURVE ( 'NONE', #1260, #8325, #8270, .T. ) ;
#1228 = CYLINDRICAL_SURFACE ( 'NONE', #6206, 26.00000000000000000 ) ;
#1229 = VECTOR ( 'NONE', #537, 1000.000000000000000 ) ;
#1230 = DIRECTION ( 'NONE',  ( 0.000000000000000000, 0.000000000000000000, -1.000000000000000000 ) ) ;
#1231 = EDGE_CURVE ( 'NONE', #2476, #6349, #7596, .T. ) ;
#1232 = CARTESIAN_POINT ( 'NONE',  ( 14.74895638494044903, 10.00000000000000888, -6.145609380895589169 ) ) ;
#1233 = ORIENTED_EDGE ( 'NONE', *, *, #1032, .F. ) ;
#1234 = ORIENTED_EDGE ( 'NONE', *, *, #6765, .F. ) ;
#1235 = CIRCLE ( 'NONE', #687, 10.00000000000000000 ) ;
#1236 = ADVANCED_FACE ( 'NONE', ( #1178 ), #7638, .T. ) ;
#1237 = DIRECTION ( 'NONE',  ( -1.000000000000000000, 0.000000000000000000, 0.000000000000000000 ) ) ;
#1238 = APPROVAL_DATE_TIME ( #5256, #3359 ) ;
#1239 = CARTESIAN_POINT ( 'NONE',  ( 3.000000000000000888, 3.572989937012756023, 25.75332489039047701 ) ) ;
#1240 = CARTESIAN_POINT ( 'NONE',  ( -10.00000000000000000, 0.000000000000000000, 0.000000000000000000 ) ) ;
#1241 = EDGE_CURVE ( 'NONE', #6198, #5137, #4324, .T. ) ;
#1242 = DIRECTION ( 'NONE',  ( -1.000000000000000000, 0.000000000000000000, -0.000000000000000000 ) ) ;
#1243 = ORIENTED_EDGE ( 'NONE', *, *, #2545, .T. ) ;
#1244 = ORIENTED_EDGE ( 'NONE', *, *, #5324, .F. ) ;
#1245 = DIRECTION ( 'NONE',  ( 0.000000000000000000, 0.000000000000000000, 1.000000000000000000 ) ) ;
#1246 = EDGE_CURVE ( 'NONE', #4295, #6095, #3184, .T. ) ;
#1247 = VECTOR ( 'NONE', #482, 1000.000000000000000 ) ;
#1248 = VERTEX_POINT ( 'NONE', #2507 ) ;
#1249 = ADVANCED_FACE ( 'NONE', ( #4365 ), #7676, .T. ) ;
#1250 = VECTOR ( 'NONE', #4030, 1000.000000000000114 ) ;
#1251 = FACE_OUTER_BOUND ( 'NONE', #7004, .T. ) ;
#1252 = DIRECTION ( 'NONE',  ( 0.7342190668223699257, 0.000000000000000000, -0.6789126320186481545 ) ) ;
#1253 = DATE_TIME_ROLE ( 'creation_date' ) ;
#1254 = DIRECTION ( 'NONE',  ( -1.000000000000000000, 0.000000000000000000, 0.000000000000000000 ) ) ;
#1255 = CARTESIAN_POINT ( 'NONE',  ( 3.000000000000000888, -23.43820135222873091, -1.593614133755546725 ) ) ;
#1256 = CARTESIAN_POINT ( 'NONE',  ( 0.000000000000000000, 23.38875284200436866, 11.35633041504308238 ) ) ;
#1257 = AXIS2_PLACEMENT_3D ( 'NONE', #3269, #1349, #6604 ) ;
#1258 = ORIENTED_EDGE ( 'NONE', *, *, #7937, .F. ) ;
#1259 = CARTESIAN_POINT ( 'NONE',  ( 3.000000000000000888, 25.47815669208872080, 5.183004107018890139 ) ) ;
#1260 = VERTEX_POINT ( 'NONE', #6400 ) ;
#1261 = DIRECTION ( 'NONE',  ( -1.000000000000000000, -0.000000000000000000, 0.000000000000000000 ) ) ;
#1262 = DIRECTION ( 'NONE',  ( 0.000000000000000000, 0.000000000000000000, 1.000000000000000000 ) ) ;
#1263 = CARTESIAN_POINT ( 'NONE',  ( 3.000000000000000888, 17.00973468965503343, 16.57359124594142585 ) ) ;
#1264 = CIRCLE ( 'NONE', #7586, 26.00000000000000000 ) ;
#1265 = FACE_OUTER_BOUND ( 'NONE', #2006, .T. ) ;
#1266 = DIRECTION ( 'NONE',  ( 0.000000000000000000, 0.000000000000000000, 1.000000000000000000 ) ) ;
#1267 = AXIS2_PLACEMENT_3D ( 'NONE', #8014, #831, #7381 ) ;
#1268 = CC_DESIGN_PERSON_AND_ORGANIZATION_ASSIGNMENT ( #3220, #649, ( #1327 ) ) ;
#1269 = AXIS2_PLACEMENT_3D ( 'NONE', #842, #1571, #2169 ) ;
#1270 = VERTEX_POINT ( 'NONE', #3708 ) ;
#1271 = CARTESIAN_POINT ( 'NONE',  ( 2.050538145102809295, 10.00000000000000888, -15.85322226736063378 ) ) ;
#1272 = VERTEX_POINT ( 'NONE', #6353 ) ;
#1273 = EDGE_CURVE ( 'NONE', #216, #6667, #2908, .T. ) ;
#1274 = CARTESIAN_POINT ( 'NONE',  ( 2.050538145102809295, 7.000000000000008882, -15.85322226736063378 ) ) ;
#1275 = DIRECTION ( 'NONE',  ( -1.000000000000000000, 0.000000000000000000, 0.000000000000000000 ) ) ;
#1276 = CIRCLE ( 'NONE', #6229, 26.00000000000000000 ) ;
#1277 = CARTESIAN_POINT ( 'NONE',  ( 3.000000000000000888, -23.05365132147763418, -4.518633574727493496 ) ) ;
#1278 = AXIS2_PLACEMENT_3D ( 'NONE', #6706, #4043, #6062 ) ;
#1279 = DIRECTION ( 'NONE',  ( 0.000000000000000000, 0.000000000000000000, 1.000000000000000000 ) ) ;
#1280 = ORIENTED_EDGE ( 'NONE', *, *, #6182, .T. ) ;
#1281 = CIRCLE ( 'NONE', #1554, 23.74900000000000588 ) ;
#1282 = ORIENTED_EDGE ( 'NONE', *, *, #470, .T. ) ;
#1283 = CARTESIAN_POINT ( 'NONE',  ( 3.000000000000000888, 23.45311694635236677, -1.356537554084501940 ) ) ;
#1284 = DIRECTION ( 'NONE',  ( 0.000000000000000000, 0.000000000000000000, 1.000000000000000000 ) ) ;
#1285 = DIRECTION ( 'NONE',  ( -1.000000000000000000, -0.000000000000000000, -0.000000000000000000 ) ) ;
#1286 = DIRECTION ( 'NONE',  ( -1.000000000000000000, -0.000000000000000000, 0.000000000000000000 ) ) ;
#1287 = AXIS2_PLACEMENT_3D ( 'NONE', #7494, #4879, #2868 ) ;
#1288 = CIRCLE ( 'NONE', #4180, 10.00000000000000000 ) ;
#1289 = EDGE_CURVE ( 'NONE', #5340, #6562, #6649, .T. ) ;
#1290 = ORIENTED_EDGE ( 'NONE', *, *, #3644, .F. ) ;
#1291 = ORIENTED_EDGE ( 'NONE', *, *, #6141, .T. ) ;
#1292 = EDGE_CURVE ( 'NONE', #6794, #5954, #7866, .T. ) ;
#1293 = FACE_OUTER_BOUND ( 'NONE', #668, .T. ) ;
#1294 = DIRECTION ( 'NONE',  ( -1.000000000000000000, -0.000000000000000000, 0.000000000000000000 ) ) ;
#1295 = CYLINDRICAL_SURFACE ( 'NONE', #2388, 26.00000000000000000 ) ;
#1296 = COORDINATED_UNIVERSAL_TIME_OFFSET ( 7, 0, .AHEAD. ) ;
#1297 = DIRECTION ( 'NONE',  ( 0.000000000000000000, 0.000000000000000000, 1.000000000000000000 ) ) ;
#1298 = DIRECTION ( 'NONE',  ( 0.000000000000000000, 0.000000000000000000, 1.000000000000000000 ) ) ;
#1299 = DIRECTION ( 'NONE',  ( 0.000000000000000000, 0.000000000000000000, 1.000000000000000000 ) ) ;
#1300 = ADVANCED_FACE ( 'NONE', ( #2679 ), #2583, .T. ) ;
#1301 = EDGE_CURVE ( 'NONE', #3565, #3730, #5277, .T. ) ;
#1302 = AXIS2_PLACEMENT_3D ( 'NONE', #4452, #3926, #3362 ) ;
#1303 = ORIENTED_EDGE ( 'NONE', *, *, #2288, .F. ) ;
#1304 = DIRECTION ( 'NONE',  ( 0.000000000000000000, -0.9980267284282722251, 0.06279051952930256308 ) ) ;
#1305 = ORIENTED_EDGE ( 'NONE', *, *, #1878, .F. ) ;
#1306 = FACE_OUTER_BOUND ( 'NONE', #2627, .T. ) ;
#1307 = DIRECTION ( 'NONE',  ( 0.000000000000000000, 0.3681245526846787519, -0.9297764858882510142 ) ) ;
#1308 = DIRECTION ( 'NONE',  ( 0.000000000000000000, 0.000000000000000000, 1.000000000000000000 ) ) ;
#1309 = DIRECTION ( 'NONE',  ( 0.000000000000000000, 0.000000000000000000, 1.000000000000000000 ) ) ;
#1310 = DIRECTION ( 'NONE',  ( 0.000000000000000000, 0.000000000000000000, 1.000000000000000000 ) ) ;
#1311 = VECTOR ( 'NONE', #6723, 1000.000000000000000 ) ;
#1312 = ADVANCED_FACE ( 'NONE', ( #5233 ), #1389, .T. ) ;
#1313 = ORIENTED_EDGE ( 'NONE', *, *, #5826, .F. ) ;
#1314 = ORIENTED_EDGE ( 'NONE', *, *, #8397, .T. ) ;
#1315 = CARTESIAN_POINT ( 'NONE',  ( -2.050538145046632010, 7.000000000000008882, -15.85322226736041173 ) ) ;
#1316 = ORIENTED_EDGE ( 'NONE', *, *, #528, .F. ) ;
#1317 = CARTESIAN_POINT ( 'NONE',  ( 3.000000000000000888, 0.000000000000000000, 0.000000000000000000 ) ) ;
#1318 = CC_DESIGN_PERSON_AND_ORGANIZATION_ASSIGNMENT ( #4832, #2153, ( #5541 ) ) ;
#1319 = LINE ( 'NONE', #2011, #426 ) ;
#1320 = CARTESIAN_POINT ( 'NONE',  ( 3.000000000000000888, -23.50287694562802798, 3.410245779803352750 ) ) ;
#1321 = CARTESIAN_POINT ( 'NONE',  ( 12.69673203802745931, 10.00000000000000888, -9.700166218278072350 ) ) ;
#1322 = LOCAL_TIME ( 18, 30, 54.00000000000000000, #1666 ) ;
#1323 = ORIENTED_EDGE ( 'NONE', *, *, #7563, .T. ) ;
#1324 = ORIENTED_EDGE ( 'NONE', *, *, #6258, .F. ) ;
#1325 = CARTESIAN_POINT ( 'NONE',  ( 1.499999999999999556, -6.772563327703607250, -25.10243784918597143 ) ) ;
#1326 = CARTESIAN_POINT ( 'NONE',  ( 3.000000000000000888, 19.89860609720116358, 12.48736817841737690 ) ) ;
#1327 = PRODUCT ( 'servo_adapter', 'servo_adapter', '', ( #5140 ) ) ;
#1328 = DIRECTION ( 'NONE',  ( -1.000000000000000000, -0.000000000000000000, 0.000000000000000000 ) ) ;
#1329 = CYLINDRICAL_SURFACE ( 'NONE', #131, 26.00000000000000000 ) ;
#1330 = CYLINDRICAL_SURFACE ( 'NONE', #3407, 26.00000000000000000 ) ;
#1331 = ORIENTED_EDGE ( 'NONE', *, *, #1071, .T. ) ;
#1332 = VERTEX_POINT ( 'NONE', #6564 ) ;
#1333 = LINE ( 'NONE', #5218, #4010 ) ;
#1334 = DIRECTION ( 'NONE',  ( -1.000000000000000000, 0.000000000000000000, 0.000000000000000000 ) ) ;
#1335 = DIRECTION ( 'NONE',  ( 1.000000000000000000, -0.000000000000000000, -0.000000000000000000 ) ) ;
#1336 = APPLICATION_PROTOCOL_DEFINITION ( 'international standard', 'config_control_design', 1994, #4512 ) ;
#1337 = ADVANCED_FACE ( 'NONE', ( #102 ), #2076, .F. ) ;
#1338 = CARTESIAN_POINT ( 'NONE',  ( 1.500000000000000444, -25.96667425510337779, -1.315989410805193716 ) ) ;
#1339 = DIRECTION ( 'NONE',  ( -1.000000000000000000, 0.000000000000000000, 0.000000000000000000 ) ) ;
#1340 = DIRECTION ( 'NONE',  ( -1.000000000000000000, -0.000000000000000000, -0.000000000000000000 ) ) ;
#1341 = EDGE_CURVE ( 'NONE', #2972, #4728, #3886, .T. ) ;
#1342 = EDGE_LOOP ( 'NONE', ( #1860, #7309, #1372, #8201 ) ) ;
#1343 = DIRECTION ( 'NONE',  ( 1.000000000000000000, -0.000000000000000000, 0.000000000000000000 ) ) ;
#1344 = VERTEX_POINT ( 'NONE', #659 ) ;
#1345 = DIRECTION ( 'NONE',  ( 0.000000000000000000, 0.000000000000000000, 1.000000000000000000 ) ) ;
#1346 = CARTESIAN_POINT ( 'NONE',  ( 3.000000000000000888, -0.1187726605499095367, 23.49201527519569765 ) ) ;
#1347 = DIRECTION ( 'NONE',  ( -1.000000000000000000, -0.000000000000000000, -0.000000000000000000 ) ) ;
#1348 = EDGE_CURVE ( 'NONE', #7716, #733, #3266, .T. ) ;
#1349 = DIRECTION ( 'NONE',  ( -1.000000000000000000, -0.000000000000000000, 0.000000000000000000 ) ) ;
#1350 = DIRECTION ( 'NONE',  ( 0.000000000000000000, 0.000000000000000000, 1.000000000000000000 ) ) ;
#1351 = EDGE_LOOP ( 'NONE', ( #5793, #2677, #2138, #3073 ) ) ;
#1352 = EDGE_LOOP ( 'NONE', ( #2357, #1446 ) ) ;
#1353 = CARTESIAN_POINT ( 'NONE',  ( 0.000000000000000000, -20.23396159193267962, -16.32748597599131557 ) ) ;
#1354 = ORIENTED_EDGE ( 'NONE', *, *, #8066, .F. ) ;
#1355 = DIRECTION ( 'NONE',  ( 0.000000000000000000, 0.000000000000000000, 1.000000000000000000 ) ) ;
#1356 = ADVANCED_FACE ( 'NONE', ( #3966 ), #4584, .T. ) ;
#1357 = DIRECTION ( 'NONE',  ( -1.000000000000000000, -0.000000000000000000, -0.000000000000000000 ) ) ;
#1358 = EDGE_CURVE ( 'NONE', #7601, #2590, #7462, .T. ) ;
#1359 = DIRECTION ( 'NONE',  ( 1.000000000000000000, -0.000000000000000000, -0.000000000000000000 ) ) ;
#1360 = AXIS2_PLACEMENT_3D ( 'NONE', #8394, #7072, #1172 ) ;
#1361 = EDGE_LOOP ( 'NONE', ( #6511, #6305, #3979, #908 ) ) ;
#1362 = VERTEX_POINT ( 'NONE', #7932 ) ;
#1363 = VECTOR ( 'NONE', #8330, 1000.000000000000000 ) ;
#1364 = LINE ( 'NONE', #4606, #7150 ) ;
#1365 = CIRCLE ( 'NONE', #4814, 26.00000000000000000 ) ;
#1366 = DIRECTION ( 'NONE',  ( 1.000000000000000000, 0.000000000000000000, 0.000000000000000000 ) ) ;
#1367 = CYLINDRICAL_SURFACE ( 'NONE', #2102, 9.999999999999998224 ) ;
#1368 = CARTESIAN_POINT ( 'NONE',  ( 3.000000000000000888, 21.91639720942983871, 9.148034453285378120 ) ) ;
#1369 = CIRCLE ( 'NONE', #5776, 9.999999999999998224 ) ;
#1370 = VECTOR ( 'NONE', #4557, 1000.000000000000000 ) ;
#1371 = VERTEX_POINT ( 'NONE', #6526 ) ;
#1372 = ORIENTED_EDGE ( 'NONE', *, *, #3068, .T. ) ;
#1373 = DIRECTION ( 'NONE',  ( 0.000000000000000000, 0.000000000000000000, 1.000000000000000000 ) ) ;
#1374 = DIRECTION ( 'NONE',  ( 0.000000000000000000, 0.9980267284282714479, 0.06279051952931688496 ) ) ;
#1375 = CARTESIAN_POINT ( 'NONE',  ( 3.000000000000000888, -19.89860609720107121, -12.48736817841751190 ) ) ;
#1376 = APPROVAL_ROLE ( '' ) ;
#1377 = DIRECTION ( 'NONE',  ( 0.000000000000000000, 0.000000000000000000, 1.000000000000000000 ) ) ;
#1378 = CARTESIAN_POINT ( 'NONE',  ( 3.000000000000000888, 1.054159027266251547, -23.72559271641560841 ) ) ;
#1379 = CIRCLE ( 'NONE', #1360, 9.999999999999996447 ) ;
#1380 = CIRCLE ( 'NONE', #6334, 26.00000000000000000 ) ;
#1381 = CARTESIAN_POINT ( 'NONE',  ( 1.499999999999999556, -22.12078737453592581, 13.66275103815377179 ) ) ;
#1382 = ORIENTED_EDGE ( 'NONE', *, *, #5572, .F. ) ;
#1383 = EDGE_CURVE ( 'NONE', #3951, #5805, #6602, .T. ) ;
#1384 = CIRCLE ( 'NONE', #8388, 10.00000000000000000 ) ;
#1385 = AXIS2_PLACEMENT_3D ( 'NONE', #1724, #1038, #7664 ) ;
#1386 = DIRECTION ( 'NONE',  ( 0.000000000000000000, -0.9048270524660145808, -0.4257792915650830956 ) ) ;
#1387 = ORIENTED_EDGE ( 'NONE', *, *, #400, .F. ) ;
#1388 = DIRECTION ( 'NONE',  ( 0.000000000000000000, 0.000000000000000000, 1.000000000000000000 ) ) ;
#1389 = CYLINDRICAL_SURFACE ( 'NONE', #2639, 9.999999999999998224 ) ;
#1390 = DIRECTION ( 'NONE',  ( -1.000000000000000000, 0.000000000000000000, 0.000000000000000000 ) ) ;
#1391 = DIRECTION ( 'NONE',  ( -1.000000000000000000, -0.000000000000000000, -0.000000000000000000 ) ) ;
#1392 = CARTESIAN_POINT ( 'NONE',  ( 0.000000000000000000, 0.000000000000000000, 0.000000000000000000 ) ) ;
#1393 = CIRCLE ( 'NONE', #1111, 10.00000000000000178 ) ;
#1394 = ORIENTED_EDGE ( 'NONE', *, *, #4200, .T. ) ;
#1395 = EDGE_CURVE ( 'NONE', #5494, #4109, #4864, .T. ) ;
#1396 = ORIENTED_EDGE ( 'NONE', *, *, #6574, .T. ) ;
#1397 = LINE ( 'NONE', #715, #2878 ) ;
#1398 = AXIS2_PLACEMENT_3D ( 'NONE', #3171, #4565, #690 ) ;
#1399 = EDGE_LOOP ( 'NONE', ( #121, #2478, #3310, #299 ) ) ;
#1400 = AXIS2_PLACEMENT_3D ( 'NONE', #5654, #8264, #7021 ) ;
#1401 = CARTESIAN_POINT ( 'NONE',  ( -12.69673203797372452, 7.000000000000008882, 9.700166218166828003 ) ) ;
#1402 = EDGE_CURVE ( 'NONE', #6790, #2271, #4023, .T. ) ;
#1403 = CYLINDRICAL_SURFACE ( 'NONE', #2752, 26.00000000000000000 ) ;
#1404 = CARTESIAN_POINT ( 'NONE',  ( 3.000000000000000888, -23.74496687177445864, 0.4376634075790585277 ) ) ;
#1405 = AXIS2_PLACEMENT_3D ( 'NONE', #3895, #760, #5421 ) ;
#1406 = EDGE_CURVE ( 'NONE', #2850, #2369, #704, .T. ) ;
#1407 = EDGE_CURVE ( 'NONE', #3502, #278, #7329, .T. ) ;
#1408 = VERTEX_POINT ( 'NONE', #621 ) ;
#1409 = ORIENTED_EDGE ( 'NONE', *, *, #810, .T. ) ;
#1410 = DIRECTION ( 'NONE',  ( 0.000000000000000000, 1.000000000000000000, 0.000000000000000000 ) ) ;
#1411 = EDGE_LOOP ( 'NONE', ( #1841, #7176, #2700, #1953 ) ) ;
#1412 = VECTOR ( 'NONE', #3314, 1000.000000000000000 ) ;
#1413 = AXIS2_PLACEMENT_3D ( 'NONE', #5808, #8429, #1284 ) ;
#1414 = DIRECTION ( 'NONE',  ( 0.000000000000000000, 0.000000000000000000, -1.000000000000000000 ) ) ;
#1415 = FACE_OUTER_BOUND ( 'NONE', #1454, .T. ) ;
#1416 = CARTESIAN_POINT ( 'NONE',  ( 3.000000000000000888, 18.02520032586886600, -15.06589001178553566 ) ) ;
#1417 = CIRCLE ( 'NONE', #3058, 26.00000000000000000 ) ;
#1418 = AXIS2_PLACEMENT_3D ( 'NONE', #1477, #4847, #3442 ) ;
#1419 = EDGE_CURVE ( 'NONE', #1519, #8280, #8419, .T. ) ;
#1420 = ORIENTED_EDGE ( 'NONE', *, *, #3598, .F. ) ;
#1421 = VERTEX_POINT ( 'NONE', #6083 ) ;
#1422 = DIRECTION ( 'NONE',  ( 1.000000000000000000, -0.000000000000000000, 0.000000000000000000 ) ) ;
#1423 = CARTESIAN_POINT ( 'NONE',  ( 0.000000000000000000, -18.17661741219002636, -14.88285819611920324 ) ) ;
#1424 = CALENDAR_DATE ( 2025, 7, 10 ) ;
#1425 = CC_DESIGN_PERSON_AND_ORGANIZATION_ASSIGNMENT ( #6713, #2834, ( #1196 ) ) ;
#1426 = VECTOR ( 'NONE', #4253, 1000.000000000000000 ) ;
#1427 = CARTESIAN_POINT ( 'NONE',  ( -10.00000000000000000, 0.000000000000000000, 0.000000000000000000 ) ) ;
#1428 = DIRECTION ( 'NONE',  ( -1.000000000000000000, -0.000000000000000000, 0.000000000000000000 ) ) ;
#1429 = AXIS2_PLACEMENT_3D ( 'NONE', #1277, #633, #7543 ) ;
#1430 = LINE ( 'NONE', #8486, #7752 ) ;
#1431 = VERTEX_POINT ( 'NONE', #2246 ) ;
#1432 = AXIS2_PLACEMENT_3D ( 'NONE', #4691, #7312, #6795 ) ;
#1433 = VECTOR ( 'NONE', #6682, 1000.000000000000000 ) ;
#1434 = DIRECTION ( 'NONE',  ( -1.000000000000000000, 0.000000000000000000, 0.000000000000000000 ) ) ;
#1435 = ORIENTED_EDGE ( 'NONE', *, *, #4300, .T. ) ;
#1436 = FACE_OUTER_BOUND ( 'NONE', #4486, .T. ) ;
#1437 = DIRECTION ( 'NONE',  ( -1.000000000000000000, 0.000000000000000000, 0.000000000000000000 ) ) ;
#1438 = DIRECTION ( 'NONE',  ( 1.000000000000000000, 0.000000000000000000, 0.000000000000000000 ) ) ;
#1439 = LINE ( 'NONE', #7250, #8258 ) ;
#1440 = CARTESIAN_POINT ( 'NONE',  ( 3.000000000000000888, 6.921355658526210597, 22.71805090337169730 ) ) ;
#1441 = CIRCLE ( 'NONE', #4750, 9.999999999999998224 ) ;
#1442 = ORIENTED_EDGE ( 'NONE', *, *, #3879, .F. ) ;
#1443 = VERTEX_POINT ( 'NONE', #8182 ) ;
#1444 = VERTEX_POINT ( 'NONE', #2122 ) ;
#1445 = FACE_OUTER_BOUND ( 'NONE', #1690, .T. ) ;
#1446 = ORIENTED_EDGE ( 'NONE', *, *, #3225, .T. ) ;
#1447 = VECTOR ( 'NONE', #2755, 1000.000000000000114 ) ;
#1448 = LINE ( 'NONE', #4640, #310 ) ;
#1449 = CARTESIAN_POINT ( 'NONE',  ( 3.000000000000000888, 23.43820135222874157, -1.593614133755375750 ) ) ;
#1450 = ADVANCED_FACE ( 'NONE', ( #7504 ), #6262, .T. ) ;
#1451 = CARTESIAN_POINT ( 'NONE',  ( 0.000000000000000000, -23.74496687177445864, 0.4376634075790585277 ) ) ;
#1452 = EDGE_CURVE ( 'NONE', #3147, #4329, #4579, .T. ) ;
#1453 = ORIENTED_EDGE ( 'NONE', *, *, #7445, .T. ) ;
#1454 = EDGE_LOOP ( 'NONE', ( #6115, #4937, #4858, #3462 ) ) ;
#1455 = CARTESIAN_POINT ( 'NONE',  ( 4.051352821227816037, 10.00000000000000888, -7.017148925761551581 ) ) ;
#1456 = VERTEX_POINT ( 'NONE', #318 ) ;
#1457 = DIRECTION ( 'NONE',  ( 0.000000000000000000, 0.000000000000000000, -1.000000000000000000 ) ) ;
#1458 = EDGE_CURVE ( 'NONE', #3093, #4238, #2200, .T. ) ;
#1459 = ADVANCED_BREP_SHAPE_REPRESENTATION ( '', ( #8396, #4766 ), #8179 ) ;
#1460 = CARTESIAN_POINT ( 'NONE',  ( 3.000000000000000888, 15.47283697127507018, 18.01683426854850012 ) ) ;
#1461 = CARTESIAN_POINT ( 'NONE',  ( 3.000000000000000888, 18.02803414784248659, -18.73472670641942273 ) ) ;
#1462 = VERTEX_POINT ( 'NONE', #6849 ) ;
#1463 = ORIENTED_EDGE ( 'NONE', *, *, #5199, .F. ) ;
#1464 = DIRECTION ( 'NONE',  ( -1.000000000000000000, 0.000000000000000000, 0.000000000000000000 ) ) ;
#1465 = CARTESIAN_POINT ( 'NONE',  ( 0.000000000000000000, -23.43820135222873091, -1.593614133755546725 ) ) ;
#1466 = PERSON_AND_ORGANIZATION ( #1044, #909 ) ;
#1467 = EDGE_CURVE ( 'NONE', #6956, #1605, #5007, .T. ) ;
#1468 = CYLINDRICAL_SURFACE ( 'NONE', #3055, 9.999999999999998224 ) ;
#1469 = CYLINDRICAL_SURFACE ( 'NONE', #6319, 17.50000000000000355 ) ;
#1470 = EDGE_CURVE ( 'NONE', #1612, #8034, #8287, .T. ) ;
#1471 = FACE_OUTER_BOUND ( 'NONE', #8098, .T. ) ;
#1472 = B_SPLINE_SURFACE_WITH_KNOTS ( 'NONE', 2, 1, ( 
 ( #974, #1910 ),
 ( #8244, #7163 ),
 ( #5837, #7803 ),
 ( #2901, #4241 ),
 ( #6279, #4334 ) ),
 .UNSPECIFIED., .F., .F., .F.,
 ( 3, 1, 1, 3 ),
 ( 2, 2 ),
 ( 0.002399098765396647220, 0.3755997746913342095, 0.6244002253086259335, 0.9976009012345634641 ),
 ( 0.000000000000000000, 1.000000000000000000 ),
 .UNSPECIFIED. ) ;
#1473 = ORIENTED_EDGE ( 'NONE', *, *, #2920, .T. ) ;
#1474 = CARTESIAN_POINT ( 'NONE',  ( 3.000000000000000888, 0.000000000000000000, 0.000000000000000000 ) ) ;
#1475 = ORIENTED_EDGE ( 'NONE', *, *, #5983, .T. ) ;
#1476 = LINE ( 'NONE', #7016, #2943 ) ;
#1477 = CARTESIAN_POINT ( 'NONE',  ( 3.000000000000000888, -13.71217102453769243, 19.07525240799584765 ) ) ;
#1478 =( LENGTH_UNIT ( ) NAMED_UNIT ( * ) SI_UNIT ( .MILLI., .METRE. ) );
#1479 = CARTESIAN_POINT ( 'NONE',  ( 0.000000000000000000, -18.95282963369240292, -14.31101847795017434 ) ) ;
#1480 = FACE_OUTER_BOUND ( 'NONE', #5202, .T. ) ;
#1481 = ORIENTED_EDGE ( 'NONE', *, *, #5878, .T. ) ;
#1482 = ORIENTED_EDGE ( 'NONE', *, *, #3272, .F. ) ;
#1483 = ORIENTED_EDGE ( 'NONE', *, *, #4667, .F. ) ;
#1484 = ORIENTED_EDGE ( 'NONE', *, *, #6232, .F. ) ;
#1485 = ORIENTED_EDGE ( 'NONE', *, *, #6151, .T. ) ;
#1486 = DIRECTION ( 'NONE',  ( -1.000000000000000000, 0.000000000000000000, 0.000000000000000000 ) ) ;
#1487 = CARTESIAN_POINT ( 'NONE',  ( -14.74895638488504801, 7.000000000000008882, -6.145609380897365526 ) ) ;
#1488 = ORIENTED_EDGE ( 'NONE', *, *, #8122, .F. ) ;
#1489 = EDGE_CURVE ( 'NONE', #3998, #2730, #8278, .T. ) ;
#1490 = ORIENTED_EDGE ( 'NONE', *, *, #8443, .T. ) ;
#1491 = DIRECTION ( 'NONE',  ( -1.000000000000000000, -0.000000000000000000, 0.000000000000000000 ) ) ;
#1492 = ORIENTED_EDGE ( 'NONE', *, *, #4349, .F. ) ;
#1493 = DIRECTION ( 'NONE',  ( 0.000000000000000000, 0.9510565162951544194, -0.3090169943749446757 ) ) ;
#1494 = DIRECTION ( 'NONE',  ( -1.000000000000000000, 0.000000000000000000, -0.000000000000000000 ) ) ;
#1495 = DIRECTION ( 'NONE',  ( -1.000000000000000000, 0.000000000000000000, 0.000000000000000000 ) ) ;
#1496 = ORIENTED_EDGE ( 'NONE', *, *, #7632, .T. ) ;
#1497 = EDGE_CURVE ( 'NONE', #6578, #2070, #7603, .T. ) ;
#1498 = ORIENTED_EDGE ( 'NONE', *, *, #1918, .T. ) ;
#1499 = CARTESIAN_POINT ( 'NONE',  ( 3.000000000000000888, -11.42144594672534375, -20.52899074774387245 ) ) ;
#1500 = DIRECTION ( 'NONE',  ( -1.000000000000000000, 0.000000000000000000, -0.000000000000000000 ) ) ;
#1501 = APPROVAL_STATUS ( 'not_yet_approved' ) ;
#1502 = EDGE_CURVE ( 'NONE', #4561, #3777, #5554, .T. ) ;
#1503 = FACE_OUTER_BOUND ( 'NONE', #5371, .T. ) ;
#1504 = DIRECTION ( 'NONE',  ( -1.000000000000000000, 0.000000000000000000, 0.000000000000000000 ) ) ;
#1505 = AXIS2_PLACEMENT_3D ( 'NONE', #6835, #4044, #296 ) ;
#1506 = CARTESIAN_POINT ( 'NONE',  ( 3.000000000000000888, 13.90434922624143432, 18.93562677150247708 ) ) ;
#1507 = VECTOR ( 'NONE', #7086, 1000.000000000000000 ) ;
#1508 = ORIENTED_EDGE ( 'NONE', *, *, #4568, .T. ) ;
#1509 = EDGE_CURVE ( 'NONE', #4238, #2972, #1827, .T. ) ;
#1510 = EDGE_CURVE ( 'NONE', #559, #3057, #6213, .T. ) ;
#1511 = AXIS2_PLACEMENT_3D ( 'NONE', #4079, #79, #4690 ) ;
#1512 = CARTESIAN_POINT ( 'NONE',  ( 3.000000000000000888, 20.59702713253518880, -11.82275239957301771 ) ) ;
#1513 = ORIENTED_EDGE ( 'NONE', *, *, #4983, .T. ) ;
#1514 = AXIS2_PLACEMENT_3D ( 'NONE', #5098, #3133, #5704 ) ;
#1515 = DIRECTION ( 'NONE',  ( -1.000000000000000000, -0.000000000000000000, 0.000000000000000000 ) ) ;
#1516 = DIRECTION ( 'NONE',  ( -1.000000000000000000, 0.000000000000000000, -0.000000000000000000 ) ) ;
#1517 = FACE_OUTER_BOUND ( 'NONE', #3046, .T. ) ;
#1518 = CARTESIAN_POINT ( 'NONE',  ( 3.000000000000000888, 0.000000000000000000, 0.000000000000000000 ) ) ;
#1519 = VERTEX_POINT ( 'NONE', #2286 ) ;
#1520 = CIRCLE ( 'NONE', #971, 10.00000000000000000 ) ;
#1521 = ORIENTED_EDGE ( 'NONE', *, *, #120, .T. ) ;
#1522 = EDGE_CURVE ( 'NONE', #8021, #325, #458, .T. ) ;
#1523 = ORIENTED_EDGE ( 'NONE', *, *, #365, .T. ) ;
#1524 = ORIENTED_EDGE ( 'NONE', *, *, #6972, .T. ) ;
#1525 = ORIENTED_EDGE ( 'NONE', *, *, #2288, .T. ) ;
#1526 = DIRECTION ( 'NONE',  ( -1.000000000000000000, -0.000000000000000000, 0.000000000000000000 ) ) ;
#1527 = VECTOR ( 'NONE', #8216, 1000.000000000000000 ) ;
#1528 = DIRECTION ( 'NONE',  ( -1.000000000000000000, 0.000000000000000000, 0.000000000000000000 ) ) ;
#1529 = CIRCLE ( 'NONE', #4002, 26.00000000000000000 ) ;
#1530 = CC_DESIGN_PERSON_AND_ORGANIZATION_ASSIGNMENT ( #4, #3131, ( #6826 ) ) ;
#1531 = VECTOR ( 'NONE', #930, 1000.000000000000000 ) ;
#1532 = AXIS2_PLACEMENT_3D ( 'NONE', #2495, #7111, #3352 ) ;
#1533 = EDGE_LOOP ( 'NONE', ( #6570, #4196, #1800, #116 ) ) ;
#1534 = ORIENTED_EDGE ( 'NONE', *, *, #5312, .T. ) ;
#1535 = DIRECTION ( 'NONE',  ( 0.7342190668223465000, 0.000000000000000000, 0.6789126320186734675 ) ) ;
#1536 = DIRECTION ( 'NONE',  ( -1.000000000000000000, 0.000000000000000000, 0.000000000000000000 ) ) ;
#1537 = VERTEX_POINT ( 'NONE', #1562 ) ;
#1538 = DIRECTION ( 'NONE',  ( 1.000000000000000000, 0.000000000000000000, 0.000000000000000000 ) ) ;
#1539 = CIRCLE ( 'NONE', #7861, 23.74900000000000588 ) ;
#1540 = LINE ( 'NONE', #6796, #7472 ) ;
#1541 = VECTOR ( 'NONE', #2871, 1000.000000000000000 ) ;
#1542 = CYLINDRICAL_SURFACE ( 'NONE', #2322, 9.999999999999998224 ) ;
#1543 = ORIENTED_EDGE ( 'NONE', *, *, #6310, .F. ) ;
#1544 = CIRCLE ( 'NONE', #4725, 26.00000000000000000 ) ;
#1545 = ORIENTED_EDGE ( 'NONE', *, *, #1341, .F. ) ;
#1546 = AXIS2_PLACEMENT_3D ( 'NONE', #988, #5081, #3603 ) ;
#1547 = FACE_OUTER_BOUND ( 'NONE', #5439, .T. ) ;
#1548 = CARTESIAN_POINT ( 'NONE',  ( 0.000000000000000000, 20.59702713253501472, 11.82275239957331614 ) ) ;
#1549 = APPROVAL_DATE_TIME ( #7921, #6006 ) ;
#1550 = FACE_BOUND ( 'NONE', #550, .T. ) ;
#1551 = CARTESIAN_POINT ( 'NONE',  ( 3.000000000000000888, 6.772563327704132163, -25.10243784918582577 ) ) ;
#1552 = DIRECTION ( 'NONE',  ( -1.000000000000000000, -0.000000000000000000, 0.000000000000000000 ) ) ;
#1553 = EDGE_CURVE ( 'NONE', #4109, #2899, #4803, .T. ) ;
#1554 = AXIS2_PLACEMENT_3D ( 'NONE', #2413, #6976, #1169 ) ;
#1555 = EDGE_LOOP ( 'NONE', ( #13, #3008, #2740, #5542 ) ) ;
#1556 = ADVANCED_FACE ( 'NONE', ( #7414 ), #913, .T. ) ;
#1557 = LINE ( 'NONE', #8009, #7025 ) ;
#1558 = CIRCLE ( 'NONE', #6241, 10.00000000000000000 ) ;
#1559 = ORIENTED_EDGE ( 'NONE', *, *, #5597, .T. ) ;
#1560 = VECTOR ( 'NONE', #1859, 1000.000000000000000 ) ;
#1561 = DIRECTION ( 'NONE',  ( 0.000000000000000000, 0.000000000000000000, 1.000000000000000000 ) ) ;
#1562 = CARTESIAN_POINT ( 'NONE',  ( 12.69673203802745931, 10.00000000000000888, -9.700166218278072350 ) ) ;
#1563 = CARTESIAN_POINT ( 'NONE',  ( 3.000000000000000888, 22.30553143780301895, 7.372391464925285298 ) ) ;
#1564 = CARTESIAN_POINT ( 'NONE',  ( 0.000000000000000000, 4.019451921851954879, 23.40638817177739384 ) ) ;
#1565 = EDGE_CURVE ( 'NONE', #4488, #4974, #4305, .T. ) ;
#1566 = EDGE_CURVE ( 'NONE', #1456, #5677, #6913, .T. ) ;
#1567 = VECTOR ( 'NONE', #7305, 1000.000000000000000 ) ;
#1568 = EDGE_LOOP ( 'NONE', ( #2945, #5420, #5858, #1002 ) ) ;
#1569 = ORIENTED_EDGE ( 'NONE', *, *, #7076, .F. ) ;
#1570 = ORIENTED_EDGE ( 'NONE', *, *, #8302, .T. ) ;
#1571 = DIRECTION ( 'NONE',  ( -1.000000000000000000, -0.000000000000000000, -0.000000000000000000 ) ) ;
#1572 = CARTESIAN_POINT ( 'NONE',  ( 0.000000000000000000, 25.59698206453965952, 4.560099690536917549 ) ) ;
#1573 = AXIS2_PLACEMENT_3D ( 'NONE', #3561, #2116, #2837 ) ;
#1574 = ADVANCED_FACE ( 'NONE', ( #1597 ), #8013, .T. ) ;
#1575 = ADVANCED_FACE ( 'NONE', ( #4223 ), #951, .T. ) ;
#1576 = ORIENTED_EDGE ( 'NONE', *, *, #7671, .T. ) ;
#1577 = ORIENTED_EDGE ( 'NONE', *, *, #1502, .F. ) ;
#1578 = LINE ( 'NONE', #1701, #1531 ) ;
#1579 = ORIENTED_EDGE ( 'NONE', *, *, #7806, .F. ) ;
#1580 = CARTESIAN_POINT ( 'NONE',  ( 3.000000000000000888, 19.77132294913407762, 12.68793432659416354 ) ) ;
#1581 = CARTESIAN_POINT ( 'NONE',  ( 1.541888672219315248, 10.00000000000000888, -16.91572086648510975 ) ) ;
#1582 = CARTESIAN_POINT ( 'NONE',  ( 3.000000000000000888, -12.35365805879565748, -20.28305040092227429 ) ) ;
#1583 = ORIENTED_EDGE ( 'NONE', *, *, #4280, .T. ) ;
#1584 = EDGE_LOOP ( 'NONE', ( #1118, #3228, #6171, #7299 ) ) ;
#1585 = DIRECTION ( 'NONE',  ( 1.000000000000000000, 0.000000000000000000, 0.000000000000000000 ) ) ;
#1586 = CARTESIAN_POINT ( 'NONE',  ( 0.000000000000000000, 15.99480952573177639, -17.20624761156487992 ) ) ;
#1587 = CALENDAR_DATE ( 2025, 7, 10 ) ;
#1588 = LOCAL_TIME ( 18, 30, 54.00000000000000000, #3735 ) ;
#1589 = DIRECTION ( 'NONE',  ( 0.000000000000000000, 0.000000000000000000, 1.000000000000000000 ) ) ;
#1590 = FACE_OUTER_BOUND ( 'NONE', #2684, .T. ) ;
#1591 = CARTESIAN_POINT ( 'NONE',  ( 3.000000000000002665, 2.220446049250313081E-13, 2.220446049250313081E-13 ) ) ;
#1592 = ORIENTED_EDGE ( 'NONE', *, *, #1613, .F. ) ;
#1593 = CARTESIAN_POINT ( 'NONE',  ( -15.14952443979000662, 10.00000000000000888, 8.746582013399839539 ) ) ;
#1594 = ADVANCED_FACE ( 'NONE', ( #8390 ), #4438, .T. ) ;
#1595 = EDGE_LOOP ( 'NONE', ( #298, #8353, #5932, #2982 ) ) ;
#1596 = DIRECTION ( 'NONE',  ( 0.000000000000000000, 0.000000000000000000, 1.000000000000000000 ) ) ;
#1597 = FACE_OUTER_BOUND ( 'NONE', #6026, .T. ) ;
#1598 = DIRECTION ( 'NONE',  ( 0.01267752201272518212, -3.563858592806295115E-15, 0.9999196369887015656 ) ) ;
#1599 = LINE ( 'NONE', #1636, #5931 ) ;
#1600 = CARTESIAN_POINT ( 'NONE',  ( 0.000000000000000000, -6.772563327703954528, 25.10243784918587551 ) ) ;
#1601 = EDGE_CURVE ( 'NONE', #2721, #515, #8425, .T. ) ;
#1602 = DIRECTION ( 'NONE',  ( -1.000000000000000000, 0.000000000000000000, -0.000000000000000000 ) ) ;
#1603 = ORIENTED_EDGE ( 'NONE', *, *, #3387, .T. ) ;
#1604 = ORIENTED_EDGE ( 'NONE', *, *, #2148, .T. ) ;
#1605 = VERTEX_POINT ( 'NONE', #3824 ) ;
#1606 = EDGE_CURVE ( 'NONE', #1781, #8435, #1281, .T. ) ;
#1607 = EDGE_LOOP ( 'NONE', ( #6303, #6945, #4943, #2258 ) ) ;
#1608 = FACE_OUTER_BOUND ( 'NONE', #5492, .T. ) ;
#1609 = CARTESIAN_POINT ( 'NONE',  ( 15.14952443981643171, 7.000000000000008882, 8.746582013347659057 ) ) ;
#1610 = EDGE_CURVE ( 'NONE', #8462, #246, #3789, .T. ) ;
#1611 = VERTEX_POINT ( 'NONE', #394 ) ;
#1612 = VERTEX_POINT ( 'NONE', #5736 ) ;
#1613 = EDGE_CURVE ( 'NONE', #5062, #733, #7054, .T. ) ;
#1614 = VERTEX_POINT ( 'NONE', #3050 ) ;
#1615 = EDGE_CURVE ( 'NONE', #3214, #7189, #7471, .T. ) ;
#1616 = DIRECTION ( 'NONE',  ( 0.000000000000000000, -0.9510565162951500895, -0.3090169943749582759 ) ) ;
#1617 = FACE_OUTER_BOUND ( 'NONE', #3185, .T. ) ;
#1618 = DIRECTION ( 'NONE',  ( 0.000000000000000000, 0.000000000000000000, 1.000000000000000000 ) ) ;
#1619 = DIRECTION ( 'NONE',  ( 0.000000000000000000, -0.2486898871648415277, -0.9685831611286346288 ) ) ;
#1620 = ORIENTED_EDGE ( 'NONE', *, *, #8235, .T. ) ;
#1621 = ORIENTED_EDGE ( 'NONE', *, *, #1140, .F. ) ;
#1622 = CARTESIAN_POINT ( 'NONE',  ( 0.000000000000000000, 0.000000000000000000, 0.000000000000000000 ) ) ;
#1623 = CARTESIAN_POINT ( 'NONE',  ( 3.000000000000000888, 0.000000000000000000, 0.000000000000000000 ) ) ;
#1624 = APPROVAL_DATE_TIME ( #5002, #6274 ) ;
#1625 = CARTESIAN_POINT ( 'NONE',  ( -10.00000000000000000, 0.000000000000000000, 0.000000000000000000 ) ) ;
#1626 = LINE ( 'NONE', #4256, #2729 ) ;
#1627 = CARTESIAN_POINT ( 'NONE',  ( 1.500000000000000444, -9.275723936746668841, -24.28911166447354475 ) ) ;
#1628 = EDGE_CURVE ( 'NONE', #2899, #5475, #4165, .T. ) ;
#1629 = AXIS2_PLACEMENT_3D ( 'NONE', #1255, #3873, #6592 ) ;
#1630 = VERTEX_POINT ( 'NONE', #8220 ) ;
#1631 = CARTESIAN_POINT ( 'NONE',  ( 3.000000000000000888, 23.10781753700506158, -5.481219725251072816 ) ) ;
#1632 = ORIENTED_EDGE ( 'NONE', *, *, #6830, .T. ) ;
#1633 = CYLINDRICAL_SURFACE ( 'NONE', #2887, 9.999999999999998224 ) ;
#1634 = DIRECTION ( 'NONE',  ( 0.000000000000000000, 0.000000000000000000, 1.000000000000000000 ) ) ;
#1635 = CIRCLE ( 'NONE', #3418, 26.00000000000000000 ) ;
#1636 = CARTESIAN_POINT ( 'NONE',  ( 3.000000000000000888, 7.753840929970859719, -22.44756004185552456 ) ) ;
#1637 = DIRECTION ( 'NONE',  ( -1.000000000000000000, 0.000000000000000000, 0.000000000000000000 ) ) ;
#1638 = DIRECTION ( 'NONE',  ( 0.000000000000000000, 0.000000000000000000, -1.000000000000000000 ) ) ;
#1639 = EDGE_CURVE ( 'NONE', #1781, #5191, #1039, .T. ) ;
#1640 = ORIENTED_EDGE ( 'NONE', *, *, #975, .F. ) ;
#1641 = CIRCLE ( 'NONE', #1511, 9.999999999999998224 ) ;
#1642 = ORIENTED_EDGE ( 'NONE', *, *, #8137, .T. ) ;
#1643 = ORIENTED_EDGE ( 'NONE', *, *, #8187, .F. ) ;
#1644 = CARTESIAN_POINT ( 'NONE',  ( 0.000000000000000000, 12.24681498829439441, -22.93502828955063677 ) ) ;
#1645 = DIRECTION ( 'NONE',  ( 0.000000000000000000, 0.000000000000000000, 1.000000000000000000 ) ) ;
#1646 = CARTESIAN_POINT ( 'NONE',  ( 0.000000000000000000, 22.89013261011085731, 6.329046538898232654 ) ) ;
#1647 = EDGE_CURVE ( 'NONE', #4839, #2879, #2379, .T. ) ;
#1648 = ORIENTED_EDGE ( 'NONE', *, *, #4840, .T. ) ;
#1649 = EDGE_CURVE ( 'NONE', #3512, #3261, #6236, .T. ) ;
#1650 = EDGE_LOOP ( 'NONE', ( #2328, #345, #5504, #1006 ) ) ;
#1651 = CIRCLE ( 'NONE', #1934, 9.999999999999998224 ) ;
#1652 = CARTESIAN_POINT ( 'NONE',  ( 3.000000000000000888, -17.60893712771341768, -15.93550545895034176 ) ) ;
#1653 = CYLINDRICAL_SURFACE ( 'NONE', #4051, 23.74900000000000233 ) ;
#1654 = DIRECTION ( 'NONE',  ( -1.000000000000000000, -0.000000000000000000, -0.000000000000000000 ) ) ;
#1655 = DIRECTION ( 'NONE',  ( 1.000000000000000000, 0.000000000000000000, 0.000000000000000000 ) ) ;
#1656 = EDGE_CURVE ( 'NONE', #1195, #389, #6297, .T. ) ;
#1657 = AXIS2_PLACEMENT_3D ( 'NONE', #5908, #655, #4578 ) ;
#1658 = EDGE_CURVE ( 'NONE', #4272, #6823, #7628, .T. ) ;
#1659 = CIRCLE ( 'NONE', #4558, 26.00000000000000000 ) ;
#1660 = ORIENTED_EDGE ( 'NONE', *, *, #1615, .F. ) ;
#1661 = VERTEX_POINT ( 'NONE', #3746 ) ;
#1662 = CIRCLE ( 'NONE', #1117, 23.74900000000000233 ) ;
#1663 = VECTOR ( 'NONE', #875, 1000.000000000000000 ) ;
#1664 = FACE_OUTER_BOUND ( 'NONE', #557, .T. ) ;
#1665 = FACE_OUTER_BOUND ( 'NONE', #7077, .T. ) ;
#1666 = COORDINATED_UNIVERSAL_TIME_OFFSET ( 7, 0, .AHEAD. ) ;
#1667 = LINE ( 'NONE', #5308, #178 ) ;
#1668 = DIRECTION ( 'NONE',  ( -1.000000000000000000, 0.000000000000000000, -0.000000000000000000 ) ) ;
#1669 = CYLINDRICAL_SURFACE ( 'NONE', #2650, 3.000000000000048406 ) ;
#1670 = ADVANCED_FACE ( 'NONE', ( #3003 ), #7707, .T. ) ;
#1671 = AXIS2_PLACEMENT_3D ( 'NONE', #7218, #2594, #5244 ) ;
#1672 = AXIS2_PLACEMENT_3D ( 'NONE', #7239, #6591, #307 ) ;
#1673 = EDGE_LOOP ( 'NONE', ( #4976, #584, #6633, #256 ) ) ;
#1674 = VERTEX_POINT ( 'NONE', #485 ) ;
#1675 = CARTESIAN_POINT ( 'NONE',  ( 0.000000000000000000, 23.10781753700506158, -5.481219725251072816 ) ) ;
#1676 = ORIENTED_EDGE ( 'NONE', *, *, #4090, .F. ) ;
#1677 = CARTESIAN_POINT ( 'NONE',  ( -8.102705642371589079, 7.000000000000008882, -5.617728504603292095E-11 ) ) ;
#1678 = CARTESIAN_POINT ( 'NONE',  ( 3.000000000000000888, 0.000000000000000000, 0.000000000000000000 ) ) ;
#1679 = CALENDAR_DATE ( 2025, 7, 10 ) ;
#1680 = VECTOR ( 'NONE', #3103, 1000.000000000000000 ) ;
#1681 = DIRECTION ( 'NONE',  ( -1.000000000000000000, 0.000000000000000000, 0.000000000000000000 ) ) ;
#1682 = DIRECTION ( 'NONE',  ( -1.000000000000000000, -0.000000000000000000, -0.000000000000000000 ) ) ;
#1683 = AXIS2_PLACEMENT_3D ( 'NONE', #4556, #3161, #4510 ) ;
#1684 = LINE ( 'NONE', #2451, #7610 ) ;
#1685 = ORIENTED_EDGE ( 'NONE', *, *, #208, .F. ) ;
#1686 = AXIS2_PLACEMENT_3D ( 'NONE', #6121, #223, #2237 ) ;
#1687 = AXIS2_PLACEMENT_3D ( 'NONE', #6166, #8055, #187 ) ;
#1688 = VECTOR ( 'NONE', #1018, 1000.000000000000000 ) ;
#1689 = ORIENTED_EDGE ( 'NONE', *, *, #468, .T. ) ;
#1690 = EDGE_LOOP ( 'NONE', ( #3449, #2062, #828, #2971 ) ) ;
#1691 = CARTESIAN_POINT ( 'NONE',  ( 1.500000000000000444, 9.275723936746835818, 24.28911166447348435 ) ) ;
#1692 = DIRECTION ( 'NONE',  ( 0.000000000000000000, 0.000000000000000000, 1.000000000000000000 ) ) ;
#1693 = CARTESIAN_POINT ( 'NONE',  ( 3.000000000000000888, -5.727185429052539689, 22.78350797608152334 ) ) ;
#1694 = CARTESIAN_POINT ( 'NONE',  ( 14.74895638494033712, 7.000000000000008882, 6.145609380784566866 ) ) ;
#1695 = VECTOR ( 'NONE', #5863, 1000.000000000000000 ) ;
#1696 = CIRCLE ( 'NONE', #6522, 9.999999999999998224 ) ;
#1697 = VERTEX_POINT ( 'NONE', #3095 ) ;
#1698 = VERTEX_POINT ( 'NONE', #5653 ) ;
#1699 = DIRECTION ( 'NONE',  ( -1.000000000000000000, 0.000000000000000000, -0.000000000000000000 ) ) ;
#1700 = ORIENTED_EDGE ( 'NONE', *, *, #4493, .T. ) ;
#1701 = CARTESIAN_POINT ( 'NONE',  ( 3.000000000000000888, -23.61258448579737745, 2.541821178029872286 ) ) ;
#1702 = EDGE_CURVE ( 'NONE', #1152, #5062, #5139, .T. ) ;
#1703 = CARTESIAN_POINT ( 'NONE',  ( 3.000000000000000888, 19.46733382657898304, -13.60286420885446468 ) ) ;
#1704 = CARTESIAN_POINT ( 'NONE',  ( -2.050538145046632010, 7.000000000000008882, -15.85322226736041173 ) ) ;
#1705 = ADVANCED_FACE ( 'NONE', ( #6939 ), #1807, .T. ) ;
#1706 = DIRECTION ( 'NONE',  ( -1.000000000000000000, 0.000000000000000000, 0.000000000000000000 ) ) ;
#1707 = CIRCLE ( 'NONE', #6257, 9.999999999999998224 ) ;
#1708 = VECTOR ( 'NONE', #4664, 1000.000000000000000 ) ;
#1709 = EDGE_LOOP ( 'NONE', ( #1122, #1525, #768, #2095 ) ) ;
#1710 = ORIENTED_EDGE ( 'NONE', *, *, #5156, .F. ) ;
#1711 = EDGE_CURVE ( 'NONE', #7355, #211, #1725, .T. ) ;
#1712 = CARTESIAN_POINT ( 'NONE',  ( 1.500000000000000444, -18.02803414784235159, 18.73472670641955418 ) ) ;
#1713 = ITEM_DEFINED_TRANSFORMATION ( 'NONE', 'NONE', #7511,  #5040 ) ;
#1714 = FACE_OUTER_BOUND ( 'NONE', #2409, .T. ) ;
#1715 = FACE_OUTER_BOUND ( 'NONE', #6374, .T. ) ;
#1716 = CARTESIAN_POINT ( 'NONE',  ( 3.000000000000000888, 8.758419641788917076, -21.79860027646840592 ) ) ;
#1717 = VERTEX_POINT ( 'NONE', #5184 ) ;
#1718 = ORIENTED_EDGE ( 'NONE', *, *, #5626, .F. ) ;
#1719 = DIRECTION ( 'NONE',  ( -1.000000000000000000, 0.000000000000000000, 0.000000000000000000 ) ) ;
#1720 = EDGE_CURVE ( 'NONE', #2150, #6607, #6552, .T. ) ;
#1721 = CIRCLE ( 'NONE', #2818, 9.999999999999996447 ) ;
#1722 = ORIENTED_EDGE ( 'NONE', *, *, #4303, .F. ) ;
#1723 = EDGE_CURVE ( 'NONE', #4210, #7231, #2106, .T. ) ;
#1724 = CARTESIAN_POINT ( 'NONE',  ( 3.000000000000000888, 0.000000000000000000, 0.000000000000000000 ) ) ;
#1725 = LINE ( 'NONE', #5990, #1004 ) ;
#1726 = CARTESIAN_POINT ( 'NONE',  ( 669.3036442665692221, 882.0547496060287358, 1297.522386998484308 ) ) ;
#1727 = LINE ( 'NONE', #6941, #1119 ) ;
#1728 = CARTESIAN_POINT ( 'NONE',  ( 3.000000000000000888, 22.12078737453582988, 13.66275103815392455 ) ) ;
#1729 = CARTESIAN_POINT ( 'NONE',  ( -10.00000000000000000, 0.000000000000000000, 0.000000000000000000 ) ) ;
#1730 = CC_DESIGN_SECURITY_CLASSIFICATION ( #4786, ( #6826 ) ) ;
#1731 = EDGE_LOOP ( 'NONE', ( #7717, #2021, #4322, #8227 ) ) ;
#1732 = ORIENTED_EDGE ( 'NONE', *, *, #4237, .F. ) ;
#1733 = ORIENTED_EDGE ( 'NONE', *, *, #144, .F. ) ;
#1734 = CYLINDRICAL_SURFACE ( 'NONE', #8449, 26.00000000000000000 ) ;
#1735 = DIRECTION ( 'NONE',  ( 0.000000000000000000, 0.000000000000000000, 1.000000000000000000 ) ) ;
#1736 = DIRECTION ( 'NONE',  ( 0.000000000000000000, 0.000000000000000000, 1.000000000000000000 ) ) ;
#1737 = DIRECTION ( 'NONE',  ( -1.000000000000000000, -0.000000000000000000, -0.000000000000000000 ) ) ;
#1738 = VERTEX_POINT ( 'NONE', #2704 ) ;
#1739 = CARTESIAN_POINT ( 'NONE',  ( 0.000000000000000000, -21.30678187720815586, -9.894944904950010667 ) ) ;
#1740 = ORIENTED_EDGE ( 'NONE', *, *, #1452, .T. ) ;
#1741 = DIRECTION ( 'NONE',  ( -1.000000000000000000, 0.000000000000000000, -0.000000000000000000 ) ) ;
#1742 = DIRECTION ( 'NONE',  ( -1.000000000000000000, 0.000000000000000000, -0.000000000000000000 ) ) ;
#1743 = DIRECTION ( 'NONE',  ( 1.000000000000000000, -0.000000000000000000, -0.000000000000000000 ) ) ;
#1744 = DIRECTION ( 'NONE',  ( -1.000000000000000000, 0.000000000000000000, 0.000000000000000000 ) ) ;
#1745 = ORIENTED_EDGE ( 'NONE', *, *, #5929, .F. ) ;
#1746 = EDGE_CURVE ( 'NONE', #8373, #3758, #2238, .T. ) ;
#1747 = ORIENTED_EDGE ( 'NONE', *, *, #295, .T. ) ;
#1748 = ORIENTED_EDGE ( 'NONE', *, *, #1615, .T. ) ;
#1749 = LINE ( 'NONE', #4379, #8158 ) ;
#1750 = PERSON_AND_ORGANIZATION_ROLE ( 'classification_officer' ) ;
#1751 = CARTESIAN_POINT ( 'NONE',  ( 0.000000000000000000, -15.02476645158338719, 21.21924581778000629 ) ) ;
#1752 = CARTESIAN_POINT ( 'NONE',  ( 0.000000000000000000, 0.000000000000000000, 0.000000000000000000 ) ) ;
#1753 = DIRECTION ( 'NONE',  ( -0.9550651196895090234, 0.000000000000000000, 0.2963960478016934297 ) ) ;
#1754 = ADVANCED_FACE ( 'NONE', ( #7790 ), #3870, .T. ) ;
#1755 = ORIENTED_EDGE ( 'NONE', *, *, #300, .F. ) ;
#1756 = ORIENTED_EDGE ( 'NONE', *, *, #3022, .T. ) ;
#1757 = EDGE_CURVE ( 'NONE', #879, #3878, #3333, .T. ) ;
#1758 = CARTESIAN_POINT ( 'NONE',  ( 3.000000000000000888, 21.91639720942983871, 9.148034453285378120 ) ) ;
#1759 = EDGE_LOOP ( 'NONE', ( #1183, #4945, #5078, #758 ) ) ;
#1760 = LINE ( 'NONE', #1168, #347 ) ;
#1761 = CARTESIAN_POINT ( 'NONE',  ( 0.000000000000000000, 8.537555587897680098, -21.88604654154055495 ) ) ;
#1762 = FACE_OUTER_BOUND ( 'NONE', #5147, .T. ) ;
#1763 = DIRECTION ( 'NONE',  ( -1.000000000000000000, 0.000000000000000000, -0.000000000000000000 ) ) ;
#1764 = DIRECTION ( 'NONE',  ( 1.000000000000000000, 0.000000000000000000, 0.000000000000000000 ) ) ;
#1765 = CIRCLE ( 'NONE', #4126, 23.74900000000000233 ) ;
#1766 = ADVANCED_FACE ( 'NONE', ( #4617 ), #1295, .T. ) ;
#1767 = ADVANCED_FACE ( 'NONE', ( #7237 ), #736, .T. ) ;
#1768 = ORIENTED_EDGE ( 'NONE', *, *, #7772, .T. ) ;
#1769 = VECTOR ( 'NONE', #3385, 1000.000000000000000 ) ;
#1770 = EDGE_LOOP ( 'NONE', ( #2693, #7690, #6579, #4413 ) ) ;
#1771 = AXIS2_PLACEMENT_3D ( 'NONE', #5691, #3040, #6928 ) ;
#1772 = ORIENTED_EDGE ( 'NONE', *, *, #5719, .F. ) ;
#1773 = CIRCLE ( 'NONE', #1107, 9.999999999999998224 ) ;
#1774 = DIRECTION ( 'NONE',  ( 0.000000000000000000, 0.000000000000000000, 1.000000000000000000 ) ) ;
#1775 = CARTESIAN_POINT ( 'NONE',  ( 14.74895638493967098, 7.000000000000008882, -6.145609380895367124 ) ) ;
#1776 = DIRECTION ( 'NONE',  ( 1.000000000000000000, -0.000000000000000000, -0.000000000000000000 ) ) ;
#1777 = DIRECTION ( 'NONE',  ( -1.000000000000000000, -0.000000000000000000, 0.000000000000000000 ) ) ;
#1778 = VECTOR ( 'NONE', #2778, 1000.000000000000000 ) ;
#1779 = EDGE_CURVE ( 'NONE', #6025, #1272, #8155, .T. ) ;
#1780 = AXIS2_PLACEMENT_3D ( 'NONE', #2151, #4751, #7368 ) ;
#1781 = VERTEX_POINT ( 'NONE', #3 ) ;
#1782 = DIRECTION ( 'NONE',  ( 1.000000000000000000, -0.000000000000000000, -0.000000000000000000 ) ) ;
#1783 = ORIENTED_EDGE ( 'NONE', *, *, #8029, .T. ) ;
#1784 = DIRECTION ( 'NONE',  ( -0.000000000000000000, 1.000000000000000000, -0.000000000000000000 ) ) ;
#1785 = EDGE_CURVE ( 'NONE', #2022, #7635, #4703, .T. ) ;
#1786 = CIRCLE ( 'NONE', #8360, 26.00000000000000000 ) ;
#1787 = CIRCLE ( 'NONE', #6340, 10.00000000000000000 ) ;
#1788 = CARTESIAN_POINT ( 'NONE',  ( 1.500000000000000444, 15.02476645158353641, -21.21924581777990326 ) ) ;
#1789 = DIRECTION ( 'NONE',  ( 0.000000000000000000, 0.6845471059286847293, 0.7289686274214153272 ) ) ;
#1790 = CIRCLE ( 'NONE', #6882, 9.999999999999996447 ) ;
#1791 = VERTEX_POINT ( 'NONE', #5221 ) ;
#1792 = CIRCLE ( 'NONE', #1385, 23.74900000000000588 ) ;
#1793 = ORIENTED_EDGE ( 'NONE', *, *, #4996, .T. ) ;
#1794 = DIRECTION ( 'NONE',  ( 0.000000000000000000, 0.000000000000000000, 1.000000000000000000 ) ) ;
#1795 = VECTOR ( 'NONE', #4262, 1000.000000000000000 ) ;
#1796 = CARTESIAN_POINT ( 'NONE',  ( 3.000000000000000888, 0.000000000000000000, 0.000000000000000000 ) ) ;
#1797 = DIRECTION ( 'NONE',  ( -1.000000000000000000, 0.000000000000000000, 0.000000000000000000 ) ) ;
#1798 = AXIS2_PLACEMENT_3D ( 'NONE', #4327, #5712, #3800 ) ;
#1799 = CARTESIAN_POINT ( 'NONE',  ( 0.000000000000000000, 0.000000000000000000, 0.000000000000000000 ) ) ;
#1800 = ORIENTED_EDGE ( 'NONE', *, *, #3354, .F. ) ;
#1801 = AXIS2_PLACEMENT_3D ( 'NONE', #439, #6385, #46 ) ;
#1802 = ORIENTED_EDGE ( 'NONE', *, *, #5597, .F. ) ;
#1803 = AXIS2_PLACEMENT_3D ( 'NONE', #4849, #915, #8095 ) ;
#1804 = DIRECTION ( 'NONE',  ( 0.000000000000000000, 0.000000000000000000, 1.000000000000000000 ) ) ;
#1805 = EDGE_LOOP ( 'NONE', ( #83, #2272, #1620, #228 ) ) ;
#1806 = CARTESIAN_POINT ( 'NONE',  ( 4.051352821227593992, 7.000000000000008882, 7.017148925649419056 ) ) ;
#1807 = CYLINDRICAL_SURFACE ( 'NONE', #4870, 9.999999999999998224 ) ;
#1808 = PERSON_AND_ORGANIZATION_ROLE ( 'creator' ) ;
#1809 = EDGE_CURVE ( 'NONE', #2838, #1037, #1990, .T. ) ;
#1810 = CARTESIAN_POINT ( 'NONE',  ( 0.000000000000000000, 21.01871904177735217, 11.05569766422844680 ) ) ;
#1811 = CARTESIAN_POINT ( 'NONE',  ( 1.500000000000000444, -23.38875284200429050, -11.35633041504324403 ) ) ;
#1812 = CARTESIAN_POINT ( 'NONE',  ( 0.000000000000000000, -14.79838606843885707, 18.57478857940070327 ) ) ;
#1813 = VECTOR ( 'NONE', #1784, 1000.000000000000000 ) ;
#1814 = AXIS2_PLACEMENT_3D ( 'NONE', #7151, #1254, #2576 ) ;
#1815 = ADVANCED_FACE ( 'NONE', ( #1897 ), #6589, .T. ) ;
#1816 = ORIENTED_EDGE ( 'NONE', *, *, #6109, .T. ) ;
#1817 = ORIENTED_EDGE ( 'NONE', *, *, #2403, .T. ) ;
#1818 = ORIENTED_EDGE ( 'NONE', *, *, #1835, .T. ) ;
#1819 = CIRCLE ( 'NONE', #7597, 26.00000000000000000 ) ;
#1820 = CYLINDRICAL_SURFACE ( 'NONE', #827, 26.00000000000000000 ) ;
#1821 = CARTESIAN_POINT ( 'NONE',  ( 3.000000000000000888, 0.000000000000000000, 0.000000000000000000 ) ) ;
#1822 = DIRECTION ( 'NONE',  ( 0.000000000000000000, 0.7705132427757860336, 0.6374239897486935202 ) ) ;
#1823 = EDGE_CURVE ( 'NONE', #3912, #8021, #5559, .T. ) ;
#1824 = CYLINDRICAL_SURFACE ( 'NONE', #3448, 26.00000000000000000 ) ;
#1825 = EDGE_CURVE ( 'NONE', #2408, #1443, #48, .T. ) ;
#1826 = VECTOR ( 'NONE', #991, 1000.000000000000000 ) ;
#1827 = CIRCLE ( 'NONE', #4440, 26.00000000000000000 ) ;
#1828 = ORIENTED_EDGE ( 'NONE', *, *, #810, .F. ) ;
#1829 = CARTESIAN_POINT ( 'NONE',  ( 3.000000000000000888, 12.35365805879580137, 20.28305040092219613 ) ) ;
#1830 = ORIENTED_EDGE ( 'NONE', *, *, #4514, .T. ) ;
#1831 = CARTESIAN_POINT ( 'NONE',  ( 0.000000000000000000, 18.02803414784248659, -18.73472670641942273 ) ) ;
#1832 = EDGE_CURVE ( 'NONE', #8435, #6985, #2669, .T. ) ;
#1833 = AXIS2_PLACEMENT_3D ( 'NONE', #4298, #8377, #1794 ) ;
#1834 = DIRECTION ( 'NONE',  ( -1.000000000000000000, 0.000000000000000000, 0.000000000000000000 ) ) ;
#1835 = EDGE_CURVE ( 'NONE', #1443, #4308, #6918, .T. ) ;
#1836 = AXIS2_PLACEMENT_3D ( 'NONE', #1001, #4935, #6345 ) ;
#1837 = CARTESIAN_POINT ( 'NONE',  ( 3.000000000000000888, 18.17661741219012939, 14.88285819611907179 ) ) ;
#1838 = CARTESIAN_POINT ( 'NONE',  ( 1.499999999999999556, 9.865329348983678415, 24.05567036763019217 ) ) ;
#1839 = CIRCLE ( 'NONE', #1432, 10.00000000000000000 ) ;
#1840 = VECTOR ( 'NONE', #5276, 1000.000000000000000 ) ;
#1841 = ORIENTED_EDGE ( 'NONE', *, *, #1996, .T. ) ;
#1842 = VERTEX_POINT ( 'NONE', #2574 ) ;
#1843 = CARTESIAN_POINT ( 'NONE',  ( 0.000000000000000000, -22.30553143780307224, -7.372391464925130755 ) ) ;
#1844 = CIRCLE ( 'NONE', #1158, 23.74900000000000588 ) ;
#1845 = FACE_OUTER_BOUND ( 'NONE', #2051, .T. ) ;
#1846 = DIRECTION ( 'NONE',  ( 1.000000000000000000, 0.000000000000000000, 0.000000000000000000 ) ) ;
#1847 = VECTOR ( 'NONE', #3759, 1000.000000000000227 ) ;
#1848 = DIRECTION ( 'NONE',  ( 0.000000000000000000, 0.3681245526846718685, 0.9297764858882537897 ) ) ;
#1849 = ORIENTED_EDGE ( 'NONE', *, *, #968, .T. ) ;
#1850 = ORIENTED_EDGE ( 'NONE', *, *, #1395, .T. ) ;
#1851 = CIRCLE ( 'NONE', #5030, 26.00000000000000000 ) ;
#1852 = CYLINDRICAL_SURFACE ( 'NONE', #2894, 9.999999999999998224 ) ;
#1853 = ORIENTED_EDGE ( 'NONE', *, *, #5345, .T. ) ;
#1854 = DIRECTION ( 'NONE',  ( 0.000000000000000000, 0.000000000000000000, -1.000000000000000000 ) ) ;
#1855 = CARTESIAN_POINT ( 'NONE',  ( 3.000000000000000888, 17.00973468965527857, -16.57359124594117716 ) ) ;
#1856 = COORDINATED_UNIVERSAL_TIME_OFFSET ( 7, 0, .AHEAD. ) ;
#1857 = DIRECTION ( 'NONE',  ( -1.000000000000000000, -0.000000000000000000, -0.000000000000000000 ) ) ;
#1858 = DIRECTION ( 'NONE',  ( 0.000000000000000000, 0.000000000000000000, 1.000000000000000000 ) ) ;
#1859 = DIRECTION ( 'NONE',  ( -1.000000000000000000, -0.000000000000000000, 0.000000000000000000 ) ) ;
#1860 = ORIENTED_EDGE ( 'NONE', *, *, #4730, .F. ) ;
#1861 = EDGE_CURVE ( 'NONE', #2533, #3093, #870, .T. ) ;
#1862 = ORIENTED_EDGE ( 'NONE', *, *, #6350, .T. ) ;
#1863 = VERTEX_POINT ( 'NONE', #6635 ) ;
#1864 = CARTESIAN_POINT ( 'NONE',  ( 3.000000000000000888, 20.59702713253501472, 11.82275239957331614 ) ) ;
#1865 = DIRECTION ( 'NONE',  ( -1.000000000000000000, -0.000000000000000000, 0.000000000000000000 ) ) ;
#1866 = DIRECTION ( 'NONE',  ( 0.000000000000000000, -0.4817536741017223179, 0.8763066800438596982 ) ) ;
#1867 = EDGE_CURVE ( 'NONE', #5546, #6621, #3200, .T. ) ;
#1868 = CARTESIAN_POINT ( 'NONE',  ( 14.11953930606579810, 7.000000000000008882, 9.598928327965827734 ) ) ;
#1869 = PRODUCT_DEFINITION_FORMATION_WITH_SPECIFIED_SOURCE ( 'ANY', '', #3307, .NOT_KNOWN. ) ;
#1870 = EDGE_CURVE ( 'NONE', #2206, #25, #2792, .T. ) ;
#1871 = ORIENTED_EDGE ( 'NONE', *, *, #4200, .F. ) ;
#1872 = B_SPLINE_SURFACE_WITH_KNOTS ( 'NONE', 2, 1, ( 
 ( #4122, #4692 ),
 ( #6021, #1581 ),
 ( #3423, #4787 ) ),
 .UNSPECIFIED., .F., .F., .F.,
 ( 3, 3 ),
 ( 2, 2 ),
 ( 0.001074268543616918592, 0.2350718684319326179 ),
 ( 0.000000000000000000, 1.000000000000000000 ),
 .UNSPECIFIED. ) ;
#1873 = CIRCLE ( 'NONE', #2418, 10.00000000000000000 ) ;
#1874 = CARTESIAN_POINT ( 'NONE',  ( 0.000000000000000000, -23.05365132147763418, -4.518633574727493496 ) ) ;
#1875 = CC_DESIGN_APPROVAL ( #1003, ( #6826 ) ) ;
#1876 = ORIENTED_EDGE ( 'NONE', *, *, #199, .T. ) ;
#1877 = DIRECTION ( 'NONE',  ( -0.000000000000000000, 1.000000000000000000, -0.000000000000000000 ) ) ;
#1878 = EDGE_CURVE ( 'NONE', #2209, #4229, #6785, .T. ) ;
#1879 = DIRECTION ( 'NONE',  ( 0.2208460528671212786, 0.000000000000000000, 0.9753086798204005925 ) ) ;
#1880 = DIRECTION ( 'NONE',  ( -1.000000000000000000, 0.000000000000000000, -0.000000000000000000 ) ) ;
#1881 = DIRECTION ( 'NONE',  ( -1.000000000000000000, 0.000000000000000000, 0.000000000000000000 ) ) ;
#1882 = EDGE_CURVE ( 'NONE', #3057, #3551, #3611, .T. ) ;
#1883 = EDGE_CURVE ( 'NONE', #7189, #4678, #5693, .T. ) ;
#1884 = ORIENTED_EDGE ( 'NONE', *, *, #1402, .F. ) ;
#1885 = ORIENTED_EDGE ( 'NONE', *, *, #6981, .T. ) ;
#1886 = LOCAL_TIME ( 18, 30, 54.00000000000000000, #2992 ) ;
#1887 = DIRECTION ( 'NONE',  ( -1.000000000000000000, 0.000000000000000000, 0.000000000000000000 ) ) ;
#1888 = PERSON_AND_ORGANIZATION ( #7515, #5905 ) ;
#1889 = DIRECTION ( 'NONE',  ( -1.000000000000000000, -0.000000000000000000, -0.000000000000000000 ) ) ;
#1890 = CARTESIAN_POINT ( 'NONE',  ( 0.000000000000000000, -9.865329348983843616, 24.05567036763012823 ) ) ;
#1891 = CARTESIAN_POINT ( 'NONE',  ( 3.000000000000000888, 11.21328339503299532, -20.64342907894905466 ) ) ;
#1892 = ORIENTED_EDGE ( 'NONE', *, *, #7442, .F. ) ;
#1893 = VERTEX_POINT ( 'NONE', #8079 ) ;
#1894 = CARTESIAN_POINT ( 'NONE',  ( 3.000000000000000888, 21.20563999867581373, -10.10988233766756039 ) ) ;
#1895 = ORIENTED_EDGE ( 'NONE', *, *, #6786, .T. ) ;
#1896 = CARTESIAN_POINT ( 'NONE',  ( 0.000000000000000000, 7.000000000000008882, 0.000000000000000000 ) ) ;
#1897 = FACE_OUTER_BOUND ( 'NONE', #1555, .T. ) ;
#1898 = APPROVAL_DATE_TIME ( #7070, #4320 ) ;
#1899 = EDGE_CURVE ( 'NONE', #1174, #6183, #7448, .T. ) ;
#1900 = DIRECTION ( 'NONE',  ( -1.000000000000000000, 0.000000000000000000, -0.000000000000000000 ) ) ;
#1901 = FACE_OUTER_BOUND ( 'NONE', #747, .T. ) ;
#1902 = DIRECTION ( 'NONE',  ( 1.000000000000000000, -0.000000000000000000, -0.000000000000000000 ) ) ;
#1903 = ORIENTED_EDGE ( 'NONE', *, *, #6290, .F. ) ;
#1904 = CARTESIAN_POINT ( 'NONE',  ( 0.000000000000000000, 0.000000000000000000, 0.000000000000000000 ) ) ;
#1905 = ORIENTED_EDGE ( 'NONE', *, *, #206, .F. ) ;
#1906 = CARTESIAN_POINT ( 'NONE',  ( 3.000000000000002665, 3.000000000000270450, 2.220446049250313081E-13 ) ) ;
#1907 = DIRECTION ( 'NONE',  ( -1.000000000000000000, 0.000000000000000000, -0.000000000000000000 ) ) ;
#1908 = DIRECTION ( 'NONE',  ( 0.000000000000000000, -0.6845471059286790672, -0.7289686274214203232 ) ) ;
#1909 = CARTESIAN_POINT ( 'NONE',  ( 3.000000000000000888, 0.000000000000000000, 0.000000000000000000 ) ) ;
#1910 = CARTESIAN_POINT ( 'NONE',  ( -2.052224346884345962, 10.00000000000000888, 15.84577559900801624 ) ) ;
#1911 = AXIS2_PLACEMENT_3D ( 'NONE', #3959, #5224, #7835 ) ;
#1912 = ORIENTED_EDGE ( 'NONE', *, *, #731, .F. ) ;
#1913 = DIRECTION ( 'NONE',  ( 0.000000000000000000, 0.000000000000000000, 1.000000000000000000 ) ) ;
#1914 = ORIENTED_EDGE ( 'NONE', *, *, #4410, .T. ) ;
#1915 = DIRECTION ( 'NONE',  ( 0.000000000000000000, 0.000000000000000000, 1.000000000000000000 ) ) ;
#1916 = CARTESIAN_POINT ( 'NONE',  ( 0.000000000000000000, 15.99480952573152948, 17.20624761156510729 ) ) ;
#1917 = AXIS2_PLACEMENT_3D ( 'NONE', #6797, #1495, #4123 ) ;
#1918 = EDGE_CURVE ( 'NONE', #4415, #5498, #305, .T. ) ;
#1919 = CIRCLE ( 'NONE', #7824, 23.74899999999999878 ) ;
#1920 = CC_DESIGN_APPROVAL ( #3359, ( #3697 ) ) ;
#1921 = CARTESIAN_POINT ( 'NONE',  ( 0.000000000000000000, -0.1187726605495834087, -23.49201527519570476 ) ) ;
#1922 = CARTESIAN_POINT ( 'NONE',  ( 15.14952443976302909, 10.00000000000000888, -8.746582013434034408 ) ) ;
#1923 = EDGE_CURVE ( 'NONE', #5570, #7649, #4597, .T. ) ;
#1924 = VERTEX_POINT ( 'NONE', #1548 ) ;
#1925 = AXIS2_PLACEMENT_3D ( 'NONE', #4454, #7081, #4163 ) ;
#1926 = CIRCLE ( 'NONE', #694, 9.999999999999998224 ) ;
#1927 = VERTEX_POINT ( 'NONE', #8170 ) ;
#1928 = CARTESIAN_POINT ( 'NONE',  ( 0.000000000000000000, 22.12078737453582988, 13.66275103815392455 ) ) ;
#1929 = ADVANCED_FACE ( 'NONE', ( #779 ), #6712, .T. ) ;
#1930 = CARTESIAN_POINT ( 'NONE',  ( -1.253146128134763337, 7.000000000000008882, 17.02734389275728688 ) ) ;
#1931 = CARTESIAN_POINT ( 'NONE',  ( 1.500000000000000444, 17.56576837257052048, 19.16882316369998662 ) ) ;
#1932 = EDGE_CURVE ( 'NONE', #7433, #7977, #6103, .T. ) ;
#1933 = DIRECTION ( 'NONE',  ( 0.000000000000000000, 0.000000000000000000, 1.000000000000000000 ) ) ;
#1934 = AXIS2_PLACEMENT_3D ( 'NONE', #6614, #3897, #4076 ) ;
#1935 = ORIENTED_EDGE ( 'NONE', *, *, #502, .F. ) ;
#1936 = ORIENTED_EDGE ( 'NONE', *, *, #6425, .F. ) ;
#1937 = CARTESIAN_POINT ( 'NONE',  ( 3.000000000000000888, 0.000000000000000000, 0.000000000000000000 ) ) ;
#1938 = AXIS2_PLACEMENT_3D ( 'NONE', #6645, #2628, #3360 ) ;
#1939 = ORIENTED_EDGE ( 'NONE', *, *, #396, .T. ) ;
#1940 = CYLINDRICAL_SURFACE ( 'NONE', #6616, 9.999999999999998224 ) ;
#1941 = DIRECTION ( 'NONE',  ( -1.000000000000000000, 0.000000000000000000, 0.000000000000000000 ) ) ;
#1942 = COORDINATED_UNIVERSAL_TIME_OFFSET ( 7, 0, .AHEAD. ) ;
#1943 = DIRECTION ( 'NONE',  ( -1.000000000000000000, -0.000000000000000000, -0.000000000000000000 ) ) ;
#1944 = CARTESIAN_POINT ( 'NONE',  ( 3.000000000000000888, 0.000000000000000000, 0.000000000000000000 ) ) ;
#1945 = EDGE_CURVE ( 'NONE', #2730, #4161, #1558, .T. ) ;
#1946 = CARTESIAN_POINT ( 'NONE',  ( 3.000000000000000888, 23.43820135222871670, 1.593614133755710593 ) ) ;
#1947 = B_SPLINE_SURFACE_WITH_KNOTS ( 'NONE', 2, 1, ( 
 ( #8203, #6237 ),
 ( #3191, #8162 ),
 ( #2348, #4992 ),
 ( #1017, #7604 ),
 ( #6529, #2268 ) ),
 .UNSPECIFIED., .F., .F., .F.,
 ( 3, 1, 1, 3 ),
 ( 2, 2 ),
 ( 0.002399098765659659488, 0.3755997746914918611, 0.6244002253087133081, 0.9976009012345454785 ),
 ( 0.000000000000000000, 1.000000000000000000 ),
 .UNSPECIFIED. ) ;
#1948 = AXIS2_PLACEMENT_3D ( 'NONE', #2857, #4203, #1616 ) ;
#1949 = AXIS2_PLACEMENT_3D ( 'NONE', #5738, #7710, #1079 ) ;
#1950 = EDGE_LOOP ( 'NONE', ( #334, #3344, #676, #7590, #3668, #7492 ) ) ;
#1951 = CC_DESIGN_PERSON_AND_ORGANIZATION_ASSIGNMENT ( #3175, #1808, ( #6995 ) ) ;
#1952 = FACE_OUTER_BOUND ( 'NONE', #538, .T. ) ;
#1953 = ORIENTED_EDGE ( 'NONE', *, *, #6365, .T. ) ;
#1954 = DIRECTION ( 'NONE',  ( -0.7342190668223670391, 0.000000000000000000, -0.6789126320186510410 ) ) ;
#1955 = DIRECTION ( 'NONE',  ( 0.6789126320186481545, 0.000000000000000000, 0.7342190668223698147 ) ) ;
#1956 = CARTESIAN_POINT ( 'NONE',  ( 3.000000000000000888, -20.59702713253493656, -11.82275239957345825 ) ) ;
#1957 = AXIS2_PLACEMENT_3D ( 'NONE', #7773, #2394, #1915 ) ;
#1958 = FACE_OUTER_BOUND ( 'NONE', #2302, .T. ) ;
#1959 = CYLINDRICAL_SURFACE ( 'NONE', #2804, 23.74900000000000233 ) ;
#1960 = AXIS2_PLACEMENT_3D ( 'NONE', #6031, #2914, #6757 ) ;
#1961 = ORIENTED_EDGE ( 'NONE', *, *, #8464, .F. ) ;
#1962 = ORIENTED_EDGE ( 'NONE', *, *, #6760, .F. ) ;
#1963 = DIRECTION ( 'NONE',  ( 1.000000000000000000, -0.000000000000000000, -0.000000000000000000 ) ) ;
#1964 = ORIENTED_EDGE ( 'NONE', *, *, #617, .T. ) ;
#1965 = CARTESIAN_POINT ( 'NONE',  ( -4.051352821171860796, 7.000000000000008882, 7.017148925649419056 ) ) ;
#1966 = DIRECTION ( 'NONE',  ( 1.000000000000000000, -0.000000000000000000, 0.000000000000000000 ) ) ;
#1967 = VECTOR ( 'NONE', #3130, 1000.000000000000000 ) ;
#1968 = CARTESIAN_POINT ( 'NONE',  ( -14.74895638488482597, 10.00000000000000888, 6.145609380784566866 ) ) ;
#1969 = CIRCLE ( 'NONE', #5133, 10.00000000000000000 ) ;
#1970 = CARTESIAN_POINT ( 'NONE',  ( 0.000000000000000000, 22.30553143780301895, 7.372391464925285298 ) ) ;
#1971 = ORIENTED_EDGE ( 'NONE', *, *, #7177, .F. ) ;
#1972 = CIRCLE ( 'NONE', #8008, 10.00000000000000000 ) ;
#1973 = EDGE_CURVE ( 'NONE', #7635, #6486, #6070, .T. ) ;
#1974 = ORIENTED_EDGE ( 'NONE', *, *, #1402, .T. ) ;
#1975 = CIRCLE ( 'NONE', #5009, 26.00000000000000000 ) ;
#1976 = LINE ( 'NONE', #1325, #7429 ) ;
#1977 = CARTESIAN_POINT ( 'NONE',  ( 0.000000000000000000, 21.91639720942996661, -9.148034453285061929 ) ) ;
#1978 = ADVANCED_FACE ( 'NONE', ( #7531 ), #6803, .T. ) ;
#1979 = CARTESIAN_POINT ( 'NONE',  ( 3.000000000000000888, 22.89013261011085731, 6.329046538898232654 ) ) ;
#1980 = DIRECTION ( 'NONE',  ( -1.000000000000000000, -0.000000000000000000, 0.000000000000000000 ) ) ;
#1981 = CARTESIAN_POINT ( 'NONE',  ( -15.37268543418823796, 10.00000000000000888, 7.428415564729728970 ) ) ;
#1982 = CIRCLE ( 'NONE', #7213, 9.999999999999998224 ) ;
#1983 = CIRCLE ( 'NONE', #5298, 9.999999999999998224 ) ;
#1984 = VERTEX_POINT ( 'NONE', #2187 ) ;
#1985 = ADVANCED_FACE ( 'NONE', ( #6029 ), #125, .T. ) ;
#1986 = VERTEX_POINT ( 'NONE', #2790 ) ;
#1987 = DIRECTION ( 'NONE',  ( 0.000000000000000000, 0.000000000000000000, -1.000000000000000000 ) ) ;
#1988 = AXIS2_PLACEMENT_3D ( 'NONE', #1946, #7279, #5320 ) ;
#1989 = DIRECTION ( 'NONE',  ( -1.000000000000000000, 0.000000000000000000, 0.000000000000000000 ) ) ;
#1990 = LINE ( 'NONE', #6471, #7884 ) ;
#1991 = PERSON_AND_ORGANIZATION ( #1044, #909 ) ;
#1992 = DIRECTION ( 'NONE',  ( 0.000000000000000000, 0.8443279255020161855, -0.5358267949789946583 ) ) ;
#1993 = CARTESIAN_POINT ( 'NONE',  ( -10.00000000000000000, 0.000000000000000000, 0.000000000000000000 ) ) ;
#1994 = LINE ( 'NONE', #1381, #1433 ) ;
#1995 = ORIENTED_EDGE ( 'NONE', *, *, #4566, .F. ) ;
#1996 = EDGE_CURVE ( 'NONE', #5685, #7624, #2743, .T. ) ;
#1997 = EDGE_CURVE ( 'NONE', #7287, #7574, #5148, .T. ) ;
#1998 = ORIENTED_EDGE ( 'NONE', *, *, #1140, .T. ) ;
#1999 = ORIENTED_EDGE ( 'NONE', *, *, #29, .T. ) ;
#2000 = CYLINDRICAL_SURFACE ( 'NONE', #6536, 9.999999999999998224 ) ;
#2001 = DIRECTION ( 'NONE',  ( -1.000000000000000000, -0.000000000000000000, -0.000000000000000000 ) ) ;
#2002 = CARTESIAN_POINT ( 'NONE',  ( 3.000000000000000888, 0.000000000000000000, 0.000000000000000000 ) ) ;
#2003 = DIRECTION ( 'NONE',  ( 0.000000000000000000, 0.000000000000000000, 1.000000000000000000 ) ) ;
#2004 = CARTESIAN_POINT ( 'NONE',  ( 3.000000000000000888, 8.537555587897680098, -21.88604654154055495 ) ) ;
#2005 = VERTEX_POINT ( 'NONE', #6156 ) ;
#2006 = EDGE_LOOP ( 'NONE', ( #8032, #3705, #70, #5311 ) ) ;
#2007 = DESIGN_CONTEXT ( 'detailed design', #2042, 'design' ) ;
#2008 = CARTESIAN_POINT ( 'NONE',  ( 3.000000000000000888, 15.99480952573152948, 17.20624761156510729 ) ) ;
#2009 = VERTEX_POINT ( 'NONE', #2833 ) ;
#2010 = DIRECTION ( 'NONE',  ( -1.000000000000000000, 0.000000000000000000, 0.000000000000000000 ) ) ;
#2011 = CARTESIAN_POINT ( 'NONE',  ( 3.000000000000000888, 4.019451921851954879, 23.40638817177739384 ) ) ;
#2012 = CARTESIAN_POINT ( 'NONE',  ( 0.000000000000000000, 23.45311694635236677, -1.356537554084501940 ) ) ;
#2013 = EDGE_LOOP ( 'NONE', ( #1660, #6693, #6832, #3633 ) ) ;
#2014 = ORIENTED_EDGE ( 'NONE', *, *, #2772, .F. ) ;
#2015 = CARTESIAN_POINT ( 'NONE',  ( 0.000000000000000000, 10.00000000000000000, 0.000000000000000000 ) ) ;
#2016 = CYLINDRICAL_SURFACE ( 'NONE', #6386, 23.74900000000000233 ) ;
#2017 = PRODUCT_DEFINITION_SHAPE ( 'NONE', 'NONE',  #684 ) ;
#2018 = DIRECTION ( 'NONE',  ( -1.000000000000000000, 0.000000000000000000, 0.000000000000000000 ) ) ;
#2019 = FACE_OUTER_BOUND ( 'NONE', #7357, .T. ) ;
#2020 = EDGE_CURVE ( 'NONE', #4160, #5498, #8432, .T. ) ;
#2021 = ORIENTED_EDGE ( 'NONE', *, *, #1601, .F. ) ;
#2022 = VERTEX_POINT ( 'NONE', #3601 ) ;
#2023 = DIRECTION ( 'NONE',  ( 0.000000000000000000, 0.000000000000000000, 1.000000000000000000 ) ) ;
#2024 = DIRECTION ( 'NONE',  ( 0.000000000000000000, 0.000000000000000000, -1.000000000000000000 ) ) ;
#2025 = DIRECTION ( 'NONE',  ( 0.000000000000000000, 0.000000000000000000, 1.000000000000000000 ) ) ;
#2026 = APPLICATION_PROTOCOL_DEFINITION ( 'international standard', 'config_control_design', 1994, #8033 ) ;
#2027 = CARTESIAN_POINT ( 'NONE',  ( 3.000000000000000888, 19.89860609720116358, 12.48736817841737690 ) ) ;
#2028 = DIRECTION ( 'NONE',  ( -1.000000000000000000, 0.000000000000000000, 0.000000000000000000 ) ) ;
#2029 = DIRECTION ( 'NONE',  ( 0.000000000000000000, 0.000000000000000000, 1.000000000000000000 ) ) ;
#2030 = EDGE_CURVE ( 'NONE', #4284, #3057, #5697, .T. ) ;
#2031 = ORIENTED_EDGE ( 'NONE', *, *, #6912, .T. ) ;
#2032 = EDGE_CURVE ( 'NONE', #7611, #1248, #6381, .T. ) ;
#2033 = LINE ( 'NONE', #5831, #287 ) ;
#2034 = ORIENTED_EDGE ( 'NONE', *, *, #3701, .F. ) ;
#2035 = DIRECTION ( 'NONE',  ( -1.000000000000000000, -0.000000000000000000, -0.000000000000000000 ) ) ;
#2036 = CARTESIAN_POINT ( 'NONE',  ( 3.000000000000000888, -1.927758584904202266, 23.67063049093387050 ) ) ;
#2037 = CYLINDRICAL_SURFACE ( 'NONE', #1053, 9.999999999999998224 ) ;
#2038 = CARTESIAN_POINT ( 'NONE',  ( 14.11953930602605212, 10.00000000000000888, -9.598928328060640780 ) ) ;
#2039 = DIRECTION ( 'NONE',  ( -1.000000000000000000, -0.000000000000000000, 0.000000000000000000 ) ) ;
#2040 = ADVANCED_FACE ( 'NONE', ( #349 ), #5001, .T. ) ;
#2041 = ADVANCED_FACE ( 'NONE', ( #1665 ), #7056, .F. ) ;
#2042 = APPLICATION_CONTEXT ( 'configuration controlled 3d designs of mechanical parts and assemblies' ) ;
#2043 = VERTEX_POINT ( 'NONE', #985 ) ;
#2044 = VERTEX_POINT ( 'NONE', #6924 ) ;
#2045 = CARTESIAN_POINT ( 'NONE',  ( 0.000000000000000000, 0.000000000000000000, 0.000000000000000000 ) ) ;
#2046 = ORIENTED_EDGE ( 'NONE', *, *, #4045, .T. ) ;
#2047 = FACE_OUTER_BOUND ( 'NONE', #7759, .T. ) ;
#2048 = DIRECTION ( 'NONE',  ( 0.000000000000000000, 0.000000000000000000, 1.000000000000000000 ) ) ;
#2049 = CARTESIAN_POINT ( 'NONE',  ( 3.000000000000000888, 8.537555587897360354, 21.88604654154067930 ) ) ;
#2050 = AXIS2_PLACEMENT_3D ( 'NONE', #2968, #3444, #4970 ) ;
#2051 = EDGE_LOOP ( 'NONE', ( #5252, #5749, #4768, #2130 ) ) ;
#2052 = ORIENTED_EDGE ( 'NONE', *, *, #5683, .F. ) ;
#2053 = DIRECTION ( 'NONE',  ( -1.000000000000000000, 0.000000000000000000, 0.000000000000000000 ) ) ;
#2054 = VECTOR ( 'NONE', #7743, 1000.000000000000000 ) ;
#2055 = VECTOR ( 'NONE', #2412, 1000.000000000000000 ) ;
#2056 = CARTESIAN_POINT ( 'NONE',  ( 3.000000000000000888, -15.99480952573140868, -17.20624761156522098 ) ) ;
#2057 = DIRECTION ( 'NONE',  ( 0.000000000000000000, 0.9822872507286893873, -0.1873813145857213813 ) ) ;
#2058 = CARTESIAN_POINT ( 'NONE',  ( 3.000000000000000888, 0.000000000000000000, 0.000000000000000000 ) ) ;
#2059 = CIRCLE ( 'NONE', #5644, 10.00000000000000000 ) ;
#2060 = VECTOR ( 'NONE', #6407, 1000.000000000000000 ) ;
#2061 = ORIENTED_EDGE ( 'NONE', *, *, #1606, .F. ) ;
#2062 = ORIENTED_EDGE ( 'NONE', *, *, #5247, .F. ) ;
#2063 = DIRECTION ( 'NONE',  ( 0.000000000000000000, 0.000000000000000000, 1.000000000000000000 ) ) ;
#2064 = DIRECTION ( 'NONE',  ( -1.000000000000000000, 0.000000000000000000, 0.000000000000000000 ) ) ;
#2065 = APPROVAL_ROLE ( '' ) ;
#2066 = CARTESIAN_POINT ( 'NONE',  ( 3.000000000000000888, -4.019451921851803000, -23.40638817177742581 ) ) ;
#2067 = CARTESIAN_POINT ( 'NONE',  ( 3.000000000000000888, 0.000000000000000000, 0.000000000000000000 ) ) ;
#2068 = VECTOR ( 'NONE', #274, 1000.000000000000000 ) ;
#2069 = CYLINDRICAL_SURFACE ( 'NONE', #8439, 9.999999999999994671 ) ;
#2070 = VERTEX_POINT ( 'NONE', #4341 ) ;
#2071 = CIRCLE ( 'NONE', #7019, 9.999999999999998224 ) ;
#2072 = CARTESIAN_POINT ( 'NONE',  ( 3.000000000000000888, 1.054159027265907156, 23.72559271641562262 ) ) ;
#2073 = EDGE_CURVE ( 'NONE', #1738, #1674, #1011, .T. ) ;
#2074 = ORIENTED_EDGE ( 'NONE', *, *, #4888, .F. ) ;
#2075 = DIRECTION ( 'NONE',  ( 0.000000000000000000, 0.1253332335642974582, 0.9921147013144786531 ) ) ;
#2076 = PLANE ( 'NONE',  #8005 ) ;
#2077 = CARTESIAN_POINT ( 'NONE',  ( -4.781640549837540277, -2.264868756260085547, 4.381011163275161380 ) ) ;
#2078 = DIRECTION ( 'NONE',  ( -1.000000000000000000, -0.000000000000000000, -0.000000000000000000 ) ) ;
#2079 = CARTESIAN_POINT ( 'NONE',  ( -10.00000000000000000, 0.000000000000000000, 0.000000000000000000 ) ) ;
#2080 = EDGE_CURVE ( 'NONE', #3523, #4721, #5829, .T. ) ;
#2081 = VECTOR ( 'NONE', #910, 1000.000000000000000 ) ;
#2082 = AXIS2_PLACEMENT_3D ( 'NONE', #3317, #2550, #2681 ) ;
#2083 = ORIENTED_EDGE ( 'NONE', *, *, #6810, .F. ) ;
#2084 = ORIENTED_EDGE ( 'NONE', *, *, #1861, .T. ) ;
#2085 = DIRECTION ( 'NONE',  ( 0.000000000000000000, -0.9822872507286865007, -0.1873813145857355922 ) ) ;
#2086 = EDGE_CURVE ( 'NONE', #7651, #1034, #7005, .T. ) ;
#2087 = CIRCLE ( 'NONE', #3446, 10.00000000000000000 ) ;
#2088 = ORIENTED_EDGE ( 'NONE', *, *, #8197, .F. ) ;
#2089 = EDGE_CURVE ( 'NONE', #239, #246, #2991, .T. ) ;
#2090 = AXIS2_PLACEMENT_3D ( 'NONE', #2027, #4572, #1992 ) ;
#2091 = DIRECTION ( 'NONE',  ( 0.000000000000000000, 0.9980267284282712259, 0.06279051952931685721 ) ) ;
#2092 = CARTESIAN_POINT ( 'NONE',  ( 0.000000000000000000, 19.89860609720116358, 12.48736817841737690 ) ) ;
#2093 = CARTESIAN_POINT ( 'NONE',  ( 3.000000000000000888, 0.000000000000000000, 0.000000000000000000 ) ) ;
#2094 = CIRCLE ( 'NONE', #4562, 9.999999999999996447 ) ;
#2095 = ORIENTED_EDGE ( 'NONE', *, *, #3610, .F. ) ;
#2096 = EDGE_CURVE ( 'NONE', #5734, #5629, #3066, .T. ) ;
#2097 = ORIENTED_EDGE ( 'NONE', *, *, #4633, .T. ) ;
#2098 = EDGE_CURVE ( 'NONE', #6418, #2570, #1982, .T. ) ;
#2099 = DIRECTION ( 'NONE',  ( 0.000000000000000000, 0.000000000000000000, -1.000000000000000000 ) ) ;
#2100 = EDGE_LOOP ( 'NONE', ( #1559, #7485, #7796, #1747 ) ) ;
#2101 = VECTOR ( 'NONE', #3363, 1000.000000000000000 ) ;
#2102 = AXIS2_PLACEMENT_3D ( 'NONE', #641, #3993, #5891 ) ;
#2103 = CARTESIAN_POINT ( 'NONE',  ( 3.000000000000000888, -23.61258448579734193, -2.541821178030204464 ) ) ;
#2104 = CARTESIAN_POINT ( 'NONE',  ( 3.000000000000000888, -6.772563327703607250, -25.10243784918597143 ) ) ;
#2105 = DIRECTION ( 'NONE',  ( -1.000000000000000000, -0.000000000000000000, 0.000000000000000000 ) ) ;
#2106 = CIRCLE ( 'NONE', #1141, 26.00000000000000000 ) ;
#2107 = ORIENTED_EDGE ( 'NONE', *, *, #6338, .F. ) ;
#2108 = ORIENTED_EDGE ( 'NONE', *, *, #3723, .F. ) ;
#2109 = DIRECTION ( 'NONE',  ( 0.000000000000000000, 0.000000000000000000, -1.000000000000000000 ) ) ;
#2110 = CARTESIAN_POINT ( 'NONE',  ( 3.000000000000000888, -15.99480952573140868, -17.20624761156522098 ) ) ;
#2111 = COORDINATED_UNIVERSAL_TIME_OFFSET ( 7, 0, .AHEAD. ) ;
#2112 = VECTOR ( 'NONE', #1066, 1000.000000000000227 ) ;
#2113 = CARTESIAN_POINT ( 'NONE',  ( 3.000000000000000888, -25.96667425510339555, 1.315989410804834669 ) ) ;
#2114 = FACE_OUTER_BOUND ( 'NONE', #2100, .T. ) ;
#2115 = VECTOR ( 'NONE', #3529, 1000.000000000000000 ) ;
#2116 = DIRECTION ( 'NONE',  ( -1.000000000000000000, 0.000000000000000000, 0.000000000000000000 ) ) ;
#2117 = ORIENTED_EDGE ( 'NONE', *, *, #366, .F. ) ;
#2118 = CIRCLE ( 'NONE', #6926, 10.00000000000000000 ) ;
#2119 = CARTESIAN_POINT ( 'NONE',  ( 0.000000000000000000, -13.90434922624131175, -18.93562677150257301 ) ) ;
#2120 = ORIENTED_EDGE ( 'NONE', *, *, #1358, .T. ) ;
#2121 = DIRECTION ( 'NONE',  ( 0.000000000000000000, 0.000000000000000000, 1.000000000000000000 ) ) ;
#2122 = CARTESIAN_POINT ( 'NONE',  ( 3.000000000000000888, 0.3170683606143215871, 25.99806661378298145 ) ) ;
#2123 = LINE ( 'NONE', #103, #5992 ) ;
#2124 = DIRECTION ( 'NONE',  ( 0.000000000000000000, 0.000000000000000000, -1.000000000000000000 ) ) ;
#2125 = DIRECTION ( 'NONE',  ( 0.000000000000000000, -0.6845471059286791782, -0.7289686274214204342 ) ) ;
#2126 = AXIS2_PLACEMENT_3D ( 'NONE', #5709, #1050, #3669 ) ;
#2127 = ADVANCED_FACE ( 'NONE', ( #2311, #7614 ), #8334, .F. ) ;
#2128 = ORIENTED_EDGE ( 'NONE', *, *, #6817, .T. ) ;
#2129 = ORIENTED_EDGE ( 'NONE', *, *, #6152, .F. ) ;
#2130 = ORIENTED_EDGE ( 'NONE', *, *, #7975, .T. ) ;
#2131 = EDGE_CURVE ( 'NONE', #8104, #3795, #8437, .T. ) ;
#2132 = ORIENTED_EDGE ( 'NONE', *, *, #5580, .T. ) ;
#2133 = ORIENTED_EDGE ( 'NONE', *, *, #5100, .T. ) ;
#2134 = CIRCLE ( 'NONE', #4899, 26.00000000000000000 ) ;
#2135 = CYLINDRICAL_SURFACE ( 'NONE', #7727, 9.999999999999998224 ) ;
#2136 = DIRECTION ( 'NONE',  ( 0.000000000000000000, 0.000000000000000000, 1.000000000000000000 ) ) ;
#2137 = EDGE_CURVE ( 'NONE', #1842, #4645, #5640, .T. ) ;
#2138 = ORIENTED_EDGE ( 'NONE', *, *, #2666, .F. ) ;
#2139 = EDGE_CURVE ( 'NONE', #644, #4810, #6789, .T. ) ;
#2140 = ORIENTED_EDGE ( 'NONE', *, *, #1882, .T. ) ;
#2141 = LINE ( 'NONE', #4782, #5506 ) ;
#2142 = ORIENTED_EDGE ( 'NONE', *, *, #6760, .T. ) ;
#2143 = FACE_OUTER_BOUND ( 'NONE', #3804, .T. ) ;
#2144 = CARTESIAN_POINT ( 'NONE',  ( 0.000000000000000000, -21.01871904177743744, 11.05569766422829936 ) ) ;
#2145 = SECURITY_CLASSIFICATION ( '', '', #6965 ) ;
#2146 = DIRECTION ( 'NONE',  ( -0.000000000000000000, 1.000000000000000000, -0.000000000000000000 ) ) ;
#2147 = ADVANCED_FACE ( 'NONE', ( #385 ), #8250, .F. ) ;
#2148 = EDGE_CURVE ( 'NONE', #5051, #7444, #1749, .T. ) ;
#2149 = ORIENTED_EDGE ( 'NONE', *, *, #2702, .T. ) ;
#2150 = VERTEX_POINT ( 'NONE', #7694 ) ;
#2151 = CARTESIAN_POINT ( 'NONE',  ( 3.000000000000000888, 0.000000000000000000, 0.000000000000000000 ) ) ;
#2152 = DIRECTION ( 'NONE',  ( -1.000000000000000000, 0.000000000000000000, -0.000000000000000000 ) ) ;
#2153 = PERSON_AND_ORGANIZATION_ROLE ( 'creator' ) ;
#2154 = CYLINDRICAL_SURFACE ( 'NONE', #3591, 26.00000000000000000 ) ;
#2155 = CARTESIAN_POINT ( 'NONE',  ( 1.500000000000000444, 18.02803414784221303, 18.73472670641968563 ) ) ;
#2156 = FACE_OUTER_BOUND ( 'NONE', #4118, .T. ) ;
#2157 = ORIENTED_EDGE ( 'NONE', *, *, #4898, .T. ) ;
#2158 = CARTESIAN_POINT ( 'NONE',  ( -15.37268543418823796, 10.00000000000000888, 7.428415564729728970 ) ) ;
#2159 = ORIENTED_EDGE ( 'NONE', *, *, #3754, .F. ) ;
#2160 = CARTESIAN_POINT ( 'NONE',  ( 3.000000000000000888, -18.02803414784207803, -18.73472670641981352 ) ) ;
#2161 = CARTESIAN_POINT ( 'NONE',  ( 0.000000000000000000, 0.000000000000000000, 0.000000000000000000 ) ) ;
#2162 = DIRECTION ( 'NONE',  ( 0.000000000000000000, -0.1253332335642905193, -0.9921147013144795412 ) ) ;
#2163 = CARTESIAN_POINT ( 'NONE',  ( 0.000000000000000000, 0.000000000000000000, 0.000000000000000000 ) ) ;
#2164 = ORIENTED_EDGE ( 'NONE', *, *, #2552, .F. ) ;
#2165 = ORIENTED_EDGE ( 'NONE', *, *, #6182, .F. ) ;
#2166 = ORIENTED_EDGE ( 'NONE', *, *, #8333, .T. ) ;
#2167 = ORIENTED_EDGE ( 'NONE', *, *, #6034, .T. ) ;
#2168 = VERTEX_POINT ( 'NONE', #6419 ) ;
#2169 = DIRECTION ( 'NONE',  ( 0.000000000000000000, 0.000000000000000000, 1.000000000000000000 ) ) ;
#2170 = CARTESIAN_POINT ( 'NONE',  ( 3.000000000000000888, -23.09816287601903895, 4.285295834340716148 ) ) ;
#2171 = VERTEX_POINT ( 'NONE', #3118 ) ;
#2172 = EDGE_LOOP ( 'NONE', ( #2444, #4153, #3452, #6313 ) ) ;
#2173 = CARTESIAN_POINT ( 'NONE',  ( 3.000000000000000888, 0.000000000000000000, 0.000000000000000000 ) ) ;
#2174 = DIRECTION ( 'NONE',  ( -1.000000000000000000, 0.000000000000000000, 0.000000000000000000 ) ) ;
#2175 = ORIENTED_EDGE ( 'NONE', *, *, #4036, .F. ) ;
#2176 = EDGE_CURVE ( 'NONE', #6821, #2810, #5157, .T. ) ;
#2177 = CYLINDRICAL_SURFACE ( 'NONE', #4046, 9.999999999999998224 ) ;
#2178 = DIRECTION ( 'NONE',  ( -1.000000000000000000, 0.000000000000000000, 0.000000000000000000 ) ) ;
#2179 = EDGE_CURVE ( 'NONE', #3081, #8208, #469, .T. ) ;
#2180 = DIRECTION ( 'NONE',  ( -1.000000000000000000, -0.000000000000000000, -0.000000000000000000 ) ) ;
#2181 = ORIENTED_EDGE ( 'NONE', *, *, #6509, .T. ) ;
#2182 = VECTOR ( 'NONE', #1504, 1000.000000000000000 ) ;
#2183 = ORIENTED_EDGE ( 'NONE', *, *, #1883, .T. ) ;
#2184 = EDGE_CURVE ( 'NONE', #148, #1462, #5212, .T. ) ;
#2185 = EDGE_CURVE ( 'NONE', #4917, #8257, #4554, .T. ) ;
#2186 = DIRECTION ( 'NONE',  ( 0.000000000000000000, 0.000000000000000000, 1.000000000000000000 ) ) ;
#2187 = CARTESIAN_POINT ( 'NONE',  ( 0.000000000000000000, 5.000000000000000000, 1.600000000000000089 ) ) ;
#2188 = CALENDAR_DATE ( 2025, 7, 10 ) ;
#2189 = DIRECTION ( 'NONE',  ( 0.000000000000000000, 0.000000000000000000, 1.000000000000000000 ) ) ;
#2190 = CARTESIAN_POINT ( 'NONE',  ( 0.000000000000000000, 10.00000000000000000, 0.000000000000000000 ) ) ;
#2191 = AXIS2_PLACEMENT_3D ( 'NONE', #3204, #1881, #5848 ) ;
#2192 = LINE ( 'NONE', #4838, #180 ) ;
#2193 = ORIENTED_EDGE ( 'NONE', *, *, #5474, .T. ) ;
#2194 = APPLICATION_CONTEXT ( 'configuration controlled 3d designs of mechanical parts and assemblies' ) ;
#2195 = LINE ( 'NONE', #7457, #2081 ) ;
#2196 = ORIENTED_EDGE ( 'NONE', *, *, #3505, .F. ) ;
#2197 = ADVANCED_FACE ( 'NONE', ( #7818 ), #5981, .T. ) ;
#2198 = CIRCLE ( 'NONE', #6585, 26.00000000000000000 ) ;
#2199 = LINE ( 'NONE', #8054, #3215 ) ;
#2200 = LINE ( 'NONE', #2926, #6646 ) ;
#2201 = DIRECTION ( 'NONE',  ( 0.000000000000000000, 0.000000000000000000, 1.000000000000000000 ) ) ;
#2202 = DIRECTION ( 'NONE',  ( -1.000000000000000000, -0.000000000000000000, 0.000000000000000000 ) ) ;
#2203 = CARTESIAN_POINT ( 'NONE',  ( 3.000000000000000888, 0.000000000000000000, 0.000000000000000000 ) ) ;
#2204 = VERTEX_POINT ( 'NONE', #1928 ) ;
#2205 = VECTOR ( 'NONE', #331, 1000.000000000000000 ) ;
#2206 = VERTEX_POINT ( 'NONE', #1977 ) ;
#2207 = AXIS2_PLACEMENT_3D ( 'NONE', #8261, #2370, #5015 ) ;
#2208 = VERTEX_POINT ( 'NONE', #3947 ) ;
#2209 = VERTEX_POINT ( 'NONE', #5173 ) ;
#2210 = VERTEX_POINT ( 'NONE', #7181 ) ;
#2211 = CARTESIAN_POINT ( 'NONE',  ( 0.000000000000000000, -4.019451921852126297, 23.40638817177736541 ) ) ;
#2212 = VECTOR ( 'NONE', #3924, 1000.000000000000000 ) ;
#2213 = CARTESIAN_POINT ( 'NONE',  ( 0.000000000000000000, 0.000000000000000000, 0.000000000000000000 ) ) ;
#2214 = AXIS2_PLACEMENT_3D ( 'NONE', #3888, #6528, #3365 ) ;
#2215 = VECTOR ( 'NONE', #850, 1000.000000000000000 ) ;
#2216 = CIRCLE ( 'NONE', #1949, 3.000000000000048406 ) ;
#2217 = ORIENTED_EDGE ( 'NONE', *, *, #5379, .F. ) ;
#2218 = ORIENTED_EDGE ( 'NONE', *, *, #2020, .T. ) ;
#2219 = DIRECTION ( 'NONE',  ( -1.000000000000000000, -0.000000000000000000, -0.000000000000000000 ) ) ;
#2220 = VERTEX_POINT ( 'NONE', #8472 ) ;
#2221 = CARTESIAN_POINT ( 'NONE',  ( 0.000000000000000000, -1.927758584904202266, 23.67063049093387050 ) ) ;
#2222 = VECTOR ( 'NONE', #5374, 1000.000000000000000 ) ;
#2223 = DIRECTION ( 'NONE',  ( -1.000000000000000000, 0.000000000000000000, 0.000000000000000000 ) ) ;
#2224 = AXIS2_PLACEMENT_3D ( 'NONE', #3176, #651, #5186 ) ;
#2225 = CARTESIAN_POINT ( 'NONE',  ( 0.000000000000000000, -7.753840929970387208, -22.44756004185568798 ) ) ;
#2226 = EDGE_CURVE ( 'NONE', #281, #6162, #6581, .T. ) ;
#2227 = ORIENTED_EDGE ( 'NONE', *, *, #7153, .T. ) ;
#2228 = CIRCLE ( 'NONE', #3321, 26.00000000000000000 ) ;
#2229 = EDGE_LOOP ( 'NONE', ( #3473, #5476, #4676, #7029 ) ) ;
#2230 = VECTOR ( 'NONE', #7361, 1000.000000000000000 ) ;
#2231 = ADVANCED_FACE ( 'NONE', ( #2565 ), #6624, .T. ) ;
#2232 = DIRECTION ( 'NONE',  ( -1.000000000000000000, -0.000000000000000000, 0.000000000000000000 ) ) ;
#2233 = DIRECTION ( 'NONE',  ( 0.000000000000000000, 0.000000000000000000, -1.000000000000000000 ) ) ;
#2234 = APPROVAL_STATUS ( 'not_yet_approved' ) ;
#2235 = DIRECTION ( 'NONE',  ( -1.000000000000000000, 0.000000000000000000, -0.000000000000000000 ) ) ;
#2236 = DIRECTION ( 'NONE',  ( -1.000000000000000000, 0.000000000000000000, 0.000000000000000000 ) ) ;
#2237 = DIRECTION ( 'NONE',  ( 0.000000000000000000, 0.2486898871648483555, 0.9685831611286326304 ) ) ;
#2238 = CIRCLE ( 'NONE', #3193, 9.999999999999998224 ) ;
#2239 = AXIS2_PLACEMENT_3D ( 'NONE', #7561, #6915, #1618 ) ;
#2240 = ADVANCED_FACE ( 'NONE', ( #3208 ), #639, .T. ) ;
#2241 = ORIENTED_EDGE ( 'NONE', *, *, #2137, .F. ) ;
#2242 = DIRECTION ( 'NONE',  ( 0.000000000000000000, 0.2486898871648483555, 0.9685831611286327414 ) ) ;
#2243 = ORIENTED_EDGE ( 'NONE', *, *, #5782, .T. ) ;
#2244 = AXIS2_PLACEMENT_3D ( 'NONE', #7734, #3848, #5847 ) ;
#2245 = DIRECTION ( 'NONE',  ( -1.000000000000000000, -0.000000000000000000, -0.000000000000000000 ) ) ;
#2246 = CARTESIAN_POINT ( 'NONE',  ( 0.000000000000000000, -15.47283697127494229, -18.01683426854860670 ) ) ;
#2247 = DIRECTION ( 'NONE',  ( 0.000000000000000000, 0.4817536741017163782, -0.8763066800438630288 ) ) ;
#2248 = DIRECTION ( 'NONE',  ( 0.000000000000000000, 0.000000000000000000, 1.000000000000000000 ) ) ;
#2249 = LINE ( 'NONE', #6089, #3989 ) ;
#2250 = CARTESIAN_POINT ( 'NONE',  ( 0.000000000000000000, 10.00000000000000000, 0.000000000000000000 ) ) ;
#2251 = EDGE_CURVE ( 'NONE', #1048, #4041, #38, .T. ) ;
#2252 = CIRCLE ( 'NONE', #3901, 9.999999999999998224 ) ;
#2253 = VERTEX_POINT ( 'NONE', #2607 ) ;
#2254 = EDGE_CURVE ( 'NONE', #6780, #4423, #2797, .T. ) ;
#2255 = VECTOR ( 'NONE', #6075, 1000.000000000000000 ) ;
#2256 = ORIENTED_EDGE ( 'NONE', *, *, #2030, .F. ) ;
#2257 = VERTEX_POINT ( 'NONE', #4607 ) ;
#2258 = ORIENTED_EDGE ( 'NONE', *, *, #8073, .T. ) ;
#2259 = DIRECTION ( 'NONE',  ( -1.000000000000000000, -0.000000000000000000, -0.000000000000000000 ) ) ;
#2260 = AXIS2_PLACEMENT_3D ( 'NONE', #2203, #2325, #5578 ) ;
#2261 = FACE_OUTER_BOUND ( 'NONE', #3158, .T. ) ;
#2262 = AXIS2_PLACEMENT_3D ( 'NONE', #7413, #3566, #3403 ) ;
#2263 = EDGE_LOOP ( 'NONE', ( #7500, #3276, #5484, #5796 ) ) ;
#2264 = EDGE_LOOP ( 'NONE', ( #1187, #911, #8415, #3100 ) ) ;
#2265 = ORIENTED_EDGE ( 'NONE', *, *, #1033, .F. ) ;
#2266 = CARTESIAN_POINT ( 'NONE',  ( 3.000000000000000888, 13.71217102453755388, 19.07525240799593647 ) ) ;
#2267 = CC_DESIGN_PERSON_AND_ORGANIZATION_ASSIGNMENT ( #6214, #4968, ( #2766 ) ) ;
#2268 = CARTESIAN_POINT ( 'NONE',  ( -14.74895638488504801, 10.00000000000000888, -6.145609380897365526 ) ) ;
#2269 = CARTESIAN_POINT ( 'NONE',  ( 1.499999999999999556, 25.59698206453965952, 4.560099690536917549 ) ) ;
#2270 = CARTESIAN_POINT ( 'NONE',  ( 1.500000000000000444, -0.3170683606145019984, 25.99806661378298145 ) ) ;
#2271 = VERTEX_POINT ( 'NONE', #5306 ) ;
#2272 = ORIENTED_EDGE ( 'NONE', *, *, #7353, .T. ) ;
#2273 = DIRECTION ( 'NONE',  ( -1.000000000000000000, 0.000000000000000000, 0.000000000000000000 ) ) ;
#2274 = DIRECTION ( 'NONE',  ( -1.000000000000000000, -0.000000000000000000, -0.000000000000000000 ) ) ;
#2275 = APPROVAL_STATUS ( 'not_yet_approved' ) ;
#2276 = CC_DESIGN_APPROVAL ( #4320, ( #4786 ) ) ;
#2277 = ADVANCED_FACE ( 'NONE', ( #7911 ), #2016, .T. ) ;
#2278 = DIRECTION ( 'NONE',  ( -1.000000000000000000, 0.000000000000000000, -0.000000000000000000 ) ) ;
#2279 = DIRECTION ( 'NONE',  ( 0.000000000000000000, -0.7705132427757950264, 0.6374239897486827511 ) ) ;
#2280 = CARTESIAN_POINT ( 'NONE',  ( 0.000000000000000000, 10.00000000000000000, 0.000000000000000000 ) ) ;
#2281 = ORIENTED_EDGE ( 'NONE', *, *, #408, .T. ) ;
#2282 = AXIS2_PLACEMENT_3D ( 'NONE', #4666, #7290, #1866 ) ;
#2283 = DIRECTION ( 'NONE',  ( -1.000000000000000000, -0.000000000000000000, -0.000000000000000000 ) ) ;
#2284 = ORIENTED_EDGE ( 'NONE', *, *, #182, .F. ) ;
#2285 = DIRECTION ( 'NONE',  ( 0.000000000000000000, 0.5877852522924742473, -0.8090169943749465631 ) ) ;
#2286 = CARTESIAN_POINT ( 'NONE',  ( 3.000000000000000888, -15.53779383581471762, 20.84650960510459683 ) ) ;
#2287 = APPROVAL_DATE_TIME ( #6298, #3042 ) ;
#2288 = EDGE_CURVE ( 'NONE', #6067, #1444, #7617, .T. ) ;
#2289 = DIRECTION ( 'NONE',  ( -1.000000000000000000, -0.000000000000000000, -0.000000000000000000 ) ) ;
#2290 = DIRECTION ( 'NONE',  ( 0.000000000000000000, 0.000000000000000000, 1.000000000000000000 ) ) ;
#2291 = DIRECTION ( 'NONE',  ( -1.000000000000000000, -0.000000000000000000, 0.000000000000000000 ) ) ;
#2292 = EDGE_CURVE ( 'NONE', #871, #1015, #3813, .T. ) ;
#2293 = ORIENTED_EDGE ( 'NONE', *, *, #6404, .T. ) ;
#2294 = VERTEX_POINT ( 'NONE', #8428 ) ;
#2295 = CC_DESIGN_APPROVAL ( #6274, ( #2145 ) ) ;
#2296 = ORIENTED_EDGE ( 'NONE', *, *, #2089, .F. ) ;
#2297 = CARTESIAN_POINT ( 'NONE',  ( -14.11953930602272145, 10.00000000000000888, -9.598928328047540148 ) ) ;
#2298 = ADVANCED_FACE ( 'NONE', ( #2528 ), #4507, .T. ) ;
#2299 = CARTESIAN_POINT ( 'NONE',  ( 3.000000000000000888, 6.158349177668206664, 25.26014123883540563 ) ) ;
#2300 = EDGE_CURVE ( 'NONE', #5599, #2918, #58, .T. ) ;
#2301 = ORIENTED_EDGE ( 'NONE', *, *, #7401, .F. ) ;
#2302 = EDGE_LOOP ( 'NONE', ( #7893, #7976, #4954, #6496 ) ) ;
#2303 = CYLINDRICAL_SURFACE ( 'NONE', #7313, 26.00000000000000000 ) ;
#2304 = LINE ( 'NONE', #6368, #6931 ) ;
#2305 = CARTESIAN_POINT ( 'NONE',  ( 0.000000000000000000, 0.000000000000000000, 0.000000000000000000 ) ) ;
#2306 = DIRECTION ( 'NONE',  ( 0.000000000000000000, 0.000000000000000000, 1.000000000000000000 ) ) ;
#2307 = CC_DESIGN_DATE_AND_TIME_ASSIGNMENT ( #610, #5094, ( #4087 ) ) ;
#2308 = ORIENTED_EDGE ( 'NONE', *, *, #2979, .F. ) ;
#2309 = ORIENTED_EDGE ( 'NONE', *, *, #5613, .T. ) ;
#2310 = DIRECTION ( 'NONE',  ( -1.000000000000000000, -0.000000000000000000, -0.000000000000000000 ) ) ;
#2311 = FACE_BOUND ( 'NONE', #285, .T. ) ;
#2312 = CALENDAR_DATE ( 2025, 7, 10 ) ;
#2313 = CARTESIAN_POINT ( 'NONE',  ( 3.000000000000000888, 12.35365805879580137, 20.28305040092219613 ) ) ;
#2314 = DIRECTION ( 'NONE',  ( -1.000000000000000000, -0.000000000000000000, -0.000000000000000000 ) ) ;
#2315 = CYLINDRICAL_SURFACE ( 'NONE', #592, 10.00000000000000178 ) ;
#2316 = AXIS2_PLACEMENT_3D ( 'NONE', #6460, #1668, #6329 ) ;
#2317 = ORIENTED_EDGE ( 'NONE', *, *, #1419, .T. ) ;
#2318 = DIRECTION ( 'NONE',  ( 0.000000000000000000, -0.2486898871648623444, 0.9685831611286292997 ) ) ;
#2319 = EDGE_LOOP ( 'NONE', ( #69, #3206, #1643, #8139 ) ) ;
#2320 = CARTESIAN_POINT ( 'NONE',  ( 0.000000000000000000, 19.89860609720133766, -12.48736817841709978 ) ) ;
#2321 = DIRECTION ( 'NONE',  ( -1.000000000000000000, -0.000000000000000000, -0.000000000000000000 ) ) ;
#2322 = AXIS2_PLACEMENT_3D ( 'NONE', #1416, #5388, #6112 ) ;
#2323 = AXIS2_PLACEMENT_3D ( 'NONE', #1058, #5842, #6445 ) ;
#2324 = CARTESIAN_POINT ( 'NONE',  ( 3.000000000000000888, -19.82974763304108734, 16.81609671742825896 ) ) ;
#2325 = DIRECTION ( 'NONE',  ( -1.000000000000000000, 0.000000000000000000, 0.000000000000000000 ) ) ;
#2326 = CIRCLE ( 'NONE', #1780, 23.74900000000000588 ) ;
#2327 = CYLINDRICAL_SURFACE ( 'NONE', #4747, 9.999999999999998224 ) ;
#2328 = ORIENTED_EDGE ( 'NONE', *, *, #558, .T. ) ;
#2329 = CIRCLE ( 'NONE', #3425, 23.74899999999999878 ) ;
#2330 = ADVANCED_FACE ( 'NONE', ( #2143 ), #2177, .T. ) ;
#2331 = AXIS2_PLACEMENT_3D ( 'NONE', #4297, #6877, #1879 ) ;
#2332 = ORIENTED_EDGE ( 'NONE', *, *, #1899, .T. ) ;
#2333 = VERTEX_POINT ( 'NONE', #807 ) ;
#2334 = DIRECTION ( 'NONE',  ( 0.000000000000000000, -0.2486898871648623721, 0.9685831611286292997 ) ) ;
#2335 = CARTESIAN_POINT ( 'NONE',  ( 3.000000000000000888, -19.77132294913398880, -12.68793432659429676 ) ) ;
#2336 = DIRECTION ( 'NONE',  ( -1.000000000000000000, 0.000000000000000000, -0.000000000000000000 ) ) ;
#2337 = EDGE_CURVE ( 'NONE', #4445, #7718, #5436, .T. ) ;
#2338 = DIRECTION ( 'NONE',  ( -1.000000000000000000, 0.000000000000000000, -0.000000000000000000 ) ) ;
#2339 = AXIS2_PLACEMENT_3D ( 'NONE', #8465, #7127, #7613 ) ;
#2340 = EDGE_CURVE ( 'NONE', #8452, #8109, #6798, .T. ) ;
#2341 = ORIENTED_EDGE ( 'NONE', *, *, #5366, .F. ) ;
#2342 = ORIENTED_EDGE ( 'NONE', *, *, #6912, .F. ) ;
#2343 = CARTESIAN_POINT ( 'NONE',  ( 0.000000000000000000, 15.53779383581457729, 20.84650960510469986 ) ) ;
#2344 = VECTOR ( 'NONE', #2580, 1000.000000000000000 ) ;
#2345 = ORIENTED_EDGE ( 'NONE', *, *, #1610, .T. ) ;
#2346 = AXIS2_PLACEMENT_3D ( 'NONE', #6284, #3600, #6246 ) ;
#2347 = FACE_OUTER_BOUND ( 'NONE', #1607, .T. ) ;
#2348 = CARTESIAN_POINT ( 'NONE',  ( -15.14952443977879426, 7.000000000000008882, -8.746582013414050394 ) ) ;
#2349 = CARTESIAN_POINT ( 'NONE',  ( 3.000000000000000888, -10.50612486395248979, 21.29874036986787189 ) ) ;
#2350 = B_SPLINE_CURVE_WITH_KNOTS ( 'NONE', 2,
 ( #1271, #3893, #6533 ),
 .UNSPECIFIED., .F., .F.,
 ( 3, 3 ),
 ( 0.001074268543616918592, 0.2350718683359499517 ),
 .UNSPECIFIED. ) ;
#2351 = CARTESIAN_POINT ( 'NONE',  ( 1.500000000000000444, 17.56576837257078694, -19.16882316369974504 ) ) ;
#2352 = AXIS2_PLACEMENT_3D ( 'NONE', #7878, #3254, #7234 ) ;
#2353 = CIRCLE ( 'NONE', #2082, 23.74900000000000233 ) ;
#2354 = EDGE_CURVE ( 'NONE', #7366, #3531, #2252, .T. ) ;
#2355 = EDGE_CURVE ( 'NONE', #3214, #3935, #7065, .T. ) ;
#2356 = ORIENTED_EDGE ( 'NONE', *, *, #4361, .F. ) ;
#2357 = ORIENTED_EDGE ( 'NONE', *, *, #3340, .T. ) ;
#2358 = CIRCLE ( 'NONE', #7315, 26.00000000000000000 ) ;
#2359 = DIRECTION ( 'NONE',  ( -1.000000000000000000, 0.000000000000000000, 0.000000000000000000 ) ) ;
#2360 = CARTESIAN_POINT ( 'NONE',  ( 0.000000000000000000, 2.000000000000008882, 0.000000000000000000 ) ) ;
#2361 = CALENDAR_DATE ( 2025, 7, 10 ) ;
#2362 = FACE_OUTER_BOUND ( 'NONE', #3325, .T. ) ;
#2363 = DIRECTION ( 'NONE',  ( -1.000000000000000000, 0.000000000000000000, 0.000000000000000000 ) ) ;
#2364 = LINE ( 'NONE', #7059, #4031 ) ;
#2365 = VECTOR ( 'NONE', #3628, 1000.000000000000000 ) ;
#2366 = ORIENTED_EDGE ( 'NONE', *, *, #1932, .F. ) ;
#2367 = VERTEX_POINT ( 'NONE', #2823 ) ;
#2368 = DIRECTION ( 'NONE',  ( 0.000000000000000000, 0.9510565162951523099, 0.3090169943749515591 ) ) ;
#2369 = VERTEX_POINT ( 'NONE', #2221 ) ;
#2370 = DIRECTION ( 'NONE',  ( -1.000000000000000000, -0.000000000000000000, 0.000000000000000000 ) ) ;
#2371 = DIRECTION ( 'NONE',  ( -1.000000000000000000, 0.000000000000000000, -0.000000000000000000 ) ) ;
#2372 = AXIS2_PLACEMENT_3D ( 'NONE', #1137, #453, #1692 ) ;
#2373 = CARTESIAN_POINT ( 'NONE',  ( 3.000000000000000888, -17.60893712771364505, 15.93550545895008597 ) ) ;
#2374 = DIRECTION ( 'NONE',  ( 0.000000000000000000, 0.000000000000000000, -1.000000000000000000 ) ) ;
#2375 = AXIS2_PLACEMENT_3D ( 'NONE', #3858, #2178, #4167 ) ;
#2376 = CARTESIAN_POINT ( 'NONE',  ( 0.000000000000000000, -16.16797261240405348, 17.04363664947931767 ) ) ;
#2377 = ORIENTED_EDGE ( 'NONE', *, *, #4280, .F. ) ;
#2378 = AXIS2_PLACEMENT_3D ( 'NONE', #3686, #4304, #4428 ) ;
#2379 = CIRCLE ( 'NONE', #7334, 9.999999999999998224 ) ;
#2380 = CIRCLE ( 'NONE', #4591, 23.74900000000000233 ) ;
#2381 = ORIENTED_EDGE ( 'NONE', *, *, #8129, .F. ) ;
#2382 = ORIENTED_EDGE ( 'NONE', *, *, #1407, .F. ) ;
#2383 = DIRECTION ( 'NONE',  ( 0.000000000000000000, 0.000000000000000000, 1.000000000000000000 ) ) ;
#2384 = DIRECTION ( 'NONE',  ( -1.000000000000000000, -0.000000000000000000, -0.000000000000000000 ) ) ;
#2385 = DIRECTION ( 'NONE',  ( -1.000000000000000000, -0.000000000000000000, 0.000000000000000000 ) ) ;
#2386 = CARTESIAN_POINT ( 'NONE',  ( 3.000000000000000888, 21.01871904177751205, -11.05569766422814126 ) ) ;
#2387 = ADVANCED_FACE ( 'NONE', ( #6745 ), #293, .T. ) ;
#2388 = AXIS2_PLACEMENT_3D ( 'NONE', #7148, #5819, #2025 ) ;
#2389 = AXIS2_PLACEMENT_3D ( 'NONE', #1837, #2598, #4600 ) ;
#2390 = EDGE_LOOP ( 'NONE', ( #4107, #5618, #2846, #4593 ) ) ;
#2391 = CARTESIAN_POINT ( 'NONE',  ( 0.000000000000000000, 9.275723936746837595, 24.28911166447348435 ) ) ;
#2392 = VECTOR ( 'NONE', #3290, 1000.000000000000000 ) ;
#2393 = ORIENTED_EDGE ( 'NONE', *, *, #5250, .F. ) ;
#2394 = DIRECTION ( 'NONE',  ( -1.000000000000000000, -0.000000000000000000, -0.000000000000000000 ) ) ;
#2395 = LINE ( 'NONE', #5036, #5571 ) ;
#2396 = ADVANCED_FACE ( 'NONE', ( #7949 ), #4206, .T. ) ;
#2397 = DIRECTION ( 'NONE',  ( 1.000000000000000000, -0.000000000000000000, -0.000000000000000000 ) ) ;
#2398 = DIRECTION ( 'NONE',  ( 1.000000000000000000, -0.000000000000000000, 0.000000000000000000 ) ) ;
#2399 = ADVANCED_FACE ( 'NONE', ( #5386 ), #5510, .T. ) ;
#2400 = EDGE_LOOP ( 'NONE', ( #3116, #4194, #7747, #1828 ) ) ;
#2401 = ORIENTED_EDGE ( 'NONE', *, *, #2073, .F. ) ;
#2402 = CARTESIAN_POINT ( 'NONE',  ( 4.051352821227593992, 7.000000000000008882, 7.017148925649419056 ) ) ;
#2403 = EDGE_CURVE ( 'NONE', #4329, #6984, #1839, .T. ) ;
#2404 = FACE_OUTER_BOUND ( 'NONE', #5942, .T. ) ;
#2405 = DIRECTION ( 'NONE',  ( 0.000000000000000000, -0.1253332335642905471, -0.9921147013144795412 ) ) ;
#2406 = EDGE_CURVE ( 'NONE', #2515, #7287, #6668, .T. ) ;
#2407 = CARTESIAN_POINT ( 'NONE',  ( -1.061049529528108382, 7.000000000000009770, -17.46780392310058971 ) ) ;
#2408 = VERTEX_POINT ( 'NONE', #6020 ) ;
#2409 = EDGE_LOOP ( 'NONE', ( #3612, #7166, #3168, #4988 ) ) ;
#2410 = CARTESIAN_POINT ( 'NONE',  ( 3.000000000000000888, -13.09272093277468230, -19.81402683899675665 ) ) ;
#2411 = EDGE_LOOP ( 'NONE', ( #1291, #6775, #8490, #795 ) ) ;
#2412 = DIRECTION ( 'NONE',  ( -0.000000000000000000, 1.000000000000000000, -0.000000000000000000 ) ) ;
#2413 = CARTESIAN_POINT ( 'NONE',  ( 3.000000000000000888, 0.000000000000000000, 0.000000000000000000 ) ) ;
#2414 = CYLINDRICAL_SURFACE ( 'NONE', #5669, 23.74900000000000233 ) ;
#2415 = CARTESIAN_POINT ( 'NONE',  ( 0.000000000000000000, 17.56576837257078694, -19.16882316369974149 ) ) ;
#2416 = EDGE_CURVE ( 'NONE', #4829, #4059, #2118, .T. ) ;
#2417 = DIRECTION ( 'NONE',  ( 1.000000000000000000, 0.000000000000000000, 0.000000000000000000 ) ) ;
#2418 = AXIS2_PLACEMENT_3D ( 'NONE', #5962, #8406, #5286 ) ;
#2419 = EDGE_LOOP ( 'NONE', ( #2722, #2593, #355, #4362 ) ) ;
#2420 = VERTEX_POINT ( 'NONE', #770 ) ;
#2421 = EDGE_LOOP ( 'NONE', ( #4808, #7027, #8036, #6739 ) ) ;
#2422 = CARTESIAN_POINT ( 'NONE',  ( 0.000000000000000000, -10.50612486395218959, -21.29874036986802111 ) ) ;
#2423 = DIRECTION ( 'NONE',  ( -1.000000000000000000, 0.000000000000000000, 0.000000000000000000 ) ) ;
#2424 = DIRECTION ( 'NONE',  ( -1.000000000000000000, -0.000000000000000000, 0.000000000000000000 ) ) ;
#2425 = DIRECTION ( 'NONE',  ( -1.000000000000000000, -0.000000000000000000, -0.000000000000000000 ) ) ;
#2426 = ORIENTED_EDGE ( 'NONE', *, *, #5814, .T. ) ;
#2427 = ORIENTED_EDGE ( 'NONE', *, *, #6566, .T. ) ;
#2428 = DIRECTION ( 'NONE',  ( -1.000000000000000000, 0.000000000000000000, -0.000000000000000000 ) ) ;
#2429 = VERTEX_POINT ( 'NONE', #2103 ) ;
#2430 = FACE_OUTER_BOUND ( 'NONE', #179, .T. ) ;
#2431 = DIRECTION ( 'NONE',  ( -1.000000000000000000, -0.000000000000000000, -0.000000000000000000 ) ) ;
#2432 = CARTESIAN_POINT ( 'NONE',  ( 0.000000000000000000, 5.000000000000000000, -17.50000000000000355 ) ) ;
#2433 = ORIENTED_EDGE ( 'NONE', *, *, #144, .T. ) ;
#2434 = EDGE_CURVE ( 'NONE', #1984, #3594, #3622, .T. ) ;
#2435 = ORIENTED_EDGE ( 'NONE', *, *, #4450, .F. ) ;
#2436 = DIRECTION ( 'NONE',  ( 0.000000000000000000, 0.000000000000000000, 1.000000000000000000 ) ) ;
#2437 = ADVANCED_FACE ( 'NONE', ( #5470 ), #6061, .T. ) ;
#2438 = CYLINDRICAL_SURFACE ( 'NONE', #1546, 23.74900000000000233 ) ;
#2439 = CARTESIAN_POINT ( 'NONE',  ( 3.000000000000000888, -23.05365132147763418, -4.518633574727493496 ) ) ;
#2440 = LINE ( 'NONE', #7697, #4732 ) ;
#2441 = ORIENTED_EDGE ( 'NONE', *, *, #1932, .T. ) ;
#2442 = EDGE_CURVE ( 'NONE', #3108, #7116, #932, .T. ) ;
#2443 = EDGE_CURVE ( 'NONE', #1362, #5708, #1020, .T. ) ;
#2444 = ORIENTED_EDGE ( 'NONE', *, *, #6597, .F. ) ;
#2445 = DIRECTION ( 'NONE',  ( 0.000000000000000000, 0.6845471059286899473, -0.7289686274214102202 ) ) ;
#2446 = ORIENTED_EDGE ( 'NONE', *, *, #5533, .T. ) ;
#2447 = LINE ( 'NONE', #3094, #5927 ) ;
#2448 = DIRECTION ( 'NONE',  ( -1.000000000000000000, -0.000000000000000000, 0.000000000000000000 ) ) ;
#2449 = CARTESIAN_POINT ( 'NONE',  ( 0.000000000000000000, 0.000000000000000000, 0.000000000000000000 ) ) ;
#2450 = CARTESIAN_POINT ( 'NONE',  ( 0.000000000000000000, -15.53779383581442630, -20.84650960510480999 ) ) ;
#2451 = CARTESIAN_POINT ( 'NONE',  ( 3.000000000000000888, -17.00973468965515778, 16.57359124594130151 ) ) ;
#2452 = AXIS2_PLACEMENT_3D ( 'NONE', #3492, #4850, #7417 ) ;
#2453 = ORIENTED_EDGE ( 'NONE', *, *, #776, .T. ) ;
#2454 = ADVANCED_FACE ( 'NONE', ( #7438 ), #249, .T. ) ;
#2455 = ADVANCED_FACE ( 'NONE', ( #3724 ), #7525, .T. ) ;
#2456 = VECTOR ( 'NONE', #7050, 1000.000000000000000 ) ;
#2457 = VERTEX_POINT ( 'NONE', #5198 ) ;
#2458 = CIRCLE ( 'NONE', #1629, 9.999999999999998224 ) ;
#2459 = VERTEX_POINT ( 'NONE', #1703 ) ;
#2460 = CARTESIAN_POINT ( 'NONE',  ( 3.000000000000000888, 24.82361017592234376, -7.732294474077186841 ) ) ;
#2461 = DIRECTION ( 'NONE',  ( 0.000000000000000000, -0.9822872507286865007, -0.1873813145857355922 ) ) ;
#2462 = CARTESIAN_POINT ( 'NONE',  ( 3.000000000000000888, -16.16797261240381545, -17.04363664947954504 ) ) ;
#2463 = CYLINDRICAL_SURFACE ( 'NONE', #7715, 23.74900000000000233 ) ;
#2464 = PRODUCT_RELATED_PRODUCT_CATEGORY ( 'detail', '', ( #1327 ) ) ;
#2465 = VECTOR ( 'NONE', #3289, 1000.000000000000000 ) ;
#2466 = PERSON ( 'NAUO-PER2', 'UNSPECIFIED', 'UNSPECIFIED', ('UNSPECIFIED'), ('UNSPECIFIED'), ('UNSPECIFIED') ) ;
#2467 = ORIENTED_EDGE ( 'NONE', *, *, #2699, .F. ) ;
#2468 = DIRECTION ( 'NONE',  ( -1.000000000000000000, -0.000000000000000000, -0.000000000000000000 ) ) ;
#2469 = ORIENTED_EDGE ( 'NONE', *, *, #2813, .T. ) ;
#2470 = DIRECTION ( 'NONE',  ( -1.000000000000000000, 0.000000000000000000, -0.000000000000000000 ) ) ;
#2471 = AXIS2_PLACEMENT_3D ( 'NONE', #8312, #488, #7668 ) ;
#2472 = DIRECTION ( 'NONE',  ( 0.000000000000000000, 0.000000000000000000, 1.000000000000000000 ) ) ;
#2473 = DIRECTION ( 'NONE',  ( -1.000000000000000000, 0.000000000000000000, -0.000000000000000000 ) ) ;
#2474 = ORIENTED_EDGE ( 'NONE', *, *, #5043, .F. ) ;
#2475 = CIRCLE ( 'NONE', #4270, 10.00000000000000000 ) ;
#2476 = VERTEX_POINT ( 'NONE', #2947 ) ;
#2477 = VECTOR ( 'NONE', #3788, 1000.000000000000000 ) ;
#2478 = ORIENTED_EDGE ( 'NONE', *, *, #1997, .T. ) ;
#2479 = DIRECTION ( 'NONE',  ( -0.2963960478017879652, 0.000000000000000000, 0.9550651196894797135 ) ) ;
#2480 = AXIS2_PLACEMENT_3D ( 'NONE', #6523, #3881, #1386 ) ;
#2481 = DIRECTION ( 'NONE',  ( 0.000000000000000000, 0.000000000000000000, 1.000000000000000000 ) ) ;
#2482 = DIRECTION ( 'NONE',  ( 0.000000000000000000, 0.000000000000000000, -1.000000000000000000 ) ) ;
#2483 = CIRCLE ( 'NONE', #1803, 9.999999999999996447 ) ;
#2484 = CARTESIAN_POINT ( 'NONE',  ( 3.000000000000000888, -11.21328339503254590, -20.64342907894929624 ) ) ;
#2485 = ADVANCED_FACE ( 'NONE', ( #2985 ), #5555, .T. ) ;
#2486 = ORIENTED_EDGE ( 'NONE', *, *, #5038, .F. ) ;
#2487 = ADVANCED_FACE ( 'NONE', ( #1617 ), #1653, .T. ) ;
#2488 = CIRCLE ( 'NONE', #6761, 26.00000000000000000 ) ;
#2489 = EDGE_LOOP ( 'NONE', ( #4998, #4698, #3402, #7467 ) ) ;
#2490 = DIRECTION ( 'NONE',  ( 0.000000000000000000, 0.000000000000000000, 1.000000000000000000 ) ) ;
#2491 = ORIENTED_EDGE ( 'NONE', *, *, #7182, .F. ) ;
#2492 = CARTESIAN_POINT ( 'NONE',  ( 0.000000000000000000, -13.09272093277468230, -19.81402683899675665 ) ) ;
#2493 = CARTESIAN_POINT ( 'NONE',  ( 3.000000000000000888, 18.17661741219034255, -14.88285819611882133 ) ) ;
#2494 = CALENDAR_DATE ( 2025, 7, 10 ) ;
#2495 = CARTESIAN_POINT ( 'NONE',  ( 3.000000000000000888, 0.000000000000000000, 0.000000000000000000 ) ) ;
#2496 = DIRECTION ( 'NONE',  ( -1.000000000000000000, 0.000000000000000000, 0.000000000000000000 ) ) ;
#2497 = DIRECTION ( 'NONE',  ( 1.000000000000000000, 0.000000000000000000, -0.000000000000000000 ) ) ;
#2498 = ADVANCED_FACE ( 'NONE', ( #6914 ), #1472, .F. ) ;
#2499 = VECTOR ( 'NONE', #7406, 1000.000000000000000 ) ;
#2500 = ORIENTED_EDGE ( 'NONE', *, *, #2545, .F. ) ;
#2501 = ADVANCED_FACE ( 'NONE', ( #3677 ), #4536, .T. ) ;
#2502 = ORIENTED_EDGE ( 'NONE', *, *, #823, .F. ) ;
#2503 = VECTOR ( 'NONE', #2716, 1000.000000000000000 ) ;
#2504 = VERTEX_POINT ( 'NONE', #3889 ) ;
#2505 = VECTOR ( 'NONE', #8474, 1000.000000000000000 ) ;
#2506 = DIRECTION ( 'NONE',  ( -1.000000000000000000, -0.000000000000000000, -0.000000000000000000 ) ) ;
#2507 = CARTESIAN_POINT ( 'NONE',  ( 0.000000000000000000, -3.572989937012589490, -25.75332489039049833 ) ) ;
#2508 = FACE_OUTER_BOUND ( 'NONE', #813, .T. ) ;
#2509 = FACE_OUTER_BOUND ( 'NONE', #490, .T. ) ;
#2510 = ADVANCED_FACE ( 'NONE', ( #6870 ), #1947, .F. ) ;
#2511 = EDGE_CURVE ( 'NONE', #195, #2909, #5593, .T. ) ;
#2512 = CIRCLE ( 'NONE', #3605, 26.00000000000000000 ) ;
#2513 = AXIS2_PLACEMENT_3D ( 'NONE', #3659, #5774, #7665 ) ;
#2514 = CIRCLE ( 'NONE', #4871, 26.00000000000000000 ) ;
#2515 = VERTEX_POINT ( 'NONE', #5679 ) ;
#2516 = CARTESIAN_POINT ( 'NONE',  ( 3.000000000000000888, 0.000000000000000000, 0.000000000000000000 ) ) ;
#2517 = ORIENTED_EDGE ( 'NONE', *, *, #3817, .F. ) ;
#2518 = CARTESIAN_POINT ( 'NONE',  ( 1.061049529590555540, 7.000000000000009770, -17.46780392309679897 ) ) ;
#2519 = DIRECTION ( 'NONE',  ( 0.000000000000000000, 0.000000000000000000, 1.000000000000000000 ) ) ;
#2520 = CIRCLE ( 'NONE', #1429, 10.00000000000000000 ) ;
#2521 = CARTESIAN_POINT ( 'NONE',  ( 1.500000000000000444, -17.56576837257038548, -19.16882316370011097 ) ) ;
#2522 = DIRECTION ( 'NONE',  ( 0.000000000000000000, 0.000000000000000000, -1.000000000000000000 ) ) ;
#2523 = AXIS2_PLACEMENT_3D ( 'NONE', #2360, #5689, #2436 ) ;
#2524 = VECTOR ( 'NONE', #7758, 1000.000000000000000 ) ;
#2525 = ORIENTED_EDGE ( 'NONE', *, *, #6098, .F. ) ;
#2526 = CC_DESIGN_DATE_AND_TIME_ASSIGNMENT ( #6940, #3617, ( #4696 ) ) ;
#2527 = ORIENTED_EDGE ( 'NONE', *, *, #7926, .T. ) ;
#2528 = FACE_OUTER_BOUND ( 'NONE', #6446, .T. ) ;
#2529 = FACE_OUTER_BOUND ( 'NONE', #8400, .T. ) ;
#2530 = LINE ( 'NONE', #3949, #4395 ) ;
#2531 = DIRECTION ( 'NONE',  ( -1.000000000000000000, -0.000000000000000000, -0.000000000000000000 ) ) ;
#2532 = VERTEX_POINT ( 'NONE', #1102 ) ;
#2533 = VERTEX_POINT ( 'NONE', #339 ) ;
#2534 = AXIS2_PLACEMENT_3D ( 'NONE', #6601, #4531, #1345 ) ;
#2535 = DIRECTION ( 'NONE',  ( 0.000000000000000000, 0.000000000000000000, 1.000000000000000000 ) ) ;
#2536 = EDGE_LOOP ( 'NONE', ( #3831, #158, #7383, #6885 ) ) ;
#2537 = DIRECTION ( 'NONE',  ( 0.000000000000000000, 0.000000000000000000, 1.000000000000000000 ) ) ;
#2538 = CARTESIAN_POINT ( 'NONE',  ( 3.000000000000000888, -13.90434922624156755, 18.93562677150237761 ) ) ;
#2539 = PERSON_AND_ORGANIZATION_ROLE ( 'creator' ) ;
#2540 = DIRECTION ( 'NONE',  ( 0.000000000000000000, 0.1253332335643043416, -0.9921147013144777649 ) ) ;
#2541 = CARTESIAN_POINT ( 'NONE',  ( 3.000000000000000888, -22.12078737453573751, -13.66275103815407377 ) ) ;
#2542 = CARTESIAN_POINT ( 'NONE',  ( 0.000000000000000000, -21.20563999867574623, -10.10988233766770605 ) ) ;
#2543 = VERTEX_POINT ( 'NONE', #8288 ) ;
#2544 = DIRECTION ( 'NONE',  ( 0.000000000000000000, -0.9048270524660235736, 0.4257792915650640553 ) ) ;
#2545 = EDGE_CURVE ( 'NONE', #8089, #1630, #2304, .T. ) ;
#2546 = EDGE_LOOP ( 'NONE', ( #2569, #8111, #8019, #6750 ) ) ;
#2547 = CARTESIAN_POINT ( 'NONE',  ( 3.000000000000000888, -23.43820135222875223, 1.593614133755210105 ) ) ;
#2548 = CARTESIAN_POINT ( 'NONE',  ( 3.000000000000000888, 22.30553143780312908, -7.372391464924974436 ) ) ;
#2549 = DIRECTION ( 'NONE',  ( 0.000000000000000000, -0.9048270524660145808, -0.4257792915650830956 ) ) ;
#2550 = DIRECTION ( 'NONE',  ( -1.000000000000000000, 0.000000000000000000, -0.000000000000000000 ) ) ;
#2551 = CARTESIAN_POINT ( 'NONE',  ( -10.00000000000000000, 0.000000000000000000, 0.000000000000000000 ) ) ;
#2552 = EDGE_CURVE ( 'NONE', #2429, #3752, #2395, .T. ) ;
#2553 = EDGE_LOOP ( 'NONE', ( #4651, #2799, #3865, #7827 ) ) ;
#2554 = CARTESIAN_POINT ( 'NONE',  ( 3.000000000000000888, -19.46733382657888356, 13.60286420885461212 ) ) ;
#2555 = EDGE_CURVE ( 'NONE', #575, #3512, #1707, .T. ) ;
#2556 = EDGE_LOOP ( 'NONE', ( #3778, #7599, #5091, #4580 ) ) ;
#2557 = EDGE_CURVE ( 'NONE', #100, #6836, #6605, .T. ) ;
#2558 = CARTESIAN_POINT ( 'NONE',  ( 3.000000000000000888, 21.30678187720822692, 9.894944904949857900 ) ) ;
#2559 = DIRECTION ( 'NONE',  ( 1.000000000000000000, 0.000000000000000000, 0.000000000000000000 ) ) ;
#2560 = CARTESIAN_POINT ( 'NONE',  ( 3.000000000000000888, 23.43820135222874157, -1.593614133755375750 ) ) ;
#2561 = DIRECTION ( 'NONE',  ( -1.000000000000000000, -0.000000000000000000, -0.000000000000000000 ) ) ;
#2562 = ORIENTED_EDGE ( 'NONE', *, *, #2185, .F. ) ;
#2563 = ORIENTED_EDGE ( 'NONE', *, *, #833, .F. ) ;
#2564 = ADVANCED_FACE ( 'NONE', ( #1480 ), #3969, .T. ) ;
#2565 = FACE_OUTER_BOUND ( 'NONE', #2546, .T. ) ;
#2566 = CARTESIAN_POINT ( 'NONE',  ( 1.499999999999999556, 2.943853573238277566, 25.83280329618394688 ) ) ;
#2567 = CARTESIAN_POINT ( 'NONE',  ( 0.000000000000000000, 0.000000000000000000, 0.000000000000000000 ) ) ;
#2568 = LINE ( 'NONE', #4825, #4813 ) ;
#2569 = ORIENTED_EDGE ( 'NONE', *, *, #4623, .T. ) ;
#2570 = VERTEX_POINT ( 'NONE', #7212 ) ;
#2571 = DIRECTION ( 'NONE',  ( -1.000000000000000000, -0.000000000000000000, 0.000000000000000000 ) ) ;
#2572 = ORIENTED_EDGE ( 'NONE', *, *, #3377, .T. ) ;
#2573 = CARTESIAN_POINT ( 'NONE',  ( 3.000000000000000888, 13.09272093277482263, 19.81402683899666783 ) ) ;
#2574 = CARTESIAN_POINT ( 'NONE',  ( 0.000000000000000000, -25.59698206453963110, -4.560099690537096073 ) ) ;
#2575 = APPROVAL_DATE_TIME ( #4618, #8305 ) ;
#2576 = DIRECTION ( 'NONE',  ( 0.000000000000000000, 0.000000000000000000, 1.000000000000000000 ) ) ;
#2577 = CARTESIAN_POINT ( 'NONE',  ( 3.000000000000000888, 23.43820135222874157, 8.406385866244622918 ) ) ;
#2578 = DIRECTION ( 'NONE',  ( 1.000000000000000000, 0.000000000000000000, 0.000000000000000000 ) ) ;
#2579 = ORIENTED_EDGE ( 'NONE', *, *, #8031, .T. ) ;
#2580 = DIRECTION ( 'NONE',  ( -1.000000000000000000, 0.000000000000000000, 0.000000000000000000 ) ) ;
#2581 = ORIENTED_EDGE ( 'NONE', *, *, #87, .F. ) ;
#2582 = CARTESIAN_POINT ( 'NONE',  ( 0.000000000000000000, 9.714105481848351431, -21.67143640111388336 ) ) ;
#2583 = CYLINDRICAL_SURFACE ( 'NONE', #6642, 10.00000000000000178 ) ;
#2584 = DIRECTION ( 'NONE',  ( -1.000000000000000000, -0.000000000000000000, 0.000000000000000000 ) ) ;
#2585 = CARTESIAN_POINT ( 'NONE',  ( 15.37268543418457512, 10.00000000000000888, -7.428415564783019676 ) ) ;
#2586 = DIRECTION ( 'NONE',  ( 0.000000000000000000, -0.7705132427757949154, 0.6374239897486828621 ) ) ;
#2587 = EDGE_CURVE ( 'NONE', #2459, #4160, #4719, .T. ) ;
#2588 = CIRCLE ( 'NONE', #2865, 10.00000000000000178 ) ;
#2589 = AXIS2_PLACEMENT_3D ( 'NONE', #864, #989, #4835 ) ;
#2590 = VERTEX_POINT ( 'NONE', #2682 ) ;
#2591 = EDGE_CURVE ( 'NONE', #5805, #4348, #6394, .T. ) ;
#2592 = DIRECTION ( 'NONE',  ( 0.9550651196894797135, 0.000000000000000000, 0.2963960478017879097 ) ) ;
#2593 = ORIENTED_EDGE ( 'NONE', *, *, #1883, .F. ) ;
#2594 = DIRECTION ( 'NONE',  ( -1.000000000000000000, -0.000000000000000000, -0.000000000000000000 ) ) ;
#2595 = CARTESIAN_POINT ( 'NONE',  ( 3.000000000000000888, -9.865329348983841840, 24.05567036763012467 ) ) ;
#2596 = AXIS2_PLACEMENT_3D ( 'NONE', #164, #2783, #7488 ) ;
#2597 = AXIS2_PLACEMENT_3D ( 'NONE', #2567, #597, #7820 ) ;
#2598 = DIRECTION ( 'NONE',  ( -1.000000000000000000, 0.000000000000000000, 0.000000000000000000 ) ) ;
#2599 = CARTESIAN_POINT ( 'NONE',  ( 3.000000000000000888, -0.3170683606141307953, -25.99806661378298145 ) ) ;
#2600 = ADVANCED_FACE ( 'NONE', ( #7935 ), #4670, .T. ) ;
#2601 = ORIENTED_EDGE ( 'NONE', *, *, #6786, .F. ) ;
#2602 = CIRCLE ( 'NONE', #5237, 26.00000000000000000 ) ;
#2603 = ORIENTED_EDGE ( 'NONE', *, *, #1227, .T. ) ;
#2604 = AXIS2_PLACEMENT_3D ( 'NONE', #7542, #1637, #8445 ) ;
#2605 = VECTOR ( 'NONE', #7774, 1000.000000000000000 ) ;
#2606 = CARTESIAN_POINT ( 'NONE',  ( 0.000000000000000000, 17.00973468965503343, 16.57359124594142585 ) ) ;
#2607 = CARTESIAN_POINT ( 'NONE',  ( 3.000000000000000888, 14.79838606843898674, -18.57478857940060735 ) ) ;
#2608 = CARTESIAN_POINT ( 'NONE',  ( -2.052224346884345962, 10.00000000000000888, 15.84577559900846033 ) ) ;
#2609 = DIRECTION ( 'NONE',  ( 0.000000000000000000, 0.000000000000000000, 1.000000000000000000 ) ) ;
#2610 = DIRECTION ( 'NONE',  ( 0.000000000000000000, 0.000000000000000000, 1.000000000000000000 ) ) ;
#2611 = ADVANCED_FACE ( 'NONE', ( #793 ), #7382, .T. ) ;
#2612 = EDGE_CURVE ( 'NONE', #100, #1738, #2939, .T. ) ;
#2613 = CIRCLE ( 'NONE', #5651, 10.00000000000000178 ) ;
#2614 = ORIENTED_EDGE ( 'NONE', *, *, #2292, .F. ) ;
#2615 = ORIENTED_EDGE ( 'NONE', *, *, #6232, .T. ) ;
#2616 = DIRECTION ( 'NONE',  ( -1.000000000000000000, -0.000000000000000000, -0.000000000000000000 ) ) ;
#2617 = AXIS2_PLACEMENT_3D ( 'NONE', #4352, #8341, #1120 ) ;
#2618 = VECTOR ( 'NONE', #4718, 1000.000000000000000 ) ;
#2619 = DIRECTION ( 'NONE',  ( 1.000000000000000000, 0.000000000000000000, 0.000000000000000000 ) ) ;
#2620 = CARTESIAN_POINT ( 'NONE',  ( 8.102705642427432409, 7.000000000000008882, -5.573319583618285833E-11 ) ) ;
#2621 = COORDINATED_UNIVERSAL_TIME_OFFSET ( 7, 0, .AHEAD. ) ;
#2622 = LINE ( 'NONE', #52, #3032 ) ;
#2623 = CYLINDRICAL_SURFACE ( 'NONE', #5363, 26.00000000000000000 ) ;
#2624 = CARTESIAN_POINT ( 'NONE',  ( 1.499999999999999556, -24.82361017592229402, 7.732294474077363589 ) ) ;
#2625 = AXIS2_PLACEMENT_3D ( 'NONE', #5592, #3543, #4913 ) ;
#2626 = CIRCLE ( 'NONE', #7446, 10.00000000000000355 ) ;
#2627 = EDGE_LOOP ( 'NONE', ( #2525, #5647, #6017, #4612 ) ) ;
#2628 = DIRECTION ( 'NONE',  ( -1.000000000000000000, -0.000000000000000000, -0.000000000000000000 ) ) ;
#2629 = EDGE_LOOP ( 'NONE', ( #2840, #2149, #109, #76 ) ) ;
#2630 = DIRECTION ( 'NONE',  ( -1.000000000000000000, 0.000000000000000000, 0.000000000000000000 ) ) ;
#2631 = CARTESIAN_POINT ( 'NONE',  ( 1.500000000000000444, -15.53779383581442630, -20.84650960510480999 ) ) ;
#2632 = CYLINDRICAL_SURFACE ( 'NONE', #4722, 23.74900000000000233 ) ;
#2633 = CIRCLE ( 'NONE', #8407, 17.50000000000000355 ) ;
#2634 = AXIS2_PLACEMENT_3D ( 'NONE', #6734, #4811, #3578 ) ;
#2635 = CYLINDRICAL_SURFACE ( 'NONE', #5658, 26.00000000000000000 ) ;
#2636 = CARTESIAN_POINT ( 'NONE',  ( 3.000000000000000888, 0.000000000000000000, 0.000000000000000000 ) ) ;
#2637 = APPLICATION_CONTEXT ( 'configuration controlled 3d designs of mechanical parts and assemblies' ) ;
#2638 = EDGE_LOOP ( 'NONE', ( #5102, #3157, #33, #5382 ) ) ;
#2639 = AXIS2_PLACEMENT_3D ( 'NONE', #6001, #6039, #1262 ) ;
#2640 = ORIENTED_EDGE ( 'NONE', *, *, #5518, .T. ) ;
#2641 = CARTESIAN_POINT ( 'NONE',  ( 3.000000000000000888, 23.74496687177445509, -0.4376634075792243395 ) ) ;
#2642 = ORIENTED_EDGE ( 'NONE', *, *, #343, .F. ) ;
#2643 = CARTESIAN_POINT ( 'NONE',  ( 3.000000000000000888, 0.000000000000000000, 0.000000000000000000 ) ) ;
#2644 = EDGE_CURVE ( 'NONE', #1611, #86, #3907, .T. ) ;
#2645 = CYLINDRICAL_SURFACE ( 'NONE', #4545, 26.00000000000000000 ) ;
#2646 = VECTOR ( 'NONE', #4314, 1000.000000000000000 ) ;
#2647 = CARTESIAN_POINT ( 'NONE',  ( 4.051352821227816037, 7.000000000000008882, -7.017148925761551581 ) ) ;
#2648 = AXIS2_PLACEMENT_3D ( 'NONE', #5434, #8038, #2057 ) ;
#2649 = EDGE_LOOP ( 'NONE', ( #6889, #7516, #5896, #2848 ) ) ;
#2650 = AXIS2_PLACEMENT_3D ( 'NONE', #3651, #388, #2995 ) ;
#2651 = AXIS2_PLACEMENT_3D ( 'NONE', #4521, #7956, #3955 ) ;
#2652 = ORIENTED_EDGE ( 'NONE', *, *, #2032, .F. ) ;
#2653 = AXIS2_PLACEMENT_3D ( 'NONE', #446, #3134, #4398 ) ;
#2654 = CARTESIAN_POINT ( 'NONE',  ( 1.500000000000000444, -19.82974763304108734, 16.81609671742825896 ) ) ;
#2655 = EDGE_CURVE ( 'NONE', #7296, #7737, #6568, .T. ) ;
#2656 = CARTESIAN_POINT ( 'NONE',  ( 0.000000000000000000, 18.17661741219012939, 14.88285819611907179 ) ) ;
#2657 = CARTESIAN_POINT ( 'NONE',  ( 3.000000000000000888, 11.42144594672549474, 20.52899074774378363 ) ) ;
#2658 = EDGE_CURVE ( 'NONE', #1924, #5619, #1844, .T. ) ;
#2659 = LINE ( 'NONE', #6503, #7807 ) ;
#2660 = VECTOR ( 'NONE', #5807, 1000.000000000000000 ) ;
#2661 = AXIS2_PLACEMENT_3D ( 'NONE', #3355, #6517, #95 ) ;
#2662 = VERTEX_POINT ( 'NONE', #7974 ) ;
#2663 = EDGE_LOOP ( 'NONE', ( #3497, #1065, #1962, #2293 ) ) ;
#2664 = CARTESIAN_POINT ( 'NONE',  ( 3.000000000000000888, 11.42144594672578961, -20.52899074774362020 ) ) ;
#2665 = EDGE_CURVE ( 'NONE', #4445, #1697, #3406, .T. ) ;
#2666 = EDGE_CURVE ( 'NONE', #4499, #7482, #4020, .T. ) ;
#2667 = VECTOR ( 'NONE', #3396, 1000.000000000000000 ) ;
#2668 = CARTESIAN_POINT ( 'NONE',  ( 0.000000000000000000, 23.43820135222871670, 1.593614133755710593 ) ) ;
#2669 = LINE ( 'NONE', #5316, #1695 ) ;
#2670 = COORDINATED_UNIVERSAL_TIME_OFFSET ( 7, 0, .AHEAD. ) ;
#2671 = CARTESIAN_POINT ( 'NONE',  ( 0.000000000000000000, 23.09816287601901763, 4.285295834340878685 ) ) ;
#2672 = CYLINDRICAL_SURFACE ( 'NONE', #6041, 9.999999999999998224 ) ;
#2673 = DIRECTION ( 'NONE',  ( 0.000000000000000000, 0.000000000000000000, -1.000000000000000000 ) ) ;
#2674 = CIRCLE ( 'NONE', #4328, 26.00000000000000000 ) ;
#2675 = ORIENTED_EDGE ( 'NONE', *, *, #2032, .T. ) ;
#2676 = CARTESIAN_POINT ( 'NONE',  ( -10.00000000000000000, 0.000000000000000000, 0.000000000000000000 ) ) ;
#2677 = ORIENTED_EDGE ( 'NONE', *, *, #4946, .F. ) ;
#2678 = DIRECTION ( 'NONE',  ( 0.000000000000000000, 0.000000000000000000, 1.000000000000000000 ) ) ;
#2679 = FACE_OUTER_BOUND ( 'NONE', #546, .T. ) ;
#2680 = DIRECTION ( 'NONE',  ( 0.000000000000000000, 0.000000000000000000, 1.000000000000000000 ) ) ;
#2681 = DIRECTION ( 'NONE',  ( 0.000000000000000000, 0.2486898871648553500, -0.9685831611286309650 ) ) ;
#2682 = CARTESIAN_POINT ( 'NONE',  ( 3.000000000000000888, 22.23862650171294675, 8.334176163083599320 ) ) ;
#2683 = ADVANCED_FACE ( 'NONE', ( #662 ), #4067, .T. ) ;
#2684 = EDGE_LOOP ( 'NONE', ( #6744, #6854, #3643, #5861 ) ) ;
#2685 = ORIENTED_EDGE ( 'NONE', *, *, #5761, .F. ) ;
#2686 = CYLINDRICAL_SURFACE ( 'NONE', #1100, 23.74900000000000233 ) ;
#2687 = ORIENTED_EDGE ( 'NONE', *, *, #7814, .F. ) ;
#2688 = CARTESIAN_POINT ( 'NONE',  ( 3.000000000000000888, 0.000000000000000000, 0.000000000000000000 ) ) ;
#2689 = CYLINDRICAL_SURFACE ( 'NONE', #3573, 23.74900000000000233 ) ;
#2690 = PLANE ( 'NONE',  #6791 ) ;
#2691 = CIRCLE ( 'NONE', #7233, 10.00000000000000000 ) ;
#2692 = ORIENTED_EDGE ( 'NONE', *, *, #1522, .T. ) ;
#2693 = ORIENTED_EDGE ( 'NONE', *, *, #6620, .F. ) ;
#2694 = CARTESIAN_POINT ( 'NONE',  ( 3.000000000000000888, 2.826494134736833530, -23.32165987963164611 ) ) ;
#2695 = CARTESIAN_POINT ( 'NONE',  ( 3.000000000000000888, 0.000000000000000000, 0.000000000000000000 ) ) ;
#2696 = APPROVAL_PERSON_ORGANIZATION ( #5612, #1003, #1040 ) ;
#2697 = CARTESIAN_POINT ( 'NONE',  ( 1.500000000000000444, 22.12078737453602884, -13.66275103815361014 ) ) ;
#2698 = CARTESIAN_POINT ( 'NONE',  ( 0.000000000000000000, 24.62765115230531521, 8.335394335024261636 ) ) ;
#2699 = EDGE_CURVE ( 'NONE', #4728, #2457, #5161, .T. ) ;
#2700 = ORIENTED_EDGE ( 'NONE', *, *, #1918, .F. ) ;
#2701 = ORIENTED_EDGE ( 'NONE', *, *, #8372, .F. ) ;
#2702 = EDGE_CURVE ( 'NONE', #6607, #6198, #8448, .T. ) ;
#2703 = CYLINDRICAL_SURFACE ( 'NONE', #291, 9.999999999999998224 ) ;
#2704 = CARTESIAN_POINT ( 'NONE',  ( 3.000000000000000888, 1.927758584904034622, 23.67063049093388472 ) ) ;
#2705 = SECURITY_CLASSIFICATION_LEVEL ( 'unclassified' ) ;
#2706 = DIRECTION ( 'NONE',  ( 0.000000000000000000, 0.5877852522924743583, -0.8090169943749465631 ) ) ;
#2707 = CYLINDRICAL_SURFACE ( 'NONE', #3268, 9.999999999999998224 ) ;
#2708 = LINE ( 'NONE', #4057, #7483 ) ;
#2709 = EDGE_CURVE ( 'NONE', #1152, #7716, #754, .T. ) ;
#2710 = ADVANCED_FACE ( 'NONE', ( #7846 ), #1959, .T. ) ;
#2711 = ORIENTED_EDGE ( 'NONE', *, *, #7468, .F. ) ;
#2712 = AXIS2_PLACEMENT_3D ( 'NONE', #5645, #8255, #7951 ) ;
#2713 = CARTESIAN_POINT ( 'NONE',  ( 3.000000000000000888, -9.714105481848200441, 21.67143640111395442 ) ) ;
#2714 = ORIENTED_EDGE ( 'NONE', *, *, #3963, .F. ) ;
#2715 = CARTESIAN_POINT ( 'NONE',  ( -4.051352821171860796, 10.00000000000000888, 7.017148925649419056 ) ) ;
#2716 = DIRECTION ( 'NONE',  ( 1.000000000000000000, 0.000000000000000000, -0.000000000000000000 ) ) ;
#2717 = DIRECTION ( 'NONE',  ( -1.000000000000000000, 0.000000000000000000, -0.000000000000000000 ) ) ;
#2718 = CARTESIAN_POINT ( 'NONE',  ( 3.000000000000000888, 0.000000000000000000, 0.000000000000000000 ) ) ;
#2719 = ADVANCED_FACE ( 'NONE', ( #6264 ), #7464, .T. ) ;
#2720 = ADVANCED_FACE ( 'NONE', ( #6894 ), #6216, .T. ) ;
#2721 = VERTEX_POINT ( 'NONE', #5615 ) ;
#2722 = ORIENTED_EDGE ( 'NONE', *, *, #3025, .T. ) ;
#2723 = CARTESIAN_POINT ( 'NONE',  ( -1.061049529133641256, 7.000000000000009770, -17.46780392355350031 ) ) ;
#2724 = ORIENTED_EDGE ( 'NONE', *, *, #1658, .F. ) ;
#2725 = LINE ( 'NONE', #1965, #2222 ) ;
#2726 = APPROVAL ( #3517, 'UNSPECIFIED' ) ;
#2727 = DIRECTION ( 'NONE',  ( -1.000000000000000000, 0.000000000000000000, 0.000000000000000000 ) ) ;
#2728 = LINE ( 'NONE', #6895, #5290 ) ;
#2729 = VECTOR ( 'NONE', #3519, 1000.000000000000000 ) ;
#2730 = VERTEX_POINT ( 'NONE', #832 ) ;
#2731 = ORIENTED_EDGE ( 'NONE', *, *, #3272, .T. ) ;
#2732 = CARTESIAN_POINT ( 'NONE',  ( 3.000000000000000888, 13.71217102453783276, -19.07525240799574107 ) ) ;
#2733 = ORIENTED_EDGE ( 'NONE', *, *, #2655, .F. ) ;
#2734 = AXIS2_PLACEMENT_3D ( 'NONE', #5160, #5750, #7643 ) ;
#2735 = CARTESIAN_POINT ( 'NONE',  ( 3.000000000000000888, -0.1187726605495834087, -23.49201527519570476 ) ) ;
#2736 = CARTESIAN_POINT ( 'NONE',  ( 3.000000000000000888, 0.000000000000000000, 0.000000000000000000 ) ) ;
#2737 = DIRECTION ( 'NONE',  ( -1.000000000000000000, 0.000000000000000000, -0.000000000000000000 ) ) ;
#2738 = CIRCLE ( 'NONE', #6330, 26.00000000000000000 ) ;
#2739 = CIRCLE ( 'NONE', #7423, 23.74900000000000944 ) ;
#2740 = ORIENTED_EDGE ( 'NONE', *, *, #4897, .T. ) ;
#2741 = EDGE_LOOP ( 'NONE', ( #3862, #5743, #5355, #7001 ) ) ;
#2742 = DIRECTION ( 'NONE',  ( 0.000000000000000000, 0.5877852522924742473, -0.8090169943749465631 ) ) ;
#2743 = LINE ( 'NONE', #8000, #4738 ) ;
#2744 = PERSON_AND_ORGANIZATION_ROLE ( 'design_supplier' ) ;
#2745 = EDGE_CURVE ( 'NONE', #6067, #6322, #3570, .T. ) ;
#2746 = CARTESIAN_POINT ( 'NONE',  ( -10.00000000000000000, 0.000000000000000000, 0.000000000000000000 ) ) ;
#2747 = DIRECTION ( 'NONE',  ( 0.000000000000000000, 0.000000000000000000, 1.000000000000000000 ) ) ;
#2748 = AXIS2_PLACEMENT_3D ( 'NONE', #3348, #6634, #2186 ) ;
#2749 = CARTESIAN_POINT ( 'NONE',  ( 1.500000000000000444, 12.80251323316800516, 22.62953059421600344 ) ) ;
#2750 = ADVANCED_FACE ( 'NONE', ( #4145 ), #8145, .T. ) ;
#2751 = ORIENTED_EDGE ( 'NONE', *, *, #8081, .T. ) ;
#2752 = AXIS2_PLACEMENT_3D ( 'NONE', #7172, #1357, #5974 ) ;
#2753 = DIRECTION ( 'NONE',  ( 0.000000000000000000, 0.3681245526846788074, -0.9297764858882511252 ) ) ;
#2754 = VERTEX_POINT ( 'NONE', #1564 ) ;
#2755 = DIRECTION ( 'NONE',  ( 0.9550651196895028061, 0.000000000000000000, -0.2963960478017134692 ) ) ;
#2756 = DIRECTION ( 'NONE',  ( -1.000000000000000000, -0.000000000000000000, -0.000000000000000000 ) ) ;
#2757 = DIRECTION ( 'NONE',  ( 0.000000000000000000, 0.000000000000000000, 1.000000000000000000 ) ) ;
#2758 = EDGE_CURVE ( 'NONE', #2253, #2271, #5491, .T. ) ;
#2759 = DIRECTION ( 'NONE',  ( 0.000000000000000000, 0.3681245526846788074, -0.9297764858882511252 ) ) ;
#2760 = DIRECTION ( 'NONE',  ( -1.000000000000000000, 0.000000000000000000, -0.000000000000000000 ) ) ;
#2761 = CIRCLE ( 'NONE', #1798, 23.74900000000000588 ) ;
#2762 = ADVANCED_FACE ( 'NONE', ( #4268 ), #362, .F. ) ;
#2763 = ORIENTED_EDGE ( 'NONE', *, *, #396, .F. ) ;
#2764 = EDGE_LOOP ( 'NONE', ( #7693, #8478, #6728, #6722 ) ) ;
#2765 = ORIENTED_EDGE ( 'NONE', *, *, #6302, .F. ) ;
#2766 = PRODUCT ( 'Final_Servo_Adapter_Driver_Circle', 'Final_Servo_Adapter_Driver_Circle', '', ( #6390 ) ) ;
#2767 = ORIENTED_EDGE ( 'NONE', *, *, #54, .F. ) ;
#2768 = CIRCLE ( 'NONE', #7034, 9.999999999999998224 ) ;
#2769 = ORIENTED_EDGE ( 'NONE', *, *, #7620, .F. ) ;
#2770 = VECTOR ( 'NONE', #6263, 1000.000000000000000 ) ;
#2771 = DIRECTION ( 'NONE',  ( -1.000000000000000000, -0.000000000000000000, 0.000000000000000000 ) ) ;
#2772 = EDGE_CURVE ( 'NONE', #2662, #5253, #2249, .T. ) ;
#2773 = FACE_OUTER_BOUND ( 'NONE', #4626, .T. ) ;
#2774 = EDGE_CURVE ( 'NONE', #8471, #6162, #1786, .T. ) ;
#2775 = AXIS2_PLACEMENT_3D ( 'NONE', #1317, #670, #7943 ) ;
#2776 = ORIENTED_EDGE ( 'NONE', *, *, #886, .F. ) ;
#2777 = ORIENTED_EDGE ( 'NONE', *, *, #3817, .T. ) ;
#2778 = DIRECTION ( 'NONE',  ( 1.000000000000000000, -0.000000000000000000, -0.000000000000000000 ) ) ;
#2779 = ORIENTED_EDGE ( 'NONE', *, *, #4553, .F. ) ;
#2780 = VECTOR ( 'NONE', #6948, 1000.000000000000000 ) ;
#2781 = CARTESIAN_POINT ( 'NONE',  ( 1.499999999999999556, -23.65875512592465668, 10.78254635471296119 ) ) ;
#2782 = LINE ( 'NONE', #2697, #4431 ) ;
#2783 = DIRECTION ( 'NONE',  ( -1.000000000000000000, -0.000000000000000000, 0.000000000000000000 ) ) ;
#2784 = CIRCLE ( 'NONE', #3753, 9.999999999999998224 ) ;
#2785 = PRODUCT_RELATED_PRODUCT_CATEGORY ( 'detail', '', ( #2766 ) ) ;
#2786 = VECTOR ( 'NONE', #1743, 1000.000000000000000 ) ;
#2787 = ORIENTED_EDGE ( 'NONE', *, *, #7595, .F. ) ;
#2788 = ORIENTED_EDGE ( 'NONE', *, *, #7045, .T. ) ;
#2789 = DIRECTION ( 'NONE',  ( 0.000000000000000000, 0.000000000000000000, 1.000000000000000000 ) ) ;
#2790 = CARTESIAN_POINT ( 'NONE',  ( 2.143131898507868643E-15, 10.00000000000000000, 17.50000000000000355 ) ) ;
#2791 = PERSON_AND_ORGANIZATION_ROLE ( 'design_owner' ) ;
#2792 = CIRCLE ( 'NONE', #4170, 9.999999999999998224 ) ;
#2793 = DIRECTION ( 'NONE',  ( -1.000000000000000000, -0.000000000000000000, 0.000000000000000000 ) ) ;
#2794 = CARTESIAN_POINT ( 'NONE',  ( 0.000000000000000000, 0.000000000000000000, 0.000000000000000000 ) ) ;
#2795 = DIRECTION ( 'NONE',  ( 0.000000000000000000, 0.000000000000000000, 1.000000000000000000 ) ) ;
#2796 = ORIENTED_EDGE ( 'NONE', *, *, #5980, .F. ) ;
#2797 = CIRCLE ( 'NONE', #744, 10.00000000000000000 ) ;
#2798 = DIRECTION ( 'NONE',  ( -1.000000000000000000, -0.000000000000000000, 0.000000000000000000 ) ) ;
#2799 = ORIENTED_EDGE ( 'NONE', *, *, #6202, .F. ) ;
#2800 = CARTESIAN_POINT ( 'NONE',  ( 3.000000000000000888, -24.82361017592229047, 7.732294474077362700 ) ) ;
#2801 = DIRECTION ( 'NONE',  ( -1.000000000000000000, -0.000000000000000000, -0.000000000000000000 ) ) ;
#2802 = CARTESIAN_POINT ( 'NONE',  ( 3.000000000000000888, -18.95282963369240292, -14.31101847795017434 ) ) ;
#2803 = FACE_OUTER_BOUND ( 'NONE', #4821, .T. ) ;
#2804 = AXIS2_PLACEMENT_3D ( 'NONE', #2636, #5288, #7584 ) ;
#2805 = CIRCLE ( 'NONE', #2126, 9.999999999999998224 ) ;
#2806 = ORIENTED_EDGE ( 'NONE', *, *, #823, .T. ) ;
#2807 = VERTEX_POINT ( 'NONE', #1600 ) ;
#2808 = EDGE_CURVE ( 'NONE', #5574, #1421, #5496, .T. ) ;
#2809 = ORIENTED_EDGE ( 'NONE', *, *, #4907, .F. ) ;
#2810 = VERTEX_POINT ( 'NONE', #8185 ) ;
#2811 = ORIENTED_EDGE ( 'NONE', *, *, #7394, .T. ) ;
#2812 = CYLINDRICAL_SURFACE ( 'NONE', #2634, 9.999999999999998224 ) ;
#2813 = EDGE_CURVE ( 'NONE', #4149, #7217, #1765, .T. ) ;
#2814 = DIRECTION ( 'NONE',  ( 0.000000000000000000, 0.000000000000000000, 1.000000000000000000 ) ) ;
#2815 = ADVANCED_FACE ( 'NONE', ( #2803 ), #4191, .F. ) ;
#2816 = EDGE_CURVE ( 'NONE', #4449, #4403, #8086, .T. ) ;
#2817 = ORIENTED_EDGE ( 'NONE', *, *, #6669, .F. ) ;
#2818 = AXIS2_PLACEMENT_3D ( 'NONE', #914, #6002, #188 ) ;
#2819 = ORIENTED_EDGE ( 'NONE', *, *, #2340, .T. ) ;
#2820 = CYLINDRICAL_SURFACE ( 'NONE', #7168, 9.999999999999998224 ) ;
#2821 = CARTESIAN_POINT ( 'NONE',  ( 1.500000000000000444, -23.38875284200444682, 11.35633041504291896 ) ) ;
#2822 = ORIENTED_EDGE ( 'NONE', *, *, #6558, .T. ) ;
#2823 = CARTESIAN_POINT ( 'NONE',  ( 3.000000000000000888, -25.47815669208868528, -5.183004107019072215 ) ) ;
#2824 = CARTESIAN_POINT ( 'NONE',  ( 3.000000000000000888, 0.000000000000000000, 0.000000000000000000 ) ) ;
#2825 = CC_DESIGN_APPROVAL ( #7051, ( #4075 ) ) ;
#2826 = CYLINDRICAL_SURFACE ( 'NONE', #6323, 26.00000000000000000 ) ;
#2827 =( GEOMETRIC_REPRESENTATION_CONTEXT ( 3 ) GLOBAL_UNCERTAINTY_ASSIGNED_CONTEXT ( ( #8362 ) ) GLOBAL_UNIT_ASSIGNED_CONTEXT ( ( #8310, #5702, #952 ) ) REPRESENTATION_CONTEXT ( 'NONE', 'WORKASPACE' ) );
#2828 = B_SPLINE_CURVE_WITH_KNOTS ( 'NONE', 2,
 ( #4275, #2297, #6903, #2976, #4111 ),
 .UNSPECIFIED., .F., .F.,
 ( 3, 1, 1, 3 ),
 ( 0.002399098765659659488, 0.3755997746914918611, 0.6244002253087133081, 0.9976009012345454785 ),
 .UNSPECIFIED. ) ;
#2829 = EDGE_CURVE ( 'NONE', #6621, #3769, #2884, .T. ) ;
#2830 = ORIENTED_EDGE ( 'NONE', *, *, #2699, .T. ) ;
#2831 = ORIENTED_EDGE ( 'NONE', *, *, #935, .F. ) ;
#2832 = DIRECTION ( 'NONE',  ( -1.000000000000000000, 0.000000000000000000, 0.000000000000000000 ) ) ;
#2833 = CARTESIAN_POINT ( 'NONE',  ( 0.000000000000000000, -24.82361017592217678, -7.732294474077719748 ) ) ;
#2834 = PERSON_AND_ORGANIZATION_ROLE ( 'creator' ) ;
#2835 = CARTESIAN_POINT ( 'NONE',  ( 1.499999999999999556, 2.943853573238648824, -25.83280329618390425 ) ) ;
#2836 = DIRECTION ( 'NONE',  ( 0.000000000000000000, 0.000000000000000000, -1.000000000000000000 ) ) ;
#2837 = DIRECTION ( 'NONE',  ( 0.000000000000000000, 0.000000000000000000, 1.000000000000000000 ) ) ;
#2838 = VERTEX_POINT ( 'NONE', #4895 ) ;
#2839 = CARTESIAN_POINT ( 'NONE',  ( 3.000000000000000888, 23.43820135222874157, -1.593614133755375750 ) ) ;
#2840 = ORIENTED_EDGE ( 'NONE', *, *, #1720, .T. ) ;
#2841 = CARTESIAN_POINT ( 'NONE',  ( 12.69673203802779149, 10.00000000000000888, 9.700166218167050047 ) ) ;
#2842 = DIRECTION ( 'NONE',  ( 0.000000000000000000, 0.000000000000000000, -1.000000000000000000 ) ) ;
#2843 = DIRECTION ( 'NONE',  ( -1.000000000000000000, 0.000000000000000000, -0.000000000000000000 ) ) ;
#2844 = CARTESIAN_POINT ( 'NONE',  ( 0.000000000000000000, 0.000000000000000000, 0.000000000000000000 ) ) ;
#2845 = DIRECTION ( 'NONE',  ( 0.000000000000000000, 0.000000000000000000, 1.000000000000000000 ) ) ;
#2846 = ORIENTED_EDGE ( 'NONE', *, *, #6311, .T. ) ;
#2847 = ORIENTED_EDGE ( 'NONE', *, *, #4906, .T. ) ;
#2848 = ORIENTED_EDGE ( 'NONE', *, *, #710, .T. ) ;
#2849 = ORIENTED_EDGE ( 'NONE', *, *, #98, .T. ) ;
#2850 = VERTEX_POINT ( 'NONE', #876 ) ;
#2851 = CARTESIAN_POINT ( 'NONE',  ( 1.500000000000000444, -19.82974763304084220, -16.81609671742854317 ) ) ;
#2852 = DIRECTION ( 'NONE',  ( 0.000000000000000000, 0.9510565162951544194, -0.3090169943749446757 ) ) ;
#2853 = EDGE_CURVE ( 'NONE', #1034, #7179, #2198, .T. ) ;
#2854 = ADVANCED_FACE ( 'NONE', ( #8096 ), #6851, .T. ) ;
#2855 = VERTEX_POINT ( 'NONE', #2541 ) ;
#2856 = VERTEX_POINT ( 'NONE', #1728 ) ;
#2857 = CARTESIAN_POINT ( 'NONE',  ( 3.000000000000000888, -3.062166340027785427, -23.29188755642021746 ) ) ;
#2858 = ORIENTED_EDGE ( 'NONE', *, *, #8372, .T. ) ;
#2859 = DIRECTION ( 'NONE',  ( 0.000000000000000000, -0.9048270524660146918, -0.4257792915650829846 ) ) ;
#2860 = EDGE_CURVE ( 'NONE', #2044, #4928, #7271, .T. ) ;
#2861 = AXIS2_PLACEMENT_3D ( 'NONE', #6129, #322, #956 ) ;
#2862 = CARTESIAN_POINT ( 'NONE',  ( 3.000000000000000888, 0.000000000000000000, 0.000000000000000000 ) ) ;
#2863 = FACE_OUTER_BOUND ( 'NONE', #6384, .T. ) ;
#2864 = ORIENTED_EDGE ( 'NONE', *, *, #634, .F. ) ;
#2865 = AXIS2_PLACEMENT_3D ( 'NONE', #8290, #1655, #8206 ) ;
#2866 = ORIENTED_EDGE ( 'NONE', *, *, #3810, .F. ) ;
#2867 = CARTESIAN_POINT ( 'NONE',  ( 0.000000000000000000, 0.000000000000000000, 0.000000000000000000 ) ) ;
#2868 = DIRECTION ( 'NONE',  ( 0.000000000000000000, -0.8443279255020200713, 0.5358267949789886631 ) ) ;
#2869 = APPROVAL_DATE_TIME ( #259, #6887 ) ;
#2870 = EDGE_CURVE ( 'NONE', #938, #891, #5239, .T. ) ;
#2871 = DIRECTION ( 'NONE',  ( 1.000000000000000000, 0.000000000000000000, -0.000000000000000000 ) ) ;
#2872 = CARTESIAN_POINT ( 'NONE',  ( 3.000000000000000888, 0.000000000000000000, 0.000000000000000000 ) ) ;
#2873 = EDGE_CURVE ( 'NONE', #3312, #4890, #3054, .T. ) ;
#2874 = AXIS2_PLACEMENT_3D ( 'NONE', #495, #8357, #8275 ) ;
#2875 = DIRECTION ( 'NONE',  ( 0.000000000000000000, 0.000000000000000000, 1.000000000000000000 ) ) ;
#2876 = ORIENTED_EDGE ( 'NONE', *, *, #2816, .T. ) ;
#2877 = CARTESIAN_POINT ( 'NONE',  ( -12.69673203797372452, 10.00000000000000888, 9.700166218166828003 ) ) ;
#2878 = VECTOR ( 'NONE', #3324, 1000.000000000000000 ) ;
#2879 = VERTEX_POINT ( 'NONE', #6392 ) ;
#2880 = AXIS2_PLACEMENT_3D ( 'NONE', #567, #5144, #1858 ) ;
#2881 = DIRECTION ( 'NONE',  ( 0.7342190668223699257, 0.000000000000000000, -0.6789126320186481545 ) ) ;
#2882 = DIRECTION ( 'NONE',  ( 0.000000000000000000, 0.000000000000000000, 1.000000000000000000 ) ) ;
#2883 = DIRECTION ( 'NONE',  ( 1.000000000000000000, 0.000000000000000000, 0.000000000000000000 ) ) ;
#2884 = LINE ( 'NONE', #3528, #6195 ) ;
#2885 = LINE ( 'NONE', #3620, #1012 ) ;
#2886 = ORIENTED_EDGE ( 'NONE', *, *, #5941, .F. ) ;
#2887 = AXIS2_PLACEMENT_3D ( 'NONE', #4392, #4264, #3049 ) ;
#2888 = ORIENTED_EDGE ( 'NONE', *, *, #2226, .T. ) ;
#2889 = ORIENTED_EDGE ( 'NONE', *, *, #6874, .F. ) ;
#2890 = CARTESIAN_POINT ( 'NONE',  ( 1.499999999999999556, -3.572989937012940764, 25.75332489039044503 ) ) ;
#2891 = CIRCLE ( 'NONE', #2480, 23.74900000000000944 ) ;
#2892 = LINE ( 'NONE', #7551, #7015 ) ;
#2893 = B_SPLINE_CURVE_WITH_KNOTS ( 'NONE', 2,
 ( #1274, #4500, #2518 ),
 .UNSPECIFIED., .F., .F.,
 ( 3, 3 ),
 ( 0.001074268543616918592, 0.2350718683359498407 ),
 .UNSPECIFIED. ) ;
#2894 = AXIS2_PLACEMENT_3D ( 'NONE', #8436, #7190, #2490 ) ;
#2895 = CIRCLE ( 'NONE', #7994, 23.74900000000000588 ) ;
#2896 = EDGE_LOOP ( 'NONE', ( #645, #6081 ) ) ;
#2897 = ORIENTED_EDGE ( 'NONE', *, *, #7871, .F. ) ;
#2898 = EDGE_CURVE ( 'NONE', #3642, #2210, #3749, .T. ) ;
#2899 = VERTEX_POINT ( 'NONE', #7711 ) ;
#2900 = CYLINDRICAL_SURFACE ( 'NONE', #4709, 23.74900000000000233 ) ;
#2901 = CARTESIAN_POINT ( 'NONE',  ( 1.253146128175175456, 7.000000000000008882, 17.02734389275706306 ) ) ;
#2902 = AXIS2_PLACEMENT_3D ( 'NONE', #6447, #6994, #7043 ) ;
#2903 = DIRECTION ( 'NONE',  ( 0.000000000000000000, 0.000000000000000000, 1.000000000000000000 ) ) ;
#2904 = CIRCLE ( 'NONE', #3877, 9.999999999999996447 ) ;
#2905 = DIRECTION ( 'NONE',  ( -1.000000000000000000, 0.000000000000000000, -0.000000000000000000 ) ) ;
#2906 = VERTEX_POINT ( 'NONE', #2415 ) ;
#2907 = EDGE_CURVE ( 'NONE', #86, #8452, #3546, .T. ) ;
#2908 = CIRCLE ( 'NONE', #6770, 23.74900000000000233 ) ;
#2909 = VERTEX_POINT ( 'NONE', #4484 ) ;
#2910 = AXIS2_PLACEMENT_3D ( 'NONE', #1625, #6880, #4381 ) ;
#2911 = LINE ( 'NONE', #5639, #2605 ) ;
#2912 = DIRECTION ( 'NONE',  ( 0.000000000000000000, -0.3681245526846653182, -0.9297764858882563432 ) ) ;
#2913 = EDGE_CURVE ( 'NONE', #6971, #6095, #4668, .T. ) ;
#2914 = DIRECTION ( 'NONE',  ( -1.000000000000000000, 0.000000000000000000, 0.000000000000000000 ) ) ;
#2915 = DIRECTION ( 'NONE',  ( 0.000000000000000000, 0.000000000000000000, -1.000000000000000000 ) ) ;
#2916 = LINE ( 'NONE', #2749, #478 ) ;
#2917 = AXIS2_PLACEMENT_3D ( 'NONE', #7540, #3525, #269 ) ;
#2918 = VERTEX_POINT ( 'NONE', #3177 ) ;
#2919 = EDGE_CURVE ( 'NONE', #4371, #3454, #5019, .T. ) ;
#2920 = EDGE_CURVE ( 'NONE', #5619, #7042, #4378, .T. ) ;
#2921 = CARTESIAN_POINT ( 'NONE',  ( 3.000000000000000888, -12.24681498829390947, -22.93502828955088901 ) ) ;
#2922 = AXIS2_PLACEMENT_3D ( 'NONE', #1623, #1157, #5044 ) ;
#2923 = ORIENTED_EDGE ( 'NONE', *, *, #4021, .F. ) ;
#2924 = VECTOR ( 'NONE', #3098, 1000.000000000000000 ) ;
#2925 = CARTESIAN_POINT ( 'NONE',  ( 0.000000000000000000, -15.53779383581471762, 20.84650960510459683 ) ) ;
#2926 = CARTESIAN_POINT ( 'NONE',  ( 1.499999999999999556, -15.02476645158309587, -21.21924581778021590 ) ) ;
#2927 = APPROVAL_STATUS ( 'not_yet_approved' ) ;
#2928 = DIRECTION ( 'NONE',  ( -1.000000000000000000, 0.000000000000000000, -0.000000000000000000 ) ) ;
#2929 = DIRECTION ( 'NONE',  ( 0.000000000000000000, -0.3681245526846853022, 0.9297764858882484607 ) ) ;
#2930 = DIRECTION ( 'NONE',  ( -1.000000000000000000, 0.000000000000000000, 0.000000000000000000 ) ) ;
#2931 = AXIS2_PLACEMENT_3D ( 'NONE', #6878, #2953, #5601 ) ;
#2932 = ORIENTED_EDGE ( 'NONE', *, *, #7131, .T. ) ;
#2933 = AXIS2_PLACEMENT_3D ( 'NONE', #5353, #1340, #2029 ) ;
#2934 = ORIENTED_EDGE ( 'NONE', *, *, #7857, .F. ) ;
#2935 = EDGE_CURVE ( 'NONE', #6162, #8104, #7010, .T. ) ;
#2936 = VERTEX_POINT ( 'NONE', #6979 ) ;
#2937 = ORIENTED_EDGE ( 'NONE', *, *, #6709, .F. ) ;
#2938 = DIRECTION ( 'NONE',  ( -1.000000000000000000, -0.000000000000000000, 0.000000000000000000 ) ) ;
#2939 = CIRCLE ( 'NONE', #67, 23.74900000000000233 ) ;
#2940 = DIRECTION ( 'NONE',  ( -0.6789126320186735786, 0.000000000000000000, 0.7342190668223465000 ) ) ;
#2941 = VECTOR ( 'NONE', #5327, 1000.000000000000000 ) ;
#2942 = CC_DESIGN_PERSON_AND_ORGANIZATION_ASSIGNMENT ( #1991, #4482, ( #4087 ) ) ;
#2943 = VECTOR ( 'NONE', #3658, 1000.000000000000000 ) ;
#2944 = VERTEX_POINT ( 'NONE', #1080 ) ;
#2945 = ORIENTED_EDGE ( 'NONE', *, *, #1383, .T. ) ;
#2946 = CARTESIAN_POINT ( 'NONE',  ( -10.00000000000000000, 0.000000000000000000, 0.000000000000000000 ) ) ;
#2947 = CARTESIAN_POINT ( 'NONE',  ( 3.000000000000000888, 3.572989937013127282, -25.75332489039042727 ) ) ;
#2948 = DIRECTION ( 'NONE',  ( -1.000000000000000000, -0.000000000000000000, -0.000000000000000000 ) ) ;
#2949 = DIRECTION ( 'NONE',  ( 0.000000000000000000, 0.000000000000000000, 1.000000000000000000 ) ) ;
#2950 = ORIENTED_EDGE ( 'NONE', *, *, #4230, .T. ) ;
#2951 = ORIENTED_EDGE ( 'NONE', *, *, #6817, .F. ) ;
#2952 = CARTESIAN_POINT ( 'NONE',  ( 0.000000000000000000, -21.01871904177727401, -11.05569766422859068 ) ) ;
#2953 = DIRECTION ( 'NONE',  ( -1.000000000000000000, -0.000000000000000000, 0.000000000000000000 ) ) ;
#2954 = PERSON_AND_ORGANIZATION ( #1044, #909 ) ;
#2955 = LOCAL_TIME ( 18, 30, 54.00000000000000000, #1856 ) ;
#2956 = DIRECTION ( 'NONE',  ( -1.000000000000000000, -0.000000000000000000, -0.000000000000000000 ) ) ;
#2957 = CARTESIAN_POINT ( 'NONE',  ( 0.000000000000000000, 3.572989937012757800, 25.75332489039047346 ) ) ;
#2958 = DIRECTION ( 'NONE',  ( 0.000000000000000000, 0.000000000000000000, 1.000000000000000000 ) ) ;
#2959 = EDGE_CURVE ( 'NONE', #3426, #2936, #6738, .T. ) ;
#2960 = ORIENTED_EDGE ( 'NONE', *, *, #3377, .F. ) ;
#2961 = EDGE_CURVE ( 'NONE', #2730, #6780, #7757, .T. ) ;
#2962 = CARTESIAN_POINT ( 'NONE',  ( 3.000000000000000888, 2.826494134736508901, 23.32165987963168874 ) ) ;
#2963 = VERTEX_POINT ( 'NONE', #6942 ) ;
#2964 = CARTESIAN_POINT ( 'NONE',  ( 0.000000000000000000, 12.35365805879608558, -20.28305040092201494 ) ) ;
#2965 = CARTESIAN_POINT ( 'NONE',  ( 0.000000000000000000, 0.000000000000000000, 0.000000000000000000 ) ) ;
#2966 = SHAPE_REPRESENTATION_RELATIONSHIP ( 'NONE' , 'NONE' ,  #6735, #4534 ) ;
#2967 = DIRECTION ( 'NONE',  ( -1.000000000000000000, 0.000000000000000000, 0.000000000000000000 ) ) ;
#2968 = CARTESIAN_POINT ( 'NONE',  ( -8.102705642371589079, 7.000000000000008882, -5.617728504603292095E-11 ) ) ;
#2969 = DIRECTION ( 'NONE',  ( 1.000000000000000000, 0.000000000000000000, 0.000000000000000000 ) ) ;
#2970 = ADVANCED_FACE ( 'NONE', ( #1127 ), #5739, .T. ) ;
#2971 = ORIENTED_EDGE ( 'NONE', *, *, #1566, .T. ) ;
#2972 = VERTEX_POINT ( 'NONE', #2450 ) ;
#2973 = CC_DESIGN_SECURITY_CLASSIFICATION ( #4087, ( #7114 ) ) ;
#2974 = ORIENTED_EDGE ( 'NONE', *, *, #6669, .T. ) ;
#2975 = CARTESIAN_POINT ( 'NONE',  ( 0.000000000000000000, -8.758419641788439236, -21.79860027646859066 ) ) ;
#2976 = CARTESIAN_POINT ( 'NONE',  ( -15.37268543417880196, 10.00000000000000888, -7.428415564771473356 ) ) ;
#2977 = CARTESIAN_POINT ( 'NONE',  ( 0.000000000000000000, 22.37893697895717438, 7.146472439377716590 ) ) ;
#2978 = DIRECTION ( 'NONE',  ( 0.000000000000000000, 0.7705132427757860336, 0.6374239897486935202 ) ) ;
#2979 = EDGE_CURVE ( 'NONE', #3971, #2367, #5103, .T. ) ;
#2980 = EDGE_CURVE ( 'NONE', #1086, #4059, #7112, .T. ) ;
#2981 = ORIENTED_EDGE ( 'NONE', *, *, #7242, .F. ) ;
#2982 = ORIENTED_EDGE ( 'NONE', *, *, #1467, .T. ) ;
#2983 = ORIENTED_EDGE ( 'NONE', *, *, #3701, .T. ) ;
#2984 = DIRECTION ( 'NONE',  ( 0.000000000000000000, -0.7705132427757817037, -0.6374239897486988493 ) ) ;
#2985 = FACE_OUTER_BOUND ( 'NONE', #6936, .T. ) ;
#2986 = DIRECTION ( 'NONE',  ( 0.000000000000000000, 0.000000000000000000, 1.000000000000000000 ) ) ;
#2987 = LINE ( 'NONE', #3113, #2456 ) ;
#2988 = ORIENTED_EDGE ( 'NONE', *, *, #92, .T. ) ;
#2989 = ORIENTED_EDGE ( 'NONE', *, *, #3232, .T. ) ;
#2990 = DIRECTION ( 'NONE',  ( 0.000000000000000000, 0.1253332335642974582, 0.9921147013144786531 ) ) ;
#2991 = LINE ( 'NONE', #6964, #2112 ) ;
#2992 = COORDINATED_UNIVERSAL_TIME_OFFSET ( 7, 0, .AHEAD. ) ;
#2993 = CARTESIAN_POINT ( 'NONE',  ( 0.000000000000000000, 1.054159027266251325, -23.72559271641560485 ) ) ;
#2994 = CYLINDRICAL_SURFACE ( 'NONE', #4949, 9.999999999999998224 ) ;
#2995 = DIRECTION ( 'NONE',  ( 0.000000000000000000, 1.000000000000000000, 0.000000000000000000 ) ) ;
#2996 = CIRCLE ( 'NONE', #7962, 23.74900000000000233 ) ;
#2997 = ORIENTED_EDGE ( 'NONE', *, *, #7496, .T. ) ;
#2998 = ORIENTED_EDGE ( 'NONE', *, *, #7340, .F. ) ;
#2999 = DIRECTION ( 'NONE',  ( 0.000000000000000000, 1.000000000000000000, 0.000000000000000000 ) ) ;
#3000 = EDGE_CURVE ( 'NONE', #4308, #5906, #1379, .T. ) ;
#3001 = ORIENTED_EDGE ( 'NONE', *, *, #2184, .F. ) ;
#3002 = CYLINDRICAL_SURFACE ( 'NONE', #2207, 9.999999999999998224 ) ;
#3003 = FACE_OUTER_BOUND ( 'NONE', #774, .T. ) ;
#3004 = AXIS2_PLACEMENT_3D ( 'NONE', #6362, #3196, #1185 ) ;
#3005 = CYLINDRICAL_SURFACE ( 'NONE', #1400, 23.74900000000000233 ) ;
#3006 = CARTESIAN_POINT ( 'NONE',  ( 3.000000000000000888, 1.927758584904378347, -23.67063049093385629 ) ) ;
#3007 = CARTESIAN_POINT ( 'NONE',  ( 3.000000000000000888, 23.74496687177445509, -0.4376634075792243395 ) ) ;
#3008 = ORIENTED_EDGE ( 'NONE', *, *, #677, .T. ) ;
#3009 = CIRCLE ( 'NONE', #8516, 10.00000000000000000 ) ;
#3010 = AXIS2_PLACEMENT_3D ( 'NONE', #1212, #5823, #612 ) ;
#3011 = EDGE_LOOP ( 'NONE', ( #4710, #6245, #2140, #2983 ) ) ;
#3012 = EDGE_CURVE ( 'NONE', #3101, #3089, #6435, .T. ) ;
#3013 = ORIENTED_EDGE ( 'NONE', *, *, #5921, .T. ) ;
#3014 = LINE ( 'NONE', #7675, #1847 ) ;
#3015 = CARTESIAN_POINT ( 'NONE',  ( 14.11953930602605212, 7.000000000000008882, -9.598928328060640780 ) ) ;
#3016 = DIRECTION ( 'NONE',  ( 0.000000000000000000, 0.000000000000000000, 1.000000000000000000 ) ) ;
#3017 = DIRECTION ( 'NONE',  ( 0.000000000000000000, 0.5877852522924743583, -0.8090169943749465631 ) ) ;
#3018 = EDGE_CURVE ( 'NONE', #1195, #374, #7431, .T. ) ;
#3019 = CIRCLE ( 'NONE', #5389, 9.999999999999998224 ) ;
#3020 = EDGE_LOOP ( 'NONE', ( #2366, #3435, #3513, #3903 ) ) ;
#3021 = DIRECTION ( 'NONE',  ( 0.000000000000000000, 0.000000000000000000, -1.000000000000000000 ) ) ;
#3022 = EDGE_CURVE ( 'NONE', #5857, #4595, #3704, .T. ) ;
#3023 = CIRCLE ( 'NONE', #3298, 10.00000000000000000 ) ;
#3024 = ORIENTED_EDGE ( 'NONE', *, *, #1133, .T. ) ;
#3025 = EDGE_CURVE ( 'NONE', #2810, #4678, #3395, .T. ) ;
#3026 = CIRCLE ( 'NONE', #434, 9.999999999999998224 ) ;
#3027 = DIRECTION ( 'NONE',  ( 0.000000000000000000, 0.000000000000000000, 1.000000000000000000 ) ) ;
#3028 = DIRECTION ( 'NONE',  ( -1.000000000000000000, 0.000000000000000000, 0.000000000000000000 ) ) ;
#3029 = DIRECTION ( 'NONE',  ( -0.9753086798203942642, 0.000000000000000000, -0.2208460528671493117 ) ) ;
#3030 = DIRECTION ( 'NONE',  ( -1.000000000000000000, 0.000000000000000000, 0.000000000000000000 ) ) ;
#3031 = CIRCLE ( 'NONE', #7853, 9.999999999999996447 ) ;
#3032 = VECTOR ( 'NONE', #7277, 1000.000000000000000 ) ;
#3033 = ORIENTED_EDGE ( 'NONE', *, *, #987, .F. ) ;
#3034 = ORIENTED_EDGE ( 'NONE', *, *, #1996, .F. ) ;
#3035 = EDGE_CURVE ( 'NONE', #4141, #7908, #7294, .T. ) ;
#3036 = CIRCLE ( 'NONE', #1672, 9.999999999999998224 ) ;
#3037 = DIRECTION ( 'NONE',  ( 0.000000000000000000, 0.000000000000000000, -1.000000000000000000 ) ) ;
#3038 = PERSON_AND_ORGANIZATION ( #1044, #909 ) ;
#3039 = CYLINDRICAL_SURFACE ( 'NONE', #2910, 26.00000000000000000 ) ;
#3040 = DIRECTION ( 'NONE',  ( -1.000000000000000000, 0.000000000000000000, 0.000000000000000000 ) ) ;
#3041 = DIRECTION ( 'NONE',  ( -1.000000000000000000, 0.000000000000000000, 0.000000000000000000 ) ) ;
#3042 = APPROVAL ( #2927, 'UNSPECIFIED' ) ;
#3043 = VECTOR ( 'NONE', #4665, 1000.000000000000000 ) ;
#3044 = VECTOR ( 'NONE', #3339, 1000.000000000000000 ) ;
#3045 = ORIENTED_EDGE ( 'NONE', *, *, #1144, .F. ) ;
#3046 = EDGE_LOOP ( 'NONE', ( #6962, #8303, #7144, #6124 ) ) ;
#3047 = LINE ( 'NONE', #4926, #6209 ) ;
#3048 = VERTEX_POINT ( 'NONE', #1378 ) ;
#3049 = DIRECTION ( 'NONE',  ( 0.000000000000000000, 0.000000000000000000, 1.000000000000000000 ) ) ;
#3050 = CARTESIAN_POINT ( 'NONE',  ( -1.061049529528109048, 10.00000000000000888, -17.46780392310058616 ) ) ;
#3051 = PERSON_AND_ORGANIZATION ( #1044, #909 ) ;
#3052 = VECTOR ( 'NONE', #873, 1000.000000000000000 ) ;
#3053 = DIRECTION ( 'NONE',  ( 0.000000000000000000, 0.000000000000000000, -1.000000000000000000 ) ) ;
#3054 = LINE ( 'NONE', #3097, #6606 ) ;
#3055 = AXIS2_PLACEMENT_3D ( 'NONE', #4094, #6715, #2189 ) ;
#3056 = LINE ( 'NONE', #7585, #7479 ) ;
#3057 = VERTEX_POINT ( 'NONE', #94 ) ;
#3058 = AXIS2_PLACEMENT_3D ( 'NONE', #1070, #7009, #3738 ) ;
#3059 = VECTOR ( 'NONE', #7526, 1000.000000000000000 ) ;
#3060 = ORIENTED_EDGE ( 'NONE', *, *, #354, .F. ) ;
#3061 = ORIENTED_EDGE ( 'NONE', *, *, #4888, .T. ) ;
#3062 = CARTESIAN_POINT ( 'NONE',  ( 0.000000000000000000, -21.78099992762139792, 14.19817038047355773 ) ) ;
#3063 = DIRECTION ( 'NONE',  ( -1.000000000000000000, -0.000000000000000000, -0.000000000000000000 ) ) ;
#3064 = FACE_OUTER_BOUND ( 'NONE', #8087, .T. ) ;
#3065 = CARTESIAN_POINT ( 'NONE',  ( 15.37268543422232270, 7.000000000000008882, 7.428415564691093209 ) ) ;
#3066 = CIRCLE ( 'NONE', #2931, 23.74900000000000233 ) ;
#3067 = AXIS2_PLACEMENT_3D ( 'NONE', #2049, #4685, #4033 ) ;
#3068 = EDGE_CURVE ( 'NONE', #1272, #6794, #6174, .T. ) ;
#3069 = EDGE_LOOP ( 'NONE', ( #2788, #8102, #8207, #5055 ) ) ;
#3070 = EDGE_CURVE ( 'NONE', #6643, #5662, #3288, .T. ) ;
#3071 = CARTESIAN_POINT ( 'NONE',  ( 0.000000000000000000, -6.158349177668387853, 25.26014123883535945 ) ) ;
#3072 = AXIS2_PLACEMENT_3D ( 'NONE', #5411, #8015, #5964 ) ;
#3073 = ORIENTED_EDGE ( 'NONE', *, *, #5769, .T. ) ;
#3074 = FACE_OUTER_BOUND ( 'NONE', #3868, .T. ) ;
#3075 = APPLICATION_CONTEXT ( 'configuration controlled 3d designs of mechanical parts and assemblies' ) ;
#3076 = CARTESIAN_POINT ( 'NONE',  ( 1.499999999999999556, -6.772563327703956304, 25.10243784918587551 ) ) ;
#3077 = CARTESIAN_POINT ( 'NONE',  ( 3.000000000000000888, -23.50287694562798180, -3.410245779803683597 ) ) ;
#3078 = EDGE_CURVE ( 'NONE', #5629, #4890, #4402, .T. ) ;
#3079 = EDGE_CURVE ( 'NONE', #217, #8401, #4689, .T. ) ;
#3080 = VECTOR ( 'NONE', #8231, 1000.000000000000000 ) ;
#3081 = VERTEX_POINT ( 'NONE', #7886 ) ;
#3082 = ORIENTED_EDGE ( 'NONE', *, *, #8292, .F. ) ;
#3083 = DIRECTION ( 'NONE',  ( 1.000000000000000000, -0.000000000000000000, -0.000000000000000000 ) ) ;
#3084 = FACE_OUTER_BOUND ( 'NONE', #5291, .T. ) ;
#3085 = CYLINDRICAL_SURFACE ( 'NONE', #6049, 23.74900000000000233 ) ;
#3086 = CARTESIAN_POINT ( 'NONE',  ( 0.000000000000000000, 4.879274292603387408, -23.24236828246080222 ) ) ;
#3087 = ADVANCED_FACE ( 'NONE', ( #7923 ), #2707, .T. ) ;
#3088 = ADVANCED_FACE ( 'NONE', ( #7152 ), #2623, .T. ) ;
#3089 = VERTEX_POINT ( 'NONE', #782 ) ;
#3090 = ORIENTED_EDGE ( 'NONE', *, *, #3284, .F. ) ;
#3091 = PRODUCT_RELATED_PRODUCT_CATEGORY ( 'detail', '', ( #3307 ) ) ;
#3092 = CARTESIAN_POINT ( 'NONE',  ( 3.000000000000000888, -5.957267827074244515, -22.72443285698079052 ) ) ;
#3093 = VERTEX_POINT ( 'NONE', #7240 ) ;
#3094 = CARTESIAN_POINT ( 'NONE',  ( 1.500000000000000444, 3.572989937012756023, 25.75332489039047346 ) ) ;
#3095 = CARTESIAN_POINT ( 'NONE',  ( 0.000000000000000000, 6.921355658526210597, 22.71805090337169730 ) ) ;
#3096 = DIRECTION ( 'NONE',  ( -1.000000000000000000, -0.000000000000000000, -0.000000000000000000 ) ) ;
#3097 = CARTESIAN_POINT ( 'NONE',  ( 1.500000000000000444, 6.772563327704132163, -25.10243784918582932 ) ) ;
#3098 = DIRECTION ( 'NONE',  ( -1.000000000000000000, 0.000000000000000000, 0.000000000000000000 ) ) ;
#3099 = VERTEX_POINT ( 'NONE', #128 ) ;
#3100 = ORIENTED_EDGE ( 'NONE', *, *, #6774, .T. ) ;
#3101 = VERTEX_POINT ( 'NONE', #2577 ) ;
#3102 = DIRECTION ( 'NONE',  ( 0.000000000000000000, -0.1253332335642905193, -0.9921147013144796523 ) ) ;
#3103 = DIRECTION ( 'NONE',  ( 1.000000000000000000, -0.000000000000000000, 0.000000000000000000 ) ) ;
#3104 = DIRECTION ( 'NONE',  ( -1.000000000000000000, 0.000000000000000000, 0.000000000000000000 ) ) ;
#3105 = FACE_OUTER_BOUND ( 'NONE', #7809, .T. ) ;
#3106 = ORIENTED_EDGE ( 'NONE', *, *, #2919, .F. ) ;
#3107 = CARTESIAN_POINT ( 'NONE',  ( 3.000000000000000888, -4.019451921852126297, 23.40638817177736541 ) ) ;
#3108 = VERTEX_POINT ( 'NONE', #5398 ) ;
#3109 = DIRECTION ( 'NONE',  ( 0.000000000000000000, 0.000000000000000000, 1.000000000000000000 ) ) ;
#3110 = ADVANCED_FACE ( 'NONE', ( #1901 ), #2672, .T. ) ;
#3111 = DIRECTION ( 'NONE',  ( -1.000000000000000000, -0.000000000000000000, 0.000000000000000000 ) ) ;
#3112 = EDGE_CURVE ( 'NONE', #4645, #7930, #6179, .T. ) ;
#3113 = CARTESIAN_POINT ( 'NONE',  ( -14.74895638488504801, 7.000000000000008882, -6.145609380897365526 ) ) ;
#3114 = ORIENTED_EDGE ( 'NONE', *, *, #4148, .T. ) ;
#3115 = ORIENTED_EDGE ( 'NONE', *, *, #7364, .F. ) ;
#3116 = ORIENTED_EDGE ( 'NONE', *, *, #8217, .F. ) ;
#3117 = EDGE_CURVE ( 'NONE', #559, #217, #2458, .T. ) ;
#3118 = CARTESIAN_POINT ( 'NONE',  ( 0.000000000000000000, 0.3170683606143233080, 25.99806661378298145 ) ) ;
#3119 = DIRECTION ( 'NONE',  ( 1.000000000000000000, 0.000000000000000000, 4.256270054397946562E-44 ) ) ;
#3120 = CARTESIAN_POINT ( 'NONE',  ( 0.000000000000000000, 21.20563999867581373, 10.10988233766755862 ) ) ;
#3121 = EDGE_CURVE ( 'NONE', #1086, #7287, #4242, .T. ) ;
#3122 = DIRECTION ( 'NONE',  ( 0.000000000000000000, 0.000000000000000000, 1.000000000000000000 ) ) ;
#3123 = VERTEX_POINT ( 'NONE', #3919 ) ;
#3124 = VERTEX_POINT ( 'NONE', #5274 ) ;
#3125 = CARTESIAN_POINT ( 'NONE',  ( 0.000000000000000000, 25.96667425510338489, 1.315989410805013415 ) ) ;
#3126 = ADVANCED_FACE ( 'NONE', ( #4658 ), #6556, .F. ) ;
#3127 = ORIENTED_EDGE ( 'NONE', *, *, #669, .F. ) ;
#3128 = EDGE_CURVE ( 'NONE', #2367, #4645, #5501, .T. ) ;
#3129 = FACE_OUTER_BOUND ( 'NONE', #3226, .T. ) ;
#3130 = DIRECTION ( 'NONE',  ( -1.000000000000000000, 0.000000000000000000, 0.000000000000000000 ) ) ;
#3131 = PERSON_AND_ORGANIZATION_ROLE ( 'design_supplier' ) ;
#3132 = CYLINDRICAL_SURFACE ( 'NONE', #718, 26.00000000000000000 ) ;
#3133 = DIRECTION ( 'NONE',  ( -1.000000000000000000, 0.000000000000000000, 0.000000000000000000 ) ) ;
#3134 = DIRECTION ( 'NONE',  ( -1.000000000000000000, 0.000000000000000000, 0.000000000000000000 ) ) ;
#3135 = AXIS2_PLACEMENT_3D ( 'NONE', #1042, #4358, #2374 ) ;
#3136 = VERTEX_POINT ( 'NONE', #4883 ) ;
#3137 = ORIENTED_EDGE ( 'NONE', *, *, #98, .F. ) ;
#3138 = CIRCLE ( 'NONE', #4674, 10.00000000000000000 ) ;
#3139 = ORIENTED_EDGE ( 'NONE', *, *, #7365, .T. ) ;
#3140 = VECTOR ( 'NONE', #5735, 1000.000000000000000 ) ;
#3141 = DIRECTION ( 'NONE',  ( 0.000000000000000000, 0.000000000000000000, 1.000000000000000000 ) ) ;
#3142 = CARTESIAN_POINT ( 'NONE',  ( 12.69673203802745931, 7.000000000000008882, -9.700166218278072350 ) ) ;
#3143 = PLANE ( 'NONE',  #7325 ) ;
#3144 = DIRECTION ( 'NONE',  ( 0.000000000000000000, 0.000000000000000000, 1.000000000000000000 ) ) ;
#3145 = VECTOR ( 'NONE', #2398, 1000.000000000000000 ) ;
#3146 = AXIS2_PLACEMENT_3D ( 'NONE', #7571, #1797, #4427 ) ;
#3147 = VERTEX_POINT ( 'NONE', #6252 ) ;
#3148 = FACE_OUTER_BOUND ( 'NONE', #6864, .T. ) ;
#3149 = ORIENTED_EDGE ( 'NONE', *, *, #6961, .F. ) ;
#3150 = CARTESIAN_POINT ( 'NONE',  ( 3.000000000000000888, -8.758419641788439236, -21.79860027646859066 ) ) ;
#3151 = AXIS2_PLACEMENT_3D ( 'NONE', #8273, #7637, #2334 ) ;
#3152 = CARTESIAN_POINT ( 'NONE',  ( 3.000000000000000888, -15.53779383581442630, -20.84650960510481355 ) ) ;
#3153 = DIRECTION ( 'NONE',  ( -1.000000000000000000, 0.000000000000000000, 0.000000000000000000 ) ) ;
#3154 = DIRECTION ( 'NONE',  ( 0.000000000000000000, 1.000000000000000000, 0.000000000000000000 ) ) ;
#3155 = EDGE_CURVE ( 'NONE', #8413, #5494, #403, .T. ) ;
#3156 = CIRCLE ( 'NONE', #5246, 10.00000000000000000 ) ;
#3157 = ORIENTED_EDGE ( 'NONE', *, *, #7356, .T. ) ;
#3158 = EDGE_LOOP ( 'NONE', ( #311, #2733, #4636, #6255 ) ) ;
#3159 = DIRECTION ( 'NONE',  ( 0.000000000000000000, 0.000000000000000000, 1.000000000000000000 ) ) ;
#3160 = CIRCLE ( 'NONE', #431, 26.00000000000000000 ) ;
#3161 = DIRECTION ( 'NONE',  ( -1.000000000000000000, -0.000000000000000000, -0.000000000000000000 ) ) ;
#3162 = FACE_OUTER_BOUND ( 'NONE', #5321, .T. ) ;
#3163 = AXIS2_PLACEMENT_3D ( 'NONE', #7973, #5330, #4669 ) ;
#3164 = DIRECTION ( 'NONE',  ( 0.000000000000000000, 0.000000000000000000, 1.000000000000000000 ) ) ;
#3165 = EDGE_CURVE ( 'NONE', #3420, #2532, #8173, .T. ) ;
#3166 = ORIENTED_EDGE ( 'NONE', *, *, #5613, .F. ) ;
#3167 = CIRCLE ( 'NONE', #4851, 10.00000000000000000 ) ;
#3168 = ORIENTED_EDGE ( 'NONE', *, *, #2587, .T. ) ;
#3169 = AXIS2_PLACEMENT_3D ( 'NONE', #4006, #6639, #3826 ) ;
#3170 = ADVANCED_FACE ( 'NONE', ( #3604 ), #1469, .T. ) ;
#3171 = CARTESIAN_POINT ( 'NONE',  ( 3.000000000000000888, 0.000000000000000000, 0.000000000000000000 ) ) ;
#3172 = VERTEX_POINT ( 'NONE', #2957 ) ;
#3173 = DIRECTION ( 'NONE',  ( 0.000000000000000000, 0.1253332335642974582, 0.9921147013144786531 ) ) ;
#3174 = CARTESIAN_POINT ( 'NONE',  ( 3.000000000000000888, 8.758419641788600885, 21.79860027646852672 ) ) ;
#3175 = PERSON_AND_ORGANIZATION ( #1044, #909 ) ;
#3176 = CARTESIAN_POINT ( 'NONE',  ( 0.000000000000000000, 0.000000000000000000, 0.000000000000000000 ) ) ;
#3177 = CARTESIAN_POINT ( 'NONE',  ( 0.000000000000000000, -22.89013261011090350, 6.329046538898065677 ) ) ;
#3178 = CARTESIAN_POINT ( 'NONE',  ( 3.000000000000000888, -11.21328339503254590, -20.64342907894929624 ) ) ;
#3179 = AXIS2_PLACEMENT_3D ( 'NONE', #3150, #4542, #7171 ) ;
#3180 = EDGE_CURVE ( 'NONE', #7909, #3812, #5226, .T. ) ;
#3181 = EDGE_CURVE ( 'NONE', #211, #5581, #8367, .T. ) ;
#3182 = VERTEX_POINT ( 'NONE', #6806 ) ;
#3183 = DIRECTION ( 'NONE',  ( -1.000000000000000000, 0.000000000000000000, 0.000000000000000000 ) ) ;
#3184 = CIRCLE ( 'NONE', #4575, 26.00000000000000000 ) ;
#3185 = EDGE_LOOP ( 'NONE', ( #6708, #7443, #3822, #4815 ) ) ;
#3186 = VECTOR ( 'NONE', #1328, 1000.000000000000000 ) ;
#3187 = LINE ( 'NONE', #703, #8459 ) ;
#3188 = CARTESIAN_POINT ( 'NONE',  ( 0.000000000000000000, 0.000000000000000000, 0.000000000000000000 ) ) ;
#3189 = DIRECTION ( 'NONE',  ( -1.000000000000000000, 0.000000000000000000, -0.000000000000000000 ) ) ;
#3190 = CARTESIAN_POINT ( 'NONE',  ( 3.000000000000000888, 0.000000000000000000, 0.000000000000000000 ) ) ;
#3191 = CARTESIAN_POINT ( 'NONE',  ( -14.11953930602272145, 7.000000000000008882, -9.598928328047540148 ) ) ;
#3192 = CIRCLE ( 'NONE', #6644, 26.00000000000000000 ) ;
#3193 = AXIS2_PLACEMENT_3D ( 'NONE', #2538, #564, #5349 ) ;
#3194 = ADVANCED_FACE ( 'NONE', ( #2114 ), #4216, .T. ) ;
#3195 = ORIENTED_EDGE ( 'NONE', *, *, #4614, .F. ) ;
#3196 = DIRECTION ( 'NONE',  ( 1.000000000000000000, 0.000000000000000000, 0.000000000000000000 ) ) ;
#3197 = ORIENTED_EDGE ( 'NONE', *, *, #8066, .T. ) ;
#3198 = CARTESIAN_POINT ( 'NONE',  ( 2.052224346939968136, 7.000000000000008882, 15.84577559900801624 ) ) ;
#3199 = CC_DESIGN_PERSON_AND_ORGANIZATION_ASSIGNMENT ( #6840, #1750, ( #2145 ) ) ;
#3200 = CIRCLE ( 'NONE', #192, 23.74899999999999878 ) ;
#3201 = DIRECTION ( 'NONE',  ( 0.000000000000000000, -6.982962677686266711E-15, 1.000000000000000000 ) ) ;
#3202 = CIRCLE ( 'NONE', #8293, 26.00000000000000000 ) ;
#3203 = FACE_OUTER_BOUND ( 'NONE', #7103, .T. ) ;
#3204 = CARTESIAN_POINT ( 'NONE',  ( 3.000000000000000888, 0.000000000000000000, 0.000000000000000000 ) ) ;
#3205 = AXIS2_PLACEMENT_3D ( 'NONE', #2695, #7741, #551 ) ;
#3206 = ORIENTED_EDGE ( 'NONE', *, *, #7285, .F. ) ;
#3207 = EDGE_LOOP ( 'NONE', ( #7514, #582, #7788, #483 ) ) ;
#3208 = FACE_OUTER_BOUND ( 'NONE', #3811, .T. ) ;
#3209 = AXIS2_PLACEMENT_3D ( 'NONE', #5236, #3318, #7292 ) ;
#3210 = CARTESIAN_POINT ( 'NONE',  ( 2.052224346939968136, 7.000000000000008882, 15.84577559900801624 ) ) ;
#3211 = DIRECTION ( 'NONE',  ( 0.000000000000000000, 0.000000000000000000, 1.000000000000000000 ) ) ;
#3212 = LINE ( 'NONE', #3994, #3536 ) ;
#3213 = ORIENTED_EDGE ( 'NONE', *, *, #6425, .T. ) ;
#3214 = VERTEX_POINT ( 'NONE', #6842 ) ;
#3215 = VECTOR ( 'NONE', #317, 1000.000000000000000 ) ;
#3216 = CARTESIAN_POINT ( 'NONE',  ( -14.74895638488504801, 10.00000000000000888, -6.145609380897365526 ) ) ;
#3217 = ORIENTED_EDGE ( 'NONE', *, *, #3018, .F. ) ;
#3218 = CARTESIAN_POINT ( 'NONE',  ( 1.500000000000000444, -15.02476645158338719, 21.21924581778000629 ) ) ;
#3219 = DIRECTION ( 'NONE',  ( -1.000000000000000000, 0.000000000000000000, 0.000000000000000000 ) ) ;
#3220 = PERSON_AND_ORGANIZATION ( #1044, #909 ) ;
#3221 = EDGE_CURVE ( 'NONE', #195, #8023, #1365, .T. ) ;
#3222 = DIRECTION ( 'NONE',  ( -1.000000000000000000, -0.000000000000000000, -0.000000000000000000 ) ) ;
#3223 = CARTESIAN_POINT ( 'NONE',  ( 0.000000000000000000, 0.000000000000000000, 0.000000000000000000 ) ) ;
#3224 = CARTESIAN_POINT ( 'NONE',  ( 0.000000000000000000, 11.21328339503270222, 20.64342907894922163 ) ) ;
#3225 = EDGE_CURVE ( 'NONE', #5466, #7904, #6457, .T. ) ;
#3226 = EDGE_LOOP ( 'NONE', ( #146, #804, #1282, #8099 ) ) ;
#3227 = LINE ( 'NONE', #5869, #2344 ) ;
#3228 = ORIENTED_EDGE ( 'NONE', *, *, #254, .F. ) ;
#3229 = DIRECTION ( 'NONE',  ( -1.000000000000000000, 0.000000000000000000, -0.000000000000000000 ) ) ;
#3230 = CARTESIAN_POINT ( 'NONE',  ( 3.000000000000000888, 0.000000000000000000, 0.000000000000000000 ) ) ;
#3231 = CARTESIAN_POINT ( 'NONE',  ( 3.000000000000000888, -21.91639720942990621, 9.148034453285214695 ) ) ;
#3232 = EDGE_CURVE ( 'NONE', #184, #1431, #679, .T. ) ;
#3233 = CARTESIAN_POINT ( 'NONE',  ( 14.74895638493967098, 10.00000000000000888, -6.145609380895367124 ) ) ;
#3234 = CARTESIAN_POINT ( 'NONE',  ( 3.000000000000000888, 13.09272093277482263, 19.81402683899666783 ) ) ;
#3235 = APPROVAL_PERSON_ORGANIZATION ( #4439, #5894, #522 ) ;
#3236 = VERTEX_POINT ( 'NONE', #4796 ) ;
#3237 = CARTESIAN_POINT ( 'NONE',  ( 12.69673203802779149, 10.00000000000000888, 9.700166218167050047 ) ) ;
#3238 = ORIENTED_EDGE ( 'NONE', *, *, #5878, .F. ) ;
#3239 = CYLINDRICAL_SURFACE ( 'NONE', #2775, 23.74900000000000233 ) ;
#3240 = EDGE_CURVE ( 'NONE', #7740, #743, #3138, .T. ) ;
#3241 = CARTESIAN_POINT ( 'NONE',  ( 3.000000000000000888, -8.537555587897202258, -21.88604654154073970 ) ) ;
#3242 = EDGE_CURVE ( 'NONE', #8109, #4767, #4923, .T. ) ;
#3243 = DIRECTION ( 'NONE',  ( 0.000000000000000000, 0.000000000000000000, 1.000000000000000000 ) ) ;
#3244 = CARTESIAN_POINT ( 'NONE',  ( -1.541888672368153745, 7.000000000000008882, -16.91572086605293279 ) ) ;
#3245 = ORIENTED_EDGE ( 'NONE', *, *, #7310, .F. ) ;
#3246 = ORIENTED_EDGE ( 'NONE', *, *, #2251, .T. ) ;
#3247 = CARTESIAN_POINT ( 'NONE',  ( 3.000000000000000888, -3.062166340028115830, 23.29188755642017838 ) ) ;
#3248 = LINE ( 'NONE', #6582, #3597 ) ;
#3249 = DIRECTION ( 'NONE',  ( -1.000000000000000000, -0.000000000000000000, 0.000000000000000000 ) ) ;
#3250 = CARTESIAN_POINT ( 'NONE',  ( 0.000000000000000000, 0.000000000000000000, 0.000000000000000000 ) ) ;
#3251 = ORIENTED_EDGE ( 'NONE', *, *, #5208, .F. ) ;
#3252 = ORIENTED_EDGE ( 'NONE', *, *, #6873, .T. ) ;
#3253 = AXIS2_PLACEMENT_3D ( 'NONE', #7229, #5810, #729 ) ;
#3254 = DIRECTION ( 'NONE',  ( -1.000000000000000000, -0.000000000000000000, -0.000000000000000000 ) ) ;
#3255 = DIRECTION ( 'NONE',  ( 0.000000000000000000, 0.000000000000000000, 1.000000000000000000 ) ) ;
#3256 = CARTESIAN_POINT ( 'NONE',  ( 3.000000000000000888, -21.20563999867574623, -10.10988233766770605 ) ) ;
#3257 = DATE_AND_TIME ( #6553, #2955 ) ;
#3258 = LINE ( 'NONE', #5273, #1130 ) ;
#3259 = CARTESIAN_POINT ( 'NONE',  ( 3.000000000000000888, 0.000000000000000000, 0.000000000000000000 ) ) ;
#3260 = CARTESIAN_POINT ( 'NONE',  ( -10.00000000000000000, 0.000000000000000000, 0.000000000000000000 ) ) ;
#3261 = VERTEX_POINT ( 'NONE', #8131 ) ;
#3262 = EDGE_CURVE ( 'NONE', #5116, #237, #4113, .T. ) ;
#3263 = DIRECTION ( 'NONE',  ( 0.000000000000000000, 0.2486898871648553500, -0.9685831611286309650 ) ) ;
#3264 = ORIENTED_EDGE ( 'NONE', *, *, #920, .T. ) ;
#3265 = DIRECTION ( 'NONE',  ( 0.000000000000000000, 0.000000000000000000, 1.000000000000000000 ) ) ;
#3266 = LINE ( 'NONE', #5913, #2101 ) ;
#3267 = CARTESIAN_POINT ( 'NONE',  ( 0.000000000000000000, 0.000000000000000000, 0.000000000000000000 ) ) ;
#3268 = AXIS2_PLACEMENT_3D ( 'NONE', #5352, #1428, #2747 ) ;
#3269 = CARTESIAN_POINT ( 'NONE',  ( 0.000000000000000000, 0.000000000000000000, 0.000000000000000000 ) ) ;
#3270 = DIRECTION ( 'NONE',  ( 0.000000000000000000, 0.000000000000000000, 1.000000000000000000 ) ) ;
#3271 = ORIENTED_EDGE ( 'NONE', *, *, #3221, .F. ) ;
#3272 = EDGE_CURVE ( 'NONE', #8104, #2168, #1626, .T. ) ;
#3273 = AXIS2_PLACEMENT_3D ( 'NONE', #7881, #1989, #3173 ) ;
#3274 = ORIENTED_EDGE ( 'NONE', *, *, #5465, .F. ) ;
#3275 = DIRECTION ( 'NONE',  ( -1.000000000000000000, 0.000000000000000000, -0.000000000000000000 ) ) ;
#3276 = ORIENTED_EDGE ( 'NONE', *, *, #5768, .F. ) ;
#3277 = CARTESIAN_POINT ( 'NONE',  ( 0.000000000000000000, 0.000000000000000000, 0.000000000000000000 ) ) ;
#3278 = EDGE_CURVE ( 'NONE', #3784, #6821, #954, .T. ) ;
#3279 = LINE ( 'NONE', #4731, #1250 ) ;
#3280 = AXIS2_PLACEMENT_3D ( 'NONE', #3379, #5431, #6018 ) ;
#3281 = AXIS2_PLACEMENT_3D ( 'NONE', #5969, #4540, #4727 ) ;
#3282 = CYLINDRICAL_SURFACE ( 'NONE', #5966, 9.999999999999998224 ) ;
#3283 = EDGE_CURVE ( 'NONE', #6172, #7740, #7547, .T. ) ;
#3284 = EDGE_CURVE ( 'NONE', #113, #575, #6120, .T. ) ;
#3285 = ORIENTED_EDGE ( 'NONE', *, *, #2935, .T. ) ;
#3286 = VECTOR ( 'NONE', #4405, 1000.000000000000114 ) ;
#3287 = EDGE_LOOP ( 'NONE', ( #7426, #7063, #3553, #3883 ) ) ;
#3288 = CIRCLE ( 'NONE', #8107, 10.00000000000000000 ) ;
#3289 = DIRECTION ( 'NONE',  ( -0.000000000000000000, -1.000000000000000000, -0.000000000000000000 ) ) ;
#3290 = DIRECTION ( 'NONE',  ( 1.000000000000000000, -0.000000000000000000, -0.000000000000000000 ) ) ;
#3291 = DIRECTION ( 'NONE',  ( -1.000000000000000000, 0.000000000000000000, 0.000000000000000000 ) ) ;
#3292 = CARTESIAN_POINT ( 'NONE',  ( 1.499999999999999556, 25.92685648092481898, 1.948874808069251952 ) ) ;
#3293 = AXIS2_PLACEMENT_3D ( 'NONE', #3537, #6177, #2136 ) ;
#3294 = AXIS2_PLACEMENT_3D ( 'NONE', #7999, #7447, #2789 ) ;
#3295 = ORIENTED_EDGE ( 'NONE', *, *, #7242, .T. ) ;
#3296 = ORIENTED_EDGE ( 'NONE', *, *, #4125, .T. ) ;
#3297 = CARTESIAN_POINT ( 'NONE',  ( -4.051352821171860796, 10.00000000000000888, 7.017148925649419056 ) ) ;
#3298 = AXIS2_PLACEMENT_3D ( 'NONE', #2119, #4759, #3401 ) ;
#3299 = AXIS2_PLACEMENT_3D ( 'NONE', #6771, #6215, #2759 ) ;
#3300 = CARTESIAN_POINT ( 'NONE',  ( 3.000000000000000888, 0.000000000000000000, 0.000000000000000000 ) ) ;
#3301 = DIRECTION ( 'NONE',  ( 0.000000000000000000, 0.000000000000000000, 1.000000000000000000 ) ) ;
#3302 = APPROVAL_DATE_TIME ( #7149, #3944 ) ;
#3303 = CARTESIAN_POINT ( 'NONE',  ( -10.00000000000000000, 0.000000000000000000, 0.000000000000000000 ) ) ;
#3304 = DIRECTION ( 'NONE',  ( 0.000000000000000000, 0.3681245526846787519, -0.9297764858882510142 ) ) ;
#3305 = CARTESIAN_POINT ( 'NONE',  ( 0.000000000000000000, -23.65875512592465668, 10.78254635471295941 ) ) ;
#3306 = AXIS2_PLACEMENT_3D ( 'NONE', #7721, #3709, #3016 ) ;
#3307 = PRODUCT ( 'spur gear_am_Metric - Spur gear 1M 50T 20PA 3FW ---S50N75H50L3N', 'spur gear_am_Metric - Spur gear 1M 50T 20PA 3FW ---S50N75H50L3N', '', ( #171 ) ) ;
#3308 = CIRCLE ( 'NONE', #8124, 23.74900000000000233 ) ;
#3309 = AXIS2_PLACEMENT_3D ( 'NONE', #7197, #8444, #5351 ) ;
#3310 = ORIENTED_EDGE ( 'NONE', *, *, #4543, .T. ) ;
#3311 = DIRECTION ( 'NONE',  ( -0.000000000000000000, 1.000000000000000000, -0.000000000000000000 ) ) ;
#3312 = VERTEX_POINT ( 'NONE', #1551 ) ;
#3313 = CARTESIAN_POINT ( 'NONE',  ( 3.000000000000000888, 5.727185429052385146, 22.78350797608155887 ) ) ;
#3314 = DIRECTION ( 'NONE',  ( -1.000000000000000000, 0.000000000000000000, 0.000000000000000000 ) ) ;
#3315 = DIRECTION ( 'NONE',  ( -1.000000000000000000, -0.000000000000000000, -0.000000000000000000 ) ) ;
#3316 = CIRCLE ( 'NONE', #5265, 26.00000000000000000 ) ;
#3317 = CARTESIAN_POINT ( 'NONE',  ( 3.000000000000000888, 0.000000000000000000, 0.000000000000000000 ) ) ;
#3318 = DIRECTION ( 'NONE',  ( -1.000000000000000000, 0.000000000000000000, -0.000000000000000000 ) ) ;
#3319 = ORIENTED_EDGE ( 'NONE', *, *, #8302, .F. ) ;
#3320 = AXIS2_PLACEMENT_3D ( 'NONE', #2977, #2336, #4979 ) ;
#3321 = AXIS2_PLACEMENT_3D ( 'NONE', #3188, #3063, #494 ) ;
#3322 = VECTOR ( 'NONE', #4922, 1000.000000000000000 ) ;
#3323 = ORIENTED_EDGE ( 'NONE', *, *, #6448, .F. ) ;
#3324 = DIRECTION ( 'NONE',  ( -1.000000000000000000, 0.000000000000000000, 0.000000000000000000 ) ) ;
#3325 = EDGE_LOOP ( 'NONE', ( #848, #5179, #6596, #3544 ) ) ;
#3326 = CARTESIAN_POINT ( 'NONE',  ( 3.000000000000000888, 24.62765115230543955, -8.335394335023911694 ) ) ;
#3327 = CARTESIAN_POINT ( 'NONE',  ( -10.00000000000000000, 0.000000000000000000, 0.000000000000000000 ) ) ;
#3328 = ADVANCED_FACE ( 'NONE', ( #1590 ), #261, .T. ) ;
#3329 = AXIS2_PLACEMENT_3D ( 'NONE', #360, #521, #6432 ) ;
#3330 = FACE_OUTER_BOUND ( 'NONE', #5999, .T. ) ;
#3331 = EDGE_CURVE ( 'NONE', #205, #5888, #2996, .T. ) ;
#3332 = ORIENTED_EDGE ( 'NONE', *, *, #154, .F. ) ;
#3333 = CIRCLE ( 'NONE', #7745, 9.999999999999998224 ) ;
#3334 = ORIENTED_EDGE ( 'NONE', *, *, #7671, .F. ) ;
#3335 = VECTOR ( 'NONE', #1602, 1000.000000000000000 ) ;
#3336 = DIRECTION ( 'NONE',  ( 0.000000000000000000, -0.4817536741017036661, -0.8763066800438700232 ) ) ;
#3337 = CARTESIAN_POINT ( 'NONE',  ( 3.000000000000000888, 0.000000000000000000, 0.000000000000000000 ) ) ;
#3338 = EDGE_CURVE ( 'NONE', #8383, #8123, #3685, .T. ) ;
#3339 = DIRECTION ( 'NONE',  ( -1.000000000000000000, 0.000000000000000000, -0.000000000000000000 ) ) ;
#3340 = EDGE_CURVE ( 'NONE', #7904, #5466, #4249, .T. ) ;
#3341 = DIRECTION ( 'NONE',  ( 0.000000000000000000, -0.8443279255020199603, 0.5358267949789886631 ) ) ;
#3342 = AXIS2_PLACEMENT_3D ( 'NONE', #4042, #1538, #1414 ) ;
#3343 = CIRCLE ( 'NONE', #7621, 26.00000000000000000 ) ;
#3344 = ORIENTED_EDGE ( 'NONE', *, *, #7983, .F. ) ;
#3345 = ORIENTED_EDGE ( 'NONE', *, *, #2086, .F. ) ;
#3346 = AXIS2_PLACEMENT_3D ( 'NONE', #6148, #5433, #4823 ) ;
#3347 = CIRCLE ( 'NONE', #6403, 23.74900000000000588 ) ;
#3348 = CARTESIAN_POINT ( 'NONE',  ( 3.000000000000000888, 0.000000000000000000, 0.000000000000000000 ) ) ;
#3349 = DIRECTION ( 'NONE',  ( -1.000000000000000000, 0.000000000000000000, -0.000000000000000000 ) ) ;
#3350 = PERSON_AND_ORGANIZATION_ROLE ( 'creator' ) ;
#3351 = EDGE_CURVE ( 'NONE', #2369, #6562, #5085, .T. ) ;
#3352 = DIRECTION ( 'NONE',  ( 0.000000000000000000, 0.000000000000000000, 1.000000000000000000 ) ) ;
#3353 = DIRECTION ( 'NONE',  ( -1.000000000000000000, 0.000000000000000000, 0.000000000000000000 ) ) ;
#3354 = EDGE_CURVE ( 'NONE', #3971, #1927, #3781, .T. ) ;
#3355 = CARTESIAN_POINT ( 'NONE',  ( 0.000000000000000000, 5.957267827074408828, 22.72443285698074789 ) ) ;
#3356 = AXIS2_PLACEMENT_3D ( 'NONE', #8092, #6127, #2201 ) ;
#3357 = AXIS2_PLACEMENT_3D ( 'NONE', #6212, #5534, #1561 ) ;
#3358 = ORIENTED_EDGE ( 'NONE', *, *, #3863, .F. ) ;
#3359 = APPROVAL ( #2275, 'UNKNOWN' ) ;
#3360 = DIRECTION ( 'NONE',  ( 0.000000000000000000, 0.000000000000000000, 1.000000000000000000 ) ) ;
#3361 = ORIENTED_EDGE ( 'NONE', *, *, #1502, .T. ) ;
#3362 = DIRECTION ( 'NONE',  ( 0.000000000000000000, 0.000000000000000000, -1.000000000000000000 ) ) ;
#3363 = DIRECTION ( 'NONE',  ( -1.000000000000000000, 0.000000000000000000, -0.000000000000000000 ) ) ;
#3364 = CARTESIAN_POINT ( 'NONE',  ( 0.000000000000000000, 0.000000000000000000, 0.000000000000000000 ) ) ;
#3365 = DIRECTION ( 'NONE',  ( 0.000000000000000000, 0.000000000000000000, 1.000000000000000000 ) ) ;
#3366 = DIRECTION ( 'NONE',  ( 0.000000000000000000, 0.000000000000000000, 1.000000000000000000 ) ) ;
#3367 = EDGE_LOOP ( 'NONE', ( #4527, #5627, #6875, #72 ) ) ;
#3368 = ORIENTED_EDGE ( 'NONE', *, *, #5473, .T. ) ;
#3369 = CARTESIAN_POINT ( 'NONE',  ( 1.500000000000000444, -25.47815669208875988, 5.183004107018707174 ) ) ;
#3370 = ORIENTED_EDGE ( 'NONE', *, *, #5941, .T. ) ;
#3371 = DIRECTION ( 'NONE',  ( 1.000000000000000000, 0.000000000000000000, -0.000000000000000000 ) ) ;
#3372 = LOCAL_TIME ( 18, 30, 54.00000000000000000, #2111 ) ;
#3373 = DIRECTION ( 'NONE',  ( 0.000000000000000000, -6.938893903907230744E-15, 1.000000000000000000 ) ) ;
#3374 = DIRECTION ( 'NONE',  ( -1.000000000000000000, -0.000000000000000000, 0.000000000000000000 ) ) ;
#3375 = AXIS2_PLACEMENT_3D ( 'NONE', #6442, #3315, #1308 ) ;
#3376 = ORIENTED_EDGE ( 'NONE', *, *, #5084, .T. ) ;
#3377 = EDGE_CURVE ( 'NONE', #2257, #2408, #7953, .T. ) ;
#3378 = ORIENTED_EDGE ( 'NONE', *, *, #1246, .T. ) ;
#3379 = CARTESIAN_POINT ( 'NONE',  ( 3.000000000000000888, 21.20563999867581373, -10.10988233766756039 ) ) ;
#3380 = EDGE_LOOP ( 'NONE', ( #3688, #7644, #7146, #4068 ) ) ;
#3381 = DIRECTION ( 'NONE',  ( 0.000000000000000000, 0.000000000000000000, 1.000000000000000000 ) ) ;
#3382 = ADVANCED_FACE ( 'NONE', ( #433 ), #2994, .T. ) ;
#3383 = LINE ( 'NONE', #6149, #4865 ) ;
#3384 = B_SPLINE_CURVE_WITH_KNOTS ( 'NONE', 2,
 ( #2841, #5488, #6848, #8090, #7379 ),
 .UNSPECIFIED., .F., .F.,
 ( 3, 1, 1, 3 ),
 ( 0.002399098765545784433, 0.3755997746914068181, 0.6244002253086475829, 0.9976009012345085081 ),
 .UNSPECIFIED. ) ;
#3385 = DIRECTION ( 'NONE',  ( -1.000000000000000000, -0.000000000000000000, 0.000000000000000000 ) ) ;
#3386 = ORIENTED_EDGE ( 'NONE', *, *, #7880, .T. ) ;
#3387 = EDGE_CURVE ( 'NONE', #2754, #123, #3687, .T. ) ;
#3388 = LOCAL_TIME ( 18, 30, 54.00000000000000000, #941 ) ;
#3389 = ORIENTED_EDGE ( 'NONE', *, *, #4463, .F. ) ;
#3390 = CARTESIAN_POINT ( 'NONE',  ( 3.000000000000000888, -8.537555587897518450, 21.88604654154061535 ) ) ;
#3391 = CARTESIAN_POINT ( 'NONE',  ( 3.000000000000000888, 18.95282963369271556, -14.31101847794975690 ) ) ;
#3392 = DATE_TIME_ROLE ( 'creation_date' ) ;
#3393 = EDGE_CURVE ( 'NONE', #2918, #8060, #7134, .T. ) ;
#3394 = CARTESIAN_POINT ( 'NONE',  ( 3.000000000000000888, -3.062166340028115830, 23.29188755642017838 ) ) ;
#3395 = LINE ( 'NONE', #5866, #8 ) ;
#3396 = DIRECTION ( 'NONE',  ( -1.000000000000000000, 0.000000000000000000, -0.000000000000000000 ) ) ;
#3397 = ORIENTED_EDGE ( 'NONE', *, *, #1522, .F. ) ;
#3398 = AXIS2_PLACEMENT_3D ( 'NONE', #7140, #3861, #1933 ) ;
#3399 = EDGE_CURVE ( 'NONE', #3642, #3048, #8511, .T. ) ;
#3400 = EDGE_CURVE ( 'NONE', #1924, #2204, #4526, .T. ) ;
#3401 = DIRECTION ( 'NONE',  ( 0.000000000000000000, -0.9822872507286903865, 0.1873813145857151086 ) ) ;
#3402 = ORIENTED_EDGE ( 'NONE', *, *, #990, .F. ) ;
#3403 = DIRECTION ( 'NONE',  ( 0.000000000000000000, 0.000000000000000000, 1.000000000000000000 ) ) ;
#3404 = DIRECTION ( 'NONE',  ( 0.000000000000000000, -0.9822872507286866117, -0.1873813145857356199 ) ) ;
#3405 = DIRECTION ( 'NONE',  ( 0.000000000000000000, -0.3681245526846653182, -0.9297764858882563432 ) ) ;
#3406 = LINE ( 'NONE', #1440, #5843 ) ;
#3407 = AXIS2_PLACEMENT_3D ( 'NONE', #4649, #2531, #2610 ) ;
#3408 = ORIENTED_EDGE ( 'NONE', *, *, #1923, .F. ) ;
#3409 = ORIENTED_EDGE ( 'NONE', *, *, #4543, .F. ) ;
#3410 = ORIENTED_EDGE ( 'NONE', *, *, #316, .F. ) ;
#3411 = LINE ( 'NONE', #8461, #6194 ) ;
#3412 = ORIENTED_EDGE ( 'NONE', *, *, #4292, .T. ) ;
#3413 = CARTESIAN_POINT ( 'NONE',  ( -14.11953930603304741, 7.000000000000008882, 9.598928328002465094 ) ) ;
#3414 = DIRECTION ( 'NONE',  ( 0.000000000000000000, 0.3681245526846788074, -0.9297764858882511252 ) ) ;
#3415 = AXIS2_PLACEMENT_3D ( 'NONE', #7696, #387, #5604 ) ;
#3416 = ORIENTED_EDGE ( 'NONE', *, *, #7509, .F. ) ;
#3417 = VERTEX_POINT ( 'NONE', #1160 ) ;
#3418 = AXIS2_PLACEMENT_3D ( 'NONE', #119, #3548, #8118 ) ;
#3419 = DIRECTION ( 'NONE',  ( -1.000000000000000000, -0.000000000000000000, 0.000000000000000000 ) ) ;
#3420 = VERTEX_POINT ( 'NONE', #4302 ) ;
#3421 = AXIS2_PLACEMENT_3D ( 'NONE', #1874, #4498, #3021 ) ;
#3422 = DIRECTION ( 'NONE',  ( -1.000000000000000000, 0.000000000000000000, 0.000000000000000000 ) ) ;
#3423 = CARTESIAN_POINT ( 'NONE',  ( 1.061049529196087304, 7.000000000000007994, -17.46780392354971312 ) ) ;
#3424 = DIRECTION ( 'NONE',  ( 0.9753086798203955965, 0.000000000000000000, 0.2208460528671435108 ) ) ;
#3425 = AXIS2_PLACEMENT_3D ( 'NONE', #1052, #6107, #7677 ) ;
#3426 = VERTEX_POINT ( 'NONE', #6379 ) ;
#3427 = ORIENTED_EDGE ( 'NONE', *, *, #3814, .F. ) ;
#3428 = FACE_OUTER_BOUND ( 'NONE', #4433, .T. ) ;
#3429 = DIRECTION ( 'NONE',  ( 0.000000000000000000, 0.000000000000000000, -1.000000000000000000 ) ) ;
#3430 = PERSON_AND_ORGANIZATION ( #1044, #909 ) ;
#3431 = CARTESIAN_POINT ( 'NONE',  ( 0.000000000000000000, 21.91639720942983871, 9.148034453285378120 ) ) ;
#3432 = CARTESIAN_POINT ( 'NONE',  ( 0.000000000000000000, -16.16797261240381545, -17.04363664947954504 ) ) ;
#3433 = CARTESIAN_POINT ( 'NONE',  ( 0.000000000000000000, -22.23862650171288280, -8.334176163083755640 ) ) ;
#3434 = ADVANCED_FACE ( 'NONE', ( #4346 ), #3085, .T. ) ;
#3435 = ORIENTED_EDGE ( 'NONE', *, *, #365, .F. ) ;
#3436 = ADVANCED_FACE ( 'NONE', ( #4473 ), #1029, .T. ) ;
#3437 = AXIS2_PLACEMENT_3D ( 'NONE', #869, #8088, #6080 ) ;
#3438 = CIRCLE ( 'NONE', #7572, 10.00000000000000000 ) ;
#3439 = FACE_OUTER_BOUND ( 'NONE', #3913, .T. ) ;
#3440 = VERTEX_POINT ( 'NONE', #5728 ) ;
#3441 = DIRECTION ( 'NONE',  ( -1.000000000000000000, 0.000000000000000000, 0.000000000000000000 ) ) ;
#3442 = DIRECTION ( 'NONE',  ( 0.000000000000000000, 0.4817536741017099944, 0.8763066800438664705 ) ) ;
#3443 = LINE ( 'NONE', #6088, #6078 ) ;
#3444 = DIRECTION ( 'NONE',  ( -0.6789126320186592567, 0.000000000000000000, -0.7342190668223596006 ) ) ;
#3445 = ADVANCED_FACE ( 'NONE', ( #8336 ), #6288, .T. ) ;
#3446 = AXIS2_PLACEMENT_3D ( 'NONE', #6831, #6185, #376 ) ;
#3447 = EDGE_CURVE ( 'NONE', #1893, #7651, #5509, .T. ) ;
#3448 = AXIS2_PLACEMENT_3D ( 'NONE', #8320, #2425, #7678 ) ;
#3449 = ORIENTED_EDGE ( 'NONE', *, *, #8041, .F. ) ;
#3450 = ORIENTED_EDGE ( 'NONE', *, *, #6638, .F. ) ;
#3451 = ORIENTED_EDGE ( 'NONE', *, *, #3035, .T. ) ;
#3452 = ORIENTED_EDGE ( 'NONE', *, *, #3155, .T. ) ;
#3453 = AXIS2_PLACEMENT_3D ( 'NONE', #7731, #7088, #1188 ) ;
#3454 = VERTEX_POINT ( 'NONE', #6422 ) ;
#3455 = VECTOR ( 'NONE', #232, 1000.000000000000000 ) ;
#3456 = CARTESIAN_POINT ( 'NONE',  ( 3.000000000000000888, 8.537555587897360354, 21.88604654154067930 ) ) ;
#3457 = CYLINDRICAL_SURFACE ( 'NONE', #4411, 26.00000000000000000 ) ;
#3458 = EDGE_CURVE ( 'NONE', #2168, #281, #6324, .T. ) ;
#3459 = AXIS2_PLACEMENT_3D ( 'NONE', #1821, #4453, #8454 ) ;
#3460 = ORIENTED_EDGE ( 'NONE', *, *, #7402, .F. ) ;
#3461 = APPROVAL ( #4655, 'UNSPECIFIED' ) ;
#3462 = ORIENTED_EDGE ( 'NONE', *, *, #4388, .T. ) ;
#3463 = CYLINDRICAL_SURFACE ( 'NONE', #301, 9.999999999999998224 ) ;
#3464 = CARTESIAN_POINT ( 'NONE',  ( 0.000000000000000000, 10.00000000000000000, -17.50000000000000355 ) ) ;
#3465 = EDGE_LOOP ( 'NONE', ( #7658, #7384, #4772, #2332 ) ) ;
#3466 = AXIS2_PLACEMENT_3D ( 'NONE', #1796, #5642, #7533 ) ;
#3467 = DIRECTION ( 'NONE',  ( -1.000000000000000000, 0.000000000000000000, 0.000000000000000000 ) ) ;
#3468 = FACE_OUTER_BOUND ( 'NONE', #881, .T. ) ;
#3469 = CARTESIAN_POINT ( 'NONE',  ( 0.000000000000000000, -15.99480952573165915, 17.20624761156499005 ) ) ;
#3470 = AXIS2_PLACEMENT_3D ( 'NONE', #7460, #6724, #830 ) ;
#3471 = CIRCLE ( 'NONE', #4443, 26.00000000000000000 ) ;
#3472 = ORIENTED_EDGE ( 'NONE', *, *, #4343, .T. ) ;
#3473 = ORIENTED_EDGE ( 'NONE', *, *, #2511, .T. ) ;
#3474 = LINE ( 'NONE', #6711, #4120 ) ;
#3475 = CARTESIAN_POINT ( 'NONE',  ( 3.000000000000000888, -0.1187726605495834087, -23.49201527519570476 ) ) ;
#3476 = DATE_AND_TIME ( #6756, #6276 ) ;
#3477 = AXIS2_PLACEMENT_3D ( 'NONE', #4174, #816, #7369 ) ;
#3478 = DIRECTION ( 'NONE',  ( -1.000000000000000000, -0.000000000000000000, -0.000000000000000000 ) ) ;
#3479 = CARTESIAN_POINT ( 'NONE',  ( 0.000000000000000000, 0.000000000000000000, 0.000000000000000000 ) ) ;
#3480 = CIRCLE ( 'NONE', #2244, 23.74900000000000233 ) ;
#3481 = CARTESIAN_POINT ( 'NONE',  ( 3.000000000000000888, -23.65875512592450036, -10.78254635471330047 ) ) ;
#3482 = ORIENTED_EDGE ( 'NONE', *, *, #8399, .F. ) ;
#3483 = VECTOR ( 'NONE', #6285, 1000.000000000000000 ) ;
#3484 = AXIS2_PLACEMENT_3D ( 'NONE', #5225, #7924, #2673 ) ;
#3485 = CARTESIAN_POINT ( 'NONE',  ( 0.000000000000000000, 23.61258448579739522, -2.541821178029707085 ) ) ;
#3486 = ADVANCED_FACE ( 'NONE', ( #1715 ), #5763, .T. ) ;
#3487 = EDGE_LOOP ( 'NONE', ( #44, #6944, #2034, #3137 ) ) ;
#3488 = DIRECTION ( 'NONE',  ( -1.000000000000000000, -0.000000000000000000, -0.000000000000000000 ) ) ;
#3489 = DIRECTION ( 'NONE',  ( 0.000000000000000000, 0.9048270524660204650, -0.4257792915650704391 ) ) ;
#3490 = PERSON ( 'NAUO-PER1', 'UNSPECIFIED', 'UNSPECIFIED', ('UNSPECIFIED'), ('UNSPECIFIED'), ('UNSPECIFIED') ) ;
#3491 = CARTESIAN_POINT ( 'NONE',  ( 3.000000000000000888, 15.99480952573177639, -17.20624761156487992 ) ) ;
#3492 = CARTESIAN_POINT ( 'NONE',  ( -10.00000000000000000, 0.000000000000000000, 0.000000000000000000 ) ) ;
#3493 = EDGE_CURVE ( 'NONE', #7433, #689, #961, .T. ) ;
#3494 = EDGE_LOOP ( 'NONE', ( #657, #4758, #5674, #7318 ) ) ;
#3495 = ORIENTED_EDGE ( 'NONE', *, *, #7937, .T. ) ;
#3496 = VERTEX_POINT ( 'NONE', #7184 ) ;
#3497 = ORIENTED_EDGE ( 'NONE', *, *, #3644, .T. ) ;
#3498 = ADVANCED_FACE ( 'NONE', ( #8430 ), #1329, .T. ) ;
#3499 = ORIENTED_EDGE ( 'NONE', *, *, #1273, .F. ) ;
#3500 = DIRECTION ( 'NONE',  ( 0.000000000000000000, 0.000000000000000000, 1.000000000000000000 ) ) ;
#3501 = DIRECTION ( 'NONE',  ( -1.000000000000000000, -0.000000000000000000, -0.000000000000000000 ) ) ;
#3502 = VERTEX_POINT ( 'NONE', #4609 ) ;
#3503 = ADVANCED_FACE ( 'NONE', ( #5855 ), #642, .T. ) ;
#3504 = ORIENTED_EDGE ( 'NONE', *, *, #50, .F. ) ;
#3505 = EDGE_CURVE ( 'NONE', #86, #5708, #2530, .T. ) ;
#3506 = CARTESIAN_POINT ( 'NONE',  ( 3.000000000000000888, 18.17661741219034255, -14.88285819611882133 ) ) ;
#3507 = ORIENTED_EDGE ( 'NONE', *, *, #924, .F. ) ;
#3508 = DIRECTION ( 'NONE',  ( 0.000000000000000000, -1.000000000000000000, 0.000000000000000000 ) ) ;
#3509 = DIRECTION ( 'NONE',  ( 0.2208460528671212786, 0.000000000000000000, 0.9753086798204005925 ) ) ;
#3510 = CARTESIAN_POINT ( 'NONE',  ( 0.000000000000000000, 20.23396159193303134, -16.32748597599087859 ) ) ;
#3511 = APPROVAL_PERSON_ORGANIZATION ( #1466, #2726, #7370 ) ;
#3512 = VERTEX_POINT ( 'NONE', #1890 ) ;
#3513 = ORIENTED_EDGE ( 'NONE', *, *, #1273, .T. ) ;
#3514 = LOCAL_TIME ( 18, 30, 54.00000000000000000, #6892 ) ;
#3515 = DIRECTION ( 'NONE',  ( 0.000000000000000000, -0.7705132427757815927, -0.6374239897486988493 ) ) ;
#3516 = DIRECTION ( 'NONE',  ( -1.000000000000000000, -0.000000000000000000, 0.000000000000000000 ) ) ;
#3517 = APPROVAL_STATUS ( 'not_yet_approved' ) ;
#3518 = DIRECTION ( 'NONE',  ( 0.000000000000000000, -1.000000000000000000, 0.000000000000000000 ) ) ;
#3519 = DIRECTION ( 'NONE',  ( -1.000000000000000000, 0.000000000000000000, 0.000000000000000000 ) ) ;
#3520 = DIRECTION ( 'NONE',  ( -1.000000000000000000, 0.000000000000000000, -0.000000000000000000 ) ) ;
#3521 = ORIENTED_EDGE ( 'NONE', *, *, #6972, .F. ) ;
#3522 = CARTESIAN_POINT ( 'NONE',  ( 3.000000000000000888, 4.879274292603387408, -23.24236828246080222 ) ) ;
#3523 = VERTEX_POINT ( 'NONE', #7138 ) ;
#3524 = CYLINDRICAL_SURFACE ( 'NONE', #3357, 26.00000000000000000 ) ;
#3525 = DIRECTION ( 'NONE',  ( -1.000000000000000000, 0.000000000000000000, 0.000000000000000000 ) ) ;
#3526 =( NAMED_UNIT ( * ) PLANE_ANGLE_UNIT ( ) SI_UNIT ( $, .RADIAN. ) );
#3527 = CARTESIAN_POINT ( 'NONE',  ( 3.000000000000000888, -12.80251323316784529, -22.62953059421609581 ) ) ;
#3528 = CARTESIAN_POINT ( 'NONE',  ( 3.000000000000000888, -23.50287694562802798, 3.410245779803352750 ) ) ;
#3529 = DIRECTION ( 'NONE',  ( -1.000000000000000000, 0.000000000000000000, 0.000000000000000000 ) ) ;
#3530 = ADVANCED_FACE ( 'NONE', ( #3162 ), #5260, .T. ) ;
#3531 = VERTEX_POINT ( 'NONE', #6545 ) ;
#3532 = ORIENTED_EDGE ( 'NONE', *, *, #7453, .T. ) ;
#3533 = VERTEX_POINT ( 'NONE', #6502 ) ;
#3534 = ORIENTED_EDGE ( 'NONE', *, *, #2020, .F. ) ;
#3535 = CARTESIAN_POINT ( 'NONE',  ( 0.000000000000000000, 0.000000000000000000, 0.000000000000000000 ) ) ;
#3536 = VECTOR ( 'NONE', #5856, 1000.000000000000000 ) ;
#3537 = CARTESIAN_POINT ( 'NONE',  ( 3.000000000000000888, 0.000000000000000000, 0.000000000000000000 ) ) ;
#3538 = EDGE_CURVE ( 'NONE', #5532, #7014, #8375, .T. ) ;
#3539 = ORIENTED_EDGE ( 'NONE', *, *, #32, .F. ) ;
#3540 = EDGE_CURVE ( 'NONE', #674, #5906, #5214, .T. ) ;
#3541 = ORIENTED_EDGE ( 'NONE', *, *, #3232, .F. ) ;
#3542 = ORIENTED_EDGE ( 'NONE', *, *, #3775, .T. ) ;
#3543 = DIRECTION ( 'NONE',  ( -1.000000000000000000, -0.000000000000000000, 0.000000000000000000 ) ) ;
#3544 = ORIENTED_EDGE ( 'NONE', *, *, #7914, .F. ) ;
#3545 = CARTESIAN_POINT ( 'NONE',  ( 3.000000000000000888, -19.89860609720124884, 12.48736817841723834 ) ) ;
#3546 = CIRCLE ( 'NONE', #7700, 26.00000000000000000 ) ;
#3547 = CARTESIAN_POINT ( 'NONE',  ( -10.00000000000000000, 0.000000000000000000, 0.000000000000000000 ) ) ;
#3548 = DIRECTION ( 'NONE',  ( -1.000000000000000000, -0.000000000000000000, -0.000000000000000000 ) ) ;
#3549 = EDGE_CURVE ( 'NONE', #5447, #3912, #3835, .T. ) ;
#3550 = EDGE_CURVE ( 'NONE', #7217, #8260, #7422, .T. ) ;
#3551 = VERTEX_POINT ( 'NONE', #4989 ) ;
#3552 = VECTOR ( 'NONE', #4951, 1000.000000000000000 ) ;
#3553 = ORIENTED_EDGE ( 'NONE', *, *, #2406, .F. ) ;
#3554 = CIRCLE ( 'NONE', #7304, 26.00000000000000000 ) ;
#3555 = DIRECTION ( 'NONE',  ( -1.000000000000000000, 0.000000000000000000, 0.000000000000000000 ) ) ;
#3556 = CARTESIAN_POINT ( 'NONE',  ( 3.000000000000000888, 0.000000000000000000, 0.000000000000000000 ) ) ;
#3557 = APPROVAL_STATUS ( 'not_yet_approved' ) ;
#3558 = FACE_OUTER_BOUND ( 'NONE', #4171, .T. ) ;
#3559 = CARTESIAN_POINT ( 'NONE',  ( 3.000000000000000888, 0.000000000000000000, 0.000000000000000000 ) ) ;
#3560 = CIRCLE ( 'NONE', #6868, 10.00000000000000000 ) ;
#3561 = CARTESIAN_POINT ( 'NONE',  ( 3.000000000000000888, 0.000000000000000000, 0.000000000000000000 ) ) ;
#3562 = AXIS2_PLACEMENT_3D ( 'NONE', #3650, #2314, #7101 ) ;
#3563 = VERTEX_POINT ( 'NONE', #7600 ) ;
#3564 = CARTESIAN_POINT ( 'NONE',  ( 0.000000000000000000, -14.79838606843859772, -18.57478857940091288 ) ) ;
#3565 = VERTEX_POINT ( 'NONE', #8414 ) ;
#3566 = DIRECTION ( 'NONE',  ( -1.000000000000000000, 0.000000000000000000, 0.000000000000000000 ) ) ;
#3567 = DIRECTION ( 'NONE',  ( -1.000000000000000000, -0.000000000000000000, 0.000000000000000000 ) ) ;
#3568 = DIRECTION ( 'NONE',  ( 1.000000000000000000, 0.000000000000000000, 0.000000000000000000 ) ) ;
#3569 = DIRECTION ( 'NONE',  ( -1.000000000000000000, 0.000000000000000000, 0.000000000000000000 ) ) ;
#3570 = LINE ( 'NONE', #6816, #7074 ) ;
#3571 = LINE ( 'NONE', #75, #6242 ) ;
#3572 = ORIENTED_EDGE ( 'NONE', *, *, #343, .T. ) ;
#3573 = AXIS2_PLACEMENT_3D ( 'NONE', #5337, #7944, #2048 ) ;
#3574 = ORIENTED_EDGE ( 'NONE', *, *, #97, .F. ) ;
#3575 = AXIS2_PLACEMENT_3D ( 'NONE', #2320, #4966, #5652 ) ;
#3576 = ORIENTED_EDGE ( 'NONE', *, *, #7767, .T. ) ;
#3577 = ORIENTED_EDGE ( 'NONE', *, *, #5769, .F. ) ;
#3578 = DIRECTION ( 'NONE',  ( 0.000000000000000000, 0.000000000000000000, 1.000000000000000000 ) ) ;
#3579 = CIRCLE ( 'NONE', #3857, 10.00000000000000000 ) ;
#3580 = CARTESIAN_POINT ( 'NONE',  ( 1.500000000000000444, -2.943853573238087051, -25.83280329618397175 ) ) ;
#3581 = CIRCLE ( 'NONE', #5529, 26.00000000000000000 ) ;
#3582 = CIRCLE ( 'NONE', #6752, 26.00000000000000000 ) ;
#3583 = AXIS2_PLACEMENT_3D ( 'NONE', #397, #7071, #1126 ) ;
#3584 = ORIENTED_EDGE ( 'NONE', *, *, #208, .T. ) ;
#3585 = ORIENTED_EDGE ( 'NONE', *, *, #677, .F. ) ;
#3586 = DIRECTION ( 'NONE',  ( 0.000000000000000000, 0.000000000000000000, 1.000000000000000000 ) ) ;
#3587 = EDGE_CURVE ( 'NONE', #3741, #6781, #5377, .T. ) ;
#3588 = CARTESIAN_POINT ( 'NONE',  ( 1.500000000000000444, 0.3170683606146962874, -25.99806661378297434 ) ) ;
#3589 = AXIS2_PLACEMENT_3D ( 'NONE', #5752, #2470, #5118 ) ;
#3590 = CARTESIAN_POINT ( 'NONE',  ( 0.000000000000000000, -4.879274292603219543, 23.24236828246083419 ) ) ;
#3591 = AXIS2_PLACEMENT_3D ( 'NONE', #1427, #4795, #5397 ) ;
#3592 = EDGE_CURVE ( 'NONE', #5734, #8089, #412, .T. ) ;
#3593 = DIRECTION ( 'NONE',  ( 0.000000000000000000, 1.000000000000000000, 0.000000000000000000 ) ) ;
#3594 = VERTEX_POINT ( 'NONE', #3718 ) ;
#3595 = AXIS2_PLACEMENT_3D ( 'NONE', #5961, #7289, #7160 ) ;
#3596 = ORIENTED_EDGE ( 'NONE', *, *, #4246, .F. ) ;
#3597 = VECTOR ( 'NONE', #2018, 1000.000000000000000 ) ;
#3598 = EDGE_CURVE ( 'NONE', #3594, #7623, #1143, .T. ) ;
#3599 = EDGE_CURVE ( 'NONE', #4780, #2944, #5794, .T. ) ;
#3600 = DIRECTION ( 'NONE',  ( -1.000000000000000000, -0.000000000000000000, -0.000000000000000000 ) ) ;
#3601 = CARTESIAN_POINT ( 'NONE',  ( 8.102705642427432409, 7.000000000000008882, -5.573319583618285833E-11 ) ) ;
#3602 = ITEM_DEFINED_TRANSFORMATION ( 'NONE', 'NONE', #6955,  #4766 ) ;
#3603 = DIRECTION ( 'NONE',  ( 0.000000000000000000, 0.000000000000000000, 1.000000000000000000 ) ) ;
#3604 = FACE_OUTER_BOUND ( 'NONE', #5620, .T. ) ;
#3605 = AXIS2_PLACEMENT_3D ( 'NONE', #5526, #4217, #435 ) ;
#3606 = CARTESIAN_POINT ( 'NONE',  ( 3.000000000000000888, 9.714105481848354984, -21.67143640111389047 ) ) ;
#3607 = AXIS2_PLACEMENT_3D ( 'NONE', #230, #7380, #2842 ) ;
#3608 = ORIENTED_EDGE ( 'NONE', *, *, #7616, .T. ) ;
#3609 = DIRECTION ( 'NONE',  ( 0.000000000000000000, 0.000000000000000000, 1.000000000000000000 ) ) ;
#3610 = EDGE_CURVE ( 'NONE', #6322, #2171, #5369, .T. ) ;
#3611 = CIRCLE ( 'NONE', #7203, 9.999999999999998224 ) ;
#3612 = ORIENTED_EDGE ( 'NONE', *, *, #50, .T. ) ;
#3613 = EDGE_CURVE ( 'NONE', #3741, #1021, #5071, .T. ) ;
#3614 = AXIS2_PLACEMENT_3D ( 'NONE', #2012, #503, #1230 ) ;
#3615 = DIRECTION ( 'NONE',  ( 0.000000000000000000, 0.000000000000000000, 1.000000000000000000 ) ) ;
#3616 = DIRECTION ( 'NONE',  ( 0.000000000000000000, -0.7705132427757950264, 0.6374239897486826401 ) ) ;
#3617 = DATE_TIME_ROLE ( 'creation_date' ) ;
#3618 = DIRECTION ( 'NONE',  ( -1.000000000000000000, 0.000000000000000000, -0.000000000000000000 ) ) ;
#3619 = DIRECTION ( 'NONE',  ( 0.9753086798203954855, 0.000000000000000000, -0.2208460528671439826 ) ) ;
#3620 = CARTESIAN_POINT ( 'NONE',  ( 1.500000000000000444, 22.12078737453582988, 13.66275103815392455 ) ) ;
#3621 = CC_DESIGN_PERSON_AND_ORGANIZATION_ASSIGNMENT ( #7006, #6248, ( #7777 ) ) ;
#3622 = CIRCLE ( 'NONE', #8026, 1.600000000000000089 ) ;
#3623 = AXIS2_PLACEMENT_3D ( 'NONE', #1729, #4359, #5188 ) ;
#3624 = ORIENTED_EDGE ( 'NONE', *, *, #927, .F. ) ;
#3625 = EDGE_LOOP ( 'NONE', ( #255, #7663, #3090, #8191 ) ) ;
#3626 = VERTEX_POINT ( 'NONE', #2343 ) ;
#3627 = DIRECTION ( 'NONE',  ( 0.000000000000000000, 0.9048270524660204650, -0.4257792915650704391 ) ) ;
#3628 = DIRECTION ( 'NONE',  ( -1.000000000000000000, 0.000000000000000000, 0.000000000000000000 ) ) ;
#3629 = PLANE ( 'NONE',  #2874 ) ;
#3630 = VECTOR ( 'NONE', #5331, 1000.000000000000000 ) ;
#3631 = CARTESIAN_POINT ( 'NONE',  ( 0.000000000000000000, -2.943853573238458310, 25.83280329618392557 ) ) ;
#3632 = AXIS2_PLACEMENT_3D ( 'NONE', #576, #6563, #5960 ) ;
#3633 = ORIENTED_EDGE ( 'NONE', *, *, #3807, .T. ) ;
#3634 = VERTEX_POINT ( 'NONE', #1829 ) ;
#3635 = ORIENTED_EDGE ( 'NONE', *, *, #6709, .T. ) ;
#3636 = CARTESIAN_POINT ( 'NONE',  ( 0.000000000000000000, 5.000000000000000000, 0.000000000000000000 ) ) ;
#3637 = CARTESIAN_POINT ( 'NONE',  ( 3.000000000000000888, -11.21328339503284255, 20.64342907894913637 ) ) ;
#3638 = CYLINDRICAL_SURFACE ( 'NONE', #8011, 26.00000000000000000 ) ;
#3639 = DIRECTION ( 'NONE',  ( 1.000000000000000000, 0.000000000000000000, 4.256270054397946562E-44 ) ) ;
#3640 = EDGE_CURVE ( 'NONE', #3634, #4499, #5096, .T. ) ;
#3641 = AXIS2_PLACEMENT_3D ( 'NONE', #4848, #4893, #6040 ) ;
#3642 = VERTEX_POINT ( 'NONE', #8363 ) ;
#3643 = ORIENTED_EDGE ( 'NONE', *, *, #1606, .T. ) ;
#3644 = EDGE_CURVE ( 'NONE', #4432, #8260, #3674, .T. ) ;
#3645 = CARTESIAN_POINT ( 'NONE',  ( 3.000000000000000888, 0.000000000000000000, 0.000000000000000000 ) ) ;
#3646 = DIRECTION ( 'NONE',  ( -1.000000000000000000, -0.000000000000000000, -0.000000000000000000 ) ) ;
#3647 = PERSON_AND_ORGANIZATION ( #3490, #5046 ) ;
#3648 = APPROVAL_PERSON_ORGANIZATION ( #8251, #6887, #4380 ) ;
#3649 = DIRECTION ( 'NONE',  ( 0.000000000000000000, -0.2486898871648623444, 0.9685831611286292997 ) ) ;
#3650 = CARTESIAN_POINT ( 'NONE',  ( -10.00000000000000000, 0.000000000000000000, 0.000000000000000000 ) ) ;
#3651 = CARTESIAN_POINT ( 'NONE',  ( 0.000000000000000000, 2.220446049250313081E-13, 2.220446049250313081E-13 ) ) ;
#3652 = ADVANCED_FACE ( 'NONE', ( #3148 ), #6314, .T. ) ;
#3653 = EDGE_LOOP ( 'NONE', ( #8199, #2830, #7785, #7771 ) ) ;
#3654 = ORIENTED_EDGE ( 'NONE', *, *, #6638, .T. ) ;
#3655 = EDGE_CURVE ( 'NONE', #5599, #7908, #6599, .T. ) ;
#3656 = DIRECTION ( 'NONE',  ( 0.000000000000000000, 0.000000000000000000, 1.000000000000000000 ) ) ;
#3657 = VERTEX_POINT ( 'NONE', #3071 ) ;
#3658 = DIRECTION ( 'NONE',  ( -1.000000000000000000, -0.000000000000000000, 0.000000000000000000 ) ) ;
#3659 = CARTESIAN_POINT ( 'NONE',  ( 0.000000000000000000, 0.000000000000000000, 0.000000000000000000 ) ) ;
#3660 = APPLICATION_PROTOCOL_DEFINITION ( 'international standard', 'config_control_design', 1994, #3957 ) ;
#3661 = CARTESIAN_POINT ( 'NONE',  ( 3.000000000000000888, 0.000000000000000000, 0.000000000000000000 ) ) ;
#3662 = DIRECTION ( 'NONE',  ( -1.000000000000000000, 0.000000000000000000, 0.000000000000000000 ) ) ;
#3663 = CARTESIAN_POINT ( 'NONE',  ( 1.500000000000000444, -25.92685648092482609, 1.948874808069071429 ) ) ;
#3664 = ADVANCED_FACE ( 'NONE', ( #499 ), #7769, .T. ) ;
#3665 = EDGE_CURVE ( 'NONE', #1431, #7420, #7692, .T. ) ;
#3666 = VERTEX_POINT ( 'NONE', #2391 ) ;
#3667 = ORIENTED_EDGE ( 'NONE', *, *, #2179, .T. ) ;
#3668 = ORIENTED_EDGE ( 'NONE', *, *, #8084, .T. ) ;
#3669 = DIRECTION ( 'NONE',  ( 0.000000000000000000, -0.9510565162951500895, -0.3090169943749582759 ) ) ;
#3670 = CARTESIAN_POINT ( 'NONE',  ( 3.000000000000000888, -12.35365805879594525, 20.28305040092210376 ) ) ;
#3671 = DIRECTION ( 'NONE',  ( 0.000000000000000000, 0.000000000000000000, 1.000000000000000000 ) ) ;
#3672 = CARTESIAN_POINT ( 'NONE',  ( 14.74895638494033712, 7.000000000000008882, 6.145609380784566866 ) ) ;
#3673 = ORIENTED_EDGE ( 'NONE', *, *, #7300, .F. ) ;
#3674 = LINE ( 'NONE', #415, #1229 ) ;
#3675 = ORIENTED_EDGE ( 'NONE', *, *, #3078, .T. ) ;
#3676 = CARTESIAN_POINT ( 'NONE',  ( -14.74895638488504801, 7.000000000000008882, -6.145609380897365526 ) ) ;
#3677 = FACE_OUTER_BOUND ( 'NONE', #2489, .T. ) ;
#3678 = CARTESIAN_POINT ( 'NONE',  ( 1.499999999999999556, 25.92685648092484030, -1.948874808068888465 ) ) ;
#3679 = LINE ( 'NONE', #7527, #3145 ) ;
#3680 = EDGE_LOOP ( 'NONE', ( #5464, #748, #4577, #6731 ) ) ;
#3681 = VERTEX_POINT ( 'NONE', #4369 ) ;
#3682 = DIRECTION ( 'NONE',  ( 0.000000000000000000, 0.000000000000000000, -1.000000000000000000 ) ) ;
#3683 = ITEM_DEFINED_TRANSFORMATION ( 'NONE', 'NONE', #1036,  #4766 ) ;
#3684 = LINE ( 'NONE', #2313, #3322 ) ;
#3685 = LINE ( 'NONE', #3816, #2054 ) ;
#3686 = CARTESIAN_POINT ( 'NONE',  ( 0.000000000000000000, 21.30678187720836192, -9.894944904949566578 ) ) ;
#3687 = CIRCLE ( 'NONE', #122, 23.74899999999999878 ) ;
#3688 = ORIENTED_EDGE ( 'NONE', *, *, #5569, .F. ) ;
#3689 = ORIENTED_EDGE ( 'NONE', *, *, #4193, .T. ) ;
#3690 = DIRECTION ( 'NONE',  ( 0.000000000000000000, 0.3681245526846788074, -0.9297764858882511252 ) ) ;
#3691 = ORIENTED_EDGE ( 'NONE', *, *, #7963, .T. ) ;
#3692 = CARTESIAN_POINT ( 'NONE',  ( 0.000000000000000000, -22.89013261011081113, -6.329046538898397856 ) ) ;
#3693 = DIRECTION ( 'NONE',  ( 0.000000000000000000, 0.000000000000000000, 1.000000000000000000 ) ) ;
#3694 = CARTESIAN_POINT ( 'NONE',  ( 673.6846554298446108, 882.2731090561912879, 1295.257518242224251 ) ) ;
#3695 = AXIS2_PLACEMENT_3D ( 'NONE', #7689, #504, #1789 ) ;
#3696 = EDGE_CURVE ( 'NONE', #4059, #2515, #4529, .T. ) ;
#3697 = SECURITY_CLASSIFICATION ( '', '', #4254 ) ;
#3698 = DIRECTION ( 'NONE',  ( 0.000000000000000000, 0.000000000000000000, 1.000000000000000000 ) ) ;
#3699 = DIRECTION ( 'NONE',  ( 1.000000000000000000, 0.000000000000000000, 0.000000000000000000 ) ) ;
#3700 = DIRECTION ( 'NONE',  ( 0.000000000000000000, 0.000000000000000000, -1.000000000000000000 ) ) ;
#3701 = EDGE_CURVE ( 'NONE', #3551, #7231, #1097, .T. ) ;
#3702 = ORIENTED_EDGE ( 'NONE', *, *, #8239, .F. ) ;
#3703 = AXIS2_PLACEMENT_3D ( 'NONE', #6440, #531, #3141 ) ;
#3704 = CIRCLE ( 'NONE', #8381, 23.74900000000000588 ) ;
#3705 = ORIENTED_EDGE ( 'NONE', *, *, #4944, .T. ) ;
#3706 = ORIENTED_EDGE ( 'NONE', *, *, #675, .T. ) ;
#3707 = CARTESIAN_POINT ( 'NONE',  ( 0.000000000000000000, 0.000000000000000000, 0.000000000000000000 ) ) ;
#3708 = CARTESIAN_POINT ( 'NONE',  ( 3.000000000000000888, 23.10781753700506158, -5.481219725251072816 ) ) ;
#3709 = DIRECTION ( 'NONE',  ( -1.000000000000000000, -0.000000000000000000, -0.000000000000000000 ) ) ;
#3710 = EDGE_CURVE ( 'NONE', #1248, #6184, #4414, .T. ) ;
#3711 = DIRECTION ( 'NONE',  ( 0.000000000000000000, 0.000000000000000000, 1.000000000000000000 ) ) ;
#3712 = EDGE_CURVE ( 'NONE', #3892, #216, #6869, .T. ) ;
#3713 = VECTOR ( 'NONE', #8027, 1000.000000000000000 ) ;
#3714 = AXIS2_PLACEMENT_3D ( 'NONE', #3300, #1294, #4003 ) ;
#3715 = ORIENTED_EDGE ( 'NONE', *, *, #8228, .F. ) ;
#3716 = UNCERTAINTY_MEASURE_WITH_UNIT (LENGTH_MEASURE( 1.000000000000000082E-05 ), #6814, 'distance_accuracy_value', 'NONE');
#3717 = VERTEX_POINT ( 'NONE', #6610 ) ;
#3718 = CARTESIAN_POINT ( 'NONE',  ( 1.959434878635765230E-16, 5.000000000000000000, -1.600000000000000089 ) ) ;
#3719 = CIRCLE ( 'NONE', #8252, 10.00000000000000000 ) ;
#3720 = ORIENTED_EDGE ( 'NONE', *, *, #2434, .F. ) ;
#3721 = AXIS2_PLACEMENT_3D ( 'NONE', #6309, #7035, #409 ) ;
#3722 = DIRECTION ( 'NONE',  ( -0.9550651196894897055, 0.000000000000000000, -0.2963960478017555467 ) ) ;
#3723 = EDGE_CURVE ( 'NONE', #6541, #1021, #1919, .T. ) ;
#3724 = FACE_OUTER_BOUND ( 'NONE', #2419, .T. ) ;
#3725 = DIRECTION ( 'NONE',  ( -1.000000000000000000, -0.000000000000000000, 0.000000000000000000 ) ) ;
#3726 = DIRECTION ( 'NONE',  ( 0.000000000000000000, 0.000000000000000000, -1.000000000000000000 ) ) ;
#3727 = CIRCLE ( 'NONE', #24, 26.00000000000000000 ) ;
#3728 = AXIS2_PLACEMENT_3D ( 'NONE', #93, #3958, #3918 ) ;
#3729 = CC_DESIGN_PERSON_AND_ORGANIZATION_ASSIGNMENT ( #8080, #3350, ( #684 ) ) ;
#3730 = VERTEX_POINT ( 'NONE', #4072 ) ;
#3731 = ORIENTED_EDGE ( 'NONE', *, *, #1467, .F. ) ;
#3732 = CIRCLE ( 'NONE', #31, 10.00000000000000000 ) ;
#3733 = AXIS2_PLACEMENT_3D ( 'NONE', #6555, #8484, #7792 ) ;
#3734 = CARTESIAN_POINT ( 'NONE',  ( 0.000000000000000000, -23.43820135222873091, -1.593614133755546725 ) ) ;
#3735 = COORDINATED_UNIVERSAL_TIME_OFFSET ( 7, 0, .AHEAD. ) ;
#3736 = CARTESIAN_POINT ( 'NONE',  ( 3.000000000000000888, 0.000000000000000000, 26.00000000000000000 ) ) ;
#3737 = CARTESIAN_POINT ( 'NONE',  ( 0.000000000000000000, 5.000000000000000000, 0.000000000000000000 ) ) ;
#3738 = DIRECTION ( 'NONE',  ( 0.000000000000000000, 0.000000000000000000, 1.000000000000000000 ) ) ;
#3739 = AXIS2_PLACEMENT_3D ( 'NONE', #4629, #5285, #5360 ) ;
#3740 = VECTOR ( 'NONE', #6927, 1000.000000000000000 ) ;
#3741 = VERTEX_POINT ( 'NONE', #3937 ) ;
#3742 = ORIENTED_EDGE ( 'NONE', *, *, #5035, .T. ) ;
#3743 = CARTESIAN_POINT ( 'NONE',  ( 0.000000000000000000, 15.53779383581486151, -20.84650960510449025 ) ) ;
#3744 = ORIENTED_EDGE ( 'NONE', *, *, #6451, .T. ) ;
#3745 = CARTESIAN_POINT ( 'NONE',  ( 0.000000000000000000, -22.23862650171300714, 8.334176163083432343 ) ) ;
#3746 = CARTESIAN_POINT ( 'NONE',  ( 12.69673203802745931, 7.000000000000008882, -9.700166218278072350 ) ) ;
#3747 = AXIS2_PLACEMENT_3D ( 'NONE', #6883, #6717, #2795 ) ;
#3748 = CYLINDRICAL_SURFACE ( 'NONE', #5673, 26.00000000000000000 ) ;
#3749 = LINE ( 'NONE', #3006, #946 ) ;
#3750 = CIRCLE ( 'NONE', #5824, 26.00000000000000000 ) ;
#3751 = DIRECTION ( 'NONE',  ( -1.000000000000000000, 0.000000000000000000, -0.000000000000000000 ) ) ;
#3752 = VERTEX_POINT ( 'NONE', #4638 ) ;
#3753 = AXIS2_PLACEMENT_3D ( 'NONE', #7102, #3041, #4383 ) ;
#3754 = EDGE_CURVE ( 'NONE', #5677, #7601, #4119, .T. ) ;
#3755 = AXIS2_PLACEMENT_3D ( 'NONE', #1423, #6513, #5947 ) ;
#3756 = VECTOR ( 'NONE', #1173, 1000.000000000000000 ) ;
#3757 = ORIENTED_EDGE ( 'NONE', *, *, #7044, .F. ) ;
#3758 = VERTEX_POINT ( 'NONE', #757 ) ;
#3759 = DIRECTION ( 'NONE',  ( -0.2208460528671439549, 0.000000000000000000, -0.9753086798203953744 ) ) ;
#3760 = DIRECTION ( 'NONE',  ( 0.000000000000000000, 0.000000000000000000, 1.000000000000000000 ) ) ;
#3761 = CARTESIAN_POINT ( 'NONE',  ( 0.000000000000000000, -25.92685648092482609, 1.948874808069069653 ) ) ;
#3762 = EDGE_CURVE ( 'NONE', #7908, #891, #7903, .T. ) ;
#3763 = CARTESIAN_POINT ( 'NONE',  ( 0.000000000000000000, 0.000000000000000000, 0.000000000000000000 ) ) ;
#3764 = AXIS2_PLACEMENT_3D ( 'NONE', #7135, #1237, #3855 ) ;
#3765 = CIRCLE ( 'NONE', #4318, 9.999999999999998224 ) ;
#3766 = ADVANCED_FACE ( 'NONE', ( #4677 ), #7257, .T. ) ;
#3767 = EDGE_LOOP ( 'NONE', ( #7641, #5786, #3572, #7158 ) ) ;
#3768 = CARTESIAN_POINT ( 'NONE',  ( 3.000000000000000888, -17.00973468965491975, -16.57359124594154665 ) ) ;
#3769 = VERTEX_POINT ( 'NONE', #7852 ) ;
#3770 = AXIS2_PLACEMENT_3D ( 'NONE', #6000, #101, #6480 ) ;
#3771 = CARTESIAN_POINT ( 'NONE',  ( 3.000000000000000888, -23.43820135222873091, -1.593614133755546725 ) ) ;
#3772 = DIRECTION ( 'NONE',  ( 0.000000000000000000, -0.9822872507286904975, 0.1873813145857150253 ) ) ;
#3773 = CARTESIAN_POINT ( 'NONE',  ( 0.000000000000000000, -8.537555587897518450, 21.88604654154061535 ) ) ;
#3774 = ORIENTED_EDGE ( 'NONE', *, *, #1870, .T. ) ;
#3775 = EDGE_CURVE ( 'NONE', #7716, #6335, #7003, .T. ) ;
#3776 = ADVANCED_FACE ( 'NONE', ( #5880 ), #2686, .T. ) ;
#3777 = VERTEX_POINT ( 'NONE', #1353 ) ;
#3778 = ORIENTED_EDGE ( 'NONE', *, *, #6916, .F. ) ;
#3779 = DIRECTION ( 'NONE',  ( 1.000000000000000000, 0.000000000000000000, 0.000000000000000000 ) ) ;
#3780 = CARTESIAN_POINT ( 'NONE',  ( 3.000000000000000888, -25.96667425510337779, -1.315989410805193716 ) ) ;
#3781 = LINE ( 'NONE', #1069, #7415 ) ;
#3782 = DIRECTION ( 'NONE',  ( -1.000000000000000000, -0.000000000000000000, -0.000000000000000000 ) ) ;
#3783 = ORIENTED_EDGE ( 'NONE', *, *, #513, .T. ) ;
#3784 = VERTEX_POINT ( 'NONE', #7297 ) ;
#3785 = APPROVAL_PERSON_ORGANIZATION ( #6840, #6274, #306 ) ;
#3786 = LINE ( 'NONE', #2410, #1795 ) ;
#3787 = ORIENTED_EDGE ( 'NONE', *, *, #4736, .T. ) ;
#3788 = DIRECTION ( 'NONE',  ( -0.000000000000000000, 1.000000000000000000, -0.000000000000000000 ) ) ;
#3789 = LINE ( 'NONE', #5611, #866 ) ;
#3790 = DATE_AND_TIME ( #7883, #8204 ) ;
#3791 = CYLINDRICAL_SURFACE ( 'NONE', #7724, 23.74900000000000233 ) ;
#3792 = CARTESIAN_POINT ( 'NONE',  ( 0.000000000000000000, -2.826494134736670105, 23.32165987963166742 ) ) ;
#3793 = DIRECTION ( 'NONE',  ( 1.000000000000000000, -0.000000000000000000, -0.000000000000000000 ) ) ;
#3794 = ORIENTED_EDGE ( 'NONE', *, *, #2873, .T. ) ;
#3795 = VERTEX_POINT ( 'NONE', #2641 ) ;
#3796 = ORIENTED_EDGE ( 'NONE', *, *, #8065, .F. ) ;
#3797 = CYLINDRICAL_SURFACE ( 'NONE', #3703, 9.999999999999998224 ) ;
#3798 = CARTESIAN_POINT ( 'NONE',  ( 15.14952443976302909, 7.000000000000008882, -8.746582013434034408 ) ) ;
#3799 = CARTESIAN_POINT ( 'NONE',  ( 3.000000000000000888, 0.1187726605500743354, -23.49201527519569765 ) ) ;
#3800 = DIRECTION ( 'NONE',  ( 0.000000000000000000, -0.4817536741017035551, -0.8763066800438699122 ) ) ;
#3801 = ADVANCED_FACE ( 'NONE', ( #1445 ), #5201, .T. ) ;
#3802 = VERTEX_POINT ( 'NONE', #3977 ) ;
#3803 = DIRECTION ( 'NONE',  ( -1.000000000000000000, -0.000000000000000000, 0.000000000000000000 ) ) ;
#3804 = EDGE_LOOP ( 'NONE', ( #1700, #1023, #4856, #6092 ) ) ;
#3805 = LINE ( 'NONE', #539, #6632 ) ;
#3806 = DIRECTION ( 'NONE',  ( -1.000000000000000000, 0.000000000000000000, 0.000000000000000000 ) ) ;
#3807 = EDGE_CURVE ( 'NONE', #6821, #7189, #1397, .T. ) ;
#3808 = CYLINDRICAL_SURFACE ( 'NONE', #2389, 9.999999999999998224 ) ;
#3809 = CARTESIAN_POINT ( 'NONE',  ( 14.11953930602605212, 10.00000000000000888, -9.598928328060640780 ) ) ;
#3810 = EDGE_CURVE ( 'NONE', #7946, #4721, #4594, .T. ) ;
#3811 = EDGE_LOOP ( 'NONE', ( #1793, #7391, #277, #3844 ) ) ;
#3812 = VERTEX_POINT ( 'NONE', #4027 ) ;
#3813 = LINE ( 'NONE', #6458, #2660 ) ;
#3814 = EDGE_CURVE ( 'NONE', #246, #3819, #3411, .T. ) ;
#3815 = DIRECTION ( 'NONE',  ( -1.000000000000000000, 0.000000000000000000, 0.000000000000000000 ) ) ;
#3816 = CARTESIAN_POINT ( 'NONE',  ( 3.000000000000000888, 17.00973468965503343, 16.57359124594142585 ) ) ;
#3817 = EDGE_CURVE ( 'NONE', #8257, #2963, #2350, .T. ) ;
#3818 = FACE_OUTER_BOUND ( 'NONE', #369, .T. ) ;
#3819 = VERTEX_POINT ( 'NONE', #3237 ) ;
#3820 = ORIENTED_EDGE ( 'NONE', *, *, #3351, .T. ) ;
#3821 = CARTESIAN_POINT ( 'NONE',  ( 3.000000000000000888, 0.000000000000000000, 0.000000000000000000 ) ) ;
#3822 = ORIENTED_EDGE ( 'NONE', *, *, #39, .T. ) ;
#3823 = CYLINDRICAL_SURFACE ( 'NONE', #5525, 23.74900000000000233 ) ;
#3824 = CARTESIAN_POINT ( 'NONE',  ( 0.000000000000000000, 12.80251323316800338, 22.62953059421600344 ) ) ;
#3825 = CALENDAR_DATE ( 2025, 7, 10 ) ;
#3826 = DIRECTION ( 'NONE',  ( 0.000000000000000000, 0.000000000000000000, 1.000000000000000000 ) ) ;
#3827 = DIRECTION ( 'NONE',  ( -1.000000000000000000, 0.000000000000000000, 0.000000000000000000 ) ) ;
#3828 = EDGE_CURVE ( 'NONE', #3784, #3214, #6656, .T. ) ;
#3829 = CARTESIAN_POINT ( 'NONE',  ( 0.000000000000000000, 12.80251323316831957, -22.62953059421582580 ) ) ;
#3830 = AXIS2_PLACEMENT_3D ( 'NONE', #3737, #1199, #8379 ) ;
#3831 = ORIENTED_EDGE ( 'NONE', *, *, #3283, .F. ) ;
#3832 = CC_DESIGN_PERSON_AND_ORGANIZATION_ASSIGNMENT ( #7238, #2539, ( #7114 ) ) ;
#3833 = AXIS2_PLACEMENT_3D ( 'NONE', #773, #2905, #5557 ) ;
#3834 = DIRECTION ( 'NONE',  ( -1.000000000000000000, -0.000000000000000000, -0.000000000000000000 ) ) ;
#3835 = CIRCLE ( 'NONE', #4953, 23.74900000000000588 ) ;
#3836 = VERTEX_POINT ( 'NONE', #108 ) ;
#3837 = LINE ( 'NONE', #8491, #5169 ) ;
#3838 = CARTESIAN_POINT ( 'NONE',  ( 1.500000000000000444, -15.53779383581471762, 20.84650960510459683 ) ) ;
#3839 = FACE_OUTER_BOUND ( 'NONE', #1342, .T. ) ;
#3840 = CARTESIAN_POINT ( 'NONE',  ( 0.000000000000000000, 11.21328339503299532, -20.64342907894905466 ) ) ;
#3841 = AXIS2_PLACEMENT_3D ( 'NONE', #6580, #7311, #1410 ) ;
#3842 = ORIENTED_EDGE ( 'NONE', *, *, #3879, .T. ) ;
#3843 = CARTESIAN_POINT ( 'NONE',  ( 0.000000000000000000, 0.000000000000000000, 0.000000000000000000 ) ) ;
#3844 = ORIENTED_EDGE ( 'NONE', *, *, #4399, .T. ) ;
#3845 = FACE_OUTER_BOUND ( 'NONE', #6808, .T. ) ;
#3846 = CARTESIAN_POINT ( 'NONE',  ( -10.00000000000000000, 0.000000000000000000, 0.000000000000000000 ) ) ;
#3847 = AXIS2_PLACEMENT_3D ( 'NONE', #2867, #815, #218 ) ;
#3848 = DIRECTION ( 'NONE',  ( -1.000000000000000000, 0.000000000000000000, 0.000000000000000000 ) ) ;
#3849 = CARTESIAN_POINT ( 'NONE',  ( -2.050538145046632010, 7.000000000000008882, -15.85322226736041173 ) ) ;
#3850 = CIRCLE ( 'NONE', #3437, 23.74900000000000588 ) ;
#3851 = AXIS2_PLACEMENT_3D ( 'NONE', #3241, #1275, #5885 ) ;
#3852 = ORIENTED_EDGE ( 'NONE', *, *, #4230, .F. ) ;
#3853 = ADVANCED_FACE ( 'NONE', ( #6010 ), #3936, .F. ) ;
#3854 = ORIENTED_EDGE ( 'NONE', *, *, #5631, .T. ) ;
#3855 = DIRECTION ( 'NONE',  ( 0.000000000000000000, 0.000000000000000000, 1.000000000000000000 ) ) ;
#3856 = EDGE_CURVE ( 'NONE', #7296, #2022, #6947, .T. ) ;
#3857 = AXIS2_PLACEMENT_3D ( 'NONE', #2839, #266, #2753 ) ;
#3858 = CARTESIAN_POINT ( 'NONE',  ( 0.000000000000000000, 0.000000000000000000, 0.000000000000000000 ) ) ;
#3859 = DIRECTION ( 'NONE',  ( 0.000000000000000000, 0.000000000000000000, 1.000000000000000000 ) ) ;
#3860 = AXIS2_PLACEMENT_3D ( 'NONE', #5876, #3929, #4631 ) ;
#3861 = DIRECTION ( 'NONE',  ( -1.000000000000000000, -0.000000000000000000, 0.000000000000000000 ) ) ;
#3862 = ORIENTED_EDGE ( 'NONE', *, *, #6884, .F. ) ;
#3863 = EDGE_CURVE ( 'NONE', #5675, #3971, #5, .T. ) ;
#3864 = AXIS2_PLACEMENT_3D ( 'NONE', #5696, #7704, #6973 ) ;
#3865 = ORIENTED_EDGE ( 'NONE', *, *, #3863, .T. ) ;
#3866 = CIRCLE ( 'NONE', #7855, 9.999999999999998224 ) ;
#3867 = CARTESIAN_POINT ( 'NONE',  ( 0.000000000000000000, 0.000000000000000000, 0.000000000000000000 ) ) ;
#3868 = EDGE_LOOP ( 'NONE', ( #3541, #7400, #7264, #2046 ) ) ;
#3869 = DIRECTION ( 'NONE',  ( -1.000000000000000000, -0.000000000000000000, 0.000000000000000000 ) ) ;
#3870 = CYLINDRICAL_SURFACE ( 'NONE', #2651, 23.74900000000000233 ) ;
#3871 = PERSON_AND_ORGANIZATION_ROLE ( 'design_supplier' ) ;
#3872 = CYLINDRICAL_SURFACE ( 'NONE', #7587, 26.00000000000000000 ) ;
#3873 = DIRECTION ( 'NONE',  ( -1.000000000000000000, 0.000000000000000000, 0.000000000000000000 ) ) ;
#3874 = CIRCLE ( 'NONE', #4424, 23.74899999999999878 ) ;
#3875 = CARTESIAN_POINT ( 'NONE',  ( 3.000000000000000888, 20.59702713253518880, -11.82275239957301771 ) ) ;
#3876 = CIRCLE ( 'NONE', #6224, 26.00000000000000000 ) ;
#3877 = AXIS2_PLACEMENT_3D ( 'NONE', #6159, #6679, #863 ) ;
#3878 = VERTEX_POINT ( 'NONE', #7079 ) ;
#3879 = EDGE_CURVE ( 'NONE', #644, #6780, #137, .T. ) ;
#3880 = EDGE_CURVE ( 'NONE', #211, #6524, #5381, .T. ) ;
#3881 = DIRECTION ( 'NONE',  ( -1.000000000000000000, -0.000000000000000000, 0.000000000000000000 ) ) ;
#3882 = VECTOR ( 'NONE', #4904, 1000.000000000000000 ) ;
#3883 = ORIENTED_EDGE ( 'NONE', *, *, #3696, .F. ) ;
#3884 = CIRCLE ( 'NONE', #4159, 9.999999999999996447 ) ;
#3885 = FACE_OUTER_BOUND ( 'NONE', #2264, .T. ) ;
#3886 = LINE ( 'NONE', #2631, #2503 ) ;
#3887 = CARTESIAN_POINT ( 'NONE',  ( 3.000000000000000888, -14.79838606843885884, 18.57478857940070682 ) ) ;
#3888 = CARTESIAN_POINT ( 'NONE',  ( 3.000000000000000888, -8.537555587897202258, -21.88604654154073970 ) ) ;
#3889 = CARTESIAN_POINT ( 'NONE',  ( 8.102705642427432409, 10.00000000000000888, -5.573319583618285833E-11 ) ) ;
#3890 = AXIS2_PLACEMENT_3D ( 'NONE', #5535, #8141, #4892 ) ;
#3891 = AXIS2_PLACEMENT_3D ( 'NONE', #1704, #3029, #4335 ) ;
#3892 = VERTEX_POINT ( 'NONE', #370 ) ;
#3893 = CARTESIAN_POINT ( 'NONE',  ( 1.541888672427956575, 10.00000000000000888, -16.91572086604928415 ) ) ;
#3894 = ORIENTED_EDGE ( 'NONE', *, *, #7865, .F. ) ;
#3895 = CARTESIAN_POINT ( 'NONE',  ( 3.000000000000000888, 0.000000000000000000, 0.000000000000000000 ) ) ;
#3896 = AXIS2_PLACEMENT_3D ( 'NONE', #8482, #7920, #4654 ) ;
#3897 = DIRECTION ( 'NONE',  ( -1.000000000000000000, 0.000000000000000000, 0.000000000000000000 ) ) ;
#3898 = AXIS2_PLACEMENT_3D ( 'NONE', #3178, #5145, #5741 ) ;
#3899 = CARTESIAN_POINT ( 'NONE',  ( -10.00000000000000000, 0.000000000000000000, 0.000000000000000000 ) ) ;
#3900 = CARTESIAN_POINT ( 'NONE',  ( 0.000000000000000000, -25.96667425510337779, -1.315989410805193716 ) ) ;
#3901 = AXIS2_PLACEMENT_3D ( 'NONE', #2735, #896, #2859 ) ;
#3902 = CIRCLE ( 'NONE', #4184, 9.999999999999998224 ) ;
#3903 = ORIENTED_EDGE ( 'NONE', *, *, #5426, .T. ) ;
#3904 = ORIENTED_EDGE ( 'NONE', *, *, #1458, .T. ) ;
#3905 = CARTESIAN_POINT ( 'NONE',  ( 3.000000000000000888, -6.921355658526376686, 22.71805090337164756 ) ) ;
#3906 = CONTEXT_DEPENDENT_SHAPE_REPRESENTATION ( #4862, #6625 ) ;
#3907 = CIRCLE ( 'NONE', #3209, 10.00000000000000000 ) ;
#3908 = CYLINDRICAL_SURFACE ( 'NONE', #6779, 9.999999999999998224 ) ;
#3909 = CARTESIAN_POINT ( 'NONE',  ( 0.000000000000000000, 0.000000000000000000, 0.000000000000000000 ) ) ;
#3910 = CARTESIAN_POINT ( 'NONE',  ( -15.14952443979000662, 10.00000000000000888, 8.746582013399839539 ) ) ;
#3911 = ADVANCED_FACE ( 'NONE', ( #1177 ), #1820, .T. ) ;
#3912 = VERTEX_POINT ( 'NONE', #2422 ) ;
#3913 = EDGE_LOOP ( 'NONE', ( #491, #3045, #8315, #604 ) ) ;
#3914 = DIRECTION ( 'NONE',  ( 0.000000000000000000, 0.9048270524660175784, 0.4257792915650767673 ) ) ;
#3915 = LINE ( 'NONE', #3218, #8392 ) ;
#3916 = DIRECTION ( 'NONE',  ( -1.000000000000000000, -0.000000000000000000, 0.000000000000000000 ) ) ;
#3917 = APPROVAL_STATUS ( 'not_yet_approved' ) ;
#3918 = DIRECTION ( 'NONE',  ( 0.000000000000000000, 0.000000000000000000, 1.000000000000000000 ) ) ;
#3919 = CARTESIAN_POINT ( 'NONE',  ( 0.000000000000000000, 10.50612486395264078, -21.29874036986780439 ) ) ;
#3920 = CARTESIAN_POINT ( 'NONE',  ( 3.000000000000000888, -22.23862650171288280, -8.334176163083755640 ) ) ;
#3921 = EDGE_CURVE ( 'NONE', #8438, #5116, #7430, .T. ) ;
#3922 = ORIENTED_EDGE ( 'NONE', *, *, #1779, .T. ) ;
#3923 = ADVANCED_FACE ( 'NONE', ( #1008 ), #3797, .T. ) ;
#3924 = DIRECTION ( 'NONE',  ( -0.7342190668223596006, 0.000000000000000000, 0.6789126320186592567 ) ) ;
#3925 = VERTEX_POINT ( 'NONE', #1644 ) ;
#3926 = DIRECTION ( 'NONE',  ( 0.000000000000000000, -1.000000000000000000, 0.000000000000000000 ) ) ;
#3927 = CARTESIAN_POINT ( 'NONE',  ( 0.000000000000000000, 0.000000000000000000, 0.000000000000000000 ) ) ;
#3928 = CARTESIAN_POINT ( 'NONE',  ( 3.000000000000000888, 13.09272093277509974, -19.81402683899648309 ) ) ;
#3929 = DIRECTION ( 'NONE',  ( -1.000000000000000000, 0.000000000000000000, 0.000000000000000000 ) ) ;
#3930 = DIRECTION ( 'NONE',  ( -1.000000000000000000, -0.000000000000000000, -0.000000000000000000 ) ) ;
#3931 = CC_DESIGN_SECURITY_CLASSIFICATION ( #5322, ( #1196 ) ) ;
#3932 = EDGE_CURVE ( 'NONE', #6060, #2909, #1926, .T. ) ;
#3933 = ADVANCED_FACE ( 'NONE', ( #1087 ), #1734, .T. ) ;
#3934 = ORIENTED_EDGE ( 'NONE', *, *, #7598, .F. ) ;
#3935 = VERTEX_POINT ( 'NONE', #3062 ) ;
#3936 = B_SPLINE_SURFACE_WITH_KNOTS ( 'NONE', 2, 1, ( 
 ( #2723, #5242 ),
 ( #629, #7216 ),
 ( #1315, #6986 ) ),
 .UNSPECIFIED., .F., .F., .F.,
 ( 3, 3 ),
 ( 2, 2 ),
 ( 0.7649281315673037707, 0.9989257314563931844 ),
 ( 0.000000000000000000, 1.000000000000000000 ),
 .UNSPECIFIED. ) ;
#3937 = CARTESIAN_POINT ( 'NONE',  ( 3.000000000000000888, -4.019451921852126297, 23.40638817177736541 ) ) ;
#3938 = EDGE_LOOP ( 'NONE', ( #5723, #1163, #4748, #2133 ) ) ;
#3939 = CARTESIAN_POINT ( 'NONE',  ( 3.000000000000000888, 17.60893712771352781, 15.93550545895021386 ) ) ;
#3940 = DIRECTION ( 'NONE',  ( -1.000000000000000000, 0.000000000000000000, 0.000000000000000000 ) ) ;
#3941 = DIRECTION ( 'NONE',  ( 0.000000000000000000, 0.7705132427757860336, 0.6374239897486935202 ) ) ;
#3942 = EDGE_CURVE ( 'NONE', #7087, #4164, #7719, .T. ) ;
#3943 = ORIENTED_EDGE ( 'NONE', *, *, #1182, .T. ) ;
#3944 = APPROVAL ( #4571, 'UNSPECIFIED' ) ;
#3945 = ORIENTED_EDGE ( 'NONE', *, *, #4205, .T. ) ;
#3946 = DIRECTION ( 'NONE',  ( 0.000000000000000000, 0.000000000000000000, 1.000000000000000000 ) ) ;
#3947 = CARTESIAN_POINT ( 'NONE',  ( 3.000000000000000888, -21.01871904177727757, -11.05569766422859246 ) ) ;
#3948 = LINE ( 'NONE', #5175, #3186 ) ;
#3949 = CARTESIAN_POINT ( 'NONE',  ( 1.500000000000000444, 25.47815669208872080, 5.183004107018890139 ) ) ;
#3950 = CARTESIAN_POINT ( 'NONE',  ( 0.000000000000000000, 16.16797261240393269, 17.04363664947943491 ) ) ;
#3951 = VERTEX_POINT ( 'NONE', #2460 ) ;
#3952 = ORIENTED_EDGE ( 'NONE', *, *, #3538, .T. ) ;
#3953 = CARTESIAN_POINT ( 'NONE',  ( 0.000000000000000000, 0.000000000000000000, 0.000000000000000000 ) ) ;
#3954 = CARTESIAN_POINT ( 'NONE',  ( 0.000000000000000000, 12.24681498829407111, 22.93502828955080375 ) ) ;
#3955 = DIRECTION ( 'NONE',  ( 0.000000000000000000, 0.000000000000000000, 1.000000000000000000 ) ) ;
#3956 = APPROVAL_STATUS ( 'not_yet_approved' ) ;
#3957 = APPLICATION_CONTEXT ( 'configuration controlled 3d designs of mechanical parts and assemblies' ) ;
#3958 = DIRECTION ( 'NONE',  ( -1.000000000000000000, -0.000000000000000000, -0.000000000000000000 ) ) ;
#3959 = CARTESIAN_POINT ( 'NONE',  ( 3.000000000000000888, -19.77132294913398880, -12.68793432659429676 ) ) ;
#3960 = CARTESIAN_POINT ( 'NONE',  ( 3.000000000000000888, 23.43820135222874157, -1.593614133755375750 ) ) ;
#3961 = ORIENTED_EDGE ( 'NONE', *, *, #2959, .F. ) ;
#3962 = LINE ( 'NONE', #701, #4549 ) ;
#3963 = EDGE_CURVE ( 'NONE', #2210, #8115, #1441, .T. ) ;
#3964 = ORIENTED_EDGE ( 'NONE', *, *, #7975, .F. ) ;
#3965 = LINE ( 'NONE', #1864, #1708 ) ;
#3966 = FACE_OUTER_BOUND ( 'NONE', #4939, .T. ) ;
#3967 = DIRECTION ( 'NONE',  ( 0.000000000000000000, 0.000000000000000000, 1.000000000000000000 ) ) ;
#3968 = CARTESIAN_POINT ( 'NONE',  ( -10.00000000000000000, 0.000000000000000000, 0.000000000000000000 ) ) ;
#3969 = CYLINDRICAL_SURFACE ( 'NONE', #615, 9.999999999999998224 ) ;
#3970 = EDGE_CURVE ( 'NONE', #3124, #3666, #5026, .T. ) ;
#3971 = VERTEX_POINT ( 'NONE', #7030 ) ;
#3972 = AXIS2_PLACEMENT_3D ( 'NONE', #6872, #3593, #6239 ) ;
#3973 = AXIS2_PLACEMENT_3D ( 'NONE', #8003, #5523, #8048 ) ;
#3974 = CC_DESIGN_SECURITY_CLASSIFICATION ( #3697, ( #8520 ) ) ;
#3975 = CIRCLE ( 'NONE', #5086, 10.00000000000000000 ) ;
#3976 = EDGE_LOOP ( 'NONE', ( #1057, #2581, #8339, #2301 ) ) ;
#3977 = CARTESIAN_POINT ( 'NONE',  ( 3.000000000000000888, -9.714105481847896684, -21.67143640111408942 ) ) ;
#3978 = EDGE_CURVE ( 'NONE', #4767, #5347, #3347, .T. ) ;
#3979 = ORIENTED_EDGE ( 'NONE', *, *, #4045, .F. ) ;
#3980 = EDGE_CURVE ( 'NONE', #1630, #6578, #2805, .T. ) ;
#3981 = CARTESIAN_POINT ( 'NONE',  ( -10.00000000000000000, 0.000000000000000000, 0.000000000000000000 ) ) ;
#3982 = CARTESIAN_POINT ( 'NONE',  ( 3.000000000000000888, -17.56576837257038548, -19.16882316370011097 ) ) ;
#3983 = CIRCLE ( 'NONE', #4687, 10.00000000000000000 ) ;
#3984 = CARTESIAN_POINT ( 'NONE',  ( 0.000000000000000000, 15.47283697127532243, -18.01683426854828340 ) ) ;
#3985 = EDGE_LOOP ( 'NONE', ( #3450, #2486, #1223, #937 ) ) ;
#3986 = EDGE_CURVE ( 'NONE', #8077, #8257, #3014, .T. ) ;
#3987 = ORIENTED_EDGE ( 'NONE', *, *, #2980, .T. ) ;
#3988 = EDGE_CURVE ( 'NONE', #6184, #8413, #68, .T. ) ;
#3989 = VECTOR ( 'NONE', #5538, 1000.000000000000000 ) ;
#3990 = DIRECTION ( 'NONE',  ( 1.000000000000000000, 0.000000000000000000, 0.000000000000000000 ) ) ;
#3991 = DIRECTION ( 'NONE',  ( -1.000000000000000000, 0.000000000000000000, 0.000000000000000000 ) ) ;
#3992 = SHAPE_REPRESENTATION ( 'spur gear_am_Metric - Spur gear 1M 50T 20PA 3FW ---S50N75H50L3N', ( #4766 ), #8179 ) ;
#3993 = DIRECTION ( 'NONE',  ( -1.000000000000000000, 0.000000000000000000, -0.000000000000000000 ) ) ;
#3994 = CARTESIAN_POINT ( 'NONE',  ( 3.000000000000000888, 23.61258448579739522, -2.541821178029707085 ) ) ;
#3995 = CC_DESIGN_DATE_AND_TIME_ASSIGNMENT ( #7615, #6201, ( #4075 ) ) ;
#3996 = CLOSED_SHELL ( 'NONE', ( #6076, #7095, #4350, #926, #8411, #5356, #4245, #614, #5261, #4209, #3088, #3498, #2720, #243, #3801, #5617, #1574, #7024, #3766, #4842, #6576, #4581, #7036, #6193, #6608, #5811, #5367, #3530, #889, #4942, #3911, #1978, #5166, #5940, #4938, #3933, #862, #5666, #3436, #7554, #7726, #81, #4833, #761, #979, #4089, #2683, #4797, #6132, #6519, #1766, #5917, #1575, #2485, #2127, #5141, #449, #5190, #3652, #1202, #2564, #1236, #5463, #2454, #4137, #3194, #2040, #302, #5303, #1705, #5883, #1929, #626, #2611, #6046, #1815, #2437, #8136, #6358, #6137, #7564, #6090, #1754, #3664, #2231, #4995, #5988, #6256, #8466, #4026, #7128, #5101, #7698, #1594, #2487, #3382, #4047, #6178, #253, #1073, #7550, #7020, #777, #2277, #4130, #2399, #4198, #8342, #6935, #1670, #4589, #5323, #1985, #7308, #2970, #6455, #599, #7823, #510, #4409, #7702, #8488, #6844, #2600, #772, #8277, #4460, #2750, #3486, #3087, #3503, #1312, #8241, #3776, #4435, #5419, #5512, #7033, #1184, #7972, #2387, #877, #4515, #1450, #7293, #3328, #4624, #4081, #814, #1556, #2330, #3434, #2501, #769, #4700, #4189, #1091, #5713, #2455, #5089, #2710, #5839, #3445, #5684, #5076, #3110, #2719, #5483, #7518, #8456, #3923, #6086, #5784, #1027, #4100, #8447, #2854, #6720, #966, #4176, #2298, #263, #6681, #459, #1249, #1356, #7397, #7188, #2197, #7713, #5275, #6613, #1300, #4724, #2396, #2240, #627, #5838, #7376, #497, #6244, #7917, #5671, #1767, #4611, #8327, #7466 ) ) ;
#3997 = AXIS2_PLACEMENT_3D ( 'NONE', #6491, #2359, #6838 ) ;
#3998 = VERTEX_POINT ( 'NONE', #8355 ) ;
#3999 = ORIENTED_EDGE ( 'NONE', *, *, #730, .F. ) ;
#4000 = CARTESIAN_POINT ( 'NONE',  ( 3.000000000000000888, -23.43820135222873091, 8.406385866244452387 ) ) ;
#4001 = AXIS2_PLACEMENT_3D ( 'NONE', #8138, #4220, #948 ) ;
#4002 = AXIS2_PLACEMENT_3D ( 'NONE', #1909, #4535, #8457 ) ;
#4003 = DIRECTION ( 'NONE',  ( 0.000000000000000000, -0.4817536741017035551, -0.8763066800438699122 ) ) ;
#4004 = DIRECTION ( 'NONE',  ( 0.000000000000000000, -0.8443279255020200713, 0.5358267949789888851 ) ) ;
#4005 = COORDINATED_UNIVERSAL_TIME_OFFSET ( 7, 0, .AHEAD. ) ;
#4006 = CARTESIAN_POINT ( 'NONE',  ( 3.000000000000000888, 0.000000000000000000, 0.000000000000000000 ) ) ;
#4007 = DIRECTION ( 'NONE',  ( 0.000000000000000000, 0.000000000000000000, 1.000000000000000000 ) ) ;
#4008 = CYLINDRICAL_SURFACE ( 'NONE', #5437, 9.999999999999998224 ) ;
#4009 = B_SPLINE_SURFACE_WITH_KNOTS ( 'NONE', 2, 1, ( 
 ( #4889, #227 ),
 ( #136, #2158 ),
 ( #5573, #1593 ),
 ( #785, #4800 ),
 ( #4098, #2877 ) ),
 .UNSPECIFIED., .F., .F., .F.,
 ( 3, 1, 1, 3 ),
 ( 2, 2 ),
 ( 0.002399098765463499559, 0.3755997746914047641, 0.6244002253086988752, 0.9976009012346401805 ),
 ( 0.000000000000000000, 1.000000000000000000 ),
 .UNSPECIFIED. ) ;
#4010 = VECTOR ( 'NONE', #7273, 1000.000000000000114 ) ;
#4011 = CIRCLE ( 'NONE', #6628, 9.999999999999998224 ) ;
#4012 = ORIENTED_EDGE ( 'NONE', *, *, #1458, .F. ) ;
#4013 = DIRECTION ( 'NONE',  ( -1.000000000000000000, 0.000000000000000000, -0.000000000000000000 ) ) ;
#4014 = ORIENTED_EDGE ( 'NONE', *, *, #4410, .F. ) ;
#4015 = LINE ( 'NONE', #7894, #2941 ) ;
#4016 = DIRECTION ( 'NONE',  ( -1.000000000000000000, -0.000000000000000000, 0.000000000000000000 ) ) ;
#4017 = CARTESIAN_POINT ( 'NONE',  ( 0.000000000000000000, 0.000000000000000000, 0.000000000000000000 ) ) ;
#4018 = VECTOR ( 'NONE', #1877, 1000.000000000000000 ) ;
#4019 = DIRECTION ( 'NONE',  ( 0.000000000000000000, 0.000000000000000000, 1.000000000000000000 ) ) ;
#4020 = LINE ( 'NONE', #3234, #4461 ) ;
#4021 = EDGE_CURVE ( 'NONE', #2294, #5944, #6663, .T. ) ;
#4022 = ORIENTED_EDGE ( 'NONE', *, *, #2442, .F. ) ;
#4023 = CIRCLE ( 'NONE', #320, 23.74900000000000233 ) ;
#4024 = AXIS2_PLACEMENT_3D ( 'NONE', #386, #1028, #6287 ) ;
#4025 = VERTEX_POINT ( 'NONE', #7288 ) ;
#4026 = ADVANCED_FACE ( 'NONE', ( #5284 ), #1217, .T. ) ;
#4027 = CARTESIAN_POINT ( 'NONE',  ( 3.000000000000000888, -7.753840929970387208, -22.44756004185568798 ) ) ;
#4028 = ORIENTED_EDGE ( 'NONE', *, *, #2919, .T. ) ;
#4029 = CARTESIAN_POINT ( 'NONE',  ( 3.000000000000000888, -18.17661741219023241, 14.88285819611894567 ) ) ;
#4030 = DIRECTION ( 'NONE',  ( -0.9550651196895090234, 0.000000000000000000, 0.2963960478016934297 ) ) ;
#4031 = VECTOR ( 'NONE', #1753, 1000.000000000000114 ) ;
#4032 = AXIS2_PLACEMENT_3D ( 'NONE', #4102, #1516, #3489 ) ;
#4033 = DIRECTION ( 'NONE',  ( 0.000000000000000000, 0.000000000000000000, 1.000000000000000000 ) ) ;
#4034 = EDGE_CURVE ( 'NONE', #3951, #879, #2674, .T. ) ;
#4035 = ORIENTED_EDGE ( 'NONE', *, *, #3240, .T. ) ;
#4036 = EDGE_CURVE ( 'NONE', #3081, #3769, #7490, .T. ) ;
#4037 = AXIS2_PLACEMENT_3D ( 'NONE', #4132, #4053, #170 ) ;
#4038 = VERTEX_POINT ( 'NONE', #2582 ) ;
#4039 = CIRCLE ( 'NONE', #333, 23.74900000000000233 ) ;
#4040 = FACE_OUTER_BOUND ( 'NONE', #1950, .T. ) ;
#4041 = VERTEX_POINT ( 'NONE', #2715 ) ;
#4042 = CARTESIAN_POINT ( 'NONE',  ( 0.000000000000000000, -23.09816287601903895, 4.285295834340716148 ) ) ;
#4043 = DIRECTION ( 'NONE',  ( -1.000000000000000000, -0.000000000000000000, 0.000000000000000000 ) ) ;
#4044 = DIRECTION ( 'NONE',  ( 1.000000000000000000, 0.000000000000000000, 0.000000000000000000 ) ) ;
#4045 = EDGE_CURVE ( 'NONE', #4488, #1431, #4015, .T. ) ;
#4046 = AXIS2_PLACEMENT_3D ( 'NONE', #3545, #6189, #3381 ) ;
#4047 = ADVANCED_FACE ( 'NONE', ( #7247 ), #2000, .T. ) ;
#4048 = CIRCLE ( 'NONE', #6395, 3.000000000000048406 ) ;
#4049 = EDGE_LOOP ( 'NONE', ( #1463, #5650, #8248, #5182 ) ) ;
#4050 = ORIENTED_EDGE ( 'NONE', *, *, #2251, .F. ) ;
#4051 = AXIS2_PLACEMENT_3D ( 'NONE', #4287, #5632, #6996 ) ;
#4052 = CARTESIAN_POINT ( 'NONE',  ( 0.000000000000000000, 22.23862650171294320, 8.334176163083597544 ) ) ;
#4053 = DIRECTION ( 'NONE',  ( -1.000000000000000000, -0.000000000000000000, -0.000000000000000000 ) ) ;
#4054 = PERSON_AND_ORGANIZATION ( #1044, #909 ) ;
#4055 = CARTESIAN_POINT ( 'NONE',  ( 0.000000000000000000, 7.000000000000008882, -17.50000000000000355 ) ) ;
#4056 = DIRECTION ( 'NONE',  ( -1.000000000000000000, -0.000000000000000000, -0.000000000000000000 ) ) ;
#4057 = CARTESIAN_POINT ( 'NONE',  ( -2.050538145046632010, 7.000000000000008882, -15.85322226736041173 ) ) ;
#4058 = AXIS2_PLACEMENT_3D ( 'NONE', #6812, #788, #1596 ) ;
#4059 = VERTEX_POINT ( 'NONE', #5232 ) ;
#4060 = EDGE_CURVE ( 'NONE', #4449, #1924, #3965, .T. ) ;
#4061 = LINE ( 'NONE', #6163, #5657 ) ;
#4062 = CIRCLE ( 'NONE', #215, 9.999999999999996447 ) ;
#4063 = ORIENTED_EDGE ( 'NONE', *, *, #3592, .F. ) ;
#4064 = CARTESIAN_POINT ( 'NONE',  ( 3.000000000000000888, -22.30553143780307224, -7.372391464925130755 ) ) ;
#4065 = CARTESIAN_POINT ( 'NONE',  ( 3.000000000000000888, -21.20563999867588478, 10.10988233766741295 ) ) ;
#4066 = CARTESIAN_POINT ( 'NONE',  ( 0.000000000000000000, 0.000000000000000000, 0.000000000000000000 ) ) ;
#4067 = CYLINDRICAL_SURFACE ( 'NONE', #204, 26.00000000000000000 ) ;
#4068 = ORIENTED_EDGE ( 'NONE', *, *, #2552, .T. ) ;
#4069 = ORIENTED_EDGE ( 'NONE', *, *, #5008, .T. ) ;
#4070 = ORIENTED_EDGE ( 'NONE', *, *, #1867, .F. ) ;
#4071 = UNCERTAINTY_MEASURE_WITH_UNIT (LENGTH_MEASURE( 1.000000000000000082E-05 ), #751, 'distance_accuracy_value', 'NONE');
#4072 = CARTESIAN_POINT ( 'NONE',  ( 3.000000000000000888, -12.35365805879594525, 20.28305040092210376 ) ) ;
#4073 = ORIENTED_EDGE ( 'NONE', *, *, #8150, .F. ) ;
#4074 = FACE_OUTER_BOUND ( 'NONE', #5023, .T. ) ;
#4075 = SECURITY_CLASSIFICATION ( '', '', #4880 ) ;
#4076 = DIRECTION ( 'NONE',  ( 0.000000000000000000, 0.5877852522924686962, 0.8090169943749507819 ) ) ;
#4077 = ORIENTED_EDGE ( 'NONE', *, *, #6258, .T. ) ;
#4078 = ORIENTED_EDGE ( 'NONE', *, *, #5851, .T. ) ;
#4079 = CARTESIAN_POINT ( 'NONE',  ( 0.000000000000000000, -13.90434922624156755, 18.93562677150237761 ) ) ;
#4080 = VERTEX_POINT ( 'NONE', #4583 ) ;
#4081 = ADVANCED_FACE ( 'NONE', ( #14 ), #5872, .T. ) ;
#4082 = DIRECTION ( 'NONE',  ( -1.000000000000000000, 0.000000000000000000, -0.000000000000000000 ) ) ;
#4083 = CARTESIAN_POINT ( 'NONE',  ( 3.000000000000000888, 2.943853573238647492, -25.83280329618390070 ) ) ;
#4084 = EDGE_CURVE ( 'NONE', #7737, #2504, #3837, .T. ) ;
#4085 = DIRECTION ( 'NONE',  ( 0.000000000000000000, 0.3681245526846718685, 0.9297764858882537897 ) ) ;
#4086 = ORIENTED_EDGE ( 'NONE', *, *, #1823, .T. ) ;
#4087 = SECURITY_CLASSIFICATION ( '', '', #6514 ) ;
#4088 = ORIENTED_EDGE ( 'NONE', *, *, #5582, .F. ) ;
#4089 = ADVANCED_FACE ( 'NONE', ( #1306 ), #7931, .T. ) ;
#4090 = EDGE_CURVE ( 'NONE', #3935, #367, #3187, .T. ) ;
#4091 = DIRECTION ( 'NONE',  ( -1.000000000000000000, 0.000000000000000000, 0.000000000000000000 ) ) ;
#4092 = DIRECTION ( 'NONE',  ( 1.000000000000000000, 0.000000000000000000, 0.000000000000000000 ) ) ;
#4093 = APPROVAL_DATE_TIME ( #904, #2726 ) ;
#4094 = CARTESIAN_POINT ( 'NONE',  ( 3.000000000000000888, 8.537555587897680098, -21.88604654154055495 ) ) ;
#4095 = DIRECTION ( 'NONE',  ( -1.000000000000000000, 0.000000000000000000, 0.000000000000000000 ) ) ;
#4096 = CYLINDRICAL_SURFACE ( 'NONE', #3747, 9.999999999999998224 ) ;
#4097 = EDGE_LOOP ( 'NONE', ( #8507, #6444, #8157, #2097 ) ) ;
#4098 = CARTESIAN_POINT ( 'NONE',  ( -12.69673203797372452, 7.000000000000008882, 9.700166218166828003 ) ) ;
#4099 = EDGE_LOOP ( 'NONE', ( #7674, #5105, #4077, #1816 ) ) ;
#4100 = ADVANCED_FACE ( 'NONE', ( #6648 ), #7159, .T. ) ;
#4101 = FACE_OUTER_BOUND ( 'NONE', #1731, .T. ) ;
#4102 = CARTESIAN_POINT ( 'NONE',  ( 3.000000000000000888, 0.000000000000000000, 0.000000000000000000 ) ) ;
#4103 = DIRECTION ( 'NONE',  ( -1.000000000000000000, 0.000000000000000000, -0.000000000000000000 ) ) ;
#4104 = CARTESIAN_POINT ( 'NONE',  ( 3.000000000000000888, 0.000000000000000000, 0.000000000000000000 ) ) ;
#4105 = DIRECTION ( 'NONE',  ( -1.000000000000000000, 0.000000000000000000, 0.000000000000000000 ) ) ;
#4106 = ORIENTED_EDGE ( 'NONE', *, *, #1566, .F. ) ;
#4107 = ORIENTED_EDGE ( 'NONE', *, *, #3351, .F. ) ;
#4108 = EDGE_LOOP ( 'NONE', ( #6454, #5889, #6269, #500 ) ) ;
#4109 = VERTEX_POINT ( 'NONE', #4489 ) ;
#4110 = VERTEX_POINT ( 'NONE', #1906 ) ;
#4111 = CARTESIAN_POINT ( 'NONE',  ( -14.74895638488504801, 10.00000000000000888, -6.145609380897365526 ) ) ;
#4112 = FACE_OUTER_BOUND ( 'NONE', #5459, .T. ) ;
#4113 = CIRCLE ( 'NONE', #7686, 26.00000000000000000 ) ;
#4114 = ORIENTED_EDGE ( 'NONE', *, *, #5047, .T. ) ;
#4115 = ORIENTED_EDGE ( 'NONE', *, *, #8506, .F. ) ;
#4116 = AXIS2_PLACEMENT_3D ( 'NONE', #3469, #214, #4085 ) ;
#4117 = LINE ( 'NONE', #7864, #5376 ) ;
#4118 = EDGE_LOOP ( 'NONE', ( #6397, #5706, #6946, #2517, #527, #3115, #2341, #7838, #724, #1732, #3427, #2296, #6609, #4962, #4050, #3934, #3539, #5659, #7816, #344, #5933 ) ) ;
#4119 = CIRCLE ( 'NONE', #4822, 10.00000000000000000 ) ;
#4120 = VECTOR ( 'NONE', #6116, 1000.000000000000000 ) ;
#4121 = DIRECTION ( 'NONE',  ( -1.000000000000000000, 0.000000000000000000, 0.000000000000000000 ) ) ;
#4122 = CARTESIAN_POINT ( 'NONE',  ( 2.050538145102809295, 7.000000000000008882, -15.85322226736041173 ) ) ;
#4123 = DIRECTION ( 'NONE',  ( 0.000000000000000000, 0.000000000000000000, 1.000000000000000000 ) ) ;
#4124 = AXIS2_PLACEMENT_3D ( 'NONE', #3773, #1706, #4291 ) ;
#4125 = EDGE_CURVE ( 'NONE', #6562, #6729, #625, .T. ) ;
#4126 = AXIS2_PLACEMENT_3D ( 'NONE', #2163, #4933, #2929 ) ;
#4127 = AXIS2_PLACEMENT_3D ( 'NONE', #1189, #3555, #1024 ) ;
#4128 = ORIENTED_EDGE ( 'NONE', *, *, #5100, .F. ) ;
#4129 = ORIENTED_EDGE ( 'NONE', *, *, #3986, .T. ) ;
#4130 = ADVANCED_FACE ( 'NONE', ( #5833 ), #8453, .T. ) ;
#4131 = DIRECTION ( 'NONE',  ( 0.000000000000000000, 0.000000000000000000, 1.000000000000000000 ) ) ;
#4132 = CARTESIAN_POINT ( 'NONE',  ( -10.00000000000000000, 0.000000000000000000, 0.000000000000000000 ) ) ;
#4133 = COORDINATED_UNIVERSAL_TIME_OFFSET ( 7, 0, .AHEAD. ) ;
#4134 = CARTESIAN_POINT ( 'NONE',  ( 3.000000000000000888, 17.60893712771376585, -15.93550545894995629 ) ) ;
#4135 = CARTESIAN_POINT ( 'NONE',  ( 3.000000000000000888, 0.000000000000000000, 0.000000000000000000 ) ) ;
#4136 = LINE ( 'NONE', #8004, #59 ) ;
#4137 = ADVANCED_FACE ( 'NONE', ( #3885 ), #6525, .T. ) ;
#4138 = ORIENTED_EDGE ( 'NONE', *, *, #3447, .T. ) ;
#4139 = CIRCLE ( 'NONE', #4701, 10.00000000000000178 ) ;
#4140 = CARTESIAN_POINT ( 'NONE',  ( 2.052224346939968136, 10.00000000000000888, 15.84577559900801624 ) ) ;
#4141 = VERTEX_POINT ( 'NONE', #268 ) ;
#4142 = CARTESIAN_POINT ( 'NONE',  ( 8.102705642427432409, 10.00000000000000888, -5.573319583618285833E-11 ) ) ;
#4143 = CARTESIAN_POINT ( 'NONE',  ( 3.000000000000000888, 0.000000000000000000, 0.000000000000000000 ) ) ;
#4144 = CARTESIAN_POINT ( 'NONE',  ( 3.000000000000000888, -19.89860609720124884, 12.48736817841723834 ) ) ;
#4145 = FACE_OUTER_BOUND ( 'NONE', #2536, .T. ) ;
#4146 = CIRCLE ( 'NONE', #8408, 23.74900000000000588 ) ;
#4147 = AXIS2_PLACEMENT_3D ( 'NONE', #2844, #4190, #6815 ) ;
#4148 = EDGE_CURVE ( 'NONE', #4080, #8450, #4222, .T. ) ;
#4149 = VERTEX_POINT ( 'NONE', #6686 ) ;
#4150 = EDGE_CURVE ( 'NONE', #3531, #7155, #5407, .T. ) ;
#4151 = ORIENTED_EDGE ( 'NONE', *, *, #3447, .F. ) ;
#4152 = ORIENTED_EDGE ( 'NONE', *, *, #6152, .T. ) ;
#4153 = ORIENTED_EDGE ( 'NONE', *, *, #5870, .F. ) ;
#4154 = EDGE_LOOP ( 'NONE', ( #8240, #4182, #1862, #928 ) ) ;
#4155 = CARTESIAN_POINT ( 'NONE',  ( 3.000000000000000888, 20.23396159193280042, 16.32748597599117346 ) ) ;
#4156 = CARTESIAN_POINT ( 'NONE',  ( -10.00000000000000000, 0.000000000000000000, 0.000000000000000000 ) ) ;
#4157 = AXIS2_PLACEMENT_3D ( 'NONE', #4491, #7121, #1219 ) ;
#4158 = AXIS2_PLACEMENT_3D ( 'NONE', #7970, #7337, #7248 ) ;
#4159 = AXIS2_PLACEMENT_3D ( 'NONE', #7695, #1112, #3649 ) ;
#4160 = VERTEX_POINT ( 'NONE', #6165 ) ;
#4161 = VERTEX_POINT ( 'NONE', #7969 ) ;
#4162 = DIRECTION ( 'NONE',  ( 0.000000000000000000, 0.000000000000000000, 1.000000000000000000 ) ) ;
#4163 = DIRECTION ( 'NONE',  ( 0.000000000000000000, -0.3681245526846654292, -0.9297764858882563432 ) ) ;
#4164 = VERTEX_POINT ( 'NONE', #2160 ) ;
#4165 = CIRCLE ( 'NONE', #5142, 26.00000000000000000 ) ;
#4166 = DIRECTION ( 'NONE',  ( 0.000000000000000000, 0.000000000000000000, 1.000000000000000000 ) ) ;
#4167 = DIRECTION ( 'NONE',  ( 0.000000000000000000, 0.3681245526846719796, 0.9297764858882537897 ) ) ;
#4168 = CARTESIAN_POINT ( 'NONE',  ( 3.000000000000000888, 7.753840929970539086, 22.44756004185563825 ) ) ;
#4169 = AXIS2_PLACEMENT_3D ( 'NONE', #5764, #5131, #5605 ) ;
#4170 = AXIS2_PLACEMENT_3D ( 'NONE', #1586, #6676, #2912 ) ;
#4171 = EDGE_LOOP ( 'NONE', ( #133, #1592, #1204, #6007 ) ) ;
#4172 = ORIENTED_EDGE ( 'NONE', *, *, #3278, .F. ) ;
#4173 = CARTESIAN_POINT ( 'NONE',  ( 3.000000000000000888, -25.59698206453963110, -4.560099690537096073 ) ) ;
#4174 = CARTESIAN_POINT ( 'NONE',  ( 0.000000000000000000, 0.000000000000000000, 0.000000000000000000 ) ) ;
#4175 = COORDINATED_UNIVERSAL_TIME_OFFSET ( 7, 0, .AHEAD. ) ;
#4176 = ADVANCED_FACE ( 'NONE', ( #1436 ), #6038, .T. ) ;
#4177 = AXIS2_PLACEMENT_3D ( 'NONE', #3247, #681, #3159 ) ;
#4178 = FACE_OUTER_BOUND ( 'NONE', #1352, .T. ) ;
#4179 = DIRECTION ( 'NONE',  ( 0.000000000000000000, -0.9510565162951565288, 0.3090169943749382919 ) ) ;
#4180 = AXIS2_PLACEMENT_3D ( 'NONE', #5753, #7220, #3941 ) ;
#4181 = FACE_OUTER_BOUND ( 'NONE', #193, .T. ) ;
#4182 = ORIENTED_EDGE ( 'NONE', *, *, #1757, .T. ) ;
#4183 = AXIS2_PLACEMENT_3D ( 'NONE', #753, #2039, #3366 ) ;
#4184 = AXIS2_PLACEMENT_3D ( 'NONE', #7794, #4707, #7328 ) ;
#4185 = CARTESIAN_POINT ( 'NONE',  ( 3.000000000000000888, -22.30553143780317527, 7.372391464924819893 ) ) ;
#4186 = ORIENTED_EDGE ( 'NONE', *, *, #5569, .T. ) ;
#4187 = CYLINDRICAL_SURFACE ( 'NONE', #4058, 26.00000000000000000 ) ;
#4188 = DIRECTION ( 'NONE',  ( 0.000000000000000000, 0.000000000000000000, 1.000000000000000000 ) ) ;
#4189 = ADVANCED_FACE ( 'NONE', ( #4101 ), #950, .T. ) ;
#4190 = DIRECTION ( 'NONE',  ( -1.000000000000000000, 0.000000000000000000, 0.000000000000000000 ) ) ;
#4191 = PLANE ( 'NONE',  #7836 ) ;
#4192 = CARTESIAN_POINT ( 'NONE',  ( 3.000000000000000888, 23.09816287601906737, -4.285295834340542953 ) ) ;
#4193 = EDGE_CURVE ( 'NONE', #2504, #6486, #5450, .T. ) ;
#4194 = ORIENTED_EDGE ( 'NONE', *, *, #5379, .T. ) ;
#4195 = ORIENTED_EDGE ( 'NONE', *, *, #3712, .F. ) ;
#4196 = ORIENTED_EDGE ( 'NONE', *, *, #356, .F. ) ;
#4197 = CARTESIAN_POINT ( 'NONE',  ( 0.000000000000000000, 23.38875284200453564, -11.35633041504274665 ) ) ;
#4198 = ADVANCED_FACE ( 'NONE', ( #912 ), #4846, .T. ) ;
#4199 = CARTESIAN_POINT ( 'NONE',  ( 3.000000000000000888, -19.77132294913416288, 12.68793432659402143 ) ) ;
#4200 = EDGE_CURVE ( 'NONE', #6520, #606, #8012, .T. ) ;
#4201 = ORIENTED_EDGE ( 'NONE', *, *, #6922, .F. ) ;
#4202 = ORIENTED_EDGE ( 'NONE', *, *, #2292, .T. ) ;
#4203 = DIRECTION ( 'NONE',  ( -1.000000000000000000, -0.000000000000000000, 0.000000000000000000 ) ) ;
#4204 = ORIENTED_EDGE ( 'NONE', *, *, #2434, .T. ) ;
#4205 = EDGE_CURVE ( 'NONE', #1791, #6184, #2134, .T. ) ;
#4206 = CYLINDRICAL_SURFACE ( 'NONE', #6113, 9.999999999999998224 ) ;
#4207 = DIRECTION ( 'NONE',  ( -1.000000000000000000, 0.000000000000000000, 0.000000000000000000 ) ) ;
#4208 = DIRECTION ( 'NONE',  ( -1.000000000000000000, 0.000000000000000000, -0.000000000000000000 ) ) ;
#4209 = ADVANCED_FACE ( 'NONE', ( #4802 ), #3524, .T. ) ;
#4210 = VERTEX_POINT ( 'NONE', #2800 ) ;
#4211 = ORIENTED_EDGE ( 'NONE', *, *, #3978, .F. ) ;
#4212 = DIRECTION ( 'NONE',  ( -1.000000000000000000, -0.000000000000000000, -0.000000000000000000 ) ) ;
#4213 = DIRECTION ( 'NONE',  ( 0.000000000000000000, 0.000000000000000000, 1.000000000000000000 ) ) ;
#4214 = CALENDAR_DATE ( 2025, 7, 10 ) ;
#4215 = DIRECTION ( 'NONE',  ( 1.000000000000000000, -0.000000000000000000, -0.000000000000000000 ) ) ;
#4216 = CYLINDRICAL_SURFACE ( 'NONE', #7817, 9.999999999999998224 ) ;
#4217 = DIRECTION ( 'NONE',  ( -1.000000000000000000, -0.000000000000000000, -0.000000000000000000 ) ) ;
#4218 = LOCAL_TIME ( 18, 30, 54.00000000000000000, #1296 ) ;
#4219 = ORIENTED_EDGE ( 'NONE', *, *, #5851, .F. ) ;
#4220 = DIRECTION ( 'NONE',  ( -1.000000000000000000, 0.000000000000000000, -0.000000000000000000 ) ) ;
#4221 = EDGE_LOOP ( 'NONE', ( #8470, #2787, #4115, #1280 ) ) ;
#4222 = LINE ( 'NONE', #7503, #1447 ) ;
#4223 = FACE_OUTER_BOUND ( 'NONE', #5985, .T. ) ;
#4224 = APPLICATION_PROTOCOL_DEFINITION ( 'international standard', 'config_control_design', 1994, #3075 ) ;
#4225 = CYLINDRICAL_SURFACE ( 'NONE', #7306, 9.999999999999996447 ) ;
#4226 = CARTESIAN_POINT ( 'NONE',  ( 0.000000000000000000, 0.000000000000000000, 0.000000000000000000 ) ) ;
#4227 = DIRECTION ( 'NONE',  ( -1.000000000000000000, -0.000000000000000000, 0.000000000000000000 ) ) ;
#4228 = ORIENTED_EDGE ( 'NONE', *, *, #4680, .F. ) ;
#4229 = VERTEX_POINT ( 'NONE', #4891 ) ;
#4230 = EDGE_CURVE ( 'NONE', #689, #3892, #2199, .T. ) ;
#4231 = ORIENTED_EDGE ( 'NONE', *, *, #7772, .F. ) ;
#4232 = ORIENTED_EDGE ( 'NONE', *, *, #656, .T. ) ;
#4233 = DIRECTION ( 'NONE',  ( -1.000000000000000000, -0.000000000000000000, -0.000000000000000000 ) ) ;
#4234 = EDGE_CURVE ( 'NONE', #5031, #5546, #8168, .T. ) ;
#4235 = CARTESIAN_POINT ( 'NONE',  ( 0.000000000000000000, 3.000000000000270450, 2.220446049250313081E-13 ) ) ;
#4236 = EDGE_CURVE ( 'NONE', #7624, #1049, #1851, .T. ) ;
#4237 = EDGE_CURVE ( 'NONE', #3819, #7737, #3384, .T. ) ;
#4238 = VERTEX_POINT ( 'NONE', #7459 ) ;
#4239 = EDGE_LOOP ( 'NONE', ( #5635, #4363, #6282, #4737 ) ) ;
#4240 = DIRECTION ( 'NONE',  ( 0.000000000000000000, 0.000000000000000000, 1.000000000000000000 ) ) ;
#4241 = CARTESIAN_POINT ( 'NONE',  ( 1.253146128175175456, 10.00000000000000888, 17.02734389275706306 ) ) ;
#4242 = CIRCLE ( 'NONE', #6862, 26.00000000000000000 ) ;
#4243 = DIRECTION ( 'NONE',  ( 0.000000000000000000, 0.000000000000000000, 1.000000000000000000 ) ) ;
#4244 = LINE ( 'NONE', #6960, #1363 ) ;
#4245 = ADVANCED_FACE ( 'NONE', ( #4714 ), #4187, .T. ) ;
#4246 = EDGE_CURVE ( 'NONE', #3812, #7740, #1476, .T. ) ;
#4247 = EDGE_LOOP ( 'NONE', ( #1394, #3319, #2614, #6035 ) ) ;
#4248 = AXIS2_PLACEMENT_3D ( 'NONE', #4745, #4208, #934 ) ;
#4249 = CIRCLE ( 'NONE', #3830, 17.50000000000000355 ) ;
#4250 = ORIENTED_EDGE ( 'NONE', *, *, #8359, .T. ) ;
#4251 = CIRCLE ( 'NONE', #132, 9.999999999999998224 ) ;
#4252 = PLANE ( 'NONE',  #2331 ) ;
#4253 = DIRECTION ( 'NONE',  ( -1.000000000000000000, 0.000000000000000000, 0.000000000000000000 ) ) ;
#4254 = SECURITY_CLASSIFICATION_LEVEL ( 'unclassified' ) ;
#4255 = DIRECTION ( 'NONE',  ( -1.000000000000000000, 0.000000000000000000, -0.000000000000000000 ) ) ;
#4256 = CARTESIAN_POINT ( 'NONE',  ( 3.000000000000000888, 23.74496687177445509, 0.4376634075792267264 ) ) ;
#4257 = AXIS2_PLACEMENT_3D ( 'NONE', #5801, #635, #5887 ) ;
#4258 = DIRECTION ( 'NONE',  ( -1.000000000000000000, -0.000000000000000000, -0.000000000000000000 ) ) ;
#4259 = AXIS2_PLACEMENT_3D ( 'NONE', #3120, #5004, #7619 ) ;
#4260 = VERTEX_POINT ( 'NONE', #484 ) ;
#4261 = VECTOR ( 'NONE', #2385, 1000.000000000000000 ) ;
#4262 = DIRECTION ( 'NONE',  ( -1.000000000000000000, -0.000000000000000000, 0.000000000000000000 ) ) ;
#4263 = VERTEX_POINT ( 'NONE', #3692 ) ;
#4264 = DIRECTION ( 'NONE',  ( -1.000000000000000000, 0.000000000000000000, 0.000000000000000000 ) ) ;
#4265 = DIRECTION ( 'NONE',  ( 0.000000000000000000, -0.8443279255020087470, -0.5358267949790065376 ) ) ;
#4266 = PERSON_AND_ORGANIZATION ( #1044, #909 ) ;
#4267 = DIRECTION ( 'NONE',  ( 0.000000000000000000, 0.000000000000000000, 1.000000000000000000 ) ) ;
#4268 = FACE_OUTER_BOUND ( 'NONE', #5607, .T. ) ;
#4269 = CARTESIAN_POINT ( 'NONE',  ( 0.000000000000000000, 10.50612486395233702, 21.29874036986795005 ) ) ;
#4270 = AXIS2_PLACEMENT_3D ( 'NONE', #5205, #3806, #2990 ) ;
#4271 = ORIENTED_EDGE ( 'NONE', *, *, #4060, .F. ) ;
#4272 = VERTEX_POINT ( 'NONE', #1677 ) ;
#4273 = EDGE_LOOP ( 'NONE', ( #6291, #5744, #4801, #4539 ) ) ;
#4274 = DIRECTION ( 'NONE',  ( -1.000000000000000000, -0.000000000000000000, 0.000000000000000000 ) ) ;
#4275 = CARTESIAN_POINT ( 'NONE',  ( -12.69673203797072603, 10.00000000000000888, -9.700166218278516439 ) ) ;
#4276 = AXIS2_PLACEMENT_3D ( 'NONE', #5357, #5281, #2544 ) ;
#4277 = CARTESIAN_POINT ( 'NONE',  ( 12.69673203802779149, 10.00000000000000888, 9.700166218167050047 ) ) ;
#4278 = CIRCLE ( 'NONE', #3721, 9.999999999999998224 ) ;
#4279 = EDGE_CURVE ( 'NONE', #2936, #2855, #1760, .T. ) ;
#4280 = EDGE_CURVE ( 'NONE', #7179, #765, #8345, .T. ) ;
#4281 = CIRCLE ( 'NONE', #5802, 9.999999999999998224 ) ;
#4282 = CIRCLE ( 'NONE', #8125, 10.00000000000000000 ) ;
#4283 = ORIENTED_EDGE ( 'NONE', *, *, #2354, .F. ) ;
#4284 = VERTEX_POINT ( 'NONE', #3745 ) ;
#4285 = ORIENTED_EDGE ( 'NONE', *, *, #675, .F. ) ;
#4286 = LINE ( 'NONE', #3676, #4555 ) ;
#4287 = CARTESIAN_POINT ( 'NONE',  ( 3.000000000000000888, 0.000000000000000000, 0.000000000000000000 ) ) ;
#4288 = EDGE_CURVE ( 'NONE', #5844, #7097, #441, .T. ) ;
#4289 = AXIS2_PLACEMENT_3D ( 'NONE', #3771, #463, #3027 ) ;
#4290 = CARTESIAN_POINT ( 'NONE',  ( 14.74895638493967098, 10.00000000000000888, -6.145609380895367124 ) ) ;
#4291 = DIRECTION ( 'NONE',  ( 0.000000000000000000, 0.6845471059286846183, 0.7289686274214153272 ) ) ;
#4292 = EDGE_CURVE ( 'NONE', #5662, #148, #1792, .T. ) ;
#4293 = ORIENTED_EDGE ( 'NONE', *, *, #5518, .F. ) ;
#4294 = VECTOR ( 'NONE', #6858, 1000.000000000000000 ) ;
#4295 = VERTEX_POINT ( 'NONE', #2925 ) ;
#4296 = CIRCLE ( 'NONE', #7049, 23.74900000000000588 ) ;
#4297 = CARTESIAN_POINT ( 'NONE',  ( -4.051352821171860796, 7.000000000000008882, 7.017148925649419056 ) ) ;
#4298 = CARTESIAN_POINT ( 'NONE',  ( 3.000000000000000888, 13.90434922624170433, -18.93562677150227813 ) ) ;
#4299 = DATE_AND_TIME ( #7653, #1322 ) ;
#4300 = EDGE_CURVE ( 'NONE', #3172, #6275, #2447, .T. ) ;
#4301 = DIRECTION ( 'NONE',  ( 0.000000000000000000, -0.000000000000000000, -1.000000000000000000 ) ) ;
#4302 = CARTESIAN_POINT ( 'NONE',  ( 0.000000000000000000, 18.02803414784221658, 18.73472670641968563 ) ) ;
#4303 = EDGE_CURVE ( 'NONE', #3758, #6541, #1123, .T. ) ;
#4304 = DIRECTION ( 'NONE',  ( 1.000000000000000000, 0.000000000000000000, 0.000000000000000000 ) ) ;
#4305 = CIRCLE ( 'NONE', #6778, 10.00000000000000000 ) ;
#4306 = VECTOR ( 'NONE', #2223, 1000.000000000000000 ) ;
#4307 = ORIENTED_EDGE ( 'NONE', *, *, #7857, .T. ) ;
#4308 = VERTEX_POINT ( 'NONE', #1077 ) ;
#4309 = CARTESIAN_POINT ( 'NONE',  ( 3.000000000000000888, 0.000000000000000000, 0.000000000000000000 ) ) ;
#4310 = VECTOR ( 'NONE', #5395, 1000.000000000000000 ) ;
#4311 = EDGE_LOOP ( 'NONE', ( #7201, #2603, #7224, #8338 ) ) ;
#4312 = CIRCLE ( 'NONE', #1836, 26.00000000000000000 ) ;
#4313 = DIRECTION ( 'NONE',  ( 1.000000000000000000, 0.000000000000000000, 0.000000000000000000 ) ) ;
#4314 = DIRECTION ( 'NONE',  ( -1.000000000000000000, 0.000000000000000000, -0.000000000000000000 ) ) ;
#4315 = DIRECTION ( 'NONE',  ( -1.000000000000000000, -0.000000000000000000, -0.000000000000000000 ) ) ;
#4316 = DIRECTION ( 'NONE',  ( 0.000000000000000000, 0.000000000000000000, -1.000000000000000000 ) ) ;
#4317 = LINE ( 'NONE', #4444, #607 ) ;
#4318 = AXIS2_PLACEMENT_3D ( 'NONE', #3224, #2578, #4574 ) ;
#4319 = ORIENTED_EDGE ( 'NONE', *, *, #2300, .F. ) ;
#4320 = APPROVAL ( #3956, 'UNSPECIFIED' ) ;
#4321 = ORIENTED_EDGE ( 'NONE', *, *, #5209, .F. ) ;
#4322 = ORIENTED_EDGE ( 'NONE', *, *, #5828, .F. ) ;
#4323 = DIRECTION ( 'NONE',  ( -1.000000000000000000, 0.000000000000000000, 0.000000000000000000 ) ) ;
#4324 = LINE ( 'NONE', #8274, #5549 ) ;
#4325 = CYLINDRICAL_SURFACE ( 'NONE', #7038, 9.999999999999998224 ) ;
#4326 = AXIS2_PLACEMENT_3D ( 'NONE', #5877, #8495, #2586 ) ;
#4327 = CARTESIAN_POINT ( 'NONE',  ( 0.000000000000000000, 0.000000000000000000, 0.000000000000000000 ) ) ;
#4328 = AXIS2_PLACEMENT_3D ( 'NONE', #5193, #2035, #1388 ) ;
#4329 = VERTEX_POINT ( 'NONE', #2964 ) ;
#4330 = VERTEX_POINT ( 'NONE', #8308 ) ;
#4331 = DIRECTION ( 'NONE',  ( 0.000000000000000000, 0.000000000000000000, 1.000000000000000000 ) ) ;
#4332 = EDGE_LOOP ( 'NONE', ( #4809, #2886, #811, #6856 ) ) ;
#4333 = CARTESIAN_POINT ( 'NONE',  ( 3.000000000000000888, 0.000000000000000000, 0.000000000000000000 ) ) ;
#4334 = CARTESIAN_POINT ( 'NONE',  ( 2.052224346939968136, 10.00000000000000888, 15.84577559900801624 ) ) ;
#4335 = DIRECTION ( 'NONE',  ( -0.2208460528671493117, 0.000000000000000000, 0.9753086798203942642 ) ) ;
#4336 = DIRECTION ( 'NONE',  ( 1.000000000000000000, 0.000000000000000000, 0.000000000000000000 ) ) ;
#4337 =( GEOMETRIC_REPRESENTATION_CONTEXT ( 3 ) GLOBAL_UNCERTAINTY_ASSIGNED_CONTEXT ( ( #4071 ) ) GLOBAL_UNIT_ASSIGNED_CONTEXT ( ( #751, #3526, #790 ) ) REPRESENTATION_CONTEXT ( 'NONE', 'WORKASPACE' ) );
#4338 = ORIENTED_EDGE ( 'NONE', *, *, #1746, .F. ) ;
#4339 = EDGE_CURVE ( 'NONE', #207, #416, #5092, .T. ) ;
#4340 = ORIENTED_EDGE ( 'NONE', *, *, #3921, .F. ) ;
#4341 = CARTESIAN_POINT ( 'NONE',  ( 3.000000000000000888, 6.921355658526533894, -22.71805090337159427 ) ) ;
#4342 = CONTEXT_DEPENDENT_SHAPE_REPRESENTATION ( #8352, #7925 ) ;
#4343 = EDGE_CURVE ( 'NONE', #8462, #4688, #7706, .T. ) ;
#4344 = CC_DESIGN_APPROVAL ( #3461, ( #684 ) ) ;
#4345 = DIRECTION ( 'NONE',  ( 0.000000000000000000, 0.000000000000000000, 1.000000000000000000 ) ) ;
#4346 = FACE_OUTER_BOUND ( 'NONE', #3985, .T. ) ;
#4347 = FACE_OUTER_BOUND ( 'NONE', #413, .T. ) ;
#4348 = VERTEX_POINT ( 'NONE', #6431 ) ;
#4349 = EDGE_CURVE ( 'NONE', #4903, #3417, #7709, .T. ) ;
#4350 = ADVANCED_FACE ( 'NONE', ( #7539 ), #1633, .T. ) ;
#4351 = ORIENTED_EDGE ( 'NONE', *, *, #1809, .T. ) ;
#4352 = CARTESIAN_POINT ( 'NONE',  ( 3.000000000000000888, 0.000000000000000000, 0.000000000000000000 ) ) ;
#4353 = ORIENTED_EDGE ( 'NONE', *, *, #787, .F. ) ;
#4354 = DIRECTION ( 'NONE',  ( 1.000000000000000000, 0.000000000000000000, -0.000000000000000000 ) ) ;
#4355 = CARTESIAN_POINT ( 'NONE',  ( -8.102705642371589079, 7.000000000000008882, -5.617728504603292095E-11 ) ) ;
#4356 = DIRECTION ( 'NONE',  ( -3.491481338843133355E-15, 1.000000000000000000, 3.491481338843133355E-15 ) ) ;
#4357 = CARTESIAN_POINT ( 'NONE',  ( 0.000000000000000000, -1.927758584903859207, -23.67063049093389893 ) ) ;
#4358 = DIRECTION ( 'NONE',  ( 1.000000000000000000, 0.000000000000000000, 0.000000000000000000 ) ) ;
#4359 = DIRECTION ( 'NONE',  ( -1.000000000000000000, -0.000000000000000000, -0.000000000000000000 ) ) ;
#4360 = ORIENTED_EDGE ( 'NONE', *, *, #6461, .F. ) ;
#4361 = EDGE_CURVE ( 'NONE', #4161, #1698, #4412, .T. ) ;
#4362 = ORIENTED_EDGE ( 'NONE', *, *, #2176, .T. ) ;
#4363 = ORIENTED_EDGE ( 'NONE', *, *, #6861, .T. ) ;
#4364 = CARTESIAN_POINT ( 'NONE',  ( 0.000000000000000000, 11.42144594672578961, -20.52899074774362020 ) ) ;
#4365 = FACE_OUTER_BOUND ( 'NONE', #4986, .T. ) ;
#4366 = CARTESIAN_POINT ( 'NONE',  ( 0.000000000000000000, 0.000000000000000000, 0.000000000000000000 ) ) ;
#4367 = CARTESIAN_POINT ( 'NONE',  ( 3.000000000000002665, -2.999999999999826361, 2.224119989647754883E-13 ) ) ;
#4368 = ORIENTED_EDGE ( 'NONE', *, *, #617, .F. ) ;
#4369 = CARTESIAN_POINT ( 'NONE',  ( 3.000000000000000888, 19.82974763304120813, -16.81609671742811329 ) ) ;
#4370 = B_SPLINE_CURVE_WITH_KNOTS ( 'NONE', 2,
 ( #1775, #5746, #3798, #3015, #3142 ),
 .UNSPECIFIED., .F., .F.,
 ( 3, 1, 1, 3 ),
 ( 0.002399098765690322026, 0.3755997746914085944, 0.6244002253085541021, 0.9976009012342723636 ),
 .UNSPECIFIED. ) ;
#4371 = VERTEX_POINT ( 'NONE', #6341 ) ;
#4372 = CYLINDRICAL_SURFACE ( 'NONE', #2902, 9.999999999999998224 ) ;
#4373 = DIRECTION ( 'NONE',  ( -1.000000000000000000, 0.000000000000000000, 0.000000000000000000 ) ) ;
#4374 = FACE_OUTER_BOUND ( 'NONE', #712, .T. ) ;
#4375 = DIRECTION ( 'NONE',  ( 0.000000000000000000, -0.6845471059286950544, 0.7289686274214053352 ) ) ;
#4376 = ORIENTED_EDGE ( 'NONE', *, *, #1628, .T. ) ;
#4377 = VERTEX_POINT ( 'NONE', #5700 ) ;
#4378 = CIRCLE ( 'NONE', #2471, 9.999999999999996447 ) ;
#4379 = CARTESIAN_POINT ( 'NONE',  ( 1.500000000000000444, -2.943853573238456534, 25.83280329618392557 ) ) ;
#4380 = APPROVAL_ROLE ( '' ) ;
#4381 = DIRECTION ( 'NONE',  ( 0.000000000000000000, 0.000000000000000000, 1.000000000000000000 ) ) ;
#4382 = DIRECTION ( 'NONE',  ( -1.000000000000000000, 0.000000000000000000, -0.000000000000000000 ) ) ;
#4383 = DIRECTION ( 'NONE',  ( 0.000000000000000000, 0.9048270524660174674, 0.4257792915650767673 ) ) ;
#4384 = EDGE_CURVE ( 'NONE', #2590, #4595, #359, .T. ) ;
#4385 = VECTOR ( 'NONE', #6192, 1000.000000000000000 ) ;
#4386 = CIRCLE ( 'NONE', #700, 9.999999999999996447 ) ;
#4387 = ORIENTED_EDGE ( 'NONE', *, *, #1289, .F. ) ;
#4388 = EDGE_CURVE ( 'NONE', #3147, #7991, #6863, .T. ) ;
#4389 = EDGE_LOOP ( 'NONE', ( #7117, #6430, #702, #8460 ) ) ;
#4390 = FACE_OUTER_BOUND ( 'NONE', #4887, .T. ) ;
#4391 = ORIENTED_EDGE ( 'NONE', *, *, #3155, .F. ) ;
#4392 = CARTESIAN_POINT ( 'NONE',  ( 3.000000000000000888, -23.43820135222873091, -1.593614133755546725 ) ) ;
#4393 = CARTESIAN_POINT ( 'NONE',  ( 1.500000000000000444, 15.53779383581486151, -20.84650960510449025 ) ) ;
#4394 = VECTOR ( 'NONE', #7436, 1000.000000000000000 ) ;
#4395 = VECTOR ( 'NONE', #8475, 1000.000000000000000 ) ;
#4396 = FACE_OUTER_BOUND ( 'NONE', #114, .T. ) ;
#4397 = CARTESIAN_POINT ( 'NONE',  ( 3.000000000000000888, 21.20563999867581373, 10.10988233766755862 ) ) ;
#4398 = DIRECTION ( 'NONE',  ( 0.000000000000000000, 0.8443279255020125218, 0.5358267949790006535 ) ) ;
#4399 = EDGE_CURVE ( 'NONE', #1697, #7265, #7553, .T. ) ;
#4400 = ORIENTED_EDGE ( 'NONE', *, *, #3493, .F. ) ;
#4401 = AXIS2_PLACEMENT_3D ( 'NONE', #6352, #8404, #1136 ) ;
#4402 = CIRCLE ( 'NONE', #5514, 9.999999999999998224 ) ;
#4403 = VERTEX_POINT ( 'NONE', #393 ) ;
#4404 = EDGE_LOOP ( 'NONE', ( #2427, #5415, #3001, #2579 ) ) ;
#4405 = DIRECTION ( 'NONE',  ( -0.7342190668223670391, 0.000000000000000000, -0.6789126320186510410 ) ) ;
#4406 = DIRECTION ( 'NONE',  ( -1.000000000000000000, -0.000000000000000000, 0.000000000000000000 ) ) ;
#4407 = CARTESIAN_POINT ( 'NONE',  ( 2.050538145102809295, 10.00000000000000888, -15.85322226736063378 ) ) ;
#4408 = DIRECTION ( 'NONE',  ( -1.000000000000000000, 0.000000000000000000, -0.000000000000000000 ) ) ;
#4409 = ADVANCED_FACE ( 'NONE', ( #5057 ), #3002, .T. ) ;
#4410 = EDGE_CURVE ( 'NONE', #743, #2043, #3554, .T. ) ;
#4411 = AXIS2_PLACEMENT_3D ( 'NONE', #4156, #3501, #8154 ) ;
#4412 = CIRCLE ( 'NONE', #680, 26.00000000000000000 ) ;
#4413 = ORIENTED_EDGE ( 'NONE', *, *, #3035, .F. ) ;
#4414 = LINE ( 'NONE', #7041, #2060 ) ;
#4415 = VERTEX_POINT ( 'NONE', #6512 ) ;
#4416 = AXIS2_PLACEMENT_3D ( 'NONE', #5155, #6443, #3144 ) ;
#4417 = CYLINDRICAL_SURFACE ( 'NONE', #7175, 23.74900000000000233 ) ;
#4418 = LINE ( 'NONE', #3076, #43 ) ;
#4419 = FACE_OUTER_BOUND ( 'NONE', #8256, .T. ) ;
#4420 = VECTOR ( 'NONE', #5822, 1000.000000000000000 ) ;
#4421 = ORIENTED_EDGE ( 'NONE', *, *, #6618, .F. ) ;
#4422 = ORIENTED_EDGE ( 'NONE', *, *, #8501, .F. ) ;
#4423 = VERTEX_POINT ( 'NONE', #3954 ) ;
#4424 = AXIS2_PLACEMENT_3D ( 'NONE', #4366, #6988, #8319 ) ;
#4425 = DIRECTION ( 'NONE',  ( 0.9550651196894797135, 0.000000000000000000, 0.2963960478017879652 ) ) ;
#4426 = CYLINDRICAL_SURFACE ( 'NONE', #4024, 9.999999999999998224 ) ;
#4427 = DIRECTION ( 'NONE',  ( 0.000000000000000000, 0.6845471059286846183, 0.7289686274214153272 ) ) ;
#4428 = DIRECTION ( 'NONE',  ( 0.000000000000000000, 0.000000000000000000, -1.000000000000000000 ) ) ;
#4429 = AXIS2_PLACEMENT_3D ( 'NONE', #578, #3189, #5835 ) ;
#4430 = CIRCLE ( 'NONE', #3459, 26.00000000000000000 ) ;
#4431 = VECTOR ( 'NONE', #1494, 1000.000000000000000 ) ;
#4432 = VERTEX_POINT ( 'NONE', #4653 ) ;
#4433 = EDGE_LOOP ( 'NONE', ( #5087, #884, #5024, #4138 ) ) ;
#4434 = LINE ( 'NONE', #1631, #1527 ) ;
#4435 = ADVANCED_FACE ( 'NONE', ( #7274 ), #1940, .T. ) ;
#4436 = VERTEX_POINT ( 'NONE', #6588 ) ;
#4437 = DIRECTION ( 'NONE',  ( 1.000000000000000000, -0.000000000000000000, -0.000000000000000000 ) ) ;
#4438 = CYLINDRICAL_SURFACE ( 'NONE', #7196, 9.999999999999998224 ) ;
#4439 = PERSON_AND_ORGANIZATION ( #1044, #909 ) ;
#4440 = AXIS2_PLACEMENT_3D ( 'NONE', #6891, #2801, #5576 ) ;
#4441 = CARTESIAN_POINT ( 'NONE',  ( 3.000000000000000888, 0.000000000000000000, 0.000000000000000000 ) ) ;
#4442 = DIRECTION ( 'NONE',  ( -1.000000000000000000, -0.000000000000000000, 0.000000000000000000 ) ) ;
#4443 = AXIS2_PLACEMENT_3D ( 'NONE', #2824, #5471, #8074 ) ;
#4444 = CARTESIAN_POINT ( 'NONE',  ( 3.000000000000000888, 23.10781753700498342, 5.481219725251404107 ) ) ;
#4445 = VERTEX_POINT ( 'NONE', #691 ) ;
#4446 = B_SPLINE_CURVE_WITH_KNOTS ( 'NONE', 2,
 ( #8500, #4596, #6537, #3413, #1401 ),
 .UNSPECIFIED., .F., .F.,
 ( 3, 1, 1, 3 ),
 ( 0.002399098765463499559, 0.3755997746914047641, 0.6244002253086988752, 0.9976009012346401805 ),
 .UNSPECIFIED. ) ;
#4447 = AXIS2_PLACEMENT_3D ( 'NONE', #2110, #4752, #7404 ) ;
#4448 = CIRCLE ( 'NONE', #741, 17.50000000000000355 ) ;
#4449 = VERTEX_POINT ( 'NONE', #5138 ) ;
#4450 = EDGE_CURVE ( 'NONE', #4330, #4348, #4251, .T. ) ;
#4451 = ORIENTED_EDGE ( 'NONE', *, *, #8443, .F. ) ;
#4452 = CARTESIAN_POINT ( 'NONE',  ( 0.000000000000000000, 7.000000000000008882, 0.000000000000000000 ) ) ;
#4453 = DIRECTION ( 'NONE',  ( -1.000000000000000000, -0.000000000000000000, -0.000000000000000000 ) ) ;
#4454 = CARTESIAN_POINT ( 'NONE',  ( 0.000000000000000000, 0.000000000000000000, 0.000000000000000000 ) ) ;
#4455 = DIRECTION ( 'NONE',  ( 0.000000000000000000, 0.000000000000000000, 1.000000000000000000 ) ) ;
#4456 = EDGE_CURVE ( 'NONE', #1408, #2963, #5315, .T. ) ;
#4457 = AXIS2_PLACEMENT_3D ( 'NONE', #1326, #3991, #5890 ) ;
#4458 = VERTEX_POINT ( 'NONE', #2492 ) ;
#4459 = DIRECTION ( 'NONE',  ( -1.000000000000000000, 0.000000000000000000, 0.000000000000000000 ) ) ;
#4460 = ADVANCED_FACE ( 'NONE', ( #1251 ), #7919, .T. ) ;
#4461 = VECTOR ( 'NONE', #6043, 1000.000000000000000 ) ;
#4462 = ORIENTED_EDGE ( 'NONE', *, *, #7365, .F. ) ;
#4463 = EDGE_CURVE ( 'NONE', #4377, #238, #7281, .T. ) ;
#4464 = CARTESIAN_POINT ( 'NONE',  ( 3.000000000000000888, 23.38875284200453208, -11.35633041504274665 ) ) ;
#4465 = DIRECTION ( 'NONE',  ( 0.000000000000000000, 0.000000000000000000, -1.000000000000000000 ) ) ;
#4466 = LINE ( 'NONE', #5800, #7746 ) ;
#4467 = CARTESIAN_POINT ( 'NONE',  ( 0.000000000000000000, 4.019451921852294163, -23.40638817177733699 ) ) ;
#4468 = AXIS2_PLACEMENT_3D ( 'NONE', #7119, #2630, #5912 ) ;
#4469 = ORIENTED_EDGE ( 'NONE', *, *, #7204, .T. ) ;
#4470 = ORIENTED_EDGE ( 'NONE', *, *, #1022, .T. ) ;
#4471 = DIRECTION ( 'NONE',  ( -1.000000000000000000, -0.000000000000000000, 0.000000000000000000 ) ) ;
#4472 = CARTESIAN_POINT ( 'NONE',  ( 1.665334536937734811E-11, 7.000000000000008882, 17.49316402681056104 ) ) ;
#4473 = FACE_OUTER_BOUND ( 'NONE', #5172, .T. ) ;
#4474 = CARTESIAN_POINT ( 'NONE',  ( 3.000000000000000888, 23.61258448579739522, -2.541821178029707085 ) ) ;
#4475 = CC_DESIGN_DATE_AND_TIME_ASSIGNMENT ( #3790, #1253, ( #6995 ) ) ;
#4476 = ORIENTED_EDGE ( 'NONE', *, *, #1509, .T. ) ;
#4477 = EDGE_LOOP ( 'NONE', ( #2175, #4285, #919, #7053 ) ) ;
#4478 = FACE_OUTER_BOUND ( 'NONE', #7348, .T. ) ;
#4479 = ORIENTED_EDGE ( 'NONE', *, *, #3655, .F. ) ;
#4480 = LINE ( 'NONE', #7107, #275 ) ;
#4481 = DIRECTION ( 'NONE',  ( -1.000000000000000000, -0.000000000000000000, 0.000000000000000000 ) ) ;
#4482 = PERSON_AND_ORGANIZATION_ROLE ( 'classification_officer' ) ;
#4483 = CYLINDRICAL_SURFACE ( 'NONE', #3169, 23.74900000000000233 ) ;
#4484 = CARTESIAN_POINT ( 'NONE',  ( 0.000000000000000000, 0.3170683606146980082, -25.99806661378297434 ) ) ;
#4485 = CARTESIAN_POINT ( 'NONE',  ( 0.000000000000000000, -19.89860609720107121, -12.48736817841751190 ) ) ;
#4486 = EDGE_LOOP ( 'NONE', ( #1331, #5210, #2951, #8050 ) ) ;
#4487 = EDGE_LOOP ( 'NONE', ( #1579, #4908 ) ) ;
#4488 = VERTEX_POINT ( 'NONE', #5818 ) ;
#4489 = CARTESIAN_POINT ( 'NONE',  ( 3.000000000000000888, -6.158349177668043239, -25.26014123883545182 ) ) ;
#4490 = DIRECTION ( 'NONE',  ( -1.000000000000000000, 0.000000000000000000, 0.000000000000000000 ) ) ;
#4491 = CARTESIAN_POINT ( 'NONE',  ( 3.000000000000000888, 0.000000000000000000, 0.000000000000000000 ) ) ;
#4492 = CARTESIAN_POINT ( 'NONE',  ( 3.000000000000000888, 23.09816287601901763, 4.285295834340878685 ) ) ;
#4493 = EDGE_CURVE ( 'NONE', #6095, #8280, #3915, .T. ) ;
#4494 = LOCAL_TIME ( 18, 30, 54.00000000000000000, #5900 ) ;
#4495 = ORIENTED_EDGE ( 'NONE', *, *, #2416, .T. ) ;
#4496 = EDGE_CURVE ( 'NONE', #7444, #2850, #4386, .T. ) ;
#4497 = DESIGN_CONTEXT ( 'detailed design', #3957, 'design' ) ;
#4498 = DIRECTION ( 'NONE',  ( 1.000000000000000000, 0.000000000000000000, 0.000000000000000000 ) ) ;
#4499 = VERTEX_POINT ( 'NONE', #2573 ) ;
#4500 = CARTESIAN_POINT ( 'NONE',  ( 1.541888672427956575, 7.000000000000007994, -16.91572086604928415 ) ) ;
#4501 = CARTESIAN_POINT ( 'NONE',  ( 3.000000000000000888, 12.24681498829439263, -22.93502828955063677 ) ) ;
#4502 = DIRECTION ( 'NONE',  ( -1.000000000000000000, -0.000000000000000000, 0.000000000000000000 ) ) ;
#4503 = CARTESIAN_POINT ( 'NONE',  ( 15.37268543418457512, 7.000000000000008882, -7.428415564783019676 ) ) ;
#4504 = EDGE_CURVE ( 'NONE', #1344, #2333, #4695, .T. ) ;
#4505 = ORIENTED_EDGE ( 'NONE', *, *, #6873, .F. ) ;
#4506 = EDGE_LOOP ( 'NONE', ( #2831, #775, #8152, #7952 ) ) ;
#4507 = CYLINDRICAL_SURFACE ( 'NONE', #3764, 9.999999999999998224 ) ;
#4508 = CALENDAR_DATE ( 2025, 7, 10 ) ;
#4509 = VECTOR ( 'NONE', #4560, 1000.000000000000000 ) ;
#4510 = DIRECTION ( 'NONE',  ( 0.000000000000000000, 0.000000000000000000, 1.000000000000000000 ) ) ;
#4511 = CARTESIAN_POINT ( 'NONE',  ( 3.000000000000000888, 0.000000000000000000, 0.000000000000000000 ) ) ;
#4512 = APPLICATION_CONTEXT ( 'configuration controlled 3d designs of mechanical parts and assemblies' ) ;
#4513 = DIRECTION ( 'NONE',  ( -1.000000000000000000, 0.000000000000000000, 0.000000000000000000 ) ) ;
#4514 = EDGE_CURVE ( 'NONE', #2855, #8434, #2071, .T. ) ;
#4515 = ADVANCED_FACE ( 'NONE', ( #3129 ), #3823, .T. ) ;
#4516 = ORIENTED_EDGE ( 'NONE', *, *, #7131, .F. ) ;
#4517 = ORIENTED_EDGE ( 'NONE', *, *, #5729, .F. ) ;
#4518 = DIRECTION ( 'NONE',  ( 0.000000000000000000, 0.000000000000000000, 1.000000000000000000 ) ) ;
#4519 = ORIENTED_EDGE ( 'NONE', *, *, #1241, .F. ) ;
#4520 = LINE ( 'NONE', #7147, #6595 ) ;
#4521 = CARTESIAN_POINT ( 'NONE',  ( 3.000000000000000888, 0.000000000000000000, 0.000000000000000000 ) ) ;
#4522 = APPLICATION_PROTOCOL_DEFINITION ( 'international standard', 'config_control_design', 1994, #2042 ) ;
#4523 = FACE_OUTER_BOUND ( 'NONE', #147, .T. ) ;
#4524 = CARTESIAN_POINT ( 'NONE',  ( 3.000000000000000888, -22.30553143780307224, -7.372391464925130755 ) ) ;
#4525 = DIRECTION ( 'NONE',  ( 1.000000000000000000, 0.000000000000000000, 0.000000000000000000 ) ) ;
#4526 = CIRCLE ( 'NONE', #812, 9.999999999999998224 ) ;
#4527 = ORIENTED_EDGE ( 'NONE', *, *, #7505, .T. ) ;
#4528 = LINE ( 'NONE', #99, #569 ) ;
#4529 = CIRCLE ( 'NONE', #5637, 26.00000000000000000 ) ;
#4530 = ORIENTED_EDGE ( 'NONE', *, *, #6773, .F. ) ;
#4531 = DIRECTION ( 'NONE',  ( -1.000000000000000000, 0.000000000000000000, 0.000000000000000000 ) ) ;
#4532 = DIRECTION ( 'NONE',  ( 0.000000000000000000, -0.7705132427757817037, -0.6374239897486988493 ) ) ;
#4533 = CARTESIAN_POINT ( 'NONE',  ( -4.051352821171860796, 7.000000000000008882, 7.017148925649419056 ) ) ;
#4534 = ADVANCED_BREP_SHAPE_REPRESENTATION ( '', ( #5497, #4766 ), #4775 ) ;
#4535 = DIRECTION ( 'NONE',  ( -1.000000000000000000, -0.000000000000000000, -0.000000000000000000 ) ) ;
#4536 = CYLINDRICAL_SURFACE ( 'NONE', #7489, 9.999999999999998224 ) ;
#4537 = CIRCLE ( 'NONE', #685, 17.50000000000000355 ) ;
#4538 = CIRCLE ( 'NONE', #4965, 23.74900000000000233 ) ;
#4539 = ORIENTED_EDGE ( 'NONE', *, *, #6338, .T. ) ;
#4540 = DIRECTION ( 'NONE',  ( -1.000000000000000000, -0.000000000000000000, -0.000000000000000000 ) ) ;
#4541 = ORIENTED_EDGE ( 'NONE', *, *, #7089, .F. ) ;
#4542 = DIRECTION ( 'NONE',  ( -1.000000000000000000, -0.000000000000000000, 0.000000000000000000 ) ) ;
#4543 = EDGE_CURVE ( 'NONE', #7574, #4149, #4480, .T. ) ;
#4544 = FACE_OUTER_BOUND ( 'NONE', #4239, .T. ) ;
#4545 = AXIS2_PLACEMENT_3D ( 'NONE', #3327, #153, #7906 ) ;
#4546 = CARTESIAN_POINT ( 'NONE',  ( 3.000000000000000888, 9.865329348983678415, 24.05567036763018862 ) ) ;
#4547 = EDGE_CURVE ( 'NONE', #2944, #7087, #1773, .T. ) ;
#4548 = CARTESIAN_POINT ( 'NONE',  ( 0.000000000000000000, -12.24681498829422566, 22.93502828955071493 ) ) ;
#4549 = VECTOR ( 'NONE', #3311, 1000.000000000000000 ) ;
#4550 = AXIS2_PLACEMENT_3D ( 'NONE', #3968, #2078, #17 ) ;
#4551 = ORIENTED_EDGE ( 'NONE', *, *, #313, .T. ) ;
#4552 = VERTEX_POINT ( 'NONE', #563 ) ;
#4553 = EDGE_CURVE ( 'NONE', #6621, #938, #6999, .T. ) ;
#4554 = LINE ( 'NONE', #1197, #4881 ) ;
#4555 = VECTOR ( 'NONE', #5630, 1000.000000000000000 ) ;
#4556 = CARTESIAN_POINT ( 'NONE',  ( -10.00000000000000000, 0.000000000000000000, 0.000000000000000000 ) ) ;
#4557 = DIRECTION ( 'NONE',  ( -1.000000000000000000, 0.000000000000000000, 0.000000000000000000 ) ) ;
#4558 = AXIS2_PLACEMENT_3D ( 'NONE', #4066, #1391, #7934 ) ;
#4559 = EDGE_CURVE ( 'NONE', #7623, #7085, #11, .T. ) ;
#4560 = DIRECTION ( 'NONE',  ( -0.2208460528671492562, 0.000000000000000000, 0.9753086798203942642 ) ) ;
#4561 = VERTEX_POINT ( 'NONE', #5183 ) ;
#4562 = AXIS2_PLACEMENT_3D ( 'NONE', #2558, #1741, #5203 ) ;
#4563 = ORIENTED_EDGE ( 'NONE', *, *, #667, .F. ) ;
#4564 = AXIS2_PLACEMENT_3D ( 'NONE', #4969, #5143, #3053 ) ;
#4565 = DIRECTION ( 'NONE',  ( -1.000000000000000000, -0.000000000000000000, 0.000000000000000000 ) ) ;
#4566 = EDGE_CURVE ( 'NONE', #7841, #7014, #4520, .T. ) ;
#4567 = ORIENTED_EDGE ( 'NONE', *, *, #6205, .F. ) ;
#4568 = EDGE_CURVE ( 'NONE', #1462, #2807, #4837, .T. ) ;
#4569 = DIRECTION ( 'NONE',  ( -1.000000000000000000, 0.000000000000000000, 0.000000000000000000 ) ) ;
#4570 = DIRECTION ( 'NONE',  ( 0.000000000000000000, -0.3681245526846653182, -0.9297764858882563432 ) ) ;
#4571 = APPROVAL_STATUS ( 'not_yet_approved' ) ;
#4572 = DIRECTION ( 'NONE',  ( -1.000000000000000000, 0.000000000000000000, -0.000000000000000000 ) ) ;
#4573 = DIRECTION ( 'NONE',  ( -1.000000000000000000, -0.000000000000000000, -0.000000000000000000 ) ) ;
#4574 = DIRECTION ( 'NONE',  ( 0.000000000000000000, 0.000000000000000000, -1.000000000000000000 ) ) ;
#4575 = AXIS2_PLACEMENT_3D ( 'NONE', #5788, #2384, #1735 ) ;
#4576 = CIRCLE ( 'NONE', #1960, 10.00000000000000000 ) ;
#4577 = ORIENTED_EDGE ( 'NONE', *, *, #1497, .T. ) ;
#4578 = DIRECTION ( 'NONE',  ( 0.000000000000000000, -0.2486898871648415832, -0.9685831611286345177 ) ) ;
#4579 = CIRCLE ( 'NONE', #593, 23.74900000000000233 ) ;
#4580 = ORIENTED_EDGE ( 'NONE', *, *, #7445, .F. ) ;
#4581 = ADVANCED_FACE ( 'NONE', ( #6069 ), #169, .T. ) ;
#4582 = AXIS2_PLACEMENT_3D ( 'NONE', #7618, #8212, #6966 ) ;
#4583 = CARTESIAN_POINT ( 'NONE',  ( -12.69673203797372452, 7.000000000000008882, 9.700166218166828003 ) ) ;
#4584 = CYLINDRICAL_SURFACE ( 'NONE', #3739, 9.999999999999998224 ) ;
#4585 = DIRECTION ( 'NONE',  ( -1.000000000000000000, -0.000000000000000000, 0.000000000000000000 ) ) ;
#4586 = CYLINDRICAL_SURFACE ( 'NONE', #3163, 9.999999999999998224 ) ;
#4587 = DIRECTION ( 'NONE',  ( 0.000000000000000000, 0.4817536741017162116, -0.8763066800438630288 ) ) ;
#4588 = CIRCLE ( 'NONE', #2712, 10.00000000000000000 ) ;
#4589 = ADVANCED_FACE ( 'NONE', ( #6155 ), #2703, .T. ) ;
#4590 = AXIS2_PLACEMENT_3D ( 'NONE', #4762, #5489, #1634 ) ;
#4591 = AXIS2_PLACEMENT_3D ( 'NONE', #294, #5037, #7687 ) ;
#4592 = ORIENTED_EDGE ( 'NONE', *, *, #1945, .T. ) ;
#4593 = ORIENTED_EDGE ( 'NONE', *, *, #1289, .T. ) ;
#4594 = LINE ( 'NONE', #5334, #5783 ) ;
#4595 = VERTEX_POINT ( 'NONE', #4052 ) ;
#4596 = CARTESIAN_POINT ( 'NONE',  ( -15.37268543418823796, 7.000000000000008882, 7.428415564729728970 ) ) ;
#4597 = CIRCLE ( 'NONE', #1287, 9.999999999999998224 ) ;
#4598 = DIRECTION ( 'NONE',  ( -1.000000000000000000, 0.000000000000000000, 0.000000000000000000 ) ) ;
#4599 = CIRCLE ( 'NONE', #7205, 9.999999999999998224 ) ;
#4600 = DIRECTION ( 'NONE',  ( 0.000000000000000000, 0.000000000000000000, 1.000000000000000000 ) ) ;
#4601 = CARTESIAN_POINT ( 'NONE',  ( 0.000000000000000000, -12.24681498829390591, -22.93502828955088901 ) ) ;
#4602 = AXIS2_PLACEMENT_3D ( 'NONE', #1283, #7780, #6543 ) ;
#4603 = CIRCLE ( 'NONE', #8160, 9.999999999999998224 ) ;
#4604 = ORIENTED_EDGE ( 'NONE', *, *, #3331, .T. ) ;
#4605 = EDGE_LOOP ( 'NONE', ( #1676, #5469, #7940, #7556 ) ) ;
#4606 = CARTESIAN_POINT ( 'NONE',  ( 1.500000000000000444, 23.65875512592457497, 10.78254635471313705 ) ) ;
#4607 = CARTESIAN_POINT ( 'NONE',  ( 3.000000000000000888, 15.53779383581457552, 20.84650960510469986 ) ) ;
#4608 = CARTESIAN_POINT ( 'NONE',  ( -15.06884202585413313, 7.000000000000008882, 8.699999999993091038 ) ) ;
#4609 = CARTESIAN_POINT ( 'NONE',  ( 0.000000000000000000, 1.927758584904034622, 23.67063049093388472 ) ) ;
#4610 = CARTESIAN_POINT ( 'NONE',  ( -14.11953930603304741, 10.00000000000000888, 9.598928328002465094 ) ) ;
#4611 = ADVANCED_FACE ( 'NONE', ( #1547 ), #5519, .T. ) ;
#4612 = ORIENTED_EDGE ( 'NONE', *, *, #8344, .F. ) ;
#4613 = ORIENTED_EDGE ( 'NONE', *, *, #3970, .F. ) ;
#4614 = EDGE_CURVE ( 'NONE', #2271, #389, #3975, .T. ) ;
#4615 = DIRECTION ( 'NONE',  ( 0.000000000000000000, -0.9980267284282708928, -0.06279051952932448999 ) ) ;
#4616 = DIRECTION ( 'NONE',  ( 1.000000000000000000, 0.000000000000000000, 0.000000000000000000 ) ) ;
#4617 = FACE_OUTER_BOUND ( 'NONE', #2263, .T. ) ;
#4618 = DATE_AND_TIME ( #8442, #4494 ) ;
#4619 = CARTESIAN_POINT ( 'NONE',  ( -12.69673203797072603, 7.000000000000008882, -9.700166218278516439 ) ) ;
#4620 = DIRECTION ( 'NONE',  ( -0.000000000000000000, 1.000000000000000000, -0.000000000000000000 ) ) ;
#4621 = CARTESIAN_POINT ( 'NONE',  ( 0.000000000000000000, 7.000000000000008882, 1.600000000000000089 ) ) ;
#4622 = B_SPLINE_CURVE_WITH_KNOTS ( 'NONE', 2,
 ( #7766, #1868, #1054, #579, #3672 ),
 .UNSPECIFIED., .F., .F.,
 ( 3, 1, 1, 3 ),
 ( 0.002399098765545784433, 0.3755997746914068181, 0.6244002253086475829, 0.9976009012345085081 ),
 .UNSPECIFIED. ) ;
#4623 = EDGE_CURVE ( 'NONE', #1046, #806, #5441, .T. ) ;
#4624 = ADVANCED_FACE ( 'NONE', ( #3428 ), #778, .T. ) ;
#4625 = ORIENTED_EDGE ( 'NONE', *, *, #1723, .F. ) ;
#4626 = EDGE_LOOP ( 'NONE', ( #5970, #980, #7928, #717 ) ) ;
#4627 = ORIENTED_EDGE ( 'NONE', *, *, #3856, .T. ) ;
#4628 = DIRECTION ( 'NONE',  ( -1.000000000000000000, 0.000000000000000000, 0.000000000000000000 ) ) ;
#4629 = CARTESIAN_POINT ( 'NONE',  ( 3.000000000000000888, 23.05365132147766971, -4.518633574727327407 ) ) ;
#4630 = DIRECTION ( 'NONE',  ( 0.000000000000000000, 0.000000000000000000, 1.000000000000000000 ) ) ;
#4631 = DIRECTION ( 'NONE',  ( 0.000000000000000000, -0.1253332335643113082, 0.9921147013144767657 ) ) ;
#4632 = DIRECTION ( 'NONE',  ( -1.000000000000000000, 0.000000000000000000, -0.000000000000000000 ) ) ;
#4633 = EDGE_CURVE ( 'NONE', #2543, #1791, #6181, .T. ) ;
#4634 = EDGE_CURVE ( 'NONE', #6361, #1332, #2739, .T. ) ;
#4635 = EDGE_LOOP ( 'NONE', ( #5385, #3061, #6009, #6408 ) ) ;
#4636 = ORIENTED_EDGE ( 'NONE', *, *, #5204, .F. ) ;
#4637 = PRODUCT_DEFINITION_SHAPE ( 'NONE', 'NONE',  #5541 ) ;
#4638 = CARTESIAN_POINT ( 'NONE',  ( 0.000000000000000000, -23.61258448579734193, -2.541821178030204464 ) ) ;
#4639 = ORIENTED_EDGE ( 'NONE', *, *, #7310, .T. ) ;
#4640 = CARTESIAN_POINT ( 'NONE',  ( 3.000000000000000888, -9.714105481847896684, -21.67143640111408942 ) ) ;
#4641 = CC_DESIGN_PERSON_AND_ORGANIZATION_ASSIGNMENT ( #126, #5350, ( #7851 ) ) ;
#4642 = CARTESIAN_POINT ( 'NONE',  ( 1.499999999999999556, 12.24681498829439263, -22.93502828955063677 ) ) ;
#4643 = LINE ( 'NONE', #8146, #7061 ) ;
#4644 = ORIENTED_EDGE ( 'NONE', *, *, #2655, .T. ) ;
#4645 = VERTEX_POINT ( 'NONE', #4173 ) ;
#4646 = DIRECTION ( 'NONE',  ( -0.000000000000000000, -1.000000000000000000, -0.000000000000000000 ) ) ;
#4647 = DIRECTION ( 'NONE',  ( 0.9550651196895028061, 0.000000000000000000, -0.2963960478017134692 ) ) ;
#4648 = LINE ( 'NONE', #7183, #2505 ) ;
#4649 = CARTESIAN_POINT ( 'NONE',  ( -10.00000000000000000, 0.000000000000000000, 0.000000000000000000 ) ) ;
#4650 = ORIENTED_EDGE ( 'NONE', *, *, #3181, .T. ) ;
#4651 = ORIENTED_EDGE ( 'NONE', *, *, #7545, .F. ) ;
#4652 = CARTESIAN_POINT ( 'NONE',  ( -12.69673203797072603, 7.000000000000008882, -9.700166218278516439 ) ) ;
#4653 = CARTESIAN_POINT ( 'NONE',  ( 3.000000000000000888, -24.62765115230525481, -8.335394335024435719 ) ) ;
#4654 = DIRECTION ( 'NONE',  ( 0.000000000000000000, 0.7705132427757903635, -0.6374239897486881912 ) ) ;
#4655 = APPROVAL_STATUS ( 'not_yet_approved' ) ;
#4656 = EDGE_CURVE ( 'NONE', #4149, #2515, #7559, .T. ) ;
#4657 = CARTESIAN_POINT ( 'NONE',  ( 0.000000000000000000, 15.02476645158323976, 21.21924581778011287 ) ) ;
#4658 = FACE_OUTER_BOUND ( 'NONE', #8351, .T. ) ;
#4659 = CYLINDRICAL_SURFACE ( 'NONE', #1988, 9.999999999999998224 ) ;
#4660 = EDGE_CURVE ( 'NONE', #3681, #5882, #1235, .T. ) ;
#4661 = ORIENTED_EDGE ( 'NONE', *, *, #3549, .F. ) ;
#4662 = DIRECTION ( 'NONE',  ( 0.000000000000000000, 0.000000000000000000, 1.000000000000000000 ) ) ;
#4663 = ORIENTED_EDGE ( 'NONE', *, *, #7262, .F. ) ;
#4664 = DIRECTION ( 'NONE',  ( -1.000000000000000000, 0.000000000000000000, 0.000000000000000000 ) ) ;
#4665 = DIRECTION ( 'NONE',  ( -1.000000000000000000, 0.000000000000000000, 0.000000000000000000 ) ) ;
#4666 = CARTESIAN_POINT ( 'NONE',  ( 3.000000000000000888, 0.000000000000000000, 0.000000000000000000 ) ) ;
#4667 = EDGE_CURVE ( 'NONE', #2408, #2220, #2326, .T. ) ;
#4668 = CIRCLE ( 'NONE', #3135, 9.999999999999998224 ) ;
#4669 = DIRECTION ( 'NONE',  ( 0.000000000000000000, 0.000000000000000000, 1.000000000000000000 ) ) ;
#4670 = CYLINDRICAL_SURFACE ( 'NONE', #4183, 9.999999999999998224 ) ;
#4671 = EDGE_CURVE ( 'NONE', #3099, #6751, #822, .T. ) ;
#4672 = ORIENTED_EDGE ( 'NONE', *, *, #54, .T. ) ;
#4673 = AXIS2_PLACEMENT_3D ( 'NONE', #5721, #4336, #5634 ) ;
#4674 = AXIS2_PLACEMENT_3D ( 'NONE', #3432, #6074, #7407 ) ;
#4675 = VECTOR ( 'NONE', #6296, 1000.000000000000000 ) ;
#4676 = ORIENTED_EDGE ( 'NONE', *, *, #6774, .F. ) ;
#4677 = FACE_OUTER_BOUND ( 'NONE', #5077, .T. ) ;
#4678 = VERTEX_POINT ( 'NONE', #257 ) ;
#4679 = FACE_OUTER_BOUND ( 'NONE', #4952, .T. ) ;
#4680 = EDGE_CURVE ( 'NONE', #2009, #1717, #3474, .T. ) ;
#4681 = DIRECTION ( 'NONE',  ( -1.000000000000000000, 0.000000000000000000, -0.000000000000000000 ) ) ;
#4682 = EDGE_CURVE ( 'NONE', #7155, #8089, #6196, .T. ) ;
#4683 = AXIS2_PLACEMENT_3D ( 'NONE', #8370, #4916, #2306 ) ;
#4684 = AXIS2_PLACEMENT_3D ( 'NONE', #8323, #5032, #4331 ) ;
#4685 = DIRECTION ( 'NONE',  ( -1.000000000000000000, 0.000000000000000000, 0.000000000000000000 ) ) ;
#4686 = ORIENTED_EDGE ( 'NONE', *, *, #120, .F. ) ;
#4687 = AXIS2_PLACEMENT_3D ( 'NONE', #1693, #1536, #1822 ) ;
#4688 = VERTEX_POINT ( 'NONE', #8078 ) ;
#4689 = CIRCLE ( 'NONE', #967, 23.74899999999999878 ) ;
#4690 = DIRECTION ( 'NONE',  ( 0.000000000000000000, 0.000000000000000000, -1.000000000000000000 ) ) ;
#4691 = CARTESIAN_POINT ( 'NONE',  ( 0.000000000000000000, 2.826494134736833530, -23.32165987963164611 ) ) ;
#4692 = CARTESIAN_POINT ( 'NONE',  ( 2.050538145102809295, 10.00000000000000888, -15.85322226736041173 ) ) ;
#4693 = DIRECTION ( 'NONE',  ( -1.000000000000000000, -0.000000000000000000, -0.000000000000000000 ) ) ;
#4694 = CIRCLE ( 'NONE', #4416, 26.00000000000000000 ) ;
#4695 = CIRCLE ( 'NONE', #973, 9.999999999999998224 ) ;
#4696 = PRODUCT_DEFINITION ( 'UNKNOWN', '', #6826, #4497 ) ;
#4697 = ORIENTED_EDGE ( 'NONE', *, *, #4735, .T. ) ;
#4698 = ORIENTED_EDGE ( 'NONE', *, *, #7725, .F. ) ;
#4699 = VECTOR ( 'NONE', #6684, 1000.000000000000000 ) ;
#4700 = ADVANCED_FACE ( 'NONE', ( #4878 ), #7493, .T. ) ;
#4701 = AXIS2_PLACEMENT_3D ( 'NONE', #4492, #2338, #3017 ) ;
#4702 = CARTESIAN_POINT ( 'NONE',  ( 0.000000000000000000, 3.062166340027950184, 23.29188755642019970 ) ) ;
#4703 = LINE ( 'NONE', #2620, #464 ) ;
#4704 = COORDINATED_UNIVERSAL_TIME_OFFSET ( 7, 0, .AHEAD. ) ;
#4705 = FACE_OUTER_BOUND ( 'NONE', #10, .T. ) ;
#4706 = CARTESIAN_POINT ( 'NONE',  ( 3.000000000000000888, -16.16797261240405348, 17.04363664947931767 ) ) ;
#4707 = DIRECTION ( 'NONE',  ( 1.000000000000000000, 0.000000000000000000, 0.000000000000000000 ) ) ;
#4708 = B_SPLINE_SURFACE_WITH_KNOTS ( 'NONE', 2, 1, ( 
 ( #4905, #4277 ),
 ( #7519, #1010 ),
 ( #1609, #965 ),
 ( #3065, #5790 ),
 ( #1694, #8234 ) ),
 .UNSPECIFIED., .F., .F., .F.,
 ( 3, 1, 1, 3 ),
 ( 2, 2 ),
 ( 0.002399098765545784433, 0.3755997746914068181, 0.6244002253086475829, 0.9976009012345085081 ),
 ( 0.000000000000000000, 1.000000000000000000 ),
 .UNSPECIFIED. ) ;
#4709 = AXIS2_PLACEMENT_3D ( 'NONE', #2173, #5553, #892 ) ;
#4710 = ORIENTED_EDGE ( 'NONE', *, *, #4987, .T. ) ;
#4711 = EDGE_CURVE ( 'NONE', #207, #5844, #5989, .T. ) ;
#4712 = LINE ( 'NONE', #1215, #2212 ) ;
#4713 = ORIENTED_EDGE ( 'NONE', *, *, #3921, .T. ) ;
#4714 = FACE_OUTER_BOUND ( 'NONE', #382, .T. ) ;
#4715 = CARTESIAN_POINT ( 'NONE',  ( 3.000000000000000888, -13.90434922624131175, -18.93562677150257301 ) ) ;
#4716 = DIRECTION ( 'NONE',  ( 4.256270054397946562E-44, 0.000000000000000000, 1.000000000000000000 ) ) ;
#4717 = AXIS2_PLACEMENT_3D ( 'NONE', #3277, #5924, #6696 ) ;
#4718 = DIRECTION ( 'NONE',  ( -1.000000000000000000, 0.000000000000000000, -0.000000000000000000 ) ) ;
#4719 = LINE ( 'NONE', #5916, #3630 ) ;
#4720 = VECTOR ( 'NONE', #6841, 1000.000000000000000 ) ;
#4721 = VERTEX_POINT ( 'NONE', #6923 ) ;
#4722 = AXIS2_PLACEMENT_3D ( 'NONE', #2002, #6482, #4630 ) ;
#4723 = ORIENTED_EDGE ( 'NONE', *, *, #2758, .F. ) ;
#4724 = ADVANCED_FACE ( 'NONE', ( #1664 ), #5563, .T. ) ;
#4725 = AXIS2_PLACEMENT_3D ( 'NONE', #1009, #4233, #8063 ) ;
#4726 = EDGE_LOOP ( 'NONE', ( #963, #267, #7243, #2317 ) ) ;
#4727 = DIRECTION ( 'NONE',  ( 0.000000000000000000, 0.000000000000000000, 1.000000000000000000 ) ) ;
#4728 = VERTEX_POINT ( 'NONE', #3152 ) ;
#4729 = FACE_OUTER_BOUND ( 'NONE', #1673, .T. ) ;
#4730 = EDGE_CURVE ( 'NONE', #4771, #6767, #4538, .T. ) ;
#4731 = CARTESIAN_POINT ( 'NONE',  ( 12.69673203802745931, 7.000000000000008882, -9.700166218278072350 ) ) ;
#4732 = VECTOR ( 'NONE', #5730, 1000.000000000000000 ) ;
#4733 = DIRECTION ( 'NONE',  ( -1.000000000000000000, 0.000000000000000000, 0.000000000000000000 ) ) ;
#4734 = VECTOR ( 'NONE', #5633, 1000.000000000000000 ) ;
#4735 = EDGE_CURVE ( 'NONE', #4853, #2855, #6058, .T. ) ;
#4736 = EDGE_CURVE ( 'NONE', #6683, #4561, #5104, .T. ) ;
#4737 = ORIENTED_EDGE ( 'NONE', *, *, #7204, .F. ) ;
#4738 = VECTOR ( 'NONE', #219, 1000.000000000000000 ) ;
#4739 = ORIENTED_EDGE ( 'NONE', *, *, #1395, .F. ) ;
#4740 = VECTOR ( 'NONE', #3111, 1000.000000000000000 ) ;
#4741 = CARTESIAN_POINT ( 'NONE',  ( 0.000000000000000000, 9.275723936747182208, -24.28911166447335290 ) ) ;
#4742 = ORIENTED_EDGE ( 'NONE', *, *, #5455, .F. ) ;
#4743 = CARTESIAN_POINT ( 'NONE',  ( 0.000000000000000000, 5.000000000000000000, 0.000000000000000000 ) ) ;
#4744 = CARTESIAN_POINT ( 'NONE',  ( 0.000000000000000000, 21.78099992762150094, -14.19817038047339608 ) ) ;
#4745 = CARTESIAN_POINT ( 'NONE',  ( 3.000000000000000888, -8.758419641788751875, 21.79860027646846277 ) ) ;
#4746 = AXIS2_PLACEMENT_3D ( 'NONE', #509, #429, #3037 ) ;
#4747 = AXIS2_PLACEMENT_3D ( 'NONE', #4971, #8266, #7073 ) ;
#4748 = ORIENTED_EDGE ( 'NONE', *, *, #154, .T. ) ;
#4749 = EDGE_LOOP ( 'NONE', ( #6535, #7425, #4551, #4202 ) ) ;
#4750 = AXIS2_PLACEMENT_3D ( 'NONE', #4364, #5745, #4977 ) ;
#4751 = DIRECTION ( 'NONE',  ( -1.000000000000000000, 0.000000000000000000, -0.000000000000000000 ) ) ;
#4752 = DIRECTION ( 'NONE',  ( -1.000000000000000000, 0.000000000000000000, 0.000000000000000000 ) ) ;
#4753 = PERSON_AND_ORGANIZATION ( #1044, #909 ) ;
#4754 = CC_DESIGN_PERSON_AND_ORGANIZATION_ASSIGNMENT ( #4054, #2791, ( #3307 ) ) ;
#4755 = CARTESIAN_POINT ( 'NONE',  ( 0.000000000000000000, 25.92685648092481898, 1.948874808069251952 ) ) ;
#4756 = DIRECTION ( 'NONE',  ( -1.000000000000000000, 0.000000000000000000, -0.000000000000000000 ) ) ;
#4757 = LINE ( 'NONE', #1627, #2255 ) ;
#4758 = ORIENTED_EDGE ( 'NONE', *, *, #3988, .T. ) ;
#4759 = DIRECTION ( 'NONE',  ( -1.000000000000000000, 0.000000000000000000, 0.000000000000000000 ) ) ;
#4760 = ORIENTED_EDGE ( 'NONE', *, *, #7963, .F. ) ;
#4761 = CARTESIAN_POINT ( 'NONE',  ( 1.500000000000000444, 19.82974763304096655, 16.81609671742840462 ) ) ;
#4762 = CARTESIAN_POINT ( 'NONE',  ( 3.000000000000000888, -5.727185429052539689, 22.78350797608152334 ) ) ;
#4763 =( NAMED_UNIT ( * ) SI_UNIT ( $, .STERADIAN. ) SOLID_ANGLE_UNIT ( ) );
#4764 = LINE ( 'NONE', #5577, #1663 ) ;
#4765 = CARTESIAN_POINT ( 'NONE',  ( 3.000000000000000888, 1.054159027265907156, 23.72559271641562262 ) ) ;
#4766 = AXIS2_PLACEMENT_3D ( 'NONE', #4017, #2757, #1438 ) ;
#4767 = VERTEX_POINT ( 'NONE', #5165 ) ;
#4768 = ORIENTED_EDGE ( 'NONE', *, *, #316, .T. ) ;
#4769 = ORIENTED_EDGE ( 'NONE', *, *, #7412, .F. ) ;
#4770 = UNCERTAINTY_MEASURE_WITH_UNIT (LENGTH_MEASURE( 1.000000000000000082E-05 ), #1478, 'distance_accuracy_value', 'NONE');
#4771 = VERTEX_POINT ( 'NONE', #304 ) ;
#4772 = ORIENTED_EDGE ( 'NONE', *, *, #6190, .F. ) ;
#4773 = CARTESIAN_POINT ( 'NONE',  ( -10.00000000000000000, 0.000000000000000000, 0.000000000000000000 ) ) ;
#4774 = CC_DESIGN_SECURITY_CLASSIFICATION ( #4075, ( #8518 ) ) ;
#4775 =( GEOMETRIC_REPRESENTATION_CONTEXT ( 3 ) GLOBAL_UNCERTAINTY_ASSIGNED_CONTEXT ( ( #3716 ) ) GLOBAL_UNIT_ASSIGNED_CONTEXT ( ( #6814, #395, #5737 ) ) REPRESENTATION_CONTEXT ( 'NONE', 'WORKASPACE' ) );
#4776 = CARTESIAN_POINT ( 'NONE',  ( 3.000000000000000888, -23.74496687177445864, 0.4376634075790585277 ) ) ;
#4777 = EDGE_CURVE ( 'NONE', #868, #7265, #1380, .T. ) ;
#4778 = EDGE_CURVE ( 'NONE', #6468, #7902, #2911, .T. ) ;
#4779 = CIRCLE ( 'NONE', #2282, 23.74900000000000233 ) ;
#4780 = VERTEX_POINT ( 'NONE', #4919 ) ;
#4781 = ORIENTED_EDGE ( 'NONE', *, *, #7520, .F. ) ;
#4782 = CARTESIAN_POINT ( 'NONE',  ( 1.500000000000000444, 25.96667425510338489, -1.315989410805014970 ) ) ;
#4783 = ORIENTED_EDGE ( 'NONE', *, *, #4680, .T. ) ;
#4784 = DIRECTION ( 'NONE',  ( 0.000000000000000000, 0.000000000000000000, 1.000000000000000000 ) ) ;
#4785 = ADVANCED_FACE ( 'NONE', ( #7530 ), #4252, .F. ) ;
#4786 = SECURITY_CLASSIFICATION ( '', '', #7708 ) ;
#4787 = CARTESIAN_POINT ( 'NONE',  ( 1.061049529196087304, 10.00000000000000888, -17.46780392354971312 ) ) ;
#4788 = LINE ( 'NONE', #2270, #4385 ) ;
#4789 = ORIENTED_EDGE ( 'NONE', *, *, #1407, .T. ) ;
#4790 = ORIENTED_EDGE ( 'NONE', *, *, #1047, .F. ) ;
#4791 = DIRECTION ( 'NONE',  ( 0.000000000000000000, 0.000000000000000000, 1.000000000000000000 ) ) ;
#4792 = CARTESIAN_POINT ( 'NONE',  ( 14.74895638493967098, 7.000000000000008882, -6.145609380895367124 ) ) ;
#4793 = APPROVAL_ROLE ( '' ) ;
#4794 = EDGE_CURVE ( 'NONE', #4263, #2009, #1787, .T. ) ;
#4795 = DIRECTION ( 'NONE',  ( -1.000000000000000000, -0.000000000000000000, -0.000000000000000000 ) ) ;
#4796 = CARTESIAN_POINT ( 'NONE',  ( 3.000000000000000888, 15.02476645158323798, 21.21924581778011287 ) ) ;
#4797 = ADVANCED_FACE ( 'NONE', ( #984 ), #4955, .T. ) ;
#4798 = CARTESIAN_POINT ( 'NONE',  ( 3.000000000000000888, 0.000000000000000000, 0.000000000000000000 ) ) ;
#4799 = EDGE_LOOP ( 'NONE', ( #5638, #3532, #5493, #5871 ) ) ;
#4800 = CARTESIAN_POINT ( 'NONE',  ( -14.11953930603304741, 10.00000000000000888, 9.598928328002465094 ) ) ;
#4801 = ORIENTED_EDGE ( 'NONE', *, *, #4667, .T. ) ;
#4802 = FACE_OUTER_BOUND ( 'NONE', #5923, .T. ) ;
#4803 = LINE ( 'NONE', #6813, #5821 ) ;
#4804 = LINE ( 'NONE', #6128, #3455 ) ;
#4805 = DIRECTION ( 'NONE',  ( 0.000000000000000000, 0.4817536741017162116, -0.8763066800438630288 ) ) ;
#4806 = EDGE_LOOP ( 'NONE', ( #5628, #8343, #3166, #1074 ) ) ;
#4807 = ORIENTED_EDGE ( 'NONE', *, *, #7804, .F. ) ;
#4808 = ORIENTED_EDGE ( 'NONE', *, *, #3025, .F. ) ;
#4809 = ORIENTED_EDGE ( 'NONE', *, *, #7598, .T. ) ;
#4810 = VERTEX_POINT ( 'NONE', #384 ) ;
#4811 = DIRECTION ( 'NONE',  ( -1.000000000000000000, 0.000000000000000000, 0.000000000000000000 ) ) ;
#4812 = DIRECTION ( 'NONE',  ( -1.000000000000000000, 0.000000000000000000, 0.000000000000000000 ) ) ;
#4813 = VECTOR ( 'NONE', #2146, 1000.000000000000000 ) ;
#4814 = AXIS2_PLACEMENT_3D ( 'NONE', #6204, #944, #5567 ) ;
#4815 = ORIENTED_EDGE ( 'NONE', *, *, #1082, .T. ) ;
#4816 = EDGE_CURVE ( 'NONE', #3769, #4141, #2475, .T. ) ;
#4817 = ORIENTED_EDGE ( 'NONE', *, *, #4060, .T. ) ;
#4818 = CARTESIAN_POINT ( 'NONE',  ( 3.000000000000000888, 21.78099992762150094, -14.19817038047339608 ) ) ;
#4819 = AXIS2_PLACEMENT_3D ( 'NONE', #425, #3030, #5682 ) ;
#4820 = CARTESIAN_POINT ( 'NONE',  ( 1.500000000000000444, 15.02476645158323976, 21.21924581778011287 ) ) ;
#4821 = EDGE_LOOP ( 'NONE', ( #4129, #2562, #6800, #315 ) ) ;
#4822 = AXIS2_PLACEMENT_3D ( 'NONE', #2008, #3275, #6571 ) ;
#4823 = DIRECTION ( 'NONE',  ( 0.000000000000000000, 0.2486898871648553500, -0.9685831611286308540 ) ) ;
#4824 = DIRECTION ( 'NONE',  ( -0.000000000000000000, 1.000000000000000000, -0.000000000000000000 ) ) ;
#4825 = CARTESIAN_POINT ( 'NONE',  ( 12.69673203802779149, 7.000000000000008882, 9.700166218167050047 ) ) ;
#4826 = AXIS2_PLACEMENT_3D ( 'NONE', #3223, #8485, #6640 ) ;
#4827 = EDGE_LOOP ( 'NONE', ( #6497, #45, #3964, #4713 ) ) ;
#4828 = EDGE_CURVE ( 'NONE', #5581, #7611, #2613, .T. ) ;
#4829 = VERTEX_POINT ( 'NONE', #2952 ) ;
#4830 = CARTESIAN_POINT ( 'NONE',  ( -4.051352821171638752, 7.000000000000008882, -7.017148925761551581 ) ) ;
#4831 = DIRECTION ( 'NONE',  ( -1.000000000000000000, -0.000000000000000000, 0.000000000000000000 ) ) ;
#4832 = PERSON_AND_ORGANIZATION ( #1044, #909 ) ;
#4833 = ADVANCED_FACE ( 'NONE', ( #8249 ), #540, .T. ) ;
#4834 = CARTESIAN_POINT ( 'NONE',  ( 0.000000000000000000, 25.47815669208879186, -5.183004107018530426 ) ) ;
#4835 = DIRECTION ( 'NONE',  ( 0.000000000000000000, 0.5877852522924684742, 0.8090169943749507819 ) ) ;
#4836 = AXIS2_PLACEMENT_3D ( 'NONE', #1487, #2940, #6859 ) ;
#4837 = CIRCLE ( 'NONE', #5370, 10.00000000000000000 ) ;
#4838 = CARTESIAN_POINT ( 'NONE',  ( 1.500000000000000444, -21.78099992762119541, -14.19817038047387214 ) ) ;
#4839 = VERTEX_POINT ( 'NONE', #4501 ) ;
#4840 = EDGE_CURVE ( 'NONE', #3812, #3099, #6484, .T. ) ;
#4841 = VECTOR ( 'NONE', #7662, 1000.000000000000000 ) ;
#4842 = ADVANCED_FACE ( 'NONE', ( #5600 ), #1228, .T. ) ;
#4843 = AXIS2_PLACEMENT_3D ( 'NONE', #8144, #6850, #2248 ) ;
#4844 = DIRECTION ( 'NONE',  ( -1.000000000000000000, 0.000000000000000000, 0.000000000000000000 ) ) ;
#4845 = ORIENTED_EDGE ( 'NONE', *, *, #7509, .T. ) ;
#4846 = CYLINDRICAL_SURFACE ( 'NONE', #5849, 23.74900000000000233 ) ;
#4847 = DIRECTION ( 'NONE',  ( -1.000000000000000000, 0.000000000000000000, 0.000000000000000000 ) ) ;
#4848 = CARTESIAN_POINT ( 'NONE',  ( 3.000000000000000888, 0.000000000000000000, 0.000000000000000000 ) ) ;
#4849 = CARTESIAN_POINT ( 'NONE',  ( 3.000000000000000888, -18.17661741219002636, -14.88285819611920324 ) ) ;
#4850 = DIRECTION ( 'NONE',  ( -1.000000000000000000, -0.000000000000000000, -0.000000000000000000 ) ) ;
#4851 = AXIS2_PLACEMENT_3D ( 'NONE', #6294, #5649, #3690 ) ;
#4852 = CIRCLE ( 'NONE', #6495, 26.00000000000000000 ) ;
#4853 = VERTEX_POINT ( 'NONE', #8209 ) ;
#4854 = ORIENTED_EDGE ( 'NONE', *, *, #5164, .T. ) ;
#4855 = ORIENTED_EDGE ( 'NONE', *, *, #1452, .F. ) ;
#4856 = ORIENTED_EDGE ( 'NONE', *, *, #5038, .T. ) ;
#4857 = CIRCLE ( 'NONE', #3179, 9.999999999999998224 ) ;
#4858 = ORIENTED_EDGE ( 'NONE', *, *, #8382, .T. ) ;
#4859 = CIRCLE ( 'NONE', #3733, 10.00000000000000000 ) ;
#4860 = CYLINDRICAL_SURFACE ( 'NONE', #587, 9.999999999999998224 ) ;
#4861 = CYLINDRICAL_SURFACE ( 'NONE', #7434, 9.999999999999998224 ) ;
#4862 =( REPRESENTATION_RELATIONSHIP ('NONE','NONE', #251, #3992 ) REPRESENTATION_RELATIONSHIP_WITH_TRANSFORMATION ( #3683 )SHAPE_REPRESENTATION_RELATIONSHIP( ) );
#4863 = AXIS2_PLACEMENT_3D ( 'NONE', #533, #16, #2680 ) ;
#4864 = CIRCLE ( 'NONE', #1134, 10.00000000000000000 ) ;
#4865 = VECTOR ( 'NONE', #4824, 1000.000000000000000 ) ;
#4866 = ORIENTED_EDGE ( 'NONE', *, *, #5531, .F. ) ;
#4867 = ORIENTED_EDGE ( 'NONE', *, *, #7252, .T. ) ;
#4868 = DIRECTION ( 'NONE',  ( 0.000000000000000000, 0.4817536741017163782, -0.8763066800438630288 ) ) ;
#4869 = ORIENTED_EDGE ( 'NONE', *, *, #8031, .F. ) ;
#4870 = AXIS2_PLACEMENT_3D ( 'NONE', #8262, #2371, #5016 ) ;
#4871 = AXIS2_PLACEMENT_3D ( 'NONE', #8205, #8245, #379 ) ;
#4872 = DIRECTION ( 'NONE',  ( 0.000000000000000000, 0.1253332335643043693, -0.9921147013144777649 ) ) ;
#4873 = CARTESIAN_POINT ( 'NONE',  ( 0.000000000000000000, 0.000000000000000000, 26.00000000000000000 ) ) ;
#4874 = CARTESIAN_POINT ( 'NONE',  ( 2.052224346939968136, 7.000000000000008882, 15.84577559900801624 ) ) ;
#4875 = AXIS2_PLACEMENT_3D ( 'NONE', #3475, #5442, #4213 ) ;
#4876 = ORIENTED_EDGE ( 'NONE', *, *, #603, .T. ) ;
#4877 = ORIENTED_EDGE ( 'NONE', *, *, #4946, .T. ) ;
#4878 = FACE_OUTER_BOUND ( 'NONE', #6829, .T. ) ;
#4879 = DIRECTION ( 'NONE',  ( -1.000000000000000000, 0.000000000000000000, 0.000000000000000000 ) ) ;
#4880 = SECURITY_CLASSIFICATION_LEVEL ( 'unclassified' ) ;
#4881 = VECTOR ( 'NONE', #7226, 1000.000000000000000 ) ;
#4882 = DIRECTION ( 'NONE',  ( 0.000000000000000000, 0.9510565162951545304, -0.3090169943749446757 ) ) ;
#4883 = CARTESIAN_POINT ( 'NONE',  ( 0.000000000000000000, -21.78099992762119541, -14.19817038047387214 ) ) ;
#4884 = VECTOR ( 'NONE', #3793, 1000.000000000000000 ) ;
#4885 = DIRECTION ( 'NONE',  ( 0.000000000000000000, 0.000000000000000000, 1.000000000000000000 ) ) ;
#4886 = EDGE_CURVE ( 'NONE', #6767, #6572, #1790, .T. ) ;
#4887 = EDGE_LOOP ( 'NONE', ( #857, #4271, #2876, #2128 ) ) ;
#4888 = EDGE_CURVE ( 'NONE', #367, #3784, #1651, .T. ) ;
#4889 = CARTESIAN_POINT ( 'NONE',  ( -14.74895638488604632, 7.000000000000008882, 6.145609380785233000 ) ) ;
#4890 = VERTEX_POINT ( 'NONE', #762 ) ;
#4891 = CARTESIAN_POINT ( 'NONE',  ( 0.000000000000000000, 25.96667425510338489, -1.315989410805013415 ) ) ;
#4892 = DIRECTION ( 'NONE',  ( 0.000000000000000000, 0.000000000000000000, 1.000000000000000000 ) ) ;
#4893 = DIRECTION ( 'NONE',  ( -1.000000000000000000, -0.000000000000000000, 0.000000000000000000 ) ) ;
#4894 = CYLINDRICAL_SURFACE ( 'NONE', #4843, 9.999999999999998224 ) ;
#4895 = CARTESIAN_POINT ( 'NONE',  ( 0.000000000000000000, 20.23396159193279686, 16.32748597599116636 ) ) ;
#4896 = DIRECTION ( 'NONE',  ( 0.000000000000000000, 1.000000000000000000, 0.000000000000000000 ) ) ;
#4897 = EDGE_CURVE ( 'NONE', #5266, #6790, #6054, .T. ) ;
#4898 = EDGE_CURVE ( 'NONE', #2543, #5581, #7858, .T. ) ;
#4899 = AXIS2_PLACEMENT_3D ( 'NONE', #6768, #2245, #872 ) ;
#4900 = VERTEX_POINT ( 'NONE', #5925 ) ;
#4901 = ORIENTED_EDGE ( 'NONE', *, *, #6597, .T. ) ;
#4902 = ORIENTED_EDGE ( 'NONE', *, *, #4349, .T. ) ;
#4903 = VERTEX_POINT ( 'NONE', #720 ) ;
#4904 = DIRECTION ( 'NONE',  ( -1.000000000000000000, 0.000000000000000000, -0.000000000000000000 ) ) ;
#4905 = CARTESIAN_POINT ( 'NONE',  ( 12.69673203802779149, 7.000000000000008882, 9.700166218167050047 ) ) ;
#4906 = EDGE_CURVE ( 'NONE', #5857, #6094, #6615, .T. ) ;
#4907 = EDGE_CURVE ( 'NONE', #2590, #3101, #3438, .T. ) ;
#4908 = ORIENTED_EDGE ( 'NONE', *, *, #4559, .F. ) ;
#4909 = EDGE_LOOP ( 'NONE', ( #198, #7778, #8120, #1013 ) ) ;
#4910 = LOCAL_TIME ( 18, 30, 54.00000000000000000, #4005 ) ;
#4911 = CC_DESIGN_DATE_AND_TIME_ASSIGNMENT ( #8211, #1110, ( #7777 ) ) ;
#4912 = ORIENTED_EDGE ( 'NONE', *, *, #8382, .F. ) ;
#4913 = DIRECTION ( 'NONE',  ( 0.000000000000000000, -0.7705132427757815927, -0.6374239897486989603 ) ) ;
#4914 = DIRECTION ( 'NONE',  ( -1.000000000000000000, 0.000000000000000000, -0.000000000000000000 ) ) ;
#4915 = LINE ( 'NONE', #6320, #4734 ) ;
#4916 = DIRECTION ( 'NONE',  ( -1.000000000000000000, -0.000000000000000000, -0.000000000000000000 ) ) ;
#4917 = VERTEX_POINT ( 'NONE', #28 ) ;
#4918 = VERTEX_POINT ( 'NONE', #632 ) ;
#4919 = CARTESIAN_POINT ( 'NONE',  ( 3.000000000000000888, -17.00973468965491975, -16.57359124594154665 ) ) ;
#4920 = CARTESIAN_POINT ( 'NONE',  ( 3.000000000000000888, 18.17661741219012939, 14.88285819611907179 ) ) ;
#4921 = DATE_AND_TIME ( #2361, #1886 ) ;
#4922 = DIRECTION ( 'NONE',  ( -1.000000000000000000, 0.000000000000000000, 0.000000000000000000 ) ) ;
#4923 = LINE ( 'NONE', #222, #2182 ) ;
#4924 = DIRECTION ( 'NONE',  ( 0.000000000000000000, 1.000000000000000000, 0.000000000000000000 ) ) ;
#4925 = VERTEX_POINT ( 'NONE', #802 ) ;
#4926 = CARTESIAN_POINT ( 'NONE',  ( 3.000000000000000888, 4.879274292603387408, -23.24236828246080222 ) ) ;
#4927 = EDGE_CURVE ( 'NONE', #3925, #4839, #7260, .T. ) ;
#4928 = VERTEX_POINT ( 'NONE', #6659 ) ;
#4929 = DIRECTION ( 'NONE',  ( 0.9550651196894797135, 0.000000000000000000, 0.2963960478017879097 ) ) ;
#4930 = DIRECTION ( 'NONE',  ( -1.000000000000000000, -0.000000000000000000, 0.000000000000000000 ) ) ;
#4931 = DIRECTION ( 'NONE',  ( -0.9999196369887015656, -3.571892610246046574E-15, 0.01267752201272518212 ) ) ;
#4932 = DIRECTION ( 'NONE',  ( 0.000000000000000000, -0.7705132427757815927, -0.6374239897486988493 ) ) ;
#4933 = DIRECTION ( 'NONE',  ( -1.000000000000000000, 0.000000000000000000, 0.000000000000000000 ) ) ;
#4934 = EDGE_CURVE ( 'NONE', #8159, #6130, #7303, .T. ) ;
#4935 = DIRECTION ( 'NONE',  ( -1.000000000000000000, -0.000000000000000000, -0.000000000000000000 ) ) ;
#4936 = VERTEX_POINT ( 'NONE', #2595 ) ;
#4937 = ORIENTED_EDGE ( 'NONE', *, *, #5826, .T. ) ;
#4938 = ADVANCED_FACE ( 'NONE', ( #2773 ), #2645, .T. ) ;
#4939 = EDGE_LOOP ( 'NONE', ( #882, #6266, #5406, #616 ) ) ;
#4940 = CARTESIAN_POINT ( 'NONE',  ( 3.000000000000000888, -21.91639720942990621, 9.148034453285214695 ) ) ;
#4941 = LINE ( 'NONE', #7389, #3713 ) ;
#4942 = ADVANCED_FACE ( 'NONE', ( #4544 ), #1403, .T. ) ;
#4943 = ORIENTED_EDGE ( 'NONE', *, *, #5987, .T. ) ;
#4944 = EDGE_CURVE ( 'NONE', #4164, #4780, #6741, .T. ) ;
#4945 = ORIENTED_EDGE ( 'NONE', *, *, #6671, .F. ) ;
#4946 = EDGE_CURVE ( 'NONE', #7482, #5756, #3156, .T. ) ;
#4947 = DIRECTION ( 'NONE',  ( -1.000000000000000000, 0.000000000000000000, -0.000000000000000000 ) ) ;
#4948 = DIRECTION ( 'NONE',  ( 1.000000000000000000, -0.000000000000000000, 0.000000000000000000 ) ) ;
#4949 = AXIS2_PLACEMENT_3D ( 'NONE', #8254, #7656, #7008 ) ;
#4950 = CARTESIAN_POINT ( 'NONE',  ( 0.000000000000000000, 2.000000000000008882, 1.600000000000000089 ) ) ;
#4951 = DIRECTION ( 'NONE',  ( 1.000000000000000000, -0.000000000000000000, 0.000000000000000000 ) ) ;
#4952 = EDGE_LOOP ( 'NONE', ( #1745, #3397, #1216, #6907 ) ) ;
#4953 = AXIS2_PLACEMENT_3D ( 'NONE', #3909, #6954, #6487 ) ;
#4954 = ORIENTED_EDGE ( 'NONE', *, *, #4303, .T. ) ;
#4955 = CYLINDRICAL_SURFACE ( 'NONE', #2346, 26.00000000000000000 ) ;
#4956 = DIRECTION ( 'NONE',  ( 1.000000000000000000, 0.000000000000000000, 0.000000000000000000 ) ) ;
#4957 = SHAPE_DEFINITION_REPRESENTATION ( #2017, #3992 ) ;
#4958 = DIRECTION ( 'NONE',  ( 0.000000000000000000, 0.000000000000000000, 1.000000000000000000 ) ) ;
#4959 = DIRECTION ( 'NONE',  ( 0.000000000000000000, 0.000000000000000000, 1.000000000000000000 ) ) ;
#4960 = DIRECTION ( 'NONE',  ( 0.000000000000000000, -1.000000000000000000, 0.000000000000000000 ) ) ;
#4961 = CC_DESIGN_DATE_AND_TIME_ASSIGNMENT ( #5271, #7755, ( #4786 ) ) ;
#4962 = ORIENTED_EDGE ( 'NONE', *, *, #468, .F. ) ;
#4963 = CARTESIAN_POINT ( 'NONE',  ( 0.000000000000000000, 2.220446049250313081E-13, 2.220446049250313081E-13 ) ) ;
#4964 = ORIENTED_EDGE ( 'NONE', *, *, #8385, .T. ) ;
#4965 = AXIS2_PLACEMENT_3D ( 'NONE', #1622, #2273, #3201 ) ;
#4966 = DIRECTION ( 'NONE',  ( 1.000000000000000000, 0.000000000000000000, 0.000000000000000000 ) ) ;
#4967 = DIRECTION ( 'NONE',  ( -1.000000000000000000, 0.000000000000000000, -0.000000000000000000 ) ) ;
#4968 = PERSON_AND_ORGANIZATION_ROLE ( 'design_owner' ) ;
#4969 = CARTESIAN_POINT ( 'NONE',  ( 0.000000000000000000, 22.37893697895727740, -7.146472439377387964 ) ) ;
#4970 = DIRECTION ( 'NONE',  ( -0.7342190668223596006, 0.000000000000000000, 0.6789126320186592567 ) ) ;
#4971 = CARTESIAN_POINT ( 'NONE',  ( 3.000000000000000888, -23.05365132147770169, 4.518633574727163094 ) ) ;
#4972 = AXIS2_PLACEMENT_3D ( 'NONE', #4309, #6259, #1804 ) ;
#4973 = VECTOR ( 'NONE', #1966, 1000.000000000000000 ) ;
#4974 = VERTEX_POINT ( 'NONE', #3982 ) ;
#4975 = ORIENTED_EDGE ( 'NONE', *, *, #1201, .F. ) ;
#4976 = ORIENTED_EDGE ( 'NONE', *, *, #7253, .F. ) ;
#4977 = DIRECTION ( 'NONE',  ( 0.000000000000000000, 0.000000000000000000, -1.000000000000000000 ) ) ;
#4978 = FACE_OUTER_BOUND ( 'NONE', #4311, .T. ) ;
#4979 = DIRECTION ( 'NONE',  ( 0.000000000000000000, 0.6845471059286900584, -0.7289686274214102202 ) ) ;
#4980 = VECTOR ( 'NONE', #1535, 1000.000000000000000 ) ;
#4981 = CARTESIAN_POINT ( 'NONE',  ( -10.00000000000000000, 0.000000000000000000, 0.000000000000000000 ) ) ;
#4982 = AXIS2_PLACEMENT_3D ( 'NONE', #623, #8494, #6567 ) ;
#4983 = EDGE_CURVE ( 'NONE', #2005, #2754, #1319, .T. ) ;
#4984 = AXIS2_PLACEMENT_3D ( 'NONE', #7918, #2616, #4518 ) ;
#4985 = CIRCLE ( 'NONE', #2224, 23.74900000000000233 ) ;
#4986 = EDGE_LOOP ( 'NONE', ( #7523, #3060, #2120, #6383 ) ) ;
#4987 = EDGE_CURVE ( 'NONE', #7231, #559, #3019, .T. ) ;
#4988 = ORIENTED_EDGE ( 'NONE', *, *, #6714, .T. ) ;
#4989 = CARTESIAN_POINT ( 'NONE',  ( 0.000000000000000000, -24.62765115230537916, 8.335394335024082224 ) ) ;
#4990 = ORIENTED_EDGE ( 'NONE', *, *, #7595, .T. ) ;
#4991 = DIRECTION ( 'NONE',  ( 0.000000000000000000, 0.000000000000000000, -1.000000000000000000 ) ) ;
#4992 = CARTESIAN_POINT ( 'NONE',  ( -15.14952443977879426, 10.00000000000000888, -8.746582013414050394 ) ) ;
#4993 = DIRECTION ( 'NONE',  ( 1.000000000000000000, -0.000000000000000000, 0.000000000000000000 ) ) ;
#4994 = DIRECTION ( 'NONE',  ( -1.000000000000000000, -0.000000000000000000, 0.000000000000000000 ) ) ;
#4995 = ADVANCED_FACE ( 'NONE', ( #5375 ), #2689, .T. ) ;
#4996 = EDGE_CURVE ( 'NONE', #7265, #5283, #6575, .T. ) ;
#4997 = ORIENTED_EDGE ( 'NONE', *, *, #3550, .T. ) ;
#4998 = ORIENTED_EDGE ( 'NONE', *, *, #2442, .T. ) ;
#4999 = VECTOR ( 'NONE', #3815, 1000.000000000000000 ) ;
#5000 = CARTESIAN_POINT ( 'NONE',  ( 0.000000000000000000, -21.20563999867588478, 10.10988233766741295 ) ) ;
#5001 = CYLINDRICAL_SURFACE ( 'NONE', #1833, 9.999999999999998224 ) ;
#5002 = DATE_AND_TIME ( #4214, #6698 ) ;
#5003 = CYLINDRICAL_SURFACE ( 'NONE', #8279, 3.000000000000048406 ) ;
#5004 = DIRECTION ( 'NONE',  ( 1.000000000000000000, 0.000000000000000000, 0.000000000000000000 ) ) ;
#5005 = VECTOR ( 'NONE', #4960, 1000.000000000000000 ) ;
#5006 = CARTESIAN_POINT ( 'NONE',  ( 3.000000000000000888, -5.957267827074570476, 22.72443285698070525 ) ) ;
#5007 = CIRCLE ( 'NONE', #3607, 9.999999999999998224 ) ;
#5008 = EDGE_CURVE ( 'NONE', #1661, #6600, #3279, .T. ) ;
#5009 = AXIS2_PLACEMENT_3D ( 'NONE', #8328, #2431, #2903 ) ;
#5010 = ORIENTED_EDGE ( 'NONE', *, *, #6853, .F. ) ;
#5011 = ORIENTED_EDGE ( 'NONE', *, *, #5465, .T. ) ;
#5012 = CARTESIAN_POINT ( 'NONE',  ( 3.000000000000000888, 17.60893712771376585, -15.93550545894995629 ) ) ;
#5013 = VERTEX_POINT ( 'NONE', #4235 ) ;
#5014 = VECTOR ( 'NONE', #4502, 1000.000000000000000 ) ;
#5015 = DIRECTION ( 'NONE',  ( 0.000000000000000000, 0.000000000000000000, 1.000000000000000000 ) ) ;
#5016 = DIRECTION ( 'NONE',  ( 0.000000000000000000, 0.000000000000000000, 1.000000000000000000 ) ) ;
#5017 = PERSON_AND_ORGANIZATION_ROLE ( 'creator' ) ;
#5018 = CARTESIAN_POINT ( 'NONE',  ( 3.000000000000000888, 12.35365805879608558, -20.28305040092201494 ) ) ;
#5019 = LINE ( 'NONE', #5060, #7680 ) ;
#5020 = FACE_OUTER_BOUND ( 'NONE', #5707, .T. ) ;
#5021 = AXIS2_PLACEMENT_3D ( 'NONE', #8116, #6110, #161 ) ;
#5022 = CIRCLE ( 'NONE', #3484, 9.999999999999998224 ) ;
#5023 = EDGE_LOOP ( 'NONE', ( #5598, #3139, #637, #7968 ) ) ;
#5024 = ORIENTED_EDGE ( 'NONE', *, *, #6937, .F. ) ;
#5025 = ORIENTED_EDGE ( 'NONE', *, *, #4388, .F. ) ;
#5026 = LINE ( 'NONE', #1691, #5309 ) ;
#5027 = DIRECTION ( 'NONE',  ( -1.000000000000000000, 0.000000000000000000, 0.000000000000000000 ) ) ;
#5028 = CYLINDRICAL_SURFACE ( 'NONE', #6222, 23.74900000000000233 ) ;
#5029 = DIRECTION ( 'NONE',  ( -1.000000000000000000, 0.000000000000000000, 0.000000000000000000 ) ) ;
#5030 = AXIS2_PLACEMENT_3D ( 'NONE', #186, #3488, #6125 ) ;
#5031 = VERTEX_POINT ( 'NONE', #6140 ) ;
#5032 = DIRECTION ( 'NONE',  ( -1.000000000000000000, 0.000000000000000000, 0.000000000000000000 ) ) ;
#5033 = ORIENTED_EDGE ( 'NONE', *, *, #5580, .F. ) ;
#5034 = CYLINDRICAL_SURFACE ( 'NONE', #1957, 26.00000000000000000 ) ;
#5035 = EDGE_CURVE ( 'NONE', #1697, #6655, #837, .T. ) ;
#5036 = CARTESIAN_POINT ( 'NONE',  ( 3.000000000000000888, -23.61258448579734193, -2.541821178030204464 ) ) ;
#5037 = DIRECTION ( 'NONE',  ( -1.000000000000000000, 0.000000000000000000, 0.000000000000000000 ) ) ;
#5038 = EDGE_CURVE ( 'NONE', #3565, #6971, #242, .T. ) ;
#5039 = CARTESIAN_POINT ( 'NONE',  ( 0.000000000000000000, 0.000000000000000000, 0.000000000000000000 ) ) ;
#5040 = AXIS2_PLACEMENT_3D ( 'NONE', #5452, #8056, #5361 ) ;
#5041 = VERTEX_POINT ( 'NONE', #1572 ) ;
#5042 = ORIENTED_EDGE ( 'NONE', *, *, #6705, .T. ) ;
#5043 = EDGE_CURVE ( 'NONE', #5137, #2150, #7839, .T. ) ;
#5044 = DIRECTION ( 'NONE',  ( 0.000000000000000000, 0.000000000000000000, 1.000000000000000000 ) ) ;
#5045 = CONTEXT_DEPENDENT_SHAPE_REPRESENTATION ( #6005, #714 ) ;
#5046 = ORGANIZATION ( 'NAUO-ORG1', 'UNSPECIFIED', 'UNSPECIFIED' ) ;
#5047 = EDGE_CURVE ( 'NONE', #436, #1842, #1721, .T. ) ;
#5048 = CARTESIAN_POINT ( 'NONE',  ( 3.000000000000000888, -0.3170683606145037192, 25.99806661378297790 ) ) ;
#5049 = DIRECTION ( 'NONE',  ( -1.000000000000000000, -0.000000000000000000, 0.000000000000000000 ) ) ;
#5050 = CARTESIAN_POINT ( 'NONE',  ( 0.000000000000000000, 0.000000000000000000, 0.000000000000000000 ) ) ;
#5051 = VERTEX_POINT ( 'NONE', #3631 ) ;
#5052 = ORIENTED_EDGE ( 'NONE', *, *, #7139, .F. ) ;
#5053 = LINE ( 'NONE', #5012, #4841 ) ;
#5054 = EDGE_CURVE ( 'NONE', #1791, #7611, #373, .T. ) ;
#5055 = ORIENTED_EDGE ( 'NONE', *, *, #7298, .T. ) ;
#5056 = EDGE_CURVE ( 'NONE', #6794, #6767, #7428, .T. ) ;
#5057 = FACE_OUTER_BOUND ( 'NONE', #6045, .T. ) ;
#5058 = CARTESIAN_POINT ( 'NONE',  ( -10.00000000000000000, 0.000000000000000000, 0.000000000000000000 ) ) ;
#5059 = DIRECTION ( 'NONE',  ( -1.000000000000000000, 0.000000000000000000, 0.000000000000000000 ) ) ;
#5060 = CARTESIAN_POINT ( 'NONE',  ( 1.500000000000000444, 21.78099992762129844, 14.19817038047371049 ) ) ;
#5061 = CARTESIAN_POINT ( 'NONE',  ( 3.000000000000000888, 6.921355658526533894, -22.71805090337159427 ) ) ;
#5062 = VERTEX_POINT ( 'NONE', #925 ) ;
#5063 = ORIENTED_EDGE ( 'NONE', *, *, #3932, .T. ) ;
#5064 = ORIENTED_EDGE ( 'NONE', *, *, #6700, .T. ) ;
#5065 = DIRECTION ( 'NONE',  ( 0.000000000000000000, 0.1253332335643045359, -0.9921147013144778759 ) ) ;
#5066 = FACE_OUTER_BOUND ( 'NONE', #7548, .T. ) ;
#5067 = CYLINDRICAL_SURFACE ( 'NONE', #5670, 9.999999999999998224 ) ;
#5068 = DIRECTION ( 'NONE',  ( -1.000000000000000000, -0.000000000000000000, -0.000000000000000000 ) ) ;
#5069 = ORIENTED_EDGE ( 'NONE', *, *, #6630, .F. ) ;
#5070 = ORIENTED_EDGE ( 'NONE', *, *, #2355, .F. ) ;
#5071 = LINE ( 'NONE', #3107, #7142 ) ;
#5072 = ORIENTED_EDGE ( 'NONE', *, *, #874, .F. ) ;
#5073 = CARTESIAN_POINT ( 'NONE',  ( 3.000000000000000888, 0.000000000000000000, 0.000000000000000000 ) ) ;
#5074 = FACE_OUTER_BOUND ( 'NONE', #1770, .T. ) ;
#5075 = CARTESIAN_POINT ( 'NONE',  ( 0.000000000000000000, -11.42144594672563507, 20.52899074774370192 ) ) ;
#5076 = ADVANCED_FACE ( 'NONE', ( #5462 ), #4861, .T. ) ;
#5077 = EDGE_LOOP ( 'NONE', ( #2687, #7829, #7386, #6993 ) ) ;
#5078 = ORIENTED_EDGE ( 'NONE', *, *, #1832, .F. ) ;
#5079 = VECTOR ( 'NONE', #4442, 1000.000000000000000 ) ;
#5080 = DIRECTION ( 'NONE',  ( -1.000000000000000000, 0.000000000000000000, -0.000000000000000000 ) ) ;
#5081 = DIRECTION ( 'NONE',  ( -1.000000000000000000, 0.000000000000000000, -0.000000000000000000 ) ) ;
#5082 = CARTESIAN_POINT ( 'NONE',  ( 0.000000000000000000, 0.000000000000000000, 0.000000000000000000 ) ) ;
#5083 = CARTESIAN_POINT ( 'NONE',  ( 3.000000000000000888, -2.943853573238456534, 25.83280329618392557 ) ) ;
#5084 = EDGE_CURVE ( 'NONE', #765, #1781, #1520, .T. ) ;
#5085 = CIRCLE ( 'NONE', #1771, 23.74900000000000588 ) ;
#5086 = AXIS2_PLACEMENT_3D ( 'NONE', #5477, #6675, #3515 ) ;
#5087 = ORIENTED_EDGE ( 'NONE', *, *, #2086, .T. ) ;
#5088 = ORIENTED_EDGE ( 'NONE', *, *, #5156, .T. ) ;
#5089 = ADVANCED_FACE ( 'NONE', ( #6099 ), #6825, .T. ) ;
#5090 = CARTESIAN_POINT ( 'NONE',  ( 0.000000000000000000, -23.05365132147770169, 4.518633574727163094 ) ) ;
#5091 = ORIENTED_EDGE ( 'NONE', *, *, #4927, .F. ) ;
#5092 = LINE ( 'NONE', #5610, #2477 ) ;
#5093 = DIRECTION ( 'NONE',  ( 0.000000000000000000, 0.000000000000000000, 1.000000000000000000 ) ) ;
#5094 = DATE_TIME_ROLE ( 'classification_date' ) ;
#5095 = CIRCLE ( 'NONE', #7002, 9.999999999999998224 ) ;
#5096 = CIRCLE ( 'NONE', #7552, 23.74900000000000944 ) ;
#5097 = CARTESIAN_POINT ( 'NONE',  ( 3.000000000000000888, -22.89013261011081113, -6.329046538898397856 ) ) ;
#5098 = CARTESIAN_POINT ( 'NONE',  ( 3.000000000000000888, -23.05365132147770169, 4.518633574727163094 ) ) ;
#5099 = LINE ( 'NONE', #3007, #2924 ) ;
#5100 = EDGE_CURVE ( 'NONE', #8121, #123, #4941, .T. ) ;
#5101 = ADVANCED_FACE ( 'NONE', ( #4112 ), #6784, .T. ) ;
#5102 = ORIENTED_EDGE ( 'NONE', *, *, #6884, .T. ) ;
#5103 = CIRCLE ( 'NONE', #1514, 9.999999999999996447 ) ;
#5104 = CIRCLE ( 'NONE', #2339, 10.00000000000000000 ) ;
#5105 = ORIENTED_EDGE ( 'NONE', *, *, #1923, .T. ) ;
#5106 = ORIENTED_EDGE ( 'NONE', *, *, #7770, .F. ) ;
#5107 = CARTESIAN_POINT ( 'NONE',  ( 1.500000000000000444, -18.02803414784208158, -18.73472670641981352 ) ) ;
#5108 = CARTESIAN_POINT ( 'NONE',  ( 3.000000000000000888, -16.16797261240405348, 17.04363664947931767 ) ) ;
#5109 = DIRECTION ( 'NONE',  ( -1.000000000000000000, -0.000000000000000000, 0.000000000000000000 ) ) ;
#5110 = CARTESIAN_POINT ( 'NONE',  ( 3.000000000000000888, 0.000000000000000000, 0.000000000000000000 ) ) ;
#5111 = AXIS2_PLACEMENT_3D ( 'NONE', #3390, #8126, #4131 ) ;
#5112 = ADVANCED_FACE ( 'NONE', ( #8195 ), #6228, .F. ) ;
#5113 = EDGE_LOOP ( 'NONE', ( #6208, #6096, #6051, #8271 ) ) ;
#5114 = DIRECTION ( 'NONE',  ( 0.000000000000000000, -0.3681245526846854688, 0.9297764858882483496 ) ) ;
#5115 = AXIS2_PLACEMENT_3D ( 'NONE', #312, #2283, #7333 ) ;
#5116 = VERTEX_POINT ( 'NONE', #283 ) ;
#5117 = AXIS2_PLACEMENT_3D ( 'NONE', #7083, #7122, #1139 ) ;
#5118 = DIRECTION ( 'NONE',  ( 0.000000000000000000, 0.5877852522924743583, -0.8090169943749465631 ) ) ;
#5119 = EDGE_CURVE ( 'NONE', #2022, #2504, #2892, .T. ) ;
#5120 = CARTESIAN_POINT ( 'NONE',  ( 3.000000000000000888, 4.019451921852295051, -23.40638817177734055 ) ) ;
#5121 = DIRECTION ( 'NONE',  ( 1.000000000000000000, -0.000000000000000000, -0.000000000000000000 ) ) ;
#5122 = AXIS2_PLACEMENT_3D ( 'NONE', #1937, #5860, #3914 ) ;
#5123 = VECTOR ( 'NONE', #2967, 1000.000000000000000 ) ;
#5124 = VERTEX_POINT ( 'NONE', #2299 ) ;
#5125 = ORIENTED_EDGE ( 'NONE', *, *, #313, .F. ) ;
#5126 = AXIS2_PLACEMENT_3D ( 'NONE', #5845, #8463, #8285 ) ;
#5127 = VECTOR ( 'NONE', #4215, 1000.000000000000000 ) ;
#5128 = CARTESIAN_POINT ( 'NONE',  ( 3.000000000000000888, 11.42144594672549474, 20.52899074774378363 ) ) ;
#5129 = DIRECTION ( 'NONE',  ( -1.000000000000000000, 0.000000000000000000, -0.000000000000000000 ) ) ;
#5130 = DIRECTION ( 'NONE',  ( -1.000000000000000000, -0.000000000000000000, 0.000000000000000000 ) ) ;
#5131 = DIRECTION ( 'NONE',  ( -1.000000000000000000, -0.000000000000000000, 0.000000000000000000 ) ) ;
#5132 = AXIS2_PLACEMENT_3D ( 'NONE', #4065, #7895, #15 ) ;
#5133 = AXIS2_PLACEMENT_3D ( 'NONE', #5213, #5129, #7742 ) ;
#5134 = ORIENTED_EDGE ( 'NONE', *, *, #2557, .F. ) ;
#5135 = ORIENTED_EDGE ( 'NONE', *, *, #4671, .F. ) ;
#5136 = DIRECTION ( 'NONE',  ( -1.000000000000000000, 0.000000000000000000, 0.000000000000000000 ) ) ;
#5137 = VERTEX_POINT ( 'NONE', #1646 ) ;
#5138 = CARTESIAN_POINT ( 'NONE',  ( 3.000000000000000888, 20.59702713253501472, 11.82275239957331614 ) ) ;
#5139 = LINE ( 'NONE', #1855, #2646 ) ;
#5140 = MECHANICAL_CONTEXT ( 'NONE', #2637, 'mechanical' ) ;
#5141 = ADVANCED_FACE ( 'NONE', ( #5548 ), #3457, .T. ) ;
#5142 = AXIS2_PLACEMENT_3D ( 'NONE', #2965, #2321, #5701 ) ;
#5143 = DIRECTION ( 'NONE',  ( 1.000000000000000000, 0.000000000000000000, 0.000000000000000000 ) ) ;
#5144 = DIRECTION ( 'NONE',  ( -1.000000000000000000, -0.000000000000000000, -0.000000000000000000 ) ) ;
#5145 = DIRECTION ( 'NONE',  ( -1.000000000000000000, -0.000000000000000000, 0.000000000000000000 ) ) ;
#5146 = ADVANCED_FACE ( 'NONE', ( #2261 ), #4708, .F. ) ;
#5147 = EDGE_LOOP ( 'NONE', ( #34, #5134, #6776, #2615 ) ) ;
#5148 = CIRCLE ( 'NONE', #4447, 9.999999999999998224 ) ;
#5149 = ORIENTED_EDGE ( 'NONE', *, *, #3340, .F. ) ;
#5150 = ORIENTED_EDGE ( 'NONE', *, *, #1144, .T. ) ;
#5151 = DIRECTION ( 'NONE',  ( -1.000000000000000000, -0.000000000000000000, 0.000000000000000000 ) ) ;
#5152 = DIRECTION ( 'NONE',  ( 0.000000000000000000, 0.000000000000000000, 1.000000000000000000 ) ) ;
#5153 = CARTESIAN_POINT ( 'NONE',  ( 3.000000000000000888, 0.000000000000000000, 0.000000000000000000 ) ) ;
#5154 = EDGE_CURVE ( 'NONE', #5498, #7624, #1384, .T. ) ;
#5155 = CARTESIAN_POINT ( 'NONE',  ( 3.000000000000000888, 0.000000000000000000, 0.000000000000000000 ) ) ;
#5156 = EDGE_CURVE ( 'NONE', #6130, #1371, #4694, .T. ) ;
#5157 = CIRCLE ( 'NONE', #5296, 9.999999999999998224 ) ;
#5158 = AXIS2_PLACEMENT_3D ( 'NONE', #4485, #1081, #1213 ) ;
#5159 = VERTEX_POINT ( 'NONE', #6483 ) ;
#5160 = CARTESIAN_POINT ( 'NONE',  ( 0.000000000000000000, 0.000000000000000000, 0.000000000000000000 ) ) ;
#5161 = CIRCLE ( 'NONE', #4326, 10.00000000000000000 ) ;
#5162 = ORIENTED_EDGE ( 'NONE', *, *, #5345, .F. ) ;
#5163 = DIRECTION ( 'NONE',  ( 0.000000000000000000, 0.000000000000000000, 1.000000000000000000 ) ) ;
#5164 = EDGE_CURVE ( 'NONE', #3417, #4371, #4139, .T. ) ;
#5165 = CARTESIAN_POINT ( 'NONE',  ( 0.000000000000000000, 23.50287694562801022, 3.410245779803523281 ) ) ;
#5166 = ADVANCED_FACE ( 'NONE', ( #8409 ), #6950, .T. ) ;
#5167 = DIRECTION ( 'NONE',  ( -1.000000000000000000, 0.000000000000000000, 0.000000000000000000 ) ) ;
#5168 = CYLINDRICAL_SURFACE ( 'NONE', #2191, 23.74900000000000233 ) ;
#5169 = VECTOR ( 'NONE', #1954, 1000.000000000000114 ) ;
#5170 = CC_DESIGN_PERSON_AND_ORGANIZATION_ASSIGNMENT ( #861, #2744, ( #1196 ) ) ;
#5171 = ORIENTED_EDGE ( 'NONE', *, *, #8188, .F. ) ;
#5172 = EDGE_LOOP ( 'NONE', ( #5589, #6908, #3673, #4697 ) ) ;
#5173 = CARTESIAN_POINT ( 'NONE',  ( 0.000000000000000000, 23.74496687177445509, -0.4376634075792243395 ) ) ;
#5174 = PERSON_AND_ORGANIZATION_ROLE ( 'classification_officer' ) ;
#5175 = CARTESIAN_POINT ( 'NONE',  ( 3.000000000000000888, -12.35365805879565748, -20.28305040092227429 ) ) ;
#5176 = DIRECTION ( 'NONE',  ( -1.000000000000000000, -0.000000000000000000, -0.000000000000000000 ) ) ;
#5177 = LINE ( 'NONE', #7269, #4509 ) ;
#5178 = ORIENTED_EDGE ( 'NONE', *, *, #4236, .T. ) ;
#5179 = ORIENTED_EDGE ( 'NONE', *, *, #2772, .T. ) ;
#5180 = APPROVAL_PERSON_ORGANIZATION ( #7832, #8305, #8391 ) ;
#5181 = CARTESIAN_POINT ( 'NONE',  ( -14.74895638488504801, 7.000000000000008882, -6.145609380897365526 ) ) ;
#5182 = ORIENTED_EDGE ( 'NONE', *, *, #7076, .T. ) ;
#5183 = CARTESIAN_POINT ( 'NONE',  ( 0.000000000000000000, -19.82974763304084220, -16.81609671742854317 ) ) ;
#5184 = CARTESIAN_POINT ( 'NONE',  ( 3.000000000000000888, -24.82361017592218033, -7.732294474077721524 ) ) ;
#5185 = APPROVAL_STATUS ( 'not_yet_approved' ) ;
#5186 = DIRECTION ( 'NONE',  ( 0.000000000000000000, 0.6845471059286899473, -0.7289686274214102202 ) ) ;
#5187 = CARTESIAN_POINT ( 'NONE',  ( 0.000000000000000000, -13.71217102453742420, -19.07525240799602884 ) ) ;
#5188 = DIRECTION ( 'NONE',  ( 0.000000000000000000, 0.000000000000000000, 1.000000000000000000 ) ) ;
#5189 = ORIENTED_EDGE ( 'NONE', *, *, #3655, .T. ) ;
#5190 = ADVANCED_FACE ( 'NONE', ( #2509 ), #5668, .T. ) ;
#5191 = VERTEX_POINT ( 'NONE', #7594 ) ;
#5192 = ORIENTED_EDGE ( 'NONE', *, *, #8505, .T. ) ;
#5193 = CARTESIAN_POINT ( 'NONE',  ( 3.000000000000000888, 0.000000000000000000, 0.000000000000000000 ) ) ;
#5194 = CARTESIAN_POINT ( 'NONE',  ( 3.000000000000000888, 0.000000000000000000, 0.000000000000000000 ) ) ;
#5195 = CARTESIAN_POINT ( 'NONE',  ( 0.000000000000000000, 0.000000000000000000, 0.000000000000000000 ) ) ;
#5196 = EDGE_CURVE ( 'NONE', #4377, #4260, #1180, .T. ) ;
#5197 = CARTESIAN_POINT ( 'NONE',  ( 0.000000000000000000, -5.727185429052221721, -22.78350797608160150 ) ) ;
#5198 = CARTESIAN_POINT ( 'NONE',  ( 3.000000000000000888, -14.79838606843859772, -18.57478857940091288 ) ) ;
#5199 = EDGE_CURVE ( 'NONE', #4260, #1084, #2761, .T. ) ;
#5200 = ORIENTED_EDGE ( 'NONE', *, *, #6311, .F. ) ;
#5201 = CYLINDRICAL_SURFACE ( 'NONE', #5238, 26.00000000000000000 ) ;
#5202 = EDGE_LOOP ( 'NONE', ( #358, #2819, #5770, #7132 ) ) ;
#5203 = DIRECTION ( 'NONE',  ( 0.000000000000000000, 0.7705132427757904745, -0.6374239897486884132 ) ) ;
#5204 = EDGE_CURVE ( 'NONE', #4688, #7296, #4622, .T. ) ;
#5205 = CARTESIAN_POINT ( 'NONE',  ( 0.000000000000000000, -19.77132294913416288, 12.68793432659402143 ) ) ;
#5206 = CARTESIAN_POINT ( 'NONE',  ( 3.000000000000000888, 0.000000000000000000, 0.000000000000000000 ) ) ;
#5207 = DIRECTION ( 'NONE',  ( 0.000000000000000000, 0.000000000000000000, 1.000000000000000000 ) ) ;
#5208 = EDGE_CURVE ( 'NONE', #4767, #5041, #4278, .T. ) ;
#5209 = EDGE_CURVE ( 'NONE', #806, #4377, #7170, .T. ) ;
#5210 = ORIENTED_EDGE ( 'NONE', *, *, #2920, .F. ) ;
#5211 = VERTEX_POINT ( 'NONE', #5625 ) ;
#5212 = LINE ( 'NONE', #3905, #7890 ) ;
#5213 = CARTESIAN_POINT ( 'NONE',  ( 3.000000000000000888, 16.16797261240393269, 17.04363664947943491 ) ) ;
#5214 = LINE ( 'NONE', #1931, #1370 ) ;
#5215 = DIRECTION ( 'NONE',  ( 0.000000000000000000, 0.000000000000000000, 1.000000000000000000 ) ) ;
#5216 = VERTEX_POINT ( 'NONE', #534 ) ;
#5217 = ORIENTED_EDGE ( 'NONE', *, *, #7356, .F. ) ;
#5218 = CARTESIAN_POINT ( 'NONE',  ( -4.051352821171638752, 10.00000000000000888, -7.017148925761551581 ) ) ;
#5219 = ORIENTED_EDGE ( 'NONE', *, *, #5324, .T. ) ;
#5220 = DIRECTION ( 'NONE',  ( -1.000000000000000000, 0.000000000000000000, 0.000000000000000000 ) ) ;
#5221 = CARTESIAN_POINT ( 'NONE',  ( 3.000000000000000888, -2.943853573238085275, -25.83280329618396820 ) ) ;
#5222 = PERSON_AND_ORGANIZATION ( #1044, #909 ) ;
#5223 = CARTESIAN_POINT ( 'NONE',  ( 0.000000000000000000, 0.000000000000000000, 0.000000000000000000 ) ) ;
#5224 = DIRECTION ( 'NONE',  ( -1.000000000000000000, 0.000000000000000000, 0.000000000000000000 ) ) ;
#5225 = CARTESIAN_POINT ( 'NONE',  ( 0.000000000000000000, -5.957267827074570476, 22.72443285698070525 ) ) ;
#5226 = CIRCLE ( 'NONE', #6594, 23.74900000000000233 ) ;
#5227 = ORIENTED_EDGE ( 'NONE', *, *, #5412, .F. ) ;
#5228 = CIRCLE ( 'NONE', #4248, 9.999999999999998224 ) ;
#5229 = DIRECTION ( 'NONE',  ( -1.000000000000000000, -0.000000000000000000, -0.000000000000000000 ) ) ;
#5230 = AXIS2_PLACEMENT_3D ( 'NONE', #583, #8283, #5114 ) ;
#5231 = EDGE_LOOP ( 'NONE', ( #3744, #6673, #5695, #4592 ) ) ;
#5232 = CARTESIAN_POINT ( 'NONE',  ( 0.000000000000000000, -23.38875284200429050, -11.35633041504324225 ) ) ;
#5233 = FACE_OUTER_BOUND ( 'NONE', #4097, .T. ) ;
#5234 = FACE_BOUND ( 'NONE', #2896, .T. ) ;
#5235 = CARTESIAN_POINT ( 'NONE',  ( 15.14952443976302909, 10.00000000000000888, -8.746582013434034408 ) ) ;
#5236 = CARTESIAN_POINT ( 'NONE',  ( 3.000000000000000888, 23.05365132147766971, -4.518633574727327407 ) ) ;
#5237 = AXIS2_PLACEMENT_3D ( 'NONE', #8468, #2561, #1279 ) ;
#5238 = AXIS2_PLACEMENT_3D ( 'NONE', #7808, #798, #1913 ) ;
#5239 = CIRCLE ( 'NONE', #2880, 26.00000000000000000 ) ;
#5240 = ORIENTED_EDGE ( 'NONE', *, *, #6190, .T. ) ;
#5241 = ORIENTED_EDGE ( 'NONE', *, *, #7927, .F. ) ;
#5242 = CARTESIAN_POINT ( 'NONE',  ( -1.061049529133641256, 10.00000000000000888, -17.46780392355350031 ) ) ;
#5243 = ORIENTED_EDGE ( 'NONE', *, *, #6620, .T. ) ;
#5244 = DIRECTION ( 'NONE',  ( 0.000000000000000000, 0.000000000000000000, 1.000000000000000000 ) ) ;
#5245 = CARTESIAN_POINT ( 'NONE',  ( 3.000000000000000888, 15.47283697127532243, -18.01683426854828340 ) ) ;
#5246 = AXIS2_PLACEMENT_3D ( 'NONE', #2092, #111, #8502 ) ;
#5247 = EDGE_CURVE ( 'NONE', #7042, #6094, #3581, .T. ) ;
#5248 = CARTESIAN_POINT ( 'NONE',  ( 0.000000000000000000, -21.30678187720829442, 9.894944904949715792 ) ) ;
#5249 = LINE ( 'NONE', #7174, #6186 ) ;
#5250 = EDGE_CURVE ( 'NONE', #3533, #4918, #7577, .T. ) ;
#5251 = CIRCLE ( 'NONE', #20, 10.00000000000000178 ) ;
#5252 = ORIENTED_EDGE ( 'NONE', *, *, #3331, .F. ) ;
#5253 = VERTEX_POINT ( 'NONE', #4367 ) ;
#5254 = CARTESIAN_POINT ( 'NONE',  ( 0.000000000000000000, 18.17661741219034255, -14.88285819611882133 ) ) ;
#5255 = DIRECTION ( 'NONE',  ( 0.000000000000000000, 0.000000000000000000, -1.000000000000000000 ) ) ;
#5256 = DATE_AND_TIME ( #4508, #6180 ) ;
#5257 = EDGE_CURVE ( 'NONE', #4552, #630, #156, .T. ) ;
#5258 = AXIS2_PLACEMENT_3D ( 'NONE', #3636, #7557, #4991 ) ;
#5259 = CARTESIAN_POINT ( 'NONE',  ( 2.052224346939968136, 7.000000000000008882, 15.84577559900801624 ) ) ;
#5260 = CYLINDRICAL_SURFACE ( 'NONE', #5777, 26.00000000000000000 ) ;
#5261 = ADVANCED_FACE ( 'NONE', ( #6356 ), #1824, .T. ) ;
#5262 = AXIS2_PLACEMENT_3D ( 'NONE', #8348, #1041, #6893 ) ;
#5263 = CARTESIAN_POINT ( 'NONE',  ( 3.000000000000000888, -21.91639720942976766, -9.148034453285532663 ) ) ;
#5264 = ORIENTED_EDGE ( 'NONE', *, *, #2337, .T. ) ;
#5265 = AXIS2_PLACEMENT_3D ( 'NONE', #2643, #5295, #1355 ) ;
#5266 = VERTEX_POINT ( 'NONE', #496 ) ;
#5267 = VECTOR ( 'NONE', #943, 1000.000000000000000 ) ;
#5268 = DIRECTION ( 'NONE',  ( -1.000000000000000000, -0.000000000000000000, -0.000000000000000000 ) ) ;
#5269 = DIRECTION ( 'NONE',  ( 0.000000000000000000, 0.000000000000000000, -1.000000000000000000 ) ) ;
#5270 = DIRECTION ( 'NONE',  ( 1.000000000000000000, -0.000000000000000000, -0.000000000000000000 ) ) ;
#5271 = DATE_AND_TIME ( #2494, #4218 ) ;
#5272 = CIRCLE ( 'NONE', #6367, 26.00000000000000000 ) ;
#5273 = CARTESIAN_POINT ( 'NONE',  ( 3.000000000000000888, -20.59702713253510353, 11.82275239957317226 ) ) ;
#5274 = CARTESIAN_POINT ( 'NONE',  ( 3.000000000000000888, 9.275723936746832265, 24.28911166447348080 ) ) ;
#5275 = ADVANCED_FACE ( 'NONE', ( #3105 ), #2463, .T. ) ;
#5276 = DIRECTION ( 'NONE',  ( -1.000000000000000000, 0.000000000000000000, 0.000000000000000000 ) ) ;
#5277 = CIRCLE ( 'NONE', #4158, 23.74900000000000944 ) ;
#5278 = CIRCLE ( 'NONE', #3466, 26.00000000000000000 ) ;
#5279 = ORIENTED_EDGE ( 'NONE', *, *, #4292, .F. ) ;
#5280 = PRODUCT_RELATED_PRODUCT_CATEGORY ( 'detail', '', ( #7851 ) ) ;
#5281 = DIRECTION ( 'NONE',  ( -1.000000000000000000, 0.000000000000000000, 0.000000000000000000 ) ) ;
#5282 = VECTOR ( 'NONE', #4967, 1000.000000000000000 ) ;
#5283 = VERTEX_POINT ( 'NONE', #7338 ) ;
#5284 = FACE_OUTER_BOUND ( 'NONE', #5113, .T. ) ;
#5285 = DIRECTION ( 'NONE',  ( -1.000000000000000000, 0.000000000000000000, 0.000000000000000000 ) ) ;
#5286 = DIRECTION ( 'NONE',  ( 0.000000000000000000, -0.1253332335643113360, 0.9921147013144768767 ) ) ;
#5287 = CARTESIAN_POINT ( 'NONE',  ( -10.00000000000000000, 0.000000000000000000, 0.000000000000000000 ) ) ;
#5288 = DIRECTION ( 'NONE',  ( -1.000000000000000000, 0.000000000000000000, 0.000000000000000000 ) ) ;
#5289 = AXIS2_PLACEMENT_3D ( 'NONE', #5050, #7657, #2958 ) ;
#5290 = VECTOR ( 'NONE', #4733, 1000.000000000000000 ) ;
#5291 = EDGE_LOOP ( 'NONE', ( #4855, #4912, #5192, #2309 ) ) ;
#5292 = ORIENTED_EDGE ( 'NONE', *, *, #2935, .F. ) ;
#5293 = DIRECTION ( 'NONE',  ( 0.000000000000000000, 0.9822872507286879440, 0.1873813145857285700 ) ) ;
#5294 = ORIENTED_EDGE ( 'NONE', *, *, #5572, .T. ) ;
#5295 = DIRECTION ( 'NONE',  ( -1.000000000000000000, -0.000000000000000000, -0.000000000000000000 ) ) ;
#5296 = AXIS2_PLACEMENT_3D ( 'NONE', #5853, #5935, #7267 ) ;
#5297 = CARTESIAN_POINT ( 'NONE',  ( 3.000000000000000888, -23.43820135222873091, -1.593614133755546725 ) ) ;
#5298 = AXIS2_PLACEMENT_3D ( 'NONE', #5976, #2969, #1638 ) ;
#5299 = DIRECTION ( 'NONE',  ( 1.000000000000000000, 0.000000000000000000, 0.000000000000000000 ) ) ;
#5300 = VECTOR ( 'NONE', #6689, 1000.000000000000000 ) ;
#5301 = VECTOR ( 'NONE', #3751, 1000.000000000000000 ) ;
#5302 = ORIENTED_EDGE ( 'NONE', *, *, #4288, .T. ) ;
#5303 = ADVANCED_FACE ( 'NONE', ( #7211 ), #706, .T. ) ;
#5304 = ORIENTED_EDGE ( 'NONE', *, *, #6982, .F. ) ;
#5305 = CARTESIAN_POINT ( 'NONE',  ( 3.000000000000000888, 4.879274292603049901, 23.24236828246086972 ) ) ;
#5306 = CARTESIAN_POINT ( 'NONE',  ( 0.000000000000000000, 14.79838606843898496, -18.57478857940060379 ) ) ;
#5307 = EDGE_CURVE ( 'NONE', #7930, #2429, #6347, .T. ) ;
#5308 = CARTESIAN_POINT ( 'NONE',  ( 3.000000000000000888, -14.79838606843859772, -18.57478857940091288 ) ) ;
#5309 = VECTOR ( 'NONE', #4323, 1000.000000000000000 ) ;
#5310 = LINE ( 'NONE', #5344, #6022 ) ;
#5311 = ORIENTED_EDGE ( 'NONE', *, *, #4547, .T. ) ;
#5312 = EDGE_CURVE ( 'NONE', #7579, #2206, #1439, .T. ) ;
#5313 = ORIENTED_EDGE ( 'NONE', *, *, #1639, .T. ) ;
#5314 = CARTESIAN_POINT ( 'NONE',  ( 3.000000000000000888, -22.89013261011090350, 6.329046538898065677 ) ) ;
#5315 = LINE ( 'NONE', #6551, #5502 ) ;
#5316 = CARTESIAN_POINT ( 'NONE',  ( 3.000000000000000888, -14.79838606843885884, 18.57478857940070682 ) ) ;
#5317 = COORDINATED_UNIVERSAL_TIME_OFFSET ( 7, 0, .AHEAD. ) ;
#5318 = DIRECTION ( 'NONE',  ( -1.000000000000000000, 0.000000000000000000, -0.000000000000000000 ) ) ;
#5319 = DIRECTION ( 'NONE',  ( -1.000000000000000000, 0.000000000000000000, 0.000000000000000000 ) ) ;
#5320 = DIRECTION ( 'NONE',  ( 0.000000000000000000, 0.000000000000000000, 1.000000000000000000 ) ) ;
#5321 = EDGE_LOOP ( 'NONE', ( #3345, #7187, #2377, #7840 ) ) ;
#5322 = SECURITY_CLASSIFICATION ( '', '', #2705 ) ;
#5323 = ADVANCED_FACE ( 'NONE', ( #1265 ), #661, .T. ) ;
#5324 = EDGE_CURVE ( 'NONE', #3454, #2204, #1659, .T. ) ;
#5325 = CARTESIAN_POINT ( 'NONE',  ( 1.665334536937734811E-11, 10.00000000000000888, 17.49316402681056104 ) ) ;
#5326 = ORIENTED_EDGE ( 'NONE', *, *, #6467, .F. ) ;
#5327 = DIRECTION ( 'NONE',  ( -1.000000000000000000, -0.000000000000000000, 0.000000000000000000 ) ) ;
#5328 = CARTESIAN_POINT ( 'NONE',  ( 3.000000000000000888, 0.000000000000000000, 0.000000000000000000 ) ) ;
#5329 = DIRECTION ( 'NONE',  ( 0.000000000000000000, 0.000000000000000000, 1.000000000000000000 ) ) ;
#5330 = DIRECTION ( 'NONE',  ( -1.000000000000000000, 0.000000000000000000, 0.000000000000000000 ) ) ;
#5331 = DIRECTION ( 'NONE',  ( -1.000000000000000000, 0.000000000000000000, -0.000000000000000000 ) ) ;
#5332 = ORIENTED_EDGE ( 'NONE', *, *, #300, .T. ) ;
#5333 = ORIENTED_EDGE ( 'NONE', *, *, #2179, .F. ) ;
#5334 = CARTESIAN_POINT ( 'NONE',  ( 1.500000000000000444, -12.24681498829422566, 22.93502828955071493 ) ) ;
#5335 = ORIENTED_EDGE ( 'NONE', *, *, #3070, .T. ) ;
#5336 = DIRECTION ( 'NONE',  ( -1.000000000000000000, -0.000000000000000000, -0.000000000000000000 ) ) ;
#5337 = CARTESIAN_POINT ( 'NONE',  ( 3.000000000000000888, 0.000000000000000000, 0.000000000000000000 ) ) ;
#5338 = CARTESIAN_POINT ( 'NONE',  ( 3.000000000000000888, 0.000000000000000000, 0.000000000000000000 ) ) ;
#5339 = ORIENTED_EDGE ( 'NONE', *, *, #4944, .F. ) ;
#5340 = VERTEX_POINT ( 'NONE', #6003 ) ;
#5341 = CARTESIAN_POINT ( 'NONE',  ( 3.000000000000000888, 0.000000000000000000, 0.000000000000000000 ) ) ;
#5342 = DIRECTION ( 'NONE',  ( 0.000000000000000000, 0.2486898871648483555, 0.9685831611286327414 ) ) ;
#5343 = CARTESIAN_POINT ( 'NONE',  ( 1.499999999999999556, 24.62765115230531521, 8.335394335024261636 ) ) ;
#5344 = CARTESIAN_POINT ( 'NONE',  ( 1.499999999999999556, -12.24681498829390591, -22.93502828955088901 ) ) ;
#5345 = EDGE_CURVE ( 'NONE', #1443, #3626, #6886, .T. ) ;
#5346 = EDGE_LOOP ( 'NONE', ( #1545, #8218, #4012, #1396 ) ) ;
#5347 = VERTEX_POINT ( 'NONE', #5963 ) ;
#5348 = CARTESIAN_POINT ( 'NONE',  ( 3.000000000000000888, -22.37893697895712108, -7.146472439377875574 ) ) ;
#5349 = DIRECTION ( 'NONE',  ( 0.000000000000000000, 0.9822872507286879440, 0.1873813145857286810 ) ) ;
#5350 = PERSON_AND_ORGANIZATION_ROLE ( 'design_owner' ) ;
#5351 = DIRECTION ( 'NONE',  ( 0.000000000000000000, -0.2486898871648415832, -0.9685831611286345177 ) ) ;
#5352 = CARTESIAN_POINT ( 'NONE',  ( 3.000000000000000888, 5.957267827074719690, -22.72443285698066973 ) ) ;
#5353 = CARTESIAN_POINT ( 'NONE',  ( 0.000000000000000000, 0.000000000000000000, 0.000000000000000000 ) ) ;
#5354 = EDGE_CURVE ( 'NONE', #2210, #6060, #6749, .T. ) ;
#5355 = ORIENTED_EDGE ( 'NONE', *, *, #2511, .F. ) ;
#5356 = ADVANCED_FACE ( 'NONE', ( #6688 ), #5915, .T. ) ;
#5357 = CARTESIAN_POINT ( 'NONE',  ( 3.000000000000000888, 0.000000000000000000, 0.000000000000000000 ) ) ;
#5358 = ORIENTED_EDGE ( 'NONE', *, *, #4736, .F. ) ;
#5359 = DIRECTION ( 'NONE',  ( -1.000000000000000000, 0.000000000000000000, 0.000000000000000000 ) ) ;
#5360 = DIRECTION ( 'NONE',  ( 0.000000000000000000, 0.000000000000000000, 1.000000000000000000 ) ) ;
#5361 = DIRECTION ( 'NONE',  ( 1.000000000000000000, 0.000000000000000000, 0.000000000000000000 ) ) ;
#5362 = AXIS2_PLACEMENT_3D ( 'NONE', #7821, #5984, #3341 ) ;
#5363 = AXIS2_PLACEMENT_3D ( 'NONE', #1993, #4056, #6680 ) ;
#5364 = DIRECTION ( 'NONE',  ( -1.000000000000000000, -0.000000000000000000, -0.000000000000000000 ) ) ;
#5365 = DIRECTION ( 'NONE',  ( -1.000000000000000000, 0.000000000000000000, -0.000000000000000000 ) ) ;
#5366 = EDGE_CURVE ( 'NONE', #6486, #1537, #85, .T. ) ;
#5367 = ADVANCED_FACE ( 'NONE', ( #104 ), #2635, .T. ) ;
#5368 = ORIENTED_EDGE ( 'NONE', *, *, #7262, .T. ) ;
#5369 = CIRCLE ( 'NONE', #2734, 26.00000000000000000 ) ;
#5370 = AXIS2_PLACEMENT_3D ( 'NONE', #4702, #2832, #89 ) ;
#5371 = EDGE_LOOP ( 'NONE', ( #2981, #5456, #3507, #4014 ) ) ;
#5372 = DIRECTION ( 'NONE',  ( -1.000000000000000000, 0.000000000000000000, 0.000000000000000000 ) ) ;
#5373 = ORIENTED_EDGE ( 'NONE', *, *, #29, .F. ) ;
#5374 = DIRECTION ( 'NONE',  ( -0.000000000000000000, 1.000000000000000000, -0.000000000000000000 ) ) ;
#5375 = FACE_OUTER_BOUND ( 'NONE', #4049, .T. ) ;
#5376 = VECTOR ( 'NONE', #851, 1000.000000000000000 ) ;
#5377 = CIRCLE ( 'NONE', #2323, 10.00000000000000000 ) ;
#5378 = CARTESIAN_POINT ( 'NONE',  ( 0.000000000000000000, 1.054159027265907156, 23.72559271641562262 ) ) ;
#5379 = EDGE_CURVE ( 'NONE', #3236, #2257, #7848, .T. ) ;
#5380 = ORIENTED_EDGE ( 'NONE', *, *, #4234, .T. ) ;
#5381 = CIRCLE ( 'NONE', #4401, 9.999999999999994671 ) ;
#5382 = ORIENTED_EDGE ( 'NONE', *, *, #3880, .T. ) ;
#5383 = VECTOR ( 'NONE', #6199, 1000.000000000000114 ) ;
#5384 = DIRECTION ( 'NONE',  ( 0.000000000000000000, -0.5877852522924803536, 0.8090169943749421222 ) ) ;
#5385 = ORIENTED_EDGE ( 'NONE', *, *, #4090, .T. ) ;
#5386 = FACE_OUTER_BOUND ( 'NONE', #1399, .T. ) ;
#5387 = DIRECTION ( 'NONE',  ( -1.000000000000000000, 0.000000000000000000, 0.000000000000000000 ) ) ;
#5388 = DIRECTION ( 'NONE',  ( -1.000000000000000000, 0.000000000000000000, -0.000000000000000000 ) ) ;
#5389 = AXIS2_PLACEMENT_3D ( 'NONE', #5297, #2727, #74 ) ;
#5390 = ORIENTED_EDGE ( 'NONE', *, *, #199, .F. ) ;
#5391 = ORIENTED_EDGE ( 'NONE', *, *, #5047, .F. ) ;
#5392 = CIRCLE ( 'NONE', #7714, 23.74900000000000588 ) ;
#5393 = AXIS2_PLACEMENT_3D ( 'NONE', #7802, #2717, #4019 ) ;
#5394 = CARTESIAN_POINT ( 'NONE',  ( 0.000000000000000000, -15.99480952573140868, -17.20624761156522098 ) ) ;
#5395 = DIRECTION ( 'NONE',  ( -0.000000000000000000, 1.000000000000000000, -0.000000000000000000 ) ) ;
#5396 = PERSON_AND_ORGANIZATION ( #1044, #909 ) ;
#5397 = DIRECTION ( 'NONE',  ( 0.000000000000000000, 0.000000000000000000, 1.000000000000000000 ) ) ;
#5398 = CARTESIAN_POINT ( 'NONE',  ( 3.000000000000000888, -23.65875512592465668, 10.78254635471296119 ) ) ;
#5399 = CARTESIAN_POINT ( 'NONE',  ( 0.000000000000000000, 0.000000000000000000, 0.000000000000000000 ) ) ;
#5400 = PRODUCT_DEFINITION_SHAPE ( 'NONE', 'NONE',  #6995 ) ;
#5401 = CIRCLE ( 'NONE', #982, 26.00000000000000000 ) ;
#5402 = CIRCLE ( 'NONE', #1532, 26.00000000000000000 ) ;
#5403 = ORIENTED_EDGE ( 'NONE', *, *, #400, .T. ) ;
#5404 = DIRECTION ( 'NONE',  ( -1.000000000000000000, 0.000000000000000000, 0.000000000000000000 ) ) ;
#5405 = EDGE_CURVE ( 'NONE', #4371, #2856, #1529, .T. ) ;
#5406 = ORIENTED_EDGE ( 'NONE', *, *, #6990, .F. ) ;
#5407 = LINE ( 'NONE', #139, #1311 ) ;
#5408 = DIRECTION ( 'NONE',  ( -1.000000000000000000, 0.000000000000000000, 0.000000000000000000 ) ) ;
#5409 = AXIS2_PLACEMENT_3D ( 'NONE', #1099, #5718, #8326 ) ;
#5410 = CARTESIAN_POINT ( 'NONE',  ( 3.000000000000000888, -4.879274292602898022, -23.24236828246090880 ) ) ;
#5411 = CARTESIAN_POINT ( 'NONE',  ( 3.000000000000000888, 18.02520032586864929, 15.06589001178578968 ) ) ;
#5412 = EDGE_CURVE ( 'NONE', #6198, #1611, #2353, .T. ) ;
#5413 = ORIENTED_EDGE ( 'NONE', *, *, #3540, .F. ) ;
#5414 = CIRCLE ( 'NONE', #4863, 26.00000000000000000 ) ;
#5415 = ORIENTED_EDGE ( 'NONE', *, *, #4568, .F. ) ;
#5416 = AXIS2_PLACEMENT_3D ( 'NONE', #3535, #8153, #6227 ) ;
#5417 = ORIENTED_EDGE ( 'NONE', *, *, #8073, .F. ) ;
#5418 = VERTEX_POINT ( 'NONE', #7845 ) ;
#5419 = ADVANCED_FACE ( 'NONE', ( #1958 ), #4586, .T. ) ;
#5420 = ORIENTED_EDGE ( 'NONE', *, *, #5881, .F. ) ;
#5421 = DIRECTION ( 'NONE',  ( 0.000000000000000000, 0.9822872507286879440, 0.1873813145857285700 ) ) ;
#5422 = DIRECTION ( 'NONE',  ( -1.000000000000000000, 0.000000000000000000, -0.000000000000000000 ) ) ;
#5423 = CIRCLE ( 'NONE', #5289, 26.00000000000000000 ) ;
#5424 = AXIS2_PLACEMENT_3D ( 'NONE', #2736, #5387, #7993 ) ;
#5425 = ORIENTED_EDGE ( 'NONE', *, *, #7981, .F. ) ;
#5426 = EDGE_CURVE ( 'NONE', #6667, #7977, #5836, .T. ) ;
#5427 = AXIS2_PLACEMENT_3D ( 'NONE', #7323, #3349, #692 ) ;
#5428 = ORIENTED_EDGE ( 'NONE', *, *, #3181, .F. ) ;
#5429 = EDGE_CURVE ( 'NONE', #184, #2972, #3026, .T. ) ;
#5430 = CIRCLE ( 'NONE', #2653, 10.00000000000000178 ) ;
#5431 = DIRECTION ( 'NONE',  ( -1.000000000000000000, -0.000000000000000000, -0.000000000000000000 ) ) ;
#5432 = ORIENTED_EDGE ( 'NONE', *, *, #990, .T. ) ;
#5433 = DIRECTION ( 'NONE',  ( -1.000000000000000000, 0.000000000000000000, -0.000000000000000000 ) ) ;
#5434 = CARTESIAN_POINT ( 'NONE',  ( 3.000000000000000888, -5.957267827074570476, 22.72443285698070525 ) ) ;
#5435 = CARTESIAN_POINT ( 'NONE',  ( 0.000000000000000000, 0.000000000000000000, 0.000000000000000000 ) ) ;
#5436 = CIRCLE ( 'NONE', #1153, 23.74900000000000944 ) ;
#5437 = AXIS2_PLACEMENT_3D ( 'NONE', #3960, #7961, #6593 ) ;
#5438 = ORIENTED_EDGE ( 'NONE', *, *, #5740, .F. ) ;
#5439 = EDGE_LOOP ( 'NONE', ( #1604, #61, #8071, #8294 ) ) ;
#5440 = AXIS2_PLACEMENT_3D ( 'NONE', #580, #4914, #377 ) ;
#5441 = LINE ( 'NONE', #7322, #8114 ) ;
#5442 = DIRECTION ( 'NONE',  ( -1.000000000000000000, 0.000000000000000000, -0.000000000000000000 ) ) ;
#5443 = APPLICATION_PROTOCOL_DEFINITION ( 'international standard', 'config_control_design', 1994, #2194 ) ;
#5444 = FACE_OUTER_BOUND ( 'NONE', #3680, .T. ) ;
#5445 = DIRECTION ( 'NONE',  ( -1.000000000000000000, 0.000000000000000000, 0.000000000000000000 ) ) ;
#5446 = CYLINDRICAL_SURFACE ( 'NONE', #1573, 23.74900000000000233 ) ;
#5447 = VERTEX_POINT ( 'NONE', #321 ) ;
#5448 = CARTESIAN_POINT ( 'NONE',  ( 3.000000000000000888, -4.879274292602898022, -23.24236828246090880 ) ) ;
#5449 = ORIENTED_EDGE ( 'NONE', *, *, #886, .T. ) ;
#5450 = LINE ( 'NONE', #4142, #8039 ) ;
#5451 = CARTESIAN_POINT ( 'NONE',  ( 3.000000000000000888, -23.43820135222873091, 8.406385866244452387 ) ) ;
#5452 = CARTESIAN_POINT ( 'NONE',  ( 0.000000000000000000, 0.000000000000000000, 0.000000000000000000 ) ) ;
#5453 = CARTESIAN_POINT ( 'NONE',  ( 3.000000000000000888, -23.61258448579737745, 2.541821178029872286 ) ) ;
#5454 = CARTESIAN_POINT ( 'NONE',  ( 3.000000000000000888, 0.000000000000000000, 0.000000000000000000 ) ) ;
#5455 = EDGE_CURVE ( 'NONE', #8280, #3565, #5251, .T. ) ;
#5456 = ORIENTED_EDGE ( 'NONE', *, *, #4671, .T. ) ;
#5457 = ORIENTED_EDGE ( 'NONE', *, *, #3710, .F. ) ;
#5458 = ORIENTED_EDGE ( 'NONE', *, *, #1861, .F. ) ;
#5459 = EDGE_LOOP ( 'NONE', ( #2088, #6315, #699, #1534 ) ) ;
#5460 = LINE ( 'NONE', #330, #4294 ) ;
#5461 = CC_DESIGN_APPROVAL ( #6006, ( #5322 ) ) ;
#5462 = FACE_OUTER_BOUND ( 'NONE', #530, .T. ) ;
#5463 = ADVANCED_FACE ( 'NONE', ( #7416 ), #4894, .T. ) ;
#5464 = ORIENTED_EDGE ( 'NONE', *, *, #2096, .F. ) ;
#5465 = EDGE_CURVE ( 'NONE', #2253, #1195, #1114, .T. ) ;
#5466 = VERTEX_POINT ( 'NONE', #142 ) ;
#5467 = DIRECTION ( 'NONE',  ( 0.000000000000000000, 0.000000000000000000, 1.000000000000000000 ) ) ;
#5468 = CARTESIAN_POINT ( 'NONE',  ( 3.000000000000000888, -15.02476645158338719, 21.21924581778000629 ) ) ;
#5469 = ORIENTED_EDGE ( 'NONE', *, *, #6151, .F. ) ;
#5470 = FACE_OUTER_BOUND ( 'NONE', #6703, .T. ) ;
#5471 = DIRECTION ( 'NONE',  ( -1.000000000000000000, -0.000000000000000000, -0.000000000000000000 ) ) ;
#5472 = FACE_OUTER_BOUND ( 'NONE', #1595, .T. ) ;
#5473 = EDGE_CURVE ( 'NONE', #6578, #5734, #1599, .T. ) ;
#5474 = EDGE_CURVE ( 'NONE', #3089, #7522, #7026, .T. ) ;
#5475 = VERTEX_POINT ( 'NONE', #7506 ) ;
#5476 = ORIENTED_EDGE ( 'NONE', *, *, #3932, .F. ) ;
#5477 = CARTESIAN_POINT ( 'NONE',  ( 0.000000000000000000, 5.727185429052696897, -22.78350797608148426 ) ) ;
#5478 = DIRECTION ( 'NONE',  ( 0.000000000000000000, 0.1253332335642974860, 0.9921147013144787641 ) ) ;
#5479 = PERSON_AND_ORGANIZATION_ROLE ( 'classification_officer' ) ;
#5480 = LINE ( 'NONE', #7497, #5127 ) ;
#5481 = CARTESIAN_POINT ( 'NONE',  ( 3.000000000000000888, -9.714105481848200441, 21.67143640111395442 ) ) ;
#5482 = DIRECTION ( 'NONE',  ( -1.000000000000000000, -0.000000000000000000, -0.000000000000000000 ) ) ;
#5483 = ADVANCED_FACE ( 'NONE', ( #1517 ), #4225, .T. ) ;
#5484 = ORIENTED_EDGE ( 'NONE', *, *, #1656, .F. ) ;
#5485 = AXIS2_PLACEMENT_3D ( 'NONE', #1891, #556, #3164 ) ;
#5486 = CARTESIAN_POINT ( 'NONE',  ( 0.000000000000000000, -1.054159027265731075, -23.72559271641563328 ) ) ;
#5487 = ORIENTED_EDGE ( 'NONE', *, *, #5740, .T. ) ;
#5488 = CARTESIAN_POINT ( 'NONE',  ( 14.11953930606579810, 10.00000000000000888, 9.598928327965827734 ) ) ;
#5489 = DIRECTION ( 'NONE',  ( -1.000000000000000000, 0.000000000000000000, 0.000000000000000000 ) ) ;
#5490 = DIRECTION ( 'NONE',  ( -1.000000000000000000, -0.000000000000000000, 0.000000000000000000 ) ) ;
#5491 = LINE ( 'NONE', #8223, #2068 ) ;
#5492 = EDGE_LOOP ( 'NONE', ( #8247, #8062, #1496, #4114 ) ) ;
#5493 = ORIENTED_EDGE ( 'NONE', *, *, #292, .T. ) ;
#5494 = VERTEX_POINT ( 'NONE', #5410 ) ;
#5495 = ORIENTED_EDGE ( 'NONE', *, *, #1383, .F. ) ;
#5496 = CIRCLE ( 'NONE', #2861, 9.999999999999998224 ) ;
#5497 = MANIFOLD_SOLID_BREP ( 'Cut-Extrude4', #834 ) ;
#5498 = VERTEX_POINT ( 'NONE', #6726 ) ;
#5499 = CYLINDRICAL_SURFACE ( 'NONE', #7047, 9.999999999999998224 ) ;
#5500 = CARTESIAN_POINT ( 'NONE',  ( 3.000000000000000888, -13.09272093277496296, 19.81402683899657546 ) ) ;
#5501 = CIRCLE ( 'NONE', #7280, 26.00000000000000000 ) ;
#5502 = VECTOR ( 'NONE', #8389, 1000.000000000000000 ) ;
#5503 = ORIENTED_EDGE ( 'NONE', *, *, #6937, .T. ) ;
#5504 = ORIENTED_EDGE ( 'NONE', *, *, #4711, .F. ) ;
#5505 = CARTESIAN_POINT ( 'NONE',  ( 0.000000000000000000, 9.714105481848045898, 21.67143640111402192 ) ) ;
#5506 = VECTOR ( 'NONE', #3104, 1000.000000000000000 ) ;
#5507 = ORIENTED_EDGE ( 'NONE', *, *, #2096, .T. ) ;
#5508 = EDGE_CURVE ( 'NONE', #3440, #224, #2483, .T. ) ;
#5509 = CIRCLE ( 'NONE', #3146, 9.999999999999998224 ) ;
#5510 = CYLINDRICAL_SURFACE ( 'NONE', #335, 9.999999999999998224 ) ;
#5511 = CYLINDRICAL_SURFACE ( 'NONE', #867, 9.999999999999998224 ) ;
#5512 = ADVANCED_FACE ( 'NONE', ( #6168 ), #8184, .T. ) ;
#5513 = CARTESIAN_POINT ( 'NONE',  ( 14.74895638494033712, 10.00000000000000888, 6.145609380784566866 ) ) ;
#5514 = AXIS2_PLACEMENT_3D ( 'NONE', #5994, #6516, #6032 ) ;
#5515 = ORIENTED_EDGE ( 'NONE', *, *, #4496, .F. ) ;
#5516 = ORIENTED_EDGE ( 'NONE', *, *, #5366, .T. ) ;
#5517 = EDGE_CURVE ( 'NONE', #3440, #3912, #4764, .T. ) ;
#5518 = EDGE_CURVE ( 'NONE', #7254, #6025, #4852, .T. ) ;
#5519 = CYLINDRICAL_SURFACE ( 'NONE', #7688, 9.999999999999998224 ) ;
#5520 = DIRECTION ( 'NONE',  ( 0.000000000000000000, -0.5877852522924625900, -0.8090169943749552228 ) ) ;
#5521 = CALENDAR_DATE ( 2025, 7, 10 ) ;
#5522 = DIRECTION ( 'NONE',  ( 1.000000000000000000, -0.000000000000000000, 0.000000000000000000 ) ) ;
#5523 = DIRECTION ( 'NONE',  ( -1.000000000000000000, 0.000000000000000000, 0.000000000000000000 ) ) ;
#5524 = AXIS2_PLACEMENT_3D ( 'NONE', #2213, #6904, #2852 ) ;
#5525 = AXIS2_PLACEMENT_3D ( 'NONE', #7789, #5220, #3255 ) ;
#5526 = CARTESIAN_POINT ( 'NONE',  ( 0.000000000000000000, 0.000000000000000000, 0.000000000000000000 ) ) ;
#5527 = ORIENTED_EDGE ( 'NONE', *, *, #5119, .T. ) ;
#5528 = AXIS2_PLACEMENT_3D ( 'NONE', #4185, #2798, #8052 ) ;
#5529 = AXIS2_PLACEMENT_3D ( 'NONE', #3763, #5748, #6402 ) ;
#5530 = CARTESIAN_POINT ( 'NONE',  ( -4.051352821171638752, 7.000000000000008882, -7.017148925761551581 ) ) ;
#5531 = EDGE_CURVE ( 'NONE', #7579, #5216, #4011, .T. ) ;
#5532 = VERTEX_POINT ( 'NONE', #1479 ) ;
#5533 = EDGE_CURVE ( 'NONE', #4272, #3563, #3443, .T. ) ;
#5534 = DIRECTION ( 'NONE',  ( -1.000000000000000000, -0.000000000000000000, -0.000000000000000000 ) ) ;
#5535 = CARTESIAN_POINT ( 'NONE',  ( -10.00000000000000000, 0.000000000000000000, 0.000000000000000000 ) ) ;
#5536 = CARTESIAN_POINT ( 'NONE',  ( 3.000000000000000888, 23.45311694635234545, 1.356537554084838337 ) ) ;
#5537 = DIRECTION ( 'NONE',  ( 0.000000000000000000, 0.000000000000000000, -1.000000000000000000 ) ) ;
#5538 = DIRECTION ( 'NONE',  ( 1.000000000000000000, 0.000000000000000000, 4.256270054397946562E-44 ) ) ;
#5539 = CYLINDRICAL_SURFACE ( 'NONE', #3067, 9.999999999999994671 ) ;
#5540 = CIRCLE ( 'NONE', #5122, 23.74900000000000233 ) ;
#5541 = PRODUCT_DEFINITION ( 'UNKNOWN', '', #1196, #7256 ) ;
#5542 = ORIENTED_EDGE ( 'NONE', *, *, #7340, .T. ) ;
#5543 = VERTEX_POINT ( 'NONE', #2802 ) ;
#5544 = ORIENTED_EDGE ( 'NONE', *, *, #6412, .F. ) ;
#5545 = AXIS2_PLACEMENT_3D ( 'NONE', #5073, #1226, #5163 ) ;
#5546 = VERTEX_POINT ( 'NONE', #5453 ) ;
#5547 = CARTESIAN_POINT ( 'NONE',  ( 3.000000000000000888, 0.000000000000000000, 0.000000000000000000 ) ) ;
#5548 = FACE_OUTER_BOUND ( 'NONE', #5561, .T. ) ;
#5549 = VECTOR ( 'NONE', #5027, 1000.000000000000000 ) ;
#5550 = CIRCLE ( 'NONE', #1278, 10.00000000000000000 ) ;
#5551 = ORIENTED_EDGE ( 'NONE', *, *, #7285, .T. ) ;
#5552 = ORIENTED_EDGE ( 'NONE', *, *, #7136, .F. ) ;
#5553 = DIRECTION ( 'NONE',  ( -1.000000000000000000, 0.000000000000000000, 0.000000000000000000 ) ) ;
#5554 = CIRCLE ( 'NONE', #3470, 26.00000000000000000 ) ;
#5555 = CYLINDRICAL_SURFACE ( 'NONE', #475, 26.00000000000000000 ) ;
#5556 = DIRECTION ( 'NONE',  ( 0.000000000000000000, 0.000000000000000000, 1.000000000000000000 ) ) ;
#5557 = DIRECTION ( 'NONE',  ( 0.000000000000000000, 0.1253332335643043416, -0.9921147013144777649 ) ) ;
#5558 = EDGE_CURVE ( 'NONE', #4918, #7335, #4282, .T. ) ;
#5559 = CIRCLE ( 'NONE', #3755, 9.999999999999996447 ) ;
#5560 = ORIENTED_EDGE ( 'NONE', *, *, #1192, .F. ) ;
#5561 = EDGE_LOOP ( 'NONE', ( #5832, #6104, #6547, #3521 ) ) ;
#5562 = EDGE_CURVE ( 'NONE', #7254, #5211, #4804, .T. ) ;
#5563 = CYLINDRICAL_SURFACE ( 'NONE', #4127, 23.74900000000000233 ) ;
#5564 = DIRECTION ( 'NONE',  ( 0.000000000000000000, 0.5877852522924685852, 0.8090169943749507819 ) ) ;
#5565 = AXIS2_PLACEMENT_3D ( 'NONE', #7992, #3422, #853 ) ;
#5566 = CARTESIAN_POINT ( 'NONE',  ( 0.000000000000000000, 17.56576837257052048, 19.16882316369998662 ) ) ;
#5567 = DIRECTION ( 'NONE',  ( 0.000000000000000000, 0.000000000000000000, 1.000000000000000000 ) ) ;
#5568 = CARTESIAN_POINT ( 'NONE',  ( 0.000000000000000000, -18.95282963369260898, 14.31101847794989901 ) ) ;
#5569 = EDGE_CURVE ( 'NONE', #436, #3752, #303, .T. ) ;
#5570 = VERTEX_POINT ( 'NONE', #3527 ) ;
#5571 = VECTOR ( 'NONE', #7646, 1000.000000000000000 ) ;
#5572 = EDGE_CURVE ( 'NONE', #6172, #5475, #3866, .T. ) ;
#5573 = CARTESIAN_POINT ( 'NONE',  ( -15.14952443979000662, 7.000000000000008882, 8.746582013399839539 ) ) ;
#5574 = VERTEX_POINT ( 'NONE', #2324 ) ;
#5575 = DIRECTION ( 'NONE',  ( -1.000000000000000000, 0.000000000000000000, -0.000000000000000000 ) ) ;
#5576 = DIRECTION ( 'NONE',  ( 0.000000000000000000, 0.000000000000000000, 1.000000000000000000 ) ) ;
#5577 = CARTESIAN_POINT ( 'NONE',  ( 3.000000000000000888, -10.50612486395218959, -21.29874036986802111 ) ) ;
#5578 = DIRECTION ( 'NONE',  ( 0.000000000000000000, 0.000000000000000000, 1.000000000000000000 ) ) ;
#5579 = DIRECTION ( 'NONE',  ( -1.000000000000000000, -0.000000000000000000, -0.000000000000000000 ) ) ;
#5580 = EDGE_CURVE ( 'NONE', #1421, #1344, #444, .T. ) ;
#5581 = VERTEX_POINT ( 'NONE', #4357 ) ;
#5582 = EDGE_CURVE ( 'NONE', #4925, #1049, #8267, .T. ) ;
#5583 = ORIENTED_EDGE ( 'NONE', *, *, #4125, .F. ) ;
#5584 = CIRCLE ( 'NONE', #3641, 23.74900000000000233 ) ;
#5585 = ORIENTED_EDGE ( 'NONE', *, *, #2443, .T. ) ;
#5586 = VERTEX_POINT ( 'NONE', #5614 ) ;
#5587 = CARTESIAN_POINT ( 'NONE',  ( 0.000000000000000000, -18.02803414784235159, 18.73472670641955418 ) ) ;
#5588 = DIRECTION ( 'NONE',  ( 0.000000000000000000, 0.000000000000000000, 1.000000000000000000 ) ) ;
#5589 = ORIENTED_EDGE ( 'NONE', *, *, #4279, .F. ) ;
#5590 = CC_DESIGN_APPROVAL ( #794, ( #1196 ) ) ;
#5591 = ORIENTED_EDGE ( 'NONE', *, *, #6861, .F. ) ;
#5592 = CARTESIAN_POINT ( 'NONE',  ( 3.000000000000000888, 21.30678187720836192, -9.894944904949566578 ) ) ;
#5593 = LINE ( 'NONE', #3588, #7899 ) ;
#5594 = CARTESIAN_POINT ( 'NONE',  ( 0.000000000000000000, 0.000000000000000000, 0.000000000000000000 ) ) ;
#5595 = CIRCLE ( 'NONE', #6690, 23.74900000000000588 ) ;
#5596 = CARTESIAN_POINT ( 'NONE',  ( 3.000000000000000888, -7.753840929970703399, 22.44756004185558496 ) ) ;
#5597 = EDGE_CURVE ( 'NONE', #2476, #3717, #1727, .T. ) ;
#5598 = ORIENTED_EDGE ( 'NONE', *, *, #3810, .T. ) ;
#5599 = VERTEX_POINT ( 'NONE', #523 ) ;
#5600 = FACE_OUTER_BOUND ( 'NONE', #5977, .T. ) ;
#5601 = DIRECTION ( 'NONE',  ( 0.000000000000000000, -0.9510565162951500895, -0.3090169943749582204 ) ) ;
#5602 = APPROVAL_DATE_TIME ( #7495, #6428 ) ;
#5603 = CARTESIAN_POINT ( 'NONE',  ( 3.000000000000000888, -21.01871904177727757, -11.05569766422859246 ) ) ;
#5604 = DIRECTION ( 'NONE',  ( 0.000000000000000000, 0.2486898871648483555, 0.9685831611286326304 ) ) ;
#5605 = DIRECTION ( 'NONE',  ( 0.000000000000000000, -0.2486898871648415277, -0.9685831611286346288 ) ) ;
#5606 = VECTOR ( 'NONE', #1782, 1000.000000000000000 ) ;
#5607 = EDGE_LOOP ( 'NONE', ( #7307, #1543, #7988, #8295 ) ) ;
#5608 = DIRECTION ( 'NONE',  ( -1.000000000000000000, 0.000000000000000000, -0.000000000000000000 ) ) ;
#5609 = ORIENTED_EDGE ( 'NONE', *, *, #77, .T. ) ;
#5610 = CARTESIAN_POINT ( 'NONE',  ( -4.051352821171638752, 7.000000000000008882, -7.017148925761551581 ) ) ;
#5611 = CARTESIAN_POINT ( 'NONE',  ( 4.051352821227593992, 7.000000000000008882, 7.017148925649419056 ) ) ;
#5612 = PERSON_AND_ORGANIZATION ( #1044, #909 ) ;
#5613 = EDGE_CURVE ( 'NONE', #5586, #4329, #8222, .T. ) ;
#5614 = CARTESIAN_POINT ( 'NONE',  ( 3.000000000000000888, 12.35365805879608558, -20.28305040092201494 ) ) ;
#5615 = CARTESIAN_POINT ( 'NONE',  ( 0.000000000000000000, -20.59702713253509643, 11.82275239957316870 ) ) ;
#5616 = FACE_OUTER_BOUND ( 'NONE', #4909, .T. ) ;
#5617 = ADVANCED_FACE ( 'NONE', ( #7756 ), #3132, .T. ) ;
#5618 = ORIENTED_EDGE ( 'NONE', *, *, #1406, .F. ) ;
#5619 = VERTEX_POINT ( 'NONE', #1810 ) ;
#5620 = EDGE_LOOP ( 'NONE', ( #5010, #3013, #5149, #602, #5978, #6260 ) ) ;
#5621 = DIRECTION ( 'NONE',  ( 0.000000000000000000, -0.9980267284282708928, -0.06279051952932448999 ) ) ;
#5622 = CARTESIAN_POINT ( 'NONE',  ( 0.000000000000000000, 19.82974763304120813, -16.81609671742811329 ) ) ;
#5623 = DIRECTION ( 'NONE',  ( 0.000000000000000000, 0.000000000000000000, 1.000000000000000000 ) ) ;
#5624 = EDGE_CURVE ( 'NONE', #3182, #4458, #2895, .T. ) ;
#5625 = CARTESIAN_POINT ( 'NONE',  ( 0.000000000000000000, -25.92685648092479767, -1.948874808069432252 ) ) ;
#5626 = EDGE_CURVE ( 'NONE', #5124, #5283, #5938, .T. ) ;
#5627 = ORIENTED_EDGE ( 'NONE', *, *, #1823, .F. ) ;
#5628 = ORIENTED_EDGE ( 'NONE', *, *, #6916, .T. ) ;
#5629 = VERTEX_POINT ( 'NONE', #6978 ) ;
#5630 = DIRECTION ( 'NONE',  ( 0.7342190668223465000, 0.000000000000000000, 0.6789126320186734675 ) ) ;
#5631 = EDGE_CURVE ( 'NONE', #8260, #2009, #847, .T. ) ;
#5632 = DIRECTION ( 'NONE',  ( -1.000000000000000000, 0.000000000000000000, -0.000000000000000000 ) ) ;
#5633 = DIRECTION ( 'NONE',  ( -1.000000000000000000, 0.000000000000000000, 0.000000000000000000 ) ) ;
#5634 = DIRECTION ( 'NONE',  ( 0.000000000000000000, 0.000000000000000000, -1.000000000000000000 ) ) ;
#5635 = ORIENTED_EDGE ( 'NONE', *, *, #6566, .F. ) ;
#5636 = CIRCLE ( 'NONE', #4116, 10.00000000000000000 ) ;
#5637 = AXIS2_PLACEMENT_3D ( 'NONE', #3843, #2468, #6992 ) ;
#5638 = ORIENTED_EDGE ( 'NONE', *, *, #1146, .T. ) ;
#5639 = CARTESIAN_POINT ( 'NONE',  ( 3.000000000000000888, -10.50612486395248979, 21.29874036986787189 ) ) ;
#5640 = LINE ( 'NONE', #474, #3483 ) ;
#5641 = SECURITY_CLASSIFICATION_LEVEL ( 'unclassified' ) ;
#5642 = DIRECTION ( 'NONE',  ( -1.000000000000000000, -0.000000000000000000, -0.000000000000000000 ) ) ;
#5643 = CARTESIAN_POINT ( 'NONE',  ( 3.000000000000000888, 0.000000000000000000, 0.000000000000000000 ) ) ;
#5644 = AXIS2_PLACEMENT_3D ( 'NONE', #7130, #2053, #5384 ) ;
#5645 = CARTESIAN_POINT ( 'NONE',  ( 0.000000000000000000, -23.09816287601897855, -4.285295834341049215 ) ) ;
#5646 = ORIENTED_EDGE ( 'NONE', *, *, #6072, .F. ) ;
#5647 = ORIENTED_EDGE ( 'NONE', *, *, #7981, .T. ) ;
#5648 = VECTOR ( 'NONE', #1776, 1000.000000000000000 ) ;
#5649 = DIRECTION ( 'NONE',  ( -1.000000000000000000, 0.000000000000000000, -0.000000000000000000 ) ) ;
#5650 = ORIENTED_EDGE ( 'NONE', *, *, #5196, .F. ) ;
#5651 = AXIS2_PLACEMENT_3D ( 'NONE', #6449, #7090, #7811 ) ;
#5652 = DIRECTION ( 'NONE',  ( 0.000000000000000000, 0.000000000000000000, -1.000000000000000000 ) ) ;
#5653 = CARTESIAN_POINT ( 'NONE',  ( 3.000000000000000888, 12.80251323316800338, 22.62953059421599988 ) ) ;
#5654 = CARTESIAN_POINT ( 'NONE',  ( 3.000000000000000888, 0.000000000000000000, 0.000000000000000000 ) ) ;
#5655 = CARTESIAN_POINT ( 'NONE',  ( 3.000000000000000888, 0.000000000000000000, 0.000000000000000000 ) ) ;
#5656 = DIRECTION ( 'NONE',  ( -1.000000000000000000, 0.000000000000000000, 0.000000000000000000 ) ) ;
#5657 = VECTOR ( 'NONE', #5404, 1000.000000000000000 ) ;
#5658 = AXIS2_PLACEMENT_3D ( 'NONE', #5287, #7897, #2003 ) ;
#5659 = ORIENTED_EDGE ( 'NONE', *, *, #572, .F. ) ;
#5660 = EDGE_CURVE ( 'NONE', #5253, #4110, #2216, .T. ) ;
#5661 = ORIENTED_EDGE ( 'NONE', *, *, #8333, .F. ) ;
#5662 = VERTEX_POINT ( 'NONE', #8311 ) ;
#5663 = CARTESIAN_POINT ( 'NONE',  ( 3.000000000000000888, 19.77132294913425170, -12.68793432659388110 ) ) ;
#5664 = FACE_OUTER_BOUND ( 'NONE', #8332, .T. ) ;
#5665 = FACE_OUTER_BOUND ( 'NONE', #2390, .T. ) ;
#5666 = ADVANCED_FACE ( 'NONE', ( #7630 ), #3748, .T. ) ;
#5667 = CIRCLE ( 'NONE', #1948, 9.999999999999998224 ) ;
#5668 = CYLINDRICAL_SURFACE ( 'NONE', #709, 9.999999999999996447 ) ;
#5669 = AXIS2_PLACEMENT_3D ( 'NONE', #3661, #5059, #7667 ) ;
#5670 = AXIS2_PLACEMENT_3D ( 'NONE', #7032, #6308, #3671 ) ;
#5671 = ADVANCED_FACE ( 'NONE', ( #1762 ), #2414, .T. ) ;
#5672 = CIRCLE ( 'NONE', #7454, 23.74900000000000233 ) ;
#5673 = AXIS2_PLACEMENT_3D ( 'NONE', #6343, #3096, #998 ) ;
#5674 = ORIENTED_EDGE ( 'NONE', *, *, #5870, .T. ) ;
#5675 = VERTEX_POINT ( 'NONE', #5097 ) ;
#5676 = CARTESIAN_POINT ( 'NONE',  ( 3.000000000000000888, 13.71217102453783276, -19.07525240799574107 ) ) ;
#5677 = VERTEX_POINT ( 'NONE', #6299 ) ;
#5678 = DIRECTION ( 'NONE',  ( 0.2963960478017556022, 0.000000000000000000, -0.9550651196894898165 ) ) ;
#5679 = CARTESIAN_POINT ( 'NONE',  ( 0.000000000000000000, -23.65875512592450391, -10.78254635471330403 ) ) ;
#5680 = CIRCLE ( 'NONE', #5416, 23.74900000000000944 ) ;
#5681 = LINE ( 'NONE', #6238, #185 ) ;
#5682 = DIRECTION ( 'NONE',  ( 0.000000000000000000, 0.000000000000000000, 1.000000000000000000 ) ) ;
#5683 = EDGE_CURVE ( 'NONE', #6674, #3998, #7037, .T. ) ;
#5684 = ADVANCED_FACE ( 'NONE', ( #4396 ), #3005, .T. ) ;
#5685 = VERTEX_POINT ( 'NONE', #6391 ) ;
#5686 = AXIS2_PLACEMENT_3D ( 'NONE', #1761, #7754, #442 ) ;
#5687 = ORIENTED_EDGE ( 'NONE', *, *, #4777, .T. ) ;
#5688 = AXIS2_PLACEMENT_3D ( 'NONE', #771, #118, #897 ) ;
#5689 = DIRECTION ( 'NONE',  ( -0.000000000000000000, 1.000000000000000000, -0.000000000000000000 ) ) ;
#5690 = CARTESIAN_POINT ( 'NONE',  ( 0.000000000000000000, 2.220446049250313081E-13, 2.220446049250313081E-13 ) ) ;
#5691 = CARTESIAN_POINT ( 'NONE',  ( 0.000000000000000000, 0.000000000000000000, 0.000000000000000000 ) ) ;
#5692 = DIRECTION ( 'NONE',  ( 0.000000000000000000, 0.000000000000000000, 1.000000000000000000 ) ) ;
#5693 = CIRCLE ( 'NONE', #7609, 9.999999999999998224 ) ;
#5694 = ORIENTED_EDGE ( 'NONE', *, *, #1358, .F. ) ;
#5695 = ORIENTED_EDGE ( 'NONE', *, *, #2961, .F. ) ;
#5696 = CARTESIAN_POINT ( 'NONE',  ( 3.000000000000000888, 0.000000000000000000, 0.000000000000000000 ) ) ;
#5697 = CIRCLE ( 'NONE', #738, 9.999999999999998224 ) ;
#5698 = ORIENTED_EDGE ( 'NONE', *, *, #3980, .T. ) ;
#5699 = CIRCLE ( 'NONE', #471, 23.74900000000000233 ) ;
#5700 = CARTESIAN_POINT ( 'NONE',  ( 3.000000000000000888, 21.01871904177751205, -11.05569766422814126 ) ) ;
#5701 = DIRECTION ( 'NONE',  ( 0.000000000000000000, 0.000000000000000000, 1.000000000000000000 ) ) ;
#5702 =( NAMED_UNIT ( * ) PLANE_ANGLE_UNIT ( ) SI_UNIT ( $, .RADIAN. ) );
#5703 = DIRECTION ( 'NONE',  ( 0.000000000000000000, -0.8443279255020199603, 0.5358267949789886631 ) ) ;
#5704 = DIRECTION ( 'NONE',  ( 0.000000000000000000, -0.2486898871648623444, 0.9685831611286292997 ) ) ;
#5705 = LINE ( 'NONE', #8313, #4884 ) ;
#5706 = ORIENTED_EDGE ( 'NONE', *, *, #7983, .T. ) ;
#5707 = EDGE_LOOP ( 'NONE', ( #5732, #619, #5413, #6827 ) ) ;
#5708 = VERTEX_POINT ( 'NONE', #1171 ) ;
#5709 = CARTESIAN_POINT ( 'NONE',  ( 3.000000000000000888, 16.16797261240417072, -17.04363664947920398 ) ) ;
#5710 = LINE ( 'NONE', #3838, #2780 ) ;
#5711 = DIRECTION ( 'NONE',  ( -1.000000000000000000, 0.000000000000000000, 0.000000000000000000 ) ) ;
#5712 = DIRECTION ( 'NONE',  ( -1.000000000000000000, -0.000000000000000000, 0.000000000000000000 ) ) ;
#5713 = ADVANCED_FACE ( 'NONE', ( #487 ), #3791, .T. ) ;
#5714 = AXIS2_PLACEMENT_3D ( 'NONE', #8140, #229, #2121 ) ;
#5715 = ORIENTED_EDGE ( 'NONE', *, *, #8397, .F. ) ;
#5716 = DIRECTION ( 'NONE',  ( -1.000000000000000000, 0.000000000000000000, 0.000000000000000000 ) ) ;
#5717 = ORIENTED_EDGE ( 'NONE', *, *, #1489, .F. ) ;
#5718 = DIRECTION ( 'NONE',  ( -1.000000000000000000, -0.000000000000000000, -0.000000000000000000 ) ) ;
#5719 = EDGE_CURVE ( 'NONE', #4432, #1717, #5402, .T. ) ;
#5720 = CARTESIAN_POINT ( 'NONE',  ( 0.000000000000000000, -25.96667425510339555, 1.315989410804834669 ) ) ;
#5721 = CARTESIAN_POINT ( 'NONE',  ( 0.000000000000000000, 5.957267827074719690, -22.72443285698066973 ) ) ;
#5722 = EDGE_CURVE ( 'NONE', #3666, #4810, #2358, .T. ) ;
#5723 = ORIENTED_EDGE ( 'NONE', *, *, #3387, .F. ) ;
#5724 = ORIENTED_EDGE ( 'NONE', *, *, #6467, .T. ) ;
#5725 = DIRECTION ( 'NONE',  ( 0.000000000000000000, 0.9980267284282717810, -0.06279051952930993219 ) ) ;
#5726 = EDGE_CURVE ( 'NONE', #1332, #3454, #6753, .T. ) ;
#5727 = CARTESIAN_POINT ( 'NONE',  ( 3.000000000000000888, 23.09816287601906737, -4.285295834340542953 ) ) ;
#5728 = CARTESIAN_POINT ( 'NONE',  ( 3.000000000000000888, -10.50612486395218959, -21.29874036986802111 ) ) ;
#5729 = EDGE_CURVE ( 'NONE', #3417, #1332, #2622, .T. ) ;
#5730 = DIRECTION ( 'NONE',  ( 1.000000000000000000, -0.000000000000000000, 0.000000000000000000 ) ) ;
#5731 = ORIENTED_EDGE ( 'NONE', *, *, #2808, .F. ) ;
#5732 = ORIENTED_EDGE ( 'NONE', *, *, #3165, .F. ) ;
#5733 = DIRECTION ( 'NONE',  ( -1.000000000000000000, 0.000000000000000000, -0.000000000000000000 ) ) ;
#5734 = VERTEX_POINT ( 'NONE', #7834 ) ;
#5735 = DIRECTION ( 'NONE',  ( -1.000000000000000000, 0.000000000000000000, 0.000000000000000000 ) ) ;
#5736 = CARTESIAN_POINT ( 'NONE',  ( 3.000000000000000888, -20.59702713253510353, 11.82275239957317226 ) ) ;
#5737 =( NAMED_UNIT ( * ) SI_UNIT ( $, .STERADIAN. ) SOLID_ANGLE_UNIT ( ) );
#5738 = CARTESIAN_POINT ( 'NONE',  ( 3.000000000000002665, 2.220446049250313081E-13, 2.220446049250313081E-13 ) ) ;
#5739 = CYLINDRICAL_SURFACE ( 'NONE', #697, 9.999999999999998224 ) ;
#5740 = EDGE_CURVE ( 'NONE', #8010, #6025, #7922, .T. ) ;
#5741 = DIRECTION ( 'NONE',  ( 0.000000000000000000, 0.000000000000000000, 1.000000000000000000 ) ) ;
#5742 = ORIENTED_EDGE ( 'NONE', *, *, #7822, .F. ) ;
#5743 = ORIENTED_EDGE ( 'NONE', *, *, #663, .F. ) ;
#5744 = ORIENTED_EDGE ( 'NONE', *, *, #1825, .F. ) ;
#5745 = DIRECTION ( 'NONE',  ( 1.000000000000000000, 0.000000000000000000, 0.000000000000000000 ) ) ;
#5746 = CARTESIAN_POINT ( 'NONE',  ( 15.37268543418457512, 7.000000000000008882, -7.428415564783019676 ) ) ;
#5747 = DIRECTION ( 'NONE',  ( 0.000000000000000000, -1.000000000000000000, 0.000000000000000000 ) ) ;
#5748 = DIRECTION ( 'NONE',  ( -1.000000000000000000, -0.000000000000000000, -0.000000000000000000 ) ) ;
#5749 = ORIENTED_EDGE ( 'NONE', *, *, #7608, .F. ) ;
#5750 = DIRECTION ( 'NONE',  ( -1.000000000000000000, -0.000000000000000000, -0.000000000000000000 ) ) ;
#5751 = ORIENTED_EDGE ( 'NONE', *, *, #3640, .T. ) ;
#5752 = CARTESIAN_POINT ( 'NONE',  ( 3.000000000000000888, 11.21328339503270222, 20.64342907894922163 ) ) ;
#5753 = CARTESIAN_POINT ( 'NONE',  ( 0.000000000000000000, -5.727185429052539689, 22.78350797608152334 ) ) ;
#5754 = LINE ( 'NONE', #2351, #3552 ) ;
#5755 = ORIENTED_EDGE ( 'NONE', *, *, #5757, .F. ) ;
#5756 = VERTEX_POINT ( 'NONE', #4657 ) ;
#5757 = EDGE_CURVE ( 'NONE', #733, #2906, #8410, .T. ) ;
#5758 = ORIENTED_EDGE ( 'NONE', *, *, #2666, .T. ) ;
#5759 = AXIS2_PLACEMENT_3D ( 'NONE', #7507, #999, #6169 ) ;
#5760 = DIRECTION ( 'NONE',  ( 0.000000000000000000, 0.000000000000000000, 1.000000000000000000 ) ) ;
#5761 = EDGE_CURVE ( 'NONE', #5347, #5967, #2626, .T. ) ;
#5762 = CARTESIAN_POINT ( 'NONE',  ( 3.000000000000000888, 0.000000000000000000, 0.000000000000000000 ) ) ;
#5763 = CYLINDRICAL_SURFACE ( 'NONE', #5909, 9.999999999999998224 ) ;
#5764 = CARTESIAN_POINT ( 'NONE',  ( 3.000000000000000888, 23.05365132147760221, 4.518633574727654256 ) ) ;
#5765 = VECTOR ( 'NONE', #7451, 1000.000000000000000 ) ;
#5766 = AXIS2_PLACEMENT_3D ( 'NONE', #7580, #4313, #6938 ) ;
#5767 = ORIENTED_EDGE ( 'NONE', *, *, #1628, .F. ) ;
#5768 = EDGE_CURVE ( 'NONE', #389, #7991, #5803, .T. ) ;
#5769 = EDGE_CURVE ( 'NONE', #4499, #3236, #26, .T. ) ;
#5770 = ORIENTED_EDGE ( 'NONE', *, *, #3242, .T. ) ;
#5771 = CARTESIAN_POINT ( 'NONE',  ( 3.000000000000000888, 0.000000000000000000, 0.000000000000000000 ) ) ;
#5772 = ORIENTED_EDGE ( 'NONE', *, *, #7353, .F. ) ;
#5773 = DIRECTION ( 'NONE',  ( 1.000000000000000000, 0.000000000000000000, 0.000000000000000000 ) ) ;
#5774 = DIRECTION ( 'NONE',  ( -1.000000000000000000, -0.000000000000000000, -0.000000000000000000 ) ) ;
#5775 = PERSON_AND_ORGANIZATION_ROLE ( 'creator' ) ;
#5776 = AXIS2_PLACEMENT_3D ( 'NONE', #5075, #7000, #3726 ) ;
#5777 = AXIS2_PLACEMENT_3D ( 'NONE', #1240, #1285, #3859 ) ;
#5778 = DIRECTION ( 'NONE',  ( -1.000000000000000000, 0.000000000000000000, 0.000000000000000000 ) ) ;
#5779 = CARTESIAN_POINT ( 'NONE',  ( 3.000000000000000888, 23.43820135222874157, 8.406385866244622918 ) ) ;
#5780 = CARTESIAN_POINT ( 'NONE',  ( 0.000000000000000000, 0.000000000000000000, 0.000000000000000000 ) ) ;
#5781 = EDGE_LOOP ( 'NONE', ( #654, #3945, #5457, #2652 ) ) ;
#5782 = EDGE_CURVE ( 'NONE', #383, #3836, #6897, .T. ) ;
#5783 = VECTOR ( 'NONE', #1963, 1000.000000000000000 ) ;
#5784 = ADVANCED_FACE ( 'NONE', ( #7959 ), #4483, .T. ) ;
#5785 = ORIENTED_EDGE ( 'NONE', *, *, #3640, .F. ) ;
#5786 = ORIENTED_EDGE ( 'NONE', *, *, #4660, .T. ) ;
#5787 = DIRECTION ( 'NONE',  ( -1.000000000000000000, 0.000000000000000000, -0.000000000000000000 ) ) ;
#5788 = CARTESIAN_POINT ( 'NONE',  ( 0.000000000000000000, 0.000000000000000000, 0.000000000000000000 ) ) ;
#5789 = FACE_OUTER_BOUND ( 'NONE', #4273, .T. ) ;
#5790 = CARTESIAN_POINT ( 'NONE',  ( 15.37268543422232270, 10.00000000000000888, 7.428415564691093209 ) ) ;
#5791 = AXIS2_PLACEMENT_3D ( 'NONE', #7219, #4598, #6013 ) ;
#5792 = VECTOR ( 'NONE', #4929, 1000.000000000000000 ) ;
#5793 = ORIENTED_EDGE ( 'NONE', *, *, #8217, .T. ) ;
#5794 = LINE ( 'NONE', #3768, #541 ) ;
#5795 = CIRCLE ( 'NONE', #3864, 26.00000000000000000 ) ;
#5796 = ORIENTED_EDGE ( 'NONE', *, *, #3018, .T. ) ;
#5797 = VECTOR ( 'NONE', #4408, 1000.000000000000000 ) ;
#5798 = LINE ( 'NONE', #8365, #1813 ) ;
#5799 = CARTESIAN_POINT ( 'NONE',  ( 0.000000000000000000, -18.02520032586853915, -15.06589001178591936 ) ) ;
#5800 = CARTESIAN_POINT ( 'NONE',  ( 1.499999999999999556, -25.59698206453969505, 4.560099690536735473 ) ) ;
#5801 = CARTESIAN_POINT ( 'NONE',  ( 12.69673203802745931, 7.000000000000008882, -9.700166218278072350 ) ) ;
#5802 = AXIS2_PLACEMENT_3D ( 'NONE', #1, #7787, #5816 ) ;
#5803 = CIRCLE ( 'NONE', #3728, 26.00000000000000000 ) ;
#5804 = ORIENTED_EDGE ( 'NONE', *, *, #6469, .T. ) ;
#5805 = VERTEX_POINT ( 'NONE', #6474 ) ;
#5806 = CIRCLE ( 'NONE', #1405, 23.74899999999999878 ) ;
#5807 = DIRECTION ( 'NONE',  ( -1.000000000000000000, 0.000000000000000000, 0.000000000000000000 ) ) ;
#5808 = CARTESIAN_POINT ( 'NONE',  ( 0.000000000000000000, 0.000000000000000000, 0.000000000000000000 ) ) ;
#5809 = DIRECTION ( 'NONE',  ( 1.000000000000000000, 0.000000000000000000, 0.000000000000000000 ) ) ;
#5810 = DIRECTION ( 'NONE',  ( -1.000000000000000000, -0.000000000000000000, 0.000000000000000000 ) ) ;
#5811 = ADVANCED_FACE ( 'NONE', ( #566 ), #3872, .T. ) ;
#5812 = CIRCLE ( 'NONE', #6505, 10.00000000000000000 ) ;
#5813 = EDGE_LOOP ( 'NONE', ( #4351, #2806, #1999, #22 ) ) ;
#5814 = EDGE_CURVE ( 'NONE', #8123, #1015, #4985, .T. ) ;
#5815 = ORIENTED_EDGE ( 'NONE', *, *, #5726, .F. ) ;
#5816 = DIRECTION ( 'NONE',  ( 0.000000000000000000, 0.9048270524660174674, 0.4257792915650767673 ) ) ;
#5817 = ORIENTED_EDGE ( 'NONE', *, *, #7879, .F. ) ;
#5818 = CARTESIAN_POINT ( 'NONE',  ( 3.000000000000000888, -15.47283697127494229, -18.01683426854860670 ) ) ;
#5819 = DIRECTION ( 'NONE',  ( -1.000000000000000000, -0.000000000000000000, -0.000000000000000000 ) ) ;
#5820 = APPROVAL_ROLE ( '' ) ;
#5821 = VECTOR ( 'NONE', #4930, 1000.000000000000000 ) ;
#5822 = DIRECTION ( 'NONE',  ( 1.000000000000000000, 0.000000000000000000, -0.000000000000000000 ) ) ;
#5823 = DIRECTION ( 'NONE',  ( -1.000000000000000000, -0.000000000000000000, -0.000000000000000000 ) ) ;
#5824 = AXIS2_PLACEMENT_3D ( 'NONE', #2305, #1654, #4243 ) ;
#5825 = DIRECTION ( 'NONE',  ( -1.000000000000000000, 0.000000000000000000, 0.000000000000000000 ) ) ;
#5826 = EDGE_CURVE ( 'NONE', #374, #6052, #4859, .T. ) ;
#5827 = ORIENTED_EDGE ( 'NONE', *, *, #4934, .T. ) ;
#5828 = EDGE_CURVE ( 'NONE', #1612, #2721, #3258, .T. ) ;
#5829 = CIRCLE ( 'NONE', #2922, 26.00000000000000000 ) ;
#5830 = AXIS2_PLACEMENT_3D ( 'NONE', #5338, #5579, #7985 ) ;
#5831 = CARTESIAN_POINT ( 'NONE',  ( 3.000000000000000888, 18.95282963369250950, 14.31101847795003756 ) ) ;
#5832 = ORIENTED_EDGE ( 'NONE', *, *, #7616, .F. ) ;
#5833 = FACE_OUTER_BOUND ( 'NONE', #2663, .T. ) ;
#5834 = CARTESIAN_POINT ( 'NONE',  ( 1.499999999999999556, 25.47815669208879186, -5.183004107018528650 ) ) ;
#5835 = DIRECTION ( 'NONE',  ( 0.000000000000000000, 0.000000000000000000, 1.000000000000000000 ) ) ;
#5836 = LINE ( 'NONE', #7291, #2618 ) ;
#5837 = CARTESIAN_POINT ( 'NONE',  ( 1.665334536937734811E-11, 7.000000000000008882, 17.49316402681056104 ) ) ;
#5838 = ADVANCED_FACE ( 'NONE', ( #4523 ), #6, .T. ) ;
#5839 = ADVANCED_FACE ( 'NONE', ( #5949 ), #7885, .T. ) ;
#5840 = AXIS2_PLACEMENT_3D ( 'NONE', #5903, #6557, #9 ) ;
#5841 = ORIENTED_EDGE ( 'NONE', *, *, #6630, .T. ) ;
#5842 = DIRECTION ( 'NONE',  ( -1.000000000000000000, 0.000000000000000000, 0.000000000000000000 ) ) ;
#5843 = VECTOR ( 'NONE', #18, 1000.000000000000000 ) ;
#5844 = VERTEX_POINT ( 'NONE', #4619 ) ;
#5845 = CARTESIAN_POINT ( 'NONE',  ( 3.000000000000000888, 0.000000000000000000, 0.000000000000000000 ) ) ;
#5846 = DIRECTION ( 'NONE',  ( 0.000000000000000000, 0.000000000000000000, 1.000000000000000000 ) ) ;
#5847 = DIRECTION ( 'NONE',  ( 0.000000000000000000, -0.4817536741017223179, 0.8763066800438596982 ) ) ;
#5848 = DIRECTION ( 'NONE',  ( 0.000000000000000000, 0.000000000000000000, 1.000000000000000000 ) ) ;
#5849 = AXIS2_PLACEMENT_3D ( 'NONE', #829, #1515, #6082 ) ;
#5850 = ORIENTED_EDGE ( 'NONE', *, *, #1047, .T. ) ;
#5851 = EDGE_CURVE ( 'NONE', #123, #868, #3036, .T. ) ;
#5852 = ORIENTED_EDGE ( 'NONE', *, *, #6558, .F. ) ;
#5853 = CARTESIAN_POINT ( 'NONE',  ( 3.000000000000000888, -11.21328339503284255, 20.64342907894913637 ) ) ;
#5854 = CARTESIAN_POINT ( 'NONE',  ( 0.000000000000000000, -6.921355658526056054, -22.71805090337173993 ) ) ;
#5855 = FACE_OUTER_BOUND ( 'NONE', #2172, .T. ) ;
#5856 = DIRECTION ( 'NONE',  ( -1.000000000000000000, 0.000000000000000000, -0.000000000000000000 ) ) ;
#5857 = VERTEX_POINT ( 'NONE', #3431 ) ;
#5858 = ORIENTED_EDGE ( 'NONE', *, *, #1082, .F. ) ;
#5859 = APPROVAL_PERSON_ORGANIZATION ( #5396, #6006, #1376 ) ;
#5860 = DIRECTION ( 'NONE',  ( -1.000000000000000000, 0.000000000000000000, 0.000000000000000000 ) ) ;
#5861 = ORIENTED_EDGE ( 'NONE', *, *, #1832, .T. ) ;
#5862 = DIRECTION ( 'NONE',  ( 1.000000000000000000, -0.000000000000000000, -0.000000000000000000 ) ) ;
#5863 = DIRECTION ( 'NONE',  ( -1.000000000000000000, 0.000000000000000000, 0.000000000000000000 ) ) ;
#5864 = COORDINATED_UNIVERSAL_TIME_OFFSET ( 7, 0, .AHEAD. ) ;
#5865 = DIRECTION ( 'NONE',  ( 0.000000000000000000, 0.000000000000000000, 1.000000000000000000 ) ) ;
#5866 = CARTESIAN_POINT ( 'NONE',  ( 1.500000000000000444, -20.23396159193291410, 16.32748597599102780 ) ) ;
#5867 = DIRECTION ( 'NONE',  ( -0.2208460528671492562, 0.000000000000000000, 0.9753086798203942642 ) ) ;
#5868 = ORIENTED_EDGE ( 'NONE', *, *, #5164, .F. ) ;
#5869 = CARTESIAN_POINT ( 'NONE',  ( 3.000000000000000888, -21.01871904177743744, 11.05569766422829936 ) ) ;
#5870 = EDGE_CURVE ( 'NONE', #8413, #6901, #6073, .T. ) ;
#5871 = ORIENTED_EDGE ( 'NONE', *, *, #7139, .T. ) ;
#5872 = CYLINDRICAL_SURFACE ( 'NONE', #2534, 9.999999999999998224 ) ;
#5873 = DIRECTION ( 'NONE',  ( 0.000000000000000000, 0.000000000000000000, 1.000000000000000000 ) ) ;
#5874 = CARTESIAN_POINT ( 'NONE',  ( 3.000000000000000888, -4.019451921851803000, -23.40638817177742581 ) ) ;
#5875 = APPROVAL_PERSON_ORGANIZATION ( #5222, #4320, #6472 ) ;
#5876 = CARTESIAN_POINT ( 'NONE',  ( 3.000000000000000888, 0.000000000000000000, 0.000000000000000000 ) ) ;
#5877 = CARTESIAN_POINT ( 'NONE',  ( 3.000000000000000888, -5.727185429052221721, -22.78350797608160150 ) ) ;
#5878 = EDGE_CURVE ( 'NONE', #2429, #7254, #4576, .T. ) ;
#5879 = ORIENTED_EDGE ( 'NONE', *, *, #5247, .T. ) ;
#5880 = FACE_OUTER_BOUND ( 'NONE', #922, .T. ) ;
#5881 = EDGE_CURVE ( 'NONE', #3836, #5805, #2904, .T. ) ;
#5882 = VERTEX_POINT ( 'NONE', #4134 ) ;
#5883 = ADVANCED_FACE ( 'NONE', ( #5444 ), #173, .T. ) ;
#5884 = CARTESIAN_POINT ( 'NONE',  ( 1.499999999999999556, -9.865329348983511437, -24.05567036763025612 ) ) ;
#5885 = DIRECTION ( 'NONE',  ( 0.000000000000000000, -0.6845471059286951654, 0.7289686274214054462 ) ) ;
#5886 = FACE_OUTER_BOUND ( 'NONE', #7480, .T. ) ;
#5887 = DIRECTION ( 'NONE',  ( -0.9550651196895090234, 0.000000000000000000, 0.2963960478016933742 ) ) ;
#5888 = VERTEX_POINT ( 'NONE', #818 ) ;
#5889 = ORIENTED_EDGE ( 'NONE', *, *, #6637, .F. ) ;
#5890 = DIRECTION ( 'NONE',  ( 0.000000000000000000, 0.000000000000000000, 1.000000000000000000 ) ) ;
#5891 = DIRECTION ( 'NONE',  ( 0.000000000000000000, 0.000000000000000000, 1.000000000000000000 ) ) ;
#5892 = CARTESIAN_POINT ( 'NONE',  ( 3.000000000000000888, -13.90434922624131175, -18.93562677150257301 ) ) ;
#5893 = CARTESIAN_POINT ( 'NONE',  ( 1.499999999999999556, -25.47815669208868528, -5.183004107019072215 ) ) ;
#5894 = APPROVAL ( #3917, 'UNSPECIFIED' ) ;
#5895 = ORIENTED_EDGE ( 'NONE', *, *, #936, .F. ) ;
#5896 = ORIENTED_EDGE ( 'NONE', *, *, #6413, .T. ) ;
#5897 = CARTESIAN_POINT ( 'NONE',  ( -4.051352821171638752, 10.00000000000000888, -7.017148925761551581 ) ) ;
#5898 = CARTESIAN_POINT ( 'NONE',  ( 0.000000000000000000, -8.537555587897202258, -21.88604654154073970 ) ) ;
#5899 = DIRECTION ( 'NONE',  ( -1.000000000000000000, -0.000000000000000000, 0.000000000000000000 ) ) ;
#5900 = COORDINATED_UNIVERSAL_TIME_OFFSET ( 7, 0, .AHEAD. ) ;
#5901 = DIRECTION ( 'NONE',  ( -1.000000000000000000, 0.000000000000000000, 0.000000000000000000 ) ) ;
#5902 = DIRECTION ( 'NONE',  ( 0.000000000000000000, 0.000000000000000000, 1.000000000000000000 ) ) ;
#5903 = CARTESIAN_POINT ( 'NONE',  ( 0.000000000000000000, -11.21328339503254590, -20.64342907894929624 ) ) ;
#5904 = AXIS2_PLACEMENT_3D ( 'NONE', #308, #819, #2915 ) ;
#5905 = ORGANIZATION ( 'NAUO-ORG3', 'UNSPECIFIED', 'UNSPECIFIED' ) ;
#5906 = VERTEX_POINT ( 'NONE', #5566 ) ;
#5907 = AXIS2_PLACEMENT_3D ( 'NONE', #6371, #7562, #1619 ) ;
#5908 = CARTESIAN_POINT ( 'NONE',  ( 3.000000000000000888, 0.000000000000000000, 0.000000000000000000 ) ) ;
#5909 = AXIS2_PLACEMENT_3D ( 'NONE', #5892, #3249, #2609 ) ;
#5910 = ORIENTED_EDGE ( 'NONE', *, *, #6865, .T. ) ;
#5911 = AXIS2_PLACEMENT_3D ( 'NONE', #5394, #1585, #2109 ) ;
#5912 = DIRECTION ( 'NONE',  ( 0.000000000000000000, 0.9980267284282712259, 0.06279051952931685721 ) ) ;
#5913 = CARTESIAN_POINT ( 'NONE',  ( 1.500000000000000444, 18.02803414784248659, -18.73472670641942273 ) ) ;
#5914 = DIRECTION ( 'NONE',  ( 0.000000000000000000, -0.6845471059286790672, -0.7289686274214203232 ) ) ;
#5915 = CYLINDRICAL_SURFACE ( 'NONE', #4550, 26.00000000000000000 ) ;
#5916 = CARTESIAN_POINT ( 'NONE',  ( 3.000000000000000888, 19.46733382657898304, -13.60286420885446468 ) ) ;
#5917 = ADVANCED_FACE ( 'NONE', ( #4705 ), #127, .T. ) ;
#5918 = AXIS2_PLACEMENT_3D ( 'NONE', #2067, #3353, #7 ) ;
#5919 = ORIENTED_EDGE ( 'NONE', *, *, #2873, .F. ) ;
#5920 = EDGE_LOOP ( 'NONE', ( #6243, #5852, #2858, #7143 ) ) ;
#5921 = EDGE_CURVE ( 'NONE', #1986, #5466, #8047, .T. ) ;
#5922 = DIRECTION ( 'NONE',  ( 0.000000000000000000, 0.000000000000000000, 1.000000000000000000 ) ) ;
#5923 = EDGE_LOOP ( 'NONE', ( #4613, #4845, #4760, #931 ) ) ;
#5924 = DIRECTION ( 'NONE',  ( -1.000000000000000000, -0.000000000000000000, -0.000000000000000000 ) ) ;
#5925 = CARTESIAN_POINT ( 'NONE',  ( 0.000000000000000000, 25.92685648092484030, -1.948874808068890241 ) ) ;
#5926 = AXIS2_PLACEMENT_3D ( 'NONE', #1916, #6538, #671 ) ;
#5927 = VECTOR ( 'NONE', #6975, 1000.000000000000000 ) ;
#5928 = CARTESIAN_POINT ( 'NONE',  ( 0.000000000000000000, 7.753840929970538198, 22.44756004185563469 ) ) ;
#5929 = EDGE_CURVE ( 'NONE', #325, #5570, #6119, .T. ) ;
#5930 = CIRCLE ( 'NONE', #6619, 9.999999999999996447 ) ;
#5931 = VECTOR ( 'NONE', #2928, 1000.000000000000000 ) ;
#5932 = ORIENTED_EDGE ( 'NONE', *, *, #6100, .T. ) ;
#5933 = ORIENTED_EDGE ( 'NONE', *, *, #7563, .F. ) ;
#5934 = CARTESIAN_POINT ( 'NONE',  ( 3.000000000000000888, -22.12078737453592581, 13.66275103815377001 ) ) ;
#5935 = DIRECTION ( 'NONE',  ( -1.000000000000000000, 0.000000000000000000, 0.000000000000000000 ) ) ;
#5936 = CIRCLE ( 'NONE', #716, 3.000000000000048406 ) ;
#5937 = CARTESIAN_POINT ( 'NONE',  ( -2.052224346884345962, 7.000000000000008882, 15.84577559900846033 ) ) ;
#5938 = CIRCLE ( 'NONE', #6219, 26.00000000000000000 ) ;
#5939 = CYLINDRICAL_SURFACE ( 'NONE', #3398, 9.999999999999998224 ) ;
#5940 = ADVANCED_FACE ( 'NONE', ( #1503 ), #2154, .T. ) ;
#5941 = EDGE_CURVE ( 'NONE', #4080, #1048, #7450, .T. ) ;
#5942 = EDGE_LOOP ( 'NONE', ( #7191, #6464, #3504, #4790 ) ) ;
#5943 = AXIS2_PLACEMENT_3D ( 'NONE', #4773, #6658, #151 ) ;
#5944 = VERTEX_POINT ( 'NONE', #4055 ) ;
#5945 = CARTESIAN_POINT ( 'NONE',  ( 3.000000000000000888, 24.62765115230531521, 8.335394335024261636 ) ) ;
#5946 = DIRECTION ( 'NONE',  ( -1.000000000000000000, -0.000000000000000000, -0.000000000000000000 ) ) ;
#5947 = DIRECTION ( 'NONE',  ( 0.000000000000000000, -0.9048270524660235736, 0.4257792915650641663 ) ) ;
#5948 = CALENDAR_DATE ( 2025, 7, 10 ) ;
#5949 = FACE_OUTER_BOUND ( 'NONE', #3069, .T. ) ;
#5950 = CARTESIAN_POINT ( 'NONE',  ( 3.000000000000000888, 0.000000000000000000, 0.000000000000000000 ) ) ;
#5951 = DIRECTION ( 'NONE',  ( -1.000000000000000000, -0.000000000000000000, -0.000000000000000000 ) ) ;
#5952 = VECTOR ( 'NONE', #1865, 1000.000000000000000 ) ;
#5953 = CIRCLE ( 'NONE', #2375, 23.74899999999999878 ) ;
#5954 = VERTEX_POINT ( 'NONE', #2113 ) ;
#5955 = AXIS2_PLACEMENT_3D ( 'NONE', #4798, #4258, #4885 ) ;
#5956 = EDGE_LOOP ( 'NONE', ( #6465, #1305, #2342, #7555 ) ) ;
#5957 = VECTOR ( 'NONE', #5270, 1000.000000000000000 ) ;
#5958 = ORIENTED_EDGE ( 'NONE', *, *, #7453, .F. ) ;
#5959 = AXIS2_PLACEMENT_3D ( 'NONE', #213, #7950, #8117 ) ;
#5960 = DIRECTION ( 'NONE',  ( 0.000000000000000000, 0.000000000000000000, 1.000000000000000000 ) ) ;
#5961 = CARTESIAN_POINT ( 'NONE',  ( 0.000000000000000000, 11.42144594672549474, 20.52899074774378363 ) ) ;
#5962 = CARTESIAN_POINT ( 'NONE',  ( 0.000000000000000000, -22.30553143780317527, 7.372391464924819893 ) ) ;
#5963 = CARTESIAN_POINT ( 'NONE',  ( 0.000000000000000000, 23.61258448579735614, 2.541821178030042372 ) ) ;
#5964 = DIRECTION ( 'NONE',  ( 0.000000000000000000, 0.2486898871648553500, -0.9685831611286308540 ) ) ;
#5965 = AXIS2_PLACEMENT_3D ( 'NONE', #6377, #6247, #5760 ) ;
#5966 = AXIS2_PLACEMENT_3D ( 'NONE', #2560, #6539, #2472 ) ;
#5967 = VERTEX_POINT ( 'NONE', #4755 ) ;
#5968 = ORIENTED_EDGE ( 'NONE', *, *, #2080, .F. ) ;
#5969 = CARTESIAN_POINT ( 'NONE',  ( -10.00000000000000000, 0.000000000000000000, 0.000000000000000000 ) ) ;
#5970 = ORIENTED_EDGE ( 'NONE', *, *, #6660, .F. ) ;
#5971 = DIRECTION ( 'NONE',  ( -1.000000000000000000, -0.000000000000000000, -0.000000000000000000 ) ) ;
#5972 = EDGE_CURVE ( 'NONE', #8115, #6349, #221, .T. ) ;
#5973 = AXIS2_PLACEMENT_3D ( 'NONE', #1580, #7486, #4872 ) ;
#5974 = DIRECTION ( 'NONE',  ( 0.000000000000000000, 0.000000000000000000, 1.000000000000000000 ) ) ;
#5975 = AXIS2_PLACEMENT_3D ( 'NONE', #3260, #5951, #783 ) ;
#5976 = CARTESIAN_POINT ( 'NONE',  ( 0.000000000000000000, 23.09816287601906737, -4.285295834340542953 ) ) ;
#5977 = EDGE_LOOP ( 'NONE', ( #5438, #428, #1031, #2640 ) ) ;
#5978 = ORIENTED_EDGE ( 'NONE', *, *, #8292, .T. ) ;
#5979 = DIRECTION ( 'NONE',  ( 0.000000000000000000, 0.9510565162951521989, 0.3090169943749516146 ) ) ;
#5980 = EDGE_CURVE ( 'NONE', #5283, #4445, #7321, .T. ) ;
#5981 = CYLINDRICAL_SURFACE ( 'NONE', #4457, 9.999999999999998224 ) ;
#5982 = CARTESIAN_POINT ( 'NONE',  ( 1.500000000000000444, -12.80251323316815970, 22.62953059421591817 ) ) ;
#5983 = EDGE_CURVE ( 'NONE', #3261, #6643, #5480, .T. ) ;
#5984 = DIRECTION ( 'NONE',  ( -1.000000000000000000, 0.000000000000000000, 0.000000000000000000 ) ) ;
#5985 = EDGE_LOOP ( 'NONE', ( #5919, #1642, #3852, #4567 ) ) ;
#5986 = ORIENTED_EDGE ( 'NONE', *, *, #2131, .T. ) ;
#5987 = EDGE_CURVE ( 'NONE', #2879, #3123, #7371, .T. ) ;
#5988 = ADVANCED_FACE ( 'NONE', ( #3558 ), #1468, .T. ) ;
#5989 = LINE ( 'NONE', #4830, #5383 ) ;
#5990 = CARTESIAN_POINT ( 'NONE',  ( 3.000000000000000888, -1.054159027265731075, -23.72559271641563328 ) ) ;
#5991 = DATE_TIME_ROLE ( 'creation_date' ) ;
#5992 = VECTOR ( 'NONE', #1390, 1000.000000000000000 ) ;
#5993 = CARTESIAN_POINT ( 'NONE',  ( 0.000000000000000000, 0.000000000000000000, 0.000000000000000000 ) ) ;
#5994 = CARTESIAN_POINT ( 'NONE',  ( 0.000000000000000000, -3.062166340027785427, -23.29188755642021746 ) ) ;
#5995 = LINE ( 'NONE', #2624, #1840 ) ;
#5996 = EDGE_LOOP ( 'NONE', ( #7359, #3783, #8508, #7854 ) ) ;
#5997 = CC_DESIGN_APPROVAL ( #3944, ( #6995 ) ) ;
#5998 = VERTEX_POINT ( 'NONE', #4834 ) ;
#5999 = EDGE_LOOP ( 'NONE', ( #3246, #2776, #7728, #3370 ) ) ;
#6000 = CARTESIAN_POINT ( 'NONE',  ( 3.000000000000000888, 15.99480952573177639, -17.20624761156487992 ) ) ;
#6001 = CARTESIAN_POINT ( 'NONE',  ( 3.000000000000000888, -11.42144594672534375, -20.52899074774387245 ) ) ;
#6002 = DIRECTION ( 'NONE',  ( 1.000000000000000000, 0.000000000000000000, 0.000000000000000000 ) ) ;
#6003 = CARTESIAN_POINT ( 'NONE',  ( 3.000000000000000888, -1.054159027266075022, 23.72559271641561551 ) ) ;
#6004 = DIRECTION ( 'NONE',  ( -1.000000000000000000, -0.000000000000000000, -0.000000000000000000 ) ) ;
#6005 =( REPRESENTATION_RELATIONSHIP ('NONE','NONE', #7521, #251 ) REPRESENTATION_RELATIONSHIP_WITH_TRANSFORMATION ( #1713 )SHAPE_REPRESENTATION_RELATIONSHIP( ) );
#6006 = APPROVAL ( #8001, 'UNSPECIFIED' ) ;
#6007 = ORIENTED_EDGE ( 'NONE', *, *, #2709, .T. ) ;
#6008 = EDGE_LOOP ( 'NONE', ( #4211, #6631, #2974, #6295 ) ) ;
#6009 = ORIENTED_EDGE ( 'NONE', *, *, #3828, .T. ) ;
#6010 = FACE_OUTER_BOUND ( 'NONE', #3976, .T. ) ;
#6011 = ORIENTED_EDGE ( 'NONE', *, *, #1565, .F. ) ;
#6012 = FACE_OUTER_BOUND ( 'NONE', #2411, .T. ) ;
#6013 = DIRECTION ( 'NONE',  ( 0.000000000000000000, -0.6845471059286952764, 0.7289686274214053352 ) ) ;
#6014 = DIRECTION ( 'NONE',  ( 0.000000000000000000, -0.5877852522924624790, -0.8090169943749552228 ) ) ;
#6015 = CC_DESIGN_APPROVAL ( #5894, ( #4087 ) ) ;
#6016 = ORIENTED_EDGE ( 'NONE', *, *, #669, .T. ) ;
#6017 = ORIENTED_EDGE ( 'NONE', *, *, #4623, .F. ) ;
#6018 = DIRECTION ( 'NONE',  ( 0.000000000000000000, 0.000000000000000000, -1.000000000000000000 ) ) ;
#6019 = ORIENTED_EDGE ( 'NONE', *, *, #8110, .T. ) ;
#6020 = CARTESIAN_POINT ( 'NONE',  ( 3.000000000000000888, 14.79838606843872917, 18.57478857940080985 ) ) ;
#6021 = CARTESIAN_POINT ( 'NONE',  ( 1.541888672219315248, 7.000000000000007994, -16.91572086648510975 ) ) ;
#6022 = VECTOR ( 'NONE', #7913, 1000.000000000000000 ) ;
#6023 = CARTESIAN_POINT ( 'NONE',  ( 3.000000000000000888, -18.02803414784235159, 18.73472670641955418 ) ) ;
#6024 = ADVANCED_FACE ( 'NONE', ( #1550, #4178 ), #6805, .T. ) ;
#6025 = VERTEX_POINT ( 'NONE', #3780 ) ;
#6026 = EDGE_LOOP ( 'NONE', ( #1871, #3024, #7636, #2763 ) ) ;
#6027 = EDGE_CURVE ( 'NONE', #2208, #4829, #7007, .T. ) ;
#6028 = DIRECTION ( 'NONE',  ( 0.000000000000000000, -0.9980267284282723361, 0.06279051952930261860 ) ) ;
#6029 = FACE_OUTER_BOUND ( 'NONE', #2649, .T. ) ;
#6030 = CALENDAR_DATE ( 2025, 7, 10 ) ;
#6031 = CARTESIAN_POINT ( 'NONE',  ( 3.000000000000000888, -22.30553143780317527, 7.372391464924819893 ) ) ;
#6032 = DIRECTION ( 'NONE',  ( 0.000000000000000000, -0.9510565162951500895, -0.3090169943749582759 ) ) ;
#6033 = CARTESIAN_POINT ( 'NONE',  ( 14.74895638494033712, 7.000000000000008882, 6.145609380784566866 ) ) ;
#6034 = EDGE_CURVE ( 'NONE', #1717, #5675, #3884, .T. ) ;
#6035 = ORIENTED_EDGE ( 'NONE', *, *, #7660, .T. ) ;
#6036 = LINE ( 'NONE', #5448, #4699 ) ;
#6037 = EDGE_LOOP ( 'NONE', ( #2601, #1244, #3106, #8487 ) ) ;
#6038 = CYLINDRICAL_SURFACE ( 'NONE', #2262, 9.999999999999998224 ) ;
#6039 = DIRECTION ( 'NONE',  ( -1.000000000000000000, -0.000000000000000000, 0.000000000000000000 ) ) ;
#6040 = DIRECTION ( 'NONE',  ( 0.000000000000000000, -0.8443279255020087470, -0.5358267949790065376 ) ) ;
#6041 = AXIS2_PLACEMENT_3D ( 'NONE', #4524, #2028, #4007 ) ;
#6042 = DIRECTION ( 'NONE',  ( 0.000000000000000000, 0.8443279255020125218, 0.5358267949790006535 ) ) ;
#6043 = DIRECTION ( 'NONE',  ( -1.000000000000000000, 0.000000000000000000, 0.000000000000000000 ) ) ;
#6044 = EDGE_CURVE ( 'NONE', #4025, #4839, #5278, .T. ) ;
#6045 = EDGE_LOOP ( 'NONE', ( #3904, #5304, #1755, #2084 ) ) ;
#6046 = ADVANCED_FACE ( 'NONE', ( #511 ), #4426, .T. ) ;
#6047 = ORIENTED_EDGE ( 'NONE', *, *, #3400, .T. ) ;
#6048 = CIRCLE ( 'NONE', #3833, 10.00000000000000355 ) ;
#6049 = AXIS2_PLACEMENT_3D ( 'NONE', #5643, #477, #6967 ) ;
#6050 = ORIENTED_EDGE ( 'NONE', *, *, #5084, .F. ) ;
#6051 = ORIENTED_EDGE ( 'NONE', *, *, #5312, .F. ) ;
#6052 = VERTEX_POINT ( 'NONE', #7057 ) ;
#6053 = DIRECTION ( 'NONE',  ( -1.000000000000000000, 0.000000000000000000, 0.000000000000000000 ) ) ;
#6054 = LINE ( 'NONE', #5245, #7156 ) ;
#6055 = CIRCLE ( 'NONE', #3280, 9.999999999999998224 ) ;
#6056 = EDGE_LOOP ( 'NONE', ( #4204, #107, #1064, #5326 ) ) ;
#6057 = EDGE_LOOP ( 'NONE', ( #5661, #6312, #2988, #2751 ) ) ;
#6058 = CIRCLE ( 'NONE', #422, 26.00000000000000000 ) ;
#6059 = FACE_OUTER_BOUND ( 'NONE', #4806, .T. ) ;
#6060 = VERTEX_POINT ( 'NONE', #2993 ) ;
#6061 = CYLINDRICAL_SURFACE ( 'NONE', #5021, 23.74900000000000233 ) ;
#6062 = DIRECTION ( 'NONE',  ( 0.000000000000000000, -0.5877852522924624790, -0.8090169943749552228 ) ) ;
#6063 = DIRECTION ( 'NONE',  ( 0.2208460528671434830, 0.000000000000000000, -0.9753086798203954855 ) ) ;
#6064 = CIRCLE ( 'NONE', #4276, 23.74900000000000588 ) ;
#6065 = VECTOR ( 'NONE', #8106, 1000.000000000000000 ) ;
#6066 = ORIENTED_EDGE ( 'NONE', *, *, #4660, .F. ) ;
#6067 = VERTEX_POINT ( 'NONE', #3736 ) ;
#6068 = AXIS2_PLACEMENT_3D ( 'NONE', #3190, #5364, #65 ) ;
#6069 = FACE_OUTER_BOUND ( 'NONE', #3487, .T. ) ;
#6070 = LINE ( 'NONE', #4792, #600 ) ;
#6071 = DATE_TIME_ROLE ( 'classification_date' ) ;
#6072 = EDGE_CURVE ( 'NONE', #2208, #1086, #6230, .T. ) ;
#6073 = LINE ( 'NONE', #2066, #447 ) ;
#6074 = DIRECTION ( 'NONE',  ( -1.000000000000000000, 0.000000000000000000, 0.000000000000000000 ) ) ;
#6075 = DIRECTION ( 'NONE',  ( -1.000000000000000000, -0.000000000000000000, 0.000000000000000000 ) ) ;
#6076 = ADVANCED_FACE ( 'NONE', ( #2362 ), #5003, .F. ) ;
#6077 = CIRCLE ( 'NONE', #167, 9.999999999999998224 ) ;
#6078 = VECTOR ( 'NONE', #189, 1000.000000000000000 ) ;
#6079 = VERTEX_POINT ( 'NONE', #5048 ) ;
#6080 = DIRECTION ( 'NONE',  ( 0.000000000000000000, 0.7705132427757860336, 0.6374239897486934092 ) ) ;
#6081 = ORIENTED_EDGE ( 'NONE', *, *, #5660, .F. ) ;
#6082 = DIRECTION ( 'NONE',  ( 0.000000000000000000, 0.000000000000000000, 1.000000000000000000 ) ) ;
#6083 = CARTESIAN_POINT ( 'NONE',  ( 3.000000000000000888, -17.60893712771364505, 15.93550545895008597 ) ) ;
#6084 = SHAPE_REPRESENTATION_RELATIONSHIP ( 'NONE' , 'NONE' ,  #3992, #1459 ) ;
#6085 = AXIS2_PLACEMENT_3D ( 'NONE', #1089, #2424, #2549 ) ;
#6086 = ADVANCED_FACE ( 'NONE', ( #351 ), #6421, .T. ) ;
#6087 = VECTOR ( 'NONE', #8105, 1000.000000000000000 ) ;
#6088 = CARTESIAN_POINT ( 'NONE',  ( -8.102705642371589079, 7.000000000000008882, -5.617728504603292095E-11 ) ) ;
#6089 = CARTESIAN_POINT ( 'NONE',  ( -1.563728249527578026E-59, -2.999999999999826361, 2.224119989647754883E-13 ) ) ;
#6090 = ADVANCED_FACE ( 'NONE', ( #1714 ), #7570, .T. ) ;
#6091 = ORIENTED_EDGE ( 'NONE', *, *, #5154, .T. ) ;
#6092 = ORIENTED_EDGE ( 'NONE', *, *, #2913, .T. ) ;
#6093 = AXIS2_PLACEMENT_3D ( 'NONE', #2548, #7764, #5152 ) ;
#6094 = VERTEX_POINT ( 'NONE', #8172 ) ;
#6095 = VERTEX_POINT ( 'NONE', #1751 ) ;
#6096 = ORIENTED_EDGE ( 'NONE', *, *, #1870, .F. ) ;
#6097 = DIRECTION ( 'NONE',  ( -1.000000000000000000, 0.000000000000000000, 0.000000000000000000 ) ) ;
#6098 = EDGE_CURVE ( 'NONE', #5216, #25, #8335, .T. ) ;
#6099 = FACE_OUTER_BOUND ( 'NONE', #4635, .T. ) ;
#6100 = EDGE_CURVE ( 'NONE', #3634, #6956, #3684, .T. ) ;
#6101 = AXIS2_PLACEMENT_3D ( 'NONE', #5058, #8309, #3693 ) ;
#6102 = ORIENTED_EDGE ( 'NONE', *, *, #4794, .T. ) ;
#6103 = CIRCLE ( 'NONE', #3477, 23.74900000000000233 ) ;
#6104 = ORIENTED_EDGE ( 'NONE', *, *, #2774, .T. ) ;
#6105 = CIRCLE ( 'NONE', #8433, 9.999999999999998224 ) ;
#6106 = FACE_OUTER_BOUND ( 'NONE', #3938, .T. ) ;
#6107 = DIRECTION ( 'NONE',  ( -1.000000000000000000, -0.000000000000000000, 0.000000000000000000 ) ) ;
#6108 = ORIENTED_EDGE ( 'NONE', *, *, #6637, .T. ) ;
#6109 = EDGE_CURVE ( 'NONE', #3182, #325, #6906, .T. ) ;
#6110 = DIRECTION ( 'NONE',  ( -1.000000000000000000, 0.000000000000000000, -0.000000000000000000 ) ) ;
#6111 = DIRECTION ( 'NONE',  ( 0.000000000000000000, 0.000000000000000000, 1.000000000000000000 ) ) ;
#6112 = DIRECTION ( 'NONE',  ( 0.000000000000000000, 0.000000000000000000, 1.000000000000000000 ) ) ;
#6113 = AXIS2_PLACEMENT_3D ( 'NONE', #8037, #3467, #4166 ) ;
#6114 = ORIENTED_EDGE ( 'NONE', *, *, #5683, .T. ) ;
#6115 = ORIENTED_EDGE ( 'NONE', *, *, #6504, .T. ) ;
#6116 = DIRECTION ( 'NONE',  ( 1.000000000000000000, 0.000000000000000000, -0.000000000000000000 ) ) ;
#6117 = DIRECTION ( 'NONE',  ( 0.000000000000000000, 0.000000000000000000, 1.000000000000000000 ) ) ;
#6118 = APPROVAL_STATUS ( 'not_yet_approved' ) ;
#6119 = LINE ( 'NONE', #8130, #1541 ) ;
#6120 = LINE ( 'NONE', #5481, #5765 ) ;
#6121 = CARTESIAN_POINT ( 'NONE',  ( 3.000000000000000888, -18.02520032586875587, 15.06589001178566178 ) ) ;
#6122 = ORIENTED_EDGE ( 'NONE', *, *, #3613, .F. ) ;
#6123 = CARTESIAN_POINT ( 'NONE',  ( 4.051352821227593992, 10.00000000000000888, 7.017148925649419056 ) ) ;
#6124 = ORIENTED_EDGE ( 'NONE', *, *, #1292, .T. ) ;
#6125 = DIRECTION ( 'NONE',  ( 0.000000000000000000, 0.000000000000000000, 1.000000000000000000 ) ) ;
#6126 = DIRECTION ( 'NONE',  ( -1.000000000000000000, -0.000000000000000000, -0.000000000000000000 ) ) ;
#6127 = DIRECTION ( 'NONE',  ( -1.000000000000000000, -0.000000000000000000, 0.000000000000000000 ) ) ;
#6128 = CARTESIAN_POINT ( 'NONE',  ( 1.499999999999999556, -25.92685648092479767, -1.948874808069432252 ) ) ;
#6129 = CARTESIAN_POINT ( 'NONE',  ( 3.000000000000000888, -22.37893697895722411, 7.146472439377552277 ) ) ;
#6130 = VERTEX_POINT ( 'NONE', #476 ) ;
#6131 = ORIENTED_EDGE ( 'NONE', *, *, #8177, .F. ) ;
#6132 = ADVANCED_FACE ( 'NONE', ( #2404 ), #3039, .T. ) ;
#6133 = EDGE_LOOP ( 'NONE', ( #890, #2934, #3412, #236 ) ) ;
#6134 = EDGE_LOOP ( 'NONE', ( #7673, #1830, #2822, #7385 ) ) ;
#6135 = ORIENTED_EDGE ( 'NONE', *, *, #3696, .T. ) ;
#6136 = DIRECTION ( 'NONE',  ( 0.000000000000000000, 0.000000000000000000, 1.000000000000000000 ) ) ;
#6137 = ADVANCED_FACE ( 'NONE', ( #3084 ), #2438, .T. ) ;
#6138 = CC_DESIGN_APPROVAL ( #6428, ( #1869 ) ) ;
#6139 = AXIS2_PLACEMENT_3D ( 'NONE', #8347, #7018, #1125 ) ;
#6140 = CARTESIAN_POINT ( 'NONE',  ( 3.000000000000000888, -25.92685648092482609, 1.948874808069069653 ) ) ;
#6141 = EDGE_CURVE ( 'NONE', #6079, #6067, #1819, .T. ) ;
#6142 = CC_DESIGN_APPROVAL ( #3042, ( #4696 ) ) ;
#6143 = EDGE_CURVE ( 'NONE', #2457, #184, #1667, .T. ) ;
#6144 = ORIENTED_EDGE ( 'NONE', *, *, #7202, .T. ) ;
#6145 = ORIENTED_EDGE ( 'NONE', *, *, #6249, .T. ) ;
#6146 = DIRECTION ( 'NONE',  ( -1.000000000000000000, -0.000000000000000000, 0.000000000000000000 ) ) ;
#6147 = EDGE_LOOP ( 'NONE', ( #7730, #8043, #536, #8321, #1964, #2446, #7703, #3114, #3213, #5240, #6145, #3472, #7989, #4627, #8151, #3943, #4069, #7634, #7367, #3082, #2923 ) ) ;
#6148 = CARTESIAN_POINT ( 'NONE',  ( 0.000000000000000000, 23.05365132147766971, -4.518633574727327407 ) ) ;
#6149 = CARTESIAN_POINT ( 'NONE',  ( -14.74895638488482597, 7.000000000000008882, 6.145609380784566866 ) ) ;
#6150 = CARTESIAN_POINT ( 'NONE',  ( 3.000000000000000888, -23.50287694562798180, -3.410245779803683597 ) ) ;
#6151 = EDGE_CURVE ( 'NONE', #515, #3935, #7330, .T. ) ;
#6152 = EDGE_CURVE ( 'NONE', #1674, #278, #7819, .T. ) ;
#6153 = ORIENTED_EDGE ( 'NONE', *, *, #3980, .F. ) ;
#6154 = ORIENTED_EDGE ( 'NONE', *, *, #3549, .T. ) ;
#6155 = FACE_OUTER_BOUND ( 'NONE', #900, .T. ) ;
#6156 = CARTESIAN_POINT ( 'NONE',  ( 3.000000000000000888, 4.019451921851954879, 23.40638817177739384 ) ) ;
#6157 = DATE_AND_TIME ( #780, #378 ) ;
#6158 = CC_DESIGN_DATE_AND_TIME_ASSIGNMENT ( #3476, #5991, ( #684 ) ) ;
#6159 = CARTESIAN_POINT ( 'NONE',  ( 0.000000000000000000, 18.02520032586886600, -15.06589001178553566 ) ) ;
#6160 = DIRECTION ( 'NONE',  ( -1.000000000000000000, 0.000000000000000000, 0.000000000000000000 ) ) ;
#6161 = CARTESIAN_POINT ( 'NONE',  ( 3.000000000000000888, -23.45311694635233835, -1.356537554084999764 ) ) ;
#6162 = VERTEX_POINT ( 'NONE', #8513 ) ;
#6163 = CARTESIAN_POINT ( 'NONE',  ( 3.000000000000000888, -23.10781753700502250, 5.481219725251234465 ) ) ;
#6164 = EDGE_LOOP ( 'NONE', ( #3794, #8192, #3149, #638 ) ) ;
#6165 = CARTESIAN_POINT ( 'NONE',  ( 0.000000000000000000, 19.46733382657898304, -13.60286420885446468 ) ) ;
#6166 = CARTESIAN_POINT ( 'NONE',  ( 3.000000000000000888, 0.000000000000000000, 0.000000000000000000 ) ) ;
#6167 =( NAMED_UNIT ( * ) PLANE_ANGLE_UNIT ( ) SI_UNIT ( $, .RADIAN. ) );
#6168 = FACE_OUTER_BOUND ( 'NONE', #8103, .T. ) ;
#6169 = DIRECTION ( 'NONE',  ( 0.000000000000000000, 0.000000000000000000, 1.000000000000000000 ) ) ;
#6170 = DIRECTION ( 'NONE',  ( 0.000000000000000000, 0.000000000000000000, 1.000000000000000000 ) ) ;
#6171 = ORIENTED_EDGE ( 'NONE', *, *, #5008, .F. ) ;
#6172 = VERTEX_POINT ( 'NONE', #5854 ) ;
#6173 = ORIENTED_EDGE ( 'NONE', *, *, #2913, .F. ) ;
#6174 = CIRCLE ( 'NONE', #5918, 23.74900000000000233 ) ;
#6175 = ORIENTED_EDGE ( 'NONE', *, *, #8150, .T. ) ;
#6176 = DIRECTION ( 'NONE',  ( 0.000000000000000000, 0.6845471059286899473, -0.7289686274214104422 ) ) ;
#6177 = DIRECTION ( 'NONE',  ( -1.000000000000000000, 0.000000000000000000, -0.000000000000000000 ) ) ;
#6178 = ADVANCED_FACE ( 'NONE', ( #1845 ), #596, .T. ) ;
#6179 = CIRCLE ( 'NONE', #1911, 10.00000000000000000 ) ;
#6180 = LOCAL_TIME ( 18, 30, 54.00000000000000000, #7099 ) ;
#6181 = CIRCLE ( 'NONE', #8369, 10.00000000000000178 ) ;
#6182 = EDGE_CURVE ( 'NONE', #7718, #3124, #1969, .T. ) ;
#6183 = VERTEX_POINT ( 'NONE', #2608 ) ;
#6184 = VERTEX_POINT ( 'NONE', #554 ) ;
#6185 = DIRECTION ( 'NONE',  ( -1.000000000000000000, -0.000000000000000000, 0.000000000000000000 ) ) ;
#6186 = VECTOR ( 'NONE', #2473, 1000.000000000000000 ) ;
#6187 = ORIENTED_EDGE ( 'NONE', *, *, #5517, .T. ) ;
#6188 = AXIS2_PLACEMENT_3D ( 'NONE', #1739, #4459, #7124 ) ;
#6189 = DIRECTION ( 'NONE',  ( -1.000000000000000000, 0.000000000000000000, 0.000000000000000000 ) ) ;
#6190 = EDGE_CURVE ( 'NONE', #1174, #7964, #8108, .T. ) ;
#6191 = LINE ( 'NONE', #3678, #3059 ) ;
#6192 = DIRECTION ( 'NONE',  ( -1.000000000000000000, 0.000000000000000000, 0.000000000000000000 ) ) ;
#6193 = ADVANCED_FACE ( 'NONE', ( #40 ), #1198, .T. ) ;
#6194 = VECTOR ( 'NONE', #2592, 1000.000000000000000 ) ;
#6195 = VECTOR ( 'NONE', #6772, 1000.000000000000000 ) ;
#6196 = CIRCLE ( 'NONE', #3847, 26.00000000000000000 ) ;
#6197 = ORIENTED_EDGE ( 'NONE', *, *, #2131, .F. ) ;
#6198 = VERTEX_POINT ( 'NONE', #1979 ) ;
#6199 = DIRECTION ( 'NONE',  ( -0.9550651196894897055, 0.000000000000000000, -0.2963960478017555467 ) ) ;
#6200 = CARTESIAN_POINT ( 'NONE',  ( -2.052224346884345962, 7.000000000000008882, 15.84577559900846033 ) ) ;
#6201 = DATE_TIME_ROLE ( 'classification_date' ) ;
#6202 = EDGE_CURVE ( 'NONE', #5675, #4263, #4648, .T. ) ;
#6203 = DIRECTION ( 'NONE',  ( -1.000000000000000000, 0.000000000000000000, -0.000000000000000000 ) ) ;
#6204 = CARTESIAN_POINT ( 'NONE',  ( 3.000000000000000888, 0.000000000000000000, 0.000000000000000000 ) ) ;
#6205 = EDGE_CURVE ( 'NONE', #4890, #689, #7465, .T. ) ;
#6206 = AXIS2_PLACEMENT_3D ( 'NONE', #3846, #586, #939 ) ;
#6207 = DIRECTION ( 'NONE',  ( 1.000000000000000000, 0.000000000000000000, 4.256270054397946562E-44 ) ) ;
#6208 = ORIENTED_EDGE ( 'NONE', *, *, #6098, .T. ) ;
#6209 = VECTOR ( 'NONE', #5608, 1000.000000000000000 ) ;
#6210 = CYLINDRICAL_SURFACE ( 'NONE', #5115, 26.00000000000000000 ) ;
#6211 = EDGE_LOOP ( 'NONE', ( #6899, #7815, #5264, #901 ) ) ;
#6212 = CARTESIAN_POINT ( 'NONE',  ( -10.00000000000000000, 0.000000000000000000, 0.000000000000000000 ) ) ;
#6213 = LINE ( 'NONE', #5451, #3052 ) ;
#6214 = PERSON_AND_ORGANIZATION ( #1044, #909 ) ;
#6215 = DIRECTION ( 'NONE',  ( -1.000000000000000000, 0.000000000000000000, -0.000000000000000000 ) ) ;
#6216 = CYLINDRICAL_SURFACE ( 'NONE', #2452, 26.00000000000000000 ) ;
#6217 = DIRECTION ( 'NONE',  ( -1.000000000000000000, 0.000000000000000000, -0.000000000000000000 ) ) ;
#6218 = AXIS2_PLACEMENT_3D ( 'NONE', #3867, #5268, #1373 ) ;
#6219 = AXIS2_PLACEMENT_3D ( 'NONE', #4441, #4315, #3698 ) ;
#6220 = ORIENTED_EDGE ( 'NONE', *, *, #4339, .F. ) ;
#6221 = EDGE_LOOP ( 'NONE', ( #8314, #3409, #507, #2142 ) ) ;
#6222 = AXIS2_PLACEMENT_3D ( 'NONE', #7639, #5711, #1736 ) ;
#6223 = ORIENTED_EDGE ( 'NONE', *, *, #4205, .F. ) ;
#6224 = AXIS2_PLACEMENT_3D ( 'NONE', #2688, #5336, #7349 ) ;
#6225 = ORIENTED_EDGE ( 'NONE', *, *, #3538, .F. ) ;
#6226 = AXIS2_PLACEMENT_3D ( 'NONE', #695, #6515, #611 ) ;
#6227 = DIRECTION ( 'NONE',  ( 0.000000000000000000, 0.8443279255020162966, -0.5358267949789945472 ) ) ;
#6228 = PLANE ( 'NONE',  #4836 ) ;
#6229 = AXIS2_PLACEMENT_3D ( 'NONE', #5547, #2259, #6136 ) ;
#6230 = CIRCLE ( 'NONE', #6370, 10.00000000000000000 ) ;
#6231 = ORIENTED_EDGE ( 'NONE', *, *, #6072, .T. ) ;
#6232 = EDGE_CURVE ( 'NONE', #1738, #3502, #3248, .T. ) ;
#6233 = ORIENTED_EDGE ( 'NONE', *, *, #3262, .F. ) ;
#6234 = DIRECTION ( 'NONE',  ( -1.000000000000000000, -0.000000000000000000, 0.000000000000000000 ) ) ;
#6235 = AXIS2_PLACEMENT_3D ( 'NONE', #6161, #262, #2875 ) ;
#6236 = CIRCLE ( 'NONE', #2513, 26.00000000000000000 ) ;
#6237 = CARTESIAN_POINT ( 'NONE',  ( -12.69673203797261252, 10.00000000000000888, -9.700166218279626662 ) ) ;
#6238 = CARTESIAN_POINT ( 'NONE',  ( 3.000000000000000888, -20.59702713253493656, -11.82275239957345825 ) ) ;
#6239 = DIRECTION ( 'NONE',  ( 0.000000000000000000, 0.000000000000000000, 1.000000000000000000 ) ) ;
#6240 = ORIENTED_EDGE ( 'NONE', *, *, #1553, .T. ) ;
#6241 = AXIS2_PLACEMENT_3D ( 'NONE', #4920, #2152, #6839 ) ;
#6242 = VECTOR ( 'NONE', #6217, 1000.000000000000000 ) ;
#6243 = ORIENTED_EDGE ( 'NONE', *, *, #6700, .F. ) ;
#6244 = ADVANCED_FACE ( 'NONE', ( #2529 ), #3908, .T. ) ;
#6245 = ORIENTED_EDGE ( 'NONE', *, *, #1510, .T. ) ;
#6246 = DIRECTION ( 'NONE',  ( 0.000000000000000000, 0.000000000000000000, 1.000000000000000000 ) ) ;
#6247 = DIRECTION ( 'NONE',  ( -1.000000000000000000, -0.000000000000000000, -0.000000000000000000 ) ) ;
#6248 = PERSON_AND_ORGANIZATION_ROLE ( 'classification_officer' ) ;
#6249 = EDGE_CURVE ( 'NONE', #7964, #8462, #682, .T. ) ;
#6250 = AXIS2_PLACEMENT_3D ( 'NONE', #1843, #1366, #5255 ) ;
#6251 = CARTESIAN_POINT ( 'NONE',  ( 3.000000000000000888, 0.000000000000000000, 0.000000000000000000 ) ) ;
#6252 = CARTESIAN_POINT ( 'NONE',  ( 0.000000000000000000, 13.09272093277509974, -19.81402683899648309 ) ) ;
#6253 = CIRCLE ( 'NONE', #175, 9.999999999999998224 ) ;
#6254 = CARTESIAN_POINT ( 'NONE',  ( 0.000000000000000000, -17.56576837257038548, -19.16882316370011097 ) ) ;
#6255 = ORIENTED_EDGE ( 'NONE', *, *, #7620, .T. ) ;
#6256 = ADVANCED_FACE ( 'NONE', ( #6501 ), #1367, .T. ) ;
#6257 = AXIS2_PLACEMENT_3D ( 'NONE', #7560, #4373, #143 ) ;
#6258 = EDGE_CURVE ( 'NONE', #7649, #3182, #3948, .T. ) ;
#6259 = DIRECTION ( 'NONE',  ( -1.000000000000000000, 0.000000000000000000, -0.000000000000000000 ) ) ;
#6260 = ORIENTED_EDGE ( 'NONE', *, *, #4456, .T. ) ;
#6261 = CARTESIAN_POINT ( 'NONE',  ( 3.000000000000000888, 0.000000000000000000, 0.000000000000000000 ) ) ;
#6262 = CYLINDRICAL_SURFACE ( 'NONE', #4590, 10.00000000000000178 ) ;
#6263 = DIRECTION ( 'NONE',  ( -1.000000000000000000, 0.000000000000000000, -0.000000000000000000 ) ) ;
#6264 = FACE_OUTER_BOUND ( 'NONE', #4477, .T. ) ;
#6265 = CARTESIAN_POINT ( 'NONE',  ( 1.499999999999999556, 25.59698206453972702, -4.560099690536557837 ) ) ;
#6266 = ORIENTED_EDGE ( 'NONE', *, *, #2443, .F. ) ;
#6267 = ADVANCED_FACE ( 'NONE', ( #728, #7869 ), #8378, .F. ) ;
#6268 = ORIENTED_EDGE ( 'NONE', *, *, #1945, .F. ) ;
#6269 = ORIENTED_EDGE ( 'NONE', *, *, #8081, .F. ) ;
#6270 = CARTESIAN_POINT ( 'NONE',  ( 14.74895638494033712, 7.000000000000008882, 6.145609380784566866 ) ) ;
#6271 = FACE_OUTER_BOUND ( 'NONE', #711, .T. ) ;
#6272 = DIRECTION ( 'NONE',  ( -1.000000000000000000, -0.000000000000000000, -0.000000000000000000 ) ) ;
#6273 = CARTESIAN_POINT ( 'NONE',  ( 3.000000000000000888, -21.30678187720829442, 9.894944904949715792 ) ) ;
#6274 = APPROVAL ( #3557, 'UNKNOWN' ) ;
#6275 = VERTEX_POINT ( 'NONE', #1239 ) ;
#6276 = LOCAL_TIME ( 18, 30, 54.00000000000000000, #4175 ) ;
#6277 = ORIENTED_EDGE ( 'NONE', *, *, #6469, .F. ) ;
#6278 = CARTESIAN_POINT ( 'NONE',  ( 0.000000000000000000, -9.714105481848200441, 21.67143640111395442 ) ) ;
#6279 = CARTESIAN_POINT ( 'NONE',  ( 2.052224346939968136, 7.000000000000008882, 15.84577559900801624 ) ) ;
#6280 = LINE ( 'NONE', #1788, #1005 ) ;
#6281 = FACE_OUTER_BOUND ( 'NONE', #2764, .T. ) ;
#6282 = ORIENTED_EDGE ( 'NONE', *, *, #6969, .F. ) ;
#6283 = ORIENTED_EDGE ( 'NONE', *, *, #548, .T. ) ;
#6284 = CARTESIAN_POINT ( 'NONE',  ( -10.00000000000000000, 0.000000000000000000, 0.000000000000000000 ) ) ;
#6285 = DIRECTION ( 'NONE',  ( 1.000000000000000000, 0.000000000000000000, -0.000000000000000000 ) ) ;
#6286 = APPROVAL_DATE_TIME ( #4299, #7051 ) ;
#6287 = DIRECTION ( 'NONE',  ( 0.000000000000000000, 0.000000000000000000, 1.000000000000000000 ) ) ;
#6288 = CYLINDRICAL_SURFACE ( 'NONE', #7286, 9.999999999999998224 ) ;
#6289 = DIRECTION ( 'NONE',  ( -1.000000000000000000, 0.000000000000000000, 0.000000000000000000 ) ) ;
#6290 = EDGE_CURVE ( 'NONE', #4284, #688, #5953, .T. ) ;
#6291 = ORIENTED_EDGE ( 'NONE', *, *, #1835, .F. ) ;
#6292 = ADVANCED_FACE ( 'NONE', ( #3468 ), #1872, .F. ) ;
#6293 = ORIENTED_EDGE ( 'NONE', *, *, #927, .T. ) ;
#6294 = CARTESIAN_POINT ( 'NONE',  ( 0.000000000000000000, 23.43820135222874157, -1.593614133755375750 ) ) ;
#6295 = ORIENTED_EDGE ( 'NONE', *, *, #7230, .T. ) ;
#6296 = DIRECTION ( 'NONE',  ( -1.000000000000000000, 0.000000000000000000, 0.000000000000000000 ) ) ;
#6297 = LINE ( 'NONE', #4393, #5282 ) ;
#6298 = DATE_AND_TIME ( #1679, #234 ) ;
#6299 = CARTESIAN_POINT ( 'NONE',  ( 3.000000000000000888, 23.65875512592457142, 10.78254635471313350 ) ) ;
#6300 = DIRECTION ( 'NONE',  ( 0.000000000000000000, 0.000000000000000000, 1.000000000000000000 ) ) ;
#6301 = CARTESIAN_POINT ( 'NONE',  ( 3.000000000000000888, -6.921355658526056054, -22.71805090337173993 ) ) ;
#6302 = EDGE_CURVE ( 'NONE', #3523, #4928, #7487, .T. ) ;
#6303 = ORIENTED_EDGE ( 'NONE', *, *, #4927, .T. ) ;
#6304 = ORIENTED_EDGE ( 'NONE', *, *, #1133, .F. ) ;
#6305 = ORIENTED_EDGE ( 'NONE', *, *, #3665, .F. ) ;
#6306 = CARTESIAN_POINT ( 'NONE',  ( 3.000000000000000888, 5.957267827074719690, -22.72443285698066973 ) ) ;
#6307 = CARTESIAN_POINT ( 'NONE',  ( -2.052224346884345962, 7.000000000000008882, 15.84577559900846033 ) ) ;
#6308 = DIRECTION ( 'NONE',  ( -1.000000000000000000, -0.000000000000000000, 0.000000000000000000 ) ) ;
#6309 = CARTESIAN_POINT ( 'NONE',  ( 0.000000000000000000, 19.77132294913407762, 12.68793432659416354 ) ) ;
#6310 = EDGE_CURVE ( 'NONE', #3563, #6654, #3383, .T. ) ;
#6311 = EDGE_CURVE ( 'NONE', #2850, #5340, #4296, .T. ) ;
#6312 = ORIENTED_EDGE ( 'NONE', *, *, #5987, .F. ) ;
#6313 = ORIENTED_EDGE ( 'NONE', *, *, #191, .T. ) ;
#6314 = CYLINDRICAL_SURFACE ( 'NONE', #4684, 23.74900000000000233 ) ;
#6315 = ORIENTED_EDGE ( 'NONE', *, *, #6350, .F. ) ;
#6316 = CARTESIAN_POINT ( 'NONE',  ( -4.051352821171638752, 7.000000000000008882, -7.017148925761551581 ) ) ;
#6317 = DIRECTION ( 'NONE',  ( 0.000000000000000000, 0.000000000000000000, 1.000000000000000000 ) ) ;
#6318 = CIRCLE ( 'NONE', #8366, 26.00000000000000000 ) ;
#6319 = AXIS2_PLACEMENT_3D ( 'NONE', #2190, #6881, #2836 ) ;
#6320 = CARTESIAN_POINT ( 'NONE',  ( 1.500000000000000444, 12.24681498829406934, 22.93502828955080730 ) ) ;
#6321 = CYLINDRICAL_SURFACE ( 'NONE', #4819, 9.999999999999998224 ) ;
#6322 = VERTEX_POINT ( 'NONE', #4873 ) ;
#6323 = AXIS2_PLACEMENT_3D ( 'NONE', #8075, #2180, #899 ) ;
#6324 = CIRCLE ( 'NONE', #4259, 9.999999999999998224 ) ;
#6325 = ORIENTED_EDGE ( 'NONE', *, *, #6830, .F. ) ;
#6326 = DIRECTION ( 'NONE',  ( 0.000000000000000000, 0.000000000000000000, -1.000000000000000000 ) ) ;
#6327 = COORDINATED_UNIVERSAL_TIME_OFFSET ( 7, 0, .AHEAD. ) ;
#6328 = CARTESIAN_POINT ( 'NONE',  ( 0.000000000000000000, -2.826494134736345920, -23.32165987963170295 ) ) ;
#6329 = DIRECTION ( 'NONE',  ( 0.000000000000000000, 0.7705132427757904745, -0.6374239897486881912 ) ) ;
#6330 = AXIS2_PLACEMENT_3D ( 'NONE', #5341, #159, #7948 ) ;
#6331 = DIRECTION ( 'NONE',  ( 0.000000000000000000, -0.5877852522924803536, 0.8090169943749421222 ) ) ;
#6332 = AXIS2_PLACEMENT_3D ( 'NONE', #6902, #5787, #3627 ) ;
#6333 = VECTOR ( 'NONE', #2496, 1000.000000000000000 ) ;
#6334 = AXIS2_PLACEMENT_3D ( 'NONE', #7567, #8169, #5846 ) ;
#6335 = VERTEX_POINT ( 'NONE', #7439 ) ;
#6336 = ORIENTED_EDGE ( 'NONE', *, *, #722, .F. ) ;
#6337 = DIRECTION ( 'NONE',  ( -1.000000000000000000, 0.000000000000000000, 0.000000000000000000 ) ) ;
#6338 = EDGE_CURVE ( 'NONE', #2220, #4308, #82, .T. ) ;
#6339 = ORIENTED_EDGE ( 'NONE', *, *, #4150, .F. ) ;
#6340 = AXIS2_PLACEMENT_3D ( 'NONE', #5799, #2559, #4465 ) ;
#6341 = CARTESIAN_POINT ( 'NONE',  ( 3.000000000000000888, 21.78099992762129489, 14.19817038047371049 ) ) ;
#6342 = DIRECTION ( 'NONE',  ( -0.000000000000000000, 1.000000000000000000, -0.000000000000000000 ) ) ;
#6343 = CARTESIAN_POINT ( 'NONE',  ( -10.00000000000000000, 0.000000000000000000, 0.000000000000000000 ) ) ;
#6344 = CARTESIAN_POINT ( 'NONE',  ( 3.000000000000000888, 10.50612486395233702, 21.29874036986795005 ) ) ;
#6345 = DIRECTION ( 'NONE',  ( 0.000000000000000000, 0.000000000000000000, 1.000000000000000000 ) ) ;
#6346 = CIRCLE ( 'NONE', #2617, 23.74900000000000233 ) ;
#6347 = CIRCLE ( 'NONE', #3860, 23.74900000000000588 ) ;
#6348 = ORIENTED_EDGE ( 'NONE', *, *, #1348, .F. ) ;
#6349 = VERTEX_POINT ( 'NONE', #4083 ) ;
#6350 = EDGE_CURVE ( 'NONE', #3878, #4330, #6834, .T. ) ;
#6351 = ORIENTED_EDGE ( 'NONE', *, *, #7300, .T. ) ;
#6352 = CARTESIAN_POINT ( 'NONE',  ( 0.000000000000000000, 8.758419641788917076, -21.79860027646840592 ) ) ;
#6353 = CARTESIAN_POINT ( 'NONE',  ( 3.000000000000000888, -23.74496687177445153, -0.4376634075793925938 ) ) ;
#6354 = CARTESIAN_POINT ( 'NONE',  ( 3.000000000000000888, -22.89013261011090350, 6.329046538898065677 ) ) ;
#6355 = CIRCLE ( 'NONE', #2625, 9.999999999999998224 ) ;
#6356 = FACE_OUTER_BOUND ( 'NONE', #7255, .T. ) ;
#6357 = AXIS2_PLACEMENT_3D ( 'NONE', #2671, #5318, #2706 ) ;
#6358 = ADVANCED_FACE ( 'NONE', ( #1415 ), #5511, .T. ) ;
#6359 = CIRCLE ( 'NONE', #3306, 26.00000000000000000 ) ;
#6360 = CIRCLE ( 'NONE', #3453, 23.74900000000000588 ) ;
#6361 = VERTEX_POINT ( 'NONE', #163 ) ;
#6362 = CARTESIAN_POINT ( 'NONE',  ( 0.000000000000000000, 16.16797261240417072, -17.04363664947920398 ) ) ;
#6363 = EDGE_CURVE ( 'NONE', #4552, #5418, #2782, .T. ) ;
#6364 = ORIENTED_EDGE ( 'NONE', *, *, #6406, .T. ) ;
#6365 = EDGE_CURVE ( 'NONE', #4415, #5685, #5550, .T. ) ;
#6366 = LINE ( 'NONE', #3198, #4018 ) ;
#6367 = AXIS2_PLACEMENT_3D ( 'NONE', #5195, #1347, #3967 ) ;
#6368 = CARTESIAN_POINT ( 'NONE',  ( 1.500000000000000444, 9.275723936747180431, -24.28911166447335290 ) ) ;
#6369 = DIRECTION ( 'NONE',  ( -1.000000000000000000, 0.000000000000000000, 0.000000000000000000 ) ) ;
#6370 = AXIS2_PLACEMENT_3D ( 'NONE', #8253, #6378, #1159 ) ;
#6371 = CARTESIAN_POINT ( 'NONE',  ( 3.000000000000000888, 18.02520032586886600, -15.06589001178553566 ) ) ;
#6372 = EDGE_LOOP ( 'NONE', ( #3296, #1849, #6855, #4201, #921, #4789, #8403, #7399, #1603, #4078, #5687, #6764, #3742, #4990, #6479, #6691, #3842, #7214, #448, #3731, #858, #4877, #1409, #5162, #1818, #7409, #2181, #6398, #2426, #1570, #1939, #1971, #918, #7295, #5219, #7538, #8238, #1473, #5879, #841, #1756, #5403, #2193, #5150, #2474, #516, #5585, #5804, #3251, #7207, #8477, #1524, #1095, #8226, #7246, #5551, #6611, #4604, #4876, #766, #5052, #2243, #849, #6732, #2435, #7096, #3774, #7104, #4421, #6952, #3197, #5850, #929, #2218, #6091, #5178, #4088, #1314, #6847, #7536, #2998, #1974, #797, #375, #5025, #1740, #1817, #1453, #5417, #2166, #6108, #6920, #4063, #5507, #3675, #6647, #4400, #2441, #6898, #2811, #2714, #6548, #5063, #7393, #1007, #4650, #7282, #2675, #4807, #4901, #3584, #4376, #1382, #7215, #4035, #1914, #4231, #6154, #4086, #2692, #7432, #7272, #7512, #4476, #7863, #2989, #401, #1106, #8215, #2527, #3787, #3361, #3757, #3952, #6586, #1116, #3961, #5064, #4495, #6135, #450, #2469, #4997, #3854, #7437, #8237, #8423, #4639, #5391, #4186, #4250, #4232, #4541, #7270, #8167, #5609, #5333, #7589, #6801, #3451, #4479, #6657, #970, #2849, #6710, #2256, #7125, #8384, #3576, #106, #165, #7491, #1485, #5070, #1748, #2183, #664, #8007, #7052, #3386, #7705, #5069, #1225, #8147, #3378, #6173, #3654, #492, #6283, #6396, #8361, #7502, #200, #4505, #2281, #1508, #4469, #1488, #7762, #2932, #6974, #5241, #3820 ) ) ;
#6373 = VECTOR ( 'NONE', #7017, 1000.000000000000000 ) ;
#6374 = EDGE_LOOP ( 'NONE', ( #6240, #1685, #7901, #1850 ) ) ;
#6375 = EDGE_CURVE ( 'NONE', #7902, #7946, #7186, .T. ) ;
#6376 = CIRCLE ( 'NONE', #5424, 23.74900000000000588 ) ;
#6377 = CARTESIAN_POINT ( 'NONE',  ( 0.000000000000000000, 0.000000000000000000, 0.000000000000000000 ) ) ;
#6378 = DIRECTION ( 'NONE',  ( -1.000000000000000000, 0.000000000000000000, 0.000000000000000000 ) ) ;
#6379 = CARTESIAN_POINT ( 'NONE',  ( 0.000000000000000000, -20.59702713253493656, -11.82275239957345825 ) ) ;
#6380 = CARTESIAN_POINT ( 'NONE',  ( 3.000000000000000888, -15.99480952573165915, 17.20624761156499005 ) ) ;
#6381 = CIRCLE ( 'NONE', #5965, 26.00000000000000000 ) ;
#6382 = AXIS2_PLACEMENT_3D ( 'NONE', #917, #4227, #6170 ) ;
#6383 = ORIENTED_EDGE ( 'NONE', *, *, #4384, .T. ) ;
#6384 = EDGE_LOOP ( 'NONE', ( #1290, #392, #4228, #574 ) ) ;
#6385 = DIRECTION ( 'NONE',  ( -1.000000000000000000, -0.000000000000000000, -0.000000000000000000 ) ) ;
#6386 = AXIS2_PLACEMENT_3D ( 'NONE', #3337, #4471, #80 ) ;
#6387 = VERTEX_POINT ( 'NONE', #2104 ) ;
#6388 = CARTESIAN_POINT ( 'NONE',  ( -12.69673203797072603, 7.000000000000008882, -9.700166218278516439 ) ) ;
#6389 = DIRECTION ( 'NONE',  ( 0.000000000000000000, 0.000000000000000000, 1.000000000000000000 ) ) ;
#6390 = MECHANICAL_CONTEXT ( 'NONE', #3075, 'mechanical' ) ;
#6391 = CARTESIAN_POINT ( 'NONE',  ( 3.000000000000000888, 20.23396159193303134, -16.32748597599087859 ) ) ;
#6392 = CARTESIAN_POINT ( 'NONE',  ( 3.000000000000000888, 10.50612486395264078, -21.29874036986780439 ) ) ;
#6393 = DIRECTION ( 'NONE',  ( -1.000000000000000000, -0.000000000000000000, -0.000000000000000000 ) ) ;
#6394 = CIRCLE ( 'NONE', #6534, 26.00000000000000000 ) ;
#6395 = AXIS2_PLACEMENT_3D ( 'NONE', #1591, #6207, #129 ) ;
#6396 = ORIENTED_EDGE ( 'NONE', *, *, #6375, .F. ) ;
#6397 = ORIENTED_EDGE ( 'NONE', *, *, #7346, .F. ) ;
#6398 = ORIENTED_EDGE ( 'NONE', *, *, #7654, .F. ) ;
#6399 = DIRECTION ( 'NONE',  ( 0.000000000000000000, -0.9822872507286903865, 0.1873813145857151086 ) ) ;
#6400 = CARTESIAN_POINT ( 'NONE',  ( 3.000000000000000888, -23.38875284200445037, 11.35633041504291896 ) ) ;
#6401 = LINE ( 'NONE', #6793, #4261 ) ;
#6402 = DIRECTION ( 'NONE',  ( 0.000000000000000000, 0.000000000000000000, 1.000000000000000000 ) ) ;
#6403 = AXIS2_PLACEMENT_3D ( 'NONE', #3707, #8317, #5065 ) ;
#6404 = EDGE_CURVE ( 'NONE', #7040, #4432, #7867, .T. ) ;
#6405 = ORIENTED_EDGE ( 'NONE', *, *, #1231, .T. ) ;
#6406 = EDGE_CURVE ( 'NONE', #481, #7522, #808, .T. ) ;
#6407 = DIRECTION ( 'NONE',  ( 1.000000000000000000, 0.000000000000000000, -0.000000000000000000 ) ) ;
#6408 = ORIENTED_EDGE ( 'NONE', *, *, #2355, .T. ) ;
#6409 = CARTESIAN_POINT ( 'NONE',  ( 3.000000000000000888, 0.000000000000000000, 0.000000000000000000 ) ) ;
#6410 = DIRECTION ( 'NONE',  ( -1.000000000000000000, 0.000000000000000000, 0.000000000000000000 ) ) ;
#6411 = FACE_OUTER_BOUND ( 'NONE', #7546, .T. ) ;
#6412 = EDGE_CURVE ( 'NONE', #6275, #2005, #8427, .T. ) ;
#6413 = EDGE_CURVE ( 'NONE', #4780, #8159, #6376, .T. ) ;
#6414 = ORIENTED_EDGE ( 'NONE', *, *, #572, .T. ) ;
#6415 = CC_DESIGN_SECURITY_CLASSIFICATION ( #7777, ( #1869 ) ) ;
#6416 = ORIENTED_EDGE ( 'NONE', *, *, #4934, .F. ) ;
#6417 = VERTEX_POINT ( 'NONE', #4744 ) ;
#6418 = VERTEX_POINT ( 'NONE', #2144 ) ;
#6419 = CARTESIAN_POINT ( 'NONE',  ( 0.000000000000000000, 23.74496687177445509, 0.4376634075792267264 ) ) ;
#6420 = CIRCLE ( 'NONE', #3375, 26.00000000000000000 ) ;
#6421 = CYLINDRICAL_SURFACE ( 'NONE', #4582, 9.999999999999998224 ) ;
#6422 = CARTESIAN_POINT ( 'NONE',  ( 0.000000000000000000, 21.78099992762129844, 14.19817038047371049 ) ) ;
#6423 = CARTESIAN_POINT ( 'NONE',  ( 0.000000000000000000, -17.00973468965515778, 16.57359124594130151 ) ) ;
#6424 = EDGE_CURVE ( 'NONE', #1674, #6275, #3471, .T. ) ;
#6425 = EDGE_CURVE ( 'NONE', #8450, #1174, #1540, .T. ) ;
#6426 = ORIENTED_EDGE ( 'NONE', *, *, #5562, .T. ) ;
#6427 = ORIENTED_EDGE ( 'NONE', *, *, #7496, .F. ) ;
#6428 = APPROVAL ( #6118, 'UNSPECIFIED' ) ;
#6429 = FACE_OUTER_BOUND ( 'NONE', #3020, .T. ) ;
#6430 = ORIENTED_EDGE ( 'NONE', *, *, #5558, .T. ) ;
#6431 = CARTESIAN_POINT ( 'NONE',  ( 0.000000000000000000, 24.62765115230543245, -8.335394335023911694 ) ) ;
#6432 = DIRECTION ( 'NONE',  ( 0.000000000000000000, 0.5877852522924684742, 0.8090169943749507819 ) ) ;
#6433 = PERSON_AND_ORGANIZATION ( #1044, #909 ) ;
#6434 = CARTESIAN_POINT ( 'NONE',  ( 3.000000000000000888, 0.000000000000000000, 0.000000000000000000 ) ) ;
#6435 = LINE ( 'NONE', #5779, #6333 ) ;
#6436 = LINE ( 'NONE', #3663, #2524 ) ;
#6437 = ORIENTED_EDGE ( 'NONE', *, *, #455, .F. ) ;
#6438 = ORIENTED_EDGE ( 'NONE', *, *, #8041, .T. ) ;
#6439 = ORIENTED_EDGE ( 'NONE', *, *, #5119, .F. ) ;
#6440 = CARTESIAN_POINT ( 'NONE',  ( 3.000000000000000888, 23.09816287601901763, 4.285295834340878685 ) ) ;
#6441 = LINE ( 'NONE', #5834, #1680 ) ;
#6442 = CARTESIAN_POINT ( 'NONE',  ( 0.000000000000000000, 0.000000000000000000, 0.000000000000000000 ) ) ;
#6443 = DIRECTION ( 'NONE',  ( -1.000000000000000000, -0.000000000000000000, -0.000000000000000000 ) ) ;
#6444 = ORIENTED_EDGE ( 'NONE', *, *, #4828, .F. ) ;
#6445 = DIRECTION ( 'NONE',  ( 0.000000000000000000, 0.9822872507286879440, 0.1873813145857286533 ) ) ;
#6446 = EDGE_LOOP ( 'NONE', ( #1895, #6701, #4817, #6047 ) ) ;
#6447 = CARTESIAN_POINT ( 'NONE',  ( 3.000000000000000888, -18.02520032586853915, -15.06589001178591936 ) ) ;
#6448 = EDGE_CURVE ( 'NONE', #5041, #8452, #250, .T. ) ;
#6449 = CARTESIAN_POINT ( 'NONE',  ( 0.000000000000000000, -11.42144594672534375, -20.52899074774387245 ) ) ;
#6450 = DIRECTION ( 'NONE',  ( -1.000000000000000000, -0.000000000000000000, 0.000000000000000000 ) ) ;
#6451 = EDGE_CURVE ( 'NONE', #4161, #4423, #4915, .T. ) ;
#6452 = CARTESIAN_POINT ( 'NONE',  ( -1.061049529528108382, 7.000000000000009770, -17.46780392310058971 ) ) ;
#6453 = ORIENTED_EDGE ( 'NONE', *, *, #7605, .F. ) ;
#6454 = ORIENTED_EDGE ( 'NONE', *, *, #4150, .T. ) ;
#6455 = ADVANCED_FACE ( 'NONE', ( #1103 ), #424, .T. ) ;
#6456 = AXIS2_PLACEMENT_3D ( 'NONE', #3250, #4513, #8431 ) ;
#6457 = CIRCLE ( 'NONE', #5904, 17.50000000000000355 ) ;
#6458 = CARTESIAN_POINT ( 'NONE',  ( 3.000000000000000888, 17.60893712771352781, 15.93550545895021386 ) ) ;
#6459 = CARTESIAN_POINT ( 'NONE',  ( 0.000000000000000000, 0.000000000000000000, 0.000000000000000000 ) ) ;
#6460 = CARTESIAN_POINT ( 'NONE',  ( 3.000000000000000888, 5.727185429052385146, 22.78350797608155887 ) ) ;
#6461 = EDGE_CURVE ( 'NONE', #7574, #7040, #2380, .T. ) ;
#6462 = FACE_OUTER_BOUND ( 'NONE', #1411, .T. ) ;
#6463 = VECTOR ( 'NONE', #4437, 1000.000000000000000 ) ;
#6464 = ORIENTED_EDGE ( 'NONE', *, *, #5257, .T. ) ;
#6465 = ORIENTED_EDGE ( 'NONE', *, *, #8187, .T. ) ;
#6466 = FACE_OUTER_BOUND ( 'NONE', #5956, .T. ) ;
#6467 = EDGE_CURVE ( 'NONE', #1984, #7085, #8289, .T. ) ;
#6468 = VERTEX_POINT ( 'NONE', #2349 ) ;
#6469 = EDGE_CURVE ( 'NONE', #5708, #5041, #2514, .T. ) ;
#6470 = DIRECTION ( 'NONE',  ( -1.000000000000000000, -0.000000000000000000, 0.000000000000000000 ) ) ;
#6471 = CARTESIAN_POINT ( 'NONE',  ( 1.500000000000000444, 20.23396159193280042, 16.32748597599116636 ) ) ;
#6472 = APPROVAL_ROLE ( '' ) ;
#6473 = VECTOR ( 'NONE', #3639, 1000.000000000000000 ) ;
#6474 = CARTESIAN_POINT ( 'NONE',  ( 0.000000000000000000, 24.82361017592234376, -7.732294474077185953 ) ) ;
#6475 = DIRECTION ( 'NONE',  ( 0.000000000000000000, 0.8443279255020125218, 0.5358267949790006535 ) ) ;
#6476 = DIRECTION ( 'NONE',  ( 0.000000000000000000, 0.000000000000000000, -1.000000000000000000 ) ) ;
#6477 = EDGE_LOOP ( 'NONE', ( #7544, #8076, #2491, #3482 ) ) ;
#6478 = CARTESIAN_POINT ( 'NONE',  ( 0.000000000000000000, 23.65875512592473129, -10.78254635471279776 ) ) ;
#6479 = ORIENTED_EDGE ( 'NONE', *, *, #5722, .T. ) ;
#6480 = DIRECTION ( 'NONE',  ( 0.000000000000000000, 0.000000000000000000, 1.000000000000000000 ) ) ;
#6481 = CARTESIAN_POINT ( 'NONE',  ( 3.000000000000000888, 15.53779383581485973, -20.84650960510448670 ) ) ;
#6482 = DIRECTION ( 'NONE',  ( -1.000000000000000000, -0.000000000000000000, 0.000000000000000000 ) ) ;
#6483 = CARTESIAN_POINT ( 'NONE',  ( 0.000000000000000000, -25.47815669208868528, -5.183004107019072215 ) ) ;
#6484 = CIRCLE ( 'NONE', #3997, 10.00000000000000000 ) ;
#6485 = CC_DESIGN_PERSON_AND_ORGANIZATION_ASSIGNMENT ( #7194, #693, ( #4786 ) ) ;
#6486 = VERTEX_POINT ( 'NONE', #4290 ) ;
#6487 = DIRECTION ( 'NONE',  ( 0.000000000000000000, -0.9048270524660235736, 0.4257792915650640553 ) ) ;
#6488 = CIRCLE ( 'NONE', #4001, 23.74899999999999878 ) ;
#6489 = ORIENTED_EDGE ( 'NONE', *, *, #4682, .F. ) ;
#6490 = FACE_OUTER_BOUND ( 'NONE', #2319, .T. ) ;
#6491 = CARTESIAN_POINT ( 'NONE',  ( 3.000000000000000888, -16.16797261240381545, -17.04363664947954504 ) ) ;
#6492 = DIRECTION ( 'NONE',  ( -1.000000000000000000, -0.000000000000000000, -0.000000000000000000 ) ) ;
#6493 = CARTESIAN_POINT ( 'NONE',  ( 12.69673203802745931, 7.000000000000008882, -9.700166218278072350 ) ) ;
#6494 = AXIS2_PLACEMENT_3D ( 'NONE', #1206, #5136, #2023 ) ;
#6495 = AXIS2_PLACEMENT_3D ( 'NONE', #4104, #2289, #792 ) ;
#6496 = ORIENTED_EDGE ( 'NONE', *, *, #8122, .T. ) ;
#6497 = ORIENTED_EDGE ( 'NONE', *, *, #6810, .T. ) ;
#6498 = AXIS2_PLACEMENT_3D ( 'NONE', #3981, #5971, #7388 ) ;
#6499 = CARTESIAN_POINT ( 'NONE',  ( 0.000000000000000000, 0.000000000000000000, 0.000000000000000000 ) ) ;
#6500 = DATE_TIME_ROLE ( 'classification_date' ) ;
#6501 = FACE_OUTER_BOUND ( 'NONE', #3767, .T. ) ;
#6502 = CARTESIAN_POINT ( 'NONE',  ( 3.000000000000000888, 25.96667425510338489, -1.315989410805013415 ) ) ;
#6503 = CARTESIAN_POINT ( 'NONE',  ( 1.500000000000000444, -20.23396159193267962, -16.32748597599131557 ) ) ;
#6504 = EDGE_CURVE ( 'NONE', #7991, #374, #6280, .T. ) ;
#6505 = AXIS2_PLACEMENT_3D ( 'NONE', #1218, #4406, #2461 ) ;
#6506 = VECTOR ( 'NONE', #4207, 1000.000000000000000 ) ;
#6507 = ORIENTED_EDGE ( 'NONE', *, *, #1227, .F. ) ;
#6508 = ORIENTED_EDGE ( 'NONE', *, *, #6027, .F. ) ;
#6509 = EDGE_CURVE ( 'NONE', #5906, #3420, #3750, .T. ) ;
#6510 = LINE ( 'NONE', #3297, #2215 ) ;
#6511 = ORIENTED_EDGE ( 'NONE', *, *, #6660, .T. ) ;
#6512 = CARTESIAN_POINT ( 'NONE',  ( 3.000000000000000888, 18.95282963369271556, -14.31101847794975690 ) ) ;
#6513 = DIRECTION ( 'NONE',  ( -1.000000000000000000, 0.000000000000000000, 0.000000000000000000 ) ) ;
#6514 = SECURITY_CLASSIFICATION_LEVEL ( 'unclassified' ) ;
#6515 = DIRECTION ( 'NONE',  ( -1.000000000000000000, 0.000000000000000000, 0.000000000000000000 ) ) ;
#6516 = DIRECTION ( 'NONE',  ( -1.000000000000000000, -0.000000000000000000, 0.000000000000000000 ) ) ;
#6517 = DIRECTION ( 'NONE',  ( -1.000000000000000000, 0.000000000000000000, 0.000000000000000000 ) ) ;
#6518 = EDGE_CURVE ( 'NONE', #4900, #4918, #6191, .T. ) ;
#6519 = ADVANCED_FACE ( 'NONE', ( #6998 ), #3638, .T. ) ;
#6520 = VERTEX_POINT ( 'NONE', #7647 ) ;
#6521 = VECTOR ( 'NONE', #3219, 1000.000000000000000 ) ;
#6522 = AXIS2_PLACEMENT_3D ( 'NONE', #8350, #2417, #6476 ) ;
#6523 = CARTESIAN_POINT ( 'NONE',  ( 3.000000000000000888, 0.000000000000000000, 0.000000000000000000 ) ) ;
#6524 = VERTEX_POINT ( 'NONE', #6959 ) ;
#6525 = CYLINDRICAL_SURFACE ( 'NONE', #7362, 23.74900000000000233 ) ;
#6526 = CARTESIAN_POINT ( 'NONE',  ( 3.000000000000000888, -20.23396159193267962, -16.32748597599132268 ) ) ;
#6527 = FACE_OUTER_BOUND ( 'NONE', #6866, .T. ) ;
#6528 = DIRECTION ( 'NONE',  ( -1.000000000000000000, -0.000000000000000000, 0.000000000000000000 ) ) ;
#6529 = CARTESIAN_POINT ( 'NONE',  ( -14.74895638488504801, 7.000000000000008882, -6.145609380897365526 ) ) ;
#6530 = VECTOR ( 'NONE', #8072, 1000.000000000000000 ) ;
#6531 = EDGE_CURVE ( 'NONE', #2171, #1444, #976, .T. ) ;
#6532 = ORIENTED_EDGE ( 'NONE', *, *, #4634, .F. ) ;
#6533 = CARTESIAN_POINT ( 'NONE',  ( 1.061049529590555096, 10.00000000000000888, -17.46780392309679897 ) ) ;
#6534 = AXIS2_PLACEMENT_3D ( 'NONE', #7339, #6004, #1310 ) ;
#6535 = ORIENTED_EDGE ( 'NONE', *, *, #5814, .F. ) ;
#6536 = AXIS2_PLACEMENT_3D ( 'NONE', #7842, #7763, #7799 ) ;
#6537 = CARTESIAN_POINT ( 'NONE',  ( -15.14952443979000662, 7.000000000000008882, 8.746582013399839539 ) ) ;
#6538 = DIRECTION ( 'NONE',  ( 1.000000000000000000, 0.000000000000000000, 0.000000000000000000 ) ) ;
#6539 = DIRECTION ( 'NONE',  ( -1.000000000000000000, 0.000000000000000000, 0.000000000000000000 ) ) ;
#6540 = LINE ( 'NONE', #1838, #7283 ) ;
#6541 = VERTEX_POINT ( 'NONE', #3590 ) ;
#6542 = ORIENTED_EDGE ( 'NONE', *, *, #6034, .F. ) ;
#6543 = DIRECTION ( 'NONE',  ( 0.000000000000000000, 0.000000000000000000, 1.000000000000000000 ) ) ;
#6544 = DIRECTION ( 'NONE',  ( 0.2208460528671434830, 0.000000000000000000, -0.9753086798203954855 ) ) ;
#6545 = CARTESIAN_POINT ( 'NONE',  ( 3.000000000000000888, 9.865329348984012370, -24.05567036763005362 ) ) ;
#6546 = CARTESIAN_POINT ( 'NONE',  ( 0.000000000000000000, 13.09272093277482085, 19.81402683899666428 ) ) ;
#6547 = ORIENTED_EDGE ( 'NONE', *, *, #2226, .F. ) ;
#6548 = ORIENTED_EDGE ( 'NONE', *, *, #5354, .T. ) ;
#6549 = LOCAL_TIME ( 18, 30, 54.00000000000000000, #4704 ) ;
#6550 = CYLINDRICAL_SURFACE ( 'NONE', #1398, 23.74900000000000233 ) ;
#6551 = CARTESIAN_POINT ( 'NONE',  ( 1.061049529590555540, 7.000000000000009770, -17.46780392309679897 ) ) ;
#6552 = LINE ( 'NONE', #7193, #5957 ) ;
#6553 = CALENDAR_DATE ( 2025, 7, 10 ) ;
#6554 = ADVANCED_FACE ( 'NONE', ( #4374 ), #1062, .F. ) ;
#6555 = CARTESIAN_POINT ( 'NONE',  ( 3.000000000000000888, 19.89860609720133766, -12.48736817841709978 ) ) ;
#6556 = CYLINDRICAL_SURFACE ( 'NONE', #1222, 1.600000000000000089 ) ;
#6557 = DIRECTION ( 'NONE',  ( 1.000000000000000000, 0.000000000000000000, 0.000000000000000000 ) ) ;
#6558 = EDGE_CURVE ( 'NONE', #8434, #3426, #5681, .T. ) ;
#6559 = APPROVAL_PERSON_ORGANIZATION ( #319, #3042, #7582 ) ;
#6560 = EDGE_LOOP ( 'NONE', ( #2129, #8331, #150, #336 ) ) ;
#6561 = CARTESIAN_POINT ( 'NONE',  ( -1.253146128134763337, 10.00000000000000888, 17.02734389275728688 ) ) ;
#6562 = VERTEX_POINT ( 'NONE', #340 ) ;
#6563 = DIRECTION ( 'NONE',  ( -1.000000000000000000, -0.000000000000000000, -0.000000000000000000 ) ) ;
#6564 = CARTESIAN_POINT ( 'NONE',  ( 0.000000000000000000, 19.46733382657878408, 13.60286420885475067 ) ) ;
#6565 = DIRECTION ( 'NONE',  ( -1.000000000000000000, -0.000000000000000000, 0.000000000000000000 ) ) ;
#6566 = EDGE_CURVE ( 'NONE', #1207, #2807, #4418, .T. ) ;
#6567 = DIRECTION ( 'NONE',  ( 0.000000000000000000, 0.000000000000000000, -1.000000000000000000 ) ) ;
#6568 = LINE ( 'NONE', #7898, #8165 ) ;
#6569 = ORIENTED_EDGE ( 'NONE', *, *, #6424, .F. ) ;
#6570 = ORIENTED_EDGE ( 'NONE', *, *, #7520, .T. ) ;
#6571 = DIRECTION ( 'NONE',  ( 0.000000000000000000, 0.3681245526846788074, -0.9297764858882511252 ) ) ;
#6572 = VERTEX_POINT ( 'NONE', #5720 ) ;
#6573 = CARTESIAN_POINT ( 'NONE',  ( 0.000000000000000000, 0.000000000000000000, 0.000000000000000000 ) ) ;
#6574 = EDGE_CURVE ( 'NONE', #3093, #4728, #1975, .T. ) ;
#6575 = LINE ( 'NONE', #7982, #7984 ) ;
#6576 = ADVANCED_FACE ( 'NONE', ( #5074 ), #933, .T. ) ;
#6577 = CARTESIAN_POINT ( 'NONE',  ( 0.000000000000000000, 0.000000000000000000, 0.000000000000000000 ) ) ;
#6578 = VERTEX_POINT ( 'NONE', #8163 ) ;
#6579 = ORIENTED_EDGE ( 'NONE', *, *, #3762, .F. ) ;
#6580 = CARTESIAN_POINT ( 'NONE',  ( 0.000000000000000000, 2.220446049250313081E-13, 2.220446049250313081E-13 ) ) ;
#6581 = LINE ( 'NONE', #7098, #2392 ) ;
#6582 = CARTESIAN_POINT ( 'NONE',  ( 3.000000000000000888, 1.927758584904034622, 23.67063049093388472 ) ) ;
#6583 = CARTESIAN_POINT ( 'NONE',  ( 3.000000000000000888, 21.91639720942996661, -9.148034453285061929 ) ) ;
#6584 = EDGE_LOOP ( 'NONE', ( #7458, #480, #1387, #7062 ) ) ;
#6585 = AXIS2_PLACEMENT_3D ( 'NONE', #4226, #233, #2845 ) ;
#6586 = ORIENTED_EDGE ( 'NONE', *, *, #7468, .T. ) ;
#6587 = DIRECTION ( 'NONE',  ( -1.000000000000000000, 0.000000000000000000, 0.000000000000000000 ) ) ;
#6588 = CARTESIAN_POINT ( 'NONE',  ( 0.000000000000000000, -3.572989937012942541, 25.75332489039044503 ) ) ;
#6589 = CYLINDRICAL_SURFACE ( 'NONE', #5427, 9.999999999999998224 ) ;
#6590 = SHAPE_DEFINITION_REPRESENTATION ( #640, #7521 ) ;
#6591 = DIRECTION ( 'NONE',  ( -1.000000000000000000, 0.000000000000000000, -0.000000000000000000 ) ) ;
#6592 = DIRECTION ( 'NONE',  ( 0.000000000000000000, 0.3681245526846719240, 0.9297764858882536787 ) ) ;
#6593 = DIRECTION ( 'NONE',  ( 0.000000000000000000, 0.000000000000000000, 1.000000000000000000 ) ) ;
#6594 = AXIS2_PLACEMENT_3D ( 'NONE', #3559, #4095, #4179 ) ;
#6595 = VECTOR ( 'NONE', #3869, 1000.000000000000000 ) ;
#6596 = ORIENTED_EDGE ( 'NONE', *, *, #5660, .T. ) ;
#6597 = EDGE_CURVE ( 'NONE', #6901, #8059, #7199, .T. ) ;
#6598 = DIRECTION ( 'NONE',  ( 0.000000000000000000, 0.000000000000000000, 1.000000000000000000 ) ) ;
#6599 = CIRCLE ( 'NONE', #3421, 9.999999999999998224 ) ;
#6600 = VERTEX_POINT ( 'NONE', #2647 ) ;
#6601 = CARTESIAN_POINT ( 'NONE',  ( 3.000000000000000888, -22.37893697895722411, 7.146472439377552277 ) ) ;
#6602 = LINE ( 'NONE', #140, #6905 ) ;
#6603 = CYLINDRICAL_SURFACE ( 'NONE', #4429, 23.74900000000000233 ) ;
#6604 = DIRECTION ( 'NONE',  ( 0.000000000000000000, -0.9980267284282707818, -0.06279051952932435121 ) ) ;
#6605 = LINE ( 'NONE', #4765, #5300 ) ;
#6606 = VECTOR ( 'NONE', #1763, 1000.000000000000000 ) ;
#6607 = VERTEX_POINT ( 'NONE', #7048 ) ;
#6608 = ADVANCED_FACE ( 'NONE', ( #5886 ), #30, .T. ) ;
#6609 = ORIENTED_EDGE ( 'NONE', *, *, #41, .F. ) ;
#6610 = CARTESIAN_POINT ( 'NONE',  ( 0.000000000000000000, 3.572989937013127282, -25.75332489039042372 ) ) ;
#6611 = ORIENTED_EDGE ( 'NONE', *, *, #8025, .F. ) ;
#6612 = LINE ( 'NONE', #5884, #8133 ) ;
#6613 = ADVANCED_FACE ( 'NONE', ( #1150 ), #3808, .T. ) ;
#6614 = CARTESIAN_POINT ( 'NONE',  ( 3.000000000000000888, -23.09816287601903895, 4.285295834340716148 ) ) ;
#6615 = CIRCLE ( 'NONE', #5926, 9.999999999999998224 ) ;
#6616 = AXIS2_PLACEMENT_3D ( 'NONE', #47, #4569, #2 ) ;
#6617 = CARTESIAN_POINT ( 'NONE',  ( 3.000000000000000888, 21.01871904177735217, 11.05569766422844680 ) ) ;
#6618 = EDGE_CURVE ( 'NONE', #4260, #1046, #55, .T. ) ;
#6619 = AXIS2_PLACEMENT_3D ( 'NONE', #5090, #1719, #2318 ) ;
#6620 = EDGE_CURVE ( 'NONE', #938, #4141, #4466, .T. ) ;
#6621 = VERTEX_POINT ( 'NONE', #1320 ) ;
#6622 = ORIENTED_EDGE ( 'NONE', *, *, #1419, .F. ) ;
#6623 = DIRECTION ( 'NONE',  ( -1.000000000000000000, 0.000000000000000000, 0.000000000000000000 ) ) ;
#6624 = CYLINDRICAL_SURFACE ( 'NONE', #4602, 9.999999999999998224 ) ;
#6625 = PRODUCT_DEFINITION_SHAPE ( 'NONE', 'NONE',  #8520 ) ;
#6626 = CIRCLE ( 'NONE', #2352, 26.00000000000000000 ) ;
#6627 = DIRECTION ( 'NONE',  ( -1.000000000000000000, -0.000000000000000000, 0.000000000000000000 ) ) ;
#6628 = AXIS2_PLACEMENT_3D ( 'NONE', #3491, #7463, #3405 ) ;
#6629 = CARTESIAN_POINT ( 'NONE',  ( -12.69673203797372452, 10.00000000000000888, 9.700166218166828003 ) ) ;
#6630 = EDGE_CURVE ( 'NONE', #5191, #7179, #6105, .T. ) ;
#6631 = ORIENTED_EDGE ( 'NONE', *, *, #3242, .F. ) ;
#6632 = VECTOR ( 'NONE', #8416, 1000.000000000000227 ) ;
#6633 = ORIENTED_EDGE ( 'NONE', *, *, #5983, .F. ) ;
#6634 = DIRECTION ( 'NONE',  ( -1.000000000000000000, 0.000000000000000000, 0.000000000000000000 ) ) ;
#6635 = CARTESIAN_POINT ( 'NONE',  ( -2.050538145046632010, 10.00000000000000888, -15.85322226736041173 ) ) ;
#6636 = CALENDAR_DATE ( 2025, 7, 10 ) ;
#6637 = EDGE_CURVE ( 'NONE', #4038, #7155, #4599, .T. ) ;
#6638 = EDGE_CURVE ( 'NONE', #6971, #2044, #8156, .T. ) ;
#6639 = DIRECTION ( 'NONE',  ( -1.000000000000000000, 0.000000000000000000, 0.000000000000000000 ) ) ;
#6640 = DIRECTION ( 'NONE',  ( 0.000000000000000000, 0.000000000000000000, 1.000000000000000000 ) ) ;
#6641 = FACE_OUTER_BOUND ( 'NONE', #2421, .T. ) ;
#6642 = AXIS2_PLACEMENT_3D ( 'NONE', #1346, #7800, #750 ) ;
#6643 = VERTEX_POINT ( 'NONE', #8467 ) ;
#6644 = AXIS2_PLACEMENT_3D ( 'NONE', #1799, #3782, #3122 ) ;
#6645 = CARTESIAN_POINT ( 'NONE',  ( 0.000000000000000000, 0.000000000000000000, 0.000000000000000000 ) ) ;
#6646 = VECTOR ( 'NONE', #3567, 1000.000000000000000 ) ;
#6647 = ORIENTED_EDGE ( 'NONE', *, *, #6205, .T. ) ;
#6648 = FACE_OUTER_BOUND ( 'NONE', #1076, .T. ) ;
#6649 = LINE ( 'NONE', #7843, #3043 ) ;
#6650 = CARTESIAN_POINT ( 'NONE',  ( 12.69673203802745931, 10.00000000000000888, -9.700166218278072350 ) ) ;
#6651 = CARTESIAN_POINT ( 'NONE',  ( 3.000000000000000888, 19.77132294913407762, 12.68793432659416354 ) ) ;
#6652 = AXIS2_PLACEMENT_3D ( 'NONE', #5128, #5080, #5725 ) ;
#6653 = AXIS2_PLACEMENT_3D ( 'NONE', #2376, #1764, #3700 ) ;
#6654 = VERTEX_POINT ( 'NONE', #1968 ) ;
#6655 = VERTEX_POINT ( 'NONE', #5928 ) ;
#6656 = LINE ( 'NONE', #2554, #7699 ) ;
#6657 = ORIENTED_EDGE ( 'NONE', *, *, #2300, .T. ) ;
#6658 = DIRECTION ( 'NONE',  ( -1.000000000000000000, -0.000000000000000000, -0.000000000000000000 ) ) ;
#6659 = CARTESIAN_POINT ( 'NONE',  ( 0.000000000000000000, -12.80251323316816148, 22.62953059421591817 ) ) ;
#6660 = EDGE_CURVE ( 'NONE', #4974, #7420, #588, .T. ) ;
#6661 = CARTESIAN_POINT ( 'NONE',  ( -12.69673203797372452, 7.000000000000008882, 9.700166218166828003 ) ) ;
#6662 = EDGE_CURVE ( 'NONE', #7902, #575, #5699, .T. ) ;
#6663 = CIRCLE ( 'NONE', #1302, 17.50000000000000355 ) ;
#6664 = ORIENTED_EDGE ( 'NONE', *, *, #553, .F. ) ;
#6665 = ORIENTED_EDGE ( 'NONE', *, *, #4897, .F. ) ;
#6666 = CYLINDRICAL_SURFACE ( 'NONE', #825, 17.50000000000000355 ) ;
#6667 = VERTEX_POINT ( 'NONE', #5120 ) ;
#6668 = LINE ( 'NONE', #7395, #7350 ) ;
#6669 = EDGE_CURVE ( 'NONE', #8109, #7232, #8018, .T. ) ;
#6670 = CARTESIAN_POINT ( 'NONE',  ( 3.000000000000000888, 22.23862650171306399, -8.334176163083276023 ) ) ;
#6671 = EDGE_CURVE ( 'NONE', #6985, #4295, #1288, .T. ) ;
#6672 = CARTESIAN_POINT ( 'NONE',  ( 1.959434878635765230E-16, 7.000000000000008882, -1.600000000000000089 ) ) ;
#6673 = ORIENTED_EDGE ( 'NONE', *, *, #2254, .F. ) ;
#6674 = VERTEX_POINT ( 'NONE', #4546 ) ;
#6675 = DIRECTION ( 'NONE',  ( -1.000000000000000000, -0.000000000000000000, 0.000000000000000000 ) ) ;
#6676 = DIRECTION ( 'NONE',  ( -1.000000000000000000, -0.000000000000000000, 0.000000000000000000 ) ) ;
#6677 = DATE_AND_TIME ( #1424, #1181 ) ;
#6678 = EDGE_CURVE ( 'NONE', #1272, #4771, #672, .T. ) ;
#6679 = DIRECTION ( 'NONE',  ( -1.000000000000000000, -0.000000000000000000, 0.000000000000000000 ) ) ;
#6680 = DIRECTION ( 'NONE',  ( 0.000000000000000000, 0.000000000000000000, 1.000000000000000000 ) ) ;
#6681 = ADVANCED_FACE ( 'NONE', ( #3203 ), #3282, .T. ) ;
#6682 = DIRECTION ( 'NONE',  ( -1.000000000000000000, 0.000000000000000000, 0.000000000000000000 ) ) ;
#6683 = VERTEX_POINT ( 'NONE', #7129 ) ;
#6684 = DIRECTION ( 'NONE',  ( -1.000000000000000000, -0.000000000000000000, 0.000000000000000000 ) ) ;
#6685 = EDGE_LOOP ( 'NONE', ( #1689, #6733, #1936, #5449 ) ) ;
#6686 = CARTESIAN_POINT ( 'NONE',  ( 0.000000000000000000, -21.91639720942976766, -9.148034453285532663 ) ) ;
#6687 = DIRECTION ( 'NONE',  ( 0.000000000000000000, -0.9822872507286903865, 0.1873813145857151086 ) ) ;
#6688 = FACE_OUTER_BOUND ( 'NONE', #1709, .T. ) ;
#6689 = DIRECTION ( 'NONE',  ( -1.000000000000000000, 0.000000000000000000, 0.000000000000000000 ) ) ;
#6690 = AXIS2_PLACEMENT_3D ( 'NONE', #3267, #2584, #5914 ) ;
#6691 = ORIENTED_EDGE ( 'NONE', *, *, #2139, .F. ) ;
#6692 = ORIENTED_EDGE ( 'NONE', *, *, #87, .T. ) ;
#6693 = ORIENTED_EDGE ( 'NONE', *, *, #3828, .F. ) ;
#6694 = DIRECTION ( 'NONE',  ( -1.000000000000000000, -0.000000000000000000, 0.000000000000000000 ) ) ;
#6695 = ORIENTED_EDGE ( 'NONE', *, *, #2644, .F. ) ;
#6696 = DIRECTION ( 'NONE',  ( 0.000000000000000000, 0.000000000000000000, 1.000000000000000000 ) ) ;
#6697 = DIRECTION ( 'NONE',  ( -1.000000000000000000, -0.000000000000000000, 0.000000000000000000 ) ) ;
#6698 = LOCAL_TIME ( 18, 30, 54.00000000000000000, #1067 ) ;
#6699 = ORIENTED_EDGE ( 'NONE', *, *, #235, .T. ) ;
#6700 = EDGE_CURVE ( 'NONE', #3426, #4829, #3480, .T. ) ;
#6701 = ORIENTED_EDGE ( 'NONE', *, *, #667, .T. ) ;
#6702 = CYLINDRICAL_SURFACE ( 'NONE', #8374, 9.999999999999998224 ) ;
#6703 = EDGE_LOOP ( 'NONE', ( #1884, #6665, #506, #6718 ) ) ;
#6704 = DIRECTION ( 'NONE',  ( 1.000000000000000000, 0.000000000000000000, -0.000000000000000000 ) ) ;
#6705 = EDGE_CURVE ( 'NONE', #6781, #7444, #3202, .T. ) ;
#6706 = CARTESIAN_POINT ( 'NONE',  ( 3.000000000000000888, 11.21328339503299532, -20.64342907894905466 ) ) ;
#6707 = FACE_OUTER_BOUND ( 'NONE', #3207, .T. ) ;
#6708 = ORIENTED_EDGE ( 'NONE', *, *, #5782, .F. ) ;
#6709 = EDGE_CURVE ( 'NONE', #891, #571, #2520, .T. ) ;
#6710 = ORIENTED_EDGE ( 'NONE', *, *, #1882, .F. ) ;
#6711 = CARTESIAN_POINT ( 'NONE',  ( 1.500000000000000444, -24.82361017592218033, -7.732294474077717972 ) ) ;
#6712 = CYLINDRICAL_SURFACE ( 'NONE', #4875, 9.999999999999998224 ) ;
#6713 = PERSON_AND_ORGANIZATION ( #1044, #909 ) ;
#6714 = EDGE_CURVE ( 'NONE', #4160, #6417, #1983, .T. ) ;
#6715 = DIRECTION ( 'NONE',  ( -1.000000000000000000, 0.000000000000000000, -0.000000000000000000 ) ) ;
#6716 = CARTESIAN_POINT ( 'NONE',  ( 3.000000000000000888, -5.957267827074244515, -22.72443285698079052 ) ) ;
#6717 = DIRECTION ( 'NONE',  ( -1.000000000000000000, 0.000000000000000000, 0.000000000000000000 ) ) ;
#6718 = ORIENTED_EDGE ( 'NONE', *, *, #2758, .T. ) ;
#6719 = EDGE_CURVE ( 'NONE', #4974, #4164, #7343, .T. ) ;
#6720 = ADVANCED_FACE ( 'NONE', ( #5616 ), #5539, .T. ) ;
#6721 = CARTESIAN_POINT ( 'NONE',  ( 3.000000000000000888, 0.3170683606146962874, -25.99806661378297790 ) ) ;
#6722 = ORIENTED_EDGE ( 'NONE', *, *, #6922, .T. ) ;
#6723 = DIRECTION ( 'NONE',  ( -1.000000000000000000, 0.000000000000000000, -0.000000000000000000 ) ) ;
#6724 = DIRECTION ( 'NONE',  ( -1.000000000000000000, -0.000000000000000000, -0.000000000000000000 ) ) ;
#6725 = VECTOR ( 'NONE', #352, 1000.000000000000000 ) ;
#6726 = CARTESIAN_POINT ( 'NONE',  ( 0.000000000000000000, 18.95282963369271556, -14.31101847794975690 ) ) ;
#6727 = DIRECTION ( 'NONE',  ( -0.2208460528671439826, 0.000000000000000000, -0.9753086798203954855 ) ) ;
#6728 = ORIENTED_EDGE ( 'NONE', *, *, #2557, .T. ) ;
#6729 = VERTEX_POINT ( 'NONE', #324 ) ;
#6730 = CIRCLE ( 'NONE', #1505, 9.999999999999998224 ) ;
#6731 = ORIENTED_EDGE ( 'NONE', *, *, #6961, .T. ) ;
#6732 = ORIENTED_EDGE ( 'NONE', *, *, #2591, .T. ) ;
#6733 = ORIENTED_EDGE ( 'NONE', *, *, #1899, .F. ) ;
#6734 = CARTESIAN_POINT ( 'NONE',  ( 3.000000000000000888, 21.30678187720822692, 9.894944904949857900 ) ) ;
#6735 = SHAPE_REPRESENTATION ( 'servo_adapter', ( #4766 ), #4775 ) ;
#6736 = DIRECTION ( 'NONE',  ( -1.000000000000000000, 0.000000000000000000, 0.000000000000000000 ) ) ;
#6737 = CIRCLE ( 'NONE', #7691, 9.999999999999998224 ) ;
#6738 = CIRCLE ( 'NONE', #673, 9.999999999999998224 ) ;
#6739 = ORIENTED_EDGE ( 'NONE', *, *, #130, .F. ) ;
#6740 = ORIENTED_EDGE ( 'NONE', *, *, #1711, .F. ) ;
#6741 = CIRCLE ( 'NONE', #3851, 10.00000000000000000 ) ;
#6742 = CARTESIAN_POINT ( 'NONE',  ( 3.000000000000000888, -23.10781753700502250, 5.481219725251234465 ) ) ;
#6743 = CARTESIAN_POINT ( 'NONE',  ( 0.000000000000000000, -24.82361017592229402, 7.732294474077365365 ) ) ;
#6744 = ORIENTED_EDGE ( 'NONE', *, *, #245, .F. ) ;
#6745 = FACE_OUTER_BOUND ( 'NONE', #3625, .T. ) ;
#6746 = DIRECTION ( 'NONE',  ( -1.000000000000000000, 0.000000000000000000, 0.000000000000000000 ) ) ;
#6747 = CYLINDRICAL_SURFACE ( 'NONE', #7141, 9.999999999999998224 ) ;
#6748 = AXIS2_PLACEMENT_3D ( 'NONE', #12, #4013, #3263 ) ;
#6749 = CIRCLE ( 'NONE', #1257, 23.74900000000000588 ) ;
#6750 = ORIENTED_EDGE ( 'NONE', *, *, #6618, .T. ) ;
#6751 = VERTEX_POINT ( 'NONE', #363 ) ;
#6752 = AXIS2_PLACEMENT_3D ( 'NONE', #209, #2219, #1016 ) ;
#6753 = CIRCLE ( 'NONE', #6357, 10.00000000000000178 ) ;
#6754 = DIRECTION ( 'NONE',  ( 0.000000000000000000, -0.6845471059286792892, -0.7289686274214204342 ) ) ;
#6755 = DIRECTION ( 'NONE',  ( -1.000000000000000000, 0.000000000000000000, 0.000000000000000000 ) ) ;
#6756 = CALENDAR_DATE ( 2025, 7, 10 ) ;
#6757 = DIRECTION ( 'NONE',  ( 0.000000000000000000, -0.1253332335643113360, 0.9921147013144768767 ) ) ;
#6758 = DIRECTION ( 'NONE',  ( -1.000000000000000000, -0.000000000000000000, -0.000000000000000000 ) ) ;
#6759 = PLANE ( 'NONE',  #7067 ) ;
#6760 = EDGE_CURVE ( 'NONE', #7040, #7217, #4643, .T. ) ;
#6761 = AXIS2_PLACEMENT_3D ( 'NONE', #1138, #6272, #8233 ) ;
#6762 = CIRCLE ( 'NONE', #6900, 10.00000000000000000 ) ;
#6763 = AXIS2_PLACEMENT_3D ( 'NONE', #781, #6203, #1589 ) ;
#6764 = ORIENTED_EDGE ( 'NONE', *, *, #4399, .F. ) ;
#6765 = EDGE_CURVE ( 'NONE', #217, #4284, #958, .T. ) ;
#6766 = DIRECTION ( 'NONE',  ( -1.000000000000000000, 0.000000000000000000, 0.000000000000000000 ) ) ;
#6767 = VERTEX_POINT ( 'NONE', #1451 ) ;
#6768 = CARTESIAN_POINT ( 'NONE',  ( 3.000000000000000888, 0.000000000000000000, 0.000000000000000000 ) ) ;
#6769 = CARTESIAN_POINT ( 'NONE',  ( 0.000000000000000000, 0.000000000000000000, 0.000000000000000000 ) ) ;
#6770 = AXIS2_PLACEMENT_3D ( 'NONE', #5194, #4016, #3404 ) ;
#6771 = CARTESIAN_POINT ( 'NONE',  ( 0.000000000000000000, 23.43820135222874157, -1.593614133755375750 ) ) ;
#6772 = DIRECTION ( 'NONE',  ( -1.000000000000000000, 0.000000000000000000, 0.000000000000000000 ) ) ;
#6773 = EDGE_CURVE ( 'NONE', #2457, #4488, #4039, .T. ) ;
#6774 = EDGE_CURVE ( 'NONE', #3048, #6060, #3571, .T. ) ;
#6775 = ORIENTED_EDGE ( 'NONE', *, *, #2745, .T. ) ;
#6776 = ORIENTED_EDGE ( 'NONE', *, *, #2612, .T. ) ;
#6777 = CIRCLE ( 'NONE', #5955, 26.00000000000000000 ) ;
#6778 = AXIS2_PLACEMENT_3D ( 'NONE', #996, #5408, #3616 ) ;
#6779 = AXIS2_PLACEMENT_3D ( 'NONE', #2657, #3291, #7268 ) ;
#6780 = VERTEX_POINT ( 'NONE', #4269 ) ;
#6781 = VERTEX_POINT ( 'NONE', #7261 ) ;
#6782 = ORIENTED_EDGE ( 'NONE', *, *, #6719, .F. ) ;
#6783 = LINE ( 'NONE', #4940, #6087 ) ;
#6784 = CYLINDRICAL_SURFACE ( 'NONE', #3293, 23.74900000000000233 ) ;
#6785 = CIRCLE ( 'NONE', #7341, 9.999999999999998224 ) ;
#6786 = EDGE_CURVE ( 'NONE', #2204, #2856, #2885, .T. ) ;
#6787 = ORIENTED_EDGE ( 'NONE', *, *, #5729, .T. ) ;
#6788 = CC_DESIGN_DATE_AND_TIME_ASSIGNMENT ( #817, #6071, ( #5322 ) ) ;
#6789 = CIRCLE ( 'NONE', #4746, 9.999999999999998224 ) ;
#6790 = VERTEX_POINT ( 'NONE', #3984 ) ;
#6791 = AXIS2_PLACEMENT_3D ( 'NONE', #6661, #7945, #764 ) ;
#6792 = DIRECTION ( 'NONE',  ( -1.000000000000000000, 0.000000000000000000, -0.000000000000000000 ) ) ;
#6793 = CARTESIAN_POINT ( 'NONE',  ( 3.000000000000000888, -18.95282963369240292, -14.31101847795017434 ) ) ;
#6794 = VERTEX_POINT ( 'NONE', #1404 ) ;
#6795 = DIRECTION ( 'NONE',  ( 0.000000000000000000, -0.8443279255020087470, -0.5358267949790065376 ) ) ;
#6796 = CARTESIAN_POINT ( 'NONE',  ( -4.051352821171860796, 7.000000000000008882, 7.017148925649419056 ) ) ;
#6797 = CARTESIAN_POINT ( 'NONE',  ( 3.000000000000000888, 2.826494134736508901, 23.32165987963168874 ) ) ;
#6798 = CIRCLE ( 'NONE', #5973, 10.00000000000000178 ) ;
#6799 = CIRCLE ( 'NONE', #2661, 10.00000000000000000 ) ;
#6800 = ORIENTED_EDGE ( 'NONE', *, *, #836, .F. ) ;
#6801 = ORIENTED_EDGE ( 'NONE', *, *, #4816, .T. ) ;
#6802 = CARTESIAN_POINT ( 'NONE',  ( 3.000000000000000888, 0.000000000000000000, 0.000000000000000000 ) ) ;
#6803 = CYLINDRICAL_SURFACE ( 'NONE', #4037, 26.00000000000000000 ) ;
#6804 = APPLICATION_PROTOCOL_DEFINITION ( 'international standard', 'config_control_design', 1994, #8196 ) ;
#6805 = PLANE ( 'NONE',  #589 ) ;
#6806 = CARTESIAN_POINT ( 'NONE',  ( 0.000000000000000000, -12.35365805879565748, -20.28305040092227429 ) ) ;
#6807 = CYLINDRICAL_SURFACE ( 'NONE', #6235, 9.999999999999998224 ) ;
#6808 = EDGE_LOOP ( 'NONE', ( #1142, #8067, #1167, #7345 ) ) ;
#6809 = CYLINDRICAL_SURFACE ( 'NONE', #5528, 9.999999999999998224 ) ;
#6810 = EDGE_CURVE ( 'NONE', #5116, #7529, #7508, .T. ) ;
#6811 = ORIENTED_EDGE ( 'NONE', *, *, #8029, .F. ) ;
#6812 = CARTESIAN_POINT ( 'NONE',  ( -10.00000000000000000, 0.000000000000000000, 0.000000000000000000 ) ) ;
#6813 = CARTESIAN_POINT ( 'NONE',  ( 1.500000000000000444, -6.158349177668043239, -25.26014123883545182 ) ) ;
#6814 =( LENGTH_UNIT ( ) NAMED_UNIT ( * ) SI_UNIT ( .MILLI., .METRE. ) );
#6815 = DIRECTION ( 'NONE',  ( 0.000000000000000000, -0.1253332335643113082, 0.9921147013144767657 ) ) ;
#6816 = CARTESIAN_POINT ( 'NONE',  ( -10.00000000000000000, 0.000000000000000000, 26.00000000000000000 ) ) ;
#6817 = EDGE_CURVE ( 'NONE', #4403, #5619, #276, .T. ) ;
#6818 = CYLINDRICAL_SURFACE ( 'NONE', #6382, 9.999999999999998224 ) ;
#6819 = ORIENTED_EDGE ( 'NONE', *, *, #6413, .F. ) ;
#6820 = ORIENTED_EDGE ( 'NONE', *, *, #6100, .F. ) ;
#6821 = VERTEX_POINT ( 'NONE', #8186 ) ;
#6822 = ADVANCED_FACE ( 'NONE', ( #3330 ), #2690, .F. ) ;
#6823 = VERTEX_POINT ( 'NONE', #112 ) ;
#6824 = CARTESIAN_POINT ( 'NONE',  ( 3.000000000000000888, 0.000000000000000000, 0.000000000000000000 ) ) ;
#6825 = CYLINDRICAL_SURFACE ( 'NONE', #1105, 9.999999999999998224 ) ;
#6826 = PRODUCT_DEFINITION_FORMATION_WITH_SPECIFIED_SOURCE ( 'ANY', '', #2766, .NOT_KNOWN. ) ;
#6827 = ORIENTED_EDGE ( 'NONE', *, *, #7659, .T. ) ;
#6828 = EDGE_CURVE ( 'NONE', #630, #2459, #7891, .T. ) ;
#6829 = EDGE_LOOP ( 'NONE', ( #1903, #1234, #472, #5432 ) ) ;
#6830 = EDGE_CURVE ( 'NONE', #5124, #868, #2728, .T. ) ;
#6831 = CARTESIAN_POINT ( 'NONE',  ( 0.000000000000000000, 19.77132294913425170, -12.68793432659388110 ) ) ;
#6832 = ORIENTED_EDGE ( 'NONE', *, *, #3278, .T. ) ;
#6833 = DIRECTION ( 'NONE',  ( -1.000000000000000000, -0.000000000000000000, 0.000000000000000000 ) ) ;
#6834 = LINE ( 'NONE', #6670, #3044 ) ;
#6835 = CARTESIAN_POINT ( 'NONE',  ( 0.000000000000000000, 8.537555587897360354, 21.88604654154067930 ) ) ;
#6836 = VERTEX_POINT ( 'NONE', #5378 ) ;
#6837 = ORIENTED_EDGE ( 'NONE', *, *, #924, .T. ) ;
#6838 = DIRECTION ( 'NONE',  ( 0.000000000000000000, -0.9510565162951565288, 0.3090169943749382364 ) ) ;
#6839 = DIRECTION ( 'NONE',  ( 0.000000000000000000, 0.9048270524660205760, -0.4257792915650703836 ) ) ;
#6840 = PERSON_AND_ORGANIZATION ( #2466, #7510 ) ;
#6841 = DIRECTION ( 'NONE',  ( -1.000000000000000000, 0.000000000000000000, -0.000000000000000000 ) ) ;
#6842 = CARTESIAN_POINT ( 'NONE',  ( 0.000000000000000000, -19.46733382657888356, 13.60286420885461212 ) ) ;
#6843 = DIRECTION ( 'NONE',  ( 0.000000000000000000, 0.9822872507286893873, -0.1873813145857213813 ) ) ;
#6844 = ADVANCED_FACE ( 'NONE', ( #7352 ), #6818, .T. ) ;
#6845 = ORIENTED_EDGE ( 'NONE', *, *, #1497, .F. ) ;
#6846 = CARTESIAN_POINT ( 'NONE',  ( 3.000000000000000888, -6.921355658526376686, 22.71805090337164756 ) ) ;
#6847 = ORIENTED_EDGE ( 'NONE', *, *, #1613, .T. ) ;
#6848 = CARTESIAN_POINT ( 'NONE',  ( 15.14952443981643171, 10.00000000000000888, 8.746582013347659057 ) ) ;
#6849 = CARTESIAN_POINT ( 'NONE',  ( 0.000000000000000000, -6.921355658526374022, 22.71805090337164046 ) ) ;
#6850 = DIRECTION ( 'NONE',  ( -1.000000000000000000, 0.000000000000000000, -0.000000000000000000 ) ) ;
#6851 = CYLINDRICAL_SURFACE ( 'NONE', #2604, 9.999999999999998224 ) ;
#6852 = DIRECTION ( 'NONE',  ( 0.000000000000000000, 0.000000000000000000, 1.000000000000000000 ) ) ;
#6853 = EDGE_CURVE ( 'NONE', #1986, #2963, #4448, .T. ) ;
#6854 = ORIENTED_EDGE ( 'NONE', *, *, #1639, .F. ) ;
#6855 = ORIENTED_EDGE ( 'NONE', *, *, #3610, .T. ) ;
#6856 = ORIENTED_EDGE ( 'NONE', *, *, #6310, .T. ) ;
#6857 = EDGE_LOOP ( 'NONE', ( #6414, #2724, #4368, #265 ) ) ;
#6858 = DIRECTION ( 'NONE',  ( -1.000000000000000000, 0.000000000000000000, 0.000000000000000000 ) ) ;
#6859 = DIRECTION ( 'NONE',  ( 0.7342190668223463890, 0.000000000000000000, 0.6789126320186734675 ) ) ;
#6860 = VECTOR ( 'NONE', #7607, 1000.000000000000000 ) ;
#6861 = EDGE_CURVE ( 'NONE', #1207, #8373, #4312, .T. ) ;
#6862 = AXIS2_PLACEMENT_3D ( 'NONE', #1944, #4573, #1298 ) ;
#6863 = CIRCLE ( 'NONE', #3575, 9.999999999999998224 ) ;
#6864 = EDGE_LOOP ( 'NONE', ( #1935, #1482, #5986, #2031 ) ) ;
#6865 = EDGE_CURVE ( 'NONE', #7909, #6172, #525, .T. ) ;
#6866 = EDGE_LOOP ( 'NONE', ( #6351, #2711, #1995, #1783 ) ) ;
#6867 = CARTESIAN_POINT ( 'NONE',  ( 0.000000000000000000, 6.158349177668567265, -25.26014123883532037 ) ) ;
#6868 = AXIS2_PLACEMENT_3D ( 'NONE', #805, #6623, #5979 ) ;
#6869 = CIRCLE ( 'NONE', #8101, 10.00000000000000000 ) ;
#6870 = FACE_OUTER_BOUND ( 'NONE', #6983, .T. ) ;
#6871 = CARTESIAN_POINT ( 'NONE',  ( -10.00000000000000000, 0.000000000000000000, 0.000000000000000000 ) ) ;
#6872 = CARTESIAN_POINT ( 'NONE',  ( 0.000000000000000000, 7.000000000000008882, 0.000000000000000000 ) ) ;
#6873 = EDGE_CURVE ( 'NONE', #2420, #3261, #601, .T. ) ;
#6874 = EDGE_CURVE ( 'NONE', #3730, #3523, #5430, .T. ) ;
#6875 = ORIENTED_EDGE ( 'NONE', *, *, #5517, .F. ) ;
#6876 = ORIENTED_EDGE ( 'NONE', *, *, #4987, .F. ) ;
#6877 = DIRECTION ( 'NONE',  ( -0.9753086798204005925, 0.000000000000000000, 0.2208460528671212786 ) ) ;
#6878 = CARTESIAN_POINT ( 'NONE',  ( 0.000000000000000000, 0.000000000000000000, 0.000000000000000000 ) ) ;
#6879 = DATE_AND_TIME ( #430, #272 ) ;
#6880 = DIRECTION ( 'NONE',  ( -1.000000000000000000, -0.000000000000000000, -0.000000000000000000 ) ) ;
#6881 = DIRECTION ( 'NONE',  ( -0.000000000000000000, -1.000000000000000000, -0.000000000000000000 ) ) ;
#6882 = AXIS2_PLACEMENT_3D ( 'NONE', #5000, #1834, #3373 ) ;
#6883 = CARTESIAN_POINT ( 'NONE',  ( 3.000000000000000888, -21.30678187720829442, 9.894944904949715792 ) ) ;
#6884 = EDGE_CURVE ( 'NONE', #6524, #8023, #3056, .T. ) ;
#6885 = ORIENTED_EDGE ( 'NONE', *, *, #4246, .T. ) ;
#6886 = CIRCLE ( 'NONE', #4982, 9.999999999999998224 ) ;
#6887 = APPROVAL ( #2234, 'UNSPECIFIED' ) ;
#6888 = CARTESIAN_POINT ( 'NONE',  ( 3.000000000000000888, 0.000000000000000000, 0.000000000000000000 ) ) ;
#6889 = ORIENTED_EDGE ( 'NONE', *, *, #7926, .F. ) ;
#6890 = CARTESIAN_POINT ( 'NONE',  ( 3.000000000000000888, 0.000000000000000000, 0.000000000000000000 ) ) ;
#6891 = CARTESIAN_POINT ( 'NONE',  ( 0.000000000000000000, 0.000000000000000000, 0.000000000000000000 ) ) ;
#6892 = COORDINATED_UNIVERSAL_TIME_OFFSET ( 7, 0, .AHEAD. ) ;
#6893 = DIRECTION ( 'NONE',  ( 0.000000000000000000, 0.000000000000000000, 1.000000000000000000 ) ) ;
#6894 = FACE_OUTER_BOUND ( 'NONE', #7513, .T. ) ;
#6895 = CARTESIAN_POINT ( 'NONE',  ( 1.499999999999999556, 6.158349177668208441, 25.26014123883541274 ) ) ;
#6896 = CIRCLE ( 'NONE', #1801, 26.00000000000000000 ) ;
#6897 = CIRCLE ( 'NONE', #3309, 23.74900000000000233 ) ;
#6898 = ORIENTED_EDGE ( 'NONE', *, *, #1193, .T. ) ;
#6899 = ORIENTED_EDGE ( 'NONE', *, *, #5035, .F. ) ;
#6900 = AXIS2_PLACEMENT_3D ( 'NONE', #27, #2010, #2091 ) ;
#6901 = VERTEX_POINT ( 'NONE', #7669 ) ;
#6902 = CARTESIAN_POINT ( 'NONE',  ( 0.000000000000000000, 0.000000000000000000, 0.000000000000000000 ) ) ;
#6903 = CARTESIAN_POINT ( 'NONE',  ( -15.14952443977879426, 10.00000000000000888, -8.746582013414050394 ) ) ;
#6904 = DIRECTION ( 'NONE',  ( -1.000000000000000000, 0.000000000000000000, -0.000000000000000000 ) ) ;
#6905 = VECTOR ( 'NONE', #1907, 1000.000000000000000 ) ;
#6906 = CIRCLE ( 'NONE', #323, 10.00000000000000178 ) ;
#6907 = ORIENTED_EDGE ( 'NONE', *, *, #366, .T. ) ;
#6908 = ORIENTED_EDGE ( 'NONE', *, *, #410, .F. ) ;
#6909 = ORIENTED_EDGE ( 'NONE', *, *, #39, .F. ) ;
#6910 = DIRECTION ( 'NONE',  ( -1.000000000000000000, -0.000000000000000000, -0.000000000000000000 ) ) ;
#6911 = AXIS2_PLACEMENT_3D ( 'NONE', #2484, #1115, #6331 ) ;
#6912 = EDGE_CURVE ( 'NONE', #3795, #2209, #5099, .T. ) ;
#6913 = CIRCLE ( 'NONE', #8149, 26.00000000000000000 ) ;
#6914 = FACE_OUTER_BOUND ( 'NONE', #3465, .T. ) ;
#6915 = DIRECTION ( 'NONE',  ( -1.000000000000000000, -0.000000000000000000, 0.000000000000000000 ) ) ;
#6916 = EDGE_CURVE ( 'NONE', #4025, #6984, #568, .T. ) ;
#6917 = CARTESIAN_POINT ( 'NONE',  ( 0.000000000000000000, -10.50612486395248979, 21.29874036986787189 ) ) ;
#6918 = CIRCLE ( 'NONE', #3896, 23.74900000000000588 ) ;
#6919 = AXIS2_PLACEMENT_3D ( 'NONE', #4192, #3374, #6014 ) ;
#6920 = ORIENTED_EDGE ( 'NONE', *, *, #4682, .T. ) ;
#6921 = ORIENTED_EDGE ( 'NONE', *, *, #5972, .F. ) ;
#6922 = EDGE_CURVE ( 'NONE', #6836, #2171, #1696, .T. ) ;
#6923 = CARTESIAN_POINT ( 'NONE',  ( 3.000000000000000888, -12.24681498829422921, 22.93502828955071848 ) ) ;
#6924 = CARTESIAN_POINT ( 'NONE',  ( 0.000000000000000000, -12.35365805879594525, 20.28305040092210021 ) ) ;
#6925 = APPROVAL_ROLE ( '' ) ;
#6926 = AXIS2_PLACEMENT_3D ( 'NONE', #212, #4121, #7360 ) ;
#6927 = DIRECTION ( 'NONE',  ( -1.000000000000000000, -0.000000000000000000, 0.000000000000000000 ) ) ;
#6928 = DIRECTION ( 'NONE',  ( 0.000000000000000000, 0.9980267284282712259, 0.06279051952931692659 ) ) ;
#6929 = DIRECTION ( 'NONE',  ( 0.000000000000000000, 0.000000000000000000, 1.000000000000000000 ) ) ;
#6930 = ORIENTED_EDGE ( 'NONE', *, *, #5405, .F. ) ;
#6931 = VECTOR ( 'NONE', #4948, 1000.000000000000000 ) ;
#6932 = VERTEX_POINT ( 'NONE', #6943 ) ;
#6933 = AXIS2_PLACEMENT_3D ( 'NONE', #6306, #405, #6399 ) ;
#6934 = CARTESIAN_POINT ( 'NONE',  ( 0.000000000000000000, 0.000000000000000000, 0.000000000000000000 ) ) ;
#6935 = ADVANCED_FACE ( 'NONE', ( #7023 ), #489, .T. ) ;
#6936 = EDGE_LOOP ( 'NONE', ( #1802, #6405, #6921, #7106 ) ) ;
#6937 = EDGE_CURVE ( 'NONE', #1893, #7331, #1684, .T. ) ;
#6938 = DIRECTION ( 'NONE',  ( 0.000000000000000000, 0.000000000000000000, -1.000000000000000000 ) ) ;
#6939 = FACE_OUTER_BOUND ( 'NONE', #7915, .T. ) ;
#6940 = DATE_AND_TIME ( #997, #3514 ) ;
#6941 = CARTESIAN_POINT ( 'NONE',  ( 1.500000000000000444, 3.572989937013125505, -25.75332489039042372 ) ) ;
#6942 = CARTESIAN_POINT ( 'NONE',  ( 1.061049529590555096, 10.00000000000000888, -17.46780392309679897 ) ) ;
#6943 = CARTESIAN_POINT ( 'NONE',  ( 3.000000000000000888, 22.89013261011094968, -6.329046538897904917 ) ) ;
#6944 = ORIENTED_EDGE ( 'NONE', *, *, #1723, .T. ) ;
#6945 = ORIENTED_EDGE ( 'NONE', *, *, #1647, .T. ) ;
#6946 = ORIENTED_EDGE ( 'NONE', *, *, #6853, .T. ) ;
#6947 = LINE ( 'NONE', #6270, #3286 ) ;
#6948 = DIRECTION ( 'NONE',  ( -1.000000000000000000, 0.000000000000000000, 0.000000000000000000 ) ) ;
#6949 = CARTESIAN_POINT ( 'NONE',  ( 3.000000000000000888, -21.01871904177743744, 11.05569766422829936 ) ) ;
#6950 = CYLINDRICAL_SURFACE ( 'NONE', #570, 26.00000000000000000 ) ;
#6951 = ORIENTED_EDGE ( 'NONE', *, *, #6363, .T. ) ;
#6952 = ORIENTED_EDGE ( 'NONE', *, *, #5199, .T. ) ;
#6953 = CC_DESIGN_APPROVAL ( #8305, ( #7114 ) ) ;
#6954 = DIRECTION ( 'NONE',  ( -1.000000000000000000, 0.000000000000000000, 0.000000000000000000 ) ) ;
#6955 = AXIS2_PLACEMENT_3D ( 'NONE', #3694, #1598, #4931 ) ;
#6956 = VERTEX_POINT ( 'NONE', #1043 ) ;
#6957 = CARTESIAN_POINT ( 'NONE',  ( -14.74895638488504801, 10.00000000000000888, -6.145609380897365526 ) ) ;
#6958 = DIRECTION ( 'NONE',  ( 0.000000000000000000, 0.000000000000000000, 1.000000000000000000 ) ) ;
#6959 = CARTESIAN_POINT ( 'NONE',  ( 0.000000000000000000, -0.3170683606141307953, -25.99806661378298145 ) ) ;
#6960 = CARTESIAN_POINT ( 'NONE',  ( 1.499999999999999556, -25.96667425510339555, 1.315989410804834669 ) ) ;
#6961 = EDGE_CURVE ( 'NONE', #2070, #5629, #1128, .T. ) ;
#6962 = ORIENTED_EDGE ( 'NONE', *, *, #7814, .T. ) ;
#6963 = ORIENTED_EDGE ( 'NONE', *, *, #5412, .T. ) ;
#6964 = CARTESIAN_POINT ( 'NONE',  ( 2.052224346939968136, 10.00000000000000888, 15.84577559900801624 ) ) ;
#6965 = SECURITY_CLASSIFICATION_LEVEL ( 'unclassified' ) ;
#6966 = DIRECTION ( 'NONE',  ( 0.000000000000000000, 0.000000000000000000, 1.000000000000000000 ) ) ;
#6967 = DIRECTION ( 'NONE',  ( 0.000000000000000000, 0.000000000000000000, 1.000000000000000000 ) ) ;
#6968 = DIRECTION ( 'NONE',  ( -1.000000000000000000, 0.000000000000000000, 0.000000000000000000 ) ) ;
#6969 = EDGE_CURVE ( 'NONE', #3657, #8373, #5705, .T. ) ;
#6970 = ORIENTED_EDGE ( 'NONE', *, *, #2709, .F. ) ;
#6971 = VERTEX_POINT ( 'NONE', #8395 ) ;
#6972 = EDGE_CURVE ( 'NONE', #5967, #281, #3343, .T. ) ;
#6973 = DIRECTION ( 'NONE',  ( 0.000000000000000000, 0.000000000000000000, 1.000000000000000000 ) ) ;
#6974 = ORIENTED_EDGE ( 'NONE', *, *, #7402, .T. ) ;
#6975 = DIRECTION ( 'NONE',  ( 1.000000000000000000, -0.000000000000000000, -0.000000000000000000 ) ) ;
#6976 = DIRECTION ( 'NONE',  ( -1.000000000000000000, 0.000000000000000000, 0.000000000000000000 ) ) ;
#6977 = CALENDAR_DATE ( 2025, 7, 10 ) ;
#6978 = CARTESIAN_POINT ( 'NONE',  ( 0.000000000000000000, 6.921355658526533894, -22.71805090337159427 ) ) ;
#6979 = CARTESIAN_POINT ( 'NONE',  ( 0.000000000000000000, -22.12078737453573751, -13.66275103815407377 ) ) ;
#6980 = CARTESIAN_POINT ( 'NONE',  ( 0.000000000000000000, -19.46733382657868461, -13.60286420885489278 ) ) ;
#6981 = EDGE_CURVE ( 'NONE', #8208, #5031, #6436, .T. ) ;
#6982 = EDGE_CURVE ( 'NONE', #4458, #4238, #745, .T. ) ;
#6983 = EDGE_LOOP ( 'NONE', ( #1096, #5106, #328, #5302 ) ) ;
#6984 = VERTEX_POINT ( 'NONE', #3829 ) ;
#6985 = VERTEX_POINT ( 'NONE', #1812 ) ;
#6986 = CARTESIAN_POINT ( 'NONE',  ( -2.050538145046632010, 10.00000000000000888, -15.85322226736041173 ) ) ;
#6987 = CARTESIAN_POINT ( 'NONE',  ( 3.000000000000000888, 0.000000000000000000, 0.000000000000000000 ) ) ;
#6988 = DIRECTION ( 'NONE',  ( -1.000000000000000000, 0.000000000000000000, 0.000000000000000000 ) ) ;
#6989 = CARTESIAN_POINT ( 'NONE',  ( 3.000000000000000888, 0.000000000000000000, 0.000000000000000000 ) ) ;
#6990 = EDGE_CURVE ( 'NONE', #1611, #1362, #4317, .T. ) ;
#6991 = ORIENTED_EDGE ( 'NONE', *, *, #8198, .T. ) ;
#6992 = DIRECTION ( 'NONE',  ( 0.000000000000000000, 0.000000000000000000, 1.000000000000000000 ) ) ;
#6993 = ORIENTED_EDGE ( 'NONE', *, *, #77, .F. ) ;
#6994 = DIRECTION ( 'NONE',  ( -1.000000000000000000, -0.000000000000000000, 0.000000000000000000 ) ) ;
#6995 = PRODUCT_DEFINITION ( 'UNKNOWN', '', #7114, #2007 ) ;
#6996 = DIRECTION ( 'NONE',  ( 0.000000000000000000, 0.000000000000000000, 1.000000000000000000 ) ) ;
#6997 = AXIS2_PLACEMENT_3D ( 'NONE', #3479, #6160, #7498 ) ;
#6998 = FACE_OUTER_BOUND ( 'NONE', #2556, .T. ) ;
#6999 = CIRCLE ( 'NONE', #3273, 10.00000000000000000 ) ;
#7000 = DIRECTION ( 'NONE',  ( 1.000000000000000000, 0.000000000000000000, 0.000000000000000000 ) ) ;
#7001 = ORIENTED_EDGE ( 'NONE', *, *, #3221, .T. ) ;
#7002 = AXIS2_PLACEMENT_3D ( 'NONE', #1970, #8422, #2522 ) ;
#7003 = CIRCLE ( 'NONE', #686, 26.00000000000000000 ) ;
#7004 = EDGE_LOOP ( 'NONE', ( #440, #1876, #5910, #5294 ) ) ;
#7005 = LINE ( 'NONE', #1712, #1426 ) ;
#7006 = PERSON_AND_ORGANIZATION ( #1044, #909 ) ;
#7007 = LINE ( 'NONE', #5603, #3740 ) ;
#7008 = DIRECTION ( 'NONE',  ( 0.000000000000000000, 0.000000000000000000, 1.000000000000000000 ) ) ;
#7009 = DIRECTION ( 'NONE',  ( -1.000000000000000000, -0.000000000000000000, -0.000000000000000000 ) ) ;
#7010 = CIRCLE ( 'NONE', #264, 9.999999999999998224 ) ;
#7011 = ORIENTED_EDGE ( 'NONE', *, *, #2337, .F. ) ;
#7012 = ORIENTED_EDGE ( 'NONE', *, *, #3540, .T. ) ;
#7013 = CARTESIAN_POINT ( 'NONE',  ( 0.000000000000000000, 2.943853573238277566, 25.83280329618394688 ) ) ;
#7014 = VERTEX_POINT ( 'NONE', #6980 ) ;
#7015 = VECTOR ( 'NONE', #844, 1000.000000000000000 ) ;
#7016 = CARTESIAN_POINT ( 'NONE',  ( 3.000000000000000888, -7.753840929970387208, -22.44756004185568798 ) ) ;
#7017 = DIRECTION ( 'NONE',  ( -0.000000000000000000, 1.000000000000000000, -0.000000000000000000 ) ) ;
#7018 = DIRECTION ( 'NONE',  ( 0.000000000000000000, 0.000000000000000000, 1.000000000000000000 ) ) ;
#7019 = AXIS2_PLACEMENT_3D ( 'NONE', #7236, #1334, #520 ) ;
#7020 = ADVANCED_FACE ( 'NONE', ( #399 ), #2327, .T. ) ;
#7021 = DIRECTION ( 'NONE',  ( 0.000000000000000000, 0.000000000000000000, 1.000000000000000000 ) ) ;
#7022 = DIRECTION ( 'NONE',  ( -1.000000000000000000, 0.000000000000000000, 0.000000000000000000 ) ) ;
#7023 = FACE_OUTER_BOUND ( 'NONE', #1805, .T. ) ;
#7024 = ADVANCED_FACE ( 'NONE', ( #5020 ), #7633, .T. ) ;
#7025 = VECTOR ( 'NONE', #1434, 1000.000000000000000 ) ;
#7026 = CIRCLE ( 'NONE', #3299, 10.00000000000000000 ) ;
#7027 = ORIENTED_EDGE ( 'NONE', *, *, #1201, .T. ) ;
#7028 = ORIENTED_EDGE ( 'NONE', *, *, #7089, .T. ) ;
#7029 = ORIENTED_EDGE ( 'NONE', *, *, #722, .T. ) ;
#7030 = CARTESIAN_POINT ( 'NONE',  ( 3.000000000000000888, -23.10781753700494434, -5.481219725251569308 ) ) ;
#7031 = CARTESIAN_POINT ( 'NONE',  ( 3.000000000000000888, 17.00973468965527857, -16.57359124594117716 ) ) ;
#7032 = CARTESIAN_POINT ( 'NONE',  ( 3.000000000000000888, 8.758419641788917076, -21.79860027646840592 ) ) ;
#7033 = ADVANCED_FACE ( 'NONE', ( #7154 ), #2069, .T. ) ;
#7034 = AXIS2_PLACEMENT_3D ( 'NONE', #2664, #2571, #4615 ) ;
#7035 = DIRECTION ( 'NONE',  ( 1.000000000000000000, 0.000000000000000000, 0.000000000000000000 ) ) ;
#7036 = ADVANCED_FACE ( 'NONE', ( #6641 ), #742, .T. ) ;
#7037 = CIRCLE ( 'NONE', #3583, 10.00000000000000000 ) ;
#7038 = AXIS2_PLACEMENT_3D ( 'NONE', #2462, #5109, #5623 ) ;
#7039 = CIRCLE ( 'NONE', #3589, 10.00000000000000178 ) ;
#7040 = VERTEX_POINT ( 'NONE', #3920 ) ;
#7041 = CARTESIAN_POINT ( 'NONE',  ( 1.499999999999999556, -3.572989937012589490, -25.75332489039049833 ) ) ;
#7042 = VERTEX_POINT ( 'NONE', #1256 ) ;
#7043 = DIRECTION ( 'NONE',  ( 0.000000000000000000, 0.000000000000000000, 1.000000000000000000 ) ) ;
#7044 = EDGE_CURVE ( 'NONE', #5532, #3777, #7900, .T. ) ;
#7045 = EDGE_CURVE ( 'NONE', #4210, #8060, #5995, .T. ) ;
#7046 = CIRCLE ( 'NONE', #3320, 10.00000000000000000 ) ;
#7047 = AXIS2_PLACEMENT_3D ( 'NONE', #2335, #2938, #1645 ) ;
#7048 = CARTESIAN_POINT ( 'NONE',  ( 3.000000000000000888, 24.82361017592223718, 7.732294474077540336 ) ) ;
#7049 = AXIS2_PLACEMENT_3D ( 'NONE', #2862, #6746, #7314 ) ;
#7050 = DIRECTION ( 'NONE',  ( -0.000000000000000000, 1.000000000000000000, -0.000000000000000000 ) ) ;
#7051 = APPROVAL ( #350, 'UNKNOWN' ) ;
#7052 = ORIENTED_EDGE ( 'NONE', *, *, #8329, .T. ) ;
#7053 = ORIENTED_EDGE ( 'NONE', *, *, #2829, .T. ) ;
#7054 = CIRCLE ( 'NONE', #5686, 10.00000000000000000 ) ;
#7055 = ORIENTED_EDGE ( 'NONE', *, *, #6828, .F. ) ;
#7056 = PLANE ( 'NONE',  #7060 ) ;
#7057 = CARTESIAN_POINT ( 'NONE',  ( 3.000000000000000888, 13.09272093277509974, -19.81402683899648309 ) ) ;
#7058 = CARTESIAN_POINT ( 'NONE',  ( 0.000000000000000000, 13.71217102453755388, 19.07525240799593647 ) ) ;
#7059 = CARTESIAN_POINT ( 'NONE',  ( 12.69673203802745931, 10.00000000000000888, -9.700166218278072350 ) ) ;
#7060 = AXIS2_PLACEMENT_3D ( 'NONE', #2402, #2479, #4425 ) ;
#7061 = VECTOR ( 'NONE', #2291, 1000.000000000000000 ) ;
#7062 = ORIENTED_EDGE ( 'NONE', *, *, #4384, .F. ) ;
#7063 = ORIENTED_EDGE ( 'NONE', *, *, #3121, .T. ) ;
#7064 = DIRECTION ( 'NONE',  ( -1.000000000000000000, -0.000000000000000000, 0.000000000000000000 ) ) ;
#7065 = CIRCLE ( 'NONE', #3342, 9.999999999999998224 ) ;
#7066 = ORIENTED_EDGE ( 'NONE', *, *, #1182, .F. ) ;
#7067 = AXIS2_PLACEMENT_3D ( 'NONE', #2280, #4924, #8049 ) ;
#7068 = CARTESIAN_POINT ( 'NONE',  ( 3.000000000000000888, -4.879274292603219543, 23.24236828246083419 ) ) ;
#7069 = DIRECTION ( 'NONE',  ( -1.000000000000000000, 0.000000000000000000, -0.000000000000000000 ) ) ;
#7070 = DATE_AND_TIME ( #3825, #1045 ) ;
#7071 = DIRECTION ( 'NONE',  ( -1.000000000000000000, 0.000000000000000000, -0.000000000000000000 ) ) ;
#7072 = DIRECTION ( 'NONE',  ( -1.000000000000000000, 0.000000000000000000, -0.000000000000000000 ) ) ;
#7073 = DIRECTION ( 'NONE',  ( 0.000000000000000000, 0.000000000000000000, 1.000000000000000000 ) ) ;
#7074 = VECTOR ( 'NONE', #1682, 1000.000000000000000 ) ;
#7075 = ORIENTED_EDGE ( 'NONE', *, *, #3070, .F. ) ;
#7076 = EDGE_CURVE ( 'NONE', #238, #1084, #7888, .T. ) ;
#7077 = EDGE_LOOP ( 'NONE', ( #8190, #2769, #1072, #2345 ) ) ;
#7078 = EDGE_LOOP ( 'NONE', ( #4783, #2167, #992, #6102 ) ) ;
#7079 = CARTESIAN_POINT ( 'NONE',  ( 3.000000000000000888, 22.23862650171306399, -8.334176163083276023 ) ) ;
#7080 = CARTESIAN_POINT ( 'NONE',  ( 3.000000000000000888, -6.772563327703954528, 25.10243784918587195 ) ) ;
#7081 = DIRECTION ( 'NONE',  ( -1.000000000000000000, -0.000000000000000000, 0.000000000000000000 ) ) ;
#7082 = EDGE_CURVE ( 'NONE', #2754, #3172, #5022, .T. ) ;
#7083 = CARTESIAN_POINT ( 'NONE',  ( 3.000000000000000888, 23.45311694635236677, -1.356537554084501940 ) ) ;
#7084 = EDGE_CURVE ( 'NONE', #8034, #515, #1994, .T. ) ;
#7085 = VERTEX_POINT ( 'NONE', #4621 ) ;
#7086 = DIRECTION ( 'NONE',  ( -0.000000000000000000, 1.000000000000000000, -0.000000000000000000 ) ) ;
#7087 = VERTEX_POINT ( 'NONE', #8446 ) ;
#7088 = DIRECTION ( 'NONE',  ( -1.000000000000000000, 0.000000000000000000, 0.000000000000000000 ) ) ;
#7089 = EDGE_CURVE ( 'NONE', #4771, #8010, #4603, .T. ) ;
#7090 = DIRECTION ( 'NONE',  ( -1.000000000000000000, 0.000000000000000000, 0.000000000000000000 ) ) ;
#7091 = DIRECTION ( 'NONE',  ( 0.000000000000000000, -0.9048270524660146918, -0.4257792915650829846 ) ) ;
#7092 = CARTESIAN_POINT ( 'NONE',  ( 0.000000000000000000, 10.00000000000000000, 0.000000000000000000 ) ) ;
#7093 = LOCAL_TIME ( 18, 30, 54.00000000000000000, #1942 ) ;
#7094 = EDGE_CURVE ( 'NONE', #278, #3172, #8028, .T. ) ;
#7095 = ADVANCED_FACE ( 'NONE', ( #7837 ), #4008, .T. ) ;
#7096 = ORIENTED_EDGE ( 'NONE', *, *, #8197, .T. ) ;
#7097 = VERTEX_POINT ( 'NONE', #698 ) ;
#7098 = CARTESIAN_POINT ( 'NONE',  ( 1.500000000000000444, 25.96667425510338489, 1.315989410805014970 ) ) ;
#7099 = COORDINATED_UNIVERSAL_TIME_OFFSET ( 7, 0, .AHEAD. ) ;
#7100 = DIRECTION ( 'NONE',  ( 0.000000000000000000, 0.000000000000000000, 1.000000000000000000 ) ) ;
#7101 = DIRECTION ( 'NONE',  ( 0.000000000000000000, 0.000000000000000000, 1.000000000000000000 ) ) ;
#7102 = CARTESIAN_POINT ( 'NONE',  ( 3.000000000000000888, -18.17661741219023241, 14.88285819611894567 ) ) ;
#7103 = EDGE_LOOP ( 'NONE', ( #7768, #2433, #6364, #7411 ) ) ;
#7104 = ORIENTED_EDGE ( 'NONE', *, *, #8344, .T. ) ;
#7105 = CYLINDRICAL_SURFACE ( 'NONE', #6494, 23.74900000000000233 ) ;
#7106 = ORIENTED_EDGE ( 'NONE', *, *, #7394, .F. ) ;
#7107 = CARTESIAN_POINT ( 'NONE',  ( 3.000000000000000888, -21.91639720942976766, -9.148034453285532663 ) ) ;
#7108 = CARTESIAN_POINT ( 'NONE',  ( 3.000000000000000888, 23.05365132147760221, 4.518633574727654256 ) ) ;
#7109 = APPROVAL_DATE_TIME ( #3257, #5894 ) ;
#7110 = CC_DESIGN_PERSON_AND_ORGANIZATION_ASSIGNMENT ( #4266, #5017, ( #4696 ) ) ;
#7111 = DIRECTION ( 'NONE',  ( -1.000000000000000000, -0.000000000000000000, -0.000000000000000000 ) ) ;
#7112 = LINE ( 'NONE', #1811, #5079 ) ;
#7113 = CARTESIAN_POINT ( 'NONE',  ( 1.500000000000000444, 12.80251323316831957, -22.62953059421582580 ) ) ;
#7114 = PRODUCT_DEFINITION_FORMATION_WITH_SPECIFIED_SOURCE ( 'ANY', '', #1327, .NOT_KNOWN. ) ;
#7115 = B_SPLINE_CURVE_WITH_KNOTS ( 'NONE', 2,
 ( #7872, #1981, #3910, #4610, #6629 ),
 .UNSPECIFIED., .F., .F.,
 ( 3, 1, 1, 3 ),
 ( 0.002399098765463499559, 0.3755997746914047641, 0.6244002253086988752, 0.9976009012346401805 ),
 .UNSPECIFIED. ) ;
#7116 = VERTEX_POINT ( 'NONE', #3305 ) ;
#7117 = ORIENTED_EDGE ( 'NONE', *, *, #6518, .T. ) ;
#7118 = ORIENTED_EDGE ( 'NONE', *, *, #295, .F. ) ;
#7119 = CARTESIAN_POINT ( 'NONE',  ( 0.000000000000000000, 8.758419641788600885, 21.79860027646852672 ) ) ;
#7120 = CYLINDRICAL_SURFACE ( 'NONE', #177, 9.999999999999998224 ) ;
#7121 = DIRECTION ( 'NONE',  ( -1.000000000000000000, 0.000000000000000000, 0.000000000000000000 ) ) ;
#7122 = DIRECTION ( 'NONE',  ( -1.000000000000000000, -0.000000000000000000, 0.000000000000000000 ) ) ;
#7123 = ORIENTED_EDGE ( 'NONE', *, *, #7761, .F. ) ;
#7124 = DIRECTION ( 'NONE',  ( 0.000000000000000000, -0.7705132427757950264, 0.6374239897486826401 ) ) ;
#7125 = ORIENTED_EDGE ( 'NONE', *, *, #6290, .T. ) ;
#7126 = CARTESIAN_POINT ( 'NONE',  ( 0.000000000000000000, -9.275723936746668841, -24.28911166447354475 ) ) ;
#7127 = DIRECTION ( 'NONE',  ( -1.000000000000000000, 0.000000000000000000, 0.000000000000000000 ) ) ;
#7128 = ADVANCED_FACE ( 'NONE', ( #56 ), #4659, .T. ) ;
#7129 = CARTESIAN_POINT ( 'NONE',  ( 0.000000000000000000, -17.60893712771341768, -15.93550545895034176 ) ) ;
#7130 = CARTESIAN_POINT ( 'NONE',  ( 3.000000000000000888, -23.09816287601897855, -4.285295834341049215 ) ) ;
#7131 = EDGE_CURVE ( 'NONE', #1021, #4436, #6799, .T. ) ;
#7132 = ORIENTED_EDGE ( 'NONE', *, *, #5208, .T. ) ;
#7133 = EDGE_LOOP ( 'NONE', ( #1892, #723, #3034, #5368 ) ) ;
#7134 = CIRCLE ( 'NONE', #3415, 10.00000000000000000 ) ;
#7135 = CARTESIAN_POINT ( 'NONE',  ( 3.000000000000000888, 13.71217102453755388, 19.07525240799593647 ) ) ;
#7136 = EDGE_CURVE ( 'NONE', #591, #207, #2708, .T. ) ;
#7137 = DIRECTION ( 'NONE',  ( 0.000000000000000000, -0.000000000000000000, -1.000000000000000000 ) ) ;
#7138 = CARTESIAN_POINT ( 'NONE',  ( 3.000000000000000888, -12.80251323316816148, 22.62953059421591107 ) ) ;
#7139 = EDGE_CURVE ( 'NONE', #383, #5998, #3902, .T. ) ;
#7140 = CARTESIAN_POINT ( 'NONE',  ( 3.000000000000000888, -21.20563999867574623, -10.10988233766770605 ) ) ;
#7141 = AXIS2_PLACEMENT_3D ( 'NONE', #7398, #2105, #252 ) ;
#7142 = VECTOR ( 'NONE', #5716, 1000.000000000000000 ) ;
#7143 = ORIENTED_EDGE ( 'NONE', *, *, #6027, .T. ) ;
#7144 = ORIENTED_EDGE ( 'NONE', *, *, #5056, .F. ) ;
#7145 = DIRECTION ( 'NONE',  ( -1.000000000000000000, -0.000000000000000000, -0.000000000000000000 ) ) ;
#7146 = ORIENTED_EDGE ( 'NONE', *, *, #5307, .T. ) ;
#7147 = CARTESIAN_POINT ( 'NONE',  ( 3.000000000000000888, -19.46733382657868461, -13.60286420885489278 ) ) ;
#7148 = CARTESIAN_POINT ( 'NONE',  ( -10.00000000000000000, 0.000000000000000000, 0.000000000000000000 ) ) ;
#7149 = DATE_AND_TIME ( #8483, #7642 ) ;
#7150 = VECTOR ( 'NONE', #7266, 1000.000000000000000 ) ;
#7151 = CARTESIAN_POINT ( 'NONE',  ( 3.000000000000000888, 13.90434922624143432, 18.93562677150247708 ) ) ;
#7152 = FACE_OUTER_BOUND ( 'NONE', #6477, .T. ) ;
#7153 = EDGE_CURVE ( 'NONE', #3626, #2257, #1430, .T. ) ;
#7154 = FACE_OUTER_BOUND ( 'NONE', #4404, .T. ) ;
#7155 = VERTEX_POINT ( 'NONE', #613 ) ;
#7156 = VECTOR ( 'NONE', #5422, 1000.000000000000000 ) ;
#7157 = CARTESIAN_POINT ( 'NONE',  ( 1.253146128175175456, 10.00000000000000888, 17.02734389275706306 ) ) ;
#7158 = ORIENTED_EDGE ( 'NONE', *, *, #5582, .T. ) ;
#7159 = CYLINDRICAL_SURFACE ( 'NONE', #1165, 9.999999999999994671 ) ;
#7160 = DIRECTION ( 'NONE',  ( 0.000000000000000000, 0.9980267284282717810, -0.06279051952930993219 ) ) ;
#7161 = DIRECTION ( 'NONE',  ( -1.000000000000000000, 0.000000000000000000, -0.000000000000000000 ) ) ;
#7162 = DIRECTION ( 'NONE',  ( 1.000000000000000000, 0.000000000000000000, 0.000000000000000000 ) ) ;
#7163 = CARTESIAN_POINT ( 'NONE',  ( -1.253146128134763337, 10.00000000000000888, 17.02734389275728688 ) ) ;
#7164 = AXIS2_PLACEMENT_3D ( 'NONE', #7410, #4844, #8178 ) ;
#7165 = AXIS2_PLACEMENT_3D ( 'NONE', #348, #4212, #8418 ) ;
#7166 = ORIENTED_EDGE ( 'NONE', *, *, #6828, .T. ) ;
#7167 = DIRECTION ( 'NONE',  ( 1.000000000000000000, -0.000000000000000000, -0.000000000000000000 ) ) ;
#7168 = AXIS2_PLACEMENT_3D ( 'NONE', #8242, #6234, #4240 ) ;
#7169 = ORIENTED_EDGE ( 'NONE', *, *, #3856, .F. ) ;
#7170 = CIRCLE ( 'NONE', #5117, 10.00000000000000000 ) ;
#7171 = DIRECTION ( 'NONE',  ( 0.000000000000000000, -0.9980267284282708928, -0.06279051952932448999 ) ) ;
#7172 = CARTESIAN_POINT ( 'NONE',  ( -10.00000000000000000, 0.000000000000000000, 0.000000000000000000 ) ) ;
#7173 = DIRECTION ( 'NONE',  ( 0.000000000000000000, 0.000000000000000000, 1.000000000000000000 ) ) ;
#7174 = CARTESIAN_POINT ( 'NONE',  ( 3.000000000000000888, 23.50287694562805285, -3.410245779803188437 ) ) ;
#7175 = AXIS2_PLACEMENT_3D ( 'NONE', #6409, #501, #3109 ) ;
#7176 = ORIENTED_EDGE ( 'NONE', *, *, #5154, .F. ) ;
#7177 = EDGE_CURVE ( 'NONE', #6361, #2838, #3765, .T. ) ;
#7178 = AXIS2_PLACEMENT_3D ( 'NONE', #5153, #4585, #1908 ) ;
#7179 = VERTEX_POINT ( 'NONE', #820 ) ;
#7180 = AXIS2_PLACEMENT_3D ( 'NONE', #6987, #532, #8405 ) ;
#7181 = CARTESIAN_POINT ( 'NONE',  ( 0.000000000000000000, 1.927758584904378347, -23.67063049093385629 ) ) ;
#7182 = EDGE_CURVE ( 'NONE', #1605, #1698, #2916, .T. ) ;
#7183 = CARTESIAN_POINT ( 'NONE',  ( 3.000000000000000888, -22.89013261011081113, -6.329046538898397856 ) ) ;
#7184 = CARTESIAN_POINT ( 'NONE',  ( -14.74895638488504801, 7.000000000000008882, -6.145609380897365526 ) ) ;
#7185 = DIRECTION ( 'NONE',  ( 0.000000000000000000, 0.9510565162951543083, -0.3090169943749446757 ) ) ;
#7186 = CIRCLE ( 'NONE', #5688, 9.999999999999998224 ) ;
#7187 = ORIENTED_EDGE ( 'NONE', *, *, #936, .T. ) ;
#7188 = ADVANCED_FACE ( 'NONE', ( #907 ), #5446, .T. ) ;
#7189 = VERTEX_POINT ( 'NONE', #5568 ) ;
#7190 = DIRECTION ( 'NONE',  ( -1.000000000000000000, 0.000000000000000000, 0.000000000000000000 ) ) ;
#7191 = ORIENTED_EDGE ( 'NONE', *, *, #6363, .F. ) ;
#7192 = DIRECTION ( 'NONE',  ( 0.000000000000000000, 0.000000000000000000, 1.000000000000000000 ) ) ;
#7193 = CARTESIAN_POINT ( 'NONE',  ( 1.500000000000000444, 24.82361017592223362, 7.732294474077538560 ) ) ;
#7194 = PERSON_AND_ORGANIZATION ( #1044, #909 ) ;
#7195 = CIRCLE ( 'NONE', #8424, 10.00000000000000000 ) ;
#7196 = AXIS2_PLACEMENT_3D ( 'NONE', #7108, #7069, #5093 ) ;
#7197 = CARTESIAN_POINT ( 'NONE',  ( 0.000000000000000000, 0.000000000000000000, 0.000000000000000000 ) ) ;
#7198 = DIRECTION ( 'NONE',  ( 0.000000000000000000, 0.9510565162951521989, 0.3090169943749516146 ) ) ;
#7199 = CIRCLE ( 'NONE', #465, 23.74900000000000588 ) ;
#7200 = DIRECTION ( 'NONE',  ( -1.000000000000000000, 0.000000000000000000, 0.000000000000000000 ) ) ;
#7201 = ORIENTED_EDGE ( 'NONE', *, *, #8239, .T. ) ;
#7202 = EDGE_CURVE ( 'NONE', #4110, #5253, #4048, .T. ) ;
#7203 = AXIS2_PLACEMENT_3D ( 'NONE', #1465, #4092, #3429 ) ;
#7204 = EDGE_CURVE ( 'NONE', #2807, #3657, #203, .T. ) ;
#7205 = AXIS2_PLACEMENT_3D ( 'NONE', #1921, #6450, #7091 ) ;
#7206 = CARTESIAN_POINT ( 'NONE',  ( 3.000000000000000888, 0.000000000000000000, 0.000000000000000000 ) ) ;
#7207 = ORIENTED_EDGE ( 'NONE', *, *, #3978, .T. ) ;
#7208 = DIRECTION ( 'NONE',  ( 0.000000000000000000, 0.1253332335642974860, 0.9921147013144787641 ) ) ;
#7209 = DIRECTION ( 'NONE',  ( -1.000000000000000000, 0.000000000000000000, -0.000000000000000000 ) ) ;
#7210 = CARTESIAN_POINT ( 'NONE',  ( 3.000000000000000888, 25.59698206453966307, 4.560099690536919326 ) ) ;
#7211 = FACE_OUTER_BOUND ( 'NONE', #6164, .T. ) ;
#7212 = CARTESIAN_POINT ( 'NONE',  ( 0.000000000000000000, -23.38875284200444682, 11.35633041504291896 ) ) ;
#7213 = AXIS2_PLACEMENT_3D ( 'NONE', #8210, #7568, #6326 ) ;
#7214 = ORIENTED_EDGE ( 'NONE', *, *, #2254, .T. ) ;
#7215 = ORIENTED_EDGE ( 'NONE', *, *, #3283, .T. ) ;
#7216 = CARTESIAN_POINT ( 'NONE',  ( -1.541888672159512419, 10.00000000000000888, -16.91572086648875839 ) ) ;
#7217 = VERTEX_POINT ( 'NONE', #3433 ) ;
#7218 = CARTESIAN_POINT ( 'NONE',  ( -10.00000000000000000, 0.000000000000000000, 0.000000000000000000 ) ) ;
#7219 = CARTESIAN_POINT ( 'NONE',  ( 3.000000000000000888, -22.37893697895712108, -7.146472439377875574 ) ) ;
#7220 = DIRECTION ( 'NONE',  ( -1.000000000000000000, 0.000000000000000000, 0.000000000000000000 ) ) ;
#7221 = CARTESIAN_POINT ( 'NONE',  ( 14.11953930602605212, 7.000000000000008882, -9.598928328060640780 ) ) ;
#7222 = VECTOR ( 'NONE', #3441, 1000.000000000000000 ) ;
#7223 = ORIENTED_EDGE ( 'NONE', *, *, #8188, .T. ) ;
#7224 = ORIENTED_EDGE ( 'NONE', *, *, #134, .T. ) ;
#7225 = DIRECTION ( 'NONE',  ( -1.000000000000000000, 0.000000000000000000, -0.000000000000000000 ) ) ;
#7226 = DIRECTION ( 'NONE',  ( -0.000000000000000000, 1.000000000000000000, -0.000000000000000000 ) ) ;
#7227 = DIRECTION ( 'NONE',  ( -1.000000000000000000, 0.000000000000000000, -0.000000000000000000 ) ) ;
#7228 = DIRECTION ( 'NONE',  ( 0.000000000000000000, 0.000000000000000000, -1.000000000000000000 ) ) ;
#7229 = CARTESIAN_POINT ( 'NONE',  ( 3.000000000000000888, 0.000000000000000000, 0.000000000000000000 ) ) ;
#7230 = EDGE_CURVE ( 'NONE', #7232, #5347, #4136, .T. ) ;
#7231 = VERTEX_POINT ( 'NONE', #8085 ) ;
#7232 = VERTEX_POINT ( 'NONE', #8174 ) ;
#7233 = AXIS2_PLACEMENT_3D ( 'NONE', #3799, #64, #660 ) ;
#7234 = DIRECTION ( 'NONE',  ( 0.000000000000000000, 0.000000000000000000, 1.000000000000000000 ) ) ;
#7235 = APPROVAL_PERSON_ORGANIZATION ( #1170, #3944, #5820 ) ;
#7236 = CARTESIAN_POINT ( 'NONE',  ( 3.000000000000000888, -13.71217102453742420, -19.07525240799602884 ) ) ;
#7237 = FACE_OUTER_BOUND ( 'NONE', #756, .T. ) ;
#7238 = PERSON_AND_ORGANIZATION ( #1044, #909 ) ;
#7239 = CARTESIAN_POINT ( 'NONE',  ( 0.000000000000000000, 13.90434922624143432, 18.93562677150247708 ) ) ;
#7240 = CARTESIAN_POINT ( 'NONE',  ( 3.000000000000000888, -15.02476645158309232, -21.21924581778021590 ) ) ;
#7241 = DIRECTION ( 'NONE',  ( 0.000000000000000000, 0.000000000000000000, -1.000000000000000000 ) ) ;
#7242 = EDGE_CURVE ( 'NONE', #3099, #743, #4757, .T. ) ;
#7243 = ORIENTED_EDGE ( 'NONE', *, *, #1156, .F. ) ;
#7244 = ADVANCED_FACE ( 'NONE', ( #2156 ), #6759, .T. ) ;
#7245 = DIRECTION ( 'NONE',  ( -1.000000000000000000, 0.000000000000000000, 0.000000000000000000 ) ) ;
#7246 = ORIENTED_EDGE ( 'NONE', *, *, #1878, .T. ) ;
#7247 = FACE_OUTER_BOUND ( 'NONE', #4389, .T. ) ;
#7248 = DIRECTION ( 'NONE',  ( 0.000000000000000000, 0.8443279255020125218, 0.5358267949790005424 ) ) ;
#7249 = CARTESIAN_POINT ( 'NONE',  ( 4.051352821227593992, 7.000000000000008882, 7.017148925649419056 ) ) ;
#7250 = CARTESIAN_POINT ( 'NONE',  ( 3.000000000000000888, 21.91639720942996661, -9.148034453285061929 ) ) ;
#7251 = DIRECTION ( 'NONE',  ( -0.000000000000000000, 1.000000000000000000, -0.000000000000000000 ) ) ;
#7252 = EDGE_CURVE ( 'NONE', #8121, #5124, #6253, .T. ) ;
#7253 = EDGE_CURVE ( 'NONE', #4936, #3512, #865, .T. ) ;
#7254 = VERTEX_POINT ( 'NONE', #8132 ) ;
#7255 = EDGE_LOOP ( 'NONE', ( #6325, #8068, #7469, #7390 ) ) ;
#7256 = DESIGN_CONTEXT ( 'detailed design', #8196, 'design' ) ;
#7257 = CYLINDRICAL_SURFACE ( 'NONE', #3281, 26.00000000000000000 ) ;
#7258 = ORIENTED_EDGE ( 'NONE', *, *, #874, .T. ) ;
#7259 = DIRECTION ( 'NONE',  ( 0.000000000000000000, 0.000000000000000000, 1.000000000000000000 ) ) ;
#7260 = LINE ( 'NONE', #4642, #4973 ) ;
#7261 = CARTESIAN_POINT ( 'NONE',  ( 3.000000000000000888, -3.572989937012942541, 25.75332489039044859 ) ) ;
#7262 = EDGE_CURVE ( 'NONE', #5685, #3681, #6777, .T. ) ;
#7263 = AXIS2_PLACEMENT_3D ( 'NONE', #3950, #1242, #7185 ) ;
#7264 = ORIENTED_EDGE ( 'NONE', *, *, #6773, .T. ) ;
#7265 = VERTEX_POINT ( 'NONE', #7452 ) ;
#7266 = DIRECTION ( 'NONE',  ( 1.000000000000000000, -0.000000000000000000, -0.000000000000000000 ) ) ;
#7267 = DIRECTION ( 'NONE',  ( 0.000000000000000000, 0.5877852522924685852, 0.8090169943749507819 ) ) ;
#7268 = DIRECTION ( 'NONE',  ( 0.000000000000000000, 0.000000000000000000, 1.000000000000000000 ) ) ;
#7269 = CARTESIAN_POINT ( 'NONE',  ( -2.050538145046632010, 10.00000000000000888, -15.85322226736041173 ) ) ;
#7270 = ORIENTED_EDGE ( 'NONE', *, *, #4730, .T. ) ;
#7271 = CIRCLE ( 'NONE', #1101, 10.00000000000000178 ) ;
#7272 = ORIENTED_EDGE ( 'NONE', *, *, #5624, .T. ) ;
#7273 = DIRECTION ( 'NONE',  ( -0.9550651196894897055, 0.000000000000000000, -0.2963960478017555467 ) ) ;
#7274 = FACE_OUTER_BOUND ( 'NONE', #390, .T. ) ;
#7275 = CARTESIAN_POINT ( 'NONE',  ( 3.000000000000000888, 23.43820135222871670, 1.593614133755710593 ) ) ;
#7276 = COORDINATED_UNIVERSAL_TIME_OFFSET ( 7, 0, .AHEAD. ) ;
#7277 = DIRECTION ( 'NONE',  ( -1.000000000000000000, 0.000000000000000000, 0.000000000000000000 ) ) ;
#7278 = DIRECTION ( 'NONE',  ( -1.000000000000000000, -0.000000000000000000, -0.000000000000000000 ) ) ;
#7279 = DIRECTION ( 'NONE',  ( -1.000000000000000000, 0.000000000000000000, -0.000000000000000000 ) ) ;
#7280 = AXIS2_PLACEMENT_3D ( 'NONE', #3259, #7278, #5902 ) ;
#7281 = CIRCLE ( 'NONE', #3714, 23.74900000000000588 ) ;
#7282 = ORIENTED_EDGE ( 'NONE', *, *, #4828, .T. ) ;
#7283 = VECTOR ( 'NONE', #5121, 1000.000000000000000 ) ;
#7284 = DIRECTION ( 'NONE',  ( -1.000000000000000000, -0.000000000000000000, -0.000000000000000000 ) ) ;
#7285 = EDGE_CURVE ( 'NONE', #4229, #4900, #7732, .T. ) ;
#7286 = AXIS2_PLACEMENT_3D ( 'NONE', #2439, #2363, #4959 ) ;
#7287 = VERTEX_POINT ( 'NONE', #3481 ) ;
#7288 = CARTESIAN_POINT ( 'NONE',  ( 3.000000000000000888, 12.80251323316831957, -22.62953059421582580 ) ) ;
#7289 = DIRECTION ( 'NONE',  ( -1.000000000000000000, 0.000000000000000000, -0.000000000000000000 ) ) ;
#7290 = DIRECTION ( 'NONE',  ( -1.000000000000000000, 0.000000000000000000, 0.000000000000000000 ) ) ;
#7291 = CARTESIAN_POINT ( 'NONE',  ( 3.000000000000000888, 4.019451921852295051, -23.40638817177734055 ) ) ;
#7292 = DIRECTION ( 'NONE',  ( 0.000000000000000000, 0.2486898871648553500, -0.9685831611286308540 ) ) ;
#7293 = ADVANCED_FACE ( 'NONE', ( #1471 ), #4096, .T. ) ;
#7294 = CIRCLE ( 'NONE', #4826, 26.00000000000000000 ) ;
#7295 = ORIENTED_EDGE ( 'NONE', *, *, #5726, .T. ) ;
#7296 = VERTEX_POINT ( 'NONE', #6033 ) ;
#7297 = CARTESIAN_POINT ( 'NONE',  ( 3.000000000000000888, -19.46733382657888356, 13.60286420885461212 ) ) ;
#7298 = EDGE_CURVE ( 'NONE', #438, #4210, #7470, .T. ) ;
#7299 = ORIENTED_EDGE ( 'NONE', *, *, #787, .T. ) ;
#7300 = EDGE_CURVE ( 'NONE', #4853, #3136, #2192, .T. ) ;
#7301 = CARTESIAN_POINT ( 'NONE',  ( 3.000000000000000888, -25.59698206453969505, 4.560099690536737249 ) ) ;
#7302 = DIRECTION ( 'NONE',  ( 1.000000000000000000, -0.000000000000000000, -0.000000000000000000 ) ) ;
#7303 = CIRCLE ( 'NONE', #5791, 10.00000000000000000 ) ;
#7304 = AXIS2_PLACEMENT_3D ( 'NONE', #7627, #5946, #7192 ) ;
#7305 = DIRECTION ( 'NONE',  ( -1.000000000000000000, 0.000000000000000000, 0.000000000000000000 ) ) ;
#7306 = AXIS2_PLACEMENT_3D ( 'NONE', #955, #2202, #4267 ) ;
#7307 = ORIENTED_EDGE ( 'NONE', *, *, #32, .T. ) ;
#7308 = ADVANCED_FACE ( 'NONE', ( #4181 ), #6807, .T. ) ;
#7309 = ORIENTED_EDGE ( 'NONE', *, *, #6678, .F. ) ;
#7310 = EDGE_CURVE ( 'NONE', #5159, #1842, #2512, .T. ) ;
#7311 = DIRECTION ( 'NONE',  ( 1.000000000000000000, 0.000000000000000000, 4.256270054397946562E-44 ) ) ;
#7312 = DIRECTION ( 'NONE',  ( -1.000000000000000000, -0.000000000000000000, 0.000000000000000000 ) ) ;
#7313 = AXIS2_PLACEMENT_3D ( 'NONE', #2946, #7435, #5467 ) ;
#7314 = DIRECTION ( 'NONE',  ( 0.000000000000000000, 0.9980267284282712259, 0.06279051952931692659 ) ) ;
#7315 = AXIS2_PLACEMENT_3D ( 'NONE', #5223, #3222, #5865 ) ;
#7316 = FACE_OUTER_BOUND ( 'NONE', #1568, .T. ) ;
#7317 = CC_DESIGN_PERSON_AND_ORGANIZATION_ASSIGNMENT ( #1888, #5174, ( #3697 ) ) ;
#7318 = ORIENTED_EDGE ( 'NONE', *, *, #7804, .T. ) ;
#7319 = CIRCLE ( 'NONE', #4717, 26.00000000000000000 ) ;
#7320 = ORIENTED_EDGE ( 'NONE', *, *, #7806, .T. ) ;
#7321 = CIRCLE ( 'NONE', #8134, 10.00000000000000000 ) ;
#7322 = CARTESIAN_POINT ( 'NONE',  ( 1.499999999999999556, 23.38875284200453564, -11.35633041504274843 ) ) ;
#7323 = CARTESIAN_POINT ( 'NONE',  ( 3.000000000000000888, 21.30678187720836192, -9.894944904949566578 ) ) ;
#7324 = CALENDAR_DATE ( 2025, 7, 10 ) ;
#7325 = AXIS2_PLACEMENT_3D ( 'NONE', #8455, #7844, #622 ) ;
#7326 = DIRECTION ( 'NONE',  ( 0.000000000000000000, 0.000000000000000000, 1.000000000000000000 ) ) ;
#7327 = DIRECTION ( 'NONE',  ( -1.000000000000000000, 0.000000000000000000, 0.000000000000000000 ) ) ;
#7328 = DIRECTION ( 'NONE',  ( 0.000000000000000000, 0.000000000000000000, -1.000000000000000000 ) ) ;
#7329 = CIRCLE ( 'NONE', #3595, 9.999999999999998224 ) ;
#7330 = CIRCLE ( 'NONE', #8006, 26.00000000000000000 ) ;
#7331 = VERTEX_POINT ( 'NONE', #6423 ) ;
#7332 = CIRCLE ( 'NONE', #6911, 10.00000000000000000 ) ;
#7333 = DIRECTION ( 'NONE',  ( 0.000000000000000000, 0.000000000000000000, 1.000000000000000000 ) ) ;
#7334 = AXIS2_PLACEMENT_3D ( 'NONE', #2493, #2448, #1124 ) ;
#7335 = VERTEX_POINT ( 'NONE', #4474 ) ;
#7336 = DIRECTION ( 'NONE',  ( 0.000000000000000000, 0.000000000000000000, 1.000000000000000000 ) ) ;
#7337 = DIRECTION ( 'NONE',  ( -1.000000000000000000, 0.000000000000000000, 0.000000000000000000 ) ) ;
#7338 = CARTESIAN_POINT ( 'NONE',  ( 3.000000000000000888, 6.772563327703775116, 25.10243784918592524 ) ) ;
#7339 = CARTESIAN_POINT ( 'NONE',  ( 0.000000000000000000, 0.000000000000000000, 0.000000000000000000 ) ) ;
#7340 = EDGE_CURVE ( 'NONE', #6790, #2906, #7738, .T. ) ;
#7341 = AXIS2_PLACEMENT_3D ( 'NONE', #8127, #2274, #2233 ) ;
#7342 = ORIENTED_EDGE ( 'NONE', *, *, #3180, .F. ) ;
#7343 = CIRCLE ( 'NONE', #5830, 26.00000000000000000 ) ;
#7344 = ORIENTED_EDGE ( 'NONE', *, *, #1785, .F. ) ;
#7345 = ORIENTED_EDGE ( 'NONE', *, *, #2030, .T. ) ;
#7346 = EDGE_CURVE ( 'NONE', #1614, #1863, #457, .T. ) ;
#7347 = DIRECTION ( 'NONE',  ( -1.000000000000000000, -0.000000000000000000, -0.000000000000000000 ) ) ;
#7348 = EDGE_LOOP ( 'NONE', ( #4661, #5072, #1521, #6187 ) ) ;
#7349 = DIRECTION ( 'NONE',  ( 0.000000000000000000, 0.000000000000000000, 1.000000000000000000 ) ) ;
#7350 = VECTOR ( 'NONE', #6704, 1000.000000000000000 ) ;
#7351 = CARTESIAN_POINT ( 'NONE',  ( 3.000000000000000888, -1.927758584903859429, -23.67063049093390248 ) ) ;
#7352 = FACE_OUTER_BOUND ( 'NONE', #1361, .T. ) ;
#7353 = EDGE_CURVE ( 'NONE', #1371, #5543, #7332, .T. ) ;
#7354 = AXIS2_PLACEMENT_3D ( 'NONE', #2004, #66, #2125 ) ;
#7355 = VERTEX_POINT ( 'NONE', #8380 ) ;
#7356 = EDGE_CURVE ( 'NONE', #8023, #7355, #1972, .T. ) ;
#7357 = EDGE_LOOP ( 'NONE', ( #5487, #3922, #8230, #7028 ) ) ;
#7358 = CARTESIAN_POINT ( 'NONE',  ( 0.000000000000000000, -4.879274292602897134, -23.24236828246090525 ) ) ;
#7359 = ORIENTED_EDGE ( 'NONE', *, *, #5972, .T. ) ;
#7360 = DIRECTION ( 'NONE',  ( 0.000000000000000000, -0.4817536741017224289, 0.8763066800438595871 ) ) ;
#7361 = DIRECTION ( 'NONE',  ( -1.000000000000000000, 0.000000000000000000, 0.000000000000000000 ) ) ;
#7362 = AXIS2_PLACEMENT_3D ( 'NONE', #620, #3229, #7336 ) ;
#7363 = CYLINDRICAL_SURFACE ( 'NONE', #1917, 10.00000000000000178 ) ;
#7364 = EDGE_CURVE ( 'NONE', #1537, #8077, #2364, .T. ) ;
#7365 = EDGE_CURVE ( 'NONE', #4721, #6468, #2784, .T. ) ;
#7366 = VERTEX_POINT ( 'NONE', #3606 ) ;
#7367 = ORIENTED_EDGE ( 'NONE', *, *, #731, .T. ) ;
#7368 = DIRECTION ( 'NONE',  ( 0.000000000000000000, 0.7705132427757903635, -0.6374239897486881912 ) ) ;
#7369 = DIRECTION ( 'NONE',  ( 0.000000000000000000, -0.9822872507286866117, -0.1873813145857356199 ) ) ;
#7370 = APPROVAL_ROLE ( '' ) ;
#7371 = LINE ( 'NONE', #8082, #4720 ) ;
#7372 = CARTESIAN_POINT ( 'NONE',  ( 3.000000000000000888, 0.000000000000000000, 0.000000000000000000 ) ) ;
#7373 = CARTESIAN_POINT ( 'NONE',  ( 1.499999999999999556, -9.865329348983841840, 24.05567036763012823 ) ) ;
#7374 = EDGE_LOOP ( 'NONE', ( #6019, #368, #2132, #462 ) ) ;
#7375 = LOCAL_TIME ( 18, 30, 54.00000000000000000, #2670 ) ;
#7376 = ADVANCED_FACE ( 'NONE', ( #4347 ), #2315, .T. ) ;
#7377 = CARTESIAN_POINT ( 'NONE',  ( 3.000000000000000888, -22.23862650171300714, 8.334176163083432343 ) ) ;
#7378 = ORIENTED_EDGE ( 'NONE', *, *, #2702, .F. ) ;
#7379 = CARTESIAN_POINT ( 'NONE',  ( 14.74895638494033712, 10.00000000000000888, 6.145609380784566866 ) ) ;
#7380 = DIRECTION ( 'NONE',  ( 1.000000000000000000, 0.000000000000000000, 0.000000000000000000 ) ) ;
#7381 = DIRECTION ( 'NONE',  ( 0.000000000000000000, 0.000000000000000000, 1.000000000000000000 ) ) ;
#7382 = CYLINDRICAL_SURFACE ( 'NONE', #342, 23.74900000000000233 ) ;
#7383 = ORIENTED_EDGE ( 'NONE', *, *, #3180, .T. ) ;
#7384 = ORIENTED_EDGE ( 'NONE', *, *, #713, .F. ) ;
#7385 = ORIENTED_EDGE ( 'NONE', *, *, #2959, .T. ) ;
#7386 = ORIENTED_EDGE ( 'NONE', *, *, #6981, .F. ) ;
#7387 = ORIENTED_EDGE ( 'NONE', *, *, #7650, .F. ) ;
#7388 = DIRECTION ( 'NONE',  ( 0.000000000000000000, 0.000000000000000000, 1.000000000000000000 ) ) ;
#7389 = CARTESIAN_POINT ( 'NONE',  ( 3.000000000000000888, 4.879274292603049901, 23.24236828246086972 ) ) ;
#7390 = ORIENTED_EDGE ( 'NONE', *, *, #4777, .F. ) ;
#7391 = ORIENTED_EDGE ( 'NONE', *, *, #5980, .T. ) ;
#7392 = LINE ( 'NONE', #2654, #1778 ) ;
#7393 = ORIENTED_EDGE ( 'NONE', *, *, #663, .T. ) ;
#7394 = EDGE_CURVE ( 'NONE', #3717, #8115, #1417, .T. ) ;
#7395 = CARTESIAN_POINT ( 'NONE',  ( 1.500000000000000444, -23.65875512592450391, -10.78254635471330403 ) ) ;
#7396 = DIRECTION ( 'NONE',  ( -1.000000000000000000, 0.000000000000000000, -0.000000000000000000 ) ) ;
#7397 = ADVANCED_FACE ( 'NONE', ( #1162 ), #8337, .T. ) ;
#7398 = CARTESIAN_POINT ( 'NONE',  ( 3.000000000000000888, -2.826494134736345920, -23.32165987963170295 ) ) ;
#7399 = ORIENTED_EDGE ( 'NONE', *, *, #7082, .F. ) ;
#7400 = ORIENTED_EDGE ( 'NONE', *, *, #6143, .F. ) ;
#7401 = EDGE_CURVE ( 'NONE', #1614, #2294, #8301, .T. ) ;
#7402 = EDGE_CURVE ( 'NONE', #4436, #5051, #5423, .T. ) ;
#7403 = CARTESIAN_POINT ( 'NONE',  ( 3.000000000000000888, -11.42144594672563507, 20.52899074774370192 ) ) ;
#7404 = DIRECTION ( 'NONE',  ( 0.000000000000000000, -0.3681245526846854688, 0.9297764858882483496 ) ) ;
#7405 = DATE_AND_TIME ( #6636, #4910 ) ;
#7406 = DIRECTION ( 'NONE',  ( -0.000000000000000000, 1.000000000000000000, -0.000000000000000000 ) ) ;
#7407 = DIRECTION ( 'NONE',  ( 0.000000000000000000, -0.9510565162951565288, 0.3090169943749382364 ) ) ;
#7408 = DIRECTION ( 'NONE',  ( 0.000000000000000000, 0.000000000000000000, 1.000000000000000000 ) ) ;
#7409 = ORIENTED_EDGE ( 'NONE', *, *, #3000, .T. ) ;
#7410 = CARTESIAN_POINT ( 'NONE',  ( 3.000000000000000888, 3.062166340028271705, -23.29188755642015352 ) ) ;
#7411 = ORIENTED_EDGE ( 'NONE', *, *, #5474, .F. ) ;
#7412 = EDGE_CURVE ( 'NONE', #8401, #3108, #7195, .T. ) ;
#7413 = CARTESIAN_POINT ( 'NONE',  ( 3.000000000000000888, 23.45311694635234545, 1.356537554084838337 ) ) ;
#7414 = FACE_OUTER_BOUND ( 'NONE', #8322, .T. ) ;
#7415 = VECTOR ( 'NONE', #5049, 1000.000000000000000 ) ;
#7416 = FACE_OUTER_BOUND ( 'NONE', #2229, .T. ) ;
#7417 = DIRECTION ( 'NONE',  ( 0.000000000000000000, 0.000000000000000000, 1.000000000000000000 ) ) ;
#7418 = CC_DESIGN_PERSON_AND_ORGANIZATION_ASSIGNMENT ( #6433, #3871, ( #7114 ) ) ;
#7419 = ORIENTED_EDGE ( 'NONE', *, *, #6705, .F. ) ;
#7420 = VERTEX_POINT ( 'NONE', #6254 ) ;
#7421 = CIRCLE ( 'NONE', #5907, 9.999999999999996447 ) ;
#7422 = CIRCLE ( 'NONE', #5230, 9.999999999999998224 ) ;
#7423 = AXIS2_PLACEMENT_3D ( 'NONE', #8044, #124, #2742 ) ;
#7424 = ORIENTED_EDGE ( 'NONE', *, *, #2073, .T. ) ;
#7425 = ORIENTED_EDGE ( 'NONE', *, *, #3338, .F. ) ;
#7426 = ORIENTED_EDGE ( 'NONE', *, *, #2980, .F. ) ;
#7427 = DIRECTION ( 'NONE',  ( -1.000000000000000000, 0.000000000000000000, -0.000000000000000000 ) ) ;
#7428 = LINE ( 'NONE', #4776, #2205 ) ;
#7429 = VECTOR ( 'NONE', #8035, 1000.000000000000000 ) ;
#7430 = CIRCLE ( 'NONE', #419, 10.00000000000000000 ) ;
#7431 = CIRCLE ( 'NONE', #3010, 26.00000000000000000 ) ;
#7432 = ORIENTED_EDGE ( 'NONE', *, *, #6109, .F. ) ;
#7433 = VERTEX_POINT ( 'NONE', #3086 ) ;
#7434 = AXIS2_PLACEMENT_3D ( 'NONE', #4199, #202, #2814 ) ;
#7435 = DIRECTION ( 'NONE',  ( -1.000000000000000000, -0.000000000000000000, -0.000000000000000000 ) ) ;
#7436 = DIRECTION ( 'NONE',  ( -1.000000000000000000, 0.000000000000000000, 0.000000000000000000 ) ) ;
#7437 = ORIENTED_EDGE ( 'NONE', *, *, #4794, .F. ) ;
#7438 = FACE_OUTER_BOUND ( 'NONE', #5996, .T. ) ;
#7439 = CARTESIAN_POINT ( 'NONE',  ( 3.000000000000000888, 17.56576837257078338, -19.16882316369974149 ) ) ;
#7440 = LINE ( 'NONE', #6150, #1769 ) ;
#7441 = AXIS2_PLACEMENT_3D ( 'NONE', #7640, #1737, #8358 ) ;
#7442 = EDGE_CURVE ( 'NONE', #1049, #3681, #2440, .T. ) ;
#7443 = ORIENTED_EDGE ( 'NONE', *, *, #292, .F. ) ;
#7444 = VERTEX_POINT ( 'NONE', #5083 ) ;
#7445 = EDGE_CURVE ( 'NONE', #6984, #3925, #3192, .T. ) ;
#7446 = AXIS2_PLACEMENT_3D ( 'NONE', #1211, #1900, #2540 ) ;
#7447 = DIRECTION ( 'NONE',  ( -1.000000000000000000, -0.000000000000000000, -0.000000000000000000 ) ) ;
#7448 = LINE ( 'NONE', #6200, #4310 ) ;
#7449 = APPROVAL_DATE_TIME ( #6157, #794 ) ;
#7450 = LINE ( 'NONE', #8002, #2499 ) ;
#7451 = DIRECTION ( 'NONE',  ( -1.000000000000000000, 0.000000000000000000, 0.000000000000000000 ) ) ;
#7452 = CARTESIAN_POINT ( 'NONE',  ( 0.000000000000000000, 6.772563327703775116, 25.10243784918592169 ) ) ;
#7453 = EDGE_CURVE ( 'NONE', #237, #1270, #8286, .T. ) ;
#7454 = AXIS2_PLACEMENT_3D ( 'NONE', #6824, #6097, #201 ) ;
#7455 = VECTOR ( 'NONE', #5522, 1000.000000000000000 ) ;
#7456 = ORIENTED_EDGE ( 'NONE', *, *, #4633, .F. ) ;
#7457 = CARTESIAN_POINT ( 'NONE',  ( 4.051352821227816037, 7.000000000000008882, -7.017148925761551581 ) ) ;
#7458 = ORIENTED_EDGE ( 'NONE', *, *, #4907, .T. ) ;
#7459 = CARTESIAN_POINT ( 'NONE',  ( 0.000000000000000000, -15.02476645158309587, -21.21924581778021590 ) ) ;
#7460 = CARTESIAN_POINT ( 'NONE',  ( 0.000000000000000000, 0.000000000000000000, 0.000000000000000000 ) ) ;
#7461 = DIRECTION ( 'NONE',  ( 1.000000000000000000, 0.000000000000000000, 4.256270054397946562E-44 ) ) ;
#7462 = CIRCLE ( 'NONE', #36, 23.74900000000000588 ) ;
#7463 = DIRECTION ( 'NONE',  ( -1.000000000000000000, -0.000000000000000000, 0.000000000000000000 ) ) ;
#7464 = CYLINDRICAL_SURFACE ( 'NONE', #2260, 23.74900000000000233 ) ;
#7465 = CIRCLE ( 'NONE', #1413, 26.00000000000000000 ) ;
#7466 = ADVANCED_FACE ( 'NONE', ( #7573 ), #1669, .F. ) ;
#7467 = ORIENTED_EDGE ( 'NONE', *, *, #7412, .T. ) ;
#7468 = EDGE_CURVE ( 'NONE', #7014, #3136, #4588, .T. ) ;
#7469 = ORIENTED_EDGE ( 'NONE', *, *, #4996, .F. ) ;
#7470 = CIRCLE ( 'NONE', #1686, 10.00000000000000000 ) ;
#7471 = CIRCLE ( 'NONE', #3329, 23.74900000000000588 ) ;
#7472 = VECTOR ( 'NONE', #3509, 1000.000000000000000 ) ;
#7473 = ORIENTED_EDGE ( 'NONE', *, *, #573, .F. ) ;
#7474 = ORIENTED_EDGE ( 'NONE', *, *, #3000, .F. ) ;
#7475 = CARTESIAN_POINT ( 'NONE',  ( 0.000000000000000000, 17.60893712771352781, 15.93550545895021386 ) ) ;
#7476 = DIRECTION ( 'NONE',  ( 0.000000000000000000, 0.000000000000000000, -1.000000000000000000 ) ) ;
#7477 = AXIS2_PLACEMENT_3D ( 'NONE', #1030, #6289, #5692 ) ;
#7478 = VECTOR ( 'NONE', #1500, 1000.000000000000000 ) ;
#7479 = VECTOR ( 'NONE', #2497, 1000.000000000000000 ) ;
#7480 = EDGE_LOOP ( 'NONE', ( #3702, #404, #4022, #7681 ) ) ;
#7481 = VECTOR ( 'NONE', #4647, 1000.000000000000114 ) ;
#7482 = VERTEX_POINT ( 'NONE', #6546 ) ;
#7483 = VECTOR ( 'NONE', #5867, 1000.000000000000000 ) ;
#7484 = CARTESIAN_POINT ( 'NONE',  ( 3.000000000000000888, 17.56576837257052404, 19.16882316369998662 ) ) ;
#7485 = ORIENTED_EDGE ( 'NONE', *, *, #1193, .F. ) ;
#7486 = DIRECTION ( 'NONE',  ( -1.000000000000000000, 0.000000000000000000, -0.000000000000000000 ) ) ;
#7487 = LINE ( 'NONE', #5982, #2230 ) ;
#7488 = DIRECTION ( 'NONE',  ( 0.000000000000000000, -0.3681245526846654292, -0.9297764858882563432 ) ) ;
#7489 = AXIS2_PLACEMENT_3D ( 'NONE', #8458, #3028, #1266 ) ;
#7490 = CIRCLE ( 'NONE', #1161, 23.74899999999999878 ) ;
#7491 = ORIENTED_EDGE ( 'NONE', *, *, #1601, .T. ) ;
#7492 = ORIENTED_EDGE ( 'NONE', *, *, #3225, .F. ) ;
#7493 = CYLINDRICAL_SURFACE ( 'NONE', #2748, 23.74900000000000233 ) ;
#7494 = CARTESIAN_POINT ( 'NONE',  ( 3.000000000000000888, -2.826494134736345920, -23.32165987963170295 ) ) ;
#7495 = DATE_AND_TIME ( #986, #6549 ) ;
#7496 = EDGE_CURVE ( 'NONE', #7649, #2533, #7532, .T. ) ;
#7497 = CARTESIAN_POINT ( 'NONE',  ( 1.500000000000000444, -9.275723936747009901, 24.28911166447341685 ) ) ;
#7498 = DIRECTION ( 'NONE',  ( 0.000000000000000000, -0.9510565162951565288, 0.3090169943749382919 ) ) ;
#7499 = DIRECTION ( 'NONE',  ( -1.000000000000000000, -0.000000000000000000, -0.000000000000000000 ) ) ;
#7500 = ORIENTED_EDGE ( 'NONE', *, *, #6504, .F. ) ;
#7501 = FACE_OUTER_BOUND ( 'NONE', #4332, .T. ) ;
#7502 = ORIENTED_EDGE ( 'NONE', *, *, #2555, .T. ) ;
#7503 = CARTESIAN_POINT ( 'NONE',  ( -12.69673203797372452, 7.000000000000008882, 9.700166218166828003 ) ) ;
#7504 = FACE_OUTER_BOUND ( 'NONE', #1759, .T. ) ;
#7505 = EDGE_CURVE ( 'NONE', #224, #8021, #5310, .T. ) ;
#7506 = CARTESIAN_POINT ( 'NONE',  ( 0.000000000000000000, -6.772563327703607250, -25.10243784918597143 ) ) ;
#7507 = CARTESIAN_POINT ( 'NONE',  ( 3.000000000000000888, 0.000000000000000000, 0.000000000000000000 ) ) ;
#7508 = LINE ( 'NONE', #6265, #3335 ) ;
#7509 = EDGE_CURVE ( 'NONE', #3124, #6674, #8340, .T. ) ;
#7510 = ORGANIZATION ( 'NAUO-ORG2', 'UNSPECIFIED', 'UNSPECIFIED' ) ;
#7511 = AXIS2_PLACEMENT_3D ( 'NONE', #1726, #486, #4356 ) ;
#7512 = ORIENTED_EDGE ( 'NONE', *, *, #6982, .T. ) ;
#7513 = EDGE_LOOP ( 'NONE', ( #2196, #7701, #3323, #6277 ) ) ;
#7514 = ORIENTED_EDGE ( 'NONE', *, *, #2089, .T. ) ;
#7515 = PERSON ( 'NAUO-PER3', 'UNSPECIFIED', 'UNSPECIFIED', ('UNSPECIFIED'), ('UNSPECIFIED'), ('UNSPECIFIED') ) ;
#7516 = ORIENTED_EDGE ( 'NONE', *, *, #3599, .F. ) ;
#7517 = CARTESIAN_POINT ( 'NONE',  ( 3.000000000000000888, -23.38875284200428695, -11.35633041504324225 ) ) ;
#7518 = ADVANCED_FACE ( 'NONE', ( #2019 ), #5939, .T. ) ;
#7519 = CARTESIAN_POINT ( 'NONE',  ( 14.11953930606579810, 7.000000000000008882, 9.598928327965827734 ) ) ;
#7520 = EDGE_CURVE ( 'NONE', #2367, #5159, #84, .T. ) ;
#7521 = SHAPE_REPRESENTATION ( 'Final_Servo_Adapter_Driver_Circle', ( #226, #7511, #6955 ), #2827 ) ;
#7522 = VERTEX_POINT ( 'NONE', #2698 ) ;
#7523 = ORIENTED_EDGE ( 'NONE', *, *, #3022, .F. ) ;
#7524 = CARTESIAN_POINT ( 'NONE',  ( 0.000000000000000000, -21.91639720942990266, 9.148034453285212919 ) ) ;
#7525 = CYLINDRICAL_SURFACE ( 'NONE', #8030, 9.999999999999998224 ) ;
#7526 = DIRECTION ( 'NONE',  ( 1.000000000000000000, -0.000000000000000000, 0.000000000000000000 ) ) ;
#7527 = CARTESIAN_POINT ( 'NONE',  ( 1.499999999999999556, 24.62765115230543245, -8.335394335023911694 ) ) ;
#7528 = ORIENTED_EDGE ( 'NONE', *, *, #4735, .F. ) ;
#7529 = VERTEX_POINT ( 'NONE', #643 ) ;
#7530 = FACE_OUTER_BOUND ( 'NONE', #6685, .T. ) ;
#7531 = FACE_OUTER_BOUND ( 'NONE', #2741, .T. ) ;
#7532 = CIRCLE ( 'NONE', #5362, 23.74900000000000588 ) ;
#7533 = DIRECTION ( 'NONE',  ( 0.000000000000000000, 0.000000000000000000, 1.000000000000000000 ) ) ;
#7534 = DIRECTION ( 'NONE',  ( 0.000000000000000000, 0.000000000000000000, 1.000000000000000000 ) ) ;
#7535 = DIRECTION ( 'NONE',  ( 1.000000000000000000, -0.000000000000000000, -0.000000000000000000 ) ) ;
#7536 = ORIENTED_EDGE ( 'NONE', *, *, #5757, .T. ) ;
#7537 = DIRECTION ( 'NONE',  ( -1.000000000000000000, 0.000000000000000000, -0.000000000000000000 ) ) ;
#7538 = ORIENTED_EDGE ( 'NONE', *, *, #3400, .F. ) ;
#7539 = FACE_OUTER_BOUND ( 'NONE', #3011, .T. ) ;
#7540 = CARTESIAN_POINT ( 'NONE',  ( 3.000000000000000888, -2.826494134736670105, 23.32165987963166742 ) ) ;
#7541 = CARTESIAN_POINT ( 'NONE',  ( 3.000000000000000888, 5.727185429052696897, -22.78350797608148426 ) ) ;
#7542 = CARTESIAN_POINT ( 'NONE',  ( 3.000000000000000888, 22.37893697895717438, 7.146472439377716590 ) ) ;
#7543 = DIRECTION ( 'NONE',  ( 0.000000000000000000, 0.2486898871648483555, 0.9685831611286326304 ) ) ;
#7544 = ORIENTED_EDGE ( 'NONE', *, *, #6451, .F. ) ;
#7545 = EDGE_CURVE ( 'NONE', #4263, #1927, #801, .T. ) ;
#7546 = EDGE_LOOP ( 'NONE', ( #6837, #4964, #7258, #1768 ) ) ;
#7547 = CIRCLE ( 'NONE', #6997, 23.74900000000000233 ) ;
#7548 = EDGE_LOOP ( 'NONE', ( #3608, #2685, #7954, #1576 ) ) ;
#7549 = CARTESIAN_POINT ( 'NONE',  ( -12.69673203797372452, 10.00000000000000888, 9.700166218166828003 ) ) ;
#7550 = ADVANCED_FACE ( 'NONE', ( #1200 ), #8515, .T. ) ;
#7551 = CARTESIAN_POINT ( 'NONE',  ( 8.102705642427432409, 7.000000000000008882, -5.573319583618285833E-11 ) ) ;
#7552 = AXIS2_PLACEMENT_3D ( 'NONE', #2516, #1699, #1224 ) ;
#7553 = CIRCLE ( 'NONE', #5766, 9.999999999999998224 ) ;
#7554 = ADVANCED_FACE ( 'NONE', ( #3818 ), #1330, .T. ) ;
#7555 = ORIENTED_EDGE ( 'NONE', *, *, #8177, .T. ) ;
#7556 = ORIENTED_EDGE ( 'NONE', *, *, #455, .T. ) ;
#7557 = DIRECTION ( 'NONE',  ( 0.000000000000000000, -1.000000000000000000, 0.000000000000000000 ) ) ;
#7558 = CIRCLE ( 'NONE', #3841, 3.000000000000048406 ) ;
#7559 = CIRCLE ( 'NONE', #5911, 9.999999999999998224 ) ;
#7560 = CARTESIAN_POINT ( 'NONE',  ( 0.000000000000000000, 0.1187726605497482074, 23.49201527519569765 ) ) ;
#7561 = CARTESIAN_POINT ( 'NONE',  ( 3.000000000000000888, 0.000000000000000000, 0.000000000000000000 ) ) ;
#7562 = DIRECTION ( 'NONE',  ( -1.000000000000000000, -0.000000000000000000, 0.000000000000000000 ) ) ;
#7563 = EDGE_CURVE ( 'NONE', #1863, #416, #5177, .T. ) ;
#7564 = ADVANCED_FACE ( 'NONE', ( #6462 ), #7783, .T. ) ;
#7565 = EDGE_LOOP ( 'NONE', ( #7826, #6439, #7169, #4644 ) ) ;
#7566 = ORIENTED_EDGE ( 'NONE', *, *, #1647, .F. ) ;
#7567 = CARTESIAN_POINT ( 'NONE',  ( 0.000000000000000000, 0.000000000000000000, 0.000000000000000000 ) ) ;
#7568 = DIRECTION ( 'NONE',  ( 1.000000000000000000, 0.000000000000000000, 0.000000000000000000 ) ) ;
#7569 = COORDINATED_UNIVERSAL_TIME_OFFSET ( 7, 0, .AHEAD. ) ;
#7570 = CYLINDRICAL_SURFACE ( 'NONE', #8421, 9.999999999999998224 ) ;
#7571 = CARTESIAN_POINT ( 'NONE',  ( 3.000000000000000888, -8.537555587897518450, 21.88604654154061535 ) ) ;
#7572 = AXIS2_PLACEMENT_3D ( 'NONE', #1449, #4681, #3414 ) ;
#7573 = FACE_OUTER_BOUND ( 'NONE', #7797, .T. ) ;
#7574 = VERTEX_POINT ( 'NONE', #5263 ) ;
#7575 = CIRCLE ( 'NONE', #6748, 23.74900000000000233 ) ;
#7576 = ORIENTED_EDGE ( 'NONE', *, *, #1146, .F. ) ;
#7577 = CIRCLE ( 'NONE', #7441, 26.00000000000000000 ) ;
#7578 = DIRECTION ( 'NONE',  ( 1.000000000000000000, 0.000000000000000000, 4.256270054397946562E-44 ) ) ;
#7579 = VERTEX_POINT ( 'NONE', #6583 ) ;
#7580 = CARTESIAN_POINT ( 'NONE',  ( 0.000000000000000000, -3.062166340028115830, 23.29188755642017838 ) ) ;
#7581 = CARTESIAN_POINT ( 'NONE',  ( 3.000000000000000888, -15.47283697127519808, 18.01683426854838999 ) ) ;
#7582 = APPROVAL_ROLE ( '' ) ;
#7583 = CARTESIAN_POINT ( 'NONE',  ( -10.00000000000000000, 0.000000000000000000, 0.000000000000000000 ) ) ;
#7584 = DIRECTION ( 'NONE',  ( 0.000000000000000000, 0.000000000000000000, 1.000000000000000000 ) ) ;
#7585 = CARTESIAN_POINT ( 'NONE',  ( 1.499999999999999556, -0.3170683606141290189, -25.99806661378298145 ) ) ;
#7586 = AXIS2_PLACEMENT_3D ( 'NONE', #3821, #7145, #1245 ) ;
#7587 = AXIS2_PLACEMENT_3D ( 'NONE', #3303, #739, #1297 ) ;
#7588 = ORIENTED_EDGE ( 'NONE', *, *, #2774, .F. ) ;
#7589 = ORIENTED_EDGE ( 'NONE', *, *, #4036, .T. ) ;
#7590 = ORIENTED_EDGE ( 'NONE', *, *, #4021, .T. ) ;
#7591 = CARTESIAN_POINT ( 'NONE',  ( -10.00000000000000000, 0.000000000000000000, 0.000000000000000000 ) ) ;
#7592 = CARTESIAN_POINT ( 'NONE',  ( 3.000000000000000888, -23.45311694635235966, 1.356537554084675357 ) ) ;
#7593 = CARTESIAN_POINT ( 'NONE',  ( 0.000000000000000000, -24.62765115230525836, -8.335394335024433943 ) ) ;
#7594 = CARTESIAN_POINT ( 'NONE',  ( 0.000000000000000000, -15.47283697127519808, 18.01683426854838999 ) ) ;
#7595 = EDGE_CURVE ( 'NONE', #6655, #3666, #526, .T. ) ;
#7596 = CIRCLE ( 'NONE', #2372, 26.00000000000000000 ) ;
#7597 = AXIS2_PLACEMENT_3D ( 'NONE', #6251, #2956, #4958 ) ;
#7598 = EDGE_CURVE ( 'NONE', #6654, #1048, #7115, .T. ) ;
#7599 = ORIENTED_EDGE ( 'NONE', *, *, #6044, .T. ) ;
#7600 = CARTESIAN_POINT ( 'NONE',  ( -14.74895638488482597, 7.000000000000008882, 6.145609380784566866 ) ) ;
#7601 = VERTEX_POINT ( 'NONE', #1368 ) ;
#7602 = FACE_OUTER_BOUND ( 'NONE', #3367, .T. ) ;
#7603 = CIRCLE ( 'NONE', #1687, 23.74900000000000233 ) ;
#7604 = CARTESIAN_POINT ( 'NONE',  ( -15.37268543417880196, 10.00000000000000888, -7.428415564771473356 ) ) ;
#7605 = EDGE_CURVE ( 'NONE', #3777, #1371, #2659, .T. ) ;
#7606 = DIRECTION ( 'NONE',  ( -1.000000000000000000, -0.000000000000000000, -0.000000000000000000 ) ) ;
#7607 = DIRECTION ( 'NONE',  ( -1.000000000000000000, 0.000000000000000000, 0.000000000000000000 ) ) ;
#7608 = EDGE_CURVE ( 'NONE', #7335, #205, #3212, .T. ) ;
#7609 = AXIS2_PLACEMENT_3D ( 'NONE', #8045, #860, #5564 ) ;
#7610 = VECTOR ( 'NONE', #5656, 1000.000000000000000 ) ;
#7611 = VERTEX_POINT ( 'NONE', #683 ) ;
#7612 = EDGE_LOOP ( 'NONE', ( #6951, #1354, #1569, #8180 ) ) ;
#7613 = DIRECTION ( 'NONE',  ( 0.000000000000000000, -0.6845471059286952764, 0.7289686274214053352 ) ) ;
#7614 = FACE_OUTER_BOUND ( 'NONE', #6372, .T. ) ;
#7615 = DATE_AND_TIME ( #5521, #225 ) ;
#7616 = EDGE_CURVE ( 'NONE', #8471, #5967, #8476, .T. ) ;
#7617 = CIRCLE ( 'NONE', #3205, 26.00000000000000000 ) ;
#7618 = CARTESIAN_POINT ( 'NONE',  ( 3.000000000000000888, 11.21328339503270222, 20.64342907894922163 ) ) ;
#7619 = DIRECTION ( 'NONE',  ( 0.000000000000000000, 0.000000000000000000, -1.000000000000000000 ) ) ;
#7620 = EDGE_CURVE ( 'NONE', #4688, #3819, #2568, .T. ) ;
#7621 = AXIS2_PLACEMENT_3D ( 'NONE', #5780, #6393, #7712 ) ;
#7622 = CARTESIAN_POINT ( 'NONE',  ( -2.050538145046632010, 10.00000000000000888, -15.85322226736041173 ) ) ;
#7623 = VERTEX_POINT ( 'NONE', #6672 ) ;
#7624 = VERTEX_POINT ( 'NONE', #3510 ) ;
#7625 = CARTESIAN_POINT ( 'NONE',  ( 3.000000000000000888, -21.78099992762139436, 14.19817038047355773 ) ) ;
#7626 = ORIENTED_EDGE ( 'NONE', *, *, #1032, .T. ) ;
#7627 = CARTESIAN_POINT ( 'NONE',  ( 0.000000000000000000, 0.000000000000000000, 0.000000000000000000 ) ) ;
#7628 = LINE ( 'NONE', #4355, #6373 ) ;
#7629 = DATE_AND_TIME ( #6977, #1186 ) ;
#7630 = FACE_OUTER_BOUND ( 'NONE', #3287, .T. ) ;
#7631 = DIRECTION ( 'NONE',  ( -1.000000000000000000, -0.000000000000000000, -0.000000000000000000 ) ) ;
#7632 = EDGE_CURVE ( 'NONE', #7930, #436, #7440, .T. ) ;
#7633 = CYLINDRICAL_SURFACE ( 'NONE', #3623, 26.00000000000000000 ) ;
#7634 = ORIENTED_EDGE ( 'NONE', *, *, #836, .T. ) ;
#7635 = VERTEX_POINT ( 'NONE', #856 ) ;
#7636 = ORIENTED_EDGE ( 'NONE', *, *, #1809, .F. ) ;
#7637 = DIRECTION ( 'NONE',  ( -1.000000000000000000, 0.000000000000000000, 0.000000000000000000 ) ) ;
#7638 = CYLINDRICAL_SURFACE ( 'NONE', #7180, 23.74900000000000233 ) ;
#7639 = CARTESIAN_POINT ( 'NONE',  ( 3.000000000000000888, 0.000000000000000000, 0.000000000000000000 ) ) ;
#7640 = CARTESIAN_POINT ( 'NONE',  ( 3.000000000000000888, 0.000000000000000000, 0.000000000000000000 ) ) ;
#7641 = ORIENTED_EDGE ( 'NONE', *, *, #7442, .T. ) ;
#7642 = LOCAL_TIME ( 18, 30, 54.00000000000000000, #5864 ) ;
#7643 = DIRECTION ( 'NONE',  ( 0.000000000000000000, 0.000000000000000000, 1.000000000000000000 ) ) ;
#7644 = ORIENTED_EDGE ( 'NONE', *, *, #7632, .F. ) ;
#7645 = CYLINDRICAL_SURFACE ( 'NONE', #4289, 9.999999999999998224 ) ;
#7646 = DIRECTION ( 'NONE',  ( -1.000000000000000000, -0.000000000000000000, 0.000000000000000000 ) ) ;
#7647 = CARTESIAN_POINT ( 'NONE',  ( 3.000000000000000888, 19.82974763304096300, 16.81609671742840462 ) ) ;
#7648 = LINE ( 'NONE', #5596, #6860 ) ;
#7649 = VERTEX_POINT ( 'NONE', #1582 ) ;
#7650 = EDGE_CURVE ( 'NONE', #1444, #100, #5228, .T. ) ;
#7651 = VERTEX_POINT ( 'NONE', #6023 ) ;
#7652 = CARTESIAN_POINT ( 'NONE',  ( 3.000000000000000888, 0.000000000000000000, 0.000000000000000000 ) ) ;
#7653 = CALENDAR_DATE ( 2025, 7, 10 ) ;
#7654 = EDGE_CURVE ( 'NONE', #8123, #3420, #6730, .T. ) ;
#7655 = DIRECTION ( 'NONE',  ( 0.000000000000000000, 1.000000000000000000, 0.000000000000000000 ) ) ;
#7656 = DIRECTION ( 'NONE',  ( -1.000000000000000000, 0.000000000000000000, -0.000000000000000000 ) ) ;
#7657 = DIRECTION ( 'NONE',  ( -1.000000000000000000, -0.000000000000000000, -0.000000000000000000 ) ) ;
#7658 = ORIENTED_EDGE ( 'NONE', *, *, #41, .T. ) ;
#7659 = EDGE_CURVE ( 'NONE', #674, #2532, #1635, .T. ) ;
#7660 = EDGE_CURVE ( 'NONE', #871, #6520, #8236, .T. ) ;
#7661 = ORIENTED_EDGE ( 'NONE', *, *, #3775, .F. ) ;
#7662 = DIRECTION ( 'NONE',  ( -1.000000000000000000, 0.000000000000000000, -0.000000000000000000 ) ) ;
#7663 = ORIENTED_EDGE ( 'NONE', *, *, #2555, .F. ) ;
#7664 = DIRECTION ( 'NONE',  ( 0.000000000000000000, 0.9510565162951523099, 0.3090169943749515591 ) ) ;
#7665 = DIRECTION ( 'NONE',  ( 0.000000000000000000, 0.000000000000000000, 1.000000000000000000 ) ) ;
#7666 = DIRECTION ( 'NONE',  ( 0.000000000000000000, 0.000000000000000000, 1.000000000000000000 ) ) ;
#7667 = DIRECTION ( 'NONE',  ( 0.000000000000000000, 0.000000000000000000, 1.000000000000000000 ) ) ;
#7668 = DIRECTION ( 'NONE',  ( 0.000000000000000000, 0.4817536741017163782, -0.8763066800438630288 ) ) ;
#7669 = CARTESIAN_POINT ( 'NONE',  ( 0.000000000000000000, -4.019451921851803000, -23.40638817177742581 ) ) ;
#7670 = ORIENTED_EDGE ( 'NONE', *, *, #4566, .T. ) ;
#7671 = EDGE_CURVE ( 'NONE', #7232, #8471, #6048, .T. ) ;
#7672 = EDGE_CURVE ( 'NONE', #6079, #6729, #4788, .T. ) ;
#7673 = ORIENTED_EDGE ( 'NONE', *, *, #4279, .T. ) ;
#7674 = ORIENTED_EDGE ( 'NONE', *, *, #5929, .T. ) ;
#7675 = CARTESIAN_POINT ( 'NONE',  ( 4.051352821227816037, 10.00000000000000888, -7.017148925761551581 ) ) ;
#7676 = CYLINDRICAL_SURFACE ( 'NONE', #7733, 23.74900000000000233 ) ;
#7677 = DIRECTION ( 'NONE',  ( 0.000000000000000000, -0.5877852522924625900, -0.8090169943749552228 ) ) ;
#7678 = DIRECTION ( 'NONE',  ( 0.000000000000000000, 0.000000000000000000, 1.000000000000000000 ) ) ;
#7679 = CC_DESIGN_DATE_AND_TIME_ASSIGNMENT ( #6879, #6500, ( #3697 ) ) ;
#7680 = VECTOR ( 'NONE', #3662, 1000.000000000000000 ) ;
#7681 = ORIENTED_EDGE ( 'NONE', *, *, #8291, .T. ) ;
#7682 = CARTESIAN_POINT ( 'NONE',  ( 1.500000000000000444, -24.62765115230537916, 8.335394335024080448 ) ) ;
#7683 = ORIENTED_EDGE ( 'NONE', *, *, #1553, .F. ) ;
#7684 = PLANE ( 'NONE',  #8412 ) ;
#7685 = CIRCLE ( 'NONE', #3972, 1.600000000000000089 ) ;
#7686 = AXIS2_PLACEMENT_3D ( 'NONE', #4135, #6758, #7534 ) ;
#7687 = DIRECTION ( 'NONE',  ( 0.000000000000000000, -0.3681245526846853022, 0.9297764858882484607 ) ) ;
#7688 = AXIS2_PLACEMENT_3D ( 'NONE', #7403, #1464, #2063 ) ;
#7689 = CARTESIAN_POINT ( 'NONE',  ( 3.000000000000000888, 0.000000000000000000, 0.000000000000000000 ) ) ;
#7690 = ORIENTED_EDGE ( 'NONE', *, *, #2870, .T. ) ;
#7691 = AXIS2_PLACEMENT_3D ( 'NONE', #5254, #3990, #2099 ) ;
#7692 = CIRCLE ( 'NONE', #6188, 10.00000000000000000 ) ;
#7693 = ORIENTED_EDGE ( 'NONE', *, *, #6531, .T. ) ;
#7694 = CARTESIAN_POINT ( 'NONE',  ( 0.000000000000000000, 24.82361017592223007, 7.732294474077540336 ) ) ;
#7695 = CARTESIAN_POINT ( 'NONE',  ( 3.000000000000000888, -18.02520032586853915, -15.06589001178591936 ) ) ;
#7696 = CARTESIAN_POINT ( 'NONE',  ( 0.000000000000000000, -18.02520032586875587, 15.06589001178566178 ) ) ;
#7697 = CARTESIAN_POINT ( 'NONE',  ( 1.500000000000000444, 19.82974763304120813, -16.81609671742810974 ) ) ;
#7698 = ADVANCED_FACE ( 'NONE', ( #7316 ), #1542, .T. ) ;
#7699 = VECTOR ( 'NONE', #5372, 1000.000000000000000 ) ;
#7700 = AXIS2_PLACEMENT_3D ( 'NONE', #5655, #7793, #6300 ) ;
#7701 = ORIENTED_EDGE ( 'NONE', *, *, #2907, .T. ) ;
#7702 = ADVANCED_FACE ( 'NONE', ( #7995 ), #6747, .T. ) ;
#7703 = ORIENTED_EDGE ( 'NONE', *, *, #895, .T. ) ;
#7704 = DIRECTION ( 'NONE',  ( -1.000000000000000000, -0.000000000000000000, -0.000000000000000000 ) ) ;
#7705 = ORIENTED_EDGE ( 'NONE', *, *, #2853, .T. ) ;
#7706 = LINE ( 'NONE', #1806, #5792 ) ;
#7707 = CYLINDRICAL_SURFACE ( 'NONE', #732, 23.74900000000000233 ) ;
#7708 = SECURITY_CLASSIFICATION_LEVEL ( 'unclassified' ) ;
#7709 = CIRCLE ( 'NONE', #957, 23.74900000000000944 ) ;
#7710 = DIRECTION ( 'NONE',  ( 1.000000000000000000, 0.000000000000000000, 4.256270054397946562E-44 ) ) ;
#7711 = CARTESIAN_POINT ( 'NONE',  ( 0.000000000000000000, -6.158349177668041463, -25.26014123883545182 ) ) ;
#7712 = DIRECTION ( 'NONE',  ( 0.000000000000000000, 0.000000000000000000, 1.000000000000000000 ) ) ;
#7713 = ADVANCED_FACE ( 'NONE', ( #5472 ), #7363, .T. ) ;
#7714 = AXIS2_PLACEMENT_3D ( 'NONE', #7206, #3183, #1304 ) ;
#7715 = AXIS2_PLACEMENT_3D ( 'NONE', #5110, #7723, #1309 ) ;
#7716 = VERTEX_POINT ( 'NONE', #1461 ) ;
#7717 = ORIENTED_EDGE ( 'NONE', *, *, #7084, .T. ) ;
#7718 = VERTEX_POINT ( 'NONE', #4168 ) ;
#7719 = LINE ( 'NONE', #5107, #3080 ) ;
#7720 = DIRECTION ( 'NONE',  ( 0.000000000000000000, 0.000000000000000000, 1.000000000000000000 ) ) ;
#7721 = CARTESIAN_POINT ( 'NONE',  ( 3.000000000000000888, 0.000000000000000000, 0.000000000000000000 ) ) ;
#7722 = CIRCLE ( 'NONE', #6218, 26.00000000000000000 ) ;
#7723 = DIRECTION ( 'NONE',  ( -1.000000000000000000, 0.000000000000000000, 0.000000000000000000 ) ) ;
#7724 = AXIS2_PLACEMENT_3D ( 'NONE', #6434, #5778, #8393 ) ;
#7725 = EDGE_CURVE ( 'NONE', #688, #7116, #5636, .T. ) ;
#7726 = ADVANCED_FACE ( 'NONE', ( #2863 ), #2826, .T. ) ;
#7727 = AXIS2_PLACEMENT_3D ( 'NONE', #4029, #6053, #7259 ) ;
#7728 = ORIENTED_EDGE ( 'NONE', *, *, #4148, .F. ) ;
#7729 = DIRECTION ( 'NONE',  ( 0.000000000000000000, 0.000000000000000000, 1.000000000000000000 ) ) ;
#7730 = ORIENTED_EDGE ( 'NONE', *, *, #7958, .T. ) ;
#7731 = CARTESIAN_POINT ( 'NONE',  ( 3.000000000000000888, 0.000000000000000000, 0.000000000000000000 ) ) ;
#7732 = CIRCLE ( 'NONE', #7873, 26.00000000000000000 ) ;
#7733 = AXIS2_PLACEMENT_3D ( 'NONE', #1088, #4490, #3760 ) ;
#7734 = CARTESIAN_POINT ( 'NONE',  ( 0.000000000000000000, 0.000000000000000000, 0.000000000000000000 ) ) ;
#7735 = AXIS2_PLACEMENT_3D ( 'NONE', #5762, #7227, #7100 ) ;
#7736 = CARTESIAN_POINT ( 'NONE',  ( 14.74895638494044903, 7.000000000000008882, -6.145609380895589169 ) ) ;
#7737 = VERTEX_POINT ( 'NONE', #5513 ) ;
#7738 = CIRCLE ( 'NONE', #2378, 9.999999999999998224 ) ;
#7739 = AXIS2_PLACEMENT_3D ( 'NONE', #3230, #2001, #5873 ) ;
#7740 = VERTEX_POINT ( 'NONE', #2225 ) ;
#7741 = DIRECTION ( 'NONE',  ( -1.000000000000000000, -0.000000000000000000, -0.000000000000000000 ) ) ;
#7742 = DIRECTION ( 'NONE',  ( 0.000000000000000000, 0.9510565162951543083, -0.3090169943749446757 ) ) ;
#7743 = DIRECTION ( 'NONE',  ( -1.000000000000000000, 0.000000000000000000, 0.000000000000000000 ) ) ;
#7744 = DIRECTION ( 'NONE',  ( 0.000000000000000000, -0.9980267284282723361, 0.06279051952930263247 ) ) ;
#7745 = AXIS2_PLACEMENT_3D ( 'NONE', #7275, #5899, #4570 ) ;
#7746 = VECTOR ( 'NONE', #5167, 1000.000000000000000 ) ;
#7747 = ORIENTED_EDGE ( 'NONE', *, *, #7153, .F. ) ;
#7748 = ORIENTED_EDGE ( 'NONE', *, *, #4456, .F. ) ;
#7749 = CARTESIAN_POINT ( 'NONE',  ( -15.37268543417880196, 7.000000000000008882, -7.428415564771473356 ) ) ;
#7750 = ADVANCED_FACE ( 'NONE', ( #6707 ), #809, .F. ) ;
#7751 = ORIENTED_EDGE ( 'NONE', *, *, #346, .F. ) ;
#7752 = VECTOR ( 'NONE', #1902, 1000.000000000000000 ) ;
#7753 = DIRECTION ( 'NONE',  ( -1.000000000000000000, 0.000000000000000000, 0.000000000000000000 ) ) ;
#7754 = DIRECTION ( 'NONE',  ( -1.000000000000000000, -0.000000000000000000, 0.000000000000000000 ) ) ;
#7755 = DATE_TIME_ROLE ( 'classification_date' ) ;
#7756 = FACE_OUTER_BOUND ( 'NONE', #6037, .T. ) ;
#7757 = LINE ( 'NONE', #6344, #421 ) ;
#7758 = DIRECTION ( 'NONE',  ( 1.000000000000000000, -0.000000000000000000, -0.000000000000000000 ) ) ;
#7759 = EDGE_LOOP ( 'NONE', ( #5495, #947, #2897, #149 ) ) ;
#7760 = ORIENTED_EDGE ( 'NONE', *, *, #3079, .F. ) ;
#7761 = EDGE_CURVE ( 'NONE', #3878, #7579, #411, .T. ) ;
#7762 = ORIENTED_EDGE ( 'NONE', *, *, #3723, .T. ) ;
#7763 = DIRECTION ( 'NONE',  ( -1.000000000000000000, 0.000000000000000000, -0.000000000000000000 ) ) ;
#7764 = DIRECTION ( 'NONE',  ( -1.000000000000000000, 0.000000000000000000, 0.000000000000000000 ) ) ;
#7765 = CYLINDRICAL_SURFACE ( 'NONE', #4157, 23.74900000000000233 ) ;
#7766 = CARTESIAN_POINT ( 'NONE',  ( 12.69673203802779149, 7.000000000000008882, 9.700166218167050047 ) ) ;
#7767 = EDGE_CURVE ( 'NONE', #7116, #2570, #6318, .T. ) ;
#7768 = ORIENTED_EDGE ( 'NONE', *, *, #3012, .F. ) ;
#7769 = CYLINDRICAL_SURFACE ( 'NONE', #821, 9.999999999999998224 ) ;
#7770 = EDGE_CURVE ( 'NONE', #3496, #498, #2987, .T. ) ;
#7771 = ORIENTED_EDGE ( 'NONE', *, *, #5429, .T. ) ;
#7772 = EDGE_CURVE ( 'NONE', #5447, #2043, #2588, .T. ) ;
#7773 = CARTESIAN_POINT ( 'NONE',  ( -10.00000000000000000, 0.000000000000000000, 0.000000000000000000 ) ) ;
#7774 = DIRECTION ( 'NONE',  ( -1.000000000000000000, 0.000000000000000000, 0.000000000000000000 ) ) ;
#7775 = CARTESIAN_POINT ( 'NONE',  ( 3.000000000000000888, -23.74496687177445153, -0.4376634075793925938 ) ) ;
#7776 = CARTESIAN_POINT ( 'NONE',  ( 15.14952443976302909, 7.000000000000008882, -8.746582013434034408 ) ) ;
#7777 = SECURITY_CLASSIFICATION ( '', '', #5641 ) ;
#7778 = ORIENTED_EDGE ( 'NONE', *, *, #987, .T. ) ;
#7779 = ORIENTED_EDGE ( 'NONE', *, *, #470, .F. ) ;
#7780 = DIRECTION ( 'NONE',  ( -1.000000000000000000, 0.000000000000000000, -0.000000000000000000 ) ) ;
#7781 = DIRECTION ( 'NONE',  ( 0.000000000000000000, -1.000000000000000000, 0.000000000000000000 ) ) ;
#7782 = CARTESIAN_POINT ( 'NONE',  ( -10.00000000000000000, 0.000000000000000000, 0.000000000000000000 ) ) ;
#7783 = CYLINDRICAL_SURFACE ( 'NONE', #5485, 9.999999999999998224 ) ;
#7784 = CC_DESIGN_DATE_AND_TIME_ASSIGNMENT ( #4921, #8297, ( #2145 ) ) ;
#7785 = ORIENTED_EDGE ( 'NONE', *, *, #6143, .T. ) ;
#7786 = ORIENTED_EDGE ( 'NONE', *, *, #3128, .F. ) ;
#7787 = DIRECTION ( 'NONE',  ( -1.000000000000000000, 0.000000000000000000, 0.000000000000000000 ) ) ;
#7788 = ORIENTED_EDGE ( 'NONE', *, *, #6249, .F. ) ;
#7789 = CARTESIAN_POINT ( 'NONE',  ( 3.000000000000000888, 0.000000000000000000, 0.000000000000000000 ) ) ;
#7790 = FACE_OUTER_BOUND ( 'NONE', #8517, .T. ) ;
#7791 = COORDINATED_UNIVERSAL_TIME_OFFSET ( 7, 0, .AHEAD. ) ;
#7792 = DIRECTION ( 'NONE',  ( 0.000000000000000000, -0.8443279255020087470, -0.5358267949790065376 ) ) ;
#7793 = DIRECTION ( 'NONE',  ( -1.000000000000000000, -0.000000000000000000, -0.000000000000000000 ) ) ;
#7794 = CARTESIAN_POINT ( 'NONE',  ( 0.000000000000000000, 23.05365132147760221, 4.518633574727654256 ) ) ;
#7795 = CC_DESIGN_APPROVAL ( #2726, ( #5541 ) ) ;
#7796 = ORIENTED_EDGE ( 'NONE', *, *, #5426, .F. ) ;
#7797 = EDGE_LOOP ( 'NONE', ( #2014, #4073, #280, #6144 ) ) ;
#7798 = ORIENTED_EDGE ( 'NONE', *, *, #8329, .F. ) ;
#7799 = DIRECTION ( 'NONE',  ( 0.000000000000000000, 0.000000000000000000, 1.000000000000000000 ) ) ;
#7800 = DIRECTION ( 'NONE',  ( -1.000000000000000000, 0.000000000000000000, 0.000000000000000000 ) ) ;
#7801 = FACE_OUTER_BOUND ( 'NONE', #840, .T. ) ;
#7802 = CARTESIAN_POINT ( 'NONE',  ( 3.000000000000000888, -3.062166340027785427, -23.29188755642021746 ) ) ;
#7803 = CARTESIAN_POINT ( 'NONE',  ( 1.665334536937734811E-11, 10.00000000000000888, 17.49316402681056104 ) ) ;
#7804 = EDGE_CURVE ( 'NONE', #6901, #1248, #271, .T. ) ;
#7805 = ORIENTED_EDGE ( 'NONE', *, *, #3262, .T. ) ;
#7806 = EDGE_CURVE ( 'NONE', #7085, #7623, #7685, .T. ) ;
#7807 = VECTOR ( 'NONE', #598, 1000.000000000000000 ) ;
#7808 = CARTESIAN_POINT ( 'NONE',  ( -10.00000000000000000, 0.000000000000000000, 0.000000000000000000 ) ) ;
#7809 = EDGE_LOOP ( 'NONE', ( #7916, #6820, #5751, #5758 ) ) ;
#7810 = FACE_OUTER_BOUND ( 'NONE', #7078, .T. ) ;
#7811 = DIRECTION ( 'NONE',  ( 0.000000000000000000, -0.9980267284282723361, 0.06279051952930261860 ) ) ;
#7812 = DIRECTION ( 'NONE',  ( -1.000000000000000000, -0.000000000000000000, -0.000000000000000000 ) ) ;
#7813 = PLANE ( 'NONE',  #4257 ) ;
#7814 = EDGE_CURVE ( 'NONE', #5954, #6572, #4244, .T. ) ;
#7815 = ORIENTED_EDGE ( 'NONE', *, *, #2665, .F. ) ;
#7816 = ORIENTED_EDGE ( 'NONE', *, *, #1121, .F. ) ;
#7817 = AXIS2_PLACEMENT_3D ( 'NONE', #6716, #4756, #906 ) ;
#7818 = FACE_OUTER_BOUND ( 'NONE', #1351, .T. ) ;
#7819 = LINE ( 'NONE', #2566, #4999 ) ;
#7820 = DIRECTION ( 'NONE',  ( 0.000000000000000000, -0.5877852522924802425, 0.8090169943749422332 ) ) ;
#7821 = CARTESIAN_POINT ( 'NONE',  ( 3.000000000000000888, 0.000000000000000000, 0.000000000000000000 ) ) ;
#7822 = EDGE_CURVE ( 'NONE', #2906, #6335, #5754, .T. ) ;
#7823 = ADVANCED_FACE ( 'NONE', ( #6411 ), #341, .T. ) ;
#7824 = AXIS2_PLACEMENT_3D ( 'NONE', #2045, #666, #5293 ) ;
#7825 = AXIS2_PLACEMENT_3D ( 'NONE', #6802, #902, #4791 ) ;
#7826 = ORIENTED_EDGE ( 'NONE', *, *, #4084, .T. ) ;
#7827 = ORIENTED_EDGE ( 'NONE', *, *, #3354, .T. ) ;
#7828 = CARTESIAN_POINT ( 'NONE',  ( 0.000000000000000000, -23.50287694562798180, -3.410245779803683597 ) ) ;
#7829 = ORIENTED_EDGE ( 'NONE', *, *, #553, .T. ) ;
#7830 = DIRECTION ( 'NONE',  ( 0.000000000000000000, 0.000000000000000000, 1.000000000000000000 ) ) ;
#7831 = DIRECTION ( 'NONE',  ( -1.000000000000000000, 0.000000000000000000, 0.000000000000000000 ) ) ;
#7832 = PERSON_AND_ORGANIZATION ( #1044, #909 ) ;
#7833 = AXIS2_PLACEMENT_3D ( 'NONE', #1151, #4994, #2949 ) ;
#7834 = CARTESIAN_POINT ( 'NONE',  ( 0.000000000000000000, 7.753840929970859719, -22.44756004185552456 ) ) ;
#7835 = DIRECTION ( 'NONE',  ( 0.000000000000000000, -0.1253332335643113360, 0.9921147013144768767 ) ) ;
#7836 = AXIS2_PLACEMENT_3D ( 'NONE', #916, #3619, #6727 ) ;
#7837 = FACE_OUTER_BOUND ( 'NONE', #6584, .T. ) ;
#7838 = ORIENTED_EDGE ( 'NONE', *, *, #4193, .F. ) ;
#7839 = CIRCLE ( 'NONE', #8112, 9.999999999999998224 ) ;
#7840 = ORIENTED_EDGE ( 'NONE', *, *, #2853, .F. ) ;
#7841 = VERTEX_POINT ( 'NONE', #1104 ) ;
#7842 = CARTESIAN_POINT ( 'NONE',  ( 3.000000000000000888, 22.30553143780301895, 7.372391464925285298 ) ) ;
#7843 = CARTESIAN_POINT ( 'NONE',  ( 3.000000000000000888, -1.054159027266075022, 23.72559271641561551 ) ) ;
#7844 = DIRECTION ( 'NONE',  ( -1.000000000000000000, 0.000000000000000000, -0.000000000000000000 ) ) ;
#7845 = CARTESIAN_POINT ( 'NONE',  ( 0.000000000000000000, 22.12078737453602884, -13.66275103815361014 ) ) ;
#7846 = FACE_OUTER_BOUND ( 'NONE', #2013, .T. ) ;
#7847 = AXIS2_PLACEMENT_3D ( 'NONE', #1904, #3834, #618 ) ;
#7848 = CIRCLE ( 'NONE', #6068, 26.00000000000000000 ) ;
#7849 = EDGE_LOOP ( 'NONE', ( #2083, #7805, #7576, #1961 ) ) ;
#7850 = ORIENTED_EDGE ( 'NONE', *, *, #2860, .F. ) ;
#7851 = PRODUCT ( 'm1_40t', 'm1_40t', '', ( #1210 ) ) ;
#7852 = CARTESIAN_POINT ( 'NONE',  ( 0.000000000000000000, -23.50287694562802798, 3.410245779803352750 ) ) ;
#7853 = AXIS2_PLACEMENT_3D ( 'NONE', #2266, #6792, #4868 ) ;
#7854 = ORIENTED_EDGE ( 'NONE', *, *, #3963, .T. ) ;
#7855 = AXIS2_PLACEMENT_3D ( 'NONE', #273, #2883, #5537 ) ;
#7856 = CARTESIAN_POINT ( 'NONE',  ( 0.000000000000000000, 6.158349177668210217, 25.26014123883540918 ) ) ;
#7857 = EDGE_CURVE ( 'NONE', #5662, #2420, #7648, .T. ) ;
#7858 = LINE ( 'NONE', #7351, #289 ) ;
#7859 = DIRECTION ( 'NONE',  ( 0.000000000000000000, 0.8443279255020125218, 0.5358267949790005424 ) ) ;
#7860 = FACE_OUTER_BOUND ( 'NONE', #1584, .T. ) ;
#7861 = AXIS2_PLACEMENT_3D ( 'NONE', #6573, #73, #7905 ) ;
#7862 = EDGE_LOOP ( 'NONE', ( #2950, #7939, #1523, #1214 ) ) ;
#7863 = ORIENTED_EDGE ( 'NONE', *, *, #5429, .F. ) ;
#7864 = CARTESIAN_POINT ( 'NONE',  ( 3.000000000000000888, 9.714105481848354984, -21.67143640111389047 ) ) ;
#7865 = EDGE_CURVE ( 'NONE', #4109, #6387, #135, .T. ) ;
#7866 = CIRCLE ( 'NONE', #5132, 9.999999999999996447 ) ;
#7867 = CIRCLE ( 'NONE', #5959, 9.999999999999998224 ) ;
#7868 = DIRECTION ( 'NONE',  ( -1.000000000000000000, 0.000000000000000000, -0.000000000000000000 ) ) ;
#7869 = FACE_OUTER_BOUND ( 'NONE', #6147, .T. ) ;
#7870 = CARTESIAN_POINT ( 'NONE',  ( 0.000000000000000000, 13.90434922624170433, -18.93562677150227813 ) ) ;
#7871 = EDGE_CURVE ( 'NONE', #4348, #879, #3679, .T. ) ;
#7872 = CARTESIAN_POINT ( 'NONE',  ( -14.74895638488482597, 10.00000000000000888, 6.145609380784566866 ) ) ;
#7873 = AXIS2_PLACEMENT_3D ( 'NONE', #176, #7499, #7408 ) ;
#7874 = AXIS2_PLACEMENT_3D ( 'NONE', #2161, #6126, #4188 ) ;
#7875 = VECTOR ( 'NONE', #6544, 1000.000000000000227 ) ;
#7876 = ORIENTED_EDGE ( 'NONE', *, *, #513, .F. ) ;
#7877 = ORIENTED_EDGE ( 'NONE', *, *, #2816, .F. ) ;
#7878 = CARTESIAN_POINT ( 'NONE',  ( 3.000000000000000888, 0.000000000000000000, 0.000000000000000000 ) ) ;
#7879 = EDGE_CURVE ( 'NONE', #6932, #3951, #7421, .T. ) ;
#7880 = EDGE_CURVE ( 'NONE', #7331, #1034, #1093, .T. ) ;
#7881 = CARTESIAN_POINT ( 'NONE',  ( 3.000000000000000888, -19.77132294913416288, 12.68793432659402143 ) ) ;
#7882 = DIRECTION ( 'NONE',  ( 0.000000000000000000, 0.000000000000000000, 1.000000000000000000 ) ) ;
#7883 = CALENDAR_DATE ( 2025, 7, 10 ) ;
#7884 = VECTOR ( 'NONE', #1335, 1000.000000000000000 ) ;
#7885 = CYLINDRICAL_SURFACE ( 'NONE', #6226, 9.999999999999998224 ) ;
#7886 = CARTESIAN_POINT ( 'NONE',  ( 0.000000000000000000, -23.61258448579737745, 2.541821178029872286 ) ) ;
#7887 = AXIS2_PLACEMENT_3D ( 'NONE', #3547, #2948, #5556 ) ;
#7888 = LINE ( 'NONE', #3875, #2667 ) ;
#7889 = ORIENTED_EDGE ( 'NONE', *, *, #5558, .F. ) ;
#7890 = VECTOR ( 'NONE', #1887, 1000.000000000000000 ) ;
#7891 = CIRCLE ( 'NONE', #6919, 9.999999999999998224 ) ;
#7892 = CARTESIAN_POINT ( 'NONE',  ( 0.000000000000000000, 4.879274292603049901, 23.24236828246086972 ) ) ;
#7893 = ORIENTED_EDGE ( 'NONE', *, *, #6969, .T. ) ;
#7894 = CARTESIAN_POINT ( 'NONE',  ( 3.000000000000000888, -15.47283697127494229, -18.01683426854860670 ) ) ;
#7895 = DIRECTION ( 'NONE',  ( -1.000000000000000000, 0.000000000000000000, 0.000000000000000000 ) ) ;
#7896 = CARTESIAN_POINT ( 'NONE',  ( 3.000000000000000888, -6.158349177668389629, 25.26014123883536655 ) ) ;
#7897 = DIRECTION ( 'NONE',  ( -1.000000000000000000, -0.000000000000000000, -0.000000000000000000 ) ) ;
#7898 = CARTESIAN_POINT ( 'NONE',  ( 14.74895638494033712, 7.000000000000008882, 6.145609380784566866 ) ) ;
#7899 = VECTOR ( 'NONE', #1742, 1000.000000000000000 ) ;
#7900 = CIRCLE ( 'NONE', #5840, 9.999999999999998224 ) ;
#7901 = ORIENTED_EDGE ( 'NONE', *, *, #191, .F. ) ;
#7902 = VERTEX_POINT ( 'NONE', #6917 ) ;
#7903 = LINE ( 'NONE', #3369, #1094 ) ;
#7904 = VERTEX_POINT ( 'NONE', #2432 ) ;
#7905 = DIRECTION ( 'NONE',  ( 0.000000000000000000, 0.4817536741017102164, 0.8763066800438664705 ) ) ;
#7906 = DIRECTION ( 'NONE',  ( 0.000000000000000000, 0.000000000000000000, 1.000000000000000000 ) ) ;
#7907 = DIRECTION ( 'NONE',  ( 0.000000000000000000, 0.9048270524660175784, 0.4257792915650767673 ) ) ;
#7908 = VERTEX_POINT ( 'NONE', #8246 ) ;
#7909 = VERTEX_POINT ( 'NONE', #1063 ) ;
#7910 = CARTESIAN_POINT ( 'NONE',  ( 3.000000000000000888, -17.60893712771341768, -15.93550545895034176 ) ) ;
#7911 = FACE_OUTER_BOUND ( 'NONE', #2553, .T. ) ;
#7912 = CARTESIAN_POINT ( 'NONE',  ( 1.253146128175175456, 7.000000000000008882, 17.02734389275706306 ) ) ;
#7913 = DIRECTION ( 'NONE',  ( -1.000000000000000000, -0.000000000000000000, 0.000000000000000000 ) ) ;
#7914 = EDGE_CURVE ( 'NONE', #5013, #4110, #1019, .T. ) ;
#7915 = EDGE_LOOP ( 'NONE', ( #1243, #5698, #3368, #88 ) ) ;
#7916 = ORIENTED_EDGE ( 'NONE', *, *, #1092, .F. ) ;
#7917 = ADVANCED_FACE ( 'NONE', ( #6281 ), #6321, .T. ) ;
#7918 = CARTESIAN_POINT ( 'NONE',  ( 3.000000000000000888, 0.000000000000000000, 0.000000000000000000 ) ) ;
#7919 = CYLINDRICAL_SURFACE ( 'NONE', #544, 9.999999999999998224 ) ;
#7920 = DIRECTION ( 'NONE',  ( -1.000000000000000000, 0.000000000000000000, -0.000000000000000000 ) ) ;
#7921 = DATE_AND_TIME ( #2188, #791 ) ;
#7922 = LINE ( 'NONE', #1338, #4420 ) ;
#7923 = FACE_OUTER_BOUND ( 'NONE', #3494, .T. ) ;
#7924 = DIRECTION ( 'NONE',  ( 1.000000000000000000, 0.000000000000000000, 0.000000000000000000 ) ) ;
#7925 = PRODUCT_DEFINITION_SHAPE ( 'NONE', 'NONE',  #8519 ) ;
#7926 = EDGE_CURVE ( 'NONE', #2944, #6683, #418, .T. ) ;
#7927 = EDGE_CURVE ( 'NONE', #2369, #5051, #1369, .T. ) ;
#7928 = ORIENTED_EDGE ( 'NONE', *, *, #3942, .F. ) ;
#7929 = CYLINDRICAL_SURFACE ( 'NONE', #155, 26.00000000000000000 ) ;
#7930 = VERTEX_POINT ( 'NONE', #3077 ) ;
#7931 = CYLINDRICAL_SURFACE ( 'NONE', #3632, 26.00000000000000000 ) ;
#7932 = CARTESIAN_POINT ( 'NONE',  ( 0.000000000000000000, 23.10781753700498342, 5.481219725251404107 ) ) ;
#7933 = CARTESIAN_POINT ( 'NONE',  ( 3.000000000000000888, 23.50287694562805285, -3.410245779803188437 ) ) ;
#7934 = DIRECTION ( 'NONE',  ( 0.000000000000000000, 0.000000000000000000, 1.000000000000000000 ) ) ;
#7935 = FACE_OUTER_BOUND ( 'NONE', #3653, .T. ) ;
#7936 = B_SPLINE_CURVE_WITH_KNOTS ( 'NONE', 2,
 ( #6452, #3244, #3849 ),
 .UNSPECIFIED., .F., .F.,
 ( 3, 3 ),
 ( 0.7649281316632865479, 0.9989257314563931844 ),
 .UNSPECIFIED. ) ;
#7937 = EDGE_CURVE ( 'NONE', #1421, #1893, #7965, .T. ) ;
#7938 = ADVANCED_FACE ( 'NONE', ( #4419 ), #8473, .F. ) ;
#7939 = ORIENTED_EDGE ( 'NONE', *, *, #3712, .T. ) ;
#7940 = ORIENTED_EDGE ( 'NONE', *, *, #7084, .F. ) ;
#7941 = DIRECTION ( 'NONE',  ( -1.000000000000000000, -0.000000000000000000, 0.000000000000000000 ) ) ;
#7942 = ORIENTED_EDGE ( 'NONE', *, *, #8385, .F. ) ;
#7943 = DIRECTION ( 'NONE',  ( 0.000000000000000000, 0.000000000000000000, 1.000000000000000000 ) ) ;
#7944 = DIRECTION ( 'NONE',  ( -1.000000000000000000, 0.000000000000000000, -0.000000000000000000 ) ) ;
#7945 = DIRECTION ( 'NONE',  ( 0.2963960478017134692, 0.000000000000000000, 0.9550651196895028061 ) ) ;
#7946 = VERTEX_POINT ( 'NONE', #4548 ) ;
#7947 = ORIENTED_EDGE ( 'NONE', *, *, #3121, .F. ) ;
#7948 = DIRECTION ( 'NONE',  ( 0.000000000000000000, 0.000000000000000000, 1.000000000000000000 ) ) ;
#7949 = FACE_OUTER_BOUND ( 'NONE', #4221, .T. ) ;
#7950 = DIRECTION ( 'NONE',  ( -1.000000000000000000, 0.000000000000000000, 0.000000000000000000 ) ) ;
#7951 = DIRECTION ( 'NONE',  ( 0.000000000000000000, -0.5877852522924803536, 0.8090169943749421222 ) ) ;
#7952 = ORIENTED_EDGE ( 'NONE', *, *, #5828, .T. ) ;
#7953 = CIRCLE ( 'NONE', #2316, 9.999999999999998224 ) ;
#7954 = ORIENTED_EDGE ( 'NONE', *, *, #7230, .F. ) ;
#7955 = DIRECTION ( 'NONE',  ( -1.000000000000000000, -0.000000000000000000, 0.000000000000000000 ) ) ;
#7956 = DIRECTION ( 'NONE',  ( -1.000000000000000000, 0.000000000000000000, -0.000000000000000000 ) ) ;
#7957 = PERSON_AND_ORGANIZATION ( #1044, #909 ) ;
#7958 = EDGE_CURVE ( 'NONE', #2294, #591, #7936, .T. ) ;
#7959 = FACE_OUTER_BOUND ( 'NONE', #286, .T. ) ;
#7960 = DIRECTION ( 'NONE',  ( -1.000000000000000000, 0.000000000000000000, -0.000000000000000000 ) ) ;
#7961 = DIRECTION ( 'NONE',  ( -1.000000000000000000, 0.000000000000000000, 0.000000000000000000 ) ) ;
#7962 = AXIS2_PLACEMENT_3D ( 'NONE', #5082, #5130, #2405 ) ;
#7963 = EDGE_CURVE ( 'NONE', #4810, #6674, #6540, .T. ) ;
#7964 = VERTEX_POINT ( 'NONE', #545 ) ;
#7965 = CIRCLE ( 'NONE', #3695, 23.74899999999999878 ) ;
#7966 = ORIENTED_EDGE ( 'NONE', *, *, #4234, .F. ) ;
#7967 = AXIS2_PLACEMENT_3D ( 'NONE', #4511, #1980, #8514 ) ;
#7968 = ORIENTED_EDGE ( 'NONE', *, *, #6375, .T. ) ;
#7969 = CARTESIAN_POINT ( 'NONE',  ( 3.000000000000000888, 12.24681498829406934, 22.93502828955080375 ) ) ;
#7970 = CARTESIAN_POINT ( 'NONE',  ( 3.000000000000000888, 0.000000000000000000, 0.000000000000000000 ) ) ;
#7971 = CARTESIAN_POINT ( 'NONE',  ( 3.000000000000000888, 25.92685648092481543, 1.948874808069253728 ) ) ;
#7972 = ADVANCED_FACE ( 'NONE', ( #590 ), #5168, .T. ) ;
#7973 = CARTESIAN_POINT ( 'NONE',  ( 3.000000000000000888, -13.90434922624156755, 18.93562677150237761 ) ) ;
#7974 = CARTESIAN_POINT ( 'NONE',  ( -1.563728249527496888E-59, -2.999999999999826361, 2.224119989647754883E-13 ) ) ;
#7975 = EDGE_CURVE ( 'NONE', #8438, #5888, #5249, .T. ) ;
#7976 = ORIENTED_EDGE ( 'NONE', *, *, #1746, .T. ) ;
#7977 = VERTEX_POINT ( 'NONE', #4467 ) ;
#7978 = CARTESIAN_POINT ( 'NONE',  ( 3.000000000000000888, 13.90434922624170433, -18.93562677150227813 ) ) ;
#7979 = ORIENTED_EDGE ( 'NONE', *, *, #6874, .T. ) ;
#7980 = CYLINDRICAL_SURFACE ( 'NONE', #5943, 26.00000000000000000 ) ;
#7981 = EDGE_CURVE ( 'NONE', #5216, #806, #2602, .T. ) ;
#7982 = CARTESIAN_POINT ( 'NONE',  ( 1.500000000000000444, 6.772563327703776892, 25.10243784918592169 ) ) ;
#7983 = EDGE_CURVE ( 'NONE', #1614, #1986, #4537, .T. ) ;
#7984 = VECTOR ( 'NONE', #7302, 1000.000000000000000 ) ;
#7985 = DIRECTION ( 'NONE',  ( 0.000000000000000000, 0.000000000000000000, 1.000000000000000000 ) ) ;
#7986 = CIRCLE ( 'NONE', #1657, 23.74900000000000233 ) ;
#7987 = AXIS2_PLACEMENT_3D ( 'NONE', #7541, #5490, #4932 ) ;
#7988 = ORIENTED_EDGE ( 'NONE', *, *, #5533, .F. ) ;
#7989 = ORIENTED_EDGE ( 'NONE', *, *, #5204, .T. ) ;
#7990 = DIRECTION ( 'NONE',  ( 0.000000000000000000, -0.4817536741017036661, -0.8763066800438700232 ) ) ;
#7991 = VERTEX_POINT ( 'NONE', #1191 ) ;
#7992 = CARTESIAN_POINT ( 'NONE',  ( 3.000000000000000888, 0.1187726605497482074, 23.49201527519569765 ) ) ;
#7993 = DIRECTION ( 'NONE',  ( 0.000000000000000000, -0.6845471059286950544, 0.7289686274214053352 ) ) ;
#7994 = AXIS2_PLACEMENT_3D ( 'NONE', #2449, #1681, #5703 ) ;
#7995 = FACE_OUTER_BOUND ( 'NONE', #4099, .T. ) ;
#7996 = CC_DESIGN_PERSON_AND_ORGANIZATION_ASSIGNMENT ( #3051, #5775, ( #6826 ) ) ;
#7997 = ORIENTED_EDGE ( 'NONE', *, *, #6141, .F. ) ;
#7998 = EDGE_LOOP ( 'NONE', ( #157, #3635, #8053, #5189 ) ) ;
#7999 = CARTESIAN_POINT ( 'NONE',  ( -10.00000000000000000, 0.000000000000000000, 0.000000000000000000 ) ) ;
#8000 = CARTESIAN_POINT ( 'NONE',  ( 1.500000000000000444, 20.23396159193303134, -16.32748597599087859 ) ) ;
#8001 = APPROVAL_STATUS ( 'not_yet_approved' ) ;
#8002 = CARTESIAN_POINT ( 'NONE',  ( -12.69673203797372452, 7.000000000000008882, 9.700166218166828003 ) ) ;
#8003 = CARTESIAN_POINT ( 'NONE',  ( 0.000000000000000000, 0.000000000000000000, 0.000000000000000000 ) ) ;
#8004 = CARTESIAN_POINT ( 'NONE',  ( 3.000000000000000888, 23.61258448579736324, 2.541821178030043260 ) ) ;
#8005 = AXIS2_PLACEMENT_3D ( 'NONE', #63, #1955, #8492 ) ;
#8006 = AXIS2_PLACEMENT_3D ( 'NONE', #6459, #1889, #2481 ) ;
#8007 = ORIENTED_EDGE ( 'NONE', *, *, #4504, .F. ) ;
#8008 = AXIS2_PLACEMENT_3D ( 'NONE', #1716, #8214, #7744 ) ;
#8009 = CARTESIAN_POINT ( 'NONE',  ( 3.000000000000000888, 9.714105481848045898, 21.67143640111402192 ) ) ;
#8010 = VERTEX_POINT ( 'NONE', #3900 ) ;
#8011 = AXIS2_PLACEMENT_3D ( 'NONE', #6871, #7606, #2986 ) ;
#8012 = LINE ( 'NONE', #4761, #7222 ) ;
#8013 = CYLINDRICAL_SURFACE ( 'NONE', #3890, 26.00000000000000000 ) ;
#8014 = CARTESIAN_POINT ( 'NONE',  ( 3.000000000000000888, 0.000000000000000000, 0.000000000000000000 ) ) ;
#8015 = DIRECTION ( 'NONE',  ( -1.000000000000000000, 0.000000000000000000, -0.000000000000000000 ) ) ;
#8016 = AXIS2_PLACEMENT_3D ( 'NONE', #3256, #2064, #8441 ) ;
#8017 = ORIENTED_EDGE ( 'NONE', *, *, #5508, .F. ) ;
#8018 = CIRCLE ( 'NONE', #194, 23.74900000000000588 ) ;
#8019 = ORIENTED_EDGE ( 'NONE', *, *, #5196, .T. ) ;
#8020 = ADVANCED_FACE ( 'NONE', ( #7860 ), #7813, .F. ) ;
#8021 = VERTEX_POINT ( 'NONE', #4601 ) ;
#8022 = ORIENTED_EDGE ( 'NONE', *, *, #7252, .F. ) ;
#8023 = VERTEX_POINT ( 'NONE', #2599 ) ;
#8024 = CYLINDRICAL_SURFACE ( 'NONE', #6498, 26.00000000000000000 ) ;
#8025 = EDGE_CURVE ( 'NONE', #205, #4900, #5095, .T. ) ;
#8026 = AXIS2_PLACEMENT_3D ( 'NONE', #4743, #3508, #1457 ) ;
#8027 = DIRECTION ( 'NONE',  ( -1.000000000000000000, 0.000000000000000000, 0.000000000000000000 ) ) ;
#8028 = CIRCLE ( 'NONE', #2933, 26.00000000000000000 ) ;
#8029 = EDGE_CURVE ( 'NONE', #7841, #4853, #2059, .T. ) ;
#8030 = AXIS2_PLACEMENT_3D ( 'NONE', #3637, #1061, #6317 ) ;
#8031 = EDGE_CURVE ( 'NONE', #148, #1207, #3560, .T. ) ;
#8032 = ORIENTED_EDGE ( 'NONE', *, *, #3942, .T. ) ;
#8033 = APPLICATION_CONTEXT ( 'configuration controlled 3d designs of mechanical parts and assemblies' ) ;
#8034 = VERTEX_POINT ( 'NONE', #5934 ) ;
#8035 = DIRECTION ( 'NONE',  ( 1.000000000000000000, 0.000000000000000000, -0.000000000000000000 ) ) ;
#8036 = ORIENTED_EDGE ( 'NONE', *, *, #8110, .F. ) ;
#8037 = CARTESIAN_POINT ( 'NONE',  ( 3.000000000000000888, 16.16797261240393269, 17.04363664947943491 ) ) ;
#8038 = DIRECTION ( 'NONE',  ( -1.000000000000000000, 0.000000000000000000, -0.000000000000000000 ) ) ;
#8039 = VECTOR ( 'NONE', #2881, 1000.000000000000000 ) ;
#8040 = DIRECTION ( 'NONE',  ( 0.000000000000000000, 0.6845471059286900584, -0.7289686274214102202 ) ) ;
#8041 = EDGE_CURVE ( 'NONE', #6094, #5677, #1364, .T. ) ;
#8042 = ORIENTED_EDGE ( 'NONE', *, *, #7660, .F. ) ;
#8043 = ORIENTED_EDGE ( 'NONE', *, *, #7136, .T. ) ;
#8044 = CARTESIAN_POINT ( 'NONE',  ( 0.000000000000000000, 0.000000000000000000, 0.000000000000000000 ) ) ;
#8045 = CARTESIAN_POINT ( 'NONE',  ( 0.000000000000000000, -11.21328339503284255, 20.64342907894913637 ) ) ;
#8046 = PERSON_AND_ORGANIZATION ( #1044, #909 ) ;
#8047 = LINE ( 'NONE', #260, #5267 ) ;
#8048 = DIRECTION ( 'NONE',  ( 0.000000000000000000, -0.9980267284282722251, 0.06279051952930256308 ) ) ;
#8049 = DIRECTION ( 'NONE',  ( 0.000000000000000000, -0.000000000000000000, 1.000000000000000000 ) ) ;
#8050 = ORIENTED_EDGE ( 'NONE', *, *, #8501, .T. ) ;
#8051 = APPROVAL_PERSON_ORGANIZATION ( #7957, #6428, #2065 ) ;
#8052 = DIRECTION ( 'NONE',  ( 0.000000000000000000, 0.000000000000000000, 1.000000000000000000 ) ) ;
#8053 = ORIENTED_EDGE ( 'NONE', *, *, #182, .T. ) ;
#8054 = CARTESIAN_POINT ( 'NONE',  ( 1.499999999999999556, 6.158349177668569041, -25.26014123883532037 ) ) ;
#8055 = DIRECTION ( 'NONE',  ( -1.000000000000000000, -0.000000000000000000, 0.000000000000000000 ) ) ;
#8056 = DIRECTION ( 'NONE',  ( 0.000000000000000000, 0.000000000000000000, 1.000000000000000000 ) ) ;
#8057 = DIRECTION ( 'NONE',  ( -1.000000000000000000, -0.000000000000000000, 0.000000000000000000 ) ) ;
#8058 = DIRECTION ( 'NONE',  ( -1.000000000000000000, 0.000000000000000000, -0.000000000000000000 ) ) ;
#8059 = VERTEX_POINT ( 'NONE', #7358 ) ;
#8060 = VERTEX_POINT ( 'NONE', #6743 ) ;
#8061 = ORIENTED_EDGE ( 'NONE', *, *, #2148, .F. ) ;
#8062 = ORIENTED_EDGE ( 'NONE', *, *, #3112, .T. ) ;
#8063 = DIRECTION ( 'NONE',  ( 0.000000000000000000, 0.000000000000000000, 1.000000000000000000 ) ) ;
#8064 = DIRECTION ( 'NONE',  ( 1.000000000000000000, 0.000000000000000000, 0.000000000000000000 ) ) ;
#8065 = EDGE_CURVE ( 'NONE', #238, #4552, #3009, .T. ) ;
#8066 = EDGE_CURVE ( 'NONE', #1084, #5418, #960, .T. ) ;
#8067 = ORIENTED_EDGE ( 'NONE', *, *, #3117, .T. ) ;
#8068 = ORIENTED_EDGE ( 'NONE', *, *, #5626, .T. ) ;
#8069 = CYLINDRICAL_SURFACE ( 'NONE', #846, 9.999999999999998224 ) ;
#8070 = CARTESIAN_POINT ( 'NONE',  ( 0.000000000000000000, 7.000000000000008882, 0.000000000000000000 ) ) ;
#8071 = ORIENTED_EDGE ( 'NONE', *, *, #1406, .T. ) ;
#8072 = DIRECTION ( 'NONE',  ( -1.000000000000000000, 0.000000000000000000, 0.000000000000000000 ) ) ;
#8073 = EDGE_CURVE ( 'NONE', #3123, #3925, #6737, .T. ) ;
#8074 = DIRECTION ( 'NONE',  ( 0.000000000000000000, 0.000000000000000000, 1.000000000000000000 ) ) ;
#8075 = CARTESIAN_POINT ( 'NONE',  ( -10.00000000000000000, 0.000000000000000000, 0.000000000000000000 ) ) ;
#8076 = ORIENTED_EDGE ( 'NONE', *, *, #4361, .T. ) ;
#8077 = VERTEX_POINT ( 'NONE', #1455 ) ;
#8078 = CARTESIAN_POINT ( 'NONE',  ( 12.69673203802779149, 7.000000000000008882, 9.700166218167050047 ) ) ;
#8079 = CARTESIAN_POINT ( 'NONE',  ( 3.000000000000000888, -17.00973468965515778, 16.57359124594130151 ) ) ;
#8080 = PERSON_AND_ORGANIZATION ( #1044, #909 ) ;
#8081 = EDGE_CURVE ( 'NONE', #7366, #4038, #4117, .T. ) ;
#8082 = CARTESIAN_POINT ( 'NONE',  ( 3.000000000000000888, 10.50612486395264078, -21.29874036986780439 ) ) ;
#8083 = DIRECTION ( 'NONE',  ( -1.000000000000000000, 0.000000000000000000, 0.000000000000000000 ) ) ;
#8084 = EDGE_CURVE ( 'NONE', #5944, #7904, #725, .T. ) ;
#8085 = CARTESIAN_POINT ( 'NONE',  ( 3.000000000000000888, -24.62765115230537560, 8.335394335024080448 ) ) ;
#8086 = CIRCLE ( 'NONE', #284, 23.74900000000000588 ) ;
#8087 = EDGE_LOOP ( 'NONE', ( #3295, #561, #3596, #1648 ) ) ;
#8088 = DIRECTION ( 'NONE',  ( -1.000000000000000000, 0.000000000000000000, 0.000000000000000000 ) ) ;
#8089 = VERTEX_POINT ( 'NONE', #4741 ) ;
#8090 = CARTESIAN_POINT ( 'NONE',  ( 15.37268543422232270, 10.00000000000000888, 7.428415564691093209 ) ) ;
#8091 = DIRECTION ( 'NONE',  ( -1.000000000000000000, -0.000000000000000000, 0.000000000000000000 ) ) ;
#8092 = CARTESIAN_POINT ( 'NONE',  ( 3.000000000000000888, 0.000000000000000000, 0.000000000000000000 ) ) ;
#8093 = AXIS2_PLACEMENT_3D ( 'NONE', #8164, #2737, #8040 ) ;
#8094 = AXIS2_PLACEMENT_3D ( 'NONE', #2794, #5445, #2279 ) ;
#8095 = DIRECTION ( 'NONE',  ( 0.000000000000000000, -0.9048270524660235736, 0.4257792915650641663 ) ) ;
#8096 = FACE_OUTER_BOUND ( 'NONE', #4247, .T. ) ;
#8097 = AXIS2_PLACEMENT_3D ( 'NONE', #1896, #8440, #2537 ) ;
#8098 = EDGE_LOOP ( 'NONE', ( #1583, #3376, #5313, #5841 ) ) ;
#8099 = ORIENTED_EDGE ( 'NONE', *, *, #3284, .T. ) ;
#8100 = VECTOR ( 'NONE', #2174, 1000.000000000000000 ) ;
#8101 = AXIS2_PLACEMENT_3D ( 'NONE', #7978, #7941, #2085 ) ;
#8102 = ORIENTED_EDGE ( 'NONE', *, *, #3393, .F. ) ;
#8103 = EDGE_LOOP ( 'NONE', ( #2108, #1722, #6293, #8354 ) ) ;
#8104 = VERTEX_POINT ( 'NONE', #8510 ) ;
#8105 = DIRECTION ( 'NONE',  ( -1.000000000000000000, 0.000000000000000000, 0.000000000000000000 ) ) ;
#8106 = DIRECTION ( 'NONE',  ( -1.000000000000000000, -0.000000000000000000, 0.000000000000000000 ) ) ;
#8107 = AXIS2_PLACEMENT_3D ( 'NONE', #4706, #5319, #7198 ) ;
#8108 = B_SPLINE_CURVE_WITH_KNOTS ( 'NONE', 2,
 ( #5937, #1930, #4472, #7912, #3210 ),
 .UNSPECIFIED., .F., .F.,
 ( 3, 1, 1, 3 ),
 ( 0.002399098765396647220, 0.3755997746913342095, 0.6244002253086259335, 0.9976009012345634641 ),
 .UNSPECIFIED. ) ;
#8109 = VERTEX_POINT ( 'NONE', #35 ) ;
#8110 = EDGE_CURVE ( 'NONE', #2333, #5574, #7392, .T. ) ;
#8111 = ORIENTED_EDGE ( 'NONE', *, *, #5209, .T. ) ;
#8112 = AXIS2_PLACEMENT_3D ( 'NONE', #888, #8064, #7476 ) ;
#8113 = FACE_OUTER_BOUND ( 'NONE', #6560, .T. ) ;
#8114 = VECTOR ( 'NONE', #1422, 1000.000000000000000 ) ;
#8115 = VERTEX_POINT ( 'NONE', #115 ) ;
#8116 = CARTESIAN_POINT ( 'NONE',  ( 3.000000000000000888, 0.000000000000000000, 0.000000000000000000 ) ) ;
#8117 = DIRECTION ( 'NONE',  ( 0.000000000000000000, -0.3681245526846854688, 0.9297764858882483496 ) ) ;
#8118 = DIRECTION ( 'NONE',  ( 0.000000000000000000, 0.000000000000000000, 1.000000000000000000 ) ) ;
#8119 = CIRCLE ( 'NONE', #297, 23.74900000000000233 ) ;
#8120 = ORIENTED_EDGE ( 'NONE', *, *, #3338, .T. ) ;
#8121 = VERTEX_POINT ( 'NONE', #5305 ) ;
#8122 = EDGE_CURVE ( 'NONE', #6541, #3657, #1641, .T. ) ;
#8123 = VERTEX_POINT ( 'NONE', #2606 ) ;
#8124 = AXIS2_PLACEMENT_3D ( 'NONE', #4333, #6146, #2984 ) ;
#8125 = AXIS2_PLACEMENT_3D ( 'NONE', #1563, #8057, #2162 ) ;
#8126 = DIRECTION ( 'NONE',  ( -1.000000000000000000, 0.000000000000000000, 0.000000000000000000 ) ) ;
#8127 = CARTESIAN_POINT ( 'NONE',  ( 0.000000000000000000, 21.20563999867581373, -10.10988233766756039 ) ) ;
#8128 = PERSON_AND_ORGANIZATION_ROLE ( 'classification_officer' ) ;
#8129 = EDGE_CURVE ( 'NONE', #5475, #6387, #1976, .T. ) ;
#8130 = CARTESIAN_POINT ( 'NONE',  ( 1.499999999999999556, -12.80251323316784529, -22.62953059421609581 ) ) ;
#8131 = CARTESIAN_POINT ( 'NONE',  ( 0.000000000000000000, -9.275723936747011678, 24.28911166447341685 ) ) ;
#8132 = CARTESIAN_POINT ( 'NONE',  ( 3.000000000000000888, -25.92685648092479767, -1.948874808069432252 ) ) ;
#8133 = VECTOR ( 'NONE', #3371, 1000.000000000000000 ) ;
#8134 = AXIS2_PLACEMENT_3D ( 'NONE', #3394, #2235, #4882 ) ;
#8135 = ORIENTED_EDGE ( 'NONE', *, *, #1973, .T. ) ;
#8136 = ADVANCED_FACE ( 'NONE', ( #6059 ), #6702, .T. ) ;
#8137 = EDGE_CURVE ( 'NONE', #3312, #3892, #2738, .T. ) ;
#8138 = CARTESIAN_POINT ( 'NONE',  ( 3.000000000000000888, 0.000000000000000000, 0.000000000000000000 ) ) ;
#8139 = ORIENTED_EDGE ( 'NONE', *, *, #5250, .T. ) ;
#8140 = CARTESIAN_POINT ( 'NONE',  ( 3.000000000000000888, -13.71217102453769243, 19.07525240799584765 ) ) ;
#8141 = DIRECTION ( 'NONE',  ( -1.000000000000000000, -0.000000000000000000, -0.000000000000000000 ) ) ;
#8142 = CYLINDRICAL_SURFACE ( 'NONE', #3356, 23.74900000000000233 ) ;
#8143 = VECTOR ( 'NONE', #2423, 1000.000000000000000 ) ;
#8144 = CARTESIAN_POINT ( 'NONE',  ( 3.000000000000000888, -8.758419641788439236, -21.79860027646859066 ) ) ;
#8145 = CYLINDRICAL_SURFACE ( 'NONE', #5759, 23.74900000000000233 ) ;
#8146 = CARTESIAN_POINT ( 'NONE',  ( 3.000000000000000888, -22.23862650171288280, -8.334176163083755640 ) ) ;
#8147 = ORIENTED_EDGE ( 'NONE', *, *, #6671, .T. ) ;
#8148 = ORIENTED_EDGE ( 'NONE', *, *, #4034, .F. ) ;
#8149 = AXIS2_PLACEMENT_3D ( 'NONE', #4143, #2756, #2882 ) ;
#8150 = EDGE_CURVE ( 'NONE', #5013, #2662, #7558, .T. ) ;
#8151 = ORIENTED_EDGE ( 'NONE', *, *, #1785, .T. ) ;
#8152 = ORIENTED_EDGE ( 'NONE', *, *, #833, .T. ) ;
#8153 = DIRECTION ( 'NONE',  ( -1.000000000000000000, 0.000000000000000000, -0.000000000000000000 ) ) ;
#8154 = DIRECTION ( 'NONE',  ( 0.000000000000000000, 0.000000000000000000, 1.000000000000000000 ) ) ;
#8155 = CIRCLE ( 'NONE', #8016, 9.999999999999998224 ) ;
#8156 = CIRCLE ( 'NONE', #880, 23.74900000000000944 ) ;
#8157 = ORIENTED_EDGE ( 'NONE', *, *, #4898, .F. ) ;
#8158 = VECTOR ( 'NONE', #3083, 1000.000000000000000 ) ;
#8159 = VERTEX_POINT ( 'NONE', #7910 ) ;
#8160 = AXIS2_PLACEMENT_3D ( 'NONE', #2542, #4525, #7241 ) ;
#8161 = CARTESIAN_POINT ( 'NONE',  ( 0.000000000000000000, 0.000000000000000000, 0.000000000000000000 ) ) ;
#8162 = CARTESIAN_POINT ( 'NONE',  ( -14.11953930602272145, 10.00000000000000888, -9.598928328047540148 ) ) ;
#8163 = CARTESIAN_POINT ( 'NONE',  ( 3.000000000000000888, 7.753840929970859719, -22.44756004185552456 ) ) ;
#8164 = CARTESIAN_POINT ( 'NONE',  ( 3.000000000000000888, 22.37893697895717438, 7.146472439377716590 ) ) ;
#8165 = VECTOR ( 'NONE', #7251, 1000.000000000000000 ) ;
#8166 = ORIENTED_EDGE ( 'NONE', *, *, #1022, .F. ) ;
#8167 = ORIENTED_EDGE ( 'NONE', *, *, #4886, .T. ) ;
#8168 = CIRCLE ( 'NONE', #759, 10.00000000000000000 ) ;
#8169 = DIRECTION ( 'NONE',  ( -1.000000000000000000, -0.000000000000000000, -0.000000000000000000 ) ) ;
#8170 = CARTESIAN_POINT ( 'NONE',  ( 0.000000000000000000, -23.10781753700494434, -5.481219725251569308 ) ) ;
#8171 = PERSON_AND_ORGANIZATION_ROLE ( 'design_supplier' ) ;
#8172 = CARTESIAN_POINT ( 'NONE',  ( 0.000000000000000000, 23.65875512592457852, 10.78254635471313527 ) ) ;
#8173 = LINE ( 'NONE', #2155, #6725 ) ;
#8174 = CARTESIAN_POINT ( 'NONE',  ( 3.000000000000000888, 23.61258448579736324, 2.541821178030043260 ) ) ;
#8175 = ADVANCED_FACE ( 'NONE', ( #4040 ), #6666, .T. ) ;
#8176 = ORIENTED_EDGE ( 'NONE', *, *, #2185, .T. ) ;
#8177 = EDGE_CURVE ( 'NONE', #3795, #3533, #6055, .T. ) ;
#8178 = DIRECTION ( 'NONE',  ( 0.000000000000000000, -0.9510565162951565288, 0.3090169943749380699 ) ) ;
#8179 =( GEOMETRIC_REPRESENTATION_CONTEXT ( 3 ) GLOBAL_UNCERTAINTY_ASSIGNED_CONTEXT ( ( #4770 ) ) GLOBAL_UNIT_ASSIGNED_CONTEXT ( ( #1478, #6167, #4763 ) ) REPRESENTATION_CONTEXT ( 'NONE', 'WORKASPACE' ) );
#8180 = ORIENTED_EDGE ( 'NONE', *, *, #8065, .T. ) ;
#8181 = CARTESIAN_POINT ( 'NONE',  ( 1.500000000000000444, -17.56576837257065549, 19.16882316369986938 ) ) ;
#8182 = CARTESIAN_POINT ( 'NONE',  ( 0.000000000000000000, 14.79838606843872917, 18.57478857940080985 ) ) ;
#8183 = COORDINATED_UNIVERSAL_TIME_OFFSET ( 7, 0, .AHEAD. ) ;
#8184 = CYLINDRICAL_SURFACE ( 'NONE', #1267, 23.74900000000000233 ) ;
#8185 = CARTESIAN_POINT ( 'NONE',  ( 3.000000000000000888, -20.23396159193291410, 16.32748597599102780 ) ) ;
#8186 = CARTESIAN_POINT ( 'NONE',  ( 3.000000000000000888, -18.95282963369261253, 14.31101847794990078 ) ) ;
#8187 = EDGE_CURVE ( 'NONE', #3533, #4229, #2141, .T. ) ;
#8188 = EDGE_CURVE ( 'NONE', #2459, #4415, #2329, .T. ) ;
#8189 = APPROVAL_PERSON_ORGANIZATION ( #3430, #794, #220 ) ;
#8190 = ORIENTED_EDGE ( 'NONE', *, *, #3814, .T. ) ;
#8191 = ORIENTED_EDGE ( 'NONE', *, *, #420, .T. ) ;
#8192 = ORIENTED_EDGE ( 'NONE', *, *, #3078, .F. ) ;
#8193 = CARTESIAN_POINT ( 'NONE',  ( 0.000000000000000000, 20.59702713253518525, -11.82275239957301594 ) ) ;
#8194 = VECTOR ( 'NONE', #7161, 1000.000000000000000 ) ;
#8195 = FACE_OUTER_BOUND ( 'NONE', #6857, .T. ) ;
#8196 = APPLICATION_CONTEXT ( 'configuration controlled 3d designs of mechanical parts and assemblies' ) ;
#8197 = EDGE_CURVE ( 'NONE', #4330, #2206, #8243, .T. ) ;
#8198 = EDGE_CURVE ( 'NONE', #438, #2918, #454, .T. ) ;
#8199 = ORIENTED_EDGE ( 'NONE', *, *, #1341, .T. ) ;
#8200 = CC_DESIGN_DATE_AND_TIME_ASSIGNMENT ( #6677, #3392, ( #5541 ) ) ;
#8201 = ORIENTED_EDGE ( 'NONE', *, *, #5056, .T. ) ;
#8202 = CARTESIAN_POINT ( 'NONE',  ( -2.050538145046632010, 7.000000000000008882, -15.85322226736041173 ) ) ;
#8203 = CARTESIAN_POINT ( 'NONE',  ( -12.69673203797261252, 7.000000000000008882, -9.700166218279626662 ) ) ;
#8204 = LOCAL_TIME ( 18, 30, 54.00000000000000000, #2621 ) ;
#8205 = CARTESIAN_POINT ( 'NONE',  ( 0.000000000000000000, 0.000000000000000000, 0.000000000000000000 ) ) ;
#8206 = DIRECTION ( 'NONE',  ( 0.000000000000000000, 0.000000000000000000, -1.000000000000000000 ) ) ;
#8207 = ORIENTED_EDGE ( 'NONE', *, *, #8198, .F. ) ;
#8208 = VERTEX_POINT ( 'NONE', #3761 ) ;
#8209 = CARTESIAN_POINT ( 'NONE',  ( 3.000000000000000888, -21.78099992762119541, -14.19817038047387214 ) ) ;
#8210 = CARTESIAN_POINT ( 'NONE',  ( 0.000000000000000000, -23.45311694635235966, 1.356537554084675357 ) ) ;
#8211 = DATE_AND_TIME ( #2312, #3388 ) ;
#8212 = DIRECTION ( 'NONE',  ( -1.000000000000000000, 0.000000000000000000, 0.000000000000000000 ) ) ;
#8213 = DIRECTION ( 'NONE',  ( -1.000000000000000000, -0.000000000000000000, 0.000000000000000000 ) ) ;
#8214 = DIRECTION ( 'NONE',  ( -1.000000000000000000, 0.000000000000000000, 0.000000000000000000 ) ) ;
#8215 = ORIENTED_EDGE ( 'NONE', *, *, #4547, .F. ) ;
#8216 = DIRECTION ( 'NONE',  ( -1.000000000000000000, 0.000000000000000000, -0.000000000000000000 ) ) ;
#8217 = EDGE_CURVE ( 'NONE', #3236, #5756, #210, .T. ) ;
#8218 = ORIENTED_EDGE ( 'NONE', *, *, #1509, .F. ) ;
#8219 = CARTESIAN_POINT ( 'NONE',  ( 3.000000000000000888, 22.23862650171294675, 8.334176163083599320 ) ) ;
#8220 = CARTESIAN_POINT ( 'NONE',  ( 3.000000000000000888, 9.275723936747180431, -24.28911166447334935 ) ) ;
#8221 = APPROVAL_STATUS ( 'not_yet_approved' ) ;
#8222 = LINE ( 'NONE', #5018, #2770 ) ;
#8223 = CARTESIAN_POINT ( 'NONE',  ( 3.000000000000000888, 14.79838606843898674, -18.57478857940060735 ) ) ;
#8224 = ADVANCED_FACE ( 'NONE', ( #1179 ), #3629, .F. ) ;
#8225 = CARTESIAN_POINT ( 'NONE',  ( 3.000000000000000888, -22.23862650171300714, 8.334176163083432343 ) ) ;
#8226 = ORIENTED_EDGE ( 'NONE', *, *, #502, .T. ) ;
#8227 = ORIENTED_EDGE ( 'NONE', *, *, #1470, .T. ) ;
#8228 = EDGE_CURVE ( 'NONE', #8435, #1519, #3983, .T. ) ;
#8229 = AXIS2_PLACEMENT_3D ( 'NONE', #1113, #8213, #512 ) ;
#8230 = ORIENTED_EDGE ( 'NONE', *, *, #6678, .T. ) ;
#8231 = DIRECTION ( 'NONE',  ( 1.000000000000000000, 0.000000000000000000, -0.000000000000000000 ) ) ;
#8232 = LINE ( 'NONE', #2890, #2365 ) ;
#8233 = DIRECTION ( 'NONE',  ( 0.000000000000000000, 0.000000000000000000, 1.000000000000000000 ) ) ;
#8234 = CARTESIAN_POINT ( 'NONE',  ( 14.74895638494033712, 10.00000000000000888, 6.145609380784566866 ) ) ;
#8235 = EDGE_CURVE ( 'NONE', #5543, #5532, #6401, .T. ) ;
#8236 = CIRCLE ( 'NONE', #8093, 10.00000000000000000 ) ;
#8237 = ORIENTED_EDGE ( 'NONE', *, *, #7545, .T. ) ;
#8238 = ORIENTED_EDGE ( 'NONE', *, *, #2658, .T. ) ;
#8239 = EDGE_CURVE ( 'NONE', #2570, #1260, #893, .T. ) ;
#8240 = ORIENTED_EDGE ( 'NONE', *, *, #7871, .T. ) ;
#8241 = ADVANCED_FACE ( 'NONE', ( #407 ), #5067, .T. ) ;
#8242 = CARTESIAN_POINT ( 'NONE',  ( 3.000000000000000888, -18.17661741219002636, -14.88285819611920324 ) ) ;
#8243 = CIRCLE ( 'NONE', #1925, 23.74900000000000233 ) ;
#8244 = CARTESIAN_POINT ( 'NONE',  ( -1.253146128134763337, 7.000000000000008882, 17.02734389275728688 ) ) ;
#8245 = DIRECTION ( 'NONE',  ( -1.000000000000000000, -0.000000000000000000, -0.000000000000000000 ) ) ;
#8246 = CARTESIAN_POINT ( 'NONE',  ( 0.000000000000000000, -25.47815669208875988, 5.183004107018707174 ) ) ;
#8247 = ORIENTED_EDGE ( 'NONE', *, *, #2137, .T. ) ;
#8248 = ORIENTED_EDGE ( 'NONE', *, *, #4463, .T. ) ;
#8249 = FACE_OUTER_BOUND ( 'NONE', #7849, .T. ) ;
#8250 = CYLINDRICAL_SURFACE ( 'NONE', #2523, 1.600000000000000089 ) ;
#8251 = PERSON_AND_ORGANIZATION ( #1044, #909 ) ;
#8252 = AXIS2_PLACEMENT_3D ( 'NONE', #3092, #7064, #1166 ) ;
#8253 = CARTESIAN_POINT ( 'NONE',  ( 3.000000000000000888, -23.45311694635233835, -1.356537554084999764 ) ) ;
#8254 = CARTESIAN_POINT ( 'NONE',  ( 3.000000000000000888, 19.77132294913425170, -12.68793432659388110 ) ) ;
#8255 = DIRECTION ( 'NONE',  ( -1.000000000000000000, 0.000000000000000000, 0.000000000000000000 ) ) ;
#8256 = EDGE_LOOP ( 'NONE', ( #5516, #4353, #7066, #8135 ) ) ;
#8257 = VERTEX_POINT ( 'NONE', #4407 ) ;
#8258 = VECTOR ( 'NONE', #752, 1000.000000000000000 ) ;
#8259 = CARTESIAN_POINT ( 'NONE',  ( 0.000000000000000000, 0.000000000000000000, 0.000000000000000000 ) ) ;
#8260 = VERTEX_POINT ( 'NONE', #7593 ) ;
#8261 = CARTESIAN_POINT ( 'NONE',  ( 3.000000000000000888, -19.89860609720107121, -12.48736817841751190 ) ) ;
#8262 = CARTESIAN_POINT ( 'NONE',  ( 3.000000000000000888, 16.16797261240417072, -17.04363664947920398 ) ) ;
#8263 = COORDINATED_UNIVERSAL_TIME_OFFSET ( 7, 0, .AHEAD. ) ;
#8264 = DIRECTION ( 'NONE',  ( -1.000000000000000000, 0.000000000000000000, 0.000000000000000000 ) ) ;
#8265 = DIRECTION ( 'NONE',  ( -1.000000000000000000, 0.000000000000000000, -0.000000000000000000 ) ) ;
#8266 = DIRECTION ( 'NONE',  ( -1.000000000000000000, -0.000000000000000000, 0.000000000000000000 ) ) ;
#8267 = CIRCLE ( 'NONE', #4564, 9.999999999999996447 ) ;
#8268 = ORIENTED_EDGE ( 'NONE', *, *, #2829, .F. ) ;
#8269 = EDGE_LOOP ( 'NONE', ( #7683, #248, #2381, #5767 ) ) ;
#8270 = CIRCLE ( 'NONE', #726, 10.00000000000000000 ) ;
#8271 = ORIENTED_EDGE ( 'NONE', *, *, #5531, .T. ) ;
#8272 = AXIS2_PLACEMENT_3D ( 'NONE', #2746, #3478, #7326 ) ;
#8273 = CARTESIAN_POINT ( 'NONE',  ( 3.000000000000000888, 0.000000000000000000, 0.000000000000000000 ) ) ;
#8274 = CARTESIAN_POINT ( 'NONE',  ( 3.000000000000000888, 22.89013261011085731, 6.329046538898232654 ) ) ;
#8275 = DIRECTION ( 'NONE',  ( -0.7342190668223670391, 0.000000000000000000, -0.6789126320186510410 ) ) ;
#8276 = CARTESIAN_POINT ( 'NONE',  ( 3.000000000000000888, 21.20563999867581373, 10.10988233766755862 ) ) ;
#8277 = ADVANCED_FACE ( 'NONE', ( #3064 ), #4325, .T. ) ;
#8278 = CIRCLE ( 'NONE', #4032, 23.74900000000000588 ) ;
#8279 = AXIS2_PLACEMENT_3D ( 'NONE', #5690, #3119, #7655 ) ;
#8280 = VERTEX_POINT ( 'NONE', #5468 ) ;
#8281 = EDGE_CURVE ( 'NONE', #7420, #7087, #2488, .T. ) ;
#8282 = ORIENTED_EDGE ( 'NONE', *, *, #92, .F. ) ;
#8283 = DIRECTION ( 'NONE',  ( -1.000000000000000000, 0.000000000000000000, 0.000000000000000000 ) ) ;
#8284 = ORIENTED_EDGE ( 'NONE', *, *, #1292, .F. ) ;
#8285 = DIRECTION ( 'NONE',  ( 0.000000000000000000, 0.000000000000000000, 1.000000000000000000 ) ) ;
#8286 = CIRCLE ( 'NONE', #4169, 9.999999999999996447 ) ;
#8287 = CIRCLE ( 'NONE', #1418, 10.00000000000000178 ) ;
#8288 = CARTESIAN_POINT ( 'NONE',  ( 3.000000000000000888, -1.927758584903859429, -23.67063049093390248 ) ) ;
#8289 = LINE ( 'NONE', #4950, #1688 ) ;
#8290 = CARTESIAN_POINT ( 'NONE',  ( 0.000000000000000000, 0.1187726605500743354, -23.49201527519569765 ) ) ;
#8291 = EDGE_CURVE ( 'NONE', #3108, #1260, #6359, .T. ) ;
#8292 = EDGE_CURVE ( 'NONE', #5944, #1408, #2633, .T. ) ;
#8293 = AXIS2_PLACEMENT_3D ( 'NONE', #5206, #7812, #7173 ) ;
#8294 = ORIENTED_EDGE ( 'NONE', *, *, #7927, .T. ) ;
#8295 = ORIENTED_EDGE ( 'NONE', *, *, #1658, .T. ) ;
#8296 = DIRECTION ( 'NONE',  ( 0.000000000000000000, 0.000000000000000000, -1.000000000000000000 ) ) ;
#8297 = DATE_TIME_ROLE ( 'classification_date' ) ;
#8298 = AXIS2_PLACEMENT_3D ( 'NONE', #7652, #3646, #3682 ) ;
#8299 = DIRECTION ( 'NONE',  ( 1.000000000000000000, 0.000000000000000000, 0.000000000000000000 ) ) ;
#8300 = DIRECTION ( 'NONE',  ( 0.000000000000000000, 0.000000000000000000, 1.000000000000000000 ) ) ;
#8301 = LINE ( 'NONE', #2407, #5005 ) ;
#8302 = EDGE_CURVE ( 'NONE', #1015, #606, #7046, .T. ) ;
#8303 = ORIENTED_EDGE ( 'NONE', *, *, #4886, .F. ) ;
#8304 = ORIENTED_EDGE ( 'NONE', *, *, #3587, .T. ) ;
#8305 = APPROVAL ( #5185, 'UNSPECIFIED' ) ;
#8306 = CYLINDRICAL_SURFACE ( 'NONE', #4972, 23.74900000000000233 ) ;
#8307 = ORIENTED_EDGE ( 'NONE', *, *, #7298, .F. ) ;
#8308 = CARTESIAN_POINT ( 'NONE',  ( 0.000000000000000000, 22.23862650171306399, -8.334176163083276023 ) ) ;
#8309 = DIRECTION ( 'NONE',  ( -1.000000000000000000, -0.000000000000000000, -0.000000000000000000 ) ) ;
#8310 =( LENGTH_UNIT ( ) NAMED_UNIT ( * ) SI_UNIT ( .MILLI., .METRE. ) );
#8311 = CARTESIAN_POINT ( 'NONE',  ( 3.000000000000000888, -7.753840929970703399, 22.44756004185558496 ) ) ;
#8312 = CARTESIAN_POINT ( 'NONE',  ( 0.000000000000000000, 23.45311694635234545, 1.356537554084838337 ) ) ;
#8313 = CARTESIAN_POINT ( 'NONE',  ( 1.500000000000000444, -6.158349177668386965, 25.26014123883536300 ) ) ;
#8314 = ORIENTED_EDGE ( 'NONE', *, *, #2813, .F. ) ;
#8315 = ORIENTED_EDGE ( 'NONE', *, *, #6406, .F. ) ;
#8316 = ORIENTED_EDGE ( 'NONE', *, *, #420, .F. ) ;
#8317 = DIRECTION ( 'NONE',  ( -1.000000000000000000, 0.000000000000000000, -0.000000000000000000 ) ) ;
#8318 = LINE ( 'NONE', #3670, #8143 ) ;
#8319 = DIRECTION ( 'NONE',  ( 0.000000000000000000, 0.6845471059286847293, 0.7289686274214153272 ) ) ;
#8320 = CARTESIAN_POINT ( 'NONE',  ( -10.00000000000000000, 0.000000000000000000, 0.000000000000000000 ) ) ;
#8321 = ORIENTED_EDGE ( 'NONE', *, *, #505, .T. ) ;
#8322 = EDGE_LOOP ( 'NONE', ( #1164, #7850, #5560, #7979 ) ) ;
#8323 = CARTESIAN_POINT ( 'NONE',  ( 3.000000000000000888, 0.000000000000000000, 0.000000000000000000 ) ) ;
#8324 = APPROVAL_PERSON_ORGANIZATION ( #8046, #3461, #4793 ) ;
#8325 = VERTEX_POINT ( 'NONE', #6949 ) ;
#8326 = DIRECTION ( 'NONE',  ( 0.000000000000000000, 0.000000000000000000, 1.000000000000000000 ) ) ;
#8327 = ADVANCED_FACE ( 'NONE', ( #5665 ), #5028, .T. ) ;
#8328 = CARTESIAN_POINT ( 'NONE',  ( 3.000000000000000888, 0.000000000000000000, 0.000000000000000000 ) ) ;
#8329 = EDGE_CURVE ( 'NONE', #1344, #7331, #3874, .T. ) ;
#8330 = DIRECTION ( 'NONE',  ( -1.000000000000000000, -0.000000000000000000, 0.000000000000000000 ) ) ;
#8331 = ORIENTED_EDGE ( 'NONE', *, *, #6424, .T. ) ;
#8332 = EDGE_LOOP ( 'NONE', ( #1475, #5335, #4307, #3252 ) ) ;
#8333 = EDGE_CURVE ( 'NONE', #3123, #4038, #166, .T. ) ;
#8334 = PLANE ( 'NONE',  #887 ) ;
#8335 = LINE ( 'NONE', #1068, #1000 ) ;
#8336 = FACE_OUTER_BOUND ( 'NONE', #7998, .T. ) ;
#8337 = CYLINDRICAL_SURFACE ( 'NONE', #7477, 9.999999999999998224 ) ;
#8338 = ORIENTED_EDGE ( 'NONE', *, *, #2098, .T. ) ;
#8339 = ORIENTED_EDGE ( 'NONE', *, *, #7958, .F. ) ;
#8340 = CIRCLE ( 'NONE', #517, 26.00000000000000000 ) ;
#8341 = DIRECTION ( 'NONE',  ( -1.000000000000000000, -0.000000000000000000, 0.000000000000000000 ) ) ;
#8342 = ADVANCED_FACE ( 'NONE', ( #6527 ), #2037, .T. ) ;
#8343 = ORIENTED_EDGE ( 'NONE', *, *, #2403, .F. ) ;
#8344 = EDGE_CURVE ( 'NONE', #25, #1046, #6420, .T. ) ;
#8345 = LINE ( 'NONE', #8181, #6463 ) ;
#8346 = DIRECTION ( 'NONE',  ( -1.000000000000000000, 0.000000000000000000, 0.000000000000000000 ) ) ;
#8347 = CARTESIAN_POINT ( 'NONE',  ( 0.000000000000000000, 0.000000000000000000, 0.000000000000000000 ) ) ;
#8348 = CARTESIAN_POINT ( 'NONE',  ( 0.000000000000000000, 0.000000000000000000, 0.000000000000000000 ) ) ;
#8349 = CARTESIAN_POINT ( 'NONE',  ( 3.000000000000000888, -13.71217102453742420, -19.07525240799602884 ) ) ;
#8350 = CARTESIAN_POINT ( 'NONE',  ( 0.000000000000000000, -8.758419641788751875, 21.79860027646846277 ) ) ;
#8351 = EDGE_LOOP ( 'NONE', ( #1420, #6016, #5724, #7320 ) ) ;
#8352 =( REPRESENTATION_RELATIONSHIP ('NONE','NONE', #7521, #6735 ) REPRESENTATION_RELATIONSHIP_WITH_TRANSFORMATION ( #3602 )SHAPE_REPRESENTATION_RELATIONSHIP( ) );
#8353 = ORIENTED_EDGE ( 'NONE', *, *, #346, .T. ) ;
#8354 = ORIENTED_EDGE ( 'NONE', *, *, #3613, .T. ) ;
#8355 = CARTESIAN_POINT ( 'NONE',  ( 3.000000000000000888, 9.714105481848045898, 21.67143640111402192 ) ) ;
#8356 = DIRECTION ( 'NONE',  ( -1.000000000000000000, 0.000000000000000000, 0.000000000000000000 ) ) ;
#8357 = DIRECTION ( 'NONE',  ( 0.6789126320186511521, 0.000000000000000000, -0.7342190668223671501 ) ) ;
#8358 = DIRECTION ( 'NONE',  ( 0.000000000000000000, 0.000000000000000000, 1.000000000000000000 ) ) ;
#8359 = EDGE_CURVE ( 'NONE', #3752, #5211, #1873, .T. ) ;
#8360 = AXIS2_PLACEMENT_3D ( 'NONE', #1518, #190, #2290 ) ;
#8361 = ORIENTED_EDGE ( 'NONE', *, *, #6662, .T. ) ;
#8362 = UNCERTAINTY_MEASURE_WITH_UNIT (LENGTH_MEASURE( 1.000000000000000082E-05 ), #8310, 'distance_accuracy_value', 'NONE');
#8363 = CARTESIAN_POINT ( 'NONE',  ( 3.000000000000000888, 1.927758584904378347, -23.67063049093385629 ) ) ;
#8364 = ORIENTED_EDGE ( 'NONE', *, *, #975, .T. ) ;
#8365 = CARTESIAN_POINT ( 'NONE',  ( 12.69673203802745931, 7.000000000000008882, -9.700166218278072350 ) ) ;
#8366 = AXIS2_PLACEMENT_3D ( 'NONE', #5435, #467, #977 ) ;
#8367 = CIRCLE ( 'NONE', #3973, 23.74900000000000588 ) ;
#8368 = CARTESIAN_POINT ( 'NONE',  ( 3.000000000000000888, 0.000000000000000000, 0.000000000000000000 ) ) ;
#8369 = AXIS2_PLACEMENT_3D ( 'NONE', #1499, #4091, #6028 ) ;
#8370 = CARTESIAN_POINT ( 'NONE',  ( 3.000000000000000888, 0.000000000000000000, 0.000000000000000000 ) ) ;
#8371 = ORIENTED_EDGE ( 'NONE', *, *, #3117, .F. ) ;
#8372 = EDGE_CURVE ( 'NONE', #8434, #2208, #4779, .T. ) ;
#8373 = VERTEX_POINT ( 'NONE', #7896 ) ;
#8374 = AXIS2_PLACEMENT_3D ( 'NONE', #2694, #7225, #3946 ) ;
#8375 = CIRCLE ( 'NONE', #2597, 23.74900000000000233 ) ;
#8376 = ORIENTED_EDGE ( 'NONE', *, *, #1825, .T. ) ;
#8377 = DIRECTION ( 'NONE',  ( -1.000000000000000000, 0.000000000000000000, -0.000000000000000000 ) ) ;
#8378 = PLANE ( 'NONE',  #37 ) ;
#8379 = DIRECTION ( 'NONE',  ( 0.000000000000000000, 0.000000000000000000, -1.000000000000000000 ) ) ;
#8380 = CARTESIAN_POINT ( 'NONE',  ( 3.000000000000000888, -1.054159027265731075, -23.72559271641563328 ) ) ;
#8381 = AXIS2_PLACEMENT_3D ( 'NONE', #740, #7960, #3304 ) ;
#8382 = EDGE_CURVE ( 'NONE', #6052, #3147, #8493, .T. ) ;
#8383 = VERTEX_POINT ( 'NONE', #1263 ) ;
#8384 = ORIENTED_EDGE ( 'NONE', *, *, #7725, .T. ) ;
#8385 = EDGE_CURVE ( 'NONE', #6751, #3802, #2691, .T. ) ;
#8386 = LINE ( 'NONE', #1758, #1247 ) ;
#8387 = ORIENTED_EDGE ( 'NONE', *, *, #7672, .T. ) ;
#8388 = AXIS2_PLACEMENT_3D ( 'NONE', #3840, #1777, #1220 ) ;
#8389 = DIRECTION ( 'NONE',  ( -0.000000000000000000, 1.000000000000000000, -0.000000000000000000 ) ) ;
#8390 = FACE_OUTER_BOUND ( 'NONE', #4799, .T. ) ;
#8391 = APPROVAL_ROLE ( '' ) ;
#8392 = VECTOR ( 'NONE', #5862, 1000.000000000000000 ) ;
#8393 = DIRECTION ( 'NONE',  ( 0.000000000000000000, 0.000000000000000000, 1.000000000000000000 ) ) ;
#8394 = CARTESIAN_POINT ( 'NONE',  ( 0.000000000000000000, 21.30678187720822692, 9.894944904949857900 ) ) ;
#8395 = CARTESIAN_POINT ( 'NONE',  ( 0.000000000000000000, -13.09272093277496296, 19.81402683899657546 ) ) ;
#8396 = MANIFOLD_SOLID_BREP ( 'Bore', #3996 ) ;
#8397 = EDGE_CURVE ( 'NONE', #4925, #5062, #5595, .T. ) ;
#8398 = CIRCLE ( 'NONE', #7847, 26.00000000000000000 ) ;
#8399 = EDGE_CURVE ( 'NONE', #4423, #1605, #5414, .T. ) ;
#8400 = EDGE_LOOP ( 'NONE', ( #4152, #2382, #1484, #7424 ) ) ;
#8401 = VERTEX_POINT ( 'NONE', #3231 ) ;
#8402 = B_SPLINE_CURVE_WITH_KNOTS ( 'NONE', 2,
 ( #60, #6561, #5325, #7157, #8489 ),
 .UNSPECIFIED., .F., .F.,
 ( 3, 1, 1, 3 ),
 ( 0.002399098765396647220, 0.3755997746913342095, 0.6244002253086259335, 0.9976009012345634641 ),
 .UNSPECIFIED. ) ;
#8403 = ORIENTED_EDGE ( 'NONE', *, *, #7094, .T. ) ;
#8404 = DIRECTION ( 'NONE',  ( 1.000000000000000000, 0.000000000000000000, 0.000000000000000000 ) ) ;
#8405 = DIRECTION ( 'NONE',  ( 0.000000000000000000, 0.000000000000000000, 1.000000000000000000 ) ) ;
#8406 = DIRECTION ( 'NONE',  ( -1.000000000000000000, 0.000000000000000000, 0.000000000000000000 ) ) ;
#8407 = AXIS2_PLACEMENT_3D ( 'NONE', #8070, #5747, #372 ) ;
#8408 = AXIS2_PLACEMENT_3D ( 'NONE', #8259, #6337, #2368 ) ;
#8409 = FACE_OUTER_BOUND ( 'NONE', #8269, .T. ) ;
#8410 = CIRCLE ( 'NONE', #983, 26.00000000000000000 ) ;
#8411 = ADVANCED_FACE ( 'NONE', ( #5234, #2508 ), #3143, .F. ) ;
#8412 = AXIS2_PLACEMENT_3D ( 'NONE', #6316, #5678, #3722 ) ;
#8413 = VERTEX_POINT ( 'NONE', #5874 ) ;
#8414 = CARTESIAN_POINT ( 'NONE',  ( 3.000000000000000888, -13.09272093277496296, 19.81402683899657546 ) ) ;
#8415 = ORIENTED_EDGE ( 'NONE', *, *, #3399, .T. ) ;
#8416 = DIRECTION ( 'NONE',  ( -0.2208460528671439549, 0.000000000000000000, -0.9753086798203953744 ) ) ;
#8417 = CC_DESIGN_PERSON_AND_ORGANIZATION_ASSIGNMENT ( #3038, #8171, ( #1869 ) ) ;
#8418 = DIRECTION ( 'NONE',  ( 0.000000000000000000, 0.000000000000000000, 1.000000000000000000 ) ) ;
#8419 = CIRCLE ( 'NONE', #7739, 26.00000000000000000 ) ;
#8420 = DIRECTION ( 'NONE',  ( 0.000000000000000000, 0.000000000000000000, -1.000000000000000000 ) ) ;
#8421 = AXIS2_PLACEMENT_3D ( 'NONE', #5727, #4255, #4345 ) ;
#8422 = DIRECTION ( 'NONE',  ( 1.000000000000000000, 0.000000000000000000, 0.000000000000000000 ) ) ;
#8423 = ORIENTED_EDGE ( 'NONE', *, *, #356, .T. ) ;
#8424 = AXIS2_PLACEMENT_3D ( 'NONE', #6380, #479, #1848 ) ;
#8425 = CIRCLE ( 'NONE', #183, 10.00000000000000178 ) ;
#8426 = ORIENTED_EDGE ( 'NONE', *, *, #548, .F. ) ;
#8427 = CIRCLE ( 'NONE', #2648, 9.999999999999998224 ) ;
#8428 = CARTESIAN_POINT ( 'NONE',  ( -1.061049529528108382, 7.000000000000009770, -17.46780392310058971 ) ) ;
#8429 = DIRECTION ( 'NONE',  ( -1.000000000000000000, -0.000000000000000000, -0.000000000000000000 ) ) ;
#8430 = FACE_OUTER_BOUND ( 'NONE', #2400, .T. ) ;
#8431 = DIRECTION ( 'NONE',  ( 0.000000000000000000, -0.2486898871648623721, 0.9685831611286292997 ) ) ;
#8432 = CIRCLE ( 'NONE', #878, 23.74899999999999878 ) ;
#8433 = AXIS2_PLACEMENT_3D ( 'NONE', #5248, #5299, #8420 ) ;
#8434 = VERTEX_POINT ( 'NONE', #1956 ) ;
#8435 = VERTEX_POINT ( 'NONE', #3887 ) ;
#8436 = CARTESIAN_POINT ( 'NONE',  ( 3.000000000000000888, 15.99480952573152948, 17.20624761156510729 ) ) ;
#8437 = CIRCLE ( 'NONE', #8298, 23.74900000000000233 ) ;
#8438 = VERTEX_POINT ( 'NONE', #7933 ) ;
#8439 = AXIS2_PLACEMENT_3D ( 'NONE', #653, #7200, #1299 ) ;
#8440 = DIRECTION ( 'NONE',  ( 0.000000000000000000, 1.000000000000000000, 0.000000000000000000 ) ) ;
#8441 = DIRECTION ( 'NONE',  ( 0.000000000000000000, -6.938893903907229955E-15, 1.000000000000000000 ) ) ;
#8442 = CALENDAR_DATE ( 2025, 7, 10 ) ;
#8443 = EDGE_CURVE ( 'NONE', #5882, #1152, #172, .T. ) ;
#8444 = DIRECTION ( 'NONE',  ( -1.000000000000000000, -0.000000000000000000, 0.000000000000000000 ) ) ;
#8445 = DIRECTION ( 'NONE',  ( 0.000000000000000000, 0.000000000000000000, 1.000000000000000000 ) ) ;
#8446 = CARTESIAN_POINT ( 'NONE',  ( 0.000000000000000000, -18.02803414784207803, -18.73472670641981352 ) ) ;
#8447 = ADVANCED_FACE ( 'NONE', ( #5789 ), #7765, .T. ) ;
#8448 = CIRCLE ( 'NONE', #3072, 10.00000000000000000 ) ;
#8449 = AXIS2_PLACEMENT_3D ( 'NONE', #7591, #452, #2383 ) ;
#8450 = VERTEX_POINT ( 'NONE', #4533 ) ;
#8451 = CARTESIAN_POINT ( 'NONE',  ( 0.000000000000000000, 0.000000000000000000, 0.000000000000000000 ) ) ;
#8452 = VERTEX_POINT ( 'NONE', #7210 ) ;
#8453 = CYLINDRICAL_SURFACE ( 'NONE', #898, 9.999999999999998224 ) ;
#8454 = DIRECTION ( 'NONE',  ( 0.000000000000000000, 0.000000000000000000, 1.000000000000000000 ) ) ;
#8455 = CARTESIAN_POINT ( 'NONE',  ( 3.000000000000000000, 0.000000000000000000, 0.000000000000000000 ) ) ;
#8456 = ADVANCED_FACE ( 'NONE', ( #3839 ), #2632, .T. ) ;
#8457 = DIRECTION ( 'NONE',  ( 0.000000000000000000, 0.000000000000000000, 1.000000000000000000 ) ) ;
#8458 = CARTESIAN_POINT ( 'NONE',  ( 3.000000000000000888, -15.99480952573165915, 17.20624761156499005 ) ) ;
#8459 = VECTOR ( 'NONE', #658, 1000.000000000000000 ) ;
#8460 = ORIENTED_EDGE ( 'NONE', *, *, #8025, .T. ) ;
#8461 = CARTESIAN_POINT ( 'NONE',  ( 4.051352821227593992, 10.00000000000000888, 7.017148925649419056 ) ) ;
#8462 = VERTEX_POINT ( 'NONE', #7249 ) ;
#8463 = DIRECTION ( 'NONE',  ( -1.000000000000000000, -0.000000000000000000, 0.000000000000000000 ) ) ;
#8464 = EDGE_CURVE ( 'NONE', #7529, #5998, #5272, .T. ) ;
#8465 = CARTESIAN_POINT ( 'NONE',  ( 0.000000000000000000, -22.37893697895712108, -7.146472439377875574 ) ) ;
#8466 = ADVANCED_FACE ( 'NONE', ( #7801 ), #6603, .T. ) ;
#8467 = CARTESIAN_POINT ( 'NONE',  ( 3.000000000000000888, -9.275723936747009901, 24.28911166447341685 ) ) ;
#8468 = CARTESIAN_POINT ( 'NONE',  ( 3.000000000000000888, 0.000000000000000000, 0.000000000000000000 ) ) ;
#8469 = CC_DESIGN_APPROVAL ( #6887, ( #7777 ) ) ;
#8470 = ORIENTED_EDGE ( 'NONE', *, *, #3970, .T. ) ;
#8471 = VERTEX_POINT ( 'NONE', #7971 ) ;
#8472 = CARTESIAN_POINT ( 'NONE',  ( 3.000000000000000888, 15.47283697127507018, 18.01683426854850012 ) ) ;
#8473 = B_SPLINE_SURFACE_WITH_KNOTS ( 'NONE', 2, 1, ( 
 ( #7736, #1232 ),
 ( #4503, #8504 ),
 ( #7776, #1922 ),
 ( #7221, #3809 ),
 ( #6493, #1321 ) ),
 .UNSPECIFIED., .F., .F., .F.,
 ( 3, 1, 1, 3 ),
 ( 2, 2 ),
 ( 0.002399098765690322026, 0.3755997746914085944, 0.6244002253085541021, 0.9976009012342723636 ),
 ( 0.000000000000000000, 1.000000000000000000 ),
 .UNSPECIFIED. ) ;
#8474 = DIRECTION ( 'NONE',  ( -1.000000000000000000, -0.000000000000000000, 0.000000000000000000 ) ) ;
#8475 = DIRECTION ( 'NONE',  ( -1.000000000000000000, 0.000000000000000000, 0.000000000000000000 ) ) ;
#8476 = LINE ( 'NONE', #3292, #953 ) ;
#8477 = ORIENTED_EDGE ( 'NONE', *, *, #5761, .T. ) ;
#8478 = ORIENTED_EDGE ( 'NONE', *, *, #7650, .T. ) ;
#8479 = CARTESIAN_POINT ( 'NONE',  ( -15.14952443977879426, 7.000000000000008882, -8.746582013414050394 ) ) ;
#8480 = ORIENTED_EDGE ( 'NONE', *, *, #6574, .F. ) ;
#8481 = CARTESIAN_POINT ( 'NONE',  ( 0.000000000000000000, -22.37893697895722411, 7.146472439377552277 ) ) ;
#8482 = CARTESIAN_POINT ( 'NONE',  ( 0.000000000000000000, 0.000000000000000000, 0.000000000000000000 ) ) ;
#8483 = CALENDAR_DATE ( 2025, 7, 10 ) ;
#8484 = DIRECTION ( 'NONE',  ( -1.000000000000000000, -0.000000000000000000, 0.000000000000000000 ) ) ;
#8485 = DIRECTION ( 'NONE',  ( -1.000000000000000000, -0.000000000000000000, -0.000000000000000000 ) ) ;
#8486 = CARTESIAN_POINT ( 'NONE',  ( 1.500000000000000444, 15.53779383581457907, 20.84650960510469986 ) ) ;
#8487 = ORIENTED_EDGE ( 'NONE', *, *, #5405, .T. ) ;
#8488 = ADVANCED_FACE ( 'NONE', ( #231 ), #8142, .T. ) ;
#8489 = CARTESIAN_POINT ( 'NONE',  ( 2.052224346939968136, 10.00000000000000888, 15.84577559900801624 ) ) ;
#8490 = ORIENTED_EDGE ( 'NONE', *, *, #968, .F. ) ;
#8491 = CARTESIAN_POINT ( 'NONE',  ( 14.74895638494033712, 10.00000000000000888, 6.145609380784566866 ) ) ;
#8492 = DIRECTION ( 'NONE',  ( 0.7342190668223698147, 0.000000000000000000, -0.6789126320186481545 ) ) ;
#8493 = LINE ( 'NONE', #3928, #8194 ) ;
#8494 = DIRECTION ( 'NONE',  ( 1.000000000000000000, 0.000000000000000000, 0.000000000000000000 ) ) ;
#8495 = DIRECTION ( 'NONE',  ( -1.000000000000000000, 0.000000000000000000, 0.000000000000000000 ) ) ;
#8496 = EDGE_CURVE ( 'NONE', #6836, #3502, #314, .T. ) ;
#8497 = ORIENTED_EDGE ( 'NONE', *, *, #6365, .F. ) ;
#8498 = DIRECTION ( 'NONE',  ( 0.000000000000000000, 0.000000000000000000, 1.000000000000000000 ) ) ;
#8499 = ORIENTED_EDGE ( 'NONE', *, *, #3128, .T. ) ;
#8500 = CARTESIAN_POINT ( 'NONE',  ( -14.74895638488482597, 7.000000000000008882, 6.145609380784566866 ) ) ;
#8501 = EDGE_CURVE ( 'NONE', #4403, #1456, #4062, .T. ) ;
#8502 = DIRECTION ( 'NONE',  ( 0.000000000000000000, 0.8443279255020161855, -0.5358267949789946583 ) ) ;
#8503 = DIRECTION ( 'NONE',  ( -1.000000000000000000, 0.000000000000000000, 0.000000000000000000 ) ) ;
#8504 = CARTESIAN_POINT ( 'NONE',  ( 15.37268543418457512, 10.00000000000000888, -7.428415564783019676 ) ) ;
#8505 = EDGE_CURVE ( 'NONE', #6052, #5586, #5584, .T. ) ;
#8506 = EDGE_CURVE ( 'NONE', #7718, #6655, #2123, .T. ) ;
#8507 = ORIENTED_EDGE ( 'NONE', *, *, #5054, .T. ) ;
#8508 = ORIENTED_EDGE ( 'NONE', *, *, #2898, .T. ) ;
#8509 = AXIS2_PLACEMENT_3D ( 'NONE', #4874, #3424, #6063 ) ;
#8510 = CARTESIAN_POINT ( 'NONE',  ( 3.000000000000000888, 23.74496687177445509, 0.4376634075792267264 ) ) ;
#8511 = CIRCLE ( 'NONE', #8229, 23.74900000000000588 ) ;
#8512 = CARTESIAN_POINT ( 'NONE',  ( -12.69673203797372452, 10.00000000000000888, 9.700166218166828003 ) ) ;
#8513 = CARTESIAN_POINT ( 'NONE',  ( 3.000000000000000888, 25.96667425510338489, 1.315989410805011639 ) ) ;
#8514 = DIRECTION ( 'NONE',  ( 0.000000000000000000, 0.000000000000000000, 1.000000000000000000 ) ) ;
#8515 = CYLINDRICAL_SURFACE ( 'NONE', #3253, 23.74900000000000233 ) ;
#8516 = AXIS2_PLACEMENT_3D ( 'NONE', #2732, #1491, #7990 ) ;
#8517 = EDGE_LOOP ( 'NONE', ( #3534, #883, #7223, #1498 ) ) ;
#8518 = NEXT_ASSEMBLY_USAGE_OCCURRENCE ( 'NAUO1', ' ', ' ', #4696, #5541, $ ) ;
#8519 = NEXT_ASSEMBLY_USAGE_OCCURRENCE ( 'NAUO2', ' ', ' ', #4696, #6995, $ ) ;
#8520 = NEXT_ASSEMBLY_USAGE_OCCURRENCE ( 'NAUO3', ' ', ' ', #5541, #684, $ ) ;
ENDSEC;
END-ISO-10303-21;
