ISO-10303-21;
HEADER;
FILE_DESCRIPTION (( 'STEP AP203' ),
    '1' );
FILE_NAME ('final_arm.STEP',
    '2025-10-07T14:27:32',
    ( '' ),
    ( '' ),
    'SwSTEP 2.0',
    'SolidWorks 2025',
    '' );
FILE_SCHEMA (( 'CONFIG_CONTROL_DESIGN' ));
ENDSEC;

DATA;
#1 = EDGE_LOOP ( 'NONE', ( #3629, #906, #458, #562, #2226 ) ) ;
#2 = LINE ( 'NONE', #962, #2876 ) ;
#3 = LINE ( 'NONE', #3463, #2945 ) ;
#4 = LINE ( 'NONE', #3123, #3164 ) ;
#5 = VECTOR ( 'NONE', #1015, 1000.000000000000000 ) ;
#6 = AXIS2_PLACEMENT_3D ( 'NONE', #2298, #1096, #2345 ) ;
#7 = LINE ( 'NONE', #1595, #2977 ) ;
#8 = EDGE_CURVE ( 'NONE', #21, #163, #4196, .T. ) ;
#9 = VECTOR ( 'NONE', #2979, 1000.000000000000000 ) ;
#10 = VECTOR ( 'NONE', #4855, 1000.000000000000000 ) ;
#11 = ORIENTED_EDGE ( 'NONE', *, *, #3166, .T. ) ;
#12 = ORIENTED_EDGE ( 'NONE', *, *, #1170, .F. ) ;
#13 = DIRECTION ( 'NONE',  ( 0.000000000000000000, 0.000000000000000000, -1.000000000000000000 ) ) ;
#14 = CARTESIAN_POINT ( 'NONE',  ( 50.99019513592785557, -5.000000000000000000, -12.50000000000000355 ) ) ;
#15 = AXIS2_PLACEMENT_3D ( 'NONE', #1770, #4847, #4804 ) ;
#16 = AXIS2_PLACEMENT_3D ( 'NONE', #1892, #4567, #3068 ) ;
#17 = EDGE_CURVE ( 'NONE', #1687, #2318, #391, .T. ) ;
#18 = ORIENTED_EDGE ( 'NONE', *, *, #2752, .T. ) ;
#19 = DATE_AND_TIME ( #1209, #2968 ) ;
#20 = EDGE_LOOP ( 'NONE', ( #883, #1981 ) ) ;
#21 = VERTEX_POINT ( 'NONE', #3074 ) ;
#22 = AXIS2_PLACEMENT_3D ( 'NONE', #939, #908, #2826 ) ;
#23 = DIRECTION ( 'NONE',  ( -0.000000000000000000, 1.000000000000000000, -0.000000000000000000 ) ) ;
#24 = CARTESIAN_POINT ( 'NONE',  ( -62.60999999999999943, -5.000000000000000000, 79.99999999999998579 ) ) ;
#25 = CIRCLE ( 'NONE', #2877, 2.399999999999999467 ) ;
#26 = ADVANCED_FACE ( 'NONE', ( #4594 ), #1127, .F. ) ;
#27 = DIRECTION ( 'NONE',  ( 0.000000000000000000, 1.000000000000000000, 0.000000000000000000 ) ) ;
#28 = CARTESIAN_POINT ( 'NONE',  ( -83.34563602967273255, -5.000000000000000000, 74.71358084809440925 ) ) ;
#29 =( GEOMETRIC_REPRESENTATION_CONTEXT ( 3 ) GLOBAL_UNCERTAINTY_ASSIGNED_CONTEXT ( ( #2672 ) ) GLOBAL_UNIT_ASSIGNED_CONTEXT ( ( #3862, #379, #3481 ) ) REPRESENTATION_CONTEXT ( 'NONE', 'WORKASPACE' ) );
#30 = VERTEX_POINT ( 'NONE', #1597 ) ;
#31 = LINE ( 'NONE', #4661, #412 ) ;
#32 = LOCAL_TIME ( 21, 27, 32.00000000000000000, #830 ) ;
#33 = ADVANCED_FACE ( 'NONE', ( #3152, #4649, #1204, #3977, #854, #144 ), #1624, .T. ) ;
#34 = CARTESIAN_POINT ( 'NONE',  ( -53.56071321407137731, 10.00000000000000000, -12.50000000000000000 ) ) ;
#35 = VERTEX_POINT ( 'NONE', #64 ) ;
#36 = DIRECTION ( 'NONE',  ( -0.000000000000000000, -0.000000000000000000, -1.000000000000000000 ) ) ;
#37 = CARTESIAN_POINT ( 'NONE',  ( -1.409999999999994591, 22.71000000000000085, 53.04000000000000625 ) ) ;
#38 = CARTESIAN_POINT ( 'NONE',  ( -23.34563602967273610, -35.86999999999999744, 74.71358084809440925 ) ) ;
#39 = FACE_OUTER_BOUND ( 'NONE', #720, .T. ) ;
#40 = EDGE_LOOP ( 'NONE', ( #1260, #3579, #4130, #3940 ) ) ;
#41 = CARTESIAN_POINT ( 'NONE',  ( -57.60999999999999943, 22.41000000000000369, 42.39000000000000057 ) ) ;
#42 = PLANE ( 'NONE',  #256 ) ;
#43 = DIRECTION ( 'NONE',  ( 1.000000000000000000, 0.000000000000000000, 0.000000000000000000 ) ) ;
#44 = ORIENTED_EDGE ( 'NONE', *, *, #309, .F. ) ;
#45 = COORDINATED_UNIVERSAL_TIME_OFFSET ( 7, 0, .AHEAD. ) ;
#46 = VERTEX_POINT ( 'NONE', #524 ) ;
#47 = EDGE_LOOP ( 'NONE', ( #4452, #3452, #4972, #186 ) ) ;
#48 = DIRECTION ( 'NONE',  ( 0.000000000000000000, 0.000000000000000000, -1.000000000000000000 ) ) ;
#49 = EDGE_CURVE ( 'NONE', #802, #4637, #3624, .T. ) ;
#50 = DIRECTION ( 'NONE',  ( 1.000000000000000000, 0.000000000000000000, -0.000000000000000000 ) ) ;
#51 = ORIENTED_EDGE ( 'NONE', *, *, #1695, .T. ) ;
#52 = ORIENTED_EDGE ( 'NONE', *, *, #3243, .F. ) ;
#53 = EDGE_CURVE ( 'NONE', #4445, #3114, #2762, .T. ) ;
#54 = DIRECTION ( 'NONE',  ( 0.000000000000000000, 0.000000000000000000, 1.000000000000000000 ) ) ;
#55 = CARTESIAN_POINT ( 'NONE',  ( 0.000000000000000000, -5.000000000000000000, 0.000000000000000000 ) ) ;
#56 = ORIENTED_EDGE ( 'NONE', *, *, #2673, .F. ) ;
#57 = DIRECTION ( 'NONE',  ( 0.000000000000000000, 0.000000000000000000, 1.000000000000000000 ) ) ;
#58 = ADVANCED_FACE ( 'NONE', ( #3228 ), #3128, .F. ) ;
#59 = DIRECTION ( 'NONE',  ( -1.000000000000000000, 0.000000000000000000, 0.000000000000000000 ) ) ;
#60 = CARTESIAN_POINT ( 'NONE',  ( -58.89259771139528965, -25.00000000000000000, 54.88533708478723838 ) ) ;
#61 = DIRECTION ( 'NONE',  ( 0.000000000000000000, 0.000000000000000000, 1.000000000000000000 ) ) ;
#62 = LINE ( 'NONE', #1258, #4652 ) ;
#63 = VERTEX_POINT ( 'NONE', #823 ) ;
#64 = CARTESIAN_POINT ( 'NONE',  ( -70.62999999999999545, -53.58999999999999631, 3.385337084264023133 ) ) ;
#65 = CARTESIAN_POINT ( 'NONE',  ( -82.35274281085926873, -5.000000000000000000, 79.71358084809442346 ) ) ;
#66 = FACE_OUTER_BOUND ( 'NONE', #4183, .T. ) ;
#67 = ORIENTED_EDGE ( 'NONE', *, *, #2828, .F. ) ;
#68 = VERTEX_POINT ( 'NONE', #3953 ) ;
#69 = ORIENTED_EDGE ( 'NONE', *, *, #2863, .F. ) ;
#70 = FACE_OUTER_BOUND ( 'NONE', #3308, .T. ) ;
#71 = AXIS2_PLACEMENT_3D ( 'NONE', #60, #1893, #4590 ) ;
#72 = DIRECTION ( 'NONE',  ( -1.000000000000000000, 0.000000000000000000, 0.000000000000000000 ) ) ;
#73 = EDGE_CURVE ( 'NONE', #1195, #984, #469, .T. ) ;
#74 = VERTEX_POINT ( 'NONE', #2845 ) ;
#75 = CARTESIAN_POINT ( 'NONE',  ( -52.61000000000000654, -3.589999999999995861, 31.38533708426405866 ) ) ;
#76 = EDGE_LOOP ( 'NONE', ( #1805, #2722, #4880, #3913, #2316, #630, #1751, #1775 ) ) ;
#77 = CARTESIAN_POINT ( 'NONE',  ( 3.590000000000005631, 5.000000000000000000, 42.39000000000000057 ) ) ;
#78 = VECTOR ( 'NONE', #1990, 1000.000000000000000 ) ;
#79 = DIRECTION ( 'NONE',  ( 0.000000000000000000, 0.000000000000000000, -1.000000000000000000 ) ) ;
#80 = EDGE_CURVE ( 'NONE', #3643, #2925, #445, .T. ) ;
#81 = ORIENTED_EDGE ( 'NONE', *, *, #3600, .F. ) ;
#82 = DIRECTION ( 'NONE',  ( 1.000000000000000000, 0.000000000000000000, 0.000000000000000000 ) ) ;
#83 = DIRECTION ( 'NONE',  ( -0.000000000000000000, 1.000000000000000000, -0.000000000000000000 ) ) ;
#84 = CARTESIAN_POINT ( 'NONE',  ( -59.84223671689034063, -3.869999999999991669, 56.17304270302549440 ) ) ;
#85 = FACE_OUTER_BOUND ( 'NONE', #3135, .T. ) ;
#86 = CARTESIAN_POINT ( 'NONE',  ( 55.65831063860392902, -5.000000000000000888, 54.88533708478804130 ) ) ;
#87 = CARTESIAN_POINT ( 'NONE',  ( -55.99019513592784847, -10.00000000000000000, 7.500000000000000888 ) ) ;
#88 = EDGE_CURVE ( 'NONE', #1367, #1900, #2539, .T. ) ;
#89 = ORIENTED_EDGE ( 'NONE', *, *, #8, .T. ) ;
#90 = CARTESIAN_POINT ( 'NONE',  ( -23.34563602967273610, -35.86999999999999744, 79.71358084809442346 ) ) ;
#91 = VECTOR ( 'NONE', #2933, 1000.000000000000000 ) ;
#92 = CARTESIAN_POINT ( 'NONE',  ( -70.62999999999999545, -53.58999999999999631, 44.99999999999999289 ) ) ;
#93 = FACE_OUTER_BOUND ( 'NONE', #4751, .T. ) ;
#94 = VECTOR ( 'NONE', #3229, 1000.000000000000000 ) ;
#95 = EDGE_CURVE ( 'NONE', #649, #931, #1974, .T. ) ;
#96 = AXIS2_PLACEMENT_3D ( 'NONE', #4783, #3581, #1662 ) ;
#97 = ORIENTED_EDGE ( 'NONE', *, *, #4985, .T. ) ;
#98 = VERTEX_POINT ( 'NONE', #1231 ) ;
#99 = ORIENTED_EDGE ( 'NONE', *, *, #4537, .F. ) ;
#100 = CARTESIAN_POINT ( 'NONE',  ( -50.21591620410926282, 5.000000000000000000, 40.00000000000000000 ) ) ;
#101 = VECTOR ( 'NONE', #386, 1000.000000000000000 ) ;
#102 = VECTOR ( 'NONE', #3604, 1000.000000000000000 ) ;
#103 = FACE_OUTER_BOUND ( 'NONE', #1503, .T. ) ;
#104 = AXIS2_PLACEMENT_3D ( 'NONE', #86, #875, #4773 ) ;
#105 = AXIS2_PLACEMENT_3D ( 'NONE', #3759, #631, #307 ) ;
#106 = EDGE_LOOP ( 'NONE', ( #2588, #1930, #1853, #2799 ) ) ;
#107 = CALENDAR_DATE ( 2025, 7, 10 ) ;
#108 = EDGE_LOOP ( 'NONE', ( #2296, #877, #2092, #3244 ) ) ;
#109 = DIRECTION ( 'NONE',  ( 0.000000000000000000, -1.000000000000000000, 0.000000000000000000 ) ) ;
#110 = EDGE_CURVE ( 'NONE', #4890, #1724, #2819, .T. ) ;
#111 = AXIS2_PLACEMENT_3D ( 'NONE', #1434, #2562, #1792 ) ;
#112 = LINE ( 'NONE', #2836, #3918 ) ;
#113 = ORIENTED_EDGE ( 'NONE', *, *, #1646, .T. ) ;
#114 = DIRECTION ( 'NONE',  ( 0.000000000000000000, 0.000000000000000000, -1.000000000000000000 ) ) ;
#115 = CARTESIAN_POINT ( 'NONE',  ( -102.6100000000000136, 5.000000000000000000, 40.00000000000000000 ) ) ;
#116 = CARTESIAN_POINT ( 'NONE',  ( 0.000000000000000000, -53.58999999999999631, 0.000000000000000000 ) ) ;
#117 = DIRECTION ( 'NONE',  ( -0.000000000000000000, -0.000000000000000000, -1.000000000000000000 ) ) ;
#118 = APPROVAL_PERSON_ORGANIZATION ( #2426, #2366, #203 ) ;
#119 = EDGE_CURVE ( 'NONE', #4419, #1184, #2056, .T. ) ;
#120 = PLANE ( 'NONE',  #1072 ) ;
#121 = ORIENTED_EDGE ( 'NONE', *, *, #4663, .F. ) ;
#122 = DIRECTION ( 'NONE',  ( -0.000000000000000000, -1.000000000000000000, -0.000000000000000000 ) ) ;
#123 = DIRECTION ( 'NONE',  ( 0.9374582107150531973, 0.3480978356194288637, 0.000000000000000000 ) ) ;
#124 = LINE ( 'NONE', #2921, #4234 ) ;
#125 = EDGE_CURVE ( 'NONE', #728, #4020, #3928, .T. ) ;
#126 = ORIENTED_EDGE ( 'NONE', *, *, #2305, .T. ) ;
#127 = VERTEX_POINT ( 'NONE', #90 ) ;
#128 = VERTEX_POINT ( 'NONE', #2002 ) ;
#129 = CYLINDRICAL_SURFACE ( 'NONE', #174, 2.399999999999999467 ) ;
#130 = EDGE_CURVE ( 'NONE', #1082, #3491, #1651, .T. ) ;
#131 = PRODUCT_DEFINITION ( 'UNKNOWN', '', #1334, #3833 ) ;
#132 = FACE_OUTER_BOUND ( 'NONE', #3000, .T. ) ;
#133 = VECTOR ( 'NONE', #2278, 1000.000000000000000 ) ;
#134 = ORIENTED_EDGE ( 'NONE', *, *, #533, .T. ) ;
#135 =( LENGTH_UNIT ( ) NAMED_UNIT ( * ) SI_UNIT ( .MILLI., .METRE. ) );
#136 = DIRECTION ( 'NONE',  ( 0.000000000000000000, 0.000000000000000000, -1.000000000000000000 ) ) ;
#137 = LINE ( 'NONE', #3686, #3672 ) ;
#138 = VERTEX_POINT ( 'NONE', #3895 ) ;
#139 = PLANE ( 'NONE',  #2053 ) ;
#140 = DIRECTION ( 'NONE',  ( 1.000000000000000000, 0.000000000000000000, 0.000000000000000000 ) ) ;
#141 = CARTESIAN_POINT ( 'NONE',  ( -74.19829071883061999, -35.86999999999999744, 56.17304270302549440 ) ) ;
#142 = EDGE_CURVE ( 'NONE', #621, #2443, #418, .T. ) ;
#143 = ORIENTED_EDGE ( 'NONE', *, *, #2656, .F. ) ;
#144 = FACE_BOUND ( 'NONE', #212, .T. ) ;
#145 = DIRECTION ( 'NONE',  ( -0.000000000000000000, -0.000000000000000000, -1.000000000000000000 ) ) ;
#146 = LINE ( 'NONE', #4827, #2228 ) ;
#147 = ADVANCED_FACE ( 'NONE', ( #2440 ), #4726, .F. ) ;
#148 = VERTEX_POINT ( 'NONE', #4752 ) ;
#149 = ORIENTED_EDGE ( 'NONE', *, *, #2723, .F. ) ;
#150 = EDGE_LOOP ( 'NONE', ( #1873, #1733, #2398, #750, #472, #1987 ) ) ;
#151 = CARTESIAN_POINT ( 'NONE',  ( -31.56135310936134530, -3.869999999999991669, 56.17304270302549440 ) ) ;
#152 = CARTESIAN_POINT ( 'NONE',  ( -102.6100000000000136, 5.000000000000000000, 40.00000000000000000 ) ) ;
#153 = EDGE_CURVE ( 'NONE', #4988, #4660, #2970, .T. ) ;
#154 = ORIENTED_EDGE ( 'NONE', *, *, #3713, .T. ) ;
#155 = ORIENTED_EDGE ( 'NONE', *, *, #4056, .T. ) ;
#156 = AXIS2_PLACEMENT_3D ( 'NONE', #4067, #3315, #2967 ) ;
#157 = PLANE ( 'NONE',  #570 ) ;
#158 = CARTESIAN_POINT ( 'NONE',  ( 50.00000000000000711, -55.00000000000000711, 74.99999999999998579 ) ) ;
#159 = EDGE_LOOP ( 'NONE', ( #4077, #2116, #2114, #2628, #2892, #507 ) ) ;
#160 = VERTEX_POINT ( 'NONE', #3668 ) ;
#161 = CARTESIAN_POINT ( 'NONE',  ( -77.46906859369990173, -25.00000000000000000, 74.71358084809440925 ) ) ;
#162 = LINE ( 'NONE', #1694, #3353 ) ;
#163 = VERTEX_POINT ( 'NONE', #2919 ) ;
#164 = LINE ( 'NONE', #2940, #2295 ) ;
#165 = CARTESIAN_POINT ( 'NONE',  ( 57.27545417499960934, -10.00000000000000000, -2.400000000000000799 ) ) ;
#166 = FACE_OUTER_BOUND ( 'NONE', #2370, .T. ) ;
#167 = EDGE_CURVE ( 'NONE', #1900, #3303, #3508, .T. ) ;
#168 = ORIENTED_EDGE ( 'NONE', *, *, #167, .T. ) ;
#169 = ORIENTED_EDGE ( 'NONE', *, *, #4478, .F. ) ;
#170 = ORIENTED_EDGE ( 'NONE', *, *, #557, .T. ) ;
#171 = CARTESIAN_POINT ( 'NONE',  ( -28.69918942026600917, -35.86999999999999744, 64.76002745750113831 ) ) ;
#172 = CARTESIAN_POINT ( 'NONE',  ( -76.99918942026600632, -25.00000000000000000, 72.36002745750114684 ) ) ;
#173 = ADVANCED_FACE ( 'NONE', ( #1769 ), #3737, .F. ) ;
#174 = AXIS2_PLACEMENT_3D ( 'NONE', #4781, #1316, #1685 ) ;
#175 = AXIS2_PLACEMENT_3D ( 'NONE', #3241, #4390, #1396 ) ;
#176 = ORIENTED_EDGE ( 'NONE', *, *, #3075, .T. ) ;
#177 = CALENDAR_DATE ( 2025, 7, 10 ) ;
#178 = ORIENTED_EDGE ( 'NONE', *, *, #2956, .T. ) ;
#179 = VECTOR ( 'NONE', #818, 1000.000000000000000 ) ;
#180 = AXIS2_PLACEMENT_3D ( 'NONE', #978, #1034, #2211 ) ;
#181 = FACE_BOUND ( 'NONE', #483, .T. ) ;
#182 = EDGE_CURVE ( 'NONE', #2679, #2750, #4117, .T. ) ;
#183 = CIRCLE ( 'NONE', #2299, 2.000000000517101917 ) ;
#184 = AXIS2_PLACEMENT_3D ( 'NONE', #2872, #595, #4500 ) ;
#185 = DIRECTION ( 'NONE',  ( 1.000000000000000000, 0.000000000000000000, 0.000000000000000000 ) ) ;
#186 = ORIENTED_EDGE ( 'NONE', *, *, #2174, .F. ) ;
#187 = AXIS2_PLACEMENT_3D ( 'NONE', #4646, #1998, #2383 ) ;
#188 = ORIENTED_EDGE ( 'NONE', *, *, #2630, .T. ) ;
#189 = LINE ( 'NONE', #874, #638 ) ;
#190 = EDGE_CURVE ( 'NONE', #4122, #4251, #3317, .T. ) ;
#191 = VECTOR ( 'NONE', #230, 1000.000000000000000 ) ;
#192 = DIRECTION ( 'NONE',  ( 0.000000000000000000, 1.000000000000000000, 0.000000000000000000 ) ) ;
#193 = AXIS2_PLACEMENT_3D ( 'NONE', #4166, #611, #2173 ) ;
#194 = PLANE ( 'NONE',  #2139 ) ;
#195 = LINE ( 'NONE', #3371, #2621 ) ;
#196 = FACE_BOUND ( 'NONE', #3952, .T. ) ;
#197 = ORIENTED_EDGE ( 'NONE', *, *, #4849, .F. ) ;
#198 = ORIENTED_EDGE ( 'NONE', *, *, #1489, .F. ) ;
#199 = VERTEX_POINT ( 'NONE', #2898 ) ;
#200 = FACE_OUTER_BOUND ( 'NONE', #4989, .T. ) ;
#201 = CARTESIAN_POINT ( 'NONE',  ( -70.62999999999999545, -3.589999999999995861, 3.385337084264023133 ) ) ;
#202 = EDGE_LOOP ( 'NONE', ( #4771, #785, #1007, #2957, #4593, #1963, #965, #2421, #1701 ) ) ;
#203 = APPROVAL_ROLE ( '' ) ;
#204 = ADVANCED_FACE ( 'NONE', ( #1697, #237 ), #194, .F. ) ;
#205 = ORIENTED_EDGE ( 'NONE', *, *, #3177, .F. ) ;
#206 = LINE ( 'NONE', #2986, #266 ) ;
#207 = CARTESIAN_POINT ( 'NONE',  ( 60.99019513592784136, -10.00000000000000000, 12.50000000000000000 ) ) ;
#208 = DIRECTION ( 'NONE',  ( 0.9374582107150531973, 0.3480978356194288637, 0.000000000000000000 ) ) ;
#209 = AXIS2_PLACEMENT_3D ( 'NONE', #3691, #929, #2869 ) ;
#210 = EDGE_CURVE ( 'NONE', #4911, #734, #1306, .T. ) ;
#211 = ORIENTED_EDGE ( 'NONE', *, *, #2268, .T. ) ;
#212 = EDGE_LOOP ( 'NONE', ( #3559, #4642 ) ) ;
#213 = CARTESIAN_POINT ( 'NONE',  ( -74.19829071883061999, -3.869999999999991669, 56.17304270302549440 ) ) ;
#214 = FACE_OUTER_BOUND ( 'NONE', #528, .T. ) ;
#215 = ADVANCED_FACE ( 'NONE', ( #2509 ), #3339, .F. ) ;
#216 = DIRECTION ( 'NONE',  ( 0.000000000000000000, 0.000000000000000000, 1.000000000000000000 ) ) ;
#217 = DIRECTION ( 'NONE',  ( 0.000000000000000000, 1.000000000000000000, 0.000000000000000000 ) ) ;
#218 = DIRECTION ( 'NONE',  ( 0.000000000000000000, 1.000000000000000000, 0.000000000000000000 ) ) ;
#219 = ORIENTED_EDGE ( 'NONE', *, *, #5013, .T. ) ;
#220 = ORIENTED_EDGE ( 'NONE', *, *, #2956, .F. ) ;
#221 = VERTEX_POINT ( 'NONE', #4803 ) ;
#222 = CARTESIAN_POINT ( 'NONE',  ( -76.99918942026600632, -35.86999999999999744, 72.36002745750114684 ) ) ;
#223 = LINE ( 'NONE', #2164, #4308 ) ;
#224 = ORIENTED_EDGE ( 'NONE', *, *, #1107, .T. ) ;
#225 = DATE_AND_TIME ( #682, #3522 ) ;
#226 = EDGE_LOOP ( 'NONE', ( #4675, #376 ) ) ;
#227 = FACE_OUTER_BOUND ( 'NONE', #800, .T. ) ;
#228 = CARTESIAN_POINT ( 'NONE',  ( -76.99918942026600632, -35.86999999999999744, 64.76002745750115253 ) ) ;
#229 = EDGE_CURVE ( 'NONE', #509, #1054, #1337, .T. ) ;
#230 = DIRECTION ( 'NONE',  ( -1.000000000000000000, 0.000000000000000000, 0.000000000000000000 ) ) ;
#231 = LINE ( 'NONE', #1785, #2230 ) ;
#232 = ORIENTED_EDGE ( 'NONE', *, *, #1573, .F. ) ;
#233 = CARTESIAN_POINT ( 'NONE',  ( -61.61714353676119771, -28.59000000000001762, -2.614662915735976423 ) ) ;
#234 = AXIS2_PLACEMENT_3D ( 'NONE', #213, #2916, #1766 ) ;
#235 = EDGE_CURVE ( 'NONE', #1428, #915, #4407, .T. ) ;
#236 = CARTESIAN_POINT ( 'NONE',  ( -60.99019513592784136, -10.00000000000000000, 12.50000000000000000 ) ) ;
#237 = FACE_OUTER_BOUND ( 'NONE', #4176, .T. ) ;
#238 = DIRECTION ( 'NONE',  ( 0.000000000000000000, 1.000000000000000000, 0.000000000000000000 ) ) ;
#239 = LINE ( 'NONE', #2972, #270 ) ;
#240 = ADVANCED_FACE ( 'NONE', ( #2126 ), #2582, .F. ) ;
#241 = ORIENTED_EDGE ( 'NONE', *, *, #4543, .T. ) ;
#242 = VERTEX_POINT ( 'NONE', #3714 ) ;
#243 = ORIENTED_EDGE ( 'NONE', *, *, #2009, .F. ) ;
#244 = CARTESIAN_POINT ( 'NONE',  ( 0.000000000000000000, -5.000000000000000000, 55.00000000000000000 ) ) ;
#245 = DIRECTION ( 'NONE',  ( 0.000000000000000000, 0.000000000000000000, 1.000000000000000000 ) ) ;
#246 = LINE ( 'NONE', #4745, #2779 ) ;
#247 = EDGE_CURVE ( 'NONE', #427, #2043, #3424, .T. ) ;
#248 = ORIENTED_EDGE ( 'NONE', *, *, #923, .T. ) ;
#249 = COORDINATED_UNIVERSAL_TIME_OFFSET ( 7, 0, .AHEAD. ) ;
#250 = VERTEX_POINT ( 'NONE', #4448 ) ;
#251 = CARTESIAN_POINT ( 'NONE',  ( 59.78999999999999915, -5.000000000000000000, 74.71358084809440925 ) ) ;
#252 = VECTOR ( 'NONE', #2782, 1000.000000000000000 ) ;
#253 = AXIS2_PLACEMENT_3D ( 'NONE', #2482, #109, #943 ) ;
#254 = DIRECTION ( 'NONE',  ( 0.000000000000000000, 0.000000000000000000, -1.000000000000000000 ) ) ;
#255 = CARTESIAN_POINT ( 'NONE',  ( -62.60999999999999943, -5.000000000000000000, 42.39000000000000057 ) ) ;
#256 = AXIS2_PLACEMENT_3D ( 'NONE', #525, #2082, #3626 ) ;
#257 = AXIS2_PLACEMENT_3D ( 'NONE', #2592, #4910, #1731 ) ;
#258 = DIRECTION ( 'NONE',  ( -0.000000000000000000, 1.000000000000000000, -0.000000000000000000 ) ) ;
#259 = VERTEX_POINT ( 'NONE', #4846 ) ;
#260 = EDGE_CURVE ( 'NONE', #1054, #853, #164, .T. ) ;
#261 = DIRECTION ( 'NONE',  ( 0.000000000000000000, -1.000000000000000000, 0.000000000000000000 ) ) ;
#262 = AXIS2_PLACEMENT_3D ( 'NONE', #1748, #971, #619 ) ;
#263 = AXIS2_PLACEMENT_3D ( 'NONE', #1718, #4474, #617 ) ;
#264 = CARTESIAN_POINT ( 'NONE',  ( -1.409999999999994369, 5.000000000000000000, 55.44000000000000483 ) ) ;
#265 = VECTOR ( 'NONE', #2335, 1000.000000000000000 ) ;
#266 = VECTOR ( 'NONE', #1039, 1000.000000000000000 ) ;
#267 = LINE ( 'NONE', #337, #4149 ) ;
#268 = LINE ( 'NONE', #3715, #3743 ) ;
#269 = LINE ( 'NONE', #2658, #3039 ) ;
#270 = VECTOR ( 'NONE', #4848, 1000.000000000000000 ) ;
#271 = PLANE ( 'NONE',  #4899 ) ;
#272 = CIRCLE ( 'NONE', #3603, 52.50000000000000000 ) ;
#273 = ORIENTED_EDGE ( 'NONE', *, *, #2656, .T. ) ;
#274 = ORIENTED_EDGE ( 'NONE', *, *, #95, .T. ) ;
#275 = ADVANCED_FACE ( 'NONE', ( #970 ), #2532, .F. ) ;
#276 = LINE ( 'NONE', #1830, #4863 ) ;
#277 = CARTESIAN_POINT ( 'NONE',  ( -74.19829071883061999, -5.000000000000000000, 74.71358084809440925 ) ) ;
#278 = CARTESIAN_POINT ( 'NONE',  ( 0.000000000000000000, -5.000000000000000000, 0.000000000000000000 ) ) ;
#279 = APPROVAL_PERSON_ORGANIZATION ( #2521, #2464, #1758 ) ;
#280 = VERTEX_POINT ( 'NONE', #4874 ) ;
#281 = COORDINATED_UNIVERSAL_TIME_OFFSET ( 7, 0, .AHEAD. ) ;
#282 = CC_DESIGN_SECURITY_CLASSIFICATION ( #4084, ( #1334 ) ) ;
#283 = VERTEX_POINT ( 'NONE', #3276 ) ;
#284 = EDGE_CURVE ( 'NONE', #1113, #4653, #2491, .T. ) ;
#285 = APPROVAL ( #2317, 'UNKNOWN' ) ;
#286 = CARTESIAN_POINT ( 'NONE',  ( -82.35274281085926873, -35.86999999999999744, 55.00647406690787022 ) ) ;
#287 = DIRECTION ( 'NONE',  ( -1.000000000000000000, -0.000000000000000000, -0.000000000000000000 ) ) ;
#288 = CARTESIAN_POINT ( 'NONE',  ( -1.409999999999994591, 22.71000000000000085, 53.04000000000000625 ) ) ;
#289 = DIRECTION ( 'NONE',  ( 0.000000000000000000, 0.000000000000000000, 1.000000000000000000 ) ) ;
#290 = ORIENTED_EDGE ( 'NONE', *, *, #640, .T. ) ;
#291 = CARTESIAN_POINT ( 'NONE',  ( -70.62999999999999545, -3.589999999999995861, 3.385337084264023133 ) ) ;
#292 = DIRECTION ( 'NONE',  ( 0.000000000000000000, 1.000000000000000000, 0.000000000000000000 ) ) ;
#293 = CIRCLE ( 'NONE', #4337, 1.599999999999997202 ) ;
#294 = DIRECTION ( 'NONE',  ( 0.000000000000000000, 1.000000000000000000, 0.000000000000000000 ) ) ;
#295 = CARTESIAN_POINT ( 'NONE',  ( -76.99918942026600632, -35.86999999999999744, 69.96002745750114116 ) ) ;
#296 = CARTESIAN_POINT ( 'NONE',  ( 55.99019513592784847, 10.00000000000000000, 7.500000000000000888 ) ) ;
#297 = EDGE_CURVE ( 'NONE', #283, #2061, #3791, .T. ) ;
#298 = ORIENTED_EDGE ( 'NONE', *, *, #2506, .F. ) ;
#299 = ORIENTED_EDGE ( 'NONE', *, *, #930, .T. ) ;
#300 = DIRECTION ( 'NONE',  ( 0.000000000000000000, 0.000000000000000000, -1.000000000000000000 ) ) ;
#301 = FACE_OUTER_BOUND ( 'NONE', #4506, .T. ) ;
#302 = CARTESIAN_POINT ( 'NONE',  ( -57.94295870590023867, -26.59000000000001407, 56.17304270302549440 ) ) ;
#303 = EDGE_CURVE ( 'NONE', #3492, #1702, #4392, .T. ) ;
#304 = VERTEX_POINT ( 'NONE', #4946 ) ;
#305 = PERSON_AND_ORGANIZATION ( #510, #3437 ) ;
#306 = ORIENTED_EDGE ( 'NONE', *, *, #4720, .F. ) ;
#307 = DIRECTION ( 'NONE',  ( 0.000000000000000000, 0.000000000000000000, 1.000000000000000000 ) ) ;
#308 = CARTESIAN_POINT ( 'NONE',  ( -52.97999999999999687, 5.000000000000000000, 42.39000000000000057 ) ) ;
#309 = EDGE_CURVE ( 'NONE', #1210, #2197, #741, .T. ) ;
#310 = DIRECTION ( 'NONE',  ( -0.000000000000000000, 1.000000000000000000, -0.000000000000000000 ) ) ;
#311 = EDGE_LOOP ( 'NONE', ( #2529, #1735, #1498, #1436 ) ) ;
#312 = CARTESIAN_POINT ( 'NONE',  ( 50.00000000000000711, -55.00000000000000711, 74.99999999999998579 ) ) ;
#313 = ADVANCED_FACE ( 'NONE', ( #670 ), #3769, .F. ) ;
#314 = CARTESIAN_POINT ( 'NONE',  ( -62.60999999999999943, 5.000000000000000000, 47.39000000000000057 ) ) ;
#315 = CYLINDRICAL_SURFACE ( 'NONE', #4869, 55.00000000000000000 ) ;
#316 = AXIS2_PLACEMENT_3D ( 'NONE', #4973, #435, #4240 ) ;
#317 = DIRECTION ( 'NONE',  ( 1.000000000000000000, 0.000000000000000000, 0.000000000000000000 ) ) ;
#318 = ORIENTED_EDGE ( 'NONE', *, *, #885, .T. ) ;
#319 = EDGE_LOOP ( 'NONE', ( #4774, #4276, #2498, #655 ) ) ;
#320 = CARTESIAN_POINT ( 'NONE',  ( 0.000000000000000000, 10.00000000000000000, 0.000000000000000000 ) ) ;
#321 = CARTESIAN_POINT ( 'NONE',  ( -58.89259771139528965, -5.000000000000000888, 54.88533708478723838 ) ) ;
#322 = EDGE_CURVE ( 'NONE', #2280, #2242, #1822, .T. ) ;
#323 = CARTESIAN_POINT ( 'NONE',  ( -62.60999999999999943, -5.000000000000000000, 55.00647406690787022 ) ) ;
#324 = PRODUCT_DEFINITION_SHAPE ( 'NONE', 'NONE',  #5017 ) ;
#325 = VERTEX_POINT ( 'NONE', #1485 ) ;
#326 = CALENDAR_DATE ( 2025, 7, 10 ) ;
#327 = ORIENTED_EDGE ( 'NONE', *, *, #2326, .T. ) ;
#328 = FACE_OUTER_BOUND ( 'NONE', #2068, .T. ) ;
#329 = DIRECTION ( 'NONE',  ( 0.000000000000000000, 0.000000000000000000, 1.000000000000000000 ) ) ;
#330 = ORIENTED_EDGE ( 'NONE', *, *, #4624, .F. ) ;
#331 = AXIS2_PLACEMENT_3D ( 'NONE', #1857, #4561, #1880 ) ;
#332 = EDGE_CURVE ( 'NONE', #788, #127, #3046, .T. ) ;
#333 = DIRECTION ( 'NONE',  ( 0.000000000000000000, -1.000000000000000000, 0.000000000000000000 ) ) ;
#334 = AXIS2_PLACEMENT_3D ( 'NONE', #222, #3748, #1383 ) ;
#335 = AXIS2_PLACEMENT_3D ( 'NONE', #4233, #762, #2321 ) ;
#336 = FACE_OUTER_BOUND ( 'NONE', #953, .T. ) ;
#337 = CARTESIAN_POINT ( 'NONE',  ( -60.99019513592784136, -10.00000000000000000, -7.500000000000000000 ) ) ;
#338 = CIRCLE ( 'NONE', #985, 52.50000000000000000 ) ;
#339 = ADVANCED_FACE ( 'NONE', ( #2606 ), #770, .F. ) ;
#340 = VECTOR ( 'NONE', #693, 1000.000000000000000 ) ;
#341 = CC_DESIGN_PERSON_AND_ORGANIZATION_ASSIGNMENT ( #4458, #4105, ( #857 ) ) ;
#342 = DIRECTION ( 'NONE',  ( -1.000000000000000000, 0.000000000000000000, 0.000000000000000000 ) ) ;
#343 = CARTESIAN_POINT ( 'NONE',  ( -83.34563602967273255, -5.000000000000000000, 74.71358084809440925 ) ) ;
#344 = VECTOR ( 'NONE', #3779, 1000.000000000000000 ) ;
#345 = VECTOR ( 'NONE', #2246, 1000.000000000000000 ) ;
#346 = CARTESIAN_POINT ( 'NONE',  ( 0.000000000000000000, 0.000000000000000000, 60.00000000000000000 ) ) ;
#347 = ORIENTED_EDGE ( 'NONE', *, *, #4955, .T. ) ;
#348 = ORIENTED_EDGE ( 'NONE', *, *, #2569, .T. ) ;
#349 = CARTESIAN_POINT ( 'NONE',  ( -10.52170913285009668, 0.000000000000000000, 40.00000000000000000 ) ) ;
#350 = DIRECTION ( 'NONE',  ( -1.000000000000000000, 0.000000000000000000, 0.000000000000000000 ) ) ;
#351 = LINE ( 'NONE', #3003, #820 ) ;
#352 = AXIS2_PLACEMENT_3D ( 'NONE', #4769, #1299, #4562 ) ;
#353 = ORIENTED_EDGE ( 'NONE', *, *, #4355, .F. ) ;
#354 = DATE_AND_TIME ( #3825, #32 ) ;
#355 = VERTEX_POINT ( 'NONE', #2232 ) ;
#356 = CARTESIAN_POINT ( 'NONE',  ( 50.99019513592784136, -10.00000000000000000, 12.50000000000000000 ) ) ;
#357 = CARTESIAN_POINT ( 'NONE',  ( -74.19829071883061999, -25.00000000000000000, 78.72230578021572001 ) ) ;
#358 = ADVANCED_FACE ( 'NONE', ( #4613 ), #315, .T. ) ;
#359 = EDGE_LOOP ( 'NONE', ( #803, #4362, #2339, #2514 ) ) ;
#360 = DIRECTION ( 'NONE',  ( -0.000000000000000000, 0.000000000000000000, 1.000000000000000000 ) ) ;
#361 = LINE ( 'NONE', #1172, #4479 ) ;
#362 = EDGE_CURVE ( 'NONE', #3593, #1053, #4548, .T. ) ;
#363 = ORIENTED_EDGE ( 'NONE', *, *, #737, .T. ) ;
#364 = DIRECTION ( 'NONE',  ( 2.127842350170877923E-16, 7.901123571885611941E-17, 1.000000000000000000 ) ) ;
#365 = CARTESIAN_POINT ( 'NONE',  ( 3.590000000000005631, 22.71000000000000085, 46.08000000000001251 ) ) ;
#366 = DIRECTION ( 'NONE',  ( 0.000000000000000000, 1.000000000000000000, 0.000000000000000000 ) ) ;
#367 = ADVANCED_FACE ( 'NONE', ( #2709 ), #1122, .F. ) ;
#368 = LINE ( 'NONE', #463, #2292 ) ;
#369 = EDGE_LOOP ( 'NONE', ( #18, #1725 ) ) ;
#370 = CARTESIAN_POINT ( 'NONE',  ( 50.99019513592784136, -10.00000000000000000, -12.50000000000000000 ) ) ;
#371 = CARTESIAN_POINT ( 'NONE',  ( -52.97999999999999687, 49.20061216172560847, 42.39000000000000057 ) ) ;
#372 = CARTESIAN_POINT ( 'NONE',  ( -62.60999999999999943, 0.000000000000000000, 0.000000000000000000 ) ) ;
#373 = VERTEX_POINT ( 'NONE', #2304 ) ;
#374 = SHAPE_DEFINITION_REPRESENTATION ( #3938, #3926 ) ;
#375 = VERTEX_POINT ( 'NONE', #2680 ) ;
#376 = ORIENTED_EDGE ( 'NONE', *, *, #4232, .F. ) ;
#377 = DIRECTION ( 'NONE',  ( -0.000000000000000000, 1.000000000000000000, 0.000000000000000000 ) ) ;
#378 = DIRECTION ( 'NONE',  ( 0.000000000000000000, 0.000000000000000000, 1.000000000000000000 ) ) ;
#379 =( NAMED_UNIT ( * ) PLANE_ANGLE_UNIT ( ) SI_UNIT ( $, .RADIAN. ) );
#380 = ORIENTED_EDGE ( 'NONE', *, *, #784, .F. ) ;
#381 = DIRECTION ( 'NONE',  ( -0.000000000000000000, 1.000000000000000000, -0.000000000000000000 ) ) ;
#382 = ADVANCED_FACE ( 'NONE', ( #4244 ), #2657, .T. ) ;
#383 = DIRECTION ( 'NONE',  ( 0.000000000000000000, 1.000000000000000000, 0.000000000000000000 ) ) ;
#384 = ORIENTED_EDGE ( 'NONE', *, *, #297, .T. ) ;
#385 = CARTESIAN_POINT ( 'NONE',  ( -82.35274281085926873, 5.000000000000000000, 44.99999999999999289 ) ) ;
#386 = DIRECTION ( 'NONE',  ( -0.000000000000000000, 1.000000000000000000, -0.000000000000000000 ) ) ;
#387 = CYLINDRICAL_SURFACE ( 'NONE', #187, 2.399999999999999467 ) ;
#388 = ADVANCED_BREP_SHAPE_REPRESENTATION ( '', ( #2110, #2796 ), #29 ) ;
#389 = CARTESIAN_POINT ( 'NONE',  ( -61.61714353676141798, -28.59000000000001762, 37.38533708426405866 ) ) ;
#390 = EDGE_LOOP ( 'NONE', ( #2121, #4778, #4822, #3408 ) ) ;
#391 = LINE ( 'NONE', #721, #2699 ) ;
#392 = DIRECTION ( 'NONE',  ( 0.000000000000000000, -1.000000000000000000, 0.000000000000000000 ) ) ;
#393 = LINE ( 'NONE', #5007, #3750 ) ;
#394 = EDGE_CURVE ( 'NONE', #4204, #1113, #2995, .T. ) ;
#395 = VECTOR ( 'NONE', #2530, 1000.000000000000000 ) ;
#396 = ORIENTED_EDGE ( 'NONE', *, *, #1788, .F. ) ;
#397 = COORDINATED_UNIVERSAL_TIME_OFFSET ( 7, 0, .AHEAD. ) ;
#398 = ORIENTED_EDGE ( 'NONE', *, *, #3914, .F. ) ;
#399 = VERTEX_POINT ( 'NONE', #3462 ) ;
#400 = DIRECTION ( 'NONE',  ( 0.000000000000000000, 0.000000000000000000, 1.000000000000000000 ) ) ;
#401 = EDGE_CURVE ( 'NONE', #3931, #4398, #2276, .T. ) ;
#402 = CARTESIAN_POINT ( 'NONE',  ( 55.65831063860392902, 22.71000000000000085, 54.88533708478804130 ) ) ;
#403 = DIRECTION ( 'NONE',  ( 0.000000000000000000, 0.000000000000000000, 1.000000000000000000 ) ) ;
#404 = ORIENTED_EDGE ( 'NONE', *, *, #1801, .F. ) ;
#405 = CARTESIAN_POINT ( 'NONE',  ( 50.00000000000000000, 5.000000000000000888, 42.39000000000000057 ) ) ;
#406 = LINE ( 'NONE', #1613, #1818 ) ;
#407 = ORIENTED_EDGE ( 'NONE', *, *, #2517, .T. ) ;
#408 = CARTESIAN_POINT ( 'NONE',  ( 3.590000000000005631, 0.000000000000000000, 74.71358084809440925 ) ) ;
#409 = DIRECTION ( 'NONE',  ( -0.000000000000000000, 0.000000000000000000, 1.000000000000000000 ) ) ;
#410 = DIRECTION ( 'NONE',  ( -0.000000000000000000, -1.000000000000000000, -0.000000000000000000 ) ) ;
#411 = VECTOR ( 'NONE', #2613, 1000.000000000000000 ) ;
#412 = VECTOR ( 'NONE', #3838, 1000.000000000000000 ) ;
#413 = LINE ( 'NONE', #2023, #1424 ) ;
#414 = EDGE_CURVE ( 'NONE', #3932, #4762, #3035, .T. ) ;
#415 = VECTOR ( 'NONE', #2020, 1000.000000000000000 ) ;
#416 = VECTOR ( 'NONE', #2546, 1000.000000000000000 ) ;
#417 = ORIENTED_EDGE ( 'NONE', *, *, #2822, .T. ) ;
#418 = LINE ( 'NONE', #878, #4626 ) ;
#419 = FACE_OUTER_BOUND ( 'NONE', #4208, .T. ) ;
#420 = DIRECTION ( 'NONE',  ( 0.000000000000000000, 0.000000000000000000, 1.000000000000000000 ) ) ;
#421 = CIRCLE ( 'NONE', #909, 2.400000000000006128 ) ;
#422 = VECTOR ( 'NONE', #3574, 1000.000000000000000 ) ;
#423 = EDGE_CURVE ( 'NONE', #897, #30, #267, .T. ) ;
#424 = VERTEX_POINT ( 'NONE', #4998 ) ;
#425 = DATE_AND_TIME ( #3473, #2073 ) ;
#426 = ORIENTED_EDGE ( 'NONE', *, *, #824, .F. ) ;
#427 = VERTEX_POINT ( 'NONE', #1532 ) ;
#428 = VECTOR ( 'NONE', #777, 1000.000000000000000 ) ;
#429 = CARTESIAN_POINT ( 'NONE',  ( 53.56071321407137731, -5.000000000000000000, -12.50000000000000000 ) ) ;
#430 = EDGE_CURVE ( 'NONE', #3758, #4758, #464, .T. ) ;
#431 = ORIENTED_EDGE ( 'NONE', *, *, #1418, .F. ) ;
#432 = DIRECTION ( 'NONE',  ( -0.000000000000000000, -0.000000000000000000, 1.000000000000000000 ) ) ;
#433 = VECTOR ( 'NONE', #2652, 1000.000000000000000 ) ;
#434 = VERTEX_POINT ( 'NONE', #3146 ) ;
#435 = DIRECTION ( 'NONE',  ( 0.000000000000000000, -1.000000000000000000, 0.000000000000000000 ) ) ;
#436 = SECURITY_CLASSIFICATION ( '', '', #756 ) ;
#437 = DIRECTION ( 'NONE',  ( 0.000000000000000000, 0.000000000000000000, -1.000000000000000000 ) ) ;
#438 = ORIENTED_EDGE ( 'NONE', *, *, #1635, .F. ) ;
#439 = DIRECTION ( 'NONE',  ( 0.000000000000000000, 1.000000000000000000, 0.000000000000000000 ) ) ;
#440 = CARTESIAN_POINT ( 'NONE',  ( 54.37000000000001165, 22.41000000000000369, 42.39000000000000057 ) ) ;
#441 = DIRECTION ( 'NONE',  ( 0.000000000000000000, 0.000000000000000000, 1.000000000000000000 ) ) ;
#442 = CARTESIAN_POINT ( 'NONE',  ( -61.61714353676141798, -28.59000000000001762, 37.38533708426405866 ) ) ;
#443 = PLANE ( 'NONE',  #4255 ) ;
#444 = ORIENTED_EDGE ( 'NONE', *, *, #3861, .F. ) ;
#445 = LINE ( 'NONE', #3202, #422 ) ;
#446 = DIRECTION ( 'NONE',  ( -0.000000000000000000, -1.000000000000000000, -0.000000000000000000 ) ) ;
#447 = CIRCLE ( 'NONE', #4817, 2.000000000517101917 ) ;
#448 = DIRECTION ( 'NONE',  ( 0.000000000000000000, 0.000000000000000000, -1.000000000000000000 ) ) ;
#449 = EDGE_CURVE ( 'NONE', #35, #63, #1174, .T. ) ;
#450 = PRODUCT_DEFINITION_SHAPE ( 'NONE', 'NONE',  #2835 ) ;
#451 = CIRCLE ( 'NONE', #1918, 55.00000000000000000 ) ;
#452 = VERTEX_POINT ( 'NONE', #812 ) ;
#453 = ORIENTED_EDGE ( 'NONE', *, *, #3905, .T. ) ;
#454 = ORIENTED_EDGE ( 'NONE', *, *, #1922, .T. ) ;
#455 = LINE ( 'NONE', #2770, #1311 ) ;
#456 = FACE_OUTER_BOUND ( 'NONE', #3957, .T. ) ;
#457 = ADVANCED_FACE ( 'NONE', ( #2379 ), #3566, .F. ) ;
#458 = ORIENTED_EDGE ( 'NONE', *, *, #2738, .F. ) ;
#459 = LINE ( 'NONE', #4363, #1554 ) ;
#460 = ADVANCED_FACE ( 'NONE', ( #1672 ), #1616, .F. ) ;
#461 = CARTESIAN_POINT ( 'NONE',  ( -70.62999999999999545, -53.58999999999999631, -20.00000000000001066 ) ) ;
#462 = VERTEX_POINT ( 'NONE', #1591 ) ;
#463 = CARTESIAN_POINT ( 'NONE',  ( -62.60999999999999943, 5.000000000000000000, 79.99999999999998579 ) ) ;
#464 = LINE ( 'NONE', #2045, #2381 ) ;
#465 = FACE_OUTER_BOUND ( 'NONE', #3968, .T. ) ;
#466 = DIRECTION ( 'NONE',  ( -0.000000000000000000, 1.000000000000000000, -0.000000000000000000 ) ) ;
#467 = CARTESIAN_POINT ( 'NONE',  ( 50.99019513592784136, -10.00000000000000000, 12.50000000000000000 ) ) ;
#468 = CARTESIAN_POINT ( 'NONE',  ( -57.27545417499960934, 10.00000000000000000, 0.000000000000000000 ) ) ;
#469 = LINE ( 'NONE', #2081, #986 ) ;
#470 = CARTESIAN_POINT ( 'NONE',  ( -82.35274281085926873, -35.86999999999999744, 79.71358084809442346 ) ) ;
#471 = DIRECTION ( 'NONE',  ( 1.156482317317871478E-16, -0.000000000000000000, 1.000000000000000000 ) ) ;
#472 = ORIENTED_EDGE ( 'NONE', *, *, #3048, .F. ) ;
#473 = ORIENTED_EDGE ( 'NONE', *, *, #3558, .T. ) ;
#474 = EDGE_CURVE ( 'NONE', #3217, #2679, #4688, .T. ) ;
#475 = EDGE_LOOP ( 'NONE', ( #3854, #1169, #1132, #663 ) ) ;
#476 = DIRECTION ( 'NONE',  ( 0.000000000000000000, 1.000000000000000000, 0.000000000000000000 ) ) ;
#477 = VECTOR ( 'NONE', #3065, 1000.000000000000000 ) ;
#478 = DIRECTION ( 'NONE',  ( 1.000000000000000000, 0.000000000000000000, 0.000000000000000000 ) ) ;
#479 = EDGE_LOOP ( 'NONE', ( #4293, #3889, #1035, #860, #4785, #4010 ) ) ;
#480 = DIRECTION ( 'NONE',  ( -0.000000000000000000, -1.000000000000000000, -0.000000000000000000 ) ) ;
#481 = DIRECTION ( 'NONE',  ( -1.000000000000000000, 0.000000000000000000, -0.000000000000000000 ) ) ;
#482 = EDGE_CURVE ( 'NONE', #2456, #3578, #3516, .T. ) ;
#483 = EDGE_LOOP ( 'NONE', ( #1020, #1267 ) ) ;
#484 = LINE ( 'NONE', #3072, #1225 ) ;
#485 = DIRECTION ( 'NONE',  ( 0.000000000000000000, 0.000000000000000000, -1.000000000000000000 ) ) ;
#486 = CARTESIAN_POINT ( 'NONE',  ( -50.21591620410926282, -44.00000000000002132, 55.00647406690787022 ) ) ;
#487 = CARTESIAN_POINT ( 'NONE',  ( 3.590000000000005631, 5.000000000000000000, 46.08000000000001251 ) ) ;
#488 = CARTESIAN_POINT ( 'NONE',  ( -58.89259771139528965, -5.000000000000000888, 53.28533708478724407 ) ) ;
#489 = EDGE_CURVE ( 'NONE', #3675, #2097, #1939, .T. ) ;
#490 = VERTEX_POINT ( 'NONE', #847 ) ;
#491 = DIRECTION ( 'NONE',  ( 0.000000000000000000, 1.000000000000000000, 0.000000000000000000 ) ) ;
#492 = VECTOR ( 'NONE', #1704, 1000.000000000000000 ) ;
#493 = VECTOR ( 'NONE', #3588, 1000.000000000000000 ) ;
#494 = CARTESIAN_POINT ( 'NONE',  ( -0.7999999995522613094, 0.000000000000000000, 20.50000000413565715 ) ) ;
#495 = LINE ( 'NONE', #1286, #2064 ) ;
#496 = CIRCLE ( 'NONE', #2775, 5.000000000000000000 ) ;
#497 = AXIS2_PLACEMENT_3D ( 'NONE', #402, #3883, #3831 ) ;
#498 = ORIENTED_EDGE ( 'NONE', *, *, #414, .T. ) ;
#499 = ORIENTED_EDGE ( 'NONE', *, *, #2089, .F. ) ;
#500 = ORIENTED_EDGE ( 'NONE', *, *, #4298, .T. ) ;
#501 = CARTESIAN_POINT ( 'NONE',  ( -70.62999999999999545, -53.58999999999999631, 31.38533708426405866 ) ) ;
#502 = VECTOR ( 'NONE', #4430, 1000.000000000000000 ) ;
#503 = VECTOR ( 'NONE', #4294, 1000.000000000000000 ) ;
#504 = DIRECTION ( 'NONE',  ( 0.000000000000000000, 0.000000000000000000, 1.000000000000000000 ) ) ;
#505 = AXIS2_PLACEMENT_3D ( 'NONE', #1902, #1800, #3421 ) ;
#506 = VECTOR ( 'NONE', #3554, 1000.000000000000000 ) ;
#507 = ORIENTED_EDGE ( 'NONE', *, *, #3298, .F. ) ;
#508 = PERSON_AND_ORGANIZATION_ROLE ( 'design_owner' ) ;
#509 = VERTEX_POINT ( 'NONE', #789 ) ;
#510 = PERSON ( 'UNSPECIFIED', 'UNSPECIFIED', 'UNSPECIFIED', ('UNSPECIFIED'), ('UNSPECIFIED'), ('UNSPECIFIED') ) ;
#511 = CARTESIAN_POINT ( 'NONE',  ( -62.60999999999999943, 22.41000000000000369, 67.39000000000000057 ) ) ;
#512 = VECTOR ( 'NONE', #3922, 1000.000000000000000 ) ;
#513 = EDGE_CURVE ( 'NONE', #2666, #160, #4665, .T. ) ;
#514 = CARTESIAN_POINT ( 'NONE',  ( -53.56071321407137731, -5.000000000000000000, -12.50000000000000000 ) ) ;
#515 = VECTOR ( 'NONE', #2600, 1000.000000000000000 ) ;
#516 = ORIENTED_EDGE ( 'NONE', *, *, #557, .F. ) ;
#517 = CARTESIAN_POINT ( 'NONE',  ( -31.56135310936134530, -3.869999999999991669, 56.17304270302549440 ) ) ;
#518 = DIRECTION ( 'NONE',  ( 0.000000000000000000, 1.000000000000000000, 0.000000000000000000 ) ) ;
#519 = DIRECTION ( 'NONE',  ( 0.000000000000000000, 1.000000000000000000, 0.000000000000000000 ) ) ;
#520 = ADVANCED_FACE ( 'NONE', ( #3222 ), #2409, .T. ) ;
#521 = DIRECTION ( 'NONE',  ( -0.000000000000000000, 0.000000000000000000, -1.000000000000000000 ) ) ;
#522 = CC_DESIGN_APPROVAL ( #2524, ( #436 ) ) ;
#523 = EDGE_LOOP ( 'NONE', ( #1932, #417, #2688, #4283, #3962, #859, #4344, #2311 ) ) ;
#524 = CARTESIAN_POINT ( 'NONE',  ( 50.99019513592784136, -5.000000000000000000, 12.49999999999999289 ) ) ;
#525 = CARTESIAN_POINT ( 'NONE',  ( 0.000000000000000000, 5.000000000000000000, 0.000000000000000000 ) ) ;
#526 = CARTESIAN_POINT ( 'NONE',  ( -70.62999999999999545, 6.410000000000006359, -8.307331457867993763 ) ) ;
#527 = EDGE_CURVE ( 'NONE', #4620, #4801, #1196, .T. ) ;
#528 = EDGE_LOOP ( 'NONE', ( #4167, #2471, #1463, #1707, #3173, #765 ) ) ;
#529 = EDGE_LOOP ( 'NONE', ( #3322, #4717, #4021, #3384 ) ) ;
#530 = ORIENTED_EDGE ( 'NONE', *, *, #1483, .F. ) ;
#531 = PLANE ( 'NONE',  #3107 ) ;
#532 = LINE ( 'NONE', #2033, #1961 ) ;
#533 = EDGE_CURVE ( 'NONE', #1191, #2318, #1279, .T. ) ;
#534 = ORIENTED_EDGE ( 'NONE', *, *, #1875, .T. ) ;
#535 = CARTESIAN_POINT ( 'NONE',  ( 0.000000000000000000, 0.000000000000000000, 0.000000000000000000 ) ) ;
#536 = ORIENTED_EDGE ( 'NONE', *, *, #3571, .T. ) ;
#537 = LINE ( 'NONE', #890, #2455 ) ;
#538 = CARTESIAN_POINT ( 'NONE',  ( -61.61714353676141798, -53.58999999999999631, 37.38533708426405866 ) ) ;
#539 = ORIENTED_EDGE ( 'NONE', *, *, #4978, .T. ) ;
#540 = EDGE_CURVE ( 'NONE', #2515, #4025, #1221, .T. ) ;
#541 = ORIENTED_EDGE ( 'NONE', *, *, #2178, .T. ) ;
#542 = LINE ( 'NONE', #4823, #4280 ) ;
#543 = CARTESIAN_POINT ( 'NONE',  ( -70.62999999999999545, 0.1500000000000008271, 40.00000000000002132 ) ) ;
#544 = CARTESIAN_POINT ( 'NONE',  ( 47.50000000044774140, 5.000000000000000000, 20.50000000413566070 ) ) ;
#545 = EDGE_LOOP ( 'NONE', ( #3747, #3418 ) ) ;
#546 = CARTESIAN_POINT ( 'NONE',  ( -52.61000000000000654, -53.58999999999999631, 44.99999999999999289 ) ) ;
#547 = EDGE_CURVE ( 'NONE', #1365, #993, #2, .T. ) ;
#548 = CARTESIAN_POINT ( 'NONE',  ( -0.7999999995522613094, 5.000000000000000000, 22.50000000465275463 ) ) ;
#549 = FACE_OUTER_BOUND ( 'NONE', #1714, .T. ) ;
#550 = ORIENTED_EDGE ( 'NONE', *, *, #640, .F. ) ;
#551 = ORIENTED_EDGE ( 'NONE', *, *, #247, .T. ) ;
#552 = ADVANCED_FACE ( 'NONE', ( #2350 ), #3194, .F. ) ;
#553 = DIRECTION ( 'NONE',  ( -0.000000000000000000, 1.000000000000000000, -0.000000000000000000 ) ) ;
#554 = CARTESIAN_POINT ( 'NONE',  ( -64.51479838570431014, -44.00000000000002132, 44.99999999999999289 ) ) ;
#555 = VERTEX_POINT ( 'NONE', #3541 ) ;
#556 = APPROVAL_ROLE ( '' ) ;
#557 = EDGE_CURVE ( 'NONE', #3151, #4435, #747, .T. ) ;
#558 = CC_DESIGN_PERSON_AND_ORGANIZATION_ASSIGNMENT ( #3327, #3403, ( #2802 ) ) ;
#559 = VECTOR ( 'NONE', #4995, 1000.000000000000000 ) ;
#560 = DIRECTION ( 'NONE',  ( 0.000000000000000000, 1.000000000000000000, 0.000000000000000000 ) ) ;
#561 = CARTESIAN_POINT ( 'NONE',  ( -62.60999999999999943, 5.000000000000000000, 75.00021254821469086 ) ) ;
#562 = ORIENTED_EDGE ( 'NONE', *, *, #1348, .F. ) ;
#563 = ORIENTED_EDGE ( 'NONE', *, *, #1582, .T. ) ;
#564 = CARTESIAN_POINT ( 'NONE',  ( -64.51479838570431014, 5.000000000000000000, 44.99999999999999289 ) ) ;
#565 = DIRECTION ( 'NONE',  ( -1.000000000000000000, 0.000000000000000000, 0.000000000000000000 ) ) ;
#566 = DIRECTION ( 'NONE',  ( 0.000000000000000000, 0.000000000000000000, 1.000000000000000000 ) ) ;
#567 = DIRECTION ( 'NONE',  ( 0.000000000000000000, 0.000000000000000000, 1.000000000000000000 ) ) ;
#568 = EDGE_CURVE ( 'NONE', #4497, #3217, #1255, .T. ) ;
#569 = ORIENTED_EDGE ( 'NONE', *, *, #4157, .F. ) ;
#570 = AXIS2_PLACEMENT_3D ( 'NONE', #4017, #2806, #1297 ) ;
#571 = EDGE_LOOP ( 'NONE', ( #3457, #363, #3550, #1315, #4058, #4730, #4227, #2862, #2279, #3475, #4220, #2257 ) ) ;
#572 = ORIENTED_EDGE ( 'NONE', *, *, #2359, .F. ) ;
#573 = DIRECTION ( 'NONE',  ( 0.000000000000000000, 0.000000000000000000, -1.000000000000000000 ) ) ;
#574 = DIRECTION ( 'NONE',  ( 0.000000000000000000, 0.000000000000000000, 1.000000000000000000 ) ) ;
#575 = AXIS2_PLACEMENT_3D ( 'NONE', #3605, #855, #3954 ) ;
#576 = EDGE_CURVE ( 'NONE', #304, #2136, #2811, .T. ) ;
#577 = ORIENTED_EDGE ( 'NONE', *, *, #3471, .F. ) ;
#578 = APPROVAL_STATUS ( 'not_yet_approved' ) ;
#579 = VERTEX_POINT ( 'NONE', #3405 ) ;
#580 = VECTOR ( 'NONE', #2104, 1000.000000000000000 ) ;
#581 = AXIS2_PLACEMENT_3D ( 'NONE', #1865, #4900, #4170 ) ;
#582 = LINE ( 'NONE', #1446, #3354 ) ;
#583 = PLANE ( 'NONE',  #3582 ) ;
#584 = VECTOR ( 'NONE', #43, 1000.000000000000000 ) ;
#585 = EDGE_CURVE ( 'NONE', #1951, #728, #3036, .T. ) ;
#586 = VECTOR ( 'NONE', #3412, 1000.000000000000000 ) ;
#587 = DIRECTION ( 'NONE',  ( 0.000000000000000000, 0.000000000000000000, 1.000000000000000000 ) ) ;
#588 = VERTEX_POINT ( 'NONE', #4859 ) ;
#589 = AXIS2_PLACEMENT_3D ( 'NONE', #3792, #4876, #3741 ) ;
#590 = ORIENTED_EDGE ( 'NONE', *, *, #260, .T. ) ;
#591 = CARTESIAN_POINT ( 'NONE',  ( 57.27545417499960934, 10.00000000000000000, 2.400000000000000799 ) ) ;
#592 = VECTOR ( 'NONE', #1349, 1000.000000000000000 ) ;
#593 = FACE_OUTER_BOUND ( 'NONE', #2909, .T. ) ;
#594 = VECTOR ( 'NONE', #2675, 1000.000000000000000 ) ;
#595 = DIRECTION ( 'NONE',  ( 1.000000000000000000, 0.000000000000000000, -0.000000000000000000 ) ) ;
#596 = DIRECTION ( 'NONE',  ( 0.000000000000000000, 0.000000000000000000, 1.000000000000000000 ) ) ;
#597 = LINE ( 'NONE', #3414, #2707 ) ;
#598 = VERTEX_POINT ( 'NONE', #1422 ) ;
#599 = ORIENTED_EDGE ( 'NONE', *, *, #2834, .F. ) ;
#600 = ORIENTED_EDGE ( 'NONE', *, *, #3205, .F. ) ;
#601 = CARTESIAN_POINT ( 'NONE',  ( -52.61000000000000654, -53.58999999999999631, -20.00000000000000355 ) ) ;
#602 = EDGE_CURVE ( 'NONE', #1145, #490, #4162, .T. ) ;
#603 = DIRECTION ( 'NONE',  ( 1.000000000000000000, 0.000000000000000000, -0.000000000000000000 ) ) ;
#604 = ORIENTED_EDGE ( 'NONE', *, *, #3751, .T. ) ;
#605 = PERSON_AND_ORGANIZATION ( #510, #3437 ) ;
#606 = ORIENTED_EDGE ( 'NONE', *, *, #2608, .T. ) ;
#607 = DIRECTION ( 'NONE',  ( 1.000000000000000000, 0.000000000000000000, 0.000000000000000000 ) ) ;
#608 = EDGE_CURVE ( 'NONE', #2540, #4258, #1395, .T. ) ;
#609 = LINE ( 'NONE', #1761, #2125 ) ;
#610 = CARTESIAN_POINT ( 'NONE',  ( 0.000000000000000000, 0.000000000000000000, 67.39000000000000057 ) ) ;
#611 = DIRECTION ( 'NONE',  ( 0.000000000000000000, 1.000000000000000000, 0.000000000000000000 ) ) ;
#612 = AXIS2_PLACEMENT_3D ( 'NONE', #1864, #1047, #4542 ) ;
#613 = ORIENTED_EDGE ( 'NONE', *, *, #1048, .T. ) ;
#614 = EDGE_CURVE ( 'NONE', #3878, #942, #1782, .T. ) ;
#615 = LINE ( 'NONE', #1403, #1941 ) ;
#616 = CARTESIAN_POINT ( 'NONE',  ( -15.00000000000000000, 10.00000000000000000, 0.000000000000000000 ) ) ;
#617 = DIRECTION ( 'NONE',  ( 0.000000000000000000, 0.000000000000000000, 1.000000000000000000 ) ) ;
#618 = EDGE_CURVE ( 'NONE', #2151, #1346, #4383, .T. ) ;
#619 = DIRECTION ( 'NONE',  ( 1.000000000000000000, 0.000000000000000000, -0.000000000000000000 ) ) ;
#620 = CARTESIAN_POINT ( 'NONE',  ( 0.000000000000000000, 5.000000000000000000, 46.08000000000001251 ) ) ;
#621 = VERTEX_POINT ( 'NONE', #1061 ) ;
#622 = ORIENTED_EDGE ( 'NONE', *, *, #2424, .F. ) ;
#623 = VERTEX_POINT ( 'NONE', #4914 ) ;
#624 = DIRECTION ( 'NONE',  ( 0.000000000000000000, 0.000000000000000000, 1.000000000000000000 ) ) ;
#625 = DIRECTION ( 'NONE',  ( -0.000000000000000000, -1.000000000000000000, -0.000000000000000000 ) ) ;
#626 = DIRECTION ( 'NONE',  ( 0.000000000000000000, 0.000000000000000000, -1.000000000000000000 ) ) ;
#627 = EDGE_CURVE ( 'NONE', #4025, #993, #1856, .T. ) ;
#628 = EDGE_LOOP ( 'NONE', ( #1253, #1478, #3803, #2037, #698, #2419, #4387, #4539, #577, #2031, #2465 ) ) ;
#629 = COORDINATED_UNIVERSAL_TIME_OFFSET ( 7, 0, .AHEAD. ) ;
#630 = ORIENTED_EDGE ( 'NONE', *, *, #4509, .F. ) ;
#631 = DIRECTION ( 'NONE',  ( 0.000000000000000000, 1.000000000000000000, 0.000000000000000000 ) ) ;
#632 = FACE_OUTER_BOUND ( 'NONE', #4703, .T. ) ;
#633 = FACE_OUTER_BOUND ( 'NONE', #3727, .T. ) ;
#634 = ADVANCED_FACE ( 'NONE', ( #227 ), #2574, .F. ) ;
#635 = CARTESIAN_POINT ( 'NONE',  ( 55.65831063860392902, 22.41000000000000369, 53.28533708386186873 ) ) ;
#636 = ORIENTED_EDGE ( 'NONE', *, *, #1430, .F. ) ;
#637 = CARTESIAN_POINT ( 'NONE',  ( 54.37000000000001165, 5.000000000000000000, 62.39000000000000767 ) ) ;
#638 = VECTOR ( 'NONE', #3949, 1000.000000000000000 ) ;
#639 = CARTESIAN_POINT ( 'NONE',  ( -82.35274281085926873, 0.1499999999999973577, 55.00647406690787022 ) ) ;
#640 = EDGE_CURVE ( 'NONE', #3468, #778, #3009, .T. ) ;
#641 = DIRECTION ( 'NONE',  ( -1.000000000000000000, 0.000000000000000000, 0.000000000000000000 ) ) ;
#642 = LINE ( 'NONE', #3645, #1068 ) ;
#643 = DIRECTION ( 'NONE',  ( -0.000000000000000000, 1.000000000000000000, -0.000000000000000000 ) ) ;
#644 = FACE_OUTER_BOUND ( 'NONE', #3257, .T. ) ;
#645 = ADVANCED_FACE ( 'NONE', ( #2552 ), #4936, .F. ) ;
#646 = APPROVAL ( #4600, 'UNSPECIFIED' ) ;
#647 = ORIENTED_EDGE ( 'NONE', *, *, #4307, .F. ) ;
#648 = ORIENTED_EDGE ( 'NONE', *, *, #813, .F. ) ;
#649 = VERTEX_POINT ( 'NONE', #4837 ) ;
#650 = DIRECTION ( 'NONE',  ( 9.912705577010326782E-17, 0.000000000000000000, 1.000000000000000000 ) ) ;
#651 = CARTESIAN_POINT ( 'NONE',  ( -28.69918942026600917, -25.00000000000000000, 72.36002745750114684 ) ) ;
#652 = LINE ( 'NONE', #201, #1723 ) ;
#653 = ORIENTED_EDGE ( 'NONE', *, *, #2262, .F. ) ;
#654 = DATE_AND_TIME ( #1835, #1904 ) ;
#655 = ORIENTED_EDGE ( 'NONE', *, *, #2523, .F. ) ;
#656 = CARTESIAN_POINT ( 'NONE',  ( 50.00000000000000000, -55.00000000000000711, 42.39000000000000057 ) ) ;
#657 = VECTOR ( 'NONE', #2320, 1000.000000000000000 ) ;
#658 = DIRECTION ( 'NONE',  ( -1.000000000000000000, 0.000000000000000000, 0.000000000000000000 ) ) ;
#659 = CYLINDRICAL_SURFACE ( 'NONE', #4555, 2.400000000000000799 ) ;
#660 = AXIS2_PLACEMENT_3D ( 'NONE', #4221, #4253, #751 ) ;
#661 = VECTOR ( 'NONE', #2981, 1000.000000000000000 ) ;
#662 = CARTESIAN_POINT ( 'NONE',  ( -57.60999999999999943, 0.000000000000000000, 67.39000000000000057 ) ) ;
#663 = ORIENTED_EDGE ( 'NONE', *, *, #702, .F. ) ;
#664 = FACE_OUTER_BOUND ( 'NONE', #1527, .T. ) ;
#665 = EDGE_CURVE ( 'NONE', #2237, #3468, #4514, .T. ) ;
#666 = VECTOR ( 'NONE', #1720, 1000.000000000000000 ) ;
#667 = AXIS2_PLACEMENT_3D ( 'NONE', #4212, #1920, #715 ) ;
#668 = CARTESIAN_POINT ( 'NONE',  ( 59.78999999999999915, -5.000000000000000000, 79.71358084809442346 ) ) ;
#669 = AXIS2_PLACEMENT_3D ( 'NONE', #3881, #5014, #3476 ) ;
#670 = FACE_OUTER_BOUND ( 'NONE', #2832, .T. ) ;
#671 = CARTESIAN_POINT ( 'NONE',  ( 3.590000000000006519, -25.86823512579830719, 74.71358084809440925 ) ) ;
#672 = AXIS2_PLACEMENT_3D ( 'NONE', #2504, #2527, #481 ) ;
#673 = EDGE_CURVE ( 'NONE', #1443, #1145, #582, .T. ) ;
#674 = ORIENTED_EDGE ( 'NONE', *, *, #3110, .T. ) ;
#675 = EDGE_LOOP ( 'NONE', ( #2404, #4481, #2769, #2929 ) ) ;
#676 = LINE ( 'NONE', #1362, #3340 ) ;
#677 = DIRECTION ( 'NONE',  ( -0.000000000000000000, -0.000000000000000000, 1.000000000000000000 ) ) ;
#678 = ADVANCED_FACE ( 'NONE', ( #4559 ), #1470, .F. ) ;
#679 = DIRECTION ( 'NONE',  ( 0.000000000000000000, 0.000000000000000000, -1.000000000000000000 ) ) ;
#680 = SECURITY_CLASSIFICATION ( '', '', #4203 ) ;
#681 = ORIENTED_EDGE ( 'NONE', *, *, #4046, .T. ) ;
#682 = CALENDAR_DATE ( 2025, 7, 10 ) ;
#683 = ORIENTED_EDGE ( 'NONE', *, *, #3016, .F. ) ;
#684 = DIRECTION ( 'NONE',  ( -0.000000000000000000, 0.000000000000000000, -1.000000000000000000 ) ) ;
#685 = EDGE_CURVE ( 'NONE', #509, #907, #2525, .T. ) ;
#686 = FACE_OUTER_BOUND ( 'NONE', #3577, .T. ) ;
#687 = LINE ( 'NONE', #3040, #997 ) ;
#688 = ORIENTED_EDGE ( 'NONE', *, *, #3069, .T. ) ;
#689 = CARTESIAN_POINT ( 'NONE',  ( 55.99019513592784847, -10.00000000000000000, 7.500000000000000888 ) ) ;
#690 = FACE_OUTER_BOUND ( 'NONE', #4957, .T. ) ;
#691 = AXIS2_PLACEMENT_3D ( 'NONE', #389, #1943, #4800 ) ;
#692 = EDGE_CURVE ( 'NONE', #864, #1173, #2300, .T. ) ;
#693 = DIRECTION ( 'NONE',  ( -0.000000000000000000, -1.000000000000000000, -0.000000000000000000 ) ) ;
#694 = FACE_BOUND ( 'NONE', #1300, .T. ) ;
#695 = CARTESIAN_POINT ( 'NONE',  ( 47.50000000044774140, 5.000000000000000000, 30.50000000413566426 ) ) ;
#696 = EDGE_CURVE ( 'NONE', #1869, #1301, #2960, .T. ) ;
#697 = ORIENTED_EDGE ( 'NONE', *, *, #2728, .T. ) ;
#698 = ORIENTED_EDGE ( 'NONE', *, *, #547, .T. ) ;
#699 = CARTESIAN_POINT ( 'NONE',  ( -58.89259771139528965, 22.41000000000000369, 54.88533708478723838 ) ) ;
#700 = CARTESIAN_POINT ( 'NONE',  ( -77.46906859369990173, -5.000000000000000000, 74.71358084809440925 ) ) ;
#701 = CARTESIAN_POINT ( 'NONE',  ( -28.69918942026600917, -5.000000000000000000, 74.76002745750113831 ) ) ;
#702 = EDGE_CURVE ( 'NONE', #4780, #2166, #206, .T. ) ;
#703 = ORIENTED_EDGE ( 'NONE', *, *, #614, .T. ) ;
#704 = PERSON_AND_ORGANIZATION ( #510, #3437 ) ;
#705 = ORIENTED_EDGE ( 'NONE', *, *, #4379, .T. ) ;
#706 = DIRECTION ( 'NONE',  ( 0.000000000000000000, 1.000000000000000000, 0.000000000000000000 ) ) ;
#707 = DIRECTION ( 'NONE',  ( -0.000000000000000000, 1.000000000000000000, -0.000000000000000000 ) ) ;
#708 = CARTESIAN_POINT ( 'NONE',  ( -52.60999999999997812, 0.000000000000000000, 10.00000000000001954 ) ) ;
#709 = EDGE_CURVE ( 'NONE', #1687, #3313, #2598, .T. ) ;
#710 = PRODUCT_RELATED_PRODUCT_CATEGORY ( 'detail', '', ( #3770 ) ) ;
#711 = LINE ( 'NONE', #1400, #433 ) ;
#712 = VERTEX_POINT ( 'NONE', #782 ) ;
#713 = DIRECTION ( 'NONE',  ( 0.000000000000000000, -1.000000000000000000, 0.000000000000000000 ) ) ;
#714 = LINE ( 'NONE', #4975, #2165 ) ;
#715 = DIRECTION ( 'NONE',  ( -1.000000000000000000, 0.000000000000000000, -0.000000000000000000 ) ) ;
#716 = VECTOR ( 'NONE', #2786, 1000.000000000000000 ) ;
#717 = DIRECTION ( 'NONE',  ( -1.000000000000000000, 0.000000000000000000, 0.000000000000000000 ) ) ;
#718 = CARTESIAN_POINT ( 'NONE',  ( -52.97999999999999687, 22.41000000000000369, 67.39000000000000057 ) ) ;
#719 = CARTESIAN_POINT ( 'NONE',  ( 53.56071321407137731, 10.00000000000000000, -12.50000000000000000 ) ) ;
#720 = EDGE_LOOP ( 'NONE', ( #4313, #1360, #4683, #2182, #3402, #1006 ) ) ;
#721 = CARTESIAN_POINT ( 'NONE',  ( -6.409999999999994813, 22.71000000000000085, 0.000000000000000000 ) ) ;
#722 = FACE_OUTER_BOUND ( 'NONE', #4238, .T. ) ;
#723 = CARTESIAN_POINT ( 'NONE',  ( -28.69918942026600917, -35.86999999999999744, 62.36002745750113263 ) ) ;
#724 = CARTESIAN_POINT ( 'NONE',  ( -60.48800544346966035, -26.59000000000001407, 55.00647406690787022 ) ) ;
#725 = EDGE_CURVE ( 'NONE', #3348, #3689, #4231, .T. ) ;
#726 = ORIENTED_EDGE ( 'NONE', *, *, #401, .T. ) ;
#727 = DATE_AND_TIME ( #3902, #4165 ) ;
#728 = VERTEX_POINT ( 'NONE', #1953 ) ;
#729 = LINE ( 'NONE', #760, #3495 ) ;
#730 = CARTESIAN_POINT ( 'NONE',  ( -82.35274281085926873, -44.00000000000002132, 55.00647406690787022 ) ) ;
#731 = ADVANCED_FACE ( 'NONE', ( #804, #3804 ), #3083, .T. ) ;
#732 = CYLINDRICAL_SURFACE ( 'NONE', #2310, 5.000000000000000000 ) ;
#733 = DIRECTION ( 'NONE',  ( 0.000000000000000000, 0.000000000000000000, 1.000000000000000000 ) ) ;
#734 = VERTEX_POINT ( 'NONE', #4966 ) ;
#735 = AXIS2_PLACEMENT_3D ( 'NONE', #4789, #919, #4420 ) ;
#736 = CARTESIAN_POINT ( 'NONE',  ( 3.590000000000005631, -55.00000000000000711, 42.39000000000000057 ) ) ;
#737 = EDGE_CURVE ( 'NONE', #2478, #588, #3429, .T. ) ;
#738 = VECTOR ( 'NONE', #4810, 1000.000000000000000 ) ;
#739 = CARTESIAN_POINT ( 'NONE',  ( 47.50000000044774140, 5.000000000000000000, 28.50000000361856323 ) ) ;
#740 = ORIENTED_EDGE ( 'NONE', *, *, #969, .T. ) ;
#741 = LINE ( 'NONE', #4142, #1730 ) ;
#742 = AXIS2_PLACEMENT_3D ( 'NONE', #1617, #4321, #1967 ) ;
#743 = AXIS2_PLACEMENT_3D ( 'NONE', #1146, #3441, #4191 ) ;
#744 = CARTESIAN_POINT ( 'NONE',  ( 2.350000000447293846, 5.000000000000000000, 14.50000000413410461 ) ) ;
#745 = DIRECTION ( 'NONE',  ( 0.000000000000000000, 1.000000000000000000, 0.000000000000000000 ) ) ;
#746 = CIRCLE ( 'NONE', #1397, 2.399999999999999467 ) ;
#747 = CIRCLE ( 'NONE', #4709, 55.00000000000000000 ) ;
#748 = DIRECTION ( 'NONE',  ( 0.000000000000000000, -1.000000000000000000, 0.000000000000000000 ) ) ;
#749 = EDGE_LOOP ( 'NONE', ( #426, #4994, #2701, #3795 ) ) ;
#750 = ORIENTED_EDGE ( 'NONE', *, *, #88, .F. ) ;
#751 = DIRECTION ( 'NONE',  ( 0.000000000000000000, 0.000000000000000000, 1.000000000000000000 ) ) ;
#752 = CARTESIAN_POINT ( 'NONE',  ( 59.78999999999999915, -5.000000000000000000, 74.71358084809440925 ) ) ;
#753 = VECTOR ( 'NONE', #1339, 1000.000000000000000 ) ;
#754 = AXIS2_PLACEMENT_3D ( 'NONE', #4093, #1889, #3066 ) ;
#755 = ORIENTED_EDGE ( 'NONE', *, *, #1358, .T. ) ;
#756 = SECURITY_CLASSIFICATION_LEVEL ( 'unclassified' ) ;
#757 = ORIENTED_EDGE ( 'NONE', *, *, #3600, .T. ) ;
#758 = EDGE_CURVE ( 'NONE', #1869, #2602, #3532, .T. ) ;
#759 = VERTEX_POINT ( 'NONE', #1500 ) ;
#760 = CARTESIAN_POINT ( 'NONE',  ( -74.19829071883061999, -35.86999999999999744, 78.72230578021572001 ) ) ;
#761 = VECTOR ( 'NONE', #432, 1000.000000000000000 ) ;
#762 = DIRECTION ( 'NONE',  ( 0.000000000000000000, 1.000000000000000000, 0.000000000000000000 ) ) ;
#763 = CC_DESIGN_APPROVAL ( #3572, ( #2802 ) ) ;
#764 = EDGE_CURVE ( 'NONE', #2668, #1682, #3858, .T. ) ;
#765 = ORIENTED_EDGE ( 'NONE', *, *, #4587, .F. ) ;
#766 = CARTESIAN_POINT ( 'NONE',  ( -57.94295870590023867, -26.59000000000001407, 56.17304270302549440 ) ) ;
#767 = DIRECTION ( 'NONE',  ( 0.000000000000000000, 1.000000000000000000, 0.000000000000000000 ) ) ;
#768 = EDGE_CURVE ( 'NONE', #4579, #2825, #3062, .T. ) ;
#769 = ORIENTED_EDGE ( 'NONE', *, *, #4201, .F. ) ;
#770 = PLANE ( 'NONE',  #16 ) ;
#771 = CARTESIAN_POINT ( 'NONE',  ( -64.51479838570431014, 5.000000000000000000, 55.00647406690787022 ) ) ;
#772 = AXIS2_PLACEMENT_3D ( 'NONE', #3521, #1647, #4350 ) ;
#773 = DIRECTION ( 'NONE',  ( 1.000000000000000000, 0.000000000000000000, 0.000000000000000000 ) ) ;
#774 = ORIENTED_EDGE ( 'NONE', *, *, #2759, .F. ) ;
#775 = EDGE_LOOP ( 'NONE', ( #453, #1249, #3546, #2824, #2790, #4272 ) ) ;
#776 = CARTESIAN_POINT ( 'NONE',  ( -82.35274281085926873, 0.1500000000000042966, 44.99999999999999289 ) ) ;
#777 = DIRECTION ( 'NONE',  ( 1.000000000000000000, 0.000000000000000000, 0.000000000000000000 ) ) ;
#778 = VERTEX_POINT ( 'NONE', #4990 ) ;
#779 = CALENDAR_DATE ( 2025, 7, 10 ) ;
#780 = ORIENTED_EDGE ( 'NONE', *, *, #2322, .T. ) ;
#781 = ORIENTED_EDGE ( 'NONE', *, *, #4088, .T. ) ;
#782 = CARTESIAN_POINT ( 'NONE',  ( 3.590000000000005631, 5.000000000000000000, 60.00000000000000000 ) ) ;
#783 = PLANE ( 'NONE',  #4060 ) ;
#784 = EDGE_CURVE ( 'NONE', #3377, #4809, #3158, .T. ) ;
#785 = ORIENTED_EDGE ( 'NONE', *, *, #585, .F. ) ;
#786 = LINE ( 'NONE', #2654, #1202 ) ;
#787 = DIRECTION ( 'NONE',  ( -1.000000000000000000, 0.000000000000000000, 0.000000000000000000 ) ) ;
#788 = VERTEX_POINT ( 'NONE', #1547 ) ;
#789 = CARTESIAN_POINT ( 'NONE',  ( -31.56135310936134530, -3.869999999999991669, 78.72230578021572001 ) ) ;
#790 = LINE ( 'NONE', #2351, #2616 ) ;
#791 = DIRECTION ( 'NONE',  ( 0.9374582107150531973, 0.3480978356194288637, 0.000000000000000000 ) ) ;
#792 = EDGE_CURVE ( 'NONE', #3435, #3919, #4581, .T. ) ;
#793 = AXIS2_PLACEMENT_3D ( 'NONE', #689, #4470, #1429 ) ;
#794 = VERTEX_POINT ( 'NONE', #4658 ) ;
#795 = CARTESIAN_POINT ( 'NONE',  ( 50.00000000000000000, 5.000000000000000888, 42.39000000000000057 ) ) ;
#796 = DIRECTION ( 'NONE',  ( -0.000000000000000000, -1.000000000000000000, -0.000000000000000000 ) ) ;
#797 = CARTESIAN_POINT ( 'NONE',  ( -55.99019513592784847, 10.00000000000000000, -12.50000000000000000 ) ) ;
#798 = ADVANCED_FACE ( 'NONE', ( #1605 ), #2692, .F. ) ;
#799 = APPROVAL ( #3757, 'UNSPECIFIED' ) ;
#800 = EDGE_LOOP ( 'NONE', ( #4866, #4956, #3634, #2885 ) ) ;
#801 = DATE_AND_TIME ( #779, #4970 ) ;
#802 = VERTEX_POINT ( 'NONE', #1091 ) ;
#803 = ORIENTED_EDGE ( 'NONE', *, *, #2168, .T. ) ;
#804 = FACE_OUTER_BOUND ( 'NONE', #3903, .T. ) ;
#805 = CARTESIAN_POINT ( 'NONE',  ( -0.7999999995522613094, 0.000000000000000000, 20.50000000413565715 ) ) ;
#806 = ORIENTED_EDGE ( 'NONE', *, *, #4849, .T. ) ;
#807 = DIRECTION ( 'NONE',  ( -0.000000000000000000, 1.000000000000000000, -0.000000000000000000 ) ) ;
#808 = ORIENTED_EDGE ( 'NONE', *, *, #1142, .F. ) ;
#809 = CARTESIAN_POINT ( 'NONE',  ( 47.50000000044774140, 5.000000000000000000, 22.50000000465276173 ) ) ;
#810 = CARTESIAN_POINT ( 'NONE',  ( -74.19829071883061999, -3.869999999999991669, 56.17304270302549440 ) ) ;
#811 = EDGE_LOOP ( 'NONE', ( #499, #2893, #4377, #2809 ) ) ;
#812 = CARTESIAN_POINT ( 'NONE',  ( -62.60999999999999943, -5.000000000000000000, 56.17304270302549440 ) ) ;
#813 = EDGE_CURVE ( 'NONE', #325, #1371, #2340, .T. ) ;
#814 = DIRECTION ( 'NONE',  ( 0.000000000000000000, 0.000000000000000000, 1.000000000000000000 ) ) ;
#815 = CARTESIAN_POINT ( 'NONE',  ( -57.29718997932091185, -26.59000000000001407, 55.00647406690787022 ) ) ;
#816 = VECTOR ( 'NONE', #2543, 1000.000000000000000 ) ;
#817 = VECTOR ( 'NONE', #1838, 1000.000000000000000 ) ;
#818 = DIRECTION ( 'NONE',  ( 1.000000000000000000, -0.000000000000000000, 0.000000000000000000 ) ) ;
#819 = CARTESIAN_POINT ( 'NONE',  ( 60.00000000000001421, 0.000000000000000000, 10.00000000000000533 ) ) ;
#820 = VECTOR ( 'NONE', #1903, 1000.000000000000000 ) ;
#821 = AXIS2_PLACEMENT_3D ( 'NONE', #4437, #2187, #3284 ) ;
#822 = ORIENTED_EDGE ( 'NONE', *, *, #4598, .F. ) ;
#823 = CARTESIAN_POINT ( 'NONE',  ( -70.62999999999999545, -53.58999999999999631, -8.307331457867993763 ) ) ;
#824 = EDGE_CURVE ( 'NONE', #853, #2443, #729, .T. ) ;
#825 = LINE ( 'NONE', #2057, #1556 ) ;
#826 = CARTESIAN_POINT ( 'NONE',  ( -28.69918942026600917, -25.00000000000000000, 62.36002745750113263 ) ) ;
#827 = VECTOR ( 'NONE', #3130, 1000.000000000000000 ) ;
#828 = AXIS2_PLACEMENT_3D ( 'NONE', #4268, #4288, #1964 ) ;
#829 = ORIENTED_EDGE ( 'NONE', *, *, #4978, .F. ) ;
#830 = COORDINATED_UNIVERSAL_TIME_OFFSET ( 7, 0, .AHEAD. ) ;
#831 = EDGE_LOOP ( 'NONE', ( #2085, #1633, #757, #1632, #1313, #4202, #870 ) ) ;
#832 = VECTOR ( 'NONE', #3394, 1000.000000000000000 ) ;
#833 = EDGE_CURVE ( 'NONE', #4020, #3025, #1398, .T. ) ;
#834 = PLANE ( 'NONE',  #4397 ) ;
#835 = DIRECTION ( 'NONE',  ( -0.000000000000000000, 1.000000000000000000, -0.000000000000000000 ) ) ;
#836 = FACE_OUTER_BOUND ( 'NONE', #4100, .T. ) ;
#837 = EDGE_LOOP ( 'NONE', ( #4928, #2999, #3260, #3446 ) ) ;
#838 =( NAMED_UNIT ( * ) SI_UNIT ( $, .STERADIAN. ) SOLID_ANGLE_UNIT ( ) );
#839 = VECTOR ( 'NONE', #4895, 1000.000000000000000 ) ;
#840 = ORIENTED_EDGE ( 'NONE', *, *, #2793, .F. ) ;
#841 = EDGE_CURVE ( 'NONE', #1184, #2848, #4230, .T. ) ;
#842 = CARTESIAN_POINT ( 'NONE',  ( -82.35274281085926873, 5.000000000000000000, 55.00647406690787022 ) ) ;
#843 = LOCAL_TIME ( 21, 27, 32.00000000000000000, #281 ) ;
#844 = FACE_OUTER_BOUND ( 'NONE', #3886, .T. ) ;
#845 = ORIENTED_EDGE ( 'NONE', *, *, #430, .T. ) ;
#846 = CARTESIAN_POINT ( 'NONE',  ( -58.89259771139528965, 22.41000000000000369, 53.28533708478724407 ) ) ;
#847 = CARTESIAN_POINT ( 'NONE',  ( -50.21591620410926282, 5.000000000000000000, 40.00000000000000000 ) ) ;
#848 = DIRECTION ( 'NONE',  ( 0.000000000000000000, 0.000000000000000000, -1.000000000000000000 ) ) ;
#849 = DIRECTION ( 'NONE',  ( -0.000000000000000000, -1.000000000000000000, -0.000000000000000000 ) ) ;
#850 = FACE_BOUND ( 'NONE', #1186, .T. ) ;
#851 = DIRECTION ( 'NONE',  ( 0.000000000000000000, 0.000000000000000000, 1.000000000000000000 ) ) ;
#852 = ADVANCED_FACE ( 'NONE', ( #328 ), #1188, .T. ) ;
#853 = VERTEX_POINT ( 'NONE', #4632 ) ;
#854 = FACE_OUTER_BOUND ( 'NONE', #4905, .T. ) ;
#855 = DIRECTION ( 'NONE',  ( 0.000000000000000000, 1.000000000000000000, 0.000000000000000000 ) ) ;
#856 = LINE ( 'NONE', #1948, #827 ) ;
#857 = PRODUCT ( 'circle2_outer', 'circle2_outer', '', ( #2595 ) ) ;
#858 = AXIS2_PLACEMENT_3D ( 'NONE', #1482, #4115, #2177 ) ;
#859 = ORIENTED_EDGE ( 'NONE', *, *, #969, .F. ) ;
#860 = ORIENTED_EDGE ( 'NONE', *, *, #3751, .F. ) ;
#861 = ORIENTED_EDGE ( 'NONE', *, *, #1684, .F. ) ;
#862 = DIRECTION ( 'NONE',  ( 1.000000000000000000, 0.000000000000000000, 0.000000000000000000 ) ) ;
#863 = FACE_OUTER_BOUND ( 'NONE', #202, .T. ) ;
#864 = VERTEX_POINT ( 'NONE', #1909 ) ;
#865 = DATE_AND_TIME ( #3239, #2480 ) ;
#866 = ORIENTED_EDGE ( 'NONE', *, *, #4232, .T. ) ;
#867 = CARTESIAN_POINT ( 'NONE',  ( -74.19829071883061999, -25.00000000000000000, 56.17304270302549440 ) ) ;
#868 = EDGE_CURVE ( 'NONE', #3720, #2363, #1579, .T. ) ;
#869 = DIRECTION ( 'NONE',  ( 0.000000000000000000, 0.000000000000000000, -1.000000000000000000 ) ) ;
#870 = ORIENTED_EDGE ( 'NONE', *, *, #303, .F. ) ;
#871 = DIRECTION ( 'NONE',  ( 0.000000000000000000, 1.000000000000000000, 0.000000000000000000 ) ) ;
#872 = DIRECTION ( 'NONE',  ( -0.000000000000000000, -1.000000000000000000, -0.000000000000000000 ) ) ;
#873 = CARTESIAN_POINT ( 'NONE',  ( -76.99918942026600632, -25.00000000000000000, 59.96002745750113405 ) ) ;
#874 = CARTESIAN_POINT ( 'NONE',  ( 60.99019513592784136, -10.00000000000000000, -7.500000000000000000 ) ) ;
#875 = DIRECTION ( 'NONE',  ( 0.000000000000000000, 1.000000000000000000, 0.000000000000000000 ) ) ;
#876 = CARTESIAN_POINT ( 'NONE',  ( -60.99019513592784136, 10.00000000000000000, 7.500000000000000888 ) ) ;
#877 = ORIENTED_EDGE ( 'NONE', *, *, #1588, .F. ) ;
#878 = CARTESIAN_POINT ( 'NONE',  ( -74.19829071883061999, -3.869999999999991669, 56.17304270302549440 ) ) ;
#879 = DIRECTION ( 'NONE',  ( 0.000000000000000000, 0.000000000000000000, 1.000000000000000000 ) ) ;
#880 = LINE ( 'NONE', #4451, #3601 ) ;
#881 = ORIENTED_EDGE ( 'NONE', *, *, #2495, .T. ) ;
#882 = ORIENTED_EDGE ( 'NONE', *, *, #2489, .F. ) ;
#883 = ORIENTED_EDGE ( 'NONE', *, *, #4157, .T. ) ;
#884 = LINE ( 'NONE', #3934, #2687 ) ;
#885 = EDGE_CURVE ( 'NONE', #3931, #128, #914, .T. ) ;
#886 = CIRCLE ( 'NONE', #3004, 2.400000000000000799 ) ;
#887 = CARTESIAN_POINT ( 'NONE',  ( -102.6100000000000136, 0.1500000000000008271, 40.00000000000000000 ) ) ;
#888 = ORIENTED_EDGE ( 'NONE', *, *, #4903, .F. ) ;
#889 = EDGE_CURVE ( 'NONE', #4655, #74, #2705, .T. ) ;
#890 = CARTESIAN_POINT ( 'NONE',  ( -61.61714353676141798, -28.59000000000001762, 39.78533708429553428 ) ) ;
#891 = DIRECTION ( 'NONE',  ( 0.000000000000000000, 1.000000000000000000, 0.000000000000000000 ) ) ;
#892 = ORIENTED_EDGE ( 'NONE', *, *, #1194, .T. ) ;
#893 = EDGE_CURVE ( 'NONE', #588, #63, #4734, .T. ) ;
#894 = FACE_OUTER_BOUND ( 'NONE', #390, .T. ) ;
#895 = CARTESIAN_POINT ( 'NONE',  ( -23.34563602967273610, -4.999999999999997335, 74.71358084809440925 ) ) ;
#896 = DIRECTION ( 'NONE',  ( -0.000000000000000000, 1.000000000000000000, -0.000000000000000000 ) ) ;
#897 = VERTEX_POINT ( 'NONE', #2851 ) ;
#898 = CARTESIAN_POINT ( 'NONE',  ( 0.000000000000000000, -35.86999999999999744, 0.000000000000000000 ) ) ;
#899 = VECTOR ( 'NONE', #2266, 1000.000000000000000 ) ;
#900 = CIRCLE ( 'NONE', #2372, 52.49999999999999289 ) ;
#901 = LINE ( 'NONE', #2820, #2533 ) ;
#902 = PLANE ( 'NONE',  #1732 ) ;
#903 = AXIS2_PLACEMENT_3D ( 'NONE', #1516, #4575, #3076 ) ;
#904 = VECTOR ( 'NONE', #3236, 1000.000000000000000 ) ;
#905 = ORIENTED_EDGE ( 'NONE', *, *, #3773, .T. ) ;
#906 = ORIENTED_EDGE ( 'NONE', *, *, #1518, .T. ) ;
#907 = VERTEX_POINT ( 'NONE', #4359 ) ;
#908 = DIRECTION ( 'NONE',  ( -0.000000000000000000, -1.000000000000000000, -0.000000000000000000 ) ) ;
#909 = AXIS2_PLACEMENT_3D ( 'NONE', #2899, #4501, #3300 ) ;
#910 = VECTOR ( 'NONE', #1407, 1000.000000000000000 ) ;
#911 = DIRECTION ( 'NONE',  ( 0.000000000000000000, -0.000000000000000000, -1.000000000000000000 ) ) ;
#912 = ADVANCED_FACE ( 'NONE', ( #3983, #70 ), #834, .F. ) ;
#913 = VECTOR ( 'NONE', #3549, 1000.000000000000000 ) ;
#914 = CIRCLE ( 'NONE', #3985, 2.399999999999999467 ) ;
#915 = VERTEX_POINT ( 'NONE', #4305 ) ;
#916 = MECHANICAL_CONTEXT ( 'NONE', #3608, 'mechanical' ) ;
#917 = ORIENTED_EDGE ( 'NONE', *, *, #53, .F. ) ;
#918 = AXIS2_PLACEMENT_3D ( 'NONE', #3292, #3242, #2807 ) ;
#919 = DIRECTION ( 'NONE',  ( 0.000000000000000000, 1.000000000000000000, 0.000000000000000000 ) ) ;
#920 = CIRCLE ( 'NONE', #2955, 2.400000000031475622 ) ;
#921 = DIRECTION ( 'NONE',  ( -1.000000000000000000, -0.000000000000000000, 9.626656359471740167E-17 ) ) ;
#922 = VECTOR ( 'NONE', #921, 1000.000000000000000 ) ;
#923 = EDGE_CURVE ( 'NONE', #2025, #2011, #4381, .T. ) ;
#924 = ORIENTED_EDGE ( 'NONE', *, *, #210, .T. ) ;
#925 = EDGE_LOOP ( 'NONE', ( #4373, #4150, #1105, #647 ) ) ;
#926 = LINE ( 'NONE', #1333, #1450 ) ;
#927 = VECTOR ( 'NONE', #1427, 1000.000000000000000 ) ;
#928 = DIRECTION ( 'NONE',  ( 1.000000000000000000, -0.000000000000000000, -0.000000000000000000 ) ) ;
#929 = DIRECTION ( 'NONE',  ( -0.000000000000000000, -1.000000000000000000, -0.000000000000000000 ) ) ;
#930 = EDGE_CURVE ( 'NONE', #2985, #1081, #3513, .T. ) ;
#931 = VERTEX_POINT ( 'NONE', #3181 ) ;
#932 = DIRECTION ( 'NONE',  ( -0.000000000000000000, -1.000000000000000000, -0.000000000000000000 ) ) ;
#933 = CARTESIAN_POINT ( 'NONE',  ( -82.35274281085926873, -25.00000000000000000, 74.71358084809440925 ) ) ;
#934 = CARTESIAN_POINT ( 'NONE',  ( 54.37000000000001165, 22.41000000000000369, 47.39000000000000057 ) ) ;
#935 = EDGE_CURVE ( 'NONE', #3435, #2151, #884, .T. ) ;
#936 = VERTEX_POINT ( 'NONE', #2499 ) ;
#937 = ORIENTED_EDGE ( 'NONE', *, *, #1524, .T. ) ;
#938 = ORIENTED_EDGE ( 'NONE', *, *, #3413, .T. ) ;
#939 = CARTESIAN_POINT ( 'NONE',  ( -58.89259771139528965, -25.00000000000000000, 54.88533708478723838 ) ) ;
#940 = LINE ( 'NONE', #4036, #2459 ) ;
#941 = CIRCLE ( 'NONE', #4423, 2.400000000000000799 ) ;
#942 = VERTEX_POINT ( 'NONE', #1211 ) ;
#943 = DIRECTION ( 'NONE',  ( 0.000000000000000000, 0.000000000000000000, -1.000000000000000000 ) ) ;
#944 = CYLINDRICAL_SURFACE ( 'NONE', #918, 2.000000000517095256 ) ;
#945 = VERTEX_POINT ( 'NONE', #3651 ) ;
#946 = VERTEX_POINT ( 'NONE', #1630 ) ;
#947 = DIRECTION ( 'NONE',  ( 1.000000000000000000, -0.000000000000000000, 0.000000000000000000 ) ) ;
#948 = CARTESIAN_POINT ( 'NONE',  ( 55.65831063860392902, 22.71000000000000085, 54.88533708478804130 ) ) ;
#949 = DIRECTION ( 'NONE',  ( -0.000000000000000000, 1.000000000000000000, -0.000000000000000000 ) ) ;
#950 = DIRECTION ( 'NONE',  ( 0.000000000000000000, 0.000000000000000000, -1.000000000000000000 ) ) ;
#951 = EDGE_CURVE ( 'NONE', #1667, #2611, #2088, .T. ) ;
#952 = EDGE_LOOP ( 'NONE', ( #3232, #3698, #3095, #1545 ) ) ;
#953 = EDGE_LOOP ( 'NONE', ( #3013, #4550, #3630, #299 ) ) ;
#954 = ORIENTED_EDGE ( 'NONE', *, *, #2732, .F. ) ;
#955 = PLANE ( 'NONE',  #3586 ) ;
#956 = ADVANCED_FACE ( 'NONE', ( #3210 ), #4013, .F. ) ;
#957 = DIRECTION ( 'NONE',  ( 0.000000000000000000, -1.000000000000000000, 0.000000000000000000 ) ) ;
#958 = ORIENTED_EDGE ( 'NONE', *, *, #3937, .T. ) ;
#959 = COORDINATED_UNIVERSAL_TIME_OFFSET ( 7, 0, .AHEAD. ) ;
#960 = ORIENTED_EDGE ( 'NONE', *, *, #841, .F. ) ;
#961 = VECTOR ( 'NONE', #4322, 1000.000000000000000 ) ;
#962 = CARTESIAN_POINT ( 'NONE',  ( -82.35274281085926873, -25.00000000000000000, 0.000000000000000000 ) ) ;
#963 = DIRECTION ( 'NONE',  ( -0.000000000000000000, 1.000000000000000000, -0.000000000000000000 ) ) ;
#964 = CARTESIAN_POINT ( 'NONE',  ( 50.00000000000000000, 22.41000000000000369, 42.39000000000000057 ) ) ;
#965 = ORIENTED_EDGE ( 'NONE', *, *, #2227, .T. ) ;
#966 = ORIENTED_EDGE ( 'NONE', *, *, #3694, .T. ) ;
#967 = PLANE ( 'NONE',  #234 ) ;
#968 = CARTESIAN_POINT ( 'NONE',  ( -10.52170913285009668, -4.999999999999997335, 40.00000000000000000 ) ) ;
#969 = EDGE_CURVE ( 'NONE', #1428, #2669, #2447, .T. ) ;
#970 = FACE_OUTER_BOUND ( 'NONE', #1467, .T. ) ;
#971 = DIRECTION ( 'NONE',  ( 0.000000000000000000, -0.000000000000000000, 1.000000000000000000 ) ) ;
#972 = FACE_BOUND ( 'NONE', #4627, .T. ) ;
#973 = ADVANCED_FACE ( 'NONE', ( #4705 ), #531, .F. ) ;
#974 = ORIENTED_EDGE ( 'NONE', *, *, #4331, .T. ) ;
#975 = VECTOR ( 'NONE', #4861, 1000.000000000000000 ) ;
#976 = ORIENTED_EDGE ( 'NONE', *, *, #1234, .F. ) ;
#977 = LINE ( 'NONE', #2567, #816 ) ;
#978 = CARTESIAN_POINT ( 'NONE',  ( -62.60999999999999943, 0.000000000000000000, 0.000000000000000000 ) ) ;
#979 = VECTOR ( 'NONE', #3283, 1000.000000000000000 ) ;
#980 = AXIS2_PLACEMENT_3D ( 'NONE', #3860, #1189, #2671 ) ;
#981 = EDGE_CURVE ( 'NONE', #3114, #2280, #4033, .T. ) ;
#982 = ORIENTED_EDGE ( 'NONE', *, *, #709, .F. ) ;
#983 = APPLICATION_PROTOCOL_DEFINITION ( 'international standard', 'config_control_design', 1994, #1097 ) ;
#984 = VERTEX_POINT ( 'NONE', #501 ) ;
#985 = AXIS2_PLACEMENT_3D ( 'NONE', #2535, #238, #596 ) ;
#986 = VECTOR ( 'NONE', #2026, 1000.000000000000000 ) ;
#987 = CARTESIAN_POINT ( 'NONE',  ( 60.99019513592784136, 10.00000000000000000, 12.50000000000000000 ) ) ;
#988 = CARTESIAN_POINT ( 'NONE',  ( 59.37000000000000455, 0.000000000000000000, 10.00000000000000533 ) ) ;
#989 = AXIS2_PLACEMENT_3D ( 'NONE', #723, #3749, #4529 ) ;
#990 = AXIS2_PLACEMENT_3D ( 'NONE', #2170, #4534, #3706 ) ;
#991 = DIRECTION ( 'NONE',  ( -0.000000000000000000, 1.000000000000000000, -0.000000000000000000 ) ) ;
#992 = ADVANCED_FACE ( 'NONE', ( #2801 ), #129, .F. ) ;
#993 = VERTEX_POINT ( 'NONE', #2881 ) ;
#994 = VECTOR ( 'NONE', #643, 1000.000000000000000 ) ;
#995 = ORIENTED_EDGE ( 'NONE', *, *, #4921, .T. ) ;
#996 = CARTESIAN_POINT ( 'NONE',  ( -59.84223671689034063, -4.999999999999997335, 56.17304270302549440 ) ) ;
#997 = VECTOR ( 'NONE', #3807, 1000.000000000000000 ) ;
#998 = LINE ( 'NONE', #2678, #3754 ) ;
#999 = AXIS2_PLACEMENT_3D ( 'NONE', #3139, #2773, #4310 ) ;
#1000 = CARTESIAN_POINT ( 'NONE',  ( -62.60999999999999943, 5.000000000000000000, 75.00021254821469086 ) ) ;
#1001 = DIRECTION ( 'NONE',  ( 0.000000000000000000, 1.000000000000000000, 0.000000000000000000 ) ) ;
#1002 = CARTESIAN_POINT ( 'NONE',  ( -74.19829071883061999, -35.86999999999999744, 56.17304270302549440 ) ) ;
#1003 = EDGE_CURVE ( 'NONE', #579, #2904, #455, .T. ) ;
#1004 = CC_DESIGN_SECURITY_CLASSIFICATION ( #436, ( #5017 ) ) ;
#1005 = ORIENTED_EDGE ( 'NONE', *, *, #1768, .F. ) ;
#1006 = ORIENTED_EDGE ( 'NONE', *, *, #4887, .F. ) ;
#1007 = ORIENTED_EDGE ( 'NONE', *, *, #2891, .F. ) ;
#1008 = CARTESIAN_POINT ( 'NONE',  ( -61.61714353676119771, -53.58999999999999631, -2.614662915735976423 ) ) ;
#1009 = CARTESIAN_POINT ( 'NONE',  ( 59.37000000000000455, 22.41000000000000369, 67.39000000000000057 ) ) ;
#1010 = CARTESIAN_POINT ( 'NONE',  ( 44.35000000044729518, -6.938893903907228378E-15, 14.50000000413410461 ) ) ;
#1011 = EDGE_CURVE ( 'NONE', #2864, #649, #3235, .T. ) ;
#1012 = ORIENTED_EDGE ( 'NONE', *, *, #4432, .F. ) ;
#1013 = APPLICATION_PROTOCOL_DEFINITION ( 'international standard', 'config_control_design', 1994, #2374 ) ;
#1014 = ORIENTED_EDGE ( 'NONE', *, *, #1820, .T. ) ;
#1015 = DIRECTION ( 'NONE',  ( -0.000000000000000000, 1.000000000000000000, -0.000000000000000000 ) ) ;
#1016 = LINE ( 'NONE', #4132, #975 ) ;
#1017 = EDGE_CURVE ( 'NONE', #490, #2864, #3959, .T. ) ;
#1018 = DIRECTION ( 'NONE',  ( -1.000000000000000000, 0.000000000000000000, -0.000000000000000000 ) ) ;
#1019 = CARTESIAN_POINT ( 'NONE',  ( 55.65831063860392902, 22.71000000000000085, 53.28533708386186873 ) ) ;
#1020 = ORIENTED_EDGE ( 'NONE', *, *, #1234, .T. ) ;
#1021 = CARTESIAN_POINT ( 'NONE',  ( -52.61000000000000654, 6.410000000000006359, -8.307331457867995539 ) ) ;
#1022 = EDGE_CURVE ( 'NONE', #3145, #3467, #276, .T. ) ;
#1023 = CC_DESIGN_PERSON_AND_ORGANIZATION_ASSIGNMENT ( #2572, #2189, ( #131 ) ) ;
#1024 = CARTESIAN_POINT ( 'NONE',  ( -70.62999999999999545, -53.58999999999999631, -20.00000000000001066 ) ) ;
#1025 = DIRECTION ( 'NONE',  ( -0.000000000000000000, -1.000000000000000000, -0.000000000000000000 ) ) ;
#1026 = LINE ( 'NONE', #3669, #580 ) ;
#1027 = CARTESIAN_POINT ( 'NONE',  ( 53.56071321407137731, 10.00000000000000000, 12.50000000000000000 ) ) ;
#1028 = DIRECTION ( 'NONE',  ( 0.000000000000000000, 0.000000000000000000, -1.000000000000000000 ) ) ;
#1029 = ORIENTED_EDGE ( 'NONE', *, *, #2665, .F. ) ;
#1030 = ORIENTED_EDGE ( 'NONE', *, *, #284, .T. ) ;
#1031 = ORIENTED_EDGE ( 'NONE', *, *, #4432, .T. ) ;
#1032 = DIRECTION ( 'NONE',  ( -1.000000000000000000, -0.000000000000000000, -0.000000000000000000 ) ) ;
#1033 = FACE_OUTER_BOUND ( 'NONE', #2327, .T. ) ;
#1034 = DIRECTION ( 'NONE',  ( 1.000000000000000000, 0.000000000000000000, -0.000000000000000000 ) ) ;
#1035 = ORIENTED_EDGE ( 'NONE', *, *, #3780, .F. ) ;
#1036 = APPROVAL_ROLE ( '' ) ;
#1037 = EDGE_CURVE ( 'NONE', #2035, #4602, #4455, .T. ) ;
#1038 = ORIENTED_EDGE ( 'NONE', *, *, #824, .T. ) ;
#1039 = DIRECTION ( 'NONE',  ( -0.000000000000000000, 1.000000000000000000, -0.000000000000000000 ) ) ;
#1040 = DIRECTION ( 'NONE',  ( 0.000000000000000000, 0.000000000000000000, -1.000000000000000000 ) ) ;
#1041 = LINE ( 'NONE', #1814, #1488 ) ;
#1042 = VECTOR ( 'NONE', #117, 1000.000000000000000 ) ;
#1043 = EDGE_CURVE ( 'NONE', #35, #4082, #977, .T. ) ;
#1044 = ORIENTED_EDGE ( 'NONE', *, *, #1074, .T. ) ;
#1045 = LINE ( 'NONE', #2153, #4121 ) ;
#1046 = VECTOR ( 'NONE', #2937, 1000.000000000000000 ) ;
#1047 = DIRECTION ( 'NONE',  ( 0.000000000000000000, 1.000000000000000000, 0.000000000000000000 ) ) ;
#1048 = EDGE_CURVE ( 'NONE', #98, #2520, #1753, .T. ) ;
#1049 = CARTESIAN_POINT ( 'NONE',  ( -0.7999999995522613094, 0.000000000000000000, 30.50000000413566070 ) ) ;
#1050 = DIRECTION ( 'NONE',  ( 0.000000000000000000, 1.000000000000000000, 0.000000000000000000 ) ) ;
#1051 = DIRECTION ( 'NONE',  ( 0.000000000000000000, -0.000000000000000000, 1.000000000000000000 ) ) ;
#1052 = CARTESIAN_POINT ( 'NONE',  ( 3.590000000000005631, 5.000000000000000000, 42.39000000000000057 ) ) ;
#1053 = VERTEX_POINT ( 'NONE', #1776 ) ;
#1054 = VERTEX_POINT ( 'NONE', #4152 ) ;
#1055 = CARTESIAN_POINT ( 'NONE',  ( -76.99918942026600632, -35.86999999999999744, 64.76002745750115253 ) ) ;
#1056 = PLANE ( 'NONE',  #3997 ) ;
#1057 = FACE_OUTER_BOUND ( 'NONE', #1778, .T. ) ;
#1058 = ORIENTED_EDGE ( 'NONE', *, *, #2891, .T. ) ;
#1059 = APPLICATION_PROTOCOL_DEFINITION ( 'international standard', 'config_control_design', 1994, #1067 ) ;
#1060 = ORIENTED_EDGE ( 'NONE', *, *, #2947, .F. ) ;
#1061 = CARTESIAN_POINT ( 'NONE',  ( -74.19829071883061999, -25.00000000000000000, 56.17304270302549440 ) ) ;
#1062 = AXIS2_PLACEMENT_3D ( 'NONE', #3420, #1464, #4551 ) ;
#1063 = VECTOR ( 'NONE', #3310, 1000.000000000000000 ) ;
#1064 = CARTESIAN_POINT ( 'NONE',  ( -59.84223671689034063, -26.59000000000001407, 56.17304270302549440 ) ) ;
#1065 = EDGE_CURVE ( 'NONE', #734, #4758, #2941, .T. ) ;
#1066 = CARTESIAN_POINT ( 'NONE',  ( -58.89259771139528965, 22.71000000000000085, 54.88533708478723838 ) ) ;
#1067 = APPLICATION_CONTEXT ( 'configuration controlled 3d designs of mechanical parts and assemblies' ) ;
#1068 = VECTOR ( 'NONE', #2201, 1000.000000000000000 ) ;
#1069 = LINE ( 'NONE', #4918, #927 ) ;
#1070 = EDGE_LOOP ( 'NONE', ( #3058, #2528 ) ) ;
#1071 = DIRECTION ( 'NONE',  ( -1.000000000000000000, 0.000000000000000000, 0.000000000000000000 ) ) ;
#1072 = AXIS2_PLACEMENT_3D ( 'NONE', #1282, #4724, #2100 ) ;
#1073 = VECTOR ( 'NONE', #565, 1000.000000000000000 ) ;
#1074 = EDGE_CURVE ( 'NONE', #2007, #3919, #3722, .T. ) ;
#1075 = DIRECTION ( 'NONE',  ( -1.000000000000000000, 0.000000000000000000, 0.000000000000000000 ) ) ;
#1076 = CIRCLE ( 'NONE', #3427, 52.49999999999999289 ) ;
#1077 = DIRECTION ( 'NONE',  ( 0.000000000000000000, 1.000000000000000000, 0.000000000000000000 ) ) ;
#1078 = CARTESIAN_POINT ( 'NONE',  ( -102.6100000000000136, 5.000000000000000000, 40.00000000000000000 ) ) ;
#1079 = EDGE_CURVE ( 'NONE', #4813, #1797, #3378, .T. ) ;
#1080 = CARTESIAN_POINT ( 'NONE',  ( -83.34563602967273255, -25.00000000000000000, 74.71358084809440925 ) ) ;
#1081 = VERTEX_POINT ( 'NONE', #2590 ) ;
#1082 = VERTEX_POINT ( 'NONE', #3001 ) ;
#1083 = FACE_OUTER_BOUND ( 'NONE', #2823, .T. ) ;
#1084 = CARTESIAN_POINT ( 'NONE',  ( 3.590000000000005631, 5.000000000000000000, 75.00000000000000000 ) ) ;
#1085 = DIRECTION ( 'NONE',  ( 0.000000000000000000, 0.000000000000000000, 1.000000000000000000 ) ) ;
#1086 = ADVANCED_FACE ( 'NONE', ( #2950 ), #4125, .T. ) ;
#1087 = CC_DESIGN_DATE_AND_TIME_ASSIGNMENT ( #4964, #1931, ( #4084 ) ) ;
#1088 = ORIENTED_EDGE ( 'NONE', *, *, #1107, .F. ) ;
#1089 = APPROVAL_STATUS ( 'not_yet_approved' ) ;
#1090 = ORIENTED_EDGE ( 'NONE', *, *, #3334, .T. ) ;
#1091 = CARTESIAN_POINT ( 'NONE',  ( -52.97999999999999687, 5.000000000000000000, 67.39000000000000057 ) ) ;
#1092 = FACE_OUTER_BOUND ( 'NONE', #76, .T. ) ;
#1093 = CARTESIAN_POINT ( 'NONE',  ( -60.99019513592784136, -10.00000000000000000, -12.50000000000000000 ) ) ;
#1094 = DIRECTION ( 'NONE',  ( 0.000000000000000000, 0.000000000000000000, 1.000000000000000000 ) ) ;
#1095 = EDGE_LOOP ( 'NONE', ( #4211, #4030, #2888, #3623, #4702 ) ) ;
#1096 = DIRECTION ( 'NONE',  ( -0.000000000000000000, 0.000000000000000000, 1.000000000000000000 ) ) ;
#1097 = APPLICATION_CONTEXT ( 'configuration controlled 3d designs of mechanical parts and assemblies' ) ;
#1098 = CYLINDRICAL_SURFACE ( 'NONE', #754, 2.400000000000000799 ) ;
#1099 = VECTOR ( 'NONE', #4499, 1000.000000000000000 ) ;
#1100 = CARTESIAN_POINT ( 'NONE',  ( 0.000000000000000000, -5.000000000000000000, 0.000000000000000000 ) ) ;
#1101 = EDGE_CURVE ( 'NONE', #3987, #2540, #3815, .T. ) ;
#1102 = CARTESIAN_POINT ( 'NONE',  ( -62.60999999999999943, 5.000000000000000000, 79.99999999999998579 ) ) ;
#1103 = PLANE ( 'NONE',  #1994 ) ;
#1104 = CARTESIAN_POINT ( 'NONE',  ( 0.000000000000000000, 0.000000000000000000, 36.50000000413410817 ) ) ;
#1105 = ORIENTED_EDGE ( 'NONE', *, *, #2857, .F. ) ;
#1106 = EDGE_LOOP ( 'NONE', ( #1163, #938, #2263, #2236 ) ) ;
#1107 = EDGE_CURVE ( 'NONE', #945, #4664, #4299, .T. ) ;
#1108 = DIRECTION ( 'NONE',  ( 0.000000000000000000, 0.000000000000000000, 1.000000000000000000 ) ) ;
#1109 = DIRECTION ( 'NONE',  ( 0.000000000000000000, 0.000000000000000000, 1.000000000000000000 ) ) ;
#1110 = FACE_BOUND ( 'NONE', #1312, .T. ) ;
#1111 = VERTEX_POINT ( 'NONE', #4852 ) ;
#1112 = APPROVAL_ROLE ( '' ) ;
#1113 = VERTEX_POINT ( 'NONE', #4079 ) ;
#1114 = ORIENTED_EDGE ( 'NONE', *, *, #3038, .T. ) ;
#1115 = EDGE_CURVE ( 'NONE', #1664, #4082, #1439, .T. ) ;
#1116 = CARTESIAN_POINT ( 'NONE',  ( -50.99019513592784136, -10.00000000000000000, -12.50000000000001776 ) ) ;
#1117 = DIRECTION ( 'NONE',  ( -1.000000000000000000, 0.000000000000000000, 0.000000000000000000 ) ) ;
#1118 = CARTESIAN_POINT ( 'NONE',  ( 47.50000000044774140, 5.000000000000000000, 20.50000000413566070 ) ) ;
#1119 = ORIENTED_EDGE ( 'NONE', *, *, #2939, .T. ) ;
#1120 = DIRECTION ( 'NONE',  ( 9.912705577010325549E-17, 0.000000000000000000, 1.000000000000000000 ) ) ;
#1121 = ORIENTED_EDGE ( 'NONE', *, *, #2547, .F. ) ;
#1122 = CYLINDRICAL_SURFACE ( 'NONE', #581, 2.400000000031475622 ) ;
#1123 = LINE ( 'NONE', #744, #2923 ) ;
#1124 = ADVANCED_FACE ( 'NONE', ( #3323 ), #4832, .F. ) ;
#1125 = CARTESIAN_POINT ( 'NONE',  ( -0.7999999995522613094, 0.000000000000000000, 32.50000000465275463 ) ) ;
#1126 = ORIENTED_EDGE ( 'NONE', *, *, #923, .F. ) ;
#1127 = CYLINDRICAL_SURFACE ( 'NONE', #2463, 2.400000000000000799 ) ;
#1128 = PLANE ( 'NONE',  #2212 ) ;
#1129 = LINE ( 'NONE', #2685, #753 ) ;
#1130 = EDGE_CURVE ( 'NONE', #2540, #3987, #4700, .T. ) ;
#1131 = EDGE_LOOP ( 'NONE', ( #290, #4850, #1798, #3064, #2378, #1414, #3290, #2152 ) ) ;
#1132 = ORIENTED_EDGE ( 'NONE', *, *, #1287, .F. ) ;
#1133 = VERTEX_POINT ( 'NONE', #4528 ) ;
#1134 = DIRECTION ( 'NONE',  ( 0.000000000000000000, 0.000000000000000000, 1.000000000000000000 ) ) ;
#1135 = PLANE ( 'NONE',  #2776 ) ;
#1136 = EDGE_CURVE ( 'NONE', #3396, #946, #1415, .T. ) ;
#1137 = CARTESIAN_POINT ( 'NONE',  ( -50.21591620410926282, -44.00000000000002132, 55.00647406690787022 ) ) ;
#1138 = ORIENTED_EDGE ( 'NONE', *, *, #3093, .F. ) ;
#1139 = AXIS2_PLACEMENT_3D ( 'NONE', #2145, #3683, #3329 ) ;
#1140 = VECTOR ( 'NONE', #1634, 1000.000000000000000 ) ;
#1141 = CARTESIAN_POINT ( 'NONE',  ( 59.37000000000000455, 5.000000000000000000, 0.000000000000000000 ) ) ;
#1142 = EDGE_CURVE ( 'NONE', #3980, #2242, #676, .T. ) ;
#1143 = AXIS2_PLACEMENT_3D ( 'NONE', #4968, #1501, #2726 ) ;
#1144 = CARTESIAN_POINT ( 'NONE',  ( -82.35274281085926873, 5.000000000000000000, 44.99999999999999289 ) ) ;
#1145 = VERTEX_POINT ( 'NONE', #2907 ) ;
#1146 = CARTESIAN_POINT ( 'NONE',  ( -58.89259771139528965, -3.869999999999991669, 54.88533708478723838 ) ) ;
#1147 = AXIS2_PLACEMENT_3D ( 'NONE', #4118, #949, #4027 ) ;
#1148 = AXIS2_PLACEMENT_3D ( 'NONE', #948, #932, #1375 ) ;
#1149 = DIRECTION ( 'NONE',  ( 0.000000000000000000, -1.000000000000000000, 0.000000000000000000 ) ) ;
#1150 = DIRECTION ( 'NONE',  ( 0.000000000000000000, 0.000000000000000000, -1.000000000000000000 ) ) ;
#1151 = VECTOR ( 'NONE', #2290, 1000.000000000000000 ) ;
#1152 = DIRECTION ( 'NONE',  ( -0.000000000000000000, -0.000000000000000000, -1.000000000000000000 ) ) ;
#1153 = ORIENTED_EDGE ( 'NONE', *, *, #1043, .F. ) ;
#1154 = ORIENTED_EDGE ( 'NONE', *, *, #3177, .T. ) ;
#1155 = FACE_OUTER_BOUND ( 'NONE', #1491, .T. ) ;
#1156 = FACE_OUTER_BOUND ( 'NONE', #675, .T. ) ;
#1157 = ADVANCED_FACE ( 'NONE', ( #4436 ), #955, .T. ) ;
#1158 = CIRCLE ( 'NONE', #1890, 5.000000000000000000 ) ;
#1159 = VECTOR ( 'NONE', #5016, 1000.000000000000000 ) ;
#1160 = ORIENTED_EDGE ( 'NONE', *, *, #4955, .F. ) ;
#1161 = APPROVAL_STATUS ( 'not_yet_approved' ) ;
#1162 = ORIENTED_EDGE ( 'NONE', *, *, #4577, .F. ) ;
#1163 = ORIENTED_EDGE ( 'NONE', *, *, #4509, .T. ) ;
#1164 = DIRECTION ( 'NONE',  ( 0.000000000000000000, -1.000000000000000000, 0.000000000000000000 ) ) ;
#1165 = AXIS2_PLACEMENT_3D ( 'NONE', #3456, #4993, #1526 ) ;
#1166 =( REPRESENTATION_RELATIONSHIP ('NONE','NONE', #2697, #3926 ) REPRESENTATION_RELATIONSHIP_WITH_TRANSFORMATION ( #4302 )SHAPE_REPRESENTATION_RELATIONSHIP( ) );
#1167 = ADVANCED_FACE ( 'NONE', ( #200 ), #1128, .F. ) ;
#1168 = DIRECTION ( 'NONE',  ( 0.000000000000000000, 1.000000000000000000, 0.000000000000000000 ) ) ;
#1169 = ORIENTED_EDGE ( 'NONE', *, *, #868, .F. ) ;
#1170 = EDGE_CURVE ( 'NONE', #5003, #3927, #1960, .T. ) ;
#1171 = DIRECTION ( 'NONE',  ( 1.000000000000000000, 0.000000000000000000, 0.000000000000000000 ) ) ;
#1172 = CARTESIAN_POINT ( 'NONE',  ( -102.6100000000000136, 0.1500000000000008271, 75.00021254821469086 ) ) ;
#1173 = VERTEX_POINT ( 'NONE', #1849 ) ;
#1174 = LINE ( 'NONE', #2018, #4791 ) ;
#1175 = EDGE_CURVE ( 'NONE', #4043, #3286, #1386, .T. ) ;
#1176 = CC_DESIGN_PERSON_AND_ORGANIZATION_ASSIGNMENT ( #704, #1444, ( #3770 ) ) ;
#1177 = CARTESIAN_POINT ( 'NONE',  ( -70.62999999999999545, -3.589999999999995861, 3.385337084264023133 ) ) ;
#1178 = CARTESIAN_POINT ( 'NONE',  ( 59.37000000000000455, 0.000000000000000000, 40.00000000000000000 ) ) ;
#1179 = CIRCLE ( 'NONE', #3057, 5.000000000000000000 ) ;
#1180 = VERTEX_POINT ( 'NONE', #349 ) ;
#1181 = CARTESIAN_POINT ( 'NONE',  ( -82.35274281085926873, -35.86999999999999744, 0.000000000000000000 ) ) ;
#1182 = CARTESIAN_POINT ( 'NONE',  ( -0.7999999995522613094, 0.000000000000000000, 30.50000000413566070 ) ) ;
#1183 = PLANE ( 'NONE',  #3279 ) ;
#1184 = VERTEX_POINT ( 'NONE', #2742 ) ;
#1185 = CONTEXT_DEPENDENT_SHAPE_REPRESENTATION ( #1496, #3852 ) ;
#1186 = EDGE_LOOP ( 'NONE', ( #498, #3132 ) ) ;
#1187 = VERTEX_POINT ( 'NONE', #2662 ) ;
#1188 = PLANE ( 'NONE',  #1566 ) ;
#1189 = DIRECTION ( 'NONE',  ( 0.3480978356194289192, -0.9374582107150533083, 0.000000000000000000 ) ) ;
#1190 = CYLINDRICAL_SURFACE ( 'NONE', #1666, 5.000000000000000000 ) ;
#1191 = VERTEX_POINT ( 'NONE', #1493 ) ;
#1192 = DIRECTION ( 'NONE',  ( 1.000000000000000000, -0.000000000000000000, 0.000000000000000000 ) ) ;
#1193 = PLANE ( 'NONE',  #2627 ) ;
#1194 = EDGE_CURVE ( 'NONE', #3067, #1628, #4274, .T. ) ;
#1195 = VERTEX_POINT ( 'NONE', #3819 ) ;
#1196 = LINE ( 'NONE', #3487, #4860 ) ;
#1197 = PLANE ( 'NONE',  #1228 ) ;
#1198 = LINE ( 'NONE', #3149, #3431 ) ;
#1199 = PLANE ( 'NONE',  #4625 ) ;
#1200 = FACE_OUTER_BOUND ( 'NONE', #4031, .T. ) ;
#1201 = EDGE_CURVE ( 'NONE', #1081, #2985, #2048, .T. ) ;
#1202 = VECTOR ( 'NONE', #1886, 1000.000000000000000 ) ;
#1203 = ORIENTED_EDGE ( 'NONE', *, *, #4285, .T. ) ;
#1204 = FACE_BOUND ( 'NONE', #545, .T. ) ;
#1205 = PLANE ( 'NONE',  #3989 ) ;
#1206 = CARTESIAN_POINT ( 'NONE',  ( 55.65831063860392902, -5.000000000000000888, 54.88533708478804130 ) ) ;
#1207 = ADVANCED_FACE ( 'NONE', ( #1155 ), #3897, .F. ) ;
#1208 = EDGE_LOOP ( 'NONE', ( #3306, #1786, #2362, #3267, #3390, #2612, #2214, #995 ) ) ;
#1209 = CALENDAR_DATE ( 2025, 7, 10 ) ;
#1210 = VERTEX_POINT ( 'NONE', #1570 ) ;
#1211 = CARTESIAN_POINT ( 'NONE',  ( 60.99019513592784136, 10.00000000000000000, -7.500000000000000000 ) ) ;
#1212 = DIRECTION ( 'NONE',  ( -0.000000000000000000, -1.000000000000000000, -0.000000000000000000 ) ) ;
#1213 = VERTEX_POINT ( 'NONE', #3469 ) ;
#1214 = SHAPE_REPRESENTATION_RELATIONSHIP ( 'NONE' , 'NONE' ,  #3926, #4798 ) ;
#1215 = ORIENTED_EDGE ( 'NONE', *, *, #4003, .F. ) ;
#1216 = CARTESIAN_POINT ( 'NONE',  ( -6.409999999999994813, 5.000000000000000000, 46.08000000000001251 ) ) ;
#1217 = EDGE_CURVE ( 'NONE', #128, #2288, #4197, .T. ) ;
#1218 = CYLINDRICAL_SURFACE ( 'NONE', #2477, 2.400000000031474290 ) ;
#1219 = VECTOR ( 'NONE', #1250, 1000.000000000000000 ) ;
#1220 = ORIENTED_EDGE ( 'NONE', *, *, #125, .T. ) ;
#1221 = LINE ( 'NONE', #2838, #1236 ) ;
#1222 = CARTESIAN_POINT ( 'NONE',  ( -6.409999999999994813, 22.71000000000000085, 46.08000000000001251 ) ) ;
#1223 = CARTESIAN_POINT ( 'NONE',  ( -31.56135310936134530, -35.86999999999999744, 56.17304270302549440 ) ) ;
#1224 = AXIS2_PLACEMENT_3D ( 'NONE', #2357, #2640, #4622 ) ;
#1225 = VECTOR ( 'NONE', #4218, 1000.000000000000000 ) ;
#1226 = PLANE ( 'NONE',  #3663 ) ;
#1227 = DIRECTION ( 'NONE',  ( 0.000000000000000000, 0.000000000000000000, -1.000000000000000000 ) ) ;
#1228 = AXIS2_PLACEMENT_3D ( 'NONE', #116, #2839, #2735 ) ;
#1229 = CLOSED_SHELL ( 'NONE', ( #1265, #4266, #2078, #2579, #4569, #1891, #2120, #3507, #4727, #3653, #3563, #3607, #2040, #2884, #1655, #3527, #3631, #4364, #4444, #1737, #147, #339, #2203, #173, #973, #1863, #552, #1157, #1840, #1858, #4034, #2331, #2982, #204, #3007, #3799, #1207, #1314, #4692, #3619, #3677, #3160, #3925, #4824, #4245, #731, #1392, #3465, #3022, #3231, #240, #1742, #4782, #1167, #2394, #2148, #4223, #4740, #2013, #4138, #3490, #4146, #3316, #4547, #1673, #367, #2436, #2852, #4207, #3137, #1330, #645, #58, #992, #2605, #3657, #4934, #33, #275, #956, #2462, #1124, #4029, #3841, #313, #3552, #4239, #2107, #215, #4184, #5005, #1916, #1453, #3688, #2297, #3444, #460, #4999, #678, #634, #4685, #3787, #798, #3534, #2387, #3432, #4133, #2583, #1728, #457, #1603, #2922 ) ) ;
#1230 = ORIENTED_EDGE ( 'NONE', *, *, #235, .F. ) ;
#1231 = CARTESIAN_POINT ( 'NONE',  ( -52.61000000000000654, -53.58999999999999631, 44.99999999999999289 ) ) ;
#1232 = CARTESIAN_POINT ( 'NONE',  ( 47.50000000044774140, 0.000000000000000000, 28.50000000361856323 ) ) ;
#1233 = CARTESIAN_POINT ( 'NONE',  ( -50.99019513592785557, -5.000000000000000000, 12.50000000000000355 ) ) ;
#1234 = EDGE_CURVE ( 'NONE', #946, #1724, #3659, .T. ) ;
#1235 = AXIS2_PLACEMENT_3D ( 'NONE', #442, #3950, #679 ) ;
#1236 = VECTOR ( 'NONE', #2433, 1000.000000000000000 ) ;
#1237 = ORIENTED_EDGE ( 'NONE', *, *, #3270, .F. ) ;
#1238 = ORIENTED_EDGE ( 'NONE', *, *, #4733, .F. ) ;
#1239 = VERTEX_POINT ( 'NONE', #2717 ) ;
#1240 = VECTOR ( 'NONE', #342, 1000.000000000000000 ) ;
#1241 = CARTESIAN_POINT ( 'NONE',  ( -60.99019513592784136, -10.00000000000000000, 12.50000000000000000 ) ) ;
#1242 = EDGE_CURVE ( 'NONE', #1586, #1497, #1957, .T. ) ;
#1243 = CC_DESIGN_DATE_AND_TIME_ASSIGNMENT ( #19, #2745, ( #680 ) ) ;
#1244 = DIRECTION ( 'NONE',  ( -0.000000000000000000, 1.000000000000000000, -0.000000000000000000 ) ) ;
#1245 = VECTOR ( 'NONE', #208, 1000.000000000000114 ) ;
#1246 = ORIENTED_EDGE ( 'NONE', *, *, #3589, .F. ) ;
#1247 = APPROVAL_DATE_TIME ( #3216, #2464 ) ;
#1248 = CIRCLE ( 'NONE', #999, 1.599999999999997202 ) ;
#1249 = ORIENTED_EDGE ( 'NONE', *, *, #4663, .T. ) ;
#1250 = DIRECTION ( 'NONE',  ( -1.000000000000000000, 0.000000000000000000, 0.000000000000000000 ) ) ;
#1251 = LOCAL_TIME ( 21, 27, 32.00000000000000000, #4933 ) ;
#1252 = FACE_OUTER_BOUND ( 'NONE', #2208, .T. ) ;
#1253 = ORIENTED_EDGE ( 'NONE', *, *, #1542, .F. ) ;
#1254 = FACE_OUTER_BOUND ( 'NONE', #4287, .T. ) ;
#1255 = LINE ( 'NONE', #385, #3752 ) ;
#1256 = LINE ( 'NONE', #4022, #716 ) ;
#1257 = DIRECTION ( 'NONE',  ( 0.000000000000000000, 0.000000000000000000, 1.000000000000000000 ) ) ;
#1258 = CARTESIAN_POINT ( 'NONE',  ( -117.7296067193517928, 0.1500000000000008271, 44.99999999999999289 ) ) ;
#1259 = ADVANCED_FACE ( 'NONE', ( #722 ), #3052, .F. ) ;
#1260 = ORIENTED_EDGE ( 'NONE', *, *, #3325, .T. ) ;
#1261 = DIRECTION ( 'NONE',  ( 0.000000000000000000, 0.000000000000000000, -1.000000000000000000 ) ) ;
#1262 = LINE ( 'NONE', #1698, #2294 ) ;
#1263 = DIRECTION ( 'NONE',  ( 0.000000000000000000, 0.000000000000000000, -1.000000000000000000 ) ) ;
#1264 = VECTOR ( 'NONE', #3338, 1000.000000000000000 ) ;
#1265 = ADVANCED_FACE ( 'NONE', ( #1083 ), #3850, .F. ) ;
#1266 = ORIENTED_EDGE ( 'NONE', *, *, #3836, .F. ) ;
#1267 = ORIENTED_EDGE ( 'NONE', *, *, #2523, .T. ) ;
#1268 = VERTEX_POINT ( 'NONE', #1870 ) ;
#1269 = CARTESIAN_POINT ( 'NONE',  ( -70.62999999999999545, -53.58999999999999631, -8.307331457867993763 ) ) ;
#1270 = CARTESIAN_POINT ( 'NONE',  ( -28.69918942026600917, -35.86999999999999744, 72.36002745750114684 ) ) ;
#1271 = EDGE_CURVE ( 'NONE', #30, #1210, #496, .T. ) ;
#1272 = ORIENTED_EDGE ( 'NONE', *, *, #53, .T. ) ;
#1273 = DIRECTION ( 'NONE',  ( -9.702264721874961389E-16, -0.002615972587821802347, 0.9999965783378560458 ) ) ;
#1274 = EDGE_LOOP ( 'NONE', ( #937, #2978, #4434, #590, #4836, #4935 ) ) ;
#1275 = DIRECTION ( 'NONE',  ( 0.000000000000000000, 0.000000000000000000, 1.000000000000000000 ) ) ;
#1276 = CARTESIAN_POINT ( 'NONE',  ( -62.60999999999999943, -5.000000000000000000, 40.00000000000000000 ) ) ;
#1277 = EDGE_LOOP ( 'NONE', ( #683, #4104, #3946, #2312, #4770, #4940, #2497, #1014 ) ) ;
#1278 = LINE ( 'NONE', #718, #133 ) ;
#1279 = LINE ( 'NONE', #3947, #252 ) ;
#1280 = LINE ( 'NONE', #2410, #2538 ) ;
#1281 = DIRECTION ( 'NONE',  ( 0.000000000000000000, 1.000000000000000000, 0.000000000000000000 ) ) ;
#1282 = CARTESIAN_POINT ( 'NONE',  ( -70.62999999999999545, -3.589999999999995861, 3.385337084264023133 ) ) ;
#1283 = ORIENTED_EDGE ( 'NONE', *, *, #951, .F. ) ;
#1284 = DIRECTION ( 'NONE',  ( 0.000000000000000000, 0.000000000000000000, 1.000000000000000000 ) ) ;
#1285 = DIRECTION ( 'NONE',  ( 0.000000000000000000, 0.000000000000000000, 1.000000000000000000 ) ) ;
#1286 = CARTESIAN_POINT ( 'NONE',  ( -62.60999999999999943, -3.869999999999991669, 0.000000000000000000 ) ) ;
#1287 = EDGE_CURVE ( 'NONE', #2166, #3720, #3738, .T. ) ;
#1288 = ORIENTED_EDGE ( 'NONE', *, *, #1142, .T. ) ;
#1289 = ORIENTED_EDGE ( 'NONE', *, *, #1298, .T. ) ;
#1290 = ORIENTED_EDGE ( 'NONE', *, *, #4871, .T. ) ;
#1291 = DIRECTION ( 'NONE',  ( 0.000000000000000000, 0.000000000000000000, 1.000000000000000000 ) ) ;
#1292 = AXIS2_PLACEMENT_3D ( 'NONE', #3410, #2991, #1071 ) ;
#1293 = CARTESIAN_POINT ( 'NONE',  ( 50.00000000000000000, 4.999999999999999112, 67.39000000000000057 ) ) ;
#1294 = ORIENTED_EDGE ( 'NONE', *, *, #3694, .F. ) ;
#1295 = PERSON_AND_ORGANIZATION ( #510, #3437 ) ;
#1296 = VERTEX_POINT ( 'NONE', #776 ) ;
#1297 = DIRECTION ( 'NONE',  ( 0.000000000000000000, 0.000000000000000000, 1.000000000000000000 ) ) ;
#1298 = EDGE_CURVE ( 'NONE', #4758, #734, #2693, .T. ) ;
#1299 = DIRECTION ( 'NONE',  ( 0.000000000000000000, 1.000000000000000000, 0.000000000000000000 ) ) ;
#1300 = EDGE_LOOP ( 'NONE', ( #4919, #705 ) ) ;
#1301 = VERTEX_POINT ( 'NONE', #3493 ) ;
#1302 = CARTESIAN_POINT ( 'NONE',  ( -58.89259771139528965, 22.71000000000000085, 56.48533708478723980 ) ) ;
#1303 = DIRECTION ( 'NONE',  ( 0.000000000000000000, -1.000000000000000000, 0.000000000000000000 ) ) ;
#1304 = CARTESIAN_POINT ( 'NONE',  ( -62.60999999999999943, -3.869999999999991669, 56.17304270302549440 ) ) ;
#1305 = EDGE_LOOP ( 'NONE', ( #3958, #4053 ) ) ;
#1306 = LINE ( 'NONE', #4026, #1562 ) ;
#1307 = VECTOR ( 'NONE', #2670, 1000.000000000000000 ) ;
#1308 = VECTOR ( 'NONE', #136, 1000.000000000000000 ) ;
#1309 = CARTESIAN_POINT ( 'NONE',  ( -23.34563602967273610, -44.00000000000002132, 55.00647406690787022 ) ) ;
#1310 = DIRECTION ( 'NONE',  ( 0.000000000000000000, 1.000000000000000000, 0.000000000000000000 ) ) ;
#1311 = VECTOR ( 'NONE', #4335, 1000.000000000000000 ) ;
#1312 = EDGE_LOOP ( 'NONE', ( #2551, #2856 ) ) ;
#1313 = ORIENTED_EDGE ( 'NONE', *, *, #2336, .F. ) ;
#1314 = ADVANCED_FACE ( 'NONE', ( #4650 ), #4178, .F. ) ;
#1315 = ORIENTED_EDGE ( 'NONE', *, *, #489, .F. ) ;
#1316 = DIRECTION ( 'NONE',  ( -0.000000000000000000, 1.000000000000000000, -0.000000000000000000 ) ) ;
#1317 = VECTOR ( 'NONE', #4721, 1000.000000000000000 ) ;
#1318 = VECTOR ( 'NONE', #364, 1000.000000000000000 ) ;
#1319 = LINE ( 'NONE', #4103, #416 ) ;
#1320 = CIRCLE ( 'NONE', #505, 2.000000000517091703 ) ;
#1321 = VECTOR ( 'NONE', #2932, 1000.000000000000000 ) ;
#1322 = VERTEX_POINT ( 'NONE', #1232 ) ;
#1323 = APPROVAL_STATUS ( 'not_yet_approved' ) ;
#1324 = EDGE_CURVE ( 'NONE', #1053, #3593, #1719, .T. ) ;
#1325 = ORIENTED_EDGE ( 'NONE', *, *, #3409, .F. ) ;
#1326 = CIRCLE ( 'NONE', #4005, 2.400000000000000799 ) ;
#1327 = LINE ( 'NONE', #511, #1308 ) ;
#1328 = CARTESIAN_POINT ( 'NONE',  ( -1.409999999999994591, 5.000000000000000000, 53.04000000000000625 ) ) ;
#1329 = VECTOR ( 'NONE', #258, 1000.000000000000000 ) ;
#1330 = ADVANCED_FACE ( 'NONE', ( #3203 ), #1205, .F. ) ;
#1331 = ORIENTED_EDGE ( 'NONE', *, *, #3374, .F. ) ;
#1332 = VERTEX_POINT ( 'NONE', #65 ) ;
#1333 = CARTESIAN_POINT ( 'NONE',  ( 0.000000000000000000, -5.000000000000000000, 12.50000000000000000 ) ) ;
#1334 = PRODUCT_DEFINITION_FORMATION_WITH_SPECIFIED_SOURCE ( 'ANY', '', #857, .NOT_KNOWN. ) ;
#1335 = EDGE_CURVE ( 'NONE', #127, #4378, #2416, .T. ) ;
#1336 = ORIENTED_EDGE ( 'NONE', *, *, #2593, .T. ) ;
#1337 = LINE ( 'NONE', #2157, #3993 ) ;
#1338 = CARTESIAN_POINT ( 'NONE',  ( -62.60999999999999943, 0.1500000000000008271, 79.99999999999998579 ) ) ;
#1339 = DIRECTION ( 'NONE',  ( 1.123889521202984969E-16, -1.000000000000000000, 0.000000000000000000 ) ) ;
#1340 = EDGE_LOOP ( 'NONE', ( #1765, #4161, #2645, #622 ) ) ;
#1341 = ORIENTED_EDGE ( 'NONE', *, *, #297, .F. ) ;
#1342 = DIRECTION ( 'NONE',  ( 0.000000000000000000, 0.000000000000000000, 1.000000000000000000 ) ) ;
#1343 = CARTESIAN_POINT ( 'NONE',  ( -74.19829071883061999, -5.000000000000000000, 0.000000000000000000 ) ) ;
#1344 = ORIENTED_EDGE ( 'NONE', *, *, #1588, .T. ) ;
#1345 = PERSON_AND_ORGANIZATION ( #510, #3437 ) ;
#1346 = VERTEX_POINT ( 'NONE', #1679 ) ;
#1347 = CARTESIAN_POINT ( 'NONE',  ( -83.34563602967273255, -25.00000000000000000, 74.71358084809440925 ) ) ;
#1348 = EDGE_CURVE ( 'NONE', #4256, #1180, #901, .T. ) ;
#1349 = DIRECTION ( 'NONE',  ( -0.000000000000000000, 1.000000000000000000, -0.000000000000000000 ) ) ;
#1350 = ORIENTED_EDGE ( 'NONE', *, *, #119, .F. ) ;
#1351 = ORIENTED_EDGE ( 'NONE', *, *, #618, .T. ) ;
#1352 = DIRECTION ( 'NONE',  ( -0.000000000000000000, -0.000000000000000000, 1.000000000000000000 ) ) ;
#1353 = EDGE_CURVE ( 'NONE', #3856, #1602, #825, .T. ) ;
#1354 = CYLINDRICAL_SURFACE ( 'NONE', #209, 2.399999999999999467 ) ;
#1355 = DIRECTION ( 'NONE',  ( 0.000000000000000000, 0.000000000000000000, -1.000000000000000000 ) ) ;
#1356 = CARTESIAN_POINT ( 'NONE',  ( -83.34563602967273255, -25.00000000000000000, 74.71358084809440925 ) ) ;
#1357 = FACE_BOUND ( 'NONE', #20, .T. ) ;
#1358 = EDGE_CURVE ( 'NONE', #728, #4584, #2873, .T. ) ;
#1359 = EDGE_LOOP ( 'NONE', ( #2571, #4764, #2959, #3449, #4779, #882 ) ) ;
#1360 = ORIENTED_EDGE ( 'NONE', *, *, #3399, .T. ) ;
#1361 = EDGE_LOOP ( 'NONE', ( #4410, #2444, #2109, #1815, #688, #892, #2639, #3156, #2395, #551, #2485, #2522, #3585, #1452, #550, #4834, #154, #3256, #2683, #2837, #4037, #4527, #168, #205, #3687 ) ) ;
#1362 = CARTESIAN_POINT ( 'NONE',  ( 0.000000000000000000, -5.000000000000000000, 12.50000000000000000 ) ) ;
#1363 = CARTESIAN_POINT ( 'NONE',  ( -52.97999999999999687, 22.41000000000000369, 42.39000000000000057 ) ) ;
#1364 = EDGE_CURVE ( 'NONE', #4579, #649, #4408, .T. ) ;
#1365 = VERTEX_POINT ( 'NONE', #933 ) ;
#1366 = SECURITY_CLASSIFICATION_LEVEL ( 'unclassified' ) ;
#1367 = VERTEX_POINT ( 'NONE', #4353 ) ;
#1368 = CARTESIAN_POINT ( 'NONE',  ( -76.99918942026600632, -35.86999999999999744, 69.96002745750114116 ) ) ;
#1369 = CARTESIAN_POINT ( 'NONE',  ( 53.56071321407137731, -5.000000000000000000, -12.50000000000000000 ) ) ;
#1370 = DIRECTION ( 'NONE',  ( -0.000000000000000000, 0.000000000000000000, -1.000000000000000000 ) ) ;
#1371 = VERTEX_POINT ( 'NONE', #4375 ) ;
#1372 = EDGE_CURVE ( 'NONE', #2515, #1332, #2794, .T. ) ;
#1373 = EDGE_LOOP ( 'NONE', ( #2055, #2388, #348, #3531 ) ) ;
#1374 = DIRECTION ( 'NONE',  ( 0.000000000000000000, 0.000000000000000000, 1.000000000000000000 ) ) ;
#1375 = DIRECTION ( 'NONE',  ( 0.000000000000000000, 0.000000000000000000, -1.000000000000000000 ) ) ;
#1376 = CARTESIAN_POINT ( 'NONE',  ( -10.52170913285009668, 5.000000000000000000, 74.71358084809440925 ) ) ;
#1377 = DIRECTION ( 'NONE',  ( -0.000000000000000000, -0.000000000000000000, -1.000000000000000000 ) ) ;
#1378 = VERTEX_POINT ( 'NONE', #4697 ) ;
#1379 = AXIS2_PLACEMENT_3D ( 'NONE', #3805, #1168, #329 ) ;
#1380 = ORIENTED_EDGE ( 'NONE', *, *, #2445, .T. ) ;
#1381 = ORIENTED_EDGE ( 'NONE', *, *, #1130, .F. ) ;
#1382 = EDGE_CURVE ( 'NONE', #2520, #4491, #4007, .T. ) ;
#1383 = DIRECTION ( 'NONE',  ( 0.000000000000000000, 0.000000000000000000, -1.000000000000000000 ) ) ;
#1384 = DIRECTION ( 'NONE',  ( -0.000000000000000000, 1.000000000000000000, -0.000000000000000000 ) ) ;
#1385 = DIRECTION ( 'NONE',  ( 0.000000000000000000, 1.000000000000000000, 0.000000000000000000 ) ) ;
#1386 = CIRCLE ( 'NONE', #2866, 52.50000000000000000 ) ;
#1387 = VECTOR ( 'NONE', #4127, 1000.000000000000000 ) ;
#1388 = EDGE_LOOP ( 'NONE', ( #4807, #4630, #4756, #1683, #2094, #3275 ) ) ;
#1389 = APPROVAL_STATUS ( 'not_yet_approved' ) ;
#1390 = ORIENTED_EDGE ( 'NONE', *, *, #4201, .T. ) ;
#1391 = AXIS2_PLACEMENT_3D ( 'NONE', #2129, #1001, #2584 ) ;
#1392 = ADVANCED_FACE ( 'NONE', ( #419 ), #42, .F. ) ;
#1393 = CLOSED_SHELL ( 'NONE', ( #4761, #2072, #3811, #2817, #3971, #358, #1259, #4092, #4519, #2537, #3485, #2365, #4454, #1086, #3320, #4592, #4326, #2483, #520, #852, #382, #912, #4427, #26, #4879, #2255, #4116, #4854 ) ) ;
#1394 = CC_DESIGN_PERSON_AND_ORGANIZATION_ASSIGNMENT ( #1295, #3655, ( #4486 ) ) ;
#1395 = LINE ( 'NONE', #1368, #345 ) ;
#1396 = DIRECTION ( 'NONE',  ( 1.156482317317871478E-16, 0.000000000000000000, 1.000000000000000000 ) ) ;
#1397 = AXIS2_PLACEMENT_3D ( 'NONE', #651, #3778, #3352 ) ;
#1398 = CIRCLE ( 'NONE', #669, 4.999999999999997335 ) ;
#1399 = LINE ( 'NONE', #2962, #2883 ) ;
#1400 = CARTESIAN_POINT ( 'NONE',  ( 0.000000000000000000, -0.000000000000000000, 40.00000000000000000 ) ) ;
#1401 = ORIENTED_EDGE ( 'NONE', *, *, #8, .F. ) ;
#1402 = AXIS2_PLACEMENT_3D ( 'NONE', #3845, #717, #4667 ) ;
#1403 = CARTESIAN_POINT ( 'NONE',  ( -52.61000000000000654, -3.589999999999995861, 31.38533708426405866 ) ) ;
#1404 = VECTOR ( 'NONE', #185, 1000.000000000000000 ) ;
#1405 = LINE ( 'NONE', #4521, #4573 ) ;
#1406 = CIRCLE ( 'NONE', #4081, 2.000000000517098364 ) ;
#1407 = DIRECTION ( 'NONE',  ( -0.000000000000000000, 1.000000000000000000, -0.000000000000000000 ) ) ;
#1408 = DIRECTION ( 'NONE',  ( 0.000000000000000000, 0.000000000000000000, 1.000000000000000000 ) ) ;
#1409 = PLANE ( 'NONE',  #2142 ) ;
#1410 = CARTESIAN_POINT ( 'NONE',  ( -52.61000000000000654, -53.58999999999999631, 3.385337084264023133 ) ) ;
#1411 = EDGE_CURVE ( 'NONE', #4491, #3609, #1262, .T. ) ;
#1412 = ORIENTED_EDGE ( 'NONE', *, *, #2322, .F. ) ;
#1413 = ORIENTED_EDGE ( 'NONE', *, *, #3635, .T. ) ;
#1414 = ORIENTED_EDGE ( 'NONE', *, *, #1382, .F. ) ;
#1415 = LINE ( 'NONE', #1055, #411 ) ;
#1416 = CARTESIAN_POINT ( 'NONE',  ( 0.000000000000000000, -35.86999999999999744, 55.00647406690787022 ) ) ;
#1417 = DIRECTION ( 'NONE',  ( 0.000000000000000000, 1.000000000000000000, 0.000000000000000000 ) ) ;
#1418 = EDGE_CURVE ( 'NONE', #2905, #1702, #3175, .T. ) ;
#1419 = ORIENTED_EDGE ( 'NONE', *, *, #3069, .F. ) ;
#1420 = CALENDAR_DATE ( 2025, 7, 10 ) ;
#1421 = ORIENTED_EDGE ( 'NONE', *, *, #725, .F. ) ;
#1422 = CARTESIAN_POINT ( 'NONE',  ( -57.27545417499960934, 10.00000000000000000, -2.400000000000000799 ) ) ;
#1423 = LINE ( 'NONE', #2554, #1958 ) ;
#1424 = VECTOR ( 'NONE', #4725, 1000.000000000000000 ) ;
#1425 = EDGE_CURVE ( 'NONE', #1497, #1586, #1561, .T. ) ;
#1426 = CARTESIAN_POINT ( 'NONE',  ( -0.7999999995522610874, 0.000000000000000000, 18.50000000361856323 ) ) ;
#1427 = DIRECTION ( 'NONE',  ( 0.000000000000000000, 1.000000000000000000, 0.000000000000000000 ) ) ;
#1428 = VERTEX_POINT ( 'NONE', #3978 ) ;
#1429 = DIRECTION ( 'NONE',  ( 0.000000000000000000, 0.000000000000000000, 1.000000000000000000 ) ) ;
#1430 = EDGE_CURVE ( 'NONE', #4664, #945, #1722, .T. ) ;
#1431 = DIRECTION ( 'NONE',  ( 0.000000000000000000, 0.000000000000000000, -1.000000000000000000 ) ) ;
#1432 = DIRECTION ( 'NONE',  ( 0.000000000000000000, 1.000000000000000000, 0.000000000000000000 ) ) ;
#1433 = CARTESIAN_POINT ( 'NONE',  ( 47.50000000044774140, 0.000000000000000000, 20.50000000413566070 ) ) ;
#1434 = CARTESIAN_POINT ( 'NONE',  ( -76.99918942026600632, -25.00000000000000000, 62.36002745750113974 ) ) ;
#1435 = CARTESIAN_POINT ( 'NONE',  ( 59.78999999999999915, -5.000000000000000000, 79.99999999999998579 ) ) ;
#1436 = ORIENTED_EDGE ( 'NONE', *, *, #362, .T. ) ;
#1437 = ORIENTED_EDGE ( 'NONE', *, *, #4460, .T. ) ;
#1438 = ORIENTED_EDGE ( 'NONE', *, *, #3381, .T. ) ;
#1439 = LINE ( 'NONE', #601, #1471 ) ;
#1440 = CARTESIAN_POINT ( 'NONE',  ( 47.50000000044774140, 0.000000000000000000, 20.50000000413566070 ) ) ;
#1441 = EDGE_CURVE ( 'NONE', #2025, #3731, #4776, .T. ) ;
#1442 = LINE ( 'NONE', #323, #179 ) ;
#1443 = VERTEX_POINT ( 'NONE', #3929 ) ;
#1444 = PERSON_AND_ORGANIZATION_ROLE ( 'design_owner' ) ;
#1445 = ORIENTED_EDGE ( 'NONE', *, *, #303, .T. ) ;
#1446 = CARTESIAN_POINT ( 'NONE',  ( -60.00000000000000000, 0.000000000000000000, 40.00000000000000000 ) ) ;
#1447 = EDGE_CURVE ( 'NONE', #3878, #3215, #2763, .T. ) ;
#1448 = CARTESIAN_POINT ( 'NONE',  ( -52.61000000000000654, -0.000000000000000000, 0.000000000000000000 ) ) ;
#1449 = FACE_OUTER_BOUND ( 'NONE', #3649, .T. ) ;
#1450 = VECTOR ( 'NONE', #140, 1000.000000000000000 ) ;
#1451 = CARTESIAN_POINT ( 'NONE',  ( -61.61714353676119771, -28.59000000000001762, -5.014662915767451601 ) ) ;
#1452 = ORIENTED_EDGE ( 'NONE', *, *, #4755, .T. ) ;
#1453 = ADVANCED_FACE ( 'NONE', ( #2003 ), #4072, .F. ) ;
#1454 = LINE ( 'NONE', #4540, #2674 ) ;
#1455 = CARTESIAN_POINT ( 'NONE',  ( -57.27545417499960934, -10.00000000000000000, -2.400000000000000799 ) ) ;
#1456 = DIRECTION ( 'NONE',  ( 0.000000000000000000, 0.000000000000000000, 1.000000000000000000 ) ) ;
#1457 = EDGE_CURVE ( 'NONE', #4890, #3396, #421, .T. ) ;
#1458 = PRODUCT ( 'final_arm', 'final_arm', '', ( #916 ) ) ;
#1459 = CC_DESIGN_DATE_AND_TIME_ASSIGNMENT ( #865, #4763, ( #4886 ) ) ;
#1460 = DIRECTION ( 'NONE',  ( -0.000000000000000000, -0.000000000000000000, -1.000000000000000000 ) ) ;
#1461 = DIRECTION ( 'NONE',  ( 1.000000000000000000, 0.000000000000000000, 0.000000000000000000 ) ) ;
#1462 = ORIENTED_EDGE ( 'NONE', *, *, #2445, .F. ) ;
#1463 = ORIENTED_EDGE ( 'NONE', *, *, #2101, .F. ) ;
#1464 = DIRECTION ( 'NONE',  ( 0.000000000000000000, 1.000000000000000000, 0.000000000000000000 ) ) ;
#1465 = PLANE ( 'NONE',  #2875 ) ;
#1466 = DIRECTION ( 'NONE',  ( 0.000000000000000000, -1.000000000000000000, 0.000000000000000000 ) ) ;
#1467 = EDGE_LOOP ( 'NONE', ( #473, #384, #1266, #4612, #1038, #2206 ) ) ;
#1468 = APPROVAL_DATE_TIME ( #1779, #2155 ) ;
#1469 = EDGE_LOOP ( 'NONE', ( #840, #1031, #2660, #3472 ) ) ;
#1470 = PLANE ( 'NONE',  #990 ) ;
#1471 = VECTOR ( 'NONE', #1342, 1000.000000000000000 ) ;
#1472 = VECTOR ( 'NONE', #4109, 1000.000000000000000 ) ;
#1473 = DIRECTION ( 'NONE',  ( 0.000000000000000000, 0.000000000000000000, 1.000000000000000000 ) ) ;
#1474 = PLANE ( 'NONE',  #2389 ) ;
#1475 = EDGE_CURVE ( 'NONE', #1687, #3207, #268, .T. ) ;
#1476 = AXIS2_PLACEMENT_3D ( 'NONE', #2615, #1466, #4156 ) ;
#1477 = VECTOR ( 'NONE', #1417, 1000.000000000000000 ) ;
#1478 = ORIENTED_EDGE ( 'NONE', *, *, #4394, .F. ) ;
#1479 = DIRECTION ( 'NONE',  ( -0.000000000000000000, 1.000000000000000000, -0.000000000000000000 ) ) ;
#1480 = VECTOR ( 'NONE', #1850, 1000.000000000000000 ) ;
#1481 = VECTOR ( 'NONE', #4352, 1000.000000000000000 ) ;
#1482 = CARTESIAN_POINT ( 'NONE',  ( -28.69918942026600917, -35.86999999999999744, 72.36002745750114684 ) ) ;
#1483 = EDGE_CURVE ( 'NONE', #1322, #1629, #2132, .T. ) ;
#1484 = VECTOR ( 'NONE', #1771, 1000.000000000000000 ) ;
#1485 = CARTESIAN_POINT ( 'NONE',  ( -50.99019513592784136, -10.00000000000000000, -12.50000000000001776 ) ) ;
#1486 = CARTESIAN_POINT ( 'NONE',  ( 3.590000000000005631, -55.00000000000000711, 75.00000000000000000 ) ) ;
#1487 = DIRECTION ( 'NONE',  ( 1.000000000000000000, 0.000000000000000000, 0.000000000000000000 ) ) ;
#1488 = VECTOR ( 'NONE', #1784, 1000.000000000000000 ) ;
#1489 = EDGE_CURVE ( 'NONE', #1365, #2740, #4826, .T. ) ;
#1490 = APPROVAL_PERSON_ORGANIZATION ( #2167, #2903, #3726 ) ;
#1491 = EDGE_LOOP ( 'NONE', ( #2431, #600, #2473, #2337 ) ) ;
#1492 = EDGE_LOOP ( 'NONE', ( #500, #1005, #4457, #599 ) ) ;
#1493 = CARTESIAN_POINT ( 'NONE',  ( -6.409999999999994813, 5.000000000000000000, 60.00000000000000000 ) ) ;
#1494 = DIRECTION ( 'NONE',  ( 0.000000000000000000, 0.000000000000000000, -1.000000000000000000 ) ) ;
#1495 = FACE_OUTER_BOUND ( 'NONE', #4821, .T. ) ;
#1496 =( REPRESENTATION_RELATIONSHIP ('NONE','NONE', #2697, #4947 ) REPRESENTATION_RELATIONSHIP_WITH_TRANSFORMATION ( #3103 )SHAPE_REPRESENTATION_RELATIONSHIP( ) );
#1497 = VERTEX_POINT ( 'NONE', #548 ) ;
#1498 = ORIENTED_EDGE ( 'NONE', *, *, #3055, .T. ) ;
#1499 = ORIENTED_EDGE ( 'NONE', *, *, #4460, .F. ) ;
#1500 = CARTESIAN_POINT ( 'NONE',  ( 44.35000000044729518, 5.000000000000000000, 36.50000000413410817 ) ) ;
#1501 = DIRECTION ( 'NONE',  ( 0.000000000000000000, 1.000000000000000000, 0.000000000000000000 ) ) ;
#1502 = DIRECTION ( 'NONE',  ( 1.000000000000000000, -0.000000000000000000, -0.000000000000000000 ) ) ;
#1503 = EDGE_LOOP ( 'NONE', ( #530, #3451, #2542, #888 ) ) ;
#1504 = LINE ( 'NONE', #3043, #4045 ) ;
#1505 = EDGE_CURVE ( 'NONE', #68, #399, #2920, .T. ) ;
#1506 = DIRECTION ( 'NONE',  ( -0.000000000000000000, 1.000000000000000000, -0.000000000000000000 ) ) ;
#1507 = CIRCLE ( 'NONE', #4341, 2.400000000000000799 ) ;
#1508 = DIRECTION ( 'NONE',  ( 0.000000000000000000, 1.000000000000000000, 0.000000000000000000 ) ) ;
#1509 = PLANE ( 'NONE',  #4224 ) ;
#1510 = DIRECTION ( 'NONE',  ( -1.000000000000000000, 0.000000000000000000, 0.000000000000000000 ) ) ;
#1511 = EDGE_CURVE ( 'NONE', #1575, #4043, #338, .T. ) ;
#1512 = CARTESIAN_POINT ( 'NONE',  ( 59.37000000000000455, 0.000000000000000000, 0.000000000000000000 ) ) ;
#1513 = CARTESIAN_POINT ( 'NONE',  ( -1.409999999999994369, 22.71000000000000085, 55.44000000000000483 ) ) ;
#1514 = ORIENTED_EDGE ( 'NONE', *, *, #73, .T. ) ;
#1515 = DIRECTION ( 'NONE',  ( 0.000000000000000000, 0.000000000000000000, 1.000000000000000000 ) ) ;
#1516 = CARTESIAN_POINT ( 'NONE',  ( 57.27545417499960934, 10.00000000000000000, 0.000000000000000000 ) ) ;
#1517 = DIRECTION ( 'NONE',  ( 0.000000000000000000, 0.000000000000000000, -1.000000000000000000 ) ) ;
#1518 = EDGE_CURVE ( 'NONE', #160, #1187, #1791, .T. ) ;
#1519 = ORIENTED_EDGE ( 'NONE', *, *, #3082, .F. ) ;
#1520 = APPROVAL_ROLE ( '' ) ;
#1521 = ORIENTED_EDGE ( 'NONE', *, *, #889, .T. ) ;
#1522 = ORIENTED_EDGE ( 'NONE', *, *, #665, .T. ) ;
#1523 = CARTESIAN_POINT ( 'NONE',  ( 59.37000000000000455, 0.000000000000000000, 62.39000000000000767 ) ) ;
#1524 = EDGE_CURVE ( 'NONE', #3067, #907, #1026, .T. ) ;
#1525 = LINE ( 'NONE', #3479, #3587 ) ;
#1526 = DIRECTION ( 'NONE',  ( -1.469002236602926468E-14, -0.002615972587823136783, 0.9999965783378562678 ) ) ;
#1527 = EDGE_LOOP ( 'NONE', ( #3294, #4219, #4032, #4574 ) ) ;
#1528 = DIRECTION ( 'NONE',  ( 0.000000000000000000, 0.000000000000000000, -1.000000000000000000 ) ) ;
#1529 = CARTESIAN_POINT ( 'NONE',  ( -15.00000000000000000, -4.999999999999999112, 1.836970198721029589E-15 ) ) ;
#1530 = EDGE_CURVE ( 'NONE', #3919, #4801, #3190, .T. ) ;
#1531 = ORIENTED_EDGE ( 'NONE', *, *, #696, .T. ) ;
#1532 = CARTESIAN_POINT ( 'NONE',  ( -76.99918942026600632, -5.000000000000000000, 74.76002745750113831 ) ) ;
#1533 = CIRCLE ( 'NONE', #71, 1.599999999999997202 ) ;
#1534 = DIRECTION ( 'NONE',  ( 0.000000000000000000, -1.000000000000000000, -0.000000000000000000 ) ) ;
#1535 = DIRECTION ( 'NONE',  ( -0.000000000000000000, 1.000000000000000000, -0.000000000000000000 ) ) ;
#1536 = CARTESIAN_POINT ( 'NONE',  ( 50.00000000000001421, -8.635231706077668434, 74.71358084809440925 ) ) ;
#1537 = ORIENTED_EDGE ( 'NONE', *, *, #2353, .F. ) ;
#1538 = ORIENTED_EDGE ( 'NONE', *, *, #3413, .F. ) ;
#1539 = DIRECTION ( 'NONE',  ( 0.000000000000000000, 0.000000000000000000, -1.000000000000000000 ) ) ;
#1540 = DIRECTION ( 'NONE',  ( 0.000000000000000000, 1.000000000000000000, -0.000000000000000000 ) ) ;
#1541 = PERSON ( 'NAUO-PER1', 'UNSPECIFIED', 'UNSPECIFIED', ('UNSPECIFIED'), ('UNSPECIFIED'), ('UNSPECIFIED') ) ;
#1542 = EDGE_CURVE ( 'NONE', #4340, #3783, #3695, .T. ) ;
#1543 = ORIENTED_EDGE ( 'NONE', *, *, #153, .T. ) ;
#1544 = APPROVAL_ROLE ( '' ) ;
#1545 = ORIENTED_EDGE ( 'NONE', *, *, #3943, .T. ) ;
#1546 = ORIENTED_EDGE ( 'NONE', *, *, #4894, .T. ) ;
#1547 = CARTESIAN_POINT ( 'NONE',  ( -23.34563602967273610, -35.86999999999999744, 74.71358084809440925 ) ) ;
#1548 = FACE_OUTER_BOUND ( 'NONE', #811, .T. ) ;
#1549 = EDGE_CURVE ( 'NONE', #2931, #3328, #3345, .T. ) ;
#1550 = CC_DESIGN_DATE_AND_TIME_ASSIGNMENT ( #4129, #3358, ( #131 ) ) ;
#1551 = CARTESIAN_POINT ( 'NONE',  ( -58.89259771139528965, 22.41000000000000369, 56.48533708478723980 ) ) ;
#1552 = EDGE_LOOP ( 'NONE', ( #3611, #3510, #438, #1380, #2768, #3721, #2829, #3208, #2355, #3661 ) ) ;
#1553 = VECTOR ( 'NONE', #1996, 1000.000000000000000 ) ;
#1554 = VECTOR ( 'NONE', #3537, 1000.000000000000000 ) ;
#1555 = LINE ( 'NONE', #736, #2122 ) ;
#1556 = VECTOR ( 'NONE', #1652, 1000.000000000000000 ) ;
#1557 = CIRCLE ( 'NONE', #821, 2.399999999999999467 ) ;
#1558 = CARTESIAN_POINT ( 'NONE',  ( -70.62999999999999545, 0.1499999999999973577, 44.99999999999999289 ) ) ;
#1559 = ORIENTED_EDGE ( 'NONE', *, *, #4656, .T. ) ;
#1560 = CARTESIAN_POINT ( 'NONE',  ( 60.99019513592784136, -10.00000000000000000, 12.50000000000000000 ) ) ;
#1561 = CIRCLE ( 'NONE', #2778, 2.000000000517095256 ) ;
#1562 = VECTOR ( 'NONE', #1025, 1000.000000000000000 ) ;
#1563 = LINE ( 'NONE', #38, #3199 ) ;
#1564 = DIRECTION ( 'NONE',  ( -1.000000000000000000, 0.000000000000000000, -0.000000000000000000 ) ) ;
#1565 = VECTOR ( 'NONE', #3225, 1000.000000000000000 ) ;
#1566 = AXIS2_PLACEMENT_3D ( 'NONE', #356, #1134, #1877 ) ;
#1567 = ORIENTED_EDGE ( 'NONE', *, *, #1646, .F. ) ;
#1568 = CIRCLE ( 'NONE', #3835, 5.000000000000000000 ) ;
#1569 = ORIENTED_EDGE ( 'NONE', *, *, #3212, .T. ) ;
#1570 = CARTESIAN_POINT ( 'NONE',  ( -55.99019513592784847, -10.00000000000000000, -12.50000000000000000 ) ) ;
#1571 = DIRECTION ( 'NONE',  ( 0.000000000000000000, 1.000000000000000000, 0.000000000000000000 ) ) ;
#1572 = VECTOR ( 'NONE', #317, 1000.000000000000000 ) ;
#1573 = EDGE_CURVE ( 'NONE', #462, #1914, #3822, .T. ) ;
#1574 = APPROVAL_PERSON_ORGANIZATION ( #4512, #3788, #4532 ) ;
#1575 = VERTEX_POINT ( 'NONE', #4875 ) ;
#1576 = COORDINATED_UNIVERSAL_TIME_OFFSET ( 7, 0, .AHEAD. ) ;
#1577 = EDGE_LOOP ( 'NONE', ( #5009, #1419, #4151, #3867 ) ) ;
#1578 = ORIENTED_EDGE ( 'NONE', *, *, #1017, .T. ) ;
#1579 = LINE ( 'NONE', #1523, #3100 ) ;
#1580 = CC_DESIGN_SECURITY_CLASSIFICATION ( #4886, ( #4486 ) ) ;
#1581 = DIRECTION ( 'NONE',  ( -1.000000000000000000, 0.000000000000000000, 0.000000000000000000 ) ) ;
#1582 = EDGE_CURVE ( 'NONE', #931, #160, #195, .T. ) ;
#1583 = DIRECTION ( 'NONE',  ( 0.000000000000000000, 0.000000000000000000, 1.000000000000000000 ) ) ;
#1584 = CC_DESIGN_APPROVAL ( #2903, ( #131 ) ) ;
#1585 = DIRECTION ( 'NONE',  ( 1.000000000000000000, 0.000000000000000000, -0.000000000000000000 ) ) ;
#1586 = VERTEX_POINT ( 'NONE', #3318 ) ;
#1587 = CARTESIAN_POINT ( 'NONE',  ( -62.60999999999999943, -5.000000000000000000, 78.72230578021572001 ) ) ;
#1588 = EDGE_CURVE ( 'NONE', #1691, #4078, #4706, .T. ) ;
#1589 = PLANE ( 'NONE',  #2225 ) ;
#1590 = ORIENTED_EDGE ( 'NONE', *, *, #2326, .F. ) ;
#1591 = CARTESIAN_POINT ( 'NONE',  ( -57.94295870590023867, -4.999999999999997335, 56.17304270302549440 ) ) ;
#1592 = DIRECTION ( 'NONE',  ( 1.000000000000000000, 0.000000000000000000, 0.000000000000000000 ) ) ;
#1593 = DIRECTION ( 'NONE',  ( 0.000000000000000000, 0.000000000000000000, 1.000000000000000000 ) ) ;
#1594 = CYLINDRICAL_SURFACE ( 'NONE', #3666, 2.400000000031475622 ) ;
#1595 = CARTESIAN_POINT ( 'NONE',  ( -76.99918942026600632, -35.86999999999999744, 74.76002745750113831 ) ) ;
#1596 = VERTEX_POINT ( 'NONE', #2561 ) ;
#1597 = CARTESIAN_POINT ( 'NONE',  ( -60.99019513592784136, -10.00000000000000000, -7.500000000000000000 ) ) ;
#1598 = DIRECTION ( 'NONE',  ( -0.000000000000000000, 1.000000000000000000, -0.000000000000000000 ) ) ;
#1599 = DIRECTION ( 'NONE',  ( 0.000000000000000000, 0.000000000000000000, -1.000000000000000000 ) ) ;
#1600 = ORIENTED_EDGE ( 'NONE', *, *, #182, .T. ) ;
#1601 = PERSON_AND_ORGANIZATION ( #510, #3437 ) ;
#1602 = VERTEX_POINT ( 'NONE', #1338 ) ;
#1603 = ADVANCED_FACE ( 'NONE', ( #4096 ), #2971, .F. ) ;
#1604 = ORIENTED_EDGE ( 'NONE', *, *, #1011, .F. ) ;
#1605 = FACE_OUTER_BOUND ( 'NONE', #2897, .T. ) ;
#1606 = DIRECTION ( 'NONE',  ( -0.000000000000000000, 1.000000000000000000, -0.000000000000000000 ) ) ;
#1607 = FACE_OUTER_BOUND ( 'NONE', #2086, .T. ) ;
#1608 = ORIENTED_EDGE ( 'NONE', *, *, #4543, .F. ) ;
#1609 = CARTESIAN_POINT ( 'NONE',  ( -62.60999999999999943, 0.1500000000000008271, 75.00021254821469086 ) ) ;
#1610 = EDGE_CURVE ( 'NONE', #2318, #2207, #642, .T. ) ;
#1611 = ORIENTED_EDGE ( 'NONE', *, *, #2547, .T. ) ;
#1612 = CARTESIAN_POINT ( 'NONE',  ( -60.99019513592784136, -10.00000000000000000, 7.500000000000000888 ) ) ;
#1613 = CARTESIAN_POINT ( 'NONE',  ( 59.78999999999999915, 5.000000000000000000, 79.99999999999998579 ) ) ;
#1614 = EDGE_CURVE ( 'NONE', #3366, #1081, #2511, .T. ) ;
#1615 = ORIENTED_EDGE ( 'NONE', *, *, #2800, .T. ) ;
#1616 = PLANE ( 'NONE',  #828 ) ;
#1617 = CARTESIAN_POINT ( 'NONE',  ( 0.000000000000000000, -53.58999999999999631, 0.000000000000000000 ) ) ;
#1618 = DIRECTION ( 'NONE',  ( 0.000000000000000000, 1.000000000000000000, 0.000000000000000000 ) ) ;
#1619 = PLANE ( 'NONE',  #1476 ) ;
#1620 = DIRECTION ( 'NONE',  ( 1.000000000000000000, -0.000000000000000000, -0.000000000000000000 ) ) ;
#1621 = EDGE_CURVE ( 'NONE', #250, #4225, #3277, .T. ) ;
#1622 = AXIS2_PLACEMENT_3D ( 'NONE', #3662, #4748, #3224 ) ;
#1623 = EDGE_LOOP ( 'NONE', ( #4744, #2661, #2935, #4188 ) ) ;
#1624 = PLANE ( 'NONE',  #1882 ) ;
#1625 = DIRECTION ( 'NONE',  ( 0.000000000000000000, 0.000000000000000000, 1.000000000000000000 ) ) ;
#1626 = CARTESIAN_POINT ( 'NONE',  ( 54.37000000000001165, 22.41000000000000369, 67.39000000000000057 ) ) ;
#1627 = EDGE_LOOP ( 'NONE', ( #1160, #396, #143, #1238 ) ) ;
#1628 = VERTEX_POINT ( 'NONE', #3018 ) ;
#1629 = VERTEX_POINT ( 'NONE', #4950 ) ;
#1630 = CARTESIAN_POINT ( 'NONE',  ( -76.99918942026600632, -25.00000000000000000, 64.76002745750115253 ) ) ;
#1631 = LINE ( 'NONE', #2400, #3271 ) ;
#1632 = ORIENTED_EDGE ( 'NONE', *, *, #685, .T. ) ;
#1633 = ORIENTED_EDGE ( 'NONE', *, *, #3243, .T. ) ;
#1634 = DIRECTION ( 'NONE',  ( 0.000000000000000000, 0.000000000000000000, 1.000000000000000000 ) ) ;
#1635 = EDGE_CURVE ( 'NONE', #4653, #2035, #2634, .T. ) ;
#1636 = DIRECTION ( 'NONE',  ( 0.000000000000000000, 0.000000000000000000, -1.000000000000000000 ) ) ;
#1637 = VECTOR ( 'NONE', #560, 1000.000000000000000 ) ;
#1638 = EDGE_LOOP ( 'NONE', ( #51, #726, #1162, #3824 ) ) ;
#1639 = LINE ( 'NONE', #3193, #4094 ) ;
#1640 = DIRECTION ( 'NONE',  ( 1.000000000000000000, -0.000000000000000000, 0.000000000000000000 ) ) ;
#1641 = CARTESIAN_POINT ( 'NONE',  ( 59.78999999999999915, -5.000000000000000000, 40.00000000000000000 ) ) ;
#1642 = CARTESIAN_POINT ( 'NONE',  ( -61.61714353676141798, -28.59000000000001762, 37.38533708426405866 ) ) ;
#1643 = VECTOR ( 'NONE', #2492, 1000.000000000000000 ) ;
#1644 = VECTOR ( 'NONE', #626, 1000.000000000000000 ) ;
#1645 = CARTESIAN_POINT ( 'NONE',  ( 57.27545417499960934, -10.00000000000000000, 2.400000000000000799 ) ) ;
#1646 = EDGE_CURVE ( 'NONE', #1296, #4340, #3, .T. ) ;
#1647 = DIRECTION ( 'NONE',  ( 1.000000000000000000, 0.000000000000000000, 0.000000000000000000 ) ) ;
#1648 = VECTOR ( 'NONE', #4247, 1000.000000000000000 ) ;
#1649 = VECTOR ( 'NONE', #3299, 1000.000000000000000 ) ;
#1650 = EDGE_LOOP ( 'NONE', ( #1336, #3078, #1325, #3321 ) ) ;
#1651 = LINE ( 'NONE', #3547, #1481 ) ;
#1652 = DIRECTION ( 'NONE',  ( 1.000000000000000000, -0.000000000000000000, -0.000000000000000000 ) ) ;
#1653 = FACE_BOUND ( 'NONE', #4831, .T. ) ;
#1654 = AXIS2_PLACEMENT_3D ( 'NONE', #4909, #2980, #245 ) ;
#1655 = ADVANCED_FACE ( 'NONE', ( #5000, #4172 ), #1509, .F. ) ;
#1656 = AXIS2_PLACEMENT_3D ( 'NONE', #3920, #439, #4368 ) ;
#1657 = ORIENTED_EDGE ( 'NONE', *, *, #4565, .F. ) ;
#1658 = EDGE_LOOP ( 'NONE', ( #4518, #113, #3073, #2006, #3536, #966, #3679 ) ) ;
#1659 = ORIENTED_EDGE ( 'NONE', *, *, #4023, .F. ) ;
#1660 = CIRCLE ( 'NONE', #2548, 2.399999999999999467 ) ;
#1661 = CARTESIAN_POINT ( 'NONE',  ( 2.350000000447293846, -20.00000000000002842, 14.50000000413410461 ) ) ;
#1662 = DIRECTION ( 'NONE',  ( -1.000000000000000000, 0.000000000000000000, -0.000000000000000000 ) ) ;
#1663 = AXIS2_PLACEMENT_3D ( 'NONE', #3460, #4210, #4996 ) ;
#1664 = VERTEX_POINT ( 'NONE', #2234 ) ;
#1665 = PERSON_AND_ORGANIZATION ( #510, #3437 ) ;
#1666 = AXIS2_PLACEMENT_3D ( 'NONE', #3505, #27, #1583 ) ;
#1667 = VERTEX_POINT ( 'NONE', #1846 ) ;
#1668 = DIRECTION ( 'NONE',  ( 1.000000000000000000, 0.000000000000000000, 0.000000000000000000 ) ) ;
#1669 = FACE_OUTER_BOUND ( 'NONE', #2075, .T. ) ;
#1670 = ORIENTED_EDGE ( 'NONE', *, *, #482, .T. ) ;
#1671 = DIRECTION ( 'NONE',  ( -0.000000000000000000, -0.000000000000000000, -1.000000000000000000 ) ) ;
#1672 = FACE_OUTER_BOUND ( 'NONE', #3349, .T. ) ;
#1673 = ADVANCED_FACE ( 'NONE', ( #465, #1674 ), #1197, .T. ) ;
#1674 = FACE_BOUND ( 'NONE', #3939, .T. ) ;
#1675 = CARTESIAN_POINT ( 'NONE',  ( -74.19829071883061999, -26.59000000000001407, 56.17304270302549440 ) ) ;
#1676 = ORIENTED_EDGE ( 'NONE', *, *, #1706, .T. ) ;
#1677 = DIRECTION ( 'NONE',  ( 0.000000000000000000, -0.000000000000000000, 1.000000000000000000 ) ) ;
#1678 = EDGE_CURVE ( 'NONE', #3491, #4419, #790, .T. ) ;
#1679 = CARTESIAN_POINT ( 'NONE',  ( 14.99999999999999467, -4.999999999999999112, -50.31152949374526884 ) ) ;
#1680 = FACE_BOUND ( 'NONE', #775, .T. ) ;
#1681 = EDGE_LOOP ( 'NONE', ( #1114, #1600, #2420, #3209 ) ) ;
#1682 = VERTEX_POINT ( 'NONE', #3517 ) ;
#1683 = ORIENTED_EDGE ( 'NONE', *, *, #3254, .F. ) ;
#1684 = EDGE_CURVE ( 'NONE', #2925, #936, #3567, .T. ) ;
#1685 = DIRECTION ( 'NONE',  ( 0.000000000000000000, 0.000000000000000000, 1.000000000000000000 ) ) ;
#1686 = DIRECTION ( 'NONE',  ( 0.000000000000000000, 0.000000000000000000, 1.000000000000000000 ) ) ;
#1687 = VERTEX_POINT ( 'NONE', #1222 ) ;
#1688 = EDGE_CURVE ( 'NONE', #4488, #199, #4289, .T. ) ;
#1689 = CARTESIAN_POINT ( 'NONE',  ( 47.50000000044774140, 0.000000000000000000, 30.50000000413566426 ) ) ;
#1690 = DIRECTION ( 'NONE',  ( 0.000000000000000000, 0.000000000000000000, 1.000000000000000000 ) ) ;
#1691 = VERTEX_POINT ( 'NONE', #3223 ) ;
#1692 = PLANE ( 'NONE',  #742 ) ;
#1693 = CARTESIAN_POINT ( 'NONE',  ( 57.27545417499960934, -10.00000000000000000, 0.000000000000000000 ) ) ;
#1694 = CARTESIAN_POINT ( 'NONE',  ( -83.34563602967273255, -25.00000000000000000, 55.00647406690787022 ) ) ;
#1695 = EDGE_CURVE ( 'NONE', #128, #3931, #2217, .T. ) ;
#1696 = VERTEX_POINT ( 'NONE', #4369 ) ;
#1697 = FACE_BOUND ( 'NONE', #4319, .T. ) ;
#1698 = CARTESIAN_POINT ( 'NONE',  ( -70.62999999999999545, 0.1500000000000008271, -20.00000000000001066 ) ) ;
#1699 = FACE_BOUND ( 'NONE', #1907, .T. ) ;
#1700 = VECTOR ( 'NONE', #3639, 1000.000000000000000 ) ;
#1701 = ORIENTED_EDGE ( 'NONE', *, *, #2902, .F. ) ;
#1702 = VERTEX_POINT ( 'NONE', #84 ) ;
#1703 = ORIENTED_EDGE ( 'NONE', *, *, #3647, .T. ) ;
#1704 = DIRECTION ( 'NONE',  ( -0.000000000000000000, 1.000000000000000000, -0.000000000000000000 ) ) ;
#1705 = CARTESIAN_POINT ( 'NONE',  ( -62.60999999999999943, -5.000000000000000000, 40.00000000000000000 ) ) ;
#1706 = EDGE_CURVE ( 'NONE', #794, #4780, #4747, .T. ) ;
#1707 = ORIENTED_EDGE ( 'NONE', *, *, #2233, .F. ) ;
#1708 = DATE_TIME_ROLE ( 'creation_date' ) ;
#1709 = DIRECTION ( 'NONE',  ( 1.000000000000000000, -0.000000000000000000, -0.000000000000000000 ) ) ;
#1710 = EDGE_CURVE ( 'NONE', #2007, #21, #1997, .T. ) ;
#1711 = CC_DESIGN_PERSON_AND_ORGANIZATION_ASSIGNMENT ( #2450, #2115, ( #2835 ) ) ;
#1712 = CARTESIAN_POINT ( 'NONE',  ( 50.00000000000000711, 5.000000000000000000, 74.99999999999998579 ) ) ;
#1713 = VERTEX_POINT ( 'NONE', #440 ) ;
#1714 = EDGE_LOOP ( 'NONE', ( #4694, #4267, #1868, #3089, #2691, #4907 ) ) ;
#1715 = DIRECTION ( 'NONE',  ( 0.000000000000000000, 0.000000000000000000, -1.000000000000000000 ) ) ;
#1716 = CARTESIAN_POINT ( 'NONE',  ( -76.99918942026600632, -25.00000000000000000, 69.96002745750114116 ) ) ;
#1717 = ORIENTED_EDGE ( 'NONE', *, *, #3409, .T. ) ;
#1718 = CARTESIAN_POINT ( 'NONE',  ( -74.19829071883061999, -3.869999999999991669, 78.72230578021572001 ) ) ;
#1719 = CIRCLE ( 'NONE', #575, 2.000000000517091703 ) ;
#1720 = DIRECTION ( 'NONE',  ( -0.000000000000000000, 1.000000000000000000, -0.000000000000000000 ) ) ;
#1721 = DIRECTION ( 'NONE',  ( 0.000000000000000000, -0.000000000000000000, 1.000000000000000000 ) ) ;
#1722 = CIRCLE ( 'NONE', #2461, 2.000000000517095256 ) ;
#1723 = VECTOR ( 'NONE', #1802, 1000.000000000000000 ) ;
#1724 = VERTEX_POINT ( 'NONE', #873 ) ;
#1725 = ORIENTED_EDGE ( 'NONE', *, *, #4598, .T. ) ;
#1726 = ORIENTED_EDGE ( 'NONE', *, *, #1217, .T. ) ;
#1727 = DIRECTION ( 'NONE',  ( 1.000000000000000000, 0.000000000000000000, -0.000000000000000000 ) ) ;
#1728 = ADVANCED_FACE ( 'NONE', ( #3620 ), #139, .F. ) ;
#1729 = VECTOR ( 'NONE', #1872, 1000.000000000000000 ) ;
#1730 = VECTOR ( 'NONE', #1508, 1000.000000000000000 ) ;
#1731 = DIRECTION ( 'NONE',  ( 0.000000000000000000, 0.000000000000000000, 1.000000000000000000 ) ) ;
#1732 = AXIS2_PLACEMENT_3D ( 'NONE', #1749, #4729, #3230 ) ;
#1733 = ORIENTED_EDGE ( 'NONE', *, *, #4478, .T. ) ;
#1734 =( NAMED_UNIT ( * ) PLANE_ANGLE_UNIT ( ) SI_UNIT ( $, .RADIAN. ) );
#1735 = ORIENTED_EDGE ( 'NONE', *, *, #414, .F. ) ;
#1736 = VECTOR ( 'NONE', #4938, 1000.000000000000000 ) ;
#1737 = ADVANCED_FACE ( 'NONE', ( #2457, #3921 ), #1692, .T. ) ;
#1738 = PLANE ( 'NONE',  #2772 ) ;
#1739 = DIRECTION ( 'NONE',  ( -0.000000000000000000, -1.000000000000000000, -0.000000000000000000 ) ) ;
#1740 = AXIS2_PLACEMENT_3D ( 'NONE', #4262, #2343, #1273 ) ;
#1741 = VERTEX_POINT ( 'NONE', #3597 ) ;
#1742 = ADVANCED_FACE ( 'NONE', ( #894 ), #2785, .F. ) ;
#1743 = ORIENTED_EDGE ( 'NONE', *, *, #1511, .F. ) ;
#1744 = LINE ( 'NONE', #1302, #961 ) ;
#1745 = APPROVAL_PERSON_ORGANIZATION ( #4557, #3572, #4182 ) ;
#1746 = CARTESIAN_POINT ( 'NONE',  ( -31.56135310936135951, -5.000000000000000000, 74.71358084809440925 ) ) ;
#1747 = CARTESIAN_POINT ( 'NONE',  ( 0.000000000000000000, 22.41000000000000369, 0.000000000000000000 ) ) ;
#1748 = CARTESIAN_POINT ( 'NONE',  ( -52.61000000000000654, -3.589999999999995861, 31.38533708426405866 ) ) ;
#1749 = CARTESIAN_POINT ( 'NONE',  ( 0.000000000000000000, 5.000000000000000000, 0.000000000000000000 ) ) ;
#1750 = ORIENTED_EDGE ( 'NONE', *, *, #4624, .T. ) ;
#1751 = ORIENTED_EDGE ( 'NONE', *, *, #2019, .F. ) ;
#1752 = AXIS2_PLACEMENT_3D ( 'NONE', #87, #3570, #851 ) ;
#1753 = LINE ( 'NONE', #4507, #979 ) ;
#1754 = PLANE ( 'NONE',  #180 ) ;
#1755 = VECTOR ( 'NONE', #1431, 1000.000000000000000 ) ;
#1756 = EDGE_CURVE ( 'NONE', #2012, #4043, #1280, .T. ) ;
#1757 = ORIENTED_EDGE ( 'NONE', *, *, #3471, .T. ) ;
#1758 = APPROVAL_ROLE ( '' ) ;
#1759 = VERTEX_POINT ( 'NONE', #4666 ) ;
#1760 = CARTESIAN_POINT ( 'NONE',  ( 0.000000000000000000, 22.71000000000000085, 46.08000000000001251 ) ) ;
#1761 = CARTESIAN_POINT ( 'NONE',  ( -82.35274281085926873, 0.1500000000000008271, 44.99999999999999289 ) ) ;
#1762 = DIRECTION ( 'NONE',  ( -1.000000000000000000, 0.000000000000000000, 0.000000000000000000 ) ) ;
#1763 = EDGE_CURVE ( 'NONE', #2602, #4380, #3245, .T. ) ;
#1764 = ORIENTED_EDGE ( 'NONE', *, *, #2822, .F. ) ;
#1765 = ORIENTED_EDGE ( 'NONE', *, *, #3914, .T. ) ;
#1766 = DIRECTION ( 'NONE',  ( -1.000000000000000000, 0.000000000000000000, -0.000000000000000000 ) ) ;
#1767 = CYLINDRICAL_SURFACE ( 'NONE', #858, 2.399999999999999467 ) ;
#1768 = EDGE_CURVE ( 'NONE', #1696, #4601, #3948, .T. ) ;
#1769 = FACE_OUTER_BOUND ( 'NONE', #1131, .T. ) ;
#1770 = CARTESIAN_POINT ( 'NONE',  ( -58.89259771139528965, -5.000000000000000888, 54.88533708478723838 ) ) ;
#1771 = DIRECTION ( 'NONE',  ( 0.000000000000000000, 0.000000000000000000, -1.000000000000000000 ) ) ;
#1772 = EDGE_CURVE ( 'NONE', #280, #4122, #3999, .T. ) ;
#1773 = ORIENTED_EDGE ( 'NONE', *, *, #1826, .T. ) ;
#1774 = VERTEX_POINT ( 'NONE', #2664 ) ;
#1775 = ORIENTED_EDGE ( 'NONE', *, *, #1511, .T. ) ;
#1776 = CARTESIAN_POINT ( 'NONE',  ( -0.7999999995522610874, 5.000000000000000000, 28.50000000361856678 ) ) ;
#1777 = DIRECTION ( 'NONE',  ( 1.000000000000000000, -0.000000000000000000, -0.000000000000000000 ) ) ;
#1778 = EDGE_LOOP ( 'NONE', ( #3628, #4228, #4896, #2647 ) ) ;
#1779 = DATE_AND_TIME ( #2646, #843 ) ;
#1780 = ORIENTED_EDGE ( 'NONE', *, *, #4577, .T. ) ;
#1781 = AXIS2_PLACEMENT_3D ( 'NONE', #1642, #3196, #4722 ) ;
#1782 = LINE ( 'NONE', #987, #1321 ) ;
#1783 = CARTESIAN_POINT ( 'NONE',  ( 0.000000000000000000, -35.86999999999999744, 79.71358084809442346 ) ) ;
#1784 = DIRECTION ( 'NONE',  ( 0.000000000000000000, 1.000000000000000000, 0.000000000000000000 ) ) ;
#1785 = CARTESIAN_POINT ( 'NONE',  ( -15.00000000000000000, -5.000000000000000000, -52.91502622129181077 ) ) ;
#1786 = ORIENTED_EDGE ( 'NONE', *, *, #1756, .T. ) ;
#1787 = CARTESIAN_POINT ( 'NONE',  ( -53.56071321407137731, -5.000000000000000000, 12.50000000000000000 ) ) ;
#1788 = EDGE_CURVE ( 'NONE', #915, #3050, #1999, .T. ) ;
#1789 = LINE ( 'NONE', #1455, #4820 ) ;
#1790 = DIRECTION ( 'NONE',  ( 0.000000000000000000, -1.000000000000000000, 0.000000000000000000 ) ) ;
#1791 = LINE ( 'NONE', #1376, #2870 ) ;
#1792 = DIRECTION ( 'NONE',  ( 0.000000000000000000, 0.000000000000000000, -1.000000000000000000 ) ) ;
#1793 = EDGE_CURVE ( 'NONE', #4340, #3217, #1851, .T. ) ;
#1794 = LINE ( 'NONE', #2998, #3692 ) ;
#1795 = AXIS2_PLACEMENT_3D ( 'NONE', #2032, #4759, #1727 ) ;
#1796 = ORIENTED_EDGE ( 'NONE', *, *, #1475, .F. ) ;
#1797 = VERTEX_POINT ( 'NONE', #4530 ) ;
#1798 = ORIENTED_EDGE ( 'NONE', *, *, #2141, .T. ) ;
#1799 = DIRECTION ( 'NONE',  ( 0.000000000000000000, -1.000000000000000000, 0.000000000000000000 ) ) ;
#1800 = DIRECTION ( 'NONE',  ( 0.000000000000000000, 1.000000000000000000, 0.000000000000000000 ) ) ;
#1801 = EDGE_CURVE ( 'NONE', #897, #4181, #4199, .T. ) ;
#1802 = DIRECTION ( 'NONE',  ( -0.000000000000000000, -1.000000000000000000, -0.000000000000000000 ) ) ;
#1803 = VECTOR ( 'NONE', #123, 1000.000000000000114 ) ;
#1804 = VECTOR ( 'NONE', #1244, 1000.000000000000000 ) ;
#1805 = ORIENTED_EDGE ( 'NONE', *, *, #1756, .F. ) ;
#1806 = DATE_AND_TIME ( #326, #4243 ) ;
#1807 = ORIENTED_EDGE ( 'NONE', *, *, #1348, .T. ) ;
#1808 = CIRCLE ( 'NONE', #2375, 55.00000000000000000 ) ;
#1809 = VECTOR ( 'NONE', #1284, 1000.000000000000000 ) ;
#1810 = DIRECTION ( 'NONE',  ( -0.000000000000000000, 1.000000000000000000, -0.000000000000000000 ) ) ;
#1811 = LINE ( 'NONE', #2171, #2042 ) ;
#1812 = CIRCLE ( 'NONE', #3828, 2.400000000031474290 ) ;
#1813 = AXIS2_PLACEMENT_3D ( 'NONE', #2192, #3361, #4086 ) ;
#1814 = CARTESIAN_POINT ( 'NONE',  ( 59.78999999999999915, -5.000000000000000000, 79.99999999999998579 ) ) ;
#1815 = ORIENTED_EDGE ( 'NONE', *, *, #4018, .F. ) ;
#1816 = CIRCLE ( 'NONE', #4635, 2.399999999999999467 ) ;
#1817 = CARTESIAN_POINT ( 'NONE',  ( -82.35274281085926873, 0.1500000000000008271, 79.99999999999998579 ) ) ;
#1818 = VECTOR ( 'NONE', #4286, 1000.000000000000000 ) ;
#1819 = CARTESIAN_POINT ( 'NONE',  ( -28.69918942026600917, -35.86999999999999744, 69.96002745750114116 ) ) ;
#1820 = EDGE_CURVE ( 'NONE', #74, #2931, #3171, .T. ) ;
#1821 = APPROVAL_PERSON_ORGANIZATION ( #3680, #2090, #556 ) ;
#1822 = LINE ( 'NONE', #3090, #3591 ) ;
#1823 = CARTESIAN_POINT ( 'NONE',  ( -57.27545417499960934, -10.00000000000000000, 2.400000000000000799 ) ) ;
#1824 = LINE ( 'NONE', #4119, #994 ) ;
#1825 = APPROVAL_PERSON_ORGANIZATION ( #3450, #646, #1544 ) ;
#1826 = EDGE_CURVE ( 'NONE', #4813, #3578, #1808, .T. ) ;
#1827 = VERTEX_POINT ( 'NONE', #3054 ) ;
#1828 = ORIENTED_EDGE ( 'NONE', *, *, #4945, .T. ) ;
#1829 = ORIENTED_EDGE ( 'NONE', *, *, #4699, .T. ) ;
#1830 = CARTESIAN_POINT ( 'NONE',  ( -102.6100000000000136, 5.000000000000000000, 75.00021254821469086 ) ) ;
#1831 = DIRECTION ( 'NONE',  ( -1.000000000000000000, 0.000000000000000000, -0.000000000000000000 ) ) ;
#1832 = DIRECTION ( 'NONE',  ( -0.000000000000000000, 1.000000000000000000, -0.000000000000000000 ) ) ;
#1833 = EDGE_CURVE ( 'NONE', #259, #2439, #1442, .T. ) ;
#1834 = ORIENTED_EDGE ( 'NONE', *, *, #2495, .F. ) ;
#1835 = CALENDAR_DATE ( 2025, 7, 10 ) ;
#1836 = ORIENTED_EDGE ( 'NONE', *, *, #322, .T. ) ;
#1837 = DIRECTION ( 'NONE',  ( -1.000000000000000000, 0.000000000000000000, 0.000000000000000000 ) ) ;
#1838 = DIRECTION ( 'NONE',  ( -1.000000000000000000, 0.000000000000000000, 0.000000000000000000 ) ) ;
#1839 = FACE_OUTER_BOUND ( 'NONE', #837, .T. ) ;
#1840 = ADVANCED_FACE ( 'NONE', ( #3569 ), #1199, .F. ) ;
#1841 = CC_DESIGN_PERSON_AND_ORGANIZATION_ASSIGNMENT ( #1601, #2287, ( #1334 ) ) ;
#1842 = ORIENTED_EDGE ( 'NONE', *, *, #1430, .T. ) ;
#1843 = DIRECTION ( 'NONE',  ( -0.000000000000000000, -1.000000000000000000, -0.000000000000000000 ) ) ;
#1844 = DIRECTION ( 'NONE',  ( -0.000000000000000000, 1.000000000000000000, -0.000000000000000000 ) ) ;
#1845 = DIRECTION ( 'NONE',  ( 0.000000000000000000, 0.000000000000000000, 1.000000000000000000 ) ) ;
#1846 = CARTESIAN_POINT ( 'NONE',  ( -28.69918942026600917, -35.86999999999999744, 64.76002745750113831 ) ) ;
#1847 = DIRECTION ( 'NONE',  ( 0.000000000000000000, 0.000000000000000000, 1.000000000000000000 ) ) ;
#1848 = ORIENTED_EDGE ( 'NONE', *, *, #3870, .T. ) ;
#1849 = CARTESIAN_POINT ( 'NONE',  ( -61.61714353676141798, -53.58999999999999631, 34.98533708423258304 ) ) ;
#1850 = DIRECTION ( 'NONE',  ( 1.000000000000000000, 0.000000000000000000, 0.000000000000000000 ) ) ;
#1851 = LINE ( 'NONE', #3400, #3992 ) ;
#1852 = EDGE_CURVE ( 'NONE', #802, #623, #351, .T. ) ;
#1853 = ORIENTED_EDGE ( 'NONE', *, *, #3478, .T. ) ;
#1854 = PERSON_AND_ORGANIZATION ( #510, #3437 ) ;
#1855 = ORIENTED_EDGE ( 'NONE', *, *, #1826, .F. ) ;
#1856 = LINE ( 'NONE', #286, #3998 ) ;
#1857 = CARTESIAN_POINT ( 'NONE',  ( 0.000000000000000000, -5.000000000000000000, 0.000000000000000000 ) ) ;
#1858 = ADVANCED_FACE ( 'NONE', ( #1057 ), #1226, .T. ) ;
#1859 = CARTESIAN_POINT ( 'NONE',  ( 0.000000000000000000, -5.000000000000000000, 55.00000000000000000 ) ) ;
#1860 = VECTOR ( 'NONE', #1192, 1000.000000000000000 ) ;
#1861 = ORIENTED_EDGE ( 'NONE', *, *, #394, .F. ) ;
#1862 = FACE_OUTER_BOUND ( 'NONE', #3982, .T. ) ;
#1863 = ADVANCED_FACE ( 'NONE', ( #4668, #4324, #850, #1110, #2412, #39 ), #1619, .T. ) ;
#1864 = CARTESIAN_POINT ( 'NONE',  ( 0.000000000000000000, -5.000000000000000000, 0.000000000000000000 ) ) ;
#1865 = CARTESIAN_POINT ( 'NONE',  ( -61.61714353676119771, -28.59000000000001762, -2.614662915735976423 ) ) ;
#1866 = FACE_OUTER_BOUND ( 'NONE', #2402, .T. ) ;
#1867 = CARTESIAN_POINT ( 'NONE',  ( -76.99918942026600632, -35.86999999999999744, 74.76002745750113831 ) ) ;
#1868 = ORIENTED_EDGE ( 'NONE', *, *, #3538, .F. ) ;
#1869 = VERTEX_POINT ( 'NONE', #4554 ) ;
#1870 = CARTESIAN_POINT ( 'NONE',  ( 50.00000000000000000, 22.41000000000000369, 67.39000000000000057 ) ) ;
#1871 = DIRECTION ( 'NONE',  ( 0.000000000000000000, 0.000000000000000000, 1.000000000000000000 ) ) ;
#1872 = DIRECTION ( 'NONE',  ( -0.000000000000000000, -0.000000000000000000, 1.000000000000000000 ) ) ;
#1873 = ORIENTED_EDGE ( 'NONE', *, *, #4403, .F. ) ;
#1874 = COORDINATED_UNIVERSAL_TIME_OFFSET ( 7, 0, .AHEAD. ) ;
#1875 = EDGE_CURVE ( 'NONE', #148, #424, #4953, .T. ) ;
#1876 = ORIENTED_EDGE ( 'NONE', *, *, #3635, .F. ) ;
#1877 = DIRECTION ( 'NONE',  ( 1.000000000000000000, 0.000000000000000000, -0.000000000000000000 ) ) ;
#1878 = AXIS2_PLACEMENT_3D ( 'NONE', #1182, #4753, #2467 ) ;
#1879 = AXIS2_PLACEMENT_3D ( 'NONE', #346, #4250, #4194 ) ;
#1880 = DIRECTION ( 'NONE',  ( 0.000000000000000000, 0.000000000000000000, 1.000000000000000000 ) ) ;
#1881 = VECTOR ( 'NONE', #2076, 1000.000000000000000 ) ;
#1882 = AXIS2_PLACEMENT_3D ( 'NONE', #898, #4273, #4006 ) ;
#1883 = LINE ( 'NONE', #3433, #1329 ) ;
#1884 = EDGE_CURVE ( 'NONE', #2319, #1827, #4961, .T. ) ;
#1885 = ORIENTED_EDGE ( 'NONE', *, *, #1242, .T. ) ;
#1886 = DIRECTION ( 'NONE',  ( -0.000000000000000000, -0.000000000000000000, 1.000000000000000000 ) ) ;
#1887 = VECTOR ( 'NONE', #2488, 1000.000000000000000 ) ;
#1888 = AXIS2_PLACEMENT_3D ( 'NONE', #3168, #83, #57 ) ;
#1889 = DIRECTION ( 'NONE',  ( -0.000000000000000000, 1.000000000000000000, -0.000000000000000000 ) ) ;
#1890 = AXIS2_PLACEMENT_3D ( 'NONE', #2757, #4248, #3091 ) ;
#1891 = ADVANCED_FACE ( 'NONE', ( #1495 ), #1594, .F. ) ;
#1892 = CARTESIAN_POINT ( 'NONE',  ( -102.6100000000000136, 0.1500000000000008271, 40.00000000000000000 ) ) ;
#1893 = DIRECTION ( 'NONE',  ( -0.000000000000000000, -1.000000000000000000, -0.000000000000000000 ) ) ;
#1894 = CIRCLE ( 'NONE', #4237, 55.00000000000000000 ) ;
#1895 = LINE ( 'NONE', #4120, #2493 ) ;
#1896 = LOCAL_TIME ( 21, 27, 32.00000000000000000, #3287 ) ;
#1897 = EDGE_CURVE ( 'NONE', #4242, #452, #3923, .T. ) ;
#1898 = DIRECTION ( 'NONE',  ( 0.000000000000000000, -1.000000000000000000, 0.000000000000000000 ) ) ;
#1899 = ORIENTED_EDGE ( 'NONE', *, *, #2131, .T. ) ;
#1900 = VERTEX_POINT ( 'NONE', #701 ) ;
#1901 = CARTESIAN_POINT ( 'NONE',  ( 0.000000000000000000, -5.000000000000000000, 78.72230578021572001 ) ) ;
#1902 = CARTESIAN_POINT ( 'NONE',  ( -0.7999999995522613094, 0.000000000000000000, 30.50000000413566070 ) ) ;
#1903 = DIRECTION ( 'NONE',  ( -0.000000000000000000, 1.000000000000000000, -0.000000000000000000 ) ) ;
#1904 = LOCAL_TIME ( 21, 27, 32.00000000000000000, #4489 ) ;
#1905 = EDGE_LOOP ( 'NONE', ( #1012, #2573, #3648, #3638 ) ) ;
#1906 = COORDINATED_UNIVERSAL_TIME_OFFSET ( 7, 0, .AHEAD. ) ;
#1907 = EDGE_LOOP ( 'NONE', ( #769, #4851 ) ) ;
#1908 = ORIENTED_EDGE ( 'NONE', *, *, #2927, .T. ) ;
#1909 = CARTESIAN_POINT ( 'NONE',  ( -61.61714353676141798, -53.58999999999999631, 39.78533708429553428 ) ) ;
#1910 = CARTESIAN_POINT ( 'NONE',  ( -82.35274281085926873, -5.000000000000000000, 56.17304270302549440 ) ) ;
#1911 = EDGE_CURVE ( 'NONE', #30, #3180, #2261, .T. ) ;
#1912 = DESIGN_CONTEXT ( 'detailed design', #3859, 'design' ) ;
#1913 = DIRECTION ( 'NONE',  ( 1.000000000000000000, 0.000000000000000000, 0.000000000000000000 ) ) ;
#1914 = VERTEX_POINT ( 'NONE', #488 ) ;
#1915 = CARTESIAN_POINT ( 'NONE',  ( 47.50000000044774140, 0.000000000000000000, 18.50000000361856323 ) ) ;
#1916 = ADVANCED_FACE ( 'NONE', ( #4400 ), #120, .F. ) ;
#1917 = DIRECTION ( 'NONE',  ( -0.000000000000000000, 1.000000000000000000, -0.000000000000000000 ) ) ;
#1918 = AXIS2_PLACEMENT_3D ( 'NONE', #2655, #4922, #2231 ) ;
#1919 = ORIENTED_EDGE ( 'NONE', *, *, #2988, .T. ) ;
#1920 = DIRECTION ( 'NONE',  ( 0.000000000000000000, 0.000000000000000000, -1.000000000000000000 ) ) ;
#1921 = DIRECTION ( 'NONE',  ( -0.000000000000000000, 1.000000000000000000, -0.000000000000000000 ) ) ;
#1922 = EDGE_CURVE ( 'NONE', #424, #148, #1812, .T. ) ;
#1923 = DIRECTION ( 'NONE',  ( 0.000000000000000000, 0.000000000000000000, 1.000000000000000000 ) ) ;
#1924 = DIRECTION ( 'NONE',  ( -0.000000000000000000, 1.000000000000000000, -0.000000000000000000 ) ) ;
#1925 = EDGE_LOOP ( 'NONE', ( #4252, #2160, #89, #3654, #2062, #2427 ) ) ;
#1926 = CARTESIAN_POINT ( 'NONE',  ( -57.27545417499960934, -10.00000000000000000, 0.000000000000000000 ) ) ;
#1927 = DIRECTION ( 'NONE',  ( -0.000000000000000000, 1.000000000000000000, -0.000000000000000000 ) ) ;
#1928 = CARTESIAN_POINT ( 'NONE',  ( 3.590000000000005631, 22.71000000000000085, 60.00000000000000000 ) ) ;
#1929 = EDGE_CURVE ( 'NONE', #2976, #2985, #2814, .T. ) ;
#1930 = ORIENTED_EDGE ( 'NONE', *, *, #4338, .T. ) ;
#1931 = DATE_TIME_ROLE ( 'classification_date' ) ;
#1932 = ORIENTED_EDGE ( 'NONE', *, *, #2728, .F. ) ;
#1933 = CARTESIAN_POINT ( 'NONE',  ( -57.60999999999999943, 22.41000000000000369, 47.39000000000000057 ) ) ;
#1934 = DIRECTION ( 'NONE',  ( 0.000000000000000000, -0.000000000000000000, 1.000000000000000000 ) ) ;
#1935 = ORIENTED_EDGE ( 'NONE', *, *, #4421, .T. ) ;
#1936 = LINE ( 'NONE', #2273, #559 ) ;
#1937 = DIRECTION ( 'NONE',  ( 0.000000000000000000, 0.000000000000000000, 1.000000000000000000 ) ) ;
#1938 = EDGE_LOOP ( 'NONE', ( #3540, #954, #861, #2323 ) ) ;
#1939 = LINE ( 'NONE', #115, #1553 ) ;
#1940 = EDGE_CURVE ( 'NONE', #4637, #3497, #4069, .T. ) ;
#1941 = VECTOR ( 'NONE', #2176, 1000.000000000000000 ) ;
#1942 = CYLINDRICAL_SURFACE ( 'NONE', #4477, 2.399999999999999467 ) ;
#1943 = DIRECTION ( 'NONE',  ( 0.000000000000000000, -1.000000000000000000, 0.000000000000000000 ) ) ;
#1944 = ORIENTED_EDGE ( 'NONE', *, *, #1986, .F. ) ;
#1945 = DIRECTION ( 'NONE',  ( 0.000000000000000000, 0.000000000000000000, 1.000000000000000000 ) ) ;
#1946 = EDGE_CURVE ( 'NONE', #2443, #2669, #4024, .T. ) ;
#1947 = DIRECTION ( 'NONE',  ( 0.000000000000000000, 0.000000000000000000, -1.000000000000000000 ) ) ;
#1948 = CARTESIAN_POINT ( 'NONE',  ( 50.00000000000000000, 5.000000000000000000, 42.39000000000000057 ) ) ;
#1949 = ORIENTED_EDGE ( 'NONE', *, *, #1772, .T. ) ;
#1950 = PERSON_AND_ORGANIZATION_ROLE ( 'creator' ) ;
#1951 = VERTEX_POINT ( 'NONE', #2460 ) ;
#1952 = EDGE_CURVE ( 'NONE', #434, #3725, #4472, .T. ) ;
#1953 = CARTESIAN_POINT ( 'NONE',  ( 50.00000000000000000, 5.000000000000000000, 42.39000000000000057 ) ) ;
#1954 = CARTESIAN_POINT ( 'NONE',  ( -102.6100000000000136, 5.000000000000000000, 75.00021254821469086 ) ) ;
#1955 = DIRECTION ( 'NONE',  ( 0.000000000000000000, 0.000000000000000000, 1.000000000000000000 ) ) ;
#1956 = ORIENTED_EDGE ( 'NONE', *, *, #1820, .F. ) ;
#1957 = CIRCLE ( 'NONE', #660, 2.000000000517095256 ) ;
#1958 = VECTOR ( 'NONE', #287, 1000.000000000000000 ) ;
#1959 = LINE ( 'NONE', #3887, #4680 ) ;
#1960 = CIRCLE ( 'NONE', #4784, 1.599999999999997202 ) ;
#1961 = VECTOR ( 'NONE', #4681, 1000.000000000000000 ) ;
#1962 = FACE_OUTER_BOUND ( 'NONE', #3682, .T. ) ;
#1963 = ORIENTED_EDGE ( 'NONE', *, *, #2947, .T. ) ;
#1964 = DIRECTION ( 'NONE',  ( 1.000000000000000000, 0.000000000000000000, -0.000000000000000000 ) ) ;
#1965 = VECTOR ( 'NONE', #2758, 1000.000000000000000 ) ;
#1966 = AXIS2_PLACEMENT_3D ( 'NONE', #4544, #1432, #1456 ) ;
#1967 = DIRECTION ( 'NONE',  ( 0.000000000000000000, -0.000000000000000000, -1.000000000000000000 ) ) ;
#1968 = FACE_OUTER_BOUND ( 'NONE', #47, .T. ) ;
#1969 = DIRECTION ( 'NONE',  ( 0.000000000000000000, 1.000000000000000000, 0.000000000000000000 ) ) ;
#1970 = EDGE_CURVE ( 'NONE', #2097, #3609, #2050, .T. ) ;
#1971 = VECTOR ( 'NONE', #896, 1000.000000000000000 ) ;
#1972 = ORIENTED_EDGE ( 'NONE', *, *, #332, .F. ) ;
#1973 = CIRCLE ( 'NONE', #352, 2.000000000517098364 ) ;
#1974 = LINE ( 'NONE', #3524, #1809 ) ;
#1975 = CARTESIAN_POINT ( 'NONE',  ( -23.34563602967273610, -35.86999999999999744, 0.000000000000000000 ) ) ;
#1976 = DIRECTION ( 'NONE',  ( -1.000000000000000000, 0.000000000000000000, 0.000000000000000000 ) ) ;
#1977 =( GEOMETRIC_REPRESENTATION_CONTEXT ( 3 ) GLOBAL_UNCERTAINTY_ASSIGNED_CONTEXT ( ( #4235 ) ) GLOBAL_UNIT_ASSIGNED_CONTEXT ( ( #4314, #2727, #838 ) ) REPRESENTATION_CONTEXT ( 'NONE', 'WORKASPACE' ) );
#1978 = EDGE_CURVE ( 'NONE', #4443, #3794, #183, .T. ) ;
#1979 = ORIENTED_EDGE ( 'NONE', *, *, #2227, .F. ) ;
#1980 = PERSON_AND_ORGANIZATION ( #510, #3437 ) ;
#1981 = ORIENTED_EDGE ( 'NONE', *, *, #1170, .T. ) ;
#1982 = ORIENTED_EDGE ( 'NONE', *, *, #1011, .T. ) ;
#1983 = DIRECTION ( 'NONE',  ( 0.000000000000000000, 0.000000000000000000, 1.000000000000000000 ) ) ;
#1984 = CC_DESIGN_SECURITY_CLASSIFICATION ( #680, ( #5018 ) ) ;
#1985 = CARTESIAN_POINT ( 'NONE',  ( 47.50000000044774140, 0.000000000000000000, 30.50000000413566426 ) ) ;
#1986 = EDGE_CURVE ( 'NONE', #945, #1497, #3599, .T. ) ;
#1987 = ORIENTED_EDGE ( 'NONE', *, *, #2800, .F. ) ;
#1988 = PLANE ( 'NONE',  #3519 ) ;
#1989 = ORIENTED_EDGE ( 'NONE', *, *, #2238, .T. ) ;
#1990 = DIRECTION ( 'NONE',  ( -0.000000000000000000, 0.000000000000000000, 1.000000000000000000 ) ) ;
#1991 = EDGE_CURVE ( 'NONE', #2666, #4256, #4749, .T. ) ;
#1992 = CC_DESIGN_DATE_AND_TIME_ASSIGNMENT ( #225, #2264, ( #4246 ) ) ;
#1993 = CARTESIAN_POINT ( 'NONE',  ( 59.37000000000000455, 22.41000000000000369, 10.00000000000000533 ) ) ;
#1994 = AXIS2_PLACEMENT_3D ( 'NONE', #3071, #2586, #3443 ) ;
#1995 = EDGE_LOOP ( 'NONE', ( #539, #1982, #2818, #1519 ) ) ;
#1996 = DIRECTION ( 'NONE',  ( 1.000000000000000000, -0.000000000000000000, -0.000000000000000000 ) ) ;
#1997 = LINE ( 'NONE', #3169, #1881 ) ;
#1998 = DIRECTION ( 'NONE',  ( -0.000000000000000000, 1.000000000000000000, -0.000000000000000000 ) ) ;
#1999 = LINE ( 'NONE', #302, #1965 ) ;
#2000 = DIRECTION ( 'NONE',  ( 1.000000000000000000, -0.000000000000000000, -0.000000000000000000 ) ) ;
#2001 = ORIENTED_EDGE ( 'NONE', *, *, #4371, .T. ) ;
#2002 = CARTESIAN_POINT ( 'NONE',  ( -1.409999999999994591, 22.71000000000000085, 50.64000000000000767 ) ) ;
#2003 = FACE_OUTER_BOUND ( 'NONE', #3282, .T. ) ;
#2004 = CARTESIAN_POINT ( 'NONE',  ( -83.34563602967273255, -25.00000000000000000, 74.71358084809440925 ) ) ;
#2005 = ORIENTED_EDGE ( 'NONE', *, *, #1287, .T. ) ;
#2006 = ORIENTED_EDGE ( 'NONE', *, *, #4487, .F. ) ;
#2007 = VERTEX_POINT ( 'NONE', #3641 ) ;
#2008 = CARTESIAN_POINT ( 'NONE',  ( -50.21591620410926282, 5.000000000000000000, 55.00647406690787022 ) ) ;
#2009 = EDGE_CURVE ( 'NONE', #993, #74, #162, .T. ) ;
#2010 = DIRECTION ( 'NONE',  ( 0.000000000000000000, 0.000000000000000000, 1.000000000000000000 ) ) ;
#2011 = VERTEX_POINT ( 'NONE', #3247 ) ;
#2012 = VERTEX_POINT ( 'NONE', #2282 ) ;
#2013 = ADVANCED_FACE ( 'NONE', ( #3398 ), #1056, .F. ) ;
#2014 = DIRECTION ( 'NONE',  ( 0.000000000000000000, 0.000000000000000000, -1.000000000000000000 ) ) ;
#2015 = DIRECTION ( 'NONE',  ( -0.000000000000000000, -1.000000000000000000, -0.000000000000000000 ) ) ;
#2016 = ORIENTED_EDGE ( 'NONE', *, *, #533, .F. ) ;
#2017 = LINE ( 'NONE', #4718, #2694 ) ;
#2018 = CARTESIAN_POINT ( 'NONE',  ( -70.62999999999999545, -53.58999999999999631, -20.00000000000001066 ) ) ;
#2019 = EDGE_CURVE ( 'NONE', #1575, #4488, #3053, .T. ) ;
#2020 = DIRECTION ( 'NONE',  ( 1.000000000000000000, 0.000000000000000000, 0.000000000000000000 ) ) ;
#2021 = CARTESIAN_POINT ( 'NONE',  ( -28.69918942026600917, -25.00000000000000000, 59.96002745750113405 ) ) ;
#2022 = DIRECTION ( 'NONE',  ( 0.000000000000000000, -1.000000000000000000, 0.000000000000000000 ) ) ;
#2023 = CARTESIAN_POINT ( 'NONE',  ( -60.00000000000000000, 0.000000000000000000, 40.00000000000000000 ) ) ;
#2024 = VECTOR ( 'NONE', #1352, 1000.000000000000000 ) ;
#2025 = VERTEX_POINT ( 'NONE', #4853 ) ;
#2026 = DIRECTION ( 'NONE',  ( -1.000000000000000000, 0.000000000000000000, 0.000000000000000000 ) ) ;
#2027 = CARTESIAN_POINT ( 'NONE',  ( -0.7999999995522613094, 5.000000000000000000, 20.50000000413565715 ) ) ;
#2028 = FACE_BOUND ( 'NONE', #226, .T. ) ;
#2029 = ORIENTED_EDGE ( 'NONE', *, *, #4766, .T. ) ;
#2030 = ORIENTED_EDGE ( 'NONE', *, *, #2828, .T. ) ;
#2031 = ORIENTED_EDGE ( 'NONE', *, *, #2896, .F. ) ;
#2032 = CARTESIAN_POINT ( 'NONE',  ( -31.56135310936134530, -3.869999999999991669, 78.72230578021572001 ) ) ;
#2033 = CARTESIAN_POINT ( 'NONE',  ( 60.00000000000001421, 5.000000000000000000, 10.00000000000000533 ) ) ;
#2034 = EDGE_CURVE ( 'NONE', #1914, #2905, #2059, .T. ) ;
#2035 = VERTEX_POINT ( 'NONE', #1084 ) ;
#2036 = SHAPE_DEFINITION_REPRESENTATION ( #450, #2697 ) ;
#2037 = ORIENTED_EDGE ( 'NONE', *, *, #4177, .T. ) ;
#2038 = FACE_OUTER_BOUND ( 'NONE', #2975, .T. ) ;
#2039 = DIRECTION ( 'NONE',  ( 0.000000000000000000, 1.000000000000000000, 0.000000000000000000 ) ) ;
#2040 = ADVANCED_FACE ( 'NONE', ( #3379 ), #3723, .F. ) ;
#2041 = AXIS2_PLACEMENT_3D ( 'NONE', #2475, #3612, #2065 ) ;
#2042 = VECTOR ( 'NONE', #3010, 1000.000000000000000 ) ;
#2043 = VERTEX_POINT ( 'NONE', #700 ) ;
#2044 = LINE ( 'NONE', #1104, #4467 ) ;
#2045 = CARTESIAN_POINT ( 'NONE',  ( -61.61714353676119771, -28.59000000000001762, -0.2146629157045009673 ) ) ;
#2046 = DIRECTION ( 'NONE',  ( 0.000000000000000000, 1.000000000000000000, -0.000000000000000000 ) ) ;
#2047 = LINE ( 'NONE', #3598, #1042 ) ;
#2048 = CIRCLE ( 'NONE', #903, 2.400000000000000799 ) ;
#2049 = VECTOR ( 'NONE', #1152, 1000.000000000000000 ) ;
#2050 = LINE ( 'NONE', #543, #1887 ) ;
#2051 = CARTESIAN_POINT ( 'NONE',  ( 2.350000000447293846, 5.000000000000000000, 36.50000000413410817 ) ) ;
#2052 = EDGE_CURVE ( 'NONE', #3497, #1213, #2614, .T. ) ;
#2053 = AXIS2_PLACEMENT_3D ( 'NONE', #486, #409, #1592 ) ;
#2054 = VECTOR ( 'NONE', #4374, 1000.000000000000000 ) ;
#2055 = ORIENTED_EDGE ( 'NONE', *, *, #3571, .F. ) ;
#2056 = LINE ( 'NONE', #41, #503 ) ;
#2057 = CARTESIAN_POINT ( 'NONE',  ( -117.7296067193517928, 0.1500000000000008271, 79.99999999999998579 ) ) ;
#2058 = PLANE ( 'NONE',  #4877 ) ;
#2059 = CIRCLE ( 'NONE', #2952, 1.599999999999997202 ) ;
#2060 = AXIS2_PLACEMENT_3D ( 'NONE', #1933, #23, #3106 ) ;
#2061 = VERTEX_POINT ( 'NONE', #277 ) ;
#2062 = ORIENTED_EDGE ( 'NONE', *, *, #935, .F. ) ;
#2063 = ORIENTED_EDGE ( 'NONE', *, *, #1489, .T. ) ;
#2064 = VECTOR ( 'NONE', #2105, 1000.000000000000000 ) ;
#2065 = DIRECTION ( 'NONE',  ( 0.000000000000000000, 0.000000000000000000, 1.000000000000000000 ) ) ;
#2066 = CARTESIAN_POINT ( 'NONE',  ( 44.35000000044729518, -20.00000000000002842, 14.50000000413410461 ) ) ;
#2067 = CIRCLE ( 'NONE', #4878, 4.999999999999997335 ) ;
#2068 = EDGE_LOOP ( 'NONE', ( #2849, #4175, #1331, #1670, #149, #4012 ) ) ;
#2069 = DIRECTION ( 'NONE',  ( 1.000000000000000000, 0.000000000000000000, 0.000000000000000000 ) ) ;
#2070 = CC_DESIGN_APPROVAL ( #2366, ( #4486 ) ) ;
#2071 = PLANE ( 'NONE',  #175 ) ;
#2072 = ADVANCED_FACE ( 'NONE', ( #4153 ), #4930, .F. ) ;
#2073 = LOCAL_TIME ( 21, 27, 32.00000000000000000, #4226 ) ;
#2074 = CARTESIAN_POINT ( 'NONE',  ( -62.60999999999999943, 5.000000000000000000, 79.99999999999998579 ) ) ;
#2075 = EDGE_LOOP ( 'NONE', ( #3167, #3933, #3445, #2557, #1538, #648 ) ) ;
#2076 = DIRECTION ( 'NONE',  ( -0.000000000000000000, -1.000000000000000000, -0.000000000000000000 ) ) ;
#2077 = LINE ( 'NONE', #2124, #3884 ) ;
#2078 = ADVANCED_FACE ( 'NONE', ( #1033 ), #3002, .F. ) ;
#2079 = CARTESIAN_POINT ( 'NONE',  ( -10.52170913285009668, -5.000000000000000000, 79.99999999999998579 ) ) ;
#2080 = ORIENTED_EDGE ( 'NONE', *, *, #1271, .F. ) ;
#2081 = CARTESIAN_POINT ( 'NONE',  ( -52.61000000000000654, -53.58999999999999631, 31.38533708426405866 ) ) ;
#2082 = DIRECTION ( 'NONE',  ( 0.000000000000000000, -1.000000000000000000, 0.000000000000000000 ) ) ;
#2083 = DIRECTION ( 'NONE',  ( -0.000000000000000000, -1.000000000000000000, -0.000000000000000000 ) ) ;
#2084 = EDGE_CURVE ( 'NONE', #1239, #3720, #2240, .T. ) ;
#2085 = ORIENTED_EDGE ( 'NONE', *, *, #4871, .F. ) ;
#2086 = EDGE_LOOP ( 'NONE', ( #2080, #2135, #1499, #44 ) ) ;
#2087 = ORIENTED_EDGE ( 'NONE', *, *, #2696, .T. ) ;
#2088 = LINE ( 'NONE', #171, #492 ) ;
#2089 = EDGE_CURVE ( 'NONE', #4762, #3932, #1320, .T. ) ;
#2090 = APPROVAL ( #2886, 'UNSPECIFIED' ) ;
#2091 = DIRECTION ( 'NONE',  ( 1.000000000000000000, -0.000000000000000000, -0.000000000000000000 ) ) ;
#2092 = ORIENTED_EDGE ( 'NONE', *, *, #4355, .T. ) ;
#2093 = DIRECTION ( 'NONE',  ( 0.000000000000000000, 0.000000000000000000, 1.000000000000000000 ) ) ;
#2094 = ORIENTED_EDGE ( 'NONE', *, *, #2555, .F. ) ;
#2095 = LINE ( 'NONE', #4742, #1637 ) ;
#2096 = CARTESIAN_POINT ( 'NONE',  ( -57.60999999999999943, 5.000000000000000000, 67.39000000000000057 ) ) ;
#2097 = VERTEX_POINT ( 'NONE', #4884 ) ;
#2098 = ORIENTED_EDGE ( 'NONE', *, *, #2429, .T. ) ;
#2099 = LINE ( 'NONE', #1675, #3966 ) ;
#2100 = DIRECTION ( 'NONE',  ( -1.000000000000000000, 0.000000000000000000, -0.000000000000000000 ) ) ;
#2101 = EDGE_CURVE ( 'NONE', #221, #2948, #746, .T. ) ;
#2102 = EDGE_LOOP ( 'NONE', ( #4405, #1381 ) ) ;
#2103 = CARTESIAN_POINT ( 'NONE',  ( -31.56135310936134530, -5.000000000000000000, 56.17304270302549440 ) ) ;
#2104 = DIRECTION ( 'NONE',  ( 0.000000000000000000, 1.000000000000000000, 0.000000000000000000 ) ) ;
#2105 = DIRECTION ( 'NONE',  ( 0.000000000000000000, 0.000000000000000000, 1.000000000000000000 ) ) ;
#2106 = VECTOR ( 'NONE', #1479, 1000.000000000000000 ) ;
#2107 = ADVANCED_FACE ( 'NONE', ( #3027 ), #1465, .F. ) ;
#2108 = ORIENTED_EDGE ( 'NONE', *, *, #2429, .F. ) ;
#2109 = ORIENTED_EDGE ( 'NONE', *, *, #2034, .T. ) ;
#2110 = MANIFOLD_SOLID_BREP ( 'Cut-Extrude21', #1229 ) ;
#2111 = DIRECTION ( 'NONE',  ( -1.000000000000000000, 0.000000000000000000, 0.000000000000000000 ) ) ;
#2112 = DIRECTION ( 'NONE',  ( 0.000000000000000000, 0.000000000000000000, 1.000000000000000000 ) ) ;
#2113 = EDGE_CURVE ( 'NONE', #1301, #4204, #2260, .T. ) ;
#2114 = ORIENTED_EDGE ( 'NONE', *, *, #1911, .F. ) ;
#2115 = PERSON_AND_ORGANIZATION_ROLE ( 'creator' ) ;
#2116 = ORIENTED_EDGE ( 'NONE', *, *, #4261, .T. ) ;
#2117 = CARTESIAN_POINT ( 'NONE',  ( -50.21591620410926282, -44.00000000000002132, 40.00000000000000000 ) ) ;
#2118 = MANIFOLD_SOLID_BREP ( 'Fillet1', #1393 ) ;
#2119 = CARTESIAN_POINT ( 'NONE',  ( -23.34563602967273610, -35.86999999999999744, 74.71358084809440925 ) ) ;
#2120 = ADVANCED_FACE ( 'NONE', ( #301 ), #2641, .F. ) ;
#2121 = ORIENTED_EDGE ( 'NONE', *, *, #1852, .F. ) ;
#2122 = VECTOR ( 'NONE', #381, 1000.000000000000000 ) ;
#2123 = ORIENTED_EDGE ( 'NONE', *, *, #80, .T. ) ;
#2124 = CARTESIAN_POINT ( 'NONE',  ( -83.34563602967273255, -25.00000000000000000, 55.00647406690787022 ) ) ;
#2125 = VECTOR ( 'NONE', #2220, 1000.000000000000000 ) ;
#2126 = FACE_OUTER_BOUND ( 'NONE', #1905, .T. ) ;
#2127 = AXIS2_PLACEMENT_3D ( 'NONE', #4883, #300, #3351 ) ;
#2128 = AXIS2_PLACEMENT_3D ( 'NONE', #2117, #3330, #3363 ) ;
#2129 = CARTESIAN_POINT ( 'NONE',  ( 0.000000000000000000, 10.00000000000000000, 0.000000000000000000 ) ) ;
#2130 = FACE_BOUND ( 'NONE', #4480, .T. ) ;
#2131 = EDGE_CURVE ( 'NONE', #4025, #2566, #2186, .T. ) ;
#2132 = CIRCLE ( 'NONE', #4948, 2.000000000517101917 ) ;
#2133 = VECTOR ( 'NONE', #1117, 1000.000000000000000 ) ;
#2134 = ORIENTED_EDGE ( 'NONE', *, *, #3311, .F. ) ;
#2135 = ORIENTED_EDGE ( 'NONE', *, *, #423, .F. ) ;
#2136 = VERTEX_POINT ( 'NONE', #4576 ) ;
#2137 = DIRECTION ( 'NONE',  ( 0.000000000000000000, 1.000000000000000000, 0.000000000000000000 ) ) ;
#2138 = VECTOR ( 'NONE', #2022, 1000.000000000000000 ) ;
#2139 = AXIS2_PLACEMENT_3D ( 'NONE', #1747, #1790, #4775 ) ;
#2140 = FACE_OUTER_BOUND ( 'NONE', #108, .T. ) ;
#2141 = EDGE_CURVE ( 'NONE', #2750, #4497, #2663, .T. ) ;
#2142 = AXIS2_PLACEMENT_3D ( 'NONE', #2997, #4525, #1051 ) ;
#2143 = EDGE_LOOP ( 'NONE', ( #2914, #1138, #1590, #3674 ) ) ;
#2144 = ORIENTED_EDGE ( 'NONE', *, *, #2704, .F. ) ;
#2145 = CARTESIAN_POINT ( 'NONE',  ( -61.61714353676141798, -53.58999999999999631, 37.38533708426405866 ) ) ;
#2146 = CIRCLE ( 'NONE', #3362, 2.399999999999999467 ) ;
#2147 = CARTESIAN_POINT ( 'NONE',  ( -52.61000000000000654, -3.589999999999995861, 31.38533708426405866 ) ) ;
#2148 = ADVANCED_FACE ( 'NONE', ( #1156 ), #2718, .T. ) ;
#2149 = DIRECTION ( 'NONE',  ( 0.000000000000000000, 0.000000000000000000, 1.000000000000000000 ) ) ;
#2150 = VECTOR ( 'NONE', #3709, 1000.000000000000000 ) ;
#2151 = VERTEX_POINT ( 'NONE', #14 ) ;
#2152 = ORIENTED_EDGE ( 'NONE', *, *, #3387, .T. ) ;
#2153 = CARTESIAN_POINT ( 'NONE',  ( -23.34563602967273610, -44.00000000000002132, 74.71358084809440925 ) ) ;
#2154 = EDGE_CURVE ( 'NONE', #4242, #1702, #4651, .T. ) ;
#2155 = APPROVAL ( #3782, 'UNSPECIFIED' ) ;
#2156 = DIRECTION ( 'NONE',  ( 0.000000000000000000, 0.000000000000000000, 1.000000000000000000 ) ) ;
#2157 = CARTESIAN_POINT ( 'NONE',  ( -31.56135310936134530, -3.869999999999991669, 78.72230578021572001 ) ) ;
#2158 = DIRECTION ( 'NONE',  ( 0.000000000000000000, 0.000000000000000000, -1.000000000000000000 ) ) ;
#2159 = DIRECTION ( 'NONE',  ( 0.000000000000000000, -0.000000000000000000, -1.000000000000000000 ) ) ;
#2160 = ORIENTED_EDGE ( 'NONE', *, *, #1710, .T. ) ;
#2161 = ORIENTED_EDGE ( 'NONE', *, *, #1768, .T. ) ;
#2162 = VECTOR ( 'NONE', #2760, 1000.000000000000000 ) ;
#2163 = CARTESIAN_POINT ( 'NONE',  ( 50.00000000000000711, 5.000000000000000000, 74.99999999999998579 ) ) ;
#2164 = CARTESIAN_POINT ( 'NONE',  ( -102.6100000000000136, 5.000000000000000000, 75.00021254821469086 ) ) ;
#2165 = VECTOR ( 'NONE', #1506, 1000.000000000000000 ) ;
#2166 = VERTEX_POINT ( 'NONE', #1626 ) ;
#2167 = PERSON_AND_ORGANIZATION ( #510, #3437 ) ;
#2168 = EDGE_CURVE ( 'NONE', #3731, #2183, #2314, .T. ) ;
#2169 = ORIENTED_EDGE ( 'NONE', *, *, #401, .F. ) ;
#2170 = CARTESIAN_POINT ( 'NONE',  ( -83.34563602967273255, -5.000000000000000000, 74.71358084809440925 ) ) ;
#2171 = CARTESIAN_POINT ( 'NONE',  ( -52.61000000000000654, -53.58999999999999631, 44.99999999999999289 ) ) ;
#2172 = DIRECTION ( 'NONE',  ( -0.000000000000000000, 0.000000000000000000, 1.000000000000000000 ) ) ;
#2173 = DIRECTION ( 'NONE',  ( 0.000000000000000000, 0.000000000000000000, 1.000000000000000000 ) ) ;
#2174 = EDGE_CURVE ( 'NONE', #2844, #2611, #4154, .T. ) ;
#2175 = EDGE_LOOP ( 'NONE', ( #176, #11, #1412, #3650 ) ) ;
#2176 = DIRECTION ( 'NONE',  ( -1.000000000000000000, 0.000000000000000000, 0.000000000000000000 ) ) ;
#2177 = DIRECTION ( 'NONE',  ( 0.000000000000000000, 0.000000000000000000, 1.000000000000000000 ) ) ;
#2178 = EDGE_CURVE ( 'NONE', #2136, #2666, #2764, .T. ) ;
#2179 = DIRECTION ( 'NONE',  ( -0.000000000000000000, 0.000000000000000000, -1.000000000000000000 ) ) ;
#2180 = CARTESIAN_POINT ( 'NONE',  ( 47.50000000044774140, 0.000000000000000000, 30.50000000413566426 ) ) ;
#2181 = CARTESIAN_POINT ( 'NONE',  ( 55.99019513592784847, -10.00000000000000000, 12.50000000000000000 ) ) ;
#2182 = ORIENTED_EDGE ( 'NONE', *, *, #3806, .F. ) ;
#2183 = VERTEX_POINT ( 'NONE', #3077 ) ;
#2184 = ORIENTED_EDGE ( 'NONE', *, *, #1986, .T. ) ;
#2185 = DIRECTION ( 'NONE',  ( 0.000000000000000000, -1.000000000000000000, 0.000000000000000000 ) ) ;
#2186 = LINE ( 'NONE', #1416, #1480 ) ;
#2187 = DIRECTION ( 'NONE',  ( 0.000000000000000000, 1.000000000000000000, -0.000000000000000000 ) ) ;
#2188 = ORIENTED_EDGE ( 'NONE', *, *, #930, .F. ) ;
#2189 = PERSON_AND_ORGANIZATION_ROLE ( 'creator' ) ;
#2190 = ORIENTED_EDGE ( 'NONE', *, *, #4887, .T. ) ;
#2191 = CIRCLE ( 'NONE', #1622, 1.600000000926173005 ) ;
#2192 = CARTESIAN_POINT ( 'NONE',  ( 0.000000000000000000, -35.86999999999999744, 79.71358084809442346 ) ) ;
#2193 = PLANE ( 'NONE',  #2128 ) ;
#2194 = EDGE_CURVE ( 'NONE', #3725, #434, #2380, .T. ) ;
#2195 = CARTESIAN_POINT ( 'NONE',  ( -31.56135310936134530, -3.869999999999991669, 74.71358084809440925 ) ) ;
#2196 = LINE ( 'NONE', #3808, #2713 ) ;
#2197 = VERTEX_POINT ( 'NONE', #797 ) ;
#2198 = DIRECTION ( 'NONE',  ( 0.000000000000000000, 1.000000000000000000, 0.000000000000000000 ) ) ;
#2199 = CARTESIAN_POINT ( 'NONE',  ( 59.78999999999999915, 5.000000000000000000, 40.00000000000000000 ) ) ;
#2200 = CARTESIAN_POINT ( 'NONE',  ( -23.34563602967273610, -35.86999999999999744, 75.00000000000001421 ) ) ;
#2201 = DIRECTION ( 'NONE',  ( 1.000000000000000000, -0.000000000000000000, 0.000000000000000000 ) ) ;
#2202 = CARTESIAN_POINT ( 'NONE',  ( -61.61714353676119771, -28.59000000000001762, -2.614662915735976423 ) ) ;
#2203 = ADVANCED_FACE ( 'NONE', ( #4222 ), #1183, .T. ) ;
#2204 = CARTESIAN_POINT ( 'NONE',  ( 0.000000000000000000, 10.00000000000000000, 52.50000000000000000 ) ) ;
#2205 = VECTOR ( 'NONE', #2756, 1000.000000000000000 ) ;
#2206 = ORIENTED_EDGE ( 'NONE', *, *, #142, .F. ) ;
#2207 = VERTEX_POINT ( 'NONE', #1928 ) ;
#2208 = EDGE_LOOP ( 'NONE', ( #4459, #1088, #2184, #3005 ) ) ;
#2209 = DIRECTION ( 'NONE',  ( 0.000000000000000000, 0.000000000000000000, 1.000000000000000000 ) ) ;
#2210 = CARTESIAN_POINT ( 'NONE',  ( 59.78999999999999915, -5.000000000000000000, 79.99999999999998579 ) ) ;
#2211 = DIRECTION ( 'NONE',  ( -0.000000000000000000, 0.000000000000000000, -1.000000000000000000 ) ) ;
#2212 = AXIS2_PLACEMENT_3D ( 'NONE', #371, #2334, #2281 ) ;
#2213 = EDGE_CURVE ( 'NONE', #1111, #283, #3851, .T. ) ;
#2214 = ORIENTED_EDGE ( 'NONE', *, *, #2262, .T. ) ;
#2215 = APPROVAL_DATE_TIME ( #654, #2903 ) ;
#2216 = ORIENTED_EDGE ( 'NONE', *, *, #4487, .T. ) ;
#2217 = CIRCLE ( 'NONE', #3907, 2.399999999999999467 ) ;
#2218 = VECTOR ( 'NONE', #4923, 1000.000000000000000 ) ;
#2219 = DIRECTION ( 'NONE',  ( 0.000000000000000000, -0.000000000000000000, 1.000000000000000000 ) ) ;
#2220 = DIRECTION ( 'NONE',  ( -0.000000000000000000, 0.000000000000000000, 1.000000000000000000 ) ) ;
#2221 = VECTOR ( 'NONE', #2951, 1000.000000000000000 ) ;
#2222 = VECTOR ( 'NONE', #553, 1000.000000000000000 ) ;
#2223 = LINE ( 'NONE', #3331, #4318 ) ;
#2224 = CARTESIAN_POINT ( 'NONE',  ( -76.99918942026600632, -35.86999999999999744, 62.36002745750113974 ) ) ;
#2225 = AXIS2_PLACEMENT_3D ( 'NONE', #461, #3888, #3917 ) ;
#2226 = ORIENTED_EDGE ( 'NONE', *, *, #1991, .F. ) ;
#2227 = EDGE_CURVE ( 'NONE', #4602, #794, #856, .T. ) ;
#2228 = VECTOR ( 'NONE', #3606, 1000.000000000000000 ) ;
#2229 = CARTESIAN_POINT ( 'NONE',  ( -50.21591620410926282, 5.000000000000000000, 55.00647406690787022 ) ) ;
#2230 = VECTOR ( 'NONE', #3332, 1000.000000000000000 ) ;
#2231 = DIRECTION ( 'NONE',  ( 0.000000000000000000, 0.000000000000000000, 1.000000000000000000 ) ) ;
#2232 = CARTESIAN_POINT ( 'NONE',  ( -31.56135310936135951, -25.00000000000000000, 74.71358084809440925 ) ) ;
#2233 = EDGE_CURVE ( 'NONE', #3303, #221, #2743, .T. ) ;
#2234 = CARTESIAN_POINT ( 'NONE',  ( -52.61000000000000654, -53.58999999999999631, -8.307331457867995539 ) ) ;
#2235 = LINE ( 'NONE', #620, #4317 ) ;
#2236 = ORIENTED_EDGE ( 'NONE', *, *, #1688, .F. ) ;
#2237 = VERTEX_POINT ( 'NONE', #4297 ) ;
#2238 = EDGE_CURVE ( 'NONE', #4584, #1713, #3526, .T. ) ;
#2239 = CARTESIAN_POINT ( 'NONE',  ( -76.99918942026600632, -35.86999999999999744, 72.36002745750114684 ) ) ;
#2240 = LINE ( 'NONE', #1009, #3909 ) ;
#2241 = DIRECTION ( 'NONE',  ( -0.000000000000000000, -0.000000000000000000, 1.000000000000000000 ) ) ;
#2242 = VERTEX_POINT ( 'NONE', #1233 ) ;
#2243 = PERSON_AND_ORGANIZATION ( #510, #3437 ) ;
#2244 = EDGE_LOOP ( 'NONE', ( #1949, #3060, #806, #4004, #740, #2289, #4609, #81 ) ) ;
#2245 = EDGE_CURVE ( 'NONE', #462, #4122, #393, .T. ) ;
#2246 = DIRECTION ( 'NONE',  ( -0.000000000000000000, 1.000000000000000000, -0.000000000000000000 ) ) ;
#2247 = CARTESIAN_POINT ( 'NONE',  ( -58.89259771139528965, -3.869999999999991669, 56.48533708478723980 ) ) ;
#2248 = CARTESIAN_POINT ( 'NONE',  ( -57.29718997932091185, -26.59000000000001407, 55.00647406690787022 ) ) ;
#2249 = ORIENTED_EDGE ( 'NONE', *, *, #2233, .T. ) ;
#2250 = LINE ( 'NONE', #1817, #5008 ) ;
#2251 = DIRECTION ( 'NONE',  ( 0.000000000000000000, 0.000000000000000000, 1.000000000000000000 ) ) ;
#2252 = CARTESIAN_POINT ( 'NONE',  ( -117.7296067193517928, 0.1500000000000008271, 44.99999999999999289 ) ) ;
#2253 = CARTESIAN_POINT ( 'NONE',  ( 55.99019513592784847, 10.00000000000000000, -7.500000000000000000 ) ) ;
#2254 = LINE ( 'NONE', #1080, #3936 ) ;
#2255 = ADVANCED_FACE ( 'NONE', ( #66 ), #3494, .T. ) ;
#2256 = CARTESIAN_POINT ( 'NONE',  ( 60.99019513592784136, 10.00000000000000000, 7.500000000000000888 ) ) ;
#2257 = ORIENTED_EDGE ( 'NONE', *, *, #3625, .F. ) ;
#2258 = EDGE_LOOP ( 'NONE', ( #3234, #4932, #1351, #2620 ) ) ;
#2259 = DIRECTION ( 'NONE',  ( 0.000000000000000000, 1.000000000000000000, 0.000000000000000000 ) ) ;
#2260 = LINE ( 'NONE', #3820, #4872 ) ;
#2261 = LINE ( 'NONE', #3798, #1729 ) ;
#2262 = EDGE_CURVE ( 'NONE', #163, #2319, #1076, .T. ) ;
#2263 = ORIENTED_EDGE ( 'NONE', *, *, #4656, .F. ) ;
#2264 = DATE_TIME_ROLE ( 'creation_date' ) ;
#2265 = ORIENTED_EDGE ( 'NONE', *, *, #3325, .F. ) ;
#2266 = DIRECTION ( 'NONE',  ( -0.000000000000000000, -0.000000000000000000, -1.000000000000000000 ) ) ;
#2267 = FACE_OUTER_BOUND ( 'NONE', #1095, .T. ) ;
#2268 = EDGE_CURVE ( 'NONE', #2478, #3377, #2795, .T. ) ;
#2269 = DIRECTION ( 'NONE',  ( -0.000000000000000000, -1.000000000000000000, -0.000000000000000000 ) ) ;
#2270 = AXIS2_PLACEMENT_3D ( 'NONE', #2435, #849, #1715 ) ;
#2271 = CARTESIAN_POINT ( 'NONE',  ( -76.99918942026600632, -35.86999999999999744, 59.96002745750113405 ) ) ;
#2272 = ORIENTED_EDGE ( 'NONE', *, *, #1684, .T. ) ;
#2273 = CARTESIAN_POINT ( 'NONE',  ( -28.22931024683213153, -35.86999999999999744, 74.71358084809440925 ) ) ;
#2274 = EDGE_CURVE ( 'NONE', #1667, #2879, #1660, .T. ) ;
#2275 = LINE ( 'NONE', #1819, #4962 ) ;
#2276 = LINE ( 'NONE', #4522, #340 ) ;
#2277 = DIRECTION ( 'NONE',  ( 0.000000000000000000, 0.000000000000000000, -1.000000000000000000 ) ) ;
#2278 = DIRECTION ( 'NONE',  ( 0.000000000000000000, 0.000000000000000000, 1.000000000000000000 ) ) ;
#2279 = ORIENTED_EDGE ( 'NONE', *, *, #4565, .T. ) ;
#2280 = VERTEX_POINT ( 'NONE', #4596 ) ;
#2281 = DIRECTION ( 'NONE',  ( 1.000000000000000000, 0.000000000000000000, -0.000000000000000000 ) ) ;
#2282 = CARTESIAN_POINT ( 'NONE',  ( 0.000000000000000000, -5.000000000000000000, 52.50000000000000000 ) ) ;
#2283 = EDGE_CURVE ( 'NONE', #1696, #788, #1129, .T. ) ;
#2284 = CARTESIAN_POINT ( 'NONE',  ( 0.000000000000000000, -5.000000000000000000, 0.000000000000000000 ) ) ;
#2285 = CIRCLE ( 'NONE', #1379, 2.400000000000000799 ) ;
#2286 = ORIENTED_EDGE ( 'NONE', *, *, #4639, .T. ) ;
#2287 = PERSON_AND_ORGANIZATION_ROLE ( 'design_supplier' ) ;
#2288 = VERTEX_POINT ( 'NONE', #4777 ) ;
#2289 = ORIENTED_EDGE ( 'NONE', *, *, #2401, .T. ) ;
#2290 = DIRECTION ( 'NONE',  ( 0.000000000000000000, -0.000000000000000000, 1.000000000000000000 ) ) ;
#2291 = AXIS2_PLACEMENT_3D ( 'NONE', #3129, #1927, #3796 ) ;
#2292 = VECTOR ( 'NONE', #1671, 1000.000000000000000 ) ;
#2293 = PLANE ( 'NONE',  #980 ) ;
#2294 = VECTOR ( 'NONE', #145, 1000.000000000000000 ) ;
#2295 = VECTOR ( 'NONE', #641, 1000.000000000000000 ) ;
#2296 = ORIENTED_EDGE ( 'NONE', *, *, #3012, .F. ) ;
#2297 = ADVANCED_FACE ( 'NONE', ( #93 ), #2058, .F. ) ;
#2298 = CARTESIAN_POINT ( 'NONE',  ( 0.000000000000000000, -35.86999999999999744, 55.00647406690787022 ) ) ;
#2299 = AXIS2_PLACEMENT_3D ( 'NONE', #4001, #519, #1257 ) ;
#2300 = CIRCLE ( 'NONE', #1139, 2.400000000031474290 ) ;
#2301 = DIRECTION ( 'NONE',  ( 0.000000000000000000, 1.000000000000000000, 0.000000000000000000 ) ) ;
#2302 = AXIS2_PLACEMENT_3D ( 'NONE', #3019, #1487, #2635 ) ;
#2303 = EDGE_LOOP ( 'NONE', ( #4334, #380, #4413, #4556 ) ) ;
#2304 = CARTESIAN_POINT ( 'NONE',  ( -82.35274281085926873, -5.000000000000000000, 74.71358084809440925 ) ) ;
#2305 = EDGE_CURVE ( 'NONE', #1869, #4378, #124, .T. ) ;
#2306 = CC_DESIGN_PERSON_AND_ORGANIZATION_ASSIGNMENT ( #2767, #4987, ( #680 ) ) ;
#2307 = DIRECTION ( 'NONE',  ( 0.000000000000000000, 1.000000000000000000, 0.000000000000000000 ) ) ;
#2308 = VECTOR ( 'NONE', #2631, 1000.000000000000000 ) ;
#2309 = DIRECTION ( 'NONE',  ( -0.000000000000000000, -0.000000000000000000, -1.000000000000000000 ) ) ;
#2310 = AXIS2_PLACEMENT_3D ( 'NONE', #4605, #4111, #1094 ) ;
#2311 = ORIENTED_EDGE ( 'NONE', *, *, #1788, .T. ) ;
#2312 = ORIENTED_EDGE ( 'NONE', *, *, #4298, .F. ) ;
#2313 = CARTESIAN_POINT ( 'NONE',  ( 47.50000000044774140, 0.000000000000000000, 30.50000000413566426 ) ) ;
#2314 = LINE ( 'NONE', #3875, #265 ) ;
#2315 = APPROVAL_PERSON_ORGANIZATION ( #4889, #799, #1520 ) ;
#2316 = ORIENTED_EDGE ( 'NONE', *, *, #813, .T. ) ;
#2317 = APPROVAL_STATUS ( 'not_yet_approved' ) ;
#2318 = VERTEX_POINT ( 'NONE', #4049 ) ;
#2319 = VERTEX_POINT ( 'NONE', #2901 ) ;
#2320 = DIRECTION ( 'NONE',  ( -1.000000000000000000, 0.000000000000000000, 9.626656359471741400E-17 ) ) ;
#2321 = DIRECTION ( 'NONE',  ( 0.000000000000000000, 0.000000000000000000, 1.000000000000000000 ) ) ;
#2322 = EDGE_CURVE ( 'NONE', #4801, #3286, #880, .T. ) ;
#2323 = ORIENTED_EDGE ( 'NONE', *, *, #3826, .T. ) ;
#2324 = LINE ( 'NONE', #3915, #3401 ) ;
#2325 = FACE_OUTER_BOUND ( 'NONE', #2850, .T. ) ;
#2326 = EDGE_CURVE ( 'NONE', #1239, #1713, #4402, .T. ) ;
#2327 = EDGE_LOOP ( 'NONE', ( #3086, #97, #572, #1283 ) ) ;
#2328 = CARTESIAN_POINT ( 'NONE',  ( 50.00000000000000000, -8.635231706077675540, 74.71358084809439504 ) ) ;
#2329 = DIRECTION ( 'NONE',  ( 0.000000000000000000, 0.000000000000000000, -1.000000000000000000 ) ) ;
#2330 = FACE_OUTER_BOUND ( 'NONE', #4657, .T. ) ;
#2331 = ADVANCED_FACE ( 'NONE', ( #2130, #1653, #3253, #3301, #1680, #972, #4008, #196, #2028, #3646 ), #902, .F. ) ;
#2332 = ORIENTED_EDGE ( 'NONE', *, *, #1335, .F. ) ;
#2333 = ORIENTED_EDGE ( 'NONE', *, *, #768, .F. ) ;
#2334 = DIRECTION ( 'NONE',  ( 0.000000000000000000, -0.000000000000000000, 1.000000000000000000 ) ) ;
#2335 = DIRECTION ( 'NONE',  ( 0.000000000000000000, 0.000000000000000000, 1.000000000000000000 ) ) ;
#2336 = EDGE_CURVE ( 'NONE', #4242, #907, #495, .T. ) ;
#2337 = ORIENTED_EDGE ( 'NONE', *, *, #4050, .T. ) ;
#2338 = ORIENTED_EDGE ( 'NONE', *, *, #3099, .T. ) ;
#2339 = ORIENTED_EDGE ( 'NONE', *, *, #2857, .T. ) ;
#2340 = LINE ( 'NONE', #1116, #2953 ) ;
#2341 = FACE_OUTER_BOUND ( 'NONE', #4986, .T. ) ;
#2342 = DIRECTION ( 'NONE',  ( 0.000000000000000000, -1.000000000000000000, 0.000000000000000000 ) ) ;
#2343 = DIRECTION ( 'NONE',  ( -1.000000000000000000, 2.538085870125952177E-18, -9.702231524003755850E-16 ) ) ;
#2344 = ORIENTED_EDGE ( 'NONE', *, *, #1929, .F. ) ;
#2345 = DIRECTION ( 'NONE',  ( 1.000000000000000000, 0.000000000000000000, 0.000000000000000000 ) ) ;
#2346 = EDGE_CURVE ( 'NONE', #4762, #1053, #146, .T. ) ;
#2347 = CIRCLE ( 'NONE', #4523, 4.999999999999997335 ) ;
#2348 = FACE_OUTER_BOUND ( 'NONE', #4090, .T. ) ;
#2349 = ORIENTED_EDGE ( 'NONE', *, *, #692, .T. ) ;
#2350 = FACE_OUTER_BOUND ( 'NONE', #1361, .T. ) ;
#2351 = CARTESIAN_POINT ( 'NONE',  ( -52.97999999999999687, 5.000000000000000000, 42.39000000000000057 ) ) ;
#2352 = LINE ( 'NONE', #4269, #1240 ) ;
#2353 = EDGE_CURVE ( 'NONE', #1191, #3207, #2847, .T. ) ;
#2354 = FACE_OUTER_BOUND ( 'NONE', #1, .T. ) ;
#2355 = ORIENTED_EDGE ( 'NONE', *, *, #2630, .F. ) ;
#2356 = DIRECTION ( 'NONE',  ( 1.000000000000000000, 0.000000000000000000, 0.000000000000000000 ) ) ;
#2357 = CARTESIAN_POINT ( 'NONE',  ( 54.37000000000001165, 22.41000000000000369, 62.39000000000000767 ) ) ;
#2358 = DIRECTION ( 'NONE',  ( 0.000000000000000000, 0.000000000000000000, 1.000000000000000000 ) ) ;
#2359 = EDGE_CURVE ( 'NONE', #2611, #2844, #1816, .T. ) ;
#2360 = ORIENTED_EDGE ( 'NONE', *, *, #758, .T. ) ;
#2361 = CALENDAR_DATE ( 2025, 7, 10 ) ;
#2362 = ORIENTED_EDGE ( 'NONE', *, *, #1175, .T. ) ;
#2363 = VERTEX_POINT ( 'NONE', #3278 ) ;
#2364 = CARTESIAN_POINT ( 'NONE',  ( 59.37000000000000455, 0.000000000000000000, 40.00000000000000000 ) ) ;
#2365 = ADVANCED_FACE ( 'NONE', ( #1699, #2821, #166 ), #3627, .T. ) ;
#2366 = APPROVAL ( #1323, 'UNSPECIFIED' ) ;
#2367 = PLANE ( 'NONE',  #2867 ) ;
#2368 = ORIENTED_EDGE ( 'NONE', *, *, #1970, .F. ) ;
#2369 = LINE ( 'NONE', #75, #761 ) ;
#2370 = EDGE_LOOP ( 'NONE', ( #703, #2098, #1044, #3745, #780, #4099, #1743, #1203, #170, #3461, #1437, #3551, #606, #4732, #4066, #974, #3404, #681 ) ) ;
#2371 = VECTOR ( 'NONE', #624, 1000.000000000000000 ) ;
#2372 = AXIS2_PLACEMENT_3D ( 'NONE', #3262, #2503, #54 ) ;
#2373 = CARTESIAN_POINT ( 'NONE',  ( 54.37000000000001165, 0.000000000000000000, 47.39000000000000057 ) ) ;
#2374 = APPLICATION_CONTEXT ( 'configuration controlled 3d designs of mechanical parts and assemblies' ) ;
#2375 = AXIS2_PLACEMENT_3D ( 'NONE', #2284, #4291, #1085 ) ;
#2376 = AXIS2_PLACEMENT_3D ( 'NONE', #1985, #1606, #2010 ) ;
#2377 = CARTESIAN_POINT ( 'NONE',  ( -10.52170913285009668, 5.000000000000000000, 40.00000000000000000 ) ) ;
#2378 = ORIENTED_EDGE ( 'NONE', *, *, #4112, .T. ) ;
#2379 = FACE_OUTER_BOUND ( 'NONE', #3880, .T. ) ;
#2380 = CIRCLE ( 'NONE', #2624, 1.600000000926173005 ) ;
#2381 = VECTOR ( 'NONE', #872, 1000.000000000000000 ) ;
#2382 = CARTESIAN_POINT ( 'NONE',  ( 0.000000000000000000, 5.000000000000000000, 67.39000000000000057 ) ) ;
#2383 = DIRECTION ( 'NONE',  ( 0.000000000000000000, 0.000000000000000000, 1.000000000000000000 ) ) ;
#2384 = DIRECTION ( 'NONE',  ( 0.000000000000000000, 0.000000000000000000, -1.000000000000000000 ) ) ;
#2385 = DIRECTION ( 'NONE',  ( -0.000000000000000000, 1.000000000000000000, -0.000000000000000000 ) ) ;
#2386 = CIRCLE ( 'NONE', #2789, 5.000000000000000000 ) ;
#2387 = ADVANCED_FACE ( 'NONE', ( #2874 ), #4409, .F. ) ;
#2388 = ORIENTED_EDGE ( 'NONE', *, *, #3713, .F. ) ;
#2389 = AXIS2_PLACEMENT_3D ( 'NONE', #610, #2172, #3364 ) ;
#2390 = CARTESIAN_POINT ( 'NONE',  ( -62.60999999999999943, -5.000000000000000000, 79.99999999999998579 ) ) ;
#2391 = CARTESIAN_POINT ( 'NONE',  ( 60.99019513592784136, -10.00000000000000000, 7.500000000000000888 ) ) ;
#2392 = DIRECTION ( 'NONE',  ( -1.000000000000000000, 0.000000000000000000, 0.000000000000000000 ) ) ;
#2393 = VECTOR ( 'NONE', #2342, 1000.000000000000000 ) ;
#2394 = ADVANCED_FACE ( 'NONE', ( #1357, #549 ), #4805, .F. ) ;
#2395 = ORIENTED_EDGE ( 'NONE', *, *, #3254, .T. ) ;
#2396 = DATE_TIME_ROLE ( 'classification_date' ) ;
#2397 = EDGE_LOOP ( 'NONE', ( #306, #3848, #866, #353 ) ) ;
#2398 = ORIENTED_EDGE ( 'NONE', *, *, #4587, .T. ) ;
#2399 = DIRECTION ( 'NONE',  ( 1.000000000000000000, 0.000000000000000000, -1.156482317317871478E-16 ) ) ;
#2400 = CARTESIAN_POINT ( 'NONE',  ( -61.61714353676141798, -28.59000000000001762, 34.98533708423258304 ) ) ;
#2401 = EDGE_CURVE ( 'NONE', #2669, #1054, #3979, .T. ) ;
#2402 = EDGE_LOOP ( 'NONE', ( #4830, #1611 ) ) ;
#2403 = CARTESIAN_POINT ( 'NONE',  ( 0.000000000000000000, 0.000000000000000000, 0.000000000000000000 ) ) ;
#2404 = ORIENTED_EDGE ( 'NONE', *, *, #1940, .F. ) ;
#2405 = CARTESIAN_POINT ( 'NONE',  ( 60.99019513592784136, -10.00000000000000000, 7.500000000000000888 ) ) ;
#2406 = DIRECTION ( 'NONE',  ( 0.000000000000000000, -1.000000000000000000, 0.000000000000000000 ) ) ;
#2407 = VECTOR ( 'NONE', #2637, 1000.000000000000000 ) ;
#2408 = ORIENTED_EDGE ( 'NONE', *, *, #1447, .F. ) ;
#2409 = PLANE ( 'NONE',  #3336 ) ;
#2410 = CARTESIAN_POINT ( 'NONE',  ( 0.000000000000000000, -5.000000000000000000, 52.50000000000000000 ) ) ;
#2411 = CARTESIAN_POINT ( 'NONE',  ( -23.34563602967273610, -35.86999999999999744, 0.000000000000000000 ) ) ;
#2412 = FACE_BOUND ( 'NONE', #4051, .T. ) ;
#2413 = AXIS2_PLACEMENT_3D ( 'NONE', #2918, #4428, #2156 ) ;
#2414 = LINE ( 'NONE', #819, #3141 ) ;
#2415 = DIRECTION ( 'NONE',  ( -1.000000000000000000, 0.000000000000000000, -0.000000000000000000 ) ) ;
#2416 = LINE ( 'NONE', #3525, #1803 ) ;
#2417 = CARTESIAN_POINT ( 'NONE',  ( -52.61000000000000654, 5.000000000000000000, -31.11406766220181197 ) ) ;
#2418 = EDGE_CURVE ( 'NONE', #3467, #3675, #3372, .T. ) ;
#2419 = ORIENTED_EDGE ( 'NONE', *, *, #627, .F. ) ;
#2420 = ORIENTED_EDGE ( 'NONE', *, *, #2510, .F. ) ;
#2421 = ORIENTED_EDGE ( 'NONE', *, *, #3147, .F. ) ;
#2422 = CARTESIAN_POINT ( 'NONE',  ( 60.00000000000001421, 0.000000000000000000, 10.00000000000000533 ) ) ;
#2423 = FACE_OUTER_BOUND ( 'NONE', #150, .T. ) ;
#2424 = EDGE_CURVE ( 'NONE', #2183, #759, #1824, .T. ) ;
#2425 = EDGE_LOOP ( 'NONE', ( #2596, #273, #1230, #3105, #4263, #5011, #1615, #781, #2161 ) ) ;
#2426 = PERSON_AND_ORGANIZATION ( #510, #3437 ) ;
#2427 = ORIENTED_EDGE ( 'NONE', *, *, #792, .T. ) ;
#2428 = CARTESIAN_POINT ( 'NONE',  ( 55.65831063860392902, 22.41000000000000369, 56.48533708571421386 ) ) ;
#2429 = EDGE_CURVE ( 'NONE', #942, #2007, #2386, .T. ) ;
#2430 = CARTESIAN_POINT ( 'NONE',  ( 14.99999999999999467, -4.999999999999999112, -52.91502622129181077 ) ) ;
#2431 = ORIENTED_EDGE ( 'NONE', *, *, #2642, .F. ) ;
#2432 = DIRECTION ( 'NONE',  ( 0.000000000000000000, 0.000000000000000000, 1.000000000000000000 ) ) ;
#2433 = DIRECTION ( 'NONE',  ( 0.000000000000000000, 0.000000000000000000, -1.000000000000000000 ) ) ;
#2434 = CARTESIAN_POINT ( 'NONE',  ( -15.00000000000000000, -4.999999999999999112, 1.836970198721029589E-15 ) ) ;
#2435 = CARTESIAN_POINT ( 'NONE',  ( -28.69918942026600917, -25.00000000000000000, 72.36002745750114684 ) ) ;
#2436 = ADVANCED_FACE ( 'NONE', ( #1866 ), #3697, .T. ) ;
#2437 = DIRECTION ( 'NONE',  ( -0.000000000000000000, 1.000000000000000000, -0.000000000000000000 ) ) ;
#2438 = CIRCLE ( 'NONE', #3882, 2.400000000031475622 ) ;
#2439 = VERTEX_POINT ( 'NONE', #4568 ) ;
#2440 = FACE_OUTER_BOUND ( 'NONE', #4815, .T. ) ;
#2441 = DIRECTION ( 'NONE',  ( -1.000000000000000000, 0.000000000000000000, 0.000000000000000000 ) ) ;
#2442 = DIRECTION ( 'NONE',  ( 0.000000000000000000, -0.000000000000000000, -1.000000000000000000 ) ) ;
#2443 = VERTEX_POINT ( 'NONE', #1002 ) ;
#2444 = ORIENTED_EDGE ( 'NONE', *, *, #1573, .T. ) ;
#2445 = EDGE_CURVE ( 'NONE', #4653, #304, #3771, .T. ) ;
#2446 = ORIENTED_EDGE ( 'NONE', *, *, #1037, .T. ) ;
#2447 = LINE ( 'NONE', #151, #3734 ) ;
#2448 = FACE_OUTER_BOUND ( 'NONE', #1552, .T. ) ;
#2449 = ORIENTED_EDGE ( 'NONE', *, *, #1991, .T. ) ;
#2450 = PERSON_AND_ORGANIZATION ( #510, #3437 ) ;
#2451 = EDGE_CURVE ( 'NONE', #2097, #588, #597, .T. ) ;
#2452 = CARTESIAN_POINT ( 'NONE',  ( -76.99918942026600632, -25.00000000000000000, 72.36002745750114684 ) ) ;
#2453 = CARTESIAN_POINT ( 'NONE',  ( -57.60999999999999943, 5.000000000000000000, 47.39000000000000057 ) ) ;
#2454 = VECTOR ( 'NONE', #3830, 1000.000000000000000 ) ;
#2455 = VECTOR ( 'NONE', #480, 1000.000000000000000 ) ;
#2456 = VERTEX_POINT ( 'NONE', #1027 ) ;
#2457 = FACE_OUTER_BOUND ( 'NONE', #2676, .T. ) ;
#2458 = CARTESIAN_POINT ( 'NONE',  ( 59.78999999999999915, 5.000000000000000000, 79.99999999999998579 ) ) ;
#2459 = VECTOR ( 'NONE', #957, 1000.000000000000000 ) ;
#2460 = CARTESIAN_POINT ( 'NONE',  ( 50.00000000000000000, -5.000000000000011546, 42.39000000000000057 ) ) ;
#2461 = AXIS2_PLACEMENT_3D ( 'NONE', #494, #3252, #1625 ) ;
#2462 = ADVANCED_FACE ( 'NONE', ( #4173 ), #4951, .F. ) ;
#2463 = AXIS2_PLACEMENT_3D ( 'NONE', #1926, #4621, #1945 ) ;
#2464 = APPROVAL ( #578, 'UNSPECIFIED' ) ;
#2465 = ORIENTED_EDGE ( 'NONE', *, *, #3350, .F. ) ;
#2466 = DIRECTION ( 'NONE',  ( 1.000000000000000000, 0.000000000000000000, 0.000000000000000000 ) ) ;
#2467 = DIRECTION ( 'NONE',  ( 0.000000000000000000, 0.000000000000000000, 1.000000000000000000 ) ) ;
#2468 = CARTESIAN_POINT ( 'NONE',  ( -6.409999999999994813, 5.000000000000000000, 60.00000000000000000 ) ) ;
#2469 = AXIS2_PLACEMENT_3D ( 'NONE', #3154, #4254, #1599 ) ;
#2470 = VECTOR ( 'NONE', #2622, 1000.000000000000000 ) ;
#2471 = ORIENTED_EDGE ( 'NONE', *, *, #4403, .T. ) ;
#2472 = EDGE_LOOP ( 'NONE', ( #4469, #69, #924, #3746 ) ) ;
#2473 = ORIENTED_EDGE ( 'NONE', *, *, #4903, .T. ) ;
#2474 = VECTOR ( 'NONE', #1377, 1000.000000000000000 ) ;
#2475 = CARTESIAN_POINT ( 'NONE',  ( 57.27545417499960934, 10.00000000000000000, 0.000000000000000000 ) ) ;
#2476 = LINE ( 'NONE', #887, #3739 ) ;
#2477 = AXIS2_PLACEMENT_3D ( 'NONE', #2780, #2015, #79 ) ;
#2478 = VERTEX_POINT ( 'NONE', #4502 ) ;
#2479 = COORDINATED_UNIVERSAL_TIME_OFFSET ( 7, 0, .AHEAD. ) ;
#2480 = LOCAL_TIME ( 21, 27, 32.00000000000000000, #959 ) ;
#2481 = ORIENTED_EDGE ( 'NONE', *, *, #602, .F. ) ;
#2482 = CARTESIAN_POINT ( 'NONE',  ( -76.99918942026600632, -5.000000000000000000, 72.36002745750114684 ) ) ;
#2483 = ADVANCED_FACE ( 'NONE', ( #694, #2607 ), #4545, .F. ) ;
#2484 = CARTESIAN_POINT ( 'NONE',  ( 3.590000000000005631, -25.86823512579831430, 75.00000000000000000 ) ) ;
#2485 = ORIENTED_EDGE ( 'NONE', *, *, #4945, .F. ) ;
#2486 = ORIENTED_EDGE ( 'NONE', *, *, #3876, .T. ) ;
#2487 = LINE ( 'NONE', #2508, #3085 ) ;
#2488 = DIRECTION ( 'NONE',  ( -0.000000000000000000, -1.000000000000000000, -0.000000000000000000 ) ) ;
#2489 = EDGE_CURVE ( 'NONE', #4712, #2761, #3047, .T. ) ;
#2490 = ORIENTED_EDGE ( 'NONE', *, *, #1475, .T. ) ;
#2491 = LINE ( 'NONE', #2200, #4954 ) ;
#2492 = DIRECTION ( 'NONE',  ( -0.000000000000000000, 1.000000000000000000, -0.000000000000000000 ) ) ;
#2493 = VECTOR ( 'NONE', #3049, 1000.000000000000000 ) ;
#2494 = CARTESIAN_POINT ( 'NONE',  ( -10.52170913285009668, -44.00000000000002132, 40.00000000000000000 ) ) ;
#2495 = EDGE_CURVE ( 'NONE', #3675, #1596, #269, .T. ) ;
#2496 = EDGE_LOOP ( 'NONE', ( #3774, #1979, #2804, #3602, #1829, #2716, #407, #1215, #56, #1220, #2720, #2030, #1908 ) ) ;
#2497 = ORIENTED_EDGE ( 'NONE', *, *, #2009, .T. ) ;
#2498 = ORIENTED_EDGE ( 'NONE', *, *, #1136, .T. ) ;
#2499 = CARTESIAN_POINT ( 'NONE',  ( -52.61000000000000654, -3.589999999999995861, 3.385337084264023133 ) ) ;
#2500 = CARTESIAN_POINT ( 'NONE',  ( 55.65831063860392902, -5.000000000000000888, 53.28533708386186873 ) ) ;
#2501 = ORIENTED_EDGE ( 'NONE', *, *, #1411, .T. ) ;
#2502 = APPLICATION_PROTOCOL_DEFINITION ( 'international standard', 'config_control_design', 1994, #3859 ) ;
#2503 = DIRECTION ( 'NONE',  ( -0.000000000000000000, -1.000000000000000000, -0.000000000000000000 ) ) ;
#2504 = CARTESIAN_POINT ( 'NONE',  ( -60.99019513592784136, -10.00000000000000000, -12.50000000000000000 ) ) ;
#2505 = ORIENTED_EDGE ( 'NONE', *, *, #602, .T. ) ;
#2506 = EDGE_CURVE ( 'NONE', #1827, #1759, #3319, .T. ) ;
#2507 = EDGE_LOOP ( 'NONE', ( #4057, #2618 ) ) ;
#2508 = CARTESIAN_POINT ( 'NONE',  ( -10.52170913285009668, -44.00000000000002132, 40.00000000000000000 ) ) ;
#2509 = FACE_OUTER_BOUND ( 'NONE', #359, .T. ) ;
#2510 = EDGE_CURVE ( 'NONE', #778, #2750, #239, .T. ) ;
#2511 = LINE ( 'NONE', #165, #666 ) ;
#2512 = DIRECTION ( 'NONE',  ( -1.000000000000000000, 0.000000000000000000, 0.000000000000000000 ) ) ;
#2513 = CIRCLE ( 'NONE', #316, 1.600000000926173005 ) ;
#2514 = ORIENTED_EDGE ( 'NONE', *, *, #3684, .F. ) ;
#2515 = VERTEX_POINT ( 'NONE', #2585 ) ;
#2516 = ORIENTED_EDGE ( 'NONE', *, *, #709, .T. ) ;
#2517 = EDGE_CURVE ( 'NONE', #3207, #2854, #2235, .T. ) ;
#2518 = CARTESIAN_POINT ( 'NONE',  ( 0.000000000000000000, 0.000000000000000000, 40.00000000000000000 ) ) ;
#2519 = LINE ( 'NONE', #1363, #1387 ) ;
#2520 = VERTEX_POINT ( 'NONE', #4902 ) ;
#2521 = PERSON_AND_ORGANIZATION ( #510, #3437 ) ;
#2522 = ORIENTED_EDGE ( 'NONE', *, *, #4828, .T. ) ;
#2523 = EDGE_CURVE ( 'NONE', #1724, #946, #3119, .T. ) ;
#2524 = APPROVAL ( #1161, 'UNKNOWN' ) ;
#2525 = LINE ( 'NONE', #4059, #2470 ) ;
#2526 = PLANE ( 'NONE',  #3735 ) ;
#2527 = DIRECTION ( 'NONE',  ( 0.000000000000000000, 0.000000000000000000, -1.000000000000000000 ) ) ;
#2528 = ORIENTED_EDGE ( 'NONE', *, *, #885, .F. ) ;
#2529 = ORIENTED_EDGE ( 'NONE', *, *, #2346, .F. ) ;
#2530 = DIRECTION ( 'NONE',  ( -0.000000000000000000, -1.000000000000000000, -0.000000000000000000 ) ) ;
#2531 = AXIS2_PLACEMENT_3D ( 'NONE', #2452, #3218, #2014 ) ;
#2532 = PLANE ( 'NONE',  #263 ) ;
#2533 = VECTOR ( 'NONE', #2846, 1000.000000000000000 ) ;
#2534 = CIRCLE ( 'NONE', #257, 5.000000000000000000 ) ;
#2535 = CARTESIAN_POINT ( 'NONE',  ( 0.000000000000000000, 10.00000000000000000, 0.000000000000000000 ) ) ;
#2536 = CARTESIAN_POINT ( 'NONE',  ( 0.000000000000000000, 22.41000000000000369, 0.000000000000000000 ) ) ;
#2537 = ADVANCED_FACE ( 'NONE', ( #3343 ), #1409, .F. ) ;
#2538 = VECTOR ( 'NONE', #3148, 1000.000000000000000 ) ;
#2539 = CIRCLE ( 'NONE', #3274, 2.399999999999999467 ) ;
#2540 = VERTEX_POINT ( 'NONE', #295 ) ;
#2541 = ORIENTED_EDGE ( 'NONE', *, *, #2636, .F. ) ;
#2542 = ORIENTED_EDGE ( 'NONE', *, *, #1978, .T. ) ;
#2543 = DIRECTION ( 'NONE',  ( 1.000000000000000000, 0.000000000000000000, 0.000000000000000000 ) ) ;
#2544 = AXIS2_PLACEMENT_3D ( 'NONE', #3197, #4349, #3974 ) ;
#2545 = VECTOR ( 'NONE', #1810, 1000.000000000000000 ) ;
#2546 = DIRECTION ( 'NONE',  ( 0.000000000000000000, 0.000000000000000000, -1.000000000000000000 ) ) ;
#2547 = EDGE_CURVE ( 'NONE', #3758, #4911, #920, .T. ) ;
#2548 = AXIS2_PLACEMENT_3D ( 'NONE', #3448, #4984, #1517 ) ;
#2549 = ORIENTED_EDGE ( 'NONE', *, *, #1710, .F. ) ;
#2550 = PERSON_AND_ORGANIZATION_ROLE ( 'design_supplier' ) ;
#2551 = ORIENTED_EDGE ( 'NONE', *, *, #3205, .T. ) ;
#2552 = FACE_OUTER_BOUND ( 'NONE', #1650, .T. ) ;
#2553 = CIRCLE ( 'NONE', #4158, 2.400000000031474290 ) ;
#2554 = CARTESIAN_POINT ( 'NONE',  ( -60.99019513592784136, 10.00000000000000000, -12.50000000000000000 ) ) ;
#2555 = EDGE_CURVE ( 'NONE', #1111, #4563, #3070, .T. ) ;
#2556 = CARTESIAN_POINT ( 'NONE',  ( -57.27545417499960934, -10.00000000000000000, 0.000000000000000000 ) ) ;
#2557 = ORIENTED_EDGE ( 'NONE', *, *, #4812, .T. ) ;
#2558 = PLANE ( 'NONE',  #1292 ) ;
#2559 = DIRECTION ( 'NONE',  ( -0.000000000000000000, 1.000000000000000000, -0.000000000000000000 ) ) ;
#2560 = DIRECTION ( 'NONE',  ( -0.000000000000000000, -1.000000000000000000, -0.000000000000000000 ) ) ;
#2561 = CARTESIAN_POINT ( 'NONE',  ( -102.6100000000000136, 0.1500000000000008271, 40.00000000000000000 ) ) ;
#2562 = DIRECTION ( 'NONE',  ( -0.000000000000000000, -1.000000000000000000, -0.000000000000000000 ) ) ;
#2563 = VERTEX_POINT ( 'NONE', #815 ) ;
#2564 = ORIENTED_EDGE ( 'NONE', *, *, #1614, .T. ) ;
#2565 = VECTOR ( 'NONE', #2309, 1000.000000000000000 ) ;
#2566 = VERTEX_POINT ( 'NONE', #3518 ) ;
#2567 = CARTESIAN_POINT ( 'NONE',  ( -70.62999999999999545, -53.58999999999999631, 3.385337084264023133 ) ) ;
#2568 = CARTESIAN_POINT ( 'NONE',  ( 2.350000000447293846, -20.00000000000002842, 14.50000000413410461 ) ) ;
#2569 = EDGE_CURVE ( 'NONE', #2237, #1443, #5001, .T. ) ;
#2570 = LINE ( 'NONE', #1343, #1644 ) ;
#2571 = ORIENTED_EDGE ( 'NONE', *, *, #2575, .F. ) ;
#2572 = PERSON_AND_ORGANIZATION ( #510, #3437 ) ;
#2573 = ORIENTED_EDGE ( 'NONE', *, *, #3099, .F. ) ;
#2574 = PLANE ( 'NONE',  #4473 ) ;
#2575 = EDGE_CURVE ( 'NONE', #1602, #4712, #1198, .T. ) ;
#2576 = CARTESIAN_POINT ( 'NONE',  ( 0.000000000000000000, -5.000000000000000000, -12.50000000000000000 ) ) ;
#2577 = CARTESIAN_POINT ( 'NONE',  ( 54.37000000000001165, 5.000000000000000888, 67.39000000000000057 ) ) ;
#2578 = ORIENTED_EDGE ( 'NONE', *, *, #568, .T. ) ;
#2579 = ADVANCED_FACE ( 'NONE', ( #3543 ), #1942, .F. ) ;
#2580 = CARTESIAN_POINT ( 'NONE',  ( -58.89259771139528965, -26.59000000000001407, 54.88533708478723838 ) ) ;
#2581 = DIRECTION ( 'NONE',  ( 0.000000000000000000, 0.000000000000000000, 1.000000000000000000 ) ) ;
#2582 = CYLINDRICAL_SURFACE ( 'NONE', #1148, 1.600000000926173005 ) ;
#2583 = ADVANCED_FACE ( 'NONE', ( #4690 ), #2710, .F. ) ;
#2584 = DIRECTION ( 'NONE',  ( 0.000000000000000000, 0.000000000000000000, 1.000000000000000000 ) ) ;
#2585 = CARTESIAN_POINT ( 'NONE',  ( -82.35274281085926873, -35.86999999999999744, 79.71358084809442346 ) ) ;
#2586 = DIRECTION ( 'NONE',  ( 0.000000000000000000, -1.000000000000000000, 0.000000000000000000 ) ) ;
#2587 = ORIENTED_EDGE ( 'NONE', *, *, #1793, .F. ) ;
#2588 = ORIENTED_EDGE ( 'NONE', *, *, #4379, .F. ) ;
#2589 = ORIENTED_EDGE ( 'NONE', *, *, #2992, .T. ) ;
#2590 = CARTESIAN_POINT ( 'NONE',  ( 57.27545417499960934, 10.00000000000000000, -2.400000000000000799 ) ) ;
#2591 = DIRECTION ( 'NONE',  ( -1.000000000000000000, 0.000000000000000000, 0.000000000000000000 ) ) ;
#2592 = CARTESIAN_POINT ( 'NONE',  ( 55.99019513592784847, -10.00000000000000000, -7.500000000000000000 ) ) ;
#2593 = EDGE_CURVE ( 'NONE', #4378, #1332, #2352, .T. ) ;
#2594 = ORIENTED_EDGE ( 'NONE', *, *, #2213, .F. ) ;
#2595 = MECHANICAL_CONTEXT ( 'NONE', #2374, 'mechanical' ) ;
#2596 = ORIENTED_EDGE ( 'NONE', *, *, #2783, .F. ) ;
#2597 = CIRCLE ( 'NONE', #3561, 55.00000000000000000 ) ;
#2598 = LINE ( 'NONE', #1760, #4873 ) ;
#2599 = CARTESIAN_POINT ( 'NONE',  ( 3.590000000000009628, -5.000000000000000000, 79.99999999999998579 ) ) ;
#2600 = DIRECTION ( 'NONE',  ( -1.000000000000000000, -0.000000000000000000, -0.000000000000000000 ) ) ;
#2601 = DIRECTION ( 'NONE',  ( 0.000000000000000000, 1.000000000000000000, 0.000000000000000000 ) ) ;
#2602 = VERTEX_POINT ( 'NONE', #3464 ) ;
#2603 = CARTESIAN_POINT ( 'NONE',  ( 50.00000000000000000, 22.41000000000000369, 67.39000000000000057 ) ) ;
#2604 = FACE_OUTER_BOUND ( 'NONE', #4356, .T. ) ;
#2605 = ADVANCED_FACE ( 'NONE', ( #1968 ), #387, .F. ) ;
#2606 = FACE_OUTER_BOUND ( 'NONE', #1658, .T. ) ;
#2607 = FACE_OUTER_BOUND ( 'NONE', #159, .T. ) ;
#2608 = EDGE_CURVE ( 'NONE', #4181, #4445, #1158, .T. ) ;
#2609 = VECTOR ( 'NONE', #3632, 1000.000000000000000 ) ;
#2610 = VECTOR ( 'NONE', #713, 1000.000000000000000 ) ;
#2611 = VERTEX_POINT ( 'NONE', #3892 ) ;
#2612 = ORIENTED_EDGE ( 'NONE', *, *, #3733, .F. ) ;
#2613 = DIRECTION ( 'NONE',  ( -0.000000000000000000, 1.000000000000000000, -0.000000000000000000 ) ) ;
#2614 = LINE ( 'NONE', #4126, #4229 ) ;
#2615 = CARTESIAN_POINT ( 'NONE',  ( 0.000000000000000000, 0.000000000000000000, 0.000000000000000000 ) ) ;
#2616 = VECTOR ( 'NONE', #59, 1000.000000000000000 ) ;
#2617 = VECTOR ( 'NONE', #1473, 1000.000000000000000 ) ;
#2618 = ORIENTED_EDGE ( 'NONE', *, *, #1324, .F. ) ;
#2619 = COORDINATED_UNIVERSAL_TIME_OFFSET ( 7, 0, .AHEAD. ) ;
#2620 = ORIENTED_EDGE ( 'NONE', *, *, #3075, .F. ) ;
#2621 = VECTOR ( 'NONE', #2943, 1000.000000000000000 ) ;
#2622 = DIRECTION ( 'NONE',  ( -1.000000000000000000, 0.000000000000000000, 0.000000000000000000 ) ) ;
#2623 = LINE ( 'NONE', #1448, #3023 ) ;
#2624 = AXIS2_PLACEMENT_3D ( 'NONE', #1206, #1571, #3098 ) ;
#2625 = CARTESIAN_POINT ( 'NONE',  ( 0.000000000000000000, 22.71000000000000085, 46.08000000000001251 ) ) ;
#2626 = CARTESIAN_POINT ( 'NONE',  ( -83.34563602967273255, -5.000000000000000000, 74.71358084809440925 ) ) ;
#2627 = AXIS2_PLACEMENT_3D ( 'NONE', #810, #437, #3840 ) ;
#2628 = ORIENTED_EDGE ( 'NONE', *, *, #1271, .T. ) ;
#2629 = DIRECTION ( 'NONE',  ( 0.000000000000000000, -1.000000000000000000, 0.000000000000000000 ) ) ;
#2630 = EDGE_CURVE ( 'NONE', #3313, #2854, #4977, .T. ) ;
#2631 = DIRECTION ( 'NONE',  ( -0.000000000000000000, -1.000000000000000000, -0.000000000000000000 ) ) ;
#2632 = LOCAL_TIME ( 21, 27, 32.00000000000000000, #1576 ) ;
#2633 = DIRECTION ( 'NONE',  ( -0.000000000000000000, -1.000000000000000000, -0.000000000000000000 ) ) ;
#2634 = LINE ( 'NONE', #1486, #101 ) ;
#2635 = DIRECTION ( 'NONE',  ( 0.000000000000000000, 0.000000000000000000, -1.000000000000000000 ) ) ;
#2636 = EDGE_CURVE ( 'NONE', #4204, #1869, #1563, .T. ) ;
#2637 = DIRECTION ( 'NONE',  ( 1.000000000000000000, -0.000000000000000000, -0.000000000000000000 ) ) ;
#2638 = EDGE_LOOP ( 'NONE', ( #4504, #3314, #1294, #1834 ) ) ;
#2639 = ORIENTED_EDGE ( 'NONE', *, *, #3836, .T. ) ;
#2640 = DIRECTION ( 'NONE',  ( -0.000000000000000000, 1.000000000000000000, -0.000000000000000000 ) ) ;
#2641 = CYLINDRICAL_SURFACE ( 'NONE', #4546, 1.599999999999997202 ) ;
#2642 = EDGE_CURVE ( 'NONE', #1322, #4443, #4, .T. ) ;
#2643 = DIRECTION ( 'NONE',  ( -0.000000000000000000, -1.000000000000000000, -0.000000000000000000 ) ) ;
#2644 = AXIS2_PLACEMENT_3D ( 'NONE', #4345, #871, #2432 ) ;
#2645 = ORIENTED_EDGE ( 'NONE', *, *, #4307, .T. ) ;
#2646 = CALENDAR_DATE ( 2025, 7, 10 ) ;
#2647 = ORIENTED_EDGE ( 'NONE', *, *, #3189, .T. ) ;
#2648 = DIRECTION ( 'NONE',  ( 0.000000000000000000, 1.000000000000000000, -0.000000000000000000 ) ) ;
#2649 = FACE_OUTER_BOUND ( 'NONE', #3901, .T. ) ;
#2650 = VECTOR ( 'NONE', #1844, 1000.000000000000000 ) ;
#2651 = CARTESIAN_POINT ( 'NONE',  ( -61.61714353676119771, -53.58999999999999631, -0.2146629157045009673 ) ) ;
#2652 = DIRECTION ( 'NONE',  ( 1.000000000000000000, 0.000000000000000000, 0.000000000000000000 ) ) ;
#2653 = ORIENTED_EDGE ( 'NONE', *, *, #2178, .F. ) ;
#2654 = CARTESIAN_POINT ( 'NONE',  ( -62.60999999999999943, -5.000000000000000000, 56.17304270302549440 ) ) ;
#2655 = CARTESIAN_POINT ( 'NONE',  ( 0.000000000000000000, 10.00000000000000000, 0.000000000000000000 ) ) ;
#2656 = EDGE_CURVE ( 'NONE', #1133, #915, #1533, .T. ) ;
#2657 = PLANE ( 'NONE',  #667 ) ;
#2658 = CARTESIAN_POINT ( 'NONE',  ( -102.6100000000000136, 5.000000000000000000, 40.00000000000000000 ) ) ;
#2659 = DIRECTION ( 'NONE',  ( -1.000000000000000000, 0.000000000000000000, 0.000000000000000000 ) ) ;
#2660 = ORIENTED_EDGE ( 'NONE', *, *, #2194, .F. ) ;
#2661 = ORIENTED_EDGE ( 'NONE', *, *, #1079, .T. ) ;
#2662 = CARTESIAN_POINT ( 'NONE',  ( -10.52170913285009668, 5.000000000000000000, 40.00000000000000000 ) ) ;
#2663 = LINE ( 'NONE', #4198, #2784 ) ;
#2664 = CARTESIAN_POINT ( 'NONE',  ( -28.22931024683212797, -25.00000000000000000, 74.71358084809440925 ) ) ;
#2665 = EDGE_CURVE ( 'NONE', #3980, #4813, #2597, .T. ) ;
#2666 = VERTEX_POINT ( 'NONE', #3170 ) ;
#2667 = PERSON_AND_ORGANIZATION ( #1541, #2887 ) ;
#2668 = VERTEX_POINT ( 'NONE', #1178 ) ;
#2669 = VERTEX_POINT ( 'NONE', #1223 ) ;
#2670 = DIRECTION ( 'NONE',  ( 1.000000000000000000, 0.000000000000000000, 0.000000000000000000 ) ) ;
#2671 = DIRECTION ( 'NONE',  ( 0.9374582107150533083, 0.3480978356194289192, 0.000000000000000000 ) ) ;
#2672 = UNCERTAINTY_MEASURE_WITH_UNIT (LENGTH_MEASURE( 1.000000000000000082E-05 ), #3862, 'distance_accuracy_value', 'NONE');
#2673 = EDGE_CURVE ( 'NONE', #728, #138, #2736, .T. ) ;
#2674 = VECTOR ( 'NONE', #3367, 1000.000000000000000 ) ;
#2675 = DIRECTION ( 'NONE',  ( -0.000000000000000000, 1.000000000000000000, -0.000000000000000000 ) ) ;
#2676 = EDGE_LOOP ( 'NONE', ( #3184, #3486, #1153, #3837 ) ) ;
#2677 = DIRECTION ( 'NONE',  ( -0.000000000000000000, -1.000000000000000000, 0.000000000000000000 ) ) ;
#2678 = CARTESIAN_POINT ( 'NONE',  ( 55.65831063860392902, 22.71000000000000085, 56.48533708571421386 ) ) ;
#2679 = VERTEX_POINT ( 'NONE', #771 ) ;
#2680 = CARTESIAN_POINT ( 'NONE',  ( -28.69918942026600917, -35.86999999999999744, 74.76002745750113831 ) ) ;
#2681 = DIRECTION ( 'NONE',  ( -0.000000000000000000, 1.000000000000000000, -0.000000000000000000 ) ) ;
#2682 = ORIENTED_EDGE ( 'NONE', *, *, #868, .T. ) ;
#2683 = ORIENTED_EDGE ( 'NONE', *, *, #3082, .T. ) ;
#2684 = CARTESIAN_POINT ( 'NONE',  ( -76.99918942026600632, -25.00000000000000000, 62.36002745750113974 ) ) ;
#2685 = CARTESIAN_POINT ( 'NONE',  ( -23.34563602967273965, -5.000000000000000000, 74.71358084809440925 ) ) ;
#2686 = EDGE_CURVE ( 'NONE', #802, #3491, #3442, .T. ) ;
#2687 = VECTOR ( 'NONE', #2111, 1000.000000000000000 ) ;
#2688 = ORIENTED_EDGE ( 'NONE', *, *, #3311, .T. ) ;
#2689 = APPROVAL_DATE_TIME ( #727, #799 ) ;
#2690 = ORIENTED_EDGE ( 'NONE', *, *, #4171, .T. ) ;
#2691 = ORIENTED_EDGE ( 'NONE', *, *, #3742, .F. ) ;
#2692 = PLANE ( 'NONE',  #3596 ) ;
#2693 = CIRCLE ( 'NONE', #3899, 2.400000000031475622 ) ;
#2694 = VECTOR ( 'NONE', #82, 1000.000000000000000 ) ;
#2695 = CARTESIAN_POINT ( 'NONE',  ( -52.61000000000000654, -5.000000000000000000, 44.99999999999999289 ) ) ;
#2696 = EDGE_CURVE ( 'NONE', #2733, #2011, #1123, .T. ) ;
#2697 = SHAPE_REPRESENTATION ( 'final_arm', ( #4009, #1165, #1740 ), #4967 ) ;
#2698 = VECTOR ( 'NONE', #4296, 1000.000000000000000 ) ;
#2699 = VECTOR ( 'NONE', #1515, 1000.000000000000000 ) ;
#2700 = LINE ( 'NONE', #3912, #594 ) ;
#2701 = ORIENTED_EDGE ( 'NONE', *, *, #2401, .F. ) ;
#2702 = LINE ( 'NONE', #4610, #1860 ) ;
#2703 = AXIS2_PLACEMENT_3D ( 'NONE', #826, #4330, #448 ) ;
#2704 = EDGE_CURVE ( 'NONE', #355, #221, #4399, .T. ) ;
#2705 = CIRCLE ( 'NONE', #22, 1.599999999999997202 ) ;
#2706 = CARTESIAN_POINT ( 'NONE',  ( 0.000000000000000000, -5.000000000000000000, 0.000000000000000000 ) ) ;
#2707 = VECTOR ( 'NONE', #1460, 1000.000000000000000 ) ;
#2708 = ORIENTED_EDGE ( 'NONE', *, *, #1763, .F. ) ;
#2709 = FACE_OUTER_BOUND ( 'NONE', #2472, .T. ) ;
#2710 = PLANE ( 'NONE',  #1402 ) ;
#2711 = AXIS2_PLACEMENT_3D ( 'NONE', #158, #4792, #4019 ) ;
#2712 = PLANE ( 'NONE',  #3617 ) ;
#2713 = VECTOR ( 'NONE', #3389, 1000.000000000000000 ) ;
#2714 = CARTESIAN_POINT ( 'NONE',  ( -28.69918942026600917, -35.86999999999999744, 62.36002745750113263 ) ) ;
#2715 = EDGE_LOOP ( 'NONE', ( #3024, #3863, #3879, #674 ) ) ;
#2716 = ORIENTED_EDGE ( 'NONE', *, *, #2353, .T. ) ;
#2717 = CARTESIAN_POINT ( 'NONE',  ( 59.37000000000000455, 22.41000000000000369, 47.39000000000000057 ) ) ;
#2718 = CYLINDRICAL_SURFACE ( 'NONE', #2469, 4.999999999999997335 ) ;
#2719 = LOCAL_TIME ( 21, 27, 32.00000000000000000, #249 ) ;
#2720 = ORIENTED_EDGE ( 'NONE', *, *, #833, .T. ) ;
#2721 = COORDINATED_UNIVERSAL_TIME_OFFSET ( 7, 0, .AHEAD. ) ;
#2722 = ORIENTED_EDGE ( 'NONE', *, *, #3647, .F. ) ;
#2723 = EDGE_CURVE ( 'NONE', #46, #3578, #926, .T. ) ;
#2724 = EDGE_LOOP ( 'NONE', ( #1030, #4367, #2446, #1060 ) ) ;
#2725 = CARTESIAN_POINT ( 'NONE',  ( -23.34563602967273965, -5.000000000000000000, 79.99999999999998579 ) ) ;
#2726 = DIRECTION ( 'NONE',  ( 0.000000000000000000, 0.000000000000000000, 1.000000000000000000 ) ) ;
#2727 =( NAMED_UNIT ( * ) PLANE_ANGLE_UNIT ( ) SI_UNIT ( $, .RADIAN. ) );
#2728 = EDGE_CURVE ( 'NONE', #3328, #3050, #2099, .T. ) ;
#2729 = EDGE_LOOP ( 'NONE', ( #2774, #4505, #1341, #2594 ) ) ;
#2730 = CARTESIAN_POINT ( 'NONE',  ( 60.99019513592784136, -10.00000000000000000, -7.500000000000000000 ) ) ;
#2731 = LINE ( 'NONE', #2377, #2791 ) ;
#2732 = EDGE_CURVE ( 'NONE', #936, #4082, #1256, .T. ) ;
#2733 = VERTEX_POINT ( 'NONE', #4044 ) ;
#2734 = CARTESIAN_POINT ( 'NONE',  ( 53.56071321407137731, -5.000000000000000000, 12.50000000000000000 ) ) ;
#2735 = DIRECTION ( 'NONE',  ( 0.000000000000000000, -0.000000000000000000, -1.000000000000000000 ) ) ;
#2736 = LINE ( 'NONE', #4192, #4365 ) ;
#2737 = CARTESIAN_POINT ( 'NONE',  ( 0.000000000000000000, -5.000000000000000000, 0.000000000000000000 ) ) ;
#2738 = EDGE_CURVE ( 'NONE', #1180, #1187, #2487, .T. ) ;
#2739 = CC_DESIGN_PERSON_AND_ORGANIZATION_ASSIGNMENT ( #1854, #2550, ( #3045 ) ) ;
#2740 = VERTEX_POINT ( 'NONE', #161 ) ;
#2741 = DIRECTION ( 'NONE',  ( 0.000000000000000000, 0.000000000000000000, -1.000000000000000000 ) ) ;
#2742 = CARTESIAN_POINT ( 'NONE',  ( -57.60999999999999943, 22.41000000000000369, 42.39000000000000057 ) ) ;
#2743 = LINE ( 'NONE', #4698, #913 ) ;
#2744 = EDGE_LOOP ( 'NONE', ( #1537, #134, #2747, #2490 ) ) ;
#2745 = DATE_TIME_ROLE ( 'classification_date' ) ;
#2746 = EDGE_LOOP ( 'NONE', ( #2190, #2936, #241, #2481 ) ) ;
#2747 = ORIENTED_EDGE ( 'NONE', *, *, #17, .F. ) ;
#2748 = CARTESIAN_POINT ( 'NONE',  ( -1.409999999999994591, 22.71000000000000085, 53.04000000000000625 ) ) ;
#2749 = DIRECTION ( 'NONE',  ( 0.000000000000000000, 0.000000000000000000, -1.000000000000000000 ) ) ;
#2750 = VERTEX_POINT ( 'NONE', #564 ) ;
#2751 = LINE ( 'NONE', #4189, #2610 ) ;
#2752 = EDGE_CURVE ( 'NONE', #2976, #3366, #886, .T. ) ;
#2753 = VECTOR ( 'NONE', #4137, 1000.000000000000000 ) ;
#2754 = LINE ( 'NONE', #3484, #1159 ) ;
#2755 = ORIENTED_EDGE ( 'NONE', *, *, #4361, .T. ) ;
#2756 = DIRECTION ( 'NONE',  ( -0.000000000000000000, -1.000000000000000000, -0.000000000000000000 ) ) ;
#2757 = CARTESIAN_POINT ( 'NONE',  ( -55.99019513592784847, 10.00000000000000000, 7.500000000000000888 ) ) ;
#2758 = DIRECTION ( 'NONE',  ( 0.000000000000000000, -1.000000000000000000, 0.000000000000000000 ) ) ;
#2759 = EDGE_CURVE ( 'NONE', #5003, #3492, #1744, .T. ) ;
#2760 = DIRECTION ( 'NONE',  ( 0.000000000000000000, -1.000000000000000000, 0.000000000000000000 ) ) ;
#2761 = VERTEX_POINT ( 'NONE', #2458 ) ;
#2762 = LINE ( 'NONE', #4695, #2054 ) ;
#2763 = LINE ( 'NONE', #2391, #4306 ) ;
#2764 = LINE ( 'NONE', #752, #4794 ) ;
#2765 = EDGE_CURVE ( 'NONE', #3042, #942, #189, .T. ) ;
#2766 = EDGE_LOOP ( 'NONE', ( #822, #2564, #3756, #2344 ) ) ;
#2767 = PERSON_AND_ORGANIZATION ( #3477, #4643 ) ;
#2768 = ORIENTED_EDGE ( 'NONE', *, *, #576, .T. ) ;
#2769 = ORIENTED_EDGE ( 'NONE', *, *, #3459, .F. ) ;
#2770 = CARTESIAN_POINT ( 'NONE',  ( -50.21591620410926282, -5.000000000000000000, 79.99999999999998579 ) ) ;
#2771 = DIRECTION ( 'NONE',  ( 0.000000000000000000, 1.000000000000000000, 0.000000000000000000 ) ) ;
#2772 = AXIS2_PLACEMENT_3D ( 'NONE', #1347, #4441, #254 ) ;
#2773 = DIRECTION ( 'NONE',  ( 0.000000000000000000, -1.000000000000000000, 0.000000000000000000 ) ) ;
#2774 = ORIENTED_EDGE ( 'NONE', *, *, #2555, .T. ) ;
#2775 = AXIS2_PLACEMENT_3D ( 'NONE', #5006, #3097, #4958 ) ;
#2776 = AXIS2_PLACEMENT_3D ( 'NONE', #730, #3063, #4582 ) ;
#2777 = LINE ( 'NONE', #2889, #4541 ) ;
#2778 = AXIS2_PLACEMENT_3D ( 'NONE', #2027, #3575, #879 ) ;
#2779 = VECTOR ( 'NONE', #1924, 1000.000000000000000 ) ;
#2780 = CARTESIAN_POINT ( 'NONE',  ( -61.61714353676141798, -28.59000000000001762, 37.38533708426405866 ) ) ;
#2781 = VERTEX_POINT ( 'NONE', #4772 ) ;
#2782 = DIRECTION ( 'NONE',  ( 0.000000000000000000, 1.000000000000000000, 0.000000000000000000 ) ) ;
#2783 = EDGE_CURVE ( 'NONE', #1133, #4601, #2077, .T. ) ;
#2784 = VECTOR ( 'NONE', #350, 1000.000000000000000 ) ;
#2785 = PLANE ( 'NONE',  #3506 ) ;
#2786 = DIRECTION ( 'NONE',  ( -0.000000000000000000, -1.000000000000000000, -0.000000000000000000 ) ) ;
#2787 = DIRECTION ( 'NONE',  ( 0.000000000000000000, 0.000000000000000000, 1.000000000000000000 ) ) ;
#2788 = CARTESIAN_POINT ( 'NONE',  ( -102.6100000000000136, 0.000000000000000000, 0.000000000000000000 ) ) ;
#2789 = AXIS2_PLACEMENT_3D ( 'NONE', #2253, #218, #1847 ) ;
#2790 = ORIENTED_EDGE ( 'NONE', *, *, #49, .T. ) ;
#2791 = VECTOR ( 'NONE', #787, 1000.000000000000000 ) ;
#2792 = CARTESIAN_POINT ( 'NONE',  ( -28.69918942026600917, -5.000000000000000000, 72.36002745750114684 ) ) ;
#2793 = EDGE_CURVE ( 'NONE', #3185, #4913, #2191, .T. ) ;
#2794 = LINE ( 'NONE', #470, #1643 ) ;
#2795 = LINE ( 'NONE', #2417, #4311 ) ;
#2796 = AXIS2_PLACEMENT_3D ( 'NONE', #2403, #1955, #4236 ) ;
#2797 = ORIENTED_EDGE ( 'NONE', *, *, #792, .F. ) ;
#2798 = EDGE_LOOP ( 'NONE', ( #219, #2589, #2123, #2272 ) ) ;
#2799 = ORIENTED_EDGE ( 'NONE', *, *, #1505, .F. ) ;
#2800 = EDGE_CURVE ( 'NONE', #2948, #1774, #4447, .T. ) ;
#2801 = FACE_OUTER_BOUND ( 'NONE', #1388, .T. ) ;
#2802 = SECURITY_CLASSIFICATION ( '', '', #1366 ) ;
#2803 = CARTESIAN_POINT ( 'NONE',  ( 0.000000000000000000, -3.589999999999995861, 0.000000000000000000 ) ) ;
#2804 = ORIENTED_EDGE ( 'NONE', *, *, #1037, .F. ) ;
#2805 = ORIENTED_EDGE ( 'NONE', *, *, #210, .F. ) ;
#2806 = DIRECTION ( 'NONE',  ( -1.000000000000000000, 0.000000000000000000, 0.000000000000000000 ) ) ;
#2807 = DIRECTION ( 'NONE',  ( 0.000000000000000000, 0.000000000000000000, 1.000000000000000000 ) ) ;
#2808 = CIRCLE ( 'NONE', #4097, 2.000000000517098364 ) ;
#2809 = ORIENTED_EDGE ( 'NONE', *, *, #3055, .F. ) ;
#2810 = CYLINDRICAL_SURFACE ( 'NONE', #2644, 55.00000000000000000 ) ;
#2811 = LINE ( 'NONE', #408, #4070 ) ;
#2812 = DIRECTION ( 'NONE',  ( 0.000000000000000000, 0.000000000000000000, 1.000000000000000000 ) ) ;
#2813 = CARTESIAN_POINT ( 'NONE',  ( -83.34563602967273255, -25.00000000000000000, 74.71358084809440925 ) ) ;
#2814 = LINE ( 'NONE', #1645, #1971 ) ;
#2815 = AXIS2_PLACEMENT_3D ( 'NONE', #3642, #521, #3248 ) ;
#2816 = CARTESIAN_POINT ( 'NONE',  ( -31.56135310936134530, -5.000000000000000000, 56.17304270302549440 ) ) ;
#2817 = ADVANCED_FACE ( 'NONE', ( #2840 ), #3973, .T. ) ;
#2818 = ORIENTED_EDGE ( 'NONE', *, *, #1364, .F. ) ;
#2819 = LINE ( 'NONE', #4328, #102 ) ;
#2820 = CARTESIAN_POINT ( 'NONE',  ( -10.52170913285009668, -44.00000000000002132, 40.00000000000000000 ) ) ;
#2821 = FACE_BOUND ( 'NONE', #4757, .T. ) ;
#2822 = EDGE_CURVE ( 'NONE', #3328, #4655, #542, .T. ) ;
#2823 = EDGE_LOOP ( 'NONE', ( #958, #4468, #976, #3096 ) ) ;
#2824 = ORIENTED_EDGE ( 'NONE', *, *, #2686, .F. ) ;
#2825 = VERTEX_POINT ( 'NONE', #895 ) ;
#2826 = DIRECTION ( 'NONE',  ( 0.000000000000000000, 0.000000000000000000, -1.000000000000000000 ) ) ;
#2827 = CYLINDRICAL_SURFACE ( 'NONE', #2376, 2.000000000517101917 ) ;
#2828 = EDGE_CURVE ( 'NONE', #3025, #2363, #2894, .T. ) ;
#2829 = ORIENTED_EDGE ( 'NONE', *, *, #3131, .T. ) ;
#2830 = DATE_AND_TIME ( #4418, #1896 ) ;
#2831 = APPLICATION_CONTEXT ( 'configuration controlled 3d designs of mechanical parts and assemblies' ) ;
#2832 = EDGE_LOOP ( 'NONE', ( #4513, #1090, #3357, #4629 ) ) ;
#2833 = CARTESIAN_POINT ( 'NONE',  ( -52.61000000000000654, -53.58999999999999631, -20.00000000000000355 ) ) ;
#2834 = EDGE_CURVE ( 'NONE', #2566, #788, #4426, .T. ) ;
#2835 = PRODUCT_DEFINITION ( 'UNKNOWN', '', #4486, #1912 ) ;
#2836 = CARTESIAN_POINT ( 'NONE',  ( 0.000000000000000000, 5.000000000000000000, 60.00000000000000000 ) ) ;
#2837 = ORIENTED_EDGE ( 'NONE', *, *, #768, .T. ) ;
#2838 = CARTESIAN_POINT ( 'NONE',  ( -82.35274281085926873, -35.86999999999999744, 0.000000000000000000 ) ) ;
#2839 = DIRECTION ( 'NONE',  ( 0.000000000000000000, -1.000000000000000000, 0.000000000000000000 ) ) ;
#2840 = FACE_OUTER_BOUND ( 'NONE', #1623, .T. ) ;
#2841 = DIRECTION ( 'NONE',  ( 0.000000000000000000, 0.000000000000000000, -1.000000000000000000 ) ) ;
#2842 = PLANE ( 'NONE',  #2815 ) ;
#2843 = CIRCLE ( 'NONE', #793, 5.000000000000000000 ) ;
#2844 = VERTEX_POINT ( 'NONE', #2021 ) ;
#2845 = CARTESIAN_POINT ( 'NONE',  ( -60.48800544346966035, -25.00000000000000000, 55.00647406690787022 ) ) ;
#2846 = DIRECTION ( 'NONE',  ( -0.000000000000000000, 1.000000000000000000, -0.000000000000000000 ) ) ;
#2847 = LINE ( 'NONE', #2468, #4002 ) ;
#2848 = VERTEX_POINT ( 'NONE', #3568 ) ;
#2849 = ORIENTED_EDGE ( 'NONE', *, *, #1884, .T. ) ;
#2850 = EDGE_LOOP ( 'NONE', ( #2797, #4671, #4124, #3120 ) ) ;
#2851 = CARTESIAN_POINT ( 'NONE',  ( -60.99019513592784136, 10.00000000000000000, -7.500000000000000000 ) ) ;
#2852 = ADVANCED_FACE ( 'NONE', ( #85 ), #4348, .F. ) ;
#2853 = LINE ( 'NONE', #3214, #904 ) ;
#2854 = VERTEX_POINT ( 'NONE', #487 ) ;
#2855 = DATE_AND_TIME ( #177, #3839 ) ;
#2856 = ORIENTED_EDGE ( 'NONE', *, *, #1483, .T. ) ;
#2857 = EDGE_CURVE ( 'NONE', #759, #2733, #2047, .T. ) ;
#2858 = CARTESIAN_POINT ( 'NONE',  ( -70.62999999999999545, -3.589999999999995861, 31.38533708426405866 ) ) ;
#2859 = DIRECTION ( 'NONE',  ( 0.000000000000000000, -1.000000000000000000, 0.000000000000000000 ) ) ;
#2860 = AXIS2_PLACEMENT_3D ( 'NONE', #4603, #2648, #400 ) ;
#2861 = AXIS2_PLACEMENT_3D ( 'NONE', #1689, #4684, #1275 ) ;
#2862 = ORIENTED_EDGE ( 'NONE', *, *, #2489, .T. ) ;
#2863 = EDGE_CURVE ( 'NONE', #4911, #3758, #2438, .T. ) ;
#2864 = VERTEX_POINT ( 'NONE', #2229 ) ;
#2865 = CARTESIAN_POINT ( 'NONE',  ( 0.000000000000000000, -5.000000000000000000, 0.000000000000000000 ) ) ;
#2866 = AXIS2_PLACEMENT_3D ( 'NONE', #320, #2259, #3397 ) ;
#2867 = AXIS2_PLACEMENT_3D ( 'NONE', #3555, #72, #3961 ) ;
#2868 = CARTESIAN_POINT ( 'NONE',  ( -0.7999999995522613094, 0.000000000000000000, 22.50000000465275463 ) ) ;
#2869 = DIRECTION ( 'NONE',  ( 0.000000000000000000, 0.000000000000000000, -1.000000000000000000 ) ) ;
#2870 = VECTOR ( 'NONE', #2158, 1000.000000000000000 ) ;
#2871 = EDGE_LOOP ( 'NONE', ( #4042, #917, #3956, #1659 ) ) ;
#2872 = CARTESIAN_POINT ( 'NONE',  ( 44.35000000044729518, -20.00000000000002842, 14.50000000413410461 ) ) ;
#2873 = LINE ( 'NONE', #3548, #4388 ) ;
#2874 = FACE_OUTER_BOUND ( 'NONE', #2746, .T. ) ;
#2875 = AXIS2_PLACEMENT_3D ( 'NONE', #2568, #4102, #1831 ) ;
#2876 = VECTOR ( 'NONE', #3970, 1000.000000000000000 ) ;
#2877 = AXIS2_PLACEMENT_3D ( 'NONE', #1328, #3616, #1690 ) ;
#2878 = EDGE_LOOP ( 'NONE', ( #4965, #3178, #3530, #2016 ) ) ;
#2879 = VERTEX_POINT ( 'NONE', #4114 ) ;
#2880 = EDGE_LOOP ( 'NONE', ( #960, #1350, #121, #3161 ) ) ;
#2881 = CARTESIAN_POINT ( 'NONE',  ( -82.35274281085926873, -25.00000000000000000, 55.00647406690787022 ) ) ;
#2882 = FACE_OUTER_BOUND ( 'NONE', #1208, .T. ) ;
#2883 = VECTOR ( 'NONE', #1762, 1000.000000000000000 ) ;
#2884 = ADVANCED_FACE ( 'NONE', ( #664 ), #967, .F. ) ;
#2885 = ORIENTED_EDGE ( 'NONE', *, *, #4788, .F. ) ;
#2886 = APPROVAL_STATUS ( 'not_yet_approved' ) ;
#2887 = ORGANIZATION ( 'NAUO-ORG1', 'UNSPECIFIED', 'UNSPECIFIED' ) ;
#2888 = ORIENTED_EDGE ( 'NONE', *, *, #474, .T. ) ;
#2889 = CARTESIAN_POINT ( 'NONE',  ( -74.19829071883061999, -3.869999999999991669, 56.17304270302549440 ) ) ;
#2890 = PLANE ( 'NONE',  #2711 ) ;
#2891 = EDGE_CURVE ( 'NONE', #1301, #1951, #4498, .T. ) ;
#2892 = ORIENTED_EDGE ( 'NONE', *, *, #4750, .F. ) ;
#2893 = ORIENTED_EDGE ( 'NONE', *, *, #2346, .T. ) ;
#2894 = LINE ( 'NONE', #4000, #4597 ) ;
#2895 = DIRECTION ( 'NONE',  ( 0.000000000000000000, 0.000000000000000000, 1.000000000000000000 ) ) ;
#2896 = EDGE_CURVE ( 'NONE', #3856, #3348, #2250, .T. ) ;
#2897 = EDGE_LOOP ( 'NONE', ( #1848, #2578, #2587, #1567 ) ) ;
#2898 = CARTESIAN_POINT ( 'NONE',  ( -15.00000000000000000, -4.999999999999999112, -52.91502622129181077 ) ) ;
#2899 = CARTESIAN_POINT ( 'NONE',  ( -76.99918942026600632, -35.86999999999999744, 62.36002745750113974 ) ) ;
#2900 = VECTOR ( 'NONE', #4952, 1000.000000000000000 ) ;
#2901 = CARTESIAN_POINT ( 'NONE',  ( 50.99019513592784136, -10.00000000000000000, 12.49999999999999289 ) ) ;
#2902 = EDGE_CURVE ( 'NONE', #4584, #1268, #4842, .T. ) ;
#2903 = APPROVAL ( #1389, 'UNSPECIFIED' ) ;
#2904 = VERTEX_POINT ( 'NONE', #4168 ) ;
#2905 = VERTEX_POINT ( 'NONE', #996 ) ;
#2906 = ORIENTED_EDGE ( 'NONE', *, *, #3387, .F. ) ;
#2907 = CARTESIAN_POINT ( 'NONE',  ( -50.21591620410926282, 0.000000000000000000, 40.00000000000000000 ) ) ;
#2908 = PLANE ( 'NONE',  #4144 ) ;
#2909 = EDGE_LOOP ( 'NONE', ( #2169, #318, #1726, #3515 ) ) ;
#2910 = PERSON_AND_ORGANIZATION_ROLE ( 'design_supplier' ) ;
#2911 = ORIENTED_EDGE ( 'NONE', *, *, #17, .T. ) ;
#2912 = CARTESIAN_POINT ( 'NONE',  ( -57.60999999999999943, 22.41000000000000369, 62.39000000000000767 ) ) ;
#2913 = CARTESIAN_POINT ( 'NONE',  ( 57.27545417499960934, -10.00000000000000000, 0.000000000000000000 ) ) ;
#2914 = ORIENTED_EDGE ( 'NONE', *, *, #833, .F. ) ;
#2915 = ORIENTED_EDGE ( 'NONE', *, *, #1441, .T. ) ;
#2916 = DIRECTION ( 'NONE',  ( 0.000000000000000000, 0.000000000000000000, -1.000000000000000000 ) ) ;
#2917 = EDGE_CURVE ( 'NONE', #3980, #4357, #3711, .T. ) ;
#2918 = CARTESIAN_POINT ( 'NONE',  ( -55.99019513592784847, -10.00000000000000000, 7.500000000000000888 ) ) ;
#2919 = CARTESIAN_POINT ( 'NONE',  ( 50.99019513592784136, -10.00000000000000000, -12.50000000000000000 ) ) ;
#2920 = LINE ( 'NONE', #1823, #3111 ) ;
#2921 = CARTESIAN_POINT ( 'NONE',  ( 59.78999999999999915, -5.000000000000000000, 74.71358084809440925 ) ) ;
#2922 = ADVANCED_FACE ( 'NONE', ( #3335 ), #4446, .T. ) ;
#2923 = VECTOR ( 'NONE', #3869, 1000.000000000000000 ) ;
#2924 = ORIENTED_EDGE ( 'NONE', *, *, #2973, .T. ) ;
#2925 = VERTEX_POINT ( 'NONE', #291 ) ;
#2926 = CARTESIAN_POINT ( 'NONE',  ( 14.99999999999999289, -4.999999999999999112, -70.00000000000000000 ) ) ;
#2927 = EDGE_CURVE ( 'NONE', #2363, #4780, #2347, .T. ) ;
#2928 = DIRECTION ( 'NONE',  ( 0.000000000000000000, 0.000000000000000000, -1.000000000000000000 ) ) ;
#2929 = ORIENTED_EDGE ( 'NONE', *, *, #2052, .F. ) ;
#2930 = DATE_TIME_ROLE ( 'classification_date' ) ;
#2931 = VERTEX_POINT ( 'NONE', #3690 ) ;
#2932 = DIRECTION ( 'NONE',  ( 0.000000000000000000, 0.000000000000000000, -1.000000000000000000 ) ) ;
#2933 = DIRECTION ( 'NONE',  ( 0.000000000000000000, -0.000000000000000000, 1.000000000000000000 ) ) ;
#2934 = DIRECTION ( 'NONE',  ( -0.000000000000000000, -1.000000000000000000, -0.000000000000000000 ) ) ;
#2935 = ORIENTED_EDGE ( 'NONE', *, *, #4449, .F. ) ;
#2936 = ORIENTED_EDGE ( 'NONE', *, *, #2738, .T. ) ;
#2937 = DIRECTION ( 'NONE',  ( -2.127842350170878169E-16, 0.000000000000000000, -1.000000000000000000 ) ) ;
#2938 = DIRECTION ( 'NONE',  ( 0.000000000000000000, 1.000000000000000000, 0.000000000000000000 ) ) ;
#2939 = EDGE_CURVE ( 'NONE', #2478, #1664, #4920, .T. ) ;
#2940 = CARTESIAN_POINT ( 'NONE',  ( -31.56135310936134530, -35.86999999999999744, 78.72230578021572001 ) ) ;
#2941 = CIRCLE ( 'NONE', #4143, 2.400000000031475622 ) ;
#2942 = VECTOR ( 'NONE', #478, 1000.000000000000000 ) ;
#2943 = DIRECTION ( 'NONE',  ( 1.000000000000000000, 0.000000000000000000, 0.000000000000000000 ) ) ;
#2944 = DIRECTION ( 'NONE',  ( 1.000000000000000000, -0.000000000000000000, 0.000000000000000000 ) ) ;
#2945 = VECTOR ( 'NONE', #4213, 1000.000000000000000 ) ;
#2946 = VECTOR ( 'NONE', #216, 1000.000000000000000 ) ;
#2947 = EDGE_CURVE ( 'NONE', #1113, #4602, #3732, .T. ) ;
#2948 = VERTEX_POINT ( 'NONE', #4867 ) ;
#2949 = ORIENTED_EDGE ( 'NONE', *, *, #568, .F. ) ;
#2950 = FACE_OUTER_BOUND ( 'NONE', #2175, .T. ) ;
#2951 = DIRECTION ( 'NONE',  ( -0.000000000000000000, -1.000000000000000000, -0.000000000000000000 ) ) ;
#2952 = AXIS2_PLACEMENT_3D ( 'NONE', #321, #4552, #1871 ) ;
#2953 = VECTOR ( 'NONE', #4259, 1000.000000000000000 ) ;
#2954 = DIRECTION ( 'NONE',  ( -0.000000000000000000, -1.000000000000000000, -0.000000000000000000 ) ) ;
#2955 = AXIS2_PLACEMENT_3D ( 'NONE', #4145, #1149, #2277 ) ;
#2956 = EDGE_CURVE ( 'NONE', #250, #2025, #1454, .T. ) ;
#2957 = ORIENTED_EDGE ( 'NONE', *, *, #2113, .T. ) ;
#2958 = PERSON_AND_ORGANIZATION_ROLE ( 'creator' ) ;
#2959 = ORIENTED_EDGE ( 'NONE', *, *, #2896, .T. ) ;
#2960 = LINE ( 'NONE', #251, #4155 ) ;
#2961 = CARTESIAN_POINT ( 'NONE',  ( -82.35274281085926873, -5.000000000000000000, 79.99999999999998579 ) ) ;
#2962 = CARTESIAN_POINT ( 'NONE',  ( 59.78999999999999915, -5.000000000000000000, 74.71358084809440925 ) ) ;
#2963 = CIRCLE ( 'NONE', #193, 1.599999999999997202 ) ;
#2964 = EDGE_CURVE ( 'NONE', #375, #3842, #3480, .T. ) ;
#2965 = CYLINDRICAL_SURFACE ( 'NONE', #4802, 2.400000000000006128 ) ;
#2966 = ORIENTED_EDGE ( 'NONE', *, *, #73, .F. ) ;
#2967 = DIRECTION ( 'NONE',  ( 0.000000000000000000, 0.000000000000000000, -1.000000000000000000 ) ) ;
#2968 = LOCAL_TIME ( 21, 27, 32.00000000000000000, #397 ) ;
#2969 = LINE ( 'NONE', #1024, #4981 ) ;
#2970 = LINE ( 'NONE', #1000, #910 ) ;
#2971 = CYLINDRICAL_SURFACE ( 'NONE', #1147, 1.599999999999997202 ) ;
#2972 = CARTESIAN_POINT ( 'NONE',  ( -64.51479838570431014, -44.00000000000002132, 44.99999999999999289 ) ) ;
#2973 = EDGE_CURVE ( 'NONE', #3215, #1827, #2843, .T. ) ;
#2974 = CARTESIAN_POINT ( 'NONE',  ( 54.37000000000001165, 5.000000000000000888, 42.39000000000000057 ) ) ;
#2975 = EDGE_LOOP ( 'NONE', ( #3981, #3382, #211, #3419, #4128, #4888, #1522, #2906, #4580, #4113, #4533, #4906 ) ) ;
#2976 = VERTEX_POINT ( 'NONE', #3014 ) ;
#2977 = VECTOR ( 'NONE', #2385, 1000.000000000000000 ) ;
#2978 = ORIENTED_EDGE ( 'NONE', *, *, #685, .F. ) ;
#2979 = DIRECTION ( 'NONE',  ( 1.000000000000000000, -0.000000000000000000, -2.990258092612466172E-16 ) ) ;
#2980 = DIRECTION ( 'NONE',  ( -0.000000000000000000, 1.000000000000000000, -0.000000000000000000 ) ) ;
#2981 = DIRECTION ( 'NONE',  ( 0.000000000000000000, 0.000000000000000000, -1.000000000000000000 ) ) ;
#2982 = ADVANCED_FACE ( 'NONE', ( #1862 ), #2558, .F. ) ;
#2983 = ORIENTED_EDGE ( 'NONE', *, *, #4894, .F. ) ;
#2984 = DATE_AND_TIME ( #4160, #4323 ) ;
#2985 = VERTEX_POINT ( 'NONE', #591 ) ;
#2986 = CARTESIAN_POINT ( 'NONE',  ( 54.37000000000001165, 22.41000000000000369, 67.39000000000000057 ) ) ;
#2987 = LINE ( 'NONE', #4493, #4384 ) ;
#2988 = EDGE_CURVE ( 'NONE', #2825, #931, #1045, .T. ) ;
#2989 = FACE_OUTER_BOUND ( 'NONE', #1638, .T. ) ;
#2990 = ORIENTED_EDGE ( 'NONE', *, *, #2283, .F. ) ;
#2991 = DIRECTION ( 'NONE',  ( -0.000000000000000000, 0.000000000000000000, -1.000000000000000000 ) ) ;
#2992 = EDGE_CURVE ( 'NONE', #1741, #3643, #615, .T. ) ;
#2993 = CC_DESIGN_DATE_AND_TIME_ASSIGNMENT ( #425, #2396, ( #436 ) ) ;
#2994 = LINE ( 'NONE', #3392, #2650 ) ;
#2995 = LINE ( 'NONE', #2328, #1318 ) ;
#2996 = DIRECTION ( 'NONE',  ( -0.000000000000000000, 1.000000000000000000, -0.000000000000000000 ) ) ;
#2997 = CARTESIAN_POINT ( 'NONE',  ( 0.000000000000000000, -5.000000000000000000, 0.000000000000000000 ) ) ;
#2998 = CARTESIAN_POINT ( 'NONE',  ( -62.60999999999999943, 5.000000000000000000, 40.00000000000000000 ) ) ;
#2999 = ORIENTED_EDGE ( 'NONE', *, *, #1852, .T. ) ;
#3000 = EDGE_LOOP ( 'NONE', ( #636, #2029, #1885, #1944 ) ) ;
#3001 = CARTESIAN_POINT ( 'NONE',  ( -52.97999999999999687, 22.41000000000000369, 42.39000000000000057 ) ) ;
#3002 = CYLINDRICAL_SURFACE ( 'NONE', #989, 2.399999999999999467 ) ;
#3003 = CARTESIAN_POINT ( 'NONE',  ( -52.97999999999999687, 5.000000000000000000, 67.39000000000000057 ) ) ;
#3004 = AXIS2_PLACEMENT_3D ( 'NONE', #1693, #518, #3246 ) ;
#3005 = ORIENTED_EDGE ( 'NONE', *, *, #1425, .T. ) ;
#3006 = APPLICATION_PROTOCOL_DEFINITION ( 'international standard', 'config_control_design', 1994, #2831 ) ;
#3007 = ADVANCED_FACE ( 'NONE', ( #4520 ), #3483, .F. ) ;
#3008 = EDGE_LOOP ( 'NONE', ( #4737, #3637 ) ) ;
#3009 = LINE ( 'NONE', #4462, #4615 ) ;
#3010 = DIRECTION ( 'NONE',  ( -0.000000000000000000, 1.000000000000000000, -0.000000000000000000 ) ) ;
#3011 = LINE ( 'NONE', #4495, #4075 ) ;
#3012 = EDGE_CURVE ( 'NONE', #4078, #4572, #3810, .T. ) ;
#3013 = ORIENTED_EDGE ( 'NONE', *, *, #1614, .F. ) ;
#3014 = CARTESIAN_POINT ( 'NONE',  ( 57.27545417499960934, -10.00000000000000000, 2.400000000000000799 ) ) ;
#3015 = CARTESIAN_POINT ( 'NONE',  ( -58.89259771139528965, 22.71000000000000085, 53.28533708478724407 ) ) ;
#3016 = EDGE_CURVE ( 'NONE', #2563, #2931, #4209, .T. ) ;
#3017 = CARTESIAN_POINT ( 'NONE',  ( -23.34563602967273610, -35.86999999999999744, 74.71358084809440925 ) ) ;
#3018 = CARTESIAN_POINT ( 'NONE',  ( -74.19829071883061999, -5.000000000000000000, 78.72230578021572001 ) ) ;
#3019 = CARTESIAN_POINT ( 'NONE',  ( -31.56135310936134530, -3.869999999999991669, 56.17304270302549440 ) ) ;
#3020 = CARTESIAN_POINT ( 'NONE',  ( 3.590000000000005631, -5.000000000000011546, 42.39000000000000057 ) ) ;
#3021 = VECTOR ( 'NONE', #796, 1000.000000000000000 ) ;
#3022 = ADVANCED_FACE ( 'NONE', ( #3368 ), #3087, .T. ) ;
#3023 = VECTOR ( 'NONE', #1040, 1000.000000000000000 ) ;
#3024 = ORIENTED_EDGE ( 'NONE', *, *, #764, .F. ) ;
#3025 = VERTEX_POINT ( 'NONE', #3864 ) ;
#3026 = CARTESIAN_POINT ( 'NONE',  ( -1.409999999999994591, 22.71000000000000085, 50.64000000000000767 ) ) ;
#3027 = FACE_OUTER_BOUND ( 'NONE', #4385, .T. ) ;
#3028 = CARTESIAN_POINT ( 'NONE',  ( -62.60999999999999943, 0.000000000000000000, 56.17304270302549440 ) ) ;
#3029 = AXIS2_PLACEMENT_3D ( 'NONE', #3740, #217, #566 ) ;
#3030 = AXIS2_PLACEMENT_3D ( 'NONE', #3182, #2771, #4014 ) ;
#3031 = ORIENTED_EDGE ( 'NONE', *, *, #764, .T. ) ;
#3032 = CALENDAR_DATE ( 2025, 7, 10 ) ;
#3033 = ORIENTED_EDGE ( 'NONE', *, *, #2517, .F. ) ;
#3034 = VECTOR ( 'NONE', #3622, 1000.000000000000000 ) ;
#3035 = CIRCLE ( 'NONE', #3428, 2.000000000517091703 ) ;
#3036 = LINE ( 'NONE', #4492, #2545 ) ;
#3037 = CARTESIAN_POINT ( 'NONE',  ( -0.7999999995522613094, 0.000000000000000000, 30.50000000413566070 ) ) ;
#3038 = EDGE_CURVE ( 'NONE', #2439, #2679, #3458, .T. ) ;
#3039 = VECTOR ( 'NONE', #4476, 1000.000000000000000 ) ;
#3040 = CARTESIAN_POINT ( 'NONE',  ( -82.35274281085926873, -5.000000000000000000, 56.17304270302549440 ) ) ;
#3041 = AXIS2_PLACEMENT_3D ( 'NONE', #55, #383, #1937 ) ;
#3042 = VERTEX_POINT ( 'NONE', #2730 ) ;
#3043 = CARTESIAN_POINT ( 'NONE',  ( 14.99999999999999289, -4.999999999999999112, -70.00000000000000000 ) ) ;
#3044 = CARTESIAN_POINT ( 'NONE',  ( -53.56071321407137731, 10.00000000000000000, 12.50000000000000000 ) ) ;
#3045 = PRODUCT_DEFINITION_FORMATION_WITH_SPECIFIED_SOURCE ( 'ANY', '', #3770, .NOT_KNOWN. ) ;
#3046 = LINE ( 'NONE', #3017, #2218 ) ;
#3047 = LINE ( 'NONE', #1102, #1572 ) ;
#3048 = EDGE_CURVE ( 'NONE', #1774, #1367, #1936, .T. ) ;
#3049 = DIRECTION ( 'NONE',  ( 0.000000000000000000, 1.000000000000000000, -0.000000000000000000 ) ) ;
#3050 = VERTEX_POINT ( 'NONE', #766 ) ;
#3051 = ORIENTED_EDGE ( 'NONE', *, *, #4331, .F. ) ;
#3052 = PLANE ( 'NONE',  #1062 ) ;
#3053 = LINE ( 'NONE', #4179, #2221 ) ;
#3054 = CARTESIAN_POINT ( 'NONE',  ( 55.99019513592784847, -10.00000000000000000, 12.50000000000000000 ) ) ;
#3055 = EDGE_CURVE ( 'NONE', #3932, #3593, #2324, .T. ) ;
#3056 = PRODUCT_RELATED_PRODUCT_CATEGORY ( 'detail', '', ( #857 ) ) ;
#3057 = AXIS2_PLACEMENT_3D ( 'NONE', #296, #4926, #4215 ) ;
#3058 = ORIENTED_EDGE ( 'NONE', *, *, #1695, .F. ) ;
#3059 = APPROVAL_DATE_TIME ( #801, #2524 ) ;
#3060 = ORIENTED_EDGE ( 'NONE', *, *, #190, .T. ) ;
#3061 = EDGE_LOOP ( 'NONE', ( #2134, #1521, #243, #4195, #2063, #4856, #3200, #4704, #3240 ) ) ;
#3062 = LINE ( 'NONE', #2725, #1151 ) ;
#3063 = DIRECTION ( 'NONE',  ( -0.000000000000000000, 0.000000000000000000, 1.000000000000000000 ) ) ;
#3064 = ORIENTED_EDGE ( 'NONE', *, *, #3870, .F. ) ;
#3065 = DIRECTION ( 'NONE',  ( -0.000000000000000000, 1.000000000000000000, -0.000000000000000000 ) ) ;
#3066 = DIRECTION ( 'NONE',  ( 0.000000000000000000, 0.000000000000000000, 1.000000000000000000 ) ) ;
#3067 = VERTEX_POINT ( 'NONE', #1587 ) ;
#3068 = DIRECTION ( 'NONE',  ( 0.000000000000000000, 0.000000000000000000, 1.000000000000000000 ) ) ;
#3069 = EDGE_CURVE ( 'NONE', #452, #3067, #786, .T. ) ;
#3070 = LINE ( 'NONE', #4614, #3356 ) ;
#3071 = CARTESIAN_POINT ( 'NONE',  ( 0.000000000000000000, -3.869999999999991669, 0.000000000000000000 ) ) ;
#3072 = CARTESIAN_POINT ( 'NONE',  ( 2.350000000447293846, 5.000000000000000000, 14.50000000413410461 ) ) ;
#3073 = ORIENTED_EDGE ( 'NONE', *, *, #1542, .T. ) ;
#3074 = CARTESIAN_POINT ( 'NONE',  ( 55.99019513592784847, -10.00000000000000000, -12.50000000000000000 ) ) ;
#3075 = EDGE_CURVE ( 'NONE', #4620, #1346, #1504, .T. ) ;
#3076 = DIRECTION ( 'NONE',  ( 0.000000000000000000, 0.000000000000000000, 1.000000000000000000 ) ) ;
#3077 = CARTESIAN_POINT ( 'NONE',  ( 44.35000000044729518, -6.938893903907228378E-15, 36.50000000413410817 ) ) ;
#3078 = ORIENTED_EDGE ( 'NONE', *, *, #1372, .F. ) ;
#3079 = SECURITY_CLASSIFICATION_LEVEL ( 'unclassified' ) ;
#3080 = ORIENTED_EDGE ( 'NONE', *, *, #4788, .T. ) ;
#3081 = ORIENTED_EDGE ( 'NONE', *, *, #3016, .T. ) ;
#3082 = EDGE_CURVE ( 'NONE', #2904, #4579, #2702, .T. ) ;
#3083 = PLANE ( 'NONE',  #2860 ) ;
#3084 = FACE_OUTER_BOUND ( 'NONE', #1469, .T. ) ;
#3085 = VECTOR ( 'NONE', #466, 1000.000000000000000 ) ;
#3086 = ORIENTED_EDGE ( 'NONE', *, *, #2274, .T. ) ;
#3087 = CYLINDRICAL_SURFACE ( 'NONE', #4924, 4.999999999999997335 ) ;
#3088 = DIRECTION ( 'NONE',  ( 1.000000000000000000, -0.000000000000000000, -0.000000000000000000 ) ) ;
#3089 = ORIENTED_EDGE ( 'NONE', *, *, #3986, .F. ) ;
#3090 = CARTESIAN_POINT ( 'NONE',  ( -50.99019513592782715, -10.00000000000000000, 12.50000000000000000 ) ) ;
#3091 = DIRECTION ( 'NONE',  ( 0.000000000000000000, 0.000000000000000000, 1.000000000000000000 ) ) ;
#3092 = DIRECTION ( 'NONE',  ( 0.000000000000000000, -0.000000000000000000, 1.000000000000000000 ) ) ;
#3093 = EDGE_CURVE ( 'NONE', #1713, #4020, #1959, .T. ) ;
#3094 = LINE ( 'NONE', #4619, #2049 ) ;
#3095 = ORIENTED_EDGE ( 'NONE', *, *, #2575, .T. ) ;
#3096 = ORIENTED_EDGE ( 'NONE', *, *, #1136, .F. ) ;
#3097 = DIRECTION ( 'NONE',  ( -0.000000000000000000, -1.000000000000000000, -0.000000000000000000 ) ) ;
#3098 = DIRECTION ( 'NONE',  ( 0.000000000000000000, 0.000000000000000000, 1.000000000000000000 ) ) ;
#3099 = EDGE_CURVE ( 'NONE', #4913, #3185, #2513, .T. ) ;
#3100 = VECTOR ( 'NONE', #1164, 1000.000000000000000 ) ;
#3101 = CIRCLE ( 'NONE', #2531, 2.399999999999999467 ) ;
#3102 = ORIENTED_EDGE ( 'NONE', *, *, #3263, .T. ) ;
#3103 = ITEM_DEFINED_TRANSFORMATION ( 'NONE', 'NONE', #1740,  #2796 ) ;
#3104 = EDGE_LOOP ( 'NONE', ( #2249, #2144, #197, #1154 ) ) ;
#3105 = ORIENTED_EDGE ( 'NONE', *, *, #3717, .F. ) ;
#3106 = DIRECTION ( 'NONE',  ( 0.000000000000000000, 0.000000000000000000, -1.000000000000000000 ) ) ;
#3107 = AXIS2_PLACEMENT_3D ( 'NONE', #2422, #3580, #2399 ) ;
#3108 = AXIS2_PLACEMENT_3D ( 'NONE', #1293, #50, #4735 ) ;
#3109 = DIRECTION ( 'NONE',  ( -0.000000000000000000, 0.000000000000000000, -1.000000000000000000 ) ) ;
#3110 = EDGE_CURVE ( 'NONE', #242, #1682, #3511, .T. ) ;
#3111 = VECTOR ( 'NONE', #2996, 1000.000000000000000 ) ;
#3112 = AXIS2_PLACEMENT_3D ( 'NONE', #2252, #3370, #4976 ) ;
#3113 = DIRECTION ( 'NONE',  ( -1.000000000000000000, 0.000000000000000000, 0.000000000000000000 ) ) ;
#3114 = VERTEX_POINT ( 'NONE', #4941 ) ;
#3115 = FACE_OUTER_BOUND ( 'NONE', #1277, .T. ) ;
#3116 = VECTOR ( 'NONE', #3930, 1000.000000000000000 ) ;
#3117 = VECTOR ( 'NONE', #706, 1000.000000000000000 ) ;
#3118 = FACE_OUTER_BOUND ( 'NONE', #529, .T. ) ;
#3119 = CIRCLE ( 'NONE', #111, 2.400000000000006128 ) ;
#3120 = ORIENTED_EDGE ( 'NONE', *, *, #1530, .F. ) ;
#3121 = CARTESIAN_POINT ( 'NONE',  ( 0.000000000000000000, 10.00000000000000000, 0.000000000000000000 ) ) ;
#3122 = CARTESIAN_POINT ( 'NONE',  ( -83.34563602967273255, -25.00000000000000000, 74.71358084809440925 ) ) ;
#3123 = CARTESIAN_POINT ( 'NONE',  ( 47.50000000044774140, 0.000000000000000000, 28.50000000361856323 ) ) ;
#3124 = VECTOR ( 'NONE', #1917, 1000.000000000000000 ) ;
#3125 = PLANE ( 'NONE',  #772 ) ;
#3126 = LOCAL_TIME ( 21, 27, 32.00000000000000000, #3307 ) ;
#3127 = EDGE_LOOP ( 'NONE', ( #3255, #220, #398, #4107 ) ) ;
#3128 = PLANE ( 'NONE',  #3191 ) ;
#3129 = CARTESIAN_POINT ( 'NONE',  ( -76.99918942026600632, -35.86999999999999744, 62.36002745750113974 ) ) ;
#3130 = DIRECTION ( 'NONE',  ( -2.127842350170877923E-16, -0.000000000000000000, -1.000000000000000000 ) ) ;
#3131 = EDGE_CURVE ( 'NONE', #4076, #138, #1555, .T. ) ;
#3132 = ORIENTED_EDGE ( 'NONE', *, *, #2089, .T. ) ;
#3133 = DATE_AND_TIME ( #2361, #3843 ) ;
#3134 = ORIENTED_EDGE ( 'NONE', *, *, #423, .T. ) ;
#3135 = EDGE_LOOP ( 'NONE', ( #1237, #4526, #1413, #3564 ) ) ;
#3136 = CARTESIAN_POINT ( 'NONE',  ( -62.60999999999999943, -5.000000000000000000, 79.99999999999998579 ) ) ;
#3137 = ADVANCED_FACE ( 'NONE', ( #3115 ), #4564, .F. ) ;
#3138 = DIRECTION ( 'NONE',  ( 0.000000000000000000, 0.000000000000000000, -1.000000000000000000 ) ) ;
#3139 = CARTESIAN_POINT ( 'NONE',  ( -58.89259771139528965, -3.869999999999991669, 54.88533708478723838 ) ) ;
#3140 = ORIENTED_EDGE ( 'NONE', *, *, #4023, .T. ) ;
#3141 = VECTOR ( 'NONE', #3951, 1000.000000000000000 ) ;
#3142 = EDGE_CURVE ( 'NONE', #1596, #3145, #31, .T. ) ;
#3143 = CARTESIAN_POINT ( 'NONE',  ( -102.6100000000000136, 0.1500000000000008271, 75.00021254821469086 ) ) ;
#3144 = CARTESIAN_POINT ( 'NONE',  ( -76.52931024683212513, -5.000000000000000000, 74.71358084809440925 ) ) ;
#3145 = VERTEX_POINT ( 'NONE', #3143 ) ;
#3146 = CARTESIAN_POINT ( 'NONE',  ( 55.65831063860392902, -5.000000000000000888, 56.48533708571421386 ) ) ;
#3147 = EDGE_CURVE ( 'NONE', #1268, #794, #2751, .T. ) ;
#3148 = DIRECTION ( 'NONE',  ( 0.000000000000000000, 1.000000000000000000, 0.000000000000000000 ) ) ;
#3149 = CARTESIAN_POINT ( 'NONE',  ( -62.60999999999999943, -5.000000000000000000, 79.99999999999998579 ) ) ;
#3150 = CARTESIAN_POINT ( 'NONE',  ( -61.61714353676119771, -28.59000000000001762, -2.614662915735976423 ) ) ;
#3151 = VERTEX_POINT ( 'NONE', #4284 ) ;
#3152 = FACE_BOUND ( 'NONE', #749, .T. ) ;
#3153 = CARTESIAN_POINT ( 'NONE',  ( 0.000000000000000000, -0.000000000000000000, 14.50000000413410461 ) ) ;
#3154 = CARTESIAN_POINT ( 'NONE',  ( -57.60999999999999943, 0.000000000000000000, 62.39000000000000767 ) ) ;
#3155 = VERTEX_POINT ( 'NONE', #809 ) ;
#3156 = ORIENTED_EDGE ( 'NONE', *, *, #3995, .F. ) ;
#3157 = ORIENTED_EDGE ( 'NONE', *, *, #474, .F. ) ;
#3158 = LINE ( 'NONE', #3906, #2454 ) ;
#3159 = CARTESIAN_POINT ( 'NONE',  ( -57.94295870590023867, -3.869999999999991669, 56.17304270302549440 ) ) ;
#3160 = ADVANCED_FACE ( 'NONE', ( #3615 ), #157, .T. ) ;
#3161 = ORIENTED_EDGE ( 'NONE', *, *, #4271, .F. ) ;
#3162 = FACE_OUTER_BOUND ( 'NONE', #4927, .T. ) ;
#3163 = LINE ( 'NONE', #2833, #4140 ) ;
#3164 = VECTOR ( 'NONE', #2681, 1000.000000000000000 ) ;
#3165 = PLANE ( 'NONE',  #4716 ) ;
#3166 = EDGE_CURVE ( 'NONE', #1346, #3286, #2095, .T. ) ;
#3167 = ORIENTED_EDGE ( 'NONE', *, *, #4750, .T. ) ;
#3168 = CARTESIAN_POINT ( 'NONE',  ( -58.89259771139528965, -26.59000000000001407, 54.88533708478723838 ) ) ;
#3169 = CARTESIAN_POINT ( 'NONE',  ( 55.99019513592784847, -10.00000000000000000, -12.50000000000000000 ) ) ;
#3170 = CARTESIAN_POINT ( 'NONE',  ( -10.52170913285009668, -4.999999999999997335, 74.71358084809440925 ) ) ;
#3171 = LINE ( 'NONE', #724, #3269 ) ;
#3172 = FACE_OUTER_BOUND ( 'NONE', #1359, .T. ) ;
#3173 = ORIENTED_EDGE ( 'NONE', *, *, #167, .F. ) ;
#3174 = CARTESIAN_POINT ( 'NONE',  ( 0.000000000000000000, 5.000000000000000000, 67.39000000000000057 ) ) ;
#3175 = LINE ( 'NONE', #4329, #2698 ) ;
#3176 = CARTESIAN_POINT ( 'NONE',  ( -3.469446951953614189E-15, -10.00000000000000000, -1.474514954580286030E-14 ) ) ;
#3177 = EDGE_CURVE ( 'NONE', #4251, #3303, #3560, .T. ) ;
#3178 = ORIENTED_EDGE ( 'NONE', *, *, #3865, .T. ) ;
#3179 = ORIENTED_EDGE ( 'NONE', *, *, #80, .F. ) ;
#3180 = VERTEX_POINT ( 'NONE', #1612 ) ;
#3181 = CARTESIAN_POINT ( 'NONE',  ( -23.34563602967273610, 5.000000000000000000, 74.71358084809440925 ) ) ;
#3182 = CARTESIAN_POINT ( 'NONE',  ( 0.000000000000000000, -5.000000000000000000, 0.000000000000000000 ) ) ;
#3183 = CIRCLE ( 'NONE', #2861, 2.000000000517101917 ) ;
#3184 = ORIENTED_EDGE ( 'NONE', *, *, #4639, .F. ) ;
#3185 = VERTEX_POINT ( 'NONE', #2428 ) ;
#3186 = VECTOR ( 'NONE', #4728, 1000.000000000000000 ) ;
#3187 = AXIS2_PLACEMENT_3D ( 'NONE', #24, #4937, #1934 ) ;
#3188 = LINE ( 'NONE', #867, #1219 ) ;
#3189 = EDGE_CURVE ( 'NONE', #1213, #2848, #1327, .T. ) ;
#3190 = CIRCLE ( 'NONE', #1391, 55.00000000000000000 ) ;
#3191 = AXIS2_PLACEMENT_3D ( 'NONE', #1181, #2466, #1261 ) ;
#3192 = ORIENTED_EDGE ( 'NONE', *, *, #284, .F. ) ;
#3193 = CARTESIAN_POINT ( 'NONE',  ( -62.60999999999999943, 0.1500000000000008271, 44.99999999999999289 ) ) ;
#3194 = PLANE ( 'NONE',  #1656 ) ;
#3195 = VECTOR ( 'NONE', #2219, 1000.000000000000000 ) ;
#3196 = DIRECTION ( 'NONE',  ( -0.000000000000000000, -1.000000000000000000, -0.000000000000000000 ) ) ;
#3197 = CARTESIAN_POINT ( 'NONE',  ( -57.60999999999999943, 5.000000000000000000, 62.39000000000000767 ) ) ;
#3198 = DIRECTION ( 'NONE',  ( 0.000000000000000000, 0.000000000000000000, 1.000000000000000000 ) ) ;
#3199 = VECTOR ( 'NONE', #791, 1000.000000000000114 ) ;
#3200 = ORIENTED_EDGE ( 'NONE', *, *, #3289, .T. ) ;
#3201 = AXIS2_PLACEMENT_3D ( 'NONE', #2625, #4164, #1018 ) ;
#3202 = CARTESIAN_POINT ( 'NONE',  ( -70.62999999999999545, -3.589999999999995861, 31.38533708426405866 ) ) ;
#3203 = FACE_OUTER_BOUND ( 'NONE', #1492, .T. ) ;
#3204 = CARTESIAN_POINT ( 'NONE',  ( -28.69918942026600917, -25.00000000000000000, 62.36002745750113263 ) ) ;
#3205 = EDGE_CURVE ( 'NONE', #1629, #1322, #3183, .T. ) ;
#3206 = CC_DESIGN_APPROVAL ( #2090, ( #2835 ) ) ;
#3207 = VERTEX_POINT ( 'NONE', #1216 ) ;
#3208 = ORIENTED_EDGE ( 'NONE', *, *, #4003, .T. ) ;
#3209 = ORIENTED_EDGE ( 'NONE', *, *, #4755, .F. ) ;
#3210 = FACE_OUTER_BOUND ( 'NONE', #1274, .T. ) ;
#3211 = APPROVAL_PERSON_ORGANIZATION ( #2667, #2524, #4257 ) ;
#3212 = EDGE_CURVE ( 'NONE', #1195, #98, #3163, .T. ) ;
#3213 = CC_DESIGN_PERSON_AND_ORGANIZATION_ASSIGNMENT ( #4628, #1950, ( #1334 ) ) ;
#3214 = CARTESIAN_POINT ( 'NONE',  ( -31.56135310936134530, -3.869999999999991669, 56.17304270302549440 ) ) ;
#3215 = VERTEX_POINT ( 'NONE', #2405 ) ;
#3216 = DATE_AND_TIME ( #107, #3126 ) ;
#3217 = VERTEX_POINT ( 'NONE', #842 ) ;
#3218 = DIRECTION ( 'NONE',  ( -0.000000000000000000, -1.000000000000000000, -0.000000000000000000 ) ) ;
#3219 = LINE ( 'NONE', #4366, #592 ) ;
#3220 = ORIENTED_EDGE ( 'NONE', *, *, #119, .T. ) ;
#3221 = DIRECTION ( 'NONE',  ( -0.000000000000000000, -0.000000000000000000, -1.000000000000000000 ) ) ;
#3222 = FACE_OUTER_BOUND ( 'NONE', #40, .T. ) ;
#3223 = CARTESIAN_POINT ( 'NONE',  ( 47.50000000044774140, 0.000000000000000000, 22.50000000465276173 ) ) ;
#3224 = DIRECTION ( 'NONE',  ( 0.000000000000000000, 0.000000000000000000, -1.000000000000000000 ) ) ;
#3225 = DIRECTION ( 'NONE',  ( 1.000000000000000000, 0.000000000000000000, 0.000000000000000000 ) ) ;
#3226 = DIRECTION ( 'NONE',  ( 0.000000000000000000, 0.000000000000000000, 1.000000000000000000 ) ) ;
#3227 = EDGE_LOOP ( 'NONE', ( #4687, #1919, #563, #4277, #2653, #3699, #330, #2990, #3425, #3583 ) ) ;
#3228 = FACE_OUTER_BOUND ( 'NONE', #628, .T. ) ;
#3229 = DIRECTION ( 'NONE',  ( -0.000000000000000000, 1.000000000000000000, -0.000000000000000000 ) ) ;
#3230 = DIRECTION ( 'NONE',  ( 0.000000000000000000, -0.000000000000000000, -1.000000000000000000 ) ) ;
#3231 = ADVANCED_FACE ( 'NONE', ( #3991 ), #3636, .T. ) ;
#3232 = ORIENTED_EDGE ( 'NONE', *, *, #153, .F. ) ;
#3233 = ORIENTED_EDGE ( 'NONE', *, *, #4606, .F. ) ;
#3234 = ORIENTED_EDGE ( 'NONE', *, *, #3496, .F. ) ;
#3235 = LINE ( 'NONE', #2008, #3502 ) ;
#3236 = DIRECTION ( 'NONE',  ( 0.000000000000000000, 0.000000000000000000, 1.000000000000000000 ) ) ;
#3237 = EDGE_CURVE ( 'NONE', #3643, #984, #3942, .T. ) ;
#3238 = ORIENTED_EDGE ( 'NONE', *, *, #2917, .T. ) ;
#3239 = CALENDAR_DATE ( 2025, 7, 10 ) ;
#3240 = ORIENTED_EDGE ( 'NONE', *, *, #3558, .F. ) ;
#3241 = CARTESIAN_POINT ( 'NONE',  ( -52.61000000000000654, 0.1499999999999996059, -31.11406766220181197 ) ) ;
#3242 = DIRECTION ( 'NONE',  ( -0.000000000000000000, 1.000000000000000000, -0.000000000000000000 ) ) ;
#3243 = EDGE_CURVE ( 'NONE', #3618, #280, #2777, .T. ) ;
#3244 = ORIENTED_EDGE ( 'NONE', *, *, #4939, .T. ) ;
#3245 = LINE ( 'NONE', #1641, #1317 ) ;
#3246 = DIRECTION ( 'NONE',  ( 0.000000000000000000, 0.000000000000000000, 1.000000000000000000 ) ) ;
#3247 = CARTESIAN_POINT ( 'NONE',  ( 2.350000000447293846, 5.000000000000000000, 14.50000000413410461 ) ) ;
#3248 = DIRECTION ( 'NONE',  ( -1.000000000000000000, 0.000000000000000000, 0.000000000000000000 ) ) ;
#3249 = AXIS2_PLACEMENT_3D ( 'NONE', #2865, #1281, #4797 ) ;
#3250 = ORIENTED_EDGE ( 'NONE', *, *, #2034, .F. ) ;
#3251 = CARTESIAN_POINT ( 'NONE',  ( -64.51479838570431014, 5.000000000000000000, 44.99999999999999289 ) ) ;
#3252 = DIRECTION ( 'NONE',  ( 0.000000000000000000, 1.000000000000000000, 0.000000000000000000 ) ) ;
#3253 = FACE_BOUND ( 'NONE', #925, .T. ) ;
#3254 = EDGE_CURVE ( 'NONE', #4563, #427, #4696, .T. ) ;
#3255 = ORIENTED_EDGE ( 'NONE', *, *, #1441, .F. ) ;
#3256 = ORIENTED_EDGE ( 'NONE', *, *, #1003, .T. ) ;
#3257 = EDGE_LOOP ( 'NONE', ( #67, #3102, #4588, #2682 ) ) ;
#3258 = DIRECTION ( 'NONE',  ( -0.000000000000000000, -1.000000000000000000, -0.000000000000000000 ) ) ;
#3259 = DIRECTION ( 'NONE',  ( -0.000000000000000000, 1.000000000000000000, -0.000000000000000000 ) ) ;
#3260 = ORIENTED_EDGE ( 'NONE', *, *, #3538, .T. ) ;
#3261 =( NAMED_UNIT ( * ) SI_UNIT ( $, .STERADIAN. ) SOLID_ANGLE_UNIT ( ) );
#3262 = CARTESIAN_POINT ( 'NONE',  ( -3.469446951953614189E-15, -10.00000000000000000, -1.474514954580286030E-14 ) ) ;
#3263 = EDGE_CURVE ( 'NONE', #3025, #1239, #459, .T. ) ;
#3264 = LINE ( 'NONE', #2119, #1245 ) ;
#3265 = VECTOR ( 'NONE', #4983, 1000.000000000000000 ) ;
#3266 = ORIENTED_EDGE ( 'NONE', *, *, #2834, .T. ) ;
#3267 = ORIENTED_EDGE ( 'NONE', *, *, #3166, .F. ) ;
#3268 = DIRECTION ( 'NONE',  ( 1.000000000000000000, -0.000000000000000000, -0.000000000000000000 ) ) ;
#3269 = VECTOR ( 'NONE', #3422, 1000.000000000000000 ) ;
#3270 = EDGE_CURVE ( 'NONE', #148, #864, #537, .T. ) ;
#3271 = VECTOR ( 'NONE', #1212, 1000.000000000000000 ) ;
#3272 = CC_DESIGN_PERSON_AND_ORGANIZATION_ASSIGNMENT ( #1665, #2910, ( #4486 ) ) ;
#3273 = AXIS2_PLACEMENT_3D ( 'NONE', #4275, #1540, #4623 ) ;
#3274 = AXIS2_PLACEMENT_3D ( 'NONE', #2792, #4672, #2741 ) ;
#3275 = ORIENTED_EDGE ( 'NONE', *, *, #3289, .F. ) ;
#3276 = CARTESIAN_POINT ( 'NONE',  ( -74.19829071883061999, -25.00000000000000000, 74.71358084809440925 ) ) ;
#3277 = LINE ( 'NONE', #4048, #1648 ) ;
#3278 = CARTESIAN_POINT ( 'NONE',  ( 59.37000000000000455, 5.000000000000000000, 62.39000000000000767 ) ) ;
#3279 = AXIS2_PLACEMENT_3D ( 'NONE', #372, #2392, #2358 ) ;
#3280 = AXIS2_PLACEMENT_3D ( 'NONE', #288, #2934, #4089 ) ;
#3281 = ORIENTED_EDGE ( 'NONE', *, *, #3768, .F. ) ;
#3282 = EDGE_LOOP ( 'NONE', ( #1514, #3359, #4065, #4159 ) ) ;
#3283 = DIRECTION ( 'NONE',  ( -1.000000000000000000, 0.000000000000000000, 0.000000000000000000 ) ) ;
#3284 = DIRECTION ( 'NONE',  ( 0.000000000000000000, 0.000000000000000000, 1.000000000000000000 ) ) ;
#3285 = VECTOR ( 'NONE', #807, 1000.000000000000000 ) ;
#3286 = VERTEX_POINT ( 'NONE', #4316 ) ;
#3287 = COORDINATED_UNIVERSAL_TIME_OFFSET ( 7, 0, .AHEAD. ) ;
#3288 = CC_DESIGN_APPROVAL ( #285, ( #680 ) ) ;
#3289 = EDGE_CURVE ( 'NONE', #4258, #1111, #3101, .T. ) ;
#3290 = ORIENTED_EDGE ( 'NONE', *, *, #1048, .F. ) ;
#3291 = DIRECTION ( 'NONE',  ( 0.000000000000000000, 0.000000000000000000, -1.000000000000000000 ) ) ;
#3292 = CARTESIAN_POINT ( 'NONE',  ( -0.7999999995522613094, 0.000000000000000000, 20.50000000413565715 ) ) ;
#3293 = EDGE_CURVE ( 'NONE', #712, #2035, #4765, .T. ) ;
#3294 = ORIENTED_EDGE ( 'NONE', *, *, #4018, .T. ) ;
#3295 = ORIENTED_EDGE ( 'NONE', *, *, #4795, .F. ) ;
#3296 = DIRECTION ( 'NONE',  ( 0.000000000000000000, 0.000000000000000000, 1.000000000000000000 ) ) ;
#3297 = FACE_OUTER_BOUND ( 'NONE', #3227, .T. ) ;
#3298 = EDGE_CURVE ( 'NONE', #2280, #325, #900, .T. ) ;
#3299 = DIRECTION ( 'NONE',  ( -0.000000000000000000, -0.000000000000000000, -1.000000000000000000 ) ) ;
#3300 = DIRECTION ( 'NONE',  ( 0.000000000000000000, 0.000000000000000000, -1.000000000000000000 ) ) ;
#3301 = FACE_OUTER_BOUND ( 'NONE', #571, .T. ) ;
#3302 = ORIENTED_EDGE ( 'NONE', *, *, #130, .T. ) ;
#3303 = VERTEX_POINT ( 'NONE', #4040 ) ;
#3304 = DIRECTION ( 'NONE',  ( -0.000000000000000000, 1.000000000000000000, -0.000000000000000000 ) ) ;
#3305 = FACE_OUTER_BOUND ( 'NONE', #1577, .T. ) ;
#3306 = ORIENTED_EDGE ( 'NONE', *, *, #4361, .F. ) ;
#3307 = COORDINATED_UNIVERSAL_TIME_OFFSET ( 7, 0, .AHEAD. ) ;
#3308 = EDGE_LOOP ( 'NONE', ( #1401, #4351, #2265, #2924, #4332, #653 ) ) ;
#3309 = DIRECTION ( 'NONE',  ( 1.000000000000000000, -0.000000000000000000, 0.000000000000000000 ) ) ;
#3310 = DIRECTION ( 'NONE',  ( -1.000000000000000000, 0.000000000000000000, 0.000000000000000000 ) ) ;
#3311 = EDGE_CURVE ( 'NONE', #4655, #621, #3188, .T. ) ;
#3312 = CYLINDRICAL_SURFACE ( 'NONE', #3434, 1.599999999999997202 ) ;
#3313 = VERTEX_POINT ( 'NONE', #4342 ) ;
#3314 = ORIENTED_EDGE ( 'NONE', *, *, #1970, .T. ) ;
#3315 = DIRECTION ( 'NONE',  ( 0.000000000000000000, -1.000000000000000000, 0.000000000000000000 ) ) ;
#3316 = ADVANCED_FACE ( 'NONE', ( #2038 ), #2071, .F. ) ;
#3317 = LINE ( 'NONE', #2103, #2946 ) ;
#3318 = CARTESIAN_POINT ( 'NONE',  ( -0.7999999995522610874, 5.000000000000000000, 18.50000000361856323 ) ) ;
#3319 = LINE ( 'NONE', #2181, #832 ) ;
#3320 = ADVANCED_FACE ( 'NONE', ( #632 ), #2526, .T. ) ;
#3321 = ORIENTED_EDGE ( 'NONE', *, *, #1335, .T. ) ;
#3322 = ORIENTED_EDGE ( 'NONE', *, *, #4285, .F. ) ;
#3323 = FACE_OUTER_BOUND ( 'NONE', #523, .T. ) ;
#3324 = CARTESIAN_POINT ( 'NONE',  ( 3.590000000000005631, -1.044974726831096474E-15, 60.00000000000000000 ) ) ;
#3325 = EDGE_CURVE ( 'NONE', #3215, #3042, #4535, .T. ) ;
#3326 = ORIENTED_EDGE ( 'NONE', *, *, #4974, .T. ) ;
#3327 = PERSON_AND_ORGANIZATION ( #510, #3437 ) ;
#3328 = VERTEX_POINT ( 'NONE', #1064 ) ;
#3329 = DIRECTION ( 'NONE',  ( 0.000000000000000000, 0.000000000000000000, -1.000000000000000000 ) ) ;
#3330 = DIRECTION ( 'NONE',  ( -1.000000000000000000, 0.000000000000000000, 0.000000000000000000 ) ) ;
#3331 = CARTESIAN_POINT ( 'NONE',  ( -53.56071321407137731, -5.000000000000000000, -12.50000000000000000 ) ) ;
#3332 = DIRECTION ( 'NONE',  ( -0.000000000000000000, -1.000000000000000000, -0.000000000000000000 ) ) ;
#3333 = ORIENTED_EDGE ( 'NONE', *, *, #3142, .T. ) ;
#3334 = EDGE_CURVE ( 'NONE', #4988, #3783, #1016, .T. ) ;
#3335 = FACE_OUTER_BOUND ( 'NONE', #3474, .T. ) ;
#3336 = AXIS2_PLACEMENT_3D ( 'NONE', #1560, #1640, #485 ) ;
#3337 = VECTOR ( 'NONE', #1709, 1000.000000000000000 ) ;
#3338 = DIRECTION ( 'NONE',  ( 1.000000000000000000, 0.000000000000000000, 0.000000000000000000 ) ) ;
#3339 = PLANE ( 'NONE',  #184 ) ;
#3340 = VECTOR ( 'NONE', #3777, 1000.000000000000000 ) ;
#3341 = CIRCLE ( 'NONE', #1143, 55.00000000000000000 ) ;
#3342 = CARTESIAN_POINT ( 'NONE',  ( -82.35274281085926873, 0.1500000000000008271, 44.99999999999999289 ) ) ;
#3343 = FACE_OUTER_BOUND ( 'NONE', #2258, .T. ) ;
#3344 = CARTESIAN_POINT ( 'NONE',  ( 47.50000000044774140, 0.000000000000000000, 18.50000000361856323 ) ) ;
#3345 = CIRCLE ( 'NONE', #3029, 1.599999999999997202 ) ;
#3346 = AXIS2_PLACEMENT_3D ( 'NONE', #2390, #491, #1677 ) ;
#3347 = VERTEX_POINT ( 'NONE', #988 ) ;
#3348 = VERTEX_POINT ( 'NONE', #2961 ) ;
#3349 = EDGE_LOOP ( 'NONE', ( #1828, #604, #198, #4011 ) ) ;
#3350 = EDGE_CURVE ( 'NONE', #3783, #3856, #609, .T. ) ;
#3351 = DIRECTION ( 'NONE',  ( -1.000000000000000000, 0.000000000000000000, -0.000000000000000000 ) ) ;
#3352 = DIRECTION ( 'NONE',  ( 0.000000000000000000, 0.000000000000000000, -1.000000000000000000 ) ) ;
#3353 = VECTOR ( 'NONE', #928, 1000.000000000000000 ) ;
#3354 = VECTOR ( 'NONE', #607, 1000.000000000000000 ) ;
#3355 = CARTESIAN_POINT ( 'NONE',  ( 50.99019513592784136, -10.00000000000000000, -12.50000000000000000 ) ) ;
#3356 = VECTOR ( 'NONE', #1921, 1000.000000000000000 ) ;
#3357 = ORIENTED_EDGE ( 'NONE', *, *, #3350, .T. ) ;
#3358 = DATE_TIME_ROLE ( 'creation_date' ) ;
#3359 = ORIENTED_EDGE ( 'NONE', *, *, #3237, .F. ) ;
#3360 = EDGE_CURVE ( 'NONE', #4435, #2197, #1423, .T. ) ;
#3361 = DIRECTION ( 'NONE',  ( -0.000000000000000000, 0.000000000000000000, -1.000000000000000000 ) ) ;
#3362 = AXIS2_PLACEMENT_3D ( 'NONE', #4686, #2406, #1636 ) ;
#3363 = DIRECTION ( 'NONE',  ( 0.000000000000000000, 0.000000000000000000, 1.000000000000000000 ) ) ;
#3364 = DIRECTION ( 'NONE',  ( 1.000000000000000000, 0.000000000000000000, 0.000000000000000000 ) ) ;
#3365 = AXIS2_PLACEMENT_3D ( 'NONE', #3557, #733, #1913 ) ;
#3366 = VERTEX_POINT ( 'NONE', #4816 ) ;
#3367 = DIRECTION ( 'NONE',  ( 0.000000000000000000, 0.000000000000000000, -1.000000000000000000 ) ) ;
#3368 = FACE_OUTER_BOUND ( 'NONE', #2143, .T. ) ;
#3369 = LINE ( 'NONE', #3015, #2308 ) ;
#3370 = DIRECTION ( 'NONE',  ( 0.000000000000000000, -1.000000000000000000, 0.000000000000000000 ) ) ;
#3371 = CARTESIAN_POINT ( 'NONE',  ( -23.34563602967273610, 5.000000000000000000, 74.71358084809440925 ) ) ;
#3372 = LINE ( 'NONE', #1078, #2474 ) ;
#3373 = LINE ( 'NONE', #1435, #2565 ) ;
#3374 = EDGE_CURVE ( 'NONE', #2456, #1759, #2987, .T. ) ;
#3375 = ORIENTED_EDGE ( 'NONE', *, *, #1772, .F. ) ;
#3376 = ORIENTED_EDGE ( 'NONE', *, *, #696, .F. ) ;
#3377 = VERTEX_POINT ( 'NONE', #4515 ) ;
#3378 = LINE ( 'NONE', #244, #738 ) ;
#3379 = FACE_OUTER_BOUND ( 'NONE', #2397, .T. ) ;
#3380 = CYLINDRICAL_SURFACE ( 'NONE', #4217, 2.000000000517098364 ) ;
#3381 = EDGE_CURVE ( 'NONE', #4076, #2136, #4087, .T. ) ;
#3382 = ORIENTED_EDGE ( 'NONE', *, *, #2939, .F. ) ;
#3383 = APPROVAL_DATE_TIME ( #2984, #3788 ) ;
#3384 = ORIENTED_EDGE ( 'NONE', *, *, #4974, .F. ) ;
#3385 = CARTESIAN_POINT ( 'NONE',  ( -52.61000000000000654, -5.000000000000000000, 79.99999999999998579 ) ) ;
#3386 = DIRECTION ( 'NONE',  ( 0.000000000000000000, 0.000000000000000000, 1.000000000000000000 ) ) ;
#3387 = EDGE_CURVE ( 'NONE', #98, #3468, #1811, .T. ) ;
#3388 = CARTESIAN_POINT ( 'NONE',  ( -64.51479838570431014, -5.000000000000000000, 79.99999999999998579 ) ) ;
#3389 = DIRECTION ( 'NONE',  ( 1.000000000000000000, 0.000000000000000000, 0.000000000000000000 ) ) ;
#3390 = ORIENTED_EDGE ( 'NONE', *, *, #618, .F. ) ;
#3391 = CARTESIAN_POINT ( 'NONE',  ( 50.00000000000001421, -5.000000000000000000, 79.99999999999995737 ) ) ;
#3392 = CARTESIAN_POINT ( 'NONE',  ( -23.34563602967273610, -35.86999999999999744, 55.00647406690787022 ) ) ;
#3393 = DIRECTION ( 'NONE',  ( -0.9374582107150531973, -0.3480978356194288637, 2.803242001076690814E-16 ) ) ;
#3394 = DIRECTION ( 'NONE',  ( 0.000000000000000000, 1.000000000000000000, -0.000000000000000000 ) ) ;
#3395 = ORIENTED_EDGE ( 'NONE', *, *, #1763, .T. ) ;
#3396 = VERTEX_POINT ( 'NONE', #228 ) ;
#3397 = DIRECTION ( 'NONE',  ( 0.000000000000000000, 0.000000000000000000, 1.000000000000000000 ) ) ;
#3398 = FACE_OUTER_BOUND ( 'NONE', #4304, .T. ) ;
#3399 = EDGE_CURVE ( 'NONE', #1443, #4809, #2623, .T. ) ;
#3400 = CARTESIAN_POINT ( 'NONE',  ( -82.35274281085926873, -44.00000000000002132, 55.00647406690787022 ) ) ;
#3401 = VECTOR ( 'NONE', #4264, 1000.000000000000000 ) ;
#3402 = ORIENTED_EDGE ( 'NONE', *, *, #4171, .F. ) ;
#3403 = PERSON_AND_ORGANIZATION_ROLE ( 'classification_officer' ) ;
#3404 = ORIENTED_EDGE ( 'NONE', *, *, #3374, .T. ) ;
#3405 = CARTESIAN_POINT ( 'NONE',  ( -50.21591620410926282, -5.000000000000000000, 40.00000000000000000 ) ) ;
#3406 = CYLINDRICAL_SURFACE ( 'NONE', #497, 1.600000000926173005 ) ;
#3407 = FACE_OUTER_BOUND ( 'NONE', #106, .T. ) ;
#3408 = ORIENTED_EDGE ( 'NONE', *, *, #3986, .T. ) ;
#3409 = EDGE_CURVE ( 'NONE', #127, #2515, #3760, .T. ) ;
#3410 = CARTESIAN_POINT ( 'NONE',  ( 0.000000000000000000, 0.000000000000000000, 67.39000000000000057 ) ) ;
#3411 = CARTESIAN_POINT ( 'NONE',  ( 0.000000000000000000, 0.000000000000000000, 74.71358084809440925 ) ) ;
#3412 = DIRECTION ( 'NONE',  ( 0.000000000000000000, 1.000000000000000000, -0.000000000000000000 ) ) ;
#3413 = EDGE_CURVE ( 'NONE', #1371, #4710, #4163, .T. ) ;
#3414 = CARTESIAN_POINT ( 'NONE',  ( -70.62999999999999545, 5.000000000000000000, 40.00000000000002132 ) ) ;
#3415 = LINE ( 'NONE', #343, #2407 ) ;
#3416 = AXIS2_PLACEMENT_3D ( 'NONE', #2926, #4483, #650 ) ;
#3417 = CIRCLE ( 'NONE', #335, 2.400000000000000799 ) ;
#3418 = ORIENTED_EDGE ( 'NONE', *, *, #3896, .F. ) ;
#3419 = ORIENTED_EDGE ( 'NONE', *, *, #784, .T. ) ;
#3420 = CARTESIAN_POINT ( 'NONE',  ( 0.000000000000000000, -5.000000000000000000, 0.000000000000000000 ) ) ;
#3421 = DIRECTION ( 'NONE',  ( 0.000000000000000000, 0.000000000000000000, 1.000000000000000000 ) ) ;
#3422 = DIRECTION ( 'NONE',  ( 0.000000000000000000, -1.000000000000000000, 0.000000000000000000 ) ) ;
#3423 = AXIS2_PLACEMENT_3D ( 'NONE', #1433, #4524, #1408 ) ;
#3424 = CIRCLE ( 'NONE', #4312, 2.399999999999999467 ) ;
#3425 = ORIENTED_EDGE ( 'NONE', *, *, #4088, .F. ) ;
#3426 = ORIENTED_EDGE ( 'NONE', *, *, #3270, .T. ) ;
#3427 = AXIS2_PLACEMENT_3D ( 'NONE', #3176, #3898, #420 ) ;
#3428 = AXIS2_PLACEMENT_3D ( 'NONE', #1049, #1077, #3813 ) ;
#3429 = LINE ( 'NONE', #4185, #657 ) ;
#3430 = CYLINDRICAL_SURFACE ( 'NONE', #331, 52.50000000000000000 ) ;
#3431 = VECTOR ( 'NONE', #2307, 1000.000000000000000 ) ;
#3432 = ADVANCED_FACE ( 'NONE', ( #4838 ), #2193, .F. ) ;
#3433 = CARTESIAN_POINT ( 'NONE',  ( 47.50000000044774140, 0.000000000000000000, 32.50000000465276884 ) ) ;
#3434 = AXIS2_PLACEMENT_3D ( 'NONE', #1066, #4134, #4516 ) ;
#3435 = VERTEX_POINT ( 'NONE', #1369 ) ;
#3436 = CARTESIAN_POINT ( 'NONE',  ( 0.000000000000000000, -26.59000000000001407, 55.00647406690787022 ) ) ;
#3437 = ORGANIZATION ( 'UNSPECIFIED', 'UNSPECIFIED', '' ) ;
#3438 = LINE ( 'NONE', #314, #1099 ) ;
#3439 = EDGE_CURVE ( 'NONE', #1741, #1195, #3656, .T. ) ;
#3440 = CC_DESIGN_APPROVAL ( #646, ( #4084 ) ) ;
#3441 = DIRECTION ( 'NONE',  ( 0.000000000000000000, -1.000000000000000000, 0.000000000000000000 ) ) ;
#3442 = LINE ( 'NONE', #4214, #3800 ) ;
#3443 = DIRECTION ( 'NONE',  ( 0.000000000000000000, -0.000000000000000000, -1.000000000000000000 ) ) ;
#3444 = ADVANCED_FACE ( 'NONE', ( #181, #3729 ), #1738, .F. ) ;
#3445 = ORIENTED_EDGE ( 'NONE', *, *, #3360, .F. ) ;
#3446 = ORIENTED_EDGE ( 'NONE', *, *, #4916, .T. ) ;
#3447 = DIRECTION ( 'NONE',  ( 0.000000000000000000, -1.000000000000000000, 0.000000000000000000 ) ) ;
#3448 = CARTESIAN_POINT ( 'NONE',  ( -28.69918942026600917, -35.86999999999999744, 62.36002745750113263 ) ) ;
#3449 = ORIENTED_EDGE ( 'NONE', *, *, #725, .T. ) ;
#3450 = PERSON_AND_ORGANIZATION ( #510, #3437 ) ;
#3451 = ORIENTED_EDGE ( 'NONE', *, *, #2642, .T. ) ;
#3452 = ORIENTED_EDGE ( 'NONE', *, *, #3896, .T. ) ;
#3453 = CARTESIAN_POINT ( 'NONE',  ( -82.35274281085926873, -44.00000000000002132, 44.99999999999999289 ) ) ;
#3454 = DIRECTION ( 'NONE',  ( -0.000000000000000000, 1.000000000000000000, -0.000000000000000000 ) ) ;
#3455 = CIRCLE ( 'NONE', #612, 52.50000000000000000 ) ;
#3456 = CARTESIAN_POINT ( 'NONE',  ( 631.0057925714637577, 878.5398693949484823, 1379.094555091485518 ) ) ;
#3457 = ORIENTED_EDGE ( 'NONE', *, *, #2268, .F. ) ;
#3458 = LINE ( 'NONE', #4638, #2106 ) ;
#3459 = EDGE_CURVE ( 'NONE', #1213, #555, #4300, .T. ) ;
#3460 = CARTESIAN_POINT ( 'NONE',  ( 0.000000000000000000, 10.00000000000000000, 0.000000000000000000 ) ) ;
#3461 = ORIENTED_EDGE ( 'NONE', *, *, #3360, .T. ) ;
#3462 = CARTESIAN_POINT ( 'NONE',  ( -57.27545417499960934, 10.00000000000000000, 2.400000000000000799 ) ) ;
#3463 = CARTESIAN_POINT ( 'NONE',  ( -82.35274281085926873, 0.1500000000000008271, 44.99999999999999289 ) ) ;
#3464 = CARTESIAN_POINT ( 'NONE',  ( 59.78999999999999915, -5.000000000000000000, 40.00000000000000000 ) ) ;
#3465 = ADVANCED_FACE ( 'NONE', ( #4061 ), #583, .T. ) ;
#3466 = FACE_OUTER_BOUND ( 'NONE', #2871, .T. ) ;
#3467 = VERTEX_POINT ( 'NONE', #4186 ) ;
#3468 = VERTEX_POINT ( 'NONE', #2695 ) ;
#3469 = CARTESIAN_POINT ( 'NONE',  ( -62.60999999999999943, 22.41000000000000369, 62.39000000000000767 ) ) ;
#3470 = CARTESIAN_POINT ( 'NONE',  ( 50.00000000000000000, 22.41000000000000369, 42.39000000000000057 ) ) ;
#3471 = EDGE_CURVE ( 'NONE', #3348, #1332, #4260, .T. ) ;
#3472 = ORIENTED_EDGE ( 'NONE', *, *, #4969, .F. ) ;
#3473 = CALENDAR_DATE ( 2025, 7, 10 ) ;
#3474 = EDGE_LOOP ( 'NONE', ( #3081, #4315, #697, #347 ) ) ;
#3475 = ORIENTED_EDGE ( 'NONE', *, *, #4074, .F. ) ;
#3476 = DIRECTION ( 'NONE',  ( 0.000000000000000000, 0.000000000000000000, -1.000000000000000000 ) ) ;
#3477 = PERSON ( 'NAUO-PER2', 'UNSPECIFIED', 'UNSPECIFIED', ('UNSPECIFIED'), ('UNSPECIFIED'), ('UNSPECIFIED') ) ;
#3478 = EDGE_CURVE ( 'NONE', #598, #399, #2285, .T. ) ;
#3479 = CARTESIAN_POINT ( 'NONE',  ( -50.21591620410926282, -44.00000000000002132, 40.00000000000000000 ) ) ;
#3480 = CIRCLE ( 'NONE', #156, 2.399999999999999467 ) ;
#3481 =( NAMED_UNIT ( * ) SI_UNIT ( $, .STERADIAN. ) SOLID_ANGLE_UNIT ( ) );
#3482 = ORIENTED_EDGE ( 'NONE', *, *, #702, .T. ) ;
#3483 = PLANE ( 'NONE',  #3640 ) ;
#3484 = CARTESIAN_POINT ( 'NONE',  ( -57.94295870590023867, -26.59000000000001407, 56.17304270302549440 ) ) ;
#3485 = ADVANCED_FACE ( 'NONE', ( #1092 ), #3430, .F. ) ;
#3486 = ORIENTED_EDGE ( 'NONE', *, *, #1115, .T. ) ;
#3487 = CARTESIAN_POINT ( 'NONE',  ( 14.99999999999999467, -5.000000000000000000, -52.91502622129181077 ) ) ;
#3488 = CARTESIAN_POINT ( 'NONE',  ( -76.99918942026600632, -35.86999999999999744, 72.36002745750114684 ) ) ;
#3489 = FACE_OUTER_BOUND ( 'NONE', #1106, .T. ) ;
#3490 = ADVANCED_FACE ( 'NONE', ( #2649 ), #783, .F. ) ;
#3491 = VERTEX_POINT ( 'NONE', #308 ) ;
#3492 = VERTEX_POINT ( 'NONE', #2247 ) ;
#3493 = CARTESIAN_POINT ( 'NONE',  ( 50.00000000000000711, -5.000000000000000000, 74.71358084809440925 ) ) ;
#3494 = CYLINDRICAL_SURFACE ( 'NONE', #3273, 5.000000000000000000 ) ;
#3495 = VECTOR ( 'NONE', #48, 1000.000000000000000 ) ;
#3496 = EDGE_CURVE ( 'NONE', #3435, #4620, #3341, .T. ) ;
#3497 = VERTEX_POINT ( 'NONE', #4206 ) ;
#3498 = CONTEXT_DEPENDENT_SHAPE_REPRESENTATION ( #1166, #324 ) ;
#3499 = EDGE_LOOP ( 'NONE', ( #224, #1842 ) ) ;
#3500 = ORIENTED_EDGE ( 'NONE', *, *, #2723, .T. ) ;
#3501 = DIRECTION ( 'NONE',  ( -1.000000000000000000, 0.000000000000000000, 0.000000000000000000 ) ) ;
#3502 = VECTOR ( 'NONE', #862, 1000.000000000000000 ) ;
#3503 = CIRCLE ( 'NONE', #4943, 2.399999999999999467 ) ;
#3504 = PLANE ( 'NONE',  #3187 ) ;
#3505 = CARTESIAN_POINT ( 'NONE',  ( -55.99019513592784847, -10.00000000000000000, -7.500000000000000888 ) ) ;
#3506 = AXIS2_PLACEMENT_3D ( 'NONE', #3542, #4689, #2812 ) ;
#3507 = ADVANCED_FACE ( 'NONE', ( #3084 ), #3406, .F. ) ;
#3508 = CIRCLE ( 'NONE', #3744, 2.399999999999999467 ) ;
#3509 = PLANE ( 'NONE',  #4560 ) ;
#3510 = ORIENTED_EDGE ( 'NONE', *, *, #3293, .T. ) ;
#3511 = LINE ( 'NONE', #1141, #78 ) ;
#3512 = AXIS2_PLACEMENT_3D ( 'NONE', #1440, #1384, #4484 ) ;
#3513 = CIRCLE ( 'NONE', #2041, 2.400000000000000799 ) ;
#3514 = CARTESIAN_POINT ( 'NONE',  ( 47.50000000044774140, 5.000000000000000000, 18.50000000361856323 ) ) ;
#3515 = ORIENTED_EDGE ( 'NONE', *, *, #3773, .F. ) ;
#3516 = LINE ( 'NONE', #2734, #2205 ) ;
#3517 = CARTESIAN_POINT ( 'NONE',  ( 59.37000000000000455, 5.000000000000000000, 40.00000000000000000 ) ) ;
#3518 = CARTESIAN_POINT ( 'NONE',  ( -23.34563602967273610, -35.86999999999999744, 55.00647406690787022 ) ) ;
#3519 = AXIS2_PLACEMENT_3D ( 'NONE', #28, #403, #1585 ) ;
#3520 = DIRECTION ( 'NONE',  ( -1.000000000000000000, 0.000000000000000000, 0.000000000000000000 ) ) ;
#3521 = CARTESIAN_POINT ( 'NONE',  ( -10.52170913285009668, -44.00000000000002132, 74.71358084809440925 ) ) ;
#3522 = LOCAL_TIME ( 21, 27, 32.00000000000000000, #629 ) ;
#3523 = ORIENTED_EDGE ( 'NONE', *, *, #1505, .T. ) ;
#3524 = CARTESIAN_POINT ( 'NONE',  ( -23.34563602967273610, 5.000000000000000000, 55.00647406690787022 ) ) ;
#3525 = CARTESIAN_POINT ( 'NONE',  ( -23.34563602967273610, -35.86999999999999744, 79.71358084809442346 ) ) ;
#3526 = LINE ( 'NONE', #3470, #584 ) ;
#3527 = ADVANCED_FACE ( 'NONE', ( #5015, #2341 ), #3504, .F. ) ;
#3528 = ORIENTED_EDGE ( 'NONE', *, *, #2988, .F. ) ;
#3529 = PERSON_AND_ORGANIZATION_ROLE ( 'classification_officer' ) ;
#3530 = ORIENTED_EDGE ( 'NONE', *, *, #1610, .F. ) ;
#3531 = ORIENTED_EDGE ( 'NONE', *, *, #673, .T. ) ;
#3532 = LINE ( 'NONE', #4205, #899 ) ;
#3533 = PLANE ( 'NONE',  #3108 ) ;
#3534 = ADVANCED_FACE ( 'NONE', ( #2267 ), #1135, .F. ) ;
#3535 = EDGE_LOOP ( 'NONE', ( #4282, #1246, #3523, #1390 ) ) ;
#3536 = ORIENTED_EDGE ( 'NONE', *, *, #3142, .F. ) ;
#3537 = DIRECTION ( 'NONE',  ( 0.000000000000000000, 1.000000000000000000, -0.000000000000000000 ) ) ;
#3538 = EDGE_CURVE ( 'NONE', #623, #555, #3785, .T. ) ;
#3539 = DIRECTION ( 'NONE',  ( 1.000000000000000000, 0.000000000000000000, 0.000000000000000000 ) ) ;
#3540 = ORIENTED_EDGE ( 'NONE', *, *, #1043, .T. ) ;
#3541 = CARTESIAN_POINT ( 'NONE',  ( -57.60999999999999943, 22.41000000000000369, 67.39000000000000057 ) ) ;
#3542 = CARTESIAN_POINT ( 'NONE',  ( -52.97999999999999687, 5.000000000000000000, 67.39000000000000057 ) ) ;
#3543 = FACE_OUTER_BOUND ( 'NONE', #479, .T. ) ;
#3544 = CARTESIAN_POINT ( 'NONE',  ( -60.99019513592784136, 10.00000000000000000, 12.50000000000000000 ) ) ;
#3545 = PLANE ( 'NONE',  #3853 ) ;
#3546 = ORIENTED_EDGE ( 'NONE', *, *, #1678, .F. ) ;
#3547 = CARTESIAN_POINT ( 'NONE',  ( -52.97999999999999687, 49.20061216172560847, 42.39000000000000057 ) ) ;
#3548 = CARTESIAN_POINT ( 'NONE',  ( 50.00000000000000000, 5.000000000000000888, 42.39000000000000057 ) ) ;
#3549 = DIRECTION ( 'NONE',  ( 0.000000000000000000, -1.000000000000000000, 0.000000000000000000 ) ) ;
#3550 = ORIENTED_EDGE ( 'NONE', *, *, #2451, .F. ) ;
#3551 = ORIENTED_EDGE ( 'NONE', *, *, #1801, .T. ) ;
#3552 = ADVANCED_FACE ( 'NONE', ( #686 ), #2293, .T. ) ;
#3553 = ORIENTED_EDGE ( 'NONE', *, *, #1242, .F. ) ;
#3554 = DIRECTION ( 'NONE',  ( 0.000000000000000000, -1.000000000000000000, 0.000000000000000000 ) ) ;
#3555 = CARTESIAN_POINT ( 'NONE',  ( 3.590000000000005631, -1.044974726831096474E-15, 60.00000000000000000 ) ) ;
#3556 = ORIENTED_EDGE ( 'NONE', *, *, #2793, .T. ) ;
#3557 = CARTESIAN_POINT ( 'NONE',  ( 0.000000000000000000, 0.000000000000000000, 0.000000000000000000 ) ) ;
#3558 = EDGE_CURVE ( 'NONE', #621, #283, #4991, .T. ) ;
#3559 = ORIENTED_EDGE ( 'NONE', *, *, #3937, .F. ) ;
#3560 = LINE ( 'NONE', #4713, #3337 ) ;
#3561 = AXIS2_PLACEMENT_3D ( 'NONE', #4290, #1618, #1593 ) ;
#3562 = CARTESIAN_POINT ( 'NONE',  ( -15.00000000000000000, -4.999999999999999112, -50.31152949374526884 ) ) ;
#3563 = ADVANCED_FACE ( 'NONE', ( #1548 ), #4633, .F. ) ;
#3564 = ORIENTED_EDGE ( 'NONE', *, *, #4606, .T. ) ;
#3565 = FACE_OUTER_BOUND ( 'NONE', #2878, .T. ) ;
#3566 = CYLINDRICAL_SURFACE ( 'NONE', #1888, 1.599999999999997202 ) ;
#3567 = LINE ( 'NONE', #1177, #415 ) ;
#3568 = CARTESIAN_POINT ( 'NONE',  ( -62.60999999999999943, 22.41000000000000369, 47.39000000000000057 ) ) ;
#3569 = FACE_OUTER_BOUND ( 'NONE', #2638, .T. ) ;
#3570 = DIRECTION ( 'NONE',  ( 0.000000000000000000, 1.000000000000000000, -0.000000000000000000 ) ) ;
#3571 = EDGE_CURVE ( 'NONE', #579, #1145, #1525, .T. ) ;
#3572 = APPROVAL ( #1089, 'UNSPECIFIED' ) ;
#3573 = ORIENTED_EDGE ( 'NONE', *, *, #4046, .F. ) ;
#3574 = DIRECTION ( 'NONE',  ( 0.000000000000000000, 0.000000000000000000, -1.000000000000000000 ) ) ;
#3575 = DIRECTION ( 'NONE',  ( 0.000000000000000000, 1.000000000000000000, 0.000000000000000000 ) ) ;
#3576 = DIRECTION ( 'NONE',  ( 1.000000000000000000, 0.000000000000000000, -9.626656359471741400E-17 ) ) ;
#3577 = EDGE_LOOP ( 'NONE', ( #1861, #4085, #126, #2332, #1972, #1750, #1462, #3192 ) ) ;
#3578 = VERTEX_POINT ( 'NONE', #4604 ) ;
#3579 = ORIENTED_EDGE ( 'NONE', *, *, #2765, .T. ) ;
#3580 = DIRECTION ( 'NONE',  ( 1.156482317317871478E-16, 0.000000000000000000, 1.000000000000000000 ) ) ;
#3581 = DIRECTION ( 'NONE',  ( 0.000000000000000000, 0.000000000000000000, -1.000000000000000000 ) ) ;
#3582 = AXIS2_PLACEMENT_3D ( 'NONE', #4464, #3685, #3138 ) ;
#3583 = ORIENTED_EDGE ( 'NONE', *, *, #3048, .T. ) ;
#3584 = APPROVAL_DATE_TIME ( #4814, #2366 ) ;
#3585 = ORIENTED_EDGE ( 'NONE', *, *, #1833, .T. ) ;
#3586 = AXIS2_PLACEMENT_3D ( 'NONE', #2518, #573, #3676 ) ;
#3587 = VECTOR ( 'NONE', #3454, 1000.000000000000000 ) ;
#3588 = DIRECTION ( 'NONE',  ( -0.000000000000000000, -1.000000000000000000, -0.000000000000000000 ) ) ;
#3589 = EDGE_CURVE ( 'NONE', #68, #1378, #3417, .T. ) ;
#3590 = VECTOR ( 'NONE', #4901, 1000.000000000000000 ) ;
#3591 = VECTOR ( 'NONE', #4589, 1000.000000000000000 ) ;
#3592 = DIRECTION ( 'NONE',  ( 0.000000000000000000, 0.000000000000000000, -1.000000000000000000 ) ) ;
#3593 = VERTEX_POINT ( 'NONE', #3908 ) ;
#3594 = PLANE ( 'NONE',  #1879 ) ;
#3595 = CARTESIAN_POINT ( 'NONE',  ( -82.35274281085926873, 5.000000000000000000, 55.00647406690787022 ) ) ;
#3596 = AXIS2_PLACEMENT_3D ( 'NONE', #3453, #3501, #1983 ) ;
#3597 = CARTESIAN_POINT ( 'NONE',  ( -52.61000000000000654, -3.589999999999995861, 31.38533708426405866 ) ) ;
#3598 = CARTESIAN_POINT ( 'NONE',  ( 44.35000000044729518, 5.000000000000000000, 14.50000000413410461 ) ) ;
#3599 = LINE ( 'NONE', #2868, #4396 ) ;
#3600 = EDGE_CURVE ( 'NONE', #280, #509, #2853, .T. ) ;
#3601 = VECTOR ( 'NONE', #3670, 1000.000000000000000 ) ;
#3602 = ORIENTED_EDGE ( 'NONE', *, *, #3293, .F. ) ;
#3603 = AXIS2_PLACEMENT_3D ( 'NONE', #2706, #767, #4586 ) ;
#3604 = DIRECTION ( 'NONE',  ( -0.000000000000000000, 1.000000000000000000, -0.000000000000000000 ) ) ;
#3605 = CARTESIAN_POINT ( 'NONE',  ( -0.7999999995522613094, 5.000000000000000000, 30.50000000413566070 ) ) ;
#3606 = DIRECTION ( 'NONE',  ( -0.000000000000000000, 1.000000000000000000, -0.000000000000000000 ) ) ;
#3607 = ADVANCED_FACE ( 'NONE', ( #103 ), #2827, .F. ) ;
#3608 = APPLICATION_CONTEXT ( 'configuration controlled 3d designs of mechanical parts and assemblies' ) ;
#3609 = VERTEX_POINT ( 'NONE', #3613 ) ;
#3610 = ORIENTED_EDGE ( 'NONE', *, *, #4421, .F. ) ;
#3611 = ORIENTED_EDGE ( 'NONE', *, *, #3865, .F. ) ;
#3612 = DIRECTION ( 'NONE',  ( 0.000000000000000000, 1.000000000000000000, 0.000000000000000000 ) ) ;
#3613 = CARTESIAN_POINT ( 'NONE',  ( -70.62999999999999545, 0.1500000000000008271, 40.00000000000002132 ) ) ;
#3614 = EDGE_LOOP ( 'NONE', ( #5012, #169 ) ) ;
#3615 = FACE_OUTER_BOUND ( 'NONE', #2744, .T. ) ;
#3616 = DIRECTION ( 'NONE',  ( 0.000000000000000000, 1.000000000000000000, -0.000000000000000000 ) ) ;
#3617 = AXIS2_PLACEMENT_3D ( 'NONE', #2788, #3893, #3198 ) ;
#3618 = VERTEX_POINT ( 'NONE', #3159 ) ;
#3619 = ADVANCED_FACE ( 'NONE', ( #863 ), #3533, .F. ) ;
#3620 = FACE_OUTER_BOUND ( 'NONE', #1995, .T. ) ;
#3621 = DIRECTION ( 'NONE',  ( 0.000000000000000000, 0.000000000000000000, 1.000000000000000000 ) ) ;
#3622 = DIRECTION ( 'NONE',  ( 0.000000000000000000, 0.000000000000000000, -1.000000000000000000 ) ) ;
#3623 = ORIENTED_EDGE ( 'NONE', *, *, #3038, .F. ) ;
#3624 = LINE ( 'NONE', #3174, #4707 ) ;
#3625 = EDGE_CURVE ( 'NONE', #3377, #242, #532, .T. ) ;
#3626 = DIRECTION ( 'NONE',  ( 0.000000000000000000, -0.000000000000000000, -1.000000000000000000 ) ) ;
#3627 = PLANE ( 'NONE',  #3916 ) ;
#3628 = ORIENTED_EDGE ( 'NONE', *, *, #4271, .T. ) ;
#3629 = ORIENTED_EDGE ( 'NONE', *, *, #513, .T. ) ;
#3630 = ORIENTED_EDGE ( 'NONE', *, *, #1929, .T. ) ;
#3631 = ADVANCED_FACE ( 'NONE', ( #456 ), #4382, .T. ) ;
#3632 = DIRECTION ( 'NONE',  ( 1.000000000000000000, 0.000000000000000000, 0.000000000000000000 ) ) ;
#3633 = LINE ( 'NONE', #1705, #2942 ) ;
#3634 = ORIENTED_EDGE ( 'NONE', *, *, #3131, .F. ) ;
#3635 = EDGE_CURVE ( 'NONE', #424, #1173, #1631, .T. ) ;
#3636 = CYLINDRICAL_SURFACE ( 'NONE', #735, 4.999999999999997335 ) ;
#3637 = ORIENTED_EDGE ( 'NONE', *, *, #2174, .T. ) ;
#3638 = ORIENTED_EDGE ( 'NONE', *, *, #1952, .F. ) ;
#3639 = DIRECTION ( 'NONE',  ( 1.000000000000000000, -0.000000000000000000, -0.000000000000000000 ) ) ;
#3640 = AXIS2_PLACEMENT_3D ( 'NONE', #405, #360, #1171 ) ;
#3641 = CARTESIAN_POINT ( 'NONE',  ( 55.99019513592784847, 10.00000000000000000, -12.50000000000000000 ) ) ;
#3642 = CARTESIAN_POINT ( 'NONE',  ( 0.000000000000000000, 0.000000000000000000, 74.71358084809440925 ) ) ;
#3643 = VERTEX_POINT ( 'NONE', #4281 ) ;
#3644 = CARTESIAN_POINT ( 'NONE',  ( -74.19829071883061999, -25.00000000000000000, 56.17304270302549440 ) ) ;
#3645 = CARTESIAN_POINT ( 'NONE',  ( 0.000000000000000000, 22.71000000000000085, 60.00000000000000000 ) ) ;
#3646 = FACE_BOUND ( 'NONE', #2496, .T. ) ;
#3647 = EDGE_CURVE ( 'NONE', #2242, #2012, #4618, .T. ) ;
#3648 = ORIENTED_EDGE ( 'NONE', *, *, #4969, .T. ) ;
#3649 = EDGE_LOOP ( 'NONE', ( #774, #569, #1935, #232, #99, #1290 ) ) ;
#3650 = ORIENTED_EDGE ( 'NONE', *, *, #527, .F. ) ;
#3651 = CARTESIAN_POINT ( 'NONE',  ( -0.7999999995522613094, 0.000000000000000000, 22.50000000465275463 ) ) ;
#3652 = CARTESIAN_POINT ( 'NONE',  ( -82.35274281085926873, 0.1500000000000008271, 79.99999999999998579 ) ) ;
#3653 = ADVANCED_FACE ( 'NONE', ( #132 ), #4309, .F. ) ;
#3654 = ORIENTED_EDGE ( 'NONE', *, *, #3733, .T. ) ;
#3655 = PERSON_AND_ORGANIZATION_ROLE ( 'creator' ) ;
#3656 = LINE ( 'NONE', #2147, #1472 ) ;
#3657 = ADVANCED_FACE ( 'NONE', ( #2423 ), #3935, .F. ) ;
#3658 = PLANE ( 'NONE',  #672 ) ;
#3659 = CIRCLE ( 'NONE', #4466, 2.400000000000006128 ) ;
#3660 = ORIENTED_EDGE ( 'NONE', *, *, #1582, .F. ) ;
#3661 = ORIENTED_EDGE ( 'NONE', *, *, #4819, .F. ) ;
#3662 = CARTESIAN_POINT ( 'NONE',  ( 55.65831063860392902, 22.41000000000000369, 54.88533708478804130 ) ) ;
#3663 = AXIS2_PLACEMENT_3D ( 'NONE', #4180, #3520, #2787 ) ;
#3664 = CIRCLE ( 'NONE', #4389, 2.399999999999999467 ) ;
#3665 = CYLINDRICAL_SURFACE ( 'NONE', #4174, 4.999999999999997335 ) ;
#3666 = AXIS2_PLACEMENT_3D ( 'NONE', #3150, #4931, #2384 ) ;
#3667 = VECTOR ( 'NONE', #3818, 1000.000000000000000 ) ;
#3668 = CARTESIAN_POINT ( 'NONE',  ( -10.52170913285009668, 5.000000000000000000, 74.71358084809440925 ) ) ;
#3669 = CARTESIAN_POINT ( 'NONE',  ( -62.60999999999999943, 0.000000000000000000, 78.72230578021572001 ) ) ;
#3670 = DIRECTION ( 'NONE',  ( 9.912705577010326782E-17, -0.000000000000000000, 1.000000000000000000 ) ) ;
#3671 = AXIS2_PLACEMENT_3D ( 'NONE', #2202, #3716, #2159 ) ;
#3672 = VECTOR ( 'NONE', #1739, 1000.000000000000000 ) ;
#3673 = ORIENTED_EDGE ( 'NONE', *, *, #4819, .T. ) ;
#3674 = ORIENTED_EDGE ( 'NONE', *, *, #3263, .F. ) ;
#3675 = VERTEX_POINT ( 'NONE', #152 ) ;
#3676 = DIRECTION ( 'NONE',  ( -1.000000000000000000, 0.000000000000000000, -0.000000000000000000 ) ) ;
#3677 = ADVANCED_FACE ( 'NONE', ( #2448 ), #2367, .F. ) ;
#3678 = LINE ( 'NONE', #3753, #661 ) ;
#3679 = ORIENTED_EDGE ( 'NONE', *, *, #1411, .F. ) ;
#3680 = PERSON_AND_ORGANIZATION ( #510, #3437 ) ;
#3681 = CC_DESIGN_APPROVAL ( #799, ( #1334 ) ) ;
#3682 = EDGE_LOOP ( 'NONE', ( #3996, #3426, #2349, #1876 ) ) ;
#3683 = DIRECTION ( 'NONE',  ( 0.000000000000000000, -1.000000000000000000, 0.000000000000000000 ) ) ;
#3684 = EDGE_CURVE ( 'NONE', #3731, #2733, #4708, .T. ) ;
#3685 = DIRECTION ( 'NONE',  ( 1.000000000000000000, 0.000000000000000000, 0.000000000000000000 ) ) ;
#3686 = CARTESIAN_POINT ( 'NONE',  ( -74.19829071883061999, -3.869999999999991669, 78.72230578021572001 ) ) ;
#3687 = ORIENTED_EDGE ( 'NONE', *, *, #190, .F. ) ;
#3688 = ADVANCED_FACE ( 'NONE', ( #3984 ), #4360, .T. ) ;
#3689 = VERTEX_POINT ( 'NONE', #4336 ) ;
#3690 = CARTESIAN_POINT ( 'NONE',  ( -60.48800544346966035, -26.59000000000001407, 55.00647406690787022 ) ) ;
#3691 = CARTESIAN_POINT ( 'NONE',  ( -1.409999999999994591, 22.71000000000000085, 53.04000000000000625 ) ) ;
#3692 = VECTOR ( 'NONE', #1461, 1000.000000000000000 ) ;
#3693 = CARTESIAN_POINT ( 'NONE',  ( -76.99918942026600632, -5.000000000000000000, 72.36002745750114684 ) ) ;
#3694 = EDGE_CURVE ( 'NONE', #1596, #3609, #2476, .T. ) ;
#3695 = LINE ( 'NONE', #3342, #3590 ) ;
#3696 = AXIS2_PLACEMENT_3D ( 'NONE', #3411, #4944, #1075 ) ;
#3697 = PLANE ( 'NONE',  #3671 ) ;
#3698 = ORIENTED_EDGE ( 'NONE', *, *, #3964, .F. ) ;
#3699 = ORIENTED_EDGE ( 'NONE', *, *, #576, .F. ) ;
#3700 = CARTESIAN_POINT ( 'NONE',  ( 50.99019513592784136, 10.00000000000000000, -12.50000000000000000 ) ) ;
#3701 = LINE ( 'NONE', #3324, #10 ) ;
#3702 = CC_DESIGN_PERSON_AND_ORGANIZATION_ASSIGNMENT ( #4738, #508, ( #1458 ) ) ;
#3703 = ORIENTED_EDGE ( 'NONE', *, *, #2451, .T. ) ;
#3704 = PERSON_AND_ORGANIZATION_ROLE ( 'creator' ) ;
#3705 = ORIENTED_EDGE ( 'NONE', *, *, #2593, .F. ) ;
#3706 = DIRECTION ( 'NONE',  ( 1.000000000000000000, 0.000000000000000000, -0.000000000000000000 ) ) ;
#3707 = CARTESIAN_POINT ( 'NONE',  ( -60.99019513592784136, -10.00000000000000000, 12.50000000000000000 ) ) ;
#3708 = LINE ( 'NONE', #255, #191 ) ;
#3709 = DIRECTION ( 'NONE',  ( -0.000000000000000000, -1.000000000000000000, -0.000000000000000000 ) ) ;
#3710 = ORIENTED_EDGE ( 'NONE', *, *, #2084, .F. ) ;
#3711 = LINE ( 'NONE', #1787, #4844 ) ;
#3712 = LINE ( 'NONE', #616, #1755 ) ;
#3713 = EDGE_CURVE ( 'NONE', #2237, #579, #3633, .T. ) ;
#3714 = CARTESIAN_POINT ( 'NONE',  ( 59.37000000000000455, 5.000000000000007994, 10.00000000000000533 ) ) ;
#3715 = CARTESIAN_POINT ( 'NONE',  ( -6.409999999999994813, 22.71000000000000085, 46.08000000000001251 ) ) ;
#3716 = DIRECTION ( 'NONE',  ( 0.000000000000000000, -1.000000000000000000, 0.000000000000000000 ) ) ;
#3717 = EDGE_CURVE ( 'NONE', #355, #1428, #1319, .T. ) ;
#3718 = AXIS2_PLACEMENT_3D ( 'NONE', #2580, #2198, #3789 ) ;
#3719 = ORIENTED_EDGE ( 'NONE', *, *, #889, .F. ) ;
#3720 = VERTEX_POINT ( 'NONE', #4510 ) ;
#3721 = ORIENTED_EDGE ( 'NONE', *, *, #3381, .F. ) ;
#3722 = LINE ( 'NONE', #3700, #4063 ) ;
#3723 = CYLINDRICAL_SURFACE ( 'NONE', #3512, 2.000000000517098364 ) ;
#3724 = CARTESIAN_POINT ( 'NONE',  ( 47.50000000044774140, 0.000000000000000000, 20.50000000413566070 ) ) ;
#3725 = VERTEX_POINT ( 'NONE', #2500 ) ;
#3726 = APPROVAL_ROLE ( '' ) ;
#3727 = EDGE_LOOP ( 'NONE', ( #3033, #1796, #2516, #188 ) ) ;
#3728 = CARTESIAN_POINT ( 'NONE',  ( -50.21591620410926282, -44.00000000000002132, 40.00000000000000000 ) ) ;
#3729 = FACE_OUTER_BOUND ( 'NONE', #3061, .T. ) ;
#3730 = LINE ( 'NONE', #2248, #4799 ) ;
#3731 = VERTEX_POINT ( 'NONE', #1010 ) ;
#3732 = LINE ( 'NONE', #312, #2753 ) ;
#3733 = EDGE_CURVE ( 'NONE', #163, #2151, #4833, .T. ) ;
#3734 = VECTOR ( 'NONE', #3258, 1000.000000000000000 ) ;
#3735 = AXIS2_PLACEMENT_3D ( 'NONE', #3707, #658, #3386 ) ;
#3736 = LINE ( 'NONE', #3812, #1264 ) ;
#3737 = PLANE ( 'NONE',  #3910 ) ;
#3738 = CIRCLE ( 'NONE', #1224, 4.999999999999997335 ) ;
#3739 = VECTOR ( 'NONE', #2091, 1000.000000000000000 ) ;
#3740 = CARTESIAN_POINT ( 'NONE',  ( -58.89259771139528965, -26.59000000000001407, 54.88533708478723838 ) ) ;
#3741 = DIRECTION ( 'NONE',  ( 0.000000000000000000, -0.000000000000000000, 1.000000000000000000 ) ) ;
#3742 = EDGE_CURVE ( 'NONE', #1184, #1082, #2519, .T. ) ;
#3743 = VECTOR ( 'NONE', #4450, 1000.000000000000000 ) ;
#3744 = AXIS2_PLACEMENT_3D ( 'NONE', #4071, #4825, #4047 ) ;
#3745 = ORIENTED_EDGE ( 'NONE', *, *, #1530, .T. ) ;
#3746 = ORIENTED_EDGE ( 'NONE', *, *, #1065, .T. ) ;
#3747 = ORIENTED_EDGE ( 'NONE', *, *, #2274, .F. ) ;
#3748 = DIRECTION ( 'NONE',  ( 0.000000000000000000, -1.000000000000000000, 0.000000000000000000 ) ) ;
#3749 = DIRECTION ( 'NONE',  ( -0.000000000000000000, 1.000000000000000000, -0.000000000000000000 ) ) ;
#3750 = VECTOR ( 'NONE', #3955, 1000.000000000000000 ) ;
#3751 = EDGE_CURVE ( 'NONE', #2043, #2740, #940, .T. ) ;
#3752 = VECTOR ( 'NONE', #4644, 1000.000000000000000 ) ;
#3753 = CARTESIAN_POINT ( 'NONE',  ( 59.37000000000000455, 0.000000000000000000, 67.39000000000000057 ) ) ;
#3754 = VECTOR ( 'NONE', #3945, 1000.000000000000000 ) ;
#3755 = AXIS2_PLACEMENT_3D ( 'NONE', #934, #4354, #4754 ) ;
#3756 = ORIENTED_EDGE ( 'NONE', *, *, #1201, .T. ) ;
#3757 = APPROVAL_STATUS ( 'not_yet_approved' ) ;
#3758 = VERTEX_POINT ( 'NONE', #4080 ) ;
#3759 = CARTESIAN_POINT ( 'NONE',  ( 0.000000000000000000, -5.000000000000000000, 0.000000000000000000 ) ) ;
#3760 = LINE ( 'NONE', #1783, #1063 ) ;
#3761 = DIRECTION ( 'NONE',  ( 0.000000000000000000, 0.000000000000000000, 1.000000000000000000 ) ) ;
#3762 = CC_DESIGN_APPROVAL ( #2464, ( #4886 ) ) ;
#3763 = DIRECTION ( 'NONE',  ( 0.000000000000000000, 0.000000000000000000, 1.000000000000000000 ) ) ;
#3764 = ORIENTED_EDGE ( 'NONE', *, *, #4056, .F. ) ;
#3765 = DIRECTION ( 'NONE',  ( 0.000000000000000000, 1.000000000000000000, 0.000000000000000000 ) ) ;
#3766 = CC_DESIGN_SECURITY_CLASSIFICATION ( #2802, ( #3045 ) ) ;
#3767 = PLANE ( 'NONE',  #4741 ) ;
#3768 = EDGE_CURVE ( 'NONE', #21, #3042, #2534, .T. ) ;
#3769 = PLANE ( 'NONE',  #3112 ) ;
#3770 = PRODUCT ( 'servo_housing_final', 'servo_housing_final', '', ( #4912 ) ) ;
#3771 = LINE ( 'NONE', #671, #1484 ) ;
#3772 = LINE ( 'NONE', #1052, #2900 ) ;
#3773 = EDGE_CURVE ( 'NONE', #4398, #2288, #1557, .T. ) ;
#3774 = ORIENTED_EDGE ( 'NONE', *, *, #1706, .F. ) ;
#3775 = AXIS2_PLACEMENT_3D ( 'NONE', #5002, #1150, #1564 ) ;
#3776 = ORIENTED_EDGE ( 'NONE', *, *, #1022, .T. ) ;
#3777 = DIRECTION ( 'NONE',  ( 1.000000000000000000, 0.000000000000000000, 0.000000000000000000 ) ) ;
#3778 = DIRECTION ( 'NONE',  ( -0.000000000000000000, -1.000000000000000000, -0.000000000000000000 ) ) ;
#3779 = DIRECTION ( 'NONE',  ( 1.000000000000000000, 0.000000000000000000, 0.000000000000000000 ) ) ;
#3780 = EDGE_CURVE ( 'NONE', #2740, #4258, #3664, .T. ) ;
#3781 = ORIENTED_EDGE ( 'NONE', *, *, #758, .F. ) ;
#3782 = APPROVAL_STATUS ( 'not_yet_approved' ) ;
#3783 = VERTEX_POINT ( 'NONE', #4456 ) ;
#3784 = DIRECTION ( 'NONE',  ( 0.000000000000000000, 1.000000000000000000, 0.000000000000000000 ) ) ;
#3785 = LINE ( 'NONE', #4659, #2133 ) ;
#3786 = CARTESIAN_POINT ( 'NONE',  ( -0.7999999995522610874, 0.000000000000000000, 28.50000000361856678 ) ) ;
#3787 = ADVANCED_FACE ( 'NONE', ( #4885 ), #2908, .F. ) ;
#3788 = APPROVAL ( #4083, 'UNSPECIFIED' ) ;
#3789 = DIRECTION ( 'NONE',  ( 0.000000000000000000, -0.000000000000000000, 1.000000000000000000 ) ) ;
#3790 = DIRECTION ( 'NONE',  ( 1.000000000000000000, 0.000000000000000000, -0.000000000000000000 ) ) ;
#3791 = LINE ( 'NONE', #3844, #586 ) ;
#3792 = CARTESIAN_POINT ( 'NONE',  ( -3.469446951953614189E-15, -10.00000000000000000, -1.474514954580286030E-14 ) ) ;
#3793 = CARTESIAN_POINT ( 'NONE',  ( -74.19829071883061999, -5.000000000000000000, 56.17304270302549440 ) ) ;
#3794 = VERTEX_POINT ( 'NONE', #4811 ) ;
#3795 = ORIENTED_EDGE ( 'NONE', *, *, #1946, .F. ) ;
#3796 = DIRECTION ( 'NONE',  ( 0.000000000000000000, 0.000000000000000000, 1.000000000000000000 ) ) ;
#3797 = CARTESIAN_POINT ( 'NONE',  ( -58.89259771139528965, 22.71000000000000085, 54.88533708478723838 ) ) ;
#3798 = CARTESIAN_POINT ( 'NONE',  ( -60.99019513592784136, -10.00000000000000000, 12.50000000000000000 ) ) ;
#3799 = ADVANCED_FACE ( 'NONE', ( #2140 ), #3380, .F. ) ;
#3800 = VECTOR ( 'NONE', #2329, 1000.000000000000000 ) ;
#3801 = EDGE_LOOP ( 'NONE', ( #536, #2505, #1578, #829, #4511 ) ) ;
#3802 = DATE_AND_TIME ( #3032, #1251 ) ;
#3803 = ORIENTED_EDGE ( 'NONE', *, *, #4828, .F. ) ;
#3804 = FACE_BOUND ( 'NONE', #1070, .T. ) ;
#3805 = CARTESIAN_POINT ( 'NONE',  ( -57.27545417499960934, 10.00000000000000000, 0.000000000000000000 ) ) ;
#3806 = EDGE_CURVE ( 'NONE', #2668, #3347, #3678, .T. ) ;
#3807 = DIRECTION ( 'NONE',  ( 0.000000000000000000, 0.000000000000000000, -1.000000000000000000 ) ) ;
#3808 = CARTESIAN_POINT ( 'NONE',  ( 50.00000000000000000, 22.41000000000000369, 67.39000000000000057 ) ) ;
#3809 = ORIENTED_EDGE ( 'NONE', *, *, #1911, .T. ) ;
#3810 = LINE ( 'NONE', #1915, #477 ) ;
#3811 = ADVANCED_FACE ( 'NONE', ( #2882 ), #4485, .F. ) ;
#3812 = CARTESIAN_POINT ( 'NONE',  ( 2.350000000447293846, 5.000000000000000000, 36.50000000413410817 ) ) ;
#3813 = DIRECTION ( 'NONE',  ( 0.000000000000000000, 0.000000000000000000, 1.000000000000000000 ) ) ;
#3814 = CARTESIAN_POINT ( 'NONE',  ( -52.61000000000000654, 0.000000000000000000, 40.00000000000000000 ) ) ;
#3815 = CIRCLE ( 'NONE', #4617, 2.399999999999999467 ) ;
#3816 = AXIS2_PLACEMENT_3D ( 'NONE', #278, #1385, #2112 ) ;
#3817 = ORIENTED_EDGE ( 'NONE', *, *, #540, .T. ) ;
#3818 = DIRECTION ( 'NONE',  ( -1.000000000000000000, -0.000000000000000000, -0.000000000000000000 ) ) ;
#3819 = CARTESIAN_POINT ( 'NONE',  ( -52.61000000000000654, -53.58999999999999631, 31.38533708426405866 ) ) ;
#3820 = CARTESIAN_POINT ( 'NONE',  ( 50.00000000000000711, 0.000000000000000000, 74.71358084809440925 ) ) ;
#3821 = CARTESIAN_POINT ( 'NONE',  ( -102.6100000000000136, 5.000000000000000000, 40.00000000000000000 ) ) ;
#3822 = CIRCLE ( 'NONE', #15, 1.599999999999997202 ) ;
#3823 = VECTOR ( 'NONE', #2356, 1000.000000000000000 ) ;
#3824 = ORIENTED_EDGE ( 'NONE', *, *, #1217, .F. ) ;
#3825 = CALENDAR_DATE ( 2025, 7, 10 ) ;
#3826 = EDGE_CURVE ( 'NONE', #2925, #35, #652, .T. ) ;
#3827 = EDGE_LOOP ( 'NONE', ( #4731, #4425 ) ) ;
#3828 = AXIS2_PLACEMENT_3D ( 'NONE', #4372, #1303, #2841 ) ;
#3829 = VECTOR ( 'NONE', #377, 1000.000000000000000 ) ;
#3830 = DIRECTION ( 'NONE',  ( -0.000000000000000000, -1.000000000000000000, -0.000000000000000000 ) ) ;
#3831 = DIRECTION ( 'NONE',  ( 0.000000000000000000, 0.000000000000000000, -1.000000000000000000 ) ) ;
#3832 = AXIS2_PLACEMENT_3D ( 'NONE', #2494, #4028, #2512 ) ;
#3833 = DESIGN_CONTEXT ( 'detailed design', #1097, 'design' ) ;
#3834 = DIRECTION ( 'NONE',  ( 0.000000000000000000, 0.000000000000000000, 1.000000000000000000 ) ) ;
#3835 = AXIS2_PLACEMENT_3D ( 'NONE', #4611, #2301, #4265 ) ;
#3836 = EDGE_CURVE ( 'NONE', #1628, #2061, #2570, .T. ) ;
#3837 = ORIENTED_EDGE ( 'NONE', *, *, #449, .T. ) ;
#3838 = DIRECTION ( 'NONE',  ( 0.000000000000000000, 0.000000000000000000, 1.000000000000000000 ) ) ;
#3839 = LOCAL_TIME ( 21, 27, 32.00000000000000000, #2479 ) ;
#3840 = DIRECTION ( 'NONE',  ( -1.000000000000000000, 0.000000000000000000, -0.000000000000000000 ) ) ;
#3841 = ADVANCED_FACE ( 'NONE', ( #3305 ), #1754, .T. ) ;
#3842 = VERTEX_POINT ( 'NONE', #4416 ) ;
#3843 = LOCAL_TIME ( 21, 27, 32.00000000000000000, #1906 ) ;
#3844 = CARTESIAN_POINT ( 'NONE',  ( -74.19829071883061999, -3.869999999999991669, 74.71358084809440925 ) ) ;
#3845 = CARTESIAN_POINT ( 'NONE',  ( -23.34563602967273610, -44.00000000000002132, 55.00647406690787022 ) ) ;
#3846 = FACE_OUTER_BOUND ( 'NONE', #1340, .T. ) ;
#3847 = CARTESIAN_POINT ( 'NONE',  ( -76.99918942026600632, -35.86999999999999744, 62.36002745750113974 ) ) ;
#3848 = ORIENTED_EDGE ( 'NONE', *, *, #3012, .T. ) ;
#3849 = ORIENTED_EDGE ( 'NONE', *, *, #1364, .T. ) ;
#3850 = CYLINDRICAL_SURFACE ( 'NONE', #2291, 2.400000000000006128 ) ;
#3851 = LINE ( 'NONE', #2004, #3116 ) ;
#3852 = PRODUCT_DEFINITION_SHAPE ( 'NONE', 'NONE',  #5018 ) ;
#3853 = AXIS2_PLACEMENT_3D ( 'NONE', #2737, #1969, #3092 ) ;
#3854 = ORIENTED_EDGE ( 'NONE', *, *, #2927, .F. ) ;
#3855 = CALENDAR_DATE ( 2025, 7, 10 ) ;
#3856 = VERTEX_POINT ( 'NONE', #3652 ) ;
#3857 = ORIENTED_EDGE ( 'NONE', *, *, #2973, .F. ) ;
#3858 = LINE ( 'NONE', #2364, #3829 ) ;
#3859 = APPLICATION_CONTEXT ( 'configuration controlled 3d designs of mechanical parts and assemblies' ) ;
#3860 = CARTESIAN_POINT ( 'NONE',  ( -23.34563602967273610, -35.86999999999999744, 74.71358084809440925 ) ) ;
#3861 = EDGE_CURVE ( 'NONE', #3467, #4660, #223, .T. ) ;
#3862 =( LENGTH_UNIT ( ) NAMED_UNIT ( * ) SI_UNIT ( .MILLI., .METRE. ) );
#3863 = ORIENTED_EDGE ( 'NONE', *, *, #3806, .T. ) ;
#3864 = CARTESIAN_POINT ( 'NONE',  ( 59.37000000000000455, 5.000000000000000000, 47.39000000000000057 ) ) ;
#3865 = EDGE_CURVE ( 'NONE', #712, #2207, #3701, .T. ) ;
#3866 = CYLINDRICAL_SURFACE ( 'NONE', #3041, 55.00000000000000000 ) ;
#3867 = ORIENTED_EDGE ( 'NONE', *, *, #2336, .T. ) ;
#3868 = DIRECTION ( 'NONE',  ( 0.000000000000000000, 1.000000000000000000, 0.000000000000000000 ) ) ;
#3869 = DIRECTION ( 'NONE',  ( -1.000000000000000000, -0.000000000000000000, -0.000000000000000000 ) ) ;
#3870 = EDGE_CURVE ( 'NONE', #1296, #4497, #246, .T. ) ;
#3871 = PLANE ( 'NONE',  #691 ) ;
#3872 = ORIENTED_EDGE ( 'NONE', *, *, #1017, .F. ) ;
#3873 = ORIENTED_EDGE ( 'NONE', *, *, #3237, .T. ) ;
#3874 = CARTESIAN_POINT ( 'NONE',  ( -61.61714353676119771, -53.58999999999999631, -2.614662915735976423 ) ) ;
#3875 = CARTESIAN_POINT ( 'NONE',  ( 44.35000000044729518, 0.000000000000000000, 0.000000000000000000 ) ) ;
#3876 = EDGE_CURVE ( 'NONE', #2011, #4225, #484, .T. ) ;
#3877 = CC_DESIGN_PERSON_AND_ORGANIZATION_ASSIGNMENT ( #1980, #3529, ( #4084 ) ) ;
#3878 = VERTEX_POINT ( 'NONE', #2256 ) ;
#3879 = ORIENTED_EDGE ( 'NONE', *, *, #4494, .T. ) ;
#3880 = EDGE_LOOP ( 'NONE', ( #3719, #1764, #4982, #1956 ) ) ;
#3881 = CARTESIAN_POINT ( 'NONE',  ( 54.37000000000001165, 5.000000000000000000, 47.39000000000000057 ) ) ;
#3882 = AXIS2_PLACEMENT_3D ( 'NONE', #233, #2629, #4897 ) ;
#3883 = DIRECTION ( 'NONE',  ( -0.000000000000000000, -1.000000000000000000, -0.000000000000000000 ) ) ;
#3884 = VECTOR ( 'NONE', #3268, 1000.000000000000000 ) ;
#3885 = CARTESIAN_POINT ( 'NONE',  ( 2.350000000447293846, -20.00000000000002842, 14.50000000413410461 ) ) ;
#3886 = EDGE_LOOP ( 'NONE', ( #52, #4278, #4599, #3375 ) ) ;
#3887 = CARTESIAN_POINT ( 'NONE',  ( 54.37000000000001165, 5.000000000000000888, 42.39000000000000057 ) ) ;
#3888 = DIRECTION ( 'NONE',  ( 1.000000000000000000, 0.000000000000000000, -0.000000000000000000 ) ) ;
#3889 = ORIENTED_EDGE ( 'NONE', *, *, #608, .T. ) ;
#3890 = DIRECTION ( 'NONE',  ( 0.000000000000000000, 0.000000000000000000, 1.000000000000000000 ) ) ;
#3891 = DIRECTION ( 'NONE',  ( 1.000000000000000000, 0.000000000000000000, 0.000000000000000000 ) ) ;
#3892 = CARTESIAN_POINT ( 'NONE',  ( -28.69918942026600917, -25.00000000000000000, 64.76002745750113831 ) ) ;
#3893 = DIRECTION ( 'NONE',  ( -1.000000000000000000, 0.000000000000000000, 0.000000000000000000 ) ) ;
#3894 = ORIENTED_EDGE ( 'NONE', *, *, #2113, .F. ) ;
#3895 = CARTESIAN_POINT ( 'NONE',  ( 3.590000000000005631, 5.000000000000000000, 42.39000000000000057 ) ) ;
#3896 = EDGE_CURVE ( 'NONE', #2879, #1667, #3503, .T. ) ;
#3897 = CYLINDRICAL_SURFACE ( 'NONE', #4942, 2.000000000517101917 ) ;
#3898 = DIRECTION ( 'NONE',  ( -0.000000000000000000, -1.000000000000000000, -0.000000000000000000 ) ) ;
#3899 = AXIS2_PLACEMENT_3D ( 'NONE', #3874, #392, #1947 ) ;
#3900 = VECTOR ( 'NONE', #3291, 1000.000000000000000 ) ;
#3901 = EDGE_LOOP ( 'NONE', ( #1543, #444, #4411, #2216, #4881 ) ) ;
#3902 = CALENDAR_DATE ( 2025, 7, 10 ) ;
#3903 = EDGE_LOOP ( 'NONE', ( #4648, #3673, #982, #2911 ) ) ;
#3904 = ORIENTED_EDGE ( 'NONE', *, *, #3826, .F. ) ;
#3905 = EDGE_CURVE ( 'NONE', #3497, #2781, #3094, .T. ) ;
#3906 = CARTESIAN_POINT ( 'NONE',  ( -52.60999999999999943, 0.1499999999999996059, 10.00000000000001954 ) ) ;
#3907 = AXIS2_PLACEMENT_3D ( 'NONE', #37, #2046, #814 ) ;
#3908 = CARTESIAN_POINT ( 'NONE',  ( -0.7999999995522613094, 5.000000000000000000, 32.50000000465275463 ) ) ;
#3909 = VECTOR ( 'NONE', #677, 1000.000000000000000 ) ;
#3910 = AXIS2_PLACEMENT_3D ( 'NONE', #546, #2179, #4429 ) ;
#3911 = ORIENTED_EDGE ( 'NONE', *, *, #332, .T. ) ;
#3912 = CARTESIAN_POINT ( 'NONE',  ( -28.69918942026600917, -35.86999999999999744, 59.96002745750113405 ) ) ;
#3913 = ORIENTED_EDGE ( 'NONE', *, *, #3298, .T. ) ;
#3914 = EDGE_CURVE ( 'NONE', #2183, #250, #2044, .T. ) ;
#3915 = CARTESIAN_POINT ( 'NONE',  ( -0.7999999995522613094, 0.000000000000000000, 32.50000000465275463 ) ) ;
#3916 = AXIS2_PLACEMENT_3D ( 'NONE', #4431, #1310, #1721 ) ;
#3917 = DIRECTION ( 'NONE',  ( -0.000000000000000000, 0.000000000000000000, -1.000000000000000000 ) ) ;
#3918 = VECTOR ( 'NONE', #3994, 1000.000000000000000 ) ;
#3919 = VERTEX_POINT ( 'NONE', #719 ) ;
#3920 = CARTESIAN_POINT ( 'NONE',  ( -62.60999999999999943, -5.000000000000000000, 79.99999999999998579 ) ) ;
#3921 = FACE_BOUND ( 'NONE', #1305, .T. ) ;
#3922 = DIRECTION ( 'NONE',  ( 0.000000000000000000, 1.000000000000000000, 0.000000000000000000 ) ) ;
#3923 = LINE ( 'NONE', #3028, #2138 ) ;
#3924 = PLANE ( 'NONE',  #3775 ) ;
#3925 = ADVANCED_FACE ( 'NONE', ( #3565 ), #3594, .T. ) ;
#3926 = SHAPE_REPRESENTATION ( 'circle2_outer', ( #2796 ), #1977 ) ;
#3927 = VERTEX_POINT ( 'NONE', #846 ) ;
#3928 = LINE ( 'NONE', #795, #3823 ) ;
#3929 = CARTESIAN_POINT ( 'NONE',  ( -52.61000000000000654, 0.000000000000000000, 40.00000000000000000 ) ) ;
#3930 = DIRECTION ( 'NONE',  ( 1.000000000000000000, -0.000000000000000000, -0.000000000000000000 ) ) ;
#3931 = VERTEX_POINT ( 'NONE', #1513 ) ;
#3932 = VERTEX_POINT ( 'NONE', #1125 ) ;
#3933 = ORIENTED_EDGE ( 'NONE', *, *, #309, .T. ) ;
#3934 = CARTESIAN_POINT ( 'NONE',  ( 0.000000000000000000, -5.000000000000000000, -12.50000000000000000 ) ) ;
#3935 = CYLINDRICAL_SURFACE ( 'NONE', #4787, 2.399999999999999467 ) ;
#3936 = VECTOR ( 'NONE', #2000, 1000.000000000000000 ) ;
#3937 = EDGE_CURVE ( 'NONE', #3396, #4890, #4864, .T. ) ;
#3938 = PRODUCT_DEFINITION_SHAPE ( 'NONE', 'NONE',  #131 ) ;
#3939 = EDGE_LOOP ( 'NONE', ( #3233, #4339 ) ) ;
#3940 = ORIENTED_EDGE ( 'NONE', *, *, #1447, .T. ) ;
#3941 = CIRCLE ( 'NONE', #2413, 5.000000000000000000 ) ;
#3942 = LINE ( 'NONE', #2858, #493 ) ;
#3943 = EDGE_CURVE ( 'NONE', #4712, #4660, #368, .T. ) ;
#3944 = PRODUCT_RELATED_PRODUCT_CATEGORY ( 'detail', '', ( #1458 ) ) ;
#3945 = DIRECTION ( 'NONE',  ( -0.000000000000000000, -1.000000000000000000, -0.000000000000000000 ) ) ;
#3946 = ORIENTED_EDGE ( 'NONE', *, *, #2783, .T. ) ;
#3947 = CARTESIAN_POINT ( 'NONE',  ( -6.409999999999994813, -1.044974726819087250E-15, 60.00000000000000000 ) ) ;
#3948 = LINE ( 'NONE', #3972, #4148 ) ;
#3949 = DIRECTION ( 'NONE',  ( 0.000000000000000000, 1.000000000000000000, 0.000000000000000000 ) ) ;
#3950 = DIRECTION ( 'NONE',  ( 0.000000000000000000, -1.000000000000000000, 0.000000000000000000 ) ) ;
#3951 = DIRECTION ( 'NONE',  ( 1.000000000000000000, -0.000000000000000000, -1.156482317317871478E-16 ) ) ;
#3952 = EDGE_LOOP ( 'NONE', ( #4739, #4682 ) ) ;
#3953 = CARTESIAN_POINT ( 'NONE',  ( -57.27545417499960934, -10.00000000000000000, 2.400000000000000799 ) ) ;
#3954 = DIRECTION ( 'NONE',  ( 0.000000000000000000, 0.000000000000000000, 1.000000000000000000 ) ) ;
#3955 = DIRECTION ( 'NONE',  ( 1.000000000000000000, -0.000000000000000000, 0.000000000000000000 ) ) ;
#3956 = ORIENTED_EDGE ( 'NONE', *, *, #2608, .F. ) ;
#3957 = EDGE_LOOP ( 'NONE', ( #1807, #2690, #3031, #4841, #2708, #4558 ) ) ;
#3958 = ORIENTED_EDGE ( 'NONE', *, *, #1065, .F. ) ;
#3959 = LINE ( 'NONE', #100, #2371 ) ;
#3960 = EDGE_CURVE ( 'NONE', #4445, #4357, #2017, .T. ) ;
#3961 = DIRECTION ( 'NONE',  ( 0.000000000000000000, 0.000000000000000000, 1.000000000000000000 ) ) ;
#3962 = ORIENTED_EDGE ( 'NONE', *, *, #1946, .T. ) ;
#3963 = CALENDAR_DATE ( 2025, 7, 10 ) ;
#3964 = EDGE_CURVE ( 'NONE', #1602, #4988, #1639, .T. ) ;
#3965 = DIRECTION ( 'NONE',  ( 0.000000000000000000, 0.000000000000000000, 1.000000000000000000 ) ) ;
#3966 = VECTOR ( 'NONE', #947, 1000.000000000000000 ) ;
#3967 = CARTESIAN_POINT ( 'NONE',  ( -70.62999999999999545, -53.58999999999999631, -8.307331457867993763 ) ) ;
#3968 = EDGE_LOOP ( 'NONE', ( #2966, #1569, #613, #2001 ) ) ;
#3969 = CARTESIAN_POINT ( 'NONE',  ( -53.56071321407137731, -5.000000000000000000, 12.50000000000000000 ) ) ;
#3970 = DIRECTION ( 'NONE',  ( 0.000000000000000000, 0.000000000000000000, -1.000000000000000000 ) ) ;
#3971 = ADVANCED_FACE ( 'NONE', ( #1254 ), #2810, .T. ) ;
#3972 = CARTESIAN_POINT ( 'NONE',  ( -23.34563602967273610, -25.00000000000000000, 74.71358084809440925 ) ) ;
#3973 = CYLINDRICAL_SURFACE ( 'NONE', #3249, 55.00000000000000000 ) ;
#3974 = DIRECTION ( 'NONE',  ( 0.000000000000000000, 0.000000000000000000, 1.000000000000000000 ) ) ;
#3975 = FACE_OUTER_BOUND ( 'NONE', #2880, .T. ) ;
#3976 = ORIENTED_EDGE ( 'NONE', *, *, #4812, .F. ) ;
#3977 = FACE_BOUND ( 'NONE', #2102, .T. ) ;
#3978 = CARTESIAN_POINT ( 'NONE',  ( -31.56135310936134530, -25.00000000000000000, 56.17304270302549440 ) ) ;
#3979 = LINE ( 'NONE', #4098, #4553 ) ;
#3980 = VERTEX_POINT ( 'NONE', #3969 ) ;
#3981 = ORIENTED_EDGE ( 'NONE', *, *, #1115, .F. ) ;
#3982 = EDGE_LOOP ( 'NONE', ( #4808, #1676, #3482, #2983 ) ) ;
#3983 = FACE_BOUND ( 'NONE', #369, .T. ) ;
#3984 = FACE_OUTER_BOUND ( 'NONE', #2798, .T. ) ;
#3985 = AXIS2_PLACEMENT_3D ( 'NONE', #2748, #4279, #1291 ) ;
#3986 = EDGE_CURVE ( 'NONE', #1082, #623, #1278, .T. ) ;
#3987 = VERTEX_POINT ( 'NONE', #1867 ) ;
#3988 = SECURITY_CLASSIFICATION_LEVEL ( 'unclassified' ) ;
#3989 = AXIS2_PLACEMENT_3D ( 'NONE', #1975, #2441, #1285 ) ;
#3990 = AXIS2_PLACEMENT_3D ( 'NONE', #805, #3259, #1686 ) ;
#3991 = FACE_OUTER_BOUND ( 'NONE', #475, .T. ) ;
#3992 = VECTOR ( 'NONE', #4691, 1000.000000000000000 ) ;
#3993 = VECTOR ( 'NONE', #2560, 1000.000000000000000 ) ;
#3994 = DIRECTION ( 'NONE',  ( -1.000000000000000000, 0.000000000000000000, -0.000000000000000000 ) ) ;
#3995 = EDGE_CURVE ( 'NONE', #4563, #2061, #3415, .T. ) ;
#3996 = ORIENTED_EDGE ( 'NONE', *, *, #1875, .F. ) ;
#3997 = AXIS2_PLACEMENT_3D ( 'NONE', #2210, #2591, #1109 ) ;
#3998 = VECTOR ( 'NONE', #4131, 1000.000000000000000 ) ;
#3999 = LINE ( 'NONE', #517, #4868 ) ;
#4000 = CARTESIAN_POINT ( 'NONE',  ( 59.37000000000000455, 5.000000000000000000, 0.000000000000000000 ) ) ;
#4001 = CARTESIAN_POINT ( 'NONE',  ( 47.50000000044774140, 5.000000000000000000, 30.50000000413566426 ) ) ;
#4002 = VECTOR ( 'NONE', #950, 1000.000000000000000 ) ;
#4003 = EDGE_CURVE ( 'NONE', #138, #2854, #3772, .T. ) ;
#4004 = ORIENTED_EDGE ( 'NONE', *, *, #3717, .T. ) ;
#4005 = AXIS2_PLACEMENT_3D ( 'NONE', #2913, #891, #587 ) ;
#4006 = DIRECTION ( 'NONE',  ( 0.000000000000000000, -0.000000000000000000, -1.000000000000000000 ) ) ;
#4007 = LINE ( 'NONE', #92, #94 ) ;
#4008 = FACE_BOUND ( 'NONE', #2507, .T. ) ;
#4009 = AXIS2_PLACEMENT_3D ( 'NONE', #535, #2093, #2069 ) ;
#4010 = ORIENTED_EDGE ( 'NONE', *, *, #4106, .F. ) ;
#4011 = ORIENTED_EDGE ( 'NONE', *, *, #4177, .F. ) ;
#4012 = ORIENTED_EDGE ( 'NONE', *, *, #4921, .F. ) ;
#4013 = PLANE ( 'NONE',  #1795 ) ;
#4014 = DIRECTION ( 'NONE',  ( 0.000000000000000000, 0.000000000000000000, 1.000000000000000000 ) ) ;
#4015 = ORIENTED_EDGE ( 'NONE', *, *, #2238, .F. ) ;
#4016 = ORIENTED_EDGE ( 'NONE', *, *, #2141, .F. ) ;
#4017 = CARTESIAN_POINT ( 'NONE',  ( -6.409999999999994813, -1.044974726819087250E-15, 60.00000000000000000 ) ) ;
#4018 = EDGE_CURVE ( 'NONE', #452, #2905, #4147, .T. ) ;
#4019 = DIRECTION ( 'NONE',  ( 1.000000000000000000, 0.000000000000000000, -2.990258092612466665E-16 ) ) ;
#4020 = VERTEX_POINT ( 'NONE', #2974 ) ;
#4021 = ORIENTED_EDGE ( 'NONE', *, *, #1688, .T. ) ;
#4022 = CARTESIAN_POINT ( 'NONE',  ( -52.61000000000000654, -3.589999999999995861, 3.385337084264023133 ) ) ;
#4023 = EDGE_CURVE ( 'NONE', #3180, #4181, #1895, .T. ) ;
#4024 = LINE ( 'NONE', #141, #1565 ) ;
#4025 = VERTEX_POINT ( 'NONE', #4503 ) ;
#4026 = CARTESIAN_POINT ( 'NONE',  ( -61.61714353676119771, -28.59000000000001762, -5.014662915767451601 ) ) ;
#4027 = DIRECTION ( 'NONE',  ( 0.000000000000000000, 0.000000000000000000, 1.000000000000000000 ) ) ;
#4028 = DIRECTION ( 'NONE',  ( -0.000000000000000000, 0.000000000000000000, -1.000000000000000000 ) ) ;
#4029 = ADVANCED_FACE ( 'NONE', ( #4570 ), #1103, .T. ) ;
#4030 = ORIENTED_EDGE ( 'NONE', *, *, #1793, .T. ) ;
#4031 = EDGE_LOOP ( 'NONE', ( #881, #3333, #3776, #4039 ) ) ;
#4032 = ORIENTED_EDGE ( 'NONE', *, *, #2154, .F. ) ;
#4033 = LINE ( 'NONE', #1241, #2609 ) ;
#4034 = ADVANCED_FACE ( 'NONE', ( #644 ), #271, .T. ) ;
#4035 = CC_DESIGN_DATE_AND_TIME_ASSIGNMENT ( #2855, #1708, ( #2835 ) ) ;
#4036 = CARTESIAN_POINT ( 'NONE',  ( -77.46906859369990173, -35.86999999999999744, 74.71358084809440925 ) ) ;
#4037 = ORIENTED_EDGE ( 'NONE', *, *, #4843, .T. ) ;
#4038 = APPROVAL_DATE_TIME ( #2830, #2090 ) ;
#4039 = ORIENTED_EDGE ( 'NONE', *, *, #2418, .T. ) ;
#4040 = CARTESIAN_POINT ( 'NONE',  ( -29.16906859369990102, -5.000000000000000000, 74.71358084809440925 ) ) ;
#4041 = LINE ( 'NONE', #3967, #922 ) ;
#4042 = ORIENTED_EDGE ( 'NONE', *, *, #4261, .F. ) ;
#4043 = VERTEX_POINT ( 'NONE', #2204 ) ;
#4044 = CARTESIAN_POINT ( 'NONE',  ( 44.35000000044729518, 5.000000000000000000, 14.50000000413410461 ) ) ;
#4045 = VECTOR ( 'NONE', #1120, 1000.000000000000000 ) ;
#4046 = EDGE_CURVE ( 'NONE', #1759, #3878, #1179, .T. ) ;
#4047 = DIRECTION ( 'NONE',  ( 0.000000000000000000, 0.000000000000000000, -1.000000000000000000 ) ) ;
#4048 = CARTESIAN_POINT ( 'NONE',  ( 2.350000000447293846, -20.00000000000002842, 36.50000000413410817 ) ) ;
#4049 = CARTESIAN_POINT ( 'NONE',  ( -6.409999999999994813, 22.71000000000000085, 60.00000000000000000 ) ) ;
#4050 = EDGE_CURVE ( 'NONE', #3794, #4443, #447, .T. ) ;
#4051 = EDGE_LOOP ( 'NONE', ( #1344, #4453 ) ) ;
#4052 = ORIENTED_EDGE ( 'NONE', *, *, #1425, .F. ) ;
#4053 = ORIENTED_EDGE ( 'NONE', *, *, #1298, .F. ) ;
#4054 = DIRECTION ( 'NONE',  ( 0.000000000000000000, 0.000000000000000000, -1.000000000000000000 ) ) ;
#4055 = DIRECTION ( 'NONE',  ( -0.000000000000000000, 0.000000000000000000, -1.000000000000000000 ) ) ;
#4056 = EDGE_CURVE ( 'NONE', #3689, #4378, #3373, .T. ) ;
#4057 = ORIENTED_EDGE ( 'NONE', *, *, #362, .F. ) ;
#4058 = ORIENTED_EDGE ( 'NONE', *, *, #2418, .F. ) ;
#4059 = CARTESIAN_POINT ( 'NONE',  ( -31.56135310936134530, -3.869999999999991669, 78.72230578021572001 ) ) ;
#4060 = AXIS2_PLACEMENT_3D ( 'NONE', #1954, #3109, #1581 ) ;
#4061 = FACE_OUTER_BOUND ( 'NONE', #2715, .T. ) ;
#4062 = CARTESIAN_POINT ( 'NONE',  ( -59.84223671689034063, -25.00000000000000000, 56.17304270302549440 ) ) ;
#4063 = VECTOR ( 'NONE', #1032, 1000.000000000000000 ) ;
#4064 = AXIS2_PLACEMENT_3D ( 'NONE', #3037, #707, #378 ) ;
#4065 = ORIENTED_EDGE ( 'NONE', *, *, #2992, .F. ) ;
#4066 = ORIENTED_EDGE ( 'NONE', *, *, #4449, .T. ) ;
#4067 = CARTESIAN_POINT ( 'NONE',  ( -28.69918942026600917, -35.86999999999999744, 72.36002745750114684 ) ) ;
#4068 = VECTOR ( 'NONE', #3891, 1000.000000000000000 ) ;
#4069 = CIRCLE ( 'NONE', #2544, 4.999999999999997335 ) ;
#4070 = VECTOR ( 'NONE', #3784, 1000.000000000000000 ) ;
#4071 = CARTESIAN_POINT ( 'NONE',  ( -28.69918942026600917, -5.000000000000000000, 72.36002745750114684 ) ) ;
#4072 = PLANE ( 'NONE',  #262 ) ;
#4073 = DIRECTION ( 'NONE',  ( 0.000000000000000000, -1.000000000000000000, 0.000000000000000000 ) ) ;
#4074 = EDGE_CURVE ( 'NONE', #1682, #4380, #1794, .T. ) ;
#4075 = VECTOR ( 'NONE', #4917, 1000.000000000000000 ) ;
#4076 = VERTEX_POINT ( 'NONE', #3020 ) ;
#4077 = ORIENTED_EDGE ( 'NONE', *, *, #981, .F. ) ;
#4078 = VERTEX_POINT ( 'NONE', #3344 ) ;
#4079 = CARTESIAN_POINT ( 'NONE',  ( 50.00000000000001421, -8.635231706077680869, 74.99999999999998579 ) ) ;
#4080 = CARTESIAN_POINT ( 'NONE',  ( -61.61714353676119771, -28.59000000000001762, -0.2146629157045009673 ) ) ;
#4081 = AXIS2_PLACEMENT_3D ( 'NONE', #1118, #2601, #3763 ) ;
#4082 = VERTEX_POINT ( 'NONE', #1410 ) ;
#4083 = APPROVAL_STATUS ( 'not_yet_approved' ) ;
#4084 = SECURITY_CLASSIFICATION ( '', '', #3079 ) ;
#4085 = ORIENTED_EDGE ( 'NONE', *, *, #2636, .T. ) ;
#4086 = DIRECTION ( 'NONE',  ( -1.000000000000000000, 0.000000000000000000, 0.000000000000000000 ) ) ;
#4087 = LINE ( 'NONE', #2599, #91 ) ;
#4088 = EDGE_CURVE ( 'NONE', #1774, #1696, #2254, .T. ) ;
#4089 = DIRECTION ( 'NONE',  ( 0.000000000000000000, 0.000000000000000000, -1.000000000000000000 ) ) ;
#4090 = EDGE_LOOP ( 'NONE', ( #3703, #4840, #4997, #3904, #3179, #3873, #4327, #4438, #2501, #2368 ) ) ;
#4091 = DIRECTION ( 'NONE',  ( -0.000000000000000000, 1.000000000000000000, -0.000000000000000000 ) ) ;
#4092 = ADVANCED_FACE ( 'NONE', ( #3489 ), #3545, .F. ) ;
#4093 = CARTESIAN_POINT ( 'NONE',  ( 57.27545417499960934, -10.00000000000000000, 0.000000000000000000 ) ) ;
#4094 = VECTOR ( 'NONE', #3221, 1000.000000000000000 ) ;
#4095 = DIRECTION ( 'NONE',  ( 0.000000000000000000, -1.000000000000000000, 0.000000000000000000 ) ) ;
#4096 = FACE_OUTER_BOUND ( 'NONE', #1627, .T. ) ;
#4097 = AXIS2_PLACEMENT_3D ( 'NONE', #544, #2938, #2895 ) ;
#4098 = CARTESIAN_POINT ( 'NONE',  ( -31.56135310936134530, -35.86999999999999744, 56.17304270302549440 ) ) ;
#4099 = ORIENTED_EDGE ( 'NONE', *, *, #1175, .F. ) ;
#4100 = EDGE_LOOP ( 'NONE', ( #3281, #2549, #2108, #4796 ) ) ;
#4101 = DIRECTION ( 'NONE',  ( 0.000000000000000000, 0.000000000000000000, -1.000000000000000000 ) ) ;
#4102 = DIRECTION ( 'NONE',  ( 0.000000000000000000, 0.000000000000000000, -1.000000000000000000 ) ) ;
#4103 = CARTESIAN_POINT ( 'NONE',  ( -31.56135310936134530, -25.00000000000000000, 56.17304270302549440 ) ) ;
#4104 = ORIENTED_EDGE ( 'NONE', *, *, #4733, .T. ) ;
#4105 = PERSON_AND_ORGANIZATION_ROLE ( 'design_owner' ) ;
#4106 = EDGE_CURVE ( 'NONE', #3987, #427, #7, .T. ) ;
#4107 = ORIENTED_EDGE ( 'NONE', *, *, #2168, .F. ) ;
#4108 = DIRECTION ( 'NONE',  ( -1.000000000000000000, 0.000000000000000000, 0.000000000000000000 ) ) ;
#4109 = DIRECTION ( 'NONE',  ( -0.000000000000000000, -1.000000000000000000, -0.000000000000000000 ) ) ;
#4110 = LINE ( 'NONE', #2195, #2393 ) ;
#4111 = DIRECTION ( 'NONE',  ( 0.000000000000000000, 1.000000000000000000, 0.000000000000000000 ) ) ;
#4112 = EDGE_CURVE ( 'NONE', #1296, #4491, #62, .T. ) ;
#4113 = ORIENTED_EDGE ( 'NONE', *, *, #3439, .F. ) ;
#4114 = CARTESIAN_POINT ( 'NONE',  ( -28.69918942026600917, -35.86999999999999744, 59.96002745750113405 ) ) ;
#4115 = DIRECTION ( 'NONE',  ( -0.000000000000000000, 1.000000000000000000, -0.000000000000000000 ) ) ;
#4116 = ADVANCED_FACE ( 'NONE', ( #3466 ), #4647, .T. ) ;
#4117 = LINE ( 'NONE', #3251, #1649 ) ;
#4118 = CARTESIAN_POINT ( 'NONE',  ( -58.89259771139528965, -26.59000000000001407, 54.88533708478723838 ) ) ;
#4119 = CARTESIAN_POINT ( 'NONE',  ( 44.35000000044729518, -20.00000000000002842, 36.50000000413410817 ) ) ;
#4120 = CARTESIAN_POINT ( 'NONE',  ( -60.99019513592784136, -10.00000000000000000, 7.500000000000000888 ) ) ;
#4121 = VECTOR ( 'NONE', #4091, 1000.000000000000000 ) ;
#4122 = VERTEX_POINT ( 'NONE', #2816 ) ;
#4123 = ORIENTED_EDGE ( 'NONE', *, *, #2305, .F. ) ;
#4124 = ORIENTED_EDGE ( 'NONE', *, *, #527, .T. ) ;
#4125 = PLANE ( 'NONE',  #3416 ) ;
#4126 = CARTESIAN_POINT ( 'NONE',  ( -62.60999999999999943, 0.000000000000000000, 62.39000000000000767 ) ) ;
#4127 = DIRECTION ( 'NONE',  ( 1.000000000000000000, 0.000000000000000000, 0.000000000000000000 ) ) ;
#4128 = ORIENTED_EDGE ( 'NONE', *, *, #3399, .F. ) ;
#4129 = DATE_AND_TIME ( #1420, #2719 ) ;
#4130 = ORIENTED_EDGE ( 'NONE', *, *, #614, .F. ) ;
#4131 = DIRECTION ( 'NONE',  ( -0.000000000000000000, 1.000000000000000000, -0.000000000000000000 ) ) ;
#4132 = CARTESIAN_POINT ( 'NONE',  ( -102.6100000000000136, 0.1500000000000008271, 75.00021254821469086 ) ) ;
#4133 = ADVANCED_FACE ( 'NONE', ( #2354 ), #3125, .F. ) ;
#4134 = DIRECTION ( 'NONE',  ( -0.000000000000000000, -1.000000000000000000, -0.000000000000000000 ) ) ;
#4135 = LINE ( 'NONE', #662, #839 ) ;
#4136 = ORIENTED_EDGE ( 'NONE', *, *, #1678, .T. ) ;
#4137 = DIRECTION ( 'NONE',  ( -0.000000000000000000, 1.000000000000000000, -0.000000000000000000 ) ) ;
#4138 = ADVANCED_FACE ( 'NONE', ( #3172 ), #3924, .F. ) ;
#4139 = VECTOR ( 'NONE', #4346, 1000.000000000000000 ) ;
#4140 = VECTOR ( 'NONE', #3965, 1000.000000000000000 ) ;
#4141 = DIRECTION ( 'NONE',  ( -0.000000000000000000, -0.000000000000000000, -1.000000000000000000 ) ) ;
#4142 = CARTESIAN_POINT ( 'NONE',  ( -55.99019513592784847, -10.00000000000000000, -12.50000000000000000 ) ) ;
#4143 = AXIS2_PLACEMENT_3D ( 'NONE', #1008, #2185, #4054 ) ;
#4144 = AXIS2_PLACEMENT_3D ( 'NONE', #554, #603, #4055 ) ;
#4145 = CARTESIAN_POINT ( 'NONE',  ( -61.61714353676119771, -28.59000000000001762, -2.614662915735976423 ) ) ;
#4146 = ADVANCED_FACE ( 'NONE', ( #1200 ), #2712, .T. ) ;
#4147 = LINE ( 'NONE', #3793, #4736 ) ;
#4148 = VECTOR ( 'NONE', #4347, 1000.000000000000000 ) ;
#4149 = VECTOR ( 'NONE', #2633, 1000.000000000000000 ) ;
#4150 = ORIENTED_EDGE ( 'NONE', *, *, #2696, .F. ) ;
#4151 = ORIENTED_EDGE ( 'NONE', *, *, #1897, .F. ) ;
#4152 = CARTESIAN_POINT ( 'NONE',  ( -31.56135310936134530, -35.86999999999999744, 78.72230578021572001 ) ) ;
#4153 = FACE_OUTER_BOUND ( 'NONE', #2766, .T. ) ;
#4154 = CIRCLE ( 'NONE', #2703, 2.399999999999999467 ) ;
#4155 = VECTOR ( 'NONE', #4891, 1000.000000000000000 ) ;
#4156 = DIRECTION ( 'NONE',  ( 0.000000000000000000, -0.000000000000000000, -1.000000000000000000 ) ) ;
#4157 = EDGE_CURVE ( 'NONE', #3927, #5003, #293, .T. ) ;
#4158 = AXIS2_PLACEMENT_3D ( 'NONE', #538, #2859, #869 ) ;
#4159 = ORIENTED_EDGE ( 'NONE', *, *, #3439, .T. ) ;
#4160 = CALENDAR_DATE ( 2025, 7, 10 ) ;
#4161 = ORIENTED_EDGE ( 'NONE', *, *, #1621, .T. ) ;
#4162 = LINE ( 'NONE', #3728, #5 ) ;
#4163 = LINE ( 'NONE', #2576, #817 ) ;
#4164 = DIRECTION ( 'NONE',  ( 0.000000000000000000, 0.000000000000000000, -1.000000000000000000 ) ) ;
#4165 = LOCAL_TIME ( 21, 27, 32.00000000000000000, #45 ) ;
#4166 = CARTESIAN_POINT ( 'NONE',  ( -58.89259771139528965, -26.59000000000001407, 54.88533708478723838 ) ) ;
#4167 = ORIENTED_EDGE ( 'NONE', *, *, #2964, .T. ) ;
#4168 = CARTESIAN_POINT ( 'NONE',  ( -50.21591620410926282, -4.999999999999997335, 55.00647406690787022 ) ) ;
#4169 = PLANE ( 'NONE',  #3696 ) ;
#4170 = DIRECTION ( 'NONE',  ( 0.000000000000000000, 0.000000000000000000, -1.000000000000000000 ) ) ;
#4171 = EDGE_CURVE ( 'NONE', #1180, #2668, #413, .T. ) ;
#4172 = FACE_OUTER_BOUND ( 'NONE', #2425, .T. ) ;
#4173 = FACE_OUTER_BOUND ( 'NONE', #2244, .T. ) ;
#4174 = AXIS2_PLACEMENT_3D ( 'NONE', #4845, #192, #3226 ) ;
#4175 = ORIENTED_EDGE ( 'NONE', *, *, #2506, .T. ) ;
#4176 = EDGE_LOOP ( 'NONE', ( #3710, #327, #4015, #4424, #1546, #2005 ) ) ;
#4177 = EDGE_CURVE ( 'NONE', #373, #1365, #4325, .T. ) ;
#4178 = CYLINDRICAL_SURFACE ( 'NONE', #1878, 2.000000000517091703 ) ;
#4179 = CARTESIAN_POINT ( 'NONE',  ( -15.00000000000000000, -5.000000000000000000, -50.31152949374526884 ) ) ;
#4180 = CARTESIAN_POINT ( 'NONE',  ( -62.60999999999999943, 0.000000000000000000, 0.000000000000000000 ) ) ;
#4181 = VERTEX_POINT ( 'NONE', #876 ) ;
#4182 = APPROVAL_ROLE ( '' ) ;
#4183 = EDGE_LOOP ( 'NONE', ( #3857, #2408, #3573, #298 ) ) ;
#4184 = ADVANCED_FACE ( 'NONE', ( #3846 ), #443, .F. ) ;
#4185 = CARTESIAN_POINT ( 'NONE',  ( -7.997182520912463237E-16, 5.000000000000000000, -8.307331457867999092 ) ) ;
#4186 = CARTESIAN_POINT ( 'NONE',  ( -102.6100000000000136, 5.000000000000000000, 75.00021254821469086 ) ) ;
#4187 = CYLINDRICAL_SURFACE ( 'NONE', #3280, 2.399999999999999467 ) ;
#4188 = ORIENTED_EDGE ( 'NONE', *, *, #2917, .F. ) ;
#4189 = CARTESIAN_POINT ( 'NONE',  ( 50.00000000000000000, 4.999999999999999112, 67.39000000000000057 ) ) ;
#4190 = DIRECTION ( 'NONE',  ( -0.000000000000000000, 1.000000000000000000, -0.000000000000000000 ) ) ;
#4191 = DIRECTION ( 'NONE',  ( 0.000000000000000000, 0.000000000000000000, -1.000000000000000000 ) ) ;
#4192 = CARTESIAN_POINT ( 'NONE',  ( 50.00000000000000000, 5.000000000000000000, 42.39000000000000057 ) ) ;
#4193 = EDGE_CURVE ( 'NONE', #4809, #3347, #2414, .T. ) ;
#4194 = DIRECTION ( 'NONE',  ( 1.000000000000000000, 0.000000000000000000, 0.000000000000000000 ) ) ;
#4195 = ORIENTED_EDGE ( 'NONE', *, *, #547, .F. ) ;
#4196 = LINE ( 'NONE', #370, #3667 ) ;
#4197 = LINE ( 'NONE', #3026, #3021 ) ;
#4198 = CARTESIAN_POINT ( 'NONE',  ( -64.51479838570431014, 5.000000000000000000, 44.99999999999999289 ) ) ;
#4199 = LINE ( 'NONE', #3544, #4790 ) ;
#4200 = VECTOR ( 'NONE', #3296, 1000.000000000000000 ) ;
#4201 = EDGE_CURVE ( 'NONE', #399, #598, #941, .T. ) ;
#4202 = ORIENTED_EDGE ( 'NONE', *, *, #2154, .T. ) ;
#4203 = SECURITY_CLASSIFICATION_LEVEL ( 'unclassified' ) ;
#4204 = VERTEX_POINT ( 'NONE', #1536 ) ;
#4205 = CARTESIAN_POINT ( 'NONE',  ( 59.78999999999999915, -5.000000000000000000, 79.99999999999998579 ) ) ;
#4206 = CARTESIAN_POINT ( 'NONE',  ( -62.60999999999999943, 5.000000000000000000, 62.39000000000000767 ) ) ;
#4207 = ADVANCED_FACE ( 'NONE', ( #2330 ), #3871, .T. ) ;
#4208 = EDGE_LOOP ( 'NONE', ( #1780, #905 ) ) ;
#4209 = LINE ( 'NONE', #3436, #4768 ) ;
#4210 = DIRECTION ( 'NONE',  ( 0.000000000000000000, 1.000000000000000000, 0.000000000000000000 ) ) ;
#4211 = ORIENTED_EDGE ( 'NONE', *, *, #4394, .T. ) ;
#4212 = CARTESIAN_POINT ( 'NONE',  ( 50.99019513592784136, -10.00000000000000000, -12.50000000000000000 ) ) ;
#4213 = DIRECTION ( 'NONE',  ( -0.000000000000000000, 0.000000000000000000, 1.000000000000000000 ) ) ;
#4214 = CARTESIAN_POINT ( 'NONE',  ( -52.97999999999999687, 5.000000000000000000, 67.39000000000000057 ) ) ;
#4215 = DIRECTION ( 'NONE',  ( 0.000000000000000000, 0.000000000000000000, 1.000000000000000000 ) ) ;
#4216 = AXIS2_PLACEMENT_3D ( 'NONE', #4908, #2137, #2209 ) ;
#4217 = AXIS2_PLACEMENT_3D ( 'NONE', #3724, #1832, #574 ) ;
#4218 = DIRECTION ( 'NONE',  ( 0.000000000000000000, 0.000000000000000000, 1.000000000000000000 ) ) ;
#4219 = ORIENTED_EDGE ( 'NONE', *, *, #1418, .T. ) ;
#4220 = ORIENTED_EDGE ( 'NONE', *, *, #3110, .F. ) ;
#4221 = CARTESIAN_POINT ( 'NONE',  ( -0.7999999995522613094, 5.000000000000000000, 20.50000000413565715 ) ) ;
#4222 = FACE_OUTER_BOUND ( 'NONE', #952, .T. ) ;
#4223 = ADVANCED_FACE ( 'NONE', ( #3975 ), #3665, .T. ) ;
#4224 = AXIS2_PLACEMENT_3D ( 'NONE', #3122, #1534, #4645 ) ;
#4225 = VERTEX_POINT ( 'NONE', #2051 ) ;
#4226 = COORDINATED_UNIVERSAL_TIME_OFFSET ( 7, 0, .AHEAD. ) ;
#4227 = ORIENTED_EDGE ( 'NONE', *, *, #3943, .F. ) ;
#4228 = ORIENTED_EDGE ( 'NONE', *, *, #3905, .F. ) ;
#4229 = VECTOR ( 'NONE', #4508, 1000.000000000000000 ) ;
#4230 = CIRCLE ( 'NONE', #2060, 4.999999999999997335 ) ;
#4231 = LINE ( 'NONE', #3136, #1307 ) ;
#4232 = EDGE_CURVE ( 'NONE', #4572, #3155, #2808, .T. ) ;
#4233 = CARTESIAN_POINT ( 'NONE',  ( -57.27545417499960934, -10.00000000000000000, 0.000000000000000000 ) ) ;
#4234 = VECTOR ( 'NONE', #567, 1000.000000000000000 ) ;
#4235 = UNCERTAINTY_MEASURE_WITH_UNIT (LENGTH_MEASURE( 1.000000000000000082E-05 ), #4314, 'distance_accuracy_value', 'NONE');
#4236 = DIRECTION ( 'NONE',  ( 1.000000000000000000, 0.000000000000000000, 0.000000000000000000 ) ) ;
#4237 = AXIS2_PLACEMENT_3D ( 'NONE', #4393, #2039, #2149 ) ;
#4238 = EDGE_LOOP ( 'NONE', ( #1703, #2755, #3500, #1855, #1029, #1288 ) ) ;
#4239 = ADVANCED_FACE ( 'NONE', ( #3297 ), #2842, .T. ) ;
#4240 = DIRECTION ( 'NONE',  ( 0.000000000000000000, 0.000000000000000000, -1.000000000000000000 ) ) ;
#4241 = LINE ( 'NONE', #1993, #3124 ) ;
#4242 = VERTEX_POINT ( 'NONE', #1304 ) ;
#4243 = LOCAL_TIME ( 21, 27, 32.00000000000000000, #1874 ) ;
#4244 = FACE_OUTER_BOUND ( 'NONE', #1925, .T. ) ;
#4245 = ADVANCED_FACE ( 'NONE', ( #593 ), #1354, .F. ) ;
#4246 = PRODUCT_DEFINITION ( 'UNKNOWN', '', #3045, #4583 ) ;
#4247 = DIRECTION ( 'NONE',  ( -0.000000000000000000, 1.000000000000000000, -0.000000000000000000 ) ) ;
#4248 = DIRECTION ( 'NONE',  ( 0.000000000000000000, 1.000000000000000000, 0.000000000000000000 ) ) ;
#4249 = DIRECTION ( 'NONE',  ( -0.000000000000000000, 0.000000000000000000, 1.000000000000000000 ) ) ;
#4250 = DIRECTION ( 'NONE',  ( -0.000000000000000000, 0.000000000000000000, 1.000000000000000000 ) ) ;
#4251 = VERTEX_POINT ( 'NONE', #1746 ) ;
#4252 = ORIENTED_EDGE ( 'NONE', *, *, #1074, .F. ) ;
#4253 = DIRECTION ( 'NONE',  ( 0.000000000000000000, 1.000000000000000000, 0.000000000000000000 ) ) ;
#4254 = DIRECTION ( 'NONE',  ( 0.000000000000000000, -1.000000000000000000, 0.000000000000000000 ) ) ;
#4255 = AXIS2_PLACEMENT_3D ( 'NONE', #4292, #4249, #773 ) ;
#4256 = VERTEX_POINT ( 'NONE', #968 ) ;
#4257 = APPROVAL_ROLE ( '' ) ;
#4258 = VERTEX_POINT ( 'NONE', #1716 ) ;
#4259 = DIRECTION ( 'NONE',  ( 0.000000000000000000, 1.000000000000000000, 0.000000000000000000 ) ) ;
#4260 = LINE ( 'NONE', #1910, #4463 ) ;
#4261 = EDGE_CURVE ( 'NONE', #3114, #3180, #3941, .T. ) ;
#4262 = CARTESIAN_POINT ( 'NONE',  ( 685.8911296562592952, 846.1257498878566139, 1380.626909422987183 ) ) ;
#4263 = ORIENTED_EDGE ( 'NONE', *, *, #2704, .T. ) ;
#4264 = DIRECTION ( 'NONE',  ( -0.000000000000000000, 1.000000000000000000, -0.000000000000000000 ) ) ;
#4265 = DIRECTION ( 'NONE',  ( 0.000000000000000000, 0.000000000000000000, 1.000000000000000000 ) ) ;
#4266 = ADVANCED_FACE ( 'NONE', ( #214 ), #1767, .F. ) ;
#4267 = ORIENTED_EDGE ( 'NONE', *, *, #3459, .T. ) ;
#4268 = CARTESIAN_POINT ( 'NONE',  ( -83.34563602967273255, -5.000000000000000000, 74.71358084809440925 ) ) ;
#4269 = CARTESIAN_POINT ( 'NONE',  ( 0.000000000000000000, -5.000000000000000000, 79.71358084809442346 ) ) ;
#4270 = CARTESIAN_POINT ( 'NONE',  ( -82.35274281085926873, -35.86999999999999744, 74.71358084809440925 ) ) ;
#4271 = EDGE_CURVE ( 'NONE', #2848, #2781, #3438, .T. ) ;
#4272 = ORIENTED_EDGE ( 'NONE', *, *, #1940, .T. ) ;
#4273 = DIRECTION ( 'NONE',  ( 0.000000000000000000, -1.000000000000000000, 0.000000000000000000 ) ) ;
#4274 = LINE ( 'NONE', #1901, #3265 ) ;
#4275 = CARTESIAN_POINT ( 'NONE',  ( 55.99019513592784847, -10.00000000000000000, 7.500000000000000888 ) ) ;
#4276 = ORIENTED_EDGE ( 'NONE', *, *, #1457, .T. ) ;
#4277 = ORIENTED_EDGE ( 'NONE', *, *, #513, .F. ) ;
#4278 = ORIENTED_EDGE ( 'NONE', *, *, #4537, .T. ) ;
#4279 = DIRECTION ( 'NONE',  ( 0.000000000000000000, 1.000000000000000000, -0.000000000000000000 ) ) ;
#4280 = VECTOR ( 'NONE', #4370, 1000.000000000000000 ) ;
#4281 = CARTESIAN_POINT ( 'NONE',  ( -70.62999999999999545, -3.589999999999995861, 31.38533708426405866 ) ) ;
#4282 = ORIENTED_EDGE ( 'NONE', *, *, #4338, .F. ) ;
#4283 = ORIENTED_EDGE ( 'NONE', *, *, #142, .T. ) ;
#4284 = CARTESIAN_POINT ( 'NONE',  ( -15.00000000000000000, 10.00000000000000000, -52.91502622129181077 ) ) ;
#4285 = EDGE_CURVE ( 'NONE', #1575, #3151, #3712, .T. ) ;
#4286 = DIRECTION ( 'NONE',  ( -0.000000000000000000, -0.000000000000000000, -1.000000000000000000 ) ) ;
#4287 = EDGE_LOOP ( 'NONE', ( #4963, #1773, #4395, #3051 ) ) ;
#4288 = DIRECTION ( 'NONE',  ( 0.000000000000000000, 0.000000000000000000, 1.000000000000000000 ) ) ;
#4289 = LINE ( 'NONE', #2434, #4391 ) ;
#4290 = CARTESIAN_POINT ( 'NONE',  ( 0.000000000000000000, -5.000000000000000000, 0.000000000000000000 ) ) ;
#4291 = DIRECTION ( 'NONE',  ( 0.000000000000000000, 1.000000000000000000, 0.000000000000000000 ) ) ;
#4292 = CARTESIAN_POINT ( 'NONE',  ( 2.350000000447293846, -20.00000000000002842, 36.50000000413410817 ) ) ;
#4293 = ORIENTED_EDGE ( 'NONE', *, *, #1101, .T. ) ;
#4294 = DIRECTION ( 'NONE',  ( -0.000000000000000000, 1.000000000000000000, -0.000000000000000000 ) ) ;
#4295 = AXIS2_PLACEMENT_3D ( 'NONE', #2912, #963, #4892 ) ;
#4296 = DIRECTION ( 'NONE',  ( -0.000000000000000000, 1.000000000000000000, -0.000000000000000000 ) ) ;
#4297 = CARTESIAN_POINT ( 'NONE',  ( -52.61000000000000654, -5.000000000000000000, 40.00000000000000000 ) ) ;
#4298 = EDGE_CURVE ( 'NONE', #2566, #4601, #2994, .T. ) ;
#4299 = CIRCLE ( 'NONE', #4216, 2.000000000517095256 ) ;
#4300 = CIRCLE ( 'NONE', #4295, 4.999999999999997335 ) ;
#4301 = EDGE_LOOP ( 'NONE', ( #3976, #516, #3326, #1559 ) ) ;
#4302 = ITEM_DEFINED_TRANSFORMATION ( 'NONE', 'NONE', #1165,  #2796 ) ;
#4303 = ORIENTED_EDGE ( 'NONE', *, *, #893, .F. ) ;
#4304 = EDGE_LOOP ( 'NONE', ( #3395, #1657, #3295, #155, #4123, #2360 ) ) ;
#4305 = CARTESIAN_POINT ( 'NONE',  ( -57.94295870590023867, -25.00000000000000000, 56.17304270302549440 ) ) ;
#4306 = VECTOR ( 'NONE', #446, 1000.000000000000000 ) ;
#4307 = EDGE_CURVE ( 'NONE', #4225, #759, #3736, .T. ) ;
#4308 = VECTOR ( 'NONE', #1777, 1000.000000000000000 ) ;
#4309 = CYLINDRICAL_SURFACE ( 'NONE', #3990, 2.000000000517095256 ) ;
#4310 = DIRECTION ( 'NONE',  ( 0.000000000000000000, 0.000000000000000000, -1.000000000000000000 ) ) ;
#4311 = VECTOR ( 'NONE', #471, 1000.000000000000000 ) ;
#4312 = AXIS2_PLACEMENT_3D ( 'NONE', #3693, #4095, #1355 ) ;
#4313 = ORIENTED_EDGE ( 'NONE', *, *, #673, .F. ) ;
#4314 =( LENGTH_UNIT ( ) NAMED_UNIT ( * ) SI_UNIT ( .MILLI., .METRE. ) );
#4315 = ORIENTED_EDGE ( 'NONE', *, *, #1549, .T. ) ;
#4316 = CARTESIAN_POINT ( 'NONE',  ( 14.99999999999999467, 10.00000000000000000, -50.31152949374526884 ) ) ;
#4317 = VECTOR ( 'NONE', #2944, 1000.000000000000000 ) ;
#4318 = VECTOR ( 'NONE', #2269, 1000.000000000000000 ) ;
#4319 = EDGE_LOOP ( 'NONE', ( #2338, #3556 ) ) ;
#4320 = CARTESIAN_POINT ( 'NONE',  ( -10.52170913285009668, -44.00000000000002132, 74.71358084809440925 ) ) ;
#4321 = DIRECTION ( 'NONE',  ( 0.000000000000000000, -1.000000000000000000, 0.000000000000000000 ) ) ;
#4322 = DIRECTION ( 'NONE',  ( -0.000000000000000000, -1.000000000000000000, -0.000000000000000000 ) ) ;
#4323 = LOCAL_TIME ( 21, 27, 32.00000000000000000, #2619 ) ;
#4324 = FACE_BOUND ( 'NONE', #3499, .T. ) ;
#4325 = LINE ( 'NONE', #4270, #2162 ) ;
#4326 = ADVANCED_FACE ( 'NONE', ( #690 ), #3767, .T. ) ;
#4327 = ORIENTED_EDGE ( 'NONE', *, *, #4371, .F. ) ;
#4328 = CARTESIAN_POINT ( 'NONE',  ( -76.99918942026600632, -35.86999999999999744, 59.96002745750113405 ) ) ;
#4329 = CARTESIAN_POINT ( 'NONE',  ( -59.84223671689034063, -26.59000000000001407, 56.17304270302549440 ) ) ;
#4330 = DIRECTION ( 'NONE',  ( -0.000000000000000000, -1.000000000000000000, -0.000000000000000000 ) ) ;
#4331 = EDGE_CURVE ( 'NONE', #1797, #2456, #451, .T. ) ;
#4332 = ORIENTED_EDGE ( 'NONE', *, *, #1884, .F. ) ;
#4333 = ORIENTED_EDGE ( 'NONE', *, *, #2759, .T. ) ;
#4334 = ORIENTED_EDGE ( 'NONE', *, *, #4193, .F. ) ;
#4335 = DIRECTION ( 'NONE',  ( 0.000000000000000000, -0.000000000000000000, 1.000000000000000000 ) ) ;
#4336 = CARTESIAN_POINT ( 'NONE',  ( 59.78999999999999915, -5.000000000000000000, 79.99999999999998579 ) ) ;
#4337 = AXIS2_PLACEMENT_3D ( 'NONE', #4693, #4616, #1227 ) ;
#4338 = EDGE_CURVE ( 'NONE', #1378, #598, #1789, .T. ) ;
#4339 = ORIENTED_EDGE ( 'NONE', *, *, #692, .F. ) ;
#4340 = VERTEX_POINT ( 'NONE', #639 ) ;
#4341 = AXIS2_PLACEMENT_3D ( 'NONE', #4898, #292, #2581 ) ;
#4342 = CARTESIAN_POINT ( 'NONE',  ( 3.590000000000005631, 22.71000000000000085, 46.08000000000001251 ) ) ;
#4343 = DIRECTION ( 'NONE',  ( 0.000000000000000000, -1.000000000000000000, 0.000000000000000000 ) ) ;
#4344 = ORIENTED_EDGE ( 'NONE', *, *, #235, .T. ) ;
#4345 = CARTESIAN_POINT ( 'NONE',  ( 0.000000000000000000, -5.000000000000000000, 0.000000000000000000 ) ) ;
#4346 = DIRECTION ( 'NONE',  ( 1.000000000000000000, 0.000000000000000000, 0.000000000000000000 ) ) ;
#4347 = DIRECTION ( 'NONE',  ( 0.000000000000000000, 0.000000000000000000, -1.000000000000000000 ) ) ;
#4348 = CYLINDRICAL_SURFACE ( 'NONE', #1781, 2.400000000031474290 ) ;
#4349 = DIRECTION ( 'NONE',  ( -0.000000000000000000, -1.000000000000000000, -0.000000000000000000 ) ) ;
#4350 = DIRECTION ( 'NONE',  ( 0.000000000000000000, 0.000000000000000000, -1.000000000000000000 ) ) ;
#4351 = ORIENTED_EDGE ( 'NONE', *, *, #3768, .T. ) ;
#4352 = DIRECTION ( 'NONE',  ( -0.000000000000000000, -1.000000000000000000, -0.000000000000000000 ) ) ;
#4353 = CARTESIAN_POINT ( 'NONE',  ( -28.22931024683214574, -5.000000000000000000, 74.71358084809440925 ) ) ;
#4354 = DIRECTION ( 'NONE',  ( -0.000000000000000000, 1.000000000000000000, -0.000000000000000000 ) ) ;
#4355 = EDGE_CURVE ( 'NONE', #1691, #3155, #1405, .T. ) ;
#4356 = EDGE_LOOP ( 'NONE', ( #3894, #3376, #2541 ) ) ;
#4357 = VERTEX_POINT ( 'NONE', #3044 ) ;
#4358 = ORIENTED_EDGE ( 'NONE', *, *, #3742, .T. ) ;
#4359 = CARTESIAN_POINT ( 'NONE',  ( -62.60999999999999943, -3.869999999999991669, 78.72230578021572001 ) ) ;
#4360 = PLANE ( 'NONE',  #4949 ) ;
#4361 = EDGE_CURVE ( 'NONE', #2012, #46, #3455, .T. ) ;
#4362 = ORIENTED_EDGE ( 'NONE', *, *, #2424, .T. ) ;
#4363 = CARTESIAN_POINT ( 'NONE',  ( 59.37000000000000455, 22.41000000000000369, 47.39000000000000057 ) ) ;
#4364 = ADVANCED_FACE ( 'NONE', ( #2604 ), #4169, .T. ) ;
#4365 = VECTOR ( 'NONE', #1510, 1000.000000000000000 ) ;
#4366 = CARTESIAN_POINT ( 'NONE',  ( -28.69918942026600917, -35.86999999999999744, 74.76002745750113831 ) ) ;
#4367 = ORIENTED_EDGE ( 'NONE', *, *, #1635, .T. ) ;
#4368 = DIRECTION ( 'NONE',  ( 0.000000000000000000, -0.000000000000000000, 1.000000000000000000 ) ) ;
#4369 = CARTESIAN_POINT ( 'NONE',  ( -23.34563602967273610, -25.00000000000000000, 74.71358084809440925 ) ) ;
#4370 = DIRECTION ( 'NONE',  ( -0.000000000000000000, 1.000000000000000000, -0.000000000000000000 ) ) ;
#4371 = EDGE_CURVE ( 'NONE', #2520, #984, #2969, .T. ) ;
#4372 = CARTESIAN_POINT ( 'NONE',  ( -61.61714353676141798, -28.59000000000001762, 37.38533708426405866 ) ) ;
#4373 = ORIENTED_EDGE ( 'NONE', *, *, #3876, .F. ) ;
#4374 = DIRECTION ( 'NONE',  ( -0.000000000000000000, -1.000000000000000000, 0.000000000000000000 ) ) ;
#4375 = CARTESIAN_POINT ( 'NONE',  ( -50.99019513592784136, -5.000000000000000000, -12.50000000000001776 ) ) ;
#4376 = DIRECTION ( 'NONE',  ( 9.626656359471741400E-17, -0.000000000000000000, 1.000000000000000000 ) ) ;
#4377 = ORIENTED_EDGE ( 'NONE', *, *, #1324, .T. ) ;
#4378 = VERTEX_POINT ( 'NONE', #668 ) ;
#4379 = EDGE_CURVE ( 'NONE', #1378, #68, #1507, .T. ) ;
#4380 = VERTEX_POINT ( 'NONE', #2199 ) ;
#4381 = LINE ( 'NONE', #1661, #2222 ) ;
#4382 = PLANE ( 'NONE',  #96 ) ;
#4383 = CIRCLE ( 'NONE', #105, 52.50000000000000000 ) ;
#4384 = VECTOR ( 'NONE', #4915, 1000.000000000000000 ) ;
#4385 = EDGE_LOOP ( 'NONE', ( #2915, #4882, #2087, #1126 ) ) ;
#4386 = APPLICATION_PROTOCOL_DEFINITION ( 'international standard', 'config_control_design', 1994, #3608 ) ;
#4387 = ORIENTED_EDGE ( 'NONE', *, *, #540, .F. ) ;
#4388 = VECTOR ( 'NONE', #1598, 1000.000000000000000 ) ;
#4389 = AXIS2_PLACEMENT_3D ( 'NONE', #172, #2954, #2928 ) ;
#4390 = DIRECTION ( 'NONE',  ( -1.000000000000000000, 0.000000000000000000, 1.156482317317871478E-16 ) ) ;
#4391 = VECTOR ( 'NONE', #848, 1000.000000000000000 ) ;
#4392 = CIRCLE ( 'NONE', #743, 1.599999999999997202 ) ;
#4393 = CARTESIAN_POINT ( 'NONE',  ( 0.000000000000000000, -5.000000000000000000, 0.000000000000000000 ) ) ;
#4394 = EDGE_CURVE ( 'NONE', #259, #4340, #714, .T. ) ;
#4395 = ORIENTED_EDGE ( 'NONE', *, *, #482, .F. ) ;
#4396 = VECTOR ( 'NONE', #2437, 1000.000000000000000 ) ;
#4397 = AXIS2_PLACEMENT_3D ( 'NONE', #4679, #476, #4414 ) ;
#4398 = VERTEX_POINT ( 'NONE', #264 ) ;
#4399 = LINE ( 'NONE', #2813, #1700 ) ;
#4400 = FACE_OUTER_BOUND ( 'NONE', #1938, .T. ) ;
#4401 = CIRCLE ( 'NONE', #1663, 55.00000000000000000 ) ;
#4402 = CIRCLE ( 'NONE', #3755, 4.999999999999997335 ) ;
#4403 = EDGE_CURVE ( 'NONE', #3842, #2948, #2275, .T. ) ;
#4404 = CC_DESIGN_PERSON_AND_ORGANIZATION_ASSIGNMENT ( #2667, #4676, ( #436 ) ) ;
#4405 = ORIENTED_EDGE ( 'NONE', *, *, #1101, .F. ) ;
#4406 = VECTOR ( 'NONE', #1502, 1000.000000000000000 ) ;
#4407 = LINE ( 'NONE', #3644, #1073 ) ;
#4408 = LINE ( 'NONE', #1309, #3186 ) ;
#4409 = PLANE ( 'NONE',  #3832 ) ;
#4410 = ORIENTED_EDGE ( 'NONE', *, *, #2245, .F. ) ;
#4411 = ORIENTED_EDGE ( 'NONE', *, *, #1022, .F. ) ;
#4412 = ORIENTED_EDGE ( 'NONE', *, *, #125, .F. ) ;
#4413 = ORIENTED_EDGE ( 'NONE', *, *, #3625, .T. ) ;
#4414 = DIRECTION ( 'NONE',  ( 0.000000000000000000, -0.000000000000000000, 1.000000000000000000 ) ) ;
#4415 = APPROVAL_PERSON_ORGANIZATION ( #2767, #285, #1112 ) ;
#4416 = CARTESIAN_POINT ( 'NONE',  ( -28.69918942026600917, -35.86999999999999744, 69.96002745750114116 ) ) ;
#4417 = ORIENTED_EDGE ( 'NONE', *, *, #1518, .F. ) ;
#4418 = CALENDAR_DATE ( 2025, 7, 10 ) ;
#4419 = VERTEX_POINT ( 'NONE', #4566 ) ;
#4420 = DIRECTION ( 'NONE',  ( 0.000000000000000000, 0.000000000000000000, 1.000000000000000000 ) ) ;
#4421 = EDGE_CURVE ( 'NONE', #3927, #1914, #3369, .T. ) ;
#4422 = FACE_OUTER_BOUND ( 'NONE', #2724, .T. ) ;
#4423 = AXIS2_PLACEMENT_3D ( 'NONE', #468, #366, #1923 ) ;
#4424 = ORIENTED_EDGE ( 'NONE', *, *, #2902, .T. ) ;
#4425 = ORIENTED_EDGE ( 'NONE', *, *, #1952, .T. ) ;
#4426 = LINE ( 'NONE', #2411, #4200 ) ;
#4427 = ADVANCED_FACE ( 'NONE', ( #336 ), #1098, .F. ) ;
#4428 = DIRECTION ( 'NONE',  ( -0.000000000000000000, -1.000000000000000000, -0.000000000000000000 ) ) ;
#4429 = DIRECTION ( 'NONE',  ( -1.000000000000000000, 0.000000000000000000, 0.000000000000000000 ) ) ;
#4430 = DIRECTION ( 'NONE',  ( 1.000000000000000000, -0.000000000000000000, -0.000000000000000000 ) ) ;
#4431 = CARTESIAN_POINT ( 'NONE',  ( 0.000000000000000000, 10.00000000000000000, 0.000000000000000000 ) ) ;
#4432 = EDGE_CURVE ( 'NONE', #3185, #434, #998, .T. ) ;
#4433 = ORIENTED_EDGE ( 'NONE', *, *, #981, .T. ) ;
#4434 = ORIENTED_EDGE ( 'NONE', *, *, #229, .T. ) ;
#4435 = VERTEX_POINT ( 'NONE', #34 ) ;
#4436 = FACE_OUTER_BOUND ( 'NONE', #1373, .T. ) ;
#4437 = CARTESIAN_POINT ( 'NONE',  ( -1.409999999999994591, 5.000000000000000000, 53.04000000000000625 ) ) ;
#4438 = ORIENTED_EDGE ( 'NONE', *, *, #1382, .T. ) ;
#4439 = PERSON_AND_ORGANIZATION_ROLE ( 'classification_officer' ) ;
#4440 = ORIENTED_EDGE ( 'NONE', *, *, #3093, .T. ) ;
#4441 = DIRECTION ( 'NONE',  ( 0.000000000000000000, -1.000000000000000000, -0.000000000000000000 ) ) ;
#4442 = LINE ( 'NONE', #1276, #1404 ) ;
#4443 = VERTEX_POINT ( 'NONE', #739 ) ;
#4444 = ADVANCED_FACE ( 'NONE', ( #844 ), #1193, .F. ) ;
#4445 = VERTEX_POINT ( 'NONE', #4662 ) ;
#4446 = PLANE ( 'NONE',  #3718 ) ;
#4447 = CIRCLE ( 'NONE', #2270, 2.399999999999999467 ) ;
#4448 = CARTESIAN_POINT ( 'NONE',  ( 2.350000000447293846, 0.000000000000000000, 36.50000000413410817 ) ) ;
#4449 = EDGE_CURVE ( 'NONE', #4357, #1797, #4401, .T. ) ;
#4450 = DIRECTION ( 'NONE',  ( -0.000000000000000000, -1.000000000000000000, -0.000000000000000000 ) ) ;
#4451 = CARTESIAN_POINT ( 'NONE',  ( 15.00000000000000000, 10.00000000000000000, -1.486905836551549079E-15 ) ) ;
#4452 = ORIENTED_EDGE ( 'NONE', *, *, #4985, .F. ) ;
#4453 = ORIENTED_EDGE ( 'NONE', *, *, #4720, .T. ) ;
#4454 = ADVANCED_FACE ( 'NONE', ( #3118 ), #3165, .T. ) ;
#4455 = LINE ( 'NONE', #2163, #9 ) ;
#4456 = CARTESIAN_POINT ( 'NONE',  ( -82.35274281085926873, 0.1500000000000008271, 75.00021254821469086 ) ) ;
#4457 = ORIENTED_EDGE ( 'NONE', *, *, #2283, .T. ) ;
#4458 = PERSON_AND_ORGANIZATION ( #510, #3437 ) ;
#4459 = ORIENTED_EDGE ( 'NONE', *, *, #4766, .F. ) ;
#4460 = EDGE_CURVE ( 'NONE', #2197, #897, #1568, .T. ) ;
#4461 = CC_DESIGN_PERSON_AND_ORGANIZATION_ASSIGNMENT ( #605, #2958, ( #3045 ) ) ;
#4462 = CARTESIAN_POINT ( 'NONE',  ( -62.60999999999999943, -5.000000000000000000, 44.99999999999999289 ) ) ;
#4463 = VECTOR ( 'NONE', #2749, 1000.000000000000000 ) ;
#4464 = CARTESIAN_POINT ( 'NONE',  ( 59.37000000000000455, 0.000000000000000000, 0.000000000000000000 ) ) ;
#4465 = LINE ( 'NONE', #1093, #515 ) ;
#4466 = AXIS2_PLACEMENT_3D ( 'NONE', #2684, #4929, #1539 ) ;
#4467 = VECTOR ( 'NONE', #2659, 1000.000000000000000 ) ;
#4468 = ORIENTED_EDGE ( 'NONE', *, *, #110, .T. ) ;
#4469 = ORIENTED_EDGE ( 'NONE', *, *, #430, .F. ) ;
#4470 = DIRECTION ( 'NONE',  ( -0.000000000000000000, -1.000000000000000000, -0.000000000000000000 ) ) ;
#4471 = VECTOR ( 'NONE', #4673, 1000.000000000000000 ) ;
#4472 = CIRCLE ( 'NONE', #104, 1.600000000926173005 ) ;
#4473 = AXIS2_PLACEMENT_3D ( 'NONE', #656, #684, #4108 ) ;
#4474 = DIRECTION ( 'NONE',  ( -1.000000000000000000, 0.000000000000000000, 0.000000000000000000 ) ) ;
#4475 = DIRECTION ( 'NONE',  ( 0.000000000000000000, 0.000000000000000000, 1.000000000000000000 ) ) ;
#4476 = DIRECTION ( 'NONE',  ( 0.000000000000000000, -1.000000000000000000, 0.000000000000000000 ) ) ;
#4477 = AXIS2_PLACEMENT_3D ( 'NONE', #3488, #1535, #441 ) ;
#4478 = EDGE_CURVE ( 'NONE', #3842, #375, #2146, .T. ) ;
#4479 = VECTOR ( 'NONE', #3088, 1000.000000000000000 ) ;
#4480 = EDGE_LOOP ( 'NONE', ( #1608, #4417, #3660, #4678, #1604, #3872 ) ) ;
#4481 = ORIENTED_EDGE ( 'NONE', *, *, #4916, .F. ) ;
#4482 = ORIENTED_EDGE ( 'NONE', *, *, #4634, .T. ) ;
#4483 = DIRECTION ( 'NONE',  ( -1.000000000000000000, 0.000000000000000000, 9.912705577010326782E-17 ) ) ;
#4484 = DIRECTION ( 'NONE',  ( 0.000000000000000000, 0.000000000000000000, 1.000000000000000000 ) ) ;
#4485 = CYLINDRICAL_SURFACE ( 'NONE', #3816, 52.50000000000000000 ) ;
#4486 = PRODUCT_DEFINITION_FORMATION_WITH_SPECIFIED_SOURCE ( 'ANY', '', #1458, .NOT_KNOWN. ) ;
#4487 = EDGE_CURVE ( 'NONE', #3145, #3783, #361, .T. ) ;
#4488 = VERTEX_POINT ( 'NONE', #3562 ) ;
#4489 = COORDINATED_UNIVERSAL_TIME_OFFSET ( 7, 0, .AHEAD. ) ;
#4490 = APPROVAL_PERSON_ORGANIZATION ( #2243, #2155, #1036 ) ;
#4491 = VERTEX_POINT ( 'NONE', #1558 ) ;
#4492 = CARTESIAN_POINT ( 'NONE',  ( 50.00000000000000000, -55.00000000000000711, 42.39000000000000057 ) ) ;
#4493 = CARTESIAN_POINT ( 'NONE',  ( 50.99019513592784136, 10.00000000000000000, 12.50000000000000000 ) ) ;
#4494 = EDGE_CURVE ( 'NONE', #3347, #242, #4241, .T. ) ;
#4495 = CARTESIAN_POINT ( 'NONE',  ( 3.590000000000005631, 22.71000000000000085, 0.000000000000000000 ) ) ;
#4496 = LINE ( 'NONE', #1019, #2150 ) ;
#4497 = VERTEX_POINT ( 'NONE', #1144 ) ;
#4498 = LINE ( 'NONE', #3391, #1046 ) ;
#4499 = DIRECTION ( 'NONE',  ( 0.000000000000000000, -1.000000000000000000, 0.000000000000000000 ) ) ;
#4500 = DIRECTION ( 'NONE',  ( -0.000000000000000000, 0.000000000000000000, -1.000000000000000000 ) ) ;
#4501 = DIRECTION ( 'NONE',  ( 0.000000000000000000, -1.000000000000000000, 0.000000000000000000 ) ) ;
#4502 = CARTESIAN_POINT ( 'NONE',  ( -52.61000000000000654, 5.000000000000000888, -8.307331457867995539 ) ) ;
#4503 = CARTESIAN_POINT ( 'NONE',  ( -82.35274281085926873, -35.86999999999999744, 55.00647406690787022 ) ) ;
#4504 = ORIENTED_EDGE ( 'NONE', *, *, #489, .T. ) ;
#4505 = ORIENTED_EDGE ( 'NONE', *, *, #3995, .T. ) ;
#4506 = EDGE_LOOP ( 'NONE', ( #12, #4333, #1445, #431, #3250, #3610 ) ) ;
#4507 = CARTESIAN_POINT ( 'NONE',  ( -52.61000000000000654, -53.58999999999999631, 44.99999999999999289 ) ) ;
#4508 = DIRECTION ( 'NONE',  ( -0.000000000000000000, 1.000000000000000000, -0.000000000000000000 ) ) ;
#4509 = EDGE_CURVE ( 'NONE', #4488, #1371, #272, .T. ) ;
#4510 = CARTESIAN_POINT ( 'NONE',  ( 59.37000000000000455, 22.41000000000000369, 62.39000000000000767 ) ) ;
#4511 = ORIENTED_EDGE ( 'NONE', *, *, #1003, .F. ) ;
#4512 = PERSON_AND_ORGANIZATION ( #510, #3437 ) ;
#4513 = ORIENTED_EDGE ( 'NONE', *, *, #3964, .T. ) ;
#4514 = LINE ( 'NONE', #3385, #3195 ) ;
#4515 = CARTESIAN_POINT ( 'NONE',  ( -52.60999999999999943, 5.000000000000000000, 10.00000000000001954 ) ) ;
#4516 = DIRECTION ( 'NONE',  ( 0.000000000000000000, 0.000000000000000000, -1.000000000000000000 ) ) ;
#4517 = FACE_OUTER_BOUND ( 'NONE', #319, .T. ) ;
#4518 = ORIENTED_EDGE ( 'NONE', *, *, #4112, .F. ) ;
#4519 = ADVANCED_FACE ( 'NONE', ( #2325 ), #3866, .T. ) ;
#4520 = FACE_OUTER_BOUND ( 'NONE', #4858, .T. ) ;
#4521 = CARTESIAN_POINT ( 'NONE',  ( 47.50000000044774140, 0.000000000000000000, 22.50000000465276173 ) ) ;
#4522 = CARTESIAN_POINT ( 'NONE',  ( -1.409999999999994369, 22.71000000000000085, 55.44000000000000483 ) ) ;
#4523 = AXIS2_PLACEMENT_3D ( 'NONE', #637, #1843, #1374 ) ;
#4524 = DIRECTION ( 'NONE',  ( 0.000000000000000000, 1.000000000000000000, 0.000000000000000000 ) ) ;
#4525 = DIRECTION ( 'NONE',  ( 0.000000000000000000, 1.000000000000000000, 0.000000000000000000 ) ) ;
#4526 = ORIENTED_EDGE ( 'NONE', *, *, #1922, .F. ) ;
#4527 = ORIENTED_EDGE ( 'NONE', *, *, #88, .T. ) ;
#4528 = CARTESIAN_POINT ( 'NONE',  ( -57.29718997932091185, -25.00000000000000000, 55.00647406690787022 ) ) ;
#4529 = DIRECTION ( 'NONE',  ( 0.000000000000000000, 0.000000000000000000, 1.000000000000000000 ) ) ;
#4530 = CARTESIAN_POINT ( 'NONE',  ( 0.000000000000000000, 10.00000000000000000, 55.00000000000000000 ) ) ;
#4531 = ORIENTED_EDGE ( 'NONE', *, *, #3960, .F. ) ;
#4532 = APPROVAL_ROLE ( '' ) ;
#4533 = ORIENTED_EDGE ( 'NONE', *, *, #5013, .F. ) ;
#4534 = DIRECTION ( 'NONE',  ( 0.000000000000000000, 0.000000000000000000, 1.000000000000000000 ) ) ;
#4535 = LINE ( 'NONE', #207, #3900 ) ;
#4536 = PLANE ( 'NONE',  #3201 ) ;
#4537 = EDGE_CURVE ( 'NONE', #3618, #462, #2754, .T. ) ;
#4538 = LINE ( 'NONE', #2626, #4406 ) ;
#4539 = ORIENTED_EDGE ( 'NONE', *, *, #1372, .T. ) ;
#4540 = CARTESIAN_POINT ( 'NONE',  ( 2.350000000447293846, 0.000000000000000000, 0.000000000000000000 ) ) ;
#4541 = VECTOR ( 'NONE', #1668, 1000.000000000000000 ) ;
#4542 = DIRECTION ( 'NONE',  ( 0.000000000000000000, 0.000000000000000000, 1.000000000000000000 ) ) ;
#4543 = EDGE_CURVE ( 'NONE', #1187, #490, #2731, .T. ) ;
#4544 = CARTESIAN_POINT ( 'NONE',  ( -0.7999999995522613094, 5.000000000000000000, 30.50000000413566070 ) ) ;
#4545 = PLANE ( 'NONE',  #589 ) ;
#4546 = AXIS2_PLACEMENT_3D ( 'NONE', #3797, #625, #1494 ) ;
#4547 = ADVANCED_FACE ( 'NONE', ( #2348 ), #1589, .F. ) ;
#4548 = CIRCLE ( 'NONE', #1966, 2.000000000517091703 ) ;
#4549 = ORIENTED_EDGE ( 'NONE', *, *, #1621, .F. ) ;
#4550 = ORIENTED_EDGE ( 'NONE', *, *, #2752, .F. ) ;
#4551 = DIRECTION ( 'NONE',  ( 0.000000000000000000, -0.000000000000000000, 1.000000000000000000 ) ) ;
#4552 = DIRECTION ( 'NONE',  ( 0.000000000000000000, 1.000000000000000000, 0.000000000000000000 ) ) ;
#4553 = VECTOR ( 'NONE', #4925, 1000.000000000000000 ) ;
#4554 = CARTESIAN_POINT ( 'NONE',  ( 59.78999999999999915, -5.000000000000000000, 74.71358084809440925 ) ) ;
#4555 = AXIS2_PLACEMENT_3D ( 'NONE', #2556, #991, #3761 ) ;
#4556 = ORIENTED_EDGE ( 'NONE', *, *, #4494, .F. ) ;
#4557 = PERSON_AND_ORGANIZATION ( #510, #3437 ) ;
#4558 = ORIENTED_EDGE ( 'NONE', *, *, #4634, .F. ) ;
#4559 = FACE_OUTER_BOUND ( 'NONE', #3104, .T. ) ;
#4560 = AXIS2_PLACEMENT_3D ( 'NONE', #3885, #3113, #3834 ) ;
#4561 = DIRECTION ( 'NONE',  ( 0.000000000000000000, 1.000000000000000000, 0.000000000000000000 ) ) ;
#4562 = DIRECTION ( 'NONE',  ( 0.000000000000000000, 0.000000000000000000, 1.000000000000000000 ) ) ;
#4563 = VERTEX_POINT ( 'NONE', #3144 ) ;
#4564 = PLANE ( 'NONE',  #6 ) ;
#4565 = EDGE_CURVE ( 'NONE', #2761, #4380, #406, .T. ) ;
#4566 = CARTESIAN_POINT ( 'NONE',  ( -57.60999999999999943, 5.000000000000000000, 42.39000000000000057 ) ) ;
#4567 = DIRECTION ( 'NONE',  ( 0.000000000000000000, 1.000000000000000000, -0.000000000000000000 ) ) ;
#4568 = CARTESIAN_POINT ( 'NONE',  ( -64.51479838570431014, -4.999999999999997335, 55.00647406690787022 ) ) ;
#4569 = ADVANCED_FACE ( 'NONE', ( #1962 ), #1218, .F. ) ;
#4570 = FACE_OUTER_BOUND ( 'NONE', #831, .T. ) ;
#4571 = DIRECTION ( 'NONE',  ( 0.000000000000000000, 0.000000000000000000, -1.000000000000000000 ) ) ;
#4572 = VERTEX_POINT ( 'NONE', #3514 ) ;
#4573 = VECTOR ( 'NONE', #4190, 1000.000000000000000 ) ;
#4574 = ORIENTED_EDGE ( 'NONE', *, *, #1897, .T. ) ;
#4575 = DIRECTION ( 'NONE',  ( 0.000000000000000000, 1.000000000000000000, 0.000000000000000000 ) ) ;
#4576 = CARTESIAN_POINT ( 'NONE',  ( 3.590000000000005631, -5.000000000000000000, 74.71358084809440925 ) ) ;
#4577 = EDGE_CURVE ( 'NONE', #2288, #4398, #25, .T. ) ;
#4578 = DIRECTION ( 'NONE',  ( 1.000000000000000000, 0.000000000000000000, -0.000000000000000000 ) ) ;
#4579 = VERTEX_POINT ( 'NONE', #4818 ) ;
#4580 = ORIENTED_EDGE ( 'NONE', *, *, #3212, .F. ) ;
#4581 = LINE ( 'NONE', #429, #3117 ) ;
#4582 = DIRECTION ( 'NONE',  ( 1.000000000000000000, 0.000000000000000000, 0.000000000000000000 ) ) ;
#4583 = DESIGN_CONTEXT ( 'detailed design', #1067, 'design' ) ;
#4584 = VERTEX_POINT ( 'NONE', #964 ) ;
#4585 = DIRECTION ( 'NONE',  ( -1.000000000000000000, 0.000000000000000000, -0.000000000000000000 ) ) ;
#4586 = DIRECTION ( 'NONE',  ( 0.000000000000000000, 0.000000000000000000, 1.000000000000000000 ) ) ;
#4587 = EDGE_CURVE ( 'NONE', #375, #1900, #3219, .T. ) ;
#4588 = ORIENTED_EDGE ( 'NONE', *, *, #2084, .T. ) ;
#4589 = DIRECTION ( 'NONE',  ( 0.000000000000000000, 1.000000000000000000, 0.000000000000000000 ) ) ;
#4590 = DIRECTION ( 'NONE',  ( 0.000000000000000000, 0.000000000000000000, -1.000000000000000000 ) ) ;
#4591 = DIRECTION ( 'NONE',  ( 1.000000000000000000, 0.000000000000000000, 0.000000000000000000 ) ) ;
#4592 = ADVANCED_FACE ( 'NONE', ( #1669 ), #3658, .T. ) ;
#4593 = ORIENTED_EDGE ( 'NONE', *, *, #394, .T. ) ;
#4594 = FACE_OUTER_BOUND ( 'NONE', #3535, .T. ) ;
#4595 = DIRECTION ( 'NONE',  ( -0.000000000000000000, 1.000000000000000000, -0.000000000000000000 ) ) ;
#4596 = CARTESIAN_POINT ( 'NONE',  ( -50.99019513592782715, -10.00000000000000000, 12.50000000000000000 ) ) ;
#4597 = VECTOR ( 'NONE', #3621, 1000.000000000000000 ) ;
#4598 = EDGE_CURVE ( 'NONE', #3366, #2976, #1326, .T. ) ;
#4599 = ORIENTED_EDGE ( 'NONE', *, *, #2245, .T. ) ;
#4600 = APPROVAL_STATUS ( 'not_yet_approved' ) ;
#4601 = VERTEX_POINT ( 'NONE', #4743 ) ;
#4602 = VERTEX_POINT ( 'NONE', #1712 ) ;
#4603 = CARTESIAN_POINT ( 'NONE',  ( 0.000000000000000000, 22.71000000000000085, 0.000000000000000000 ) ) ;
#4604 = CARTESIAN_POINT ( 'NONE',  ( 53.56071321407137731, -5.000000000000000000, 12.50000000000000000 ) ) ;
#4605 = CARTESIAN_POINT ( 'NONE',  ( 55.99019513592784847, -10.00000000000000000, -7.500000000000000000 ) ) ;
#4606 = EDGE_CURVE ( 'NONE', #1173, #864, #2553, .T. ) ;
#4607 = PRODUCT_DEFINITION_SHAPE ( 'NONE', 'NONE',  #4246 ) ;
#4608 = FACE_OUTER_BOUND ( 'NONE', #2729, .T. ) ;
#4609 = ORIENTED_EDGE ( 'NONE', *, *, #229, .F. ) ;
#4610 = CARTESIAN_POINT ( 'NONE',  ( -62.60999999999999943, -5.000000000000000000, 55.00647406690787022 ) ) ;
#4611 = CARTESIAN_POINT ( 'NONE',  ( -55.99019513592784847, 10.00000000000000000, -7.500000000000000888 ) ) ;
#4612 = ORIENTED_EDGE ( 'NONE', *, *, #4669, .T. ) ;
#4613 = FACE_OUTER_BOUND ( 'NONE', #4301, .T. ) ;
#4614 = CARTESIAN_POINT ( 'NONE',  ( -76.52931024683212513, -35.86999999999999744, 74.71358084809440925 ) ) ;
#4615 = VECTOR ( 'NONE', #1837, 1000.000000000000000 ) ;
#4616 = DIRECTION ( 'NONE',  ( 0.000000000000000000, -1.000000000000000000, 0.000000000000000000 ) ) ;
#4617 = AXIS2_PLACEMENT_3D ( 'NONE', #2239, #1799, #4101 ) ;
#4618 = CIRCLE ( 'NONE', #3030, 52.50000000000000000 ) ;
#4619 = CARTESIAN_POINT ( 'NONE',  ( -62.60999999999999943, 5.000000000000000000, 40.00000000000000000 ) ) ;
#4620 = VERTEX_POINT ( 'NONE', #2430 ) ;
#4621 = DIRECTION ( 'NONE',  ( -0.000000000000000000, 1.000000000000000000, -0.000000000000000000 ) ) ;
#4622 = DIRECTION ( 'NONE',  ( 0.000000000000000000, 0.000000000000000000, -1.000000000000000000 ) ) ;
#4623 = DIRECTION ( 'NONE',  ( 0.000000000000000000, 0.000000000000000000, 1.000000000000000000 ) ) ;
#4624 = EDGE_CURVE ( 'NONE', #788, #304, #3264, .T. ) ;
#4625 = AXIS2_PLACEMENT_3D ( 'NONE', #3821, #61, #4578 ) ;
#4626 = VECTOR ( 'NONE', #122, 1000.000000000000000 ) ;
#4627 = EDGE_LOOP ( 'NONE', ( #4052, #3553 ) ) ;
#4628 = PERSON_AND_ORGANIZATION ( #510, #3437 ) ;
#4629 = ORIENTED_EDGE ( 'NONE', *, *, #1353, .T. ) ;
#4630 = ORIENTED_EDGE ( 'NONE', *, *, #1130, .T. ) ;
#4631 = VECTOR ( 'NONE', #4719, 1000.000000000000000 ) ;
#4632 = CARTESIAN_POINT ( 'NONE',  ( -74.19829071883061999, -35.86999999999999744, 78.72230578021572001 ) ) ;
#4633 = CYLINDRICAL_SURFACE ( 'NONE', #4064, 2.000000000517091703 ) ;
#4634 = EDGE_CURVE ( 'NONE', #4256, #2602, #4442, .T. ) ;
#4635 = AXIS2_PLACEMENT_3D ( 'NONE', #3204, #2083, #1263 ) ;
#4636 = VECTOR ( 'NONE', #1370, 1000.000000000000000 ) ;
#4637 = VERTEX_POINT ( 'NONE', #2096 ) ;
#4638 = CARTESIAN_POINT ( 'NONE',  ( -64.51479838570431014, -44.00000000000002132, 55.00647406690787022 ) ) ;
#4639 = EDGE_CURVE ( 'NONE', #1664, #63, #4041, .T. ) ;
#4640 = LOCAL_TIME ( 21, 27, 32.00000000000000000, #4786 ) ;
#4641 = DIRECTION ( 'NONE',  ( 0.000000000000000000, 0.000000000000000000, -1.000000000000000000 ) ) ;
#4642 = ORIENTED_EDGE ( 'NONE', *, *, #1457, .F. ) ;
#4643 = ORGANIZATION ( 'NAUO-ORG2', 'UNSPECIFIED', 'UNSPECIFIED' ) ;
#4644 = DIRECTION ( 'NONE',  ( 0.000000000000000000, 0.000000000000000000, 1.000000000000000000 ) ) ;
#4645 = DIRECTION ( 'NONE',  ( 0.000000000000000000, 0.000000000000000000, -1.000000000000000000 ) ) ;
#4646 = CARTESIAN_POINT ( 'NONE',  ( -28.69918942026600917, -35.86999999999999744, 62.36002745750113263 ) ) ;
#4647 = CYLINDRICAL_SURFACE ( 'NONE', #1752, 5.000000000000000000 ) ;
#4648 = ORIENTED_EDGE ( 'NONE', *, *, #1610, .T. ) ;
#4649 = FACE_BOUND ( 'NONE', #3614, .T. ) ;
#4650 = FACE_OUTER_BOUND ( 'NONE', #311, .T. ) ;
#4651 = LINE ( 'NONE', #4674, #428 ) ;
#4652 = VECTOR ( 'NONE', #1620, 1000.000000000000000 ) ;
#4653 = VERTEX_POINT ( 'NONE', #2484 ) ;
#4654 = APPROVAL_DATE_TIME ( #3133, #285 ) ;
#4655 = VERTEX_POINT ( 'NONE', #4062 ) ;
#4656 = EDGE_CURVE ( 'NONE', #199, #4710, #1894, .T. ) ;
#4657 = EDGE_LOOP ( 'NONE', ( #454, #534 ) ) ;
#4658 = CARTESIAN_POINT ( 'NONE',  ( 50.00000000000000711, 5.000000000000000000, 67.39000000000000057 ) ) ;
#4659 = CARTESIAN_POINT ( 'NONE',  ( -52.97999999999999687, 22.41000000000000369, 67.39000000000000057 ) ) ;
#4660 = VERTEX_POINT ( 'NONE', #561 ) ;
#4661 = CARTESIAN_POINT ( 'NONE',  ( -102.6100000000000136, 0.1500000000000008271, 40.00000000000000000 ) ) ;
#4662 = CARTESIAN_POINT ( 'NONE',  ( -55.99019513592784847, 10.00000000000000000, 12.50000000000000000 ) ) ;
#4663 = EDGE_CURVE ( 'NONE', #2781, #4419, #2067, .T. ) ;
#4664 = VERTEX_POINT ( 'NONE', #4715 ) ;
#4665 = LINE ( 'NONE', #4320, #4631 ) ;
#4666 = CARTESIAN_POINT ( 'NONE',  ( 55.99019513592784847, 10.00000000000000000, 12.50000000000000000 ) ) ;
#4667 = DIRECTION ( 'NONE',  ( 0.000000000000000000, 0.000000000000000000, 1.000000000000000000 ) ) ;
#4668 = FACE_BOUND ( 'NONE', #3127, .T. ) ;
#4669 = EDGE_CURVE ( 'NONE', #1628, #853, #137, .T. ) ;
#4670 = CC_DESIGN_DATE_AND_TIME_ASSIGNMENT ( #3802, #2930, ( #2802 ) ) ;
#4671 = ORIENTED_EDGE ( 'NONE', *, *, #3496, .T. ) ;
#4672 = DIRECTION ( 'NONE',  ( 0.000000000000000000, -1.000000000000000000, 0.000000000000000000 ) ) ;
#4673 = DIRECTION ( 'NONE',  ( 1.000000000000000000, 0.000000000000000000, 0.000000000000000000 ) ) ;
#4674 = CARTESIAN_POINT ( 'NONE',  ( -74.19829071883061999, -3.869999999999991669, 56.17304270302549440 ) ) ;
#4675 = ORIENTED_EDGE ( 'NONE', *, *, #4939, .F. ) ;
#4676 = PERSON_AND_ORGANIZATION_ROLE ( 'classification_officer' ) ;
#4677 = ORIENTED_EDGE ( 'NONE', *, *, #737, .F. ) ;
#4678 = ORIENTED_EDGE ( 'NONE', *, *, #95, .F. ) ;
#4679 = CARTESIAN_POINT ( 'NONE',  ( -3.469446951953614189E-15, -10.00000000000000000, -1.474514954580286030E-14 ) ) ;
#4680 = VECTOR ( 'NONE', #2677, 1000.000000000000000 ) ;
#4681 = DIRECTION ( 'NONE',  ( 1.000000000000000000, -0.000000000000000000, -1.156482317317871478E-16 ) ) ;
#4682 = ORIENTED_EDGE ( 'NONE', *, *, #1978, .F. ) ;
#4683 = ORIENTED_EDGE ( 'NONE', *, *, #4193, .T. ) ;
#4684 = DIRECTION ( 'NONE',  ( 0.000000000000000000, 1.000000000000000000, 0.000000000000000000 ) ) ;
#4685 = ADVANCED_FACE ( 'NONE', ( #4422 ), #2890, .F. ) ;
#4686 = CARTESIAN_POINT ( 'NONE',  ( -28.69918942026600917, -35.86999999999999744, 72.36002745750114684 ) ) ;
#4687 = ORIENTED_EDGE ( 'NONE', *, *, #4843, .F. ) ;
#4688 = LINE ( 'NONE', #3595, #4139 ) ;
#4689 = DIRECTION ( 'NONE',  ( -1.000000000000000000, 0.000000000000000000, 0.000000000000000000 ) ) ;
#4690 = FACE_OUTER_BOUND ( 'NONE', #4793, .T. ) ;
#4691 = DIRECTION ( 'NONE',  ( -0.000000000000000000, 1.000000000000000000, -0.000000000000000000 ) ) ;
#4692 = ADVANCED_FACE ( 'NONE', ( #1252 ), #944, .F. ) ;
#4693 = CARTESIAN_POINT ( 'NONE',  ( -58.89259771139528965, 22.41000000000000369, 54.88533708478723838 ) ) ;
#4694 = ORIENTED_EDGE ( 'NONE', *, *, #3189, .F. ) ;
#4695 = CARTESIAN_POINT ( 'NONE',  ( -55.99019513592784847, -10.00000000000000000, 12.50000000000000000 ) ) ;
#4696 = CIRCLE ( 'NONE', #253, 2.399999999999999467 ) ;
#4697 = CARTESIAN_POINT ( 'NONE',  ( -57.27545417499960934, -10.00000000000000000, -2.400000000000000799 ) ) ;
#4698 = CARTESIAN_POINT ( 'NONE',  ( -29.16906859369988680, -35.86999999999999744, 74.71358084809440925 ) ) ;
#4699 = EDGE_CURVE ( 'NONE', #712, #1191, #112, .T. ) ;
#4700 = CIRCLE ( 'NONE', #334, 2.399999999999999467 ) ;
#4701 = AXIS2_PLACEMENT_3D ( 'NONE', #3847, #748, #114 ) ;
#4702 = ORIENTED_EDGE ( 'NONE', *, *, #1833, .F. ) ;
#4703 = EDGE_LOOP ( 'NONE', ( #3809, #3140, #404, #3134 ) ) ;
#4704 = ORIENTED_EDGE ( 'NONE', *, *, #2213, .T. ) ;
#4705 = FACE_OUTER_BOUND ( 'NONE', #2303, .T. ) ;
#4706 = CIRCLE ( 'NONE', #3423, 2.000000000517098364 ) ;
#4707 = VECTOR ( 'NONE', #2415, 1000.000000000000000 ) ;
#4708 = LINE ( 'NONE', #2066, #1804 ) ;
#4709 = AXIS2_PLACEMENT_3D ( 'NONE', #3121, #3868, #3890 ) ;
#4710 = VERTEX_POINT ( 'NONE', #514 ) ;
#4711 = SHAPE_REPRESENTATION_RELATIONSHIP ( 'NONE' , 'NONE' ,  #4947, #388 ) ;
#4712 = VERTEX_POINT ( 'NONE', #2074 ) ;
#4713 = CARTESIAN_POINT ( 'NONE',  ( -83.34563602967273255, -5.000000000000000000, 74.71358084809440925 ) ) ;
#4714 = VECTOR ( 'NONE', #410, 1000.000000000000000 ) ;
#4715 = CARTESIAN_POINT ( 'NONE',  ( -0.7999999995522610874, 0.000000000000000000, 18.50000000361856323 ) ) ;
#4716 = AXIS2_PLACEMENT_3D ( 'NONE', #1529, #3539, #4641 ) ;
#4717 = ORIENTED_EDGE ( 'NONE', *, *, #2019, .T. ) ;
#4718 = CARTESIAN_POINT ( 'NONE',  ( -60.99019513592784136, 10.00000000000000000, 12.50000000000000000 ) ) ;
#4719 = DIRECTION ( 'NONE',  ( -0.000000000000000000, 1.000000000000000000, -0.000000000000000000 ) ) ;
#4720 = EDGE_CURVE ( 'NONE', #4078, #1691, #1973, .T. ) ;
#4721 = DIRECTION ( 'NONE',  ( 0.000000000000000000, 1.000000000000000000, 0.000000000000000000 ) ) ;
#4722 = DIRECTION ( 'NONE',  ( 0.000000000000000000, 0.000000000000000000, -1.000000000000000000 ) ) ;
#4723 = CC_DESIGN_APPROVAL ( #3788, ( #4246 ) ) ;
#4724 = DIRECTION ( 'NONE',  ( 0.000000000000000000, 0.000000000000000000, -1.000000000000000000 ) ) ;
#4725 = DIRECTION ( 'NONE',  ( 1.000000000000000000, 0.000000000000000000, 0.000000000000000000 ) ) ;
#4726 = PLANE ( 'NONE',  #3346 ) ;
#4727 = ADVANCED_FACE ( 'NONE', ( #2989 ), #4187, .F. ) ;
#4728 = DIRECTION ( 'NONE',  ( -0.000000000000000000, 1.000000000000000000, -0.000000000000000000 ) ) ;
#4729 = DIRECTION ( 'NONE',  ( 0.000000000000000000, -1.000000000000000000, 0.000000000000000000 ) ) ;
#4730 = ORIENTED_EDGE ( 'NONE', *, *, #3861, .T. ) ;
#4731 = ORIENTED_EDGE ( 'NONE', *, *, #2194, .T. ) ;
#4732 = ORIENTED_EDGE ( 'NONE', *, *, #3960, .T. ) ;
#4733 = EDGE_CURVE ( 'NONE', #2563, #1133, #3730, .T. ) ;
#4734 = LINE ( 'NONE', #1269, #506 ) ;
#4735 = DIRECTION ( 'NONE',  ( -0.000000000000000000, 0.000000000000000000, -1.000000000000000000 ) ) ;
#4736 = VECTOR ( 'NONE', #4979, 1000.000000000000000 ) ;
#4737 = ORIENTED_EDGE ( 'NONE', *, *, #2359, .T. ) ;
#4738 = PERSON_AND_ORGANIZATION ( #510, #3437 ) ;
#4739 = ORIENTED_EDGE ( 'NONE', *, *, #4050, .F. ) ;
#4740 = ADVANCED_FACE ( 'NONE', ( #1449 ), #3312, .F. ) ;
#4741 = AXIS2_PLACEMENT_3D ( 'NONE', #236, #2251, #3790 ) ;
#4742 = CARTESIAN_POINT ( 'NONE',  ( 14.99999999999999467, -5.000000000000000000, -50.31152949374526884 ) ) ;
#4743 = CARTESIAN_POINT ( 'NONE',  ( -23.34563602967273610, -25.00000000000000000, 55.00647406690787022 ) ) ;
#4744 = ORIENTED_EDGE ( 'NONE', *, *, #2665, .T. ) ;
#4745 = CARTESIAN_POINT ( 'NONE',  ( -82.35274281085926873, -44.00000000000002132, 44.99999999999999289 ) ) ;
#4746 = DIRECTION ( 'NONE',  ( 0.000000000000000000, 1.000000000000000000, 0.000000000000000000 ) ) ;
#4747 = LINE ( 'NONE', #2382, #4068 ) ;
#4748 = DIRECTION ( 'NONE',  ( 0.000000000000000000, -1.000000000000000000, 0.000000000000000000 ) ) ;
#4749 = LINE ( 'NONE', #2079, #3034 ) ;
#4750 = EDGE_CURVE ( 'NONE', #325, #1210, #4465, .T. ) ;
#4751 = EDGE_LOOP ( 'NONE', ( #1119, #2286, #4303, #4677 ) ) ;
#4752 = CARTESIAN_POINT ( 'NONE',  ( -61.61714353676141798, -28.59000000000001762, 39.78533708429553428 ) ) ;
#4753 = DIRECTION ( 'NONE',  ( -0.000000000000000000, 1.000000000000000000, -0.000000000000000000 ) ) ;
#4754 = DIRECTION ( 'NONE',  ( 0.000000000000000000, 0.000000000000000000, -1.000000000000000000 ) ) ;
#4755 = EDGE_CURVE ( 'NONE', #2439, #778, #4839, .T. ) ;
#4756 = ORIENTED_EDGE ( 'NONE', *, *, #4106, .T. ) ;
#4757 = EDGE_LOOP ( 'NONE', ( #2188, #4980 ) ) ;
#4758 = VERTEX_POINT ( 'NONE', #2651 ) ;
#4759 = DIRECTION ( 'NONE',  ( 0.000000000000000000, -0.000000000000000000, 1.000000000000000000 ) ) ;
#4760 = DIRECTION ( 'NONE',  ( 0.000000000000000000, -1.000000000000000000, 0.000000000000000000 ) ) ;
#4761 = ADVANCED_FACE ( 'NONE', ( #3407 ), #659, .F. ) ;
#4762 = VERTEX_POINT ( 'NONE', #3786 ) ;
#4763 = DATE_TIME_ROLE ( 'classification_date' ) ;
#4764 = ORIENTED_EDGE ( 'NONE', *, *, #1353, .F. ) ;
#4765 = LINE ( 'NONE', #77, #1140 ) ;
#4766 = EDGE_CURVE ( 'NONE', #4664, #1586, #4893, .T. ) ;
#4767 = CC_DESIGN_PERSON_AND_ORGANIZATION_ASSIGNMENT ( #1345, #4439, ( #4886 ) ) ;
#4768 = VECTOR ( 'NONE', #4585, 1000.000000000000000 ) ;
#4769 = CARTESIAN_POINT ( 'NONE',  ( 47.50000000044774140, 0.000000000000000000, 20.50000000413566070 ) ) ;
#4770 = ORIENTED_EDGE ( 'NONE', *, *, #2131, .F. ) ;
#4771 = ORIENTED_EDGE ( 'NONE', *, *, #1358, .F. ) ;
#4772 = CARTESIAN_POINT ( 'NONE',  ( -62.60999999999999943, 5.000000000000000000, 47.39000000000000057 ) ) ;
#4773 = DIRECTION ( 'NONE',  ( 0.000000000000000000, 0.000000000000000000, 1.000000000000000000 ) ) ;
#4774 = ORIENTED_EDGE ( 'NONE', *, *, #110, .F. ) ;
#4775 = DIRECTION ( 'NONE',  ( 0.000000000000000000, -0.000000000000000000, -1.000000000000000000 ) ) ;
#4776 = LINE ( 'NONE', #3153, #4471 ) ;
#4777 = CARTESIAN_POINT ( 'NONE',  ( -1.409999999999994591, 5.000000000000000000, 50.64000000000000767 ) ) ;
#4778 = ORIENTED_EDGE ( 'NONE', *, *, #2686, .T. ) ;
#4779 = ORIENTED_EDGE ( 'NONE', *, *, #4795, .T. ) ;
#4780 = VERTEX_POINT ( 'NONE', #2577 ) ;
#4781 = CARTESIAN_POINT ( 'NONE',  ( -76.99918942026600632, -35.86999999999999744, 72.36002745750114684 ) ) ;
#4782 = ADVANCED_FACE ( 'NONE', ( #1839 ), #1474, .T. ) ;
#4783 = CARTESIAN_POINT ( 'NONE',  ( 0.000000000000000000, 0.000000000000000000, 40.00000000000000000 ) ) ;
#4784 = AXIS2_PLACEMENT_3D ( 'NONE', #699, #3447, #13 ) ;
#4785 = ORIENTED_EDGE ( 'NONE', *, *, #247, .F. ) ;
#4786 = COORDINATED_UNIVERSAL_TIME_OFFSET ( 7, 0, .AHEAD. ) ;
#4787 = AXIS2_PLACEMENT_3D ( 'NONE', #1270, #835, #504 ) ;
#4788 = EDGE_CURVE ( 'NONE', #1951, #4076, #3708, .T. ) ;
#4789 = CARTESIAN_POINT ( 'NONE',  ( 54.37000000000001165, 0.000000000000000000, 62.39000000000000767 ) ) ;
#4790 = VECTOR ( 'NONE', #2241, 1000.000000000000000 ) ;
#4791 = VECTOR ( 'NONE', #36, 1000.000000000000000 ) ;
#4792 = DIRECTION ( 'NONE',  ( 2.990258092612466665E-16, 0.000000000000000000, 1.000000000000000000 ) ) ;
#4793 = EDGE_LOOP ( 'NONE', ( #3849, #274, #3528, #2333 ) ) ;
#4794 = VECTOR ( 'NONE', #1976, 1000.000000000000000 ) ;
#4795 = EDGE_CURVE ( 'NONE', #3689, #2761, #1041, .T. ) ;
#4796 = ORIENTED_EDGE ( 'NONE', *, *, #2765, .F. ) ;
#4797 = DIRECTION ( 'NONE',  ( 0.000000000000000000, 0.000000000000000000, 1.000000000000000000 ) ) ;
#4798 = ADVANCED_BREP_SHAPE_REPRESENTATION ( '', ( #2118, #2796 ), #1977 ) ;
#4799 = VECTOR ( 'NONE', #310, 1000.000000000000000 ) ;
#4800 = DIRECTION ( 'NONE',  ( 0.000000000000000000, -0.000000000000000000, -1.000000000000000000 ) ) ;
#4801 = VERTEX_POINT ( 'NONE', #4862 ) ;
#4802 = AXIS2_PLACEMENT_3D ( 'NONE', #2224, #4971, #289 ) ;
#4803 = CARTESIAN_POINT ( 'NONE',  ( -29.16906859369989036, -25.00000000000000000, 74.71358084809440925 ) ) ;
#4804 = DIRECTION ( 'NONE',  ( 0.000000000000000000, 0.000000000000000000, 1.000000000000000000 ) ) ;
#4805 = PLANE ( 'NONE',  #4960 ) ;
#4806 = CC_DESIGN_APPROVAL ( #2155, ( #3045 ) ) ;
#4807 = ORIENTED_EDGE ( 'NONE', *, *, #608, .F. ) ;
#4808 = ORIENTED_EDGE ( 'NONE', *, *, #3147, .T. ) ;
#4809 = VERTEX_POINT ( 'NONE', #708 ) ;
#4810 = DIRECTION ( 'NONE',  ( 0.000000000000000000, 1.000000000000000000, 0.000000000000000000 ) ) ;
#4811 = CARTESIAN_POINT ( 'NONE',  ( 47.50000000044774140, 5.000000000000000000, 32.50000000465276884 ) ) ;
#4812 = EDGE_CURVE ( 'NONE', #4435, #4710, #2223, .T. ) ;
#4813 = VERTEX_POINT ( 'NONE', #1859 ) ;
#4814 = DATE_AND_TIME ( #3963, #4640 ) ;
#4815 = EDGE_LOOP ( 'NONE', ( #3705, #3764, #1421, #1757 ) ) ;
#4816 = CARTESIAN_POINT ( 'NONE',  ( 57.27545417499960934, -10.00000000000000000, -2.400000000000000799 ) ) ;
#4817 = AXIS2_PLACEMENT_3D ( 'NONE', #695, #745, #4904 ) ;
#4818 = CARTESIAN_POINT ( 'NONE',  ( -23.34563602967273610, -4.999999999999997335, 55.00647406690787022 ) ) ;
#4819 = EDGE_CURVE ( 'NONE', #2207, #3313, #3011, .T. ) ;
#4820 = VECTOR ( 'NONE', #4870, 1000.000000000000000 ) ;
#4821 = EDGE_LOOP ( 'NONE', ( #1121, #845, #1289, #2805 ) ) ;
#4822 = ORIENTED_EDGE ( 'NONE', *, *, #130, .F. ) ;
#4823 = CARTESIAN_POINT ( 'NONE',  ( -59.84223671689034063, -26.59000000000001407, 56.17304270302549440 ) ) ;
#4824 = ADVANCED_FACE ( 'NONE', ( #633 ), #4536, .T. ) ;
#4825 = DIRECTION ( 'NONE',  ( 0.000000000000000000, -1.000000000000000000, 0.000000000000000000 ) ) ;
#4826 = LINE ( 'NONE', #1356, #502 ) ;
#4827 = CARTESIAN_POINT ( 'NONE',  ( -0.7999999995522610874, 0.000000000000000000, 28.50000000361856678 ) ) ;
#4828 = EDGE_CURVE ( 'NONE', #373, #259, #687, .T. ) ;
#4829 = CC_DESIGN_PERSON_AND_ORGANIZATION_ASSIGNMENT ( #305, #3704, ( #4246 ) ) ;
#4830 = ORIENTED_EDGE ( 'NONE', *, *, #2863, .T. ) ;
#4831 = EDGE_LOOP ( 'NONE', ( #2949, #4016, #5004, #3157 ) ) ;
#4832 = PLANE ( 'NONE',  #2127 ) ;
#4833 = LINE ( 'NONE', #3355, #1477 ) ;
#4834 = ORIENTED_EDGE ( 'NONE', *, *, #665, .F. ) ;
#4835 = APPROVAL_DATE_TIME ( #1806, #3572 ) ;
#4836 = ORIENTED_EDGE ( 'NONE', *, *, #4669, .F. ) ;
#4837 = CARTESIAN_POINT ( 'NONE',  ( -23.34563602967273610, 5.000000000000000000, 55.00647406690787022 ) ) ;
#4838 = FACE_OUTER_BOUND ( 'NONE', #3801, .T. ) ;
#4839 = LINE ( 'NONE', #3388, #4636 ) ;
#4840 = ORIENTED_EDGE ( 'NONE', *, *, #893, .T. ) ;
#4841 = ORIENTED_EDGE ( 'NONE', *, *, #4074, .T. ) ;
#4842 = LINE ( 'NONE', #2603, #2024 ) ;
#4843 = EDGE_CURVE ( 'NONE', #2825, #1367, #1399, .T. ) ;
#4844 = VECTOR ( 'NONE', #3765, 1000.000000000000000 ) ;
#4845 = CARTESIAN_POINT ( 'NONE',  ( -57.60999999999999943, 0.000000000000000000, 47.39000000000000057 ) ) ;
#4846 = CARTESIAN_POINT ( 'NONE',  ( -82.35274281085926873, -5.000000000000000000, 55.00647406690787022 ) ) ;
#4847 = DIRECTION ( 'NONE',  ( 0.000000000000000000, 1.000000000000000000, 0.000000000000000000 ) ) ;
#4848 = DIRECTION ( 'NONE',  ( -0.000000000000000000, 1.000000000000000000, -0.000000000000000000 ) ) ;
#4849 = EDGE_CURVE ( 'NONE', #4251, #355, #4110, .T. ) ;
#4850 = ORIENTED_EDGE ( 'NONE', *, *, #2510, .T. ) ;
#4851 = ORIENTED_EDGE ( 'NONE', *, *, #3478, .F. ) ;
#4852 = CARTESIAN_POINT ( 'NONE',  ( -76.52931024683212513, -25.00000000000000000, 74.71358084809440925 ) ) ;
#4853 = CARTESIAN_POINT ( 'NONE',  ( 2.350000000447293846, -6.938893903907228378E-15, 14.50000000413410461 ) ) ;
#4854 = ADVANCED_FACE ( 'NONE', ( #1607 ), #1190, .T. ) ;
#4855 = DIRECTION ( 'NONE',  ( 0.000000000000000000, 1.000000000000000000, 0.000000000000000000 ) ) ;
#4856 = ORIENTED_EDGE ( 'NONE', *, *, #3780, .T. ) ;
#4857 = SHAPE_DEFINITION_REPRESENTATION ( #4607, #4947 ) ;
#4858 = EDGE_LOOP ( 'NONE', ( #1989, #4440, #4412, #755 ) ) ;
#4859 = CARTESIAN_POINT ( 'NONE',  ( -70.62999999999999545, 4.999999999999997335, -8.307331457867993763 ) ) ;
#4860 = VECTOR ( 'NONE', #4746, 1000.000000000000000 ) ;
#4861 = DIRECTION ( 'NONE',  ( -1.000000000000000000, 0.000000000000000000, 0.000000000000000000 ) ) ;
#4862 = CARTESIAN_POINT ( 'NONE',  ( 14.99999999999999467, 10.00000000000000000, -52.91502622129181077 ) ) ;
#4863 = VECTOR ( 'NONE', #3304, 1000.000000000000000 ) ;
#4864 = CIRCLE ( 'NONE', #4701, 2.400000000000006128 ) ;
#4865 = LINE ( 'NONE', #1137, #3285 ) ;
#4866 = ORIENTED_EDGE ( 'NONE', *, *, #585, .T. ) ;
#4867 = CARTESIAN_POINT ( 'NONE',  ( -28.69918942026600917, -25.00000000000000000, 69.96002745750114116 ) ) ;
#4868 = VECTOR ( 'NONE', #2643, 1000.000000000000000 ) ;
#4869 = AXIS2_PLACEMENT_3D ( 'NONE', #1100, #294, #1845 ) ;
#4870 = DIRECTION ( 'NONE',  ( -0.000000000000000000, 1.000000000000000000, -0.000000000000000000 ) ) ;
#4871 = EDGE_CURVE ( 'NONE', #3618, #3492, #1248, .T. ) ;
#4872 = VECTOR ( 'NONE', #4959, 1000.000000000000000 ) ;
#4873 = VECTOR ( 'NONE', #3309, 1000.000000000000000 ) ;
#4874 = CARTESIAN_POINT ( 'NONE',  ( -31.56135310936134530, -3.869999999999991669, 56.17304270302549440 ) ) ;
#4875 = CARTESIAN_POINT ( 'NONE',  ( -15.00000000000000000, 10.00000000000000000, -50.31152949374526884 ) ) ;
#4876 = DIRECTION ( 'NONE',  ( 0.000000000000000000, 1.000000000000000000, 0.000000000000000000 ) ) ;
#4877 = AXIS2_PLACEMENT_3D ( 'NONE', #526, #4376, #3576 ) ;
#4878 = AXIS2_PLACEMENT_3D ( 'NONE', #2453, #4343, #3592 ) ;
#4879 = ADVANCED_FACE ( 'NONE', ( #836 ), #732, .T. ) ;
#4880 = ORIENTED_EDGE ( 'NONE', *, *, #322, .F. ) ;
#4881 = ORIENTED_EDGE ( 'NONE', *, *, #3334, .F. ) ;
#4882 = ORIENTED_EDGE ( 'NONE', *, *, #3684, .T. ) ;
#4883 = CARTESIAN_POINT ( 'NONE',  ( -74.19829071883061999, -3.869999999999991669, 56.17304270302549440 ) ) ;
#4884 = CARTESIAN_POINT ( 'NONE',  ( -70.62999999999999545, 5.000000000000000000, 40.00000000000002132 ) ) ;
#4885 = FACE_OUTER_BOUND ( 'NONE', #1681, .T. ) ;
#4886 = SECURITY_CLASSIFICATION ( '', '', #3988 ) ;
#4887 = EDGE_CURVE ( 'NONE', #1145, #1180, #711, .T. ) ;
#4888 = ORIENTED_EDGE ( 'NONE', *, *, #2569, .F. ) ;
#4889 = PERSON_AND_ORGANIZATION ( #510, #3437 ) ;
#4890 = VERTEX_POINT ( 'NONE', #2271 ) ;
#4891 = DIRECTION ( 'NONE',  ( -1.000000000000000000, 0.000000000000000000, 0.000000000000000000 ) ) ;
#4892 = DIRECTION ( 'NONE',  ( 0.000000000000000000, 0.000000000000000000, -1.000000000000000000 ) ) ;
#4893 = LINE ( 'NONE', #1426, #1736 ) ;
#4894 = EDGE_CURVE ( 'NONE', #1268, #2166, #2196, .T. ) ;
#4895 = DIRECTION ( 'NONE',  ( 0.000000000000000000, -1.000000000000000000, 0.000000000000000000 ) ) ;
#4896 = ORIENTED_EDGE ( 'NONE', *, *, #2052, .T. ) ;
#4897 = DIRECTION ( 'NONE',  ( 0.000000000000000000, 0.000000000000000000, -1.000000000000000000 ) ) ;
#4898 = CARTESIAN_POINT ( 'NONE',  ( -57.27545417499960934, -10.00000000000000000, 0.000000000000000000 ) ) ;
#4899 = AXIS2_PLACEMENT_3D ( 'NONE', #1512, #4591, #1028 ) ;
#4900 = DIRECTION ( 'NONE',  ( -0.000000000000000000, -1.000000000000000000, -0.000000000000000000 ) ) ;
#4901 = DIRECTION ( 'NONE',  ( -0.000000000000000000, 0.000000000000000000, 1.000000000000000000 ) ) ;
#4902 = CARTESIAN_POINT ( 'NONE',  ( -70.62999999999999545, -53.58999999999999631, 44.99999999999999289 ) ) ;
#4903 = EDGE_CURVE ( 'NONE', #1629, #3794, #1883, .T. ) ;
#4904 = DIRECTION ( 'NONE',  ( 0.000000000000000000, 0.000000000000000000, 1.000000000000000000 ) ) ;
#4905 = EDGE_LOOP ( 'NONE', ( #1899, #3266, #3911, #1717, #3817 ) ) ;
#4906 = ORIENTED_EDGE ( 'NONE', *, *, #2732, .T. ) ;
#4907 = ORIENTED_EDGE ( 'NONE', *, *, #841, .T. ) ;
#4908 = CARTESIAN_POINT ( 'NONE',  ( -0.7999999995522613094, 0.000000000000000000, 20.50000000413565715 ) ) ;
#4909 = CARTESIAN_POINT ( 'NONE',  ( 57.27545417499960934, -10.00000000000000000, 0.000000000000000000 ) ) ;
#4910 = DIRECTION ( 'NONE',  ( -0.000000000000000000, -1.000000000000000000, -0.000000000000000000 ) ) ;
#4911 = VERTEX_POINT ( 'NONE', #1451 ) ;
#4912 = MECHANICAL_CONTEXT ( 'NONE', #2831, 'mechanical' ) ;
#4913 = VERTEX_POINT ( 'NONE', #635 ) ;
#4914 = CARTESIAN_POINT ( 'NONE',  ( -52.97999999999999687, 22.41000000000000369, 67.39000000000000057 ) ) ;
#4915 = DIRECTION ( 'NONE',  ( 1.000000000000000000, 0.000000000000000000, 0.000000000000000000 ) ) ;
#4916 = EDGE_CURVE ( 'NONE', #555, #4637, #4135, .T. ) ;
#4917 = DIRECTION ( 'NONE',  ( 0.000000000000000000, -0.000000000000000000, -1.000000000000000000 ) ) ;
#4918 = CARTESIAN_POINT ( 'NONE',  ( 50.99019513592784136, -10.00000000000000000, 12.49999999999999289 ) ) ;
#4919 = ORIENTED_EDGE ( 'NONE', *, *, #3589, .T. ) ;
#4920 = LINE ( 'NONE', #1021, #395 ) ;
#4921 = EDGE_CURVE ( 'NONE', #2319, #46, #1069, .T. ) ;
#4922 = DIRECTION ( 'NONE',  ( 0.000000000000000000, 1.000000000000000000, 0.000000000000000000 ) ) ;
#4923 = DIRECTION ( 'NONE',  ( 0.000000000000000000, 0.000000000000000000, 1.000000000000000000 ) ) ;
#4924 = AXIS2_PLACEMENT_3D ( 'NONE', #2373, #333, #1528 ) ;
#4925 = DIRECTION ( 'NONE',  ( 0.000000000000000000, 0.000000000000000000, 1.000000000000000000 ) ) ;
#4926 = DIRECTION ( 'NONE',  ( 0.000000000000000000, 1.000000000000000000, 0.000000000000000000 ) ) ;
#4927 = EDGE_LOOP ( 'NONE', ( #178, #248, #2486, #4549 ) ) ;
#4928 = ORIENTED_EDGE ( 'NONE', *, *, #49, .F. ) ;
#4929 = DIRECTION ( 'NONE',  ( -0.000000000000000000, -1.000000000000000000, -0.000000000000000000 ) ) ;
#4930 = CYLINDRICAL_SURFACE ( 'NONE', #1654, 2.400000000000000799 ) ;
#4931 = DIRECTION ( 'NONE',  ( -0.000000000000000000, -1.000000000000000000, -0.000000000000000000 ) ) ;
#4932 = ORIENTED_EDGE ( 'NONE', *, *, #935, .T. ) ;
#4933 = COORDINATED_UNIVERSAL_TIME_OFFSET ( 7, 0, .AHEAD. ) ;
#4934 = ADVANCED_FACE ( 'NONE', ( #4517 ), #2965, .F. ) ;
#4935 = ORIENTED_EDGE ( 'NONE', *, *, #1194, .F. ) ;
#4936 = PLANE ( 'NONE',  #1813 ) ;
#4937 = DIRECTION ( 'NONE',  ( 0.000000000000000000, 1.000000000000000000, 0.000000000000000000 ) ) ;
#4938 = DIRECTION ( 'NONE',  ( -0.000000000000000000, 1.000000000000000000, -0.000000000000000000 ) ) ;
#4939 = EDGE_CURVE ( 'NONE', #3155, #4572, #1406, .T. ) ;
#4940 = ORIENTED_EDGE ( 'NONE', *, *, #627, .T. ) ;
#4941 = CARTESIAN_POINT ( 'NONE',  ( -55.99019513592784847, -10.00000000000000000, 12.50000000000000000 ) ) ;
#4942 = AXIS2_PLACEMENT_3D ( 'NONE', #2313, #4595, #1108 ) ;
#4943 = AXIS2_PLACEMENT_3D ( 'NONE', #2714, #1898, #4571 ) ;
#4944 = DIRECTION ( 'NONE',  ( -0.000000000000000000, 0.000000000000000000, -1.000000000000000000 ) ) ;
#4945 = EDGE_CURVE ( 'NONE', #373, #2043, #4538, .T. ) ;
#4946 = CARTESIAN_POINT ( 'NONE',  ( 3.590000000000006075, -25.86823512579830719, 74.71358084809440925 ) ) ;
#4947 = SHAPE_REPRESENTATION ( 'servo_housing_final', ( #2796 ), #29 ) ;
#4948 = AXIS2_PLACEMENT_3D ( 'NONE', #2180, #1050, #4475 ) ;
#4949 = AXIS2_PLACEMENT_3D ( 'NONE', #2803, #4760, #911 ) ;
#4950 = CARTESIAN_POINT ( 'NONE',  ( 47.50000000044774140, 0.000000000000000000, 32.50000000465276884 ) ) ;
#4951 = PLANE ( 'NONE',  #2302 ) ;
#4952 = DIRECTION ( 'NONE',  ( 0.000000000000000000, 0.000000000000000000, 1.000000000000000000 ) ) ;
#4953 = CIRCLE ( 'NONE', #1235, 2.400000000031474290 ) ;
#4954 = VECTOR ( 'NONE', #3393, 1000.000000000000114 ) ;
#4955 = EDGE_CURVE ( 'NONE', #3050, #2563, #2963, .T. ) ;
#4956 = ORIENTED_EDGE ( 'NONE', *, *, #2673, .T. ) ;
#4957 = EDGE_LOOP ( 'NONE', ( #4531, #1272, #4433, #1836, #808, #3238 ) ) ;
#4958 = DIRECTION ( 'NONE',  ( 0.000000000000000000, 0.000000000000000000, 1.000000000000000000 ) ) ;
#4959 = DIRECTION ( 'NONE',  ( 0.000000000000000000, -1.000000000000000000, 0.000000000000000000 ) ) ;
#4960 = AXIS2_PLACEMENT_3D ( 'NONE', #2536, #4073, #2442 ) ;
#4961 = LINE ( 'NONE', #467, #344 ) ;
#4962 = VECTOR ( 'NONE', #2559, 1000.000000000000000 ) ;
#4963 = ORIENTED_EDGE ( 'NONE', *, *, #1079, .F. ) ;
#4964 = DATE_AND_TIME ( #3855, #2632 ) ;
#4965 = ORIENTED_EDGE ( 'NONE', *, *, #4699, .F. ) ;
#4966 = CARTESIAN_POINT ( 'NONE',  ( -61.61714353676119771, -53.58999999999999631, -5.014662915767451601 ) ) ;
#4967 =( GEOMETRIC_REPRESENTATION_CONTEXT ( 3 ) GLOBAL_UNCERTAINTY_ASSIGNED_CONTEXT ( ( #4992 ) ) GLOBAL_UNIT_ASSIGNED_CONTEXT ( ( #135, #1734, #3261 ) ) REPRESENTATION_CONTEXT ( 'NONE', 'WORKASPACE' ) );
#4968 = CARTESIAN_POINT ( 'NONE',  ( 0.000000000000000000, -5.000000000000000000, 0.000000000000000000 ) ) ;
#4969 = EDGE_CURVE ( 'NONE', #4913, #3725, #4496, .T. ) ;
#4970 = LOCAL_TIME ( 21, 27, 32.00000000000000000, #2721 ) ;
#4971 = DIRECTION ( 'NONE',  ( -0.000000000000000000, 1.000000000000000000, -0.000000000000000000 ) ) ;
#4972 = ORIENTED_EDGE ( 'NONE', *, *, #951, .T. ) ;
#4973 = CARTESIAN_POINT ( 'NONE',  ( 55.65831063860392902, 22.41000000000000369, 54.88533708478804130 ) ) ;
#4974 = EDGE_CURVE ( 'NONE', #3151, #199, #231, .T. ) ;
#4975 = CARTESIAN_POINT ( 'NONE',  ( -82.35274281085926873, -44.00000000000002132, 55.00647406690787022 ) ) ;
#4976 = DIRECTION ( 'NONE',  ( 0.000000000000000000, -0.000000000000000000, -1.000000000000000000 ) ) ;
#4977 = LINE ( 'NONE', #365, #4714 ) ;
#4978 = EDGE_CURVE ( 'NONE', #2904, #2864, #4865, .T. ) ;
#4979 = DIRECTION ( 'NONE',  ( 1.000000000000000000, -0.000000000000000000, 0.000000000000000000 ) ) ;
#4980 = ORIENTED_EDGE ( 'NONE', *, *, #1201, .F. ) ;
#4981 = VECTOR ( 'NONE', #4141, 1000.000000000000000 ) ;
#4982 = ORIENTED_EDGE ( 'NONE', *, *, #1549, .F. ) ;
#4983 = DIRECTION ( 'NONE',  ( -1.000000000000000000, 0.000000000000000000, 0.000000000000000000 ) ) ;
#4984 = DIRECTION ( 'NONE',  ( 0.000000000000000000, -1.000000000000000000, 0.000000000000000000 ) ) ;
#4985 = EDGE_CURVE ( 'NONE', #2879, #2844, #2700, .T. ) ;
#4986 = EDGE_LOOP ( 'NONE', ( #541, #2449, #4482, #3781, #1531, #1058, #3080, #1438 ) ) ;
#4987 = PERSON_AND_ORGANIZATION_ROLE ( 'classification_officer' ) ;
#4988 = VERTEX_POINT ( 'NONE', #1609 ) ;
#4989 = EDGE_LOOP ( 'NONE', ( #4136, #3220, #4358, #3302 ) ) ;
#4990 = CARTESIAN_POINT ( 'NONE',  ( -64.51479838570431014, -4.999999999999997335, 44.99999999999999289 ) ) ;
#4991 = LINE ( 'NONE', #357, #2617 ) ;
#4992 = UNCERTAINTY_MEASURE_WITH_UNIT (LENGTH_MEASURE( 1.000000000000000082E-05 ), #135, 'distance_accuracy_value', 'NONE');
#4993 = DIRECTION ( 'NONE',  ( -1.000000000000000222, 4.785251568076370885E-16, -1.468882081751877309E-14 ) ) ;
#4994 = ORIENTED_EDGE ( 'NONE', *, *, #260, .F. ) ;
#4995 = DIRECTION ( 'NONE',  ( -0.000000000000000000, 1.000000000000000000, -0.000000000000000000 ) ) ;
#4996 = DIRECTION ( 'NONE',  ( 0.000000000000000000, 0.000000000000000000, 1.000000000000000000 ) ) ;
#4997 = ORIENTED_EDGE ( 'NONE', *, *, #449, .F. ) ;
#4998 = CARTESIAN_POINT ( 'NONE',  ( -61.61714353676141798, -28.59000000000001762, 34.98533708423258304 ) ) ;
#4999 = ADVANCED_FACE ( 'NONE', ( #4608 ), #1988, .F. ) ;
#5000 = FACE_BOUND ( 'NONE', #3008, .T. ) ;
#5001 = LINE ( 'NONE', #3814, #512 ) ;
#5002 = CARTESIAN_POINT ( 'NONE',  ( 0.000000000000000000, 0.000000000000000000, 79.99999999999998579 ) ) ;
#5003 = VERTEX_POINT ( 'NONE', #1551 ) ;
#5004 = ORIENTED_EDGE ( 'NONE', *, *, #182, .F. ) ;
#5005 = ADVANCED_FACE ( 'NONE', ( #3162 ), #3509, .F. ) ;
#5006 = CARTESIAN_POINT ( 'NONE',  ( -55.99019513592784847, -10.00000000000000000, -7.500000000000000888 ) ) ;
#5007 = CARTESIAN_POINT ( 'NONE',  ( -74.19829071883061999, -5.000000000000000000, 56.17304270302549440 ) ) ;
#5008 = VECTOR ( 'NONE', #261, 1000.000000000000000 ) ;
#5009 = ORIENTED_EDGE ( 'NONE', *, *, #1524, .F. ) ;
#5010 = APPROVAL_DATE_TIME ( #354, #646 ) ;
#5011 = ORIENTED_EDGE ( 'NONE', *, *, #2101, .T. ) ;
#5012 = ORIENTED_EDGE ( 'NONE', *, *, #2964, .F. ) ;
#5013 = EDGE_CURVE ( 'NONE', #936, #1741, #2369, .T. ) ;
#5014 = DIRECTION ( 'NONE',  ( 0.000000000000000000, -1.000000000000000000, 0.000000000000000000 ) ) ;
#5015 = FACE_BOUND ( 'NONE', #3827, .T. ) ;
#5016 = DIRECTION ( 'NONE',  ( 0.000000000000000000, -1.000000000000000000, 0.000000000000000000 ) ) ;
#5017 = NEXT_ASSEMBLY_USAGE_OCCURRENCE ( 'NAUO1', ' ', ' ', #2835, #131, $ ) ;
#5018 = NEXT_ASSEMBLY_USAGE_OCCURRENCE ( 'NAUO2', ' ', ' ', #2835, #4246, $ ) ;
ENDSEC;
END-ISO-10303-21;
