ISO-10303-21;
HEADER;
FILE_DESCRIPTION (( 'STEP AP203' ),
    '1' );
FILE_NAME ('Servo_Adapter_Hole.STEP',
    '2025-10-07T11:37:26',
    ( '' ),
    ( '' ),
    'SwSTEP 2.0',
    'SolidWorks 2025',
    '' );
FILE_SCHEMA (( 'CONFIG_CONTROL_DESIGN' ));
ENDSEC;

DATA;
#1 = VERTEX_POINT ( 'NONE', #2533 ) ;
#2 = FACE_OUTER_BOUND ( 'NONE', #37, .T. ) ;
#3 = CARTESIAN_POINT ( 'NONE',  ( 3.000000000000000888, -19.89860609720124884, 12.48736817841723834 ) ) ;
#4 = ORIENTED_EDGE ( 'NONE', *, *, #7900, .T. ) ;
#5 = LINE ( 'NONE', #2558, #3520 ) ;
#6 = PERSON ( 'NAUO-PER2', 'UNSPECIFIED', 'UNSPECIFIED', ('UNSPECIFIED'), ('UNSPECIFIED'), ('UNSPECIFIED') ) ;
#7 = CARTESIAN_POINT ( 'NONE',  ( 0.000000000000000000, 23.65875512592457852, 10.78254635471313527 ) ) ;
#8 = ORIENTED_EDGE ( 'NONE', *, *, #38, .F. ) ;
#9 = VECTOR ( 'NONE', #2856, 1000.000000000000227 ) ;
#10 = VECTOR ( 'NONE', #2374, 1000.000000000000000 ) ;
#11 = CARTESIAN_POINT ( 'NONE',  ( 2.052224346939968136, 7.000000000000008882, 15.84577559900801624 ) ) ;
#12 = ORIENTED_EDGE ( 'NONE', *, *, #3663, .T. ) ;
#13 = EDGE_CURVE ( 'NONE', #1040, #3875, #5141, .T. ) ;
#14 = DIRECTION ( 'NONE',  ( -1.000000000000000000, 0.000000000000000000, -0.000000000000000000 ) ) ;
#15 = ORIENTED_EDGE ( 'NONE', *, *, #2515, .F. ) ;
#16 = EDGE_CURVE ( 'NONE', #4821, #3802, #3941, .T. ) ;
#17 = DIRECTION ( 'NONE',  ( -1.000000000000000000, -0.000000000000000000, -0.000000000000000000 ) ) ;
#18 = CARTESIAN_POINT ( 'NONE',  ( 3.000000000000000888, -24.62765115230525481, -8.335394335024435719 ) ) ;
#19 = VERTEX_POINT ( 'NONE', #1198 ) ;
#20 = CARTESIAN_POINT ( 'NONE',  ( 3.000000000000000888, 8.537555587897680098, -21.88604654154055495 ) ) ;
#21 = CIRCLE ( 'NONE', #2241, 9.999999999999998224 ) ;
#22 = DIRECTION ( 'NONE',  ( -1.000000000000000000, -0.000000000000000000, -0.000000000000000000 ) ) ;
#23 = PERSON_AND_ORGANIZATION ( #5554, #2424 ) ;
#24 = FACE_OUTER_BOUND ( 'NONE', #5691, .T. ) ;
#25 = VERTEX_POINT ( 'NONE', #4454 ) ;
#26 = CARTESIAN_POINT ( 'NONE',  ( 3.000000000000000888, 23.50287694562801022, 3.410245779803523281 ) ) ;
#27 = ORIENTED_EDGE ( 'NONE', *, *, #1566, .T. ) ;
#28 = EDGE_CURVE ( 'NONE', #1249, #584, #5882, .T. ) ;
#29 = CARTESIAN_POINT ( 'NONE',  ( -14.11953930603304741, 7.000000000000008882, 9.598928328002465094 ) ) ;
#30 = CARTESIAN_POINT ( 'NONE',  ( 3.000000000000000888, 11.21328339503270222, 20.64342907894922163 ) ) ;
#31 = EDGE_CURVE ( 'NONE', #4390, #7716, #1154, .T. ) ;
#32 = EDGE_CURVE ( 'NONE', #7616, #2220, #2666, .T. ) ;
#33 = DATE_AND_TIME ( #3987, #5017 ) ;
#34 = B_SPLINE_CURVE_WITH_KNOTS ( 'NONE', 2,
 ( #3089, #3215, #5138, #2531, #5055 ),
 .UNSPECIFIED., .F., .F.,
 ( 3, 1, 1, 3 ),
 ( 0.002399098765659659488, 0.3755997746914918611, 0.6244002253087133081, 0.9976009012345454785 ),
 .UNSPECIFIED. ) ;
#35 = ORIENTED_EDGE ( 'NONE', *, *, #1139, .F. ) ;
#36 = CARTESIAN_POINT ( 'NONE',  ( 3.000000000000000888, 22.12078737453602884, -13.66275103815360659 ) ) ;
#37 = EDGE_LOOP ( 'NONE', ( #5790, #6157, #3050, #7837 ) ) ;
#38 = EDGE_CURVE ( 'NONE', #19, #3032, #3180, .T. ) ;
#39 = ORIENTED_EDGE ( 'NONE', *, *, #7861, .T. ) ;
#40 = DIRECTION ( 'NONE',  ( -1.000000000000000000, -0.000000000000000000, 0.000000000000000000 ) ) ;
#41 = EDGE_CURVE ( 'NONE', #55, #5399, #4497, .T. ) ;
#42 = VERTEX_POINT ( 'NONE', #7815 ) ;
#43 = CARTESIAN_POINT ( 'NONE',  ( -2.050538145046632010, 10.00000000000000888, -15.85322226736041173 ) ) ;
#44 = CARTESIAN_POINT ( 'NONE',  ( 1.500000000000000444, -12.24681498829422566, 22.93502828955071493 ) ) ;
#45 = ORIENTED_EDGE ( 'NONE', *, *, #8085, .F. ) ;
#46 = CARTESIAN_POINT ( 'NONE',  ( -10.00000000000000000, 0.000000000000000000, 0.000000000000000000 ) ) ;
#47 = DIRECTION ( 'NONE',  ( 0.000000000000000000, 0.000000000000000000, 1.000000000000000000 ) ) ;
#48 = ORIENTED_EDGE ( 'NONE', *, *, #1042, .T. ) ;
#49 = VECTOR ( 'NONE', #3266, 1000.000000000000000 ) ;
#50 = CARTESIAN_POINT ( 'NONE',  ( 3.000000000000000888, 21.91639720942983871, 9.148034453285378120 ) ) ;
#51 = CARTESIAN_POINT ( 'NONE',  ( 0.000000000000000000, 9.275723936746837595, 24.28911166447348435 ) ) ;
#52 = EDGE_LOOP ( 'NONE', ( #3787, #6320, #1580, #7375 ) ) ;
#53 = VECTOR ( 'NONE', #4316, 1000.000000000000000 ) ;
#54 = FACE_OUTER_BOUND ( 'NONE', #3668, .T. ) ;
#55 = VERTEX_POINT ( 'NONE', #1882 ) ;
#56 = DIRECTION ( 'NONE',  ( 0.000000000000000000, -6.938893903907230744E-15, 1.000000000000000000 ) ) ;
#57 = ORIENTED_EDGE ( 'NONE', *, *, #7925, .F. ) ;
#58 = DIRECTION ( 'NONE',  ( 0.000000000000000000, 0.000000000000000000, 1.000000000000000000 ) ) ;
#59 = DIRECTION ( 'NONE',  ( -1.000000000000000000, 0.000000000000000000, -0.000000000000000000 ) ) ;
#60 = ORIENTED_EDGE ( 'NONE', *, *, #6608, .F. ) ;
#61 = DIRECTION ( 'NONE',  ( -1.000000000000000000, -0.000000000000000000, 0.000000000000000000 ) ) ;
#62 = AXIS2_PLACEMENT_3D ( 'NONE', #1643, #5481, #4949 ) ;
#63 = CYLINDRICAL_SURFACE ( 'NONE', #2748, 9.999999999999994671 ) ;
#64 = AXIS2_PLACEMENT_3D ( 'NONE', #8136, #224, #3495 ) ;
#65 = B_SPLINE_SURFACE_WITH_KNOTS ( 'NONE', 2, 1, ( 
 ( #4159, #3479 ),
 ( #681, #6091 ),
 ( #3392, #5363 ),
 ( #29, #204 ),
 ( #5267, #2835 ) ),
 .UNSPECIFIED., .F., .F., .F.,
 ( 3, 1, 1, 3 ),
 ( 2, 2 ),
 ( 0.002399098765463499559, 0.3755997746914047641, 0.6244002253086988752, 0.9976009012346401805 ),
 ( 0.000000000000000000, 1.000000000000000000 ),
 .UNSPECIFIED. ) ;
#66 = CARTESIAN_POINT ( 'NONE',  ( 0.000000000000000000, -18.02803414784207803, -18.73472670641981352 ) ) ;
#67 = CIRCLE ( 'NONE', #3906, 26.00000000000000000 ) ;
#68 = VERTEX_POINT ( 'NONE', #7129 ) ;
#69 = DIRECTION ( 'NONE',  ( 0.000000000000000000, 0.000000000000000000, 1.000000000000000000 ) ) ;
#70 = CARTESIAN_POINT ( 'NONE',  ( -12.69673203797372452, 7.000000000000008882, 9.700166218166828003 ) ) ;
#71 = ORIENTED_EDGE ( 'NONE', *, *, #6972, .F. ) ;
#72 = DIRECTION ( 'NONE',  ( -1.000000000000000000, -0.000000000000000000, 0.000000000000000000 ) ) ;
#73 = DIRECTION ( 'NONE',  ( 0.000000000000000000, 0.9980267284282717810, -0.06279051952930993219 ) ) ;
#74 = CIRCLE ( 'NONE', #2554, 9.999999999999998224 ) ;
#75 = AXIS2_PLACEMENT_3D ( 'NONE', #2252, #299, #7518 ) ;
#76 = VECTOR ( 'NONE', #4067, 1000.000000000000000 ) ;
#77 = APPROVAL ( #5758, 'UNSPECIFIED' ) ;
#78 = COORDINATED_UNIVERSAL_TIME_OFFSET ( 7, 0, .AHEAD. ) ;
#79 = ADVANCED_FACE ( 'NONE', ( #5100 ), #3773, .T. ) ;
#80 = AXIS2_PLACEMENT_3D ( 'NONE', #6240, #5677, #5515 ) ;
#81 = APPROVAL_PERSON_ORGANIZATION ( #207, #2786, #2841 ) ;
#82 = ORIENTED_EDGE ( 'NONE', *, *, #5083, .F. ) ;
#83 = CYLINDRICAL_SURFACE ( 'NONE', #6011, 9.999999999999998224 ) ;
#84 = EDGE_CURVE ( 'NONE', #1328, #5415, #2493, .T. ) ;
#85 = ORIENTED_EDGE ( 'NONE', *, *, #8121, .F. ) ;
#86 = VERTEX_POINT ( 'NONE', #7727 ) ;
#87 = DIRECTION ( 'NONE',  ( -0.6789126320186592567, 0.000000000000000000, -0.7342190668223596006 ) ) ;
#88 = CIRCLE ( 'NONE', #1857, 10.00000000000000000 ) ;
#89 = DIRECTION ( 'NONE',  ( 1.000000000000000000, 0.000000000000000000, 0.000000000000000000 ) ) ;
#90 = VERTEX_POINT ( 'NONE', #3856 ) ;
#91 = CIRCLE ( 'NONE', #1187, 26.00000000000000000 ) ;
#92 = CARTESIAN_POINT ( 'NONE',  ( 3.000000000000000888, 0.000000000000000000, 0.000000000000000000 ) ) ;
#93 = CARTESIAN_POINT ( 'NONE',  ( -2.050538145046632010, 7.000000000000008882, -15.85322226736041173 ) ) ;
#94 = EDGE_CURVE ( 'NONE', #2366, #3363, #4541, .T. ) ;
#95 = EDGE_CURVE ( 'NONE', #569, #521, #209, .T. ) ;
#96 = VERTEX_POINT ( 'NONE', #3815 ) ;
#97 = UNCERTAINTY_MEASURE_WITH_UNIT (LENGTH_MEASURE( 1.000000000000000082E-05 ), #221, 'distance_accuracy_value', 'NONE');
#98 = AXIS2_PLACEMENT_3D ( 'NONE', #4791, #2783, #1483 ) ;
#99 = DIRECTION ( 'NONE',  ( 0.000000000000000000, 0.000000000000000000, 1.000000000000000000 ) ) ;
#100 = CARTESIAN_POINT ( 'NONE',  ( 0.000000000000000000, -15.53779383581442630, -20.84650960510480999 ) ) ;
#101 = VERTEX_POINT ( 'NONE', #6485 ) ;
#102 = DIRECTION ( 'NONE',  ( 0.000000000000000000, 0.000000000000000000, 1.000000000000000000 ) ) ;
#103 = DIRECTION ( 'NONE',  ( 0.000000000000000000, 0.6845471059286899473, -0.7289686274214102202 ) ) ;
#104 = CIRCLE ( 'NONE', #3671, 10.00000000000000000 ) ;
#105 = CARTESIAN_POINT ( 'NONE',  ( 1.500000000000000444, -18.02803414784208158, -18.73472670641981352 ) ) ;
#106 = VERTEX_POINT ( 'NONE', #7209 ) ;
#107 = VECTOR ( 'NONE', #3743, 1000.000000000000000 ) ;
#108 = DIRECTION ( 'NONE',  ( 0.000000000000000000, 0.5877852522924685852, 0.8090169943749507819 ) ) ;
#109 = ORIENTED_EDGE ( 'NONE', *, *, #3452, .T. ) ;
#110 = CARTESIAN_POINT ( 'NONE',  ( 0.000000000000000000, -17.60893712771341768, -15.93550545895034176 ) ) ;
#111 = CARTESIAN_POINT ( 'NONE',  ( 3.000000000000000888, -2.943853573238085275, -25.83280329618396820 ) ) ;
#112 = ORIENTED_EDGE ( 'NONE', *, *, #7441, .T. ) ;
#113 = CARTESIAN_POINT ( 'NONE',  ( 3.000000000000000888, 0.1187726605500743354, -23.49201527519569765 ) ) ;
#114 = LINE ( 'NONE', #7416, #1356 ) ;
#115 = CIRCLE ( 'NONE', #8214, 10.00000000000000000 ) ;
#116 = CARTESIAN_POINT ( 'NONE',  ( 0.000000000000000000, 23.50287694562805285, -3.410245779803188437 ) ) ;
#117 = EDGE_CURVE ( 'NONE', #8038, #5612, #3138, .T. ) ;
#118 = VERTEX_POINT ( 'NONE', #6444 ) ;
#119 = CARTESIAN_POINT ( 'NONE',  ( 3.000000000000000888, 15.99480952573152948, 17.20624761156510729 ) ) ;
#120 = LINE ( 'NONE', #7984, #250 ) ;
#121 = ORIENTED_EDGE ( 'NONE', *, *, #1755, .T. ) ;
#122 = FACE_OUTER_BOUND ( 'NONE', #763, .T. ) ;
#123 = CARTESIAN_POINT ( 'NONE',  ( 3.000000000000000888, -23.45311694635233835, -1.356537554084999764 ) ) ;
#124 = VECTOR ( 'NONE', #5529, 1000.000000000000000 ) ;
#125 = PERSON_AND_ORGANIZATION_ROLE ( 'design_supplier' ) ;
#126 = AXIS2_PLACEMENT_3D ( 'NONE', #4701, #6084, #710 ) ;
#127 = AXIS2_PLACEMENT_3D ( 'NONE', #7410, #232, #7280 ) ;
#128 = ORIENTED_EDGE ( 'NONE', *, *, #1548, .F. ) ;
#129 = CARTESIAN_POINT ( 'NONE',  ( 0.000000000000000000, 23.74496687177445509, 0.4376634075792267264 ) ) ;
#130 = ORIENTED_EDGE ( 'NONE', *, *, #1814, .F. ) ;
#131 = ORIENTED_EDGE ( 'NONE', *, *, #1499, .T. ) ;
#132 = DIRECTION ( 'NONE',  ( 0.000000000000000000, -0.3681245526846653182, -0.9297764858882563432 ) ) ;
#133 = EDGE_CURVE ( 'NONE', #3918, #6087, #7037, .T. ) ;
#134 = DIRECTION ( 'NONE',  ( 1.000000000000000000, 0.000000000000000000, 0.000000000000000000 ) ) ;
#135 = ORIENTED_EDGE ( 'NONE', *, *, #2932, .T. ) ;
#136 = AXIS2_PLACEMENT_3D ( 'NONE', #3955, #6629, #5734 ) ;
#137 = EDGE_CURVE ( 'NONE', #8151, #5796, #5754, .T. ) ;
#138 = AXIS2_PLACEMENT_3D ( 'NONE', #3092, #331, #1117 ) ;
#139 = CARTESIAN_POINT ( 'NONE',  ( 12.69673203802779149, 7.000000000000008882, 9.700166218167050047 ) ) ;
#140 = CARTESIAN_POINT ( 'NONE',  ( 3.000000000000000888, 15.47283697127532243, -18.01683426854828340 ) ) ;
#141 = ORIENTED_EDGE ( 'NONE', *, *, #1600, .T. ) ;
#142 = AXIS2_PLACEMENT_3D ( 'NONE', #3774, #7728, #1834 ) ;
#143 = CARTESIAN_POINT ( 'NONE',  ( -4.051352821171638752, 7.000000000000008882, -7.017148925761551581 ) ) ;
#144 = CARTESIAN_POINT ( 'NONE',  ( 3.000000000000000888, 19.46733382657878764, 13.60286420885475245 ) ) ;
#145 = ORIENTED_EDGE ( 'NONE', *, *, #4803, .F. ) ;
#146 = EDGE_CURVE ( 'NONE', #2112, #7865, #3095, .T. ) ;
#147 = DIRECTION ( 'NONE',  ( -1.000000000000000000, 0.000000000000000000, -0.000000000000000000 ) ) ;
#148 = ADVANCED_FACE ( 'NONE', ( #122 ), #6053, .T. ) ;
#149 = CARTESIAN_POINT ( 'NONE',  ( 3.000000000000000888, 0.000000000000000000, 0.000000000000000000 ) ) ;
#150 = AXIS2_PLACEMENT_3D ( 'NONE', #4819, #7312, #4046 ) ;
#151 = ADVANCED_FACE ( 'NONE', ( #2706 ), #7252, .T. ) ;
#152 = DIRECTION ( 'NONE',  ( -1.000000000000000000, -0.000000000000000000, 0.000000000000000000 ) ) ;
#153 = EDGE_LOOP ( 'NONE', ( #7502, #2185, #7240, #7915 ) ) ;
#154 = DIRECTION ( 'NONE',  ( 0.000000000000000000, 0.000000000000000000, 1.000000000000000000 ) ) ;
#155 = ORIENTED_EDGE ( 'NONE', *, *, #2407, .T. ) ;
#156 = DIRECTION ( 'NONE',  ( -1.000000000000000000, -0.000000000000000000, -0.000000000000000000 ) ) ;
#157 = DIRECTION ( 'NONE',  ( 0.000000000000000000, 0.000000000000000000, 1.000000000000000000 ) ) ;
#158 = ADVANCED_FACE ( 'NONE', ( #4753 ), #2200, .T. ) ;
#159 = ORIENTED_EDGE ( 'NONE', *, *, #6025, .T. ) ;
#160 = DIRECTION ( 'NONE',  ( 0.000000000000000000, 0.000000000000000000, 1.000000000000000000 ) ) ;
#161 = CARTESIAN_POINT ( 'NONE',  ( 3.000000000000000888, -17.60893712771341768, -15.93550545895034176 ) ) ;
#162 = CARTESIAN_POINT ( 'NONE',  ( 2.050538145102809295, 10.00000000000000888, -15.85322226736063378 ) ) ;
#163 = LINE ( 'NONE', #5957, #8071 ) ;
#164 = DIRECTION ( 'NONE',  ( -1.000000000000000000, -0.000000000000000000, 0.000000000000000000 ) ) ;
#165 = VERTEX_POINT ( 'NONE', #7422 ) ;
#166 = CARTESIAN_POINT ( 'NONE',  ( 3.000000000000000888, 18.17661741219012939, 14.88285819611907179 ) ) ;
#167 = CARTESIAN_POINT ( 'NONE',  ( -14.11953930602272145, 7.000000000000008882, -9.598928328047540148 ) ) ;
#168 = PERSON_AND_ORGANIZATION ( #6793, #2555 ) ;
#169 = AXIS2_PLACEMENT_3D ( 'NONE', #1305, #7193, #1225 ) ;
#170 = EDGE_LOOP ( 'NONE', ( #1806, #3712, #6681, #5929 ) ) ;
#171 = DIRECTION ( 'NONE',  ( 0.000000000000000000, 0.6845471059286846183, 0.7289686274214153272 ) ) ;
#172 = EDGE_LOOP ( 'NONE', ( #7419, #3100, #5503, #2148 ) ) ;
#173 = VERTEX_POINT ( 'NONE', #2150 ) ;
#174 = DIRECTION ( 'NONE',  ( 0.000000000000000000, 0.000000000000000000, -1.000000000000000000 ) ) ;
#175 = LINE ( 'NONE', #3359, #5280 ) ;
#176 = ORIENTED_EDGE ( 'NONE', *, *, #7434, .T. ) ;
#177 = DIRECTION ( 'NONE',  ( 0.000000000000000000, -0.2486898871648415832, -0.9685831611286345177 ) ) ;
#178 = DIRECTION ( 'NONE',  ( 1.000000000000000000, 0.000000000000000000, 0.000000000000000000 ) ) ;
#179 = EDGE_CURVE ( 'NONE', #4208, #8159, #812, .T. ) ;
#180 = ORIENTED_EDGE ( 'NONE', *, *, #1797, .T. ) ;
#181 = DIRECTION ( 'NONE',  ( -1.000000000000000000, -0.000000000000000000, 0.000000000000000000 ) ) ;
#182 = DIRECTION ( 'NONE',  ( -1.000000000000000000, -0.000000000000000000, -0.000000000000000000 ) ) ;
#183 = ORIENTED_EDGE ( 'NONE', *, *, #6185, .F. ) ;
#184 = DIRECTION ( 'NONE',  ( -1.000000000000000000, -0.000000000000000000, 0.000000000000000000 ) ) ;
#185 = DIRECTION ( 'NONE',  ( -1.000000000000000000, -0.000000000000000000, 0.000000000000000000 ) ) ;
#186 = ADVANCED_FACE ( 'NONE', ( #6007 ), #4119, .T. ) ;
#187 = CARTESIAN_POINT ( 'NONE',  ( 0.000000000000000000, 23.43820135222874157, -1.593614133755375750 ) ) ;
#188 = ORIENTED_EDGE ( 'NONE', *, *, #561, .T. ) ;
#189 = DIRECTION ( 'NONE',  ( -1.000000000000000000, -0.000000000000000000, -0.000000000000000000 ) ) ;
#190 = EDGE_CURVE ( 'NONE', #5926, #5902, #3497, .T. ) ;
#191 = ORIENTED_EDGE ( 'NONE', *, *, #7432, .F. ) ;
#192 = CARTESIAN_POINT ( 'NONE',  ( 0.000000000000000000, 22.89013261011085731, 6.329046538898232654 ) ) ;
#193 = DIRECTION ( 'NONE',  ( 0.000000000000000000, 0.000000000000000000, 1.000000000000000000 ) ) ;
#194 = CARTESIAN_POINT ( 'NONE',  ( 3.000000000000000888, 0.000000000000000000, 0.000000000000000000 ) ) ;
#195 = CC_DESIGN_PERSON_AND_ORGANIZATION_ASSIGNMENT ( #3351, #3896, ( #1583 ) ) ;
#196 = CARTESIAN_POINT ( 'NONE',  ( 15.14952443981643171, 7.000000000000008882, 8.746582013347659057 ) ) ;
#197 = CIRCLE ( 'NONE', #8432, 9.999999999999998224 ) ;
#198 = EDGE_CURVE ( 'NONE', #7754, #1066, #7738, .T. ) ;
#199 = DIRECTION ( 'NONE',  ( 0.000000000000000000, -0.6845471059286950544, 0.7289686274214053352 ) ) ;
#200 = EDGE_LOOP ( 'NONE', ( #677, #5726, #7154, #5583 ) ) ;
#201 = CARTESIAN_POINT ( 'NONE',  ( 3.000000000000000888, -6.921355658526376686, 22.71805090337164756 ) ) ;
#202 = DIRECTION ( 'NONE',  ( 0.000000000000000000, 0.8443279255020125218, 0.5358267949790005424 ) ) ;
#203 = ORIENTED_EDGE ( 'NONE', *, *, #2191, .F. ) ;
#204 = CARTESIAN_POINT ( 'NONE',  ( -14.11953930603304741, 10.00000000000000888, 9.598928328002465094 ) ) ;
#205 = CYLINDRICAL_SURFACE ( 'NONE', #7119, 9.999999999999998224 ) ;
#206 = DIRECTION ( 'NONE',  ( -1.000000000000000000, -0.000000000000000000, -0.000000000000000000 ) ) ;
#207 = PERSON_AND_ORGANIZATION ( #6793, #2555 ) ;
#208 = VECTOR ( 'NONE', #7789, 1000.000000000000000 ) ;
#209 = CIRCLE ( 'NONE', #5004, 26.00000000000000000 ) ;
#210 = CIRCLE ( 'NONE', #5976, 9.999999999999998224 ) ;
#211 = ORIENTED_EDGE ( 'NONE', *, *, #2882, .T. ) ;
#212 = AXIS2_PLACEMENT_3D ( 'NONE', #7618, #1777, #1732 ) ;
#213 = DIRECTION ( 'NONE',  ( -0.2963960478017879652, 0.000000000000000000, 0.9550651196894797135 ) ) ;
#214 = ORIENTED_EDGE ( 'NONE', *, *, #978, .F. ) ;
#215 = VERTEX_POINT ( 'NONE', #1492 ) ;
#216 = CARTESIAN_POINT ( 'NONE',  ( 3.000000000000000888, 23.74496687177445509, 0.4376634075792267264 ) ) ;
#217 = CARTESIAN_POINT ( 'NONE',  ( -1.061049529528109048, 10.00000000000000888, -17.46780392310058616 ) ) ;
#218 = VECTOR ( 'NONE', #5715, 1000.000000000000000 ) ;
#219 = DIRECTION ( 'NONE',  ( -1.000000000000000000, 0.000000000000000000, 0.000000000000000000 ) ) ;
#220 = SECURITY_CLASSIFICATION ( '', '', #1325 ) ;
#221 =( LENGTH_UNIT ( ) NAMED_UNIT ( * ) SI_UNIT ( .MILLI., .METRE. ) );
#222 = ORIENTED_EDGE ( 'NONE', *, *, #1431, .F. ) ;
#223 = CARTESIAN_POINT ( 'NONE',  ( 0.000000000000000000, 1.927758584904034622, 23.67063049093388472 ) ) ;
#224 = DIRECTION ( 'NONE',  ( -1.000000000000000000, 0.000000000000000000, 0.000000000000000000 ) ) ;
#225 = CIRCLE ( 'NONE', #6954, 1.600000000000000089 ) ;
#226 = CC_DESIGN_APPROVAL ( #2895, ( #3784 ) ) ;
#227 = EDGE_LOOP ( 'NONE', ( #2457, #3335, #2102, #5236 ) ) ;
#228 = DIRECTION ( 'NONE',  ( 0.000000000000000000, 0.000000000000000000, -1.000000000000000000 ) ) ;
#229 = DIRECTION ( 'NONE',  ( 0.000000000000000000, 0.000000000000000000, 1.000000000000000000 ) ) ;
#230 = CARTESIAN_POINT ( 'NONE',  ( 0.000000000000000000, -23.38875284200429050, -11.35633041504324225 ) ) ;
#231 = VERTEX_POINT ( 'NONE', #1366 ) ;
#232 = DIRECTION ( 'NONE',  ( 1.000000000000000000, 0.000000000000000000, 0.000000000000000000 ) ) ;
#233 = EDGE_LOOP ( 'NONE', ( #4421, #6329, #2046, #1373, #4991, #5570 ) ) ;
#234 = DIRECTION ( 'NONE',  ( -1.000000000000000000, -0.000000000000000000, 0.000000000000000000 ) ) ;
#235 = DIRECTION ( 'NONE',  ( -1.000000000000000000, -0.000000000000000000, -0.000000000000000000 ) ) ;
#236 = EDGE_CURVE ( 'NONE', #2390, #7559, #3621, .T. ) ;
#237 = CARTESIAN_POINT ( 'NONE',  ( 1.500000000000000444, 0.3170683606143215871, 25.99806661378298145 ) ) ;
#238 = ADVANCED_FACE ( 'NONE', ( #2663 ), #65, .F. ) ;
#239 = DIRECTION ( 'NONE',  ( -1.000000000000000000, 0.000000000000000000, 0.000000000000000000 ) ) ;
#240 = AXIS2_PLACEMENT_3D ( 'NONE', #2859, #7357, #6728 ) ;
#241 = DIRECTION ( 'NONE',  ( 0.000000000000000000, 0.9980267284282712259, 0.06279051952931685721 ) ) ;
#242 = EDGE_LOOP ( 'NONE', ( #3864, #2799, #4038, #4559 ) ) ;
#243 = DIRECTION ( 'NONE',  ( -1.000000000000000000, 0.000000000000000000, 0.000000000000000000 ) ) ;
#244 = VERTEX_POINT ( 'NONE', #4626 ) ;
#245 = CARTESIAN_POINT ( 'NONE',  ( 1.499999999999999556, 2.943853573238277566, 25.83280329618394688 ) ) ;
#246 = CARTESIAN_POINT ( 'NONE',  ( 0.000000000000000000, -13.71217102453769243, 19.07525240799584765 ) ) ;
#247 = B_SPLINE_CURVE_WITH_KNOTS ( 'NONE', 2,
 ( #920, #5427, #5296 ),
 .UNSPECIFIED., .F., .F.,
 ( 3, 3 ),
 ( 0.001074268543616918592, 0.2350718683359499517 ),
 .UNSPECIFIED. ) ;
#248 = CARTESIAN_POINT ( 'NONE',  ( -15.14952443977879426, 7.000000000000008882, -8.746582013414050394 ) ) ;
#249 = EDGE_CURVE ( 'NONE', #8334, #927, #197, .T. ) ;
#250 = VECTOR ( 'NONE', #164, 1000.000000000000000 ) ;
#251 = ADVANCED_FACE ( 'NONE', ( #1449 ), #7896, .T. ) ;
#252 = AXIS2_PLACEMENT_3D ( 'NONE', #7341, #3353, #774 ) ;
#253 = COORDINATED_UNIVERSAL_TIME_OFFSET ( 7, 0, .AHEAD. ) ;
#254 = ORIENTED_EDGE ( 'NONE', *, *, #6639, .T. ) ;
#255 = CARTESIAN_POINT ( 'NONE',  ( 0.000000000000000000, -1.927758584903859207, -23.67063049093389893 ) ) ;
#256 = ORIENTED_EDGE ( 'NONE', *, *, #8223, .F. ) ;
#257 = VERTEX_POINT ( 'NONE', #2017 ) ;
#258 = CARTESIAN_POINT ( 'NONE',  ( 0.000000000000000000, -0.1187726605499095367, 23.49201527519569765 ) ) ;
#259 = DIRECTION ( 'NONE',  ( -1.000000000000000000, 0.000000000000000000, 0.000000000000000000 ) ) ;
#260 = CIRCLE ( 'NONE', #6849, 23.74900000000000588 ) ;
#261 = CIRCLE ( 'NONE', #4505, 26.00000000000000000 ) ;
#262 = DIRECTION ( 'NONE',  ( -1.000000000000000000, 0.000000000000000000, 0.000000000000000000 ) ) ;
#263 = ORIENTED_EDGE ( 'NONE', *, *, #4123, .T. ) ;
#264 = DIRECTION ( 'NONE',  ( -1.000000000000000000, -0.000000000000000000, -0.000000000000000000 ) ) ;
#265 = AXIS2_PLACEMENT_3D ( 'NONE', #2912, #408, #3037 ) ;
#266 = FACE_OUTER_BOUND ( 'NONE', #3081, .T. ) ;
#267 = CIRCLE ( 'NONE', #818, 23.74900000000000233 ) ;
#268 = ORIENTED_EDGE ( 'NONE', *, *, #6209, .F. ) ;
#269 = DIRECTION ( 'NONE',  ( -1.000000000000000000, 0.000000000000000000, 0.000000000000000000 ) ) ;
#270 = DIRECTION ( 'NONE',  ( 0.000000000000000000, -0.7705132427757950264, 0.6374239897486826401 ) ) ;
#271 = DIRECTION ( 'NONE',  ( 0.000000000000000000, 0.6845471059286847293, 0.7289686274214153272 ) ) ;
#272 = EDGE_LOOP ( 'NONE', ( #6873, #7746, #2726, #1696 ) ) ;
#273 = DIRECTION ( 'NONE',  ( 0.000000000000000000, 0.000000000000000000, 1.000000000000000000 ) ) ;
#274 = ORIENTED_EDGE ( 'NONE', *, *, #2605, .F. ) ;
#275 = CARTESIAN_POINT ( 'NONE',  ( 0.000000000000000000, 0.000000000000000000, 0.000000000000000000 ) ) ;
#276 = CARTESIAN_POINT ( 'NONE',  ( 3.000000000000000888, 20.23396159193280042, 16.32748597599117346 ) ) ;
#277 = CARTESIAN_POINT ( 'NONE',  ( 3.000000000000000888, 23.09816287601901763, 4.285295834340878685 ) ) ;
#278 = DIRECTION ( 'NONE',  ( -1.000000000000000000, 0.000000000000000000, 0.000000000000000000 ) ) ;
#279 = AXIS2_PLACEMENT_3D ( 'NONE', #6237, #7005, #8175 ) ;
#280 = EDGE_CURVE ( 'NONE', #1800, #4084, #2123, .T. ) ;
#281 = DIRECTION ( 'NONE',  ( 0.000000000000000000, 0.000000000000000000, 1.000000000000000000 ) ) ;
#282 = EDGE_CURVE ( 'NONE', #596, #4677, #8018, .T. ) ;
#283 = ORIENTED_EDGE ( 'NONE', *, *, #6972, .T. ) ;
#284 = CYLINDRICAL_SURFACE ( 'NONE', #8093, 26.00000000000000000 ) ;
#285 = ORIENTED_EDGE ( 'NONE', *, *, #1769, .F. ) ;
#286 = DIRECTION ( 'NONE',  ( -0.000000000000000000, -1.000000000000000000, -0.000000000000000000 ) ) ;
#287 = CARTESIAN_POINT ( 'NONE',  ( 3.000000000000000888, 0.000000000000000000, 0.000000000000000000 ) ) ;
#288 = DIRECTION ( 'NONE',  ( 0.000000000000000000, 0.000000000000000000, 1.000000000000000000 ) ) ;
#289 = APPROVAL_STATUS ( 'not_yet_approved' ) ;
#290 = ADVANCED_FACE ( 'NONE', ( #4281 ), #982, .T. ) ;
#291 = ORIENTED_EDGE ( 'NONE', *, *, #5577, .T. ) ;
#292 = CIRCLE ( 'NONE', #2914, 10.00000000000000000 ) ;
#293 = DIRECTION ( 'NONE',  ( -1.000000000000000000, 0.000000000000000000, -0.000000000000000000 ) ) ;
#294 = ORIENTED_EDGE ( 'NONE', *, *, #1139, .T. ) ;
#295 = ORIENTED_EDGE ( 'NONE', *, *, #1809, .F. ) ;
#296 = CARTESIAN_POINT ( 'NONE',  ( 3.000000000000000888, -9.714105481848200441, 21.67143640111395442 ) ) ;
#297 = EDGE_CURVE ( 'NONE', #1, #2236, #8158, .T. ) ;
#298 = CARTESIAN_POINT ( 'NONE',  ( 3.000000000000000888, 0.000000000000000000, 0.000000000000000000 ) ) ;
#299 = DIRECTION ( 'NONE',  ( 4.256270054397946562E-44, 0.000000000000000000, 1.000000000000000000 ) ) ;
#300 = EDGE_CURVE ( 'NONE', #6371, #6924, #1694, .T. ) ;
#301 = VERTEX_POINT ( 'NONE', #6866 ) ;
#302 = CARTESIAN_POINT ( 'NONE',  ( 3.000000000000000888, 7.753840929970859719, -22.44756004185552456 ) ) ;
#303 = CARTESIAN_POINT ( 'NONE',  ( 0.000000000000000000, -23.09816287601897855, -4.285295834341049215 ) ) ;
#304 = ORIENTED_EDGE ( 'NONE', *, *, #5542, .T. ) ;
#305 = CARTESIAN_POINT ( 'NONE',  ( 0.000000000000000000, 0.000000000000000000, 0.000000000000000000 ) ) ;
#306 = CARTESIAN_POINT ( 'NONE',  ( 3.000000000000000888, 0.000000000000000000, 0.000000000000000000 ) ) ;
#307 = CIRCLE ( 'NONE', #7170, 23.74899999999999878 ) ;
#308 = LINE ( 'NONE', #2943, #3624 ) ;
#309 = VERTEX_POINT ( 'NONE', #5531 ) ;
#310 = ORIENTED_EDGE ( 'NONE', *, *, #389, .T. ) ;
#311 = DIRECTION ( 'NONE',  ( 0.000000000000000000, 0.9048270524660175784, 0.4257792915650767673 ) ) ;
#312 = DIRECTION ( 'NONE',  ( 0.000000000000000000, 0.000000000000000000, 1.000000000000000000 ) ) ;
#313 = CARTESIAN_POINT ( 'NONE',  ( 3.000000000000000888, 3.572989937013127282, -25.75332489039042727 ) ) ;
#314 = CARTESIAN_POINT ( 'NONE',  ( 3.000000000000000888, 21.01871904177751205, -11.05569766422814126 ) ) ;
#315 = DIRECTION ( 'NONE',  ( 0.000000000000000000, -0.4817536741017224289, 0.8763066800438595871 ) ) ;
#316 = ORIENTED_EDGE ( 'NONE', *, *, #6325, .F. ) ;
#317 = DIRECTION ( 'NONE',  ( -1.000000000000000000, 0.000000000000000000, -0.000000000000000000 ) ) ;
#318 = ORIENTED_EDGE ( 'NONE', *, *, #4388, .F. ) ;
#319 = DIRECTION ( 'NONE',  ( 1.000000000000000000, 0.000000000000000000, 0.000000000000000000 ) ) ;
#320 = CARTESIAN_POINT ( 'NONE',  ( 0.000000000000000000, 0.000000000000000000, 0.000000000000000000 ) ) ;
#321 = ORIENTED_EDGE ( 'NONE', *, *, #236, .F. ) ;
#322 = CARTESIAN_POINT ( 'NONE',  ( 3.000000000000000888, 16.16797261240393269, 17.04363664947943491 ) ) ;
#323 = AXIS2_PLACEMENT_3D ( 'NONE', #8282, #2919, #6216 ) ;
#324 = APPROVAL_DATE_TIME ( #6221, #619 ) ;
#325 = AXIS2_PLACEMENT_3D ( 'NONE', #5909, #2739, #5352 ) ;
#326 = ORIENTED_EDGE ( 'NONE', *, *, #4593, .F. ) ;
#327 = AXIS2_PLACEMENT_3D ( 'NONE', #7742, #4557, #3236 ) ;
#328 = DIRECTION ( 'NONE',  ( -1.000000000000000000, -0.000000000000000000, 0.000000000000000000 ) ) ;
#329 = VERTEX_POINT ( 'NONE', #7507 ) ;
#330 = ORIENTED_EDGE ( 'NONE', *, *, #7132, .F. ) ;
#331 = DIRECTION ( 'NONE',  ( -1.000000000000000000, 0.000000000000000000, 0.000000000000000000 ) ) ;
#332 = EDGE_CURVE ( 'NONE', #3643, #5959, #6260, .T. ) ;
#333 = DIRECTION ( 'NONE',  ( -1.000000000000000000, 0.000000000000000000, 0.000000000000000000 ) ) ;
#334 = AXIS2_PLACEMENT_3D ( 'NONE', #3531, #134, #1416 ) ;
#335 = ADVANCED_FACE ( 'NONE', ( #6947 ), #1064, .T. ) ;
#336 = B_SPLINE_SURFACE_WITH_KNOTS ( 'NONE', 2, 1, ( 
 ( #828, #3320 ),
 ( #6756, #3491 ),
 ( #6587, #43 ) ),
 .UNSPECIFIED., .F., .F., .F.,
 ( 3, 3 ),
 ( 2, 2 ),
 ( 0.7649281315673037707, 0.9989257314563931844 ),
 ( 0.000000000000000000, 1.000000000000000000 ),
 .UNSPECIFIED. ) ;
#337 = PERSON_AND_ORGANIZATION_ROLE ( 'design_supplier' ) ;
#338 = EDGE_CURVE ( 'NONE', #993, #6039, #8201, .T. ) ;
#339 = VERTEX_POINT ( 'NONE', #3559 ) ;
#340 = LINE ( 'NONE', #7475, #7620 ) ;
#341 = CIRCLE ( 'NONE', #8042, 23.74900000000000588 ) ;
#342 = VECTOR ( 'NONE', #6503, 1000.000000000000000 ) ;
#343 = CARTESIAN_POINT ( 'NONE',  ( 3.000000000000000888, 0.000000000000000000, 0.000000000000000000 ) ) ;
#344 = APPROVAL ( #4713, 'UNSPECIFIED' ) ;
#345 = ORIENTED_EDGE ( 'NONE', *, *, #338, .F. ) ;
#346 = DIRECTION ( 'NONE',  ( -1.000000000000000000, 0.000000000000000000, 0.000000000000000000 ) ) ;
#347 = AXIS2_PLACEMENT_3D ( 'NONE', #4397, #8441, #7151 ) ;
#348 = AXIS2_PLACEMENT_3D ( 'NONE', #6274, #7039, #5024 ) ;
#349 = DIRECTION ( 'NONE',  ( -1.000000000000000000, 0.000000000000000000, -0.000000000000000000 ) ) ;
#350 = ADVANCED_FACE ( 'NONE', ( #4921 ), #5655, .T. ) ;
#351 = DIRECTION ( 'NONE',  ( 0.000000000000000000, 0.000000000000000000, 1.000000000000000000 ) ) ;
#352 = APPROVAL_PERSON_ORGANIZATION ( #5664, #4926, #6993 ) ;
#353 = FACE_OUTER_BOUND ( 'NONE', #6396, .T. ) ;
#354 = ORIENTED_EDGE ( 'NONE', *, *, #7121, .F. ) ;
#355 = ORIENTED_EDGE ( 'NONE', *, *, #4396, .F. ) ;
#356 = CARTESIAN_POINT ( 'NONE',  ( 0.000000000000000000, -10.50612486395218959, -21.29874036986802111 ) ) ;
#357 = DIRECTION ( 'NONE',  ( -1.000000000000000000, -0.000000000000000000, -0.000000000000000000 ) ) ;
#358 = DIRECTION ( 'NONE',  ( -1.000000000000000000, -0.000000000000000000, -0.000000000000000000 ) ) ;
#359 = CIRCLE ( 'NONE', #2422, 26.00000000000000000 ) ;
#360 = CARTESIAN_POINT ( 'NONE',  ( 3.000000000000000888, 25.47815669208872080, 5.183004107018890139 ) ) ;
#361 = CARTESIAN_POINT ( 'NONE',  ( 3.000000000000000888, 15.02476645158353108, -21.21924581777989971 ) ) ;
#362 = ORIENTED_EDGE ( 'NONE', *, *, #7492, .F. ) ;
#363 = VECTOR ( 'NONE', #750, 1000.000000000000000 ) ;
#364 = CARTESIAN_POINT ( 'NONE',  ( 3.000000000000000888, 0.000000000000000000, 0.000000000000000000 ) ) ;
#365 = ORIENTED_EDGE ( 'NONE', *, *, #4597, .T. ) ;
#366 = DIRECTION ( 'NONE',  ( 0.000000000000000000, 0.000000000000000000, 1.000000000000000000 ) ) ;
#367 = CARTESIAN_POINT ( 'NONE',  ( 3.000000000000000888, -14.79838606843885884, 18.57478857940070682 ) ) ;
#368 = VERTEX_POINT ( 'NONE', #5002 ) ;
#369 = DIRECTION ( 'NONE',  ( 0.000000000000000000, 0.000000000000000000, 1.000000000000000000 ) ) ;
#370 = CIRCLE ( 'NONE', #7236, 9.999999999999998224 ) ;
#371 = ADVANCED_FACE ( 'NONE', ( #2275 ), #1741, .T. ) ;
#372 = CALENDAR_DATE ( 2025, 7, 10 ) ;
#373 = AXIS2_PLACEMENT_3D ( 'NONE', #1114, #4669, #2015 ) ;
#374 = ORIENTED_EDGE ( 'NONE', *, *, #6962, .F. ) ;
#375 = FACE_OUTER_BOUND ( 'NONE', #3582, .T. ) ;
#376 = ORIENTED_EDGE ( 'NONE', *, *, #7859, .F. ) ;
#377 = ORIENTED_EDGE ( 'NONE', *, *, #6618, .T. ) ;
#378 = DIRECTION ( 'NONE',  ( 0.000000000000000000, 0.000000000000000000, 1.000000000000000000 ) ) ;
#379 = AXIS2_PLACEMENT_3D ( 'NONE', #2226, #1474, #1518 ) ;
#380 = B_SPLINE_CURVE_WITH_KNOTS ( 'NONE', 2,
 ( #4306, #3070, #5686, #1055, #3670 ),
 .UNSPECIFIED., .F., .F.,
 ( 3, 1, 1, 3 ),
 ( 0.002399098765463499559, 0.3755997746914047641, 0.6244002253086988752, 0.9976009012346401805 ),
 .UNSPECIFIED. ) ;
#381 = VECTOR ( 'NONE', #1502, 1000.000000000000000 ) ;
#382 = DIRECTION ( 'NONE',  ( -1.000000000000000000, 0.000000000000000000, 0.000000000000000000 ) ) ;
#383 = EDGE_CURVE ( 'NONE', #1512, #5158, #7598, .T. ) ;
#384 = DIRECTION ( 'NONE',  ( 1.000000000000000000, 0.000000000000000000, 0.000000000000000000 ) ) ;
#385 = VECTOR ( 'NONE', #1629, 1000.000000000000000 ) ;
#386 = ORIENTED_EDGE ( 'NONE', *, *, #4087, .T. ) ;
#387 = ADVANCED_FACE ( 'NONE', ( #4837 ), #5571, .T. ) ;
#388 = CARTESIAN_POINT ( 'NONE',  ( 0.000000000000000000, 20.59702713253518525, -11.82275239957301594 ) ) ;
#389 = EDGE_CURVE ( 'NONE', #5091, #2654, #7628, .T. ) ;
#390 = DIRECTION ( 'NONE',  ( -1.000000000000000000, -0.000000000000000000, -0.000000000000000000 ) ) ;
#391 = ORIENTED_EDGE ( 'NONE', *, *, #657, .T. ) ;
#392 = VECTOR ( 'NONE', #6261, 1000.000000000000000 ) ;
#393 = DIRECTION ( 'NONE',  ( -1.000000000000000000, 0.000000000000000000, 0.000000000000000000 ) ) ;
#394 = CIRCLE ( 'NONE', #1902, 23.74900000000000588 ) ;
#395 = DIRECTION ( 'NONE',  ( 1.000000000000000000, 0.000000000000000000, 0.000000000000000000 ) ) ;
#396 = AXIS2_PLACEMENT_3D ( 'NONE', #7073, #7979, #8017 ) ;
#397 = CARTESIAN_POINT ( 'NONE',  ( 14.74895638493967098, 7.000000000000008882, -6.145609380895367124 ) ) ;
#398 = ADVANCED_FACE ( 'NONE', ( #417 ), #2358, .T. ) ;
#399 = LINE ( 'NONE', #2345, #6531 ) ;
#400 = ORIENTED_EDGE ( 'NONE', *, *, #5455, .F. ) ;
#401 = EDGE_CURVE ( 'NONE', #8378, #4199, #898, .T. ) ;
#402 = ORIENTED_EDGE ( 'NONE', *, *, #3027, .T. ) ;
#403 = LINE ( 'NONE', #1607, #1027 ) ;
#404 = LINE ( 'NONE', #3035, #6806 ) ;
#405 = EDGE_CURVE ( 'NONE', #1958, #3659, #5123, .T. ) ;
#406 = CARTESIAN_POINT ( 'NONE',  ( 3.000000000000000888, 19.82974763304120813, -16.81609671742811329 ) ) ;
#407 = AXIS2_PLACEMENT_3D ( 'NONE', #3403, #4845, #3530 ) ;
#408 = DIRECTION ( 'NONE',  ( -1.000000000000000000, -0.000000000000000000, -0.000000000000000000 ) ) ;
#409 = CIRCLE ( 'NONE', #4765, 26.00000000000000000 ) ;
#410 = DIRECTION ( 'NONE',  ( -1.000000000000000000, 0.000000000000000000, 0.000000000000000000 ) ) ;
#411 = EDGE_CURVE ( 'NONE', #2753, #5926, #1983, .T. ) ;
#412 = EDGE_LOOP ( 'NONE', ( #6865, #5349, #362, #3179 ) ) ;
#413 = VECTOR ( 'NONE', #4922, 1000.000000000000000 ) ;
#414 = EDGE_CURVE ( 'NONE', #2368, #329, #6231, .T. ) ;
#415 = FACE_OUTER_BOUND ( 'NONE', #2597, .T. ) ;
#416 = ORIENTED_EDGE ( 'NONE', *, *, #6551, .F. ) ;
#417 = FACE_OUTER_BOUND ( 'NONE', #7355, .T. ) ;
#418 = DIRECTION ( 'NONE',  ( -1.000000000000000000, 0.000000000000000000, 0.000000000000000000 ) ) ;
#419 = VERTEX_POINT ( 'NONE', #2569 ) ;
#420 = DIRECTION ( 'NONE',  ( -1.000000000000000000, -0.000000000000000000, -0.000000000000000000 ) ) ;
#421 = COORDINATED_UNIVERSAL_TIME_OFFSET ( 7, 0, .AHEAD. ) ;
#422 = ORIENTED_EDGE ( 'NONE', *, *, #6279, .T. ) ;
#423 = DIRECTION ( 'NONE',  ( -1.000000000000000000, 0.000000000000000000, 0.000000000000000000 ) ) ;
#424 = ORIENTED_EDGE ( 'NONE', *, *, #5060, .T. ) ;
#425 = EDGE_LOOP ( 'NONE', ( #2682, #3634, #7143, #2403 ) ) ;
#426 = CYLINDRICAL_SURFACE ( 'NONE', #545, 23.74900000000000233 ) ;
#427 = APPROVAL_ROLE ( '' ) ;
#428 = ORIENTED_EDGE ( 'NONE', *, *, #383, .F. ) ;
#429 = DIRECTION ( 'NONE',  ( -1.000000000000000000, 0.000000000000000000, 0.000000000000000000 ) ) ;
#430 = LINE ( 'NONE', #1000, #4666 ) ;
#431 = DIRECTION ( 'NONE',  ( 0.000000000000000000, 0.000000000000000000, 1.000000000000000000 ) ) ;
#432 = VERTEX_POINT ( 'NONE', #6384 ) ;
#433 = DIRECTION ( 'NONE',  ( -1.000000000000000000, 0.000000000000000000, -0.000000000000000000 ) ) ;
#434 = VECTOR ( 'NONE', #2389, 1000.000000000000000 ) ;
#435 = DIRECTION ( 'NONE',  ( -1.000000000000000000, 0.000000000000000000, 0.000000000000000000 ) ) ;
#436 = DIRECTION ( 'NONE',  ( -0.000000000000000000, 1.000000000000000000, -0.000000000000000000 ) ) ;
#437 = CARTESIAN_POINT ( 'NONE',  ( 3.000000000000000888, 0.000000000000000000, 0.000000000000000000 ) ) ;
#438 = VERTEX_POINT ( 'NONE', #4485 ) ;
#439 = ORIENTED_EDGE ( 'NONE', *, *, #3350, .F. ) ;
#440 = CARTESIAN_POINT ( 'NONE',  ( 0.000000000000000000, 15.47283697127532243, -18.01683426854828340 ) ) ;
#441 = DIRECTION ( 'NONE',  ( -1.000000000000000000, -0.000000000000000000, -0.000000000000000000 ) ) ;
#442 = CARTESIAN_POINT ( 'NONE',  ( 3.000000000000000888, -18.95282963369240292, -14.31101847795017434 ) ) ;
#443 = AXIS2_PLACEMENT_3D ( 'NONE', #187, #2735, #2815 ) ;
#444 = CARTESIAN_POINT ( 'NONE',  ( 3.000000000000000888, 12.35365805879608558, -20.28305040092201494 ) ) ;
#445 = EDGE_CURVE ( 'NONE', #6868, #5788, #1832, .T. ) ;
#446 = DIRECTION ( 'NONE',  ( 0.000000000000000000, 0.000000000000000000, 1.000000000000000000 ) ) ;
#447 = ADVANCED_FACE ( 'NONE', ( #3804 ), #8411, .T. ) ;
#448 = EDGE_LOOP ( 'NONE', ( #3052, #7667, #4843, #703 ) ) ;
#449 = DIRECTION ( 'NONE',  ( -1.000000000000000000, 0.000000000000000000, 0.000000000000000000 ) ) ;
#450 = ORIENTED_EDGE ( 'NONE', *, *, #1876, .T. ) ;
#451 = CARTESIAN_POINT ( 'NONE',  ( 3.000000000000000888, -13.90434922624131175, -18.93562677150257301 ) ) ;
#452 = DIRECTION ( 'NONE',  ( 0.000000000000000000, 0.000000000000000000, 1.000000000000000000 ) ) ;
#453 = ORIENTED_EDGE ( 'NONE', *, *, #1932, .T. ) ;
#454 = CARTESIAN_POINT ( 'NONE',  ( 3.000000000000000888, 0.000000000000000000, 0.000000000000000000 ) ) ;
#455 = ADVANCED_FACE ( 'NONE', ( #1268 ), #2438, .T. ) ;
#456 = EDGE_CURVE ( 'NONE', #6742, #7427, #5130, .T. ) ;
#457 = VECTOR ( 'NONE', #1960, 1000.000000000000000 ) ;
#458 = DATE_AND_TIME ( #1112, #5713 ) ;
#459 = VERTEX_POINT ( 'NONE', #1185 ) ;
#460 = DIRECTION ( 'NONE',  ( 0.000000000000000000, -0.9822872507286865007, -0.1873813145857355922 ) ) ;
#461 = VERTEX_POINT ( 'NONE', #5740 ) ;
#462 = ORIENTED_EDGE ( 'NONE', *, *, #7901, .T. ) ;
#463 = CARTESIAN_POINT ( 'NONE',  ( -10.00000000000000000, 0.000000000000000000, 0.000000000000000000 ) ) ;
#464 = AXIS2_PLACEMENT_3D ( 'NONE', #969, #1092, #8267 ) ;
#465 = PERSON_AND_ORGANIZATION_ROLE ( 'design_owner' ) ;
#466 = AXIS2_PLACEMENT_3D ( 'NONE', #2524, #3758, #4443 ) ;
#467 = CARTESIAN_POINT ( 'NONE',  ( 3.000000000000000888, 0.000000000000000000, 0.000000000000000000 ) ) ;
#468 = ORIENTED_EDGE ( 'NONE', *, *, #332, .F. ) ;
#469 = DIRECTION ( 'NONE',  ( 1.000000000000000000, 0.000000000000000000, -0.000000000000000000 ) ) ;
#470 = DIRECTION ( 'NONE',  ( -1.000000000000000000, 0.000000000000000000, 0.000000000000000000 ) ) ;
#471 = CARTESIAN_POINT ( 'NONE',  ( 1.499999999999999556, 25.92685648092481898, 1.948874808069251952 ) ) ;
#472 = ORIENTED_EDGE ( 'NONE', *, *, #8140, .T. ) ;
#473 = CIRCLE ( 'NONE', #2951, 9.999999999999998224 ) ;
#474 = DIRECTION ( 'NONE',  ( 0.000000000000000000, 0.3681245526846719796, 0.9297764858882537897 ) ) ;
#475 = CARTESIAN_POINT ( 'NONE',  ( 1.500000000000000444, -15.02476645158338719, 21.21924581778000629 ) ) ;
#476 = CIRCLE ( 'NONE', #6798, 10.00000000000000000 ) ;
#477 = EDGE_CURVE ( 'NONE', #4933, #5931, #6368, .T. ) ;
#478 = AXIS2_PLACEMENT_3D ( 'NONE', #3405, #6019, #780 ) ;
#479 = EDGE_LOOP ( 'NONE', ( #6135, #5490, #1115, #377 ) ) ;
#480 = CYLINDRICAL_SURFACE ( 'NONE', #4846, 9.999999999999998224 ) ;
#481 = AXIS2_PLACEMENT_3D ( 'NONE', #2146, #2062, #4749 ) ;
#482 = CYLINDRICAL_SURFACE ( 'NONE', #7349, 9.999999999999996447 ) ;
#483 = CIRCLE ( 'NONE', #212, 1.600000000000000089 ) ;
#484 = AXIS2_PLACEMENT_3D ( 'NONE', #6065, #5418, #178 ) ;
#485 = ORIENTED_EDGE ( 'NONE', *, *, #84, .T. ) ;
#486 = DIRECTION ( 'NONE',  ( 0.000000000000000000, -0.8443279255020087470, -0.5358267949790065376 ) ) ;
#487 = DIRECTION ( 'NONE',  ( -1.000000000000000000, 0.000000000000000000, -0.000000000000000000 ) ) ;
#488 = DIRECTION ( 'NONE',  ( 0.000000000000000000, 0.000000000000000000, 1.000000000000000000 ) ) ;
#489 = CIRCLE ( 'NONE', #2143, 10.00000000000000000 ) ;
#490 = DIRECTION ( 'NONE',  ( -1.000000000000000000, 0.000000000000000000, -0.000000000000000000 ) ) ;
#491 = CIRCLE ( 'NONE', #1314, 9.999999999999996447 ) ;
#492 = CARTESIAN_POINT ( 'NONE',  ( 0.000000000000000000, -18.02520032586875587, 15.06589001178566178 ) ) ;
#493 = ORIENTED_EDGE ( 'NONE', *, *, #2933, .F. ) ;
#494 = EDGE_CURVE ( 'NONE', #1107, #6299, #3583, .T. ) ;
#495 = CYLINDRICAL_SURFACE ( 'NONE', #5054, 9.999999999999998224 ) ;
#496 = ORIENTED_EDGE ( 'NONE', *, *, #2577, .F. ) ;
#497 = EDGE_CURVE ( 'NONE', #5359, #2383, #1230, .T. ) ;
#498 = DIRECTION ( 'NONE',  ( 0.000000000000000000, 0.000000000000000000, 1.000000000000000000 ) ) ;
#499 = DIRECTION ( 'NONE',  ( 0.7342190668223463890, 0.000000000000000000, 0.6789126320186734675 ) ) ;
#500 = AXIS2_PLACEMENT_3D ( 'NONE', #6055, #206, #6869 ) ;
#501 = EDGE_LOOP ( 'NONE', ( #4379, #5038, #3435, #821 ) ) ;
#502 = CARTESIAN_POINT ( 'NONE',  ( 3.000000000000000888, 23.45311694635234545, 1.356537554084838337 ) ) ;
#503 = CARTESIAN_POINT ( 'NONE',  ( 14.74895638494033712, 7.000000000000008882, 6.145609380784566866 ) ) ;
#504 = PERSON_AND_ORGANIZATION_ROLE ( 'creator' ) ;
#505 = CIRCLE ( 'NONE', #5304, 10.00000000000000000 ) ;
#506 = ORIENTED_EDGE ( 'NONE', *, *, #8088, .T. ) ;
#507 = LINE ( 'NONE', #7035, #8206 ) ;
#508 = ORIENTED_EDGE ( 'NONE', *, *, #7818, .T. ) ;
#509 = ADVANCED_FACE ( 'NONE', ( #5869 ), #8452, .F. ) ;
#510 = CARTESIAN_POINT ( 'NONE',  ( 0.000000000000000000, 0.000000000000000000, 0.000000000000000000 ) ) ;
#511 = DIRECTION ( 'NONE',  ( -1.000000000000000000, -0.000000000000000000, -0.000000000000000000 ) ) ;
#512 = EDGE_CURVE ( 'NONE', #231, #3126, #3763, .T. ) ;
#513 = AXIS2_PLACEMENT_3D ( 'NONE', #974, #3750, #488 ) ;
#514 = EDGE_CURVE ( 'NONE', #3146, #3251, #2680, .T. ) ;
#515 = DATE_AND_TIME ( #1672, #4604 ) ;
#516 = ORIENTED_EDGE ( 'NONE', *, *, #3612, .T. ) ;
#517 = CIRCLE ( 'NONE', #7791, 23.74900000000000233 ) ;
#518 = CARTESIAN_POINT ( 'NONE',  ( 2.143131898507868643E-15, 10.00000000000000000, 17.50000000000000355 ) ) ;
#519 = ORIENTED_EDGE ( 'NONE', *, *, #1238, .T. ) ;
#520 = DIRECTION ( 'NONE',  ( 0.000000000000000000, 0.000000000000000000, 1.000000000000000000 ) ) ;
#521 = VERTEX_POINT ( 'NONE', #3847 ) ;
#522 = CARTESIAN_POINT ( 'NONE',  ( -10.00000000000000000, 0.000000000000000000, 0.000000000000000000 ) ) ;
#523 = DIRECTION ( 'NONE',  ( -0.9550651196894897055, 0.000000000000000000, -0.2963960478017555467 ) ) ;
#524 = AXIS2_PLACEMENT_3D ( 'NONE', #3453, #4039, #3995 ) ;
#525 = CIRCLE ( 'NONE', #3550, 10.00000000000000000 ) ;
#526 = ORIENTED_EDGE ( 'NONE', *, *, #6897, .T. ) ;
#527 = DIRECTION ( 'NONE',  ( -1.000000000000000000, 0.000000000000000000, 0.000000000000000000 ) ) ;
#528 = CARTESIAN_POINT ( 'NONE',  ( 0.000000000000000000, 0.000000000000000000, 0.000000000000000000 ) ) ;
#529 = VECTOR ( 'NONE', #2865, 1000.000000000000000 ) ;
#530 = ORIENTED_EDGE ( 'NONE', *, *, #4280, .F. ) ;
#531 = LINE ( 'NONE', #7617, #4870 ) ;
#532 = FACE_OUTER_BOUND ( 'NONE', #8410, .T. ) ;
#533 = ADVANCED_BREP_SHAPE_REPRESENTATION ( '', ( #659, #8180 ), #7215 ) ;
#534 = CARTESIAN_POINT ( 'NONE',  ( 3.000000000000000888, 23.05365132147766971, -4.518633574727327407 ) ) ;
#535 = CARTESIAN_POINT ( 'NONE',  ( 3.000000000000000888, 23.09816287601901763, 4.285295834340878685 ) ) ;
#536 = CIRCLE ( 'NONE', #2206, 26.00000000000000000 ) ;
#537 = AXIS2_PLACEMENT_3D ( 'NONE', #1123, #1561, #431 ) ;
#538 = LINE ( 'NONE', #8407, #7165 ) ;
#539 = ORIENTED_EDGE ( 'NONE', *, *, #4277, .F. ) ;
#540 = CARTESIAN_POINT ( 'NONE',  ( 0.000000000000000000, 23.43820135222874157, 8.406385866244622918 ) ) ;
#541 = EDGE_LOOP ( 'NONE', ( #7454, #4412, #7515, #4114 ) ) ;
#542 = AXIS2_PLACEMENT_3D ( 'NONE', #4995, #2388, #6254 ) ;
#543 = CARTESIAN_POINT ( 'NONE',  ( 3.000000000000000888, -22.37893697895712108, -7.146472439377875574 ) ) ;
#544 = CARTESIAN_POINT ( 'NONE',  ( 3.000000000000000888, -17.56576837257038548, -19.16882316370011097 ) ) ;
#545 = AXIS2_PLACEMENT_3D ( 'NONE', #7038, #8382, #378 ) ;
#546 = VERTEX_POINT ( 'NONE', #4362 ) ;
#547 = FACE_OUTER_BOUND ( 'NONE', #3853, .T. ) ;
#548 = DIRECTION ( 'NONE',  ( -1.000000000000000000, 0.000000000000000000, 0.000000000000000000 ) ) ;
#549 = ADVANCED_FACE ( 'NONE', ( #6515 ), #624, .T. ) ;
#550 = EDGE_CURVE ( 'NONE', #3203, #6352, #3079, .T. ) ;
#551 = ORIENTED_EDGE ( 'NONE', *, *, #4027, .F. ) ;
#552 = LINE ( 'NONE', #2491, #932 ) ;
#553 = ORIENTED_EDGE ( 'NONE', *, *, #7399, .T. ) ;
#554 = CARTESIAN_POINT ( 'NONE',  ( 3.000000000000000888, -17.60893712771364505, 15.93550545895008597 ) ) ;
#555 = FACE_OUTER_BOUND ( 'NONE', #3046, .T. ) ;
#556 = DATE_TIME_ROLE ( 'classification_date' ) ;
#557 = EDGE_CURVE ( 'NONE', #781, #8038, #5417, .T. ) ;
#558 = CIRCLE ( 'NONE', #6323, 23.74900000000000233 ) ;
#559 = ORIENTED_EDGE ( 'NONE', *, *, #2567, .T. ) ;
#560 = DIRECTION ( 'NONE',  ( 0.9550651196894797135, 0.000000000000000000, 0.2963960478017879097 ) ) ;
#561 = EDGE_CURVE ( 'NONE', #244, #5019, #6988, .T. ) ;
#562 = ORIENTED_EDGE ( 'NONE', *, *, #5168, .F. ) ;
#563 = DIRECTION ( 'NONE',  ( -1.000000000000000000, -0.000000000000000000, -0.000000000000000000 ) ) ;
#564 = VERTEX_POINT ( 'NONE', #1108 ) ;
#565 = LINE ( 'NONE', #5071, #1594 ) ;
#566 = CARTESIAN_POINT ( 'NONE',  ( 14.74895638493967098, 10.00000000000000888, -6.145609380895367124 ) ) ;
#567 = EDGE_CURVE ( 'NONE', #5249, #4439, #5089, .T. ) ;
#568 = ADVANCED_FACE ( 'NONE', ( #4660 ), #6081, .T. ) ;
#569 = VERTEX_POINT ( 'NONE', #5257 ) ;
#570 = CARTESIAN_POINT ( 'NONE',  ( 3.000000000000000888, -19.77132294913398880, -12.68793432659429676 ) ) ;
#571 = DIRECTION ( 'NONE',  ( 0.000000000000000000, 0.000000000000000000, 1.000000000000000000 ) ) ;
#572 = CIRCLE ( 'NONE', #5374, 10.00000000000000000 ) ;
#573 = VERTEX_POINT ( 'NONE', #7283 ) ;
#574 = LINE ( 'NONE', #1854, #1163 ) ;
#575 = DIRECTION ( 'NONE',  ( 0.000000000000000000, 0.000000000000000000, -1.000000000000000000 ) ) ;
#576 = CARTESIAN_POINT ( 'NONE',  ( 3.000000000000000888, -20.59702713253493656, -11.82275239957345825 ) ) ;
#577 = ORIENTED_EDGE ( 'NONE', *, *, #6569, .F. ) ;
#578 = CARTESIAN_POINT ( 'NONE',  ( 3.000000000000000888, -21.78099992762139436, 14.19817038047355773 ) ) ;
#579 = VERTEX_POINT ( 'NONE', #3468 ) ;
#580 = CARTESIAN_POINT ( 'NONE',  ( 0.000000000000000000, 0.000000000000000000, 0.000000000000000000 ) ) ;
#581 = ORIENTED_EDGE ( 'NONE', *, *, #16, .F. ) ;
#582 = DIRECTION ( 'NONE',  ( -1.000000000000000000, 0.000000000000000000, 0.000000000000000000 ) ) ;
#583 = FACE_OUTER_BOUND ( 'NONE', #1771, .T. ) ;
#584 = VERTEX_POINT ( 'NONE', #192 ) ;
#585 = LINE ( 'NONE', #2008, #4617 ) ;
#586 = DIRECTION ( 'NONE',  ( 0.000000000000000000, 0.5877852522924686962, 0.8090169943749507819 ) ) ;
#587 = ORIENTED_EDGE ( 'NONE', *, *, #5333, .F. ) ;
#588 = DIRECTION ( 'NONE',  ( -1.000000000000000000, 0.000000000000000000, -0.000000000000000000 ) ) ;
#589 = ORIENTED_EDGE ( 'NONE', *, *, #3549, .T. ) ;
#590 = CARTESIAN_POINT ( 'NONE',  ( 3.000000000000000888, 22.89013261011085731, 6.329046538898232654 ) ) ;
#591 = CARTESIAN_POINT ( 'NONE',  ( 0.000000000000000000, 25.96667425510338489, -1.315989410805013415 ) ) ;
#592 = CIRCLE ( 'NONE', #6370, 26.00000000000000000 ) ;
#593 = APPROVAL_DATE_TIME ( #1886, #7552 ) ;
#594 = ORIENTED_EDGE ( 'NONE', *, *, #1150, .T. ) ;
#595 = DIRECTION ( 'NONE',  ( -1.000000000000000000, 0.000000000000000000, 0.000000000000000000 ) ) ;
#596 = VERTEX_POINT ( 'NONE', #5995 ) ;
#597 = ORIENTED_EDGE ( 'NONE', *, *, #752, .F. ) ;
#598 = CYLINDRICAL_SURFACE ( 'NONE', #7540, 26.00000000000000000 ) ;
#599 = EDGE_CURVE ( 'NONE', #3000, #4020, #751, .T. ) ;
#600 = VERTEX_POINT ( 'NONE', #2651 ) ;
#601 = EDGE_CURVE ( 'NONE', #7828, #8513, #7884, .T. ) ;
#602 = CARTESIAN_POINT ( 'NONE',  ( -2.052224346884345962, 7.000000000000008882, 15.84577559900801624 ) ) ;
#603 = LINE ( 'NONE', #5897, #8077 ) ;
#604 = AXIS2_PLACEMENT_3D ( 'NONE', #2317, #5617, #7549 ) ;
#605 = AXIS2_PLACEMENT_3D ( 'NONE', #6417, #6463, #5077 ) ;
#606 = VERTEX_POINT ( 'NONE', #2094 ) ;
#607 = DIRECTION ( 'NONE',  ( 0.000000000000000000, 0.9510565162951544194, -0.3090169943749446757 ) ) ;
#608 = VECTOR ( 'NONE', #2819, 1000.000000000000000 ) ;
#609 = LINE ( 'NONE', #7187, #3639 ) ;
#610 = ORIENTED_EDGE ( 'NONE', *, *, #6236, .T. ) ;
#611 = EDGE_CURVE ( 'NONE', #2130, #6045, #3630, .T. ) ;
#612 = LINE ( 'NONE', #654, #6532 ) ;
#613 = ADVANCED_FACE ( 'NONE', ( #1394 ), #3973, .T. ) ;
#614 = CARTESIAN_POINT ( 'NONE',  ( 3.000000000000000888, -11.42144594672563507, 20.52899074774370192 ) ) ;
#615 = VECTOR ( 'NONE', #4573, 1000.000000000000000 ) ;
#616 = AXIS2_PLACEMENT_3D ( 'NONE', #1988, #2508, #1899 ) ;
#617 = CIRCLE ( 'NONE', #8170, 26.00000000000000000 ) ;
#618 = DIRECTION ( 'NONE',  ( 0.000000000000000000, 0.5877852522924743583, -0.8090169943749465631 ) ) ;
#619 = APPROVAL ( #7033, 'UNKNOWN' ) ;
#620 = ORIENTED_EDGE ( 'NONE', *, *, #7397, .F. ) ;
#621 = CARTESIAN_POINT ( 'NONE',  ( 3.000000000000000888, 0.000000000000000000, 0.000000000000000000 ) ) ;
#622 = VERTEX_POINT ( 'NONE', #3337 ) ;
#623 = CIRCLE ( 'NONE', #6529, 9.999999999999998224 ) ;
#624 = CYLINDRICAL_SURFACE ( 'NONE', #7058, 9.999999999999998224 ) ;
#625 = DIRECTION ( 'NONE',  ( 0.000000000000000000, 0.4817536741017102164, 0.8763066800438664705 ) ) ;
#626 = ORIENTED_EDGE ( 'NONE', *, *, #1548, .T. ) ;
#627 = CARTESIAN_POINT ( 'NONE',  ( 0.000000000000000000, 0.000000000000000000, 0.000000000000000000 ) ) ;
#628 = AXIS2_PLACEMENT_3D ( 'NONE', #4983, #346, #4263 ) ;
#629 = LOCAL_TIME ( 18, 37, 26.00000000000000000, #5834 ) ;
#630 = CARTESIAN_POINT ( 'NONE',  ( 3.000000000000000888, 0.000000000000000000, 0.000000000000000000 ) ) ;
#631 = CARTESIAN_POINT ( 'NONE',  ( 0.000000000000000000, 0.000000000000000000, 0.000000000000000000 ) ) ;
#632 = ORIENTED_EDGE ( 'NONE', *, *, #2029, .T. ) ;
#633 = DIRECTION ( 'NONE',  ( -0.000000000000000000, 1.000000000000000000, -0.000000000000000000 ) ) ;
#634 = ORIENTED_EDGE ( 'NONE', *, *, #4172, .F. ) ;
#635 = ORIENTED_EDGE ( 'NONE', *, *, #5876, .T. ) ;
#636 = DIRECTION ( 'NONE',  ( 1.000000000000000000, -0.000000000000000000, -0.000000000000000000 ) ) ;
#637 = AXIS2_PLACEMENT_3D ( 'NONE', #3600, #7684, #3082 ) ;
#638 = APPROVAL_STATUS ( 'not_yet_approved' ) ;
#639 = ORIENTED_EDGE ( 'NONE', *, *, #198, .F. ) ;
#640 = DIRECTION ( 'NONE',  ( -1.000000000000000000, 0.000000000000000000, -0.000000000000000000 ) ) ;
#641 = EDGE_LOOP ( 'NONE', ( #7317, #6177, #6780, #4251 ) ) ;
#642 = ORIENTED_EDGE ( 'NONE', *, *, #4805, .T. ) ;
#643 = CARTESIAN_POINT ( 'NONE',  ( 0.000000000000000000, 3.062166340027950184, 23.29188755642019970 ) ) ;
#644 = VECTOR ( 'NONE', #6210, 1000.000000000000000 ) ;
#645 = ORIENTED_EDGE ( 'NONE', *, *, #992, .T. ) ;
#646 = CARTESIAN_POINT ( 'NONE',  ( 2.052224346939968136, 7.000000000000008882, 15.84577559900801624 ) ) ;
#647 = CARTESIAN_POINT ( 'NONE',  ( 3.000000000000000888, 0.000000000000000000, 0.000000000000000000 ) ) ;
#648 = EDGE_CURVE ( 'NONE', #6287, #6419, #7975, .T. ) ;
#649 = EDGE_CURVE ( 'NONE', #2938, #564, #4697, .T. ) ;
#650 = ORIENTED_EDGE ( 'NONE', *, *, #179, .T. ) ;
#651 = DIRECTION ( 'NONE',  ( 1.000000000000000000, 0.000000000000000000, 0.000000000000000000 ) ) ;
#652 = CARTESIAN_POINT ( 'NONE',  ( 0.000000000000000000, -12.35365805879565748, -20.28305040092227429 ) ) ;
#653 = ORIENTED_EDGE ( 'NONE', *, *, #1939, .F. ) ;
#654 = CARTESIAN_POINT ( 'NONE',  ( 3.000000000000000888, 13.09272093277482263, 19.81402683899666783 ) ) ;
#655 = CIRCLE ( 'NONE', #3411, 9.999999999999996447 ) ;
#656 = DIRECTION ( 'NONE',  ( 0.000000000000000000, 0.000000000000000000, 1.000000000000000000 ) ) ;
#657 = EDGE_CURVE ( 'NONE', #5931, #3067, #5436, .T. ) ;
#658 = EDGE_CURVE ( 'NONE', #2109, #1704, #5947, .T. ) ;
#659 = MANIFOLD_SOLID_BREP ( 'Cut-Extrude4', #2263 ) ;
#660 = CARTESIAN_POINT ( 'NONE',  ( 3.000000000000000888, 24.62765115230531521, 8.335394335024261636 ) ) ;
#661 = VERTEX_POINT ( 'NONE', #6688 ) ;
#662 = DIRECTION ( 'NONE',  ( 0.000000000000000000, -0.9048270524660235736, 0.4257792915650640553 ) ) ;
#663 = VECTOR ( 'NONE', #3568, 1000.000000000000000 ) ;
#664 = EDGE_CURVE ( 'NONE', #8481, #3205, #2126, .T. ) ;
#665 = ORIENTED_EDGE ( 'NONE', *, *, #6283, .F. ) ;
#666 = DIRECTION ( 'NONE',  ( -1.000000000000000000, 0.000000000000000000, 0.000000000000000000 ) ) ;
#667 = DIRECTION ( 'NONE',  ( -1.000000000000000000, 0.000000000000000000, 0.000000000000000000 ) ) ;
#668 = EDGE_LOOP ( 'NONE', ( #3305, #2060, #4663, #5592 ) ) ;
#669 = FACE_OUTER_BOUND ( 'NONE', #5369, .T. ) ;
#670 = AXIS2_PLACEMENT_3D ( 'NONE', #6344, #2276, #8326 ) ;
#671 = AXIS2_PLACEMENT_3D ( 'NONE', #4313, #8198, #8323 ) ;
#672 = CARTESIAN_POINT ( 'NONE',  ( 3.000000000000000888, 6.921355658526210597, 22.71805090337169730 ) ) ;
#673 = EDGE_CURVE ( 'NONE', #4208, #5419, #7888, .T. ) ;
#674 = EDGE_CURVE ( 'NONE', #4450, #733, #1428, .T. ) ;
#675 = CARTESIAN_POINT ( 'NONE',  ( 3.000000000000000888, 0.000000000000000000, 0.000000000000000000 ) ) ;
#676 = CIRCLE ( 'NONE', #7539, 10.00000000000000000 ) ;
#677 = ORIENTED_EDGE ( 'NONE', *, *, #1459, .F. ) ;
#678 = AXIS2_PLACEMENT_3D ( 'NONE', #7006, #5031, #273 ) ;
#679 = FACE_OUTER_BOUND ( 'NONE', #2287, .T. ) ;
#680 = VERTEX_POINT ( 'NONE', #1310 ) ;
#681 = CARTESIAN_POINT ( 'NONE',  ( -15.37268543418823796, 7.000000000000008882, 7.428415564729728970 ) ) ;
#682 = B_SPLINE_CURVE_WITH_KNOTS ( 'NONE', 2,
 ( #4880, #167, #248, #6586, #6184 ),
 .UNSPECIFIED., .F., .F.,
 ( 3, 1, 1, 3 ),
 ( 0.002399098765659659488, 0.3755997746914918611, 0.6244002253087133081, 0.9976009012345454785 ),
 .UNSPECIFIED. ) ;
#683 = AXIS2_PLACEMENT_3D ( 'NONE', #4036, #2025, #5324 ) ;
#684 = PERSON_AND_ORGANIZATION_ROLE ( 'design_owner' ) ;
#685 = ORIENTED_EDGE ( 'NONE', *, *, #4092, .F. ) ;
#686 = CARTESIAN_POINT ( 'NONE',  ( 0.000000000000000000, -23.43820135222875223, 1.593614133755210105 ) ) ;
#687 = VERTEX_POINT ( 'NONE', #3379 ) ;
#688 = ORIENTED_EDGE ( 'NONE', *, *, #3038, .T. ) ;
#689 = DIRECTION ( 'NONE',  ( 0.000000000000000000, 0.000000000000000000, -1.000000000000000000 ) ) ;
#690 = EDGE_LOOP ( 'NONE', ( #589, #3984, #8068, #7614 ) ) ;
#691 = LINE ( 'NONE', #2675, #2731 ) ;
#692 = CARTESIAN_POINT ( 'NONE',  ( 3.000000000000000888, 2.943853573238277566, 25.83280329618394688 ) ) ;
#693 = CIRCLE ( 'NONE', #150, 23.74899999999999878 ) ;
#694 = ORIENTED_EDGE ( 'NONE', *, *, #2562, .F. ) ;
#695 = CARTESIAN_POINT ( 'NONE',  ( 0.000000000000000000, -20.59702713253493656, -11.82275239957345825 ) ) ;
#696 = CARTESIAN_POINT ( 'NONE',  ( 3.000000000000000888, 23.74496687177445509, 0.4376634075792267264 ) ) ;
#697 = VERTEX_POINT ( 'NONE', #3930 ) ;
#698 = DIRECTION ( 'NONE',  ( -1.000000000000000000, -0.000000000000000000, -0.000000000000000000 ) ) ;
#699 = DIRECTION ( 'NONE',  ( -1.000000000000000000, 0.000000000000000000, -0.000000000000000000 ) ) ;
#700 = CARTESIAN_POINT ( 'NONE',  ( 3.000000000000000888, 11.42144594672549474, 20.52899074774378363 ) ) ;
#701 = VERTEX_POINT ( 'NONE', #110 ) ;
#702 = CARTESIAN_POINT ( 'NONE',  ( 3.000000000000000888, -21.20563999867588478, 10.10988233766741295 ) ) ;
#703 = ORIENTED_EDGE ( 'NONE', *, *, #3225, .T. ) ;
#704 = DIRECTION ( 'NONE',  ( 1.000000000000000000, 0.000000000000000000, -0.000000000000000000 ) ) ;
#705 = CARTESIAN_POINT ( 'NONE',  ( 15.37268543418457512, 7.000000000000008882, -7.428415564783019676 ) ) ;
#706 = ORIENTED_EDGE ( 'NONE', *, *, #5963, .T. ) ;
#707 = DIRECTION ( 'NONE',  ( 0.000000000000000000, 0.000000000000000000, -1.000000000000000000 ) ) ;
#708 = EDGE_CURVE ( 'NONE', #5821, #2616, #4180, .T. ) ;
#709 = AXIS2_PLACEMENT_3D ( 'NONE', #1059, #6212, #315 ) ;
#710 = DIRECTION ( 'NONE',  ( 0.000000000000000000, 0.7705132427757860336, 0.6374239897486935202 ) ) ;
#711 = EDGE_CURVE ( 'NONE', #3205, #573, #8014, .T. ) ;
#712 = CYLINDRICAL_SURFACE ( 'NONE', #7347, 23.74900000000000233 ) ;
#713 = VERTEX_POINT ( 'NONE', #4740 ) ;
#714 = CARTESIAN_POINT ( 'NONE',  ( 3.000000000000000888, -9.714105481847896684, -21.67143640111408942 ) ) ;
#715 = DIRECTION ( 'NONE',  ( 0.000000000000000000, 0.5877852522924685852, 0.8090169943749507819 ) ) ;
#716 = CC_DESIGN_PERSON_AND_ORGANIZATION_ASSIGNMENT ( #3220, #2665, ( #3646 ) ) ;
#717 = ORIENTED_EDGE ( 'NONE', *, *, #3651, .T. ) ;
#718 = CARTESIAN_POINT ( 'NONE',  ( 0.000000000000000000, 22.37893697895717438, 7.146472439377716590 ) ) ;
#719 = DIRECTION ( 'NONE',  ( -1.000000000000000000, 0.000000000000000000, -0.000000000000000000 ) ) ;
#720 = EDGE_CURVE ( 'NONE', #971, #6238, #7362, .T. ) ;
#721 = ADVANCED_FACE ( 'NONE', ( #6735, #3669 ), #1524, .F. ) ;
#722 = APPROVAL_DATE_TIME ( #4503, #4140 ) ;
#723 = ORIENTED_EDGE ( 'NONE', *, *, #3469, .T. ) ;
#724 = CARTESIAN_POINT ( 'NONE',  ( 3.000000000000000888, -11.21328339503254590, -20.64342907894929624 ) ) ;
#725 = ORIENTED_EDGE ( 'NONE', *, *, #5275, .F. ) ;
#726 = EDGE_LOOP ( 'NONE', ( #581, #4681, #2511, #5538 ) ) ;
#727 = CARTESIAN_POINT ( 'NONE',  ( 3.000000000000000888, -10.50612486395248979, 21.29874036986787189 ) ) ;
#728 = CIRCLE ( 'NONE', #3610, 10.00000000000000000 ) ;
#729 = CARTESIAN_POINT ( 'NONE',  ( 3.000000000000000888, 0.000000000000000000, 0.000000000000000000 ) ) ;
#730 = VERTEX_POINT ( 'NONE', #6891 ) ;
#731 = CARTESIAN_POINT ( 'NONE',  ( -2.050538145046632010, 7.000000000000008882, -15.85322226736041173 ) ) ;
#732 = CARTESIAN_POINT ( 'NONE',  ( 3.000000000000000888, -25.96667425510337779, -1.315989410805193716 ) ) ;
#733 = VERTEX_POINT ( 'NONE', #8107 ) ;
#734 = CARTESIAN_POINT ( 'NONE',  ( 1.500000000000000444, 20.23396159193303134, -16.32748597599087859 ) ) ;
#735 = FACE_OUTER_BOUND ( 'NONE', #2069, .T. ) ;
#736 = EDGE_LOOP ( 'NONE', ( #3438, #4206, #7985, #2565 ) ) ;
#737 = AXIS2_PLACEMENT_3D ( 'NONE', #3172, #5783, #498 ) ;
#738 = CARTESIAN_POINT ( 'NONE',  ( 0.000000000000000000, 0.000000000000000000, 0.000000000000000000 ) ) ;
#739 = CARTESIAN_POINT ( 'NONE',  ( -14.11953930602272145, 10.00000000000000888, -9.598928328047540148 ) ) ;
#740 = EDGE_CURVE ( 'NONE', #7392, #4390, #8436, .T. ) ;
#741 = ORIENTED_EDGE ( 'NONE', *, *, #6232, .F. ) ;
#742 = VECTOR ( 'NONE', #704, 1000.000000000000000 ) ;
#743 = DIRECTION ( 'NONE',  ( 0.000000000000000000, -1.000000000000000000, 0.000000000000000000 ) ) ;
#744 = ORIENTED_EDGE ( 'NONE', *, *, #7982, .F. ) ;
#745 = DIRECTION ( 'NONE',  ( -1.000000000000000000, 0.000000000000000000, 0.000000000000000000 ) ) ;
#746 = ORIENTED_EDGE ( 'NONE', *, *, #7701, .F. ) ;
#747 = DIRECTION ( 'NONE',  ( 0.000000000000000000, 0.000000000000000000, -1.000000000000000000 ) ) ;
#748 = DIRECTION ( 'NONE',  ( -1.000000000000000000, -0.000000000000000000, 0.000000000000000000 ) ) ;
#749 = VERTEX_POINT ( 'NONE', #6207 ) ;
#750 = DIRECTION ( 'NONE',  ( -0.000000000000000000, 1.000000000000000000, -0.000000000000000000 ) ) ;
#751 = CIRCLE ( 'NONE', #5689, 26.00000000000000000 ) ;
#752 = EDGE_CURVE ( 'NONE', #8047, #3643, #3365, .T. ) ;
#753 = DIRECTION ( 'NONE',  ( -1.000000000000000000, 0.000000000000000000, 0.000000000000000000 ) ) ;
#754 = B_SPLINE_SURFACE_WITH_KNOTS ( 'NONE', 2, 1, ( 
 ( #4829, #3470 ),
 ( #5996, #5353 ),
 ( #1525, #2050 ),
 ( #6123, #1482 ),
 ( #2232, #5437 ) ),
 .UNSPECIFIED., .F., .F., .F.,
 ( 3, 1, 1, 3 ),
 ( 2, 2 ),
 ( 0.002399098765690322026, 0.3755997746914085944, 0.6244002253085541021, 0.9976009012342723636 ),
 ( 0.000000000000000000, 1.000000000000000000 ),
 .UNSPECIFIED. ) ;
#755 = ADVANCED_FACE ( 'NONE', ( #3034 ), #2908, .T. ) ;
#756 = DIRECTION ( 'NONE',  ( -1.000000000000000000, 0.000000000000000000, 0.000000000000000000 ) ) ;
#757 = AXIS2_PLACEMENT_3D ( 'NONE', #5414, #910, #4168 ) ;
#758 = EDGE_CURVE ( 'NONE', #5019, #1340, #7334, .T. ) ;
#759 = CIRCLE ( 'NONE', #4326, 26.00000000000000000 ) ;
#760 = EDGE_LOOP ( 'NONE', ( #3882, #472, #3558, #1487 ) ) ;
#761 = CARTESIAN_POINT ( 'NONE',  ( 0.000000000000000000, 1.054159027265907156, 23.72559271641562262 ) ) ;
#762 = CARTESIAN_POINT ( 'NONE',  ( -15.37268543418823796, 7.000000000000008882, 7.428415564729728970 ) ) ;
#763 = EDGE_LOOP ( 'NONE', ( #391, #3296, #7512, #7564 ) ) ;
#764 = DIRECTION ( 'NONE',  ( -1.000000000000000000, 0.000000000000000000, -0.000000000000000000 ) ) ;
#765 = LINE ( 'NONE', #5404, #4662 ) ;
#766 = AXIS2_PLACEMENT_3D ( 'NONE', #5482, #4188, #4107 ) ;
#767 = EDGE_CURVE ( 'NONE', #697, #2556, #473, .T. ) ;
#768 = APPROVAL_DATE_TIME ( #4029, #2786 ) ;
#769 = AXIS2_PLACEMENT_3D ( 'NONE', #1721, #8138, #1554 ) ;
#770 = LOCAL_TIME ( 18, 37, 26.00000000000000000, #4324 ) ;
#771 = EDGE_CURVE ( 'NONE', #2792, #6400, #5134, .T. ) ;
#772 = ORIENTED_EDGE ( 'NONE', *, *, #4174, .F. ) ;
#773 = EDGE_CURVE ( 'NONE', #862, #661, #403, .T. ) ;
#774 = DIRECTION ( 'NONE',  ( 0.000000000000000000, -0.1253332335642905471, -0.9921147013144795412 ) ) ;
#775 = EDGE_LOOP ( 'NONE', ( #1796, #2846, #4148, #5126 ) ) ;
#776 = ORIENTED_EDGE ( 'NONE', *, *, #1294, .T. ) ;
#777 = CARTESIAN_POINT ( 'NONE',  ( 3.000000000000000888, 4.879274292603387408, -23.24236828246080222 ) ) ;
#778 = SHAPE_REPRESENTATION ( 'm1_40t', ( #484, #75 ), #4056 ) ;
#779 = EDGE_CURVE ( 'NONE', #7218, #2626, #5555, .T. ) ;
#780 = DIRECTION ( 'NONE',  ( 0.000000000000000000, -0.3681245526846653182, -0.9297764858882563432 ) ) ;
#781 = VERTEX_POINT ( 'NONE', #4866 ) ;
#782 = AXIS2_PLACEMENT_3D ( 'NONE', #2419, #5200, #1944 ) ;
#783 = DIRECTION ( 'NONE',  ( 0.000000000000000000, 0.000000000000000000, -1.000000000000000000 ) ) ;
#784 = CARTESIAN_POINT ( 'NONE',  ( 0.000000000000000000, -5.957267827074244515, -22.72443285698079052 ) ) ;
#785 = EDGE_LOOP ( 'NONE', ( #7179, #2087, #6484, #6180 ) ) ;
#786 = UNCERTAINTY_MEASURE_WITH_UNIT (LENGTH_MEASURE( 1.000000000000000082E-05 ), #4978, 'distance_accuracy_value', 'NONE');
#787 = VECTOR ( 'NONE', #3472, 1000.000000000000000 ) ;
#788 = EDGE_CURVE ( 'NONE', #5742, #2072, #6378, .T. ) ;
#789 = DIRECTION ( 'NONE',  ( -1.000000000000000000, 0.000000000000000000, -0.000000000000000000 ) ) ;
#790 = CARTESIAN_POINT ( 'NONE',  ( -10.00000000000000000, 0.000000000000000000, 0.000000000000000000 ) ) ;
#791 = ORIENTED_EDGE ( 'NONE', *, *, #2657, .T. ) ;
#792 = DIRECTION ( 'NONE',  ( 0.000000000000000000, 0.1253332335643043416, -0.9921147013144777649 ) ) ;
#793 = CYLINDRICAL_SURFACE ( 'NONE', #379, 9.999999999999998224 ) ;
#794 = AXIS2_PLACEMENT_3D ( 'NONE', #1647, #4952, #7670 ) ;
#795 = DIRECTION ( 'NONE',  ( 0.000000000000000000, 0.000000000000000000, 1.000000000000000000 ) ) ;
#796 = ORIENTED_EDGE ( 'NONE', *, *, #6753, .T. ) ;
#797 = CIRCLE ( 'NONE', #8344, 23.74900000000000588 ) ;
#798 = DIRECTION ( 'NONE',  ( -1.000000000000000000, 0.000000000000000000, 0.000000000000000000 ) ) ;
#799 = VERTEX_POINT ( 'NONE', #356 ) ;
#800 = CARTESIAN_POINT ( 'NONE',  ( 3.000000000000000888, -8.758419641788751875, 21.79860027646846277 ) ) ;
#801 = DIRECTION ( 'NONE',  ( 0.000000000000000000, -0.1253332335643113360, 0.9921147013144768767 ) ) ;
#802 = ORIENTED_EDGE ( 'NONE', *, *, #7384, .F. ) ;
#803 = CARTESIAN_POINT ( 'NONE',  ( 3.000000000000000888, -23.43820135222873091, 8.406385866244452387 ) ) ;
#804 = CARTESIAN_POINT ( 'NONE',  ( 1.061049529590555540, 7.000000000000009770, -17.46780392309679897 ) ) ;
#805 = AXIS2_PLACEMENT_3D ( 'NONE', #1418, #4090, #3953 ) ;
#806 = CARTESIAN_POINT ( 'NONE',  ( 3.000000000000000888, -16.16797261240405348, 17.04363664947931767 ) ) ;
#807 = ORIENTED_EDGE ( 'NONE', *, *, #6609, .F. ) ;
#808 = FACE_OUTER_BOUND ( 'NONE', #170, .T. ) ;
#809 = CARTESIAN_POINT ( 'NONE',  ( 0.000000000000000000, -11.21328339503284255, 20.64342907894913637 ) ) ;
#810 = VERTEX_POINT ( 'NONE', #2231 ) ;
#811 = CIRCLE ( 'NONE', #7827, 26.00000000000000000 ) ;
#812 = LINE ( 'NONE', #2106, #5408 ) ;
#813 = DIRECTION ( 'NONE',  ( 0.000000000000000000, 0.9048270524660205760, -0.4257792915650703836 ) ) ;
#814 = CIRCLE ( 'NONE', #4101, 26.00000000000000000 ) ;
#815 = CARTESIAN_POINT ( 'NONE',  ( 2.050538145102809295, 10.00000000000000888, -15.85322226736041173 ) ) ;
#816 = EDGE_CURVE ( 'NONE', #5195, #7842, #4723, .T. ) ;
#817 = DATE_AND_TIME ( #1453, #5985 ) ;
#818 = AXIS2_PLACEMENT_3D ( 'NONE', #6120, #4104, #2184 ) ;
#819 = VERTEX_POINT ( 'NONE', #1684 ) ;
#820 = CARTESIAN_POINT ( 'NONE',  ( 4.051352821227593992, 7.000000000000008882, 7.017148925649419056 ) ) ;
#821 = ORIENTED_EDGE ( 'NONE', *, *, #445, .T. ) ;
#822 = ORIENTED_EDGE ( 'NONE', *, *, #6078, .T. ) ;
#823 = DIRECTION ( 'NONE',  ( -1.000000000000000000, -0.000000000000000000, 0.000000000000000000 ) ) ;
#824 = CARTESIAN_POINT ( 'NONE',  ( 3.000000000000000888, 21.30678187720836192, -9.894944904949566578 ) ) ;
#826 = ORIENTED_EDGE ( 'NONE', *, *, #4815, .T. ) ;
#825 = CIRCLE ( 'NONE', #4790, 10.00000000000000000 ) ;
#827 = CIRCLE ( 'NONE', #3021, 10.00000000000000178 ) ;
#828 = CARTESIAN_POINT ( 'NONE',  ( -1.061049529133641256, 7.000000000000009770, -17.46780392355350031 ) ) ;
#829 = EDGE_CURVE ( 'NONE', #2712, #3109, #3508, .T. ) ;
#830 =( NAMED_UNIT ( * ) PLANE_ANGLE_UNIT ( ) SI_UNIT ( $, .RADIAN. ) );
#831 = ADVANCED_FACE ( 'NONE', ( #4788 ), #2947, .F. ) ;
#832 = VERTEX_POINT ( 'NONE', #2348 ) ;
#833 = CIRCLE ( 'NONE', #2599, 26.00000000000000000 ) ;
#834 = DIRECTION ( 'NONE',  ( 0.000000000000000000, 0.000000000000000000, 1.000000000000000000 ) ) ;
#835 = ADVANCED_FACE ( 'NONE', ( #2867 ), #5561, .T. ) ;
#836 = CARTESIAN_POINT ( 'NONE',  ( 1.500000000000000444, 22.12078737453602884, -13.66275103815361014 ) ) ;
#837 = APPROVAL ( #7255, 'UNSPECIFIED' ) ;
#838 = EDGE_LOOP ( 'NONE', ( #1743, #3322, #3316, #6768 ) ) ;
#839 = CYLINDRICAL_SURFACE ( 'NONE', #7354, 9.999999999999994671 ) ;
#840 = LINE ( 'NONE', #3461, #1753 ) ;
#841 = EDGE_CURVE ( 'NONE', #7088, #1920, #8305, .T. ) ;
#842 = AXIS2_PLACEMENT_3D ( 'NONE', #6156, #2898, #7479 ) ;
#843 = EDGE_CURVE ( 'NONE', #86, #2292, #4269, .T. ) ;
#844 = CARTESIAN_POINT ( 'NONE',  ( 3.000000000000002665, 2.220446049250313081E-13, 2.220446049250313081E-13 ) ) ;
#845 = ORIENTED_EDGE ( 'NONE', *, *, #7995, .T. ) ;
#846 = DIRECTION ( 'NONE',  ( -1.000000000000000000, 0.000000000000000000, -0.000000000000000000 ) ) ;
#847 = ORIENTED_EDGE ( 'NONE', *, *, #8078, .F. ) ;
#848 = DIRECTION ( 'NONE',  ( -1.000000000000000000, 0.000000000000000000, 0.000000000000000000 ) ) ;
#849 = DIRECTION ( 'NONE',  ( -1.000000000000000000, -0.000000000000000000, -0.000000000000000000 ) ) ;
#850 = DIRECTION ( 'NONE',  ( 1.000000000000000000, -0.000000000000000000, -0.000000000000000000 ) ) ;
#851 = DIRECTION ( 'NONE',  ( 0.000000000000000000, 0.5877852522924742473, -0.8090169943749465631 ) ) ;
#852 = DIRECTION ( 'NONE',  ( -1.000000000000000000, 0.000000000000000000, 0.000000000000000000 ) ) ;
#853 = ORIENTED_EDGE ( 'NONE', *, *, #5167, .F. ) ;
#854 = DIRECTION ( 'NONE',  ( 0.000000000000000000, 0.000000000000000000, 1.000000000000000000 ) ) ;
#855 = DIRECTION ( 'NONE',  ( -1.000000000000000000, -0.000000000000000000, 0.000000000000000000 ) ) ;
#856 = EDGE_LOOP ( 'NONE', ( #6946, #3533, #4089, #6311 ) ) ;
#857 = DIRECTION ( 'NONE',  ( 0.000000000000000000, 0.000000000000000000, 1.000000000000000000 ) ) ;
#858 = CARTESIAN_POINT ( 'NONE',  ( 3.000000000000000888, 0.000000000000000000, 0.000000000000000000 ) ) ;
#859 = FACE_OUTER_BOUND ( 'NONE', #1719, .T. ) ;
#860 = COORDINATED_UNIVERSAL_TIME_OFFSET ( 7, 0, .AHEAD. ) ;
#861 = AXIS2_PLACEMENT_3D ( 'NONE', #1839, #6359, #5839 ) ;
#862 = VERTEX_POINT ( 'NONE', #8315 ) ;
#863 = DIRECTION ( 'NONE',  ( -1.000000000000000000, 0.000000000000000000, 0.000000000000000000 ) ) ;
#864 = VERTEX_POINT ( 'NONE', #4352 ) ;
#865 = EDGE_LOOP ( 'NONE', ( #2759, #135, #3684, #1444 ) ) ;
#866 = CARTESIAN_POINT ( 'NONE',  ( 0.000000000000000000, 18.02803414784221658, 18.73472670641968563 ) ) ;
#867 = DIRECTION ( 'NONE',  ( 0.000000000000000000, -0.9822872507286866117, -0.1873813145857356199 ) ) ;
#868 = LINE ( 'NONE', #1508, #4904 ) ;
#869 = MANIFOLD_SOLID_BREP ( 'Bore', #5262 ) ;
#870 = CARTESIAN_POINT ( 'NONE',  ( 3.000000000000000888, 10.50612486395264078, -21.29874036986780439 ) ) ;
#871 = ORIENTED_EDGE ( 'NONE', *, *, #1660, .F. ) ;
#872 = EDGE_CURVE ( 'NONE', #7139, #6077, #574, .T. ) ;
#873 = LINE ( 'NONE', #734, #3094 ) ;
#874 = EDGE_CURVE ( 'NONE', #680, #6732, #1836, .T. ) ;
#875 = CARTESIAN_POINT ( 'NONE',  ( 3.000000000000000888, 0.000000000000000000, 0.000000000000000000 ) ) ;
#876 = ORIENTED_EDGE ( 'NONE', *, *, #2826, .T. ) ;
#877 = CARTESIAN_POINT ( 'NONE',  ( 0.000000000000000000, 0.000000000000000000, 0.000000000000000000 ) ) ;
#878 = CARTESIAN_POINT ( 'NONE',  ( 3.000000000000000888, 0.000000000000000000, 0.000000000000000000 ) ) ;
#879 = CARTESIAN_POINT ( 'NONE',  ( 3.000000000000000888, 5.957267827074719690, -22.72443285698066973 ) ) ;
#880 = EDGE_CURVE ( 'NONE', #2462, #5530, #1843, .T. ) ;
#881 = VERTEX_POINT ( 'NONE', #5685 ) ;
#882 = ADVANCED_FACE ( 'NONE', ( #7150 ), #6626, .T. ) ;
#883 = AXIS2_PLACEMENT_3D ( 'NONE', #5150, #4462, #6491 ) ;
#884 = DIRECTION ( 'NONE',  ( 0.000000000000000000, 0.000000000000000000, 1.000000000000000000 ) ) ;
#885 = ORIENTED_EDGE ( 'NONE', *, *, #5518, .F. ) ;
#886 = CARTESIAN_POINT ( 'NONE',  ( 0.000000000000000000, -8.537555587897518450, 21.88604654154061535 ) ) ;
#887 = DIRECTION ( 'NONE',  ( -1.000000000000000000, -0.000000000000000000, -0.000000000000000000 ) ) ;
#888 = DIRECTION ( 'NONE',  ( -1.000000000000000000, 0.000000000000000000, 0.000000000000000000 ) ) ;
#889 = CARTESIAN_POINT ( 'NONE',  ( 3.000000000000000888, 5.727185429052385146, 22.78350797608155887 ) ) ;
#890 = AXIS2_PLACEMENT_3D ( 'NONE', #7585, #1575, #4241 ) ;
#891 = AXIS2_PLACEMENT_3D ( 'NONE', #2301, #4902, #1639 ) ;
#892 = CC_DESIGN_PERSON_AND_ORGANIZATION_ASSIGNMENT ( #2756, #504, ( #3924 ) ) ;
#893 = FACE_OUTER_BOUND ( 'NONE', #1737, .T. ) ;
#894 = VERTEX_POINT ( 'NONE', #1776 ) ;
#895 = CARTESIAN_POINT ( 'NONE',  ( 0.000000000000000000, 2.000000000000008882, 1.600000000000000089 ) ) ;
#896 = VERTEX_POINT ( 'NONE', #5774 ) ;
#897 = VECTOR ( 'NONE', #8325, 1000.000000000000000 ) ;
#898 = LINE ( 'NONE', #245, #5681 ) ;
#899 = CIRCLE ( 'NONE', #6124, 9.999999999999998224 ) ;
#900 = CARTESIAN_POINT ( 'NONE',  ( 3.000000000000000888, -24.82361017592229047, 7.732294474077362700 ) ) ;
#901 = COORDINATED_UNIVERSAL_TIME_OFFSET ( 7, 0, .AHEAD. ) ;
#902 = CIRCLE ( 'NONE', #5146, 26.00000000000000000 ) ;
#903 = ORIENTED_EDGE ( 'NONE', *, *, #1809, .T. ) ;
#904 = AXIS2_PLACEMENT_3D ( 'NONE', #4523, #8360, #1855 ) ;
#905 = DIRECTION ( 'NONE',  ( -0.000000000000000000, 1.000000000000000000, -0.000000000000000000 ) ) ;
#906 = CC_DESIGN_SECURITY_CLASSIFICATION ( #220, ( #1583 ) ) ;
#907 = VERTEX_POINT ( 'NONE', #8271 ) ;
#908 = ORIENTED_EDGE ( 'NONE', *, *, #2889, .T. ) ;
#909 = CYLINDRICAL_SURFACE ( 'NONE', #407, 9.999999999999998224 ) ;
#910 = DIRECTION ( 'NONE',  ( -1.000000000000000000, -0.000000000000000000, -0.000000000000000000 ) ) ;
#911 = DIRECTION ( 'NONE',  ( -1.000000000000000000, -0.000000000000000000, -0.000000000000000000 ) ) ;
#912 = CC_DESIGN_APPROVAL ( #837, ( #1583 ) ) ;
#913 = ORIENTED_EDGE ( 'NONE', *, *, #6776, .F. ) ;
#914 = CARTESIAN_POINT ( 'NONE',  ( 3.000000000000000888, 7.753840929970539086, 22.44756004185563825 ) ) ;
#915 = DIRECTION ( 'NONE',  ( -1.000000000000000000, 0.000000000000000000, 0.000000000000000000 ) ) ;
#916 = AXIS2_PLACEMENT_3D ( 'NONE', #1111, #3047, #5051 ) ;
#917 = APPROVAL_PERSON_ORGANIZATION ( #168, #344, #2796 ) ;
#918 = ORIENTED_EDGE ( 'NONE', *, *, #7900, .F. ) ;
#919 = DIRECTION ( 'NONE',  ( 0.000000000000000000, 0.9822872507286893873, -0.1873813145857213813 ) ) ;
#920 = CARTESIAN_POINT ( 'NONE',  ( 2.050538145102809295, 10.00000000000000888, -15.85322226736063378 ) ) ;
#921 = EDGE_CURVE ( 'NONE', #7909, #2366, #5136, .T. ) ;
#922 = EDGE_CURVE ( 'NONE', #5195, #5079, #4045, .T. ) ;
#923 = AXIS2_PLACEMENT_3D ( 'NONE', #4533, #2053, #5221 ) ;
#924 = CYLINDRICAL_SURFACE ( 'NONE', #6500, 9.999999999999998224 ) ;
#925 = ORIENTED_EDGE ( 'NONE', *, *, #2039, .F. ) ;
#926 = FACE_BOUND ( 'NONE', #8300, .T. ) ;
#927 = VERTEX_POINT ( 'NONE', #7747 ) ;
#928 = CARTESIAN_POINT ( 'NONE',  ( -10.00000000000000000, 0.000000000000000000, 0.000000000000000000 ) ) ;
#929 = DIRECTION ( 'NONE',  ( -1.000000000000000000, 0.000000000000000000, 0.000000000000000000 ) ) ;
#930 = VECTOR ( 'NONE', #8484, 1000.000000000000000 ) ;
#931 = CARTESIAN_POINT ( 'NONE',  ( -2.050538145046632010, 7.000000000000008882, -15.85322226736041173 ) ) ;
#932 = VECTOR ( 'NONE', #4451, 1000.000000000000000 ) ;
#933 = FACE_OUTER_BOUND ( 'NONE', #5289, .T. ) ;
#934 = EDGE_CURVE ( 'NONE', #5399, #3838, #6801, .T. ) ;
#935 = CIRCLE ( 'NONE', #5732, 23.74900000000000233 ) ;
#936 = CARTESIAN_POINT ( 'NONE',  ( 0.000000000000000000, 25.47815669208872080, 5.183004107018890139 ) ) ;
#937 = ADVANCED_FACE ( 'NONE', ( #1377 ), #2428, .T. ) ;
#938 = ORIENTED_EDGE ( 'NONE', *, *, #6705, .T. ) ;
#939 = CARTESIAN_POINT ( 'NONE',  ( 3.000000000000000888, 8.758419641788600885, 21.79860027646852672 ) ) ;
#940 = CIRCLE ( 'NONE', #3133, 26.00000000000000000 ) ;
#941 = ORIENTED_EDGE ( 'NONE', *, *, #5396, .T. ) ;
#942 = CARTESIAN_POINT ( 'NONE',  ( 0.000000000000000000, -22.30553143780307224, -7.372391464925130755 ) ) ;
#943 = DIRECTION ( 'NONE',  ( -1.000000000000000000, -0.000000000000000000, 0.000000000000000000 ) ) ;
#944 = DIRECTION ( 'NONE',  ( -1.000000000000000000, -0.000000000000000000, -0.000000000000000000 ) ) ;
#945 = VECTOR ( 'NONE', #2237, 1000.000000000000000 ) ;
#946 = EDGE_CURVE ( 'NONE', #461, #8462, #1812, .T. ) ;
#947 = EDGE_CURVE ( 'NONE', #4296, #2532, #4727, .T. ) ;
#948 = AXIS2_PLACEMENT_3D ( 'NONE', #820, #213, #7991 ) ;
#949 = SHAPE_DEFINITION_REPRESENTATION ( #8248, #778 ) ;
#950 = ORIENTED_EDGE ( 'NONE', *, *, #8240, .F. ) ;
#951 = CIRCLE ( 'NONE', #6578, 26.00000000000000000 ) ;
#952 = CARTESIAN_POINT ( 'NONE',  ( 4.051352821227593992, 7.000000000000008882, 7.017148925649419056 ) ) ;
#953 = ORIENTED_EDGE ( 'NONE', *, *, #2767, .T. ) ;
#954 = VERTEX_POINT ( 'NONE', #440 ) ;
#955 = LINE ( 'NONE', #6061, #1102 ) ;
#956 = CARTESIAN_POINT ( 'NONE',  ( 0.000000000000000000, -11.42144594672563507, 20.52899074774370192 ) ) ;
#957 = VECTOR ( 'NONE', #1963, 1000.000000000000000 ) ;
#958 = VECTOR ( 'NONE', #7445, 1000.000000000000000 ) ;
#959 = EDGE_CURVE ( 'NONE', #1503, #7343, #5824, .T. ) ;
#960 = VERTEX_POINT ( 'NONE', #5080 ) ;
#961 = DIRECTION ( 'NONE',  ( -1.000000000000000000, 0.000000000000000000, 0.000000000000000000 ) ) ;
#962 = CIRCLE ( 'NONE', #1361, 9.999999999999998224 ) ;
#963 = CARTESIAN_POINT ( 'NONE',  ( 0.000000000000000000, -22.12078737453573751, -13.66275103815407377 ) ) ;
#964 = CIRCLE ( 'NONE', #3158, 10.00000000000000000 ) ;
#965 = ORIENTED_EDGE ( 'NONE', *, *, #7529, .T. ) ;
#966 = DIRECTION ( 'NONE',  ( -1.000000000000000000, 0.000000000000000000, 0.000000000000000000 ) ) ;
#967 = LINE ( 'NONE', #7657, #5317 ) ;
#968 = VECTOR ( 'NONE', #636, 1000.000000000000000 ) ;
#969 = CARTESIAN_POINT ( 'NONE',  ( 0.000000000000000000, 0.000000000000000000, 0.000000000000000000 ) ) ;
#970 = EDGE_LOOP ( 'NONE', ( #7285, #3623, #8418, #7156 ) ) ;
#971 = VERTEX_POINT ( 'NONE', #3114 ) ;
#972 = CARTESIAN_POINT ( 'NONE',  ( 0.000000000000000000, -5.957267827074570476, 22.72443285698070525 ) ) ;
#973 = CYLINDRICAL_SURFACE ( 'NONE', #2966, 26.00000000000000000 ) ;
#974 = CARTESIAN_POINT ( 'NONE',  ( 3.000000000000000888, 0.000000000000000000, 0.000000000000000000 ) ) ;
#975 = DIRECTION ( 'NONE',  ( 0.000000000000000000, 0.000000000000000000, 1.000000000000000000 ) ) ;
#976 = CARTESIAN_POINT ( 'NONE',  ( 3.000000000000000888, 0.000000000000000000, 0.000000000000000000 ) ) ;
#977 = ORIENTED_EDGE ( 'NONE', *, *, #4134, .F. ) ;
#978 = EDGE_CURVE ( 'NONE', #5676, #2749, #67, .T. ) ;
#979 = CYLINDRICAL_SURFACE ( 'NONE', #3823, 9.999999999999998224 ) ;
#980 = ORIENTED_EDGE ( 'NONE', *, *, #8121, .T. ) ;
#981 = EDGE_CURVE ( 'NONE', #2616, #819, #531, .T. ) ;
#982 = CYLINDRICAL_SURFACE ( 'NONE', #6510, 17.50000000000000355 ) ;
#983 = LINE ( 'NONE', #5698, #392 ) ;
#984 = ORIENTED_EDGE ( 'NONE', *, *, #5923, .F. ) ;
#985 = CARTESIAN_POINT ( 'NONE',  ( 0.000000000000000000, 0.000000000000000000, 0.000000000000000000 ) ) ;
#986 = EDGE_CURVE ( 'NONE', #5785, #7600, #8440, .T. ) ;
#987 = DATE_AND_TIME ( #1149, #1455 ) ;
#988 = ORIENTED_EDGE ( 'NONE', *, *, #4478, .F. ) ;
#989 = CIRCLE ( 'NONE', #7433, 23.74899999999999878 ) ;
#990 = CARTESIAN_POINT ( 'NONE',  ( 1.500000000000000444, 23.65875512592473129, -10.78254635471279599 ) ) ;
#991 = ORIENTED_EDGE ( 'NONE', *, *, #6190, .T. ) ;
#992 = EDGE_CURVE ( 'NONE', #3892, #6706, #2557, .T. ) ;
#993 = VERTEX_POINT ( 'NONE', #1904 ) ;
#994 = DIRECTION ( 'NONE',  ( 0.000000000000000000, -0.5877852522924624790, -0.8090169943749552228 ) ) ;
#995 = EDGE_CURVE ( 'NONE', #2712, #68, #1034, .T. ) ;
#996 = DIRECTION ( 'NONE',  ( 1.000000000000000000, 0.000000000000000000, 0.000000000000000000 ) ) ;
#997 = VECTOR ( 'NONE', #5519, 1000.000000000000000 ) ;
#998 = VERTEX_POINT ( 'NONE', #1731 ) ;
#999 = DIRECTION ( 'NONE',  ( -1.000000000000000000, 0.000000000000000000, 0.000000000000000000 ) ) ;
#1000 = CARTESIAN_POINT ( 'NONE',  ( 3.000000000000000888, -23.43820135222873091, 8.406385866244452387 ) ) ;
#1001 = ADVANCED_FACE ( 'NONE', ( #2762 ), #6794, .T. ) ;
#1002 = EDGE_LOOP ( 'NONE', ( #2650, #8023, #4810, #3617 ) ) ;
#1003 = FACE_OUTER_BOUND ( 'NONE', #7238, .T. ) ;
#1004 = LINE ( 'NONE', #3025, #1889 ) ;
#1005 = DIRECTION ( 'NONE',  ( 0.000000000000000000, 0.000000000000000000, 1.000000000000000000 ) ) ;
#1006 = CARTESIAN_POINT ( 'NONE',  ( 3.000000000000000888, 0.000000000000000000, 0.000000000000000000 ) ) ;
#1007 = ORIENTED_EDGE ( 'NONE', *, *, #4437, .F. ) ;
#1008 = VERTEX_POINT ( 'NONE', #4132 ) ;
#1009 = DIRECTION ( 'NONE',  ( -1.000000000000000000, -0.000000000000000000, -0.000000000000000000 ) ) ;
#1010 = DIRECTION ( 'NONE',  ( 0.000000000000000000, 0.000000000000000000, -1.000000000000000000 ) ) ;
#1011 = AXIS2_PLACEMENT_3D ( 'NONE', #5680, #5596, #4224 ) ;
#1012 = AXIS2_PLACEMENT_3D ( 'NONE', #3272, #3778, #3101 ) ;
#1013 = EDGE_CURVE ( 'NONE', #7904, #6630, #1166, .T. ) ;
#1014 = DIRECTION ( 'NONE',  ( -1.000000000000000000, -0.000000000000000000, -0.000000000000000000 ) ) ;
#1015 = LINE ( 'NONE', #314, #3434 ) ;
#1016 = DIRECTION ( 'NONE',  ( -1.000000000000000000, 0.000000000000000000, 0.000000000000000000 ) ) ;
#1017 = ORIENTED_EDGE ( 'NONE', *, *, #6971, .T. ) ;
#1018 = LINE ( 'NONE', #2436, #3690 ) ;
#1019 = ORIENTED_EDGE ( 'NONE', *, *, #7110, .F. ) ;
#1020 = DIRECTION ( 'NONE',  ( 0.000000000000000000, 0.6845471059286900584, -0.7289686274214102202 ) ) ;
#1021 = ORIENTED_EDGE ( 'NONE', *, *, #3028, .F. ) ;
#1022 = LINE ( 'NONE', #4409, #7630 ) ;
#1023 = AXIS2_PLACEMENT_3D ( 'NONE', #3682, #3044, #3596 ) ;
#1024 = EDGE_CURVE ( 'NONE', #896, #5612, #7476, .T. ) ;
#1025 = ITEM_DEFINED_TRANSFORMATION ( 'NONE', 'NONE', #348,  #484 ) ;
#1026 = EDGE_CURVE ( 'NONE', #573, #2064, #1847, .T. ) ;
#1027 = VECTOR ( 'NONE', #6122, 1000.000000000000000 ) ;
#1028 = ORIENTED_EDGE ( 'NONE', *, *, #8447, .T. ) ;
#1029 = DIRECTION ( 'NONE',  ( -1.000000000000000000, 0.000000000000000000, 0.000000000000000000 ) ) ;
#1030 = ORIENTED_EDGE ( 'NONE', *, *, #673, .T. ) ;
#1031 = ORIENTED_EDGE ( 'NONE', *, *, #7131, .T. ) ;
#1032 = DIRECTION ( 'NONE',  ( 0.000000000000000000, 0.000000000000000000, 1.000000000000000000 ) ) ;
#1033 = CARTESIAN_POINT ( 'NONE',  ( 0.000000000000000000, 0.000000000000000000, 0.000000000000000000 ) ) ;
#1034 = CIRCLE ( 'NONE', #2686, 23.74900000000000233 ) ;
#1035 = PRODUCT_DEFINITION_SHAPE ( 'NONE', 'NONE',  #8519 ) ;
#1036 = CARTESIAN_POINT ( 'NONE',  ( 0.000000000000000000, 0.000000000000000000, 0.000000000000000000 ) ) ;
#1037 = VECTOR ( 'NONE', #7833, 1000.000000000000000 ) ;
#1038 = EDGE_CURVE ( 'NONE', #2390, #4506, #175, .T. ) ;
#1039 = ADVANCED_FACE ( 'NONE', ( #7345 ), #2115, .T. ) ;
#1040 = VERTEX_POINT ( 'NONE', #8040 ) ;
#1041 = DIRECTION ( 'NONE',  ( -1.000000000000000000, 0.000000000000000000, 0.000000000000000000 ) ) ;
#1042 = EDGE_CURVE ( 'NONE', #5415, #1595, #3371, .T. ) ;
#1043 = DIRECTION ( 'NONE',  ( -1.000000000000000000, 0.000000000000000000, 0.000000000000000000 ) ) ;
#1044 = ORIENTED_EDGE ( 'NONE', *, *, #1038, .F. ) ;
#1045 = CARTESIAN_POINT ( 'NONE',  ( -10.00000000000000000, 0.000000000000000000, 0.000000000000000000 ) ) ;
#1046 = CIRCLE ( 'NONE', #4459, 9.999999999999998224 ) ;
#1047 = CARTESIAN_POINT ( 'NONE',  ( 0.000000000000000000, -19.89860609720124884, 12.48736817841723834 ) ) ;
#1048 = EDGE_CURVE ( 'NONE', #96, #3330, #1303, .T. ) ;
#1049 = CARTESIAN_POINT ( 'NONE',  ( 0.000000000000000000, -23.65875512592465668, 10.78254635471295941 ) ) ;
#1050 = LOCAL_TIME ( 18, 37, 26.00000000000000000, #860 ) ;
#1051 = FACE_OUTER_BOUND ( 'NONE', #1811, .T. ) ;
#1052 = EDGE_LOOP ( 'NONE', ( #7421, #1664, #3972, #2662 ) ) ;
#1053 = VERTEX_POINT ( 'NONE', #5464 ) ;
#1054 = CARTESIAN_POINT ( 'NONE',  ( 0.000000000000000000, 0.000000000000000000, 0.000000000000000000 ) ) ;
#1055 = CARTESIAN_POINT ( 'NONE',  ( -14.11953930603304741, 10.00000000000000888, 9.598928328002465094 ) ) ;
#1056 = DIRECTION ( 'NONE',  ( 0.000000000000000000, 0.000000000000000000, 1.000000000000000000 ) ) ;
#1057 = AXIS2_PLACEMENT_3D ( 'NONE', #1765, #4422, #4386 ) ;
#1058 = CARTESIAN_POINT ( 'NONE',  ( 3.000000000000000888, 0.000000000000000000, 0.000000000000000000 ) ) ;
#1059 = CARTESIAN_POINT ( 'NONE',  ( 3.000000000000000888, -23.45311694635233835, -1.356537554084999764 ) ) ;
#1060 = ORIENTED_EDGE ( 'NONE', *, *, #2354, .T. ) ;
#1061 = CIRCLE ( 'NONE', #4347, 10.00000000000000000 ) ;
#1062 = DIRECTION ( 'NONE',  ( -1.000000000000000000, -0.000000000000000000, -0.000000000000000000 ) ) ;
#1063 = ORIENTED_EDGE ( 'NONE', *, *, #6325, .T. ) ;
#1064 = CYLINDRICAL_SURFACE ( 'NONE', #323, 23.74900000000000233 ) ;
#1065 = CARTESIAN_POINT ( 'NONE',  ( 0.000000000000000000, 0.000000000000000000, 0.000000000000000000 ) ) ;
#1066 = VERTEX_POINT ( 'NONE', #5973 ) ;
#1067 = DIRECTION ( 'NONE',  ( 0.000000000000000000, 0.000000000000000000, 1.000000000000000000 ) ) ;
#1068 = CIRCLE ( 'NONE', #5379, 10.00000000000000000 ) ;
#1069 = AXIS2_PLACEMENT_3D ( 'NONE', #2812, #6765, #7406 ) ;
#1070 = ORIENTED_EDGE ( 'NONE', *, *, #2221, .T. ) ;
#1071 = CARTESIAN_POINT ( 'NONE',  ( 0.000000000000000000, -4.019451921851803000, -23.40638817177742581 ) ) ;
#1072 = ORIENTED_EDGE ( 'NONE', *, *, #280, .T. ) ;
#1073 = EDGE_LOOP ( 'NONE', ( #8072, #330, #5654, #8390 ) ) ;
#1074 = DIRECTION ( 'NONE',  ( 0.000000000000000000, -0.7705132427757949154, 0.6374239897486828621 ) ) ;
#1075 = CIRCLE ( 'NONE', #5595, 10.00000000000000000 ) ;
#1076 = EDGE_CURVE ( 'NONE', #8462, #2248, #2280, .T. ) ;
#1077 = AXIS2_PLACEMENT_3D ( 'NONE', #6672, #2721, #6715 ) ;
#1078 = ORIENTED_EDGE ( 'NONE', *, *, #4197, .F. ) ;
#1079 = CARTESIAN_POINT ( 'NONE',  ( 3.000000000000000888, -18.95282963369261253, 14.31101847794990078 ) ) ;
#1080 = CYLINDRICAL_SURFACE ( 'NONE', #6985, 26.00000000000000000 ) ;
#1081 = CARTESIAN_POINT ( 'NONE',  ( 3.000000000000000888, 2.826494134736833530, -23.32165987963164611 ) ) ;
#1082 = ORIENTED_EDGE ( 'NONE', *, *, #5507, .F. ) ;
#1083 = CIRCLE ( 'NONE', #8498, 23.74900000000000588 ) ;
#1084 = EDGE_CURVE ( 'NONE', #4481, #329, #7065, .T. ) ;
#1085 = CYLINDRICAL_SURFACE ( 'NONE', #6949, 9.999999999999998224 ) ;
#1086 = AXIS2_PLACEMENT_3D ( 'NONE', #4238, #1062, #2315 ) ;
#1087 = LINE ( 'NONE', #2380, #7379 ) ;
#1088 = ADVANCED_FACE ( 'NONE', ( #3450 ), #7391, .T. ) ;
#1089 = AXIS2_PLACEMENT_3D ( 'NONE', #2937, #3657, #8218 ) ;
#1090 = AXIS2_PLACEMENT_3D ( 'NONE', #3260, #3212, #8459 ) ;
#1091 = AXIS2_PLACEMENT_3D ( 'NONE', #6733, #1479, #6079 ) ;
#1092 = DIRECTION ( 'NONE',  ( -1.000000000000000000, -0.000000000000000000, -0.000000000000000000 ) ) ;
#1093 = APPROVAL ( #8120, 'UNSPECIFIED' ) ;
#1094 = CARTESIAN_POINT ( 'NONE',  ( -10.00000000000000000, 0.000000000000000000, 0.000000000000000000 ) ) ;
#1095 = ORIENTED_EDGE ( 'NONE', *, *, #3814, .T. ) ;
#1096 = ORIENTED_EDGE ( 'NONE', *, *, #3698, .F. ) ;
#1097 = DIRECTION ( 'NONE',  ( 0.000000000000000000, 0.000000000000000000, 1.000000000000000000 ) ) ;
#1098 = EDGE_CURVE ( 'NONE', #7948, #4208, #6661, .T. ) ;
#1099 = CARTESIAN_POINT ( 'NONE',  ( 3.000000000000000888, 0.000000000000000000, 0.000000000000000000 ) ) ;
#1100 = EDGE_CURVE ( 'NONE', #2130, #96, #8090, .T. ) ;
#1101 = CYLINDRICAL_SURFACE ( 'NONE', #1885, 10.00000000000000178 ) ;
#1102 = VECTOR ( 'NONE', #2930, 1000.000000000000000 ) ;
#1103 = DIRECTION ( 'NONE',  ( -1.000000000000000000, 0.000000000000000000, 0.000000000000000000 ) ) ;
#1104 = DIRECTION ( 'NONE',  ( -1.000000000000000000, -0.000000000000000000, 0.000000000000000000 ) ) ;
#1105 = ORIENTED_EDGE ( 'NONE', *, *, #2168, .T. ) ;
#1106 = DIRECTION ( 'NONE',  ( -1.000000000000000000, 0.000000000000000000, -0.000000000000000000 ) ) ;
#1107 = VERTEX_POINT ( 'NONE', #217 ) ;
#1108 = CARTESIAN_POINT ( 'NONE',  ( 0.000000000000000000, 6.772563327704130387, -25.10243784918582932 ) ) ;
#1109 = CARTESIAN_POINT ( 'NONE',  ( 3.000000000000000888, 0.000000000000000000, 0.000000000000000000 ) ) ;
#1110 = ORIENTED_EDGE ( 'NONE', *, *, #3460, .F. ) ;
#1111 = CARTESIAN_POINT ( 'NONE',  ( -10.00000000000000000, 0.000000000000000000, 0.000000000000000000 ) ) ;
#1112 = CALENDAR_DATE ( 2025, 7, 10 ) ;
#1113 = ORIENTED_EDGE ( 'NONE', *, *, #4945, .F. ) ;
#1114 = CARTESIAN_POINT ( 'NONE',  ( 0.000000000000000000, -5.727185429052221721, -22.78350797608160150 ) ) ;
#1115 = ORIENTED_EDGE ( 'NONE', *, *, #1292, .T. ) ;
#1116 = ORIENTED_EDGE ( 'NONE', *, *, #1557, .T. ) ;
#1117 = DIRECTION ( 'NONE',  ( 0.000000000000000000, 0.1253332335642974582, 0.9921147013144786531 ) ) ;
#1118 = CALENDAR_DATE ( 2025, 7, 10 ) ;
#1119 = CARTESIAN_POINT ( 'NONE',  ( 0.000000000000000000, 0.000000000000000000, 0.000000000000000000 ) ) ;
#1120 = ORIENTED_EDGE ( 'NONE', *, *, #7056, .F. ) ;
#1121 = FACE_OUTER_BOUND ( 'NONE', #6835, .T. ) ;
#1122 = DIRECTION ( 'NONE',  ( -1.000000000000000000, 0.000000000000000000, -0.000000000000000000 ) ) ;
#1123 = CARTESIAN_POINT ( 'NONE',  ( 3.000000000000000888, 3.062166340028271705, -23.29188755642015352 ) ) ;
#1124 = EDGE_LOOP ( 'NONE', ( #5241, #6687, #6257, #3294 ) ) ;
#1125 = CARTESIAN_POINT ( 'NONE',  ( 0.000000000000000000, 0.000000000000000000, 0.000000000000000000 ) ) ;
#1126 = AXIS2_PLACEMENT_3D ( 'NONE', #3753, #3631, #446 ) ;
#1127 = DIRECTION ( 'NONE',  ( 0.000000000000000000, -0.9980267284282708928, -0.06279051952932448999 ) ) ;
#1128 = EDGE_CURVE ( 'NONE', #8270, #7534, #4813, .T. ) ;
#1129 = EDGE_CURVE ( 'NONE', #6958, #5053, #6669, .T. ) ;
#1130 = EDGE_LOOP ( 'NONE', ( #3484, #8487, #462, #7464 ) ) ;
#1131 = FACE_OUTER_BOUND ( 'NONE', #7346, .T. ) ;
#1132 = CARTESIAN_POINT ( 'NONE',  ( -10.00000000000000000, 0.000000000000000000, 0.000000000000000000 ) ) ;
#1133 = EDGE_CURVE ( 'NONE', #2292, #8332, #6671, .T. ) ;
#1134 = ORIENTED_EDGE ( 'NONE', *, *, #1192, .F. ) ;
#1135 = CARTESIAN_POINT ( 'NONE',  ( 3.000000000000000888, -6.921355658526056054, -22.71805090337173993 ) ) ;
#1136 = DIRECTION ( 'NONE',  ( -1.000000000000000000, 0.000000000000000000, 0.000000000000000000 ) ) ;
#1137 = FACE_OUTER_BOUND ( 'NONE', #7222, .T. ) ;
#1138 = DIRECTION ( 'NONE',  ( -1.000000000000000000, 0.000000000000000000, 0.000000000000000000 ) ) ;
#1139 = EDGE_CURVE ( 'NONE', #564, #1532, #7751, .T. ) ;
#1140 = EDGE_CURVE ( 'NONE', #2248, #7933, #4536, .T. ) ;
#1141 = FACE_OUTER_BOUND ( 'NONE', #4979, .T. ) ;
#1142 = ORIENTED_EDGE ( 'NONE', *, *, #6404, .T. ) ;
#1143 = DIRECTION ( 'NONE',  ( 0.000000000000000000, 0.000000000000000000, 1.000000000000000000 ) ) ;
#1144 = ORIENTED_EDGE ( 'NONE', *, *, #3715, .T. ) ;
#1145 = DIRECTION ( 'NONE',  ( 0.000000000000000000, 0.000000000000000000, 1.000000000000000000 ) ) ;
#1146 = CARTESIAN_POINT ( 'NONE',  ( -4.051352821171860796, 7.000000000000008882, 7.017148925649419056 ) ) ;
#1147 = ORIENTED_EDGE ( 'NONE', *, *, #1820, .T. ) ;
#1148 = CARTESIAN_POINT ( 'NONE',  ( 0.000000000000000000, 0.000000000000000000, 0.000000000000000000 ) ) ;
#1149 = CALENDAR_DATE ( 2025, 7, 10 ) ;
#1150 = EDGE_CURVE ( 'NONE', #1365, #5969, #4622, .T. ) ;
#1151 = ORIENTED_EDGE ( 'NONE', *, *, #6439, .F. ) ;
#1152 = LINE ( 'NONE', #7768, #5872 ) ;
#1153 = ORIENTED_EDGE ( 'NONE', *, *, #1986, .F. ) ;
#1154 = LINE ( 'NONE', #5057, #6365 ) ;
#1155 = DIRECTION ( 'NONE',  ( -1.000000000000000000, 0.000000000000000000, 0.000000000000000000 ) ) ;
#1156 = APPROVAL_STATUS ( 'not_yet_approved' ) ;
#1157 = AXIS2_PLACEMENT_3D ( 'NONE', #2065, #2793, #5403 ) ;
#1158 = ORIENTED_EDGE ( 'NONE', *, *, #6897, .F. ) ;
#1159 = DIRECTION ( 'NONE',  ( 0.000000000000000000, -0.9048270524660146918, -0.4257792915650829846 ) ) ;
#1160 = VERTEX_POINT ( 'NONE', #7204 ) ;
#1161 = CARTESIAN_POINT ( 'NONE',  ( 3.000000000000000888, 21.20563999867581373, -10.10988233766756039 ) ) ;
#1162 = ORIENTED_EDGE ( 'NONE', *, *, #7647, .T. ) ;
#1163 = VECTOR ( 'NONE', #5039, 1000.000000000000000 ) ;
#1164 = DIRECTION ( 'NONE',  ( -1.000000000000000000, -0.000000000000000000, 0.000000000000000000 ) ) ;
#1165 = DIRECTION ( 'NONE',  ( -1.000000000000000000, 0.000000000000000000, -0.000000000000000000 ) ) ;
#1166 = CIRCLE ( 'NONE', #478, 9.999999999999998224 ) ;
#1167 = VERTEX_POINT ( 'NONE', #66 ) ;
#1168 = PRODUCT_DEFINITION_SHAPE ( 'NONE', 'NONE',  #8518 ) ;
#1169 = DIRECTION ( 'NONE',  ( 0.000000000000000000, 0.000000000000000000, -1.000000000000000000 ) ) ;
#1170 = CIRCLE ( 'NONE', #481, 26.00000000000000000 ) ;
#1171 = CYLINDRICAL_SURFACE ( 'NONE', #4733, 26.00000000000000000 ) ;
#1172 = ORIENTED_EDGE ( 'NONE', *, *, #4197, .T. ) ;
#1173 = CARTESIAN_POINT ( 'NONE',  ( 0.000000000000000000, 0.000000000000000000, 0.000000000000000000 ) ) ;
#1174 = DIRECTION ( 'NONE',  ( -1.000000000000000000, -0.000000000000000000, -0.000000000000000000 ) ) ;
#1175 = ADVANCED_FACE ( 'NONE', ( #7648 ), #3981, .T. ) ;
#1176 = DIRECTION ( 'NONE',  ( 0.000000000000000000, 0.2486898871648553500, -0.9685831611286308540 ) ) ;
#1177 = EDGE_CURVE ( 'NONE', #3607, #2437, #6567, .T. ) ;
#1178 = DIRECTION ( 'NONE',  ( -0.2208460528671493117, 0.000000000000000000, 0.9753086798203942642 ) ) ;
#1179 = VECTOR ( 'NONE', #393, 1000.000000000000000 ) ;
#1180 = CC_DESIGN_SECURITY_CLASSIFICATION ( #5575, ( #6542 ) ) ;
#1181 = DIRECTION ( 'NONE',  ( 0.000000000000000000, 0.000000000000000000, 1.000000000000000000 ) ) ;
#1182 = ORIENTED_EDGE ( 'NONE', *, *, #13, .T. ) ;
#1183 = CARTESIAN_POINT ( 'NONE',  ( 0.000000000000000000, -2.943853573238087051, -25.83280329618397175 ) ) ;
#1184 = ORIENTED_EDGE ( 'NONE', *, *, #3818, .T. ) ;
#1185 = CARTESIAN_POINT ( 'NONE',  ( 3.000000000000000888, 23.43820135222874157, 8.406385866244622918 ) ) ;
#1186 = DIRECTION ( 'NONE',  ( -1.000000000000000000, 0.000000000000000000, 0.000000000000000000 ) ) ;
#1187 = AXIS2_PLACEMENT_3D ( 'NONE', #985, #944, #2277 ) ;
#1188 = ORIENTED_EDGE ( 'NONE', *, *, #8132, .T. ) ;
#1189 = DIRECTION ( 'NONE',  ( -1.000000000000000000, -0.000000000000000000, 0.000000000000000000 ) ) ;
#1190 = ADVANCED_FACE ( 'NONE', ( #5263 ), #2058, .T. ) ;
#1191 = CYLINDRICAL_SURFACE ( 'NONE', #4643, 26.00000000000000000 ) ;
#1192 = EDGE_CURVE ( 'NONE', #8281, #1430, #3304, .T. ) ;
#1193 = CIRCLE ( 'NONE', #5997, 26.00000000000000000 ) ;
#1194 = CIRCLE ( 'NONE', #2030, 23.74900000000000233 ) ;
#1195 = VERTEX_POINT ( 'NONE', #2622 ) ;
#1196 = DIRECTION ( 'NONE',  ( 0.7342190668223465000, 0.000000000000000000, 0.6789126320186734675 ) ) ;
#1197 = ORIENTED_EDGE ( 'NONE', *, *, #5638, .F. ) ;
#1198 = CARTESIAN_POINT ( 'NONE',  ( 0.000000000000000000, -0.3170683606141307953, -25.99806661378298145 ) ) ;
#1199 = DIRECTION ( 'NONE',  ( -1.000000000000000000, 0.000000000000000000, -0.000000000000000000 ) ) ;
#1200 = ADVANCED_FACE ( 'NONE', ( #24 ), #1317, .T. ) ;
#1201 = EDGE_CURVE ( 'NONE', #1066, #231, #6114, .T. ) ;
#1202 = PERSON_AND_ORGANIZATION_ROLE ( 'creator' ) ;
#1203 = ORIENTED_EDGE ( 'NONE', *, *, #5444, .F. ) ;
#1204 = VECTOR ( 'NONE', #5724, 1000.000000000000000 ) ;
#1205 = CARTESIAN_POINT ( 'NONE',  ( 4.051352821227593992, 10.00000000000000888, 7.017148925649419056 ) ) ;
#1206 = ORIENTED_EDGE ( 'NONE', *, *, #5915, .T. ) ;
#1207 = DIRECTION ( 'NONE',  ( 0.000000000000000000, 0.9980267284282712259, 0.06279051952931692659 ) ) ;
#1208 = AXIS2_PLACEMENT_3D ( 'NONE', #3947, #8036, #5410 ) ;
#1209 = VERTEX_POINT ( 'NONE', #1360 ) ;
#1210 = DIRECTION ( 'NONE',  ( -1.000000000000000000, -0.000000000000000000, -0.000000000000000000 ) ) ;
#1211 = FACE_OUTER_BOUND ( 'NONE', #668, .T. ) ;
#1212 = CIRCLE ( 'NONE', #7519, 23.74900000000000233 ) ;
#1213 = CIRCLE ( 'NONE', #4502, 10.00000000000000000 ) ;
#1214 = ORIENTED_EDGE ( 'NONE', *, *, #1799, .T. ) ;
#1215 = CARTESIAN_POINT ( 'NONE',  ( 1.500000000000000444, -24.62765115230537916, 8.335394335024080448 ) ) ;
#1216 = CIRCLE ( 'NONE', #5765, 26.00000000000000000 ) ;
#1217 = DIRECTION ( 'NONE',  ( 1.000000000000000000, -0.000000000000000000, -0.000000000000000000 ) ) ;
#1218 = VECTOR ( 'NONE', #1616, 1000.000000000000000 ) ;
#1219 = ORIENTED_EDGE ( 'NONE', *, *, #6764, .F. ) ;
#1220 = DIRECTION ( 'NONE',  ( -1.000000000000000000, -0.000000000000000000, 0.000000000000000000 ) ) ;
#1221 = FACE_OUTER_BOUND ( 'NONE', #1396, .T. ) ;
#1222 = FACE_OUTER_BOUND ( 'NONE', #5668, .T. ) ;
#1223 = VECTOR ( 'NONE', #6739, 1000.000000000000000 ) ;
#1224 = AXIS2_PLACEMENT_3D ( 'NONE', #6967, #5479, #8348 ) ;
#1225 = DIRECTION ( 'NONE',  ( 0.000000000000000000, 0.9822872507286879440, 0.1873813145857286533 ) ) ;
#1226 = ORIENTED_EDGE ( 'NONE', *, *, #3673, .T. ) ;
#1227 = DIRECTION ( 'NONE',  ( -1.000000000000000000, -0.000000000000000000, -0.000000000000000000 ) ) ;
#1228 = ORIENTED_EDGE ( 'NONE', *, *, #6009, .F. ) ;
#1229 = AXIS2_PLACEMENT_3D ( 'NONE', #5608, #278, #975 ) ;
#1230 = LINE ( 'NONE', #5819, #4855 ) ;
#1231 = DIRECTION ( 'NONE',  ( -1.000000000000000000, 0.000000000000000000, 0.000000000000000000 ) ) ;
#1232 = AXIS2_PLACEMENT_3D ( 'NONE', #1505, #5413, #8039 ) ;
#1233 = ORIENTED_EDGE ( 'NONE', *, *, #2657, .F. ) ;
#1234 = DIRECTION ( 'NONE',  ( -1.000000000000000000, -0.000000000000000000, 0.000000000000000000 ) ) ;
#1235 = CYLINDRICAL_SURFACE ( 'NONE', #1090, 9.999999999999998224 ) ;
#1236 = CIRCLE ( 'NONE', #5354, 9.999999999999998224 ) ;
#1237 = ADVANCED_FACE ( 'NONE', ( #6357 ), #712, .T. ) ;
#1238 = EDGE_CURVE ( 'NONE', #7865, #749, #5011, .T. ) ;
#1239 = VERTEX_POINT ( 'NONE', #7890 ) ;
#1240 = CARTESIAN_POINT ( 'NONE',  ( -10.00000000000000000, 0.000000000000000000, 0.000000000000000000 ) ) ;
#1241 = ORIENTED_EDGE ( 'NONE', *, *, #6338, .F. ) ;
#1242 = DIRECTION ( 'NONE',  ( -1.000000000000000000, 0.000000000000000000, 0.000000000000000000 ) ) ;
#1243 = FACE_OUTER_BOUND ( 'NONE', #3076, .T. ) ;
#1244 = APPROVAL_STATUS ( 'not_yet_approved' ) ;
#1245 = EDGE_CURVE ( 'NONE', #4439, #5898, #3262, .T. ) ;
#1246 = VERTEX_POINT ( 'NONE', #5877 ) ;
#1247 = DIRECTION ( 'NONE',  ( -0.000000000000000000, 1.000000000000000000, -0.000000000000000000 ) ) ;
#1248 = ORIENTED_EDGE ( 'NONE', *, *, #1177, .F. ) ;
#1249 = VERTEX_POINT ( 'NONE', #7248 ) ;
#1250 = DIRECTION ( 'NONE',  ( -0.000000000000000000, 1.000000000000000000, -0.000000000000000000 ) ) ;
#1251 = VERTEX_POINT ( 'NONE', #3099 ) ;
#1252 = CARTESIAN_POINT ( 'NONE',  ( 1.253146128175175456, 7.000000000000008882, 17.02734389275706306 ) ) ;
#1253 = CYLINDRICAL_SURFACE ( 'NONE', #4628, 9.999999999999998224 ) ;
#1254 = CC_DESIGN_PERSON_AND_ORGANIZATION_ASSIGNMENT ( #6140, #6095, ( #6085 ) ) ;
#1255 = ORIENTED_EDGE ( 'NONE', *, *, #4236, .T. ) ;
#1256 = LINE ( 'NONE', #3873, #342 ) ;
#1257 = CARTESIAN_POINT ( 'NONE',  ( 3.000000000000000888, 20.23396159193303134, -16.32748597599087859 ) ) ;
#1258 = AXIS2_PLACEMENT_3D ( 'NONE', #5761, #3862, #4507 ) ;
#1259 = ORIENTED_EDGE ( 'NONE', *, *, #7183, .F. ) ;
#1260 = CARTESIAN_POINT ( 'NONE',  ( 0.000000000000000000, -13.90434922624156755, 18.93562677150237761 ) ) ;
#1261 = DIRECTION ( 'NONE',  ( -1.000000000000000000, 0.000000000000000000, -0.000000000000000000 ) ) ;
#1262 = AXIS2_PLACEMENT_3D ( 'NONE', #700, #7278, #3331 ) ;
#1263 = ORIENTED_EDGE ( 'NONE', *, *, #414, .T. ) ;
#1264 = DIRECTION ( 'NONE',  ( 0.000000000000000000, 0.9048270524660174674, 0.4257792915650767673 ) ) ;
#1265 = VERTEX_POINT ( 'NONE', #3342 ) ;
#1266 = DIRECTION ( 'NONE',  ( 0.000000000000000000, 0.000000000000000000, 1.000000000000000000 ) ) ;
#1267 = ORIENTED_EDGE ( 'NONE', *, *, #1511, .F. ) ;
#1268 = FACE_OUTER_BOUND ( 'NONE', #6003, .T. ) ;
#1269 = CARTESIAN_POINT ( 'NONE',  ( 0.000000000000000000, 0.000000000000000000, 0.000000000000000000 ) ) ;
#1270 = ORIENTED_EDGE ( 'NONE', *, *, #3871, .T. ) ;
#1271 = DIRECTION ( 'NONE',  ( 0.000000000000000000, 0.3681245526846788074, -0.9297764858882511252 ) ) ;
#1272 = DIRECTION ( 'NONE',  ( 0.000000000000000000, -0.7705132427757817037, -0.6374239897486988493 ) ) ;
#1273 = DATE_TIME_ROLE ( 'classification_date' ) ;
#1274 = CARTESIAN_POINT ( 'NONE',  ( 3.000000000000000888, 19.46733382657878764, 13.60286420885475245 ) ) ;
#1275 = ORIENTED_EDGE ( 'NONE', *, *, #2210, .T. ) ;
#1276 = CARTESIAN_POINT ( 'NONE',  ( 0.000000000000000000, 12.24681498829407111, 22.93502828955080375 ) ) ;
#1277 = VERTEX_POINT ( 'NONE', #7000 ) ;
#1278 = CARTESIAN_POINT ( 'NONE',  ( 3.000000000000000888, -12.35365805879565748, -20.28305040092227429 ) ) ;
#1279 = CYLINDRICAL_SURFACE ( 'NONE', #8243, 26.00000000000000000 ) ;
#1280 = EDGE_CURVE ( 'NONE', #309, #2462, #2413, .T. ) ;
#1281 = EDGE_CURVE ( 'NONE', #1521, #6589, #5143, .T. ) ;
#1282 = APPROVAL_ROLE ( '' ) ;
#1283 = ORIENTED_EDGE ( 'NONE', *, *, #6618, .F. ) ;
#1284 = CARTESIAN_POINT ( 'NONE',  ( 0.000000000000000000, -17.56576837257065549, 19.16882316369986938 ) ) ;
#1285 = VERTEX_POINT ( 'NONE', #5445 ) ;
#1286 = ORIENTED_EDGE ( 'NONE', *, *, #7128, .F. ) ;
#1287 = FACE_OUTER_BOUND ( 'NONE', #4970, .T. ) ;
#1288 = ORIENTED_EDGE ( 'NONE', *, *, #5388, .F. ) ;
#1289 = CYLINDRICAL_SURFACE ( 'NONE', #6819, 26.00000000000000000 ) ;
#1290 = DIRECTION ( 'NONE',  ( 0.000000000000000000, -6.938893903907230744E-15, 1.000000000000000000 ) ) ;
#1291 = AXIS2_PLACEMENT_3D ( 'NONE', #1407, #4025, #2754 ) ;
#1292 = EDGE_CURVE ( 'NONE', #6790, #257, #3102, .T. ) ;
#1293 = EDGE_CURVE ( 'NONE', #5129, #8034, #489, .T. ) ;
#1294 = EDGE_CURVE ( 'NONE', #4126, #7427, #1309, .T. ) ;
#1295 = ORIENTED_EDGE ( 'NONE', *, *, #1860, .T. ) ;
#1296 = CARTESIAN_POINT ( 'NONE',  ( 0.000000000000000000, 0.000000000000000000, 0.000000000000000000 ) ) ;
#1297 = AXIS2_PLACEMENT_3D ( 'NONE', #4828, #234, #7448 ) ;
#1298 = CYLINDRICAL_SURFACE ( 'NONE', #1992, 26.00000000000000000 ) ;
#1299 = ORIENTED_EDGE ( 'NONE', *, *, #4223, .F. ) ;
#1300 = DIRECTION ( 'NONE',  ( 0.000000000000000000, 0.9822872507286879440, 0.1873813145857285700 ) ) ;
#1301 = DIRECTION ( 'NONE',  ( -1.000000000000000000, -0.000000000000000000, -0.000000000000000000 ) ) ;
#1302 = EDGE_CURVE ( 'NONE', #1936, #8142, #7329, .T. ) ;
#1303 = CIRCLE ( 'NONE', #6106, 26.00000000000000000 ) ;
#1304 = VECTOR ( 'NONE', #1323, 1000.000000000000000 ) ;
#1305 = CARTESIAN_POINT ( 'NONE',  ( 0.000000000000000000, 5.957267827074408828, 22.72443285698074789 ) ) ;
#1306 = ORIENTED_EDGE ( 'NONE', *, *, #3614, .T. ) ;
#1307 = CARTESIAN_POINT ( 'NONE',  ( 3.000000000000000888, -0.3170683606145037192, 25.99806661378297790 ) ) ;
#1308 = ORIENTED_EDGE ( 'NONE', *, *, #8393, .F. ) ;
#1309 = CIRCLE ( 'NONE', #4598, 10.00000000000000000 ) ;
#1310 = CARTESIAN_POINT ( 'NONE',  ( 0.000000000000000000, 7.753840929970859719, -22.44756004185552456 ) ) ;
#1311 = DIRECTION ( 'NONE',  ( 0.000000000000000000, 0.000000000000000000, 1.000000000000000000 ) ) ;
#1312 = VERTEX_POINT ( 'NONE', #162 ) ;
#1313 = LINE ( 'NONE', #6478, #5585 ) ;
#1314 = AXIS2_PLACEMENT_3D ( 'NONE', #4778, #7233, #7405 ) ;
#1315 = APPROVAL_PERSON_ORGANIZATION ( #5964, #7813, #1282 ) ;
#1316 = DIRECTION ( 'NONE',  ( 1.000000000000000000, 0.000000000000000000, 0.000000000000000000 ) ) ;
#1317 = CYLINDRICAL_SURFACE ( 'NONE', #3233, 9.999999999999998224 ) ;
#1318 = ORIENTED_EDGE ( 'NONE', *, *, #5769, .T. ) ;
#1319 = AXIS2_PLACEMENT_3D ( 'NONE', #4590, #8156, #288 ) ;
#1320 = DIRECTION ( 'NONE',  ( 1.000000000000000000, 0.000000000000000000, 0.000000000000000000 ) ) ;
#1321 = ORGANIZATION ( 'NAUO-ORG2', 'UNSPECIFIED', 'UNSPECIFIED' ) ;
#1322 = EDGE_LOOP ( 'NONE', ( #7276, #4080, #5700, #6412 ) ) ;
#1323 = DIRECTION ( 'NONE',  ( 1.000000000000000000, 0.000000000000000000, 4.256270054397946562E-44 ) ) ;
#1324 = FACE_OUTER_BOUND ( 'NONE', #412, .T. ) ;
#1325 = SECURITY_CLASSIFICATION_LEVEL ( 'unclassified' ) ;
#1326 = ORIENTED_EDGE ( 'NONE', *, *, #601, .T. ) ;
#1327 = CYLINDRICAL_SURFACE ( 'NONE', #1012, 26.00000000000000000 ) ;
#1328 = VERTEX_POINT ( 'NONE', #8067 ) ;
#1329 = ORIENTED_EDGE ( 'NONE', *, *, #6069, .F. ) ;
#1330 = CARTESIAN_POINT ( 'NONE',  ( 0.000000000000000000, 2.000000000000008882, 0.000000000000000000 ) ) ;
#1331 = ORIENTED_EDGE ( 'NONE', *, *, #5692, .T. ) ;
#1332 = CARTESIAN_POINT ( 'NONE',  ( 3.000000000000000888, -23.43820135222873091, -1.593614133755546725 ) ) ;
#1333 = CARTESIAN_POINT ( 'NONE',  ( 1.500000000000000444, 24.82361017592234376, -7.732294474077185953 ) ) ;
#1334 = LINE ( 'NONE', #2477, #7819 ) ;
#1335 = CIRCLE ( 'NONE', #3946, 23.74900000000000588 ) ;
#1336 = ORIENTED_EDGE ( 'NONE', *, *, #7442, .F. ) ;
#1337 = DIRECTION ( 'NONE',  ( -1.000000000000000000, -0.000000000000000000, -0.000000000000000000 ) ) ;
#1338 = EDGE_CURVE ( 'NONE', #7641, #3332, #5428, .T. ) ;
#1339 = DIRECTION ( 'NONE',  ( -1.000000000000000000, -0.000000000000000000, -0.000000000000000000 ) ) ;
#1340 = VERTEX_POINT ( 'NONE', #1614 ) ;
#1341 = LINE ( 'NONE', #1517, #5292 ) ;
#1342 = AXIS2_PLACEMENT_3D ( 'NONE', #6150, #8129, #1671 ) ;
#1343 = EDGE_CURVE ( 'NONE', #4721, #701, #341, .T. ) ;
#1344 = LINE ( 'NONE', #4433, #3404 ) ;
#1345 = VECTOR ( 'NONE', #1029, 1000.000000000000000 ) ;
#1346 = CARTESIAN_POINT ( 'NONE',  ( 0.000000000000000000, 7.000000000000008882, -17.50000000000000355 ) ) ;
#1347 = ADVANCED_FACE ( 'NONE', ( #2192 ), #1442, .T. ) ;
#1348 = ORIENTED_EDGE ( 'NONE', *, *, #874, .T. ) ;
#1349 = EDGE_CURVE ( 'NONE', #8084, #4450, #4795, .T. ) ;
#1350 = LINE ( 'NONE', #3970, #7531 ) ;
#1351 = VERTEX_POINT ( 'NONE', #6740 ) ;
#1352 = CARTESIAN_POINT ( 'NONE',  ( 1.500000000000000444, 6.772563327704132163, -25.10243784918582932 ) ) ;
#1353 = DIRECTION ( 'NONE',  ( 0.000000000000000000, 0.000000000000000000, 1.000000000000000000 ) ) ;
#1354 = ORIENTED_EDGE ( 'NONE', *, *, #6291, .T. ) ;
#1355 = CARTESIAN_POINT ( 'NONE',  ( 0.000000000000000000, 0.000000000000000000, 0.000000000000000000 ) ) ;
#1356 = VECTOR ( 'NONE', #5395, 1000.000000000000000 ) ;
#1357 = CIRCLE ( 'NONE', #2455, 9.999999999999998224 ) ;
#1358 = DIRECTION ( 'NONE',  ( 0.000000000000000000, 0.9822872507286879440, 0.1873813145857286533 ) ) ;
#1359 = CC_DESIGN_DATE_AND_TIME_ASSIGNMENT ( #987, #1273, ( #5846 ) ) ;
#1360 = CARTESIAN_POINT ( 'NONE',  ( 3.000000000000000888, -3.572989937012589490, -25.75332489039049833 ) ) ;
#1361 = AXIS2_PLACEMENT_3D ( 'NONE', #7750, #5286, #4041 ) ;
#1362 = ORIENTED_EDGE ( 'NONE', *, *, #3810, .F. ) ;
#1363 = AXIS2_PLACEMENT_3D ( 'NONE', #1081, #2461, #5068 ) ;
#1364 = DIRECTION ( 'NONE',  ( -1.000000000000000000, -0.000000000000000000, -0.000000000000000000 ) ) ;
#1365 = VERTEX_POINT ( 'NONE', #1529 ) ;
#1366 = CARTESIAN_POINT ( 'NONE',  ( 3.000000000000000888, 6.772563327703775116, 25.10243784918592524 ) ) ;
#1367 = DIRECTION ( 'NONE',  ( 0.000000000000000000, 0.000000000000000000, 1.000000000000000000 ) ) ;
#1368 = CIRCLE ( 'NONE', #1919, 10.00000000000000000 ) ;
#1369 = APPROVAL_DATE_TIME ( #5191, #837 ) ;
#1370 = EDGE_LOOP ( 'NONE', ( #4787, #3726, #6623, #3867 ) ) ;
#1371 = DIRECTION ( 'NONE',  ( 0.000000000000000000, 0.5877852522924684742, 0.8090169943749507819 ) ) ;
#1372 = ORIENTED_EDGE ( 'NONE', *, *, #550, .F. ) ;
#1373 = ORIENTED_EDGE ( 'NONE', *, *, #7337, .F. ) ;
#1374 = DIRECTION ( 'NONE',  ( 0.000000000000000000, 0.000000000000000000, 1.000000000000000000 ) ) ;
#1375 = EDGE_CURVE ( 'NONE', #2674, #1246, #6395, .T. ) ;
#1376 = SHAPE_REPRESENTATION ( 'servo_adapter', ( #8180 ), #7215 ) ;
#1377 = FACE_OUTER_BOUND ( 'NONE', #4521, .T. ) ;
#1378 = ORIENTED_EDGE ( 'NONE', *, *, #2776, .T. ) ;
#1379 = DIRECTION ( 'NONE',  ( 0.9550651196894797135, 0.000000000000000000, 0.2963960478017879097 ) ) ;
#1380 = CARTESIAN_POINT ( 'NONE',  ( -10.00000000000000000, 0.000000000000000000, 0.000000000000000000 ) ) ;
#1381 = ORIENTED_EDGE ( 'NONE', *, *, #5967, .T. ) ;
#1382 = DIRECTION ( 'NONE',  ( 1.000000000000000000, -0.000000000000000000, 0.000000000000000000 ) ) ;
#1383 = DIRECTION ( 'NONE',  ( -1.000000000000000000, 0.000000000000000000, -0.000000000000000000 ) ) ;
#1384 = ORIENTED_EDGE ( 'NONE', *, *, #1566, .F. ) ;
#1385 = CARTESIAN_POINT ( 'NONE',  ( 3.000000000000000888, -21.01871904177727757, -11.05569766422859246 ) ) ;
#1386 = CC_DESIGN_PERSON_AND_ORGANIZATION_ASSIGNMENT ( #7087, #465, ( #1710 ) ) ;
#1387 = ADVANCED_FACE ( 'NONE', ( #893 ), #2787, .T. ) ;
#1388 = AXIS2_PLACEMENT_3D ( 'NONE', #8002, #4175, #4728 ) ;
#1389 = VECTOR ( 'NONE', #1247, 1000.000000000000000 ) ;
#1390 = LINE ( 'NONE', #6038, #1546 ) ;
#1391 = VERTEX_POINT ( 'NONE', #2142 ) ;
#1392 = CYLINDRICAL_SURFACE ( 'NONE', #5192, 9.999999999999998224 ) ;
#1393 = EDGE_LOOP ( 'NONE', ( #6788, #2926, #3346, #7730 ) ) ;
#1394 = FACE_OUTER_BOUND ( 'NONE', #7052, .T. ) ;
#1395 = FACE_OUTER_BOUND ( 'NONE', #2715, .T. ) ;
#1396 = EDGE_LOOP ( 'NONE', ( #4465, #6460, #7878, #4605 ) ) ;
#1397 = FACE_OUTER_BOUND ( 'NONE', #6492, .T. ) ;
#1398 = AXIS2_PLACEMENT_3D ( 'NONE', #1476, #8141, #2227 ) ;
#1399 = EDGE_CURVE ( 'NONE', #7754, #2792, #2827, .T. ) ;
#1400 = ADVANCED_FACE ( 'NONE', ( #5398 ), #2235, .T. ) ;
#1401 = DIRECTION ( 'NONE',  ( 0.000000000000000000, 0.000000000000000000, 1.000000000000000000 ) ) ;
#1402 = EDGE_CURVE ( 'NONE', #713, #864, #7453, .T. ) ;
#1403 = VERTEX_POINT ( 'NONE', #116 ) ;
#1404 = CARTESIAN_POINT ( 'NONE',  ( 3.000000000000000888, 10.50612486395233702, 21.29874036986795005 ) ) ;
#1405 = CARTESIAN_POINT ( 'NONE',  ( 0.000000000000000000, -6.921355658526374022, 22.71805090337164046 ) ) ;
#1406 = ORIENTED_EDGE ( 'NONE', *, *, #1932, .F. ) ;
#1407 = CARTESIAN_POINT ( 'NONE',  ( 3.000000000000000888, -13.90434922624131175, -18.93562677150257301 ) ) ;
#1408 = DIRECTION ( 'NONE',  ( 0.000000000000000000, -0.2486898871648623721, 0.9685831611286292997 ) ) ;
#1409 = EDGE_CURVE ( 'NONE', #8186, #596, #8021, .T. ) ;
#1410 = SHAPE_DEFINITION_REPRESENTATION ( #6929, #1376 ) ;
#1411 = ORIENTED_EDGE ( 'NONE', *, *, #7793, .T. ) ;
#1412 = CYLINDRICAL_SURFACE ( 'NONE', #7389, 9.999999999999998224 ) ;
#1413 = ORIENTED_EDGE ( 'NONE', *, *, #922, .F. ) ;
#1414 = EDGE_LOOP ( 'NONE', ( #853, #1802, #7875, #2034 ) ) ;
#1415 = CARTESIAN_POINT ( 'NONE',  ( 3.000000000000000888, 18.02520032586864929, 15.06589001178578968 ) ) ;
#1416 = DIRECTION ( 'NONE',  ( 0.000000000000000000, 0.000000000000000000, -1.000000000000000000 ) ) ;
#1417 = ORIENTED_EDGE ( 'NONE', *, *, #405, .F. ) ;
#1418 = CARTESIAN_POINT ( 'NONE',  ( -10.00000000000000000, 0.000000000000000000, 0.000000000000000000 ) ) ;
#1419 = CARTESIAN_POINT ( 'NONE',  ( 0.000000000000000000, -6.921355658526056054, -22.71805090337173993 ) ) ;
#1420 = EDGE_LOOP ( 'NONE', ( #1070, #7993, #5911, #6016 ) ) ;
#1421 = CARTESIAN_POINT ( 'NONE',  ( -10.00000000000000000, 0.000000000000000000, 0.000000000000000000 ) ) ;
#1422 = CARTESIAN_POINT ( 'NONE',  ( -8.102705642371589079, 7.000000000000008882, -5.617728504603292095E-11 ) ) ;
#1423 = VERTEX_POINT ( 'NONE', #4704 ) ;
#1424 = AXIS2_PLACEMENT_3D ( 'NONE', #942, #319, #6302 ) ;
#1425 = DIRECTION ( 'NONE',  ( -1.000000000000000000, 0.000000000000000000, 0.000000000000000000 ) ) ;
#1426 = CIRCLE ( 'NONE', #2535, 9.999999999999996447 ) ;
#1427 = DIRECTION ( 'NONE',  ( 1.000000000000000000, 0.000000000000000000, 0.000000000000000000 ) ) ;
#1428 = CIRCLE ( 'NONE', #4040, 9.999999999999998224 ) ;
#1429 = CARTESIAN_POINT ( 'NONE',  ( 3.000000000000000888, 23.09816287601906737, -4.285295834340542953 ) ) ;
#1430 = VERTEX_POINT ( 'NONE', #936 ) ;
#1431 = EDGE_CURVE ( 'NONE', #4244, #4496, #989, .T. ) ;
#1432 = DIRECTION ( 'NONE',  ( -1.000000000000000000, 0.000000000000000000, 0.000000000000000000 ) ) ;
#1433 = ORIENTED_EDGE ( 'NONE', *, *, #7851, .F. ) ;
#1434 = ADVANCED_FACE ( 'NONE', ( #5358 ), #7980, .T. ) ;
#1435 = DIRECTION ( 'NONE',  ( 0.000000000000000000, 0.1253332335643043693, -0.9921147013144777649 ) ) ;
#1436 = CARTESIAN_POINT ( 'NONE',  ( 0.000000000000000000, 2.826494134736833530, -23.32165987963164611 ) ) ;
#1437 = EDGE_LOOP ( 'NONE', ( #6452, #1286, #1044, #7780 ) ) ;
#1438 = LINE ( 'NONE', #7415, #644 ) ;
#1439 = VECTOR ( 'NONE', #7953, 1000.000000000000000 ) ;
#1440 = CARTESIAN_POINT ( 'NONE',  ( 3.000000000000000888, 8.758419641788917076, -21.79860027646840592 ) ) ;
#1441 = VECTOR ( 'NONE', #4687, 1000.000000000000000 ) ;
#1442 = CYLINDRICAL_SURFACE ( 'NONE', #1587, 9.999999999999998224 ) ;
#1443 = AXIS2_PLACEMENT_3D ( 'NONE', #5378, #2222, #3535 ) ;
#1444 = ORIENTED_EDGE ( 'NONE', *, *, #8367, .T. ) ;
#1445 = DIRECTION ( 'NONE',  ( 0.000000000000000000, -0.2486898871648623444, 0.9685831611286292997 ) ) ;
#1446 = DIRECTION ( 'NONE',  ( 0.000000000000000000, 0.000000000000000000, 1.000000000000000000 ) ) ;
#1447 = EDGE_LOOP ( 'NONE', ( #8196, #6676, #7263, #7640 ) ) ;
#1448 = EDGE_CURVE ( 'NONE', #8034, #687, #8241, .T. ) ;
#1449 = FACE_OUTER_BOUND ( 'NONE', #2608, .T. ) ;
#1450 = DIRECTION ( 'NONE',  ( -1.000000000000000000, 0.000000000000000000, -0.000000000000000000 ) ) ;
#1451 = CIRCLE ( 'NONE', #7483, 10.00000000000000000 ) ;
#1452 = ADVANCED_FACE ( 'NONE', ( #1141 ), #3040, .T. ) ;
#1453 = CALENDAR_DATE ( 2025, 7, 10 ) ;
#1454 = CIRCLE ( 'NONE', #6262, 23.74900000000000944 ) ;
#1455 = LOCAL_TIME ( 18, 37, 26.00000000000000000, #1622 ) ;
#1456 = EDGE_LOOP ( 'NONE', ( #3157, #2198, #5109, #4887 ) ) ;
#1457 = CARTESIAN_POINT ( 'NONE',  ( 3.000000000000000888, -19.89860609720107121, -12.48736817841751190 ) ) ;
#1458 = ORIENTED_EDGE ( 'NONE', *, *, #1026, .T. ) ;
#1459 = EDGE_CURVE ( 'NONE', #438, #3826, #5690, .T. ) ;
#1460 = ORIENTED_EDGE ( 'NONE', *, *, #5182, .F. ) ;
#1461 = CARTESIAN_POINT ( 'NONE',  ( 0.000000000000000000, -12.24681498829390591, -22.93502828955088901 ) ) ;
#1462 = EDGE_CURVE ( 'NONE', #7359, #7842, #2353, .T. ) ;
#1463 = CARTESIAN_POINT ( 'NONE',  ( 0.000000000000000000, 0.000000000000000000, 0.000000000000000000 ) ) ;
#1464 = EDGE_LOOP ( 'NONE', ( #6096, #6026, #7300, #4640 ) ) ;
#1465 = AXIS2_PLACEMENT_3D ( 'NONE', #2441, #5701, #1067 ) ;
#1466 = CARTESIAN_POINT ( 'NONE',  ( 0.000000000000000000, -17.60893712771364505, 15.93550545895008597 ) ) ;
#1467 =( NAMED_UNIT ( * ) SI_UNIT ( $, .STERADIAN. ) SOLID_ANGLE_UNIT ( ) );
#1468 = ORIENTED_EDGE ( 'NONE', *, *, #6446, .T. ) ;
#1469 = VECTOR ( 'NONE', #1874, 1000.000000000000000 ) ;
#1470 = FACE_OUTER_BOUND ( 'NONE', #5103, .T. ) ;
#1471 = DIRECTION ( 'NONE',  ( -1.000000000000000000, 0.000000000000000000, -0.000000000000000000 ) ) ;
#1472 = VERTEX_POINT ( 'NONE', #4311 ) ;
#1473 = CARTESIAN_POINT ( 'NONE',  ( 3.000000000000000888, 7.753840929970539086, 22.44756004185563825 ) ) ;
#1474 = DIRECTION ( 'NONE',  ( -1.000000000000000000, -0.000000000000000000, 0.000000000000000000 ) ) ;
#1475 = AXIS2_PLACEMENT_3D ( 'NONE', #2685, #4650, #103 ) ;
#1476 = CARTESIAN_POINT ( 'NONE',  ( 3.000000000000000888, 22.37893697895717438, 7.146472439377716590 ) ) ;
#1477 = ORIENTED_EDGE ( 'NONE', *, *, #5074, .F. ) ;
#1478 = AXIS2_PLACEMENT_3D ( 'NONE', #4690, #1427, #2177 ) ;
#1479 = DIRECTION ( 'NONE',  ( -1.000000000000000000, 0.000000000000000000, 0.000000000000000000 ) ) ;
#1480 = EDGE_LOOP ( 'NONE', ( #4825, #4891, #1372, #191 ) ) ;
#1481 = CARTESIAN_POINT ( 'NONE',  ( 3.000000000000000888, -1.054159027265731075, -23.72559271641563328 ) ) ;
#1482 = CARTESIAN_POINT ( 'NONE',  ( 14.11953930602605212, 10.00000000000000888, -9.598928328060640780 ) ) ;
#1483 = DIRECTION ( 'NONE',  ( 0.000000000000000000, 0.000000000000000000, 1.000000000000000000 ) ) ;
#1484 = DIRECTION ( 'NONE',  ( -1.000000000000000000, 0.000000000000000000, -0.000000000000000000 ) ) ;
#1485 = AXIS2_PLACEMENT_3D ( 'NONE', #5586, #3652, #2329 ) ;
#1486 = CARTESIAN_POINT ( 'NONE',  ( 3.000000000000000888, 0.000000000000000000, 0.000000000000000000 ) ) ;
#1487 = ORIENTED_EDGE ( 'NONE', *, *, #4246, .T. ) ;
#1488 = CARTESIAN_POINT ( 'NONE',  ( 3.000000000000000888, -8.537555587897518450, 21.88604654154061535 ) ) ;
#1489 = CYLINDRICAL_SURFACE ( 'NONE', #8488, 23.74900000000000233 ) ;
#1490 = ORIENTED_EDGE ( 'NONE', *, *, #7281, .T. ) ;
#1491 = CIRCLE ( 'NONE', #3419, 26.00000000000000000 ) ;
#1492 = CARTESIAN_POINT ( 'NONE',  ( -1.061049529528108382, 7.000000000000009770, -17.46780392310058971 ) ) ;
#1493 = APPLICATION_CONTEXT ( 'configuration controlled 3d designs of mechanical parts and assemblies' ) ;
#1494 = CIRCLE ( 'NONE', #6297, 9.999999999999998224 ) ;
#1495 = CARTESIAN_POINT ( 'NONE',  ( 0.000000000000000000, 10.00000000000000000, 0.000000000000000000 ) ) ;
#1496 = EDGE_CURVE ( 'NONE', #7306, #622, #1665, .T. ) ;
#1497 = DATE_AND_TIME ( #5406, #2689 ) ;
#1498 = AXIS2_PLACEMENT_3D ( 'NONE', #4879, #6948, #7508 ) ;
#1499 = EDGE_CURVE ( 'NONE', #8505, #6020, #6885, .T. ) ;
#1500 = AXIS2_PLACEMENT_3D ( 'NONE', #5239, #3189, #1374 ) ;
#1501 = ORIENTED_EDGE ( 'NONE', *, *, #7817, .F. ) ;
#1502 = DIRECTION ( 'NONE',  ( -1.000000000000000000, 0.000000000000000000, 0.000000000000000000 ) ) ;
#1503 = VERTEX_POINT ( 'NONE', #361 ) ;
#1504 = ORIENTED_EDGE ( 'NONE', *, *, #841, .T. ) ;
#1505 = CARTESIAN_POINT ( 'NONE',  ( 3.000000000000000888, 0.000000000000000000, 0.000000000000000000 ) ) ;
#1506 = DIRECTION ( 'NONE',  ( -1.000000000000000000, 0.000000000000000000, -0.000000000000000000 ) ) ;
#1507 = ORIENTED_EDGE ( 'NONE', *, *, #3752, .F. ) ;
#1508 = CARTESIAN_POINT ( 'NONE',  ( 3.000000000000000888, -18.95282963369261253, 14.31101847794990078 ) ) ;
#1509 = DIRECTION ( 'NONE',  ( 0.000000000000000000, 0.000000000000000000, 1.000000000000000000 ) ) ;
#1510 = EDGE_CURVE ( 'NONE', #2602, #2486, #6336, .T. ) ;
#1511 = EDGE_CURVE ( 'NONE', #5204, #3802, #3325, .T. ) ;
#1512 = VERTEX_POINT ( 'NONE', #2997 ) ;
#1513 = CIRCLE ( 'NONE', #4124, 10.00000000000000000 ) ;
#1514 = FACE_OUTER_BOUND ( 'NONE', #153, .T. ) ;
#1515 = DIRECTION ( 'NONE',  ( -1.000000000000000000, 0.000000000000000000, 0.000000000000000000 ) ) ;
#1516 = ORIENTED_EDGE ( 'NONE', *, *, #6508, .F. ) ;
#1517 = CARTESIAN_POINT ( 'NONE',  ( 1.500000000000000444, -25.47815669208875988, 5.183004107018707174 ) ) ;
#1518 = DIRECTION ( 'NONE',  ( 0.000000000000000000, 0.000000000000000000, 1.000000000000000000 ) ) ;
#1519 = EDGE_CURVE ( 'NONE', #960, #8134, #1535, .T. ) ;
#1520 = CARTESIAN_POINT ( 'NONE',  ( 3.000000000000000888, 11.21328339503299532, -20.64342907894905466 ) ) ;
#1521 = VERTEX_POINT ( 'NONE', #7675 ) ;
#1522 = FACE_OUTER_BOUND ( 'NONE', #1393, .T. ) ;
#1523 = ORIENTED_EDGE ( 'NONE', *, *, #6859, .F. ) ;
#1524 = PLANE ( 'NONE',  #7743 ) ;
#1525 = CARTESIAN_POINT ( 'NONE',  ( 15.14952443976302909, 7.000000000000008882, -8.746582013434034408 ) ) ;
#1526 = DIRECTION ( 'NONE',  ( 0.000000000000000000, 0.000000000000000000, 1.000000000000000000 ) ) ;
#1527 = CARTESIAN_POINT ( 'NONE',  ( 0.000000000000000000, 15.02476645158323976, 21.21924581778011287 ) ) ;
#1528 = AXIS2_PLACEMENT_3D ( 'NONE', #5512, #429, #5546 ) ;
#1529 = CARTESIAN_POINT ( 'NONE',  ( 2.052224346939968136, 7.000000000000008882, 15.84577559900801624 ) ) ;
#1530 = EDGE_LOOP ( 'NONE', ( #2373, #1507, #5805, #7196 ) ) ;
#1531 = LINE ( 'NONE', #8025, #945 ) ;
#1532 = VERTEX_POINT ( 'NONE', #3119 ) ;
#1533 = DIRECTION ( 'NONE',  ( -1.000000000000000000, 0.000000000000000000, 0.000000000000000000 ) ) ;
#1534 = DIRECTION ( 'NONE',  ( -1.000000000000000000, 0.000000000000000000, 0.000000000000000000 ) ) ;
#1535 = CIRCLE ( 'NONE', #3860, 9.999999999999996447 ) ;
#1536 = PLANE ( 'NONE',  #2571 ) ;
#1537 = PERSON_AND_ORGANIZATION_ROLE ( 'creator' ) ;
#1538 = ORIENTED_EDGE ( 'NONE', *, *, #2629, .T. ) ;
#1539 = DIRECTION ( 'NONE',  ( 0.000000000000000000, 0.000000000000000000, -1.000000000000000000 ) ) ;
#1540 = ORIENTED_EDGE ( 'NONE', *, *, #1375, .F. ) ;
#1541 = ORIENTED_EDGE ( 'NONE', *, *, #1098, .F. ) ;
#1542 = LINE ( 'NONE', #4166, #8102 ) ;
#1543 = EDGE_CURVE ( 'NONE', #7306, #5381, #21, .T. ) ;
#1544 = DIRECTION ( 'NONE',  ( 0.000000000000000000, 0.7705132427757903635, -0.6374239897486881912 ) ) ;
#1545 = EDGE_CURVE ( 'NONE', #4439, #3427, #6896, .T. ) ;
#1546 = VECTOR ( 'NONE', #6164, 1000.000000000000000 ) ;
#1547 = LINE ( 'NONE', #4977, #3817 ) ;
#1548 = EDGE_CURVE ( 'NONE', #244, #7754, #7022, .T. ) ;
#1549 = ORIENTED_EDGE ( 'NONE', *, *, #5915, .F. ) ;
#1550 = FACE_OUTER_BOUND ( 'NONE', #8324, .T. ) ;
#1551 = CARTESIAN_POINT ( 'NONE',  ( 0.000000000000000000, -19.82974763304108734, 16.81609671742825896 ) ) ;
#1552 = VERTEX_POINT ( 'NONE', #6379 ) ;
#1553 = ADVANCED_FACE ( 'NONE', ( #3677 ), #8364, .F. ) ;
#1554 = DIRECTION ( 'NONE',  ( 0.000000000000000000, 0.000000000000000000, 1.000000000000000000 ) ) ;
#1555 = ADVANCED_FACE ( 'NONE', ( #6943 ), #1817, .T. ) ;
#1556 = CARTESIAN_POINT ( 'NONE',  ( 0.000000000000000000, -6.772563327703954528, 25.10243784918587551 ) ) ;
#1557 = EDGE_CURVE ( 'NONE', #5750, #7106, #4955, .T. ) ;
#1558 = CARTESIAN_POINT ( 'NONE',  ( 3.000000000000000888, 0.000000000000000000, 0.000000000000000000 ) ) ;
#1559 = VECTOR ( 'NONE', #7771, 1000.000000000000000 ) ;
#1560 = ORIENTED_EDGE ( 'NONE', *, *, #3141, .F. ) ;
#1561 = DIRECTION ( 'NONE',  ( -1.000000000000000000, -0.000000000000000000, 0.000000000000000000 ) ) ;
#1562 = ORIENTED_EDGE ( 'NONE', *, *, #6131, .T. ) ;
#1563 = DIRECTION ( 'NONE',  ( -1.000000000000000000, 0.000000000000000000, -0.000000000000000000 ) ) ;
#1564 = EDGE_CURVE ( 'NONE', #3427, #8144, #8377, .T. ) ;
#1565 = CARTESIAN_POINT ( 'NONE',  ( -10.00000000000000000, 0.000000000000000000, 0.000000000000000000 ) ) ;
#1566 = EDGE_CURVE ( 'NONE', #1365, #2405, #1651, .T. ) ;
#1567 = CARTESIAN_POINT ( 'NONE',  ( 0.000000000000000000, -15.99480952573165915, 17.20624761156499005 ) ) ;
#1568 = CYLINDRICAL_SURFACE ( 'NONE', #3156, 23.74900000000000233 ) ;
#1569 = AXIS2_PLACEMENT_3D ( 'NONE', #2878, #5494, #8115 ) ;
#1570 = DIRECTION ( 'NONE',  ( -1.000000000000000000, 0.000000000000000000, 0.000000000000000000 ) ) ;
#1571 = ORIENTED_EDGE ( 'NONE', *, *, #2506, .T. ) ;
#1572 = FACE_OUTER_BOUND ( 'NONE', #6312, .T. ) ;
#1573 = ORIENTED_EDGE ( 'NONE', *, *, #1349, .T. ) ;
#1574 = AXIS2_PLACEMENT_3D ( 'NONE', #4187, #2989, #6772 ) ;
#1575 = DIRECTION ( 'NONE',  ( -1.000000000000000000, 0.000000000000000000, 0.000000000000000000 ) ) ;
#1576 = CARTESIAN_POINT ( 'NONE',  ( 0.000000000000000000, -24.62765115230525836, -8.335394335024433943 ) ) ;
#1577 = DATE_TIME_ROLE ( 'creation_date' ) ;
#1578 = AXIS2_PLACEMENT_3D ( 'NONE', #8095, #4095, #3494 ) ;
#1579 = AXIS2_PLACEMENT_3D ( 'NONE', #1774, #2196, #5036 ) ;
#1580 = ORIENTED_EDGE ( 'NONE', *, *, #2526, .F. ) ;
#1581 = AXIS2_PLACEMENT_3D ( 'NONE', #2307, #3714, #6892 ) ;
#1582 = DIRECTION ( 'NONE',  ( 0.000000000000000000, -0.9048270524660146918, -0.4257792915650829846 ) ) ;
#1583 = PRODUCT_DEFINITION_FORMATION_WITH_SPECIFIED_SOURCE ( 'ANY', '', #3029, .NOT_KNOWN. ) ;
#1584 = ORIENTED_EDGE ( 'NONE', *, *, #773, .F. ) ;
#1585 = VERTEX_POINT ( 'NONE', #5298 ) ;
#1586 = CARTESIAN_POINT ( 'NONE',  ( 0.000000000000000000, 5.000000000000000000, -17.50000000000000355 ) ) ;
#1587 = AXIS2_PLACEMENT_3D ( 'NONE', #4746, #4833, #2101 ) ;
#1588 = CARTESIAN_POINT ( 'NONE',  ( -14.74895638488504801, 10.00000000000000888, -6.145609380897365526 ) ) ;
#1589 = VECTOR ( 'NONE', #7921, 1000.000000000000000 ) ;
#1590 = LOCAL_TIME ( 18, 37, 26.00000000000000000, #4840 ) ;
#1591 = ORIENTED_EDGE ( 'NONE', *, *, #6374, .T. ) ;
#1592 = CARTESIAN_POINT ( 'NONE',  ( 0.000000000000000000, 23.10781753700498342, 5.481219725251404107 ) ) ;
#1593 = DIRECTION ( 'NONE',  ( 0.000000000000000000, 0.000000000000000000, 1.000000000000000000 ) ) ;
#1594 = VECTOR ( 'NONE', #3106, 1000.000000000000114 ) ;
#1595 = VERTEX_POINT ( 'NONE', #5863 ) ;
#1596 = CARTESIAN_POINT ( 'NONE',  ( 3.000000000000000888, 3.572989937012756023, 25.75332489039047701 ) ) ;
#1597 = DIRECTION ( 'NONE',  ( -1.000000000000000000, 0.000000000000000000, 0.000000000000000000 ) ) ;
#1598 = CIRCLE ( 'NONE', #3664, 26.00000000000000000 ) ;
#1599 = CC_DESIGN_DATE_AND_TIME_ASSIGNMENT ( #515, #6356, ( #3800 ) ) ;
#1600 = EDGE_CURVE ( 'NONE', #2938, #2393, #4273, .T. ) ;
#1601 =( REPRESENTATION_RELATIONSHIP ('NONE','NONE', #778, #4936 ) REPRESENTATION_RELATIONSHIP_WITH_TRANSFORMATION ( #3085 )SHAPE_REPRESENTATION_RELATIONSHIP( ) );
#1602 = CARTESIAN_POINT ( 'NONE',  ( 1.061049529590555540, 7.000000000000009770, -17.46780392309679897 ) ) ;
#1603 = ORIENTED_EDGE ( 'NONE', *, *, #2100, .T. ) ;
#1604 = CARTESIAN_POINT ( 'NONE',  ( 0.000000000000000000, -11.42144594672534375, -20.52899074774387245 ) ) ;
#1605 = EDGE_CURVE ( 'NONE', #42, #1195, #6620, .T. ) ;
#1606 = VERTEX_POINT ( 'NONE', #3925 ) ;
#1607 = CARTESIAN_POINT ( 'NONE',  ( 1.500000000000000444, 0.3170683606146962874, -25.99806661378297434 ) ) ;
#1608 = LINE ( 'NONE', #5562, #5009 ) ;
#1609 = CARTESIAN_POINT ( 'NONE',  ( 3.000000000000000888, 0.000000000000000000, 0.000000000000000000 ) ) ;
#1610 = AXIS2_PLACEMENT_3D ( 'NONE', #6612, #3306, #2751 ) ;
#1611 = CYLINDRICAL_SURFACE ( 'NONE', #3965, 1.600000000000000089 ) ;
#1612 = EDGE_CURVE ( 'NONE', #5788, #4633, #2913, .T. ) ;
#1613 = AXIS2_PLACEMENT_3D ( 'NONE', #7782, #4423, #1896 ) ;
#1614 = CARTESIAN_POINT ( 'NONE',  ( 0.000000000000000000, 3.572989937012757800, 25.75332489039047346 ) ) ;
#1615 = VERTEX_POINT ( 'NONE', #5124 ) ;
#1616 = DIRECTION ( 'NONE',  ( 0.7342190668223699257, 0.000000000000000000, -0.6789126320186481545 ) ) ;
#1617 = ORIENTED_EDGE ( 'NONE', *, *, #5115, .F. ) ;
#1618 = DIRECTION ( 'NONE',  ( 1.000000000000000000, 0.000000000000000000, -0.000000000000000000 ) ) ;
#1619 = CARTESIAN_POINT ( 'NONE',  ( 0.000000000000000000, 0.000000000000000000, 0.000000000000000000 ) ) ;
#1620 = DIRECTION ( 'NONE',  ( 0.000000000000000000, 1.000000000000000000, 0.000000000000000000 ) ) ;
#1621 = VECTOR ( 'NONE', #3408, 1000.000000000000000 ) ;
#1622 = COORDINATED_UNIVERSAL_TIME_OFFSET ( 7, 0, .AHEAD. ) ;
#1623 = ORIENTED_EDGE ( 'NONE', *, *, #1600, .F. ) ;
#1624 = AXIS2_PLACEMENT_3D ( 'NONE', #4737, #745, #8057 ) ;
#1625 = CARTESIAN_POINT ( 'NONE',  ( 3.000000000000000888, 19.77132294913425170, -12.68793432659388110 ) ) ;
#1626 = ORIENTED_EDGE ( 'NONE', *, *, #3027, .F. ) ;
#1627 = ORIENTED_EDGE ( 'NONE', *, *, #5509, .T. ) ;
#1628 = DIRECTION ( 'NONE',  ( -1.000000000000000000, -0.000000000000000000, -0.000000000000000000 ) ) ;
#1629 = DIRECTION ( 'NONE',  ( -1.000000000000000000, 0.000000000000000000, -0.000000000000000000 ) ) ;
#1630 = VECTOR ( 'NONE', #6392, 1000.000000000000000 ) ;
#1631 = ORIENTED_EDGE ( 'NONE', *, *, #6642, .T. ) ;
#1632 = DIRECTION ( 'NONE',  ( 0.000000000000000000, 0.000000000000000000, 1.000000000000000000 ) ) ;
#1633 = CIRCLE ( 'NONE', #7133, 23.74900000000000588 ) ;
#1634 = DIRECTION ( 'NONE',  ( 0.7342190668223698147, 0.000000000000000000, -0.6789126320186481545 ) ) ;
#1635 = ORIENTED_EDGE ( 'NONE', *, *, #5230, .T. ) ;
#1636 = DIRECTION ( 'NONE',  ( -1.000000000000000000, -0.000000000000000000, 0.000000000000000000 ) ) ;
#1637 = DIRECTION ( 'NONE',  ( 1.000000000000000000, 0.000000000000000000, 0.000000000000000000 ) ) ;
#1638 = AXIS2_PLACEMENT_3D ( 'NONE', #1146, #3636, #3725 ) ;
#1639 = DIRECTION ( 'NONE',  ( 0.000000000000000000, 0.000000000000000000, -1.000000000000000000 ) ) ;
#1640 = CARTESIAN_POINT ( 'NONE',  ( 3.000000000000000888, -21.20563999867588478, 10.10988233766741295 ) ) ;
#1641 = ORIENTED_EDGE ( 'NONE', *, *, #7542, .F. ) ;
#1642 = ORIENTED_EDGE ( 'NONE', *, *, #4325, .F. ) ;
#1643 = CARTESIAN_POINT ( 'NONE',  ( 0.000000000000000000, 0.000000000000000000, 0.000000000000000000 ) ) ;
#1644 = AXIS2_PLACEMENT_3D ( 'NONE', #6678, #1515, #2223 ) ;
#1645 = FACE_OUTER_BOUND ( 'NONE', #6534, .T. ) ;
#1646 = EDGE_CURVE ( 'NONE', #2437, #1800, #8399, .T. ) ;
#1647 = CARTESIAN_POINT ( 'NONE',  ( 3.000000000000000888, -5.727185429052221721, -22.78350797608160150 ) ) ;
#1648 = EDGE_CURVE ( 'NONE', #6706, #8151, #572, .T. ) ;
#1649 = CARTESIAN_POINT ( 'NONE',  ( 3.000000000000000888, 13.71217102453783276, -19.07525240799574107 ) ) ;
#1650 = EDGE_CURVE ( 'NONE', #7343, #8256, #2774, .T. ) ;
#1651 = LINE ( 'NONE', #11, #3996 ) ;
#1652 = VERTEX_POINT ( 'NONE', #660 ) ;
#1653 = CARTESIAN_POINT ( 'NONE',  ( 3.000000000000000888, -22.23862650171288280, -8.334176163083755640 ) ) ;
#1654 = VERTEX_POINT ( 'NONE', #1346 ) ;
#1655 = CARTESIAN_POINT ( 'NONE',  ( 3.000000000000000888, -23.61258448579734193, -2.541821178030204464 ) ) ;
#1656 = DIRECTION ( 'NONE',  ( -1.000000000000000000, -0.000000000000000000, -0.000000000000000000 ) ) ;
#1657 = ORIENTED_EDGE ( 'NONE', *, *, #4914, .F. ) ;
#1658 = CARTESIAN_POINT ( 'NONE',  ( 3.000000000000000888, -13.90434922624156755, 18.93562677150237761 ) ) ;
#1659 = EDGE_CURVE ( 'NONE', #4585, #3053, #1955, .T. ) ;
#1660 = EDGE_CURVE ( 'NONE', #7359, #5879, #5097, .T. ) ;
#1661 = DESIGN_CONTEXT ( 'detailed design', #7919, 'design' ) ;
#1662 = PERSON_AND_ORGANIZATION_ROLE ( 'classification_officer' ) ;
#1663 = EDGE_CURVE ( 'NONE', #118, #7392, #3329, .T. ) ;
#1664 = ORIENTED_EDGE ( 'NONE', *, *, #3786, .F. ) ;
#1665 = CIRCLE ( 'NONE', #3730, 23.74900000000000944 ) ;
#1666 = CYLINDRICAL_SURFACE ( 'NONE', #7112, 9.999999999999998224 ) ;
#1667 = VERTEX_POINT ( 'NONE', #2045 ) ;
#1668 = ORIENTED_EDGE ( 'NONE', *, *, #7243, .F. ) ;
#1669 = DIRECTION ( 'NONE',  ( -1.000000000000000000, -0.000000000000000000, 0.000000000000000000 ) ) ;
#1670 = ADVANCED_FACE ( 'NONE', ( #5253 ), #2000, .T. ) ;
#1671 = DIRECTION ( 'NONE',  ( 0.000000000000000000, 0.2486898871648483555, 0.9685831611286326304 ) ) ;
#1672 = CALENDAR_DATE ( 2025, 7, 10 ) ;
#1673 = EDGE_LOOP ( 'NONE', ( #1151, #519, #4105, #4279 ) ) ;
#1674 = CARTESIAN_POINT ( 'NONE',  ( 1.500000000000000444, 21.78099992762129844, 14.19817038047371049 ) ) ;
#1675 = CARTESIAN_POINT ( 'NONE',  ( 3.000000000000000888, -10.50612486395218959, -21.29874036986802111 ) ) ;
#1676 = CIRCLE ( 'NONE', #2376, 9.999999999999998224 ) ;
#1677 = VERTEX_POINT ( 'NONE', #4611 ) ;
#1678 = DIRECTION ( 'NONE',  ( 0.000000000000000000, 0.3681245526846719240, 0.9297764858882536787 ) ) ;
#1679 = DIRECTION ( 'NONE',  ( 0.000000000000000000, 0.3681245526846788074, -0.9297764858882511252 ) ) ;
#1680 = DIRECTION ( 'NONE',  ( -1.000000000000000000, 0.000000000000000000, 0.000000000000000000 ) ) ;
#1681 = FACE_OUTER_BOUND ( 'NONE', #6309, .T. ) ;
#1682 = ORIENTED_EDGE ( 'NONE', *, *, #1916, .F. ) ;
#1683 = ORIENTED_EDGE ( 'NONE', *, *, #3291, .F. ) ;
#1684 = CARTESIAN_POINT ( 'NONE',  ( 0.000000000000000000, 20.59702713253501472, 11.82275239957331614 ) ) ;
#1685 = DIRECTION ( 'NONE',  ( 0.000000000000000000, -0.1253332335643113360, 0.9921147013144768767 ) ) ;
#1686 = CIRCLE ( 'NONE', #1011, 26.00000000000000000 ) ;
#1687 = DIRECTION ( 'NONE',  ( 1.000000000000000000, -0.000000000000000000, 0.000000000000000000 ) ) ;
#1688 = DIRECTION ( 'NONE',  ( 0.000000000000000000, -1.000000000000000000, 0.000000000000000000 ) ) ;
#1689 = DIRECTION ( 'NONE',  ( 0.000000000000000000, 0.000000000000000000, -1.000000000000000000 ) ) ;
#1690 = EDGE_CURVE ( 'NONE', #68, #8378, #4963, .T. ) ;
#1691 = ORIENTED_EDGE ( 'NONE', *, *, #7652, .F. ) ;
#1692 = CARTESIAN_POINT ( 'NONE',  ( 3.000000000000000888, -23.50287694562802798, 3.410245779803352750 ) ) ;
#1693 = ORIENTED_EDGE ( 'NONE', *, *, #7805, .F. ) ;
#1694 = LINE ( 'NONE', #3001, #2399 ) ;
#1695 = CARTESIAN_POINT ( 'NONE',  ( -14.74895638488504801, 7.000000000000008882, -6.145609380897365526 ) ) ;
#1696 = ORIENTED_EDGE ( 'NONE', *, *, #6069, .T. ) ;
#1697 = FACE_OUTER_BOUND ( 'NONE', #4668, .T. ) ;
#1698 = AXIS2_PLACEMENT_3D ( 'NONE', #1823, #7157, #7067 ) ;
#1699 = DATE_AND_TIME ( #7589, #2698 ) ;
#1700 = AXIS2_PLACEMENT_3D ( 'NONE', #4011, #3425, #1435 ) ;
#1701 = EDGE_CURVE ( 'NONE', #3043, #1704, #1807, .T. ) ;
#1702 = ORIENTED_EDGE ( 'NONE', *, *, #5692, .F. ) ;
#1703 = DIRECTION ( 'NONE',  ( 0.000000000000000000, 0.000000000000000000, 1.000000000000000000 ) ) ;
#1704 = VERTEX_POINT ( 'NONE', #578 ) ;
#1705 = ORIENTED_EDGE ( 'NONE', *, *, #4385, .F. ) ;
#1706 = CARTESIAN_POINT ( 'NONE',  ( 3.000000000000000888, 23.43820135222874157, -1.593614133755375750 ) ) ;
#1707 = ADVANCED_FACE ( 'NONE', ( #54 ), #7839, .T. ) ;
#1708 = DIRECTION ( 'NONE',  ( -1.000000000000000000, -0.000000000000000000, -0.000000000000000000 ) ) ;
#1709 = VECTOR ( 'NONE', #4415, 1000.000000000000000 ) ;
#1710 = PRODUCT ( 'Servo_Adapter_Hole', 'Servo_Adapter_Hole', '', ( #4377 ) ) ;
#1711 = CC_DESIGN_PERSON_AND_ORGANIZATION_ASSIGNMENT ( #2243, #6660, ( #5575 ) ) ;
#1712 = CIRCLE ( 'NONE', #3911, 9.999999999999994671 ) ;
#1713 = EDGE_CURVE ( 'NONE', #4609, #231, #538, .T. ) ;
#1714 = ORIENTED_EDGE ( 'NONE', *, *, #2892, .F. ) ;
#1715 = EDGE_CURVE ( 'NONE', #6791, #5994, #7108, .T. ) ;
#1716 = DIRECTION ( 'NONE',  ( -1.000000000000000000, 0.000000000000000000, -0.000000000000000000 ) ) ;
#1717 = AXIS2_PLACEMENT_3D ( 'NONE', #976, #6822, #6695 ) ;
#1718 = CARTESIAN_POINT ( 'NONE',  ( 8.102705642427432409, 7.000000000000008882, -5.573319583618285833E-11 ) ) ;
#1719 = EDGE_LOOP ( 'NONE', ( #4374, #4841, #2610, #876 ) ) ;
#1720 = AXIS2_PLACEMENT_3D ( 'NONE', #1488, #4116, #7854 ) ;
#1721 = CARTESIAN_POINT ( 'NONE',  ( -10.00000000000000000, 0.000000000000000000, 0.000000000000000000 ) ) ;
#1722 = CIRCLE ( 'NONE', #7487, 9.999999999999998224 ) ;
#1723 = LOCAL_TIME ( 18, 37, 26.00000000000000000, #7945 ) ;
#1724 = LINE ( 'NONE', #4345, #3676 ) ;
#1725 = CIRCLE ( 'NONE', #2842, 26.00000000000000000 ) ;
#1726 = CARTESIAN_POINT ( 'NONE',  ( 3.000000000000000888, -4.019451921852126297, 23.40638817177736541 ) ) ;
#1727 = CC_DESIGN_SECURITY_CLASSIFICATION ( #3784, ( #8519 ) ) ;
#1728 = CARTESIAN_POINT ( 'NONE',  ( 0.000000000000000000, 7.000000000000008882, 0.000000000000000000 ) ) ;
#1729 = EDGE_LOOP ( 'NONE', ( #822, #1950, #3518, #632 ) ) ;
#1730 = EDGE_LOOP ( 'NONE', ( #326, #2418, #4527, #4656 ) ) ;
#1731 = CARTESIAN_POINT ( 'NONE',  ( 0.000000000000000000, 3.572989937013127282, -25.75332489039042372 ) ) ;
#1732 = DIRECTION ( 'NONE',  ( 0.000000000000000000, 0.000000000000000000, 1.000000000000000000 ) ) ;
#1733 = LINE ( 'NONE', #5733, #2992 ) ;
#1734 = CIRCLE ( 'NONE', #6545, 9.999999999999996447 ) ;
#1735 = LINE ( 'NONE', #4356, #5061 ) ;
#1736 = DIRECTION ( 'NONE',  ( -1.000000000000000000, -0.000000000000000000, 0.000000000000000000 ) ) ;
#1737 = EDGE_LOOP ( 'NONE', ( #1938, #2888, #4408, #8094 ) ) ;
#1738 = CIRCLE ( 'NONE', #2860, 23.74900000000000588 ) ;
#1739 = CARTESIAN_POINT ( 'NONE',  ( 0.000000000000000000, 7.753840929970538198, 22.44756004185563469 ) ) ;
#1740 = ORIENTED_EDGE ( 'NONE', *, *, #2728, .F. ) ;
#1741 = CYLINDRICAL_SURFACE ( 'NONE', #1023, 9.999999999999998224 ) ;
#1742 = CYLINDRICAL_SURFACE ( 'NONE', #3822, 9.999999999999998224 ) ;
#1743 = ORIENTED_EDGE ( 'NONE', *, *, #5613, .F. ) ;
#1744 = DIRECTION ( 'NONE',  ( -1.000000000000000000, 0.000000000000000000, 0.000000000000000000 ) ) ;
#1745 = AXIS2_PLACEMENT_3D ( 'NONE', #149, #185, #7275 ) ;
#1746 = PERSON_AND_ORGANIZATION_ROLE ( 'classification_officer' ) ;
#1747 = AXIS2_PLACEMENT_3D ( 'NONE', #7940, #3436, #3939 ) ;
#1748 = ORIENTED_EDGE ( 'NONE', *, *, #946, .F. ) ;
#1749 = CARTESIAN_POINT ( 'NONE',  ( 3.000000000000000888, -20.23396159193291410, 16.32748597599102780 ) ) ;
#1750 = ORIENTED_EDGE ( 'NONE', *, *, #7175, .T. ) ;
#1751 = ORIENTED_EDGE ( 'NONE', *, *, #2331, .F. ) ;
#1752 = DIRECTION ( 'NONE',  ( -1.000000000000000000, 0.000000000000000000, 0.000000000000000000 ) ) ;
#1753 = VECTOR ( 'NONE', #5475, 1000.000000000000000 ) ;
#1754 = ADVANCED_FACE ( 'NONE', ( #5169 ), #7796, .T. ) ;
#1755 = EDGE_CURVE ( 'NONE', #2953, #881, #4001, .T. ) ;
#1756 = AXIS2_PLACEMENT_3D ( 'NONE', #3345, #6179, #8280 ) ;
#1757 = CARTESIAN_POINT ( 'NONE',  ( 3.000000000000000888, 0.000000000000000000, 0.000000000000000000 ) ) ;
#1758 = ORIENTED_EDGE ( 'NONE', *, *, #411, .F. ) ;
#1759 = CARTESIAN_POINT ( 'NONE',  ( 0.000000000000000000, -21.91639720942990266, 9.148034453285212919 ) ) ;
#1760 = VECTOR ( 'NONE', #2927, 1000.000000000000000 ) ;
#1761 = CARTESIAN_POINT ( 'NONE',  ( 0.000000000000000000, 18.02520032586886600, -15.06589001178553566 ) ) ;
#1762 = LINE ( 'NONE', #5719, #958 ) ;
#1763 = ORIENTED_EDGE ( 'NONE', *, *, #3336, .T. ) ;
#1764 = CIRCLE ( 'NONE', #8226, 26.00000000000000000 ) ;
#1765 = CARTESIAN_POINT ( 'NONE',  ( 0.000000000000000000, -2.826494134736670105, 23.32165987963166742 ) ) ;
#1766 = AXIS2_PLACEMENT_3D ( 'NONE', #939, #449, #6899 ) ;
#1767 = CARTESIAN_POINT ( 'NONE',  ( -2.050538145046632010, 7.000000000000008882, -15.85322226736041173 ) ) ;
#1768 = EDGE_CURVE ( 'NONE', #8186, #4442, #5657, .T. ) ;
#1769 = EDGE_CURVE ( 'NONE', #7044, #4510, #1953, .T. ) ;
#1770 = CIRCLE ( 'NONE', #5075, 9.999999999999996447 ) ;
#1771 = EDGE_LOOP ( 'NONE', ( #3799, #7177, #7188, #1562 ) ) ;
#1772 = AXIS2_PLACEMENT_3D ( 'NONE', #7696, #2417, #1207 ) ;
#1773 = CARTESIAN_POINT ( 'NONE',  ( 0.000000000000000000, 8.537555587897360354, 21.88604654154067930 ) ) ;
#1774 = CARTESIAN_POINT ( 'NONE',  ( 3.000000000000000888, 0.000000000000000000, 0.000000000000000000 ) ) ;
#1775 = ORIENTED_EDGE ( 'NONE', *, *, #2304, .F. ) ;
#1776 = CARTESIAN_POINT ( 'NONE',  ( 3.000000000000000888, 12.35365805879580137, 20.28305040092219613 ) ) ;
#1777 = DIRECTION ( 'NONE',  ( 0.000000000000000000, 1.000000000000000000, 0.000000000000000000 ) ) ;
#1778 = CYLINDRICAL_SURFACE ( 'NONE', #513, 23.74900000000000233 ) ;
#1779 = AXIS2_PLACEMENT_3D ( 'NONE', #5584, #6227, #1074 ) ;
#1780 = DIRECTION ( 'NONE',  ( -1.000000000000000000, 0.000000000000000000, 0.000000000000000000 ) ) ;
#1781 = CARTESIAN_POINT ( 'NONE',  ( 4.051352821227816037, 7.000000000000008882, -7.017148925761551581 ) ) ;
#1782 = ORIENTED_EDGE ( 'NONE', *, *, #3549, .F. ) ;
#1783 = FACE_OUTER_BOUND ( 'NONE', #479, .T. ) ;
#1784 = ORIENTED_EDGE ( 'NONE', *, *, #5455, .T. ) ;
#1785 = DIRECTION ( 'NONE',  ( 0.2208460528671434830, 0.000000000000000000, -0.9753086798203954855 ) ) ;
#1786 = DIRECTION ( 'NONE',  ( -0.6789126320186735786, 0.000000000000000000, 0.7342190668223465000 ) ) ;
#1787 = ORIENTED_EDGE ( 'NONE', *, *, #7014, .T. ) ;
#1788 = CYLINDRICAL_SURFACE ( 'NONE', #1465, 26.00000000000000000 ) ;
#1789 = SECURITY_CLASSIFICATION_LEVEL ( 'unclassified' ) ;
#1790 = ORIENTED_EDGE ( 'NONE', *, *, #6209, .T. ) ;
#1791 = LINE ( 'NONE', #7812, #4508 ) ;
#1792 = EDGE_LOOP ( 'NONE', ( #5314, #5632, #8003, #6804 ) ) ;
#1793 = CARTESIAN_POINT ( 'NONE',  ( 0.000000000000000000, 3.000000000000270450, 2.220446049250313081E-13 ) ) ;
#1794 = LINE ( 'NONE', #3694, #7407 ) ;
#1795 = AXIS2_PLACEMENT_3D ( 'NONE', #6197, #3020, #5633 ) ;
#1796 = ORIENTED_EDGE ( 'NONE', *, *, #3647, .T. ) ;
#1797 = EDGE_CURVE ( 'NONE', #5612, #896, #7853, .T. ) ;
#1798 = DIRECTION ( 'NONE',  ( 0.000000000000000000, 0.000000000000000000, 1.000000000000000000 ) ) ;
#1799 = EDGE_CURVE ( 'NONE', #1167, #8051, #3464, .T. ) ;
#1800 = VERTEX_POINT ( 'NONE', #7443 ) ;
#1801 = DIRECTION ( 'NONE',  ( -1.000000000000000000, 0.000000000000000000, 0.000000000000000000 ) ) ;
#1802 = ORIENTED_EDGE ( 'NONE', *, *, #5499, .F. ) ;
#1803 = CARTESIAN_POINT ( 'NONE',  ( 0.000000000000000000, 2.220446049250313081E-13, 2.220446049250313081E-13 ) ) ;
#1804 = AXIS2_PLACEMENT_3D ( 'NONE', #7060, #1016, #1181 ) ;
#1805 = CARTESIAN_POINT ( 'NONE',  ( 0.000000000000000000, -25.59698206453969505, 4.560099690536737249 ) ) ;
#1806 = ORIENTED_EDGE ( 'NONE', *, *, #4134, .T. ) ;
#1807 = CIRCLE ( 'NONE', #6071, 26.00000000000000000 ) ;
#1808 = DIRECTION ( 'NONE',  ( -1.000000000000000000, -0.000000000000000000, -0.000000000000000000 ) ) ;
#1809 = EDGE_CURVE ( 'NONE', #5137, #2938, #1676, .T. ) ;
#1810 = DIRECTION ( 'NONE',  ( 0.000000000000000000, 0.000000000000000000, 1.000000000000000000 ) ) ;
#1811 = EDGE_LOOP ( 'NONE', ( #3990, #5642, #3465, #7164 ) ) ;
#1812 = LINE ( 'NONE', #1135, #2822 ) ;
#1813 = DIRECTION ( 'NONE',  ( -1.000000000000000000, 0.000000000000000000, 0.000000000000000000 ) ) ;
#1814 = EDGE_CURVE ( 'NONE', #3918, #339, #307, .T. ) ;
#1815 = DIRECTION ( 'NONE',  ( -1.000000000000000000, -0.000000000000000000, 0.000000000000000000 ) ) ;
#1816 = CARTESIAN_POINT ( 'NONE',  ( 1.253146128175175456, 10.00000000000000888, 17.02734389275706306 ) ) ;
#1817 = CYLINDRICAL_SURFACE ( 'NONE', #1804, 9.999999999999998224 ) ;
#1818 = EDGE_CURVE ( 'NONE', #6924, #6699, #7307, .T. ) ;
#1819 = VERTEX_POINT ( 'NONE', #230 ) ;
#1820 = EDGE_CURVE ( 'NONE', #2502, #2890, #1390, .T. ) ;
#1821 = CARTESIAN_POINT ( 'NONE',  ( 3.000000000000000888, 0.000000000000000000, 0.000000000000000000 ) ) ;
#1822 = VERTEX_POINT ( 'NONE', #6684 ) ;
#1823 = CARTESIAN_POINT ( 'NONE',  ( 0.000000000000000000, 0.000000000000000000, 0.000000000000000000 ) ) ;
#1824 = DIRECTION ( 'NONE',  ( 0.000000000000000000, 0.000000000000000000, 1.000000000000000000 ) ) ;
#1825 = ORIENTED_EDGE ( 'NONE', *, *, #7337, .T. ) ;
#1826 = DIRECTION ( 'NONE',  ( -1.000000000000000000, -0.000000000000000000, -0.000000000000000000 ) ) ;
#1827 = FACE_OUTER_BOUND ( 'NONE', #4811, .T. ) ;
#1828 = VECTOR ( 'NONE', #667, 1000.000000000000000 ) ;
#1829 = ORIENTED_EDGE ( 'NONE', *, *, #2745, .F. ) ;
#1830 = LINE ( 'NONE', #5880, #3537 ) ;
#1831 = EDGE_LOOP ( 'NONE', ( #3265, #3273, #4319, #5173 ) ) ;
#1832 = CIRCLE ( 'NONE', #737, 26.00000000000000000 ) ;
#1833 = CARTESIAN_POINT ( 'NONE',  ( 1.500000000000000444, 19.82974763304120813, -16.81609671742810974 ) ) ;
#1834 = DIRECTION ( 'NONE',  ( 0.000000000000000000, 0.9048270524660205760, -0.4257792915650703836 ) ) ;
#1835 = CARTESIAN_POINT ( 'NONE',  ( 673.6846554298446108, 882.2731090561912879, 1295.257518242224251 ) ) ;
#1836 = CIRCLE ( 'NONE', #2544, 23.74900000000000233 ) ;
#1837 = CIRCLE ( 'NONE', #327, 23.74900000000000233 ) ;
#1838 = ORIENTED_EDGE ( 'NONE', *, *, #4867, .F. ) ;
#1839 = CARTESIAN_POINT ( 'NONE',  ( -10.00000000000000000, 0.000000000000000000, 0.000000000000000000 ) ) ;
#1840 = ORIENTED_EDGE ( 'NONE', *, *, #5120, .F. ) ;
#1841 = DIRECTION ( 'NONE',  ( 0.000000000000000000, -0.2486898871648623721, 0.9685831611286292997 ) ) ;
#1842 = ORIENTED_EDGE ( 'NONE', *, *, #3028, .T. ) ;
#1843 = CIRCLE ( 'NONE', #7609, 10.00000000000000000 ) ;
#1844 = DIRECTION ( 'NONE',  ( 1.000000000000000000, 0.000000000000000000, -0.000000000000000000 ) ) ;
#1845 = CARTESIAN_POINT ( 'NONE',  ( 2.052224346939968136, 10.00000000000000888, 15.84577559900801624 ) ) ;
#1846 = CIRCLE ( 'NONE', #4048, 3.000000000000048406 ) ;
#1847 = CIRCLE ( 'NONE', #334, 9.999999999999998224 ) ;
#1848 = ORIENTED_EDGE ( 'NONE', *, *, #5499, .T. ) ;
#1849 = CARTESIAN_POINT ( 'NONE',  ( 3.000000000000000888, -7.753840929970387208, -22.44756004185568798 ) ) ;
#1850 = CARTESIAN_POINT ( 'NONE',  ( 0.000000000000000000, -21.78099992762119541, -14.19817038047387214 ) ) ;
#1851 = CIRCLE ( 'NONE', #3644, 9.999999999999998224 ) ;
#1852 = AXIS2_PLACEMENT_3D ( 'NONE', #6718, #262, #1509 ) ;
#1853 = ORIENTED_EDGE ( 'NONE', *, *, #3460, .T. ) ;
#1854 = CARTESIAN_POINT ( 'NONE',  ( -8.102705642371589079, 10.00000000000000888, -5.617728504603292095E-11 ) ) ;
#1855 = DIRECTION ( 'NONE',  ( 0.000000000000000000, -0.3681245526846654292, -0.9297764858882563432 ) ) ;
#1856 = DIRECTION ( 'NONE',  ( -1.000000000000000000, 0.000000000000000000, 0.000000000000000000 ) ) ;
#1857 = AXIS2_PLACEMENT_3D ( 'NONE', #3789, #527, #4519 ) ;
#1858 = EDGE_CURVE ( 'NONE', #6624, #4958, #4102, .T. ) ;
#1859 = PLANE ( 'NONE',  #1915 ) ;
#1860 = EDGE_CURVE ( 'NONE', #2521, #6924, #5665, .T. ) ;
#1861 = CIRCLE ( 'NONE', #5984, 23.74900000000000233 ) ;
#1862 = LOCAL_TIME ( 18, 37, 26.00000000000000000, #6307 ) ;
#1863 = DIRECTION ( 'NONE',  ( 1.000000000000000000, -0.000000000000000000, -0.000000000000000000 ) ) ;
#1864 = ADVANCED_FACE ( 'NONE', ( #8055 ), #2181, .T. ) ;
#1865 = EDGE_LOOP ( 'NONE', ( #7138, #4844, #4304, #8153 ) ) ;
#1866 = CIRCLE ( 'NONE', #616, 10.00000000000000000 ) ;
#1867 = DIRECTION ( 'NONE',  ( -1.000000000000000000, -0.000000000000000000, -0.000000000000000000 ) ) ;
#1868 = ORIENTED_EDGE ( 'NONE', *, *, #3355, .T. ) ;
#1869 = CARTESIAN_POINT ( 'NONE',  ( 2.052224346939968136, 7.000000000000008882, 15.84577559900801624 ) ) ;
#1870 = DIRECTION ( 'NONE',  ( 0.000000000000000000, -0.7705132427757950264, 0.6374239897486827511 ) ) ;
#1871 = CIRCLE ( 'NONE', #7086, 17.50000000000000355 ) ;
#1872 = ORIENTED_EDGE ( 'NONE', *, *, #5397, .T. ) ;
#1873 = CC_DESIGN_PERSON_AND_ORGANIZATION_ASSIGNMENT ( #3184, #5793, ( #7760 ) ) ;
#1874 = DIRECTION ( 'NONE',  ( -1.000000000000000000, 0.000000000000000000, -0.000000000000000000 ) ) ;
#1875 = CARTESIAN_POINT ( 'NONE',  ( 0.000000000000000000, 11.42144594672578961, -20.52899074774362020 ) ) ;
#1876 = EDGE_CURVE ( 'NONE', #2788, #5599, #2653, .T. ) ;
#1877 = EDGE_CURVE ( 'NONE', #6059, #1040, #5252, .T. ) ;
#1878 = CIRCLE ( 'NONE', #2576, 26.00000000000000000 ) ;
#1879 = ORIENTED_EDGE ( 'NONE', *, *, #3687, .F. ) ;
#1880 = DIRECTION ( 'NONE',  ( -1.000000000000000000, -0.000000000000000000, -0.000000000000000000 ) ) ;
#1881 = ORIENTED_EDGE ( 'NONE', *, *, #5227, .T. ) ;
#1882 = CARTESIAN_POINT ( 'NONE',  ( 0.000000000000000000, 19.82974763304120813, -16.81609671742811329 ) ) ;
#1883 = LINE ( 'NONE', #8510, #968 ) ;
#1884 = PRODUCT_RELATED_PRODUCT_CATEGORY ( 'detail', '', ( #4318 ) ) ;
#1885 = AXIS2_PLACEMENT_3D ( 'NONE', #3672, #2994, #8192 ) ;
#1886 = DATE_AND_TIME ( #4629, #7484 ) ;
#1887 = B_SPLINE_CURVE_WITH_KNOTS ( 'NONE', 2,
 ( #8362, #2077, #3166, #1816, #6024 ),
 .UNSPECIFIED., .F., .F.,
 ( 3, 1, 1, 3 ),
 ( 0.002399098765396647220, 0.3755997746913342095, 0.6244002253086259335, 0.9976009012345634641 ),
 .UNSPECIFIED. ) ;
#1888 = ORIENTED_EDGE ( 'NONE', *, *, #6555, .T. ) ;
#1889 = VECTOR ( 'NONE', #4298, 1000.000000000000000 ) ;
#1890 = FACE_OUTER_BOUND ( 'NONE', #2719, .T. ) ;
#1891 = EDGE_LOOP ( 'NONE', ( #5871, #7282, #7702, #2668 ) ) ;
#1892 = ORIENTED_EDGE ( 'NONE', *, *, #5710, .T. ) ;
#1893 = DIRECTION ( 'NONE',  ( 0.000000000000000000, -0.1253332335642905471, -0.9921147013144795412 ) ) ;
#1894 = EDGE_LOOP ( 'NONE', ( #3387, #3171, #706, #6975, #402, #826, #1591, #7386, #1142, #3938, #27, #2021, #4706, #7324, #3402, #2384, #2998, #3655, #7208, #2760, #439 ) ) ;
#1895 = CARTESIAN_POINT ( 'NONE',  ( 3.000000000000000888, 24.62765115230543955, -8.335394335023911694 ) ) ;
#1896 = DIRECTION ( 'NONE',  ( 0.000000000000000000, 0.000000000000000000, 1.000000000000000000 ) ) ;
#1897 = ADVANCED_FACE ( 'NONE', ( #5991 ), #7970, .T. ) ;
#1898 = ORIENTED_EDGE ( 'NONE', *, *, #8485, .F. ) ;
#1899 = DIRECTION ( 'NONE',  ( 0.000000000000000000, 0.9048270524660205760, -0.4257792915650703836 ) ) ;
#1900 = AXIS2_PLACEMENT_3D ( 'NONE', #858, #1450, #4121 ) ;
#1901 = DIRECTION ( 'NONE',  ( 0.000000000000000000, 0.000000000000000000, 1.000000000000000000 ) ) ;
#1902 = AXIS2_PLACEMENT_3D ( 'NONE', #3633, #3679, #7582 ) ;
#1903 = ORIENTED_EDGE ( 'NONE', *, *, #2208, .T. ) ;
#1904 = CARTESIAN_POINT ( 'NONE',  ( 0.000000000000000000, -24.82361017592217678, -7.732294474077719748 ) ) ;
#1905 = LINE ( 'NONE', #4606, #7767 ) ;
#1906 = LINE ( 'NONE', #576, #2854 ) ;
#1907 = VECTOR ( 'NONE', #4017, 1000.000000000000000 ) ;
#1908 = CIRCLE ( 'NONE', #8363, 9.999999999999998224 ) ;
#1909 = CARTESIAN_POINT ( 'NONE',  ( 3.000000000000000888, 0.000000000000000000, 0.000000000000000000 ) ) ;
#1910 = ORIENTED_EDGE ( 'NONE', *, *, #3336, .F. ) ;
#1911 = EDGE_CURVE ( 'NONE', #7456, #3376, #728, .T. ) ;
#1912 = CARTESIAN_POINT ( 'NONE',  ( 15.37268543422232270, 10.00000000000000888, 7.428415564691093209 ) ) ;
#1913 = CIRCLE ( 'NONE', #1089, 9.999999999999998224 ) ;
#1914 = EDGE_LOOP ( 'NONE', ( #3451, #4268, #4130, #4171 ) ) ;
#1915 = AXIS2_PLACEMENT_3D ( 'NONE', #93, #6377, #1178 ) ;
#1916 = EDGE_CURVE ( 'NONE', #4084, #5821, #6810, .T. ) ;
#1917 = DIRECTION ( 'NONE',  ( -1.000000000000000000, 0.000000000000000000, 0.000000000000000000 ) ) ;
#1918 = DIRECTION ( 'NONE',  ( -1.000000000000000000, -0.000000000000000000, -0.000000000000000000 ) ) ;
#1919 = AXIS2_PLACEMENT_3D ( 'NONE', #1415, #7908, #4635 ) ;
#1920 = VERTEX_POINT ( 'NONE', #7358 ) ;
#1921 = CYLINDRICAL_SURFACE ( 'NONE', #3795, 9.999999999999998224 ) ;
#1922 = DIRECTION ( 'NONE',  ( -1.000000000000000000, -0.000000000000000000, 0.000000000000000000 ) ) ;
#1923 = ADVANCED_FACE ( 'NONE', ( #8103 ), #924, .T. ) ;
#1924 = AXIS2_PLACEMENT_3D ( 'NONE', #287, #4754, #6183 ) ;
#1925 = CARTESIAN_POINT ( 'NONE',  ( 1.500000000000000444, 25.47815669208872080, 5.183004107018890139 ) ) ;
#1926 = ORIENTED_EDGE ( 'NONE', *, *, #5553, .F. ) ;
#1927 = DIRECTION ( 'NONE',  ( 0.000000000000000000, 0.000000000000000000, -1.000000000000000000 ) ) ;
#1928 = VERTEX_POINT ( 'NONE', #4944 ) ;
#1929 = EDGE_CURVE ( 'NONE', #2757, #301, #8006, .T. ) ;
#1930 = CARTESIAN_POINT ( 'NONE',  ( 3.000000000000000888, 23.43820135222874157, -1.593614133755375750 ) ) ;
#1931 = CARTESIAN_POINT ( 'NONE',  ( 1.500000000000000444, 15.02476645158323976, 21.21924581778011287 ) ) ;
#1932 = EDGE_CURVE ( 'NONE', #7842, #6072, #4565, .T. ) ;
#1933 = EDGE_CURVE ( 'NONE', #8144, #579, #7571, .T. ) ;
#1934 = CALENDAR_DATE ( 2025, 7, 10 ) ;
#1935 =( REPRESENTATION_RELATIONSHIP ('NONE','NONE', #2036, #778 ) REPRESENTATION_RELATIONSHIP_WITH_TRANSFORMATION ( #1025 )SHAPE_REPRESENTATION_RELATIONSHIP( ) );
#1936 = VERTEX_POINT ( 'NONE', #8309 ) ;
#1937 = CARTESIAN_POINT ( 'NONE',  ( 3.000000000000000888, 19.46733382657898304, -13.60286420885446468 ) ) ;
#1938 = ORIENTED_EDGE ( 'NONE', *, *, #7221, .T. ) ;
#1939 = EDGE_CURVE ( 'NONE', #165, #3689, #1686, .T. ) ;
#1940 = ORIENTED_EDGE ( 'NONE', *, *, #249, .F. ) ;
#1941 = DIRECTION ( 'NONE',  ( -1.000000000000000000, 0.000000000000000000, -0.000000000000000000 ) ) ;
#1942 = ADVANCED_FACE ( 'NONE', ( #8229 ), #480, .T. ) ;
#1943 = ORIENTED_EDGE ( 'NONE', *, *, #6569, .T. ) ;
#1944 = DIRECTION ( 'NONE',  ( 0.000000000000000000, 0.6845471059286846183, 0.7289686274214153272 ) ) ;
#1945 = CARTESIAN_POINT ( 'NONE',  ( -4.051352821171638752, 7.000000000000008882, -7.017148925761551581 ) ) ;
#1946 = ORIENTED_EDGE ( 'NONE', *, *, #7861, .F. ) ;
#1947 = DIRECTION ( 'NONE',  ( -1.000000000000000000, 0.000000000000000000, -0.000000000000000000 ) ) ;
#1948 = CYLINDRICAL_SURFACE ( 'NONE', #2961, 9.999999999999998224 ) ;
#1949 = VECTOR ( 'NONE', #7565, 1000.000000000000000 ) ;
#1950 = ORIENTED_EDGE ( 'NONE', *, *, #3719, .F. ) ;
#1951 = DIRECTION ( 'NONE',  ( 0.000000000000000000, 0.8443279255020161855, -0.5358267949789946583 ) ) ;
#1952 = DIRECTION ( 'NONE',  ( -1.000000000000000000, 0.000000000000000000, 0.000000000000000000 ) ) ;
#1953 = CIRCLE ( 'NONE', #3598, 9.999999999999998224 ) ;
#1954 = ORIENTED_EDGE ( 'NONE', *, *, #31, .T. ) ;
#1955 = LINE ( 'NONE', #3968, #5932 ) ;
#1956 = ORIENTED_EDGE ( 'NONE', *, *, #5501, .F. ) ;
#1957 = CARTESIAN_POINT ( 'NONE',  ( 3.000000000000000888, 9.865329348983678415, 24.05567036763018862 ) ) ;
#1958 = VERTEX_POINT ( 'NONE', #1049 ) ;
#1959 = DIRECTION ( 'NONE',  ( 0.000000000000000000, -0.9822872507286865007, -0.1873813145857355922 ) ) ;
#1960 = DIRECTION ( 'NONE',  ( -1.000000000000000000, -0.000000000000000000, 0.000000000000000000 ) ) ;
#1961 = VERTEX_POINT ( 'NONE', #1726 ) ;
#1962 = CARTESIAN_POINT ( 'NONE',  ( -14.74895638488482597, 7.000000000000008882, 6.145609380784566866 ) ) ;
#1963 = DIRECTION ( 'NONE',  ( -0.000000000000000000, 1.000000000000000000, -0.000000000000000000 ) ) ;
#1964 = AXIS2_PLACEMENT_3D ( 'NONE', #7116, #3974, #7802 ) ;
#1965 = CARTESIAN_POINT ( 'NONE',  ( 2.052224346939968136, 7.000000000000008882, 15.84577559900801624 ) ) ;
#1966 = ORIENTED_EDGE ( 'NONE', *, *, #5073, .F. ) ;
#1967 = CARTESIAN_POINT ( 'NONE',  ( 0.000000000000000000, 2.943853573238648824, -25.83280329618390425 ) ) ;
#1968 = EDGE_LOOP ( 'NONE', ( #7425, #6633, #5433, #5627 ) ) ;
#1969 = DIRECTION ( 'NONE',  ( -1.000000000000000000, 0.000000000000000000, 0.000000000000000000 ) ) ;
#1970 = LINE ( 'NONE', #2018, #4935 ) ;
#1971 = DATE_AND_TIME ( #7821, #1723 ) ;
#1972 = ADVANCED_FACE ( 'NONE', ( #1131 ), #6204, .T. ) ;
#1973 = ORIENTED_EDGE ( 'NONE', *, *, #816, .T. ) ;
#1974 = FACE_OUTER_BOUND ( 'NONE', #7136, .T. ) ;
#1975 = EDGE_CURVE ( 'NONE', #8396, #8142, #4348, .T. ) ;
#1976 = EDGE_LOOP ( 'NONE', ( #4359, #3226, #3356, #4158 ) ) ;
#1977 = ORIENTED_EDGE ( 'NONE', *, *, #6508, .T. ) ;
#1978 = DIRECTION ( 'NONE',  ( 0.000000000000000000, 0.000000000000000000, 1.000000000000000000 ) ) ;
#1979 = EDGE_CURVE ( 'NONE', #832, #7741, #3489, .T. ) ;
#1980 = ORIENTED_EDGE ( 'NONE', *, *, #6473, .F. ) ;
#1981 = FACE_BOUND ( 'NONE', #6955, .T. ) ;
#1982 = CARTESIAN_POINT ( 'NONE',  ( 3.000000000000000888, 18.02803414784221303, 18.73472670641968207 ) ) ;
#1983 = CIRCLE ( 'NONE', #4435, 10.00000000000000000 ) ;
#1984 = CIRCLE ( 'NONE', #7745, 23.74900000000000944 ) ;
#1985 = EDGE_CURVE ( 'NONE', #2397, #1936, #5639, .T. ) ;
#1986 = EDGE_CURVE ( 'NONE', #6477, #2556, #6094, .T. ) ;
#1987 = VERTEX_POINT ( 'NONE', #2470 ) ;
#1988 = CARTESIAN_POINT ( 'NONE',  ( 0.000000000000000000, 18.17661741219012939, 14.88285819611907179 ) ) ;
#1989 = VECTOR ( 'NONE', #3297, 1000.000000000000000 ) ;
#1990 = CARTESIAN_POINT ( 'NONE',  ( 0.000000000000000000, -12.80251323316784706, -22.62953059421609581 ) ) ;
#1991 = ORIENTED_EDGE ( 'NONE', *, *, #6856, .F. ) ;
#1992 = AXIS2_PLACEMENT_3D ( 'NONE', #7230, #7744, #5856 ) ;
#1993 = DIRECTION ( 'NONE',  ( -1.000000000000000000, -0.000000000000000000, 0.000000000000000000 ) ) ;
#1994 = FACE_OUTER_BOUND ( 'NONE', #242, .T. ) ;
#1995 = VECTOR ( 'NONE', #3490, 1000.000000000000000 ) ;
#1996 = VECTOR ( 'NONE', #3699, 1000.000000000000000 ) ;
#1997 = VECTOR ( 'NONE', #3091, 1000.000000000000000 ) ;
#1998 = CIRCLE ( 'NONE', #4321, 26.00000000000000000 ) ;
#1999 = AXIS2_PLACEMENT_3D ( 'NONE', #4789, #4012, #3426 ) ;
#2000 = CYLINDRICAL_SURFACE ( 'NONE', #7299, 26.00000000000000000 ) ;
#2001 = LOCAL_TIME ( 18, 37, 26.00000000000000000, #8340 ) ;
#2002 = VERTEX_POINT ( 'NONE', #5556 ) ;
#2003 = CARTESIAN_POINT ( 'NONE',  ( 12.69673203802745931, 10.00000000000000888, -9.700166218278072350 ) ) ;
#2004 = VERTEX_POINT ( 'NONE', #2381 ) ;
#2005 = CARTESIAN_POINT ( 'NONE',  ( 3.000000000000000888, 0.000000000000000000, 0.000000000000000000 ) ) ;
#2006 = CARTESIAN_POINT ( 'NONE',  ( -4.051352821171638752, 10.00000000000000888, -7.017148925761551581 ) ) ;
#2007 = ORIENTED_EDGE ( 'NONE', *, *, #2309, .T. ) ;
#2008 = CARTESIAN_POINT ( 'NONE',  ( 1.500000000000000444, -2.943853573238087051, -25.83280329618397175 ) ) ;
#2009 = VECTOR ( 'NONE', #433, 1000.000000000000000 ) ;
#2010 = CC_DESIGN_APPROVAL ( #2786, ( #3924 ) ) ;
#2011 = CARTESIAN_POINT ( 'NONE',  ( 0.000000000000000000, -15.02476645158309587, -21.21924581778021590 ) ) ;
#2012 = DIRECTION ( 'NONE',  ( -0.000000000000000000, 1.000000000000000000, -0.000000000000000000 ) ) ;
#2013 = ORIENTED_EDGE ( 'NONE', *, *, #2309, .F. ) ;
#2014 = CIRCLE ( 'NONE', #2297, 10.00000000000000000 ) ;
#2015 = DIRECTION ( 'NONE',  ( 0.000000000000000000, 0.000000000000000000, -1.000000000000000000 ) ) ;
#2016 = ORIENTED_EDGE ( 'NONE', *, *, #6753, .F. ) ;
#2017 = CARTESIAN_POINT ( 'NONE',  ( 3.000000000000000888, -1.054159027266075022, 23.72559271641561551 ) ) ;
#2018 = CARTESIAN_POINT ( 'NONE',  ( 3.000000000000000888, -23.61258448579737745, 2.541821178029872286 ) ) ;
#2019 = CIRCLE ( 'NONE', #4077, 23.74900000000000588 ) ;
#2020 = DATE_TIME_ROLE ( 'creation_date' ) ;
#2021 = ORIENTED_EDGE ( 'NONE', *, *, #6129, .T. ) ;
#2022 = CARTESIAN_POINT ( 'NONE',  ( 3.000000000000000888, 14.79838606843898674, -18.57478857940060735 ) ) ;
#2023 = ORIENTED_EDGE ( 'NONE', *, *, #5867, .F. ) ;
#2024 = EDGE_LOOP ( 'NONE', ( #6191, #1060, #5037, #941 ) ) ;
#2025 = DIRECTION ( 'NONE',  ( -1.000000000000000000, 0.000000000000000000, 0.000000000000000000 ) ) ;
#2026 = CIRCLE ( 'NONE', #8205, 26.00000000000000000 ) ;
#2027 = ADVANCED_FACE ( 'NONE', ( #5035 ), #7663, .T. ) ;
#2028 = ORIENTED_EDGE ( 'NONE', *, *, #6639, .F. ) ;
#2029 = EDGE_CURVE ( 'NONE', #4570, #606, #1426, .T. ) ;
#2030 = AXIS2_PLACEMENT_3D ( 'NONE', #6562, #1186, #1870 ) ;
#2031 = CARTESIAN_POINT ( 'NONE',  ( -4.051352821171860796, 7.000000000000008882, 7.017148925649419056 ) ) ;
#2032 = DIRECTION ( 'NONE',  ( 0.000000000000000000, 0.000000000000000000, 1.000000000000000000 ) ) ;
#2033 = VECTOR ( 'NONE', #6064, 1000.000000000000000 ) ;
#2034 = ORIENTED_EDGE ( 'NONE', *, *, #4545, .T. ) ;
#2035 = CARTESIAN_POINT ( 'NONE',  ( 3.000000000000000888, 24.82361017592223718, 7.732294474077540336 ) ) ;
#2036 = SHAPE_REPRESENTATION ( 'Servo_Adapter_Hole', ( #3776, #348, #5148 ), #3521 ) ;
#2037 = DIRECTION ( 'NONE',  ( 0.000000000000000000, 0.000000000000000000, 1.000000000000000000 ) ) ;
#2038 = ORIENTED_EDGE ( 'NONE', *, *, #3766, .F. ) ;
#2039 = EDGE_CURVE ( 'NONE', #3875, #7249, #4711, .T. ) ;
#2040 = LINE ( 'NONE', #50, #2420 ) ;
#2041 = CIRCLE ( 'NONE', #4366, 10.00000000000000000 ) ;
#2042 = CARTESIAN_POINT ( 'NONE',  ( 1.500000000000000444, 24.82361017592223362, 7.732294474077538560 ) ) ;
#2043 = AXIS2_PLACEMENT_3D ( 'NONE', #686, #3314, #5927 ) ;
#2044 = EDGE_CURVE ( 'NONE', #1652, #7042, #308, .T. ) ;
#2045 = CARTESIAN_POINT ( 'NONE',  ( 0.000000000000000000, -9.275723936747011678, 24.28911166447341685 ) ) ;
#2046 = ORIENTED_EDGE ( 'NONE', *, *, #3333, .F. ) ;
#2047 = CARTESIAN_POINT ( 'NONE',  ( 3.000000000000000888, 23.05365132147766971, -4.518633574727327407 ) ) ;
#2048 = ORIENTED_EDGE ( 'NONE', *, *, #1985, .F. ) ;
#2049 = CARTESIAN_POINT ( 'NONE',  ( 3.000000000000000888, -23.10781753700502250, 5.481219725251234465 ) ) ;
#2050 = CARTESIAN_POINT ( 'NONE',  ( 15.14952443976302909, 10.00000000000000888, -8.746582013434034408 ) ) ;
#2051 = EDGE_CURVE ( 'NONE', #1654, #8144, #7465, .T. ) ;
#2052 = ORIENTED_EDGE ( 'NONE', *, *, #1302, .F. ) ;
#2053 = DIRECTION ( 'NONE',  ( -1.000000000000000000, 0.000000000000000000, 0.000000000000000000 ) ) ;
#2054 = CIRCLE ( 'NONE', #4792, 9.999999999999998224 ) ;
#2055 = APPLICATION_CONTEXT ( 'configuration controlled 3d designs of mechanical parts and assemblies' ) ;
#2056 = CIRCLE ( 'NONE', #1224, 23.74900000000000233 ) ;
#2057 = CARTESIAN_POINT ( 'NONE',  ( 3.000000000000000888, -22.23862650171300714, 8.334176163083432343 ) ) ;
#2058 = CYLINDRICAL_SURFACE ( 'NONE', #4190, 23.74900000000000233 ) ;
#2059 = VECTOR ( 'NONE', #6966, 1000.000000000000000 ) ;
#2060 = ORIENTED_EDGE ( 'NONE', *, *, #4763, .F. ) ;
#2061 = AXIS2_PLACEMENT_3D ( 'NONE', #2288, #4888, #7516 ) ;
#2062 = DIRECTION ( 'NONE',  ( -1.000000000000000000, -0.000000000000000000, -0.000000000000000000 ) ) ;
#2063 = CARTESIAN_POINT ( 'NONE',  ( 1.500000000000000444, -9.275723936746668841, -24.28911166447354475 ) ) ;
#2064 = VERTEX_POINT ( 'NONE', #6887 ) ;
#2065 = CARTESIAN_POINT ( 'NONE',  ( 3.000000000000000888, -22.37893697895712108, -7.146472439377875574 ) ) ;
#2066 = FACE_OUTER_BOUND ( 'NONE', #2671, .T. ) ;
#2067 = CIRCLE ( 'NONE', #4256, 23.74900000000000588 ) ;
#2068 = PERSON_AND_ORGANIZATION ( #6793, #2555 ) ;
#2069 = EDGE_LOOP ( 'NONE', ( #6443, #1943, #4328, #1411 ) ) ;
#2070 = DIRECTION ( 'NONE',  ( -1.000000000000000000, 0.000000000000000000, 0.000000000000000000 ) ) ;
#2071 = ORIENTED_EDGE ( 'NONE', *, *, #1042, .F. ) ;
#2072 = VERTEX_POINT ( 'NONE', #3620 ) ;
#2073 = DIRECTION ( 'NONE',  ( -1.000000000000000000, 0.000000000000000000, 0.000000000000000000 ) ) ;
#2074 = DIRECTION ( 'NONE',  ( -1.000000000000000000, -0.000000000000000000, -0.000000000000000000 ) ) ;
#2075 = ORIENTED_EDGE ( 'NONE', *, *, #2638, .F. ) ;
#2076 = DIRECTION ( 'NONE',  ( 0.000000000000000000, 0.000000000000000000, 1.000000000000000000 ) ) ;
#2077 = CARTESIAN_POINT ( 'NONE',  ( -1.253146128134763337, 10.00000000000000888, 17.02734389275728688 ) ) ;
#2078 = AXIS2_PLACEMENT_3D ( 'NONE', #6198, #1122, #3103 ) ;
#2079 = EDGE_CURVE ( 'NONE', #2771, #6482, #6918, .T. ) ;
#2080 = EDGE_CURVE ( 'NONE', #3126, #2266, #1984, .T. ) ;
#2081 = ORIENTED_EDGE ( 'NONE', *, *, #664, .F. ) ;
#2082 = DIRECTION ( 'NONE',  ( -1.000000000000000000, 0.000000000000000000, 0.000000000000000000 ) ) ;
#2083 = CYLINDRICAL_SURFACE ( 'NONE', #6103, 26.00000000000000000 ) ;
#2084 = ORIENTED_EDGE ( 'NONE', *, *, #198, .T. ) ;
#2085 = CARTESIAN_POINT ( 'NONE',  ( 0.000000000000000000, -0.1187726605495834087, -23.49201527519570476 ) ) ;
#2086 = CARTESIAN_POINT ( 'NONE',  ( -12.69673203797261252, 7.000000000000008882, -9.700166218279626662 ) ) ;
#2087 = ORIENTED_EDGE ( 'NONE', *, *, #2501, .F. ) ;
#2088 = ADVANCED_FACE ( 'NONE', ( #2 ), #2598, .T. ) ;
#2089 = DIRECTION ( 'NONE',  ( -1.000000000000000000, 0.000000000000000000, 0.000000000000000000 ) ) ;
#2090 = ORIENTED_EDGE ( 'NONE', *, *, #1098, .T. ) ;
#2091 = DIRECTION ( 'NONE',  ( -1.000000000000000000, 0.000000000000000000, -0.000000000000000000 ) ) ;
#2092 = EDGE_CURVE ( 'NONE', #6400, #4609, #7599, .T. ) ;
#2093 = ORIENTED_EDGE ( 'NONE', *, *, #4649, .F. ) ;
#2094 = CARTESIAN_POINT ( 'NONE',  ( 3.000000000000000888, 24.82361017592234376, -7.732294474077186841 ) ) ;
#2095 = CYLINDRICAL_SURFACE ( 'NONE', #7763, 26.00000000000000000 ) ;
#2096 = ORIENTED_EDGE ( 'NONE', *, *, #297, .F. ) ;
#2097 = CARTESIAN_POINT ( 'NONE',  ( -14.74895638488482597, 7.000000000000008882, 6.145609380784566866 ) ) ;
#2098 = CARTESIAN_POINT ( 'NONE',  ( 12.69673203802745931, 7.000000000000008882, -9.700166218278072350 ) ) ;
#2099 = EDGE_CURVE ( 'NONE', #7719, #2238, #1837, .T. ) ;
#2100 = EDGE_CURVE ( 'NONE', #3478, #3729, #6658, .T. ) ;
#2101 = DIRECTION ( 'NONE',  ( 0.000000000000000000, 0.000000000000000000, 1.000000000000000000 ) ) ;
#2102 = ORIENTED_EDGE ( 'NONE', *, *, #1814, .T. ) ;
#2103 = DIRECTION ( 'NONE',  ( -1.000000000000000000, 0.000000000000000000, 0.000000000000000000 ) ) ;
#2104 = LINE ( 'NONE', #6744, #5052 ) ;
#2105 = ORIENTED_EDGE ( 'NONE', *, *, #8337, .T. ) ;
#2106 = CARTESIAN_POINT ( 'NONE',  ( 3.000000000000000888, 4.019451921852295051, -23.40638817177734055 ) ) ;
#2107 = DIRECTION ( 'NONE',  ( -1.000000000000000000, -0.000000000000000000, 0.000000000000000000 ) ) ;
#2108 = PERSON_AND_ORGANIZATION ( #6793, #2555 ) ;
#2109 = VERTEX_POINT ( 'NONE', #6591 ) ;
#2110 = CARTESIAN_POINT ( 'NONE',  ( 3.000000000000000888, -8.537555587897518450, 21.88604654154061535 ) ) ;
#2111 = ORIENTED_EDGE ( 'NONE', *, *, #1024, .F. ) ;
#2112 = VERTEX_POINT ( 'NONE', #1849 ) ;
#2113 = DIRECTION ( 'NONE',  ( 1.000000000000000000, -0.000000000000000000, -0.000000000000000000 ) ) ;
#2114 = AXIS2_PLACEMENT_3D ( 'NONE', #7611, #7488, #6327 ) ;
#2115 = CYLINDRICAL_SURFACE ( 'NONE', #7205, 9.999999999999998224 ) ;
#2116 = ORIENTED_EDGE ( 'NONE', *, *, #5509, .F. ) ;
#2117 = CARTESIAN_POINT ( 'NONE',  ( 14.11953930606579810, 7.000000000000008882, 9.598928327965827734 ) ) ;
#2118 = AXIS2_PLACEMENT_3D ( 'NONE', #343, #470, #7523 ) ;
#2119 = ORIENTED_EDGE ( 'NONE', *, *, #1245, .F. ) ;
#2120 = CARTESIAN_POINT ( 'NONE',  ( 0.000000000000000000, -25.47815669208868528, -5.183004107019072215 ) ) ;
#2121 = CYLINDRICAL_SURFACE ( 'NONE', #7968, 9.999999999999996447 ) ;
#2122 = ORIENTED_EDGE ( 'NONE', *, *, #3871, .F. ) ;
#2123 = CIRCLE ( 'NONE', #4301, 26.00000000000000000 ) ;
#2124 = DIRECTION ( 'NONE',  ( -1.000000000000000000, 0.000000000000000000, 0.000000000000000000 ) ) ;
#2125 = CARTESIAN_POINT ( 'NONE',  ( -14.74895638488504801, 7.000000000000008882, -6.145609380897365526 ) ) ;
#2126 = CIRCLE ( 'NONE', #1700, 10.00000000000000178 ) ;
#2127 = CARTESIAN_POINT ( 'NONE',  ( 1.500000000000000444, 22.12078737453582988, 13.66275103815392455 ) ) ;
#2128 = ORIENTED_EDGE ( 'NONE', *, *, #7223, .F. ) ;
#2129 = DIRECTION ( 'NONE',  ( -1.000000000000000000, 0.000000000000000000, 0.000000000000000000 ) ) ;
#2130 = VERTEX_POINT ( 'NONE', #5900 ) ;
#2131 = CARTESIAN_POINT ( 'NONE',  ( 3.000000000000000888, 23.50287694562801022, 3.410245779803523281 ) ) ;
#2132 = FACE_OUTER_BOUND ( 'NONE', #5943, .T. ) ;
#2133 = EDGE_CURVE ( 'NONE', #5245, #3270, #3159, .T. ) ;
#2134 = CARTESIAN_POINT ( 'NONE',  ( 3.000000000000000888, 0.000000000000000000, 0.000000000000000000 ) ) ;
#2135 = AXIS2_PLACEMENT_3D ( 'NONE', #4680, #7305, #5371 ) ;
#2136 = EDGE_CURVE ( 'NONE', #2292, #2440, #899, .T. ) ;
#2137 = VECTOR ( 'NONE', #4471, 1000.000000000000000 ) ;
#2138 = DIRECTION ( 'NONE',  ( -1.000000000000000000, 0.000000000000000000, 0.000000000000000000 ) ) ;
#2139 = CIRCLE ( 'NONE', #2406, 23.74900000000000588 ) ;
#2140 = AXIS2_PLACEMENT_3D ( 'NONE', #2349, #4950, #1685 ) ;
#2141 = EDGE_CURVE ( 'NONE', #8051, #3381, #88, .T. ) ;
#2142 = CARTESIAN_POINT ( 'NONE',  ( 3.000000000000000888, -19.46733382657888356, 13.60286420885461212 ) ) ;
#2143 = AXIS2_PLACEMENT_3D ( 'NONE', #806, #7501, #6862 ) ;
#2144 = CIRCLE ( 'NONE', #3641, 10.00000000000000000 ) ;
#2145 = ORIENTED_EDGE ( 'NONE', *, *, #8261, .F. ) ;
#2146 = CARTESIAN_POINT ( 'NONE',  ( 3.000000000000000888, 0.000000000000000000, 0.000000000000000000 ) ) ;
#2147 = DIRECTION ( 'NONE',  ( -1.000000000000000000, 0.000000000000000000, 0.000000000000000000 ) ) ;
#2148 = ORIENTED_EDGE ( 'NONE', *, *, #2251, .T. ) ;
#2149 = AXIS2_PLACEMENT_3D ( 'NONE', #7572, #7664, #4798 ) ;
#2150 = CARTESIAN_POINT ( 'NONE',  ( 0.000000000000000000, -9.865329348983509661, -24.05567036763025612 ) ) ;
#2151 = FACE_OUTER_BOUND ( 'NONE', #425, .T. ) ;
#2152 = AXIS2_PLACEMENT_3D ( 'NONE', #1099, #2268, #2948 ) ;
#2153 = APPROVAL_PERSON_ORGANIZATION ( #2157, #4555, #2279 ) ;
#2154 = CYLINDRICAL_SURFACE ( 'NONE', #8193, 9.999999999999998224 ) ;
#2155 = ADVANCED_FACE ( 'NONE', ( #7147 ), #4427, .T. ) ;
#2156 = ADVANCED_FACE ( 'NONE', ( #5771 ), #7098, .T. ) ;
#2157 = PERSON_AND_ORGANIZATION ( #6793, #2555 ) ;
#2158 = AXIS2_PLACEMENT_3D ( 'NONE', #3705, #1636, #4896 ) ;
#2159 = ORIENTED_EDGE ( 'NONE', *, *, #31, .F. ) ;
#2160 = CARTESIAN_POINT ( 'NONE',  ( 3.000000000000000888, 0.000000000000000000, 0.000000000000000000 ) ) ;
#2161 = CC_DESIGN_PERSON_AND_ORGANIZATION_ASSIGNMENT ( #5664, #2400, ( #7080 ) ) ;
#2162 = EDGE_LOOP ( 'NONE', ( #6234, #3529, #2427, #6471 ) ) ;
#2163 = ORIENTED_EDGE ( 'NONE', *, *, #2391, .F. ) ;
#2164 = FACE_OUTER_BOUND ( 'NONE', #2934, .T. ) ;
#2165 = DIRECTION ( 'NONE',  ( -1.000000000000000000, -0.000000000000000000, 0.000000000000000000 ) ) ;
#2166 = ORIENTED_EDGE ( 'NONE', *, *, #3663, .F. ) ;
#2167 = CIRCLE ( 'NONE', #637, 10.00000000000000178 ) ;
#2168 = EDGE_CURVE ( 'NONE', #7351, #6836, #2641, .T. ) ;
#2169 = CARTESIAN_POINT ( 'NONE',  ( 12.69673203802779149, 10.00000000000000888, 9.700166218167050047 ) ) ;
#2170 = DIRECTION ( 'NONE',  ( 0.000000000000000000, 0.000000000000000000, 1.000000000000000000 ) ) ;
#2171 = ORIENTED_EDGE ( 'NONE', *, *, #3590, .F. ) ;
#2172 = CIRCLE ( 'NONE', #8197, 10.00000000000000000 ) ;
#2173 = DIRECTION ( 'NONE',  ( -1.000000000000000000, -0.000000000000000000, -0.000000000000000000 ) ) ;
#2174 = CARTESIAN_POINT ( 'NONE',  ( 3.000000000000000888, 21.20563999867581373, 10.10988233766755862 ) ) ;
#2175 = ORIENTED_EDGE ( 'NONE', *, *, #280, .F. ) ;
#2176 = CARTESIAN_POINT ( 'NONE',  ( 3.000000000000000888, 9.714105481848045898, 21.67143640111402192 ) ) ;
#2177 = DIRECTION ( 'NONE',  ( 0.000000000000000000, 0.000000000000000000, -1.000000000000000000 ) ) ;
#2178 = CIRCLE ( 'NONE', #4482, 26.00000000000000000 ) ;
#2179 = EDGE_CURVE ( 'NONE', #5941, #3123, #7048, .T. ) ;
#2180 = CIRCLE ( 'NONE', #7374, 9.999999999999996447 ) ;
#2181 = CYLINDRICAL_SURFACE ( 'NONE', #6775, 26.00000000000000000 ) ;
#2182 = EDGE_LOOP ( 'NONE', ( #6883, #7557, #1626, #263 ) ) ;
#2183 = AXIS2_PLACEMENT_3D ( 'NONE', #1047, #395, #3580 ) ;
#2184 = DIRECTION ( 'NONE',  ( 0.000000000000000000, 0.2486898871648483555, 0.9685831611286327414 ) ) ;
#2185 = ORIENTED_EDGE ( 'NONE', *, *, #4859, .F. ) ;
#2186 = DIRECTION ( 'NONE',  ( -1.000000000000000000, 0.000000000000000000, 0.000000000000000000 ) ) ;
#2187 = CARTESIAN_POINT ( 'NONE',  ( 1.500000000000000444, 9.275723936747180431, -24.28911166447335290 ) ) ;
#2188 = DIRECTION ( 'NONE',  ( 0.000000000000000000, 0.000000000000000000, -1.000000000000000000 ) ) ;
#2189 = CARTESIAN_POINT ( 'NONE',  ( 3.000000000000000888, 17.60893712771352781, 15.93550545895021386 ) ) ;
#2190 = VECTOR ( 'NONE', #7941, 1000.000000000000000 ) ;
#2191 = EDGE_CURVE ( 'NONE', #2002, #1472, #4742, .T. ) ;
#2192 = FACE_OUTER_BOUND ( 'NONE', #2254, .T. ) ;
#2193 = AXIS2_PLACEMENT_3D ( 'NONE', #3445, #863, #5367 ) ;
#2194 = EDGE_CURVE ( 'NONE', #2212, #3068, #1866, .T. ) ;
#2195 = ORIENTED_EDGE ( 'NONE', *, *, #1663, .T. ) ;
#2196 = DIRECTION ( 'NONE',  ( -1.000000000000000000, -0.000000000000000000, -0.000000000000000000 ) ) ;
#2197 = DIRECTION ( 'NONE',  ( -1.000000000000000000, -0.000000000000000000, 0.000000000000000000 ) ) ;
#2198 = ORIENTED_EDGE ( 'NONE', *, *, #7142, .F. ) ;
#2199 = VECTOR ( 'NONE', #4317, 1000.000000000000000 ) ;
#2200 = CYLINDRICAL_SURFACE ( 'NONE', #4030, 9.999999999999998224 ) ;
#2201 = CARTESIAN_POINT ( 'NONE',  ( 3.000000000000000888, -2.943853573238456534, 25.83280329618392557 ) ) ;
#2202 = VECTOR ( 'NONE', #4404, 1000.000000000000000 ) ;
#2203 = CARTESIAN_POINT ( 'NONE',  ( 1.541888672219315248, 7.000000000000007994, -16.91572086648510975 ) ) ;
#2204 = MECHANICAL_CONTEXT ( 'NONE', #5723, 'mechanical' ) ;
#2205 = AXIS2_PLACEMENT_3D ( 'NONE', #4216, #5030, #7653 ) ;
#2206 = AXIS2_PLACEMENT_3D ( 'NONE', #6693, #4794, #2699 ) ;
#2207 = AXIS2_PLACEMENT_3D ( 'NONE', #2265, #7043, #3780 ) ;
#2208 = EDGE_CURVE ( 'NONE', #1107, #215, #1256, .T. ) ;
#2209 = VERTEX_POINT ( 'NONE', #3914 ) ;
#2210 = EDGE_CURVE ( 'NONE', #459, #1652, #2144, .T. ) ;
#2211 = CARTESIAN_POINT ( 'NONE',  ( 3.000000000000000888, 0.000000000000000000, 0.000000000000000000 ) ) ;
#2212 = VERTEX_POINT ( 'NONE', #7229 ) ;
#2213 = VERTEX_POINT ( 'NONE', #695 ) ;
#2214 = CARTESIAN_POINT ( 'NONE',  ( 1.500000000000000444, -21.78099992762119541, -14.19817038047387214 ) ) ;
#2215 = ADVANCED_FACE ( 'NONE', ( #3323 ), #5936, .T. ) ;
#2216 = CARTESIAN_POINT ( 'NONE',  ( 1.500000000000000444, 12.80251323316831957, -22.62953059421582580 ) ) ;
#2217 = VECTOR ( 'NONE', #1155, 1000.000000000000000 ) ;
#2218 = CARTESIAN_POINT ( 'NONE',  ( 14.74895638494033712, 7.000000000000008882, 6.145609380784566866 ) ) ;
#2219 = ADVANCED_FACE ( 'NONE', ( #5470 ), #5336, .T. ) ;
#2220 = VERTEX_POINT ( 'NONE', #2727 ) ;
#2221 = EDGE_CURVE ( 'NONE', #6742, #1277, #4457, .T. ) ;
#2222 = DIRECTION ( 'NONE',  ( -1.000000000000000000, 0.000000000000000000, 0.000000000000000000 ) ) ;
#2223 = DIRECTION ( 'NONE',  ( 0.000000000000000000, 0.7705132427757860336, 0.6374239897486935202 ) ) ;
#2224 = VERTEX_POINT ( 'NONE', #2035 ) ;
#2225 = CARTESIAN_POINT ( 'NONE',  ( 3.000000000000000888, 9.714105481848045898, 21.67143640111402192 ) ) ;
#2226 = CARTESIAN_POINT ( 'NONE',  ( 3.000000000000000888, -18.02520032586853915, -15.06589001178591936 ) ) ;
#2227 = DIRECTION ( 'NONE',  ( 0.000000000000000000, 0.6845471059286900584, -0.7289686274214102202 ) ) ;
#2228 = VERTEX_POINT ( 'NONE', #3999 ) ;
#2229 = DIRECTION ( 'NONE',  ( 0.000000000000000000, -0.9980267284282723361, 0.06279051952930261860 ) ) ;
#2230 = VERTEX_POINT ( 'NONE', #223 ) ;
#2231 = CARTESIAN_POINT ( 'NONE',  ( 14.74895638494033712, 7.000000000000008882, 6.145609380784566866 ) ) ;
#2232 = CARTESIAN_POINT ( 'NONE',  ( 12.69673203802745931, 7.000000000000008882, -9.700166218278072350 ) ) ;
#2233 = CYLINDRICAL_SURFACE ( 'NONE', #6824, 23.74900000000000233 ) ;
#2234 = DIRECTION ( 'NONE',  ( 0.000000000000000000, 0.000000000000000000, 1.000000000000000000 ) ) ;
#2235 = CYLINDRICAL_SURFACE ( 'NONE', #8450, 26.00000000000000000 ) ;
#2236 = VERTEX_POINT ( 'NONE', #2120 ) ;
#2237 = DIRECTION ( 'NONE',  ( 1.000000000000000000, -0.000000000000000000, 0.000000000000000000 ) ) ;
#2238 = VERTEX_POINT ( 'NONE', #4044 ) ;
#2239 = CARTESIAN_POINT ( 'NONE',  ( 0.000000000000000000, -19.77132294913416288, 12.68793432659402143 ) ) ;
#2240 = DIRECTION ( 'NONE',  ( -1.000000000000000000, 0.000000000000000000, 0.000000000000000000 ) ) ;
#2241 = AXIS2_PLACEMENT_3D ( 'NONE', #4957, #7579, #1689 ) ;
#2242 = LINE ( 'NONE', #3482, #2979 ) ;
#2243 = PERSON_AND_ORGANIZATION ( #6793, #2555 ) ;
#2244 = ORIENTED_EDGE ( 'NONE', *, *, #5167, .T. ) ;
#2245 = CARTESIAN_POINT ( 'NONE',  ( -10.00000000000000000, 0.000000000000000000, 0.000000000000000000 ) ) ;
#2246 = ADVANCED_FACE ( 'NONE', ( #1470 ), #2808, .T. ) ;
#2247 = ORIENTED_EDGE ( 'NONE', *, *, #7002, .T. ) ;
#2248 = VERTEX_POINT ( 'NONE', #5420 ) ;
#2249 = CARTESIAN_POINT ( 'NONE',  ( 3.000000000000000888, 0.000000000000000000, 0.000000000000000000 ) ) ;
#2250 = DIRECTION ( 'NONE',  ( 1.000000000000000000, 0.000000000000000000, 4.256270054397946562E-44 ) ) ;
#2251 = EDGE_CURVE ( 'NONE', #5750, #6770, #6677, .T. ) ;
#2252 = CARTESIAN_POINT ( 'NONE',  ( -4.781640549837540277, -2.264868756260085547, 4.381011163275161380 ) ) ;
#2253 = ADVANCED_FACE ( 'NONE', ( #3413 ), #7311, .T. ) ;
#2254 = EDGE_LOOP ( 'NONE', ( #3969, #4259, #291, #1853 ) ) ;
#2255 = CARTESIAN_POINT ( 'NONE',  ( 3.000000000000000888, 9.865329348984012370, -24.05567036763005362 ) ) ;
#2256 = DIRECTION ( 'NONE',  ( -1.000000000000000000, 0.000000000000000000, -0.000000000000000000 ) ) ;
#2257 = CC_DESIGN_PERSON_AND_ORGANIZATION_ASSIGNMENT ( #7171, #4544, ( #1583 ) ) ;
#2258 = EDGE_LOOP ( 'NONE', ( #8293, #7930, #1571, #8349 ) ) ;
#2259 = CARTESIAN_POINT ( 'NONE',  ( 4.051352821227816037, 10.00000000000000888, -7.017148925761551581 ) ) ;
#2260 = ADVANCED_FACE ( 'NONE', ( #1514 ), #6722, .T. ) ;
#2261 = EDGE_CURVE ( 'NONE', #6352, #3120, #6253, .T. ) ;
#2262 = DIRECTION ( 'NONE',  ( -1.000000000000000000, 0.000000000000000000, 0.000000000000000000 ) ) ;
#2263 = CLOSED_SHELL ( 'NONE', ( #7061, #290, #387, #2219, #6961, #4951, #6138, #7912, #5696, #7059, #8345, #7658, #8502, #3957, #3662, #1553, #6193, #2733, #509, #4703, #7765, #831, #238, #7172, #8227, #8225 ) ) ;
#2264 = ORIENTED_EDGE ( 'NONE', *, *, #4289, .F. ) ;
#2265 = CARTESIAN_POINT ( 'NONE',  ( 3.000000000000000888, -21.30678187720815586, -9.894944904950010667 ) ) ;
#2266 = VERTEX_POINT ( 'NONE', #914 ) ;
#2267 = DIRECTION ( 'NONE',  ( 0.000000000000000000, 0.000000000000000000, -1.000000000000000000 ) ) ;
#2268 = DIRECTION ( 'NONE',  ( -1.000000000000000000, -0.000000000000000000, 0.000000000000000000 ) ) ;
#2269 = DIRECTION ( 'NONE',  ( -1.000000000000000000, -0.000000000000000000, -0.000000000000000000 ) ) ;
#2270 = DIRECTION ( 'NONE',  ( -1.000000000000000000, 0.000000000000000000, 0.000000000000000000 ) ) ;
#2271 = DIRECTION ( 'NONE',  ( -1.000000000000000000, 0.000000000000000000, 0.000000000000000000 ) ) ;
#2272 = ORIENTED_EDGE ( 'NONE', *, *, #8020, .F. ) ;
#2273 = DIRECTION ( 'NONE',  ( 0.000000000000000000, -0.4817536741017223179, 0.8763066800438596982 ) ) ;
#2274 = EDGE_LOOP ( 'NONE', ( #3088, #3247, #4546, #7494 ) ) ;
#2275 = FACE_OUTER_BOUND ( 'NONE', #8209, .T. ) ;
#2276 = DIRECTION ( 'NONE',  ( -1.000000000000000000, -0.000000000000000000, 0.000000000000000000 ) ) ;
#2277 = DIRECTION ( 'NONE',  ( 0.000000000000000000, 0.000000000000000000, 1.000000000000000000 ) ) ;
#2278 = EDGE_CURVE ( 'NONE', #3376, #2483, #873, .T. ) ;
#2279 = APPROVAL_ROLE ( '' ) ;
#2280 = CIRCLE ( 'NONE', #2410, 9.999999999999998224 ) ;
#2281 = AXIS2_PLACEMENT_3D ( 'NONE', #46, #7703, #99 ) ;
#2282 = EDGE_LOOP ( 'NONE', ( #3415, #4518, #2623, #8253 ) ) ;
#2283 = AXIS2_PLACEMENT_3D ( 'NONE', #8147, #4353, #6333 ) ;
#2284 = CARTESIAN_POINT ( 'NONE',  ( 0.000000000000000000, -22.23862650171288280, -8.334176163083755640 ) ) ;
#2285 = AXIS2_PLACEMENT_3D ( 'NONE', #8169, #4724, #7350 ) ;
#2286 = EDGE_LOOP ( 'NONE', ( #3998, #3933, #5193, #5056 ) ) ;
#2287 = EDGE_LOOP ( 'NONE', ( #1206, #6880, #1158, #5311 ) ) ;
#2288 = CARTESIAN_POINT ( 'NONE',  ( 3.000000000000000888, 0.000000000000000000, 0.000000000000000000 ) ) ;
#2289 = DIRECTION ( 'NONE',  ( -1.000000000000000000, 0.000000000000000000, -0.000000000000000000 ) ) ;
#2290 = AXIS2_PLACEMENT_3D ( 'NONE', #7102, #7835, #7876 ) ;
#2291 = CC_DESIGN_SECURITY_CLASSIFICATION ( #7225, ( #3924 ) ) ;
#2292 = VERTEX_POINT ( 'NONE', #7352 ) ;
#2293 = APPROVAL ( #1156, 'UNSPECIFIED' ) ;
#2294 = CARTESIAN_POINT ( 'NONE',  ( 3.000000000000000888, 21.30678187720836192, -9.894944904949566578 ) ) ;
#2295 = ADVANCED_FACE ( 'NONE', ( #7917 ), #6027, .T. ) ;
#2296 = DIRECTION ( 'NONE',  ( -1.000000000000000000, 0.000000000000000000, 0.000000000000000000 ) ) ;
#2297 = AXIS2_PLACEMENT_3D ( 'NONE', #7736, #1164, #8306 ) ;
#2298 = ORIENTED_EDGE ( 'NONE', *, *, #1084, .T. ) ;
#2299 = DIRECTION ( 'NONE',  ( 1.000000000000000000, 0.000000000000000000, 0.000000000000000000 ) ) ;
#2300 = CIRCLE ( 'NONE', #7092, 23.74900000000000588 ) ;
#2301 = CARTESIAN_POINT ( 'NONE',  ( 0.000000000000000000, 7.000000000000008882, 0.000000000000000000 ) ) ;
#2302 = EDGE_CURVE ( 'NONE', #6266, #3689, #3455, .T. ) ;
#2303 = ORIENTED_EDGE ( 'NONE', *, *, #6919, .T. ) ;
#2304 = EDGE_CURVE ( 'NONE', #3381, #4933, #5144, .T. ) ;
#2305 = ORIENTED_EDGE ( 'NONE', *, *, #2394, .T. ) ;
#2306 = CARTESIAN_POINT ( 'NONE',  ( -10.00000000000000000, 0.000000000000000000, 0.000000000000000000 ) ) ;
#2307 = CARTESIAN_POINT ( 'NONE',  ( 0.000000000000000000, 0.000000000000000000, 0.000000000000000000 ) ) ;
#2308 = CIRCLE ( 'NONE', #3121, 26.00000000000000000 ) ;
#2309 = EDGE_CURVE ( 'NONE', #4042, #6734, #8451, .T. ) ;
#2310 = CARTESIAN_POINT ( 'NONE',  ( 0.000000000000000000, 0.000000000000000000, 0.000000000000000000 ) ) ;
#2311 = CARTESIAN_POINT ( 'NONE',  ( 8.102705642427432409, 7.000000000000008882, -5.573319583618285833E-11 ) ) ;
#2312 = CIRCLE ( 'NONE', #2451, 23.74900000000000233 ) ;
#2313 = DIRECTION ( 'NONE',  ( 0.6789126320186511521, 0.000000000000000000, -0.7342190668223671501 ) ) ;
#2314 = ORIENTED_EDGE ( 'NONE', *, *, #1510, .F. ) ;
#2315 = DIRECTION ( 'NONE',  ( 0.000000000000000000, 0.000000000000000000, -1.000000000000000000 ) ) ;
#2316 = ORIENTED_EDGE ( 'NONE', *, *, #2708, .T. ) ;
#2317 = CARTESIAN_POINT ( 'NONE',  ( 0.000000000000000000, 10.00000000000000000, 0.000000000000000000 ) ) ;
#2318 = DIRECTION ( 'NONE',  ( -1.000000000000000000, -0.000000000000000000, -0.000000000000000000 ) ) ;
#2319 = EDGE_LOOP ( 'NONE', ( #1214, #3872, #6998, #8263 ) ) ;
#2320 = DIRECTION ( 'NONE',  ( -1.000000000000000000, 0.000000000000000000, 0.000000000000000000 ) ) ;
#2321 = CIRCLE ( 'NONE', #6840, 9.999999999999998224 ) ;
#2322 = DATE_TIME_ROLE ( 'classification_date' ) ;
#2323 = VERTEX_POINT ( 'NONE', #143 ) ;
#2324 = AXIS2_PLACEMENT_3D ( 'NONE', #1821, #3845, #3295 ) ;
#2325 = LINE ( 'NONE', #6874, #3819 ) ;
#2326 = ORIENTED_EDGE ( 'NONE', *, *, #4608, .F. ) ;
#2327 = ORIENTED_EDGE ( 'NONE', *, *, #1293, .T. ) ;
#2328 = CYLINDRICAL_SURFACE ( 'NONE', #5069, 26.00000000000000000 ) ;
#2329 = DIRECTION ( 'NONE',  ( 0.000000000000000000, 0.4817536741017162116, -0.8763066800438630288 ) ) ;
#2330 = CIRCLE ( 'NONE', #5337, 9.999999999999998224 ) ;
#2331 = EDGE_CURVE ( 'NONE', #1472, #4694, #4818, .T. ) ;
#2332 = CIRCLE ( 'NONE', #7947, 10.00000000000000178 ) ;
#2333 =( NAMED_UNIT ( * ) PLANE_ANGLE_UNIT ( ) SI_UNIT ( $, .RADIAN. ) );
#2334 = ORIENTED_EDGE ( 'NONE', *, *, #3367, .T. ) ;
#2335 = CARTESIAN_POINT ( 'NONE',  ( 0.000000000000000000, 0.000000000000000000, 0.000000000000000000 ) ) ;
#2336 = AXIS2_PLACEMENT_3D ( 'NONE', #1649, #4954, #4272 ) ;
#2337 = DIRECTION ( 'NONE',  ( 0.000000000000000000, -6.982962677686266711E-15, 1.000000000000000000 ) ) ;
#2338 = AXIS2_PLACEMENT_3D ( 'NONE', #4255, #3139, #6999 ) ;
#2339 = ORIENTED_EDGE ( 'NONE', *, *, #4246, .F. ) ;
#2340 = DIRECTION ( 'NONE',  ( -1.000000000000000000, 0.000000000000000000, -0.000000000000000000 ) ) ;
#2341 = CYLINDRICAL_SURFACE ( 'NONE', #5181, 23.74900000000000233 ) ;
#2342 = ADVANCED_FACE ( 'NONE', ( #1550 ), #6154, .T. ) ;
#2343 = AXIS2_PLACEMENT_3D ( 'NONE', #4578, #3349, #7816 ) ;
#2344 = DIRECTION ( 'NONE',  ( -1.000000000000000000, 0.000000000000000000, 0.000000000000000000 ) ) ;
#2345 = CARTESIAN_POINT ( 'NONE',  ( 1.499999999999999556, -3.572989937012589490, -25.75332489039049833 ) ) ;
#2346 = ORIENTED_EDGE ( 'NONE', *, *, #4899, .F. ) ;
#2347 = ORIENTED_EDGE ( 'NONE', *, *, #5924, .F. ) ;
#2348 = CARTESIAN_POINT ( 'NONE',  ( 3.000000000000000888, 25.59698206453971991, -4.560099690536556949 ) ) ;
#2349 = CARTESIAN_POINT ( 'NONE',  ( 0.000000000000000000, -22.30553143780317527, 7.372391464924819893 ) ) ;
#2350 = DIRECTION ( 'NONE',  ( 0.000000000000000000, -0.9048270524660145808, -0.4257792915650830956 ) ) ;
#2351 = FACE_OUTER_BOUND ( 'NONE', #7864, .T. ) ;
#2352 = EDGE_CURVE ( 'NONE', #7600, #5582, #759, .T. ) ;
#2353 = LINE ( 'NONE', #3075, #434 ) ;
#2354 = EDGE_CURVE ( 'NONE', #3538, #8380, #623, .T. ) ;
#2355 = ORIENTED_EDGE ( 'NONE', *, *, #1858, .T. ) ;
#2356 = DIRECTION ( 'NONE',  ( 0.000000000000000000, 0.000000000000000000, 1.000000000000000000 ) ) ;
#2357 = VERTEX_POINT ( 'NONE', #1592 ) ;
#2358 = CYLINDRICAL_SURFACE ( 'NONE', #5814, 9.999999999999998224 ) ;
#2359 = DIRECTION ( 'NONE',  ( 0.000000000000000000, -0.9048270524660235736, 0.4257792915650640553 ) ) ;
#2360 = ORIENTED_EDGE ( 'NONE', *, *, #8182, .F. ) ;
#2361 = CC_DESIGN_PERSON_AND_ORGANIZATION_ASSIGNMENT ( #5318, #684, ( #3029 ) ) ;
#2362 = DIRECTION ( 'NONE',  ( -1.000000000000000000, 0.000000000000000000, -0.000000000000000000 ) ) ;
#2363 = EDGE_CURVE ( 'NONE', #3332, #7904, #340, .T. ) ;
#2364 = EDGE_CURVE ( 'NONE', #5381, #2905, #2935, .T. ) ;
#2365 = APPROVAL_ROLE ( '' ) ;
#2366 = VERTEX_POINT ( 'NONE', #3656 ) ;
#2367 = DIRECTION ( 'NONE',  ( 0.000000000000000000, -0.9822872507286903865, 0.1873813145857151086 ) ) ;
#2368 = VERTEX_POINT ( 'NONE', #6965 ) ;
#2369 = ORIENTED_EDGE ( 'NONE', *, *, #4092, .T. ) ;
#2370 = FACE_OUTER_BOUND ( 'NONE', #1968, .T. ) ;
#2371 = CARTESIAN_POINT ( 'NONE',  ( 3.000000000000000888, 0.000000000000000000, 0.000000000000000000 ) ) ;
#2372 =( NAMED_UNIT ( * ) SI_UNIT ( $, .STERADIAN. ) SOLID_ANGLE_UNIT ( ) );
#2373 = ORIENTED_EDGE ( 'NONE', *, *, #7542, .T. ) ;
#2374 = DIRECTION ( 'NONE',  ( -1.000000000000000000, 0.000000000000000000, 0.000000000000000000 ) ) ;
#2375 = DIRECTION ( 'NONE',  ( -1.000000000000000000, -0.000000000000000000, 0.000000000000000000 ) ) ;
#2376 = AXIS2_PLACEMENT_3D ( 'NONE', #5348, #152, #6117 ) ;
#2377 = VERTEX_POINT ( 'NONE', #1079 ) ;
#2378 = DIRECTION ( 'NONE',  ( 0.000000000000000000, -0.9510565162951565288, 0.3090169943749382919 ) ) ;
#2379 = APPLICATION_CONTEXT ( 'configuration controlled 3d designs of mechanical parts and assemblies' ) ;
#2380 = CARTESIAN_POINT ( 'NONE',  ( 1.500000000000000444, -25.96667425510337779, -1.315989410805193716 ) ) ;
#2381 = CARTESIAN_POINT ( 'NONE',  ( 0.000000000000000000, -6.158349177668387853, 25.26014123883535945 ) ) ;
#2382 = DIRECTION ( 'NONE',  ( -1.000000000000000000, -0.000000000000000000, -0.000000000000000000 ) ) ;
#2383 = VERTEX_POINT ( 'NONE', #1759 ) ;
#2384 = ORIENTED_EDGE ( 'NONE', *, *, #3921, .T. ) ;
#2385 = DIRECTION ( 'NONE',  ( -1.000000000000000000, 0.000000000000000000, -0.000000000000000000 ) ) ;
#2386 = LINE ( 'NONE', #6855, #8179 ) ;
#2387 = DIRECTION ( 'NONE',  ( 0.000000000000000000, 0.1253332335643045359, -0.9921147013144778759 ) ) ;
#2388 = DIRECTION ( 'NONE',  ( -1.000000000000000000, -0.000000000000000000, 0.000000000000000000 ) ) ;
#2389 = DIRECTION ( 'NONE',  ( -1.000000000000000000, 0.000000000000000000, 0.000000000000000000 ) ) ;
#2390 = VERTEX_POINT ( 'NONE', #4939 ) ;
#2391 = EDGE_CURVE ( 'NONE', #6287, #5841, #6802, .T. ) ;
#2392 = CARTESIAN_POINT ( 'NONE',  ( 3.000000000000000888, -13.71217102453742420, -19.07525240799602884 ) ) ;
#2393 = VERTEX_POINT ( 'NONE', #6842 ) ;
#2394 = EDGE_CURVE ( 'NONE', #8151, #5091, #5922, .T. ) ;
#2395 = CARTESIAN_POINT ( 'NONE',  ( 3.000000000000000888, -16.16797261240405348, 17.04363664947931767 ) ) ;
#2396 = CARTESIAN_POINT ( 'NONE',  ( 3.000000000000000888, -23.05365132147763418, -4.518633574727493496 ) ) ;
#2397 = VERTEX_POINT ( 'NONE', #5589 ) ;
#2398 = CARTESIAN_POINT ( 'NONE',  ( 0.000000000000000000, 20.23396159193279686, 16.32748597599116636 ) ) ;
#2399 = VECTOR ( 'NONE', #6182, 1000.000000000000000 ) ;
#2400 = PERSON_AND_ORGANIZATION_ROLE ( 'classification_officer' ) ;
#2401 = EDGE_CURVE ( 'NONE', #6770, #1819, #7015, .T. ) ;
#2402 = VECTOR ( 'NONE', #7321, 1000.000000000000000 ) ;
#2403 = ORIENTED_EDGE ( 'NONE', *, *, #497, .T. ) ;
#2404 = DIRECTION ( 'NONE',  ( -1.000000000000000000, 0.000000000000000000, 0.000000000000000000 ) ) ;
#2405 = VERTEX_POINT ( 'NONE', #7003 ) ;
#2406 = AXIS2_PLACEMENT_3D ( 'NONE', #528, #3160, #8398 ) ;
#2407 = EDGE_CURVE ( 'NONE', #68, #2230, #4980, .T. ) ;
#2408 = EDGE_LOOP ( 'NONE', ( #4612, #2469, #1162, #5117 ) ) ;
#2409 = CARTESIAN_POINT ( 'NONE',  ( 0.000000000000000000, -23.43820135222873091, -1.593614133755546725 ) ) ;
#2410 = AXIS2_PLACEMENT_3D ( 'NONE', #4088, #89, #6713 ) ;
#2411 = PERSON_AND_ORGANIZATION ( #6793, #2555 ) ;
#2412 = AXIS2_PLACEMENT_3D ( 'NONE', #7748, #5731, #4475 ) ;
#2413 = LINE ( 'NONE', #5025, #218 ) ;
#2414 = ORIENTED_EDGE ( 'NONE', *, *, #401, .T. ) ;
#2415 = DIRECTION ( 'NONE',  ( 0.000000000000000000, 0.2486898871648553500, -0.9685831611286308540 ) ) ;
#2416 = CARTESIAN_POINT ( 'NONE',  ( 0.000000000000000000, 4.879274292603387408, -23.24236828246080222 ) ) ;
#2417 = DIRECTION ( 'NONE',  ( -1.000000000000000000, 0.000000000000000000, 0.000000000000000000 ) ) ;
#2418 = ORIENTED_EDGE ( 'NONE', *, *, #1448, .F. ) ;
#2419 = CARTESIAN_POINT ( 'NONE',  ( 3.000000000000000888, -22.37893697895722411, 7.146472439377552277 ) ) ;
#2420 = VECTOR ( 'NONE', #6727, 1000.000000000000000 ) ;
#2421 = CARTESIAN_POINT ( 'NONE',  ( -1.541888672368153745, 7.000000000000008882, -16.91572086605293279 ) ) ;
#2422 = AXIS2_PLACEMENT_3D ( 'NONE', #8204, #420, #4965 ) ;
#2423 = CARTESIAN_POINT ( 'NONE',  ( 3.000000000000000888, 0.000000000000000000, 0.000000000000000000 ) ) ;
#2424 = ORGANIZATION ( 'NAUO-ORG3', 'UNSPECIFIED', 'UNSPECIFIED' ) ;
#2425 = DIRECTION ( 'NONE',  ( 0.000000000000000000, 0.000000000000000000, 1.000000000000000000 ) ) ;
#2426 = ORIENTED_EDGE ( 'NONE', *, *, #4183, .F. ) ;
#2427 = ORIENTED_EDGE ( 'NONE', *, *, #3698, .T. ) ;
#2428 = CYLINDRICAL_SURFACE ( 'NONE', #6243, 26.00000000000000000 ) ;
#2429 = DIRECTION ( 'NONE',  ( -1.000000000000000000, -0.000000000000000000, 0.000000000000000000 ) ) ;
#2430 = DIRECTION ( 'NONE',  ( -1.000000000000000000, 0.000000000000000000, 0.000000000000000000 ) ) ;
#2431 = VECTOR ( 'NONE', #850, 1000.000000000000000 ) ;
#2432 = CYLINDRICAL_SURFACE ( 'NONE', #6585, 9.999999999999998224 ) ;
#2433 = CARTESIAN_POINT ( 'NONE',  ( 3.000000000000000888, 0.000000000000000000, 0.000000000000000000 ) ) ;
#2434 = ORIENTED_EDGE ( 'NONE', *, *, #5647, .T. ) ;
#2435 = AXIS2_PLACEMENT_3D ( 'NONE', #6423, #5121, #656 ) ;
#2436 = CARTESIAN_POINT ( 'NONE',  ( 1.499999999999999556, 23.38875284200453564, -11.35633041504274843 ) ) ;
#2437 = VERTEX_POINT ( 'NONE', #8172 ) ;
#2438 = CYLINDRICAL_SURFACE ( 'NONE', #466, 9.999999999999998224 ) ;
#2439 = DIRECTION ( 'NONE',  ( -1.000000000000000000, 0.000000000000000000, 0.000000000000000000 ) ) ;
#2440 = VERTEX_POINT ( 'NONE', #7521 ) ;
#2441 = CARTESIAN_POINT ( 'NONE',  ( -10.00000000000000000, 0.000000000000000000, 0.000000000000000000 ) ) ;
#2442 = AXIS2_PLACEMENT_3D ( 'NONE', #5111, #5202, #7737 ) ;
#2443 = ADVANCED_FACE ( 'NONE', ( #1121 ), #3057, .T. ) ;
#2444 = SECURITY_CLASSIFICATION_LEVEL ( 'unclassified' ) ;
#2445 = EDGE_CURVE ( 'NONE', #4417, #1800, #5673, .T. ) ;
#2446 = ORIENTED_EDGE ( 'NONE', *, *, #1543, .F. ) ;
#2447 = CARTESIAN_POINT ( 'NONE',  ( 3.000000000000000888, 0.000000000000000000, 0.000000000000000000 ) ) ;
#2448 = EDGE_LOOP ( 'NONE', ( #4228, #5684, #725, #4947 ) ) ;
#2449 = DIRECTION ( 'NONE',  ( -1.000000000000000000, 0.000000000000000000, 0.000000000000000000 ) ) ;
#2450 = DIRECTION ( 'NONE',  ( -1.000000000000000000, -0.000000000000000000, -0.000000000000000000 ) ) ;
#2451 = AXIS2_PLACEMENT_3D ( 'NONE', #7393, #4133, #7956 ) ;
#2452 = CIRCLE ( 'NONE', #3280, 9.999999999999998224 ) ;
#2453 = DIRECTION ( 'NONE',  ( 0.01267752201272518212, -3.563858592806295115E-15, 0.9999196369887015656 ) ) ;
#2454 = EDGE_CURVE ( 'NONE', #5582, #5469, #3738, .T. ) ;
#2455 = AXIS2_PLACEMENT_3D ( 'NONE', #2817, #4149, #108 ) ;
#2456 = DIRECTION ( 'NONE',  ( -1.000000000000000000, 0.000000000000000000, 0.000000000000000000 ) ) ;
#2457 = ORIENTED_EDGE ( 'NONE', *, *, #8088, .F. ) ;
#2458 = LINE ( 'NONE', #1937, #4410 ) ;
#2459 = EDGE_CURVE ( 'NONE', #2593, #7392, #4294, .T. ) ;
#2460 = DIRECTION ( 'NONE',  ( -1.000000000000000000, -0.000000000000000000, 0.000000000000000000 ) ) ;
#2461 = DIRECTION ( 'NONE',  ( -1.000000000000000000, -0.000000000000000000, 0.000000000000000000 ) ) ;
#2462 = VERTEX_POINT ( 'NONE', #388 ) ;
#2463 = AXIS2_PLACEMENT_3D ( 'NONE', #7550, #5656, #4363 ) ;
#2464 = CARTESIAN_POINT ( 'NONE',  ( 0.000000000000000000, -13.09272093277468230, -19.81402683899675665 ) ) ;
#2465 = LINE ( 'NONE', #7226, #3271 ) ;
#2466 = ADVANCED_FACE ( 'NONE', ( #8135 ), #6881, .T. ) ;
#2467 = AXIS2_PLACEMENT_3D ( 'NONE', #3884, #6432, #6516 ) ;
#2468 = VECTOR ( 'NONE', #2517, 1000.000000000000000 ) ;
#2469 = ORIENTED_EDGE ( 'NONE', *, *, #4429, .F. ) ;
#2470 = CARTESIAN_POINT ( 'NONE',  ( 3.000000000000000888, -14.79838606843885884, 18.57478857940070682 ) ) ;
#2471 = DIRECTION ( 'NONE',  ( 1.000000000000000000, 0.000000000000000000, -0.000000000000000000 ) ) ;
#2472 = VERTEX_POINT ( 'NONE', #4260 ) ;
#2473 = DIRECTION ( 'NONE',  ( -1.000000000000000000, -0.000000000000000000, 0.000000000000000000 ) ) ;
#2474 = DIRECTION ( 'NONE',  ( -1.000000000000000000, 0.000000000000000000, -0.000000000000000000 ) ) ;
#2475 = CARTESIAN_POINT ( 'NONE',  ( 0.000000000000000000, 0.000000000000000000, 0.000000000000000000 ) ) ;
#2476 = CIRCLE ( 'NONE', #1779, 10.00000000000000000 ) ;
#2477 = CARTESIAN_POINT ( 'NONE',  ( 1.499999999999999556, -6.772563327703956304, 25.10243784918587551 ) ) ;
#2478 = EDGE_CURVE ( 'NONE', #2357, #1430, #292, .T. ) ;
#2479 = CARTESIAN_POINT ( 'NONE',  ( 14.74895638494033712, 7.000000000000008882, 6.145609380784566866 ) ) ;
#2480 = VECTOR ( 'NONE', #2460, 1000.000000000000000 ) ;
#2481 = EDGE_LOOP ( 'NONE', ( #3326, #5086, #6581, #7770 ) ) ;
#2482 = CARTESIAN_POINT ( 'NONE',  ( 3.000000000000000888, -5.727185429052539689, 22.78350797608152334 ) ) ;
#2483 = VERTEX_POINT ( 'NONE', #5029 ) ;
#2484 = DIRECTION ( 'NONE',  ( 1.000000000000000000, 0.000000000000000000, 4.256270054397946562E-44 ) ) ;
#2485 = CARTESIAN_POINT ( 'NONE',  ( 12.69673203802745931, 7.000000000000008882, -9.700166218278072350 ) ) ;
#2486 = VERTEX_POINT ( 'NONE', #302 ) ;
#2487 = DIRECTION ( 'NONE',  ( 1.000000000000000000, -0.000000000000000000, -0.000000000000000000 ) ) ;
#2488 = DIRECTION ( 'NONE',  ( -1.000000000000000000, -0.000000000000000000, -0.000000000000000000 ) ) ;
#2489 = DATE_AND_TIME ( #8376, #7632 ) ;
#2490 = VERTEX_POINT ( 'NONE', #2255 ) ;
#2491 = CARTESIAN_POINT ( 'NONE',  ( 1.499999999999999556, -12.24681498829390591, -22.93502828955088901 ) ) ;
#2492 = ORIENTED_EDGE ( 'NONE', *, *, #6232, .T. ) ;
#2493 = LINE ( 'NONE', #6401, #2823 ) ;
#2494 = CARTESIAN_POINT ( 'NONE',  ( 3.000000000000000888, -16.16797261240381545, -17.04363664947954504 ) ) ;
#2495 = APPLICATION_PROTOCOL_DEFINITION ( 'international standard', 'config_control_design', 1994, #7919 ) ;
#2496 = AXIS2_PLACEMENT_3D ( 'NONE', #7862, #2498, #8425 ) ;
#2497 = ORIENTED_EDGE ( 'NONE', *, *, #5388, .T. ) ;
#2498 = DIRECTION ( 'NONE',  ( -1.000000000000000000, 0.000000000000000000, -0.000000000000000000 ) ) ;
#2499 = ORIENTED_EDGE ( 'NONE', *, *, #648, .T. ) ;
#2500 = CARTESIAN_POINT ( 'NONE',  ( 3.000000000000000888, 0.000000000000000000, 0.000000000000000000 ) ) ;
#2501 = EDGE_CURVE ( 'NONE', #6909, #7706, #4852, .T. ) ;
#2502 = VERTEX_POINT ( 'NONE', #4584 ) ;
#2503 = EDGE_CURVE ( 'NONE', #5419, #998, #3148, .T. ) ;
#2504 = CARTESIAN_POINT ( 'NONE',  ( -1.253146128134763337, 7.000000000000008882, 17.02734389275728688 ) ) ;
#2505 = DIRECTION ( 'NONE',  ( 0.000000000000000000, 0.4817536741017162116, -0.8763066800438630288 ) ) ;
#2506 = EDGE_CURVE ( 'NONE', #4510, #2953, #2458, .T. ) ;
#2507 = EDGE_LOOP ( 'NONE', ( #2705, #8449, #7199, #5355 ) ) ;
#2508 = DIRECTION ( 'NONE',  ( -1.000000000000000000, 0.000000000000000000, -0.000000000000000000 ) ) ;
#2509 = CC_DESIGN_DATE_AND_TIME_ASSIGNMENT ( #7858, #5885, ( #3646 ) ) ;
#2510 = DIRECTION ( 'NONE',  ( -1.000000000000000000, -0.000000000000000000, 0.000000000000000000 ) ) ;
#2511 = ORIENTED_EDGE ( 'NONE', *, *, #2133, .F. ) ;
#2512 = DIRECTION ( 'NONE',  ( -1.000000000000000000, 0.000000000000000000, 0.000000000000000000 ) ) ;
#2513 = ADVANCED_FACE ( 'NONE', ( #5717 ), #7174, .T. ) ;
#2514 = CARTESIAN_POINT ( 'NONE',  ( 1.253146128175175456, 7.000000000000008882, 17.02734389275706306 ) ) ;
#2515 = EDGE_CURVE ( 'NONE', #7933, #461, #6202, .T. ) ;
#2516 = DIRECTION ( 'NONE',  ( 0.000000000000000000, 0.000000000000000000, 1.000000000000000000 ) ) ;
#2517 = DIRECTION ( 'NONE',  ( 1.000000000000000000, 0.000000000000000000, -0.000000000000000000 ) ) ;
#2518 = CARTESIAN_POINT ( 'NONE',  ( -10.00000000000000000, 0.000000000000000000, 0.000000000000000000 ) ) ;
#2519 = CC_DESIGN_DATE_AND_TIME_ASSIGNMENT ( #2489, #6953, ( #7080 ) ) ;
#2520 = B_SPLINE_CURVE_WITH_KNOTS ( 'NONE', 2,
 ( #5951, #6607, #196, #3341, #5443 ),
 .UNSPECIFIED., .F., .F.,
 ( 3, 1, 1, 3 ),
 ( 0.002399098765545784433, 0.3755997746914068181, 0.6244002253086475829, 0.9976009012345085081 ),
 .UNSPECIFIED. ) ;
#2521 = VERTEX_POINT ( 'NONE', #7776 ) ;
#2522 = LINE ( 'NONE', #3253, #6847 ) ;
#2523 = ORIENTED_EDGE ( 'NONE', *, *, #6878, .F. ) ;
#2524 = CARTESIAN_POINT ( 'NONE',  ( 3.000000000000000888, -5.957267827074244515, -22.72443285698079052 ) ) ;
#2525 = DIRECTION ( 'NONE',  ( -1.000000000000000000, 0.000000000000000000, -0.000000000000000000 ) ) ;
#2526 = EDGE_CURVE ( 'NONE', #3043, #2209, #2588, .T. ) ;
#2527 = ORIENTED_EDGE ( 'NONE', *, *, #758, .T. ) ;
#2528 = DIRECTION ( 'NONE',  ( -1.000000000000000000, 0.000000000000000000, 0.000000000000000000 ) ) ;
#2529 = DIRECTION ( 'NONE',  ( 0.000000000000000000, 0.9980267284282714479, 0.06279051952931688496 ) ) ;
#2530 = ORIENTED_EDGE ( 'NONE', *, *, #3458, .F. ) ;
#2531 = CARTESIAN_POINT ( 'NONE',  ( -15.37268543417880196, 10.00000000000000888, -7.428415564771473356 ) ) ;
#2532 = VERTEX_POINT ( 'NONE', #1284 ) ;
#2533 = CARTESIAN_POINT ( 'NONE',  ( 0.000000000000000000, -23.10781753700494434, -5.481219725251569308 ) ) ;
#2534 = DIRECTION ( 'NONE',  ( -1.000000000000000000, 0.000000000000000000, -0.000000000000000000 ) ) ;
#2535 = AXIS2_PLACEMENT_3D ( 'NONE', #3065, #3665, #3111 ) ;
#2536 = VECTOR ( 'NONE', #560, 1000.000000000000000 ) ;
#2537 = ADVANCED_FACE ( 'NONE', ( #5105 ), #7217, .T. ) ;
#2538 = APPROVAL_ROLE ( '' ) ;
#2539 = ORIENTED_EDGE ( 'NONE', *, *, #2767, .F. ) ;
#2540 = CARTESIAN_POINT ( 'NONE',  ( 0.000000000000000000, 15.02476645158353641, -21.21924581777990326 ) ) ;
#2541 = EDGE_LOOP ( 'NONE', ( #8137, #7480, #6645, #5411 ) ) ;
#2542 = DIRECTION ( 'NONE',  ( 0.000000000000000000, 0.000000000000000000, 1.000000000000000000 ) ) ;
#2543 = EDGE_LOOP ( 'NONE', ( #2766, #2007, #6145, #214 ) ) ;
#2544 = AXIS2_PLACEMENT_3D ( 'NONE', #7668, #5118, #5730 ) ;
#2545 = CARTESIAN_POINT ( 'NONE',  ( 1.665334536937734811E-11, 7.000000000000008882, 17.49316402681056104 ) ) ;
#2546 = CARTESIAN_POINT ( 'NONE',  ( 2.143131898507868643E-15, 5.000000000000000000, 17.50000000000000355 ) ) ;
#2547 = CIRCLE ( 'NONE', #3503, 26.00000000000000000 ) ;
#2548 = ADVANCED_FACE ( 'NONE', ( #1974 ), #7041, .T. ) ;
#2549 = ADVANCED_FACE ( 'NONE', ( #3900 ), #7694, .T. ) ;
#2550 = ORIENTED_EDGE ( 'NONE', *, *, #3395, .T. ) ;
#2551 = DIRECTION ( 'NONE',  ( 0.000000000000000000, 0.000000000000000000, 1.000000000000000000 ) ) ;
#2552 = CIRCLE ( 'NONE', #5430, 26.00000000000000000 ) ;
#2553 = CARTESIAN_POINT ( 'NONE',  ( 3.000000000000000888, 0.000000000000000000, 0.000000000000000000 ) ) ;
#2554 = AXIS2_PLACEMENT_3D ( 'NONE', #7018, #3876, #5164 ) ;
#2555 = ORGANIZATION ( 'UNSPECIFIED', 'UNSPECIFIED', '' ) ;
#2556 = VERTEX_POINT ( 'NONE', #2540 ) ;
#2557 = LINE ( 'NONE', #5163, #208 ) ;
#2558 = CARTESIAN_POINT ( 'NONE',  ( 1.500000000000000444, -20.23396159193291410, 16.32748597599102780 ) ) ;
#2559 = CARTESIAN_POINT ( 'NONE',  ( 3.000000000000000888, -0.1187726605499095367, 23.49201527519569765 ) ) ;
#2560 = AXIS2_PLACEMENT_3D ( 'NONE', #4730, #3369, #228 ) ;
#2561 = CC_DESIGN_APPROVAL ( #4555, ( #6085 ) ) ;
#2562 = EDGE_CURVE ( 'NONE', #6020, #2490, #8406, .T. ) ;
#2563 = EDGE_CURVE ( 'NONE', #3467, #7909, #6453, .T. ) ;
#2564 = CARTESIAN_POINT ( 'NONE',  ( 3.000000000000000888, 21.30678187720822692, 9.894944904949857900 ) ) ;
#2565 = ORIENTED_EDGE ( 'NONE', *, *, #1543, .T. ) ;
#2566 = DIRECTION ( 'NONE',  ( -1.000000000000000000, 0.000000000000000000, 0.000000000000000000 ) ) ;
#2567 = EDGE_CURVE ( 'NONE', #3330, #6045, #3187, .T. ) ;
#2568 = ORIENTED_EDGE ( 'NONE', *, *, #6036, .F. ) ;
#2569 = CARTESIAN_POINT ( 'NONE',  ( 4.051352821227593992, 10.00000000000000888, 7.017148925649419056 ) ) ;
#2570 = DIRECTION ( 'NONE',  ( 0.000000000000000000, 0.000000000000000000, 1.000000000000000000 ) ) ;
#2571 = AXIS2_PLACEMENT_3D ( 'NONE', #4839, #4160, #7458 ) ;
#2572 = ORIENTED_EDGE ( 'NONE', *, *, #4655, .T. ) ;
#2573 = DIRECTION ( 'NONE',  ( -1.000000000000000000, 0.000000000000000000, 0.000000000000000000 ) ) ;
#2574 = DIRECTION ( 'NONE',  ( -1.000000000000000000, 0.000000000000000000, 0.000000000000000000 ) ) ;
#2575 = ADVANCED_FACE ( 'NONE', ( #1890 ), #1327, .T. ) ;
#2576 = AXIS2_PLACEMENT_3D ( 'NONE', #3175, #5260, #7245 ) ;
#2577 = EDGE_CURVE ( 'NONE', #5879, #5129, #6355, .T. ) ;
#2578 = ORIENTED_EDGE ( 'NONE', *, *, #7701, .T. ) ;
#2579 = DIRECTION ( 'NONE',  ( 0.000000000000000000, 0.000000000000000000, 1.000000000000000000 ) ) ;
#2580 = ORIENTED_EDGE ( 'NONE', *, *, #4013, .T. ) ;
#2581 = DIRECTION ( 'NONE',  ( -1.000000000000000000, -0.000000000000000000, -0.000000000000000000 ) ) ;
#2582 = DIRECTION ( 'NONE',  ( -1.000000000000000000, 0.000000000000000000, 0.000000000000000000 ) ) ;
#2583 = CIRCLE ( 'NONE', #1475, 23.74900000000000233 ) ;
#2584 = AXIS2_PLACEMENT_3D ( 'NONE', #7079, #7639, #1927 ) ;
#2585 = PERSON_AND_ORGANIZATION ( #6793, #2555 ) ;
#2586 = ORIENTED_EDGE ( 'NONE', *, *, #4398, .T. ) ;
#2587 = CIRCLE ( 'NONE', #240, 23.74899999999999878 ) ;
#2588 = LINE ( 'NONE', #5194, #4274 ) ;
#2589 = ORIENTED_EDGE ( 'NONE', *, *, #5861, .F. ) ;
#2590 = ORIENTED_EDGE ( 'NONE', *, *, #779, .T. ) ;
#2591 = DIRECTION ( 'NONE',  ( -0.000000000000000000, 1.000000000000000000, -0.000000000000000000 ) ) ;
#2592 = AXIS2_PLACEMENT_3D ( 'NONE', #6622, #6663, #2758 ) ;
#2593 = VERTEX_POINT ( 'NONE', #7137 ) ;
#2594 = DIRECTION ( 'NONE',  ( 1.000000000000000000, 0.000000000000000000, 4.256270054397946562E-44 ) ) ;
#2595 = CARTESIAN_POINT ( 'NONE',  ( 14.11953930602605212, 10.00000000000000888, -9.598928328060640780 ) ) ;
#2596 = AXIS2_PLACEMENT_3D ( 'NONE', #809, #2147, #715 ) ;
#2597 = EDGE_LOOP ( 'NONE', ( #8413, #6685, #5818, #6248 ) ) ;
#2598 = CYLINDRICAL_SURFACE ( 'NONE', #605, 26.00000000000000000 ) ;
#2599 = AXIS2_PLACEMENT_3D ( 'NONE', #5883, #7130, #4542 ) ;
#2600 = DIRECTION ( 'NONE',  ( 1.000000000000000000, 0.000000000000000000, 0.000000000000000000 ) ) ;
#2601 = CIRCLE ( 'NONE', #7120, 23.74900000000000588 ) ;
#2602 = VERTEX_POINT ( 'NONE', #5889 ) ;
#2603 = CARTESIAN_POINT ( 'NONE',  ( 0.000000000000000000, 0.000000000000000000, 0.000000000000000000 ) ) ;
#2604 = FACE_OUTER_BOUND ( 'NONE', #865, .T. ) ;
#2605 = EDGE_CURVE ( 'NONE', #3929, #6052, #8346, .T. ) ;
#2606 = AXIS2_PLACEMENT_3D ( 'NONE', #8064, #753, #8110 ) ;
#2607 = CIRCLE ( 'NONE', #6173, 26.00000000000000000 ) ;
#2608 = EDGE_LOOP ( 'NONE', ( #6049, #5500, #3526, #665 ) ) ;
#2609 = DIRECTION ( 'NONE',  ( 0.000000000000000000, 0.000000000000000000, 1.000000000000000000 ) ) ;
#2610 = ORIENTED_EDGE ( 'NONE', *, *, #6115, .T. ) ;
#2611 = DIRECTION ( 'NONE',  ( 0.000000000000000000, 0.000000000000000000, 1.000000000000000000 ) ) ;
#2612 = EDGE_LOOP ( 'NONE', ( #8327, #2866, #2499, #7954 ) ) ;
#2613 = CARTESIAN_POINT ( 'NONE',  ( 1.499999999999999556, 2.943853573238648824, -25.83280329618390425 ) ) ;
#2614 = DIRECTION ( 'NONE',  ( 0.000000000000000000, 0.5877852522924684742, 0.8090169943749507819 ) ) ;
#2615 = AXIS2_PLACEMENT_3D ( 'NONE', #6402, #4934, #5755 ) ;
#2616 = VERTEX_POINT ( 'NONE', #2632 ) ;
#2617 = DIRECTION ( 'NONE',  ( -1.000000000000000000, 0.000000000000000000, -0.000000000000000000 ) ) ;
#2618 = EDGE_CURVE ( 'NONE', #419, #7706, #7089, .T. ) ;
#2619 = CARTESIAN_POINT ( 'NONE',  ( 3.000000000000000888, 4.879274292603387408, -23.24236828246080222 ) ) ;
#2620 = EDGE_CURVE ( 'NONE', #339, #8408, #5826, .T. ) ;
#2621 = CIRCLE ( 'NONE', #6044, 23.74899999999999878 ) ;
#2622 = CARTESIAN_POINT ( 'NONE',  ( 3.000000000000000888, 17.56576837257052404, 19.16882316369998662 ) ) ;
#2623 = ORIENTED_EDGE ( 'NONE', *, *, #7131, .F. ) ;
#2624 = DIRECTION ( 'NONE',  ( -1.000000000000000000, -0.000000000000000000, -0.000000000000000000 ) ) ;
#2625 = CC_DESIGN_PERSON_AND_ORGANIZATION_ASSIGNMENT ( #5457, #1537, ( #6285 ) ) ;
#2626 = VERTEX_POINT ( 'NONE', #5968 ) ;
#2627 = CARTESIAN_POINT ( 'NONE',  ( 0.000000000000000000, 0.000000000000000000, 0.000000000000000000 ) ) ;
#2628 = CARTESIAN_POINT ( 'NONE',  ( 3.000000000000000888, 19.89860609720133766, -12.48736817841709978 ) ) ;
#2629 = EDGE_CURVE ( 'NONE', #6196, #2712, #3096, .T. ) ;
#2630 = PERSON_AND_ORGANIZATION_ROLE ( 'classification_officer' ) ;
#2631 = ORIENTED_EDGE ( 'NONE', *, *, #8007, .T. ) ;
#2632 = CARTESIAN_POINT ( 'NONE',  ( 3.000000000000000888, 20.59702713253501472, 11.82275239957331614 ) ) ;
#2633 = ORIENTED_EDGE ( 'NONE', *, *, #3182, .T. ) ;
#2634 = ORIENTED_EDGE ( 'NONE', *, *, #8501, .T. ) ;
#2635 = CARTESIAN_POINT ( 'NONE',  ( 0.000000000000000000, -18.95282963369260898, 14.31101847794989901 ) ) ;
#2636 = EDGE_LOOP ( 'NONE', ( #8427, #4332, #3424, #7001 ) ) ;
#2637 = FACE_OUTER_BOUND ( 'NONE', #1831, .T. ) ;
#2638 = EDGE_CURVE ( 'NONE', #1391, #2377, #4900, .T. ) ;
#2639 = DIRECTION ( 'NONE',  ( 0.000000000000000000, 0.000000000000000000, 1.000000000000000000 ) ) ;
#2640 = EDGE_LOOP ( 'NONE', ( #5299, #1188, #6935, #5659 ) ) ;
#2641 = LINE ( 'NONE', #8397, #5989 ) ;
#2642 = FACE_OUTER_BOUND ( 'NONE', #5460, .T. ) ;
#2643 = ORIENTED_EDGE ( 'NONE', *, *, #5310, .T. ) ;
#2644 = DIRECTION ( 'NONE',  ( -1.000000000000000000, 0.000000000000000000, 0.000000000000000000 ) ) ;
#2645 = DIRECTION ( 'NONE',  ( 0.000000000000000000, -0.3681245526846653182, -0.9297764858882563432 ) ) ;
#2646 = ORIENTED_EDGE ( 'NONE', *, *, #6115, .F. ) ;
#2647 = CARTESIAN_POINT ( 'NONE',  ( 3.000000000000000888, 0.000000000000000000, 0.000000000000000000 ) ) ;
#2648 = ORIENTED_EDGE ( 'NONE', *, *, #5862, .T. ) ;
#2649 = DIRECTION ( 'NONE',  ( 0.000000000000000000, 0.000000000000000000, 1.000000000000000000 ) ) ;
#2650 = ORIENTED_EDGE ( 'NONE', *, *, #1713, .T. ) ;
#2651 = CARTESIAN_POINT ( 'NONE',  ( 0.000000000000000000, 21.01871904177751205, -11.05569766422814126 ) ) ;
#2652 = DIRECTION ( 'NONE',  ( -0.000000000000000000, 1.000000000000000000, -0.000000000000000000 ) ) ;
#2653 = CIRCLE ( 'NONE', #3064, 1.600000000000000089 ) ;
#2654 = VERTEX_POINT ( 'NONE', #6097 ) ;
#2655 = CARTESIAN_POINT ( 'NONE',  ( 3.000000000000000888, 6.921355658526533894, -22.71805090337159427 ) ) ;
#2656 = DIRECTION ( 'NONE',  ( 0.000000000000000000, 0.000000000000000000, 1.000000000000000000 ) ) ;
#2657 = EDGE_CURVE ( 'NONE', #2890, #3299, #7794, .T. ) ;
#2658 = CARTESIAN_POINT ( 'NONE',  ( 3.000000000000000888, -23.05365132147770169, 4.518633574727163094 ) ) ;
#2659 = ADVANCED_FACE ( 'NONE', ( #4761 ), #83, .T. ) ;
#2660 = VERTEX_POINT ( 'NONE', #129 ) ;
#2661 = CARTESIAN_POINT ( 'NONE',  ( 0.000000000000000000, 18.95282963369250950, 14.31101847795003756 ) ) ;
#2662 = ORIENTED_EDGE ( 'NONE', *, *, #8164, .T. ) ;
#2663 = FACE_OUTER_BOUND ( 'NONE', #6205, .T. ) ;
#2664 = DIRECTION ( 'NONE',  ( -1.000000000000000000, 0.000000000000000000, 0.000000000000000000 ) ) ;
#2665 = PERSON_AND_ORGANIZATION_ROLE ( 'classification_officer' ) ;
#2666 = CIRCLE ( 'NONE', #7459, 26.00000000000000000 ) ;
#2667 = EDGE_CURVE ( 'NONE', #3146, #6342, #6015, .T. ) ;
#2668 = ORIENTED_EDGE ( 'NONE', *, *, #2363, .T. ) ;
#2669 = EDGE_CURVE ( 'NONE', #8270, #5919, #940, .T. ) ;
#2670 = CARTESIAN_POINT ( 'NONE',  ( -12.69673203797372452, 7.000000000000008882, 9.700166218166828003 ) ) ;
#2671 = EDGE_LOOP ( 'NONE', ( #3235, #5254, #7333, #1116 ) ) ;
#2672 = ORIENTED_EDGE ( 'NONE', *, *, #7805, .T. ) ;
#2673 = PLANE ( 'NONE',  #7682 ) ;
#2674 = VERTEX_POINT ( 'NONE', #5321 ) ;
#2675 = CARTESIAN_POINT ( 'NONE',  ( 4.051352821227593992, 7.000000000000008882, 7.017148925649419056 ) ) ;
#2676 = AXIS2_PLACEMENT_3D ( 'NONE', #543, #5048, #3208 ) ;
#2677 = DIRECTION ( 'NONE',  ( 1.000000000000000000, -0.000000000000000000, -0.000000000000000000 ) ) ;
#2678 = VERTEX_POINT ( 'NONE', #36 ) ;
#2679 = CARTESIAN_POINT ( 'NONE',  ( 0.000000000000000000, 10.00000000000000000, 0.000000000000000000 ) ) ;
#2680 = CIRCLE ( 'NONE', #3087, 10.00000000000000000 ) ;
#2681 = LINE ( 'NONE', #7273, #5140 ) ;
#2682 = ORIENTED_EDGE ( 'NONE', *, *, #7914, .F. ) ;
#2683 = AXIS2_PLACEMENT_3D ( 'NONE', #3874, #5937, #47 ) ;
#2684 = CARTESIAN_POINT ( 'NONE',  ( 3.000000000000000888, 3.062166340027950184, 23.29188755642019970 ) ) ;
#2685 = CARTESIAN_POINT ( 'NONE',  ( 3.000000000000000888, 0.000000000000000000, 0.000000000000000000 ) ) ;
#2686 = AXIS2_PLACEMENT_3D ( 'NONE', #729, #2385, #4992 ) ;
#2687 = AXIS2_PLACEMENT_3D ( 'NONE', #3793, #7709, #6421 ) ;
#2688 = DIRECTION ( 'NONE',  ( 0.000000000000000000, 0.8443279255020125218, 0.5358267949790006535 ) ) ;
#2689 = LOCAL_TIME ( 18, 37, 26.00000000000000000, #4161 ) ;
#2690 = ORIENTED_EDGE ( 'NONE', *, *, #3183, .F. ) ;
#2691 = CARTESIAN_POINT ( 'NONE',  ( 12.69673203802779149, 7.000000000000008882, 9.700166218167050047 ) ) ;
#2692 = ORIENTED_EDGE ( 'NONE', *, *, #5507, .T. ) ;
#2693 = CARTESIAN_POINT ( 'NONE',  ( 1.500000000000000444, -21.78099992762139792, 14.19817038047355773 ) ) ;
#2694 = DIRECTION ( 'NONE',  ( 1.000000000000000000, 0.000000000000000000, 0.000000000000000000 ) ) ;
#2695 = ORIENTED_EDGE ( 'NONE', *, *, #5812, .T. ) ;
#2696 = CARTESIAN_POINT ( 'NONE',  ( 1.499999999999999556, -25.92685648092479767, -1.948874808069432252 ) ) ;
#2697 = AXIS2_PLACEMENT_3D ( 'NONE', #305, #3062, #3618 ) ;
#2698 = LOCAL_TIME ( 18, 37, 26.00000000000000000, #4247 ) ;
#2699 = DIRECTION ( 'NONE',  ( 0.000000000000000000, 0.000000000000000000, 1.000000000000000000 ) ) ;
#2700 = DIRECTION ( 'NONE',  ( -1.000000000000000000, 0.000000000000000000, -0.000000000000000000 ) ) ;
#2701 = ORIENTED_EDGE ( 'NONE', *, *, #6282, .F. ) ;
#2702 = AXIS2_PLACEMENT_3D ( 'NONE', #1125, #1210, #5110 ) ;
#2703 = CARTESIAN_POINT ( 'NONE',  ( -10.00000000000000000, 0.000000000000000000, 0.000000000000000000 ) ) ;
#2704 = LINE ( 'NONE', #3390, #2190 ) ;
#2705 = ORIENTED_EDGE ( 'NONE', *, *, #7289, .T. ) ;
#2706 = FACE_OUTER_BOUND ( 'NONE', #690, .T. ) ;
#2707 = CARTESIAN_POINT ( 'NONE',  ( 3.000000000000000888, 16.16797261240393269, 17.04363664947943491 ) ) ;
#2708 = EDGE_CURVE ( 'NONE', #4964, #993, #5184, .T. ) ;
#2709 = EDGE_CURVE ( 'NONE', #7535, #6142, #7385, .T. ) ;
#2710 = AXIS2_PLACEMENT_3D ( 'NONE', #1355, #7804, #3340 ) ;
#2711 = CALENDAR_DATE ( 2025, 7, 10 ) ;
#2712 = VERTEX_POINT ( 'NONE', #7259 ) ;
#2713 = DIRECTION ( 'NONE',  ( -1.000000000000000000, -0.000000000000000000, -0.000000000000000000 ) ) ;
#2714 = ORIENTED_EDGE ( 'NONE', *, *, #6668, .T. ) ;
#2715 = EDGE_LOOP ( 'NONE', ( #3849, #8381, #8439, #4419 ) ) ;
#2716 = CYLINDRICAL_SURFACE ( 'NONE', #5485, 9.999999999999998224 ) ;
#2717 = AXIS2_PLACEMENT_3D ( 'NONE', #5251, #3328, #3201 ) ;
#2718 = CARTESIAN_POINT ( 'NONE',  ( 0.000000000000000000, -21.20563999867574623, -10.10988233766770605 ) ) ;
#2719 = EDGE_LOOP ( 'NONE', ( #1782, #2714, #2875, #7093 ) ) ;
#2720 = VECTOR ( 'NONE', #8024, 1000.000000000000000 ) ;
#2721 = DIRECTION ( 'NONE',  ( -1.000000000000000000, -0.000000000000000000, 0.000000000000000000 ) ) ;
#2722 = EDGE_CURVE ( 'NONE', #5753, #1403, #3680, .T. ) ;
#2723 = CARTESIAN_POINT ( 'NONE',  ( 3.000000000000000888, -18.02803414784235159, 18.73472670641955418 ) ) ;
#2724 = AXIS2_PLACEMENT_3D ( 'NONE', #647, #1165, #3278 ) ;
#2725 = ADVANCED_FACE ( 'NONE', ( #7301 ), #1412, .T. ) ;
#2726 = ORIENTED_EDGE ( 'NONE', *, *, #5720, .T. ) ;
#2727 = CARTESIAN_POINT ( 'NONE',  ( 0.000000000000000000, 17.56576837257078694, -19.16882316369974149 ) ) ;
#2728 = EDGE_CURVE ( 'NONE', #6958, #438, #7934, .T. ) ;
#2729 = FACE_OUTER_BOUND ( 'NONE', #970, .T. ) ;
#2730 = ORIENTED_EDGE ( 'NONE', *, *, #8019, .F. ) ;
#2731 = VECTOR ( 'NONE', #1379, 1000.000000000000000 ) ;
#2732 = CARTESIAN_POINT ( 'NONE',  ( 0.000000000000000000, -17.00973468965515778, 16.57359124594130151 ) ) ;
#2733 = ADVANCED_FACE ( 'NONE', ( #3485 ), #6058, .F. ) ;
#2734 = ADVANCED_FACE ( 'NONE', ( #4032 ), #2845, .T. ) ;
#2735 = DIRECTION ( 'NONE',  ( -1.000000000000000000, 0.000000000000000000, -0.000000000000000000 ) ) ;
#2736 = VERTEX_POINT ( 'NONE', #6580 ) ;
#2737 = DIRECTION ( 'NONE',  ( -0.000000000000000000, 1.000000000000000000, -0.000000000000000000 ) ) ;
#2738 = ORIENTED_EDGE ( 'NONE', *, *, #2722, .T. ) ;
#2739 = DIRECTION ( 'NONE',  ( -1.000000000000000000, 0.000000000000000000, -0.000000000000000000 ) ) ;
#2740 = DIRECTION ( 'NONE',  ( -1.000000000000000000, 0.000000000000000000, 0.000000000000000000 ) ) ;
#2741 = ORIENTED_EDGE ( 'NONE', *, *, #1877, .F. ) ;
#2742 = LINE ( 'NONE', #931, #787 ) ;
#2743 = AXIS2_PLACEMENT_3D ( 'NONE', #3764, #5222, #1272 ) ;
#2744 = CIRCLE ( 'NONE', #3154, 9.999999999999996447 ) ;
#2745 = EDGE_CURVE ( 'NONE', #2782, #4964, #6712, .T. ) ;
#2746 = DIRECTION ( 'NONE',  ( 0.000000000000000000, 0.6845471059286847293, 0.7289686274214153272 ) ) ;
#2747 = DIRECTION ( 'NONE',  ( 0.000000000000000000, 0.1253332335642974860, 0.9921147013144787641 ) ) ;
#2748 = AXIS2_PLACEMENT_3D ( 'NONE', #889, #3512, #2234 ) ;
#2749 = VERTEX_POINT ( 'NONE', #5274 ) ;
#2750 = CIRCLE ( 'NONE', #683, 23.74900000000000588 ) ;
#2751 = DIRECTION ( 'NONE',  ( 0.000000000000000000, 0.000000000000000000, 1.000000000000000000 ) ) ;
#2752 = LINE ( 'NONE', #7332, #7383 ) ;
#2753 = VERTEX_POINT ( 'NONE', #7905 ) ;
#2754 = DIRECTION ( 'NONE',  ( 0.000000000000000000, -0.9822872507286903865, 0.1873813145857151086 ) ) ;
#2755 = CARTESIAN_POINT ( 'NONE',  ( 3.000000000000000888, -18.95282963369240292, -14.31101847795017434 ) ) ;
#2756 = PERSON_AND_ORGANIZATION ( #6793, #2555 ) ;
#2757 = VERTEX_POINT ( 'NONE', #2022 ) ;
#2758 = DIRECTION ( 'NONE',  ( 0.000000000000000000, 0.000000000000000000, 1.000000000000000000 ) ) ;
#2759 = ORIENTED_EDGE ( 'NONE', *, *, #5638, .T. ) ;
#2760 = ORIENTED_EDGE ( 'NONE', *, *, #2051, .F. ) ;
#2761 = CARTESIAN_POINT ( 'NONE',  ( 0.000000000000000000, -16.16797261240405348, 17.04363664947931767 ) ) ;
#2762 = FACE_OUTER_BOUND ( 'NONE', #726, .T. ) ;
#2763 = ORIENTED_EDGE ( 'NONE', *, *, #6814, .F. ) ;
#2764 = CARTESIAN_POINT ( 'NONE',  ( 14.11953930606579810, 10.00000000000000888, 9.598928327965827734 ) ) ;
#2765 = FACE_OUTER_BOUND ( 'NONE', #7697, .T. ) ;
#2766 = ORIENTED_EDGE ( 'NONE', *, *, #2889, .F. ) ;
#2767 = EDGE_CURVE ( 'NONE', #6045, #8505, #7799, .T. ) ;
#2768 = CARTESIAN_POINT ( 'NONE',  ( 3.000000000000000888, -21.01871904177727757, -11.05569766422859246 ) ) ;
#2769 = EDGE_CURVE ( 'NONE', #1209, #2502, #3686, .T. ) ;
#2770 = DIRECTION ( 'NONE',  ( 0.000000000000000000, 0.000000000000000000, 1.000000000000000000 ) ) ;
#2771 = VERTEX_POINT ( 'NONE', #4207 ) ;
#2772 = DIRECTION ( 'NONE',  ( 0.000000000000000000, -0.8443279255020200713, 0.5358267949789888851 ) ) ;
#2773 = CYLINDRICAL_SURFACE ( 'NONE', #4898, 23.74900000000000233 ) ;
#2774 = CIRCLE ( 'NONE', #7569, 23.74900000000000233 ) ;
#2775 = CARTESIAN_POINT ( 'NONE',  ( 0.000000000000000000, 5.000000000000000000, 0.000000000000000000 ) ) ;
#2776 = EDGE_CURVE ( 'NONE', #3109, #90, #2452, .T. ) ;
#2777 = ORIENTED_EDGE ( 'NONE', *, *, #2133, .T. ) ;
#2778 = CARTESIAN_POINT ( 'NONE',  ( 1.500000000000000444, 18.02803414784221303, 18.73472670641968563 ) ) ;
#2779 = ORIENTED_EDGE ( 'NONE', *, *, #4222, .F. ) ;
#2780 = CARTESIAN_POINT ( 'NONE',  ( 0.000000000000000000, -23.43820135222873091, -1.593614133755546725 ) ) ;
#2781 = CARTESIAN_POINT ( 'NONE',  ( 3.000000000000000888, -19.82974763304108734, 16.81609671742825896 ) ) ;
#2782 = VERTEX_POINT ( 'NONE', #2284 ) ;
#2783 = DIRECTION ( 'NONE',  ( -1.000000000000000000, -0.000000000000000000, -0.000000000000000000 ) ) ;
#2784 = AXIS2_PLACEMENT_3D ( 'NONE', #5905, #5942, #1264 ) ;
#2785 = CARTESIAN_POINT ( 'NONE',  ( 0.000000000000000000, 0.000000000000000000, 0.000000000000000000 ) ) ;
#2786 = APPROVAL ( #7511, 'UNSPECIFIED' ) ;
#2787 = CYLINDRICAL_SURFACE ( 'NONE', #2964, 9.999999999999998224 ) ;
#2788 = VERTEX_POINT ( 'NONE', #8254 ) ;
#2789 = EDGE_CURVE ( 'NONE', #2405, #419, #4885, .T. ) ;
#2790 = LINE ( 'NONE', #6570, #6141 ) ;
#2791 = DIRECTION ( 'NONE',  ( -1.000000000000000000, 0.000000000000000000, 0.000000000000000000 ) ) ;
#2792 = VERTEX_POINT ( 'NONE', #2967 ) ;
#2793 = DIRECTION ( 'NONE',  ( -1.000000000000000000, -0.000000000000000000, 0.000000000000000000 ) ) ;
#2794 = DIRECTION ( 'NONE',  ( -0.2208460528671439826, 0.000000000000000000, -0.9753086798203954855 ) ) ;
#2795 = CYLINDRICAL_SURFACE ( 'NONE', #5990, 23.74900000000000233 ) ;
#2796 = APPROVAL_ROLE ( '' ) ;
#2797 = ORIENTED_EDGE ( 'NONE', *, *, #1292, .F. ) ;
#2798 = DIRECTION ( 'NONE',  ( -1.000000000000000000, -0.000000000000000000, 0.000000000000000000 ) ) ;
#2799 = ORIENTED_EDGE ( 'NONE', *, *, #7504, .T. ) ;
#2800 = ORIENTED_EDGE ( 'NONE', *, *, #1201, .T. ) ;
#2801 = LINE ( 'NONE', #2214, #4929 ) ;
#2802 = EDGE_CURVE ( 'NONE', #4696, #6630, #4971, .T. ) ;
#2803 = CARTESIAN_POINT ( 'NONE',  ( 3.000000000000000888, 0.000000000000000000, 0.000000000000000000 ) ) ;
#2804 = EDGE_LOOP ( 'NONE', ( #6986, #45, #3214, #1184 ) ) ;
#2805 = CARTESIAN_POINT ( 'NONE',  ( -14.74895638488482597, 10.00000000000000888, 6.145609380784566866 ) ) ;
#2806 = SHAPE_REPRESENTATION_RELATIONSHIP ( 'NONE' , 'NONE' ,  #4936, #4832 ) ;
#2807 = ORIENTED_EDGE ( 'NONE', *, *, #6348, .T. ) ;
#2808 = CYLINDRICAL_SURFACE ( 'NONE', #5833, 23.74900000000000233 ) ;
#2809 = DIRECTION ( 'NONE',  ( 0.000000000000000000, 0.000000000000000000, 1.000000000000000000 ) ) ;
#2810 = ORIENTED_EDGE ( 'NONE', *, *, #6128, .F. ) ;
#2811 = FACE_OUTER_BOUND ( 'NONE', #3578, .T. ) ;
#2812 = CARTESIAN_POINT ( 'NONE',  ( 0.000000000000000000, 5.000000000000000000, 0.000000000000000000 ) ) ;
#2813 = EDGE_CURVE ( 'NONE', #6187, #832, #525, .T. ) ;
#2814 = VECTOR ( 'NONE', #2186, 1000.000000000000000 ) ;
#2815 = DIRECTION ( 'NONE',  ( 0.000000000000000000, 0.3681245526846788074, -0.9297764858882511252 ) ) ;
#2816 = ORIENTED_EDGE ( 'NONE', *, *, #4969, .F. ) ;
#2817 = CARTESIAN_POINT ( 'NONE',  ( 3.000000000000000888, -11.21328339503284255, 20.64342907894913637 ) ) ;
#2818 = ORIENTED_EDGE ( 'NONE', *, *, #4183, .T. ) ;
#2819 = DIRECTION ( 'NONE',  ( -1.000000000000000000, 0.000000000000000000, 0.000000000000000000 ) ) ;
#2820 = FACE_OUTER_BOUND ( 'NONE', #4338, .T. ) ;
#2821 = CARTESIAN_POINT ( 'NONE',  ( 0.000000000000000000, -24.62765115230537916, 8.335394335024082224 ) ) ;
#2822 = VECTOR ( 'NONE', #1220, 1000.000000000000000 ) ;
#2823 = VECTOR ( 'NONE', #1242, 1000.000000000000000 ) ;
#2824 = DIRECTION ( 'NONE',  ( 1.000000000000000000, 0.000000000000000000, 0.000000000000000000 ) ) ;
#2825 = EDGE_CURVE ( 'NONE', #2490, #25, #8124, .T. ) ;
#2826 = EDGE_CURVE ( 'NONE', #6933, #2357, #7591, .T. ) ;
#2827 = LINE ( 'NONE', #6130, #76 ) ;
#2828 = ADVANCED_FACE ( 'NONE', ( #375 ), #8208, .T. ) ;
#2829 = AXIS2_PLACEMENT_3D ( 'NONE', #7808, #8503, #6002 ) ;
#2830 = ORIENTED_EDGE ( 'NONE', *, *, #1281, .F. ) ;
#2831 = CARTESIAN_POINT ( 'NONE',  ( 3.000000000000000888, -6.772563327703954528, 25.10243784918587195 ) ) ;
#2832 = CARTESIAN_POINT ( 'NONE',  ( 3.000000000000000888, 0.000000000000000000, 0.000000000000000000 ) ) ;
#2833 = ORIENTED_EDGE ( 'NONE', *, *, #5832, .T. ) ;
#2834 = CIRCLE ( 'NONE', #5012, 26.00000000000000000 ) ;
#2835 = CARTESIAN_POINT ( 'NONE',  ( -12.69673203797372452, 10.00000000000000888, 9.700166218166828003 ) ) ;
#2836 = CARTESIAN_POINT ( 'NONE',  ( 3.000000000000000888, 18.17661741219034255, -14.88285819611882133 ) ) ;
#2837 = AXIS2_PLACEMENT_3D ( 'NONE', #8100, #8052, #7314 ) ;
#2838 = AXIS2_PLACEMENT_3D ( 'NONE', #1036, #7645, #384 ) ;
#2839 = CARTESIAN_POINT ( 'NONE',  ( 3.000000000000000888, -17.60893712771341768, -15.93550545895034176 ) ) ;
#2840 = EDGE_CURVE ( 'NONE', #7025, #3901, #2325, .T. ) ;
#2841 = APPROVAL_ROLE ( '' ) ;
#2842 = AXIS2_PLACEMENT_3D ( 'NONE', #5007, #1826, #7633 ) ;
#2843 = CC_DESIGN_APPROVAL ( #6830, ( #7225 ) ) ;
#2844 = ORIENTED_EDGE ( 'NONE', *, *, #4490, .F. ) ;
#2845 = CYLINDRICAL_SURFACE ( 'NONE', #3006, 23.74900000000000233 ) ;
#2846 = ORIENTED_EDGE ( 'NONE', *, *, #3182, .F. ) ;
#2847 = VERTEX_POINT ( 'NONE', #255 ) ;
#2848 = CARTESIAN_POINT ( 'NONE',  ( 3.000000000000000888, 23.38875284200453208, -11.35633041504274665 ) ) ;
#2849 = CARTESIAN_POINT ( 'NONE',  ( 0.000000000000000000, 0.000000000000000000, 0.000000000000000000 ) ) ;
#2850 = VECTOR ( 'NONE', #2528, 1000.000000000000000 ) ;
#2851 = CARTESIAN_POINT ( 'NONE',  ( 0.000000000000000000, 11.21328339503270222, 20.64342907894922163 ) ) ;
#2852 = PLANE ( 'NONE',  #2285 ) ;
#2853 = VERTEX_POINT ( 'NONE', #8291 ) ;
#2854 = VECTOR ( 'NONE', #5210, 1000.000000000000000 ) ;
#2855 = CARTESIAN_POINT ( 'NONE',  ( 1.500000000000000444, 25.96667425510338489, 1.315989410805014970 ) ) ;
#2856 = DIRECTION ( 'NONE',  ( -0.2208460528671439549, 0.000000000000000000, -0.9753086798203953744 ) ) ;
#2857 = ORIENTED_EDGE ( 'NONE', *, *, #4594, .F. ) ;
#2858 = DIRECTION ( 'NONE',  ( -1.000000000000000000, 0.000000000000000000, 0.000000000000000000 ) ) ;
#2859 = CARTESIAN_POINT ( 'NONE',  ( 0.000000000000000000, 0.000000000000000000, 0.000000000000000000 ) ) ;
#2860 = AXIS2_PLACEMENT_3D ( 'NONE', #1609, #7577, #2387 ) ;
#2861 = CIRCLE ( 'NONE', #7644, 23.74900000000000233 ) ;
#2862 = DIRECTION ( 'NONE',  ( 0.000000000000000000, 0.000000000000000000, 1.000000000000000000 ) ) ;
#2863 = ORIENTED_EDGE ( 'NONE', *, *, #3501, .T. ) ;
#2864 = VECTOR ( 'NONE', #435, 1000.000000000000000 ) ;
#2865 = DIRECTION ( 'NONE',  ( -1.000000000000000000, 0.000000000000000000, 0.000000000000000000 ) ) ;
#2866 = ORIENTED_EDGE ( 'NONE', *, *, #7807, .T. ) ;
#2867 = FACE_OUTER_BOUND ( 'NONE', #7081, .T. ) ;
#2868 = LINE ( 'NONE', #2187, #6528 ) ;
#2869 = DIRECTION ( 'NONE',  ( 0.000000000000000000, 0.000000000000000000, 1.000000000000000000 ) ) ;
#2870 = DIRECTION ( 'NONE',  ( -1.000000000000000000, 0.000000000000000000, 0.000000000000000000 ) ) ;
#2871 = AXIS2_PLACEMENT_3D ( 'NONE', #6229, #2250, #6879 ) ;
#2872 = DIRECTION ( 'NONE',  ( 0.000000000000000000, -0.6845471059286791782, -0.7289686274214204342 ) ) ;
#2873 = ORIENTED_EDGE ( 'NONE', *, *, #4545, .F. ) ;
#2874 = DIRECTION ( 'NONE',  ( 0.000000000000000000, 0.7705132427757860336, 0.6374239897486935202 ) ) ;
#2875 = ORIENTED_EDGE ( 'NONE', *, *, #5465, .F. ) ;
#2876 = CIRCLE ( 'NONE', #8504, 26.00000000000000000 ) ;
#2877 = ADVANCED_FACE ( 'NONE', ( #3605 ), #1666, .T. ) ;
#2878 = CARTESIAN_POINT ( 'NONE',  ( 0.000000000000000000, 0.000000000000000000, 0.000000000000000000 ) ) ;
#2879 = CARTESIAN_POINT ( 'NONE',  ( 0.000000000000000000, 0.000000000000000000, 0.000000000000000000 ) ) ;
#2880 = VECTOR ( 'NONE', #14, 1000.000000000000000 ) ;
#2881 = CARTESIAN_POINT ( 'NONE',  ( 3.000000000000000888, -1.927758584903859429, -23.67063049093390248 ) ) ;
#2882 = EDGE_CURVE ( 'NONE', #1819, #7828, #8492, .T. ) ;
#2883 = CALENDAR_DATE ( 2025, 7, 10 ) ;
#2884 = AXIS2_PLACEMENT_3D ( 'NONE', #4587, #1941, #7140 ) ;
#2885 = CC_DESIGN_DATE_AND_TIME_ASSIGNMENT ( #6832, #6056, ( #5575 ) ) ;
#2886 = EDGE_LOOP ( 'NONE', ( #2264, #5505, #5277, #3595 ) ) ;
#2887 = LINE ( 'NONE', #6910, #1345 ) ;
#2888 = ORIENTED_EDGE ( 'NONE', *, *, #4803, .T. ) ;
#2889 = EDGE_CURVE ( 'NONE', #4042, #5676, #2887, .T. ) ;
#2890 = VERTEX_POINT ( 'NONE', #1071 ) ;
#2891 = LINE ( 'NONE', #6100, #7686 ) ;
#2892 = EDGE_CURVE ( 'NONE', #2953, #6853, #6155, .T. ) ;
#2893 = CIRCLE ( 'NONE', #1232, 26.00000000000000000 ) ;
#2894 = DIRECTION ( 'NONE',  ( 0.000000000000000000, 0.000000000000000000, 1.000000000000000000 ) ) ;
#2895 = APPROVAL ( #3601, 'UNKNOWN' ) ;
#2896 = ORIENTED_EDGE ( 'NONE', *, *, #3980, .T. ) ;
#2897 = DIRECTION ( 'NONE',  ( -1.000000000000000000, 0.000000000000000000, -0.000000000000000000 ) ) ;
#2898 = DIRECTION ( 'NONE',  ( -1.000000000000000000, -0.000000000000000000, -0.000000000000000000 ) ) ;
#2899 = ADVANCED_FACE ( 'NONE', ( #4330 ), #3645, .T. ) ;
#2900 = ORIENTED_EDGE ( 'NONE', *, *, #2039, .T. ) ;
#2901 = LINE ( 'NONE', #5636, #3240 ) ;
#2902 = CIRCLE ( 'NONE', #2078, 10.00000000000000000 ) ;
#2903 = DIRECTION ( 'NONE',  ( -1.000000000000000000, 0.000000000000000000, 0.000000000000000000 ) ) ;
#2904 = DIRECTION ( 'NONE',  ( 0.000000000000000000, -0.5877852522924624790, -0.8090169943749552228 ) ) ;
#2905 = VERTEX_POINT ( 'NONE', #6789 ) ;
#2906 = DIRECTION ( 'NONE',  ( -1.000000000000000000, 0.000000000000000000, 0.000000000000000000 ) ) ;
#2907 = EDGE_LOOP ( 'NONE', ( #4463, #1288, #4551, #7583 ) ) ;
#2908 = CYLINDRICAL_SURFACE ( 'NONE', #6654, 26.00000000000000000 ) ;
#2909 = DIRECTION ( 'NONE',  ( -1.000000000000000000, -0.000000000000000000, 0.000000000000000000 ) ) ;
#2910 = EDGE_CURVE ( 'NONE', #1351, #7719, #4636, .T. ) ;
#2911 = FACE_OUTER_BOUND ( 'NONE', #8373, .T. ) ;
#2912 = CARTESIAN_POINT ( 'NONE',  ( -10.00000000000000000, 0.000000000000000000, 0.000000000000000000 ) ) ;
#2913 = CIRCLE ( 'NONE', #7296, 10.00000000000000178 ) ;
#2914 = AXIS2_PLACEMENT_3D ( 'NONE', #3615, #1716, #2415 ) ;
#2915 = CARTESIAN_POINT ( 'NONE',  ( -10.00000000000000000, 0.000000000000000000, 0.000000000000000000 ) ) ;
#2916 = ORIENTED_EDGE ( 'NONE', *, *, #4396, .T. ) ;
#2917 = DIRECTION ( 'NONE',  ( -1.000000000000000000, 0.000000000000000000, 0.000000000000000000 ) ) ;
#2918 = ORIENTED_EDGE ( 'NONE', *, *, #1911, .F. ) ;
#2919 = DIRECTION ( 'NONE',  ( -1.000000000000000000, 0.000000000000000000, -0.000000000000000000 ) ) ;
#2920 = FACE_OUTER_BOUND ( 'NONE', #5305, .T. ) ;
#2921 = CARTESIAN_POINT ( 'NONE',  ( 0.000000000000000000, -4.879274292603219543, 23.24236828246083419 ) ) ;
#2922 = EDGE_CURVE ( 'NONE', #3363, #3467, #6429, .T. ) ;
#2923 = APPROVAL_DATE_TIME ( #5534, #1093 ) ;
#2924 = ADVANCED_FACE ( 'NONE', ( #3264 ), #5098, .T. ) ;
#2925 = AXIS2_PLACEMENT_3D ( 'NONE', #6511, #4654, #6426 ) ;
#2926 = ORIENTED_EDGE ( 'NONE', *, *, #2478, .F. ) ;
#2927 = DIRECTION ( 'NONE',  ( -1.000000000000000000, 0.000000000000000000, 0.000000000000000000 ) ) ;
#2928 = ORIENTED_EDGE ( 'NONE', *, *, #5203, .T. ) ;
#2929 = VERTEX_POINT ( 'NONE', #4413 ) ;
#2930 = DIRECTION ( 'NONE',  ( -0.000000000000000000, -1.000000000000000000, -0.000000000000000000 ) ) ;
#2931 = CARTESIAN_POINT ( 'NONE',  ( 3.000000000000000888, 15.47283697127532243, -18.01683426854828340 ) ) ;
#2932 = EDGE_CURVE ( 'NONE', #2393, #7948, #1213, .T. ) ;
#2933 = EDGE_CURVE ( 'NONE', #6072, #1667, #4786, .T. ) ;
#2934 = EDGE_LOOP ( 'NONE', ( #3307, #2844, #4769, #5782 ) ) ;
#2935 = LINE ( 'NONE', #2977, #1996 ) ;
#2936 = ADVANCED_FACE ( 'NONE', ( #7725 ), #7126, .T. ) ;
#2937 = CARTESIAN_POINT ( 'NONE',  ( 3.000000000000000888, -8.758419641788439236, -21.79860027646859066 ) ) ;
#2938 = VERTEX_POINT ( 'NONE', #5707 ) ;
#2939 = CARTESIAN_POINT ( 'NONE',  ( 0.000000000000000000, -22.89013261011081113, -6.329046538898397856 ) ) ;
#2940 = CARTESIAN_POINT ( 'NONE',  ( 3.000000000000000888, 23.09816287601906737, -4.285295834340542953 ) ) ;
#2941 = AXIS2_PLACEMENT_3D ( 'NONE', #6367, #5727, #4265 ) ;
#2942 = EDGE_CURVE ( 'NONE', #1606, #6226, #34, .T. ) ;
#2943 = CARTESIAN_POINT ( 'NONE',  ( 1.499999999999999556, 24.62765115230531521, 8.335394335024261636 ) ) ;
#2944 = AXIS2_PLACEMENT_3D ( 'NONE', #8027, #5920, #7943 ) ;
#2945 = EDGE_LOOP ( 'NONE', ( #3137, #5096, #551, #1460 ) ) ;
#2946 = ORIENTED_EDGE ( 'NONE', *, *, #1293, .F. ) ;
#2947 = PLANE ( 'NONE',  #7605 ) ;
#2948 = DIRECTION ( 'NONE',  ( 0.000000000000000000, 0.000000000000000000, 1.000000000000000000 ) ) ;
#2949 = CARTESIAN_POINT ( 'NONE',  ( 3.000000000000000888, 0.000000000000000000, 0.000000000000000000 ) ) ;
#2950 = DIRECTION ( 'NONE',  ( 0.000000000000000000, -0.000000000000000000, -1.000000000000000000 ) ) ;
#2951 = AXIS2_PLACEMENT_3D ( 'NONE', #8188, #6249, #4151 ) ;
#2952 = CARTESIAN_POINT ( 'NONE',  ( 2.050538145102809295, 7.000000000000008882, -15.85322226736063378 ) ) ;
#2953 = VERTEX_POINT ( 'NONE', #3854 ) ;
#2954 = DIRECTION ( 'NONE',  ( -1.000000000000000000, -0.000000000000000000, -0.000000000000000000 ) ) ;
#2955 = ORIENTED_EDGE ( 'NONE', *, *, #6131, .F. ) ;
#2956 = AXIS2_PLACEMENT_3D ( 'NONE', #631, #8341, #3937 ) ;
#2957 = CARTESIAN_POINT ( 'NONE',  ( 0.000000000000000000, 10.00000000000000000, 0.000000000000000000 ) ) ;
#2958 = PLANE ( 'NONE',  #5886 ) ;
#2959 = ORIENTED_EDGE ( 'NONE', *, *, #8177, .F. ) ;
#2960 = DIRECTION ( 'NONE',  ( -1.000000000000000000, -0.000000000000000000, -0.000000000000000000 ) ) ;
#2961 = AXIS2_PLACEMENT_3D ( 'NONE', #5116, #8480, #5807 ) ;
#2962 = DESIGN_CONTEXT ( 'detailed design', #4838, 'design' ) ;
#2963 = ITEM_DEFINED_TRANSFORMATION ( 'NONE', 'NONE', #5148,  #8180 ) ;
#2964 = AXIS2_PLACEMENT_3D ( 'NONE', #3515, #4235, #281 ) ;
#2965 = ORIENTED_EDGE ( 'NONE', *, *, #5799, .F. ) ;
#2966 = AXIS2_PLACEMENT_3D ( 'NONE', #3627, #357, #312 ) ;
#2967 = CARTESIAN_POINT ( 'NONE',  ( 0.000000000000000000, 4.879274292603049901, 23.24236828246086972 ) ) ;
#2968 = ORIENTED_EDGE ( 'NONE', *, *, #190, .F. ) ;
#2969 = ORIENTED_EDGE ( 'NONE', *, *, #1128, .F. ) ;
#2970 = CARTESIAN_POINT ( 'NONE',  ( 0.000000000000000000, 0.000000000000000000, 0.000000000000000000 ) ) ;
#2971 = EDGE_CURVE ( 'NONE', #459, #6699, #1791, .T. ) ;
#2972 = EDGE_CURVE ( 'NONE', #1277, #6153, #507, .T. ) ;
#2973 = CARTESIAN_POINT ( 'NONE',  ( 3.000000000000000888, 10.50612486395264078, -21.29874036986780439 ) ) ;
#2974 = AXIS2_PLACEMENT_3D ( 'NONE', #1045, #8264, #3660 ) ;
#2975 = SECURITY_CLASSIFICATION_LEVEL ( 'unclassified' ) ;
#2976 = ORIENTED_EDGE ( 'NONE', *, *, #6509, .T. ) ;
#2977 = CARTESIAN_POINT ( 'NONE',  ( 1.500000000000000444, 12.80251323316800516, 22.62953059421600344 ) ) ;
#2978 = LINE ( 'NONE', #5870, #1828 ) ;
#2979 = VECTOR ( 'NONE', #5895, 1000.000000000000000 ) ;
#2980 = ORIENTED_EDGE ( 'NONE', *, *, #1650, .F. ) ;
#2981 = EDGE_CURVE ( 'NONE', #2323, #3806, #1830, .T. ) ;
#2982 = DIRECTION ( 'NONE',  ( 1.000000000000000000, -0.000000000000000000, 0.000000000000000000 ) ) ;
#2983 = DIRECTION ( 'NONE',  ( 0.000000000000000000, 0.000000000000000000, 1.000000000000000000 ) ) ;
#2984 = EDGE_CURVE ( 'NONE', #3120, #1053, #1152, .T. ) ;
#2985 = DIRECTION ( 'NONE',  ( 0.000000000000000000, -0.9510565162951565288, 0.3090169943749382364 ) ) ;
#2986 = CYLINDRICAL_SURFACE ( 'NONE', #8044, 9.999999999999998224 ) ;
#2987 = ORIENTED_EDGE ( 'NONE', *, *, #7982, .T. ) ;
#2988 = EDGE_LOOP ( 'NONE', ( #776, #5893, #3496, #8322, #1095, #6563, #3846, #6983, #1318, #8496, #5980, #4715, #5328, #2105, #7951, #4630, #2863, #8249, #3446, #2446, #4773, #5047, #6944, #1642, #48, #2976, #3313, #925, #2634, #3507, #4884, #183, #8314, #6876, #1072, #354, #6761, #717, #7950, #6568, #1295, #8269, #2695, #424, #685, #7574, #5816, #6289, #5234, #6750, #1255, #5574, #5216, #6977, #6696, #3041, #7939, #2738, #2633, #4213, #7625, #3649, #3198, #4118, #85, #3448, #3744, #7928, #918, #5402, #7800, #3599, #1714, #121, #7831, #6799, #1021, #1504, #7735, #7665, #7942, #1144, #4384, #5372, #8203, #2244, #2896, #7852, #950, #1627, #6490, #6247, #2779, #1348, #4556, #294, #3013, #5389, #7310, #5458, #744, #4586, #4333, #8058, #2339, #6386, #4047, #7649, #1233, #5808, #8114, #2672, #5891, #2833, #5794, #3475, #5537, #3151, #610, #4875, #5946, #6875, #2586, #5992, #5238, #7506, #5032, #2578, #6526, #6748, #642, #5672, #4725, #6758, #6167, #1603, #1110, #6215, #7631, #211, #3834, #2303, #6213, #2316, #3556, #7689, #3994, #4276, #6268, #6440, #3378, #1263, #4647, #4982, #3570, #4473, #428, #1306, #6666, #5522, #1523, #7062, #5825, #2334, #802, #5935, #6579, #5843, #5153, #3224, #8010, #6119, #8187, #1617, #4717, #7274, #6611, #6382, #506, #5368, #796, #3991, #159, #6066, #5409, #3090, #5558, #7361, #508, #1413, #1973, #453, #7714, #3454, #7244, #5828, #1784, #1299, #4293, #2195, #5837, #5514, #1787 ) ) ;
#2989 = DIRECTION ( 'NONE',  ( -1.000000000000000000, 0.000000000000000000, -0.000000000000000000 ) ) ;
#2990 = EDGE_CURVE ( 'NONE', #8176, #7828, #3127, .T. ) ;
#2991 = CARTESIAN_POINT ( 'NONE',  ( 0.000000000000000000, 0.000000000000000000, 0.000000000000000000 ) ) ;
#2992 = VECTOR ( 'NONE', #3716, 1000.000000000000000 ) ;
#2993 = EDGE_CURVE ( 'NONE', #6187, #1403, #6483, .T. ) ;
#2994 = DIRECTION ( 'NONE',  ( -1.000000000000000000, 0.000000000000000000, 0.000000000000000000 ) ) ;
#2995 = DIRECTION ( 'NONE',  ( -1.000000000000000000, -0.000000000000000000, -0.000000000000000000 ) ) ;
#2996 = AXIS2_PLACEMENT_3D ( 'NONE', #5594, #7485, #4897 ) ;
#2997 = CARTESIAN_POINT ( 'NONE',  ( 0.000000000000000000, -23.61258448579737745, 2.541821178029872286 ) ) ;
#2998 = ORIENTED_EDGE ( 'NONE', *, *, #567, .T. ) ;
#2999 = CARTESIAN_POINT ( 'NONE',  ( -10.00000000000000000, 0.000000000000000000, 0.000000000000000000 ) ) ;
#3000 = VERTEX_POINT ( 'NONE', #1749 ) ;
#3001 = CARTESIAN_POINT ( 'NONE',  ( 3.000000000000000888, 22.23862650171294675, 8.334176163083599320 ) ) ;
#3002 = DIRECTION ( 'NONE',  ( -1.000000000000000000, -0.000000000000000000, -0.000000000000000000 ) ) ;
#3003 = ORIENTED_EDGE ( 'NONE', *, *, #2971, .T. ) ;
#3004 = FACE_OUTER_BOUND ( 'NONE', #5545, .T. ) ;
#3005 = CIRCLE ( 'NONE', #3140, 23.74900000000000233 ) ;
#3006 = AXIS2_PLACEMENT_3D ( 'NONE', #2211, #4809, #7426 ) ;
#3007 = DATE_AND_TIME ( #7556, #770 ) ;
#3008 = AXIS2_PLACEMENT_3D ( 'NONE', #1065, #1656, #7629 ) ;
#3009 = ORIENTED_EDGE ( 'NONE', *, *, #7463, .F. ) ;
#3010 = VECTOR ( 'NONE', #5817, 1000.000000000000000 ) ;
#3011 = DIRECTION ( 'NONE',  ( 1.000000000000000000, 0.000000000000000000, 0.000000000000000000 ) ) ;
#3012 = ORIENTED_EDGE ( 'NONE', *, *, #7555, .T. ) ;
#3013 = ORIENTED_EDGE ( 'NONE', *, *, #8367, .F. ) ;
#3014 = LINE ( 'NONE', #5058, #2217 ) ;
#3015 = CARTESIAN_POINT ( 'NONE',  ( 0.000000000000000000, -18.17661741219002636, -14.88285819611920324 ) ) ;
#3016 = CIRCLE ( 'NONE', #5894, 26.00000000000000000 ) ;
#3017 = AXIS2_PLACEMENT_3D ( 'NONE', #5197, #6625, #4550 ) ;
#3018 =( NAMED_UNIT ( * ) SI_UNIT ( $, .STERADIAN. ) SOLID_ANGLE_UNIT ( ) );
#3019 = ORIENTED_EDGE ( 'NONE', *, *, #4691, .T. ) ;
#3020 = DIRECTION ( 'NONE',  ( -1.000000000000000000, 0.000000000000000000, 0.000000000000000000 ) ) ;
#3021 = AXIS2_PLACEMENT_3D ( 'NONE', #535, #490, #7671 ) ;
#3022 = AXIS2_PLACEMENT_3D ( 'NONE', #2494, #1669, #3734 ) ;
#3023 = ORIENTED_EDGE ( 'NONE', *, *, #2261, .F. ) ;
#3024 = CARTESIAN_POINT ( 'NONE',  ( 3.000000000000000888, -23.43820135222873091, -1.593614133755546725 ) ) ;
#3025 = CARTESIAN_POINT ( 'NONE',  ( 3.000000000000000888, 6.921355658526533894, -22.71805090337159427 ) ) ;
#3026 = CIRCLE ( 'NONE', #6456, 9.999999999999998224 ) ;
#3027 = EDGE_CURVE ( 'NONE', #2929, #2853, #3770, .T. ) ;
#3028 = EDGE_CURVE ( 'NONE', #7088, #55, #2180, .T. ) ;
#3029 = PRODUCT ( 'servo_adapter', 'servo_adapter', '', ( #3944 ) ) ;
#3030 = DIRECTION ( 'NONE',  ( 0.000000000000000000, 0.000000000000000000, 1.000000000000000000 ) ) ;
#3031 = DIRECTION ( 'NONE',  ( 0.000000000000000000, 0.000000000000000000, 1.000000000000000000 ) ) ;
#3032 = VERTEX_POINT ( 'NONE', #8379 ) ;
#3033 = ORIENTED_EDGE ( 'NONE', *, *, #2208, .F. ) ;
#3034 = FACE_OUTER_BOUND ( 'NONE', #8467, .T. ) ;
#3035 = CARTESIAN_POINT ( 'NONE',  ( 1.500000000000000444, -6.158349177668386965, 25.26014123883536300 ) ) ;
#3036 = LINE ( 'NONE', #6980, #7643 ) ;
#3037 = DIRECTION ( 'NONE',  ( 0.000000000000000000, 0.000000000000000000, 1.000000000000000000 ) ) ;
#3038 = EDGE_CURVE ( 'NONE', #1008, #7260, #552, .T. ) ;
#3039 = EDGE_CURVE ( 'NONE', #894, #4764, #3674, .T. ) ;
#3040 = CYLINDRICAL_SURFACE ( 'NONE', #1126, 9.999999999999998224 ) ;
#3041 = ORIENTED_EDGE ( 'NONE', *, *, #3967, .T. ) ;
#3042 = FACE_OUTER_BOUND ( 'NONE', #5800, .T. ) ;
#3043 = VERTEX_POINT ( 'NONE', #3812 ) ;
#3044 = DIRECTION ( 'NONE',  ( -1.000000000000000000, 0.000000000000000000, 0.000000000000000000 ) ) ;
#3045 = CARTESIAN_POINT ( 'NONE',  ( -14.74895638488504801, 10.00000000000000888, -6.145609380897365526 ) ) ;
#3046 = EDGE_LOOP ( 'NONE', ( #304, #6474, #6920, #3844 ) ) ;
#3047 = DIRECTION ( 'NONE',  ( -1.000000000000000000, -0.000000000000000000, -0.000000000000000000 ) ) ;
#3048 = CC_DESIGN_PERSON_AND_ORGANIZATION_ASSIGNMENT ( #6347, #1662, ( #3784 ) ) ;
#3049 = APPROVAL_DATE_TIME ( #3007, #4926 ) ;
#3050 = ORIENTED_EDGE ( 'NONE', *, *, #2302, .F. ) ;
#3051 = DIRECTION ( 'NONE',  ( -1.000000000000000000, -0.000000000000000000, 0.000000000000000000 ) ) ;
#3052 = ORIENTED_EDGE ( 'NONE', *, *, #7492, .T. ) ;
#3053 = VERTEX_POINT ( 'NONE', #5789 ) ;
#3054 = CARTESIAN_POINT ( 'NONE',  ( 3.000000000000000888, 0.000000000000000000, 0.000000000000000000 ) ) ;
#3055 = COORDINATED_UNIVERSAL_TIME_OFFSET ( 7, 0, .AHEAD. ) ;
#3056 = EDGE_LOOP ( 'NONE', ( #1105, #4588, #485, #8365 ) ) ;
#3057 = CYLINDRICAL_SURFACE ( 'NONE', #4956, 9.999999999999998224 ) ;
#3058 = CARTESIAN_POINT ( 'NONE',  ( -10.00000000000000000, 0.000000000000000000, 0.000000000000000000 ) ) ;
#3059 = PLANE ( 'NONE',  #5201 ) ;
#3060 = VECTOR ( 'NONE', #469, 1000.000000000000000 ) ;
#3061 = ORIENTED_EDGE ( 'NONE', *, *, #414, .F. ) ;
#3062 = DIRECTION ( 'NONE',  ( -1.000000000000000000, 0.000000000000000000, 0.000000000000000000 ) ) ;
#3063 = DIRECTION ( 'NONE',  ( 0.000000000000000000, 0.7705132427757903635, -0.6374239897486881912 ) ) ;
#3064 = AXIS2_PLACEMENT_3D ( 'NONE', #2775, #743, #5431 ) ;
#3065 = CARTESIAN_POINT ( 'NONE',  ( 3.000000000000000888, 18.02520032586886600, -15.06589001178553566 ) ) ;
#3066 = DIRECTION ( 'NONE',  ( -1.000000000000000000, -0.000000000000000000, -0.000000000000000000 ) ) ;
#3067 = VERTEX_POINT ( 'NONE', #8417 ) ;
#3068 = VERTEX_POINT ( 'NONE', #1276 ) ;
#3069 = DIRECTION ( 'NONE',  ( -1.000000000000000000, -0.000000000000000000, 0.000000000000000000 ) ) ;
#3070 = CARTESIAN_POINT ( 'NONE',  ( -15.37268543418823796, 10.00000000000000888, 7.428415564729728970 ) ) ;
#3071 = EDGE_CURVE ( 'NONE', #1585, #173, #7926, .T. ) ;
#3072 = DIRECTION ( 'NONE',  ( 0.000000000000000000, -1.000000000000000000, 0.000000000000000000 ) ) ;
#3073 = EDGE_CURVE ( 'NONE', #3053, #3643, #4488, .T. ) ;
#3074 = CYLINDRICAL_SURFACE ( 'NONE', #542, 9.999999999999998224 ) ;
#3075 = CARTESIAN_POINT ( 'NONE',  ( 3.000000000000000888, -9.714105481848200441, 21.67143640111395442 ) ) ;
#3076 = EDGE_LOOP ( 'NONE', ( #6505, #7194, #1848, #6638 ) ) ;
#3077 = DIRECTION ( 'NONE',  ( -1.000000000000000000, -0.000000000000000000, -0.000000000000000000 ) ) ;
#3078 = ORIENTED_EDGE ( 'NONE', *, *, #4016, .F. ) ;
#3079 = LINE ( 'NONE', #2613, #8167 ) ;
#3080 = DIRECTION ( 'NONE',  ( -1.000000000000000000, 0.000000000000000000, 0.000000000000000000 ) ) ;
#3081 = EDGE_LOOP ( 'NONE', ( #1705, #6512, #6544, #2690 ) ) ;
#3082 = DIRECTION ( 'NONE',  ( 0.000000000000000000, 0.5877852522924743583, -0.8090169943749465631 ) ) ;
#3083 = ADVANCED_FACE ( 'NONE', ( #7291 ), #7372, .T. ) ;
#3084 = ADVANCED_FACE ( 'NONE', ( #679 ), #6004, .T. ) ;
#3085 = ITEM_DEFINED_TRANSFORMATION ( 'NONE', 'NONE', #75,  #8180 ) ;
#3086 = EDGE_CURVE ( 'NONE', #1066, #6400, #163, .T. ) ;
#3087 = AXIS2_PLACEMENT_3D ( 'NONE', #5697, #8370, #3883 ) ;
#3088 = ORIENTED_EDGE ( 'NONE', *, *, #3590, .T. ) ;
#3089 = CARTESIAN_POINT ( 'NONE',  ( -12.69673203797072603, 10.00000000000000888, -9.700166218278516439 ) ) ;
#3090 = ORIENTED_EDGE ( 'NONE', *, *, #5876, .F. ) ;
#3091 = DIRECTION ( 'NONE',  ( -1.000000000000000000, -0.000000000000000000, 0.000000000000000000 ) ) ;
#3092 = CARTESIAN_POINT ( 'NONE',  ( 3.000000000000000888, -19.77132294913416288, 12.68793432659402143 ) ) ;
#3093 = EDGE_CURVE ( 'NONE', #6621, #3299, #5466, .T. ) ;
#3094 = VECTOR ( 'NONE', #789, 1000.000000000000000 ) ;
#3095 = CIRCLE ( 'NONE', #4191, 10.00000000000000000 ) ;
#3096 = CIRCLE ( 'NONE', #5878, 9.999999999999998224 ) ;
#3097 = DIRECTION ( 'NONE',  ( -0.9999196369887015656, -3.571892610246046574E-15, 0.01267752201272518212 ) ) ;
#3098 = CC_DESIGN_APPROVAL ( #77, ( #6391 ) ) ;
#3099 = CARTESIAN_POINT ( 'NONE',  ( 0.000000000000000000, -17.56576837257038548, -19.16882316370011097 ) ) ;
#3100 = ORIENTED_EDGE ( 'NONE', *, *, #5577, .F. ) ;
#3101 = DIRECTION ( 'NONE',  ( 0.000000000000000000, 0.000000000000000000, 1.000000000000000000 ) ) ;
#3102 = CIRCLE ( 'NONE', #1717, 23.74900000000000588 ) ;
#3103 = DIRECTION ( 'NONE',  ( 0.000000000000000000, 0.8443279255020161855, -0.5358267949789946583 ) ) ;
#3104 = CARTESIAN_POINT ( 'NONE',  ( 3.000000000000000888, -12.35365805879594525, 20.28305040092210376 ) ) ;
#3105 = ORIENTED_EDGE ( 'NONE', *, *, #7647, .F. ) ;
#3106 = DIRECTION ( 'NONE',  ( -0.9550651196894897055, 0.000000000000000000, -0.2963960478017555467 ) ) ;
#3107 = AXIS2_PLACEMENT_3D ( 'NONE', #3498, #5295, #792 ) ;
#3108 = LINE ( 'NONE', #5157, #1204 ) ;
#3109 = VERTEX_POINT ( 'NONE', #761 ) ;
#3110 = CIRCLE ( 'NONE', #7499, 9.999999999999998224 ) ;
#3111 = DIRECTION ( 'NONE',  ( 0.000000000000000000, -0.2486898871648415277, -0.9685831611286346288 ) ) ;
#3112 = DIRECTION ( 'NONE',  ( 0.000000000000000000, -1.000000000000000000, 0.000000000000000000 ) ) ;
#3113 = ORIENTED_EDGE ( 'NONE', *, *, #3397, .T. ) ;
#3114 = CARTESIAN_POINT ( 'NONE',  ( 3.000000000000000888, -1.054159027265731075, -23.72559271641563328 ) ) ;
#3115 = DIRECTION ( 'NONE',  ( 0.000000000000000000, 0.000000000000000000, -1.000000000000000000 ) ) ;
#3116 = CARTESIAN_POINT ( 'NONE',  ( 3.000000000000000888, 0.000000000000000000, 0.000000000000000000 ) ) ;
#3117 = CIRCLE ( 'NONE', #8330, 26.00000000000000000 ) ;
#3118 = CYLINDRICAL_SURFACE ( 'NONE', #6858, 23.74900000000000233 ) ;
#3119 = CARTESIAN_POINT ( 'NONE',  ( 0.000000000000000000, 6.158349177668567265, -25.26014123883532037 ) ) ;
#3120 = VERTEX_POINT ( 'NONE', #7207 ) ;
#3121 = AXIS2_PLACEMENT_3D ( 'NONE', #2475, #6552, #3922 ) ;
#3122 = CARTESIAN_POINT ( 'NONE',  ( 3.000000000000000888, -11.21328339503284255, 20.64342907894913637 ) ) ;
#3123 = VERTEX_POINT ( 'NONE', #2661 ) ;
#3124 = CARTESIAN_POINT ( 'NONE',  ( 1.500000000000000444, -0.3170683606145019984, 25.99806661378298145 ) ) ;
#3125 = DIRECTION ( 'NONE',  ( 0.000000000000000000, 0.2486898871648483555, 0.9685831611286326304 ) ) ;
#3126 = VERTEX_POINT ( 'NONE', #3476 ) ;
#3127 = CIRCLE ( 'NONE', #2584, 9.999999999999998224 ) ;
#3128 = CARTESIAN_POINT ( 'NONE',  ( 3.000000000000000888, 0.000000000000000000, 0.000000000000000000 ) ) ;
#3129 = CARTESIAN_POINT ( 'NONE',  ( 3.000000000000000888, -18.02803414784207803, -18.73472670641981352 ) ) ;
#3130 = AXIS2_PLACEMENT_3D ( 'NONE', #7570, #2299, #8265 ) ;
#3131 = PERSON_AND_ORGANIZATION ( #6793, #2555 ) ;
#3132 = EDGE_CURVE ( 'NONE', #5528, #1585, #4624, .T. ) ;
#3133 = AXIS2_PLACEMENT_3D ( 'NONE', #2160, #2713, #7949 ) ;
#3134 = EDGE_CURVE ( 'NONE', #3053, #101, #2861, .T. ) ;
#3135 = ORIENTED_EDGE ( 'NONE', *, *, #1876, .F. ) ;
#3136 = DIRECTION ( 'NONE',  ( 1.000000000000000000, 0.000000000000000000, 0.000000000000000000 ) ) ;
#3137 = ORIENTED_EDGE ( 'NONE', *, *, #2825, .F. ) ;
#3138 = LINE ( 'NONE', #1793, #1304 ) ;
#3139 = DIRECTION ( 'NONE',  ( -1.000000000000000000, 0.000000000000000000, 0.000000000000000000 ) ) ;
#3140 = AXIS2_PLACEMENT_3D ( 'NONE', #6916, #4850, #4890 ) ;
#3141 = EDGE_CURVE ( 'NONE', #6782, #5898, #2790, .T. ) ;
#3142 = AXIS2_PLACEMENT_3D ( 'NONE', #6267, #4163, #1703 ) ;
#3143 = PERSON_AND_ORGANIZATION ( #6793, #2555 ) ;
#3144 = CIRCLE ( 'NONE', #7395, 26.00000000000000000 ) ;
#3145 = EDGE_CURVE ( 'NONE', #546, #5450, #4894, .T. ) ;
#3146 = VERTEX_POINT ( 'NONE', #201 ) ;
#3147 = EDGE_CURVE ( 'NONE', #1423, #4394, #1170, .T. ) ;
#3148 = LINE ( 'NONE', #7731, #6330 ) ;
#3149 = ORIENTED_EDGE ( 'NONE', *, *, #2331, .T. ) ;
#3150 = CARTESIAN_POINT ( 'NONE',  ( 0.000000000000000000, 9.714105481848351431, -21.67143640111388336 ) ) ;
#3151 = ORIENTED_EDGE ( 'NONE', *, *, #6609, .T. ) ;
#3152 = CIRCLE ( 'NONE', #670, 23.74900000000000588 ) ;
#3153 = FACE_OUTER_BOUND ( 'NONE', #5196, .T. ) ;
#3154 = AXIS2_PLACEMENT_3D ( 'NONE', #702, #3334, #56 ) ;
#3155 = DIRECTION ( 'NONE',  ( 0.9550651196895028061, 0.000000000000000000, -0.2963960478017134692 ) ) ;
#3156 = AXIS2_PLACEMENT_3D ( 'NONE', #1058, #6295, #7621 ) ;
#3157 = ORIENTED_EDGE ( 'NONE', *, *, #8437, .T. ) ;
#3158 = AXIS2_PLACEMENT_3D ( 'NONE', #4131, #823, #6837 ) ;
#3159 = LINE ( 'NONE', #1215, #2137 ) ;
#3160 = DIRECTION ( 'NONE',  ( -1.000000000000000000, 0.000000000000000000, -0.000000000000000000 ) ) ;
#3161 = ORIENTED_EDGE ( 'NONE', *, *, #28, .T. ) ;
#3162 = DIRECTION ( 'NONE',  ( -1.000000000000000000, -0.000000000000000000, 0.000000000000000000 ) ) ;
#3163 = CARTESIAN_POINT ( 'NONE',  ( 0.000000000000000000, 8.758419641788917076, -21.79860027646840592 ) ) ;
#3164 = DIRECTION ( 'NONE',  ( -1.000000000000000000, 0.000000000000000000, 0.000000000000000000 ) ) ;
#3165 = CIRCLE ( 'NONE', #7959, 10.00000000000000178 ) ;
#3166 = CARTESIAN_POINT ( 'NONE',  ( 1.665334536937734811E-11, 10.00000000000000888, 17.49316402681056104 ) ) ;
#3167 = DIRECTION ( 'NONE',  ( -1.000000000000000000, 0.000000000000000000, -0.000000000000000000 ) ) ;
#3168 = ORIENTED_EDGE ( 'NONE', *, *, #4068, .F. ) ;
#3169 = DIRECTION ( 'NONE',  ( 0.000000000000000000, 0.000000000000000000, 1.000000000000000000 ) ) ;
#3170 = ADVANCED_FACE ( 'NONE', ( #3344 ), #4071, .T. ) ;
#3171 = ORIENTED_EDGE ( 'NONE', *, *, #5345, .T. ) ;
#3172 = CARTESIAN_POINT ( 'NONE',  ( 3.000000000000000888, 0.000000000000000000, 0.000000000000000000 ) ) ;
#3173 = LINE ( 'NONE', #8412, #5855 ) ;
#3174 = ORIENTED_EDGE ( 'NONE', *, *, #5647, .F. ) ;
#3175 = CARTESIAN_POINT ( 'NONE',  ( 3.000000000000000888, 0.000000000000000000, 0.000000000000000000 ) ) ;
#3176 = DIRECTION ( 'NONE',  ( 0.000000000000000000, -0.4817536741017035551, -0.8763066800438699122 ) ) ;
#3177 = ORIENTED_EDGE ( 'NONE', *, *, #7269, .F. ) ;
#3178 = DIRECTION ( 'NONE',  ( 0.000000000000000000, 0.000000000000000000, 1.000000000000000000 ) ) ;
#3179 = ORIENTED_EDGE ( 'NONE', *, *, #5104, .F. ) ;
#3180 = LINE ( 'NONE', #4577, #49 ) ;
#3181 = LINE ( 'NONE', #5142, #4504 ) ;
#3182 = EDGE_CURVE ( 'NONE', #1403, #4137, #4872, .T. ) ;
#3183 = EDGE_CURVE ( 'NONE', #8423, #3593, #2552, .T. ) ;
#3184 = PERSON_AND_ORGANIZATION ( #6793, #2555 ) ;
#3185 = VECTOR ( 'NONE', #8216, 1000.000000000000000 ) ;
#3186 = VERTEX_POINT ( 'NONE', #1404 ) ;
#3187 = LINE ( 'NONE', #6535, #5243 ) ;
#3188 = EDGE_LOOP ( 'NONE', ( #562, #3777, #5560, #180 ) ) ;
#3189 = DIRECTION ( 'NONE',  ( -1.000000000000000000, -0.000000000000000000, -0.000000000000000000 ) ) ;
#3190 = ORIENTED_EDGE ( 'NONE', *, *, #7399, .F. ) ;
#3191 = DIRECTION ( 'NONE',  ( 0.000000000000000000, 0.000000000000000000, 1.000000000000000000 ) ) ;
#3192 = CARTESIAN_POINT ( 'NONE',  ( 15.14952443976302909, 10.00000000000000888, -8.746582013434034408 ) ) ;
#3193 = ADVANCED_FACE ( 'NONE', ( #6651 ), #3983, .T. ) ;
#3194 = ADVANCED_FACE ( 'NONE', ( #808 ), #6697, .T. ) ;
#3195 = ORIENTED_EDGE ( 'NONE', *, *, #1820, .F. ) ;
#3196 = DIRECTION ( 'NONE',  ( 0.000000000000000000, 0.000000000000000000, 1.000000000000000000 ) ) ;
#3197 = CARTESIAN_POINT ( 'NONE',  ( 1.500000000000000444, -25.92685648092482609, 1.948874808069071429 ) ) ;
#3198 = ORIENTED_EDGE ( 'NONE', *, *, #3719, .T. ) ;
#3199 = DIRECTION ( 'NONE',  ( -1.000000000000000000, -0.000000000000000000, -0.000000000000000000 ) ) ;
#3200 = CARTESIAN_POINT ( 'NONE',  ( 1.499999999999999556, -24.62765115230525836, -8.335394335024435719 ) ) ;
#3201 = DIRECTION ( 'NONE',  ( 0.000000000000000000, 0.000000000000000000, 1.000000000000000000 ) ) ;
#3202 = B_SPLINE_CURVE_WITH_KNOTS ( 'NONE', 2,
 ( #5401, #762, #6698, #3517, #70 ),
 .UNSPECIFIED., .F., .F.,
 ( 3, 1, 1, 3 ),
 ( 0.002399098765463499559, 0.3755997746914047641, 0.6244002253086988752, 0.9976009012346401805 ),
 .UNSPECIFIED. ) ;
#3203 = VERTEX_POINT ( 'NONE', #1967 ) ;
#3204 = DIRECTION ( 'NONE',  ( -0.000000000000000000, 1.000000000000000000, -0.000000000000000000 ) ) ;
#3205 = VERTEX_POINT ( 'NONE', #26 ) ;
#3206 = DIRECTION ( 'NONE',  ( -1.000000000000000000, 0.000000000000000000, 0.000000000000000000 ) ) ;
#3207 = ORIENTED_EDGE ( 'NONE', *, *, #7872, .F. ) ;
#3208 = DIRECTION ( 'NONE',  ( 0.000000000000000000, -0.6845471059286952764, 0.7289686274214053352 ) ) ;
#3209 = DIRECTION ( 'NONE',  ( 0.000000000000000000, 0.9980267284282717810, -0.06279051952930997382 ) ) ;
#3210 = EDGE_LOOP ( 'NONE', ( #5006, #5050, #1384, #594 ) ) ;
#3211 = DIRECTION ( 'NONE',  ( -1.000000000000000000, -0.000000000000000000, 0.000000000000000000 ) ) ;
#3212 = DIRECTION ( 'NONE',  ( -1.000000000000000000, -0.000000000000000000, 0.000000000000000000 ) ) ;
#3213 = CIRCLE ( 'NONE', #8012, 23.74900000000000233 ) ;
#3214 = ORIENTED_EDGE ( 'NONE', *, *, #6222, .T. ) ;
#3215 = CARTESIAN_POINT ( 'NONE',  ( -14.11953930602272145, 10.00000000000000888, -9.598928328047540148 ) ) ;
#3216 = EDGE_LOOP ( 'NONE', ( #4218, #1226, #5729, #2777 ) ) ;
#3217 = AXIS2_PLACEMENT_3D ( 'NONE', #4878, #8154, #366 ) ;
#3218 = ORIENTED_EDGE ( 'NONE', *, *, #6821, .F. ) ;
#3219 = DIRECTION ( 'NONE',  ( 0.000000000000000000, 0.000000000000000000, 1.000000000000000000 ) ) ;
#3220 = PERSON_AND_ORGANIZATION ( #6793, #2555 ) ;
#3221 = AXIS2_PLACEMENT_3D ( 'NONE', #275, #1009, #7575 ) ;
#3222 = ORIENTED_EDGE ( 'NONE', *, *, #829, .F. ) ;
#3223 = DIRECTION ( 'NONE',  ( 0.000000000000000000, -0.9510565162951565288, 0.3090169943749380699 ) ) ;
#3224 = ORIENTED_EDGE ( 'NONE', *, *, #4013, .F. ) ;
#3225 = EDGE_CURVE ( 'NONE', #1615, #1552, #210, .T. ) ;
#3226 = ORIENTED_EDGE ( 'NONE', *, *, #8030, .F. ) ;
#3227 = LINE ( 'NONE', #5842, #5619 ) ;
#3228 = ORIENTED_EDGE ( 'NONE', *, *, #137, .F. ) ;
#3229 = VECTOR ( 'NONE', #5309, 1000.000000000000000 ) ;
#3230 = DIRECTION ( 'NONE',  ( -1.000000000000000000, -0.000000000000000000, -0.000000000000000000 ) ) ;
#3231 = CYLINDRICAL_SURFACE ( 'NONE', #2724, 23.74900000000000233 ) ;
#3232 = AXIS2_PLACEMENT_3D ( 'NONE', #6373, #1136, #1300 ) ;
#3233 = AXIS2_PLACEMENT_3D ( 'NONE', #2658, #4667, #6610 ) ;
#3234 = VECTOR ( 'NONE', #181, 1000.000000000000000 ) ;
#3235 = ORIENTED_EDGE ( 'NONE', *, *, #5613, .T. ) ;
#3236 = DIRECTION ( 'NONE',  ( 0.000000000000000000, -0.5877852522924802425, 0.8090169943749422332 ) ) ;
#3237 = CIRCLE ( 'NONE', #4327, 17.50000000000000355 ) ;
#3238 = ADVANCED_FACE ( 'NONE', ( #4988 ), #6888, .T. ) ;
#3239 = DIRECTION ( 'NONE',  ( -1.000000000000000000, 0.000000000000000000, 0.000000000000000000 ) ) ;
#3240 = VECTOR ( 'NONE', #2982, 1000.000000000000000 ) ;
#3241 = CC_DESIGN_SECURITY_CLASSIFICATION ( #3646, ( #6391 ) ) ;
#3242 = ORIENTED_EDGE ( 'NONE', *, *, #3814, .F. ) ;
#3243 = CARTESIAN_POINT ( 'NONE',  ( 3.000000000000000888, -18.17661741219023241, 14.88285819611894567 ) ) ;
#3244 = EDGE_CURVE ( 'NONE', #3899, #8051, #902, .T. ) ;
#3245 = CYLINDRICAL_SURFACE ( 'NONE', #2435, 9.999999999999998224 ) ;
#3246 = CIRCLE ( 'NONE', #2697, 23.74900000000000588 ) ;
#3247 = ORIENTED_EDGE ( 'NONE', *, *, #5384, .F. ) ;
#3248 = CC_DESIGN_PERSON_AND_ORGANIZATION_ASSIGNMENT ( #8080, #125, ( #6542 ) ) ;
#3249 = DIRECTION ( 'NONE',  ( 0.000000000000000000, 0.000000000000000000, 1.000000000000000000 ) ) ;
#3250 = ADVANCED_FACE ( 'NONE', ( #7050 ), #4946, .T. ) ;
#3251 = VERTEX_POINT ( 'NONE', #2831 ) ;
#3252 = ADVANCED_FACE ( 'NONE', ( #5682 ), #5728, .T. ) ;
#3253 = CARTESIAN_POINT ( 'NONE',  ( 3.000000000000000888, 22.89013261011094968, -6.329046538897904917 ) ) ;
#3254 = ORIENTED_EDGE ( 'NONE', *, *, #3506, .F. ) ;
#3255 = CARTESIAN_POINT ( 'NONE',  ( -2.050538145046632010, 10.00000000000000888, -15.85322226736041173 ) ) ;
#3256 = CYLINDRICAL_SURFACE ( 'NONE', #1964, 23.74900000000000233 ) ;
#3257 = AXIS2_PLACEMENT_3D ( 'NONE', #5533, #7509, #7378 ) ;
#3258 = ORIENTED_EDGE ( 'NONE', *, *, #6403, .F. ) ;
#3259 = CYLINDRICAL_SURFACE ( 'NONE', #7503, 9.999999999999998224 ) ;
#3260 = CARTESIAN_POINT ( 'NONE',  ( 3.000000000000000888, -8.537555587897202258, -21.88604654154073970 ) ) ;
#3261 = CIRCLE ( 'NONE', #8062, 9.999999999999998224 ) ;
#3262 = LINE ( 'NONE', #5223, #4195 ) ;
#3263 = ORIENTED_EDGE ( 'NONE', *, *, #5542, .F. ) ;
#3264 = FACE_OUTER_BOUND ( 'NONE', #4747, .T. ) ;
#3265 = ORIENTED_EDGE ( 'NONE', *, *, #1564, .F. ) ;
#3266 = DIRECTION ( 'NONE',  ( 1.000000000000000000, 0.000000000000000000, -0.000000000000000000 ) ) ;
#3267 = DIRECTION ( 'NONE',  ( 0.000000000000000000, 0.000000000000000000, 1.000000000000000000 ) ) ;
#3268 = VECTOR ( 'NONE', #8053, 1000.000000000000000 ) ;
#3269 = CALENDAR_DATE ( 2025, 7, 10 ) ;
#3270 = VERTEX_POINT ( 'NONE', #5448 ) ;
#3271 = VECTOR ( 'NONE', #6459, 1000.000000000000000 ) ;
#3272 = CARTESIAN_POINT ( 'NONE',  ( -10.00000000000000000, 0.000000000000000000, 0.000000000000000000 ) ) ;
#3273 = ORIENTED_EDGE ( 'NONE', *, *, #5384, .T. ) ;
#3274 = ORIENTED_EDGE ( 'NONE', *, *, #567, .F. ) ;
#3275 = CARTESIAN_POINT ( 'NONE',  ( -8.102705642371589079, 7.000000000000008882, -5.617728504603292095E-11 ) ) ;
#3276 = EDGE_LOOP ( 'NONE', ( #1134, #3391, #5493, #1228 ) ) ;
#3277 = CARTESIAN_POINT ( 'NONE',  ( 3.000000000000000888, 0.000000000000000000, 0.000000000000000000 ) ) ;
#3278 = DIRECTION ( 'NONE',  ( 0.000000000000000000, 0.000000000000000000, 1.000000000000000000 ) ) ;
#3279 = VECTOR ( 'NONE', #2197, 1000.000000000000000 ) ;
#3280 = AXIS2_PLACEMENT_3D ( 'NONE', #4252, #7558, #6834 ) ;
#3281 = VERTEX_POINT ( 'NONE', #3666 ) ;
#3282 = DIRECTION ( 'NONE',  ( 0.000000000000000000, 0.3681245526846788074, -0.9297764858882511252 ) ) ;
#3283 = CIRCLE ( 'NONE', #7530, 23.74900000000000233 ) ;
#3284 = LINE ( 'NONE', #6592, #1037 ) ;
#3285 = CIRCLE ( 'NONE', #8499, 9.999999999999996447 ) ;
#3286 = ORIENTED_EDGE ( 'NONE', *, *, #7529, .F. ) ;
#3287 = DIRECTION ( 'NONE',  ( -1.000000000000000000, 0.000000000000000000, 0.000000000000000000 ) ) ;
#3288 = DIRECTION ( 'NONE',  ( 0.000000000000000000, 0.4817536741017102164, 0.8763066800438664705 ) ) ;
#3289 = ADVANCED_FACE ( 'NONE', ( #1051 ), #482, .T. ) ;
#3290 = AXIS2_PLACEMENT_3D ( 'NONE', #8262, #4261, #7566 ) ;
#3291 = EDGE_CURVE ( 'NONE', #368, #8334, #8456, .T. ) ;
#3292 = CIRCLE ( 'NONE', #8098, 23.74900000000000233 ) ;
#3293 = DIRECTION ( 'NONE',  ( -1.000000000000000000, -0.000000000000000000, 0.000000000000000000 ) ) ;
#3294 = ORIENTED_EDGE ( 'NONE', *, *, #383, .T. ) ;
#3295 = DIRECTION ( 'NONE',  ( 0.000000000000000000, 0.000000000000000000, 1.000000000000000000 ) ) ;
#3296 = ORIENTED_EDGE ( 'NONE', *, *, #4805, .F. ) ;
#3297 = DIRECTION ( 'NONE',  ( -1.000000000000000000, 0.000000000000000000, -0.000000000000000000 ) ) ;
#3298 = CARTESIAN_POINT ( 'NONE',  ( 3.000000000000000888, -23.74496687177445864, 0.4376634075790585277 ) ) ;
#3299 = VERTEX_POINT ( 'NONE', #3746 ) ;
#3300 = DIRECTION ( 'NONE',  ( 0.000000000000000000, -0.2486898871648415277, -0.9685831611286346288 ) ) ;
#3301 = DIRECTION ( 'NONE',  ( -1.000000000000000000, 0.000000000000000000, 0.000000000000000000 ) ) ;
#3302 = ADVANCED_FACE ( 'NONE', ( #1681 ), #1171, .T. ) ;
#3303 = ADVANCED_FACE ( 'NONE', ( #353 ), #4428, .T. ) ;
#3304 = LINE ( 'NONE', #1925, #5695 ) ;
#3305 = ORIENTED_EDGE ( 'NONE', *, *, #5125, .T. ) ;
#3306 = DIRECTION ( 'NONE',  ( -1.000000000000000000, 0.000000000000000000, 0.000000000000000000 ) ) ;
#3307 = ORIENTED_EDGE ( 'NONE', *, *, #2825, .T. ) ;
#3308 = DIRECTION ( 'NONE',  ( 0.000000000000000000, 0.000000000000000000, 1.000000000000000000 ) ) ;
#3309 = LINE ( 'NONE', #5921, #3842 ) ;
#3310 = ADVANCED_FACE ( 'NONE', ( #4393 ), #2986, .T. ) ;
#3311 = APPROVAL_ROLE ( '' ) ;
#3312 = CIRCLE ( 'NONE', #7732, 26.00000000000000000 ) ;
#3313 = ORIENTED_EDGE ( 'NONE', *, *, #5287, .T. ) ;
#3314 = DIRECTION ( 'NONE',  ( -1.000000000000000000, 0.000000000000000000, 0.000000000000000000 ) ) ;
#3315 = ORIENTED_EDGE ( 'NONE', *, *, #6719, .F. ) ;
#3316 = ORIENTED_EDGE ( 'NONE', *, *, #601, .F. ) ;
#3317 = CARTESIAN_POINT ( 'NONE',  ( 3.000000000000000888, -25.96667425510339555, 1.315989410804834669 ) ) ;
#3318 = ORIENTED_EDGE ( 'NONE', *, *, #5106, .T. ) ;
#3319 = CIRCLE ( 'NONE', #8122, 26.00000000000000000 ) ;
#3320 = CARTESIAN_POINT ( 'NONE',  ( -1.061049529133641256, 10.00000000000000888, -17.46780392355350031 ) ) ;
#3321 = DIRECTION ( 'NONE',  ( -1.000000000000000000, -0.000000000000000000, 0.000000000000000000 ) ) ;
#3322 = ORIENTED_EDGE ( 'NONE', *, *, #7368, .T. ) ;
#3323 = FACE_OUTER_BOUND ( 'NONE', #8460, .T. ) ;
#3324 = DIRECTION ( 'NONE',  ( 1.000000000000000000, 0.000000000000000000, 4.256270054397946562E-44 ) ) ;
#3325 = CIRCLE ( 'NONE', #7705, 10.00000000000000000 ) ;
#3326 = ORIENTED_EDGE ( 'NONE', *, *, #557, .F. ) ;
#3327 = CARTESIAN_POINT ( 'NONE',  ( 3.000000000000000888, -15.47283697127519808, 18.01683426854838999 ) ) ;
#3328 = DIRECTION ( 'NONE',  ( -1.000000000000000000, -0.000000000000000000, -0.000000000000000000 ) ) ;
#3329 = CIRCLE ( 'NONE', #169, 10.00000000000000000 ) ;
#3330 = VERTEX_POINT ( 'NONE', #3790 ) ;
#3331 = DIRECTION ( 'NONE',  ( 0.000000000000000000, 0.9980267284282717810, -0.06279051952930993219 ) ) ;
#3332 = VERTEX_POINT ( 'NONE', #3622 ) ;
#3333 = EDGE_CURVE ( 'NONE', #7313, #6052, #3237, .T. ) ;
#3334 = DIRECTION ( 'NONE',  ( -1.000000000000000000, 0.000000000000000000, 0.000000000000000000 ) ) ;
#3335 = ORIENTED_EDGE ( 'NONE', *, *, #133, .F. ) ;
#3336 = EDGE_CURVE ( 'NONE', #3299, #1209, #399, .T. ) ;
#3337 = CARTESIAN_POINT ( 'NONE',  ( 0.000000000000000000, 13.09272093277482085, 19.81402683899666428 ) ) ;
#3338 = CARTESIAN_POINT ( 'NONE',  ( 3.000000000000000888, 9.275723936746832265, 24.28911166447348080 ) ) ;
#3339 = ORIENTED_EDGE ( 'NONE', *, *, #5553, .T. ) ;
#3340 = DIRECTION ( 'NONE',  ( 0.000000000000000000, 0.000000000000000000, 1.000000000000000000 ) ) ;
#3341 = CARTESIAN_POINT ( 'NONE',  ( 15.37268543422232270, 7.000000000000008882, 7.428415564691093209 ) ) ;
#3342 = CARTESIAN_POINT ( 'NONE',  ( 0.000000000000000000, 12.35365805879608558, -20.28305040092201494 ) ) ;
#3343 = ORIENTED_EDGE ( 'NONE', *, *, #649, .T. ) ;
#3344 = FACE_OUTER_BOUND ( 'NONE', #5864, .T. ) ;
#3345 = CARTESIAN_POINT ( 'NONE',  ( 3.000000000000000888, 18.02520032586864929, 15.06589001178578968 ) ) ;
#3346 = ORIENTED_EDGE ( 'NONE', *, *, #2826, .F. ) ;
#3347 = EDGE_CURVE ( 'NONE', #5450, #6706, #2834, .T. ) ;
#3348 = DIRECTION ( 'NONE',  ( 0.000000000000000000, -0.9510565162951565288, 0.3090169943749382364 ) ) ;
#3349 = DIRECTION ( 'NONE',  ( -1.000000000000000000, 0.000000000000000000, 0.000000000000000000 ) ) ;
#3350 = EDGE_CURVE ( 'NONE', #215, #1654, #8310, .T. ) ;
#3351 = PERSON_AND_ORGANIZATION ( #6793, #2555 ) ;
#3352 = ORIENTED_EDGE ( 'NONE', *, *, #1150, .F. ) ;
#3353 = DIRECTION ( 'NONE',  ( -1.000000000000000000, -0.000000000000000000, 0.000000000000000000 ) ) ;
#3354 = ORIENTED_EDGE ( 'NONE', *, *, #7024, .T. ) ;
#3355 = EDGE_CURVE ( 'NONE', #1246, #3538, #1998, .T. ) ;
#3356 = ORIENTED_EDGE ( 'NONE', *, *, #2840, .F. ) ;
#3357 = DIRECTION ( 'NONE',  ( -1.000000000000000000, 0.000000000000000000, 0.000000000000000000 ) ) ;
#3358 = ADVANCED_FACE ( 'NONE', ( #7704 ), #1948, .T. ) ;
#3359 = CARTESIAN_POINT ( 'NONE',  ( 3.000000000000000888, -4.879274292602898022, -23.24236828246090880 ) ) ;
#3360 = EDGE_LOOP ( 'NONE', ( #416, #7594, #6006, #6416 ) ) ;
#3361 = CARTESIAN_POINT ( 'NONE',  ( 3.000000000000000888, 0.000000000000000000, 0.000000000000000000 ) ) ;
#3362 = DIRECTION ( 'NONE',  ( 0.000000000000000000, 0.9510565162951543083, -0.3090169943749446757 ) ) ;
#3363 = VERTEX_POINT ( 'NONE', #652 ) ;
#3364 = CARTESIAN_POINT ( 'NONE',  ( -10.00000000000000000, 0.000000000000000000, 0.000000000000000000 ) ) ;
#3365 = CIRCLE ( 'NONE', #3221, 26.00000000000000000 ) ;
#3366 = CARTESIAN_POINT ( 'NONE',  ( 0.000000000000000000, -23.38875284200444682, 11.35633041504291896 ) ) ;
#3367 = EDGE_CURVE ( 'NONE', #3802, #5245, #617, .T. ) ;
#3368 = ORIENTED_EDGE ( 'NONE', *, *, #2515, .T. ) ;
#3369 = DIRECTION ( 'NONE',  ( 1.000000000000000000, 0.000000000000000000, 0.000000000000000000 ) ) ;
#3370 = CARTESIAN_POINT ( 'NONE',  ( -15.14952443977879426, 7.000000000000008882, -8.746582013414050394 ) ) ;
#3371 = CIRCLE ( 'NONE', #4315, 23.74900000000000588 ) ;
#3372 = VECTOR ( 'NONE', #1382, 1000.000000000000000 ) ;
#3373 = ORIENTED_EDGE ( 'NONE', *, *, #5062, .F. ) ;
#3374 = AXIS2_PLACEMENT_3D ( 'NONE', #7932, #849, #193 ) ;
#3375 = DIRECTION ( 'NONE',  ( -1.000000000000000000, 0.000000000000000000, -0.000000000000000000 ) ) ;
#3376 = VERTEX_POINT ( 'NONE', #1257 ) ;
#3377 = CARTESIAN_POINT ( 'NONE',  ( -4.051352821171860796, 7.000000000000008882, 7.017148925649419056 ) ) ;
#3378 = ORIENTED_EDGE ( 'NONE', *, *, #4174, .T. ) ;
#3379 = CARTESIAN_POINT ( 'NONE',  ( 0.000000000000000000, -7.753840929970703399, 22.44756004185558496 ) ) ;
#3380 = FACE_OUTER_BOUND ( 'NONE', #856, .T. ) ;
#3381 = VERTEX_POINT ( 'NONE', #8438 ) ;
#3382 = CARTESIAN_POINT ( 'NONE',  ( 0.000000000000000000, 10.50612486395264078, -21.29874036986780439 ) ) ;
#3383 = AXIS2_PLACEMENT_3D ( 'NONE', #4857, #2340, #919 ) ;
#3384 = CARTESIAN_POINT ( 'NONE',  ( 3.000000000000000888, 0.000000000000000000, 0.000000000000000000 ) ) ;
#3385 = AXIS2_PLACEMENT_3D ( 'NONE', #7186, #5206, #5806 ) ;
#3386 = DIRECTION ( 'NONE',  ( 0.000000000000000000, 0.000000000000000000, 1.000000000000000000 ) ) ;
#3387 = ORIENTED_EDGE ( 'NONE', *, *, #5923, .T. ) ;
#3388 = CIRCLE ( 'NONE', #500, 26.00000000000000000 ) ;
#3389 = CARTESIAN_POINT ( 'NONE',  ( 0.000000000000000000, 0.000000000000000000, 0.000000000000000000 ) ) ;
#3390 = CARTESIAN_POINT ( 'NONE',  ( -4.051352821171860796, 7.000000000000008882, 7.017148925649419056 ) ) ;
#3391 = ORIENTED_EDGE ( 'NONE', *, *, #4969, .T. ) ;
#3392 = CARTESIAN_POINT ( 'NONE',  ( -15.14952443979000662, 7.000000000000008882, 8.746582013399839539 ) ) ;
#3393 = CARTESIAN_POINT ( 'NONE',  ( 0.000000000000000000, 0.000000000000000000, 0.000000000000000000 ) ) ;
#3394 = AXIS2_PLACEMENT_3D ( 'NONE', #1148, #2960, #6219 ) ;
#3395 = EDGE_CURVE ( 'NONE', #1667, #5129, #609, .T. ) ;
#3396 = CALENDAR_DATE ( 2025, 7, 10 ) ;
#3397 = EDGE_CURVE ( 'NONE', #3824, #4006, #4453, .T. ) ;
#3398 = VERTEX_POINT ( 'NONE', #7918 ) ;
#3399 = DIRECTION ( 'NONE',  ( 0.000000000000000000, 0.9980267284282717810, -0.06279051952930993219 ) ) ;
#3400 = ADVANCED_FACE ( 'NONE', ( #2642 ), #4472, .T. ) ;
#3401 = ORIENTED_EDGE ( 'NONE', *, *, #4691, .F. ) ;
#3402 = ORIENTED_EDGE ( 'NONE', *, *, #6558, .T. ) ;
#3403 = CARTESIAN_POINT ( 'NONE',  ( 3.000000000000000888, -0.1187726605495834087, -23.49201527519570476 ) ) ;
#3404 = VECTOR ( 'NONE', #7749, 1000.000000000000000 ) ;
#3405 = CARTESIAN_POINT ( 'NONE',  ( 0.000000000000000000, 15.99480952573177639, -17.20624761156487992 ) ) ;
#3406 = ORIENTED_EDGE ( 'NONE', *, *, #8275, .F. ) ;
#3407 = CC_DESIGN_PERSON_AND_ORGANIZATION_ASSIGNMENT ( #2068, #7135, ( #4911 ) ) ;
#3408 = DIRECTION ( 'NONE',  ( -0.000000000000000000, 1.000000000000000000, -0.000000000000000000 ) ) ;
#3409 = LINE ( 'NONE', #7267, #2468 ) ;
#3410 = ADVANCED_FACE ( 'NONE', ( #4645 ), #5161, .T. ) ;
#3411 = AXIS2_PLACEMENT_3D ( 'NONE', #3869, #8351, #1290 ) ;
#3412 = EDGE_LOOP ( 'NONE', ( #5176, #7726 ) ) ;
#3413 = FACE_OUTER_BOUND ( 'NONE', #5520, .T. ) ;
#3414 = DIRECTION ( 'NONE',  ( -0.000000000000000000, 1.000000000000000000, -0.000000000000000000 ) ) ;
#3415 = ORIENTED_EDGE ( 'NONE', *, *, #5444, .T. ) ;
#3416 = CARTESIAN_POINT ( 'NONE',  ( 0.000000000000000000, -22.23862650171300714, 8.334176163083432343 ) ) ;
#3417 = DIRECTION ( 'NONE',  ( -1.000000000000000000, 0.000000000000000000, 0.000000000000000000 ) ) ;
#3418 = AXIS2_PLACEMENT_3D ( 'NONE', #4287, #5626, #6143 ) ;
#3419 = AXIS2_PLACEMENT_3D ( 'NONE', #6385, #3002, #8247 ) ;
#3420 = AXIS2_PLACEMENT_3D ( 'NONE', #8366, #2566, #3801 ) ;
#3421 = DIRECTION ( 'NONE',  ( 0.000000000000000000, -0.5877852522924625900, -0.8090169943749552228 ) ) ;
#3422 = ORIENTED_EDGE ( 'NONE', *, *, #6291, .F. ) ;
#3423 = DIRECTION ( 'NONE',  ( 0.000000000000000000, 0.000000000000000000, 1.000000000000000000 ) ) ;
#3424 = ORIENTED_EDGE ( 'NONE', *, *, #3921, .F. ) ;
#3425 = DIRECTION ( 'NONE',  ( -1.000000000000000000, 0.000000000000000000, -0.000000000000000000 ) ) ;
#3426 = DIRECTION ( 'NONE',  ( 0.000000000000000000, 0.000000000000000000, 1.000000000000000000 ) ) ;
#3427 = VERTEX_POINT ( 'NONE', #6464 ) ;
#3428 = DIRECTION ( 'NONE',  ( -1.000000000000000000, -0.000000000000000000, 0.000000000000000000 ) ) ;
#3429 = VECTOR ( 'NONE', #3431, 1000.000000000000000 ) ;
#3430 = VECTOR ( 'NONE', #7239, 1000.000000000000000 ) ;
#3431 = DIRECTION ( 'NONE',  ( -0.000000000000000000, 1.000000000000000000, -0.000000000000000000 ) ) ;
#3432 = DIRECTION ( 'NONE',  ( 0.000000000000000000, 0.000000000000000000, 1.000000000000000000 ) ) ;
#3433 = ADVANCED_FACE ( 'NONE', ( #4558 ), #1298, .T. ) ;
#3434 = VECTOR ( 'NONE', #7500, 1000.000000000000000 ) ;
#3435 = ORIENTED_EDGE ( 'NONE', *, *, #5180, .F. ) ;
#3436 = DIRECTION ( 'NONE',  ( -1.000000000000000000, -0.000000000000000000, -0.000000000000000000 ) ) ;
#3437 = CYLINDRICAL_SURFACE ( 'NONE', #4779, 23.74900000000000233 ) ;
#3438 = ORIENTED_EDGE ( 'NONE', *, *, #2364, .T. ) ;
#3439 = CARTESIAN_POINT ( 'NONE',  ( 0.000000000000000000, 0.000000000000000000, 0.000000000000000000 ) ) ;
#3440 = FACE_OUTER_BOUND ( 'NONE', #2274, .T. ) ;
#3441 = DIRECTION ( 'NONE',  ( -0.7342190668223596006, 0.000000000000000000, 0.6789126320186592567 ) ) ;
#3442 = AXIS2_PLACEMENT_3D ( 'NONE', #166, #4075, #813 ) ;
#3443 = APPLICATION_PROTOCOL_DEFINITION ( 'international standard', 'config_control_design', 1994, #1493 ) ;
#3444 = ORIENTED_EDGE ( 'NONE', *, *, #981, .F. ) ;
#3445 = CARTESIAN_POINT ( 'NONE',  ( 3.000000000000000888, -2.826494134736670105, 23.32165987963166742 ) ) ;
#3446 = ORIENTED_EDGE ( 'NONE', *, *, #5073, .T. ) ;
#3447 = AXIS2_PLACEMENT_3D ( 'NONE', #4096, #2256, #4853 ) ;
#3448 = ORIENTED_EDGE ( 'NONE', *, *, #4323, .T. ) ;
#3449 = CARTESIAN_POINT ( 'NONE',  ( -10.00000000000000000, 0.000000000000000000, 0.000000000000000000 ) ) ;
#3450 = FACE_OUTER_BOUND ( 'NONE', #2024, .T. ) ;
#3451 = ORIENTED_EDGE ( 'NONE', *, *, #2563, .T. ) ;
#3452 = EDGE_CURVE ( 'NONE', #1677, #4895, #3284, .T. ) ;
#3453 = CARTESIAN_POINT ( 'NONE',  ( 0.000000000000000000, 0.000000000000000000, 0.000000000000000000 ) ) ;
#3454 = ORIENTED_EDGE ( 'NONE', *, *, #7328, .F. ) ;
#3455 = LINE ( 'NONE', #2855, #6939 ) ;
#3456 = LINE ( 'NONE', #7353, #9 ) ;
#3457 = ORIENTED_EDGE ( 'NONE', *, *, #4967, .F. ) ;
#3458 = EDGE_CURVE ( 'NONE', #2674, #1920, #3961, .T. ) ;
#3459 = DIRECTION ( 'NONE',  ( 0.000000000000000000, 0.2486898871648553500, -0.9685831611286309650 ) ) ;
#3460 = EDGE_CURVE ( 'NONE', #2213, #3729, #7612, .T. ) ;
#3461 = CARTESIAN_POINT ( 'NONE',  ( 1.500000000000000444, 17.56576837257078694, -19.16882316369974504 ) ) ;
#3462 = EDGE_CURVE ( 'NONE', #7320, #2660, #5772, .T. ) ;
#3463 = AXIS2_PLACEMENT_3D ( 'NONE', #6317, #961, #4892 ) ;
#3464 = LINE ( 'NONE', #105, #997 ) ;
#3465 = ORIENTED_EDGE ( 'NONE', *, *, #3818, .F. ) ;
#3466 = CARTESIAN_POINT ( 'NONE',  ( 3.000000000000000888, -1.927758584904202266, 23.67063049093387050 ) ) ;
#3467 = VERTEX_POINT ( 'NONE', #1990 ) ;
#3468 = CARTESIAN_POINT ( 'NONE',  ( 1.061049529590555096, 10.00000000000000888, -17.46780392309679897 ) ) ;
#3469 = EDGE_CURVE ( 'NONE', #8038, #781, #1846, .T. ) ;
#3470 = CARTESIAN_POINT ( 'NONE',  ( 14.74895638494044903, 10.00000000000000888, -6.145609380895589169 ) ) ;
#3471 = EDGE_CURVE ( 'NONE', #6630, #5446, #5424, .T. ) ;
#3472 = DIRECTION ( 'NONE',  ( -0.2208460528671492562, 0.000000000000000000, 0.9753086798203942642 ) ) ;
#3473 = CARTESIAN_POINT ( 'NONE',  ( 0.000000000000000000, -21.91639720942976766, -9.148034453285532663 ) ) ;
#3474 = CARTESIAN_POINT ( 'NONE',  ( 3.000000000000000888, 23.61258448579736324, 2.541821178030043260 ) ) ;
#3475 = ORIENTED_EDGE ( 'NONE', *, *, #7477, .T. ) ;
#3476 = CARTESIAN_POINT ( 'NONE',  ( 3.000000000000000888, 6.921355658526210597, 22.71805090337169730 ) ) ;
#3477 = CARTESIAN_POINT ( 'NONE',  ( 0.000000000000000000, 6.158349177668210217, 25.26014123883540918 ) ) ;
#3478 = VERTEX_POINT ( 'NONE', #1850 ) ;
#3479 = CARTESIAN_POINT ( 'NONE',  ( -14.74895638488604632, 10.00000000000000888, 6.145609380785233000 ) ) ;
#3480 = CARTESIAN_POINT ( 'NONE',  ( 3.000000000000000888, 0.000000000000000000, 0.000000000000000000 ) ) ;
#3481 = EDGE_CURVE ( 'NONE', #3838, #7088, #2681, .T. ) ;
#3482 = CARTESIAN_POINT ( 'NONE',  ( 1.959434878635765230E-16, 2.000000000000008882, -1.600000000000000089 ) ) ;
#3483 = DATE_TIME_ROLE ( 'creation_date' ) ;
#3484 = ORIENTED_EDGE ( 'NONE', *, *, #841, .F. ) ;
#3485 = FACE_OUTER_BOUND ( 'NONE', #785, .T. ) ;
#3486 = ORIENTED_EDGE ( 'NONE', *, *, #2221, .F. ) ;
#3487 = ORIENTED_EDGE ( 'NONE', *, *, #6304, .F. ) ;
#3488 = CARTESIAN_POINT ( 'NONE',  ( 3.000000000000000888, 15.99480952573177639, -17.20624761156487992 ) ) ;
#3489 = CIRCLE ( 'NONE', #8295, 26.00000000000000000 ) ;
#3490 = DIRECTION ( 'NONE',  ( -1.000000000000000000, 0.000000000000000000, -0.000000000000000000 ) ) ;
#3491 = CARTESIAN_POINT ( 'NONE',  ( -1.541888672159512419, 10.00000000000000888, -16.91572086648875839 ) ) ;
#3492 =( LENGTH_UNIT ( ) NAMED_UNIT ( * ) SI_UNIT ( .MILLI., .METRE. ) );
#3493 = ORIENTED_EDGE ( 'NONE', *, *, #2364, .F. ) ;
#3494 = DIRECTION ( 'NONE',  ( 0.000000000000000000, 0.000000000000000000, 1.000000000000000000 ) ) ;
#3495 = DIRECTION ( 'NONE',  ( 0.000000000000000000, -0.1253332335643113082, 0.9921147013144767657 ) ) ;
#3496 = ORIENTED_EDGE ( 'NONE', *, *, #4535, .T. ) ;
#3497 = CIRCLE ( 'NONE', #4987, 26.00000000000000000 ) ;
#3498 = CARTESIAN_POINT ( 'NONE',  ( 3.000000000000000888, 22.30553143780312908, -7.372391464924974436 ) ) ;
#3499 = DIRECTION ( 'NONE',  ( -1.000000000000000000, 0.000000000000000000, 0.000000000000000000 ) ) ;
#3500 = VECTOR ( 'NONE', #6561, 1000.000000000000000 ) ;
#3501 = EDGE_CURVE ( 'NONE', #2228, #2212, #2139, .T. ) ;
#3502 = CARTESIAN_POINT ( 'NONE',  ( 0.000000000000000000, 0.000000000000000000, 0.000000000000000000 ) ) ;
#3503 = AXIS2_PLACEMENT_3D ( 'NONE', #875, #4139, #6070 ) ;
#3504 = ORIENTED_EDGE ( 'NONE', *, *, #4068, .T. ) ;
#3505 = CARTESIAN_POINT ( 'NONE',  ( 1.499999999999999556, -25.59698206453969505, 4.560099690536735473 ) ) ;
#3506 = EDGE_CURVE ( 'NONE', #1920, #7616, #476, .T. ) ;
#3507 = ORIENTED_EDGE ( 'NONE', *, *, #282, .T. ) ;
#3508 = LINE ( 'NONE', #6816, #2814 ) ;
#3509 = CARTESIAN_POINT ( 'NONE',  ( 3.000000000000000888, 5.727185429052385146, 22.78350797608155887 ) ) ;
#3510 = DIRECTION ( 'NONE',  ( 0.000000000000000000, -0.9048270524660233516, 0.4257792915650641663 ) ) ;
#3511 = AXIS2_PLACEMENT_3D ( 'NONE', #2803, #2165, #867 ) ;
#3512 = DIRECTION ( 'NONE',  ( -1.000000000000000000, 0.000000000000000000, 0.000000000000000000 ) ) ;
#3513 = CIRCLE ( 'NONE', #8313, 23.74900000000000944 ) ;
#3514 = EDGE_CURVE ( 'NONE', #5158, #6812, #3837, .T. ) ;
#3515 = CARTESIAN_POINT ( 'NONE',  ( 3.000000000000000888, -22.37893697895722411, 7.146472439377552277 ) ) ;
#3516 = ORIENTED_EDGE ( 'NONE', *, *, #5106, .F. ) ;
#3517 = CARTESIAN_POINT ( 'NONE',  ( -14.11953930603304741, 7.000000000000008882, 9.598928328002465094 ) ) ;
#3518 = ORIENTED_EDGE ( 'NONE', *, *, #6642, .F. ) ;
#3519 = DIRECTION ( 'NONE',  ( -1.000000000000000000, 0.000000000000000000, 0.000000000000000000 ) ) ;
#3520 = VECTOR ( 'NONE', #2644, 1000.000000000000000 ) ;
#3521 =( GEOMETRIC_REPRESENTATION_CONTEXT ( 3 ) GLOBAL_UNCERTAINTY_ASSIGNED_CONTEXT ( ( #786 ) ) GLOBAL_UNIT_ASSIGNED_CONTEXT ( ( #4978, #2333, #2372 ) ) REPRESENTATION_CONTEXT ( 'NONE', 'WORKASPACE' ) );
#3522 = DIRECTION ( 'NONE',  ( -1.000000000000000000, 0.000000000000000000, 0.000000000000000000 ) ) ;
#3523 = APPLICATION_PROTOCOL_DEFINITION ( 'international standard', 'config_control_design', 1994, #5723 ) ;
#3524 = AXIS2_PLACEMENT_3D ( 'NONE', #3742, #7045, #4514 ) ;
#3525 = APPROVAL_PERSON_ORGANIZATION ( #6747, #7181, #7338 ) ;
#3526 = ORIENTED_EDGE ( 'NONE', *, *, #3514, .F. ) ;
#3527 = CARTESIAN_POINT ( 'NONE',  ( 0.000000000000000000, -2.826494134736345920, -23.32165987963170295 ) ) ;
#3528 = ORIENTED_EDGE ( 'NONE', *, *, #5231, .F. ) ;
#3529 = ORIENTED_EDGE ( 'NONE', *, *, #1510, .T. ) ;
#3530 = DIRECTION ( 'NONE',  ( 0.000000000000000000, 0.000000000000000000, 1.000000000000000000 ) ) ;
#3531 = CARTESIAN_POINT ( 'NONE',  ( 0.000000000000000000, 19.77132294913407762, 12.68793432659416354 ) ) ;
#3532 = DIRECTION ( 'NONE',  ( 0.000000000000000000, 0.000000000000000000, 1.000000000000000000 ) ) ;
#3533 = ORIENTED_EDGE ( 'NONE', *, *, #5287, .F. ) ;
#3534 = AXIS2_PLACEMENT_3D ( 'NONE', #534, #3841, #1176 ) ;
#3535 = DIRECTION ( 'NONE',  ( 0.000000000000000000, -0.6845471059286950544, 0.7289686274214053352 ) ) ;
#3536 = LINE ( 'NONE', #5338, #7417 ) ;
#3537 = VECTOR ( 'NONE', #633, 1000.000000000000000 ) ;
#3538 = VERTEX_POINT ( 'NONE', #6632 ) ;
#3539 = EDGE_CURVE ( 'NONE', #4821, #3270, #2547, .T. ) ;
#3540 = CARTESIAN_POINT ( 'NONE',  ( 3.000000000000000888, 1.054159027266251547, -23.72559271641560841 ) ) ;
#3541 = CARTESIAN_POINT ( 'NONE',  ( 0.000000000000000000, 23.61258448579739522, -2.541821178029707085 ) ) ;
#3542 = DIRECTION ( 'NONE',  ( -1.000000000000000000, -0.000000000000000000, 0.000000000000000000 ) ) ;
#3543 = EDGE_CURVE ( 'NONE', #5941, #3607, #6931, .T. ) ;
#3544 = ORIENTED_EDGE ( 'NONE', *, *, #2709, .F. ) ;
#3545 = DIRECTION ( 'NONE',  ( -1.000000000000000000, -0.000000000000000000, -0.000000000000000000 ) ) ;
#3546 = ORIENTED_EDGE ( 'NONE', *, *, #5769, .F. ) ;
#3547 = DIRECTION ( 'NONE',  ( -0.000000000000000000, 0.000000000000000000, 1.000000000000000000 ) ) ;
#3548 = CYLINDRICAL_SURFACE ( 'NONE', #2152, 23.74900000000000233 ) ;
#3549 = EDGE_CURVE ( 'NONE', #2678, #5530, #4775, .T. ) ;
#3550 = AXIS2_PLACEMENT_3D ( 'NONE', #1625, #3051, #8160 ) ;
#3551 = CARTESIAN_POINT ( 'NONE',  ( 3.000000000000000888, -21.91639720942990621, 9.148034453285214695 ) ) ;
#3552 = ADVANCED_FACE ( 'NONE', ( #6029 ), #8049, .T. ) ;
#3553 = DIRECTION ( 'NONE',  ( 0.000000000000000000, 0.000000000000000000, 1.000000000000000000 ) ) ;
#3554 = AXIS2_PLACEMENT_3D ( 'NONE', #4483, #5907, #7111 ) ;
#3555 = CARTESIAN_POINT ( 'NONE',  ( 8.102705642427432409, 10.00000000000000888, -5.573319583618285833E-11 ) ) ;
#3556 = ORIENTED_EDGE ( 'NONE', *, *, #5847, .F. ) ;
#3557 = DIRECTION ( 'NONE',  ( 0.000000000000000000, -0.9980267284282723361, 0.06279051952930261860 ) ) ;
#3558 = ORIENTED_EDGE ( 'NONE', *, *, #720, .T. ) ;
#3559 = CARTESIAN_POINT ( 'NONE',  ( 3.000000000000000888, -17.00973468965515778, 16.57359124594130151 ) ) ;
#3560 = CYLINDRICAL_SURFACE ( 'NONE', #5211, 9.999999999999998224 ) ;
#3561 = LINE ( 'NONE', #2881, #7910 ) ;
#3562 = ADVANCED_FACE ( 'NONE', ( #6760 ), #2083, .T. ) ;
#3563 = EDGE_CURVE ( 'NONE', #5796, #2654, #3772, .T. ) ;
#3564 = DATE_AND_TIME ( #4806, #6680 ) ;
#3565 = CIRCLE ( 'NONE', #8369, 26.00000000000000000 ) ;
#3566 = CIRCLE ( 'NONE', #5624, 26.00000000000000000 ) ;
#3567 = ORIENTED_EDGE ( 'NONE', *, *, #2352, .F. ) ;
#3568 = DIRECTION ( 'NONE',  ( -1.000000000000000000, 0.000000000000000000, -0.000000000000000000 ) ) ;
#3569 = ORIENTED_EDGE ( 'NONE', *, *, #8019, .T. ) ;
#3570 = ORIENTED_EDGE ( 'NONE', *, *, #5965, .T. ) ;
#3571 = CARTESIAN_POINT ( 'NONE',  ( 3.000000000000000888, -20.59702713253510353, 11.82275239957317226 ) ) ;
#3572 = AXIS2_PLACEMENT_3D ( 'NONE', #1706, #4291, #5020 ) ;
#3573 = ADVANCED_FACE ( 'NONE', ( #266 ), #6107, .T. ) ;
#3574 = DIRECTION ( 'NONE',  ( 0.000000000000000000, -6.982962677686266711E-15, 1.000000000000000000 ) ) ;
#3575 = ORIENTED_EDGE ( 'NONE', *, *, #3612, .F. ) ;
#3576 = DIRECTION ( 'NONE',  ( -1.000000000000000000, -0.000000000000000000, 0.000000000000000000 ) ) ;
#3577 = CARTESIAN_POINT ( 'NONE',  ( 0.000000000000000000, -24.82361017592229402, 7.732294474077365365 ) ) ;
#3578 = EDGE_LOOP ( 'NONE', ( #807, #7822, #39, #12 ) ) ;
#3579 = DIRECTION ( 'NONE',  ( -1.000000000000000000, 0.000000000000000000, 0.000000000000000000 ) ) ;
#3580 = DIRECTION ( 'NONE',  ( 0.000000000000000000, 0.000000000000000000, -1.000000000000000000 ) ) ;
#3581 = DIRECTION ( 'NONE',  ( -0.7342190668223670391, 0.000000000000000000, -0.6789126320186510410 ) ) ;
#3582 = EDGE_LOOP ( 'NONE', ( #7784, #8469, #988, #2968 ) ) ;
#3583 = B_SPLINE_CURVE_WITH_KNOTS ( 'NONE', 2,
 ( #7801, #7680, #3255 ),
 .UNSPECIFIED., .F., .F.,
 ( 3, 3 ),
 ( 0.7649281316632863259, 0.9989257314563931844 ),
 .UNSPECIFIED. ) ;
#3584 = ORIENTED_EDGE ( 'NONE', *, *, #1409, .T. ) ;
#3585 = DIRECTION ( 'NONE',  ( -1.000000000000000000, 0.000000000000000000, 0.000000000000000000 ) ) ;
#3586 = DIRECTION ( 'NONE',  ( -0.000000000000000000, 1.000000000000000000, -0.000000000000000000 ) ) ;
#3587 = FACE_OUTER_BOUND ( 'NONE', #6714, .T. ) ;
#3588 = FACE_OUTER_BOUND ( 'NONE', #6454, .T. ) ;
#3589 = AXIS2_PLACEMENT_3D ( 'NONE', #2647, #5779, #2609 ) ;
#3590 = EDGE_CURVE ( 'NONE', #5898, #1312, #3456, .T. ) ;
#3591 = DIRECTION ( 'NONE',  ( -1.000000000000000000, -0.000000000000000000, 0.000000000000000000 ) ) ;
#3592 = EDGE_CURVE ( 'NONE', #2236, #3892, #3319, .T. ) ;
#3593 = VERTEX_POINT ( 'NONE', #1551 ) ;
#3594 = CARTESIAN_POINT ( 'NONE',  ( 0.000000000000000000, 21.30678187720822692, 9.894944904949857900 ) ) ;
#3595 = ORIENTED_EDGE ( 'NONE', *, *, #4867, .T. ) ;
#3596 = DIRECTION ( 'NONE',  ( 0.000000000000000000, 0.000000000000000000, 1.000000000000000000 ) ) ;
#3597 = CARTESIAN_POINT ( 'NONE',  ( 0.000000000000000000, 22.23862650171306399, -8.334176163083276023 ) ) ;
#3598 = AXIS2_PLACEMENT_3D ( 'NONE', #1429, #4735, #2904 ) ;
#3599 = ORIENTED_EDGE ( 'NONE', *, *, #8031, .T. ) ;
#3600 = CARTESIAN_POINT ( 'NONE',  ( 3.000000000000000888, 11.21328339503270222, 20.64342907894922163 ) ) ;
#3601 = APPROVAL_STATUS ( 'not_yet_approved' ) ;
#3602 = AXIS2_PLACEMENT_3D ( 'NONE', #4007, #4181, #4693 ) ;
#3603 = EDGE_CURVE ( 'NONE', #2853, #7139, #5422, .T. ) ;
#3604 = ORIENTED_EDGE ( 'NONE', *, *, #6376, .F. ) ;
#3605 = FACE_OUTER_BOUND ( 'NONE', #6614, .T. ) ;
#3606 = ORIENTED_EDGE ( 'NONE', *, *, #4441, .T. ) ;
#3607 = VERTEX_POINT ( 'NONE', #144 ) ;
#3608 = CARTESIAN_POINT ( 'NONE',  ( 0.000000000000000000, 11.21328339503299532, -20.64342907894905466 ) ) ;
#3609 = ADVANCED_FACE ( 'NONE', ( #735 ), #2121, .T. ) ;
#3610 = AXIS2_PLACEMENT_3D ( 'NONE', #1520, #8009, #4055 ) ;
#3611 = DIRECTION ( 'NONE',  ( -1.000000000000000000, -0.000000000000000000, 0.000000000000000000 ) ) ;
#3612 = EDGE_CURVE ( 'NONE', #1987, #6868, #4820, .T. ) ;
#3613 = ORIENTED_EDGE ( 'NONE', *, *, #2728, .T. ) ;
#3614 = EDGE_CURVE ( 'NONE', #1512, #2753, #693, .T. ) ;
#3615 = CARTESIAN_POINT ( 'NONE',  ( 0.000000000000000000, 23.05365132147766971, -4.518633574727327407 ) ) ;
#3616 = DIRECTION ( 'NONE',  ( 0.000000000000000000, -0.2486898871648415277, -0.9685831611286346288 ) ) ;
#3617 = ORIENTED_EDGE ( 'NONE', *, *, #5013, .T. ) ;
#3618 = DIRECTION ( 'NONE',  ( 0.000000000000000000, 0.9510565162951523099, 0.3090169943749515591 ) ) ;
#3619 = DIRECTION ( 'NONE',  ( -1.000000000000000000, 0.000000000000000000, -0.000000000000000000 ) ) ;
#3620 = CARTESIAN_POINT ( 'NONE',  ( 0.000000000000000000, -18.02803414784235159, 18.73472670641955418 ) ) ;
#3621 = CIRCLE ( 'NONE', #1291, 10.00000000000000000 ) ;
#3622 = CARTESIAN_POINT ( 'NONE',  ( 3.000000000000000888, 21.91639720942996661, -9.148034453285061929 ) ) ;
#3623 = ORIENTED_EDGE ( 'NONE', *, *, #1975, .F. ) ;
#3624 = VECTOR ( 'NONE', #8184, 1000.000000000000000 ) ;
#3625 = ORIENTED_EDGE ( 'NONE', *, *, #5590, .F. ) ;
#3626 = CARTESIAN_POINT ( 'NONE',  ( 3.000000000000000000, 0.000000000000000000, 0.000000000000000000 ) ) ;
#3627 = CARTESIAN_POINT ( 'NONE',  ( -10.00000000000000000, 0.000000000000000000, 0.000000000000000000 ) ) ;
#3628 = CARTESIAN_POINT ( 'NONE',  ( 0.000000000000000000, 0.000000000000000000, 0.000000000000000000 ) ) ;
#3629 = DIRECTION ( 'NONE',  ( 1.000000000000000000, 0.000000000000000000, 0.000000000000000000 ) ) ;
#3630 = CIRCLE ( 'NONE', #5270, 26.00000000000000000 ) ;
#3631 = DIRECTION ( 'NONE',  ( -1.000000000000000000, -0.000000000000000000, 0.000000000000000000 ) ) ;
#3632 = VERTEX_POINT ( 'NONE', #6803 ) ;
#3633 = CARTESIAN_POINT ( 'NONE',  ( 3.000000000000000888, 0.000000000000000000, 0.000000000000000000 ) ) ;
#3634 = ORIENTED_EDGE ( 'NONE', *, *, #1349, .F. ) ;
#3635 = DIRECTION ( 'NONE',  ( 0.000000000000000000, 0.000000000000000000, -1.000000000000000000 ) ) ;
#3636 = DIRECTION ( 'NONE',  ( -0.9753086798204005925, 0.000000000000000000, 0.2208460528671212786 ) ) ;
#3637 = ORIENTED_EDGE ( 'NONE', *, *, #5650, .F. ) ;
#3638 = DIRECTION ( 'NONE',  ( 1.000000000000000000, 0.000000000000000000, 0.000000000000000000 ) ) ;
#3639 = VECTOR ( 'NONE', #1217, 1000.000000000000000 ) ;
#3640 = PERSON_AND_ORGANIZATION ( #6793, #2555 ) ;
#3641 = AXIS2_PLACEMENT_3D ( 'NONE', #3959, #6546, #3282 ) ;
#3642 = AXIS2_PLACEMENT_3D ( 'NONE', #7894, #2103, #1445 ) ;
#3643 = VERTEX_POINT ( 'NONE', #100 ) ;
#3644 = AXIS2_PLACEMENT_3D ( 'NONE', #6169, #8190, #1010 ) ;
#3645 = CYLINDRICAL_SURFACE ( 'NONE', #3142, 23.74900000000000233 ) ;
#3646 = SECURITY_CLASSIFICATION ( '', '', #2975 ) ;
#3647 = EDGE_CURVE ( 'NONE', #832, #4137, #3536, .T. ) ;
#3648 = ORIENTED_EDGE ( 'NONE', *, *, #934, .T. ) ;
#3649 = ORIENTED_EDGE ( 'NONE', *, *, #1133, .T. ) ;
#3650 = LINE ( 'NONE', #5101, #5899 ) ;
#3651 = EDGE_CURVE ( 'NONE', #1928, #7600, #5504, .T. ) ;
#3652 = DIRECTION ( 'NONE',  ( -1.000000000000000000, 0.000000000000000000, -0.000000000000000000 ) ) ;
#3653 = EDGE_CURVE ( 'NONE', #8408, #6560, #6596, .T. ) ;
#3654 = AXIS2_PLACEMENT_3D ( 'NONE', #6846, #6926, #4178 ) ;
#3655 = ORIENTED_EDGE ( 'NONE', *, *, #1545, .T. ) ;
#3656 = CARTESIAN_POINT ( 'NONE',  ( 3.000000000000000888, -12.35365805879565748, -20.28305040092227429 ) ) ;
#3657 = DIRECTION ( 'NONE',  ( -1.000000000000000000, -0.000000000000000000, 0.000000000000000000 ) ) ;
#3658 = AXIS2_PLACEMENT_3D ( 'NONE', #502, #5621, #369 ) ;
#3659 = VERTEX_POINT ( 'NONE', #3366 ) ;
#3660 = DIRECTION ( 'NONE',  ( 0.000000000000000000, 0.000000000000000000, 1.000000000000000000 ) ) ;
#3661 = CARTESIAN_POINT ( 'NONE',  ( 3.000000000000000888, -21.30678187720815586, -9.894944904950010667 ) ) ;
#3662 = ADVANCED_FACE ( 'NONE', ( #2729 ), #8302, .F. ) ;
#3663 = EDGE_CURVE ( 'NONE', #5852, #799, #4341, .T. ) ;
#3664 = AXIS2_PLACEMENT_3D ( 'NONE', #4446, #7070, #8250 ) ;
#3665 = DIRECTION ( 'NONE',  ( -1.000000000000000000, -0.000000000000000000, 0.000000000000000000 ) ) ;
#3666 = CARTESIAN_POINT ( 'NONE',  ( -12.69673203797072603, 7.000000000000008882, -9.700166218278516439 ) ) ;
#3667 = ORIENTED_EDGE ( 'NONE', *, *, #8191, .F. ) ;
#3668 = EDGE_LOOP ( 'NONE', ( #1007, #3692, #4751, #6833 ) ) ;
#3669 = FACE_OUTER_BOUND ( 'NONE', #6098, .T. ) ;
#3670 = CARTESIAN_POINT ( 'NONE',  ( -12.69673203797372452, 10.00000000000000888, 9.700166218166828003 ) ) ;
#3671 = AXIS2_PLACEMENT_3D ( 'NONE', #8317, #2430, #6857 ) ;
#3672 = CARTESIAN_POINT ( 'NONE',  ( 3.000000000000000888, 0.1187726605497482074, 23.49201527519569765 ) ) ;
#3673 = EDGE_CURVE ( 'NONE', #5256, #733, #430, .T. ) ;
#3674 = CIRCLE ( 'NONE', #8479, 23.74900000000000944 ) ;
#3675 = FACE_OUTER_BOUND ( 'NONE', #6017, .T. ) ;
#3676 = VECTOR ( 'NONE', #5551, 1000.000000000000000 ) ;
#3677 = FACE_OUTER_BOUND ( 'NONE', #7124, .T. ) ;
#3678 = ORIENTED_EDGE ( 'NONE', *, *, #2044, .F. ) ;
#3679 = DIRECTION ( 'NONE',  ( -1.000000000000000000, 0.000000000000000000, 0.000000000000000000 ) ) ;
#3680 = CIRCLE ( 'NONE', #252, 23.74900000000000233 ) ;
#3681 = ORIENTED_EDGE ( 'NONE', *, *, #3244, .F. ) ;
#3682 = CARTESIAN_POINT ( 'NONE',  ( 3.000000000000000888, 11.42144594672549474, 20.52899074774378363 ) ) ;
#3683 = CARTESIAN_POINT ( 'NONE',  ( 3.000000000000000888, -23.74496687177445864, 0.4376634075790585277 ) ) ;
#3684 = ORIENTED_EDGE ( 'NONE', *, *, #7232, .T. ) ;
#3685 = DIRECTION ( 'NONE',  ( 0.000000000000000000, 0.9510565162951543083, -0.3090169943749446757 ) ) ;
#3686 = CIRCLE ( 'NONE', #6161, 10.00000000000000000 ) ;
#3687 = EDGE_CURVE ( 'NONE', #6430, #3478, #825, .T. ) ;
#3688 = PERSON_AND_ORGANIZATION ( #6793, #2555 ) ;
#3689 = VERTEX_POINT ( 'NONE', #6882 ) ;
#3690 = VECTOR ( 'NONE', #6864, 1000.000000000000000 ) ;
#3691 = CARTESIAN_POINT ( 'NONE',  ( 3.000000000000000888, 5.957267827074719690, -22.72443285698066973 ) ) ;
#3692 = ORIENTED_EDGE ( 'NONE', *, *, #3452, .F. ) ;
#3693 = ORIENTED_EDGE ( 'NONE', *, *, #6870, .T. ) ;
#3694 = CARTESIAN_POINT ( 'NONE',  ( 3.000000000000000888, 9.714105481848354984, -21.67143640111389047 ) ) ;
#3695 = CIRCLE ( 'NONE', #7809, 26.00000000000000000 ) ;
#3696 = CIRCLE ( 'NONE', #1363, 10.00000000000000000 ) ;
#3697 = ORIENTED_EDGE ( 'NONE', *, *, #4655, .F. ) ;
#3698 = EDGE_CURVE ( 'NONE', #2486, #680, #3701, .T. ) ;
#3699 = DIRECTION ( 'NONE',  ( 1.000000000000000000, -0.000000000000000000, -0.000000000000000000 ) ) ;
#3700 = EDGE_CURVE ( 'NONE', #4567, #862, #1913, .T. ) ;
#3701 = LINE ( 'NONE', #6923, #2059 ) ;
#3702 = FACE_OUTER_BOUND ( 'NONE', #6963, .T. ) ;
#3703 = AXIS2_PLACEMENT_3D ( 'NONE', #2409, #6959, #5629 ) ;
#3704 = ORIENTED_EDGE ( 'NONE', *, *, #3086, .T. ) ;
#3705 = CARTESIAN_POINT ( 'NONE',  ( 3.000000000000000888, 0.000000000000000000, 0.000000000000000000 ) ) ;
#3706 = LINE ( 'NONE', #6324, #2864 ) ;
#3707 = DIRECTION ( 'NONE',  ( -0.000000000000000000, 1.000000000000000000, -0.000000000000000000 ) ) ;
#3708 = ADVANCED_FACE ( 'NONE', ( #6318 ), #1080, .T. ) ;
#3709 = DIRECTION ( 'NONE',  ( 0.000000000000000000, 0.000000000000000000, -1.000000000000000000 ) ) ;
#3710 = VERTEX_POINT ( 'NONE', #2416 ) ;
#3711 = ADVANCED_FACE ( 'NONE', ( #5547 ), #4295, .T. ) ;
#3712 = ORIENTED_EDGE ( 'NONE', *, *, #788, .F. ) ;
#3713 = DIRECTION ( 'NONE',  ( -1.000000000000000000, 0.000000000000000000, 0.000000000000000000 ) ) ;
#3714 = DIRECTION ( 'NONE',  ( -1.000000000000000000, -0.000000000000000000, -0.000000000000000000 ) ) ;
#3715 = EDGE_CURVE ( 'NONE', #954, #5323, #6170, .T. ) ;
#3716 = DIRECTION ( 'NONE',  ( -1.000000000000000000, -0.000000000000000000, 0.000000000000000000 ) ) ;
#3717 = FACE_OUTER_BOUND ( 'NONE', #8292, .T. ) ;
#3718 = CARTESIAN_POINT ( 'NONE',  ( 3.000000000000000888, -7.753840929970703399, 22.44756004185558496 ) ) ;
#3719 = EDGE_CURVE ( 'NONE', #8332, #2002, #1770, .T. ) ;
#3720 = ORIENTED_EDGE ( 'NONE', *, *, #6403, .T. ) ;
#3721 = ADVANCED_FACE ( 'NONE', ( #4381 ), #4981, .T. ) ;
#3722 = FACE_OUTER_BOUND ( 'NONE', #7757, .T. ) ;
#3723 = ORIENTED_EDGE ( 'NONE', *, *, #2620, .F. ) ;
#3724 = DIRECTION ( 'NONE',  ( -0.9550651196895090234, 0.000000000000000000, 0.2963960478016934297 ) ) ;
#3725 = DIRECTION ( 'NONE',  ( 0.2208460528671212786, 0.000000000000000000, 0.9753086798204005925 ) ) ;
#3726 = ORIENTED_EDGE ( 'NONE', *, *, #611, .T. ) ;
#3727 = CARTESIAN_POINT ( 'NONE',  ( 0.000000000000000000, 4.019451921851954879, 23.40638817177739384 ) ) ;
#3728 = APPROVAL_DATE_TIME ( #458, #2895 ) ;
#3729 = VERTEX_POINT ( 'NONE', #963 ) ;
#3730 = AXIS2_PLACEMENT_3D ( 'NONE', #4275, #5567, #8321 ) ;
#3731 = DIRECTION ( 'NONE',  ( -1.000000000000000000, -0.000000000000000000, 0.000000000000000000 ) ) ;
#3732 = ORIENTED_EDGE ( 'NONE', *, *, #3563, .F. ) ;
#3733 = EDGE_LOOP ( 'NONE', ( #5568, #1538, #6090, #1378 ) ) ;
#3734 = DIRECTION ( 'NONE',  ( 0.000000000000000000, 0.000000000000000000, 1.000000000000000000 ) ) ;
#3735 = PERSON_AND_ORGANIZATION_ROLE ( 'creator' ) ;
#3736 = DIRECTION ( 'NONE',  ( -1.000000000000000000, 0.000000000000000000, 0.000000000000000000 ) ) ;
#3737 = ORIENTED_EDGE ( 'NONE', *, *, #3244, .T. ) ;
#3738 = LINE ( 'NONE', #8301, #3185 ) ;
#3739 = DIRECTION ( 'NONE',  ( -1.000000000000000000, 0.000000000000000000, 0.000000000000000000 ) ) ;
#3740 = CYLINDRICAL_SURFACE ( 'NONE', #3831, 9.999999999999998224 ) ;
#3741 = ORIENTED_EDGE ( 'NONE', *, *, #7002, .F. ) ;
#3742 = CARTESIAN_POINT ( 'NONE',  ( 3.000000000000000888, 0.000000000000000000, 0.000000000000000000 ) ) ;
#3743 = DIRECTION ( 'NONE',  ( 1.000000000000000000, -0.000000000000000000, -0.000000000000000000 ) ) ;
#3744 = ORIENTED_EDGE ( 'NONE', *, *, #1013, .T. ) ;
#3745 = DIRECTION ( 'NONE',  ( 0.000000000000000000, 0.000000000000000000, 1.000000000000000000 ) ) ;
#3746 = CARTESIAN_POINT ( 'NONE',  ( 0.000000000000000000, -3.572989937012589490, -25.75332489039049833 ) ) ;
#3747 = EDGE_LOOP ( 'NONE', ( #7676, #7149, #6751, #1631 ) ) ;
#3748 = DIRECTION ( 'NONE',  ( 0.000000000000000000, 0.000000000000000000, -1.000000000000000000 ) ) ;
#3749 = DIRECTION ( 'NONE',  ( -1.000000000000000000, 0.000000000000000000, 0.000000000000000000 ) ) ;
#3750 = DIRECTION ( 'NONE',  ( -1.000000000000000000, 0.000000000000000000, 0.000000000000000000 ) ) ;
#3751 = DIRECTION ( 'NONE',  ( 0.000000000000000000, 0.000000000000000000, 1.000000000000000000 ) ) ;
#3752 = EDGE_CURVE ( 'NONE', #622, #8112, #2902, .T. ) ;
#3753 = CARTESIAN_POINT ( 'NONE',  ( 3.000000000000000888, -23.43820135222875223, 1.593614133755210105 ) ) ;
#3754 = EDGE_CURVE ( 'NONE', #4481, #6351, #558, .T. ) ;
#3755 = ORIENTED_EDGE ( 'NONE', *, *, #3653, .F. ) ;
#3756 = DIRECTION ( 'NONE',  ( -1.000000000000000000, -0.000000000000000000, -0.000000000000000000 ) ) ;
#3757 = ORIENTED_EDGE ( 'NONE', *, *, #7019, .F. ) ;
#3758 = DIRECTION ( 'NONE',  ( -1.000000000000000000, 0.000000000000000000, -0.000000000000000000 ) ) ;
#3759 = DIRECTION ( 'NONE',  ( 0.000000000000000000, 0.000000000000000000, 1.000000000000000000 ) ) ;
#3760 = ORIENTED_EDGE ( 'NONE', *, *, #8059, .T. ) ;
#3761 = CC_DESIGN_PERSON_AND_ORGANIZATION_ASSIGNMENT ( #2108, #6704, ( #6542 ) ) ;
#3762 = DIRECTION ( 'NONE',  ( -1.000000000000000000, 0.000000000000000000, 0.000000000000000000 ) ) ;
#3763 = CIRCLE ( 'NONE', #6648, 10.00000000000000000 ) ;
#3764 = CARTESIAN_POINT ( 'NONE',  ( 3.000000000000000888, 0.000000000000000000, 0.000000000000000000 ) ) ;
#3765 = EDGE_CURVE ( 'NONE', #3945, #1209, #3312, .T. ) ;
#3766 = EDGE_CURVE ( 'NONE', #2366, #960, #5945, .T. ) ;
#3767 = COORDINATED_UNIVERSAL_TIME_OFFSET ( 7, 0, .AHEAD. ) ;
#3768 = AXIS2_PLACEMENT_3D ( 'NONE', #6643, #6042, #1959 ) ;
#3769 = ORIENTED_EDGE ( 'NONE', *, *, #2708, .F. ) ;
#3770 = LINE ( 'NONE', #8507, #7786 ) ;
#3771 = ORIENTED_EDGE ( 'NONE', *, *, #7121, .T. ) ;
#3772 = CIRCLE ( 'NONE', #64, 23.74900000000000588 ) ;
#3773 = CYLINDRICAL_SURFACE ( 'NONE', #7610, 9.999999999999998224 ) ;
#3774 = CARTESIAN_POINT ( 'NONE',  ( 3.000000000000000888, -0.1187726605499095367, 23.49201527519569765 ) ) ;
#3775 = AXIS2_PLACEMENT_3D ( 'NONE', #6372, #3792, #7707 ) ;
#3776 = AXIS2_PLACEMENT_3D ( 'NONE', #5543, #7597, #5064 ) ;
#3777 = ORIENTED_EDGE ( 'NONE', *, *, #3469, .F. ) ;
#3778 = DIRECTION ( 'NONE',  ( -1.000000000000000000, -0.000000000000000000, -0.000000000000000000 ) ) ;
#3779 = EDGE_LOOP ( 'NONE', ( #3913, #2119, #3274, #7964 ) ) ;
#3780 = DIRECTION ( 'NONE',  ( 0.000000000000000000, 0.000000000000000000, 1.000000000000000000 ) ) ;
#3781 = VERTEX_POINT ( 'NONE', #5718 ) ;
#3782 = LINE ( 'NONE', #5767, #4470 ) ;
#3783 = CIRCLE ( 'NONE', #80, 9.999999999999998224 ) ;
#3784 = SECURITY_CLASSIFICATION ( '', '', #8288 ) ;
#3785 = LINE ( 'NONE', #1945, #6838 ) ;
#3786 = EDGE_CURVE ( 'NONE', #3381, #4721, #5067, .T. ) ;
#3787 = ORIENTED_EDGE ( 'NONE', *, *, #658, .F. ) ;
#3788 = CIRCLE ( 'NONE', #782, 9.999999999999998224 ) ;
#3789 = CARTESIAN_POINT ( 'NONE',  ( 3.000000000000000888, -8.537555587897202258, -21.88604654154073970 ) ) ;
#3790 = CARTESIAN_POINT ( 'NONE',  ( 0.000000000000000000, 12.24681498829439441, -22.93502828955063677 ) ) ;
#3791 = EDGE_LOOP ( 'NONE', ( #645, #5780, #4314, #3811 ) ) ;
#3792 = DIRECTION ( 'NONE',  ( -1.000000000000000000, 0.000000000000000000, 0.000000000000000000 ) ) ;
#3793 = CARTESIAN_POINT ( 'NONE',  ( 0.000000000000000000, 22.30553143780312908, -7.372391464924974436 ) ) ;
#3794 = DIRECTION ( 'NONE',  ( -1.000000000000000000, 0.000000000000000000, 0.000000000000000000 ) ) ;
#3795 = AXIS2_PLACEMENT_3D ( 'NONE', #20, #4619, #6606 ) ;
#3796 = DIRECTION ( 'NONE',  ( -1.000000000000000000, 0.000000000000000000, 0.000000000000000000 ) ) ;
#3797 = APPLICATION_CONTEXT ( 'configuration controlled 3d designs of mechanical parts and assemblies' ) ;
#3798 = DIRECTION ( 'NONE',  ( -1.000000000000000000, 0.000000000000000000, 0.000000000000000000 ) ) ;
#3799 = ORIENTED_EDGE ( 'NONE', *, *, #3859, .F. ) ;
#3800 = PRODUCT_DEFINITION ( 'UNKNOWN', '', #6391, #1661 ) ;
#3801 = DIRECTION ( 'NONE',  ( 0.000000000000000000, 0.000000000000000000, 1.000000000000000000 ) ) ;
#3802 = VERTEX_POINT ( 'NONE', #3577 ) ;
#3803 = EDGE_CURVE ( 'NONE', #1391, #3398, #2978, .T. ) ;
#3804 = FACE_OUTER_BOUND ( 'NONE', #1437, .T. ) ;
#3805 = CYLINDRICAL_SURFACE ( 'NONE', #5390, 23.74900000000000233 ) ;
#3806 = VERTEX_POINT ( 'NONE', #2006 ) ;
#3807 = DIRECTION ( 'NONE',  ( 0.000000000000000000, -0.4817536741017035551, -0.8763066800438699122 ) ) ;
#3808 = DIRECTION ( 'NONE',  ( -1.000000000000000000, -0.000000000000000000, 0.000000000000000000 ) ) ;
#3809 = AXIS2_PLACEMENT_3D ( 'NONE', #878, #3499, #229 ) ;
#3810 = EDGE_CURVE ( 'NONE', #5931, #1351, #6228, .T. ) ;
#3811 = ORIENTED_EDGE ( 'NONE', *, *, #5810, .T. ) ;
#3812 = CARTESIAN_POINT ( 'NONE',  ( 3.000000000000000888, -22.12078737453592581, 13.66275103815377001 ) ) ;
#3813 = ORIENTED_EDGE ( 'NONE', *, *, #3956, .T. ) ;
#3814 = EDGE_CURVE ( 'NONE', #3109, #2230, #3213, .T. ) ;
#3815 = CARTESIAN_POINT ( 'NONE',  ( 0.000000000000000000, 12.80251323316831957, -22.62953059421582580 ) ) ;
#3816 = LINE ( 'NONE', #8420, #7141 ) ;
#3817 = VECTOR ( 'NONE', #3611, 1000.000000000000000 ) ;
#3818 = EDGE_CURVE ( 'NONE', #7834, #6351, #7068, .T. ) ;
#3819 = VECTOR ( 'NONE', #423, 1000.000000000000000 ) ;
#3820 = ADVANCED_FACE ( 'NONE', ( #8495 ), #3805, .T. ) ;
#3821 = PERSON_AND_ORGANIZATION ( #6793, #2555 ) ;
#3822 = AXIS2_PLACEMENT_3D ( 'NONE', #6902, #418, #3759 ) ;
#3823 = AXIS2_PLACEMENT_3D ( 'NONE', #4278, #6984, #2356 ) ;
#3824 = VERTEX_POINT ( 'NONE', #7844 ) ;
#3825 = CARTESIAN_POINT ( 'NONE',  ( 3.000000000000000888, 3.062166340028271705, -23.29188755642015352 ) ) ;
#3826 = VERTEX_POINT ( 'NONE', #4444 ) ;
#3827 = FACE_OUTER_BOUND ( 'NONE', #5478, .T. ) ;
#3828 = ORIENTED_EDGE ( 'NONE', *, *, #4945, .T. ) ;
#3829 = CIRCLE ( 'NONE', #126, 10.00000000000000000 ) ;
#3830 = CYLINDRICAL_SURFACE ( 'NONE', #5022, 3.000000000000048406 ) ;
#3831 = AXIS2_PLACEMENT_3D ( 'NONE', #6319, #1801, #4826 ) ;
#3832 = DIRECTION ( 'NONE',  ( -1.000000000000000000, 0.000000000000000000, 0.000000000000000000 ) ) ;
#3833 = AXIS2_PLACEMENT_3D ( 'NONE', #4434, #7712, #5043 ) ;
#3834 = ORIENTED_EDGE ( 'NONE', *, *, #2990, .F. ) ;
#3835 = AXIS2_PLACEMENT_3D ( 'NONE', #4974, #511, #8294 ) ;
#3836 = DIRECTION ( 'NONE',  ( 0.000000000000000000, 0.000000000000000000, 1.000000000000000000 ) ) ;
#3837 = LINE ( 'NONE', #3197, #1441 ) ;
#3838 = VERTEX_POINT ( 'NONE', #5910 ) ;
#3839 = CARTESIAN_POINT ( 'NONE',  ( 3.000000000000000888, 8.537555587897360354, 21.88604654154067930 ) ) ;
#3840 = CARTESIAN_POINT ( 'NONE',  ( -10.00000000000000000, 0.000000000000000000, 0.000000000000000000 ) ) ;
#3841 = DIRECTION ( 'NONE',  ( -1.000000000000000000, 0.000000000000000000, -0.000000000000000000 ) ) ;
#3842 = VECTOR ( 'NONE', #4627, 1000.000000000000000 ) ;
#3843 = CARTESIAN_POINT ( 'NONE',  ( -2.052224346884345962, 7.000000000000008882, 15.84577559900846033 ) ) ;
#3844 = ORIENTED_EDGE ( 'NONE', *, *, #6185, .T. ) ;
#3845 = DIRECTION ( 'NONE',  ( -1.000000000000000000, -0.000000000000000000, -0.000000000000000000 ) ) ;
#3846 = ORIENTED_EDGE ( 'NONE', *, *, #6175, .T. ) ;
#3847 = CARTESIAN_POINT ( 'NONE',  ( 0.000000000000000000, -15.02476645158338719, 21.21924581778000629 ) ) ;
#3848 = DIRECTION ( 'NONE',  ( -1.000000000000000000, 0.000000000000000000, 0.000000000000000000 ) ) ;
#3849 = ORIENTED_EDGE ( 'NONE', *, *, #2802, .F. ) ;
#3850 = CARTESIAN_POINT ( 'NONE',  ( 3.000000000000000888, -9.275723936747009901, 24.28911166447341685 ) ) ;
#3851 = DIRECTION ( 'NONE',  ( -1.000000000000000000, 0.000000000000000000, 0.000000000000000000 ) ) ;
#3852 = ADVANCED_FACE ( 'NONE', ( #583 ), #3256, .T. ) ;
#3853 = EDGE_LOOP ( 'NONE', ( #2116, #2701, #131, #112 ) ) ;
#3854 = CARTESIAN_POINT ( 'NONE',  ( 0.000000000000000000, 19.46733382657898304, -13.60286420885446468 ) ) ;
#3855 = ORIENTED_EDGE ( 'NONE', *, *, #6719, .T. ) ;
#3856 = CARTESIAN_POINT ( 'NONE',  ( 0.000000000000000000, 0.3170683606143233080, 25.99806661378298145 ) ) ;
#3857 = CARTESIAN_POINT ( 'NONE',  ( -12.69673203797372452, 7.000000000000008882, 9.700166218166828003 ) ) ;
#3858 = MECHANICAL_CONTEXT ( 'NONE', #7202, 'mechanical' ) ;
#3859 = EDGE_CURVE ( 'NONE', #3398, #7117, #6771, .T. ) ;
#3860 = AXIS2_PLACEMENT_3D ( 'NONE', #4916, #6982, #5044 ) ;
#3861 = ORIENTED_EDGE ( 'NONE', *, *, #4424, .F. ) ;
#3862 = DIRECTION ( 'NONE',  ( -1.000000000000000000, -0.000000000000000000, 0.000000000000000000 ) ) ;
#3863 = EDGE_CURVE ( 'NONE', #3710, #8159, #7863, .T. ) ;
#3864 = ORIENTED_EDGE ( 'NONE', *, *, #7323, .T. ) ;
#3865 = ORIENTED_EDGE ( 'NONE', *, *, #6488, .F. ) ;
#3866 = CARTESIAN_POINT ( 'NONE',  ( 3.000000000000000888, -23.43820135222873091, -1.593614133755546725 ) ) ;
#3867 = ORIENTED_EDGE ( 'NONE', *, *, #1048, .F. ) ;
#3868 = FACE_OUTER_BOUND ( 'NONE', #501, .T. ) ;
#3869 = CARTESIAN_POINT ( 'NONE',  ( 0.000000000000000000, -21.20563999867588478, 10.10988233766741295 ) ) ;
#3870 = ADVANCED_FACE ( 'NONE', ( #4569 ), #5219, .T. ) ;
#3871 = EDGE_CURVE ( 'NONE', #4006, #6624, #6447, .T. ) ;
#3872 = ORIENTED_EDGE ( 'NONE', *, *, #2141, .T. ) ;
#3873 = CARTESIAN_POINT ( 'NONE',  ( -1.061049529528108382, 7.000000000000009770, -17.46780392310058971 ) ) ;
#3874 = CARTESIAN_POINT ( 'NONE',  ( 0.000000000000000000, 0.000000000000000000, 0.000000000000000000 ) ) ;
#3875 = VERTEX_POINT ( 'NONE', #5820 ) ;
#3876 = DIRECTION ( 'NONE',  ( 1.000000000000000000, 0.000000000000000000, 0.000000000000000000 ) ) ;
#3877 = DIRECTION ( 'NONE',  ( 0.000000000000000000, 0.000000000000000000, 1.000000000000000000 ) ) ;
#3878 = EDGE_CURVE ( 'NONE', #4585, #5027, #1194, .T. ) ;
#3879 = DIRECTION ( 'NONE',  ( 0.000000000000000000, -0.8443279255020087470, -0.5358267949790065376 ) ) ;
#3880 = ORIENTED_EDGE ( 'NONE', *, *, #3071, .T. ) ;
#3881 = LINE ( 'NONE', #6513, #2880 ) ;
#3882 = ORIENTED_EDGE ( 'NONE', *, *, #38, .T. ) ;
#3883 = DIRECTION ( 'NONE',  ( 0.000000000000000000, 0.9510565162951521989, 0.3090169943749516146 ) ) ;
#3884 = CARTESIAN_POINT ( 'NONE',  ( 0.000000000000000000, 0.000000000000000000, 0.000000000000000000 ) ) ;
#3885 = ORIENTED_EDGE ( 'NONE', *, *, #1929, .F. ) ;
#3886 = LINE ( 'NONE', #7846, #1469 ) ;
#3887 = CARTESIAN_POINT ( 'NONE',  ( 3.000000000000000888, 0.000000000000000000, 0.000000000000000000 ) ) ;
#3888 = VECTOR ( 'NONE', #3581, 1000.000000000000114 ) ;
#3889 = CARTESIAN_POINT ( 'NONE',  ( 1.499999999999999556, -6.772563327703607250, -25.10243784918597143 ) ) ;
#3890 = EDGE_LOOP ( 'NONE', ( #7551, #4948, #1433, #516 ) ) ;
#3891 = CARTESIAN_POINT ( 'NONE',  ( 0.000000000000000000, 0.1187726605500743354, -23.49201527519569765 ) ) ;
#3892 = VERTEX_POINT ( 'NONE', #7885 ) ;
#3893 = DIRECTION ( 'NONE',  ( -1.000000000000000000, 0.000000000000000000, 0.000000000000000000 ) ) ;
#3894 = CARTESIAN_POINT ( 'NONE',  ( -10.00000000000000000, 0.000000000000000000, 0.000000000000000000 ) ) ;
#3895 = AXIS2_PLACEMENT_3D ( 'NONE', #1296, #1808, #3836 ) ;
#3896 = PERSON_AND_ORGANIZATION_ROLE ( 'creator' ) ;
#3897 = AXIS2_PLACEMENT_3D ( 'NONE', #800, #848, #4060 ) ;
#3898 = AXIS2_PLACEMENT_3D ( 'NONE', #6724, #5380, #5983 ) ;
#3899 = VERTEX_POINT ( 'NONE', #544 ) ;
#3900 = FACE_OUTER_BOUND ( 'NONE', #5259, .T. ) ;
#3901 = VERTEX_POINT ( 'NONE', #3931 ) ;
#3902 = VERTEX_POINT ( 'NONE', #18 ) ;
#3903 = CARTESIAN_POINT ( 'NONE',  ( 3.000000000000000888, 21.91639720942983871, 9.148034453285378120 ) ) ;
#3904 = EDGE_CURVE ( 'NONE', #42, #1595, #3173, .T. ) ;
#3905 = ORIENTED_EDGE ( 'NONE', *, *, #7223, .T. ) ;
#3906 = AXIS2_PLACEMENT_3D ( 'NONE', #1173, #8359, #7101 ) ;
#3907 = EDGE_CURVE ( 'NONE', #3281, #1606, #6476, .T. ) ;
#3908 = CARTESIAN_POINT ( 'NONE',  ( 1.253146128175175456, 10.00000000000000888, 17.02734389275706306 ) ) ;
#3909 = VECTOR ( 'NONE', #8509, 1000.000000000000000 ) ;
#3910 = LINE ( 'NONE', #1845, #4357 ) ;
#3911 = AXIS2_PLACEMENT_3D ( 'NONE', #3163, #7054, #575 ) ;
#3912 = AXIS2_PLACEMENT_3D ( 'NONE', #6520, #6649, #7290 ) ;
#3913 = ORIENTED_EDGE ( 'NONE', *, *, #3141, .T. ) ;
#3914 = CARTESIAN_POINT ( 'NONE',  ( 0.000000000000000000, -22.12078737453592581, 13.66275103815377179 ) ) ;
#3915 = DIRECTION ( 'NONE',  ( 0.000000000000000000, 0.000000000000000000, 1.000000000000000000 ) ) ;
#3916 = CIRCLE ( 'NONE', #4603, 9.999999999999996447 ) ;
#3917 = LOCAL_TIME ( 18, 37, 26.00000000000000000, #8512 ) ;
#3918 = VERTEX_POINT ( 'NONE', #4486 ) ;
#3919 = EDGE_CURVE ( 'NONE', #2483, #55, #409, .T. ) ;
#3920 = CARTESIAN_POINT ( 'NONE',  ( -1.253146128134763337, 7.000000000000008882, 17.02734389275728688 ) ) ;
#3921 = EDGE_CURVE ( 'NONE', #8396, #5249, #8079, .T. ) ;
#3922 = DIRECTION ( 'NONE',  ( 0.000000000000000000, 0.000000000000000000, 1.000000000000000000 ) ) ;
#3923 = AXIS2_PLACEMENT_3D ( 'NONE', #7094, #5033, #7656 ) ;
#3924 = PRODUCT_DEFINITION_FORMATION_WITH_SPECIFIED_SOURCE ( 'ANY', '', #4318, .NOT_KNOWN. ) ;
#3925 = CARTESIAN_POINT ( 'NONE',  ( -12.69673203797072603, 10.00000000000000888, -9.700166218278516439 ) ) ;
#3926 = CC_DESIGN_DATE_AND_TIME_ASSIGNMENT ( #5010, #2322, ( #3784 ) ) ;
#3927 = VERTEX_POINT ( 'NONE', #5090 ) ;
#3928 = CARTESIAN_POINT ( 'NONE',  ( 14.11953930606579810, 10.00000000000000888, 9.598928327965827734 ) ) ;
#3929 = VERTEX_POINT ( 'NONE', #7718 ) ;
#3930 = CARTESIAN_POINT ( 'NONE',  ( 0.000000000000000000, 13.09272093277509974, -19.81402683899648309 ) ) ;
#3931 = CARTESIAN_POINT ( 'NONE',  ( 0.000000000000000000, 23.74496687177445509, -0.4376634075792243395 ) ) ;
#3932 = CIRCLE ( 'NONE', #6272, 23.74900000000000588 ) ;
#3933 = ORIENTED_EDGE ( 'NONE', *, *, #5341, .F. ) ;
#3934 = CARTESIAN_POINT ( 'NONE',  ( 0.000000000000000000, 6.921355658526210597, 22.71805090337169730 ) ) ;
#3935 = CYLINDRICAL_SURFACE ( 'NONE', #7672, 10.00000000000000178 ) ;
#3936 = AXIS2_PLACEMENT_3D ( 'NONE', #2949, #6251, #4869 ) ;
#3937 = DIRECTION ( 'NONE',  ( 0.000000000000000000, -0.2486898871648415832, -0.9685831611286345177 ) ) ;
#3938 = ORIENTED_EDGE ( 'NONE', *, *, #4280, .T. ) ;
#3939 = DIRECTION ( 'NONE',  ( 0.000000000000000000, 0.000000000000000000, 1.000000000000000000 ) ) ;
#3940 = ORIENTED_EDGE ( 'NONE', *, *, #8078, .T. ) ;
#3941 = LINE ( 'NONE', #7690, #1559 ) ;
#3942 = DIRECTION ( 'NONE',  ( -1.000000000000000000, 0.000000000000000000, 0.000000000000000000 ) ) ;
#3943 = CIRCLE ( 'NONE', #6422, 26.00000000000000000 ) ;
#3944 = MECHANICAL_CONTEXT ( 'NONE', #2055, 'mechanical' ) ;
#3945 = VERTEX_POINT ( 'NONE', #111 ) ;
#3946 = AXIS2_PLACEMENT_3D ( 'NONE', #5848, #7145, #2505 ) ;
#3947 = CARTESIAN_POINT ( 'NONE',  ( 0.000000000000000000, 5.957267827074719690, -22.72443285698066973 ) ) ;
#3948 = ORIENTED_EDGE ( 'NONE', *, *, #1818, .F. ) ;
#3949 = ORIENTED_EDGE ( 'NONE', *, *, #6971, .F. ) ;
#3950 = CARTESIAN_POINT ( 'NONE',  ( 3.000000000000000888, 0.000000000000000000, 0.000000000000000000 ) ) ;
#3951 = ORIENTED_EDGE ( 'NONE', *, *, #2971, .F. ) ;
#3952 = CARTESIAN_POINT ( 'NONE',  ( 3.000000000000000888, 0.000000000000000000, 0.000000000000000000 ) ) ;
#3953 = DIRECTION ( 'NONE',  ( 0.000000000000000000, 0.000000000000000000, 1.000000000000000000 ) ) ;
#3954 = CIRCLE ( 'NONE', #8352, 26.00000000000000000 ) ;
#3955 = CARTESIAN_POINT ( 'NONE',  ( 0.000000000000000000, 10.00000000000000000, 0.000000000000000000 ) ) ;
#3956 = EDGE_CURVE ( 'NONE', #5091, #368, #1068, .T. ) ;
#3957 = ADVANCED_FACE ( 'NONE', ( #6043 ), #754, .F. ) ;
#3958 = ORIENTED_EDGE ( 'NONE', *, *, #1715, .T. ) ;
#3959 = CARTESIAN_POINT ( 'NONE',  ( 3.000000000000000888, 23.43820135222874157, -1.593614133755375750 ) ) ;
#3960 = AXIS2_PLACEMENT_3D ( 'NONE', #8500, #4572, #7203 ) ;
#3961 = LINE ( 'NONE', #7787, #5557 ) ;
#3962 = ORIENTED_EDGE ( 'NONE', *, *, #2501, .T. ) ;
#3963 = CARTESIAN_POINT ( 'NONE',  ( 3.000000000000000888, -23.50287694562802798, 3.410245779803352750 ) ) ;
#3964 = CYLINDRICAL_SURFACE ( 'NONE', #6276, 9.999999999999998224 ) ;
#3965 = AXIS2_PLACEMENT_3D ( 'NONE', #5646, #6861, #4309 ) ;
#3966 = VECTOR ( 'NONE', #1432, 1000.000000000000000 ) ;
#3967 = EDGE_CURVE ( 'NONE', #7534, #6407, #592, .T. ) ;
#3968 = CARTESIAN_POINT ( 'NONE',  ( 3.000000000000000888, -14.79838606843859772, -18.57478857940091288 ) ) ;
#3969 = ORIENTED_EDGE ( 'NONE', *, *, #4767, .T. ) ;
#3970 = CARTESIAN_POINT ( 'NONE',  ( 3.000000000000000888, 10.50612486395233702, 21.29874036986795005 ) ) ;
#3971 = ADVANCED_FACE ( 'NONE', ( #4152 ), #4661, .T. ) ;
#3972 = ORIENTED_EDGE ( 'NONE', *, *, #2304, .T. ) ;
#3973 = CYLINDRICAL_SURFACE ( 'NONE', #4582, 9.999999999999998224 ) ;
#3974 = DIRECTION ( 'NONE',  ( -1.000000000000000000, 0.000000000000000000, 0.000000000000000000 ) ) ;
#3975 = CIRCLE ( 'NONE', #6308, 9.999999999999998224 ) ;
#3976 = ORIENTED_EDGE ( 'NONE', *, *, #4537, .F. ) ;
#3977 = CARTESIAN_POINT ( 'NONE',  ( 0.000000000000000000, -10.50612486395248979, 21.29874036986787189 ) ) ;
#3978 = CARTESIAN_POINT ( 'NONE',  ( 3.000000000000000888, -23.50287694562798180, -3.410245779803683597 ) ) ;
#3979 = ADVANCED_FACE ( 'NONE', ( #1395 ), #2095, .T. ) ;
#3980 = EDGE_CURVE ( 'NONE', #1265, #96, #4734, .T. ) ;
#3981 = CYLINDRICAL_SURFACE ( 'NONE', #6521, 9.999999999999998224 ) ;
#3982 = EDGE_LOOP ( 'NONE', ( #3704, #7895, #4863, #2084 ) ) ;
#3983 = CYLINDRICAL_SURFACE ( 'NONE', #6673, 9.999999999999998224 ) ;
#3984 = ORIENTED_EDGE ( 'NONE', *, *, #880, .F. ) ;
#3985 = DIRECTION ( 'NONE',  ( -1.000000000000000000, -0.000000000000000000, -0.000000000000000000 ) ) ;
#3986 = CARTESIAN_POINT ( 'NONE',  ( 3.000000000000000888, 22.23862650171306399, -8.334176163083276023 ) ) ;
#3987 = CALENDAR_DATE ( 2025, 7, 10 ) ;
#3988 = ORIENTED_EDGE ( 'NONE', *, *, #3397, .F. ) ;
#3989 = CARTESIAN_POINT ( 'NONE',  ( 3.000000000000000888, -8.758419641788751875, 21.79860027646846277 ) ) ;
#3990 = ORIENTED_EDGE ( 'NONE', *, *, #5955, .T. ) ;
#3991 = ORIENTED_EDGE ( 'NONE', *, *, #947, .F. ) ;
#3992 = CARTESIAN_POINT ( 'NONE',  ( 0.000000000000000000, 17.60893712771376585, -15.93550545894995629 ) ) ;
#3993 = DIRECTION ( 'NONE',  ( -1.000000000000000000, 0.000000000000000000, 0.000000000000000000 ) ) ;
#3994 = ORIENTED_EDGE ( 'NONE', *, *, #297, .T. ) ;
#3995 = DIRECTION ( 'NONE',  ( 0.000000000000000000, 0.000000000000000000, 1.000000000000000000 ) ) ;
#3996 = VECTOR ( 'NONE', #6599, 1000.000000000000227 ) ;
#3997 = CARTESIAN_POINT ( 'NONE',  ( 0.000000000000000000, -20.23396159193291410, 16.32748597599102780 ) ) ;
#3998 = ORIENTED_EDGE ( 'NONE', *, *, #6741, .T. ) ;
#3999 = CARTESIAN_POINT ( 'NONE',  ( 0.000000000000000000, 9.714105481848045898, 21.67143640111402192 ) ) ;
#4000 = CARTESIAN_POINT ( 'NONE',  ( 0.000000000000000000, 2.220446049250313081E-13, 2.220446049250313081E-13 ) ) ;
#4001 = CIRCLE ( 'NONE', #4553, 23.74899999999999878 ) ;
#4002 = ORIENTED_EDGE ( 'NONE', *, *, #2669, .T. ) ;
#4003 = CARTESIAN_POINT ( 'NONE',  ( 0.000000000000000000, -19.89860609720107121, -12.48736817841751190 ) ) ;
#4004 = CARTESIAN_POINT ( 'NONE',  ( -15.14952443977879426, 10.00000000000000888, -8.746582013414050394 ) ) ;
#4005 = VECTOR ( 'NONE', #3204, 1000.000000000000000 ) ;
#4006 = VERTEX_POINT ( 'NONE', #7976 ) ;
#4007 = CARTESIAN_POINT ( 'NONE',  ( 0.000000000000000000, 0.000000000000000000, 0.000000000000000000 ) ) ;
#4008 = ORIENTED_EDGE ( 'NONE', *, *, #4429, .T. ) ;
#4009 = LINE ( 'NONE', #4058, #3966 ) ;
#4010 = ORIENTED_EDGE ( 'NONE', *, *, #2802, .T. ) ;
#4011 = CARTESIAN_POINT ( 'NONE',  ( 3.000000000000000888, 19.77132294913407762, 12.68793432659416354 ) ) ;
#4012 = DIRECTION ( 'NONE',  ( -1.000000000000000000, -0.000000000000000000, -0.000000000000000000 ) ) ;
#4013 = EDGE_CURVE ( 'NONE', #4958, #3659, #7898, .T. ) ;
#4014 = ORIENTED_EDGE ( 'NONE', *, *, #3539, .F. ) ;
#4015 = CARTESIAN_POINT ( 'NONE',  ( 0.000000000000000000, 12.80251323316800338, 22.62953059421600344 ) ) ;
#4016 = EDGE_CURVE ( 'NONE', #6836, #1328, #1046, .T. ) ;
#4017 = DIRECTION ( 'NONE',  ( -1.000000000000000000, -0.000000000000000000, 0.000000000000000000 ) ) ;
#4018 = ADVANCED_FACE ( 'NONE', ( #3380 ), #6689, .T. ) ;
#4019 = DIRECTION ( 'NONE',  ( 0.000000000000000000, 0.000000000000000000, 1.000000000000000000 ) ) ;
#4020 = VERTEX_POINT ( 'NONE', #2781 ) ;
#4021 = DIRECTION ( 'NONE',  ( 0.000000000000000000, -0.1253332335642905193, -0.9921147013144796523 ) ) ;
#4022 = FACE_OUTER_BOUND ( 'NONE', #6841, .T. ) ;
#4023 = CC_DESIGN_PERSON_AND_ORGANIZATION_ASSIGNMENT ( #4458, #1202, ( #6391 ) ) ;
#4024 = ORIENTED_EDGE ( 'NONE', *, *, #3907, .F. ) ;
#4025 = DIRECTION ( 'NONE',  ( -1.000000000000000000, 0.000000000000000000, 0.000000000000000000 ) ) ;
#4026 = PLANE ( 'NONE',  #4781 ) ;
#4027 = EDGE_CURVE ( 'NONE', #1239, #2602, #2868, .T. ) ;
#4028 = ADVANCED_FACE ( 'NONE', ( #5392 ), #7284, .T. ) ;
#4029 = DATE_AND_TIME ( #2883, #7769 ) ;
#4030 = AXIS2_PLACEMENT_3D ( 'NONE', #6656, #1533, #3308 ) ;
#4031 = EDGE_LOOP ( 'NONE', ( #4938, #3567, #8493, #3940 ) ) ;
#4032 = FACE_OUTER_BOUND ( 'NONE', #3360, .T. ) ;
#4033 = CC_DESIGN_DATE_AND_TIME_ASSIGNMENT ( #4078, #3483, ( #6085 ) ) ;
#4034 = ORIENTED_EDGE ( 'NONE', *, *, #13, .F. ) ;
#4035 = ORIENTED_EDGE ( 'NONE', *, *, #8085, .T. ) ;
#4036 = CARTESIAN_POINT ( 'NONE',  ( 3.000000000000000888, 0.000000000000000000, 0.000000000000000000 ) ) ;
#4037 = CARTESIAN_POINT ( 'NONE',  ( 3.000000000000000888, -2.826494134736345920, -23.32165987963170295 ) ) ;
#4038 = ORIENTED_EDGE ( 'NONE', *, *, #4649, .T. ) ;
#4039 = DIRECTION ( 'NONE',  ( -1.000000000000000000, -0.000000000000000000, -0.000000000000000000 ) ) ;
#4040 = AXIS2_PLACEMENT_3D ( 'NONE', #2780, #7197, #747 ) ;
#4041 = DIRECTION ( 'NONE',  ( 0.000000000000000000, -0.9510565162951500895, -0.3090169943749582759 ) ) ;
#4042 = VERTEX_POINT ( 'NONE', #3338 ) ;
#4043 = UNCERTAINTY_MEASURE_WITH_UNIT (LENGTH_MEASURE( 1.000000000000000082E-05 ), #4258, 'distance_accuracy_value', 'NONE');
#4044 = CARTESIAN_POINT ( 'NONE',  ( 3.000000000000000888, -19.46733382657868461, -13.60286420885489278 ) ) ;
#4045 = CIRCLE ( 'NONE', #5564, 9.999999999999998224 ) ;
#4046 = DIRECTION ( 'NONE',  ( 0.000000000000000000, 0.1253332335642974860, 0.9921147013144787641 ) ) ;
#4047 = ORIENTED_EDGE ( 'NONE', *, *, #6962, .T. ) ;
#4048 = AXIS2_PLACEMENT_3D ( 'NONE', #4000, #3324, #5291 ) ;
#4049 = DIRECTION ( 'NONE',  ( -1.000000000000000000, -0.000000000000000000, 0.000000000000000000 ) ) ;
#4050 = FACE_OUTER_BOUND ( 'NONE', #8123, .T. ) ;
#4051 = ADVANCED_FACE ( 'NONE', ( #2132 ), #5948, .T. ) ;
#4052 = AXIS2_PLACEMENT_3D ( 'NONE', #1486, #3591, #7418 ) ;
#4053 = AXIS2_PLACEMENT_3D ( 'NONE', #5290, #4138, #8048 ) ;
#4054 = AXIS2_PLACEMENT_3D ( 'NONE', #1565, #235, #157 ) ;
#4055 = DIRECTION ( 'NONE',  ( 0.000000000000000000, -0.5877852522924624790, -0.8090169943749552228 ) ) ;
#4056 =( GEOMETRIC_REPRESENTATION_CONTEXT ( 3 ) GLOBAL_UNCERTAINTY_ASSIGNED_CONTEXT ( ( #5335 ) ) GLOBAL_UNIT_ASSIGNED_CONTEXT ( ( #3492, #6151, #7396 ) ) REPRESENTATION_CONTEXT ( 'NONE', 'WORKASPACE' ) );
#4057 = ORIENTED_EDGE ( 'NONE', *, *, #8133, .F. ) ;
#4058 = CARTESIAN_POINT ( 'NONE',  ( 3.000000000000000888, -13.09272093277496296, 19.81402683899657546 ) ) ;
#4059 = VERTEX_POINT ( 'NONE', #5303 ) ;
#4060 = DIRECTION ( 'NONE',  ( 0.000000000000000000, 0.000000000000000000, 1.000000000000000000 ) ) ;
#4061 = DIRECTION ( 'NONE',  ( 0.000000000000000000, 0.7705132427757904745, -0.6374239897486881912 ) ) ;
#4062 = ORIENTED_EDGE ( 'NONE', *, *, #6741, .F. ) ;
#4063 = FACE_OUTER_BOUND ( 'NONE', #8304, .T. ) ;
#4064 = AXIS2_PLACEMENT_3D ( 'NONE', #6634, #4049, #4689 ) ;
#4065 = CC_DESIGN_APPROVAL ( #4926, ( #7080 ) ) ;
#4066 = DIRECTION ( 'NONE',  ( 0.000000000000000000, -0.9980267284282723361, 0.06279051952930263247 ) ) ;
#4067 = DIRECTION ( 'NONE',  ( -1.000000000000000000, 0.000000000000000000, 0.000000000000000000 ) ) ;
#4068 = EDGE_CURVE ( 'NONE', #2593, #7716, #5702, .T. ) ;
#4069 = ORIENTED_EDGE ( 'NONE', *, *, #5662, .F. ) ;
#4070 = CIRCLE ( 'NONE', #5853, 10.00000000000000000 ) ;
#4071 = CYLINDRICAL_SURFACE ( 'NONE', #6388, 23.74900000000000233 ) ;
#4072 = DIRECTION ( 'NONE',  ( 0.000000000000000000, 0.1253332335642974582, 0.9921147013144786531 ) ) ;
#4073 = ORIENTED_EDGE ( 'NONE', *, *, #922, .T. ) ;
#4074 = CARTESIAN_POINT ( 'NONE',  ( -10.00000000000000000, 0.000000000000000000, 0.000000000000000000 ) ) ;
#4075 = DIRECTION ( 'NONE',  ( -1.000000000000000000, 0.000000000000000000, -0.000000000000000000 ) ) ;
#4076 = ADVANCED_FACE ( 'NONE', ( #2820 ), #7413, .T. ) ;
#4077 = AXIS2_PLACEMENT_3D ( 'NONE', #4664, #1189, #3807 ) ;
#4078 = DATE_AND_TIME ( #3396, #1050 ) ;
#4079 = ADVANCED_FACE ( 'NONE', ( #1645 ), #6979, .T. ) ;
#4080 = ORIENTED_EDGE ( 'NONE', *, *, #8008, .T. ) ;
#4081 = ADVANCED_FACE ( 'NONE', ( #8272 ), #3548, .T. ) ;
#4082 = DIRECTION ( 'NONE',  ( 0.000000000000000000, 0.000000000000000000, 1.000000000000000000 ) ) ;
#4083 = ORIENTED_EDGE ( 'NONE', *, *, #94, .F. ) ;
#4084 = VERTEX_POINT ( 'NONE', #7496 ) ;
#4085 = DIRECTION ( 'NONE',  ( 1.000000000000000000, 0.000000000000000000, 0.000000000000000000 ) ) ;
#4086 = VECTOR ( 'NONE', #4399, 1000.000000000000000 ) ;
#4087 = EDGE_CURVE ( 'NONE', #4932, #8215, #483, .T. ) ;
#4088 = CARTESIAN_POINT ( 'NONE',  ( 0.000000000000000000, 3.062166340028271705, -23.29188755642015352 ) ) ;
#4089 = ORIENTED_EDGE ( 'NONE', *, *, #7289, .F. ) ;
#4090 = DIRECTION ( 'NONE',  ( -1.000000000000000000, -0.000000000000000000, -0.000000000000000000 ) ) ;
#4091 = DIRECTION ( 'NONE',  ( -1.000000000000000000, -0.000000000000000000, 0.000000000000000000 ) ) ;
#4092 = EDGE_CURVE ( 'NONE', #584, #5351, #1851, .T. ) ;
#4093 = ORIENTED_EDGE ( 'NONE', *, *, #2722, .F. ) ;
#4094 = EDGE_CURVE ( 'NONE', #1160, #6266, #7071, .T. ) ;
#4095 = DIRECTION ( 'NONE',  ( -1.000000000000000000, -0.000000000000000000, -0.000000000000000000 ) ) ;
#4096 = CARTESIAN_POINT ( 'NONE',  ( 0.000000000000000000, 23.45311694635234545, 1.356537554084838337 ) ) ;
#4097 = VERTEX_POINT ( 'NONE', #6208 ) ;
#4098 = DIRECTION ( 'NONE',  ( 1.000000000000000000, -0.000000000000000000, -0.000000000000000000 ) ) ;
#4099 = CARTESIAN_POINT ( 'NONE',  ( -15.37268543417880196, 10.00000000000000888, -7.428415564771473356 ) ) ;
#4100 = CIRCLE ( 'NONE', #3442, 10.00000000000000000 ) ;
#4101 = AXIS2_PLACEMENT_3D ( 'NONE', #580, #5255, #1143 ) ;
#4102 = LINE ( 'NONE', #7316, #8276 ) ;
#4103 = ORIENTED_EDGE ( 'NONE', *, *, #3355, .F. ) ;
#4104 = DIRECTION ( 'NONE',  ( -1.000000000000000000, 0.000000000000000000, 0.000000000000000000 ) ) ;
#4105 = ORIENTED_EDGE ( 'NONE', *, *, #8395, .F. ) ;
#4106 = DIRECTION ( 'NONE',  ( -1.000000000000000000, -0.000000000000000000, 0.000000000000000000 ) ) ;
#4107 = DIRECTION ( 'NONE',  ( 0.000000000000000000, 0.000000000000000000, 1.000000000000000000 ) ) ;
#4108 = DIRECTION ( 'NONE',  ( 0.000000000000000000, 0.9048270524660204650, -0.4257792915650704391 ) ) ;
#4109 = VECTOR ( 'NONE', #3808, 1000.000000000000000 ) ;
#4110 = AXIS2_PLACEMENT_3D ( 'NONE', #1161, #3545, #4864 ) ;
#4111 = CARTESIAN_POINT ( 'NONE',  ( 0.000000000000000000, 0.000000000000000000, 0.000000000000000000 ) ) ;
#4112 = CARTESIAN_POINT ( 'NONE',  ( 3.000000000000000888, -22.23862650171300714, 8.334176163083432343 ) ) ;
#4113 = VECTOR ( 'NONE', #2677, 1000.000000000000000 ) ;
#4114 = ORIENTED_EDGE ( 'NONE', *, *, #8191, .T. ) ;
#4115 = AXIS2_PLACEMENT_3D ( 'NONE', #2970, #2450, #8336 ) ;
#4116 = DIRECTION ( 'NONE',  ( -1.000000000000000000, 0.000000000000000000, 0.000000000000000000 ) ) ;
#4117 = DIRECTION ( 'NONE',  ( -1.000000000000000000, 0.000000000000000000, 0.000000000000000000 ) ) ;
#4118 = ORIENTED_EDGE ( 'NONE', *, *, #2191, .T. ) ;
#4119 = CYLINDRICAL_SURFACE ( 'NONE', #6787, 9.999999999999998224 ) ;
#4120 = VECTOR ( 'NONE', #2652, 1000.000000000000000 ) ;
#4121 = DIRECTION ( 'NONE',  ( 0.000000000000000000, 0.000000000000000000, 1.000000000000000000 ) ) ;
#4122 = CARTESIAN_POINT ( 'NONE',  ( 1.959434878635765230E-16, 7.000000000000008882, -1.600000000000000089 ) ) ;
#4123 = EDGE_CURVE ( 'NONE', #2929, #6226, #2386, .T. ) ;
#4124 = AXIS2_PLACEMENT_3D ( 'NONE', #2396, #3080, #3125 ) ;
#4125 = APPROVAL_DATE_TIME ( #7380, #4555 ) ;
#4126 = VERTEX_POINT ( 'NONE', #4868 ) ;
#4127 = DIRECTION ( 'NONE',  ( 0.9550651196895028061, 0.000000000000000000, -0.2963960478017134692 ) ) ;
#4128 = EDGE_LOOP ( 'NONE', ( #4010, #6912, #4461, #1490 ) ) ;
#4129 = AXIS2_PLACEMENT_3D ( 'NONE', #1718, #7602, #1634 ) ;
#4130 = ORIENTED_EDGE ( 'NONE', *, *, #94, .T. ) ;
#4131 = CARTESIAN_POINT ( 'NONE',  ( 3.000000000000000888, 22.30553143780301895, 7.372391464925285298 ) ) ;
#4132 = CARTESIAN_POINT ( 'NONE',  ( 3.000000000000000888, -12.24681498829390947, -22.93502828955088901 ) ) ;
#4133 = DIRECTION ( 'NONE',  ( -1.000000000000000000, 0.000000000000000000, -0.000000000000000000 ) ) ;
#4134 = EDGE_CURVE ( 'NONE', #8408, #2072, #1608, .T. ) ;
#4135 = CYLINDRICAL_SURFACE ( 'NONE', #1852, 23.74900000000000233 ) ;
#4136 = ADVANCED_FACE ( 'NONE', ( #4993 ), #973, .T. ) ;
#4137 = VERTEX_POINT ( 'NONE', #4908 ) ;
#4138 = DIRECTION ( 'NONE',  ( -1.000000000000000000, -0.000000000000000000, 0.000000000000000000 ) ) ;
#4139 = DIRECTION ( 'NONE',  ( -1.000000000000000000, -0.000000000000000000, -0.000000000000000000 ) ) ;
#4140 = APPROVAL ( #638, 'UNSPECIFIED' ) ;
#4141 = ORIENTED_EDGE ( 'NONE', *, *, #2993, .T. ) ;
#4142 = DIRECTION ( 'NONE',  ( 0.000000000000000000, -0.9048270524660146918, -0.4257792915650829846 ) ) ;
#4143 = FACE_OUTER_BOUND ( 'NONE', #1447, .T. ) ;
#4144 = ADVANCED_FACE ( 'NONE', ( #6250 ), #6937, .T. ) ;
#4145 = EDGE_CURVE ( 'NONE', #2213, #6770, #7211, .T. ) ;
#4146 = VECTOR ( 'NONE', #6339, 1000.000000000000000 ) ;
#4147 = DIRECTION ( 'NONE',  ( 0.000000000000000000, 0.6845471059286899473, -0.7289686274214104422 ) ) ;
#4148 = ORIENTED_EDGE ( 'NONE', *, *, #2993, .F. ) ;
#4149 = DIRECTION ( 'NONE',  ( -1.000000000000000000, 0.000000000000000000, 0.000000000000000000 ) ) ;
#4150 = EDGE_LOOP ( 'NONE', ( #6863, #4738, #4796, #3693 ) ) ;
#4151 = DIRECTION ( 'NONE',  ( 0.000000000000000000, 0.000000000000000000, -1.000000000000000000 ) ) ;
#4152 = FACE_OUTER_BOUND ( 'NONE', #5974, .T. ) ;
#4153 = CARTESIAN_POINT ( 'NONE',  ( 0.000000000000000000, 14.79838606843898496, -18.57478857940060379 ) ) ;
#4154 = DIRECTION ( 'NONE',  ( -1.000000000000000000, -0.000000000000000000, -0.000000000000000000 ) ) ;
#4155 = DIRECTION ( 'NONE',  ( -1.000000000000000000, -0.000000000000000000, 0.000000000000000000 ) ) ;
#4156 = ORIENTED_EDGE ( 'NONE', *, *, #1140, .F. ) ;
#4157 = CARTESIAN_POINT ( 'NONE',  ( 0.000000000000000000, -23.74496687177445864, 0.4376634075790585277 ) ) ;
#4158 = ORIENTED_EDGE ( 'NONE', *, *, #6921, .T. ) ;
#4159 = CARTESIAN_POINT ( 'NONE',  ( -14.74895638488604632, 7.000000000000008882, 6.145609380785233000 ) ) ;
#4160 = DIRECTION ( 'NONE',  ( 1.000000000000000000, 0.000000000000000000, 0.000000000000000000 ) ) ;
#4161 = COORDINATED_UNIVERSAL_TIME_OFFSET ( 7, 0, .AHEAD. ) ;
#4162 = EDGE_LOOP ( 'NONE', ( #7398, #4836, #188, #2527 ) ) ;
#4163 = DIRECTION ( 'NONE',  ( -1.000000000000000000, 0.000000000000000000, -0.000000000000000000 ) ) ;
#4164 = VERTEX_POINT ( 'NONE', #276 ) ;
#4165 = ORIENTED_EDGE ( 'NONE', *, *, #2629, .F. ) ;
#4166 = CARTESIAN_POINT ( 'NONE',  ( 1.499999999999999556, 9.865329348983678415, 24.05567036763019217 ) ) ;
#4167 = VECTOR ( 'NONE', #4940, 1000.000000000000000 ) ;
#4168 = DIRECTION ( 'NONE',  ( 0.000000000000000000, 0.000000000000000000, 1.000000000000000000 ) ) ;
#4169 = CARTESIAN_POINT ( 'NONE',  ( 3.000000000000000888, -23.10781753700502250, 5.481219725251234465 ) ) ;
#4170 = DIRECTION ( 'NONE',  ( 0.000000000000000000, 0.6845471059286899473, -0.7289686274214102202 ) ) ;
#4171 = ORIENTED_EDGE ( 'NONE', *, *, #2922, .T. ) ;
#4172 = EDGE_CURVE ( 'NONE', #546, #1, #8234, .T. ) ;
#4173 = DIRECTION ( 'NONE',  ( 0.000000000000000000, 0.000000000000000000, 1.000000000000000000 ) ) ;
#4174 = EDGE_CURVE ( 'NONE', #2654, #2368, #6674, .T. ) ;
#4175 = DIRECTION ( 'NONE',  ( -1.000000000000000000, -0.000000000000000000, -0.000000000000000000 ) ) ;
#4176 = ORIENTED_EDGE ( 'NONE', *, *, #6190, .F. ) ;
#4177 = VECTOR ( 'NONE', #582, 1000.000000000000000 ) ;
#4178 = DIRECTION ( 'NONE',  ( 0.000000000000000000, 0.000000000000000000, -1.000000000000000000 ) ) ;
#4179 = CARTESIAN_POINT ( 'NONE',  ( 3.000000000000000888, -18.17661741219023241, 14.88285819611894567 ) ) ;
#4180 = CIRCLE ( 'NONE', #325, 9.999999999999996447 ) ;
#4181 = DIRECTION ( 'NONE',  ( -1.000000000000000000, 0.000000000000000000, -0.000000000000000000 ) ) ;
#4182 = AXIS2_PLACEMENT_3D ( 'NONE', #3, #3239, #571 ) ;
#4183 = EDGE_CURVE ( 'NONE', #6077, #6664, #380, .T. ) ;
#4184 = ORIENTED_EDGE ( 'NONE', *, *, #6665, .T. ) ;
#4185 = DIRECTION ( 'NONE',  ( 0.000000000000000000, 0.000000000000000000, 1.000000000000000000 ) ) ;
#4186 = VERTEX_POINT ( 'NONE', #6292 ) ;
#4187 = CARTESIAN_POINT ( 'NONE',  ( 0.000000000000000000, 13.90434922624143432, 18.93562677150247708 ) ) ;
#4188 = DIRECTION ( 'NONE',  ( -1.000000000000000000, 0.000000000000000000, -0.000000000000000000 ) ) ;
#4189 = DIRECTION ( 'NONE',  ( -1.000000000000000000, 0.000000000000000000, 0.000000000000000000 ) ) ;
#4190 = AXIS2_PLACEMENT_3D ( 'NONE', #675, #7850, #4019 ) ;
#4191 = AXIS2_PLACEMENT_3D ( 'NONE', #5711, #2449, #3348 ) ;
#4192 = DIRECTION ( 'NONE',  ( -1.000000000000000000, 0.000000000000000000, -0.000000000000000000 ) ) ;
#4193 =( GEOMETRIC_REPRESENTATION_CONTEXT ( 3 ) GLOBAL_UNCERTAINTY_ASSIGNED_CONTEXT ( ( #97 ) ) GLOBAL_UNIT_ASSIGNED_CONTEXT ( ( #221, #830, #1467 ) ) REPRESENTATION_CONTEXT ( 'NONE', 'WORKASPACE' ) );
#4194 = DIRECTION ( 'NONE',  ( -1.000000000000000000, 0.000000000000000000, 0.000000000000000000 ) ) ;
#4195 = VECTOR ( 'NONE', #2012, 1000.000000000000000 ) ;
#4196 = ORIENTED_EDGE ( 'NONE', *, *, #2769, .T. ) ;
#4197 = EDGE_CURVE ( 'NONE', #2004, #432, #404, .T. ) ;
#4198 = CARTESIAN_POINT ( 'NONE',  ( 3.000000000000000888, 0.000000000000000000, 0.000000000000000000 ) ) ;
#4199 = VERTEX_POINT ( 'NONE', #5644 ) ;
#4200 = DIRECTION ( 'NONE',  ( -1.000000000000000000, 0.000000000000000000, 0.000000000000000000 ) ) ;
#4201 = CYLINDRICAL_SURFACE ( 'NONE', #6314, 23.74900000000000233 ) ;
#4202 = CIRCLE ( 'NONE', #3654, 9.999999999999998224 ) ;
#4203 = CYLINDRICAL_SURFACE ( 'NONE', #1319, 23.74900000000000233 ) ;
#4204 = APPROVAL_DATE_TIME ( #3564, #344 ) ;
#4205 = VECTOR ( 'NONE', #8117, 1000.000000000000000 ) ;
#4206 = ORIENTED_EDGE ( 'NONE', *, *, #7114, .T. ) ;
#4207 = CARTESIAN_POINT ( 'NONE',  ( 0.000000000000000000, -7.753840929970387208, -22.44756004185568798 ) ) ;
#4208 = VERTEX_POINT ( 'NONE', #7669 ) ;
#4209 = ORIENTED_EDGE ( 'NONE', *, *, #4123, .F. ) ;
#4210 = DIRECTION ( 'NONE',  ( -1.000000000000000000, -0.000000000000000000, -0.000000000000000000 ) ) ;
#4211 = AXIS2_PLACEMENT_3D ( 'NONE', #627, #1234, #6564 ) ;
#4212 = FACE_OUTER_BOUND ( 'NONE', #3188, .T. ) ;
#4213 = ORIENTED_EDGE ( 'NONE', *, *, #5540, .T. ) ;
#4214 = CIRCLE ( 'NONE', #6694, 23.74900000000000944 ) ;
#4215 = CARTESIAN_POINT ( 'NONE',  ( 3.000000000000000888, 0.000000000000000000, 0.000000000000000000 ) ) ;
#4216 = CARTESIAN_POINT ( 'NONE',  ( 0.000000000000000000, 0.000000000000000000, 0.000000000000000000 ) ) ;
#4217 = AXIS2_PLACEMENT_3D ( 'NONE', #3891, #6523, #4372 ) ;
#4218 = ORIENTED_EDGE ( 'NONE', *, *, #4848, .T. ) ;
#4219 = LINE ( 'NONE', #6201, #5573 ) ;
#4220 = FACE_OUTER_BOUND ( 'NONE', #8446, .T. ) ;
#4221 = CIRCLE ( 'NONE', #2996, 10.00000000000000000 ) ;
#4222 = EDGE_CURVE ( 'NONE', #680, #1239, #6390, .T. ) ;
#4223 = EDGE_CURVE ( 'NONE', #4895, #2004, #5147, .T. ) ;
#4224 = DIRECTION ( 'NONE',  ( 0.000000000000000000, 0.000000000000000000, 1.000000000000000000 ) ) ;
#4225 = ORIENTED_EDGE ( 'NONE', *, *, #5026, .F. ) ;
#4226 = VECTOR ( 'NONE', #6613, 1000.000000000000000 ) ;
#4227 = FACE_OUTER_BOUND ( 'NONE', #7997, .T. ) ;
#4228 = ORIENTED_EDGE ( 'NONE', *, *, #2972, .F. ) ;
#4229 = DIRECTION ( 'NONE',  ( -1.000000000000000000, 0.000000000000000000, 0.000000000000000000 ) ) ;
#4230 = CARTESIAN_POINT ( 'NONE',  ( 3.000000000000000888, -23.10781753700494434, -5.481219725251569308 ) ) ;
#4231 = CARTESIAN_POINT ( 'NONE',  ( 0.000000000000000000, 14.79838606843872917, 18.57478857940080985 ) ) ;
#4232 = CARTESIAN_POINT ( 'NONE',  ( 0.000000000000000000, 7.000000000000008882, 1.600000000000000089 ) ) ;
#4233 = ADVANCED_FACE ( 'NONE', ( #532 ), #5081, .T. ) ;
#4234 = CIRCLE ( 'NONE', #6717, 26.00000000000000000 ) ;
#4235 = DIRECTION ( 'NONE',  ( -1.000000000000000000, 0.000000000000000000, 0.000000000000000000 ) ) ;
#4236 = EDGE_CURVE ( 'NONE', #864, #1160, #6934, .T. ) ;
#4237 = ORIENTED_EDGE ( 'NONE', *, *, #7901, .F. ) ;
#4238 = CARTESIAN_POINT ( 'NONE',  ( 3.000000000000000888, 21.20563999867581373, 10.10988233766755862 ) ) ;
#4239 = EDGE_LOOP ( 'NONE', ( #6465, #1868, #5949, #7409 ) ) ;
#4240 = CIRCLE ( 'NONE', #3960, 9.999999999999998224 ) ;
#4241 = DIRECTION ( 'NONE',  ( 0.000000000000000000, -0.2486898871648623444, 0.9685831611286292997 ) ) ;
#4242 = DIRECTION ( 'NONE',  ( -1.000000000000000000, -0.000000000000000000, -0.000000000000000000 ) ) ;
#4243 = AXIS2_PLACEMENT_3D ( 'NONE', #5675, #4382, #4185 ) ;
#4244 = VERTEX_POINT ( 'NONE', #4560 ) ;
#4245 = CARTESIAN_POINT ( 'NONE',  ( 1.499999999999999556, -9.865329348983841840, 24.05567036763012823 ) ) ;
#4246 = EDGE_CURVE ( 'NONE', #6238, #19, #1712, .T. ) ;
#4247 = COORDINATED_UNIVERSAL_TIME_OFFSET ( 7, 0, .AHEAD. ) ;
#4248 = AXIS2_PLACEMENT_3D ( 'NONE', #7198, #1918, #1311 ) ;
#4249 = AXIS2_PLACEMENT_3D ( 'NONE', #8277, #3629, #6335 ) ;
#4250 = CIRCLE ( 'NONE', #6590, 23.74900000000000588 ) ;
#4251 = ORIENTED_EDGE ( 'NONE', *, *, #7851, .T. ) ;
#4252 = CARTESIAN_POINT ( 'NONE',  ( 0.000000000000000000, -8.758419641788751875, 21.79860027646846277 ) ) ;
#4253 = ORIENTED_EDGE ( 'NONE', *, *, #1690, .T. ) ;
#4254 = ORIENTED_EDGE ( 'NONE', *, *, #6236, .F. ) ;
#4255 = CARTESIAN_POINT ( 'NONE',  ( 3.000000000000000888, -15.99480952573165915, 17.20624761156499005 ) ) ;
#4256 = AXIS2_PLACEMENT_3D ( 'NONE', #3393, #2107, #6008 ) ;
#4257 = DIRECTION ( 'NONE',  ( 0.000000000000000000, 0.000000000000000000, 1.000000000000000000 ) ) ;
#4258 =( LENGTH_UNIT ( ) NAMED_UNIT ( * ) SI_UNIT ( .MILLI., .METRE. ) );
#4259 = ORIENTED_EDGE ( 'NONE', *, *, #6501, .T. ) ;
#4260 = CARTESIAN_POINT ( 'NONE',  ( -2.050538145046632010, 7.000000000000008882, -15.85322226736041173 ) ) ;
#4261 = DIRECTION ( 'NONE',  ( -1.000000000000000000, 0.000000000000000000, -0.000000000000000000 ) ) ;
#4262 = ORIENTED_EDGE ( 'NONE', *, *, #8337, .F. ) ;
#4263 = DIRECTION ( 'NONE',  ( 0.000000000000000000, 0.000000000000000000, 1.000000000000000000 ) ) ;
#4264 = DIRECTION ( 'NONE',  ( -1.000000000000000000, 0.000000000000000000, 0.000000000000000000 ) ) ;
#4265 = DIRECTION ( 'NONE',  ( 0.000000000000000000, -0.7705132427757815927, -0.6374239897486988493 ) ) ;
#4266 = DIRECTION ( 'NONE',  ( 0.000000000000000000, 0.000000000000000000, -1.000000000000000000 ) ) ;
#4267 = ORIENTED_EDGE ( 'NONE', *, *, #282, .F. ) ;
#4268 = ORIENTED_EDGE ( 'NONE', *, *, #921, .T. ) ;
#4269 = LINE ( 'NONE', #4305, #4860 ) ;
#4270 = CARTESIAN_POINT ( 'NONE',  ( 3.000000000000000888, -18.17661741219002636, -14.88285819611920324 ) ) ;
#4271 = CARTESIAN_POINT ( 'NONE',  ( 3.000000000000000888, -25.47815669208868528, -5.183004107019072215 ) ) ;
#4272 = DIRECTION ( 'NONE',  ( 0.000000000000000000, -0.4817536741017036661, -0.8763066800438700232 ) ) ;
#4273 = CIRCLE ( 'NONE', #3589, 26.00000000000000000 ) ;
#4274 = VECTOR ( 'NONE', #595, 1000.000000000000000 ) ;
#4275 = CARTESIAN_POINT ( 'NONE',  ( 0.000000000000000000, 0.000000000000000000, 0.000000000000000000 ) ) ;
#4276 = ORIENTED_EDGE ( 'NONE', *, *, #3592, .T. ) ;
#4277 = EDGE_CURVE ( 'NONE', #4764, #5890, #1451, .T. ) ;
#4278 = CARTESIAN_POINT ( 'NONE',  ( 3.000000000000000888, 22.30553143780312908, -7.372391464924974436 ) ) ;
#4279 = ORIENTED_EDGE ( 'NONE', *, *, #7477, .F. ) ;
#4280 = EDGE_CURVE ( 'NONE', #6791, #1365, #7451, .T. ) ;
#4281 = FACE_OUTER_BOUND ( 'NONE', #233, .T. ) ;
#4282 = PLANE ( 'NONE',  #1638 ) ;
#4283 = ORIENTED_EDGE ( 'NONE', *, *, #5240, .T. ) ;
#4284 = DIRECTION ( 'NONE',  ( 0.000000000000000000, 0.000000000000000000, 1.000000000000000000 ) ) ;
#4285 = EDGE_CURVE ( 'NONE', #1677, #1961, #5977, .T. ) ;
#4286 = ORIENTED_EDGE ( 'NONE', *, *, #1238, .F. ) ;
#4287 = CARTESIAN_POINT ( 'NONE',  ( 0.000000000000000000, 0.000000000000000000, 0.000000000000000000 ) ) ;
#4288 = ORIENTED_EDGE ( 'NONE', *, *, #494, .F. ) ;
#4289 = EDGE_CURVE ( 'NONE', #6238, #2847, #6111, .T. ) ;
#4290 = ORIENTED_EDGE ( 'NONE', *, *, #5120, .T. ) ;
#4291 = DIRECTION ( 'NONE',  ( -1.000000000000000000, 0.000000000000000000, -0.000000000000000000 ) ) ;
#4292 = CYLINDRICAL_SURFACE ( 'NONE', #6152, 23.74900000000000233 ) ;
#4293 = ORIENTED_EDGE ( 'NONE', *, *, #4437, .T. ) ;
#4294 = LINE ( 'NONE', #6277, #7838 ) ;
#4295 = CYLINDRICAL_SURFACE ( 'NONE', #3290, 9.999999999999998224 ) ;
#4296 = VERTEX_POINT ( 'NONE', #5119 ) ;
#4297 = CARTESIAN_POINT ( 'NONE',  ( 3.000000000000000888, 22.37893697895717438, 7.146472439377716590 ) ) ;
#4298 = DIRECTION ( 'NONE',  ( -1.000000000000000000, 0.000000000000000000, -0.000000000000000000 ) ) ;
#4299 = AXIS2_PLACEMENT_3D ( 'NONE', #1773, #6284, #7011 ) ;
#4300 = CARTESIAN_POINT ( 'NONE',  ( 3.000000000000000888, 21.30678187720822692, 9.894944904949857900 ) ) ;
#4301 = AXIS2_PLACEMENT_3D ( 'NONE', #3439, #3985, #6615 ) ;
#4302 = DIRECTION ( 'NONE',  ( -1.000000000000000000, 0.000000000000000000, 0.000000000000000000 ) ) ;
#4303 = EDGE_LOOP ( 'NONE', ( #4093, #8516, #4777, #4141 ) ) ;
#4304 = ORIENTED_EDGE ( 'NONE', *, *, #1659, .T. ) ;
#4305 = CARTESIAN_POINT ( 'NONE',  ( 3.000000000000000888, 23.10781753700506158, -5.481219725251072816 ) ) ;
#4306 = CARTESIAN_POINT ( 'NONE',  ( -14.74895638488482597, 10.00000000000000888, 6.145609380784566866 ) ) ;
#4307 = EDGE_CURVE ( 'NONE', #4633, #6958, #3513, .T. ) ;
#4308 = DIRECTION ( 'NONE',  ( -1.000000000000000000, -0.000000000000000000, -0.000000000000000000 ) ) ;
#4309 = DIRECTION ( 'NONE',  ( 0.000000000000000000, 0.000000000000000000, 1.000000000000000000 ) ) ;
#4310 = AXIS2_PLACEMENT_3D ( 'NONE', #972, #5523, #2267 ) ;
#4311 = CARTESIAN_POINT ( 'NONE',  ( 0.000000000000000000, 24.62765115230543245, -8.335394335023911694 ) ) ;
#4312 = ORIENTED_EDGE ( 'NONE', *, *, #5913, .T. ) ;
#4313 = CARTESIAN_POINT ( 'NONE',  ( 3.000000000000000888, 23.05365132147760221, 4.518633574727654256 ) ) ;
#4314 = ORIENTED_EDGE ( 'NONE', *, *, #137, .T. ) ;
#4315 = AXIS2_PLACEMENT_3D ( 'NONE', #1463, #6101, #1544 ) ;
#4316 = DIRECTION ( 'NONE',  ( 1.000000000000000000, 0.000000000000000000, -0.000000000000000000 ) ) ;
#4317 = DIRECTION ( 'NONE',  ( 0.7342190668223465000, 0.000000000000000000, 0.6789126320186734675 ) ) ;
#4318 = PRODUCT ( 'spur gear_am_Metric - Spur gear 1M 50T 20PA 3FW ---S50N75H50L3N', 'spur gear_am_Metric - Spur gear 1M 50T 20PA 3FW ---S50N75H50L3N', '', ( #2204 ) ) ;
#4319 = ORIENTED_EDGE ( 'NONE', *, *, #5663, .T. ) ;
#4320 = DIRECTION ( 'NONE',  ( 0.000000000000000000, 0.000000000000000000, 1.000000000000000000 ) ) ;
#4321 = AXIS2_PLACEMENT_3D ( 'NONE', #437, #3066, #7013 ) ;
#4322 = AXIS2_PLACEMENT_3D ( 'NONE', #4270, #2429, #7537 ) ;
#4323 = EDGE_CURVE ( 'NONE', #7825, #7904, #6255, .T. ) ;
#4324 = COORDINATED_UNIVERSAL_TIME_OFFSET ( 7, 0, .AHEAD. ) ;
#4325 = EDGE_CURVE ( 'NONE', #5415, #7351, #74, .T. ) ;
#4326 = AXIS2_PLACEMENT_3D ( 'NONE', #2335, #264, #4339 ) ;
#4327 = AXIS2_PLACEMENT_3D ( 'NONE', #6246, #3112, #8230 ) ;
#4328 = ORIENTED_EDGE ( 'NONE', *, *, #3462, .T. ) ;
#4329 = AXIS2_PLACEMENT_3D ( 'NONE', #6594, #147, #3459 ) ;
#4330 = FACE_OUTER_BOUND ( 'NONE', #1130, .T. ) ;
#4331 = APPROVAL_PERSON_ORGANIZATION ( #5232, #4140, #3311 ) ;
#4332 = ORIENTED_EDGE ( 'NONE', *, *, #8125, .F. ) ;
#4333 = ORIENTED_EDGE ( 'NONE', *, *, #5924, .T. ) ;
#4334 = CARTESIAN_POINT ( 'NONE',  ( 0.000000000000000000, 0.000000000000000000, 0.000000000000000000 ) ) ;
#4335 = APPLICATION_PROTOCOL_DEFINITION ( 'international standard', 'config_control_design', 1994, #2379 ) ;
#4336 = EDGE_CURVE ( 'NONE', #7427, #6153, #6397, .T. ) ;
#4337 = ADVANCED_FACE ( 'NONE', ( #1221 ), #6506, .T. ) ;
#4338 = EDGE_LOOP ( 'NONE', ( #688, #4254, #2166, #1635 ) ) ;
#4339 = DIRECTION ( 'NONE',  ( 0.000000000000000000, 0.000000000000000000, 1.000000000000000000 ) ) ;
#4340 = EDGE_CURVE ( 'NONE', #5220, #6495, #1454, .T. ) ;
#4341 = LINE ( 'NONE', #1675, #2480 ) ;
#4342 = AXIS2_PLACEMENT_3D ( 'NONE', #454, #2320, #4320 ) ;
#4343 = ORIENTED_EDGE ( 'NONE', *, *, #8395, .T. ) ;
#4344 = CYLINDRICAL_SURFACE ( 'NONE', #628, 9.999999999999998224 ) ;
#4345 = CARTESIAN_POINT ( 'NONE',  ( 3.000000000000000888, 21.01871904177735217, 11.05569766422844680 ) ) ;
#4346 = EDGE_CURVE ( 'NONE', #4764, #622, #612, .T. ) ;
#4347 = AXIS2_PLACEMENT_3D ( 'NONE', #113, #6046, #3510 ) ;
#4348 = LINE ( 'NONE', #397, #8421 ) ;
#4349 = DIRECTION ( 'NONE',  ( -1.000000000000000000, 0.000000000000000000, -0.000000000000000000 ) ) ;
#4350 = ORIENTED_EDGE ( 'NONE', *, *, #7370, .F. ) ;
#4351 = ORIENTED_EDGE ( 'NONE', *, *, #1496, .F. ) ;
#4352 = CARTESIAN_POINT ( 'NONE',  ( 0.000000000000000000, 23.61258448579735614, 2.541821178030042372 ) ) ;
#4353 = DIRECTION ( 'NONE',  ( -1.000000000000000000, -0.000000000000000000, 0.000000000000000000 ) ) ;
#4354 = CIRCLE ( 'NONE', #1745, 23.74899999999999878 ) ;
#4355 = CYLINDRICAL_SURFACE ( 'NONE', #794, 9.999999999999998224 ) ;
#4356 = CARTESIAN_POINT ( 'NONE',  ( 3.000000000000000888, -4.019451921852126297, 23.40638817177736541 ) ) ;
#4357 = VECTOR ( 'NONE', #6364, 1000.000000000000227 ) ;
#4358 = DIRECTION ( 'NONE',  ( -1.000000000000000000, 0.000000000000000000, 0.000000000000000000 ) ) ;
#4359 = ORIENTED_EDGE ( 'NONE', *, *, #1128, .T. ) ;
#4360 = FACE_OUTER_BOUND ( 'NONE', #3747, .T. ) ;
#4361 = EDGE_LOOP ( 'NONE', ( #6627, #5208, #4156, #1693 ) ) ;
#4362 = CARTESIAN_POINT ( 'NONE',  ( 3.000000000000000888, -23.10781753700494434, -5.481219725251569308 ) ) ;
#4363 = DIRECTION ( 'NONE',  ( 0.000000000000000000, 0.000000000000000000, -1.000000000000000000 ) ) ;
#4364 = ORIENTED_EDGE ( 'NONE', *, *, #3481, .T. ) ;
#4365 = CARTESIAN_POINT ( 'NONE',  ( 3.000000000000000888, 0.000000000000000000, 0.000000000000000000 ) ) ;
#4366 = AXIS2_PLACEMENT_3D ( 'NONE', #6134, #243, #2874 ) ;
#4367 = VECTOR ( 'NONE', #905, 1000.000000000000000 ) ;
#4368 = SHAPE_DEFINITION_REPRESENTATION ( #6461, #4936 ) ;
#4369 = AXIS2_PLACEMENT_3D ( 'NONE', #5307, #2824, #4665 ) ;
#4370 = ORIENTED_EDGE ( 'NONE', *, *, #934, .F. ) ;
#4371 = CIRCLE ( 'NONE', #4913, 23.74900000000000588 ) ;
#4372 = DIRECTION ( 'NONE',  ( 0.000000000000000000, 0.000000000000000000, -1.000000000000000000 ) ) ;
#4373 = ORIENTED_EDGE ( 'NONE', *, *, #3700, .T. ) ;
#4374 = ORIENTED_EDGE ( 'NONE', *, *, #4501, .F. ) ;
#4375 = FACE_OUTER_BOUND ( 'NONE', #2945, .T. ) ;
#4376 = CIRCLE ( 'NONE', #5896, 26.00000000000000000 ) ;
#4377 = MECHANICAL_CONTEXT ( 'NONE', #2379, 'mechanical' ) ;
#4378 = CARTESIAN_POINT ( 'NONE',  ( 3.000000000000000888, 16.16797261240417072, -17.04363664947920398 ) ) ;
#4379 = ORIENTED_EDGE ( 'NONE', *, *, #6067, .F. ) ;
#4380 = DIRECTION ( 'NONE',  ( 0.000000000000000000, -0.7705132427757815927, -0.6374239897486989603 ) ) ;
#4381 = FACE_OUTER_BOUND ( 'NONE', #1976, .T. ) ;
#4382 = DIRECTION ( 'NONE',  ( -1.000000000000000000, -0.000000000000000000, 0.000000000000000000 ) ) ;
#4383 = CIRCLE ( 'NONE', #2338, 10.00000000000000000 ) ;
#4384 = ORIENTED_EDGE ( 'NONE', *, *, #4763, .T. ) ;
#4385 = EDGE_CURVE ( 'NONE', #3000, #8423, #5, .T. ) ;
#4386 = DIRECTION ( 'NONE',  ( 0.000000000000000000, 0.8443279255020125218, 0.5358267949790006535 ) ) ;
#4387 = CARTESIAN_POINT ( 'NONE',  ( 0.000000000000000000, -8.758419641788439236, -21.79860027646859066 ) ) ;
#4388 = EDGE_CURVE ( 'NONE', #3902, #4964, #5250, .T. ) ;
#4389 = ORIENTED_EDGE ( 'NONE', *, *, #4385, .T. ) ;
#4390 = VERTEX_POINT ( 'NONE', #5811 ) ;
#4391 = DIRECTION ( 'NONE',  ( -1.000000000000000000, -0.000000000000000000, 0.000000000000000000 ) ) ;
#4392 = CC_DESIGN_PERSON_AND_ORGANIZATION_ASSIGNMENT ( #5925, #2630, ( #220 ) ) ;
#4393 = FACE_OUTER_BOUND ( 'NONE', #5139, .T. ) ;
#4394 = VERTEX_POINT ( 'NONE', #7790 ) ;
#4395 = DIRECTION ( 'NONE',  ( 0.000000000000000000, 0.000000000000000000, -1.000000000000000000 ) ) ;
#4396 = EDGE_CURVE ( 'NONE', #5841, #5204, #1905, .T. ) ;
#4397 = CARTESIAN_POINT ( 'NONE',  ( 0.000000000000000000, 16.16797261240417072, -17.04363664947920398 ) ) ;
#4398 = EDGE_CURVE ( 'NONE', #4800, #8047, #3916, .T. ) ;
#4399 = DIRECTION ( 'NONE',  ( -1.000000000000000000, -0.000000000000000000, 0.000000000000000000 ) ) ;
#4400 = DIRECTION ( 'NONE',  ( -1.000000000000000000, -0.000000000000000000, -0.000000000000000000 ) ) ;
#4401 = CARTESIAN_POINT ( 'NONE',  ( 3.000000000000000888, 0.000000000000000000, 0.000000000000000000 ) ) ;
#4402 = CC_DESIGN_PERSON_AND_ORGANIZATION_ASSIGNMENT ( #3688, #1746, ( #7225 ) ) ;
#4403 = EDGE_LOOP ( 'NONE', ( #1657, #6968, #7560, #493 ) ) ;
#4404 = DIRECTION ( 'NONE',  ( -1.000000000000000000, 0.000000000000000000, 0.000000000000000000 ) ) ;
#4405 = ORIENTED_EDGE ( 'NONE', *, *, #7056, .T. ) ;
#4406 = DIRECTION ( 'NONE',  ( 0.000000000000000000, 1.000000000000000000, 0.000000000000000000 ) ) ;
#4407 = CARTESIAN_POINT ( 'NONE',  ( 0.000000000000000000, -23.65875512592450391, -10.78254635471330403 ) ) ;
#4408 = ORIENTED_EDGE ( 'NONE', *, *, #133, .T. ) ;
#4409 = CARTESIAN_POINT ( 'NONE',  ( 3.000000000000000888, -20.59702713253510353, 11.82275239957317226 ) ) ;
#4410 = VECTOR ( 'NONE', #5795, 1000.000000000000000 ) ;
#4411 = APPROVAL_ROLE ( '' ) ;
#4412 = ORIENTED_EDGE ( 'NONE', *, *, #1663, .F. ) ;
#4413 = CARTESIAN_POINT ( 'NONE',  ( -14.74895638488504801, 7.000000000000008882, -6.145609380897365526 ) ) ;
#4414 = ORIENTED_EDGE ( 'NONE', *, *, #41, .F. ) ;
#4415 = DIRECTION ( 'NONE',  ( 1.000000000000000000, -0.000000000000000000, 0.000000000000000000 ) ) ;
#4416 = CYLINDRICAL_SURFACE ( 'NONE', #3835, 26.00000000000000000 ) ;
#4417 = VERTEX_POINT ( 'NONE', #8004 ) ;
#4418 = DIRECTION ( 'NONE',  ( -1.000000000000000000, 0.000000000000000000, 0.000000000000000000 ) ) ;
#4419 = ORIENTED_EDGE ( 'NONE', *, *, #3471, .F. ) ;
#4420 = CYLINDRICAL_SURFACE ( 'NONE', #2207, 9.999999999999998224 ) ;
#4421 = ORIENTED_EDGE ( 'NONE', *, *, #4905, .F. ) ;
#4422 = DIRECTION ( 'NONE',  ( -1.000000000000000000, 0.000000000000000000, 0.000000000000000000 ) ) ;
#4423 = DIRECTION ( 'NONE',  ( -1.000000000000000000, 0.000000000000000000, -0.000000000000000000 ) ) ;
#4424 = EDGE_CURVE ( 'NONE', #2486, #5137, #5845, .T. ) ;
#4425 = EDGE_CURVE ( 'NONE', #2521, #5582, #7622, .T. ) ;
#4426 = ORIENTED_EDGE ( 'NONE', *, *, #8275, .T. ) ;
#4427 = CYLINDRICAL_SURFACE ( 'NONE', #7085, 9.999999999999998224 ) ;
#4428 = CYLINDRICAL_SURFACE ( 'NONE', #5835, 23.74900000000000233 ) ;
#4429 = EDGE_CURVE ( 'NONE', #7127, #2521, #2040, .T. ) ;
#4430 = VERTEX_POINT ( 'NONE', #2176 ) ;
#4431 = CARTESIAN_POINT ( 'NONE',  ( 0.000000000000000000, -18.17661741219023241, 14.88285819611894567 ) ) ;
#4432 = DIRECTION ( 'NONE',  ( 0.000000000000000000, 0.000000000000000000, 1.000000000000000000 ) ) ;
#4433 = CARTESIAN_POINT ( 'NONE',  ( 1.500000000000000444, 20.23396159193280042, 16.32748597599116636 ) ) ;
#4434 = CARTESIAN_POINT ( 'NONE',  ( 0.000000000000000000, 13.90434922624170433, -18.93562677150227813 ) ) ;
#4435 = AXIS2_PLACEMENT_3D ( 'NONE', #2239, #4200, #6827 ) ;
#4436 = EDGE_CURVE ( 'NONE', #3927, #4296, #6682, .T. ) ;
#4437 = EDGE_CURVE ( 'NONE', #4895, #118, #5155, .T. ) ;
#4438 = DIRECTION ( 'NONE',  ( -0.2208460528671439549, 0.000000000000000000, -0.9753086798203953744 ) ) ;
#4439 = VERTEX_POINT ( 'NONE', #7356 ) ;
#4440 = CARTESIAN_POINT ( 'NONE',  ( 3.000000000000000888, -21.01871904177743744, 11.05569766422829936 ) ) ;
#4441 = EDGE_CURVE ( 'NONE', #2266, #6495, #5473, .T. ) ;
#4442 = VERTEX_POINT ( 'NONE', #6110 ) ;
#4443 = DIRECTION ( 'NONE',  ( 0.000000000000000000, 0.000000000000000000, 1.000000000000000000 ) ) ;
#4444 = CARTESIAN_POINT ( 'NONE',  ( 0.000000000000000000, -12.80251323316816148, 22.62953059421591817 ) ) ;
#4445 = ORIENTED_EDGE ( 'NONE', *, *, #648, .F. ) ;
#4446 = CARTESIAN_POINT ( 'NONE',  ( 0.000000000000000000, 0.000000000000000000, 0.000000000000000000 ) ) ;
#4447 = CYLINDRICAL_SURFACE ( 'NONE', #396, 9.999999999999998224 ) ;
#4448 = ADVANCED_FACE ( 'NONE', ( #2811 ), #5425, .T. ) ;
#4449 = AXIS2_PLACEMENT_3D ( 'NONE', #1054, #7495, #8146 ) ;
#4450 = VERTEX_POINT ( 'NONE', #3416 ) ;
#4451 = DIRECTION ( 'NONE',  ( -1.000000000000000000, -0.000000000000000000, 0.000000000000000000 ) ) ;
#4452 = EDGE_LOOP ( 'NONE', ( #8433, #4209, #2346, #6600 ) ) ;
#4453 = CIRCLE ( 'NONE', #7608, 26.00000000000000000 ) ;
#4454 = CARTESIAN_POINT ( 'NONE',  ( 0.000000000000000000, 9.865329348984012370, -24.05567036763005717 ) ) ;
#4455 = FACE_OUTER_BOUND ( 'NONE', #1124, .T. ) ;
#4456 = AXIS2_PLACEMENT_3D ( 'NONE', #6420, #2473, #4522 ) ;
#4457 = CIRCLE ( 'NONE', #1578, 26.00000000000000000 ) ;
#4458 = PERSON_AND_ORGANIZATION ( #6793, #2555 ) ;
#4459 = AXIS2_PLACEMENT_3D ( 'NONE', #3509, #59, #4061 ) ;
#4460 = AXIS2_PLACEMENT_3D ( 'NONE', #8131, #6757, #4170 ) ;
#4461 = ORIENTED_EDGE ( 'NONE', *, *, #2363, .F. ) ;
#4462 = DIRECTION ( 'NONE',  ( -1.000000000000000000, -0.000000000000000000, -0.000000000000000000 ) ) ;
#4463 = ORIENTED_EDGE ( 'NONE', *, *, #872, .T. ) ;
#4464 = DIRECTION ( 'NONE',  ( 0.000000000000000000, -0.000000000000000000, -1.000000000000000000 ) ) ;
#4465 = ORIENTED_EDGE ( 'NONE', *, *, #7966, .F. ) ;
#4466 = DIRECTION ( 'NONE',  ( 0.000000000000000000, 1.000000000000000000, 0.000000000000000000 ) ) ;
#4467 = AXIS2_PLACEMENT_3D ( 'NONE', #877, #5342, #6073 ) ;
#4468 = FACE_OUTER_BOUND ( 'NONE', #5162, .T. ) ;
#4469 = ORIENTED_EDGE ( 'NONE', *, *, #1459, .T. ) ;
#4470 = VECTOR ( 'NONE', #1844, 1000.000000000000000 ) ;
#4471 = DIRECTION ( 'NONE',  ( 1.000000000000000000, -0.000000000000000000, -0.000000000000000000 ) ) ;
#4472 = CYLINDRICAL_SURFACE ( 'NONE', #6525, 9.999999999999998224 ) ;
#4473 = ORIENTED_EDGE ( 'NONE', *, *, #6283, .T. ) ;
#4474 = CARTESIAN_POINT ( 'NONE',  ( 0.000000000000000000, 13.71217102453783276, -19.07525240799574107 ) ) ;
#4475 = DIRECTION ( 'NONE',  ( 0.000000000000000000, -0.9980267284282722251, 0.06279051952930256308 ) ) ;
#4476 = EDGE_CURVE ( 'NONE', #8199, #5785, #491, .T. ) ;
#4477 = DIRECTION ( 'NONE',  ( 0.000000000000000000, -0.2486898871648623444, 0.9685831611286292997 ) ) ;
#4478 = EDGE_CURVE ( 'NONE', #5902, #4394, #1341, .T. ) ;
#4479 = CARTESIAN_POINT ( 'NONE',  ( 14.74895638493967098, 7.000000000000008882, -6.145609380895367124 ) ) ;
#4480 = DIRECTION ( 'NONE',  ( -1.000000000000000000, 0.000000000000000000, 0.000000000000000000 ) ) ;
#4481 = VERTEX_POINT ( 'NONE', #7965 ) ;
#4482 = AXIS2_PLACEMENT_3D ( 'NONE', #6893, #1014, #6334 ) ;
#4483 = CARTESIAN_POINT ( 'NONE',  ( 3.000000000000000888, 0.000000000000000000, 0.000000000000000000 ) ) ;
#4484 = ORIENTED_EDGE ( 'NONE', *, *, #874, .F. ) ;
#4485 = CARTESIAN_POINT ( 'NONE',  ( 3.000000000000000888, -12.80251323316816148, 22.62953059421591107 ) ) ;
#4486 = CARTESIAN_POINT ( 'NONE',  ( 3.000000000000000888, -17.60893712771364505, 15.93550545895008597 ) ) ;
#4487 = ORIENTED_EDGE ( 'NONE', *, *, #4398, .F. ) ;
#4488 = CIRCLE ( 'NONE', #373, 9.999999999999998224 ) ;
#4489 = CARTESIAN_POINT ( 'NONE',  ( 3.000000000000000888, -19.46733382657868461, -13.60286420885489278 ) ) ;
#4490 = EDGE_CURVE ( 'NONE', #7007, #25, #4744, .T. ) ;
#4491 = DIRECTION ( 'NONE',  ( 0.000000000000000000, 0.000000000000000000, -1.000000000000000000 ) ) ;
#4492 = CIRCLE ( 'NONE', #7650, 10.00000000000000000 ) ;
#4493 = ADVANCED_FACE ( 'NONE', ( #6763 ), #839, .T. ) ;
#4494 = ORIENTED_EDGE ( 'NONE', *, *, #456, .T. ) ;
#4495 = DIRECTION ( 'NONE',  ( -1.000000000000000000, -0.000000000000000000, -0.000000000000000000 ) ) ;
#4496 = VERTEX_POINT ( 'NONE', #3963 ) ;
#4497 = LINE ( 'NONE', #1833, #1709 ) ;
#4498 = CYLINDRICAL_SURFACE ( 'NONE', #5609, 9.999999999999998224 ) ;
#4499 = CIRCLE ( 'NONE', #5600, 23.74900000000000944 ) ;
#4500 = EDGE_CURVE ( 'NONE', #713, #165, #5015, .T. ) ;
#4501 = EDGE_CURVE ( 'NONE', #584, #2357, #8050, .T. ) ;
#4502 = AXIS2_PLACEMENT_3D ( 'NONE', #5827, #3731, #460 ) ;
#4503 = DATE_AND_TIME ( #6530, #629 ) ;
#4504 = VECTOR ( 'NONE', #7772, 1000.000000000000114 ) ;
#4505 = AXIS2_PLACEMENT_3D ( 'NONE', #6559, #3756, #2649 ) ;
#4506 = VERTEX_POINT ( 'NONE', #5987 ) ;
#4507 = DIRECTION ( 'NONE',  ( 0.000000000000000000, 0.000000000000000000, 1.000000000000000000 ) ) ;
#4508 = VECTOR ( 'NONE', #6350, 1000.000000000000000 ) ;
#4509 = EDGE_LOOP ( 'NONE', ( #7886, #1702, #4405, #4637 ) ) ;
#4510 = VERTEX_POINT ( 'NONE', #5939 ) ;
#4511 = CARTESIAN_POINT ( 'NONE',  ( 3.000000000000000888, -15.47283697127494229, -18.01683426854860670 ) ) ;
#4512 = ORIENTED_EDGE ( 'NONE', *, *, #7281, .F. ) ;
#4513 = CIRCLE ( 'NONE', #5616, 23.74900000000000944 ) ;
#4514 = DIRECTION ( 'NONE',  ( 0.000000000000000000, 0.000000000000000000, 1.000000000000000000 ) ) ;
#4515 = CIRCLE ( 'NONE', #127, 9.999999999999998224 ) ;
#4516 = CARTESIAN_POINT ( 'NONE',  ( 3.000000000000000888, -15.53779383581442630, -20.84650960510481355 ) ) ;
#4517 = CIRCLE ( 'NONE', #136, 17.50000000000000355 ) ;
#4518 = ORIENTED_EDGE ( 'NONE', *, *, #5801, .F. ) ;
#4519 = DIRECTION ( 'NONE',  ( 0.000000000000000000, -0.6845471059286951654, 0.7289686274214054462 ) ) ;
#4520 = CARTESIAN_POINT ( 'NONE',  ( 0.000000000000000000, -13.71217102453742420, -19.07525240799602884 ) ) ;
#4521 = EDGE_LOOP ( 'NONE', ( #3401, #4576, #3263, #8041 ) ) ;
#4522 = DIRECTION ( 'NONE',  ( 0.000000000000000000, -0.6845471059286792892, -0.7289686274214204342 ) ) ;
#4523 = CARTESIAN_POINT ( 'NONE',  ( 0.000000000000000000, 0.000000000000000000, 0.000000000000000000 ) ) ;
#4524 = FACE_OUTER_BOUND ( 'NONE', #6997, .T. ) ;
#4525 = AXIS2_PLACEMENT_3D ( 'NONE', #2707, #6527, #7169 ) ;
#4526 = DIRECTION ( 'NONE',  ( -1.000000000000000000, -0.000000000000000000, -0.000000000000000000 ) ) ;
#4527 = ORIENTED_EDGE ( 'NONE', *, *, #5074, .T. ) ;
#4528 = CARTESIAN_POINT ( 'NONE',  ( -12.69673203797372452, 10.00000000000000888, 9.700166218166828003 ) ) ;
#4529 = ORIENTED_EDGE ( 'NONE', *, *, #8426, .F. ) ;
#4530 = DIRECTION ( 'NONE',  ( 0.000000000000000000, 0.9510565162951545304, -0.3090169943749446757 ) ) ;
#4531 = CARTESIAN_POINT ( 'NONE',  ( 3.000000000000000888, 0.000000000000000000, 0.000000000000000000 ) ) ;
#4532 = ORIENTED_EDGE ( 'NONE', *, *, #1281, .T. ) ;
#4533 = CARTESIAN_POINT ( 'NONE',  ( 3.000000000000000888, -18.17661741219002636, -14.88285819611920324 ) ) ;
#4534 = CARTESIAN_POINT ( 'NONE',  ( 3.000000000000000888, -6.772563327703607250, -25.10243784918597143 ) ) ;
#4535 = EDGE_CURVE ( 'NONE', #6153, #90, #7903, .T. ) ;
#4536 = LINE ( 'NONE', #3889, #615 ) ;
#4537 = EDGE_CURVE ( 'NONE', #4688, #244, #8045, .T. ) ;
#4538 = EDGE_LOOP ( 'NONE', ( #7330, #4034, #7387, #3584 ) ) ;
#4539 = CARTESIAN_POINT ( 'NONE',  ( 3.000000000000000888, 23.50287694562805285, -3.410245779803188437 ) ) ;
#4540 = ORIENTED_EDGE ( 'NONE', *, *, #512, .F. ) ;
#4541 = LINE ( 'NONE', #1278, #3909 ) ;
#4542 = DIRECTION ( 'NONE',  ( 0.000000000000000000, 0.000000000000000000, 1.000000000000000000 ) ) ;
#4543 = ADVANCED_FACE ( 'NONE', ( #6969 ), #7482, .T. ) ;
#4544 = PERSON_AND_ORGANIZATION_ROLE ( 'design_supplier' ) ;
#4545 = EDGE_CURVE ( 'NONE', #8256, #1265, #8178, .T. ) ;
#4546 = ORIENTED_EDGE ( 'NONE', *, *, #1545, .F. ) ;
#4547 = EDGE_CURVE ( 'NONE', #5753, #6407, #4202, .T. ) ;
#4548 = CARTESIAN_POINT ( 'NONE',  ( 3.000000000000000888, -23.43820135222873091, -1.593614133755546725 ) ) ;
#4549 = ORIENTED_EDGE ( 'NONE', *, *, #41, .T. ) ;
#4550 = DIRECTION ( 'NONE',  ( 0.000000000000000000, -0.9822872507286903865, 0.1873813145857151086 ) ) ;
#4551 = ORIENTED_EDGE ( 'NONE', *, *, #4815, .F. ) ;
#4552 = CARTESIAN_POINT ( 'NONE',  ( 3.000000000000000888, 14.79838606843898674, -18.57478857940060735 ) ) ;
#4553 = AXIS2_PLACEMENT_3D ( 'NONE', #3502, #6075, #3421 ) ;
#4554 = CARTESIAN_POINT ( 'NONE',  ( 2.052224346939968136, 10.00000000000000888, 15.84577559900801624 ) ) ;
#4555 = APPROVAL ( #289, 'UNSPECIFIED' ) ;
#4556 = ORIENTED_EDGE ( 'NONE', *, *, #8384, .T. ) ;
#4557 = DIRECTION ( 'NONE',  ( -1.000000000000000000, 0.000000000000000000, 0.000000000000000000 ) ) ;
#4558 = FACE_OUTER_BOUND ( 'NONE', #200, .T. ) ;
#4559 = ORIENTED_EDGE ( 'NONE', *, *, #7277, .T. ) ;
#4560 = CARTESIAN_POINT ( 'NONE',  ( 3.000000000000000888, -23.61258448579737745, 2.541821178029872286 ) ) ;
#4561 = CYLINDRICAL_SURFACE ( 'NONE', #7924, 9.999999999999998224 ) ;
#4562 = AXIS2_PLACEMENT_3D ( 'NONE', #5175, #1231, #2614 ) ;
#4563 = DIRECTION ( 'NONE',  ( 0.000000000000000000, 0.000000000000000000, 1.000000000000000000 ) ) ;
#4564 = ORIENTED_EDGE ( 'NONE', *, *, #4915, .F. ) ;
#4565 = CIRCLE ( 'NONE', #2114, 9.999999999999998224 ) ;
#4566 = CARTESIAN_POINT ( 'NONE',  ( 3.000000000000000888, 0.000000000000000000, 0.000000000000000000 ) ) ;
#4567 = VERTEX_POINT ( 'NONE', #3540 ) ;
#4568 = CARTESIAN_POINT ( 'NONE',  ( 3.000000000000000888, 0.000000000000000000, 0.000000000000000000 ) ) ;
#4569 = FACE_OUTER_BOUND ( 'NONE', #1420, .T. ) ;
#4570 = VERTEX_POINT ( 'NONE', #8221 ) ;
#4571 = CARTESIAN_POINT ( 'NONE',  ( 0.000000000000000000, -22.89013261011090350, 6.329046538898065677 ) ) ;
#4572 = DIRECTION ( 'NONE',  ( -1.000000000000000000, -0.000000000000000000, -0.000000000000000000 ) ) ;
#4573 = DIRECTION ( 'NONE',  ( 1.000000000000000000, 0.000000000000000000, -0.000000000000000000 ) ) ;
#4574 = ORIENTED_EDGE ( 'NONE', *, *, #3501, .F. ) ;
#4575 = CARTESIAN_POINT ( 'NONE',  ( 0.000000000000000000, -11.21328339503254590, -20.64342907894929624 ) ) ;
#4576 = ORIENTED_EDGE ( 'NONE', *, *, #7463, .T. ) ;
#4577 = CARTESIAN_POINT ( 'NONE',  ( 1.499999999999999556, -0.3170683606141290189, -25.99806661378298145 ) ) ;
#4578 = CARTESIAN_POINT ( 'NONE',  ( 3.000000000000000888, -13.71217102453769243, 19.07525240799584765 ) ) ;
#4579 = ADVANCED_FACE ( 'NONE', ( #1003 ), #1085, .T. ) ;
#4580 = ADVANCED_FACE ( 'NONE', ( #7525 ), #4344, .T. ) ;
#4581 = APPROVAL_STATUS ( 'not_yet_approved' ) ;
#4582 = AXIS2_PLACEMENT_3D ( 'NONE', #5391, #666, #7241 ) ;
#4583 = ORIENTED_EDGE ( 'NONE', *, *, #1916, .T. ) ;
#4584 = CARTESIAN_POINT ( 'NONE',  ( 3.000000000000000888, -4.019451921851803000, -23.40638817177742581 ) ) ;
#4585 = VERTEX_POINT ( 'NONE', #6884 ) ;
#4586 = ORIENTED_EDGE ( 'NONE', *, *, #7708, .T. ) ;
#4587 = CARTESIAN_POINT ( 'NONE',  ( 3.000000000000000888, 2.826494134736508901, 23.32165987963168874 ) ) ;
#4588 = ORIENTED_EDGE ( 'NONE', *, *, #4016, .T. ) ;
#4589 = VECTOR ( 'NONE', #3736, 1000.000000000000000 ) ;
#4590 = CARTESIAN_POINT ( 'NONE',  ( 3.000000000000000888, 0.000000000000000000, 0.000000000000000000 ) ) ;
#4591 = VECTOR ( 'NONE', #3893, 1000.000000000000000 ) ;
#4592 = LINE ( 'NONE', #475, #107 ) ;
#4593 = EDGE_CURVE ( 'NONE', #687, #6342, #3246, .T. ) ;
#4594 = EDGE_CURVE ( 'NONE', #2556, #1503, #2901, .T. ) ;
#4595 = AXIS2_PLACEMENT_3D ( 'NONE', #2991, #5604, #5040 ) ;
#4596 = CC_DESIGN_APPROVAL ( #7813, ( #220 ) ) ;
#4597 = EDGE_CURVE ( 'NONE', #5256, #8084, #1722, .T. ) ;
#4598 = AXIS2_PLACEMENT_3D ( 'NONE', #6086, #852, #241 ) ;
#4599 = ORIENTED_EDGE ( 'NONE', *, *, #8145, .F. ) ;
#4600 = CARTESIAN_POINT ( 'NONE',  ( 0.000000000000000000, 0.000000000000000000, 0.000000000000000000 ) ) ;
#4601 = B_SPLINE_SURFACE_WITH_KNOTS ( 'NONE', 2, 1, ( 
 ( #2086, #8005 ),
 ( #7315, #739 ),
 ( #3370, #4004 ),
 ( #4780, #4099 ),
 ( #2125, #7922 ) ),
 .UNSPECIFIED., .F., .F., .F.,
 ( 3, 1, 1, 3 ),
 ( 2, 2 ),
 ( 0.002399098765659659488, 0.3755997746914918611, 0.6244002253087133081, 0.9976009012345454785 ),
 ( 0.000000000000000000, 1.000000000000000000 ),
 .UNSPECIFIED. ) ;
#4602 = CARTESIAN_POINT ( 'NONE',  ( 3.000000000000000888, 11.42144594672578961, -20.52899074774362020 ) ) ;
#4603 = AXIS2_PLACEMENT_3D ( 'NONE', #4003, #2124, #2772 ) ;
#4604 = LOCAL_TIME ( 18, 37, 26.00000000000000000, #6406 ) ;
#4605 = ORIENTED_EDGE ( 'NONE', *, *, #3592, .F. ) ;
#4606 = CARTESIAN_POINT ( 'NONE',  ( 3.000000000000000888, -22.89013261011090350, 6.329046538898065677 ) ) ;
#4607 = DIRECTION ( 'NONE',  ( 0.000000000000000000, 0.000000000000000000, 1.000000000000000000 ) ) ;
#4608 = EDGE_CURVE ( 'NONE', #6589, #3902, #3783, .T. ) ;
#4609 = VERTEX_POINT ( 'NONE', #6805 ) ;
#4610 = APPROVAL_PERSON_ORGANIZATION ( #23, #619, #6481 ) ;
#4611 = CARTESIAN_POINT ( 'NONE',  ( 3.000000000000000888, -4.879274292603219543, 23.24236828246083419 ) ) ;
#4612 = ORIENTED_EDGE ( 'NONE', *, *, #1860, .F. ) ;
#4613 = CARTESIAN_POINT ( 'NONE',  ( 3.000000000000000888, 22.23862650171306399, -8.334176163083276023 ) ) ;
#4614 = VERTEX_POINT ( 'NONE', #2939 ) ;
#4615 = CARTESIAN_POINT ( 'NONE',  ( 1.500000000000000444, -23.65875512592450391, -10.78254635471330403 ) ) ;
#4616 = DIRECTION ( 'NONE',  ( -1.000000000000000000, -0.000000000000000000, -0.000000000000000000 ) ) ;
#4617 = VECTOR ( 'NONE', #3211, 1000.000000000000000 ) ;
#4618 = ORIENTED_EDGE ( 'NONE', *, *, #1797, .F. ) ;
#4619 = DIRECTION ( 'NONE',  ( -1.000000000000000000, 0.000000000000000000, -0.000000000000000000 ) ) ;
#4620 = LINE ( 'NONE', #7246, #1630 ) ;
#4621 = VECTOR ( 'NONE', #5940, 1000.000000000000000 ) ;
#4622 = LINE ( 'NONE', #1965, #5421 ) ;
#4623 = ORIENTED_EDGE ( 'NONE', *, *, #494, .T. ) ;
#4624 = LINE ( 'NONE', #714, #2720 ) ;
#4625 = ORIENTED_EDGE ( 'NONE', *, *, #5496, .F. ) ;
#4626 = CARTESIAN_POINT ( 'NONE',  ( 3.000000000000000888, 4.019451921851954879, 23.40638817177739384 ) ) ;
#4627 = DIRECTION ( 'NONE',  ( 0.2208460528671212786, 0.000000000000000000, 0.9753086798204005925 ) ) ;
#4628 = AXIS2_PLACEMENT_3D ( 'NONE', #7095, #3832, #2639 ) ;
#4629 = CALENDAR_DATE ( 2025, 7, 10 ) ;
#4630 = ORIENTED_EDGE ( 'NONE', *, *, #7277, .F. ) ;
#4631 = AXIS2_PLACEMENT_3D ( 'NONE', #2851, #4682, #783 ) ;
#4632 = CARTESIAN_POINT ( 'NONE',  ( 3.000000000000000888, 18.17661741219034255, -14.88285819611882133 ) ) ;
#4633 = VERTEX_POINT ( 'NONE', #5593 ) ;
#4634 = ORIENTED_EDGE ( 'NONE', *, *, #1177, .T. ) ;
#4635 = DIRECTION ( 'NONE',  ( 0.000000000000000000, 0.2486898871648553500, -0.9685831611286308540 ) ) ;
#4636 = CIRCLE ( 'NONE', #5326, 10.00000000000000000 ) ;
#4637 = ORIENTED_EDGE ( 'NONE', *, *, #4172, .T. ) ;
#4638 = CARTESIAN_POINT ( 'NONE',  ( 0.000000000000000000, 0.000000000000000000, 26.00000000000000000 ) ) ;
#4639 = DIRECTION ( 'NONE',  ( 0.000000000000000000, -0.9980267284282722251, 0.06279051952930256308 ) ) ;
#4640 = ORIENTED_EDGE ( 'NONE', *, *, #1129, .T. ) ;
#4641 = CC_DESIGN_PERSON_AND_ORGANIZATION_ASSIGNMENT ( #2411, #3735, ( #3800 ) ) ;
#4642 = DIRECTION ( 'NONE',  ( -1.000000000000000000, 0.000000000000000000, -0.000000000000000000 ) ) ;
#4643 = AXIS2_PLACEMENT_3D ( 'NONE', #8375, #2488, #5094 ) ;
#4644 = ADVANCED_FACE ( 'NONE', ( #4942 ), #7568, .T. ) ;
#4645 = FACE_OUTER_BOUND ( 'NONE', #5881, .T. ) ;
#4646 = CIRCLE ( 'NONE', #7257, 23.74899999999999878 ) ;
#4647 = ORIENTED_EDGE ( 'NONE', *, *, #1084, .F. ) ;
#4648 = DIRECTION ( 'NONE',  ( 0.000000000000000000, 0.000000000000000000, 1.000000000000000000 ) ) ;
#4649 = EDGE_CURVE ( 'NONE', #4430, #2228, #6280, .T. ) ;
#4650 = DIRECTION ( 'NONE',  ( -1.000000000000000000, 0.000000000000000000, -0.000000000000000000 ) ) ;
#4651 = VECTOR ( 'NONE', #2270, 1000.000000000000000 ) ;
#4652 = VECTOR ( 'NONE', #2113, 1000.000000000000000 ) ;
#4653 = ORIENTED_EDGE ( 'NONE', *, *, #6076, .F. ) ;
#4654 = DIRECTION ( 'NONE',  ( -1.000000000000000000, 0.000000000000000000, 0.000000000000000000 ) ) ;
#4655 = EDGE_CURVE ( 'NONE', #461, #2112, #1861, .T. ) ;
#4656 = ORIENTED_EDGE ( 'NONE', *, *, #2667, .T. ) ;
#4657 = ADVANCED_FACE ( 'NONE', ( #7606 ), #4822, .T. ) ;
#4658 = CARTESIAN_POINT ( 'NONE',  ( 3.000000000000000888, -25.92685648092482609, 1.948874808069069653 ) ) ;
#4659 = EDGE_LOOP ( 'NONE', ( #4389, #1241, #2955, #5065 ) ) ;
#4660 = FACE_OUTER_BOUND ( 'NONE', #3733, .T. ) ;
#4661 = CYLINDRICAL_SURFACE ( 'NONE', #1999, 26.00000000000000000 ) ;
#4662 = VECTOR ( 'NONE', #943, 1000.000000000000000 ) ;
#4663 = ORIENTED_EDGE ( 'NONE', *, *, #4692, .F. ) ;
#4664 = CARTESIAN_POINT ( 'NONE',  ( 0.000000000000000000, 0.000000000000000000, 0.000000000000000000 ) ) ;
#4665 = DIRECTION ( 'NONE',  ( 0.000000000000000000, 0.000000000000000000, -1.000000000000000000 ) ) ;
#4666 = VECTOR ( 'NONE', #2296, 1000.000000000000000 ) ;
#4667 = DIRECTION ( 'NONE',  ( -1.000000000000000000, -0.000000000000000000, 0.000000000000000000 ) ) ;
#4668 = EDGE_LOOP ( 'NONE', ( #4574, #2093, #7573, #526 ) ) ;
#4669 = DIRECTION ( 'NONE',  ( 1.000000000000000000, 0.000000000000000000, 0.000000000000000000 ) ) ;
#4670 = CARTESIAN_POINT ( 'NONE',  ( 3.000000000000000888, -19.77132294913416288, 12.68793432659402143 ) ) ;
#4671 = ORIENTED_EDGE ( 'NONE', *, *, #8240, .T. ) ;
#4672 = CARTESIAN_POINT ( 'NONE',  ( 0.000000000000000000, 0.000000000000000000, 0.000000000000000000 ) ) ;
#4673 = FACE_OUTER_BOUND ( 'NONE', #6670, .T. ) ;
#4674 = DATE_AND_TIME ( #2711, #6118 ) ;
#4675 = EDGE_LOOP ( 'NONE', ( #274, #7871, #1903, #8508, #1825, #8284 ) ) ;
#4676 = DIRECTION ( 'NONE',  ( -1.000000000000000000, 0.000000000000000000, 0.000000000000000000 ) ) ;
#4677 = VERTEX_POINT ( 'NONE', #5550 ) ;
#4678 = ORIENTED_EDGE ( 'NONE', *, *, #514, .F. ) ;
#4679 = LINE ( 'NONE', #727, #7403 ) ;
#4680 = CARTESIAN_POINT ( 'NONE',  ( 3.000000000000002665, 2.220446049250313081E-13, 2.220446049250313081E-13 ) ) ;
#4681 = ORIENTED_EDGE ( 'NONE', *, *, #3539, .T. ) ;
#4682 = DIRECTION ( 'NONE',  ( 1.000000000000000000, 0.000000000000000000, 0.000000000000000000 ) ) ;
#4683 = AXIS2_PLACEMENT_3D ( 'NONE', #7927, #6554, #618 ) ;
#4684 = FACE_OUTER_BOUND ( 'NONE', #1052, .T. ) ;
#4685 = ORIENTED_EDGE ( 'NONE', *, *, #7434, .F. ) ;
#4686 = DIRECTION ( 'NONE',  ( 0.000000000000000000, 0.000000000000000000, 1.000000000000000000 ) ) ;
#4687 = DIRECTION ( 'NONE',  ( 1.000000000000000000, -0.000000000000000000, -0.000000000000000000 ) ) ;
#4688 = VERTEX_POINT ( 'NONE', #1596 ) ;
#4689 = DIRECTION ( 'NONE',  ( 0.000000000000000000, -0.9510565162951500895, -0.3090169943749582204 ) ) ;
#4690 = CARTESIAN_POINT ( 'NONE',  ( 0.000000000000000000, -22.37893697895722411, 7.146472439377552277 ) ) ;
#4691 = EDGE_CURVE ( 'NONE', #4442, #4677, #4219, .T. ) ;
#4692 = EDGE_CURVE ( 'NONE', #2757, #5323, #5154, .T. ) ;
#4693 = DIRECTION ( 'NONE',  ( 0.000000000000000000, 0.3681245526846787519, -0.9297764858882510142 ) ) ;
#4694 = VERTEX_POINT ( 'NONE', #1895 ) ;
#4695 = CARTESIAN_POINT ( 'NONE',  ( 0.000000000000000000, 21.78099992762150094, -14.19817038047339608 ) ) ;
#4696 = VERTEX_POINT ( 'NONE', #7008 ) ;
#4697 = LINE ( 'NONE', #1352, #1989 ) ;
#4698 = CARTESIAN_POINT ( 'NONE',  ( 0.000000000000000000, -23.45311694635235966, 1.356537554084675357 ) ) ;
#4699 = ORIENTED_EDGE ( 'NONE', *, *, #2080, .F. ) ;
#4700 = DIRECTION ( 'NONE',  ( 1.000000000000000000, 0.000000000000000000, 0.000000000000000000 ) ) ;
#4701 = CARTESIAN_POINT ( 'NONE',  ( 3.000000000000000888, -21.30678187720829442, 9.894944904949715792 ) ) ;
#4702 = ADVANCED_FACE ( 'NONE', ( #8391 ), #6363, .T. ) ;
#4703 = ADVANCED_FACE ( 'NONE', ( #3153 ), #5849, .F. ) ;
#4704 = CARTESIAN_POINT ( 'NONE',  ( 3.000000000000000888, -25.59698206453969505, 4.560099690536737249 ) ) ;
#4705 = EDGE_CURVE ( 'NONE', #8084, #5359, #5159, .T. ) ;
#4706 = ORIENTED_EDGE ( 'NONE', *, *, #8177, .T. ) ;
#4707 = DIRECTION ( 'NONE',  ( -1.000000000000000000, 0.000000000000000000, 0.000000000000000000 ) ) ;
#4708 = CARTESIAN_POINT ( 'NONE',  ( 3.000000000000000888, 22.23862650171294675, 8.334176163083599320 ) ) ;
#4709 = ORIENTED_EDGE ( 'NONE', *, *, #5227, .F. ) ;
#4710 = CARTESIAN_POINT ( 'NONE',  ( 3.000000000000000888, 13.90434922624143432, 18.93562677150247708 ) ) ;
#4711 = CIRCLE ( 'NONE', #4299, 9.999999999999998224 ) ;
#4712 = ADVANCED_FACE ( 'NONE', ( #3868 ), #1289, .T. ) ;
#4713 = APPROVAL_STATUS ( 'not_yet_approved' ) ;
#4714 = AXIS2_PLACEMENT_3D ( 'NONE', #718, #6136, #1020 ) ;
#4715 = ORIENTED_EDGE ( 'NONE', *, *, #5013, .F. ) ;
#4716 = DIRECTION ( 'NONE',  ( -1.000000000000000000, -0.000000000000000000, 0.000000000000000000 ) ) ;
#4717 = ORIENTED_EDGE ( 'NONE', *, *, #3859, .T. ) ;
#4718 = ORIENTED_EDGE ( 'NONE', *, *, #8132, .F. ) ;
#4719 = LINE ( 'NONE', #777, #5491 ) ;
#4720 = DIRECTION ( 'NONE',  ( -1.000000000000000000, -0.000000000000000000, 0.000000000000000000 ) ) ;
#4721 = VERTEX_POINT ( 'NONE', #6540 ) ;
#4722 = CYLINDRICAL_SURFACE ( 'NONE', #805, 26.00000000000000000 ) ;
#4723 = CIRCLE ( 'NONE', #5549, 23.74900000000000233 ) ;
#4724 = DIRECTION ( 'NONE',  ( -0.2963960478016934297, 0.000000000000000000, -0.9550651196895091344 ) ) ;
#4725 = ORIENTED_EDGE ( 'NONE', *, *, #3225, .F. ) ;
#4726 = DIRECTION ( 'NONE',  ( -1.000000000000000000, -0.000000000000000000, -0.000000000000000000 ) ) ;
#4727 = CIRCLE ( 'NONE', #6383, 9.999999999999998224 ) ;
#4728 = DIRECTION ( 'NONE',  ( 0.000000000000000000, 0.000000000000000000, 1.000000000000000000 ) ) ;
#4729 = ORIENTED_EDGE ( 'NONE', *, *, #3863, .F. ) ;
#4730 = CARTESIAN_POINT ( 'NONE',  ( 0.000000000000000000, 15.99480952573152948, 17.20624761156510729 ) ) ;
#4731 = CYLINDRICAL_SURFACE ( 'NONE', #3809, 23.74900000000000233 ) ;
#4732 = AXIS2_PLACEMENT_3D ( 'NONE', #3364, #5982, #6235 ) ;
#4733 = AXIS2_PLACEMENT_3D ( 'NONE', #1132, #6286, #6932 ) ;
#4734 = CIRCLE ( 'NONE', #8457, 10.00000000000000000 ) ;
#4735 = DIRECTION ( 'NONE',  ( -1.000000000000000000, -0.000000000000000000, 0.000000000000000000 ) ) ;
#4736 = ORIENTED_EDGE ( 'NONE', *, *, #3673, .F. ) ;
#4737 = CARTESIAN_POINT ( 'NONE',  ( 3.000000000000000888, 0.000000000000000000, 0.000000000000000000 ) ) ;
#4738 = ORIENTED_EDGE ( 'NONE', *, *, #1715, .F. ) ;
#4739 = EDGE_CURVE ( 'NONE', #8215, #4932, #225, .T. ) ;
#4740 = CARTESIAN_POINT ( 'NONE',  ( 3.000000000000000888, 23.61258448579736324, 2.541821178030043260 ) ) ;
#4741 = DIRECTION ( 'NONE',  ( 0.000000000000000000, -0.8443279255020087470, -0.5358267949790065376 ) ) ;
#4742 = CIRCLE ( 'NONE', #6928, 26.00000000000000000 ) ;
#4743 = DIRECTION ( 'NONE',  ( -1.000000000000000000, -0.000000000000000000, -0.000000000000000000 ) ) ;
#4744 = CIRCLE ( 'NONE', #5706, 9.999999999999998224 ) ;
#4745 = CARTESIAN_POINT ( 'NONE',  ( 14.74895638493967098, 10.00000000000000888, -6.145609380895367124 ) ) ;
#4746 = CARTESIAN_POINT ( 'NONE',  ( 3.000000000000000888, -13.71217102453742420, -19.07525240799602884 ) ) ;
#4747 = EDGE_LOOP ( 'NONE', ( #1682, #2175, #5938, #2247 ) ) ;
#4748 = AXIS2_PLACEMENT_3D ( 'NONE', #5661, #3638, #6306 ) ;
#4749 = DIRECTION ( 'NONE',  ( 0.000000000000000000, 0.000000000000000000, 1.000000000000000000 ) ) ;
#4750 = CARTESIAN_POINT ( 'NONE',  ( 0.000000000000000000, -23.10781753700502250, 5.481219725251234465 ) ) ;
#4751 = ORIENTED_EDGE ( 'NONE', *, *, #4285, .T. ) ;
#4752 = EDGE_CURVE ( 'NONE', #3806, #1606, #565, .T. ) ;
#4753 = FACE_OUTER_BOUND ( 'NONE', #1322, .T. ) ;
#4754 = DIRECTION ( 'NONE',  ( -1.000000000000000000, 0.000000000000000000, 0.000000000000000000 ) ) ;
#4755 = DIRECTION ( 'NONE',  ( 0.000000000000000000, 0.3681245526846719240, 0.9297764858882536787 ) ) ;
#4756 = EDGE_CURVE ( 'NONE', #2660, #3901, #4883, .T. ) ;
#4757 = CIRCLE ( 'NONE', #98, 26.00000000000000000 ) ;
#4758 = COORDINATED_UNIVERSAL_TIME_OFFSET ( 7, 0, .AHEAD. ) ;
#4759 = CC_DESIGN_DATE_AND_TIME_ASSIGNMENT ( #1497, #1577, ( #6285 ) ) ;
#4760 = ORIENTED_EDGE ( 'NONE', *, *, #5663, .F. ) ;
#4761 = FACE_OUTER_BOUND ( 'NONE', #448, .T. ) ;
#4762 = EDGE_LOOP ( 'NONE', ( #3149, #5857, #6556, #980 ) ) ;
#4763 = EDGE_CURVE ( 'NONE', #5323, #6477, #2014, .T. ) ;
#4764 = VERTEX_POINT ( 'NONE', #7699 ) ;
#4765 = AXIS2_PLACEMENT_3D ( 'NONE', #5258, #4616, #1353 ) ;
#4766 = DIRECTION ( 'NONE',  ( -1.000000000000000000, -0.000000000000000000, 0.000000000000000000 ) ) ;
#4767 = EDGE_CURVE ( 'NONE', #3729, #3632, #3782, .T. ) ;
#4768 = DIRECTION ( 'NONE',  ( 0.000000000000000000, 0.000000000000000000, 1.000000000000000000 ) ) ;
#4769 = ORIENTED_EDGE ( 'NONE', *, *, #7441, .F. ) ;
#4770 = FACE_OUTER_BOUND ( 'NONE', #7958, .T. ) ;
#4771 = DIRECTION ( 'NONE',  ( 1.000000000000000000, 0.000000000000000000, 0.000000000000000000 ) ) ;
#4772 = AXIS2_PLACEMENT_3D ( 'NONE', #4387, #7009, #1127 ) ;
#4773 = ORIENTED_EDGE ( 'NONE', *, *, #1496, .T. ) ;
#4774 = DIRECTION ( 'NONE',  ( 0.000000000000000000, 0.000000000000000000, 1.000000000000000000 ) ) ;
#4775 = LINE ( 'NONE', #836, #7472 ) ;
#4776 = ADVANCED_FACE ( 'NONE', ( #5722 ), #3830, .F. ) ;
#4777 = ORIENTED_EDGE ( 'NONE', *, *, #7162, .T. ) ;
#4778 = CARTESIAN_POINT ( 'NONE',  ( 3.000000000000000888, 23.45311694635234545, 1.356537554084838337 ) ) ;
#4779 = AXIS2_PLACEMENT_3D ( 'NONE', #6051, #6652, #1446 ) ;
#4780 = CARTESIAN_POINT ( 'NONE',  ( -15.37268543417880196, 7.000000000000008882, -7.428415564771473356 ) ) ;
#4781 = AXIS2_PLACEMENT_3D ( 'NONE', #6657, #7295, #2794 ) ;
#4782 = CIRCLE ( 'NONE', #1086, 9.999999999999998224 ) ;
#4783 = DIRECTION ( 'NONE',  ( 0.000000000000000000, 0.000000000000000000, 1.000000000000000000 ) ) ;
#4784 = ORIENTED_EDGE ( 'NONE', *, *, #6766, .T. ) ;
#4785 = FACE_OUTER_BOUND ( 'NONE', #8127, .T. ) ;
#4786 = CIRCLE ( 'NONE', #5059, 26.00000000000000000 ) ;
#4787 = ORIENTED_EDGE ( 'NONE', *, *, #1100, .F. ) ;
#4788 = FACE_OUTER_BOUND ( 'NONE', #5294, .T. ) ;
#4789 = CARTESIAN_POINT ( 'NONE',  ( -10.00000000000000000, 0.000000000000000000, 0.000000000000000000 ) ) ;
#4790 = AXIS2_PLACEMENT_3D ( 'NONE', #303, #1043, #5591 ) ;
#4791 = CARTESIAN_POINT ( 'NONE',  ( 0.000000000000000000, 0.000000000000000000, 0.000000000000000000 ) ) ;
#4792 = AXIS2_PLACEMENT_3D ( 'NONE', #7806, #548, #586 ) ;
#4793 = CIRCLE ( 'NONE', #6990, 10.00000000000000000 ) ;
#4794 = DIRECTION ( 'NONE',  ( -1.000000000000000000, -0.000000000000000000, -0.000000000000000000 ) ) ;
#4795 = LINE ( 'NONE', #4112, #5704 ) ;
#4796 = ORIENTED_EDGE ( 'NONE', *, *, #6404, .F. ) ;
#4797 = AXIS2_PLACEMENT_3D ( 'NONE', #7952, #5797, #2542 ) ;
#4798 = DIRECTION ( 'NONE',  ( 0.000000000000000000, 0.000000000000000000, 1.000000000000000000 ) ) ;
#4799 = LINE ( 'NONE', #895, #4226 ) ;
#4800 = VERTEX_POINT ( 'NONE', #2464 ) ;
#4801 = DIRECTION ( 'NONE',  ( -1.000000000000000000, -0.000000000000000000, -0.000000000000000000 ) ) ;
#4802 = DIRECTION ( 'NONE',  ( -1.000000000000000000, -0.000000000000000000, 0.000000000000000000 ) ) ;
#4803 = EDGE_CURVE ( 'NONE', #4020, #3918, #3788, .T. ) ;
#4804 = CARTESIAN_POINT ( 'NONE',  ( 1.061049529196087304, 7.000000000000007994, -17.46780392354971312 ) ) ;
#4805 = EDGE_CURVE ( 'NONE', #701, #3067, #5441, .T. ) ;
#4806 = CALENDAR_DATE ( 2025, 7, 10 ) ;
#4807 = EDGE_CURVE ( 'NONE', #5053, #3826, #5579, .T. ) ;
#4808 = ORIENTED_EDGE ( 'NONE', *, *, #2981, .T. ) ;
#4809 = DIRECTION ( 'NONE',  ( -1.000000000000000000, 0.000000000000000000, 0.000000000000000000 ) ) ;
#4810 = ORIENTED_EDGE ( 'NONE', *, *, #8020, .T. ) ;
#4811 = EDGE_LOOP ( 'NONE', ( #1326, #7777, #4903, #5435 ) ) ;
#4812 = DIRECTION ( 'NONE',  ( -1.000000000000000000, 0.000000000000000000, 0.000000000000000000 ) ) ;
#4813 = LINE ( 'NONE', #7430, #1439 ) ;
#4814 = CARTESIAN_POINT ( 'NONE',  ( 14.74895638494033712, 10.00000000000000888, 6.145609380784566866 ) ) ;
#4815 = EDGE_CURVE ( 'NONE', #2853, #5198, #8350, .T. ) ;
#4816 = ADVANCED_FACE ( 'NONE', ( #7224 ), #4203, .T. ) ;
#4817 = ORIENTED_EDGE ( 'NONE', *, *, #2141, .F. ) ;
#4818 = LINE ( 'NONE', #7436, #3372 ) ;
#4819 = CARTESIAN_POINT ( 'NONE',  ( 0.000000000000000000, 0.000000000000000000, 0.000000000000000000 ) ) ;
#4820 = CIRCLE ( 'NONE', #1644, 10.00000000000000000 ) ;
#4821 = VERTEX_POINT ( 'NONE', #900 ) ;
#4822 = CYLINDRICAL_SURFACE ( 'NONE', #769, 26.00000000000000000 ) ;
#4823 = CARTESIAN_POINT ( 'NONE',  ( 3.000000000000000888, -15.02476645158338719, 21.21924581778000629 ) ) ;
#4824 = DIRECTION ( 'NONE',  ( 0.000000000000000000, 1.000000000000000000, 0.000000000000000000 ) ) ;
#4825 = ORIENTED_EDGE ( 'NONE', *, *, #2503, .F. ) ;
#4826 = DIRECTION ( 'NONE',  ( 0.000000000000000000, 0.000000000000000000, 1.000000000000000000 ) ) ;
#4827 = EDGE_LOOP ( 'NONE', ( #6900, #8419, #7687, #5716 ) ) ;
#4828 = CARTESIAN_POINT ( 'NONE',  ( 3.000000000000000888, 23.45311694635236677, -1.356537554084501940 ) ) ;
#4829 = CARTESIAN_POINT ( 'NONE',  ( 14.74895638494044903, 7.000000000000008882, -6.145609380895589169 ) ) ;
#4830 = FACE_OUTER_BOUND ( 'NONE', #4538, .T. ) ;
#4831 = CARTESIAN_POINT ( 'NONE',  ( 3.000000000000000888, 5.957267827074408828, 22.72443285698074789 ) ) ;
#4832 = ADVANCED_BREP_SHAPE_REPRESENTATION ( '', ( #869, #8180 ), #4193 ) ;
#4833 = DIRECTION ( 'NONE',  ( -1.000000000000000000, -0.000000000000000000, 0.000000000000000000 ) ) ;
#4834 = ORIENTED_EDGE ( 'NONE', *, *, #5407, .F. ) ;
#4835 = CARTESIAN_POINT ( 'NONE',  ( 3.000000000000000888, -22.30553143780307224, -7.372391464925130755 ) ) ;
#4836 = ORIENTED_EDGE ( 'NONE', *, *, #4537, .T. ) ;
#4837 = FACE_OUTER_BOUND ( 'NONE', #4675, .T. ) ;
#4838 = APPLICATION_CONTEXT ( 'configuration controlled 3d designs of mechanical parts and assemblies' ) ;
#4839 = CARTESIAN_POINT ( 'NONE',  ( 0.000000000000000000, 0.000000000000000000, 0.000000000000000000 ) ) ;
#4840 = COORDINATED_UNIVERSAL_TIME_OFFSET ( 7, 0, .AHEAD. ) ;
#4841 = ORIENTED_EDGE ( 'NONE', *, *, #28, .F. ) ;
#4842 = DIRECTION ( 'NONE',  ( 1.000000000000000000, 0.000000000000000000, 0.000000000000000000 ) ) ;
#4843 = ORIENTED_EDGE ( 'NONE', *, *, #5496, .T. ) ;
#4844 = ORIENTED_EDGE ( 'NONE', *, *, #7397, .T. ) ;
#4845 = DIRECTION ( 'NONE',  ( -1.000000000000000000, 0.000000000000000000, -0.000000000000000000 ) ) ;
#4846 = AXIS2_PLACEMENT_3D ( 'NONE', #6930, #1680, #8355 ) ;
#4847 = VECTOR ( 'NONE', #8514, 1000.000000000000000 ) ;
#4848 = EDGE_CURVE ( 'NONE', #3270, #5256, #3110, .T. ) ;
#4849 = ADVANCED_FACE ( 'NONE', ( #8029 ), #2154, .T. ) ;
#4850 = DIRECTION ( 'NONE',  ( -1.000000000000000000, 0.000000000000000000, 0.000000000000000000 ) ) ;
#4851 = ORIENTED_EDGE ( 'NONE', *, *, #981, .T. ) ;
#4852 = LINE ( 'NONE', #8387, #1389 ) ;
#4853 = DIRECTION ( 'NONE',  ( 0.000000000000000000, 0.4817536741017163782, -0.8763066800438630288 ) ) ;
#4854 = ORIENTED_EDGE ( 'NONE', *, *, #4236, .F. ) ;
#4855 = VECTOR ( 'NONE', #1917, 1000.000000000000000 ) ;
#4856 = ADVANCED_FACE ( 'NONE', ( #859 ), #2795, .T. ) ;
#4857 = CARTESIAN_POINT ( 'NONE',  ( 3.000000000000000888, -5.957267827074570476, 22.72443285698070525 ) ) ;
#4858 = DIRECTION ( 'NONE',  ( -1.000000000000000000, 0.000000000000000000, -0.000000000000000000 ) ) ;
#4859 = EDGE_CURVE ( 'NONE', #7260, #3467, #91, .T. ) ;
#4860 = VECTOR ( 'NONE', #6936, 1000.000000000000000 ) ;
#4861 = DIRECTION ( 'NONE',  ( 1.000000000000000000, 0.000000000000000000, 4.256270054397946562E-44 ) ) ;
#4862 = VECTOR ( 'NONE', #7874, 1000.000000000000000 ) ;
#4863 = ORIENTED_EDGE ( 'NONE', *, *, #1399, .F. ) ;
#4864 = DIRECTION ( 'NONE',  ( 0.000000000000000000, 0.000000000000000000, -1.000000000000000000 ) ) ;
#4865 = EDGE_LOOP ( 'NONE', ( #3135, #1956 ) ) ;
#4866 = CARTESIAN_POINT ( 'NONE',  ( -1.563728249527496888E-59, -2.999999999999826361, 2.224119989647754883E-13 ) ) ;
#4867 = EDGE_CURVE ( 'NONE', #1822, #2847, #3561, .T. ) ;
#4868 = CARTESIAN_POINT ( 'NONE',  ( 0.000000000000000000, -1.054159027266074800, 23.72559271641561196 ) ) ;
#4869 = DIRECTION ( 'NONE',  ( 0.000000000000000000, 0.000000000000000000, 1.000000000000000000 ) ) ;
#4870 = VECTOR ( 'NONE', #3993, 1000.000000000000000 ) ;
#4871 = CARTESIAN_POINT ( 'NONE',  ( 0.000000000000000000, 22.89013261011094968, -6.329046538897904917 ) ) ;
#4872 = CIRCLE ( 'NONE', #6109, 10.00000000000000000 ) ;
#4873 = CC_DESIGN_APPROVAL ( #7552, ( #3646 ) ) ;
#4874 = CARTESIAN_POINT ( 'NONE',  ( 3.000000000000000888, 8.537555587897680098, -21.88604654154055495 ) ) ;
#4875 = ORIENTED_EDGE ( 'NONE', *, *, #4859, .T. ) ;
#4876 = CYLINDRICAL_SURFACE ( 'NONE', #671, 9.999999999999998224 ) ;
#4877 = ORIENTED_EDGE ( 'NONE', *, *, #7966, .T. ) ;
#4878 = CARTESIAN_POINT ( 'NONE',  ( 3.000000000000000888, 0.000000000000000000, 0.000000000000000000 ) ) ;
#4879 = CARTESIAN_POINT ( 'NONE',  ( 0.000000000000000000, 0.000000000000000000, 0.000000000000000000 ) ) ;
#4880 = CARTESIAN_POINT ( 'NONE',  ( -12.69673203797072603, 7.000000000000008882, -9.700166218278516439 ) ) ;
#4881 = DIRECTION ( 'NONE',  ( 0.000000000000000000, 0.000000000000000000, 1.000000000000000000 ) ) ;
#4882 = CALENDAR_DATE ( 2025, 7, 10 ) ;
#4883 = CIRCLE ( 'NONE', #2702, 23.74900000000000233 ) ;
#4884 = ORIENTED_EDGE ( 'NONE', *, *, #6755, .T. ) ;
#4885 = LINE ( 'NONE', #952, #4367 ) ;
#4886 = ORIENTED_EDGE ( 'NONE', *, *, #3765, .F. ) ;
#4887 = ORIENTED_EDGE ( 'NONE', *, *, #514, .T. ) ;
#4888 = DIRECTION ( 'NONE',  ( -1.000000000000000000, -0.000000000000000000, -0.000000000000000000 ) ) ;
#4889 = CIRCLE ( 'NONE', #4211, 23.74900000000000233 ) ;
#4890 = DIRECTION ( 'NONE',  ( 0.000000000000000000, 0.9048270524660175784, 0.4257792915650767673 ) ) ;
#4891 = ORIENTED_EDGE ( 'NONE', *, *, #8133, .T. ) ;
#4892 = DIRECTION ( 'NONE',  ( 0.000000000000000000, -0.1253332335643113082, 0.9921147013144767657 ) ) ;
#4893 = CARTESIAN_POINT ( 'NONE',  ( 0.000000000000000000, 0.000000000000000000, 0.000000000000000000 ) ) ;
#4894 = CIRCLE ( 'NONE', #3642, 9.999999999999996447 ) ;
#4895 = VERTEX_POINT ( 'NONE', #2921 ) ;
#4896 = DIRECTION ( 'NONE',  ( 0.000000000000000000, 0.000000000000000000, 1.000000000000000000 ) ) ;
#4897 = DIRECTION ( 'NONE',  ( 0.000000000000000000, -0.7705132427757950264, 0.6374239897486826401 ) ) ;
#4898 = AXIS2_PLACEMENT_3D ( 'NONE', #6074, #3417, #5382 ) ;
#4899 = EDGE_CURVE ( 'NONE', #3281, #2929, #682, .T. ) ;
#4900 = CIRCLE ( 'NONE', #7661, 23.74900000000000588 ) ;
#4901 = EDGE_CURVE ( 'NONE', #1285, #3632, #5297, .T. ) ;
#4902 = DIRECTION ( 'NONE',  ( 0.000000000000000000, -1.000000000000000000, 0.000000000000000000 ) ) ;
#4903 = ORIENTED_EDGE ( 'NONE', *, *, #8145, .T. ) ;
#4904 = VECTOR ( 'NONE', #219, 1000.000000000000000 ) ;
#4905 = EDGE_CURVE ( 'NONE', #3929, #579, #1871, .T. ) ;
#4906 = ORIENTED_EDGE ( 'NONE', *, *, #3462, .F. ) ;
#4907 = DIRECTION ( 'NONE',  ( -1.000000000000000000, -0.000000000000000000, -0.000000000000000000 ) ) ;
#4908 = CARTESIAN_POINT ( 'NONE',  ( 0.000000000000000000, 25.59698206453972702, -4.560099690536559613 ) ) ;
#4909 = AXIS2_PLACEMENT_3D ( 'NONE', #1240, #5186, #6442 ) ;
#4910 = CYLINDRICAL_SURFACE ( 'NONE', #5463, 26.00000000000000000 ) ;
#4911 = PRODUCT_DEFINITION ( 'UNKNOWN', '', #1583, #4927 ) ;
#4912 = CARTESIAN_POINT ( 'NONE',  ( 3.000000000000000888, 21.01871904177735217, 11.05569766422844680 ) ) ;
#4913 = AXIS2_PLACEMENT_3D ( 'NONE', #5652, #6825, #7505 ) ;
#4914 = EDGE_CURVE ( 'NONE', #5879, #6072, #5497, .T. ) ;
#4915 = EDGE_CURVE ( 'NONE', #7559, #7933, #3388, .T. ) ;
#4916 = CARTESIAN_POINT ( 'NONE',  ( 3.000000000000000888, -19.89860609720107121, -12.48736817841751190 ) ) ;
#4917 = ORIENTED_EDGE ( 'NONE', *, *, #1399, .T. ) ;
#4918 = CARTESIAN_POINT ( 'NONE',  ( 0.000000000000000000, 15.53779383581486151, -20.84650960510449025 ) ) ;
#4919 = ORIENTED_EDGE ( 'NONE', *, *, #1768, .F. ) ;
#4920 = AXIS2_PLACEMENT_3D ( 'NONE', #1440, #2870, #4066 ) ;
#4921 = FACE_OUTER_BOUND ( 'NONE', #6650, .T. ) ;
#4922 = DIRECTION ( 'NONE',  ( -1.000000000000000000, 0.000000000000000000, 0.000000000000000000 ) ) ;
#4923 = AXIS2_PLACEMENT_3D ( 'NONE', #2047, #798, #3423 ) ;
#4924 = ORIENTED_EDGE ( 'NONE', *, *, #2261, .T. ) ;
#4925 = FACE_OUTER_BOUND ( 'NONE', #4031, .T. ) ;
#4926 = APPROVAL ( #6265, 'UNKNOWN' ) ;
#4927 = DESIGN_CONTEXT ( 'detailed design', #3797, 'design' ) ;
#4928 = CALENDAR_DATE ( 2025, 7, 10 ) ;
#4929 = VECTOR ( 'NONE', #5462, 1000.000000000000000 ) ;
#4930 = ORIENTED_EDGE ( 'NONE', *, *, #664, .T. ) ;
#4931 = DIRECTION ( 'NONE',  ( 0.000000000000000000, 0.000000000000000000, 1.000000000000000000 ) ) ;
#4932 = VERTEX_POINT ( 'NONE', #4122 ) ;
#4933 = VERTEX_POINT ( 'NONE', #2839 ) ;
#4934 = DIRECTION ( 'NONE',  ( -1.000000000000000000, -0.000000000000000000, -0.000000000000000000 ) ) ;
#4935 = VECTOR ( 'NONE', #3942, 1000.000000000000000 ) ;
#4936 = SHAPE_REPRESENTATION ( 'spur gear_am_Metric - Spur gear 1M 50T 20PA 3FW ---S50N75H50L3N', ( #8180 ), #4193 ) ;
#4937 = FACE_OUTER_BOUND ( 'NONE', #1073, .T. ) ;
#4938 = ORIENTED_EDGE ( 'NONE', *, *, #2454, .F. ) ;
#4939 = CARTESIAN_POINT ( 'NONE',  ( 3.000000000000000888, -4.879274292602898022, -23.24236828246090880 ) ) ;
#4940 = DIRECTION ( 'NONE',  ( -1.000000000000000000, -0.000000000000000000, 0.000000000000000000 ) ) ;
#4941 = ORIENTED_EDGE ( 'NONE', *, *, #7132, .T. ) ;
#4942 = FACE_OUTER_BOUND ( 'NONE', #52, .T. ) ;
#4943 = CARTESIAN_POINT ( 'NONE',  ( 0.000000000000000000, 23.43820135222874157, -1.593614133755375750 ) ) ;
#4944 = CARTESIAN_POINT ( 'NONE',  ( 0.000000000000000000, 21.01871904177735217, 11.05569766422844680 ) ) ;
#4945 = EDGE_CURVE ( 'NONE', #5599, #4932, #2242, .T. ) ;
#4946 = CYLINDRICAL_SURFACE ( 'NONE', #6941, 23.74900000000000233 ) ;
#4947 = ORIENTED_EDGE ( 'NONE', *, *, #4535, .F. ) ;
#4948 = ORIENTED_EDGE ( 'NONE', *, *, #6451, .F. ) ;
#4949 = DIRECTION ( 'NONE',  ( 0.000000000000000000, -0.6845471059286790672, -0.7289686274214203232 ) ) ;
#4950 = DIRECTION ( 'NONE',  ( -1.000000000000000000, 0.000000000000000000, 0.000000000000000000 ) ) ;
#4951 = ADVANCED_FACE ( 'NONE', ( #2637 ), #7287, .F. ) ;
#4952 = DIRECTION ( 'NONE',  ( -1.000000000000000000, -0.000000000000000000, 0.000000000000000000 ) ) ;
#4953 = ADVANCED_FACE ( 'NONE', ( #1981, #7423 ), #1536, .F. ) ;
#4954 = DIRECTION ( 'NONE',  ( -1.000000000000000000, -0.000000000000000000, 0.000000000000000000 ) ) ;
#4955 = CIRCLE ( 'NONE', #709, 10.00000000000000000 ) ;
#4956 = AXIS2_PLACEMENT_3D ( 'NONE', #7601, #3576, #1632 ) ;
#4957 = CARTESIAN_POINT ( 'NONE',  ( 0.000000000000000000, 2.826494134736508901, 23.32165987963168874 ) ) ;
#4958 = VERTEX_POINT ( 'NONE', #6785 ) ;
#4959 = CYLINDRICAL_SURFACE ( 'NONE', #5331, 23.74900000000000233 ) ;
#4960 = ORIENTED_EDGE ( 'NONE', *, *, #2391, .T. ) ;
#4961 = DIRECTION ( 'NONE',  ( -1.000000000000000000, 0.000000000000000000, 0.000000000000000000 ) ) ;
#4962 = CARTESIAN_POINT ( 'NONE',  ( 3.000000000000000888, -9.275723936746672393, -24.28911166447354830 ) ) ;
#4963 = CIRCLE ( 'NONE', #1262, 9.999999999999998224 ) ;
#4964 = VERTEX_POINT ( 'NONE', #1576 ) ;
#4965 = DIRECTION ( 'NONE',  ( 0.000000000000000000, 0.000000000000000000, 1.000000000000000000 ) ) ;
#4966 = EDGE_CURVE ( 'NONE', #2266, #4042, #4070, .T. ) ;
#4967 = EDGE_CURVE ( 'NONE', #1340, #4688, #5576, .T. ) ;
#4968 = COORDINATED_UNIVERSAL_TIME_OFFSET ( 7, 0, .AHEAD. ) ;
#4969 = EDGE_CURVE ( 'NONE', #8281, #8481, #359, .T. ) ;
#4970 = EDGE_LOOP ( 'NONE', ( #4736, #365, #1573, #6099 ) ) ;
#4971 = LINE ( 'NONE', #990, #663 ) ;
#4972 = ORIENTED_EDGE ( 'NONE', *, *, #7075, .F. ) ;
#4973 = ORIENTED_EDGE ( 'NONE', *, *, #6665, .F. ) ;
#4974 = CARTESIAN_POINT ( 'NONE',  ( -10.00000000000000000, 0.000000000000000000, 0.000000000000000000 ) ) ;
#4975 = ADVANCED_FACE ( 'NONE', ( #6992 ), #1788, .T. ) ;
#4976 = ADVANCED_FACE ( 'NONE', ( #7588 ), #7032, .T. ) ;
#4977 = CARTESIAN_POINT ( 'NONE',  ( 3.000000000000000888, -22.23862650171288280, -8.334176163083755640 ) ) ;
#4978 =( LENGTH_UNIT ( ) NAMED_UNIT ( * ) SI_UNIT ( .MILLI., .METRE. ) );
#4979 = EDGE_LOOP ( 'NONE', ( #7040, #1829, #741, #7302 ) ) ;
#4980 = LINE ( 'NONE', #7651, #1949 ) ;
#4981 = CYLINDRICAL_SURFACE ( 'NONE', #279, 9.999999999999998224 ) ;
#4982 = ORIENTED_EDGE ( 'NONE', *, *, #3754, .T. ) ;
#4983 = CARTESIAN_POINT ( 'NONE',  ( 3.000000000000000888, 19.77132294913407762, 12.68793432659416354 ) ) ;
#4984 = ADVANCED_FACE ( 'NONE', ( #4925 ), #6346, .T. ) ;
#4985 = CARTESIAN_POINT ( 'NONE',  ( 3.000000000000000888, -9.865329348983841840, 24.05567036763012467 ) ) ;
#4986 = DIRECTION ( 'NONE',  ( -1.000000000000000000, 0.000000000000000000, 0.000000000000000000 ) ) ;
#4987 = AXIS2_PLACEMENT_3D ( 'NONE', #4672, #4801, #857 ) ;
#4988 = FACE_OUTER_BOUND ( 'NONE', #4509, .T. ) ;
#4989 = ORIENTED_EDGE ( 'NONE', *, *, #6659, .F. ) ;
#4990 = AXIS2_PLACEMENT_3D ( 'NONE', #4600, #8478, #5160 ) ;
#4991 = ORIENTED_EDGE ( 'NONE', *, *, #2051, .T. ) ;
#4992 = DIRECTION ( 'NONE',  ( 0.000000000000000000, 0.9980267284282717810, -0.06279051952930997382 ) ) ;
#4993 = FACE_OUTER_BOUND ( 'NONE', #2543, .T. ) ;
#4994 = CYLINDRICAL_SURFACE ( 'NONE', #3936, 23.74900000000000233 ) ;
#4995 = CARTESIAN_POINT ( 'NONE',  ( 3.000000000000000888, -11.42144594672534375, -20.52899074774387245 ) ) ;
#4996 = VECTOR ( 'NONE', #5302, 1000.000000000000000 ) ;
#4997 = DIRECTION ( 'NONE',  ( 0.000000000000000000, -0.9510565162951500895, -0.3090169943749582759 ) ) ;
#4998 = ORIENTED_EDGE ( 'NONE', *, *, #7232, .F. ) ;
#4999 = CARTESIAN_POINT ( 'NONE',  ( 3.000000000000000888, -11.42144594672534375, -20.52899074774387245 ) ) ;
#5000 = ORIENTED_EDGE ( 'NONE', *, *, #2278, .F. ) ;
#5001 = AXIS2_PLACEMENT_3D ( 'NONE', #3839, #3713, #1097 ) ;
#5002 = CARTESIAN_POINT ( 'NONE',  ( 3.000000000000000888, -25.92685648092479767, -1.948874808069432252 ) ) ;
#5003 = CARTESIAN_POINT ( 'NONE',  ( 0.000000000000000000, -9.714105481848200441, 21.67143640111395442 ) ) ;
#5004 = AXIS2_PLACEMENT_3D ( 'NONE', #2627, #5228, #7856 ) ;
#5005 = PRODUCT_DEFINITION_SHAPE ( 'NONE', 'NONE',  #8520 ) ;
#5006 = ORIENTED_EDGE ( 'NONE', *, *, #5972, .T. ) ;
#5007 = CARTESIAN_POINT ( 'NONE',  ( 0.000000000000000000, 0.000000000000000000, 0.000000000000000000 ) ) ;
#5008 = AXIS2_PLACEMENT_3D ( 'NONE', #1728, #6974, #3709 ) ;
#5009 = VECTOR ( 'NONE', #929, 1000.000000000000000 ) ;
#5010 = DATE_AND_TIME ( #5622, #1862 ) ;
#5011 = CIRCLE ( 'NONE', #2829, 26.00000000000000000 ) ;
#5012 = AXIS2_PLACEMENT_3D ( 'NONE', #5078, #6328, #3031 ) ;
#5013 = EDGE_CURVE ( 'NONE', #5220, #4609, #8465, .T. ) ;
#5014 = EDGE_LOOP ( 'NONE', ( #4184, #8207, #2959, #3962 ) ) ;
#5015 = CIRCLE ( 'NONE', #3107, 10.00000000000000355 ) ;
#5016 = CARTESIAN_POINT ( 'NONE',  ( 0.000000000000000000, 23.09816287601906737, -4.285295834340542953 ) ) ;
#5017 = LOCAL_TIME ( 18, 37, 26.00000000000000000, #6619 ) ;
#5018 = ORIENTED_EDGE ( 'NONE', *, *, #6473, .T. ) ;
#5019 = VERTEX_POINT ( 'NONE', #3727 ) ;
#5020 = DIRECTION ( 'NONE',  ( 0.000000000000000000, 0.3681245526846788074, -0.9297764858882511252 ) ) ;
#5021 = ADVANCED_FACE ( 'NONE', ( #1697 ), #6264, .T. ) ;
#5022 = AXIS2_PLACEMENT_3D ( 'NONE', #1803, #2594, #4466 ) ;
#5023 = LOCAL_TIME ( 18, 37, 26.00000000000000000, #421 ) ;
#5024 = DIRECTION ( 'NONE',  ( -3.491481338843133355E-15, 1.000000000000000000, 3.491481338843133355E-15 ) ) ;
#5025 = CARTESIAN_POINT ( 'NONE',  ( 3.000000000000000888, 20.59702713253518880, -11.82275239957301771 ) ) ;
#5026 = EDGE_CURVE ( 'NONE', #4164, #5941, #2167, .T. ) ;
#5027 = VERTEX_POINT ( 'NONE', #7553 ) ;
#5028 = ADVANCED_FACE ( 'NONE', ( #3004 ), #8285, .T. ) ;
#5029 = CARTESIAN_POINT ( 'NONE',  ( 0.000000000000000000, 20.23396159193303134, -16.32748597599087859 ) ) ;
#5030 = DIRECTION ( 'NONE',  ( -1.000000000000000000, -0.000000000000000000, 0.000000000000000000 ) ) ;
#5031 = DIRECTION ( 'NONE',  ( -1.000000000000000000, -0.000000000000000000, -0.000000000000000000 ) ) ;
#5032 = ORIENTED_EDGE ( 'NONE', *, *, #5801, .T. ) ;
#5033 = DIRECTION ( 'NONE',  ( -1.000000000000000000, 0.000000000000000000, 0.000000000000000000 ) ) ;
#5034 = FACE_OUTER_BOUND ( 'NONE', #2258, .T. ) ;
#5035 = FACE_OUTER_BOUND ( 'NONE', #2507, .T. ) ;
#5036 = DIRECTION ( 'NONE',  ( 0.000000000000000000, 0.000000000000000000, 1.000000000000000000 ) ) ;
#5037 = ORIENTED_EDGE ( 'NONE', *, *, #6242, .T. ) ;
#5038 = ORIENTED_EDGE ( 'NONE', *, *, #95, .F. ) ;
#5039 = DIRECTION ( 'NONE',  ( -0.7342190668223596006, 0.000000000000000000, 0.6789126320186592567 ) ) ;
#5040 = DIRECTION ( 'NONE',  ( 0.000000000000000000, -0.4817536741017223179, 0.8763066800438596982 ) ) ;
#5041 = CIRCLE ( 'NONE', #2183, 9.999999999999998224 ) ;
#5042 = DIRECTION ( 'NONE',  ( -1.000000000000000000, -0.000000000000000000, 0.000000000000000000 ) ) ;
#5043 = DIRECTION ( 'NONE',  ( 0.000000000000000000, 0.000000000000000000, -1.000000000000000000 ) ) ;
#5044 = DIRECTION ( 'NONE',  ( 0.000000000000000000, -0.8443279255020200713, 0.5358267949789888851 ) ) ;
#5045 = VERTEX_POINT ( 'NONE', #2398 ) ;
#5046 = LINE ( 'NONE', #7677, #1218 ) ;
#5047 = ORIENTED_EDGE ( 'NONE', *, *, #3752, .T. ) ;
#5048 = DIRECTION ( 'NONE',  ( -1.000000000000000000, 0.000000000000000000, 0.000000000000000000 ) ) ;
#5049 = CARTESIAN_POINT ( 'NONE',  ( 0.000000000000000000, 21.91639720942996661, -9.148034453285061929 ) ) ;
#5050 = ORIENTED_EDGE ( 'NONE', *, *, #2789, .F. ) ;
#5051 = DIRECTION ( 'NONE',  ( 0.000000000000000000, 0.000000000000000000, 1.000000000000000000 ) ) ;
#5052 = VECTOR ( 'NONE', #855, 1000.000000000000000 ) ;
#5053 = VERTEX_POINT ( 'NONE', #6904 ) ;
#5054 = AXIS2_PLACEMENT_3D ( 'NONE', #3122, #2129, #5387 ) ;
#5055 = CARTESIAN_POINT ( 'NONE',  ( -14.74895638488504801, 10.00000000000000888, -6.145609380897365526 ) ) ;
#5056 = ORIENTED_EDGE ( 'NONE', *, *, #7370, .T. ) ;
#5057 = CARTESIAN_POINT ( 'NONE',  ( 1.500000000000000444, -2.943853573238456534, 25.83280329618392557 ) ) ;
#5058 = CARTESIAN_POINT ( 'NONE',  ( 3.000000000000000888, 12.35365805879580137, 20.28305040092219613 ) ) ;
#5059 = AXIS2_PLACEMENT_3D ( 'NONE', #8461, #2624, #2579 ) ;
#5060 = EDGE_CURVE ( 'NONE', #7042, #5351, #1725, .T. ) ;
#5061 = VECTOR ( 'NONE', #1103, 1000.000000000000000 ) ;
#5062 = EDGE_CURVE ( 'NONE', #7342, #907, #1022, .T. ) ;
#5063 = VECTOR ( 'NONE', #2737, 1000.000000000000000 ) ;
#5064 = DIRECTION ( 'NONE',  ( 1.000000000000000000, 0.000000000000000000, 0.000000000000000000 ) ) ;
#5065 = ORIENTED_EDGE ( 'NONE', *, *, #6776, .T. ) ;
#5066 = CARTESIAN_POINT ( 'NONE',  ( 1.499999999999999556, -12.80251323316784529, -22.62953059421609581 ) ) ;
#5067 = LINE ( 'NONE', #6844, #4167 ) ;
#5068 = DIRECTION ( 'NONE',  ( 0.000000000000000000, -0.8443279255020087470, -0.5358267949790065376 ) ) ;
#5069 = AXIS2_PLACEMENT_3D ( 'NONE', #463, #5712, #1032 ) ;
#5070 = ORIENTED_EDGE ( 'NONE', *, *, #872, .F. ) ;
#5071 = CARTESIAN_POINT ( 'NONE',  ( -4.051352821171638752, 10.00000000000000888, -7.017148925761551581 ) ) ;
#5072 = DIRECTION ( 'NONE',  ( 0.000000000000000000, 0.000000000000000000, -1.000000000000000000 ) ) ;
#5073 = EDGE_CURVE ( 'NONE', #3068, #5381, #7364, .T. ) ;
#5074 = EDGE_CURVE ( 'NONE', #8034, #3146, #3932, .T. ) ;
#5075 = AXIS2_PLACEMENT_3D ( 'NONE', #1761, #2375, #3616 ) ;
#5076 = ORIENTED_EDGE ( 'NONE', *, *, #4752, .F. ) ;
#5077 = DIRECTION ( 'NONE',  ( 0.000000000000000000, 0.000000000000000000, 1.000000000000000000 ) ) ;
#5078 = CARTESIAN_POINT ( 'NONE',  ( 3.000000000000000888, 0.000000000000000000, 0.000000000000000000 ) ) ;
#5079 = VERTEX_POINT ( 'NONE', #8374 ) ;
#5080 = CARTESIAN_POINT ( 'NONE',  ( 3.000000000000000888, -13.09272093277468230, -19.81402683899675665 ) ) ;
#5081 = CYLINDRICAL_SURFACE ( 'NONE', #5426, 9.999999999999998224 ) ;
#5082 = CARTESIAN_POINT ( 'NONE',  ( 3.000000000000000888, 13.90434922624170433, -18.93562677150227813 ) ) ;
#5083 = EDGE_CURVE ( 'NONE', #1195, #6059, #3117, .T. ) ;
#5084 = LINE ( 'NONE', #44, #4113 ) ;
#5085 = DIRECTION ( 'NONE',  ( -0.7342190668223670391, 0.000000000000000000, -0.6789126320186510410 ) ) ;
#5086 = ORIENTED_EDGE ( 'NONE', *, *, #5168, .T. ) ;
#5087 = DIRECTION ( 'NONE',  ( 0.000000000000000000, 0.000000000000000000, 1.000000000000000000 ) ) ;
#5088 = ORIENTED_EDGE ( 'NONE', *, *, #1409, .F. ) ;
#5089 = LINE ( 'NONE', #7717, #6796 ) ;
#5090 = CARTESIAN_POINT ( 'NONE',  ( 3.000000000000000888, -15.47283697127519808, 18.01683426854838999 ) ) ;
#5091 = VERTEX_POINT ( 'NONE', #7721 ) ;
#5092 = DIRECTION ( 'NONE',  ( 0.000000000000000000, 0.000000000000000000, 1.000000000000000000 ) ) ;
#5093 = VECTOR ( 'NONE', #4438, 1000.000000000000227 ) ;
#5094 = DIRECTION ( 'NONE',  ( 0.000000000000000000, 0.000000000000000000, 1.000000000000000000 ) ) ;
#5095 = CONTEXT_DEPENDENT_SHAPE_REPRESENTATION ( #1935, #1168 ) ;
#5096 = ORIENTED_EDGE ( 'NONE', *, *, #7269, .T. ) ;
#5097 = CIRCLE ( 'NONE', #2784, 9.999999999999998224 ) ;
#5098 = CYLINDRICAL_SURFACE ( 'NONE', #8217, 26.00000000000000000 ) ;
#5099 = ORIENTED_EDGE ( 'NONE', *, *, #779, .F. ) ;
#5100 = FACE_OUTER_BOUND ( 'NONE', #5535, .T. ) ;
#5101 = CARTESIAN_POINT ( 'NONE',  ( 1.500000000000000444, -20.23396159193267962, -16.32748597599131557 ) ) ;
#5102 = APPROVAL_DATE_TIME ( #8385, #77 ) ;
#5103 = EDGE_LOOP ( 'NONE', ( #7473, #7824, #5412, #4634 ) ) ;
#5104 = EDGE_CURVE ( 'NONE', #3067, #1552, #1598, .T. ) ;
#5105 = FACE_OUTER_BOUND ( 'NONE', #3216, .T. ) ;
#5106 = EDGE_CURVE ( 'NONE', #3902, #6039, #1878, .T. ) ;
#5107 = ORIENTED_EDGE ( 'NONE', *, *, #16, .T. ) ;
#5108 = CARTESIAN_POINT ( 'NONE',  ( -15.06884202585413313, 7.000000000000008882, 8.699999999993091038 ) ) ;
#5109 = ORIENTED_EDGE ( 'NONE', *, *, #2667, .F. ) ;
#5110 = DIRECTION ( 'NONE',  ( 0.000000000000000000, 0.000000000000000000, -1.000000000000000000 ) ) ;
#5111 = CARTESIAN_POINT ( 'NONE',  ( 0.000000000000000000, 0.000000000000000000, 0.000000000000000000 ) ) ;
#5112 = AXIS2_PLACEMENT_3D ( 'NONE', #5385, #7408, #4783 ) ;
#5113 = ORIENTED_EDGE ( 'NONE', *, *, #921, .F. ) ;
#5114 = CARTESIAN_POINT ( 'NONE',  ( 3.000000000000000888, 0.000000000000000000, 0.000000000000000000 ) ) ;
#5115 = EDGE_CURVE ( 'NONE', #3398, #2109, #5447, .T. ) ;
#5116 = CARTESIAN_POINT ( 'NONE',  ( 3.000000000000000888, -23.09816287601897855, -4.285295834341049215 ) ) ;
#5117 = ORIENTED_EDGE ( 'NONE', *, *, #300, .T. ) ;
#5118 = DIRECTION ( 'NONE',  ( -1.000000000000000000, -0.000000000000000000, 0.000000000000000000 ) ) ;
#5119 = CARTESIAN_POINT ( 'NONE',  ( 0.000000000000000000, -15.47283697127519808, 18.01683426854838999 ) ) ;
#5120 = EDGE_CURVE ( 'NONE', #5469, #7127, #505, .T. ) ;
#5121 = DIRECTION ( 'NONE',  ( -1.000000000000000000, 0.000000000000000000, -0.000000000000000000 ) ) ;
#5122 = FACE_OUTER_BOUND ( 'NONE', #6991, .T. ) ;
#5123 = CIRCLE ( 'NONE', #1569, 26.00000000000000000 ) ;
#5124 = CARTESIAN_POINT ( 'NONE',  ( 0.000000000000000000, -18.95282963369240292, -14.31101847795017434 ) ) ;
#5125 = EDGE_CURVE ( 'NONE', #301, #6477, #3886, .T. ) ;
#5126 = ORIENTED_EDGE ( 'NONE', *, *, #2813, .T. ) ;
#5127 = EDGE_CURVE ( 'NONE', #7741, #86, #1734, .T. ) ;
#5128 = CARTESIAN_POINT ( 'NONE',  ( 12.69673203802779149, 10.00000000000000888, 9.700166218167050047 ) ) ;
#5129 = VERTEX_POINT ( 'NONE', #3850 ) ;
#5130 = LINE ( 'NONE', #3124, #4177 ) ;
#5131 = CARTESIAN_POINT ( 'NONE',  ( -12.69673203797072603, 7.000000000000008882, -9.700166218278516439 ) ) ;
#5132 = ORIENTED_EDGE ( 'NONE', *, *, #4340, .F. ) ;
#5133 = DIRECTION ( 'NONE',  ( 0.000000000000000000, 0.000000000000000000, 1.000000000000000000 ) ) ;
#5134 = CIRCLE ( 'NONE', #1574, 9.999999999999998224 ) ;
#5135 = CARTESIAN_POINT ( 'NONE',  ( 1.499999999999999556, -25.47815669208868528, -5.183004107019072215 ) ) ;
#5136 = CIRCLE ( 'NONE', #3775, 9.999999999999998224 ) ;
#5137 = VERTEX_POINT ( 'NONE', #2655 ) ;
#5138 = CARTESIAN_POINT ( 'NONE',  ( -15.14952443977879426, 10.00000000000000888, -8.746582013414050394 ) ) ;
#5139 = EDGE_LOOP ( 'NONE', ( #7683, #5838, #1329, #5721 ) ) ;
#5140 = VECTOR ( 'NONE', #1383, 1000.000000000000000 ) ;
#5141 = LINE ( 'NONE', #5830, #5679 ) ;
#5142 = CARTESIAN_POINT ( 'NONE',  ( 14.74895638494033712, 7.000000000000008882, 6.145609380784566866 ) ) ;
#5143 = CIRCLE ( 'NONE', #7212, 23.74900000000000233 ) ;
#5144 = CIRCLE ( 'NONE', #1443, 23.74900000000000588 ) ;
#5145 = PERSON_AND_ORGANIZATION ( #6793, #2555 ) ;
#5146 = AXIS2_PLACEMENT_3D ( 'NONE', #5598, #2382, #6418 ) ;
#5147 = CIRCLE ( 'NONE', #8035, 9.999999999999998224 ) ;
#5148 = AXIS2_PLACEMENT_3D ( 'NONE', #1835, #2453, #3097 ) ;
#5149 = ORIENTED_EDGE ( 'NONE', *, *, #1659, .F. ) ;
#5150 = CARTESIAN_POINT ( 'NONE',  ( 3.000000000000000888, 0.000000000000000000, 0.000000000000000000 ) ) ;
#5151 = VERTEX_POINT ( 'NONE', #5178 ) ;
#5152 = FACE_OUTER_BOUND ( 'NONE', #4361, .T. ) ;
#5153 = ORIENTED_EDGE ( 'NONE', *, *, #405, .T. ) ;
#5154 = LINE ( 'NONE', #4552, #6679 ) ;
#5155 = CIRCLE ( 'NONE', #4467, 23.74899999999999878 ) ;
#5156 = CC_DESIGN_SECURITY_CLASSIFICATION ( #5846, ( #8520 ) ) ;
#5157 = CARTESIAN_POINT ( 'NONE',  ( 3.000000000000000888, 18.95282963369271556, -14.31101847794975690 ) ) ;
#5158 = VERTEX_POINT ( 'NONE', #8455 ) ;
#5159 = CIRCLE ( 'NONE', #6405, 23.74899999999999878 ) ;
#5160 = DIRECTION ( 'NONE',  ( 0.000000000000000000, 0.000000000000000000, 1.000000000000000000 ) ) ;
#5161 = CYLINDRICAL_SURFACE ( 'NONE', #4182, 9.999999999999998224 ) ;
#5162 = EDGE_LOOP ( 'NONE', ( #176, #3003, #3948, #7077 ) ) ;
#5163 = CARTESIAN_POINT ( 'NONE',  ( 1.500000000000000444, -25.59698206453963110, -4.560099690537096073 ) ) ;
#5164 = DIRECTION ( 'NONE',  ( 0.000000000000000000, 0.000000000000000000, -1.000000000000000000 ) ) ;
#5165 = CARTESIAN_POINT ( 'NONE',  ( 3.000000000000002665, 3.000000000000270450, 2.220446049250313081E-13 ) ) ;
#5166 = AXIS2_PLACEMENT_3D ( 'NONE', #7325, #4743, #8148 ) ;
#5167 = EDGE_CURVE ( 'NONE', #697, #1265, #4889, .T. ) ;
#5168 = EDGE_CURVE ( 'NONE', #781, #896, #1313, .T. ) ;
#5169 = FACE_OUTER_BOUND ( 'NONE', #8086, .T. ) ;
#5170 = ORIENTED_EDGE ( 'NONE', *, *, #3967, .F. ) ;
#5171 = CIRCLE ( 'NONE', #3534, 10.00000000000000000 ) ;
#5172 = DIRECTION ( 'NONE',  ( -1.000000000000000000, -0.000000000000000000, -0.000000000000000000 ) ) ;
#5173 = ORIENTED_EDGE ( 'NONE', *, *, #1933, .F. ) ;
#5174 = CARTESIAN_POINT ( 'NONE',  ( 3.000000000000000888, -3.062166340028115830, 23.29188755642017838 ) ) ;
#5175 = CARTESIAN_POINT ( 'NONE',  ( 0.000000000000000000, 0.000000000000000000, 0.000000000000000000 ) ) ;
#5176 = ORIENTED_EDGE ( 'NONE', *, *, #3333, .T. ) ;
#5177 = AXIS2_PLACEMENT_3D ( 'NONE', #2703, #6050, #6743 ) ;
#5178 = CARTESIAN_POINT ( 'NONE',  ( 3.000000000000000888, -20.59702713253493656, -11.82275239957345825 ) ) ;
#5179 = CARTESIAN_POINT ( 'NONE',  ( 3.000000000000000888, -11.42144594672563507, 20.52899074774370192 ) ) ;
#5180 = EDGE_CURVE ( 'NONE', #6868, #569, #5912, .T. ) ;
#5181 = AXIS2_PLACEMENT_3D ( 'NONE', #6927, #4264, #6848 ) ;
#5182 = EDGE_CURVE ( 'NONE', #25, #1239, #6411, .T. ) ;
#5183 = CARTESIAN_POINT ( 'NONE',  ( 3.000000000000000888, -12.35365805879594525, 20.28305040092210376 ) ) ;
#5184 = CIRCLE ( 'NONE', #2592, 26.00000000000000000 ) ;
#5185 = ORIENTED_EDGE ( 'NONE', *, *, #1294, .F. ) ;
#5186 = DIRECTION ( 'NONE',  ( -1.000000000000000000, -0.000000000000000000, -0.000000000000000000 ) ) ;
#5187 = ORIENTED_EDGE ( 'NONE', *, *, #7698, .F. ) ;
#5188 = DIRECTION ( 'NONE',  ( 0.000000000000000000, 0.000000000000000000, 1.000000000000000000 ) ) ;
#5189 = CARTESIAN_POINT ( 'NONE',  ( 3.000000000000000888, -6.158349177668043239, -25.26014123883545182 ) ) ;
#5190 = AXIS2_PLACEMENT_3D ( 'NONE', #92, #6102, #2076 ) ;
#5191 = DATE_AND_TIME ( #1934, #3917 ) ;
#5192 = AXIS2_PLACEMENT_3D ( 'NONE', #7360, #2091, #7929 ) ;
#5193 = ORIENTED_EDGE ( 'NONE', *, *, #497, .F. ) ;
#5194 = CARTESIAN_POINT ( 'NONE',  ( 1.499999999999999556, -22.12078737453592581, 13.66275103815377179 ) ) ;
#5195 = VERTEX_POINT ( 'NONE', #3977 ) ;
#5196 = EDGE_LOOP ( 'NONE', ( #7867, #3352, #530, #3958 ) ) ;
#5197 = CARTESIAN_POINT ( 'NONE',  ( 0.000000000000000000, -13.90434922624131175, -18.93562677150257301 ) ) ;
#5198 = VERTEX_POINT ( 'NONE', #1962 ) ;
#5199 = CIRCLE ( 'NONE', #6438, 23.74899999999999878 ) ;
#5200 = DIRECTION ( 'NONE',  ( -1.000000000000000000, 0.000000000000000000, 0.000000000000000000 ) ) ;
#5201 = AXIS2_PLACEMENT_3D ( 'NONE', #5108, #6166, #4464 ) ;
#5202 = DIRECTION ( 'NONE',  ( -1.000000000000000000, 0.000000000000000000, 0.000000000000000000 ) ) ;
#5203 = EDGE_CURVE ( 'NONE', #3945, #6621, #585, .T. ) ;
#5204 = VERTEX_POINT ( 'NONE', #4571 ) ;
#5205 = CIRCLE ( 'NONE', #8372, 9.999999999999998224 ) ;
#5206 = DIRECTION ( 'NONE',  ( -1.000000000000000000, 0.000000000000000000, 0.000000000000000000 ) ) ;
#5207 = DIRECTION ( 'NONE',  ( 0.000000000000000000, 0.000000000000000000, -1.000000000000000000 ) ) ;
#5208 = ORIENTED_EDGE ( 'NONE', *, *, #4915, .T. ) ;
#5209 = DIRECTION ( 'NONE',  ( 1.000000000000000000, 0.000000000000000000, 0.000000000000000000 ) ) ;
#5210 = DIRECTION ( 'NONE',  ( -1.000000000000000000, -0.000000000000000000, 0.000000000000000000 ) ) ;
#5211 = AXIS2_PLACEMENT_3D ( 'NONE', #123, #4802, #6054 ) ;
#5212 = DIRECTION ( 'NONE',  ( -1.000000000000000000, -0.000000000000000000, 0.000000000000000000 ) ) ;
#5213 = ORIENTED_EDGE ( 'NONE', *, *, #4476, .F. ) ;
#5214 = ADVANCED_FACE ( 'NONE', ( #5822 ), #3259, .T. ) ;
#5215 = CARTESIAN_POINT ( 'NONE',  ( 14.74895638494033712, 10.00000000000000888, 6.145609380784566866 ) ) ;
#5216 = ORIENTED_EDGE ( 'NONE', *, *, #7793, .F. ) ;
#5217 = ADVANCED_FACE ( 'NONE', ( #669 ), #1921, .T. ) ;
#5218 = DIRECTION ( 'NONE',  ( 1.000000000000000000, -0.000000000000000000, 0.000000000000000000 ) ) ;
#5219 = CYLINDRICAL_SURFACE ( 'NONE', #4248, 26.00000000000000000 ) ;
#5220 = VERTEX_POINT ( 'NONE', #3934 ) ;
#5221 = DIRECTION ( 'NONE',  ( 0.000000000000000000, -0.9048270524660235736, 0.4257792915650641663 ) ) ;
#5222 = DIRECTION ( 'NONE',  ( -1.000000000000000000, -0.000000000000000000, 0.000000000000000000 ) ) ;
#5223 = CARTESIAN_POINT ( 'NONE',  ( 4.051352821227816037, 7.000000000000008882, -7.017148925761551581 ) ) ;
#5224 = ORIENTED_EDGE ( 'NONE', *, *, #2454, .T. ) ;
#5225 = DIRECTION ( 'NONE',  ( 0.000000000000000000, 0.000000000000000000, 1.000000000000000000 ) ) ;
#5226 = ORIENTED_EDGE ( 'NONE', *, *, #4346, .T. ) ;
#5227 = EDGE_CURVE ( 'NONE', #368, #2368, #5950, .T. ) ;
#5228 = DIRECTION ( 'NONE',  ( -1.000000000000000000, -0.000000000000000000, -0.000000000000000000 ) ) ;
#5229 = DIRECTION ( 'NONE',  ( 0.000000000000000000, 0.000000000000000000, 1.000000000000000000 ) ) ;
#5230 = EDGE_CURVE ( 'NONE', #5852, #1008, #8472, .T. ) ;
#5231 = EDGE_CURVE ( 'NONE', #600, #2462, #2019, .T. ) ;
#5232 = PERSON_AND_ORGANIZATION ( #6793, #2555 ) ;
#5233 = AXIS2_PLACEMENT_3D ( 'NONE', #5736, #1104, #4997 ) ;
#5234 = ORIENTED_EDGE ( 'NONE', *, *, #1026, .F. ) ;
#5235 = CARTESIAN_POINT ( 'NONE',  ( 3.000000000000000888, -0.1187726605495834087, -23.49201527519570476 ) ) ;
#5236 = ORIENTED_EDGE ( 'NONE', *, *, #8331, .T. ) ;
#5237 = ADVANCED_FACE ( 'NONE', ( #547 ), #6434, .T. ) ;
#5238 = ORIENTED_EDGE ( 'NONE', *, *, #3073, .F. ) ;
#5239 = CARTESIAN_POINT ( 'NONE',  ( 3.000000000000000888, 0.000000000000000000, 0.000000000000000000 ) ) ;
#5240 = EDGE_CURVE ( 'NONE', #2238, #6430, #7762, .T. ) ;
#5241 = ORIENTED_EDGE ( 'NONE', *, *, #3514, .T. ) ;
#5242 = CARTESIAN_POINT ( 'NONE',  ( 1.541888672219315248, 10.00000000000000888, -16.91572086648510975 ) ) ;
#5243 = VECTOR ( 'NONE', #7823, 1000.000000000000000 ) ;
#5244 = CARTESIAN_POINT ( 'NONE',  ( 15.37268543418457512, 10.00000000000000888, -7.428415564783019676 ) ) ;
#5245 = VERTEX_POINT ( 'NONE', #2821 ) ;
#5246 = CARTESIAN_POINT ( 'NONE',  ( 3.000000000000000888, 18.95282963369250950, 14.31101847795003756 ) ) ;
#5247 = DIRECTION ( 'NONE',  ( -1.000000000000000000, 0.000000000000000000, -0.000000000000000000 ) ) ;
#5248 = ADVANCED_FACE ( 'NONE', ( #4063 ), #2233, .T. ) ;
#5249 = VERTEX_POINT ( 'NONE', #5393 ) ;
#5250 = LINE ( 'NONE', #3200, #8319 ) ;
#5251 = CARTESIAN_POINT ( 'NONE',  ( -10.00000000000000000, 0.000000000000000000, 0.000000000000000000 ) ) ;
#5252 = CIRCLE ( 'NONE', #6354, 9.999999999999998224 ) ;
#5253 = FACE_OUTER_BOUND ( 'NONE', #6032, .T. ) ;
#5254 = ORIENTED_EDGE ( 'NONE', *, *, #2401, .F. ) ;
#5255 = DIRECTION ( 'NONE',  ( -1.000000000000000000, -0.000000000000000000, -0.000000000000000000 ) ) ;
#5256 = VERTEX_POINT ( 'NONE', #803 ) ;
#5257 = CARTESIAN_POINT ( 'NONE',  ( 0.000000000000000000, -15.53779383581471762, 20.84650960510459683 ) ) ;
#5258 = CARTESIAN_POINT ( 'NONE',  ( 0.000000000000000000, 0.000000000000000000, 0.000000000000000000 ) ) ;
#5259 = EDGE_LOOP ( 'NONE', ( #7893, #141, #1197, #35 ) ) ;
#5260 = DIRECTION ( 'NONE',  ( -1.000000000000000000, -0.000000000000000000, -0.000000000000000000 ) ) ;
#5261 = CARTESIAN_POINT ( 'NONE',  ( 3.000000000000000888, -7.753840929970703399, 22.44756004185558496 ) ) ;
#5262 = CLOSED_SHELL ( 'NONE', ( #4776, #6035, #2537, #3870, #721, #7184, #3971, #4144, #755, #4136, #8342, #835, #3083, #5343, #4984, #2924, #937, #4018, #251, #1864, #2828, #1001, #3573, #4644, #7234, #3433, #4712, #3302, #7381, #3562, #6487, #3252, #7191, #4975, #2936, #5597, #2260, #1400, #8065, #7584, #2342, #4337, #1670, #2253, #8289, #3979, #3708, #5438, #2575, #6113, #2215, #7490, #2549, #4657, #4953, #2088, #3721, #3609, #1237, #6499, #4580, #2734, #5588, #3400, #335, #455, #5552, #7752, #1897, #1175, #3303, #7268, #7756, #5237, #5953, #1088, #7962, #8297, #7528, #6010, #3310, #5804, #1190, #151, #5634, #7460, #5217, #4028, #2899, #2295, #2513, #4816, #3711, #6547, #6597, #4849, #6773, #3820, #4051, #2155, #1754, #1200, #5748, #3238, #1452, #8073, #4079, #3358, #2659, #5440, #148, #8022, #8445, #7710, #1347, #4543, #4076, #2443, #4448, #2725, #1039, #1972, #7026, #5454, #7012, #7474, #7004, #350, #447, #1923, #4081, #8273, #186, #3552, #2156, #5028, #1707, #4493, #398, #6703, #5489, #4233, #6293, #6720, #1942, #6437, #3194, #1387, #6181, #8383, #3410, #3250, #6915, #7074, #7729, #549, #8239, #8486, #6762, #158, #3852, #1555, #5214, #8287, #6326, #7554, #5762, #3289, #2548, #4702, #5271, #7636, #2246, #2027, #8189, #6394, #4579, #882, #5325, #4976, #2877, #5759, #79, #3193, #5511, #6872, #6462, #4856, #7849, #2466, #5851, #3084, #5606, #5021, #7544, #1434, #3170, #6220, #7971, #5248, #371, #568, #7740, #613, #5544, #6655, #6233 ) ) ;
#5263 = FACE_OUTER_BOUND ( 'NONE', #272, .T. ) ;
#5264 = EDGE_LOOP ( 'NONE', ( #7146, #1406, #5628, #5917 ) ) ;
#5265 = CARTESIAN_POINT ( 'NONE',  ( 0.000000000000000000, 0.000000000000000000, 0.000000000000000000 ) ) ;
#5266 = ORIENTED_EDGE ( 'NONE', *, *, #1557, .F. ) ;
#5267 = CARTESIAN_POINT ( 'NONE',  ( -12.69673203797372452, 7.000000000000008882, 9.700166218166828003 ) ) ;
#5268 = CARTESIAN_POINT ( 'NONE',  ( 3.000000000000000888, 23.61258448579739522, -2.541821178029707085 ) ) ;
#5269 = APPLICATION_PROTOCOL_DEFINITION ( 'international standard', 'config_control_design', 1994, #3797 ) ;
#5270 = AXIS2_PLACEMENT_3D ( 'NONE', #2005, #156, #58 ) ;
#5271 = ADVANCED_FACE ( 'NONE', ( #1397 ), #7365, .T. ) ;
#5272 = AXIS2_PLACEMENT_3D ( 'NONE', #7437, #7963, #2770 ) ;
#5273 = ORIENTED_EDGE ( 'NONE', *, *, #8007, .F. ) ;
#5274 = CARTESIAN_POINT ( 'NONE',  ( 0.000000000000000000, 9.865329348983680191, 24.05567036763019217 ) ) ;
#5275 = EDGE_CURVE ( 'NONE', #90, #6196, #8016, .T. ) ;
#5276 = ORIENTED_EDGE ( 'NONE', *, *, #6304, .T. ) ;
#5277 = ORIENTED_EDGE ( 'NONE', *, *, #8393, .T. ) ;
#5278 = LINE ( 'NONE', #4511, #7811 ) ;
#5279 = ORIENTED_EDGE ( 'NONE', *, *, #8223, .T. ) ;
#5280 = VECTOR ( 'NONE', #7996, 1000.000000000000000 ) ;
#5281 = AXIS2_PLACEMENT_3D ( 'NONE', #2679, #6105, #7961 ) ;
#5282 = PRODUCT_RELATED_PRODUCT_CATEGORY ( 'detail', '', ( #3029 ) ) ;
#5283 = LINE ( 'NONE', #1333, #2033 ) ;
#5284 = AXIS2_PLACEMENT_3D ( 'NONE', #7576, #441, #5524 ) ;
#5285 = CC_DESIGN_APPROVAL ( #1093, ( #6285 ) ) ;
#5286 = DIRECTION ( 'NONE',  ( -1.000000000000000000, -0.000000000000000000, 0.000000000000000000 ) ) ;
#5287 = EDGE_CURVE ( 'NONE', #3781, #7249, #4757, .T. ) ;
#5288 = VECTOR ( 'NONE', #6779, 1000.000000000000000 ) ;
#5289 = EDGE_LOOP ( 'NONE', ( #8290, #254, #1751, #203 ) ) ;
#5290 = CARTESIAN_POINT ( 'NONE',  ( 3.000000000000000888, 11.42144594672578961, -20.52899074774362020 ) ) ;
#5291 = DIRECTION ( 'NONE',  ( 0.000000000000000000, 1.000000000000000000, 0.000000000000000000 ) ) ;
#5292 = VECTOR ( 'NONE', #4098, 1000.000000000000000 ) ;
#5293 = CC_DESIGN_APPROVAL ( #619, ( #5846 ) ) ;
#5294 = EDGE_LOOP ( 'NONE', ( #1381, #6259, #3544, #283 ) ) ;
#5295 = DIRECTION ( 'NONE',  ( -1.000000000000000000, 0.000000000000000000, -0.000000000000000000 ) ) ;
#5296 = CARTESIAN_POINT ( 'NONE',  ( 1.061049529590555096, 10.00000000000000888, -17.46780392309679897 ) ) ;
#5297 = CIRCLE ( 'NONE', #3257, 26.00000000000000000 ) ;
#5298 = CARTESIAN_POINT ( 'NONE',  ( 0.000000000000000000, -9.714105481847896684, -21.67143640111408942 ) ) ;
#5299 = ORIENTED_EDGE ( 'NONE', *, *, #8424, .T. ) ;
#5300 = FACE_OUTER_BOUND ( 'NONE', #2286, .T. ) ;
#5301 = ORIENTED_EDGE ( 'NONE', *, *, #5230, .F. ) ;
#5302 = DIRECTION ( 'NONE',  ( 1.000000000000000000, -0.000000000000000000, -0.000000000000000000 ) ) ;
#5303 = CARTESIAN_POINT ( 'NONE',  ( 0.000000000000000000, -25.96667425510339555, 1.315989410804834669 ) ) ;
#5304 = AXIS2_PLACEMENT_3D ( 'NONE', #7118, #2617, #1271 ) ;
#5305 = EDGE_LOOP ( 'NONE', ( #4729, #4998, #2090, #650 ) ) ;
#5306 = DIRECTION ( 'NONE',  ( -1.000000000000000000, -0.000000000000000000, 0.000000000000000000 ) ) ;
#5307 = CARTESIAN_POINT ( 'NONE',  ( 0.000000000000000000, 23.43820135222871670, 1.593614133755710593 ) ) ;
#5308 = AXIS2_PLACEMENT_3D ( 'NONE', #5904, #1856, #4477 ) ;
#5309 = DIRECTION ( 'NONE',  ( -1.000000000000000000, 0.000000000000000000, 0.000000000000000000 ) ) ;
#5310 = EDGE_CURVE ( 'NONE', #749, #5528, #1061, .T. ) ;
#5311 = ORIENTED_EDGE ( 'NONE', *, *, #7698, .T. ) ;
#5312 = CARTESIAN_POINT ( 'NONE',  ( 0.000000000000000000, 19.77132294913425170, -12.68793432659388110 ) ) ;
#5313 = DIRECTION ( 'NONE',  ( 0.000000000000000000, 0.000000000000000000, 1.000000000000000000 ) ) ;
#5314 = ORIENTED_EDGE ( 'NONE', *, *, #7708, .F. ) ;
#5315 = DIRECTION ( 'NONE',  ( 0.000000000000000000, 0.000000000000000000, 1.000000000000000000 ) ) ;
#5316 = CARTESIAN_POINT ( 'NONE',  ( 3.000000000000000888, 0.000000000000000000, 0.000000000000000000 ) ) ;
#5317 = VECTOR ( 'NONE', #6281, 1000.000000000000000 ) ;
#5318 = PERSON_AND_ORGANIZATION ( #6793, #2555 ) ;
#5319 = ORIENTED_EDGE ( 'NONE', *, *, #2445, .T. ) ;
#5320 = CIRCLE ( 'NONE', #524, 26.00000000000000000 ) ;
#5321 = CARTESIAN_POINT ( 'NONE',  ( 3.000000000000000888, 17.00973468965527857, -16.57359124594117716 ) ) ;
#5322 = VERTEX_POINT ( 'NONE', #3382 ) ;
#5323 = VERTEX_POINT ( 'NONE', #4153 ) ;
#5324 = DIRECTION ( 'NONE',  ( 0.000000000000000000, -0.9822872507286904975, 0.1873813145857150253 ) ) ;
#5325 = ADVANCED_FACE ( 'NONE', ( #4830 ), #6777, .T. ) ;
#5326 = AXIS2_PLACEMENT_3D ( 'NONE', #6956, #5502, #6310 ) ;
#5327 = DIRECTION ( 'NONE',  ( 1.000000000000000000, 0.000000000000000000, 0.000000000000000000 ) ) ;
#5328 = ORIENTED_EDGE ( 'NONE', *, *, #4340, .T. ) ;
#5329 = EDGE_CURVE ( 'NONE', #1277, #6196, #1193, .T. ) ;
#5330 = DIRECTION ( 'NONE',  ( 0.000000000000000000, -0.3681245526846854688, 0.9297764858882483496 ) ) ;
#5331 = AXIS2_PLACEMENT_3D ( 'NONE', #4198, #1106, #6341 ) ;
#5332 = LINE ( 'NONE', #7957, #5756 ) ;
#5333 = EDGE_CURVE ( 'NONE', #4430, #3186, #2300, .T. ) ;
#5334 = ORIENTED_EDGE ( 'NONE', *, *, #5832, .F. ) ;
#5335 = UNCERTAINTY_MEASURE_WITH_UNIT (LENGTH_MEASURE( 1.000000000000000082E-05 ), #3492, 'distance_accuracy_value', 'NONE');
#5336 = PLANE ( 'NONE',  #5281 ) ;
#5337 = AXIS2_PLACEMENT_3D ( 'NONE', #1875, #1316, #4491 ) ;
#5338 = CARTESIAN_POINT ( 'NONE',  ( 1.499999999999999556, 25.59698206453972702, -4.560099690536557837 ) ) ;
#5339 = AXIS2_PLACEMENT_3D ( 'NONE', #7262, #7778, #8185 ) ;
#5340 = ORIENTED_EDGE ( 'NONE', *, *, #5062, .T. ) ;
#5341 = EDGE_CURVE ( 'NONE', #2383, #1958, #2172, .T. ) ;
#5342 = DIRECTION ( 'NONE',  ( -1.000000000000000000, 0.000000000000000000, 0.000000000000000000 ) ) ;
#5343 = ADVANCED_FACE ( 'NONE', ( #2911 ), #6738, .T. ) ;
#5344 = DIRECTION ( 'NONE',  ( 0.000000000000000000, 0.000000000000000000, -1.000000000000000000 ) ) ;
#5345 = EDGE_CURVE ( 'NONE', #2472, #2323, #2742, .T. ) ;
#5346 = VECTOR ( 'NONE', #6981, 1000.000000000000000 ) ;
#5347 = CIRCLE ( 'NONE', #8511, 26.00000000000000000 ) ;
#5348 = CARTESIAN_POINT ( 'NONE',  ( 3.000000000000000888, -3.062166340027785427, -23.29188755642021746 ) ) ;
#5349 = ORIENTED_EDGE ( 'NONE', *, *, #3810, .T. ) ;
#5350 = CARTESIAN_POINT ( 'NONE',  ( 3.000000000000000888, 0.000000000000000000, 0.000000000000000000 ) ) ;
#5351 = VERTEX_POINT ( 'NONE', #6083 ) ;
#5352 = DIRECTION ( 'NONE',  ( 0.000000000000000000, 0.4817536741017163782, -0.8763066800438630288 ) ) ;
#5353 = CARTESIAN_POINT ( 'NONE',  ( 15.37268543418457512, 10.00000000000000888, -7.428415564783019676 ) ) ;
#5354 = AXIS2_PLACEMENT_3D ( 'NONE', #6616, #719, #73 ) ;
#5355 = ORIENTED_EDGE ( 'NONE', *, *, #1605, .T. ) ;
#5356 = CARTESIAN_POINT ( 'NONE',  ( 0.000000000000000000, 21.30678187720836192, -9.894944904949566578 ) ) ;
#5357 = LINE ( 'NONE', #2098, #3429 ) ;
#5358 = FACE_OUTER_BOUND ( 'NONE', #1002, .T. ) ;
#5359 = VERTEX_POINT ( 'NONE', #3551 ) ;
#5360 = CARTESIAN_POINT ( 'NONE',  ( 3.000000000000000888, 0.000000000000000000, 0.000000000000000000 ) ) ;
#5361 = CYLINDRICAL_SURFACE ( 'NONE', #6288, 9.999999999999998224 ) ;
#5362 = ORIENTED_EDGE ( 'NONE', *, *, #2932, .F. ) ;
#5363 = CARTESIAN_POINT ( 'NONE',  ( -15.14952443979000662, 10.00000000000000888, 8.746582013399839539 ) ) ;
#5364 = CYLINDRICAL_SURFACE ( 'NONE', #1924, 23.74900000000000233 ) ;
#5365 = SECURITY_CLASSIFICATION_LEVEL ( 'unclassified' ) ;
#5366 = ORIENTED_EDGE ( 'NONE', *, *, #2092, .F. ) ;
#5367 = DIRECTION ( 'NONE',  ( 0.000000000000000000, 0.8443279255020125218, 0.5358267949790006535 ) ) ;
#5368 = ORIENTED_EDGE ( 'NONE', *, *, #788, .T. ) ;
#5369 = EDGE_LOOP ( 'NONE', ( #1872, #3254, #2530, #7047 ) ) ;
#5370 = CARTESIAN_POINT ( 'NONE',  ( 1.500000000000000444, -19.82974763304108734, 16.81609671742825896 ) ) ;
#5371 = DIRECTION ( 'NONE',  ( 0.000000000000000000, 1.000000000000000000, 0.000000000000000000 ) ) ;
#5372 = ORIENTED_EDGE ( 'NONE', *, *, #1986, .T. ) ;
#5373 = CARTESIAN_POINT ( 'NONE',  ( 3.000000000000000888, -15.99480952573140868, -17.20624761156522098 ) ) ;
#5374 = AXIS2_PLACEMENT_3D ( 'NONE', #8489, #3798, #7880 ) ;
#5375 = AXIS2_PLACEMENT_3D ( 'NONE', #4548, #4418, #1798 ) ;
#5376 = EDGE_CURVE ( 'NONE', #7064, #6812, #6690, .T. ) ;
#5377 = EDGE_LOOP ( 'NONE', ( #5906, #4930, #6316, #1458 ) ) ;
#5378 = CARTESIAN_POINT ( 'NONE',  ( 3.000000000000000888, 0.000000000000000000, 0.000000000000000000 ) ) ;
#5379 = AXIS2_PLACEMENT_3D ( 'NONE', #7363, #2740, #801 ) ;
#5380 = DIRECTION ( 'NONE',  ( -1.000000000000000000, 0.000000000000000000, -0.000000000000000000 ) ) ;
#5381 = VERTEX_POINT ( 'NONE', #4015 ) ;
#5382 = DIRECTION ( 'NONE',  ( 0.000000000000000000, 0.000000000000000000, 1.000000000000000000 ) ) ;
#5383 = ORIENTED_EDGE ( 'NONE', *, *, #4739, .T. ) ;
#5384 = EDGE_CURVE ( 'NONE', #3427, #1312, #6646, .T. ) ;
#5385 = CARTESIAN_POINT ( 'NONE',  ( 3.000000000000000888, -3.062166340027785427, -23.29188755642021746 ) ) ;
#5386 = ORIENTED_EDGE ( 'NONE', *, *, #338, .T. ) ;
#5387 = DIRECTION ( 'NONE',  ( 0.000000000000000000, 0.000000000000000000, 1.000000000000000000 ) ) ;
#5388 = EDGE_CURVE ( 'NONE', #5198, #6077, #5999, .T. ) ;
#5389 = ORIENTED_EDGE ( 'NONE', *, *, #3863, .T. ) ;
#5390 = AXIS2_PLACEMENT_3D ( 'NONE', #4531, #5784, #2570 ) ;
#5391 = CARTESIAN_POINT ( 'NONE',  ( 3.000000000000000888, 8.758419641788600885, 21.79860027646852672 ) ) ;
#5392 = FACE_OUTER_BOUND ( 'NONE', #7524, .T. ) ;
#5393 = CARTESIAN_POINT ( 'NONE',  ( 12.69673203802745931, 7.000000000000008882, -9.700166218278072350 ) ) ;
#5394 = CC_DESIGN_DATE_AND_TIME_ASSIGNMENT ( #1971, #2020, ( #4911 ) ) ;
#5395 = DIRECTION ( 'NONE',  ( -1.000000000000000000, -0.000000000000000000, 0.000000000000000000 ) ) ;
#5396 = EDGE_CURVE ( 'NONE', #954, #2220, #3261, .T. ) ;
#5397 = EDGE_CURVE ( 'NONE', #1246, #7616, #1438, .T. ) ;
#5398 = FACE_OUTER_BOUND ( 'NONE', #838, .T. ) ;
#5399 = VERTEX_POINT ( 'NONE', #406 ) ;
#5400 = DIRECTION ( 'NONE',  ( -0.9550651196895090234, 0.000000000000000000, 0.2963960478016934297 ) ) ;
#5401 = CARTESIAN_POINT ( 'NONE',  ( -14.74895638488482597, 7.000000000000008882, 6.145609380784566866 ) ) ;
#5402 = ORIENTED_EDGE ( 'NONE', *, *, #5231, .T. ) ;
#5403 = DIRECTION ( 'NONE',  ( 0.000000000000000000, 0.000000000000000000, 1.000000000000000000 ) ) ;
#5404 = CARTESIAN_POINT ( 'NONE',  ( 1.500000000000000444, -6.158349177668043239, -25.26014123883545182 ) ) ;
#5405 = DIRECTION ( 'NONE',  ( -1.000000000000000000, 0.000000000000000000, 0.000000000000000000 ) ) ;
#5406 = CALENDAR_DATE ( 2025, 7, 10 ) ;
#5407 = EDGE_CURVE ( 'NONE', #3205, #713, #1738, .T. ) ;
#5408 = VECTOR ( 'NONE', #7376, 1000.000000000000000 ) ;
#5409 = ORIENTED_EDGE ( 'NONE', *, *, #95, .T. ) ;
#5410 = DIRECTION ( 'NONE',  ( 0.000000000000000000, 0.000000000000000000, -1.000000000000000000 ) ) ;
#5411 = ORIENTED_EDGE ( 'NONE', *, *, #4476, .T. ) ;
#5412 = ORIENTED_EDGE ( 'NONE', *, *, #3543, .T. ) ;
#5413 = DIRECTION ( 'NONE',  ( -1.000000000000000000, -0.000000000000000000, -0.000000000000000000 ) ) ;
#5414 = CARTESIAN_POINT ( 'NONE',  ( -10.00000000000000000, 0.000000000000000000, 0.000000000000000000 ) ) ;
#5415 = VERTEX_POINT ( 'NONE', #4231 ) ;
#5416 = CARTESIAN_POINT ( 'NONE',  ( 15.14952443981643171, 10.00000000000000888, 8.746582013347659057 ) ) ;
#5417 = CIRCLE ( 'NONE', #7471, 3.000000000000048406 ) ;
#5418 = DIRECTION ( 'NONE',  ( 0.000000000000000000, 0.000000000000000000, 1.000000000000000000 ) ) ;
#5419 = VERTEX_POINT ( 'NONE', #313 ) ;
#5420 = CARTESIAN_POINT ( 'NONE',  ( 0.000000000000000000, -6.772563327703607250, -25.10243784918597143 ) ) ;
#5421 = VECTOR ( 'NONE', #7163, 1000.000000000000000 ) ;
#5422 = LINE ( 'NONE', #1422, #6199 ) ;
#5423 = ORIENTED_EDGE ( 'NONE', *, *, #2459, .F. ) ;
#5424 = CIRCLE ( 'NONE', #2683, 26.00000000000000000 ) ;
#5425 = CYLINDRICAL_SURFACE ( 'NONE', #2837, 23.74900000000000233 ) ;
#5426 = AXIS2_PLACEMENT_3D ( 'NONE', #3243, #3749, #5775 ) ;
#5427 = CARTESIAN_POINT ( 'NONE',  ( 1.541888672427956575, 10.00000000000000888, -16.91572086604928415 ) ) ;
#5428 = CIRCLE ( 'NONE', #4052, 23.74900000000000233 ) ;
#5429 = AXIS2_PLACEMENT_3D ( 'NONE', #7272, #2173, #4774 ) ;
#5430 = AXIS2_PLACEMENT_3D ( 'NONE', #3389, #1364, #854 ) ;
#5431 = DIRECTION ( 'NONE',  ( 0.000000000000000000, 0.000000000000000000, -1.000000000000000000 ) ) ;
#5432 = CC_DESIGN_APPROVAL ( #4140, ( #4911 ) ) ;
#5433 = ORIENTED_EDGE ( 'NONE', *, *, #6348, .F. ) ;
#5434 = CARTESIAN_POINT ( 'NONE',  ( -2.052224346884345962, 7.000000000000008882, 15.84577559900846033 ) ) ;
#5435 = ORIENTED_EDGE ( 'NONE', *, *, #2990, .T. ) ;
#5436 = LINE ( 'NONE', #6603, #2402 ) ;
#5437 = CARTESIAN_POINT ( 'NONE',  ( 12.69673203802745931, 10.00000000000000888, -9.700166218278072350 ) ) ;
#5438 = ADVANCED_FACE ( 'NONE', ( #1137 ), #4910, .T. ) ;
#5439 = CARTESIAN_POINT ( 'NONE',  ( 2.050538145102809295, 7.000000000000008882, -15.85322226736063378 ) ) ;
#5440 = ADVANCED_FACE ( 'NONE', ( #3587 ), #4994, .T. ) ;
#5441 = CIRCLE ( 'NONE', #3923, 10.00000000000000000 ) ;
#5442 = APPROVAL_PERSON_ORGANIZATION ( #3131, #6830, #2365 ) ;
#5443 = CARTESIAN_POINT ( 'NONE',  ( 14.74895638494033712, 7.000000000000008882, 6.145609380784566866 ) ) ;
#5444 = EDGE_CURVE ( 'NONE', #3899, #1251, #1733, .T. ) ;
#5445 = CARTESIAN_POINT ( 'NONE',  ( 3.000000000000000888, -21.78099992762119541, -14.19817038047387214 ) ) ;
#5446 = VERTEX_POINT ( 'NONE', #5563 ) ;
#5447 = CIRCLE ( 'NONE', #7916, 9.999999999999998224 ) ;
#5448 = CARTESIAN_POINT ( 'NONE',  ( 3.000000000000000888, -24.62765115230537560, 8.335394335024080448 ) ) ;
#5449 = DIRECTION ( 'NONE',  ( 1.000000000000000000, -0.000000000000000000, 0.000000000000000000 ) ) ;
#5450 = VERTEX_POINT ( 'NONE', #4271 ) ;
#5451 = DIRECTION ( 'NONE',  ( 0.000000000000000000, -6.938893903907229955E-15, 1.000000000000000000 ) ) ;
#5452 = DIRECTION ( 'NONE',  ( -1.000000000000000000, 0.000000000000000000, -0.000000000000000000 ) ) ;
#5453 = CARTESIAN_POINT ( 'NONE',  ( 3.000000000000000888, 19.77132294913425170, -12.68793432659388110 ) ) ;
#5454 = ADVANCED_FACE ( 'NONE', ( #7538 ), #4355, .T. ) ;
#5455 = EDGE_CURVE ( 'NONE', #5651, #2004, #2178, .T. ) ;
#5456 = AXIS2_PLACEMENT_3D ( 'NONE', #5483, #6125, #2869 ) ;
#5457 = PERSON_AND_ORGANIZATION ( #6793, #2555 ) ;
#5458 = ORIENTED_EDGE ( 'NONE', *, *, #7432, .T. ) ;
#5459 = DIRECTION ( 'NONE',  ( -1.000000000000000000, 0.000000000000000000, -0.000000000000000000 ) ) ;
#5460 = EDGE_LOOP ( 'NONE', ( #5641, #4924, #8368, #2987 ) ) ;
#5461 = ORIENTED_EDGE ( 'NONE', *, *, #557, .T. ) ;
#5462 = DIRECTION ( 'NONE',  ( -1.000000000000000000, -0.000000000000000000, 0.000000000000000000 ) ) ;
#5463 = AXIS2_PLACEMENT_3D ( 'NONE', #6375, #4308, #7619 ) ;
#5464 = CARTESIAN_POINT ( 'NONE',  ( 0.000000000000000000, 1.927758584904378347, -23.67063049093385629 ) ) ;
#5465 = EDGE_CURVE ( 'NONE', #6853, #7044, #3036, .T. ) ;
#5466 = CIRCLE ( 'NONE', #1747, 26.00000000000000000 ) ;
#5467 = CARTESIAN_POINT ( 'NONE',  ( 15.37268543422232270, 7.000000000000008882, 7.428415564691093209 ) ) ;
#5468 = CIRCLE ( 'NONE', #6566, 9.999999999999998224 ) ;
#5469 = VERTEX_POINT ( 'NONE', #8235 ) ;
#5470 = FACE_OUTER_BOUND ( 'NONE', #6469, .T. ) ;
#5471 = CARTESIAN_POINT ( 'NONE',  ( 0.000000000000000000, 0.000000000000000000, 0.000000000000000000 ) ) ;
#5472 = VERTEX_POINT ( 'NONE', #6938 ) ;
#5473 = LINE ( 'NONE', #1473, #1589 ) ;
#5474 = CIRCLE ( 'NONE', #6159, 26.00000000000000000 ) ;
#5475 = DIRECTION ( 'NONE',  ( 1.000000000000000000, -0.000000000000000000, 0.000000000000000000 ) ) ;
#5476 = CIRCLE ( 'NONE', #7123, 9.999999999999996447 ) ;
#5477 = CARTESIAN_POINT ( 'NONE',  ( 3.000000000000000888, 8.537555587897360354, 21.88604654154067930 ) ) ;
#5478 = EDGE_LOOP ( 'NONE', ( #7520, #4024, #7655, #4808 ) ) ;
#5479 = DIRECTION ( 'NONE',  ( -1.000000000000000000, 0.000000000000000000, 0.000000000000000000 ) ) ;
#5480 = ORIENTED_EDGE ( 'NONE', *, *, #3878, .T. ) ;
#5481 = DIRECTION ( 'NONE',  ( -1.000000000000000000, -0.000000000000000000, 0.000000000000000000 ) ) ;
#5482 = CARTESIAN_POINT ( 'NONE',  ( 3.000000000000000888, 22.37893697895727740, -7.146472439377387964 ) ) ;
#5483 = CARTESIAN_POINT ( 'NONE',  ( 3.000000000000000888, 0.000000000000000000, 0.000000000000000000 ) ) ;
#5484 = AXIS2_PLACEMENT_3D ( 'NONE', #784, #4091, #7999 ) ;
#5485 = AXIS2_PLACEMENT_3D ( 'NONE', #3866, #2073, #6494 ) ;
#5486 = LINE ( 'NONE', #161, #1223 ) ;
#5487 = EDGE_CURVE ( 'NONE', #2209, #2109, #2026, .T. ) ;
#5488 = DIRECTION ( 'NONE',  ( -1.000000000000000000, -0.000000000000000000, -0.000000000000000000 ) ) ;
#5489 = ADVANCED_FACE ( 'NONE', ( #7020 ), #1101, .T. ) ;
#5490 = ORIENTED_EDGE ( 'NONE', *, *, #8059, .F. ) ;
#5491 = VECTOR ( 'NONE', #5506, 1000.000000000000000 ) ;
#5492 = CARTESIAN_POINT ( 'NONE',  ( 0.000000000000000000, 0.000000000000000000, 0.000000000000000000 ) ) ;
#5493 = ORIENTED_EDGE ( 'NONE', *, *, #7593, .F. ) ;
#5494 = DIRECTION ( 'NONE',  ( -1.000000000000000000, -0.000000000000000000, -0.000000000000000000 ) ) ;
#5495 = DIRECTION ( 'NONE',  ( 0.000000000000000000, 0.000000000000000000, 1.000000000000000000 ) ) ;
#5496 = EDGE_CURVE ( 'NONE', #7719, #1615, #5607, .T. ) ;
#5497 = LINE ( 'NONE', #4245, #4205 ) ;
#5498 = APPROVAL_ROLE ( '' ) ;
#5499 = EDGE_CURVE ( 'NONE', #7343, #697, #5645, .T. ) ;
#5500 = ORIENTED_EDGE ( 'NONE', *, *, #5376, .T. ) ;
#5501 = EDGE_CURVE ( 'NONE', #5599, #2788, #6001, .T. ) ;
#5502 = DIRECTION ( 'NONE',  ( -1.000000000000000000, 0.000000000000000000, 0.000000000000000000 ) ) ;
#5503 = ORIENTED_EDGE ( 'NONE', *, *, #6814, .T. ) ;
#5504 = CIRCLE ( 'NONE', #3447, 9.999999999999996447 ) ;
#5505 = ORIENTED_EDGE ( 'NONE', *, *, #720, .F. ) ;
#5506 = DIRECTION ( 'NONE',  ( -1.000000000000000000, 0.000000000000000000, -0.000000000000000000 ) ) ;
#5507 = EDGE_CURVE ( 'NONE', #2238, #1285, #104, .T. ) ;
#5508 = DIRECTION ( 'NONE',  ( 0.000000000000000000, -0.9048270524660235736, 0.4257792915650641663 ) ) ;
#5509 = EDGE_CURVE ( 'NONE', #5322, #7007, #4214, .T. ) ;
#5510 = ORIENTED_EDGE ( 'NONE', *, *, #4087, .F. ) ;
#5511 = ADVANCED_FACE ( 'NONE', ( #8274 ), #1778, .T. ) ;
#5512 = CARTESIAN_POINT ( 'NONE',  ( 0.000000000000000000, -23.45311694635233835, -1.356537554084999764 ) ) ;
#5513 = DIRECTION ( 'NONE',  ( -1.000000000000000000, 0.000000000000000000, -0.000000000000000000 ) ) ;
#5514 = ORIENTED_EDGE ( 'NONE', *, *, #6279, .F. ) ;
#5515 = DIRECTION ( 'NONE',  ( 0.000000000000000000, -0.3681245526846854688, 0.9297764858882483496 ) ) ;
#5516 = CARTESIAN_POINT ( 'NONE',  ( 3.000000000000000888, -22.89013261011090350, 6.329046538898065677 ) ) ;
#5517 = AXIS2_PLACEMENT_3D ( 'NONE', #7713, #5649, #6298 ) ;
#5518 = EDGE_CURVE ( 'NONE', #6624, #7342, #8476, .T. ) ;
#5519 = DIRECTION ( 'NONE',  ( 1.000000000000000000, 0.000000000000000000, -0.000000000000000000 ) ) ;
#5520 = EDGE_LOOP ( 'NONE', ( #3258, #5170, #2969, #4002 ) ) ;
#5521 = CARTESIAN_POINT ( 'NONE',  ( 3.000000000000000888, 23.74496687177445509, -0.4376634075792243395 ) ) ;
#5522 = ORIENTED_EDGE ( 'NONE', *, *, #190, .T. ) ;
#5523 = DIRECTION ( 'NONE',  ( 1.000000000000000000, 0.000000000000000000, 0.000000000000000000 ) ) ;
#5524 = DIRECTION ( 'NONE',  ( 0.000000000000000000, 0.000000000000000000, 1.000000000000000000 ) ) ;
#5525 = DIRECTION ( 'NONE',  ( 0.000000000000000000, 0.000000000000000000, 1.000000000000000000 ) ) ;
#5526 = CYLINDRICAL_SURFACE ( 'NONE', #265, 26.00000000000000000 ) ;
#5527 = CARTESIAN_POINT ( 'NONE',  ( 3.000000000000000888, 0.000000000000000000, 0.000000000000000000 ) ) ;
#5528 = VERTEX_POINT ( 'NONE', #5813 ) ;
#5529 = DIRECTION ( 'NONE',  ( -1.000000000000000000, 0.000000000000000000, 0.000000000000000000 ) ) ;
#5530 = VERTEX_POINT ( 'NONE', #7792 ) ;
#5531 = CARTESIAN_POINT ( 'NONE',  ( 3.000000000000000888, 20.59702713253518880, -11.82275239957301771 ) ) ;
#5532 = DIRECTION ( 'NONE',  ( -1.000000000000000000, -0.000000000000000000, -0.000000000000000000 ) ) ;
#5533 = CARTESIAN_POINT ( 'NONE',  ( 3.000000000000000888, 0.000000000000000000, 0.000000000000000000 ) ) ;
#5534 = DATE_AND_TIME ( #7461, #5703 ) ;
#5535 = EDGE_LOOP ( 'NONE', ( #3951, #1275, #7514, #6305 ) ) ;
#5536 = DIRECTION ( 'NONE',  ( 0.000000000000000000, 0.000000000000000000, 1.000000000000000000 ) ) ;
#5537 = ORIENTED_EDGE ( 'NONE', *, *, #3071, .F. ) ;
#5538 = ORIENTED_EDGE ( 'NONE', *, *, #3367, .F. ) ;
#5539 = DIRECTION ( 'NONE',  ( 0.000000000000000000, 0.000000000000000000, 1.000000000000000000 ) ) ;
#5540 = EDGE_CURVE ( 'NONE', #4137, #2440, #2308, .T. ) ;
#5541 = CARTESIAN_POINT ( 'NONE',  ( 3.000000000000000888, 13.90434922624143432, 18.93562677150247708 ) ) ;
#5542 = EDGE_CURVE ( 'NONE', #5045, #4164, #1344, .T. ) ;
#5543 = CARTESIAN_POINT ( 'NONE',  ( 0.000000000000000000, 0.000000000000000000, 0.000000000000000000 ) ) ;
#5544 = ADVANCED_FACE ( 'NONE', ( #7190 ), #3964, .T. ) ;
#5545 = EDGE_LOOP ( 'NONE', ( #1172, #7974, #109, #7467 ) ) ;
#5546 = DIRECTION ( 'NONE',  ( 0.000000000000000000, -0.4817536741017224289, 0.8763066800438595871 ) ) ;
#5547 = FACE_OUTER_BOUND ( 'NONE', #1729, .T. ) ;
#5548 = ORIENTED_EDGE ( 'NONE', *, *, #8008, .F. ) ;
#5549 = AXIS2_PLACEMENT_3D ( 'NONE', #8060, #3585, #311 ) ;
#5550 = CARTESIAN_POINT ( 'NONE',  ( 0.000000000000000000, 19.82974763304096655, 16.81609671742840462 ) ) ;
#5551 = DIRECTION ( 'NONE',  ( -1.000000000000000000, 0.000000000000000000, 0.000000000000000000 ) ) ;
#5552 = ADVANCED_FACE ( 'NONE', ( #2604 ), #4561, .T. ) ;
#5553 = EDGE_CURVE ( 'NONE', #6039, #7206, #6553, .T. ) ;
#5554 = PERSON ( 'NAUO-PER3', 'UNSPECIFIED', 'UNSPECIFIED', ('UNSPECIFIED'), ('UNSPECIFIED'), ('UNSPECIFIED') ) ;
#5555 = CIRCLE ( 'NONE', #1297, 10.00000000000000000 ) ;
#5556 = CARTESIAN_POINT ( 'NONE',  ( 0.000000000000000000, 24.82361017592234376, -7.732294474077185953 ) ) ;
#5557 = VECTOR ( 'NONE', #5247, 1000.000000000000000 ) ;
#5558 = ORIENTED_EDGE ( 'NONE', *, *, #6389, .T. ) ;
#5559 = CC_DESIGN_PERSON_AND_ORGANIZATION_ASSIGNMENT ( #23, #7076, ( #5846 ) ) ;
#5560 = ORIENTED_EDGE ( 'NONE', *, *, #117, .T. ) ;
#5561 = CYLINDRICAL_SURFACE ( 'NONE', #7201, 26.00000000000000000 ) ;
#5562 = CARTESIAN_POINT ( 'NONE',  ( 1.500000000000000444, -18.02803414784235159, 18.73472670641955418 ) ) ;
#5563 = CARTESIAN_POINT ( 'NONE',  ( 0.000000000000000000, 23.38875284200453564, -11.35633041504274665 ) ) ;
#5564 = AXIS2_PLACEMENT_3D ( 'NONE', #4431, #7053, #4395 ) ;
#5565 = CYLINDRICAL_SURFACE ( 'NONE', #1229, 9.999999999999998224 ) ;
#5566 = AXIS2_PLACEMENT_3D ( 'NONE', #4698, #2694, #7322 ) ;
#5567 = DIRECTION ( 'NONE',  ( -1.000000000000000000, 0.000000000000000000, -0.000000000000000000 ) ) ;
#5568 = ORIENTED_EDGE ( 'NONE', *, *, #5275, .T. ) ;
#5569 = DIRECTION ( 'NONE',  ( 0.000000000000000000, 0.7705132427757904745, -0.6374239897486884132 ) ) ;
#5570 = ORIENTED_EDGE ( 'NONE', *, *, #1933, .T. ) ;
#5571 = CYLINDRICAL_SURFACE ( 'NONE', #604, 17.50000000000000355 ) ;
#5572 = LINE ( 'NONE', #3045, #2199 ) ;
#5573 = VECTOR ( 'NONE', #5802, 1000.000000000000000 ) ;
#5574 = ORIENTED_EDGE ( 'NONE', *, *, #4094, .T. ) ;
#5575 = SECURITY_CLASSIFICATION ( '', '', #5365 ) ;
#5576 = LINE ( 'NONE', #6952, #8054 ) ;
#5577 = EDGE_CURVE ( 'NONE', #5151, #2213, #1906, .T. ) ;
#5578 = DATE_TIME_ROLE ( 'classification_date' ) ;
#5579 = CIRCLE ( 'NONE', #1057, 10.00000000000000178 ) ;
#5580 = VERTEX_POINT ( 'NONE', #7104 ) ;
#5581 = DIRECTION ( 'NONE',  ( -1.000000000000000000, -0.000000000000000000, -0.000000000000000000 ) ) ;
#5582 = VERTEX_POINT ( 'NONE', #7 ) ;
#5583 = ORIENTED_EDGE ( 'NONE', *, *, #7818, .F. ) ;
#5584 = CARTESIAN_POINT ( 'NONE',  ( 3.000000000000000888, -5.727185429052221721, -22.78350797608160150 ) ) ;
#5585 = VECTOR ( 'NONE', #8414, 1000.000000000000000 ) ;
#5586 = CARTESIAN_POINT ( 'NONE',  ( 3.000000000000000888, 0.000000000000000000, 0.000000000000000000 ) ) ;
#5587 = ORIENTED_EDGE ( 'NONE', *, *, #401, .F. ) ;
#5588 = ADVANCED_FACE ( 'NONE', ( #6595 ), #3245, .T. ) ;
#5589 = CARTESIAN_POINT ( 'NONE',  ( 14.74895638494033712, 10.00000000000000888, 6.145609380784566866 ) ) ;
#5590 = EDGE_CURVE ( 'NONE', #4694, #7641, #370, .T. ) ;
#5591 = DIRECTION ( 'NONE',  ( 0.000000000000000000, -0.5877852522924803536, 0.8090169943749421222 ) ) ;
#5592 = ORIENTED_EDGE ( 'NONE', *, *, #1929, .T. ) ;
#5593 = CARTESIAN_POINT ( 'NONE',  ( 3.000000000000000888, -13.09272093277496296, 19.81402683899657546 ) ) ;
#5594 = CARTESIAN_POINT ( 'NONE',  ( 0.000000000000000000, -21.30678187720815586, -9.894944904950010667 ) ) ;
#5595 = AXIS2_PLACEMENT_3D ( 'NONE', #3661, #2903, #270 ) ;
#5596 = DIRECTION ( 'NONE',  ( -1.000000000000000000, -0.000000000000000000, -0.000000000000000000 ) ) ;
#5597 = ADVANCED_FACE ( 'NONE', ( #1222 ), #7055, .T. ) ;
#5598 = CARTESIAN_POINT ( 'NONE',  ( 3.000000000000000888, 0.000000000000000000, 0.000000000000000000 ) ) ;
#5599 = VERTEX_POINT ( 'NONE', #7877 ) ;
#5600 = AXIS2_PLACEMENT_3D ( 'NONE', #5492, #8113, #202 ) ;
#5601 = EDGE_CURVE ( 'NONE', #6933, #8281, #5171, .T. ) ;
#5602 = ORIENTED_EDGE ( 'NONE', *, *, #740, .F. ) ;
#5603 = CARTESIAN_POINT ( 'NONE',  ( -12.69673203797372452, 7.000000000000008882, 9.700166218166828003 ) ) ;
#5604 = DIRECTION ( 'NONE',  ( -1.000000000000000000, 0.000000000000000000, 0.000000000000000000 ) ) ;
#5605 = VECTOR ( 'NONE', #293, 1000.000000000000000 ) ;
#5606 = ADVANCED_FACE ( 'NONE', ( #1994 ), #6468, .T. ) ;
#5607 = LINE ( 'NONE', #442, #4086 ) ;
#5608 = CARTESIAN_POINT ( 'NONE',  ( 3.000000000000000888, -23.45311694635235966, 1.356537554084675357 ) ) ;
#5609 = AXIS2_PLACEMENT_3D ( 'NONE', #5792, #6486, #3219 ) ;
#5610 = AXIS2_PLACEMENT_3D ( 'NONE', #4999, #6258, #3557 ) ;
#5611 = DIRECTION ( 'NONE',  ( 0.000000000000000000, -0.9048270524660145808, -0.4257792915650830956 ) ) ;
#5612 = VERTEX_POINT ( 'NONE', #5165 ) ;
#5613 = EDGE_CURVE ( 'NONE', #7106, #1819, #7235, .T. ) ;
#5614 = DIRECTION ( 'NONE',  ( 0.000000000000000000, 0.9822872507286879440, 0.1873813145857286810 ) ) ;
#5615 = ORIENTED_EDGE ( 'NONE', *, *, #561, .F. ) ;
#5616 = AXIS2_PLACEMENT_3D ( 'NONE', #2785, #1484, #851 ) ;
#5617 = DIRECTION ( 'NONE',  ( -0.000000000000000000, -1.000000000000000000, -0.000000000000000000 ) ) ;
#5618 = DIRECTION ( 'NONE',  ( -1.000000000000000000, -0.000000000000000000, -0.000000000000000000 ) ) ;
#5619 = VECTOR ( 'NONE', #2591, 1000.000000000000000 ) ;
#5620 = ORIENTED_EDGE ( 'NONE', *, *, #7497, .F. ) ;
#5621 = DIRECTION ( 'NONE',  ( -1.000000000000000000, 0.000000000000000000, 0.000000000000000000 ) ) ;
#5622 = CALENDAR_DATE ( 2025, 7, 10 ) ;
#5623 = AXIS2_PLACEMENT_3D ( 'NONE', #7105, #1138, #3751 ) ;
#5624 = AXIS2_PLACEMENT_3D ( 'NONE', #2249, #6792, #7344 ) ;
#5625 = ORIENTED_EDGE ( 'NONE', *, *, #673, .F. ) ;
#5626 = DIRECTION ( 'NONE',  ( -1.000000000000000000, -0.000000000000000000, -0.000000000000000000 ) ) ;
#5627 = ORIENTED_EDGE ( 'NONE', *, *, #146, .T. ) ;
#5628 = ORIENTED_EDGE ( 'NONE', *, *, #1462, .F. ) ;
#5629 = DIRECTION ( 'NONE',  ( 0.000000000000000000, 0.000000000000000000, -1.000000000000000000 ) ) ;
#5630 = LINE ( 'NONE', #2973, #6574 ) ;
#5631 = SHAPE_REPRESENTATION_RELATIONSHIP ( 'NONE' , 'NONE' ,  #1376, #533 ) ;
#5632 = ORIENTED_EDGE ( 'NONE', *, *, #2984, .F. ) ;
#5633 = DIRECTION ( 'NONE',  ( 0.000000000000000000, 0.000000000000000000, 1.000000000000000000 ) ) ;
#5634 = ADVANCED_FACE ( 'NONE', ( #4524 ), #8403, .T. ) ;
#5635 = ORIENTED_EDGE ( 'NONE', *, *, #477, .F. ) ;
#5636 = CARTESIAN_POINT ( 'NONE',  ( 1.500000000000000444, 15.02476645158353641, -21.21924581777990326 ) ) ;
#5637 = CARTESIAN_POINT ( 'NONE',  ( 0.000000000000000000, -23.50287694562798180, -3.410245779803683597 ) ) ;
#5638 = EDGE_CURVE ( 'NONE', #1532, #2393, #6507, .T. ) ;
#5639 = LINE ( 'NONE', #7532, #3888 ) ;
#5640 = DIRECTION ( 'NONE',  ( 0.000000000000000000, 0.000000000000000000, 1.000000000000000000 ) ) ;
#5641 = ORIENTED_EDGE ( 'NONE', *, *, #550, .T. ) ;
#5642 = ORIENTED_EDGE ( 'NONE', *, *, #5965, .F. ) ;
#5643 = CARTESIAN_POINT ( 'NONE',  ( -10.00000000000000000, 0.000000000000000000, 0.000000000000000000 ) ) ;
#5644 = CARTESIAN_POINT ( 'NONE',  ( 0.000000000000000000, 2.943853573238277566, 25.83280329618394688 ) ) ;
#5645 = LINE ( 'NONE', #6294, #7783 ) ;
#5646 = CARTESIAN_POINT ( 'NONE',  ( 0.000000000000000000, 2.000000000000008882, 0.000000000000000000 ) ) ;
#5647 = EDGE_CURVE ( 'NONE', #7320, #7025, #6415, .T. ) ;
#5648 = VECTOR ( 'NONE', #4194, 1000.000000000000000 ) ;
#5649 = DIRECTION ( 'NONE',  ( -1.000000000000000000, 0.000000000000000000, 0.000000000000000000 ) ) ;
#5650 = EDGE_CURVE ( 'NONE', #1040, #8186, #2583, .T. ) ;
#5651 = VERTEX_POINT ( 'NONE', #1556 ) ;
#5652 = CARTESIAN_POINT ( 'NONE',  ( 0.000000000000000000, 0.000000000000000000, 0.000000000000000000 ) ) ;
#5653 = EDGE_CURVE ( 'NONE', #6052, #7313, #7367, .T. ) ;
#5654 = ORIENTED_EDGE ( 'NONE', *, *, #6271, .T. ) ;
#5655 = CYLINDRICAL_SURFACE ( 'NONE', #3217, 23.74900000000000233 ) ;
#5656 = DIRECTION ( 'NONE',  ( 1.000000000000000000, 0.000000000000000000, 0.000000000000000000 ) ) ;
#5657 = CIRCLE ( 'NONE', #1398, 10.00000000000000000 ) ;
#5658 = AXIS2_PLACEMENT_3D ( 'NONE', #5235, #8468, #1159 ) ;
#5659 = ORIENTED_EDGE ( 'NONE', *, *, #947, .T. ) ;
#5660 = CC_DESIGN_PERSON_AND_ORGANIZATION_ASSIGNMENT ( #3821, #337, ( #6391 ) ) ;
#5661 = CARTESIAN_POINT ( 'NONE',  ( 0.000000000000000000, -3.062166340028115830, 23.29188755642017838 ) ) ;
#5662 = EDGE_CURVE ( 'NONE', #5472, #2736, #5865, .T. ) ;
#5663 = EDGE_CURVE ( 'NONE', #1312, #579, #247, .T. ) ;
#5664 = PERSON_AND_ORGANIZATION ( #5962, #8328 ) ;
#5665 = CIRCLE ( 'NONE', #3602, 23.74900000000000588 ) ;
#5666 = ORIENTED_EDGE ( 'NONE', *, *, #6921, .F. ) ;
#5667 = CARTESIAN_POINT ( 'NONE',  ( 3.000000000000000888, 23.10781753700498342, 5.481219725251404107 ) ) ;
#5668 = EDGE_LOOP ( 'NONE', ( #468, #597, #5766, #7803 ) ) ;
#5669 = ORIENTED_EDGE ( 'NONE', *, *, #5967, .F. ) ;
#5670 = DIRECTION ( 'NONE',  ( -1.000000000000000000, -0.000000000000000000, -0.000000000000000000 ) ) ;
#5671 = DATE_AND_TIME ( #1118, #7623 ) ;
#5672 = ORIENTED_EDGE ( 'NONE', *, *, #5104, .T. ) ;
#5673 = LINE ( 'NONE', #1674, #10 ) ;
#5674 = DIRECTION ( 'NONE',  ( 0.000000000000000000, 0.000000000000000000, 1.000000000000000000 ) ) ;
#5675 = CARTESIAN_POINT ( 'NONE',  ( 3.000000000000000888, 0.000000000000000000, 0.000000000000000000 ) ) ;
#5676 = VERTEX_POINT ( 'NONE', #51 ) ;
#5677 = DIRECTION ( 'NONE',  ( -1.000000000000000000, 0.000000000000000000, 0.000000000000000000 ) ) ;
#5678 = CARTESIAN_POINT ( 'NONE',  ( 3.000000000000000888, 25.92685648092483675, -1.948874808068890241 ) ) ;
#5679 = VECTOR ( 'NONE', #8463, 1000.000000000000000 ) ;
#5680 = CARTESIAN_POINT ( 'NONE',  ( 3.000000000000000888, 0.000000000000000000, 0.000000000000000000 ) ) ;
#5681 = VECTOR ( 'NONE', #3519, 1000.000000000000000 ) ;
#5682 = FACE_OUTER_BOUND ( 'NONE', #5986, .T. ) ;
#5683 = ORIENTED_EDGE ( 'NONE', *, *, #5310, .F. ) ;
#5684 = ORIENTED_EDGE ( 'NONE', *, *, #5329, .T. ) ;
#5685 = CARTESIAN_POINT ( 'NONE',  ( 0.000000000000000000, 18.95282963369271556, -14.31101847794975690 ) ) ;
#5686 = CARTESIAN_POINT ( 'NONE',  ( -15.14952443979000662, 10.00000000000000888, 8.746582013399839539 ) ) ;
#5687 = DIRECTION ( 'NONE',  ( 0.000000000000000000, 0.000000000000000000, -1.000000000000000000 ) ) ;
#5688 = LINE ( 'NONE', #6940, #5346 ) ;
#5689 = AXIS2_PLACEMENT_3D ( 'NONE', #4568, #17, #7931 ) ;
#5690 = LINE ( 'NONE', #8278, #4146 ) ;
#5691 = EDGE_LOOP ( 'NONE', ( #4877, #2096, #634, #7907 ) ) ;
#5692 = EDGE_CURVE ( 'NONE', #7206, #4614, #6034, .T. ) ;
#5693 = DIRECTION ( 'NONE',  ( 0.000000000000000000, 0.000000000000000000, 1.000000000000000000 ) ) ;
#5694 = ORIENTED_EDGE ( 'NONE', *, *, #7923, .F. ) ;
#5695 = VECTOR ( 'NONE', #5916, 1000.000000000000000 ) ;
#5696 = ADVANCED_FACE ( 'NONE', ( #6635 ), #4601, .F. ) ;
#5697 = CARTESIAN_POINT ( 'NONE',  ( 3.000000000000000888, 3.062166340027950184, 23.29188755642019970 ) ) ;
#5698 = CARTESIAN_POINT ( 'NONE',  ( 3.000000000000000888, 1.054159027266251547, -23.72559271641560841 ) ) ;
#5699 = VECTOR ( 'NONE', #1969, 1000.000000000000000 ) ;
#5700 = ORIENTED_EDGE ( 'NONE', *, *, #3803, .T. ) ;
#5701 = DIRECTION ( 'NONE',  ( -1.000000000000000000, -0.000000000000000000, -0.000000000000000000 ) ) ;
#5702 = CIRCLE ( 'NONE', #3374, 26.00000000000000000 ) ;
#5703 = LOCAL_TIME ( 18, 37, 26.00000000000000000, #6012 ) ;
#5704 = VECTOR ( 'NONE', #6176, 1000.000000000000000 ) ;
#5705 = ORIENTED_EDGE ( 'NONE', *, *, #5850, .T. ) ;
#5706 = AXIS2_PLACEMENT_3D ( 'NONE', #2085, #184, #4142 ) ;
#5707 = CARTESIAN_POINT ( 'NONE',  ( 3.000000000000000888, 6.772563327704132163, -25.10243784918582577 ) ) ;
#5708 = CC_DESIGN_APPROVAL ( #7181, ( #5575 ) ) ;
#5709 = ORIENTED_EDGE ( 'NONE', *, *, #1768, .T. ) ;
#5710 = EDGE_CURVE ( 'NONE', #5351, #2224, #7440, .T. ) ;
#5711 = CARTESIAN_POINT ( 'NONE',  ( 3.000000000000000888, -16.16797261240381545, -17.04363664947954504 ) ) ;
#5712 = DIRECTION ( 'NONE',  ( -1.000000000000000000, -0.000000000000000000, -0.000000000000000000 ) ) ;
#5713 = LOCAL_TIME ( 18, 37, 26.00000000000000000, #7685 ) ;
#5714 = APPROVAL_ROLE ( '' ) ;
#5715 = DIRECTION ( 'NONE',  ( -1.000000000000000000, 0.000000000000000000, -0.000000000000000000 ) ) ;
#5716 = ORIENTED_EDGE ( 'NONE', *, *, #4692, .T. ) ;
#5717 = FACE_OUTER_BOUND ( 'NONE', #4762, .T. ) ;
#5718 = CARTESIAN_POINT ( 'NONE',  ( 0.000000000000000000, 17.56576837257052048, 19.16882316369998662 ) ) ;
#5719 = CARTESIAN_POINT ( 'NONE',  ( -12.69673203797372452, 7.000000000000008882, 9.700166218166828003 ) ) ;
#5720 = EDGE_CURVE ( 'NONE', #4510, #7456, #4354, .T. ) ;
#5721 = ORIENTED_EDGE ( 'NONE', *, *, #1911, .T. ) ;
#5722 = FACE_OUTER_BOUND ( 'NONE', #2481, .T. ) ;
#5723 = APPLICATION_CONTEXT ( 'configuration controlled 3d designs of mechanical parts and assemblies' ) ;
#5724 = DIRECTION ( 'NONE',  ( -1.000000000000000000, 0.000000000000000000, -0.000000000000000000 ) ) ;
#5725 = AXIS2_PLACEMENT_3D ( 'NONE', #7152, #1261, #3877 ) ;
#5726 = ORIENTED_EDGE ( 'NONE', *, *, #7019, .T. ) ;
#5727 = DIRECTION ( 'NONE',  ( -1.000000000000000000, -0.000000000000000000, 0.000000000000000000 ) ) ;
#5728 = CYLINDRICAL_SURFACE ( 'NONE', #7481, 26.00000000000000000 ) ;
#5729 = ORIENTED_EDGE ( 'NONE', *, *, #7384, .T. ) ;
#5730 = DIRECTION ( 'NONE',  ( 0.000000000000000000, -0.9510565162951500895, -0.3090169943749582204 ) ) ;
#5731 = DIRECTION ( 'NONE',  ( -1.000000000000000000, 0.000000000000000000, 0.000000000000000000 ) ) ;
#5732 = AXIS2_PLACEMENT_3D ( 'NONE', #3361, #6628, #177 ) ;
#5733 = CARTESIAN_POINT ( 'NONE',  ( 1.500000000000000444, -17.56576837257038548, -19.16882316370011097 ) ) ;
#5734 = DIRECTION ( 'NONE',  ( 0.000000000000000000, 0.000000000000000000, 1.000000000000000000 ) ) ;
#5735 = AXIS2_PLACEMENT_3D ( 'NONE', #5541, #7596, #2894 ) ;
#5736 = CARTESIAN_POINT ( 'NONE',  ( 3.000000000000000888, 16.16797261240417072, -17.04363664947920398 ) ) ;
#5737 = ORIENTED_EDGE ( 'NONE', *, *, #3291, .T. ) ;
#5738 = FACE_OUTER_BOUND ( 'NONE', #1730, .T. ) ;
#5739 = ORIENTED_EDGE ( 'NONE', *, *, #7581, .F. ) ;
#5740 = CARTESIAN_POINT ( 'NONE',  ( 3.000000000000000888, -6.921355658526056054, -22.71805090337173993 ) ) ;
#5741 = CARTESIAN_POINT ( 'NONE',  ( 15.14952443976302909, 7.000000000000008882, -8.746582013434034408 ) ) ;
#5742 = VERTEX_POINT ( 'NONE', #2732 ) ;
#5743 = DIRECTION ( 'NONE',  ( -1.000000000000000000, -0.000000000000000000, -0.000000000000000000 ) ) ;
#5744 = AXIS2_PLACEMENT_3D ( 'NONE', #4566, #5172, #2611 ) ;
#5745 = FACE_OUTER_BOUND ( 'NONE', #7340, .T. ) ;
#5746 = EDGE_CURVE ( 'NONE', #6087, #3593, #6557, .T. ) ;
#5747 = APPROVAL_DATE_TIME ( #1699, #6830 ) ;
#5748 = ADVANCED_FACE ( 'NONE', ( #6808 ), #793, .T. ) ;
#5749 = CIRCLE ( 'NONE', #1498, 23.74899999999999878 ) ;
#5750 = VERTEX_POINT ( 'NONE', #1385 ) ;
#5751 = CIRCLE ( 'NONE', #2884, 10.00000000000000178 ) ;
#5752 = DIRECTION ( 'NONE',  ( 0.000000000000000000, 0.000000000000000000, -1.000000000000000000 ) ) ;
#5753 = VERTEX_POINT ( 'NONE', #3541 ) ;
#5754 = LINE ( 'NONE', #6572, #1997 ) ;
#5755 = DIRECTION ( 'NONE',  ( 0.000000000000000000, 0.000000000000000000, 1.000000000000000000 ) ) ;
#5756 = VECTOR ( 'NONE', #8404, 1000.000000000000000 ) ;
#5757 = CIRCLE ( 'NONE', #2061, 26.00000000000000000 ) ;
#5758 = APPROVAL_STATUS ( 'not_yet_approved' ) ;
#5759 = ADVANCED_FACE ( 'NONE', ( #4050 ), #2773, .T. ) ;
#5760 = ORIENTED_EDGE ( 'NONE', *, *, #3647, .F. ) ;
#5761 = CARTESIAN_POINT ( 'NONE',  ( 3.000000000000000888, -21.20563999867574623, -10.10988233766770605 ) ) ;
#5762 = ADVANCED_FACE ( 'NONE', ( #4143 ), #4731, .T. ) ;
#5763 = ORIENTED_EDGE ( 'NONE', *, *, #3653, .T. ) ;
#5764 = CARTESIAN_POINT ( 'NONE',  ( 0.000000000000000000, 24.62765115230531521, 8.335394335024261636 ) ) ;
#5765 = AXIS2_PLACEMENT_3D ( 'NONE', #2879, #5532, #5495 ) ;
#5766 = ORIENTED_EDGE ( 'NONE', *, *, #5862, .F. ) ;
#5767 = CARTESIAN_POINT ( 'NONE',  ( 1.500000000000000444, -22.12078737453573751, -13.66275103815407377 ) ) ;
#5768 = DIRECTION ( 'NONE',  ( -1.000000000000000000, -0.000000000000000000, -0.000000000000000000 ) ) ;
#5769 = EDGE_CURVE ( 'NONE', #5019, #2792, #2587, .T. ) ;
#5770 = ORIENTED_EDGE ( 'NONE', *, *, #6337, .F. ) ;
#5771 = FACE_OUTER_BOUND ( 'NONE', #541, .T. ) ;
#5772 = LINE ( 'NONE', #696, #4862 ) ;
#5773 = ORIENTED_EDGE ( 'NONE', *, *, #3145, .F. ) ;
#5774 = CARTESIAN_POINT ( 'NONE',  ( 3.000000000000002665, -2.999999999999826361, 2.224119989647754883E-13 ) ) ;
#5775 = DIRECTION ( 'NONE',  ( 0.000000000000000000, 0.000000000000000000, 1.000000000000000000 ) ) ;
#5776 = CARTESIAN_POINT ( 'NONE',  ( 1.500000000000000444, -23.38875284200429050, -11.35633041504324403 ) ) ;
#5777 = CYLINDRICAL_SURFACE ( 'NONE', #6172, 26.00000000000000000 ) ;
#5778 = EDGE_CURVE ( 'NONE', #2220, #3538, #840, .T. ) ;
#5779 = DIRECTION ( 'NONE',  ( -1.000000000000000000, -0.000000000000000000, -0.000000000000000000 ) ) ;
#5780 = ORIENTED_EDGE ( 'NONE', *, *, #1648, .T. ) ;
#5781 = CYLINDRICAL_SURFACE ( 'NONE', #5887, 10.00000000000000178 ) ;
#5782 = ORIENTED_EDGE ( 'NONE', *, *, #2562, .T. ) ;
#5783 = DIRECTION ( 'NONE',  ( -1.000000000000000000, -0.000000000000000000, -0.000000000000000000 ) ) ;
#5784 = DIRECTION ( 'NONE',  ( -1.000000000000000000, 0.000000000000000000, -0.000000000000000000 ) ) ;
#5785 = VERTEX_POINT ( 'NONE', #8101 ) ;
#5786 = CARTESIAN_POINT ( 'NONE',  ( 3.000000000000000888, 0.000000000000000000, 0.000000000000000000 ) ) ;
#5787 = FACE_OUTER_BOUND ( 'NONE', #2319, .T. ) ;
#5788 = VERTEX_POINT ( 'NONE', #4823 ) ;
#5789 = CARTESIAN_POINT ( 'NONE',  ( 0.000000000000000000, -14.79838606843859772, -18.57478857940091288 ) ) ;
#5790 = ORIENTED_EDGE ( 'NONE', *, *, #7024, .F. ) ;
#5791 = DIRECTION ( 'NONE',  ( 1.000000000000000000, -0.000000000000000000, -0.000000000000000000 ) ) ;
#5792 = CARTESIAN_POINT ( 'NONE',  ( 3.000000000000000888, -22.30553143780307224, -7.372391464925130755 ) ) ;
#5793 = PERSON_AND_ORGANIZATION_ROLE ( 'design_owner' ) ;
#5794 = ORIENTED_EDGE ( 'NONE', *, *, #2079, .T. ) ;
#5795 = DIRECTION ( 'NONE',  ( -1.000000000000000000, 0.000000000000000000, -0.000000000000000000 ) ) ;
#5796 = VERTEX_POINT ( 'NONE', #5637 ) ;
#5797 = DIRECTION ( 'NONE',  ( -1.000000000000000000, -0.000000000000000000, -0.000000000000000000 ) ) ;
#5798 = VECTOR ( 'NONE', #6767, 1000.000000000000000 ) ;
#5799 = EDGE_CURVE ( 'NONE', #5027, #3899, #1075, .T. ) ;
#5800 = EDGE_LOOP ( 'NONE', ( #3354, #4854, #5888, #7016 ) ) ;
#5801 = EDGE_CURVE ( 'NONE', #101, #1251, #4221, .T. ) ;
#5802 = DIRECTION ( 'NONE',  ( -1.000000000000000000, 0.000000000000000000, 0.000000000000000000 ) ) ;
#5803 = CARTESIAN_POINT ( 'NONE',  ( 12.69673203802745931, 10.00000000000000888, -9.700166218278072350 ) ) ;
#5804 = ADVANCED_FACE ( 'NONE', ( #5034 ), #8181, .T. ) ;
#5805 = ORIENTED_EDGE ( 'NONE', *, *, #4346, .F. ) ;
#5806 = DIRECTION ( 'NONE',  ( 0.000000000000000000, 0.000000000000000000, 1.000000000000000000 ) ) ;
#5807 = DIRECTION ( 'NONE',  ( 0.000000000000000000, 0.000000000000000000, 1.000000000000000000 ) ) ;
#5808 = ORIENTED_EDGE ( 'NONE', *, *, #6821, .T. ) ;
#5809 = CARTESIAN_POINT ( 'NONE',  ( 3.000000000000000888, 19.89860609720133766, -12.48736817841709978 ) ) ;
#5810 = EDGE_CURVE ( 'NONE', #5796, #3892, #8212, .T. ) ;
#5811 = CARTESIAN_POINT ( 'NONE',  ( 0.000000000000000000, -2.943853573238458310, 25.83280329618392557 ) ) ;
#5812 = EDGE_CURVE ( 'NONE', #6699, #7042, #5875, .T. ) ;
#5813 = CARTESIAN_POINT ( 'NONE',  ( 3.000000000000000888, -9.714105481847896684, -21.67143640111408942 ) ) ;
#5814 = AXIS2_PLACEMENT_3D ( 'NONE', #2395, #4961, #6783 ) ;
#5815 = DIRECTION ( 'NONE',  ( 0.000000000000000000, 0.7705132427757904745, -0.6374239897486884132 ) ) ;
#5816 = ORIENTED_EDGE ( 'NONE', *, *, #2478, .T. ) ;
#5817 = DIRECTION ( 'NONE',  ( -1.000000000000000000, 0.000000000000000000, 0.000000000000000000 ) ) ;
#5818 = ORIENTED_EDGE ( 'NONE', *, *, #843, .T. ) ;
#5819 = CARTESIAN_POINT ( 'NONE',  ( 3.000000000000000888, -21.91639720942990621, 9.148034453285214695 ) ) ;
#5820 = CARTESIAN_POINT ( 'NONE',  ( 0.000000000000000000, 17.00973468965503343, 16.57359124594142585 ) ) ;
#5821 = VERTEX_POINT ( 'NONE', #6970 ) ;
#5822 = FACE_OUTER_BOUND ( 'NONE', #2612, .T. ) ;
#5823 = LINE ( 'NONE', #5135, #4109 ) ;
#5824 = CIRCLE ( 'NONE', #8173, 10.00000000000000000 ) ;
#5825 = ORIENTED_EDGE ( 'NONE', *, *, #1511, .T. ) ;
#5826 = CIRCLE ( 'NONE', #6244, 9.999999999999998224 ) ;
#5827 = CARTESIAN_POINT ( 'NONE',  ( 3.000000000000000888, 13.90434922624170433, -18.93562677150227813 ) ) ;
#5828 = ORIENTED_EDGE ( 'NONE', *, *, #7142, .T. ) ;
#5829 = AXIS2_PLACEMENT_3D ( 'NONE', #4520, #2600, #5207 ) ;
#5830 = CARTESIAN_POINT ( 'NONE',  ( 3.000000000000000888, 17.00973468965503343, 16.57359124594142585 ) ) ;
#5831 = LINE ( 'NONE', #1931, #7546 ) ;
#5832 = EDGE_CURVE ( 'NONE', #8462, #2771, #517, .T. ) ;
#5833 = AXIS2_PLACEMENT_3D ( 'NONE', #8001, #2082, #4686 ) ;
#5834 = COORDINATED_UNIVERSAL_TIME_OFFSET ( 7, 0, .AHEAD. ) ;
#5835 = AXIS2_PLACEMENT_3D ( 'NONE', #1006, #8069, #5640 ) ;
#5836 = AXIS2_PLACEMENT_3D ( 'NONE', #8061, #8015, #6736 ) ;
#5837 = ORIENTED_EDGE ( 'NONE', *, *, #740, .T. ) ;
#5838 = ORIENTED_EDGE ( 'NONE', *, *, #7390, .F. ) ;
#5839 = DIRECTION ( 'NONE',  ( 0.000000000000000000, 0.000000000000000000, 1.000000000000000000 ) ) ;
#5840 = ORIENTED_EDGE ( 'NONE', *, *, #3039, .F. ) ;
#5841 = VERTEX_POINT ( 'NONE', #5516 ) ;
#5842 = CARTESIAN_POINT ( 'NONE',  ( 8.102705642427432409, 7.000000000000008882, -5.573319583618285833E-11 ) ) ;
#5843 = ORIENTED_EDGE ( 'NONE', *, *, #5341, .T. ) ;
#5844 = CARTESIAN_POINT ( 'NONE',  ( 0.000000000000000000, 7.000000000000008882, 0.000000000000000000 ) ) ;
#5845 = CIRCLE ( 'NONE', #4064, 23.74900000000000233 ) ;
#5846 = SECURITY_CLASSIFICATION ( '', '', #1789 ) ;
#5847 = EDGE_CURVE ( 'NONE', #4614, #993, #4492, .T. ) ;
#5848 = CARTESIAN_POINT ( 'NONE',  ( 0.000000000000000000, 0.000000000000000000, 0.000000000000000000 ) ) ;
#5849 = B_SPLINE_SURFACE_WITH_KNOTS ( 'NONE', 2, 1, ( 
 ( #602, #6458 ),
 ( #2504, #7180 ),
 ( #2545, #8430 ),
 ( #1252, #3908 ),
 ( #646, #7144 ) ),
 .UNSPECIFIED., .F., .F., .F.,
 ( 3, 1, 1, 3 ),
 ( 2, 2 ),
 ( 0.002399098765396647220, 0.3755997746913342095, 0.6244002253086259335, 0.9976009012345634641 ),
 ( 0.000000000000000000, 1.000000000000000000 ),
 .UNSPECIFIED. ) ;
#5850 = EDGE_CURVE ( 'NONE', #1328, #42, #797, .T. ) ;
#5851 = ADVANCED_FACE ( 'NONE', ( #4220 ), #2341, .T. ) ;
#5852 = VERTEX_POINT ( 'NONE', #6160 ) ;
#5853 = AXIS2_PLACEMENT_3D ( 'NONE', #322, #2362, #3685 ) ;
#5854 = CARTESIAN_POINT ( 'NONE',  ( 0.000000000000000000, 23.05365132147760221, 4.518633574727654256 ) ) ;
#5855 = VECTOR ( 'NONE', #3848, 1000.000000000000000 ) ;
#5856 = DIRECTION ( 'NONE',  ( 0.000000000000000000, 0.000000000000000000, 1.000000000000000000 ) ) ;
#5857 = ORIENTED_EDGE ( 'NONE', *, *, #5590, .T. ) ;
#5858 = CARTESIAN_POINT ( 'NONE',  ( 2.052224346939968136, 7.000000000000008882, 15.84577559900801624 ) ) ;
#5859 = CARTESIAN_POINT ( 'NONE',  ( 1.499999999999999556, 6.158349177668569041, -25.26014123883532037 ) ) ;
#5860 = AXIS2_PLACEMENT_3D ( 'NONE', #5786, #8497, #5133 ) ;
#5861 = EDGE_CURVE ( 'NONE', #329, #8334, #1087, .T. ) ;
#5862 = EDGE_CURVE ( 'NONE', #8134, #8047, #967, .T. ) ;
#5863 = CARTESIAN_POINT ( 'NONE',  ( 0.000000000000000000, 15.47283697127507018, 18.01683426854850012 ) ) ;
#5864 = EDGE_LOOP ( 'NONE', ( #5132, #2272, #7010, #3606 ) ) ;
#5865 = CIRCLE ( 'NONE', #6964, 9.999999999999998224 ) ;
#5866 = DIRECTION ( 'NONE',  ( -1.000000000000000000, 0.000000000000000000, 0.000000000000000000 ) ) ;
#5867 = EDGE_CURVE ( 'NONE', #5137, #6732, #1004, .T. ) ;
#5868 = ORIENTED_EDGE ( 'NONE', *, *, #1979, .T. ) ;
#5869 = FACE_OUTER_BOUND ( 'NONE', #3210, .T. ) ;
#5870 = CARTESIAN_POINT ( 'NONE',  ( 3.000000000000000888, -19.46733382657888356, 13.60286420885461212 ) ) ;
#5871 = ORIENTED_EDGE ( 'NONE', *, *, #4323, .F. ) ;
#5872 = VECTOR ( 'NONE', #8333, 1000.000000000000000 ) ;
#5873 = DIRECTION ( 'NONE',  ( 0.000000000000000000, 0.000000000000000000, 1.000000000000000000 ) ) ;
#5874 = CARTESIAN_POINT ( 'NONE',  ( 0.000000000000000000, -6.158349177668041463, -25.26014123883545182 ) ) ;
#5875 = CIRCLE ( 'NONE', #6702, 10.00000000000000000 ) ;
#5876 = EDGE_CURVE ( 'NONE', #730, #521, #5041, .T. ) ;
#5877 = CARTESIAN_POINT ( 'NONE',  ( 3.000000000000000888, 18.02803414784248659, -18.73472670641942273 ) ) ;
#5878 = AXIS2_PLACEMENT_3D ( 'NONE', #3989, #5459, #3399 ) ;
#5879 = VERTEX_POINT ( 'NONE', #4985 ) ;
#5880 = CARTESIAN_POINT ( 'NONE',  ( -4.051352821171638752, 7.000000000000008882, -7.017148925761551581 ) ) ;
#5881 = EDGE_LOOP ( 'NONE', ( #7587, #8126, #6349, #635 ) ) ;
#5882 = LINE ( 'NONE', #590, #4591 ) ;
#5883 = CARTESIAN_POINT ( 'NONE',  ( 3.000000000000000888, 0.000000000000000000, 0.000000000000000000 ) ) ;
#5884 = CIRCLE ( 'NONE', #4631, 9.999999999999998224 ) ;
#5885 = DATE_TIME_ROLE ( 'classification_date' ) ;
#5886 = AXIS2_PLACEMENT_3D ( 'NONE', #1695, #1786, #499 ) ;
#5887 = AXIS2_PLACEMENT_3D ( 'NONE', #2482, #5866, #5087 ) ;
#5888 = ORIENTED_EDGE ( 'NONE', *, *, #1402, .F. ) ;
#5889 = CARTESIAN_POINT ( 'NONE',  ( 3.000000000000000888, 9.275723936747180431, -24.28911166447334935 ) ) ;
#5890 = VERTEX_POINT ( 'NONE', #6203 ) ;
#5891 = ORIENTED_EDGE ( 'NONE', *, *, #1076, .F. ) ;
#5892 = DIRECTION ( 'NONE',  ( 1.000000000000000000, 0.000000000000000000, 0.000000000000000000 ) ) ;
#5893 = ORIENTED_EDGE ( 'NONE', *, *, #4336, .T. ) ;
#5894 = AXIS2_PLACEMENT_3D ( 'NONE', #5914, #22, #2656 ) ;
#5895 = DIRECTION ( 'NONE',  ( -0.000000000000000000, 1.000000000000000000, -0.000000000000000000 ) ) ;
#5896 = AXIS2_PLACEMENT_3D ( 'NONE', #5993, #6040, #154 ) ;
#5897 = CARTESIAN_POINT ( 'NONE',  ( -12.69673203797372452, 10.00000000000000888, 9.700166218166828003 ) ) ;
#5898 = VERTEX_POINT ( 'NONE', #2259 ) ;
#5899 = VECTOR ( 'NONE', #6270, 1000.000000000000000 ) ;
#5900 = CARTESIAN_POINT ( 'NONE',  ( 3.000000000000000888, 12.80251323316831957, -22.62953059421582580 ) ) ;
#5901 = DIRECTION ( 'NONE',  ( -1.000000000000000000, -0.000000000000000000, -0.000000000000000000 ) ) ;
#5902 = VERTEX_POINT ( 'NONE', #7607 ) ;
#5903 = DIRECTION ( 'NONE',  ( 0.000000000000000000, 0.8443279255020125218, 0.5358267949790005424 ) ) ;
#5904 = CARTESIAN_POINT ( 'NONE',  ( 3.000000000000000888, -18.02520032586853915, -15.06589001178591936 ) ) ;
#5905 = CARTESIAN_POINT ( 'NONE',  ( 3.000000000000000888, 0.1187726605497482074, 23.49201527519569765 ) ) ;
#5906 = ORIENTED_EDGE ( 'NONE', *, *, #7593, .T. ) ;
#5907 = DIRECTION ( 'NONE',  ( -1.000000000000000000, 0.000000000000000000, 0.000000000000000000 ) ) ;
#5908 = EDGE_LOOP ( 'NONE', ( #1954, #2631, #3760, #422 ) ) ;
#5909 = CARTESIAN_POINT ( 'NONE',  ( 3.000000000000000888, 13.71217102453755388, 19.07525240799593647 ) ) ;
#5910 = CARTESIAN_POINT ( 'NONE',  ( 3.000000000000000888, 17.60893712771376585, -15.93550545894995629 ) ) ;
#5911 = ORIENTED_EDGE ( 'NONE', *, *, #4336, .F. ) ;
#5912 = LINE ( 'NONE', #7887, #2850 ) ;
#5913 = EDGE_CURVE ( 'NONE', #8199, #1928, #1724, .T. ) ;
#5914 = CARTESIAN_POINT ( 'NONE',  ( 0.000000000000000000, 0.000000000000000000, 0.000000000000000000 ) ) ;
#5915 = EDGE_CURVE ( 'NONE', #7590, #3068, #3706, .T. ) ;
#5916 = DIRECTION ( 'NONE',  ( -1.000000000000000000, 0.000000000000000000, 0.000000000000000000 ) ) ;
#5917 = ORIENTED_EDGE ( 'NONE', *, *, #1660, .T. ) ;
#5918 = DIRECTION ( 'NONE',  ( -1.000000000000000000, 0.000000000000000000, 0.000000000000000000 ) ) ;
#5919 = VERTEX_POINT ( 'NONE', #5678 ) ;
#5920 = DIRECTION ( 'NONE',  ( -1.000000000000000000, 0.000000000000000000, -0.000000000000000000 ) ) ;
#5921 = CARTESIAN_POINT ( 'NONE',  ( -4.051352821171860796, 10.00000000000000888, 7.017148925649419056 ) ) ;
#5922 = CIRCLE ( 'NONE', #3463, 23.74900000000000588 ) ;
#5923 = EDGE_CURVE ( 'NONE', #215, #2472, #7720, .T. ) ;
#5924 = EDGE_CURVE ( 'NONE', #5580, #661, #8483, .T. ) ;
#5925 = PERSON_AND_ORGANIZATION ( #6793, #2555 ) ;
#5926 = VERTEX_POINT ( 'NONE', #1805 ) ;
#5927 = DIRECTION ( 'NONE',  ( 0.000000000000000000, -0.3681245526846854688, 0.9297764858882483496 ) ) ;
#5928 = ORIENTED_EDGE ( 'NONE', *, *, #2942, .F. ) ;
#5929 = ORIENTED_EDGE ( 'NONE', *, *, #2620, .T. ) ;
#5930 = CYLINDRICAL_SURFACE ( 'NONE', #7265, 1.600000000000000089 ) ;
#5931 = VERTEX_POINT ( 'NONE', #7869 ) ;
#5932 = VECTOR ( 'NONE', #5212, 1000.000000000000000 ) ;
#5933 = FACE_OUTER_BOUND ( 'NONE', #1370, .T. ) ;
#5934 = DIRECTION ( 'NONE',  ( 0.000000000000000000, 0.000000000000000000, 1.000000000000000000 ) ) ;
#5935 = ORIENTED_EDGE ( 'NONE', *, *, #674, .F. ) ;
#5936 = CYLINDRICAL_SURFACE ( 'NONE', #2281, 26.00000000000000000 ) ;
#5937 = DIRECTION ( 'NONE',  ( -1.000000000000000000, -0.000000000000000000, -0.000000000000000000 ) ) ;
#5938 = ORIENTED_EDGE ( 'NONE', *, *, #2445, .F. ) ;
#5939 = CARTESIAN_POINT ( 'NONE',  ( 3.000000000000000888, 19.46733382657898304, -13.60286420885446468 ) ) ;
#5940 = DIRECTION ( 'NONE',  ( -1.000000000000000000, -0.000000000000000000, 0.000000000000000000 ) ) ;
#5941 = VERTEX_POINT ( 'NONE', #7700 ) ;
#5942 = DIRECTION ( 'NONE',  ( -1.000000000000000000, 0.000000000000000000, 0.000000000000000000 ) ) ;
#5943 = EDGE_LOOP ( 'NONE', ( #1881, #772, #8104, #3813 ) ) ;
#5944 = CARTESIAN_POINT ( 'NONE',  ( 3.000000000000000888, 15.53779383581457552, 20.84650960510469986 ) ) ;
#5945 = CIRCLE ( 'NONE', #2118, 23.74900000000000588 ) ;
#5946 = ORIENTED_EDGE ( 'NONE', *, *, #2922, .F. ) ;
#5947 = LINE ( 'NONE', #2693, #4996 ) ;
#5948 = CYLINDRICAL_SURFACE ( 'NONE', #5836, 9.999999999999998224 ) ;
#5949 = ORIENTED_EDGE ( 'NONE', *, *, #5778, .F. ) ;
#5950 = LINE ( 'NONE', #2696, #7637 ) ;
#5951 = CARTESIAN_POINT ( 'NONE',  ( 12.69673203802779149, 7.000000000000008882, 9.700166218167050047 ) ) ;
#5952 = AXIS2_PLACEMENT_3D ( 'NONE', #4300, #4986, #351 ) ;
#5953 = ADVANCED_FACE ( 'NONE', ( #1211 ), #8475, .T. ) ;
#5954 = DIRECTION ( 'NONE',  ( -1.000000000000000000, -0.000000000000000000, -0.000000000000000000 ) ) ;
#5955 = EDGE_CURVE ( 'NONE', #7064, #4059, #2465, .T. ) ;
#5956 = ORIENTED_EDGE ( 'NONE', *, *, #8140, .F. ) ;
#5957 = CARTESIAN_POINT ( 'NONE',  ( 1.499999999999999556, 6.158349177668208441, 25.26014123883541274 ) ) ;
#5958 = CYLINDRICAL_SURFACE ( 'NONE', #1756, 9.999999999999998224 ) ;
#5959 = VERTEX_POINT ( 'NONE', #4516 ) ;
#5960 = CARTESIAN_POINT ( 'NONE',  ( 3.000000000000000888, 8.758419641788917076, -21.79860027646840592 ) ) ;
#5961 = CYLINDRICAL_SURFACE ( 'NONE', #6716, 9.999999999999998224 ) ;
#5962 = PERSON ( 'NAUO-PER1', 'UNSPECIFIED', 'UNSPECIFIED', ('UNSPECIFIED'), ('UNSPECIFIED'), ('UNSPECIFIED') ) ;
#5963 = EDGE_CURVE ( 'NONE', #2323, #3281, #3785, .T. ) ;
#5964 = PERSON_AND_ORGANIZATION ( #6793, #2555 ) ;
#5965 = EDGE_CURVE ( 'NONE', #6351, #4059, #655, .T. ) ;
#5966 = ORIENTED_EDGE ( 'NONE', *, *, #8426, .T. ) ;
#5967 = EDGE_CURVE ( 'NONE', #6664, #4097, #603, .T. ) ;
#5968 = CARTESIAN_POINT ( 'NONE',  ( 3.000000000000000888, 21.01871904177751205, -11.05569766422814126 ) ) ;
#5969 = VERTEX_POINT ( 'NONE', #4554 ) ;
#5970 = ORIENTED_EDGE ( 'NONE', *, *, #4756, .F. ) ;
#5971 = DIRECTION ( 'NONE',  ( -1.000000000000000000, -0.000000000000000000, 0.000000000000000000 ) ) ;
#5972 = EDGE_CURVE ( 'NONE', #5969, #419, #3910, .T. ) ;
#5973 = CARTESIAN_POINT ( 'NONE',  ( 3.000000000000000888, 6.158349177668206664, 25.26014123883540563 ) ) ;
#5974 = EDGE_LOOP ( 'NONE', ( #2159, #5602, #5423, #3504 ) ) ;
#5975 = CARTESIAN_POINT ( 'NONE',  ( 0.000000000000000000, -9.865329348983843616, 24.05567036763012823 ) ) ;
#5976 = AXIS2_PLACEMENT_3D ( 'NONE', #4575, #1320, #4266 ) ;
#5977 = CIRCLE ( 'NONE', #3232, 23.74899999999999878 ) ;
#5978 = APPROVAL_PERSON_ORGANIZATION ( #5145, #1093, #5498 ) ;
#5979 = CYLINDRICAL_SURFACE ( 'NONE', #5623, 9.999999999999994671 ) ;
#5980 = ORIENTED_EDGE ( 'NONE', *, *, #2092, .T. ) ;
#5981 = EDGE_CURVE ( 'NONE', #4721, #1167, #5468, .T. ) ;
#5982 = DIRECTION ( 'NONE',  ( -1.000000000000000000, -0.000000000000000000, -0.000000000000000000 ) ) ;
#5983 = DIRECTION ( 'NONE',  ( 0.000000000000000000, 0.5877852522924742473, -0.8090169943749465631 ) ) ;
#5984 = AXIS2_PLACEMENT_3D ( 'NONE', #7439, #3579, #2378 ) ;
#5985 = LOCAL_TIME ( 18, 37, 26.00000000000000000, #901 ) ;
#5986 = EDGE_LOOP ( 'NONE', ( #8, #376, #1584, #3855 ) ) ;
#5987 = CARTESIAN_POINT ( 'NONE',  ( 0.000000000000000000, -4.879274292602897134, -23.24236828246090525 ) ) ;
#5988 = DIRECTION ( 'NONE',  ( 0.000000000000000000, 0.9048270524660174674, 0.4257792915650767673 ) ) ;
#5989 = VECTOR ( 'NONE', #8434, 1000.000000000000000 ) ;
#5990 = AXIS2_PLACEMENT_3D ( 'NONE', #3952, #5405, #6137 ) ;
#5991 = FACE_OUTER_BOUND ( 'NONE', #6013, .T. ) ;
#5992 = ORIENTED_EDGE ( 'NONE', *, *, #752, .T. ) ;
#5993 = CARTESIAN_POINT ( 'NONE',  ( 3.000000000000000888, 0.000000000000000000, 0.000000000000000000 ) ) ;
#5994 = VERTEX_POINT ( 'NONE', #7046 ) ;
#5995 = CARTESIAN_POINT ( 'NONE',  ( 0.000000000000000000, 17.60893712771352781, 15.93550545895021386 ) ) ;
#5996 = CARTESIAN_POINT ( 'NONE',  ( 15.37268543418457512, 7.000000000000008882, -7.428415564783019676 ) ) ;
#5997 = AXIS2_PLACEMENT_3D ( 'NONE', #7450, #6692, #160 ) ;
#5998 = ORIENTED_EDGE ( 'NONE', *, *, #249, .T. ) ;
#5999 = LINE ( 'NONE', #2097, #6960 ) ;
#6000 = CARTESIAN_POINT ( 'NONE',  ( 0.000000000000000000, 0.000000000000000000, 0.000000000000000000 ) ) ;
#6001 = CIRCLE ( 'NONE', #6831, 1.600000000000000089 ) ;
#6002 = DIRECTION ( 'NONE',  ( 0.000000000000000000, 0.000000000000000000, 1.000000000000000000 ) ) ;
#6003 = EDGE_LOOP ( 'NONE', ( #6041, #1898, #7261, #1030 ) ) ;
#6004 = CYLINDRICAL_SURFACE ( 'NONE', #1610, 9.999999999999998224 ) ;
#6005 = CARTESIAN_POINT ( 'NONE',  ( 3.000000000000000888, 2.943853573238647492, -25.83280329618390070 ) ) ;
#6006 = ORIENTED_EDGE ( 'NONE', *, *, #5407, .T. ) ;
#6007 = FACE_OUTER_BOUND ( 'NONE', #760, .T. ) ;
#6008 = DIRECTION ( 'NONE',  ( 0.000000000000000000, -0.9980267284282707818, -0.06279051952932435121 ) ) ;
#6009 = EDGE_CURVE ( 'NONE', #1430, #2064, #3943, .T. ) ;
#6010 = ADVANCED_FACE ( 'NONE', ( #6543 ), #3231, .T. ) ;
#6011 = AXIS2_PLACEMENT_3D ( 'NONE', #724, #2798, #4082 ) ;
#6012 = COORDINATED_UNIVERSAL_TIME_OFFSET ( 7, 0, .AHEAD. ) ;
#6013 = EDGE_LOOP ( 'NONE', ( #3343, #6057, #2023, #903 ) ) ;
#6014 = CIRCLE ( 'NONE', #6425, 9.999999999999996447 ) ;
#6015 = LINE ( 'NONE', #6708, #381 ) ;
#6016 = ORIENTED_EDGE ( 'NONE', *, *, #456, .F. ) ;
#6017 = EDGE_LOOP ( 'NONE', ( #2928, #374, #1838, #1977 ) ) ;
#6018 = DIRECTION ( 'NONE',  ( 0.000000000000000000, 0.000000000000000000, -1.000000000000000000 ) ) ;
#6019 = DIRECTION ( 'NONE',  ( -1.000000000000000000, -0.000000000000000000, 0.000000000000000000 ) ) ;
#6020 = VERTEX_POINT ( 'NONE', #6414 ) ;
#6021 = FACE_OUTER_BOUND ( 'NONE', #5014, .T. ) ;
#6022 = EDGE_CURVE ( 'NONE', #819, #1928, #1335, .T. ) ;
#6023 = CIRCLE ( 'NONE', #1766, 10.00000000000000000 ) ;
#6024 = CARTESIAN_POINT ( 'NONE',  ( 2.052224346939968136, 10.00000000000000888, 15.84577559900801624 ) ) ;
#6025 = EDGE_CURVE ( 'NONE', #4296, #106, #6147, .T. ) ;
#6026 = ORIENTED_EDGE ( 'NONE', *, *, #6843, .F. ) ;
#6027 = CYLINDRICAL_SURFACE ( 'NONE', #7478, 9.999999999999998224 ) ;
#6028 = CIRCLE ( 'NONE', #2743, 23.74900000000000233 ) ;
#6029 = FACE_OUTER_BOUND ( 'NONE', #2886, .T. ) ;
#6030 = CIRCLE ( 'NONE', #4110, 9.999999999999998224 ) ;
#6031 = CC_DESIGN_DATE_AND_TIME_ASSIGNMENT ( #33, #556, ( #220 ) ) ;
#6032 = EDGE_LOOP ( 'NONE', ( #5760, #5868, #5770, #8081 ) ) ;
#6033 = DIRECTION ( 'NONE',  ( -1.000000000000000000, 0.000000000000000000, 0.000000000000000000 ) ) ;
#6034 = LINE ( 'NONE', #6112, #3268 ) ;
#6035 = ADVANCED_FACE ( 'NONE', ( #4468 ), #1253, .T. ) ;
#6036 = EDGE_CURVE ( 'NONE', #8142, #6782, #8435, .T. ) ;
#6037 = AXIS2_PLACEMENT_3D ( 'NONE', #3449, #1628, #8128 ) ;
#6038 = CARTESIAN_POINT ( 'NONE',  ( 3.000000000000000888, -4.019451921851803000, -23.40638817177742581 ) ) ;
#6039 = VERTEX_POINT ( 'NONE', #7830 ) ;
#6040 = DIRECTION ( 'NONE',  ( -1.000000000000000000, -0.000000000000000000, -0.000000000000000000 ) ) ;
#6041 = ORIENTED_EDGE ( 'NONE', *, *, #2503, .T. ) ;
#6042 = DIRECTION ( 'NONE',  ( -1.000000000000000000, -0.000000000000000000, 0.000000000000000000 ) ) ;
#6043 = FACE_OUTER_BOUND ( 'NONE', #2636, .T. ) ;
#6044 = AXIS2_PLACEMENT_3D ( 'NONE', #8028, #6784, #1408 ) ;
#6045 = VERTEX_POINT ( 'NONE', #8431 ) ;
#6046 = DIRECTION ( 'NONE',  ( -1.000000000000000000, 0.000000000000000000, 0.000000000000000000 ) ) ;
#6047 = LINE ( 'NONE', #7366, #1907 ) ;
#6048 = CARTESIAN_POINT ( 'NONE',  ( 3.000000000000000888, 17.60893712771352781, 15.93550545895021386 ) ) ;
#6049 = ORIENTED_EDGE ( 'NONE', *, *, #5955, .F. ) ;
#6050 = DIRECTION ( 'NONE',  ( -1.000000000000000000, -0.000000000000000000, -0.000000000000000000 ) ) ;
#6051 = CARTESIAN_POINT ( 'NONE',  ( 3.000000000000000888, 0.000000000000000000, 0.000000000000000000 ) ) ;
#6052 = VERTEX_POINT ( 'NONE', #2546 ) ;
#6053 = CYLINDRICAL_SURFACE ( 'NONE', #1157, 9.999999999999998224 ) ;
#6054 = DIRECTION ( 'NONE',  ( 0.000000000000000000, 0.000000000000000000, 1.000000000000000000 ) ) ;
#6055 = CARTESIAN_POINT ( 'NONE',  ( 3.000000000000000888, 0.000000000000000000, 0.000000000000000000 ) ) ;
#6056 = DATE_TIME_ROLE ( 'classification_date' ) ;
#6057 = ORIENTED_EDGE ( 'NONE', *, *, #8384, .F. ) ;
#6058 = PLANE ( 'NONE',  #948 ) ;
#6059 = VERTEX_POINT ( 'NONE', #1982 ) ;
#6060 = ORIENTED_EDGE ( 'NONE', *, *, #1201, .F. ) ;
#6061 = CARTESIAN_POINT ( 'NONE',  ( 0.000000000000000000, 10.00000000000000000, -17.50000000000000355 ) ) ;
#6062 = DIRECTION ( 'NONE',  ( 0.000000000000000000, 0.000000000000000000, 1.000000000000000000 ) ) ;
#6063 = ORIENTED_EDGE ( 'NONE', *, *, #1646, .F. ) ;
#6064 = DIRECTION ( 'NONE',  ( -1.000000000000000000, 0.000000000000000000, -0.000000000000000000 ) ) ;
#6065 = CARTESIAN_POINT ( 'NONE',  ( 0.000000000000000000, 0.000000000000000000, 0.000000000000000000 ) ) ;
#6066 = ORIENTED_EDGE ( 'NONE', *, *, #6451, .T. ) ;
#6067 = EDGE_CURVE ( 'NONE', #521, #5788, #4592, .T. ) ;
#6068 = DIRECTION ( 'NONE',  ( 1.000000000000000000, -0.000000000000000000, -0.000000000000000000 ) ) ;
#6069 = EDGE_CURVE ( 'NONE', #7456, #881, #3108, .T. ) ;
#6070 = DIRECTION ( 'NONE',  ( 0.000000000000000000, 0.000000000000000000, 1.000000000000000000 ) ) ;
#6071 = AXIS2_PLACEMENT_3D ( 'NONE', #7753, #6470, #3249 ) ;
#6072 = VERTEX_POINT ( 'NONE', #5975 ) ;
#6073 = DIRECTION ( 'NONE',  ( 0.000000000000000000, 0.9822872507286879440, 0.1873813145857285700 ) ) ;
#6074 = CARTESIAN_POINT ( 'NONE',  ( 3.000000000000000888, 0.000000000000000000, 0.000000000000000000 ) ) ;
#6075 = DIRECTION ( 'NONE',  ( -1.000000000000000000, -0.000000000000000000, 0.000000000000000000 ) ) ;
#6076 = EDGE_CURVE ( 'NONE', #86, #4570, #935, .T. ) ;
#6077 = VERTEX_POINT ( 'NONE', #2805 ) ;
#6078 = EDGE_CURVE ( 'NONE', #606, #2002, #5283, .T. ) ;
#6079 = DIRECTION ( 'NONE',  ( 0.000000000000000000, -0.9822872507286904975, 0.1873813145857150253 ) ) ;
#6080 = ORIENTED_EDGE ( 'NONE', *, *, #611, .F. ) ;
#6081 = CYLINDRICAL_SURFACE ( 'NONE', #3897, 9.999999999999998224 ) ;
#6082 = DIRECTION ( 'NONE',  ( 1.000000000000000000, -0.000000000000000000, 0.000000000000000000 ) ) ;
#6083 = CARTESIAN_POINT ( 'NONE',  ( 0.000000000000000000, 24.82361017592223007, 7.732294474077540336 ) ) ;
#6084 = DIRECTION ( 'NONE',  ( -1.000000000000000000, 0.000000000000000000, 0.000000000000000000 ) ) ;
#6085 = PRODUCT_DEFINITION ( 'UNKNOWN', '', #3924, #6905 ) ;
#6086 = CARTESIAN_POINT ( 'NONE',  ( 0.000000000000000000, 8.758419641788600885, 21.79860027646852672 ) ) ;
#6087 = VERTEX_POINT ( 'NONE', #1466 ) ;
#6088 = DIRECTION ( 'NONE',  ( -1.000000000000000000, -0.000000000000000000, 0.000000000000000000 ) ) ;
#6089 = FACE_OUTER_BOUND ( 'NONE', #641, .T. ) ;
#6090 = ORIENTED_EDGE ( 'NONE', *, *, #829, .T. ) ;
#6091 = CARTESIAN_POINT ( 'NONE',  ( -15.37268543418823796, 10.00000000000000888, 7.428415564729728970 ) ) ;
#6092 = FACE_OUTER_BOUND ( 'NONE', #6845, .T. ) ;
#6093 = DIRECTION ( 'NONE',  ( -1.000000000000000000, 0.000000000000000000, -0.000000000000000000 ) ) ;
#6094 = CIRCLE ( 'NONE', #464, 26.00000000000000000 ) ;
#6095 = PERSON_AND_ORGANIZATION_ROLE ( 'creator' ) ;
#6096 = ORIENTED_EDGE ( 'NONE', *, *, #6389, .F. ) ;
#6097 = CARTESIAN_POINT ( 'NONE',  ( 0.000000000000000000, -23.61258448579734193, -2.541821178030204464 ) ) ;
#6098 = EDGE_LOOP ( 'NONE', ( #6522, #2797, #5273, #3168, #3667, #6710, #7860, #1219, #4678, #1477, #2946, #496, #871, #7855, #4069, #3757, #1740, #6691, #7435, #7814, #3575, #60, #4718, #3755, #3723, #130, #145, #8429, #913, #2075, #5548, #6536, #5739, #885, #2122, #3988, #4350, #7258, #6340, #6653, #4014, #268, #2163, #6890, #7036, #3190, #222, #3604, #6602, #7251, #8210, #1940, #1683, #8259, #6903, #7972, #6218, #5773, #1120, #1926, #3516, #2326, #2830, #6144, #6366, #5266, #2763, #8354, #7176, #1082, #7468, #8232, #1362, #5635, #1775, #4817, #3681, #2965, #8388, #620, #1668, #6709, #2038, #5113, #4989, #5301, #1946, #5683, #4286, #7881, #3697, #15, #4564, #321, #6826, #7293, #4886, #1516, #1308, #5956, #3315, #7097, #2810, #3023, #4057, #5625, #1541, #5362, #1623, #295, #3861, #2314, #3177, #694, #7270, #2539, #6080, #3949, #2980, #6269, #3286, #3885, #6995, #8000, #4103, #1540, #4237, #4370, #4972, #2918, #7069, #285, #7167, #2145, #2730, #5099, #7545, #4512, #7173, #3625, #2028, #6433, #4653, #7548, #7168, #7231, #6189, #8343, #7733, #5666, #3174, #577, #653, #6662, #4834, #2081, #2816, #7090, #2646, #1259, #57, #6358, #4685, #3105, #1840, #847, #5213, #3422, #7031, #3741, #4529, #7219, #4225, #3009, #4919, #3637, #2741, #82, #6726, #8099, #3078, #3487, #539, #5840, #7906, #2523, #5187, #587, #6275, #2013, #8473, #4699, #4540, #6060, #639, #128, #3976, #1980, #7447, #7580, #4165, #6539, #3486 ) ) ;
#6099 = ORIENTED_EDGE ( 'NONE', *, *, #674, .T. ) ;
#6100 = CARTESIAN_POINT ( 'NONE',  ( 1.500000000000000444, 17.56576837257052048, 19.16882316369998662 ) ) ;
#6101 = DIRECTION ( 'NONE',  ( -1.000000000000000000, 0.000000000000000000, -0.000000000000000000 ) ) ;
#6102 = DIRECTION ( 'NONE',  ( -1.000000000000000000, 0.000000000000000000, 0.000000000000000000 ) ) ;
#6103 = AXIS2_PLACEMENT_3D ( 'NONE', #790, #182, #1593 ) ;
#6104 = ORIENTED_EDGE ( 'NONE', *, *, #7326, .T. ) ;
#6105 = DIRECTION ( 'NONE',  ( 0.000000000000000000, 1.000000000000000000, 0.000000000000000000 ) ) ;
#6106 = AXIS2_PLACEMENT_3D ( 'NONE', #2849, #2074, #6148 ) ;
#6107 = CYLINDRICAL_SURFACE ( 'NONE', #1388, 26.00000000000000000 ) ;
#6108 = ORIENTED_EDGE ( 'NONE', *, *, #7634, .F. ) ;
#6109 = AXIS2_PLACEMENT_3D ( 'NONE', #5312, #6088, #4021 ) ;
#6110 = CARTESIAN_POINT ( 'NONE',  ( 3.000000000000000888, 19.82974763304096300, 16.81609671742840462 ) ) ;
#6111 = CIRCLE ( 'NONE', #2412, 23.74900000000000588 ) ;
#6112 = CARTESIAN_POINT ( 'NONE',  ( 3.000000000000000888, -22.89013261011081113, -6.329046538898397856 ) ) ;
#6113 = ADVANCED_FACE ( 'NONE', ( #5933 ), #4722, .T. ) ;
#6114 = CIRCLE ( 'NONE', #3912, 26.00000000000000000 ) ;
#6115 = EDGE_CURVE ( 'NONE', #1249, #6933, #2312, .T. ) ;
#6116 = VECTOR ( 'NONE', #2858, 1000.000000000000000 ) ;
#6117 = DIRECTION ( 'NONE',  ( 0.000000000000000000, -0.9510565162951500895, -0.3090169943749582759 ) ) ;
#6118 = LOCAL_TIME ( 18, 37, 26.00000000000000000, #78 ) ;
#6119 = ORIENTED_EDGE ( 'NONE', *, *, #7739, .T. ) ;
#6120 = CARTESIAN_POINT ( 'NONE',  ( 0.000000000000000000, 0.000000000000000000, 0.000000000000000000 ) ) ;
#6121 = ORIENTED_EDGE ( 'NONE', *, *, #3904, .T. ) ;
#6122 = DIRECTION ( 'NONE',  ( -1.000000000000000000, 0.000000000000000000, -0.000000000000000000 ) ) ;
#6123 = CARTESIAN_POINT ( 'NONE',  ( 14.11953930602605212, 7.000000000000008882, -9.598928328060640780 ) ) ;
#6124 = AXIS2_PLACEMENT_3D ( 'NONE', #5854, #651, #1169 ) ;
#6125 = DIRECTION ( 'NONE',  ( -1.000000000000000000, 0.000000000000000000, 0.000000000000000000 ) ) ;
#6126 = LOCAL_TIME ( 18, 37, 26.00000000000000000, #3767 ) ;
#6127 = CARTESIAN_POINT ( 'NONE',  ( 0.000000000000000000, 4.019451921852294163, -23.40638817177733699 ) ) ;
#6128 = EDGE_CURVE ( 'NONE', #3120, #4567, #7247, .T. ) ;
#6129 = EDGE_CURVE ( 'NONE', #2405, #6909, #691, .T. ) ;
#6130 = CARTESIAN_POINT ( 'NONE',  ( 3.000000000000000888, 4.879274292603049901, 23.24236828246086972 ) ) ;
#6131 = EDGE_CURVE ( 'NONE', #2377, #7117, #868, .T. ) ;
#6132 = ORIENTED_EDGE ( 'NONE', *, *, #5345, .F. ) ;
#6133 = VECTOR ( 'NONE', #3428, 1000.000000000000000 ) ;
#6134 = CARTESIAN_POINT ( 'NONE',  ( 0.000000000000000000, -5.727185429052539689, 22.78350797608152334 ) ) ;
#6135 = ORIENTED_EDGE ( 'NONE', *, *, #7014, .F. ) ;
#6136 = DIRECTION ( 'NONE',  ( -1.000000000000000000, 0.000000000000000000, -0.000000000000000000 ) ) ;
#6137 = DIRECTION ( 'NONE',  ( 0.000000000000000000, 0.000000000000000000, 1.000000000000000000 ) ) ;
#6138 = ADVANCED_FACE ( 'NONE', ( #4770 ), #336, .F. ) ;
#6139 = EDGE_CURVE ( 'NONE', #8513, #1521, #2321, .T. ) ;
#6140 = PERSON_AND_ORGANIZATION ( #6793, #2555 ) ;
#6141 = VECTOR ( 'NONE', #5400, 1000.000000000000114 ) ;
#6142 = VERTEX_POINT ( 'NONE', #2031 ) ;
#6143 = DIRECTION ( 'NONE',  ( 0.000000000000000000, 0.000000000000000000, 1.000000000000000000 ) ) ;
#6144 = ORIENTED_EDGE ( 'NONE', *, *, #6139, .F. ) ;
#6145 = ORIENTED_EDGE ( 'NONE', *, *, #7323, .F. ) ;
#6146 = CARTESIAN_POINT ( 'NONE',  ( -10.00000000000000000, 0.000000000000000000, 0.000000000000000000 ) ) ;
#6147 = CIRCLE ( 'NONE', #2442, 23.74900000000000588 ) ;
#6148 = DIRECTION ( 'NONE',  ( 0.000000000000000000, 0.000000000000000000, 1.000000000000000000 ) ) ;
#6149 = VECTOR ( 'NONE', #4127, 1000.000000000000114 ) ;
#6150 = CARTESIAN_POINT ( 'NONE',  ( 3.000000000000000888, -18.02520032586875587, 15.06589001178566178 ) ) ;
#6151 =( NAMED_UNIT ( * ) PLANE_ANGLE_UNIT ( ) SI_UNIT ( $, .RADIAN. ) );
#6152 = AXIS2_PLACEMENT_3D ( 'NONE', #6273, #382, #6795 ) ;
#6153 = VERTEX_POINT ( 'NONE', #4638 ) ;
#6154 = CYLINDRICAL_SURFACE ( 'NONE', #4732, 26.00000000000000000 ) ;
#6155 = CIRCLE ( 'NONE', #8353, 9.999999999999998224 ) ;
#6156 = CARTESIAN_POINT ( 'NONE',  ( 3.000000000000000888, 0.000000000000000000, 0.000000000000000000 ) ) ;
#6157 = ORIENTED_EDGE ( 'NONE', *, *, #1939, .T. ) ;
#6158 = DIRECTION ( 'NONE',  ( 0.000000000000000000, 0.000000000000000000, 1.000000000000000000 ) ) ;
#6159 = AXIS2_PLACEMENT_3D ( 'NONE', #364, #3077, #5693 ) ;
#6160 = CARTESIAN_POINT ( 'NONE',  ( 3.000000000000000888, -10.50612486395218959, -21.29874036986802111 ) ) ;
#6161 = AXIS2_PLACEMENT_3D ( 'NONE', #3691, #7513, #2367 ) ;
#6162 = CIRCLE ( 'NONE', #4920, 10.00000000000000000 ) ;
#6163 = CIRCLE ( 'NONE', #7673, 9.999999999999998224 ) ;
#6164 = DIRECTION ( 'NONE',  ( -1.000000000000000000, -0.000000000000000000, 0.000000000000000000 ) ) ;
#6165 = ORIENTED_EDGE ( 'NONE', *, *, #1858, .F. ) ;
#6166 = DIRECTION ( 'NONE',  ( 0.000000000000000000, -1.000000000000000000, 0.000000000000000000 ) ) ;
#6167 = ORIENTED_EDGE ( 'NONE', *, *, #3687, .T. ) ;
#6168 = DIRECTION ( 'NONE',  ( 0.000000000000000000, 0.6845471059286846183, 0.7289686274214153272 ) ) ;
#6169 = CARTESIAN_POINT ( 'NONE',  ( 0.000000000000000000, 18.02520032586864929, 15.06589001178578968 ) ) ;
#6170 = CIRCLE ( 'NONE', #2205, 23.74900000000000233 ) ;
#6171 = DIRECTION ( 'NONE',  ( -1.000000000000000000, 0.000000000000000000, 0.000000000000000000 ) ) ;
#6172 = AXIS2_PLACEMENT_3D ( 'NONE', #1380, #4400, #2032 ) ;
#6173 = AXIS2_PLACEMENT_3D ( 'NONE', #6410, #563, #520 ) ;
#6174 = LINE ( 'NONE', #8149, #4651 ) ;
#6175 = EDGE_CURVE ( 'NONE', #4199, #1340, #5320, .T. ) ;
#6176 = DIRECTION ( 'NONE',  ( -1.000000000000000000, 0.000000000000000000, 0.000000000000000000 ) ) ;
#6177 = ORIENTED_EDGE ( 'NONE', *, *, #4436, .F. ) ;
#6178 = AXIS2_PLACEMENT_3D ( 'NONE', #3608, #7595, #994 ) ;
#6179 = DIRECTION ( 'NONE',  ( -1.000000000000000000, 0.000000000000000000, 0.000000000000000000 ) ) ;
#6180 = ORIENTED_EDGE ( 'NONE', *, *, #2789, .T. ) ;
#6181 = ADVANCED_FACE ( 'NONE', ( #8043 ), #7266, .T. ) ;
#6182 = DIRECTION ( 'NONE',  ( -1.000000000000000000, 0.000000000000000000, 0.000000000000000000 ) ) ;
#6183 = DIRECTION ( 'NONE',  ( 0.000000000000000000, 0.000000000000000000, 1.000000000000000000 ) ) ;
#6184 = CARTESIAN_POINT ( 'NONE',  ( -14.74895638488504801, 7.000000000000008882, -6.145609380897365526 ) ) ;
#6185 = EDGE_CURVE ( 'NONE', #3123, #5045, #5884, .T. ) ;
#6186 = PERSON_AND_ORGANIZATION ( #6793, #2555 ) ;
#6187 = VERTEX_POINT ( 'NONE', #7308 ) ;
#6188 = CARTESIAN_POINT ( 'NONE',  ( 1.500000000000000444, 9.865329348984012370, -24.05567036763005717 ) ) ;
#6189 = ORIENTED_EDGE ( 'NONE', *, *, #7162, .F. ) ;
#6190 = EDGE_CURVE ( 'NONE', #2472, #6299, #7348, .T. ) ;
#6191 = ORIENTED_EDGE ( 'NONE', *, *, #5778, .T. ) ;
#6192 = CARTESIAN_POINT ( 'NONE',  ( 0.000000000000000000, 15.53779383581457729, 20.84650960510469986 ) ) ;
#6193 = ADVANCED_FACE ( 'NONE', ( #6021 ), #6315, .F. ) ;
#6194 = LINE ( 'NONE', #2931, #385 ) ;
#6195 = CARTESIAN_POINT ( 'NONE',  ( 0.000000000000000000, 0.000000000000000000, 0.000000000000000000 ) ) ;
#6196 = VERTEX_POINT ( 'NONE', #7562 ) ;
#6197 = CARTESIAN_POINT ( 'NONE',  ( 3.000000000000000888, 2.826494134736508901, 23.32165987963168874 ) ) ;
#6198 = CARTESIAN_POINT ( 'NONE',  ( 0.000000000000000000, 19.89860609720116358, 12.48736817841737690 ) ) ;
#6199 = VECTOR ( 'NONE', #3414, 1000.000000000000000 ) ;
#6200 = ORIENTED_EDGE ( 'NONE', *, *, #2168, .F. ) ;
#6201 = CARTESIAN_POINT ( 'NONE',  ( 1.500000000000000444, 19.82974763304096655, 16.81609671742840462 ) ) ;
#6202 = CIRCLE ( 'NONE', #7297, 10.00000000000000000 ) ;
#6203 = CARTESIAN_POINT ( 'NONE',  ( 3.000000000000000888, 15.02476645158323798, 21.21924581778011287 ) ) ;
#6204 = CYLINDRICAL_SURFACE ( 'NONE', #6906, 23.74900000000000233 ) ;
#6205 = EDGE_LOOP ( 'NONE', ( #2818, #71, #6852, #2497 ) ) ;
#6206 = EDGE_LOOP ( 'NONE', ( #5970, #4906, #2434, #6584 ) ) ;
#6207 = CARTESIAN_POINT ( 'NONE',  ( 3.000000000000000888, -9.865329348983509661, -24.05567036763025968 ) ) ;
#6208 = CARTESIAN_POINT ( 'NONE',  ( -4.051352821171860796, 10.00000000000000888, 7.017148925649419056 ) ) ;
#6209 = EDGE_CURVE ( 'NONE', #5841, #4821, #6707, .T. ) ;
#6210 = DIRECTION ( 'NONE',  ( -1.000000000000000000, 0.000000000000000000, -0.000000000000000000 ) ) ;
#6211 = FACE_OUTER_BOUND ( 'NONE', #8454, .T. ) ;
#6212 = DIRECTION ( 'NONE',  ( -1.000000000000000000, 0.000000000000000000, 0.000000000000000000 ) ) ;
#6213 = ORIENTED_EDGE ( 'NONE', *, *, #2745, .T. ) ;
#6214 = LINE ( 'NONE', #1692, #124 ) ;
#6215 = ORIENTED_EDGE ( 'NONE', *, *, #4145, .T. ) ;
#6216 = DIRECTION ( 'NONE',  ( 0.000000000000000000, 0.000000000000000000, 1.000000000000000000 ) ) ;
#6217 = LINE ( 'NONE', #367, #413 ) ;
#6218 = ORIENTED_EDGE ( 'NONE', *, *, #3347, .F. ) ;
#6219 = DIRECTION ( 'NONE',  ( 0.000000000000000000, 0.000000000000000000, 1.000000000000000000 ) ) ;
#6220 = ADVANCED_FACE ( 'NONE', ( #7517 ), #7431, .T. ) ;
#6221 = DATE_AND_TIME ( #4928, #6126 ) ;
#6222 = EDGE_CURVE ( 'NONE', #927, #7834, #1212, .T. ) ;
#6223 = ORIENTED_EDGE ( 'NONE', *, *, #4425, .T. ) ;
#6224 = CARTESIAN_POINT ( 'NONE',  ( 3.000000000000000888, 13.71217102453755388, 19.07525240799593647 ) ) ;
#6225 = ORIENTED_EDGE ( 'NONE', *, *, #8442, .F. ) ;
#6226 = VERTEX_POINT ( 'NONE', #1588 ) ;
#6227 = DIRECTION ( 'NONE',  ( -1.000000000000000000, 0.000000000000000000, 0.000000000000000000 ) ) ;
#6228 = CIRCLE ( 'NONE', #6914, 26.00000000000000000 ) ;
#6229 = CARTESIAN_POINT ( 'NONE',  ( 0.000000000000000000, 2.220446049250313081E-13, 2.220446049250313081E-13 ) ) ;
#6230 =( NAMED_UNIT ( * ) PLANE_ANGLE_UNIT ( ) SI_UNIT ( $, .RADIAN. ) );
#6231 = CIRCLE ( 'NONE', #1698, 26.00000000000000000 ) ;
#6232 = EDGE_CURVE ( 'NONE', #6589, #2782, #1547, .T. ) ;
#6233 = ADVANCED_FACE ( 'NONE', ( #4212 ), #8213, .F. ) ;
#6234 = ORIENTED_EDGE ( 'NONE', *, *, #4027, .T. ) ;
#6235 = DIRECTION ( 'NONE',  ( 0.000000000000000000, 0.000000000000000000, 1.000000000000000000 ) ) ;
#6236 = EDGE_CURVE ( 'NONE', #799, #7260, #6014, .T. ) ;
#6237 = CARTESIAN_POINT ( 'NONE',  ( 3.000000000000000888, 21.20563999867581373, -10.10988233766756039 ) ) ;
#6238 = VERTEX_POINT ( 'NONE', #6839 ) ;
#6239 = AXIS2_PLACEMENT_3D ( 'NONE', #886, #4229, #6168 ) ;
#6240 = CARTESIAN_POINT ( 'NONE',  ( 3.000000000000000888, -23.43820135222875223, 1.593614133755210105 ) ) ;
#6241 = CARTESIAN_POINT ( 'NONE',  ( 0.000000000000000000, -18.02520032586853915, -15.06589001178591936 ) ) ;
#6242 = EDGE_CURVE ( 'NONE', #8380, #954, #6194, .T. ) ;
#6243 = AXIS2_PLACEMENT_3D ( 'NONE', #5643, #3199, #7017 ) ;
#6244 = AXIS2_PLACEMENT_3D ( 'NONE', #2110, #4676, #171 ) ;
#6245 = CARTESIAN_POINT ( 'NONE',  ( 0.000000000000000000, -16.16797261240381545, -17.04363664947954504 ) ) ;
#6246 = CARTESIAN_POINT ( 'NONE',  ( 0.000000000000000000, 5.000000000000000000, 0.000000000000000000 ) ) ;
#6247 = ORIENTED_EDGE ( 'NONE', *, *, #5182, .T. ) ;
#6248 = ORIENTED_EDGE ( 'NONE', *, *, #2136, .T. ) ;
#6249 = DIRECTION ( 'NONE',  ( 1.000000000000000000, 0.000000000000000000, 0.000000000000000000 ) ) ;
#6250 = FACE_OUTER_BOUND ( 'NONE', #8245, .T. ) ;
#6251 = DIRECTION ( 'NONE',  ( -1.000000000000000000, -0.000000000000000000, 0.000000000000000000 ) ) ;
#6252 = VECTOR ( 'NONE', #1570, 1000.000000000000000 ) ;
#6253 = CIRCLE ( 'NONE', #4053, 9.999999999999998224 ) ;
#6254 = DIRECTION ( 'NONE',  ( 0.000000000000000000, 0.000000000000000000, 1.000000000000000000 ) ) ;
#6255 = CIRCLE ( 'NONE', #904, 23.74900000000000233 ) ;
#6256 = DIRECTION ( 'NONE',  ( -1.000000000000000000, 0.000000000000000000, -0.000000000000000000 ) ) ;
#6257 = ORIENTED_EDGE ( 'NONE', *, *, #7603, .T. ) ;
#6258 = DIRECTION ( 'NONE',  ( -1.000000000000000000, 0.000000000000000000, 0.000000000000000000 ) ) ;
#6259 = ORIENTED_EDGE ( 'NONE', *, *, #6870, .F. ) ;
#6260 = LINE ( 'NONE', #8246, #53 ) ;
#6261 = DIRECTION ( 'NONE',  ( -1.000000000000000000, 0.000000000000000000, -0.000000000000000000 ) ) ;
#6262 = AXIS2_PLACEMENT_3D ( 'NONE', #2603, #2474, #6467 ) ;
#6263 = ORIENTED_EDGE ( 'NONE', *, *, #6895, .T. ) ;
#6264 = CYLINDRICAL_SURFACE ( 'NONE', #4342, 23.74900000000000233 ) ;
#6265 = APPROVAL_STATUS ( 'not_yet_approved' ) ;
#6266 = VERTEX_POINT ( 'NONE', #7470 ) ;
#6267 = CARTESIAN_POINT ( 'NONE',  ( 3.000000000000000888, 0.000000000000000000, 0.000000000000000000 ) ) ;
#6268 = ORIENTED_EDGE ( 'NONE', *, *, #5810, .F. ) ;
#6269 = ORIENTED_EDGE ( 'NONE', *, *, #959, .F. ) ;
#6270 = DIRECTION ( 'NONE',  ( 1.000000000000000000, 0.000000000000000000, -0.000000000000000000 ) ) ;
#6271 = EDGE_CURVE ( 'NONE', #2736, #7359, #3005, .T. ) ;
#6272 = AXIS2_PLACEMENT_3D ( 'NONE', #4365, #3762, #6387 ) ;
#6273 = CARTESIAN_POINT ( 'NONE',  ( 3.000000000000000888, 0.000000000000000000, 0.000000000000000000 ) ) ;
#6274 = CARTESIAN_POINT ( 'NONE',  ( 669.3036442665692221, 882.0547496060287358, 1297.522386998484308 ) ) ;
#6275 = ORIENTED_EDGE ( 'NONE', *, *, #7504, .F. ) ;
#6276 = AXIS2_PLACEMENT_3D ( 'NONE', #614, #3794, #2516 ) ;
#6277 = CARTESIAN_POINT ( 'NONE',  ( 1.499999999999999556, -3.572989937012940764, 25.75332489039044503 ) ) ;
#6278 = ORIENTED_EDGE ( 'NONE', *, *, #6282, .T. ) ;
#6279 = EDGE_CURVE ( 'NONE', #4186, #4390, #7795, .T. ) ;
#6280 = LINE ( 'NONE', #2225, #1179 ) ;
#6281 = DIRECTION ( 'NONE',  ( -1.000000000000000000, -0.000000000000000000, 0.000000000000000000 ) ) ;
#6282 = EDGE_CURVE ( 'NONE', #8505, #5322, #5630, .T. ) ;
#6283 = EDGE_CURVE ( 'NONE', #4059, #5158, #7107, .T. ) ;
#6284 = DIRECTION ( 'NONE',  ( 1.000000000000000000, 0.000000000000000000, 0.000000000000000000 ) ) ;
#6285 = PRODUCT_DEFINITION ( 'UNKNOWN', '', #6542, #2962 ) ;
#6286 = DIRECTION ( 'NONE',  ( -1.000000000000000000, -0.000000000000000000, -0.000000000000000000 ) ) ;
#6287 = VERTEX_POINT ( 'NONE', #4169 ) ;
#6288 = AXIS2_PLACEMENT_3D ( 'NONE', #4670, #4117, #7292 ) ;
#6289 = ORIENTED_EDGE ( 'NONE', *, *, #6009, .T. ) ;
#6290 = DIRECTION ( 'NONE',  ( -1.000000000000000000, -0.000000000000000000, -0.000000000000000000 ) ) ;
#6291 = EDGE_CURVE ( 'NONE', #2616, #8199, #8082, .T. ) ;
#6292 = CARTESIAN_POINT ( 'NONE',  ( 0.000000000000000000, -1.927758584904202266, 23.67063049093387050 ) ) ;
#6293 = ADVANCED_FACE ( 'NONE', ( #4937 ), #4292, .T. ) ;
#6294 = CARTESIAN_POINT ( 'NONE',  ( 3.000000000000000888, 13.09272093277509974, -19.81402683899648309 ) ) ;
#6295 = DIRECTION ( 'NONE',  ( -1.000000000000000000, 0.000000000000000000, 0.000000000000000000 ) ) ;
#6296 = AXIS2_PLACEMENT_3D ( 'NONE', #1109, #2439, #2359 ) ;
#6297 = AXIS2_PLACEMENT_3D ( 'NONE', #2392, #2917, #2273 ) ;
#6298 = DIRECTION ( 'NONE',  ( 0.000000000000000000, 0.000000000000000000, 1.000000000000000000 ) ) ;
#6299 = VERTEX_POINT ( 'NONE', #8258 ) ;
#6300 = CARTESIAN_POINT ( 'NONE',  ( 0.000000000000000000, 0.000000000000000000, 0.000000000000000000 ) ) ;
#6301 = ORIENTED_EDGE ( 'NONE', *, *, #4441, .F. ) ;
#6302 = DIRECTION ( 'NONE',  ( 0.000000000000000000, 0.000000000000000000, -1.000000000000000000 ) ) ;
#6303 = FACE_OUTER_BOUND ( 'NONE', #1530, .T. ) ;
#6304 = EDGE_CURVE ( 'NONE', #5890, #6836, #3954, .T. ) ;
#6305 = ORIENTED_EDGE ( 'NONE', *, *, #5812, .F. ) ;
#6306 = DIRECTION ( 'NONE',  ( 0.000000000000000000, 0.000000000000000000, -1.000000000000000000 ) ) ;
#6307 = COORDINATED_UNIVERSAL_TIME_OFFSET ( 7, 0, .AHEAD. ) ;
#6308 = AXIS2_PLACEMENT_3D ( 'NONE', #2761, #7994, #6018 ) ;
#6309 = EDGE_LOOP ( 'NONE', ( #977, #5763, #7438, #2016 ) ) ;
#6310 = DIRECTION ( 'NONE',  ( 0.000000000000000000, -0.5877852522924803536, 0.8090169943749421222 ) ) ;
#6311 = ORIENTED_EDGE ( 'NONE', *, *, #5083, .T. ) ;
#6312 = EDGE_LOOP ( 'NONE', ( #1892, #7775, #3161, #2369 ) ) ;
#6313 = FACE_OUTER_BOUND ( 'NONE', #8279, .T. ) ;
#6314 = AXIS2_PLACEMENT_3D ( 'NONE', #3480, #1534, #8116 ) ;
#6315 = B_SPLINE_SURFACE_WITH_KNOTS ( 'NONE', 2, 1, ( 
 ( #139, #2169 ),
 ( #2117, #2764 ),
 ( #7998, #5416 ),
 ( #5467, #8091 ),
 ( #2218, #4814 ) ),
 .UNSPECIFIED., .F., .F., .F.,
 ( 3, 1, 1, 3 ),
 ( 2, 2 ),
 ( 0.002399098765545784433, 0.3755997746914068181, 0.6244002253086475829, 0.9976009012345085081 ),
 ( 0.000000000000000000, 1.000000000000000000 ),
 .UNSPECIFIED. ) ;
#6316 = ORIENTED_EDGE ( 'NONE', *, *, #711, .T. ) ;
#6317 = CARTESIAN_POINT ( 'NONE',  ( 3.000000000000000888, 0.000000000000000000, 0.000000000000000000 ) ) ;
#6318 = FACE_OUTER_BOUND ( 'NONE', #4239, .T. ) ;
#6319 = CARTESIAN_POINT ( 'NONE',  ( 3.000000000000000888, -15.99480952573165915, 17.20624761156499005 ) ) ;
#6320 = ORIENTED_EDGE ( 'NONE', *, *, #5487, .F. ) ;
#6321 = CARTESIAN_POINT ( 'NONE',  ( 3.000000000000000888, 12.35365805879608558, -20.28305040092201494 ) ) ;
#6322 =( REPRESENTATION_RELATIONSHIP ('NONE','NONE', #2036, #1376 ) REPRESENTATION_RELATIONSHIP_WITH_TRANSFORMATION ( #2963 )SHAPE_REPRESENTATION_RELATIONSHIP( ) );
#6323 = AXIS2_PLACEMENT_3D ( 'NONE', #4893, #3739, #2337 ) ;
#6324 = CARTESIAN_POINT ( 'NONE',  ( 1.500000000000000444, 12.24681498829406934, 22.93502828955080730 ) ) ;
#6325 = EDGE_CURVE ( 'NONE', #960, #4800, #120, .T. ) ;
#6326 = ADVANCED_FACE ( 'NONE', ( #7420 ), #5361, .T. ) ;
#6327 = DIRECTION ( 'NONE',  ( 0.000000000000000000, 0.9048270524660174674, 0.4257792915650767673 ) ) ;
#6328 = DIRECTION ( 'NONE',  ( -1.000000000000000000, -0.000000000000000000, -0.000000000000000000 ) ) ;
#6329 = ORIENTED_EDGE ( 'NONE', *, *, #2605, .T. ) ;
#6330 = VECTOR ( 'NONE', #640, 1000.000000000000000 ) ;
#6331 = ORIENTED_EDGE ( 'NONE', *, *, #773, .T. ) ;
#6332 = CARTESIAN_POINT ( 'NONE',  ( 0.000000000000000000, -21.30678187720829442, 9.894944904949715792 ) ) ;
#6333 = DIRECTION ( 'NONE',  ( 0.000000000000000000, 0.000000000000000000, 1.000000000000000000 ) ) ;
#6334 = DIRECTION ( 'NONE',  ( 0.000000000000000000, 0.000000000000000000, 1.000000000000000000 ) ) ;
#6335 = DIRECTION ( 'NONE',  ( 0.000000000000000000, 0.000000000000000000, -1.000000000000000000 ) ) ;
#6336 = CIRCLE ( 'NONE', #5233, 9.999999999999998224 ) ;
#6337 = EDGE_CURVE ( 'NONE', #2440, #7741, #2752, .T. ) ;
#6338 = EDGE_CURVE ( 'NONE', #7117, #8423, #7937, .T. ) ;
#6339 = DIRECTION ( 'NONE',  ( -1.000000000000000000, 0.000000000000000000, 0.000000000000000000 ) ) ;
#6340 = ORIENTED_EDGE ( 'NONE', *, *, #4597, .F. ) ;
#6341 = DIRECTION ( 'NONE',  ( 0.000000000000000000, 0.000000000000000000, 1.000000000000000000 ) ) ;
#6342 = VERTEX_POINT ( 'NONE', #1405 ) ;
#6343 = CARTESIAN_POINT ( 'NONE',  ( 3.000000000000000888, -13.71217102453769243, 19.07525240799584765 ) ) ;
#6344 = CARTESIAN_POINT ( 'NONE',  ( 3.000000000000000888, 0.000000000000000000, 0.000000000000000000 ) ) ;
#6345 = ORIENTED_EDGE ( 'NONE', *, *, #6598, .T. ) ;
#6346 = CYLINDRICAL_SURFACE ( 'NONE', #916, 26.00000000000000000 ) ;
#6347 = PERSON_AND_ORGANIZATION ( #6, #1321 ) ;
#6348 = EDGE_CURVE ( 'NONE', #2112, #2771, #2104, .T. ) ;
#6349 = ORIENTED_EDGE ( 'NONE', *, *, #6843, .T. ) ;
#6350 = DIRECTION ( 'NONE',  ( -1.000000000000000000, 0.000000000000000000, 0.000000000000000000 ) ) ;
#6351 = VERTEX_POINT ( 'NONE', #4157 ) ;
#6352 = VERTEX_POINT ( 'NONE', #6005 ) ;
#6353 = CARTESIAN_POINT ( 'NONE',  ( 0.000000000000000000, -0.3170683606145019984, 25.99806661378298145 ) ) ;
#6354 = AXIS2_PLACEMENT_3D ( 'NONE', #5477, #3375, #4147 ) ;
#6355 = CIRCLE ( 'NONE', #883, 26.00000000000000000 ) ;
#6356 = DATE_TIME_ROLE ( 'creation_date' ) ;
#6357 = FACE_OUTER_BOUND ( 'NONE', #6206, .T. ) ;
#6358 = ORIENTED_EDGE ( 'NONE', *, *, #2210, .F. ) ;
#6359 = DIRECTION ( 'NONE',  ( -1.000000000000000000, -0.000000000000000000, -0.000000000000000000 ) ) ;
#6360 = DIRECTION ( 'NONE',  ( -1.000000000000000000, -0.000000000000000000, -0.000000000000000000 ) ) ;
#6361 = LINE ( 'NONE', #471, #7125 ) ;
#6362 = ORIENTED_EDGE ( 'NONE', *, *, #1129, .F. ) ;
#6363 = CYLINDRICAL_SURFACE ( 'NONE', #3524, 23.74900000000000233 ) ;
#6364 = DIRECTION ( 'NONE',  ( 0.2208460528671434830, 0.000000000000000000, -0.9753086798203954855 ) ) ;
#6365 = VECTOR ( 'NONE', #5791, 1000.000000000000000 ) ;
#6366 = ORIENTED_EDGE ( 'NONE', *, *, #7368, .F. ) ;
#6367 = CARTESIAN_POINT ( 'NONE',  ( 3.000000000000000888, 5.727185429052696897, -22.78350797608148426 ) ) ;
#6368 = CIRCLE ( 'NONE', #2676, 10.00000000000000000 ) ;
#6369 = DIRECTION ( 'NONE',  ( -1.000000000000000000, -0.000000000000000000, 0.000000000000000000 ) ) ;
#6370 = AXIS2_PLACEMENT_3D ( 'NONE', #6817, #6774, #8108 ) ;
#6371 = VERTEX_POINT ( 'NONE', #4708 ) ;
#6372 = CARTESIAN_POINT ( 'NONE',  ( 3.000000000000000888, -2.826494134736345920, -23.32165987963170295 ) ) ;
#6373 = CARTESIAN_POINT ( 'NONE',  ( 3.000000000000000888, 0.000000000000000000, 0.000000000000000000 ) ) ;
#6374 = EDGE_CURVE ( 'NONE', #5198, #7535, #3202, .T. ) ;
#6375 = CARTESIAN_POINT ( 'NONE',  ( -10.00000000000000000, 0.000000000000000000, 0.000000000000000000 ) ) ;
#6376 = EDGE_CURVE ( 'NONE', #6812, #4244, #115, .T. ) ;
#6377 = DIRECTION ( 'NONE',  ( -0.9753086798203942642, 0.000000000000000000, -0.2208460528671493117 ) ) ;
#6378 = CIRCLE ( 'NONE', #6239, 9.999999999999998224 ) ;
#6379 = CARTESIAN_POINT ( 'NONE',  ( 0.000000000000000000, -20.23396159193267962, -16.32748597599131557 ) ) ;
#6380 = ORIENTED_EDGE ( 'NONE', *, *, #5060, .F. ) ;
#6381 = FACE_OUTER_BOUND ( 'NONE', #4659, .T. ) ;
#6382 = ORIENTED_EDGE ( 'NONE', *, *, #5746, .F. ) ;
#6383 = AXIS2_PLACEMENT_3D ( 'NONE', #6332, #6466, #3748 ) ;
#6384 = CARTESIAN_POINT ( 'NONE',  ( 3.000000000000000888, -6.158349177668389629, 25.26014123883536655 ) ) ;
#6385 = CARTESIAN_POINT ( 'NONE',  ( 0.000000000000000000, 0.000000000000000000, 0.000000000000000000 ) ) ;
#6386 = ORIENTED_EDGE ( 'NONE', *, *, #4289, .T. ) ;
#6387 = DIRECTION ( 'NONE',  ( 0.000000000000000000, 0.9510565162951523099, 0.3090169943749515591 ) ) ;
#6388 = AXIS2_PLACEMENT_3D ( 'NONE', #5360, #5918, #69 ) ;
#6389 = EDGE_CURVE ( 'NONE', #730, #5053, #4499, .T. ) ;
#6390 = CIRCLE ( 'NONE', #347, 9.999999999999998224 ) ;
#6391 = PRODUCT_DEFINITION_FORMATION_WITH_SPECIFIED_SOURCE ( 'ANY', '', #1710, .NOT_KNOWN. ) ;
#6392 = DIRECTION ( 'NONE',  ( -1.000000000000000000, 0.000000000000000000, 0.000000000000000000 ) ) ;
#6393 = CONTEXT_DEPENDENT_SHAPE_REPRESENTATION ( #6322, #1035 ) ;
#6394 = ADVANCED_FACE ( 'NONE', ( #4022 ), #3437, .T. ) ;
#6395 = CIRCLE ( 'NONE', #7486, 10.00000000000000000 ) ;
#6396 = EDGE_LOOP ( 'NONE', ( #4484, #1096, #8171, #8312 ) ) ;
#6397 = CIRCLE ( 'NONE', #2290, 26.00000000000000000 ) ;
#6398 = CARTESIAN_POINT ( 'NONE',  ( 0.000000000000000000, 22.37893697895727740, -7.146472439377387964 ) ) ;
#6399 = CC_DESIGN_APPROVAL ( #344, ( #6542 ) ) ;
#6400 = VERTEX_POINT ( 'NONE', #3477 ) ;
#6401 = CARTESIAN_POINT ( 'NONE',  ( 3.000000000000000888, 14.79838606843872917, 18.57478857940080985 ) ) ;
#6402 = CARTESIAN_POINT ( 'NONE',  ( 0.000000000000000000, 0.000000000000000000, 0.000000000000000000 ) ) ;
#6403 = EDGE_CURVE ( 'NONE', #6407, #5919, #1531, .T. ) ;
#6404 = EDGE_CURVE ( 'NONE', #6142, #6791, #2704, .T. ) ;
#6405 = AXIS2_PLACEMENT_3D ( 'NONE', #3277, #6496, #474 ) ;
#6406 = COORDINATED_UNIVERSAL_TIME_OFFSET ( 7, 0, .AHEAD. ) ;
#6407 = VERTEX_POINT ( 'NONE', #6781 ) ;
#6408 = DIRECTION ( 'NONE',  ( -1.000000000000000000, 0.000000000000000000, 0.000000000000000000 ) ) ;
#6409 = ORIENTED_EDGE ( 'NONE', *, *, #995, .T. ) ;
#6410 = CARTESIAN_POINT ( 'NONE',  ( 3.000000000000000888, 0.000000000000000000, 0.000000000000000000 ) ) ;
#6411 = CIRCLE ( 'NONE', #2710, 26.00000000000000000 ) ;
#6412 = ORIENTED_EDGE ( 'NONE', *, *, #5115, .T. ) ;
#6413 = CARTESIAN_POINT ( 'NONE',  ( -8.102705642371589079, 7.000000000000008882, -5.617728504603292095E-11 ) ) ;
#6414 = CARTESIAN_POINT ( 'NONE',  ( 3.000000000000000888, 9.714105481848354984, -21.67143640111389047 ) ) ;
#6415 = CIRCLE ( 'NONE', #7510, 23.74900000000000233 ) ;
#6416 = ORIENTED_EDGE ( 'NONE', *, *, #1402, .T. ) ;
#6417 = CARTESIAN_POINT ( 'NONE',  ( -10.00000000000000000, 0.000000000000000000, 0.000000000000000000 ) ) ;
#6418 = DIRECTION ( 'NONE',  ( 0.000000000000000000, 0.000000000000000000, 1.000000000000000000 ) ) ;
#6419 = VERTEX_POINT ( 'NONE', #4750 ) ;
#6420 = CARTESIAN_POINT ( 'NONE',  ( 3.000000000000000888, 22.37893697895727740, -7.146472439377387964 ) ) ;
#6421 = DIRECTION ( 'NONE',  ( 0.000000000000000000, 0.1253332335643043416, -0.9921147013144777649 ) ) ;
#6422 = AXIS2_PLACEMENT_3D ( 'NONE', #7182, #5768, #8392 ) ;
#6423 = CARTESIAN_POINT ( 'NONE',  ( 3.000000000000000888, -8.758419641788439236, -21.79860027646859066 ) ) ;
#6424 = FACE_OUTER_BOUND ( 'NONE', #7678, .T. ) ;
#6425 = AXIS2_PLACEMENT_3D ( 'NONE', #3015, #259, #5508 ) ;
#6426 = DIRECTION ( 'NONE',  ( 0.000000000000000000, 0.000000000000000000, 1.000000000000000000 ) ) ;
#6427 = ORIENTED_EDGE ( 'NONE', *, *, #7075, .T. ) ;
#6428 = CYLINDRICAL_SURFACE ( 'NONE', #3554, 23.74900000000000233 ) ;
#6429 = CIRCLE ( 'NONE', #7522, 10.00000000000000178 ) ;
#6430 = VERTEX_POINT ( 'NONE', #7373 ) ;
#6431 = DIRECTION ( 'NONE',  ( -1.000000000000000000, -0.000000000000000000, 0.000000000000000000 ) ) ;
#6432 = DIRECTION ( 'NONE',  ( -1.000000000000000000, -0.000000000000000000, 0.000000000000000000 ) ) ;
#6433 = ORIENTED_EDGE ( 'NONE', *, *, #2029, .F. ) ;
#6434 = CYLINDRICAL_SURFACE ( 'NONE', #5860, 23.74900000000000233 ) ;
#6435 = CIRCLE ( 'NONE', #2324, 26.00000000000000000 ) ;
#6436 = DIRECTION ( 'NONE',  ( 0.000000000000000000, 0.000000000000000000, 1.000000000000000000 ) ) ;
#6437 = ADVANCED_FACE ( 'NONE', ( #6089 ), #1489, .T. ) ;
#6438 = AXIS2_PLACEMENT_3D ( 'NONE', #6000, #239, #2746 ) ;
#6439 = EDGE_CURVE ( 'NONE', #7865, #6482, #8070, .T. ) ;
#6440 = ORIENTED_EDGE ( 'NONE', *, *, #3563, .T. ) ;
#6441 = CIRCLE ( 'NONE', #1091, 23.74900000000000588 ) ;
#6442 = DIRECTION ( 'NONE',  ( 0.000000000000000000, 0.000000000000000000, 1.000000000000000000 ) ) ;
#6443 = ORIENTED_EDGE ( 'NONE', *, *, #2302, .T. ) ;
#6444 = CARTESIAN_POINT ( 'NONE',  ( 0.000000000000000000, -4.019451921852126297, 23.40638817177736541 ) ) ;
#6445 = DIRECTION ( 'NONE',  ( 0.000000000000000000, 0.3681245526846787519, -0.9297764858882510142 ) ) ;
#6446 = EDGE_CURVE ( 'NONE', #2788, #8215, #4799, .T. ) ;
#6447 = CIRCLE ( 'NONE', #8200, 10.00000000000000000 ) ;
#6448 = CIRCLE ( 'NONE', #7134, 9.999999999999998224 ) ;
#6449 = PRODUCT_RELATED_PRODUCT_CATEGORY ( 'detail', '', ( #1710 ) ) ;
#6450 = APPLICATION_PROTOCOL_DEFINITION ( 'international standard', 'config_control_design', 1994, #7202 ) ;
#6451 = EDGE_CURVE ( 'NONE', #106, #569, #2041, .T. ) ;
#6452 = ORIENTED_EDGE ( 'NONE', *, *, #7659, .T. ) ;
#6453 = LINE ( 'NONE', #5066, #3060 ) ;
#6454 = EDGE_LOOP ( 'NONE', ( #1113, #6537, #1468, #5383 ) ) ;
#6455 = PLANE ( 'NONE',  #5339 ) ;
#6456 = AXIS2_PLACEMENT_3D ( 'NONE', #8283, #8155, #6989 ) ;
#6457 = ORIENTED_EDGE ( 'NONE', *, *, #6878, .T. ) ;
#6458 = CARTESIAN_POINT ( 'NONE',  ( -2.052224346884345962, 10.00000000000000888, 15.84577559900801624 ) ) ;
#6459 = DIRECTION ( 'NONE',  ( -1.000000000000000000, -0.000000000000000000, 0.000000000000000000 ) ) ;
#6460 = ORIENTED_EDGE ( 'NONE', *, *, #3347, .T. ) ;
#6461 = PRODUCT_DEFINITION_SHAPE ( 'NONE', 'NONE',  #6085 ) ;
#6462 = ADVANCED_FACE ( 'NONE', ( #1572 ), #5958, .T. ) ;
#6463 = DIRECTION ( 'NONE',  ( -1.000000000000000000, -0.000000000000000000, -0.000000000000000000 ) ) ;
#6464 = CARTESIAN_POINT ( 'NONE',  ( 2.050538145102809295, 7.000000000000008882, -15.85322226736063378 ) ) ;
#6465 = ORIENTED_EDGE ( 'NONE', *, *, #5397, .F. ) ;
#6466 = DIRECTION ( 'NONE',  ( 1.000000000000000000, 0.000000000000000000, 0.000000000000000000 ) ) ;
#6467 = DIRECTION ( 'NONE',  ( 0.000000000000000000, 0.9510565162951544194, -0.3090169943749446757 ) ) ;
#6468 = CYLINDRICAL_SURFACE ( 'NONE', #8338, 10.00000000000000178 ) ;
#6469 = EDGE_LOOP ( 'NONE', ( #4288, #7371, #8219, #4760, #2171, #1560, #2568, #2052, #2048, #4973, #7216, #7981, #6225, #6108, #5669, #2426, #5070, #3207, #5928, #5076, #3406 ) ) ;
#6470 = DIRECTION ( 'NONE',  ( -1.000000000000000000, -0.000000000000000000, -0.000000000000000000 ) ) ;
#6471 = ORIENTED_EDGE ( 'NONE', *, *, #4222, .T. ) ;
#6472 = LINE ( 'NONE', #7715, #2202 ) ;
#6473 = EDGE_CURVE ( 'NONE', #8378, #4688, #5474, .T. ) ;
#6474 = ORIENTED_EDGE ( 'NONE', *, *, #5026, .T. ) ;
#6475 = DIRECTION ( 'NONE',  ( -1.000000000000000000, 0.000000000000000000, 0.000000000000000000 ) ) ;
#6476 = LINE ( 'NONE', #5131, #4120 ) ;
#6477 = VERTEX_POINT ( 'NONE', #4918 ) ;
#6478 = CARTESIAN_POINT ( 'NONE',  ( -1.563728249527578026E-59, -2.999999999999826361, 2.224119989647754883E-13 ) ) ;
#6479 = AXIS2_PLACEMENT_3D ( 'NONE', #2433, #1736, #5611 ) ;
#6480 = DIRECTION ( 'NONE',  ( 0.000000000000000000, 0.000000000000000000, 1.000000000000000000 ) ) ;
#6481 = APPROVAL_ROLE ( '' ) ;
#6482 = VERTEX_POINT ( 'NONE', #7626 ) ;
#6483 = LINE ( 'NONE', #4539, #8339 ) ;
#6484 = ORIENTED_EDGE ( 'NONE', *, *, #6129, .F. ) ;
#6485 = CARTESIAN_POINT ( 'NONE',  ( 0.000000000000000000, -15.47283697127494229, -18.01683426854860670 ) ) ;
#6486 = DIRECTION ( 'NONE',  ( -1.000000000000000000, 0.000000000000000000, 0.000000000000000000 ) ) ;
#6487 = ADVANCED_FACE ( 'NONE', ( #3722 ), #284, .T. ) ;
#6488 = EDGE_CURVE ( 'NONE', #4496, #2753, #6214, .T. ) ;
#6489 = COORDINATED_UNIVERSAL_TIME_OFFSET ( 7, 0, .AHEAD. ) ;
#6490 = ORIENTED_EDGE ( 'NONE', *, *, #4490, .T. ) ;
#6491 = DIRECTION ( 'NONE',  ( 0.000000000000000000, 0.000000000000000000, 1.000000000000000000 ) ) ;
#6492 = EDGE_LOOP ( 'NONE', ( #5319, #6063, #1248, #5966 ) ) ;
#6493 = ORIENTED_EDGE ( 'NONE', *, *, #2100, .F. ) ;
#6494 = DIRECTION ( 'NONE',  ( 0.000000000000000000, 0.000000000000000000, 1.000000000000000000 ) ) ;
#6495 = VERTEX_POINT ( 'NONE', #1739 ) ;
#6496 = DIRECTION ( 'NONE',  ( -1.000000000000000000, 0.000000000000000000, 0.000000000000000000 ) ) ;
#6497 = DIRECTION ( 'NONE',  ( 1.000000000000000000, 0.000000000000000000, 0.000000000000000000 ) ) ;
#6498 = EDGE_CURVE ( 'NONE', #432, #1677, #6163, .T. ) ;
#6499 = ADVANCED_FACE ( 'NONE', ( #3042 ), #979, .T. ) ;
#6500 = AXIS2_PLACEMENT_3D ( 'NONE', #879, #3542, #3030 ) ;
#6501 = EDGE_CURVE ( 'NONE', #3632, #5151, #1494, .T. ) ;
#6502 = ORIENTED_EDGE ( 'NONE', *, *, #6446, .F. ) ;
#6503 = DIRECTION ( 'NONE',  ( 0.000000000000000000, -1.000000000000000000, 0.000000000000000000 ) ) ;
#6504 = CARTESIAN_POINT ( 'NONE',  ( 0.000000000000000000, 0.000000000000000000, 0.000000000000000000 ) ) ;
#6505 = ORIENTED_EDGE ( 'NONE', *, *, #4594, .T. ) ;
#6506 = CYLINDRICAL_SURFACE ( 'NONE', #7078, 26.00000000000000000 ) ;
#6507 = LINE ( 'NONE', #5859, #930 ) ;
#6508 = EDGE_CURVE ( 'NONE', #1822, #3945, #7526, .T. ) ;
#6509 = EDGE_CURVE ( 'NONE', #1595, #3781, #3285, .T. ) ;
#6510 = AXIS2_PLACEMENT_3D ( 'NONE', #2957, #286, #3635 ) ;
#6511 = CARTESIAN_POINT ( 'NONE',  ( 3.000000000000000888, 0.000000000000000000, 0.000000000000000000 ) ) ;
#6512 = ORIENTED_EDGE ( 'NONE', *, *, #599, .T. ) ;
#6513 = CARTESIAN_POINT ( 'NONE',  ( 3.000000000000000888, 23.61258448579739522, -2.541821178029707085 ) ) ;
#6514 = ORIENTED_EDGE ( 'NONE', *, *, #7555, .F. ) ;
#6515 = FACE_OUTER_BOUND ( 'NONE', #8477, .T. ) ;
#6516 = DIRECTION ( 'NONE',  ( 0.000000000000000000, -0.9822872507286866117, -0.1873813145857356199 ) ) ;
#6517 = ORIENTED_EDGE ( 'NONE', *, *, #1140, .T. ) ;
#6518 = CARTESIAN_POINT ( 'NONE',  ( 3.000000000000000888, 23.05365132147760221, 4.518633574727654256 ) ) ;
#6519 = FACE_OUTER_BOUND ( 'NONE', #4827, .T. ) ;
#6520 = CARTESIAN_POINT ( 'NONE',  ( 3.000000000000000888, 0.000000000000000000, 0.000000000000000000 ) ) ;
#6521 = AXIS2_PLACEMENT_3D ( 'NONE', #4378, #2700, #1401 ) ;
#6522 = ORIENTED_EDGE ( 'NONE', *, *, #6598, .F. ) ;
#6523 = DIRECTION ( 'NONE',  ( 1.000000000000000000, 0.000000000000000000, 0.000000000000000000 ) ) ;
#6524 = ORIENTED_EDGE ( 'NONE', *, *, #7925, .T. ) ;
#6525 = AXIS2_PLACEMENT_3D ( 'NONE', #4602, #6548, #3915 ) ;
#6526 = ORIENTED_EDGE ( 'NONE', *, *, #5981, .F. ) ;
#6527 = DIRECTION ( 'NONE',  ( -1.000000000000000000, 0.000000000000000000, 0.000000000000000000 ) ) ;
#6528 = VECTOR ( 'NONE', #6082, 1000.000000000000000 ) ;
#6529 = AXIS2_PLACEMENT_3D ( 'NONE', #2294, #8260, #4380 ) ;
#6530 = CALENDAR_DATE ( 2025, 7, 10 ) ;
#6531 = VECTOR ( 'NONE', #2471, 1000.000000000000000 ) ;
#6532 = VECTOR ( 'NONE', #3287, 1000.000000000000000 ) ;
#6533 = APPROVAL_PERSON_ORGANIZATION ( #2585, #837, #2538 ) ;
#6534 = EDGE_LOOP ( 'NONE', ( #7227, #4599, #4532, #2492 ) ) ;
#6535 = CARTESIAN_POINT ( 'NONE',  ( 1.499999999999999556, 12.24681498829439263, -22.93502828955063677 ) ) ;
#6536 = ORIENTED_EDGE ( 'NONE', *, *, #1701, .F. ) ;
#6537 = ORIENTED_EDGE ( 'NONE', *, *, #5501, .T. ) ;
#6538 = FACE_OUTER_BOUND ( 'NONE', #2907, .T. ) ;
#6539 = ORIENTED_EDGE ( 'NONE', *, *, #5329, .F. ) ;
#6540 = CARTESIAN_POINT ( 'NONE',  ( 0.000000000000000000, -17.00973468965491975, -16.57359124594154665 ) ) ;
#6541 = AXIS2_PLACEMENT_3D ( 'NONE', #1658, #8329, #4284 ) ;
#6542 = PRODUCT_DEFINITION_FORMATION_WITH_SPECIFIED_SOURCE ( 'ANY', '', #7760, .NOT_KNOWN. ) ;
#6543 = FACE_OUTER_BOUND ( 'NONE', #1414, .T. ) ;
#6544 = ORIENTED_EDGE ( 'NONE', *, *, #7221, .F. ) ;
#6545 = AXIS2_PLACEMENT_3D ( 'NONE', #6518, #61, #3300 ) ;
#6546 = DIRECTION ( 'NONE',  ( -1.000000000000000000, 0.000000000000000000, -0.000000000000000000 ) ) ;
#6547 = ADVANCED_FACE ( 'NONE', ( #415 ), #4876, .T. ) ;
#6548 = DIRECTION ( 'NONE',  ( -1.000000000000000000, 0.000000000000000000, -0.000000000000000000 ) ) ;
#6549 = ORIENTED_EDGE ( 'NONE', *, *, #2526, .T. ) ;
#6550 = CARTESIAN_POINT ( 'NONE',  ( 3.000000000000000888, 0.000000000000000000, 0.000000000000000000 ) ) ;
#6551 = EDGE_CURVE ( 'NONE', #573, #864, #4371, .T. ) ;
#6552 = DIRECTION ( 'NONE',  ( -1.000000000000000000, -0.000000000000000000, -0.000000000000000000 ) ) ;
#6553 = CIRCLE ( 'NONE', #5308, 9.999999999999996447 ) ;
#6554 = DIRECTION ( 'NONE',  ( -1.000000000000000000, 0.000000000000000000, -0.000000000000000000 ) ) ;
#6555 = EDGE_CURVE ( 'NONE', #5446, #7218, #1018, .T. ) ;
#6556 = ORIENTED_EDGE ( 'NONE', *, *, #6809, .T. ) ;
#6557 = CIRCLE ( 'NONE', #1478, 9.999999999999998224 ) ;
#6558 = EDGE_CURVE ( 'NONE', #8242, #8396, #5046, .T. ) ;
#6559 = CARTESIAN_POINT ( 'NONE',  ( 0.000000000000000000, 0.000000000000000000, 0.000000000000000000 ) ) ;
#6560 = VERTEX_POINT ( 'NONE', #6945 ) ;
#6561 = DIRECTION ( 'NONE',  ( -1.000000000000000000, 0.000000000000000000, 0.000000000000000000 ) ) ;
#6562 = CARTESIAN_POINT ( 'NONE',  ( 3.000000000000000888, 0.000000000000000000, 0.000000000000000000 ) ) ;
#6563 = ORIENTED_EDGE ( 'NONE', *, *, #7646, .T. ) ;
#6564 = DIRECTION ( 'NONE',  ( 0.000000000000000000, -0.8443279255020087470, -0.5358267949790065376 ) ) ;
#6565 = LINE ( 'NONE', #503, #957 ) ;
#6566 = AXIS2_PLACEMENT_3D ( 'NONE', #8517, #6497, #5072 ) ;
#6567 = LINE ( 'NONE', #1274, #4589 ) ;
#6568 = ORIENTED_EDGE ( 'NONE', *, *, #4425, .F. ) ;
#6569 = EDGE_CURVE ( 'NONE', #3689, #7320, #4782, .T. ) ;
#6570 = CARTESIAN_POINT ( 'NONE',  ( 12.69673203802745931, 10.00000000000000888, -9.700166218278072350 ) ) ;
#6571 = ORIENTED_EDGE ( 'NONE', *, *, #2981, .F. ) ;
#6572 = CARTESIAN_POINT ( 'NONE',  ( 3.000000000000000888, -23.50287694562798180, -3.410245779803683597 ) ) ;
#6573 = CARTESIAN_POINT ( 'NONE',  ( 0.000000000000000000, 18.02803414784248659, -18.73472670641942273 ) ) ;
#6574 = VECTOR ( 'NONE', #2289, 1000.000000000000000 ) ;
#6575 = AXIS2_PLACEMENT_3D ( 'NONE', #2245, #5581, #5536 ) ;
#6576 = COORDINATED_UNIVERSAL_TIME_OFFSET ( 7, 0, .AHEAD. ) ;
#6577 = CIRCLE ( 'NONE', #2463, 9.999999999999998224 ) ;
#6578 = AXIS2_PLACEMENT_3D ( 'NONE', #7027, #1867, #1266 ) ;
#6579 = ORIENTED_EDGE ( 'NONE', *, *, #7914, .T. ) ;
#6580 = CARTESIAN_POINT ( 'NONE',  ( 3.000000000000000888, -10.50612486395248979, 21.29874036986787189 ) ) ;
#6581 = ORIENTED_EDGE ( 'NONE', *, *, #1024, .T. ) ;
#6582 = EDGE_LOOP ( 'NONE', ( #4618, #2111 ) ) ;
#6583 = CYLINDRICAL_SURFACE ( 'NONE', #4797, 26.00000000000000000 ) ;
#6584 = ORIENTED_EDGE ( 'NONE', *, *, #2840, .T. ) ;
#6585 = AXIS2_PLACEMENT_3D ( 'NONE', #7452, #4192, #3553 ) ;
#6586 = CARTESIAN_POINT ( 'NONE',  ( -15.37268543417880196, 7.000000000000008882, -7.428415564771473356 ) ) ;
#6587 = CARTESIAN_POINT ( 'NONE',  ( -2.050538145046632010, 7.000000000000008882, -15.85322226736041173 ) ) ;
#6588 = CARTESIAN_POINT ( 'NONE',  ( 3.000000000000000888, 0.000000000000000000, 0.000000000000000000 ) ) ;
#6589 = VERTEX_POINT ( 'NONE', #1653 ) ;
#6590 = AXIS2_PLACEMENT_3D ( 'NONE', #4334, #1752, #8211 ) ;
#6591 = CARTESIAN_POINT ( 'NONE',  ( 0.000000000000000000, -21.78099992762139792, 14.19817038047355773 ) ) ;
#6592 = CARTESIAN_POINT ( 'NONE',  ( 3.000000000000000888, -4.879274292603219543, 23.24236828246083419 ) ) ;
#6593 = EDGE_LOOP ( 'NONE', ( #7428, #7100, #1078, #400 ) ) ;
#6594 = CARTESIAN_POINT ( 'NONE',  ( 0.000000000000000000, 0.000000000000000000, 0.000000000000000000 ) ) ;
#6595 = FACE_OUTER_BOUND ( 'NONE', #7627, .T. ) ;
#6596 = CIRCLE ( 'NONE', #842, 26.00000000000000000 ) ;
#6597 = ADVANCED_FACE ( 'NONE', ( #4360 ), #4959, .T. ) ;
#6598 = EDGE_CURVE ( 'NONE', #257, #6742, #6023, .T. ) ;
#6599 = DIRECTION ( 'NONE',  ( 0.2208460528671434830, 0.000000000000000000, -0.9753086798203954855 ) ) ;
#6600 = ORIENTED_EDGE ( 'NONE', *, *, #3907, .T. ) ;
#6601 = DIRECTION ( 'NONE',  ( -1.000000000000000000, 0.000000000000000000, 0.000000000000000000 ) ) ;
#6602 = ORIENTED_EDGE ( 'NONE', *, *, #5376, .F. ) ;
#6603 = CARTESIAN_POINT ( 'NONE',  ( 1.500000000000000444, -19.82974763304084220, -16.81609671742854317 ) ) ;
#6604 = CARTESIAN_POINT ( 'NONE',  ( 14.74895638493967098, 7.000000000000008882, -6.145609380895367124 ) ) ;
#6605 = EDGE_LOOP ( 'NONE', ( #1203, #3737, #6721, #746 ) ) ;
#6606 = DIRECTION ( 'NONE',  ( 0.000000000000000000, 0.000000000000000000, 1.000000000000000000 ) ) ;
#6607 = CARTESIAN_POINT ( 'NONE',  ( 14.11953930606579810, 7.000000000000008882, 9.598928327965827734 ) ) ;
#6608 = EDGE_CURVE ( 'NONE', #3927, #1987, #394, .T. ) ;
#6609 = EDGE_CURVE ( 'NONE', #1585, #799, #2601, .T. ) ;
#6610 = DIRECTION ( 'NONE',  ( 0.000000000000000000, 0.000000000000000000, 1.000000000000000000 ) ) ;
#6611 = ORIENTED_EDGE ( 'NONE', *, *, #3183, .T. ) ;
#6612 = CARTESIAN_POINT ( 'NONE',  ( 3.000000000000000888, 18.17661741219012939, 14.88285819611907179 ) ) ;
#6613 = DIRECTION ( 'NONE',  ( -0.000000000000000000, 1.000000000000000000, -0.000000000000000000 ) ) ;
#6614 = EDGE_LOOP ( 'NONE', ( #4583, #7303, #4851, #3771 ) ) ;
#6615 = DIRECTION ( 'NONE',  ( 0.000000000000000000, 0.000000000000000000, 1.000000000000000000 ) ) ;
#6616 = CARTESIAN_POINT ( 'NONE',  ( 0.000000000000000000, 11.42144594672549474, 20.52899074774378363 ) ) ;
#6617 = AXIS2_PLACEMENT_3D ( 'NONE', #2564, #3167, #5815 ) ;
#6618 = EDGE_CURVE ( 'NONE', #257, #4126, #8409, .T. ) ;
#6619 = COORDINATED_UNIVERSAL_TIME_OFFSET ( 7, 0, .AHEAD. ) ;
#6620 = CIRCLE ( 'NONE', #6617, 9.999999999999996447 ) ;
#6621 = VERTEX_POINT ( 'NONE', #1183 ) ;
#6622 = CARTESIAN_POINT ( 'NONE',  ( 0.000000000000000000, 0.000000000000000000, 0.000000000000000000 ) ) ;
#6623 = ORIENTED_EDGE ( 'NONE', *, *, #2567, .F. ) ;
#6624 = VERTEX_POINT ( 'NONE', #4440 ) ;
#6625 = DIRECTION ( 'NONE',  ( -1.000000000000000000, 0.000000000000000000, 0.000000000000000000 ) ) ;
#6626 = CYLINDRICAL_SURFACE ( 'NONE', #5001, 9.999999999999994671 ) ;
#6627 = ORIENTED_EDGE ( 'NONE', *, *, #7659, .F. ) ;
#6628 = DIRECTION ( 'NONE',  ( -1.000000000000000000, -0.000000000000000000, 0.000000000000000000 ) ) ;
#6629 = DIRECTION ( 'NONE',  ( 0.000000000000000000, 1.000000000000000000, 0.000000000000000000 ) ) ;
#6630 = VERTEX_POINT ( 'NONE', #7063 ) ;
#6631 = DIRECTION ( 'NONE',  ( -1.000000000000000000, -0.000000000000000000, -0.000000000000000000 ) ) ;
#6632 = CARTESIAN_POINT ( 'NONE',  ( 3.000000000000000888, 17.56576837257078338, -19.16882316369974149 ) ) ;
#6633 = ORIENTED_EDGE ( 'NONE', *, *, #2079, .F. ) ;
#6634 = CARTESIAN_POINT ( 'NONE',  ( 3.000000000000000888, 0.000000000000000000, 0.000000000000000000 ) ) ;
#6635 = FACE_OUTER_BOUND ( 'NONE', #4452, .T. ) ;
#6636 = ORIENTED_EDGE ( 'NONE', *, *, #3134, .F. ) ;
#6637 = DIRECTION ( 'NONE',  ( -1.000000000000000000, -0.000000000000000000, -0.000000000000000000 ) ) ;
#6638 = ORIENTED_EDGE ( 'NONE', *, *, #767, .T. ) ;
#6639 = EDGE_CURVE ( 'NONE', #606, #4694, #6435, .T. ) ;
#6640 = CARTESIAN_POINT ( 'NONE',  ( 3.000000000000000888, -15.53779383581471762, 20.84650960510459683 ) ) ;
#6641 = ORIENTED_EDGE ( 'NONE', *, *, #3980, .F. ) ;
#6642 = EDGE_CURVE ( 'NONE', #4570, #8332, #2522, .T. ) ;
#6643 = CARTESIAN_POINT ( 'NONE',  ( 3.000000000000000888, -5.957267827074244515, -22.72443285698079052 ) ) ;
#6644 = DIRECTION ( 'NONE',  ( 0.000000000000000000, 0.000000000000000000, 1.000000000000000000 ) ) ;
#6645 = ORIENTED_EDGE ( 'NONE', *, *, #5913, .F. ) ;
#6646 = LINE ( 'NONE', #5439, #363 ) ;
#6647 = DIRECTION ( 'NONE',  ( -1.000000000000000000, 0.000000000000000000, 0.000000000000000000 ) ) ;
#6648 = AXIS2_PLACEMENT_3D ( 'NONE', #5174, #7115, #4530 ) ;
#6649 = DIRECTION ( 'NONE',  ( -1.000000000000000000, -0.000000000000000000, -0.000000000000000000 ) ) ;
#6650 = EDGE_LOOP ( 'NONE', ( #5334, #1748, #2572, #2807 ) ) ;
#6651 = FACE_OUTER_BOUND ( 'NONE', #8400, .T. ) ;
#6652 = DIRECTION ( 'NONE',  ( -1.000000000000000000, 0.000000000000000000, 0.000000000000000000 ) ) ;
#6653 = ORIENTED_EDGE ( 'NONE', *, *, #4848, .F. ) ;
#6654 = AXIS2_PLACEMENT_3D ( 'NONE', #928, #6290, #6854 ) ;
#6655 = ADVANCED_FACE ( 'NONE', ( #1783 ), #8448, .T. ) ;
#6656 = CARTESIAN_POINT ( 'NONE',  ( 3.000000000000000888, -23.09816287601903895, 4.285295834340716148 ) ) ;
#6657 = CARTESIAN_POINT ( 'NONE',  ( 4.051352821227816037, 7.000000000000008882, -7.017148925761551581 ) ) ;
#6658 = CIRCLE ( 'NONE', #4990, 26.00000000000000000 ) ;
#6659 = EDGE_CURVE ( 'NONE', #1008, #7909, #8222, .T. ) ;
#6660 = PERSON_AND_ORGANIZATION_ROLE ( 'classification_officer' ) ;
#6661 = CIRCLE ( 'NONE', #3511, 23.74900000000000233 ) ;
#6662 = ORIENTED_EDGE ( 'NONE', *, *, #4500, .F. ) ;
#6663 = DIRECTION ( 'NONE',  ( -1.000000000000000000, -0.000000000000000000, -0.000000000000000000 ) ) ;
#6664 = VERTEX_POINT ( 'NONE', #4528 ) ;
#6665 = EDGE_CURVE ( 'NONE', #7706, #2397, #8119, .T. ) ;
#6666 = ORIENTED_EDGE ( 'NONE', *, *, #411, .T. ) ;
#6667 = FACE_OUTER_BOUND ( 'NONE', #2448, .T. ) ;
#6668 = EDGE_CURVE ( 'NONE', #2678, #7044, #951, .T. ) ;
#6669 = LINE ( 'NONE', #5183, #3229 ) ;
#6670 = EDGE_LOOP ( 'NONE', ( #3242, #3222, #6409, #155 ) ) ;
#6671 = CIRCLE ( 'NONE', #2956, 23.74900000000000233 ) ;
#6672 = CARTESIAN_POINT ( 'NONE',  ( 3.000000000000000888, 0.000000000000000000, 0.000000000000000000 ) ) ;
#6673 = AXIS2_PLACEMENT_3D ( 'NONE', #119, #4707, #5225 ) ;
#6674 = CIRCLE ( 'NONE', #2140, 10.00000000000000000 ) ;
#6675 = CARTESIAN_POINT ( 'NONE',  ( 3.000000000000000888, 25.59698206453966307, 4.560099690536919326 ) ) ;
#6676 = ORIENTED_EDGE ( 'NONE', *, *, #7603, .F. ) ;
#6677 = LINE ( 'NONE', #2768, #3234 ) ;
#6678 = CARTESIAN_POINT ( 'NONE',  ( 3.000000000000000888, -5.727185429052539689, 22.78350797608152334 ) ) ;
#6679 = VECTOR ( 'NONE', #7781, 1000.000000000000000 ) ;
#6680 = LOCAL_TIME ( 18, 37, 26.00000000000000000, #6786 ) ;
#6681 = ORIENTED_EDGE ( 'NONE', *, *, #8331, .F. ) ;
#6682 = LINE ( 'NONE', #3327, #6116 ) ;
#6683 = DIRECTION ( 'NONE',  ( -1.000000000000000000, 0.000000000000000000, 0.000000000000000000 ) ) ;
#6684 = CARTESIAN_POINT ( 'NONE',  ( 3.000000000000000888, -1.927758584903859429, -23.67063049093390248 ) ) ;
#6685 = ORIENTED_EDGE ( 'NONE', *, *, #5127, .T. ) ;
#6686 = CYLINDRICAL_SURFACE ( 'NONE', #4923, 9.999999999999998224 ) ;
#6687 = ORIENTED_EDGE ( 'NONE', *, *, #6376, .T. ) ;
#6688 = CARTESIAN_POINT ( 'NONE',  ( 0.000000000000000000, 0.3170683606146980082, -25.99806661378297434 ) ) ;
#6689 = CYLINDRICAL_SURFACE ( 'NONE', #4054, 26.00000000000000000 ) ;
#6690 = CIRCLE ( 'NONE', #7779, 26.00000000000000000 ) ;
#6691 = ORIENTED_EDGE ( 'NONE', *, *, #4307, .F. ) ;
#6692 = DIRECTION ( 'NONE',  ( -1.000000000000000000, -0.000000000000000000, -0.000000000000000000 ) ) ;
#6693 = CARTESIAN_POINT ( 'NONE',  ( 3.000000000000000888, 0.000000000000000000, 0.000000000000000000 ) ) ;
#6694 = AXIS2_PLACEMENT_3D ( 'NONE', #2310, #5042, #2350 ) ;
#6695 = DIRECTION ( 'NONE',  ( 0.000000000000000000, 0.9980267284282712259, 0.06279051952931692659 ) ) ;
#6696 = ORIENTED_EDGE ( 'NONE', *, *, #8030, .T. ) ;
#6697 = CYLINDRICAL_SURFACE ( 'NONE', #1720, 9.999999999999998224 ) ;
#6698 = CARTESIAN_POINT ( 'NONE',  ( -15.14952443979000662, 7.000000000000008882, 8.746582013399839539 ) ) ;
#6699 = VERTEX_POINT ( 'NONE', #540 ) ;
#6700 = DIRECTION ( 'NONE',  ( -1.000000000000000000, -0.000000000000000000, -0.000000000000000000 ) ) ;
#6701 = CARTESIAN_POINT ( 'NONE',  ( 3.000000000000000888, 4.879274292603049901, 23.24236828246086972 ) ) ;
#6702 = AXIS2_PLACEMENT_3D ( 'NONE', #4943, #4858, #1679 ) ;
#6703 = ADVANCED_FACE ( 'NONE', ( #5738 ), #6428, .T. ) ;
#6704 = PERSON_AND_ORGANIZATION_ROLE ( 'creator' ) ;
#6705 = EDGE_CURVE ( 'NONE', #7567, #5753, #3881, .T. ) ;
#6706 = VERTEX_POINT ( 'NONE', #7195 ) ;
#6707 = CIRCLE ( 'NONE', #1342, 10.00000000000000000 ) ;
#6708 = CARTESIAN_POINT ( 'NONE',  ( 3.000000000000000888, -6.921355658526376686, 22.71805090337164756 ) ) ;
#6709 = ORIENTED_EDGE ( 'NONE', *, *, #1519, .F. ) ;
#6710 = ORIENTED_EDGE ( 'NONE', *, *, #4285, .F. ) ;
#6711 = DIRECTION ( 'NONE',  ( 1.000000000000000000, -0.000000000000000000, -0.000000000000000000 ) ) ;
#6712 = CIRCLE ( 'NONE', #2043, 9.999999999999998224 ) ;
#6713 = DIRECTION ( 'NONE',  ( 0.000000000000000000, 0.000000000000000000, -1.000000000000000000 ) ) ;
#6714 = EDGE_LOOP ( 'NONE', ( #7185, #4625, #8515, #4283 ) ) ;
#6715 = DIRECTION ( 'NONE',  ( 0.000000000000000000, -0.9980267284282707818, -0.06279051952932435121 ) ) ;
#6716 = AXIS2_PLACEMENT_3D ( 'NONE', #30, #2664, #1367 ) ;
#6717 = AXIS2_PLACEMENT_3D ( 'NONE', #5350, #189, #884 ) ;
#6718 = CARTESIAN_POINT ( 'NONE',  ( 3.000000000000000888, 0.000000000000000000, 0.000000000000000000 ) ) ;
#6719 = EDGE_CURVE ( 'NONE', #862, #3032, #3144, .T. ) ;
#6720 = ADVANCED_FACE ( 'NONE', ( #7841 ), #5781, .T. ) ;
#6721 = ORIENTED_EDGE ( 'NONE', *, *, #1799, .F. ) ;
#6722 = CYLINDRICAL_SURFACE ( 'NONE', #8174, 26.00000000000000000 ) ;
#6723 = CIRCLE ( 'NONE', #2606, 23.74900000000000588 ) ;
#6724 = CARTESIAN_POINT ( 'NONE',  ( 3.000000000000000888, 0.000000000000000000, 0.000000000000000000 ) ) ;
#6725 = CIRCLE ( 'NONE', #3017, 10.00000000000000000 ) ;
#6726 = ORIENTED_EDGE ( 'NONE', *, *, #1605, .F. ) ;
#6727 = DIRECTION ( 'NONE',  ( -1.000000000000000000, 0.000000000000000000, 0.000000000000000000 ) ) ;
#6728 = DIRECTION ( 'NONE',  ( 0.000000000000000000, 0.9822872507286893873, -0.1873813145857214646 ) ) ;
#6729 = CIRCLE ( 'NONE', #3833, 9.999999999999998224 ) ;
#6730 = CIRCLE ( 'NONE', #2615, 26.00000000000000000 ) ;
#6731 = CARTESIAN_POINT ( 'NONE',  ( -10.00000000000000000, 0.000000000000000000, 0.000000000000000000 ) ) ;
#6732 = VERTEX_POINT ( 'NONE', #8491 ) ;
#6733 = CARTESIAN_POINT ( 'NONE',  ( 0.000000000000000000, 0.000000000000000000, 0.000000000000000000 ) ) ;
#6734 = VERTEX_POINT ( 'NONE', #1957 ) ;
#6735 = FACE_BOUND ( 'NONE', #6582, .T. ) ;
#6736 = DIRECTION ( 'NONE',  ( 0.000000000000000000, 0.000000000000000000, 1.000000000000000000 ) ) ;
#6737 = CIRCLE ( 'NONE', #2343, 10.00000000000000178 ) ;
#6738 = CYLINDRICAL_SURFACE ( 'NONE', #5166, 26.00000000000000000 ) ;
#6739 = DIRECTION ( 'NONE',  ( -1.000000000000000000, -0.000000000000000000, 0.000000000000000000 ) ) ;
#6740 = CARTESIAN_POINT ( 'NONE',  ( 3.000000000000000888, -20.23396159193267962, -16.32748597599132268 ) ) ;
#6741 = EDGE_CURVE ( 'NONE', #3824, #1958, #6472, .T. ) ;
#6742 = VERTEX_POINT ( 'NONE', #1307 ) ;
#6743 = DIRECTION ( 'NONE',  ( 0.000000000000000000, 0.000000000000000000, 1.000000000000000000 ) ) ;
#6744 = CARTESIAN_POINT ( 'NONE',  ( 3.000000000000000888, -7.753840929970387208, -22.44756004185568798 ) ) ;
#6745 = EDGE_LOOP ( 'NONE', ( #5386, #3339, #1331, #8037 ) ) ;
#6746 = DIRECTION ( 'NONE',  ( -1.000000000000000000, -0.000000000000000000, 0.000000000000000000 ) ) ;
#6747 = PERSON_AND_ORGANIZATION ( #6793, #2555 ) ;
#6748 = ORIENTED_EDGE ( 'NONE', *, *, #1343, .T. ) ;
#6749 = DIRECTION ( 'NONE',  ( 0.000000000000000000, 0.000000000000000000, 1.000000000000000000 ) ) ;
#6750 = ORIENTED_EDGE ( 'NONE', *, *, #6551, .T. ) ;
#6751 = ORIENTED_EDGE ( 'NONE', *, *, #6076, .T. ) ;
#6752 = CARTESIAN_POINT ( 'NONE',  ( 3.000000000000000888, 13.09272093277509974, -19.81402683899648309 ) ) ;
#6753 = EDGE_CURVE ( 'NONE', #2072, #2532, #261, .T. ) ;
#6754 = DIRECTION ( 'NONE',  ( 0.000000000000000000, 0.000000000000000000, -1.000000000000000000 ) ) ;
#6755 = EDGE_CURVE ( 'NONE', #4677, #5045, #814, .T. ) ;
#6756 = CARTESIAN_POINT ( 'NONE',  ( -1.541888672159512419, 7.000000000000009770, -16.91572086648875839 ) ) ;
#6757 = DIRECTION ( 'NONE',  ( -1.000000000000000000, 0.000000000000000000, -0.000000000000000000 ) ) ;
#6758 = ORIENTED_EDGE ( 'NONE', *, *, #8118, .T. ) ;
#6759 = DIRECTION ( 'NONE',  ( 0.000000000000000000, 0.000000000000000000, 1.000000000000000000 ) ) ;
#6760 = FACE_OUTER_BOUND ( 'NONE', #6593, .T. ) ;
#6761 = ORIENTED_EDGE ( 'NONE', *, *, #6022, .T. ) ;
#6762 = ADVANCED_FACE ( 'NONE', ( #6381 ), #495, .T. ) ;
#6763 = FACE_OUTER_BOUND ( 'NONE', #1456, .T. ) ;
#6764 = EDGE_CURVE ( 'NONE', #3251, #432, #4234, .T. ) ;
#6765 = DIRECTION ( 'NONE',  ( 0.000000000000000000, -1.000000000000000000, 0.000000000000000000 ) ) ;
#6766 = EDGE_CURVE ( 'NONE', #1423, #5926, #8011, .T. ) ;
#6767 = DIRECTION ( 'NONE',  ( 1.000000000000000000, -0.000000000000000000, -0.000000000000000000 ) ) ;
#6768 = ORIENTED_EDGE ( 'NONE', *, *, #2882, .F. ) ;
#6769 = LINE ( 'NONE', #4613, #7254 ) ;
#6770 = VERTEX_POINT ( 'NONE', #7973 ) ;
#6771 = CIRCLE ( 'NONE', #4562, 23.74900000000000588 ) ;
#6772 = DIRECTION ( 'NONE',  ( 0.000000000000000000, 0.9822872507286893873, -0.1873813145857213813 ) ) ;
#6773 = ADVANCED_FACE ( 'NONE', ( #4785 ), #1392, .T. ) ;
#6774 = DIRECTION ( 'NONE',  ( -1.000000000000000000, -0.000000000000000000, -0.000000000000000000 ) ) ;
#6775 = AXIS2_PLACEMENT_3D ( 'NONE', #6731, #6637, #2862 ) ;
#6776 = EDGE_CURVE ( 'NONE', #2377, #3000, #1357, .T. ) ;
#6777 = CYLINDRICAL_SURFACE ( 'NONE', #5456, 23.74900000000000233 ) ;
#6778 = FACE_OUTER_BOUND ( 'NONE', #3056, .T. ) ;
#6779 = DIRECTION ( 'NONE',  ( 0.7342190668223699257, 0.000000000000000000, -0.6789126320186481545 ) ) ;
#6780 = ORIENTED_EDGE ( 'NONE', *, *, #6608, .T. ) ;
#6781 = CARTESIAN_POINT ( 'NONE',  ( 0.000000000000000000, 25.92685648092484030, -1.948874808068890241 ) ) ;
#6782 = VERTEX_POINT ( 'NONE', #2003 ) ;
#6783 = DIRECTION ( 'NONE',  ( 0.000000000000000000, 0.000000000000000000, 1.000000000000000000 ) ) ;
#6784 = DIRECTION ( 'NONE',  ( -1.000000000000000000, 0.000000000000000000, 0.000000000000000000 ) ) ;
#6785 = CARTESIAN_POINT ( 'NONE',  ( 0.000000000000000000, -21.01871904177743744, 11.05569766422829936 ) ) ;
#6786 = COORDINATED_UNIVERSAL_TIME_OFFSET ( 7, 0, .AHEAD. ) ;
#6787 = AXIS2_PLACEMENT_3D ( 'NONE', #5960, #72, #5315 ) ;
#6788 = ORIENTED_EDGE ( 'NONE', *, *, #1192, .T. ) ;
#6789 = CARTESIAN_POINT ( 'NONE',  ( 3.000000000000000888, 12.80251323316800338, 22.62953059421599988 ) ) ;
#6790 = VERTEX_POINT ( 'NONE', #3466 ) ;
#6791 = VERTEX_POINT ( 'NONE', #5434 ) ;
#6792 = DIRECTION ( 'NONE',  ( -1.000000000000000000, -0.000000000000000000, -0.000000000000000000 ) ) ;
#6793 = PERSON ( 'UNSPECIFIED', 'UNSPECIFIED', 'UNSPECIFIED', ('UNSPECIFIED'), ('UNSPECIFIED'), ('UNSPECIFIED') ) ;
#6794 = CYLINDRICAL_SURFACE ( 'NONE', #757, 26.00000000000000000 ) ;
#6795 = DIRECTION ( 'NONE',  ( 0.000000000000000000, 0.000000000000000000, 1.000000000000000000 ) ) ;
#6796 = VECTOR ( 'NONE', #3724, 1000.000000000000114 ) ;
#6797 = FACE_OUTER_BOUND ( 'NONE', #3779, .T. ) ;
#6798 = AXIS2_PLACEMENT_3D ( 'NONE', #7148, #2510, #7099 ) ;
#6799 = ORIENTED_EDGE ( 'NONE', *, *, #3919, .T. ) ;
#6800 = CARTESIAN_POINT ( 'NONE',  ( -10.00000000000000000, 0.000000000000000000, 0.000000000000000000 ) ) ;
#6801 = CIRCLE ( 'NONE', #4456, 10.00000000000000000 ) ;
#6802 = CIRCLE ( 'NONE', #7892, 23.74900000000000233 ) ;
#6803 = CARTESIAN_POINT ( 'NONE',  ( 3.000000000000000888, -22.12078737453573751, -13.66275103815407377 ) ) ;
#6804 = ORIENTED_EDGE ( 'NONE', *, *, #7817, .T. ) ;
#6805 = CARTESIAN_POINT ( 'NONE',  ( 0.000000000000000000, 6.772563327703775116, 25.10243784918592169 ) ) ;
#6806 = VECTOR ( 'NONE', #8316, 1000.000000000000000 ) ;
#6807 = APPROVAL_PERSON_ORGANIZATION ( #3143, #77, #5714 ) ;
#6808 = FACE_OUTER_BOUND ( 'NONE', #6745, .T. ) ;
#6809 = EDGE_CURVE ( 'NONE', #7641, #7825, #6769, .T. ) ;
#6810 = LINE ( 'NONE', #2127, #5798 ) ;
#6811 = APPROVAL_PERSON_ORGANIZATION ( #6347, #2895, #4411 ) ;
#6812 = VERTEX_POINT ( 'NONE', #4658 ) ;
#6813 = CARTESIAN_POINT ( 'NONE',  ( 0.000000000000000000, 22.23862650171294320, 8.334176163083597544 ) ) ;
#6814 = EDGE_CURVE ( 'NONE', #5151, #5750, #8357, .T. ) ;
#6815 = ORIENTED_EDGE ( 'NONE', *, *, #84, .F. ) ;
#6816 = CARTESIAN_POINT ( 'NONE',  ( 3.000000000000000888, 1.054159027265907156, 23.72559271641562262 ) ) ;
#6817 = CARTESIAN_POINT ( 'NONE',  ( 0.000000000000000000, 0.000000000000000000, 0.000000000000000000 ) ) ;
#6818 = DIRECTION ( 'NONE',  ( 0.000000000000000000, 0.3681245526846718685, 0.9297764858882537897 ) ) ;
#6819 = AXIS2_PLACEMENT_3D ( 'NONE', #522, #3230, #7829 ) ;
#6820 = FACE_OUTER_BOUND ( 'NONE', #3412, .T. ) ;
#6821 = EDGE_CURVE ( 'NONE', #2890, #4506, #6441, .T. ) ;
#6822 = DIRECTION ( 'NONE',  ( -1.000000000000000000, 0.000000000000000000, 0.000000000000000000 ) ) ;
#6823 = ORIENTED_EDGE ( 'NONE', *, *, #4901, .T. ) ;
#6824 = AXIS2_PLACEMENT_3D ( 'NONE', #7978, #6171, #5525 ) ;
#6825 = DIRECTION ( 'NONE',  ( -1.000000000000000000, 0.000000000000000000, -0.000000000000000000 ) ) ;
#6826 = ORIENTED_EDGE ( 'NONE', *, *, #7175, .F. ) ;
#6827 = DIRECTION ( 'NONE',  ( 0.000000000000000000, 0.1253332335642974582, 0.9921147013144786531 ) ) ;
#6828 = DIRECTION ( 'NONE',  ( 0.000000000000000000, 0.4817536741017099944, 0.8763066800438664705 ) ) ;
#6829 = DIRECTION ( 'NONE',  ( 0.000000000000000000, 0.000000000000000000, 1.000000000000000000 ) ) ;
#6830 = APPROVAL ( #6871, 'UNSPECIFIED' ) ;
#6831 = AXIS2_PLACEMENT_3D ( 'NONE', #7498, #3072, #5687 ) ;
#6832 = DATE_AND_TIME ( #8157, #1590 ) ;
#6833 = ORIENTED_EDGE ( 'NONE', *, *, #8296, .T. ) ;
#6834 = DIRECTION ( 'NONE',  ( 0.000000000000000000, 0.000000000000000000, -1.000000000000000000 ) ) ;
#6835 = EDGE_LOOP ( 'NONE', ( #4343, #2643, #7810, #3880 ) ) ;
#6836 = VERTEX_POINT ( 'NONE', #5944 ) ;
#6837 = DIRECTION ( 'NONE',  ( 0.000000000000000000, -0.1253332335642905193, -0.9921147013144795412 ) ) ;
#6838 = VECTOR ( 'NONE', #523, 1000.000000000000114 ) ;
#6839 = CARTESIAN_POINT ( 'NONE',  ( 0.000000000000000000, -1.054159027265731075, -23.72559271641563328 ) ) ;
#6840 = AXIS2_PLACEMENT_3D ( 'NONE', #5373, #7911, #5330 ) ;
#6841 = EDGE_LOOP ( 'NONE', ( #2071, #6815, #5705, #6121 ) ) ;
#6842 = CARTESIAN_POINT ( 'NONE',  ( 3.000000000000000888, 6.158349177668569041, -25.26014123883532037 ) ) ;
#6843 = EDGE_CURVE ( 'NONE', #4633, #730, #4009, .T. ) ;
#6844 = CARTESIAN_POINT ( 'NONE',  ( 3.000000000000000888, -17.00973468965491975, -16.57359124594154665 ) ) ;
#6845 = EDGE_LOOP ( 'NONE', ( #559, #953, #6278, #4671 ) ) ;
#6846 = CARTESIAN_POINT ( 'NONE',  ( 0.000000000000000000, 22.30553143780301895, 7.372391464925285298 ) ) ;
#6847 = VECTOR ( 'NONE', #7755, 1000.000000000000000 ) ;
#6848 = DIRECTION ( 'NONE',  ( 0.000000000000000000, 0.000000000000000000, 1.000000000000000000 ) ) ;
#6849 = AXIS2_PLACEMENT_3D ( 'NONE', #630, #1922, #3176 ) ;
#6850 = CIRCLE ( 'NONE', #1772, 23.74900000000000588 ) ;
#6851 = CARTESIAN_POINT ( 'NONE',  ( 3.000000000000000888, 0.000000000000000000, 0.000000000000000000 ) ) ;
#6852 = ORIENTED_EDGE ( 'NONE', *, *, #6374, .F. ) ;
#6853 = VERTEX_POINT ( 'NONE', #4695 ) ;
#6854 = DIRECTION ( 'NONE',  ( 0.000000000000000000, 0.000000000000000000, 1.000000000000000000 ) ) ;
#6855 = CARTESIAN_POINT ( 'NONE',  ( -14.74895638488504801, 7.000000000000008882, -6.145609380897365526 ) ) ;
#6856 = EDGE_CURVE ( 'NONE', #6419, #5204, #267, .T. ) ;
#6857 = DIRECTION ( 'NONE',  ( 0.000000000000000000, -0.5877852522924803536, 0.8090169943749421222 ) ) ;
#6858 = AXIS2_PLACEMENT_3D ( 'NONE', #7309, #3321, #5934 ) ;
#6859 = EDGE_CURVE ( 'NONE', #6419, #5902, #4515, .T. ) ;
#6860 = CIRCLE ( 'NONE', #3703, 9.999999999999998224 ) ;
#6861 = DIRECTION ( 'NONE',  ( -0.000000000000000000, 1.000000000000000000, -0.000000000000000000 ) ) ;
#6862 = DIRECTION ( 'NONE',  ( 0.000000000000000000, 0.9510565162951521989, 0.3090169943749516146 ) ) ;
#6863 = ORIENTED_EDGE ( 'NONE', *, *, #7634, .T. ) ;
#6864 = DIRECTION ( 'NONE',  ( 1.000000000000000000, -0.000000000000000000, 0.000000000000000000 ) ) ;
#6865 = ORIENTED_EDGE ( 'NONE', *, *, #657, .F. ) ;
#6866 = CARTESIAN_POINT ( 'NONE',  ( 3.000000000000000888, 15.53779383581485973, -20.84650960510448670 ) ) ;
#6867 = DIRECTION ( 'NONE',  ( 0.000000000000000000, 0.000000000000000000, 1.000000000000000000 ) ) ;
#6868 = VERTEX_POINT ( 'NONE', #6640 ) ;
#6869 = DIRECTION ( 'NONE',  ( 0.000000000000000000, 0.000000000000000000, 1.000000000000000000 ) ) ;
#6870 = EDGE_CURVE ( 'NONE', #6142, #4097, #7319, .T. ) ;
#6871 = APPROVAL_STATUS ( 'not_yet_approved' ) ;
#6872 = ADVANCED_FACE ( 'NONE', ( #1522 ), #6686, .T. ) ;
#6873 = ORIENTED_EDGE ( 'NONE', *, *, #1755, .F. ) ;
#6874 = CARTESIAN_POINT ( 'NONE',  ( 3.000000000000000888, 23.74496687177445509, -0.4376634075792243395 ) ) ;
#6875 = ORIENTED_EDGE ( 'NONE', *, *, #8182, .T. ) ;
#6876 = ORIENTED_EDGE ( 'NONE', *, *, #1646, .T. ) ;
#6877 = CARTESIAN_POINT ( 'NONE',  ( 0.000000000000000000, -3.572989937012942541, 25.75332489039044503 ) ) ;
#6878 = EDGE_CURVE ( 'NONE', #7590, #2905, #4376, .T. ) ;
#6879 = DIRECTION ( 'NONE',  ( 0.000000000000000000, 1.000000000000000000, 0.000000000000000000 ) ) ;
#6880 = ORIENTED_EDGE ( 'NONE', *, *, #2194, .F. ) ;
#6881 = CYLINDRICAL_SURFACE ( 'NONE', #1795, 10.00000000000000178 ) ;
#6882 = CARTESIAN_POINT ( 'NONE',  ( 3.000000000000000888, 25.96667425510338489, 1.315989410805011639 ) ) ;
#6883 = ORIENTED_EDGE ( 'NONE', *, *, #7872, .T. ) ;
#6884 = CARTESIAN_POINT ( 'NONE',  ( 3.000000000000000888, -14.79838606843859772, -18.57478857940091288 ) ) ;
#6885 = CIRCLE ( 'NONE', #6479, 23.74900000000000944 ) ;
#6886 = DIRECTION ( 'NONE',  ( 1.000000000000000000, 0.000000000000000000, -0.000000000000000000 ) ) ;
#6887 = CARTESIAN_POINT ( 'NONE',  ( 0.000000000000000000, 25.59698206453965952, 4.560099690536917549 ) ) ;
#6888 = CYLINDRICAL_SURFACE ( 'NONE', #2149, 23.74900000000000233 ) ;
#6889 = ORIENTED_EDGE ( 'NONE', *, *, #3039, .T. ) ;
#6890 = ORIENTED_EDGE ( 'NONE', *, *, #7807, .F. ) ;
#6891 = CARTESIAN_POINT ( 'NONE',  ( 0.000000000000000000, -13.09272093277496296, 19.81402683899657546 ) ) ;
#6892 = DIRECTION ( 'NONE',  ( 0.000000000000000000, 0.000000000000000000, 1.000000000000000000 ) ) ;
#6893 = CARTESIAN_POINT ( 'NONE',  ( 0.000000000000000000, 0.000000000000000000, 0.000000000000000000 ) ) ;
#6894 = CARTESIAN_POINT ( 'NONE',  ( 3.000000000000000888, 25.96667425510338489, -1.315989410805013415 ) ) ;
#6895 = EDGE_CURVE ( 'NONE', #7249, #6059, #7882, .T. ) ;
#6896 = LINE ( 'NONE', #1781, #5093 ) ;
#6897 = EDGE_CURVE ( 'NONE', #3186, #2212, #1350, .T. ) ;
#6898 = ORIENTED_EDGE ( 'NONE', *, *, #5203, .F. ) ;
#6899 = DIRECTION ( 'NONE',  ( 0.000000000000000000, 0.9980267284282712259, 0.06279051952931685721 ) ) ;
#6900 = ORIENTED_EDGE ( 'NONE', *, *, #3715, .F. ) ;
#6901 = CARTESIAN_POINT ( 'NONE',  ( 1.500000000000000444, -24.82361017592218033, -7.732294474077717972 ) ) ;
#6902 = CARTESIAN_POINT ( 'NONE',  ( 3.000000000000000888, 19.89860609720116358, 12.48736817841737690 ) ) ;
#6903 = ORIENTED_EDGE ( 'NONE', *, *, #2394, .F. ) ;
#6904 = CARTESIAN_POINT ( 'NONE',  ( 0.000000000000000000, -12.35365805879594525, 20.28305040092210021 ) ) ;
#6905 = DESIGN_CONTEXT ( 'detailed design', #1493, 'design' ) ;
#6906 = AXIS2_PLACEMENT_3D ( 'NONE', #2423, #4391, #1005 ) ;
#6907 = SECURITY_CLASSIFICATION_LEVEL ( 'unclassified' ) ;
#6908 = EDGE_CURVE ( 'NONE', #7834, #7064, #2744, .T. ) ;
#6909 = VERTEX_POINT ( 'NONE', #2691 ) ;
#6910 = CARTESIAN_POINT ( 'NONE',  ( 1.500000000000000444, 9.275723936746835818, 24.28911166447348435 ) ) ;
#6911 = EDGE_LOOP ( 'NONE', ( #6263, #7992, #1182, #2900 ) ) ;
#6912 = ORIENTED_EDGE ( 'NONE', *, *, #1013, .F. ) ;
#6913 = DIRECTION ( 'NONE',  ( 0.000000000000000000, 0.000000000000000000, 1.000000000000000000 ) ) ;
#6914 = AXIS2_PLACEMENT_3D ( 'NONE', #8453, #7158, #1824 ) ;
#6915 = ADVANCED_FACE ( 'NONE', ( #5300 ), #3740, .T. ) ;
#6916 = CARTESIAN_POINT ( 'NONE',  ( 3.000000000000000888, 0.000000000000000000, 0.000000000000000000 ) ) ;
#6917 = VECTOR ( 'NONE', #1618, 1000.000000000000000 ) ;
#6918 = CIRCLE ( 'NONE', #7051, 10.00000000000000000 ) ;
#6919 = EDGE_CURVE ( 'NONE', #8176, #2782, #2056, .T. ) ;
#6920 = ORIENTED_EDGE ( 'NONE', *, *, #2179, .T. ) ;
#6921 = EDGE_CURVE ( 'NONE', #7025, #8270, #6030, .T. ) ;
#6922 = DIRECTION ( 'NONE',  ( 0.000000000000000000, 0.2486898871648483555, 0.9685831611286327414 ) ) ;
#6923 = CARTESIAN_POINT ( 'NONE',  ( 3.000000000000000888, 7.753840929970859719, -22.44756004185552456 ) ) ;
#6924 = VERTEX_POINT ( 'NONE', #6813 ) ;
#6925 = VECTOR ( 'NONE', #4106, 1000.000000000000000 ) ;
#6926 = DIRECTION ( 'NONE',  ( 1.000000000000000000, 0.000000000000000000, 0.000000000000000000 ) ) ;
#6927 = CARTESIAN_POINT ( 'NONE',  ( 3.000000000000000888, 0.000000000000000000, 0.000000000000000000 ) ) ;
#6928 = AXIS2_PLACEMENT_3D ( 'NONE', #7873, #1337, #2551 ) ;
#6929 = PRODUCT_DEFINITION_SHAPE ( 'NONE', 'NONE',  #4911 ) ;
#6930 = CARTESIAN_POINT ( 'NONE',  ( 3.000000000000000888, -21.30678187720829442, 9.894944904949715792 ) ) ;
#6931 = CIRCLE ( 'NONE', #3898, 23.74900000000000944 ) ;
#6932 = DIRECTION ( 'NONE',  ( 0.000000000000000000, 0.000000000000000000, 1.000000000000000000 ) ) ;
#6933 = VERTEX_POINT ( 'NONE', #8105 ) ;
#6934 = CIRCLE ( 'NONE', #2687, 10.00000000000000355 ) ;
#6935 = ORIENTED_EDGE ( 'NONE', *, *, #4436, .T. ) ;
#6936 = DIRECTION ( 'NONE',  ( -1.000000000000000000, 0.000000000000000000, -0.000000000000000000 ) ) ;
#6937 = CYLINDRICAL_SURFACE ( 'NONE', #5284, 26.00000000000000000 ) ;
#6938 = CARTESIAN_POINT ( 'NONE',  ( 3.000000000000000888, -12.24681498829422921, 22.93502828955071848 ) ) ;
#6939 = VECTOR ( 'NONE', #6068, 1000.000000000000000 ) ;
#6940 = CARTESIAN_POINT ( 'NONE',  ( -2.050538145046632010, 10.00000000000000888, -15.85322226736041173 ) ) ;
#6941 = AXIS2_PLACEMENT_3D ( 'NONE', #8311, #4302, #2425 ) ;
#6942 = LOCAL_TIME ( 18, 37, 26.00000000000000000, #6576 ) ;
#6943 = FACE_OUTER_BOUND ( 'NONE', #7662, .T. ) ;
#6944 = ORIENTED_EDGE ( 'NONE', *, *, #7923, .T. ) ;
#6945 = CARTESIAN_POINT ( 'NONE',  ( 3.000000000000000888, -17.56576837257065193, 19.16882316369986583 ) ) ;
#6946 = ORIENTED_EDGE ( 'NONE', *, *, #6895, .F. ) ;
#6947 = FACE_OUTER_BOUND ( 'NONE', #1792, .T. ) ;
#6948 = DIRECTION ( 'NONE',  ( -1.000000000000000000, 0.000000000000000000, 0.000000000000000000 ) ) ;
#6949 = AXIS2_PLACEMENT_3D ( 'NONE', #4297, #269, #6158 ) ;
#6950 = EDGE_LOOP ( 'NONE', ( #4784, #1758, #3865, #553 ) ) ;
#6951 = LOCAL_TIME ( 18, 37, 26.00000000000000000, #4758 ) ;
#6952 = CARTESIAN_POINT ( 'NONE',  ( 1.500000000000000444, 3.572989937012756023, 25.75332489039047346 ) ) ;
#6953 = DATE_TIME_ROLE ( 'classification_date' ) ;
#6954 = AXIS2_PLACEMENT_3D ( 'NONE', #5844, #8474, #3191 ) ;
#6955 = EDGE_LOOP ( 'NONE', ( #723, #5461 ) ) ;
#6956 = CARTESIAN_POINT ( 'NONE',  ( 3.000000000000000888, -11.21328339503254590, -20.64342907894929624 ) ) ;
#6957 = ORIENTED_EDGE ( 'NONE', *, *, #946, .T. ) ;
#6958 = VERTEX_POINT ( 'NONE', #3104 ) ;
#6959 = DIRECTION ( 'NONE',  ( 1.000000000000000000, 0.000000000000000000, 0.000000000000000000 ) ) ;
#6960 = VECTOR ( 'NONE', #8063, 1000.000000000000000 ) ;
#6961 = ADVANCED_FACE ( 'NONE', ( #926, #7091 ), #3059, .F. ) ;
#6962 = EDGE_CURVE ( 'NONE', #2847, #6621, #2332, .T. ) ;
#6963 = EDGE_LOOP ( 'NONE', ( #6517, #3368, #6957, #8490 ) ) ;
#6964 = AXIS2_PLACEMENT_3D ( 'NONE', #4179, #6683, #5988 ) ;
#6965 = CARTESIAN_POINT ( 'NONE',  ( 0.000000000000000000, -25.92685648092479767, -1.948874808069432252 ) ) ;
#6966 = DIRECTION ( 'NONE',  ( -1.000000000000000000, 0.000000000000000000, -0.000000000000000000 ) ) ;
#6967 = CARTESIAN_POINT ( 'NONE',  ( 0.000000000000000000, 0.000000000000000000, 0.000000000000000000 ) ) ;
#6968 = ORIENTED_EDGE ( 'NONE', *, *, #2577, .T. ) ;
#6969 = FACE_OUTER_BOUND ( 'NONE', #172, .T. ) ;
#6970 = CARTESIAN_POINT ( 'NONE',  ( 3.000000000000000888, 22.12078737453582988, 13.66275103815392455 ) ) ;
#6971 = EDGE_CURVE ( 'NONE', #8256, #2130, #3696, .T. ) ;
#6972 = EDGE_CURVE ( 'NONE', #7535, #6664, #1762, .T. ) ;
#6973 = DIRECTION ( 'NONE',  ( -1.000000000000000000, -0.000000000000000000, -0.000000000000000000 ) ) ;
#6974 = DIRECTION ( 'NONE',  ( 0.000000000000000000, -1.000000000000000000, 0.000000000000000000 ) ) ;
#6975 = ORIENTED_EDGE ( 'NONE', *, *, #4899, .T. ) ;
#6976 = AXIS2_PLACEMENT_3D ( 'NONE', #956, #996, #8166 ) ;
#6977 = ORIENTED_EDGE ( 'NONE', *, *, #4756, .T. ) ;
#6978 = DIRECTION ( 'NONE',  ( 0.000000000000000000, -0.4817536741017036661, -0.8763066800438700232 ) ) ;
#6979 = CYLINDRICAL_SURFACE ( 'NONE', #2283, 23.74900000000000233 ) ;
#6980 = CARTESIAN_POINT ( 'NONE',  ( 1.500000000000000444, 21.78099992762150094, -14.19817038047339786 ) ) ;
#6981 = DIRECTION ( 'NONE',  ( -0.2208460528671492562, 0.000000000000000000, 0.9753086798203942642 ) ) ;
#6982 = DIRECTION ( 'NONE',  ( -1.000000000000000000, 0.000000000000000000, 0.000000000000000000 ) ) ;
#6983 = ORIENTED_EDGE ( 'NONE', *, *, #758, .F. ) ;
#6984 = DIRECTION ( 'NONE',  ( -1.000000000000000000, 0.000000000000000000, 0.000000000000000000 ) ) ;
#6985 = AXIS2_PLACEMENT_3D ( 'NONE', #3058, #390, #5674 ) ;
#6986 = ORIENTED_EDGE ( 'NONE', *, *, #3754, .F. ) ;
#6987 = CIRCLE ( 'NONE', #5484, 10.00000000000000000 ) ;
#6988 = LINE ( 'NONE', #7029, #897 ) ;
#6989 = DIRECTION ( 'NONE',  ( 0.000000000000000000, 0.000000000000000000, -1.000000000000000000 ) ) ;
#6990 = AXIS2_PLACEMENT_3D ( 'NONE', #643, #3357, #7304 ) ;
#6991 = EDGE_LOOP ( 'NONE', ( #1549, #6457, #3493, #1966 ) ) ;
#6992 = FACE_OUTER_BOUND ( 'NONE', #1673, .T. ) ;
#6993 = APPROVAL_ROLE ( '' ) ;
#6994 = CIRCLE ( 'NONE', #142, 10.00000000000000000 ) ;
#6995 = ORIENTED_EDGE ( 'NONE', *, *, #7960, .F. ) ;
#6996 = DIRECTION ( 'NONE',  ( -1.000000000000000000, 0.000000000000000000, -0.000000000000000000 ) ) ;
#6997 = EDGE_LOOP ( 'NONE', ( #1888, #2590, #5279, #4 ) ) ;
#6998 = ORIENTED_EDGE ( 'NONE', *, *, #3786, .T. ) ;
#6999 = DIRECTION ( 'NONE',  ( 0.000000000000000000, 0.3681245526846718685, 0.9297764858882537897 ) ) ;
#7000 = CARTESIAN_POINT ( 'NONE',  ( 3.000000000000000888, 0.000000000000000000, 26.00000000000000000 ) ) ;
#7001 = ORIENTED_EDGE ( 'NONE', *, *, #1975, .T. ) ;
#7002 = EDGE_CURVE ( 'NONE', #4417, #5821, #2607, .T. ) ;
#7003 = CARTESIAN_POINT ( 'NONE',  ( 4.051352821227593992, 7.000000000000008882, 7.017148925649419056 ) ) ;
#7004 = ADVANCED_FACE ( 'NONE', ( #3702 ), #8303, .T. ) ;
#7005 = DIRECTION ( 'NONE',  ( -1.000000000000000000, 0.000000000000000000, 0.000000000000000000 ) ) ;
#7006 = CARTESIAN_POINT ( 'NONE',  ( 3.000000000000000888, 0.000000000000000000, 0.000000000000000000 ) ) ;
#7007 = VERTEX_POINT ( 'NONE', #3150 ) ;
#7008 = CARTESIAN_POINT ( 'NONE',  ( 3.000000000000000888, 23.65875512592473129, -10.78254635471279954 ) ) ;
#7009 = DIRECTION ( 'NONE',  ( -1.000000000000000000, -0.000000000000000000, 0.000000000000000000 ) ) ;
#7010 = ORIENTED_EDGE ( 'NONE', *, *, #2080, .T. ) ;
#7011 = DIRECTION ( 'NONE',  ( 0.000000000000000000, 0.000000000000000000, -1.000000000000000000 ) ) ;
#7012 = ADVANCED_FACE ( 'NONE', ( #4227 ), #7493, .T. ) ;
#7013 = DIRECTION ( 'NONE',  ( 0.000000000000000000, 0.000000000000000000, 1.000000000000000000 ) ) ;
#7014 = EDGE_CURVE ( 'NONE', #4186, #4126, #6850, .T. ) ;
#7015 = CIRCLE ( 'NONE', #1528, 10.00000000000000000 ) ;
#7016 = ORIENTED_EDGE ( 'NONE', *, *, #4500, .T. ) ;
#7017 = DIRECTION ( 'NONE',  ( 0.000000000000000000, 0.000000000000000000, 1.000000000000000000 ) ) ;
#7018 = CARTESIAN_POINT ( 'NONE',  ( 0.000000000000000000, 5.727185429052385146, 22.78350797608155887 ) ) ;
#7019 = EDGE_CURVE ( 'NONE', #438, #5472, #8506, .T. ) ;
#7020 = FACE_OUTER_BOUND ( 'NONE', #5264, .T. ) ;
#7021 = DIRECTION ( 'NONE',  ( -1.000000000000000000, 0.000000000000000000, -0.000000000000000000 ) ) ;
#7022 = CIRCLE ( 'NONE', #8130, 23.74899999999999878 ) ;
#7023 = DIRECTION ( 'NONE',  ( 0.000000000000000000, 0.9822872507286893873, -0.1873813145857214646 ) ) ;
#7024 = EDGE_CURVE ( 'NONE', #165, #1160, #6361, .T. ) ;
#7025 = VERTEX_POINT ( 'NONE', #5521 ) ;
#7026 = ADVANCED_FACE ( 'NONE', ( #8143 ), #4420, .T. ) ;
#7027 = CARTESIAN_POINT ( 'NONE',  ( 3.000000000000000888, 0.000000000000000000, 0.000000000000000000 ) ) ;
#7028 = EDGE_LOOP ( 'NONE', ( #1763, #4196, #1147, #791 ) ) ;
#7029 = CARTESIAN_POINT ( 'NONE',  ( 3.000000000000000888, 4.019451921851954879, 23.40638817177739384 ) ) ;
#7030 = FACE_OUTER_BOUND ( 'NONE', #4150, .T. ) ;
#7031 = ORIENTED_EDGE ( 'NONE', *, *, #708, .F. ) ;
#7032 = CYLINDRICAL_SURFACE ( 'NONE', #3658, 9.999999999999998224 ) ;
#7033 = APPROVAL_STATUS ( 'not_yet_approved' ) ;
#7034 = EDGE_LOOP ( 'NONE', ( #4426, #6571, #6132, #991 ) ) ;
#7035 = CARTESIAN_POINT ( 'NONE',  ( -10.00000000000000000, 0.000000000000000000, 26.00000000000000000 ) ) ;
#7036 = ORIENTED_EDGE ( 'NONE', *, *, #3147, .F. ) ;
#7037 = LINE ( 'NONE', #554, #5699 ) ;
#7038 = CARTESIAN_POINT ( 'NONE',  ( 3.000000000000000888, 0.000000000000000000, 0.000000000000000000 ) ) ;
#7039 = DIRECTION ( 'NONE',  ( 1.000000000000000000, 3.491481338843133355E-15, 1.219044193948983948E-29 ) ) ;
#7040 = ORIENTED_EDGE ( 'NONE', *, *, #4388, .T. ) ;
#7041 = CYLINDRICAL_SURFACE ( 'NONE', #1258, 9.999999999999998224 ) ;
#7042 = VERTEX_POINT ( 'NONE', #5764 ) ;
#7043 = DIRECTION ( 'NONE',  ( -1.000000000000000000, -0.000000000000000000, 0.000000000000000000 ) ) ;
#7044 = VERTEX_POINT ( 'NONE', #8389 ) ;
#7045 = DIRECTION ( 'NONE',  ( -1.000000000000000000, -0.000000000000000000, 0.000000000000000000 ) ) ;
#7046 = CARTESIAN_POINT ( 'NONE',  ( -2.052224346884345962, 10.00000000000000888, 15.84577559900846033 ) ) ;
#7047 = ORIENTED_EDGE ( 'NONE', *, *, #1375, .T. ) ;
#7048 = LINE ( 'NONE', #5246, #8183 ) ;
#7049 = AXIS2_PLACEMENT_3D ( 'NONE', #4074, #6700, #8074 ) ;
#7050 = FACE_OUTER_BOUND ( 'NONE', #1464, .T. ) ;
#7051 = AXIS2_PLACEMENT_3D ( 'NONE', #6245, #2344, #2985 ) ;
#7052 = EDGE_LOOP ( 'NONE', ( #4494, #5185, #1283, #6345 ) ) ;
#7053 = DIRECTION ( 'NONE',  ( 1.000000000000000000, 0.000000000000000000, 0.000000000000000000 ) ) ;
#7054 = DIRECTION ( 'NONE',  ( 1.000000000000000000, 0.000000000000000000, 0.000000000000000000 ) ) ;
#7055 = CYLINDRICAL_SURFACE ( 'NONE', #2717, 26.00000000000000000 ) ;
#7056 = EDGE_CURVE ( 'NONE', #7206, #546, #4646, .T. ) ;
#7057 = FACE_OUTER_BOUND ( 'NONE', #7034, .T. ) ;
#7058 = AXIS2_PLACEMENT_3D ( 'NONE', #6343, #6475, #8494 ) ;
#7059 = ADVANCED_FACE ( 'NONE', ( #3827 ), #6455, .F. ) ;
#7060 = CARTESIAN_POINT ( 'NONE',  ( 3.000000000000000888, -18.02520032586875587, 15.06589001178566178 ) ) ;
#7061 = ADVANCED_FACE ( 'NONE', ( #8471 ), #5930, .F. ) ;
#7062 = ORIENTED_EDGE ( 'NONE', *, *, #6856, .T. ) ;
#7063 = CARTESIAN_POINT ( 'NONE',  ( 0.000000000000000000, 23.65875512592473129, -10.78254635471279776 ) ) ;
#7064 = VERTEX_POINT ( 'NONE', #3317 ) ;
#7065 = CIRCLE ( 'NONE', #7339, 9.999999999999998224 ) ;
#7066 = AXIS2_PLACEMENT_3D ( 'NONE', #1421, #4726, #4173 ) ;
#7067 = DIRECTION ( 'NONE',  ( 0.000000000000000000, 0.000000000000000000, 1.000000000000000000 ) ) ;
#7068 = LINE ( 'NONE', #3298, #457 ) ;
#7069 = ORIENTED_EDGE ( 'NONE', *, *, #5720, .F. ) ;
#7070 = DIRECTION ( 'NONE',  ( -1.000000000000000000, -0.000000000000000000, -0.000000000000000000 ) ) ;
#7071 = CIRCLE ( 'NONE', #1581, 26.00000000000000000 ) ;
#7072 = CIRCLE ( 'NONE', #4460, 23.74900000000000233 ) ;
#7073 = CARTESIAN_POINT ( 'NONE',  ( 3.000000000000000888, -15.99480952573140868, -17.20624761156522098 ) ) ;
#7074 = ADVANCED_FACE ( 'NONE', ( #1287 ), #2716, .T. ) ;
#7075 = EDGE_CURVE ( 'NONE', #3376, #5399, #8228, .T. ) ;
#7076 = PERSON_AND_ORGANIZATION_ROLE ( 'classification_officer' ) ;
#7077 = ORIENTED_EDGE ( 'NONE', *, *, #300, .F. ) ;
#7078 = AXIS2_PLACEMENT_3D ( 'NONE', #3840, #1174, #4432 ) ;
#7079 = CARTESIAN_POINT ( 'NONE',  ( 0.000000000000000000, -15.99480952573140868, -17.20624761156522098 ) ) ;
#7080 = SECURITY_CLASSIFICATION ( '', '', #6907 ) ;
#7081 = EDGE_LOOP ( 'NONE', ( #1641, #5276, #6200, #5694 ) ) ;
#7082 = DIRECTION ( 'NONE',  ( 0.000000000000000000, 0.000000000000000000, 1.000000000000000000 ) ) ;
#7083 = CARTESIAN_POINT ( 'NONE',  ( 3.000000000000000888, 12.24681498829406934, 22.93502828955080375 ) ) ;
#7084 = CC_DESIGN_DATE_AND_TIME_ASSIGNMENT ( #8252, #5578, ( #7225 ) ) ;
#7085 = AXIS2_PLACEMENT_3D ( 'NONE', #570, #7785, #3196 ) ;
#7086 = AXIS2_PLACEMENT_3D ( 'NONE', #1495, #1620, #4881 ) ;
#7087 = PERSON_AND_ORGANIZATION ( #6793, #2555 ) ;
#7088 = VERTEX_POINT ( 'NONE', #3992 ) ;
#7089 = LINE ( 'NONE', #1205, #2536 ) ;
#7090 = ORIENTED_EDGE ( 'NONE', *, *, #5601, .F. ) ;
#7091 = FACE_OUTER_BOUND ( 'NONE', #1894, .T. ) ;
#7092 = AXIS2_PLACEMENT_3D ( 'NONE', #2134, #8109, #4108 ) ;
#7093 = ORIENTED_EDGE ( 'NONE', *, *, #8031, .F. ) ;
#7094 = CARTESIAN_POINT ( 'NONE',  ( 0.000000000000000000, -22.37893697895712108, -7.146472439377875574 ) ) ;
#7095 = CARTESIAN_POINT ( 'NONE',  ( 3.000000000000000888, 23.43820135222874157, -1.593614133755375750 ) ) ;
#7096 = AXIS2_PLACEMENT_3D ( 'NONE', #3116, #1952, #3288 ) ;
#7097 = ORIENTED_EDGE ( 'NONE', *, *, #3700, .F. ) ;
#7098 = CYLINDRICAL_SURFACE ( 'NONE', #3385, 9.999999999999998224 ) ;
#7099 = DIRECTION ( 'NONE',  ( 0.000000000000000000, -0.6845471059286791782, -0.7289686274214204342 ) ) ;
#7100 = ORIENTED_EDGE ( 'NONE', *, *, #6764, .T. ) ;
#7101 = DIRECTION ( 'NONE',  ( 0.000000000000000000, 0.000000000000000000, 1.000000000000000000 ) ) ;
#7102 = CARTESIAN_POINT ( 'NONE',  ( 0.000000000000000000, 0.000000000000000000, 0.000000000000000000 ) ) ;
#7103 = AXIS2_PLACEMENT_3D ( 'NONE', #2940, #3619, #2983 ) ;
#7104 = CARTESIAN_POINT ( 'NONE',  ( 0.000000000000000000, 1.054159027266251325, -23.72559271641560485 ) ) ;
#7105 = CARTESIAN_POINT ( 'NONE',  ( 3.000000000000000888, -2.826494134736670105, 23.32165987963166742 ) ) ;
#7106 = VERTEX_POINT ( 'NONE', #7826 ) ;
#7107 = CIRCLE ( 'NONE', #7666, 26.00000000000000000 ) ;
#7108 = LINE ( 'NONE', #3843, #4005 ) ;
#7109 = ORIENTED_EDGE ( 'NONE', *, *, #6175, .F. ) ;
#7110 = EDGE_CURVE ( 'NONE', #8242, #1936, #3227, .T. ) ;
#7111 = DIRECTION ( 'NONE',  ( 0.000000000000000000, 0.000000000000000000, 1.000000000000000000 ) ) ;
#7112 = AXIS2_PLACEMENT_3D ( 'NONE', #6224, #2404, #4931 ) ;
#7113 = ORIENTED_EDGE ( 'NONE', *, *, #4739, .F. ) ;
#7114 = EDGE_CURVE ( 'NONE', #2905, #894, #5751, .T. ) ;
#7115 = DIRECTION ( 'NONE',  ( -1.000000000000000000, 0.000000000000000000, -0.000000000000000000 ) ) ;
#7116 = CARTESIAN_POINT ( 'NONE',  ( 3.000000000000000888, 0.000000000000000000, 0.000000000000000000 ) ) ;
#7117 = VERTEX_POINT ( 'NONE', #2635 ) ;
#7118 = CARTESIAN_POINT ( 'NONE',  ( 3.000000000000000888, 15.99480952573152948, 17.20624761156510729 ) ) ;
#7119 = AXIS2_PLACEMENT_3D ( 'NONE', #2836, #5452, #8075 ) ;
#7120 = AXIS2_PLACEMENT_3D ( 'NONE', #6300, #3206, #662 ) ;
#7121 = EDGE_CURVE ( 'NONE', #819, #4084, #1908, .T. ) ;
#7122 = CARTESIAN_POINT ( 'NONE',  ( 3.000000000000000888, -5.957267827074570476, 22.72443285698070525 ) ) ;
#7123 = AXIS2_PLACEMENT_3D ( 'NONE', #5179, #3851, #2529 ) ;
#7124 = EDGE_LOOP ( 'NONE', ( #7604, #1019, #1691, #845 ) ) ;
#7125 = VECTOR ( 'NONE', #2906, 1000.000000000000000 ) ;
#7126 = CYLINDRICAL_SURFACE ( 'NONE', #4909, 26.00000000000000000 ) ;
#7127 = VERTEX_POINT ( 'NONE', #3903 ) ;
#7128 = EDGE_CURVE ( 'NONE', #4506, #8026, #6725, .T. ) ;
#7129 = CARTESIAN_POINT ( 'NONE',  ( 3.000000000000000888, 1.927758584904034622, 23.67063049093388472 ) ) ;
#7130 = DIRECTION ( 'NONE',  ( -1.000000000000000000, -0.000000000000000000, -0.000000000000000000 ) ) ;
#7131 = EDGE_CURVE ( 'NONE', #5027, #101, #5278, .T. ) ;
#7132 = EDGE_CURVE ( 'NONE', #2736, #5195, #4679, .T. ) ;
#7133 = AXIS2_PLACEMENT_3D ( 'NONE', #6588, #3796, #4639 ) ;
#7134 = AXIS2_PLACEMENT_3D ( 'NONE', #258, #4085, #174 ) ;
#7135 = PERSON_AND_ORGANIZATION_ROLE ( 'creator' ) ;
#7136 = EDGE_LOOP ( 'NONE', ( #7382, #5998, #4035, #2298 ) ) ;
#7137 = CARTESIAN_POINT ( 'NONE',  ( 3.000000000000000888, -3.572989937012942541, 25.75332489039044859 ) ) ;
#7138 = ORIENTED_EDGE ( 'NONE', *, *, #332, .T. ) ;
#7139 = VERTEX_POINT ( 'NONE', #7220 ) ;
#7140 = DIRECTION ( 'NONE',  ( 0.000000000000000000, 0.8443279255020161855, -0.5358267949789946583 ) ) ;
#7141 = VECTOR ( 'NONE', #7857, 1000.000000000000000 ) ;
#7142 = EDGE_CURVE ( 'NONE', #6342, #5651, #4793, .T. ) ;
#7143 = ORIENTED_EDGE ( 'NONE', *, *, #4705, .T. ) ;
#7144 = CARTESIAN_POINT ( 'NONE',  ( 2.052224346939968136, 10.00000000000000888, 15.84577559900801624 ) ) ;
#7145 = DIRECTION ( 'NONE',  ( -1.000000000000000000, 0.000000000000000000, -0.000000000000000000 ) ) ;
#7146 = ORIENTED_EDGE ( 'NONE', *, *, #4914, .T. ) ;
#7147 = FACE_OUTER_BOUND ( 'NONE', #3791, .T. ) ;
#7148 = CARTESIAN_POINT ( 'NONE',  ( 0.000000000000000000, 8.537555587897680098, -21.88604654154055495 ) ) ;
#7149 = ORIENTED_EDGE ( 'NONE', *, *, #843, .F. ) ;
#7150 = FACE_OUTER_BOUND ( 'NONE', #6911, .T. ) ;
#7151 = DIRECTION ( 'NONE',  ( 0.000000000000000000, 0.000000000000000000, -1.000000000000000000 ) ) ;
#7152 = CARTESIAN_POINT ( 'NONE',  ( 3.000000000000000888, 23.45311694635236677, -1.356537554084501940 ) ) ;
#7153 = DIRECTION ( 'NONE',  ( -1.000000000000000000, -0.000000000000000000, 0.000000000000000000 ) ) ;
#7154 = ORIENTED_EDGE ( 'NONE', *, *, #8447, .F. ) ;
#7155 = CARTESIAN_POINT ( 'NONE',  ( 3.000000000000000888, -1.054159027266075022, 23.72559271641561551 ) ) ;
#7156 = ORIENTED_EDGE ( 'NONE', *, *, #7110, .T. ) ;
#7157 = DIRECTION ( 'NONE',  ( -1.000000000000000000, -0.000000000000000000, -0.000000000000000000 ) ) ;
#7158 = DIRECTION ( 'NONE',  ( -1.000000000000000000, -0.000000000000000000, -0.000000000000000000 ) ) ;
#7159 = ORIENTED_EDGE ( 'NONE', *, *, #5710, .F. ) ;
#7160 = DIRECTION ( 'NONE',  ( 1.000000000000000000, 0.000000000000000000, 0.000000000000000000 ) ) ;
#7161 = LINE ( 'NONE', #672, #7946 ) ;
#7162 = EDGE_CURVE ( 'NONE', #7567, #6187, #3292, .T. ) ;
#7163 = DIRECTION ( 'NONE',  ( -0.000000000000000000, 1.000000000000000000, -0.000000000000000000 ) ) ;
#7164 = ORIENTED_EDGE ( 'NONE', *, *, #6908, .T. ) ;
#7165 = VECTOR ( 'NONE', #1863, 1000.000000000000000 ) ;
#7166 = DIRECTION ( 'NONE',  ( 0.000000000000000000, 0.8443279255020162966, -0.5358267949789945472 ) ) ;
#7167 = ORIENTED_EDGE ( 'NONE', *, *, #6668, .F. ) ;
#7168 = ORIENTED_EDGE ( 'NONE', *, *, #1979, .F. ) ;
#7169 = DIRECTION ( 'NONE',  ( 0.000000000000000000, 0.000000000000000000, 1.000000000000000000 ) ) ;
#7170 = AXIS2_PLACEMENT_3D ( 'NONE', #1558, #2089, #271 ) ;
#7171 = PERSON_AND_ORGANIZATION ( #6793, #2555 ) ;
#7172 = ADVANCED_FACE ( 'NONE', ( #6538 ), #2673, .F. ) ;
#7173 = ORIENTED_EDGE ( 'NONE', *, *, #1338, .F. ) ;
#7174 = CYLINDRICAL_SURFACE ( 'NONE', #2496, 9.999999999999998224 ) ;
#7175 = EDGE_CURVE ( 'NONE', #2502, #2390, #2750, .T. ) ;
#7176 = ORIENTED_EDGE ( 'NONE', *, *, #4901, .F. ) ;
#7177 = ORIENTED_EDGE ( 'NONE', *, *, #3803, .F. ) ;
#7178 = DIRECTION ( 'NONE',  ( -1.000000000000000000, 0.000000000000000000, 0.000000000000000000 ) ) ;
#7179 = ORIENTED_EDGE ( 'NONE', *, *, #2618, .T. ) ;
#7180 = CARTESIAN_POINT ( 'NONE',  ( -1.253146128134763337, 10.00000000000000888, 17.02734389275728688 ) ) ;
#7181 = APPROVAL ( #8032, 'UNSPECIFIED' ) ;
#7182 = CARTESIAN_POINT ( 'NONE',  ( 0.000000000000000000, 0.000000000000000000, 0.000000000000000000 ) ) ;
#7183 = EDGE_CURVE ( 'NONE', #2224, #1249, #1368, .T. ) ;
#7184 = ADVANCED_FACE ( 'NONE', ( #6667 ), #6583, .T. ) ;
#7185 = ORIENTED_EDGE ( 'NONE', *, *, #8118, .F. ) ;
#7186 = CARTESIAN_POINT ( 'NONE',  ( 3.000000000000000888, 5.957267827074408828, 22.72443285698074789 ) ) ;
#7187 = CARTESIAN_POINT ( 'NONE',  ( 1.500000000000000444, -9.275723936747009901, 24.28911166447341685 ) ) ;
#7188 = ORIENTED_EDGE ( 'NONE', *, *, #2638, .T. ) ;
#7189 = CARTESIAN_POINT ( 'NONE',  ( -2.052224346884345962, 7.000000000000008882, 15.84577559900846033 ) ) ;
#7190 = FACE_OUTER_BOUND ( 'NONE', #5908, .T. ) ;
#7191 = ADVANCED_FACE ( 'NONE', ( #5152 ), #598, .T. ) ;
#7192 = VECTOR ( 'NONE', #7457, 1000.000000000000000 ) ;
#7193 = DIRECTION ( 'NONE',  ( -1.000000000000000000, 0.000000000000000000, 0.000000000000000000 ) ) ;
#7194 = ORIENTED_EDGE ( 'NONE', *, *, #959, .T. ) ;
#7195 = CARTESIAN_POINT ( 'NONE',  ( 3.000000000000000888, -25.59698206453963110, -4.560099690537096073 ) ) ;
#7196 = ORIENTED_EDGE ( 'NONE', *, *, #4277, .T. ) ;
#7197 = DIRECTION ( 'NONE',  ( 1.000000000000000000, 0.000000000000000000, 0.000000000000000000 ) ) ;
#7198 = CARTESIAN_POINT ( 'NONE',  ( -10.00000000000000000, 0.000000000000000000, 0.000000000000000000 ) ) ;
#7199 = ORIENTED_EDGE ( 'NONE', *, *, #3904, .F. ) ;
#7200 = CARTESIAN_POINT ( 'NONE',  ( 3.000000000000000888, -23.05365132147763418, -4.518633574727493496 ) ) ;
#7201 = AXIS2_PLACEMENT_3D ( 'NONE', #2306, #4907, #7536 ) ;
#7202 = APPLICATION_CONTEXT ( 'configuration controlled 3d designs of mechanical parts and assemblies' ) ;
#7203 = DIRECTION ( 'NONE',  ( 0.000000000000000000, 0.000000000000000000, -1.000000000000000000 ) ) ;
#7204 = CARTESIAN_POINT ( 'NONE',  ( 0.000000000000000000, 25.92685648092481898, 1.948874808069251952 ) ) ;
#7205 = AXIS2_PLACEMENT_3D ( 'NONE', #4037, #4720, #4768 ) ;
#7206 = VERTEX_POINT ( 'NONE', #7469 ) ;
#7207 = CARTESIAN_POINT ( 'NONE',  ( 3.000000000000000888, 1.927758584904378347, -23.67063049093385629 ) ) ;
#7208 = ORIENTED_EDGE ( 'NONE', *, *, #1564, .T. ) ;
#7209 = CARTESIAN_POINT ( 'NONE',  ( 0.000000000000000000, -14.79838606843885707, 18.57478857940070327 ) ) ;
#7210 = CYLINDRICAL_SURFACE ( 'NONE', #7394, 9.999999999999998224 ) ;
#7211 = CIRCLE ( 'NONE', #4595, 23.74900000000000233 ) ;
#7212 = AXIS2_PLACEMENT_3D ( 'NONE', #1757, #2456, #7369 ) ;
#7213 = SHAPE_DEFINITION_REPRESENTATION ( #8168, #2036 ) ;
#7214 = AXIS2_PLACEMENT_3D ( 'NONE', #738, #698, #102 ) ;
#7215 =( GEOMETRIC_REPRESENTATION_CONTEXT ( 3 ) GLOBAL_UNCERTAINTY_ASSIGNED_CONTEXT ( ( #4043 ) ) GLOBAL_UNIT_ASSIGNED_CONTEXT ( ( #4258, #6230, #3018 ) ) REPRESENTATION_CONTEXT ( 'NONE', 'WORKASPACE' ) );
#7216 = ORIENTED_EDGE ( 'NONE', *, *, #2618, .F. ) ;
#7217 = CYLINDRICAL_SURFACE ( 'NONE', #5375, 9.999999999999998224 ) ;
#7218 = VERTEX_POINT ( 'NONE', #2848 ) ;
#7219 = ORIENTED_EDGE ( 'NONE', *, *, #3543, .F. ) ;
#7220 = CARTESIAN_POINT ( 'NONE',  ( -8.102705642371589079, 10.00000000000000000, -5.617728504603292095E-11 ) ) ;
#7221 = EDGE_CURVE ( 'NONE', #3593, #4020, #8163, .T. ) ;
#7222 = EDGE_LOOP ( 'NONE', ( #4414, #7920, #5000, #6427 ) ) ;
#7223 = EDGE_CURVE ( 'NONE', #1285, #3478, #2801, .T. ) ;
#7224 = FACE_OUTER_BOUND ( 'NONE', #1891, .T. ) ;
#7225 = SECURITY_CLASSIFICATION ( '', '', #2444 ) ;
#7226 = CARTESIAN_POINT ( 'NONE',  ( 1.499999999999999556, -25.96667425510339555, 1.315989410804834669 ) ) ;
#7227 = ORIENTED_EDGE ( 'NONE', *, *, #6919, .F. ) ;
#7228 = AXIS2_PLACEMENT_3D ( 'NONE', #277, #888, #1526 ) ;
#7229 = CARTESIAN_POINT ( 'NONE',  ( 0.000000000000000000, 10.50612486395233702, 21.29874036986795005 ) ) ;
#7230 = CARTESIAN_POINT ( 'NONE',  ( -10.00000000000000000, 0.000000000000000000, 0.000000000000000000 ) ) ;
#7231 = ORIENTED_EDGE ( 'NONE', *, *, #2813, .F. ) ;
#7232 = EDGE_CURVE ( 'NONE', #7948, #3710, #4719, .T. ) ;
#7233 = DIRECTION ( 'NONE',  ( -1.000000000000000000, 0.000000000000000000, -0.000000000000000000 ) ) ;
#7234 = ADVANCED_FACE ( 'NONE', ( #8087 ), #7388, .T. ) ;
#7235 = LINE ( 'NONE', #5776, #4621 ) ;
#7236 = AXIS2_PLACEMENT_3D ( 'NONE', #7711, #1815, #2645 ) ;
#7237 = CARTESIAN_POINT ( 'NONE',  ( 3.000000000000000888, -19.89860609720124884, 12.48736817841723834 ) ) ;
#7238 = EDGE_LOOP ( 'NONE', ( #3019, #4267, #5088, #5709 ) ) ;
#7239 = DIRECTION ( 'NONE',  ( 1.000000000000000000, -0.000000000000000000, -0.000000000000000000 ) ) ;
#7240 = ORIENTED_EDGE ( 'NONE', *, *, #3038, .F. ) ;
#7241 = DIRECTION ( 'NONE',  ( 0.000000000000000000, 0.000000000000000000, 1.000000000000000000 ) ) ;
#7242 = CARTESIAN_POINT ( 'NONE',  ( 3.000000000000000888, -23.45311694635235966, 1.356537554084675357 ) ) ;
#7243 = EDGE_CURVE ( 'NONE', #8134, #5959, #3566, .T. ) ;
#7244 = ORIENTED_EDGE ( 'NONE', *, *, #4593, .T. ) ;
#7245 = DIRECTION ( 'NONE',  ( 0.000000000000000000, 0.000000000000000000, 1.000000000000000000 ) ) ;
#7246 = CARTESIAN_POINT ( 'NONE',  ( 3.000000000000000888, -1.927758584904202266, 23.67063049093387050 ) ) ;
#7247 = CIRCLE ( 'NONE', #1077, 23.74900000000000588 ) ;
#7248 = CARTESIAN_POINT ( 'NONE',  ( 3.000000000000000888, 22.89013261011085731, 6.329046538898232654 ) ) ;
#7249 = VERTEX_POINT ( 'NONE', #866 ) ;
#7250 = DIRECTION ( 'NONE',  ( -1.000000000000000000, 0.000000000000000000, 0.000000000000000000 ) ) ;
#7251 = ORIENTED_EDGE ( 'NONE', *, *, #6908, .F. ) ;
#7252 = CYLINDRICAL_SURFACE ( 'NONE', #2944, 9.999999999999998224 ) ;
#7253 = CARTESIAN_POINT ( 'NONE',  ( 0.000000000000000000, 23.38875284200436866, 11.35633041504308238 ) ) ;
#7254 = VECTOR ( 'NONE', #846, 1000.000000000000000 ) ;
#7255 = APPROVAL_STATUS ( 'not_yet_approved' ) ;
#7256 = AXIS2_PLACEMENT_3D ( 'NONE', #3887, #7764, #6480 ) ;
#7257 = AXIS2_PLACEMENT_3D ( 'NONE', #2500, #7734, #1841 ) ;
#7258 = ORIENTED_EDGE ( 'NONE', *, *, #4705, .F. ) ;
#7259 = CARTESIAN_POINT ( 'NONE',  ( 3.000000000000000888, 1.054159027265907156, 23.72559271641562262 ) ) ;
#7260 = VERTEX_POINT ( 'NONE', #1461 ) ;
#7261 = ORIENTED_EDGE ( 'NONE', *, *, #179, .F. ) ;
#7262 = CARTESIAN_POINT ( 'NONE',  ( -4.051352821171638752, 7.000000000000008882, -7.017148925761551581 ) ) ;
#7263 = ORIENTED_EDGE ( 'NONE', *, *, #1431, .T. ) ;
#7264 = AXIS2_PLACEMENT_3D ( 'NONE', #8194, #1688, #2950 ) ;
#7265 = AXIS2_PLACEMENT_3D ( 'NONE', #1330, #1250, #1978 ) ;
#7266 = CYLINDRICAL_SURFACE ( 'NONE', #5190, 23.74900000000000233 ) ;
#7267 = CARTESIAN_POINT ( 'NONE',  ( 1.499999999999999556, -9.865329348983511437, -24.05567036763025612 ) ) ;
#7268 = ADVANCED_FACE ( 'NONE', ( #2164 ), #909, .T. ) ;
#7269 = EDGE_CURVE ( 'NONE', #2490, #2602, #2893, .T. ) ;
#7270 = ORIENTED_EDGE ( 'NONE', *, *, #1499, .F. ) ;
#7271 = CIRCLE ( 'NONE', #3572, 10.00000000000000000 ) ;
#7272 = CARTESIAN_POINT ( 'NONE',  ( 3.000000000000000888, 0.000000000000000000, 0.000000000000000000 ) ) ;
#7273 = CARTESIAN_POINT ( 'NONE',  ( 3.000000000000000888, 17.60893712771376585, -15.93550545894995629 ) ) ;
#7274 = ORIENTED_EDGE ( 'NONE', *, *, #6338, .T. ) ;
#7275 = DIRECTION ( 'NONE',  ( 0.000000000000000000, -0.5877852522924625900, -0.8090169943749552228 ) ) ;
#7276 = ORIENTED_EDGE ( 'NONE', *, *, #658, .T. ) ;
#7277 = EDGE_CURVE ( 'NONE', #2228, #2749, #6448, .T. ) ;
#7278 = DIRECTION ( 'NONE',  ( -1.000000000000000000, 0.000000000000000000, -0.000000000000000000 ) ) ;
#7279 = ORIENTED_EDGE ( 'NONE', *, *, #1100, .T. ) ;
#7280 = DIRECTION ( 'NONE',  ( 0.000000000000000000, 0.000000000000000000, -1.000000000000000000 ) ) ;
#7281 = EDGE_CURVE ( 'NONE', #3332, #4696, #5205, .T. ) ;
#7282 = ORIENTED_EDGE ( 'NONE', *, *, #6809, .F. ) ;
#7283 = CARTESIAN_POINT ( 'NONE',  ( 0.000000000000000000, 23.50287694562801022, 3.410245779803523281 ) ) ;
#7284 = CYLINDRICAL_SURFACE ( 'NONE', #766, 9.999999999999998224 ) ;
#7285 = ORIENTED_EDGE ( 'NONE', *, *, #1302, .T. ) ;
#7286 = DIRECTION ( 'NONE',  ( 0.000000000000000000, 0.000000000000000000, 1.000000000000000000 ) ) ;
#7287 = B_SPLINE_SURFACE_WITH_KNOTS ( 'NONE', 2, 1, ( 
 ( #8076, #815 ),
 ( #2203, #5242 ),
 ( #4804, #7868 ) ),
 .UNSPECIFIED., .F., .F., .F.,
 ( 3, 3 ),
 ( 2, 2 ),
 ( 0.001074268543616918592, 0.2350718684319326179 ),
 ( 0.000000000000000000, 1.000000000000000000 ),
 .UNSPECIFIED. ) ;
#7288 = CARTESIAN_POINT ( 'NONE',  ( 3.000000000000000888, -15.02476645158309232, -21.21924581778021590 ) ) ;
#7289 = EDGE_CURVE ( 'NONE', #1195, #3781, #2891, .T. ) ;
#7290 = DIRECTION ( 'NONE',  ( 0.000000000000000000, 0.000000000000000000, 1.000000000000000000 ) ) ;
#7291 = FACE_OUTER_BOUND ( 'NONE', #3276, .T. ) ;
#7292 = DIRECTION ( 'NONE',  ( 0.000000000000000000, 0.000000000000000000, 1.000000000000000000 ) ) ;
#7293 = ORIENTED_EDGE ( 'NONE', *, *, #2769, .F. ) ;
#7294 = DIRECTION ( 'NONE',  ( 0.000000000000000000, 0.9822872507286893873, -0.1873813145857213813 ) ) ;
#7295 = DIRECTION ( 'NONE',  ( 0.9753086798203954855, 0.000000000000000000, -0.2208460528671439826 ) ) ;
#7296 = AXIS2_PLACEMENT_3D ( 'NONE', #7237, #4480, #2688 ) ;
#7297 = AXIS2_PLACEMENT_3D ( 'NONE', #3825, #6408, #3223 ) ;
#7298 = APPROVAL_DATE_TIME ( #4674, #7813 ) ;
#7299 = AXIS2_PLACEMENT_3D ( 'NONE', #2518, #4526, #4563 ) ;
#7300 = ORIENTED_EDGE ( 'NONE', *, *, #4307, .T. ) ;
#7301 = FACE_OUTER_BOUND ( 'NONE', #7404, .T. ) ;
#7302 = ORIENTED_EDGE ( 'NONE', *, *, #4608, .T. ) ;
#7303 = ORIENTED_EDGE ( 'NONE', *, *, #708, .T. ) ;
#7304 = DIRECTION ( 'NONE',  ( 0.000000000000000000, 0.9510565162951521989, 0.3090169943749516146 ) ) ;
#7305 = DIRECTION ( 'NONE',  ( 1.000000000000000000, 0.000000000000000000, 4.256270054397946562E-44 ) ) ;
#7306 = VERTEX_POINT ( 'NONE', #7429 ) ;
#7307 = CIRCLE ( 'NONE', #443, 10.00000000000000000 ) ;
#7308 = CARTESIAN_POINT ( 'NONE',  ( 3.000000000000000888, 23.50287694562805285, -3.410245779803188437 ) ) ;
#7309 = CARTESIAN_POINT ( 'NONE',  ( 3.000000000000000888, 0.000000000000000000, 0.000000000000000000 ) ) ;
#7310 = ORIENTED_EDGE ( 'NONE', *, *, #8485, .T. ) ;
#7311 = CYLINDRICAL_SURFACE ( 'NONE', #7066, 26.00000000000000000 ) ;
#7312 = DIRECTION ( 'NONE',  ( -1.000000000000000000, 0.000000000000000000, 0.000000000000000000 ) ) ;
#7313 = VERTEX_POINT ( 'NONE', #1586 ) ;
#7314 = DIRECTION ( 'NONE',  ( 0.000000000000000000, 0.000000000000000000, 1.000000000000000000 ) ) ;
#7315 = CARTESIAN_POINT ( 'NONE',  ( -14.11953930602272145, 7.000000000000008882, -9.598928328047540148 ) ) ;
#7316 = CARTESIAN_POINT ( 'NONE',  ( 3.000000000000000888, -21.01871904177743744, 11.05569766422829936 ) ) ;
#7317 = ORIENTED_EDGE ( 'NONE', *, *, #6025, .F. ) ;
#7318 = VECTOR ( 'NONE', #3707, 1000.000000000000000 ) ;
#7319 = LINE ( 'NONE', #3377, #5063 ) ;
#7320 = VERTEX_POINT ( 'NONE', #216 ) ;
#7321 = DIRECTION ( 'NONE',  ( -1.000000000000000000, -0.000000000000000000, 0.000000000000000000 ) ) ;
#7322 = DIRECTION ( 'NONE',  ( 0.000000000000000000, 0.000000000000000000, -1.000000000000000000 ) ) ;
#7323 = EDGE_CURVE ( 'NONE', #2749, #6734, #1542, .T. ) ;
#7324 = ORIENTED_EDGE ( 'NONE', *, *, #7652, .T. ) ;
#7325 = CARTESIAN_POINT ( 'NONE',  ( -10.00000000000000000, 0.000000000000000000, 0.000000000000000000 ) ) ;
#7326 = EDGE_CURVE ( 'NONE', #5919, #7567, #964, .T. ) ;
#7327 = DIRECTION ( 'NONE',  ( 0.000000000000000000, 0.000000000000000000, 1.000000000000000000 ) ) ;
#7328 = EDGE_CURVE ( 'NONE', #687, #1667, #3975, .T. ) ;
#7329 = LINE ( 'NONE', #3555, #5288 ) ;
#7330 = ORIENTED_EDGE ( 'NONE', *, *, #8501, .F. ) ;
#7331 = DIRECTION ( 'NONE',  ( 0.000000000000000000, -0.7705132427757950264, 0.6374239897486827511 ) ) ;
#7332 = CARTESIAN_POINT ( 'NONE',  ( 1.499999999999999556, 25.47815669208879186, -5.183004107018528650 ) ) ;
#7333 = ORIENTED_EDGE ( 'NONE', *, *, #2251, .F. ) ;
#7334 = CIRCLE ( 'NONE', #4310, 9.999999999999998224 ) ;
#7335 = CARTESIAN_POINT ( 'NONE',  ( 3.000000000000000888, -21.20563999867574623, -10.10988233766770605 ) ) ;
#7336 = CYLINDRICAL_SURFACE ( 'NONE', #1900, 23.74900000000000233 ) ;
#7337 = EDGE_CURVE ( 'NONE', #1654, #7313, #955, .T. ) ;
#7338 = APPROVAL_ROLE ( '' ) ;
#7339 = AXIS2_PLACEMENT_3D ( 'NONE', #2718, #5327, #6754 ) ;
#7340 = EDGE_LOOP ( 'NONE', ( #7693, #6493, #2128, #6823 ) ) ;
#7341 = CARTESIAN_POINT ( 'NONE',  ( 0.000000000000000000, 0.000000000000000000, 0.000000000000000000 ) ) ;
#7342 = VERTEX_POINT ( 'NONE', #3571 ) ;
#7343 = VERTEX_POINT ( 'NONE', #6752 ) ;
#7344 = DIRECTION ( 'NONE',  ( 0.000000000000000000, 0.000000000000000000, 1.000000000000000000 ) ) ;
#7345 = FACE_OUTER_BOUND ( 'NONE', #1914, .T. ) ;
#7346 = EDGE_LOOP ( 'NONE', ( #2360, #4083, #8231, #1063 ) ) ;
#7347 = AXIS2_PLACEMENT_3D ( 'NONE', #467, #756, #3386 ) ;
#7348 = LINE ( 'NONE', #731, #1621 ) ;
#7349 = AXIS2_PLACEMENT_3D ( 'NONE', #1640, #6369, #8356 ) ;
#7350 = DIRECTION ( 'NONE',  ( -0.9550651196895090234, 0.000000000000000000, 0.2963960478016933742 ) ) ;
#7351 = VERTEX_POINT ( 'NONE', #6192 ) ;
#7352 = CARTESIAN_POINT ( 'NONE',  ( 0.000000000000000000, 23.10781753700506158, -5.481219725251072816 ) ) ;
#7353 = CARTESIAN_POINT ( 'NONE',  ( 4.051352821227816037, 10.00000000000000888, -7.017148925761551581 ) ) ;
#7354 = AXIS2_PLACEMENT_3D ( 'NONE', #2684, #6033, #4648 ) ;
#7355 = EDGE_LOOP ( 'NONE', ( #2550, #2327, #8255, #8470 ) ) ;
#7356 = CARTESIAN_POINT ( 'NONE',  ( 4.051352821227816037, 7.000000000000008882, -7.017148925761551581 ) ) ;
#7357 = DIRECTION ( 'NONE',  ( -1.000000000000000000, 0.000000000000000000, -0.000000000000000000 ) ) ;
#7358 = CARTESIAN_POINT ( 'NONE',  ( 0.000000000000000000, 17.00973468965527857, -16.57359124594117716 ) ) ;
#7359 = VERTEX_POINT ( 'NONE', #296 ) ;
#7360 = CARTESIAN_POINT ( 'NONE',  ( 3.000000000000000888, 22.30553143780301895, 7.372391464925285298 ) ) ;
#7361 = ORIENTED_EDGE ( 'NONE', *, *, #4807, .T. ) ;
#7362 = LINE ( 'NONE', #1481, #6925 ) ;
#7363 = CARTESIAN_POINT ( 'NONE',  ( 3.000000000000000888, -22.30553143780317527, 7.372391464924819893 ) ) ;
#7364 = CIRCLE ( 'NONE', #3394, 26.00000000000000000 ) ;
#7365 = CYLINDRICAL_SURFACE ( 'NONE', #7228, 9.999999999999998224 ) ;
#7366 = CARTESIAN_POINT ( 'NONE',  ( 3.000000000000000888, -21.91639720942976766, -9.148034453285532663 ) ) ;
#7367 = CIRCLE ( 'NONE', #1069, 17.50000000000000355 ) ;
#7368 = EDGE_CURVE ( 'NONE', #7106, #8513, #5757, .T. ) ;
#7369 = DIRECTION ( 'NONE',  ( 0.000000000000000000, -0.3681245526846853022, 0.9297764858882484607 ) ) ;
#7370 = EDGE_CURVE ( 'NONE', #5359, #3824, #4383, .T. ) ;
#7371 = ORIENTED_EDGE ( 'NONE', *, *, #8394, .T. ) ;
#7372 = CYLINDRICAL_SURFACE ( 'NONE', #5177, 26.00000000000000000 ) ;
#7373 = CARTESIAN_POINT ( 'NONE',  ( 0.000000000000000000, -19.46733382657868461, -13.60286420885489278 ) ) ;
#7374 = AXIS2_PLACEMENT_3D ( 'NONE', #6398, #3136, #5752 ) ;
#7375 = ORIENTED_EDGE ( 'NONE', *, *, #1701, .T. ) ;
#7376 = DIRECTION ( 'NONE',  ( -1.000000000000000000, 0.000000000000000000, -0.000000000000000000 ) ) ;
#7377 = CARTESIAN_POINT ( 'NONE',  ( 12.69673203802779149, 10.00000000000000888, 9.700166218167050047 ) ) ;
#7378 = DIRECTION ( 'NONE',  ( 0.000000000000000000, 0.000000000000000000, 1.000000000000000000 ) ) ;
#7379 = VECTOR ( 'NONE', #6886, 1000.000000000000000 ) ;
#7380 = DATE_AND_TIME ( #4882, #6951 ) ;
#7381 = ADVANCED_FACE ( 'NONE', ( #7691 ), #4416, .T. ) ;
#7382 = ORIENTED_EDGE ( 'NONE', *, *, #5861, .T. ) ;
#7383 = VECTOR ( 'NONE', #5449, 1000.000000000000000 ) ;
#7384 = EDGE_CURVE ( 'NONE', #733, #5245, #6860, .T. ) ;
#7385 = LINE ( 'NONE', #2670, #6149 ) ;
#7386 = ORIENTED_EDGE ( 'NONE', *, *, #2709, .T. ) ;
#7387 = ORIENTED_EDGE ( 'NONE', *, *, #5650, .T. ) ;
#7388 = CYLINDRICAL_SURFACE ( 'NONE', #6037, 26.00000000000000000 ) ;
#7389 = AXIS2_PLACEMENT_3D ( 'NONE', #1457, #4716, #6749 ) ;
#7390 = EDGE_CURVE ( 'NONE', #881, #2483, #7955, .T. ) ;
#7391 = CYLINDRICAL_SURFACE ( 'NONE', #8033, 9.999999999999998224 ) ;
#7392 = VERTEX_POINT ( 'NONE', #6877 ) ;
#7393 = CARTESIAN_POINT ( 'NONE',  ( 3.000000000000000888, 0.000000000000000000, 0.000000000000000000 ) ) ;
#7394 = AXIS2_PLACEMENT_3D ( 'NONE', #2628, #2534, #3267 ) ;
#7395 = AXIS2_PLACEMENT_3D ( 'NONE', #621, #1227, #3169 ) ;
#7396 =( NAMED_UNIT ( * ) SI_UNIT ( $, .STERADIAN. ) SOLID_ANGLE_UNIT ( ) );
#7397 = EDGE_CURVE ( 'NONE', #5959, #4585, #2476, .T. ) ;
#7398 = ORIENTED_EDGE ( 'NONE', *, *, #4967, .T. ) ;
#7399 = EDGE_CURVE ( 'NONE', #4496, #1423, #8237, .T. ) ;
#7400 = CARTESIAN_POINT ( 'NONE',  ( 3.000000000000000888, 15.99480952573177639, -17.20624761156487992 ) ) ;
#7401 = CIRCLE ( 'NONE', #8236, 10.00000000000000000 ) ;
#7402 = DIRECTION ( 'NONE',  ( 0.000000000000000000, 0.000000000000000000, 1.000000000000000000 ) ) ;
#7403 = VECTOR ( 'NONE', #7178, 1000.000000000000000 ) ;
#7404 = EDGE_LOOP ( 'NONE', ( #2648, #4487, #316, #7990 ) ) ;
#7405 = DIRECTION ( 'NONE',  ( 0.000000000000000000, 0.4817536741017163782, -0.8763066800438630288 ) ) ;
#7406 = DIRECTION ( 'NONE',  ( 0.000000000000000000, 0.000000000000000000, -1.000000000000000000 ) ) ;
#7407 = VECTOR ( 'NONE', #7642, 1000.000000000000000 ) ;
#7408 = DIRECTION ( 'NONE',  ( -1.000000000000000000, 0.000000000000000000, -0.000000000000000000 ) ) ;
#7409 = ORIENTED_EDGE ( 'NONE', *, *, #32, .F. ) ;
#7410 = CARTESIAN_POINT ( 'NONE',  ( 0.000000000000000000, -23.05365132147763418, -4.518633574727493496 ) ) ;
#7411 = EDGE_LOOP ( 'NONE', ( #6514, #1417, #4062, #3113 ) ) ;
#7412 = DIRECTION ( 'NONE',  ( 0.2963960478017134692, 0.000000000000000000, 0.9550651196895028061 ) ) ;
#7413 = CYLINDRICAL_SURFACE ( 'NONE', #4322, 9.999999999999998224 ) ;
#7414 = CIRCLE ( 'NONE', #3008, 26.00000000000000000 ) ;
#7415 = CARTESIAN_POINT ( 'NONE',  ( 1.500000000000000444, 18.02803414784248659, -18.73472670641942273 ) ) ;
#7416 = CARTESIAN_POINT ( 'NONE',  ( 3.000000000000000888, -23.74496687177445153, -0.4376634075793925938 ) ) ;
#7417 = VECTOR ( 'NONE', #1471, 1000.000000000000000 ) ;
#7418 = DIRECTION ( 'NONE',  ( 0.000000000000000000, -0.3681245526846654292, -0.9297764858882563432 ) ) ;
#7419 = ORIENTED_EDGE ( 'NONE', *, *, #4145, .F. ) ;
#7420 = FACE_OUTER_BOUND ( 'NONE', #6950, .T. ) ;
#7421 = ORIENTED_EDGE ( 'NONE', *, *, #1343, .F. ) ;
#7422 = CARTESIAN_POINT ( 'NONE',  ( 3.000000000000000888, 25.92685648092481543, 1.948874808069253728 ) ) ;
#7423 = FACE_OUTER_BOUND ( 'NONE', #2988, .T. ) ;
#7424 = PERSON_AND_ORGANIZATION_ROLE ( 'design_owner' ) ;
#7425 = ORIENTED_EDGE ( 'NONE', *, *, #6439, .T. ) ;
#7426 = DIRECTION ( 'NONE',  ( 0.000000000000000000, 0.000000000000000000, 1.000000000000000000 ) ) ;
#7427 = VERTEX_POINT ( 'NONE', #6353 ) ;
#7428 = ORIENTED_EDGE ( 'NONE', *, *, #8437, .F. ) ;
#7429 = CARTESIAN_POINT ( 'NONE',  ( 0.000000000000000000, 12.35365805879580137, 20.28305040092219613 ) ) ;
#7430 = CARTESIAN_POINT ( 'NONE',  ( 1.500000000000000444, 25.96667425510338489, -1.315989410805014970 ) ) ;
#7431 = CYLINDRICAL_SURFACE ( 'NONE', #5735, 9.999999999999998224 ) ;
#7432 = EDGE_CURVE ( 'NONE', #998, #3203, #6730, .T. ) ;
#7433 = AXIS2_PLACEMENT_3D ( 'NONE', #5527, #8150, #2747 ) ;
#7434 = EDGE_CURVE ( 'NONE', #6371, #459, #7271, .T. ) ;
#7435 = ORIENTED_EDGE ( 'NONE', *, *, #1612, .F. ) ;
#7436 = CARTESIAN_POINT ( 'NONE',  ( 1.499999999999999556, 24.62765115230543245, -8.335394335023911694 ) ) ;
#7437 = CARTESIAN_POINT ( 'NONE',  ( 3.000000000000000888, 0.000000000000000000, 0.000000000000000000 ) ) ;
#7438 = ORIENTED_EDGE ( 'NONE', *, *, #8424, .F. ) ;
#7439 = CARTESIAN_POINT ( 'NONE',  ( 3.000000000000000888, 0.000000000000000000, 0.000000000000000000 ) ) ;
#7440 = LINE ( 'NONE', #2042, #8066 ) ;
#7441 = EDGE_CURVE ( 'NONE', #6020, #7007, #1794, .T. ) ;
#7442 = EDGE_CURVE ( 'NONE', #4958, #907, #4250, .T. ) ;
#7443 = CARTESIAN_POINT ( 'NONE',  ( 0.000000000000000000, 21.78099992762129844, 14.19817038047371049 ) ) ;
#7444 = ORIENTED_EDGE ( 'NONE', *, *, #6022, .F. ) ;
#7445 = DIRECTION ( 'NONE',  ( -0.000000000000000000, 1.000000000000000000, -0.000000000000000000 ) ) ;
#7446 = CC_DESIGN_PERSON_AND_ORGANIZATION_ASSIGNMENT ( #6186, #7424, ( #4318 ) ) ;
#7447 = ORIENTED_EDGE ( 'NONE', *, *, #1690, .F. ) ;
#7448 = DIRECTION ( 'NONE',  ( 0.000000000000000000, -0.4817536741017036661, -0.8763066800438700232 ) ) ;
#7449 = CARTESIAN_POINT ( 'NONE',  ( -10.00000000000000000, 0.000000000000000000, 0.000000000000000000 ) ) ;
#7450 = CARTESIAN_POINT ( 'NONE',  ( 3.000000000000000888, 0.000000000000000000, 0.000000000000000000 ) ) ;
#7451 = B_SPLINE_CURVE_WITH_KNOTS ( 'NONE', 2,
 ( #7189, #3920, #8402, #2514, #5858 ),
 .UNSPECIFIED., .F., .F.,
 ( 3, 1, 1, 3 ),
 ( 0.002399098765396647220, 0.3755997746913342095, 0.6244002253086259335, 0.9976009012345634641 ),
 .UNSPECIFIED. ) ;
#7452 = CARTESIAN_POINT ( 'NONE',  ( 3.000000000000000888, 2.826494134736833530, -23.32165987963164611 ) ) ;
#7453 = LINE ( 'NONE', #3474, #6252 ) ;
#7454 = ORIENTED_EDGE ( 'NONE', *, *, #2459, .T. ) ;
#7455 = DIRECTION ( 'NONE',  ( -1.000000000000000000, 0.000000000000000000, 0.000000000000000000 ) ) ;
#7456 = VERTEX_POINT ( 'NONE', #8257 ) ;
#7457 = DIRECTION ( 'NONE',  ( -1.000000000000000000, -0.000000000000000000, 0.000000000000000000 ) ) ;
#7458 = DIRECTION ( 'NONE',  ( 0.000000000000000000, 0.000000000000000000, -1.000000000000000000 ) ) ;
#7459 = AXIS2_PLACEMENT_3D ( 'NONE', #510, #2581, #5188 ) ;
#7460 = ADVANCED_FACE ( 'NONE', ( #6313 ), #426, .T. ) ;
#7461 = CALENDAR_DATE ( 2025, 7, 10 ) ;
#7462 = AXIS2_PLACEMENT_3D ( 'NONE', #1869, #7758, #1785 ) ;
#7463 = EDGE_CURVE ( 'NONE', #4442, #4164, #5347, .T. ) ;
#7464 = ORIENTED_EDGE ( 'NONE', *, *, #3458, .T. ) ;
#7465 = CIRCLE ( 'NONE', #891, 17.50000000000000355 ) ;
#7466 = DIRECTION ( 'NONE',  ( 0.000000000000000000, 0.000000000000000000, -1.000000000000000000 ) ) ;
#7467 = ORIENTED_EDGE ( 'NONE', *, *, #4223, .T. ) ;
#7468 = ORIENTED_EDGE ( 'NONE', *, *, #2099, .F. ) ;
#7469 = CARTESIAN_POINT ( 'NONE',  ( 3.000000000000000888, -22.89013261011081113, -6.329046538898397856 ) ) ;
#7470 = CARTESIAN_POINT ( 'NONE',  ( 0.000000000000000000, 25.96667425510338489, 1.315989410805013415 ) ) ;
#7471 = AXIS2_PLACEMENT_3D ( 'NONE', #7843, #2484, #4406 ) ;
#7472 = VECTOR ( 'NONE', #5513, 1000.000000000000000 ) ;
#7473 = ORIENTED_EDGE ( 'NONE', *, *, #8165, .F. ) ;
#7474 = ADVANCED_FACE ( 'NONE', ( #2370 ), #7561, .T. ) ;
#7475 = CARTESIAN_POINT ( 'NONE',  ( 3.000000000000000888, 21.91639720942996661, -9.148034453285061929 ) ) ;
#7476 = CIRCLE ( 'NONE', #2135, 3.000000000000048406 ) ;
#7477 = EDGE_CURVE ( 'NONE', #6482, #173, #7820, .T. ) ;
#7478 = AXIS2_PLACEMENT_3D ( 'NONE', #7400, #4642, #834 ) ;
#7479 = DIRECTION ( 'NONE',  ( 0.000000000000000000, 0.000000000000000000, 1.000000000000000000 ) ) ;
#7480 = ORIENTED_EDGE ( 'NONE', *, *, #3651, .F. ) ;
#7481 = AXIS2_PLACEMENT_3D ( 'NONE', #1094, #8268, #1810 ) ;
#7482 = CYLINDRICAL_SURFACE ( 'NONE', #2158, 23.74900000000000233 ) ;
#7483 = AXIS2_PLACEMENT_3D ( 'NONE', #8482, #487, #1951 ) ;
#7484 = LOCAL_TIME ( 18, 37, 26.00000000000000000, #6489 ) ;
#7485 = DIRECTION ( 'NONE',  ( -1.000000000000000000, 0.000000000000000000, 0.000000000000000000 ) ) ;
#7486 = AXIS2_PLACEMENT_3D ( 'NONE', #4874, #4155, #2872 ) ;
#7487 = AXIS2_PLACEMENT_3D ( 'NONE', #3024, #966, #1678 ) ;
#7488 = DIRECTION ( 'NONE',  ( -1.000000000000000000, 0.000000000000000000, 0.000000000000000000 ) ) ;
#7489 = CC_DESIGN_SECURITY_CLASSIFICATION ( #7080, ( #8518 ) ) ;
#7490 = ADVANCED_FACE ( 'NONE', ( #4375 ), #2328, .T. ) ;
#7491 = ORIENTED_EDGE ( 'NONE', *, *, #7581, .T. ) ;
#7492 = EDGE_CURVE ( 'NONE', #1552, #1351, #3650, .T. ) ;
#7493 = CYLINDRICAL_SURFACE ( 'NONE', #4243, 23.74900000000000233 ) ;
#7494 = ORIENTED_EDGE ( 'NONE', *, *, #1245, .T. ) ;
#7495 = DIRECTION ( 'NONE',  ( -1.000000000000000000, -0.000000000000000000, -0.000000000000000000 ) ) ;
#7496 = CARTESIAN_POINT ( 'NONE',  ( 0.000000000000000000, 22.12078737453582988, 13.66275103815392455 ) ) ;
#7497 = EDGE_CURVE ( 'NONE', #894, #7306, #3014, .T. ) ;
#7498 = CARTESIAN_POINT ( 'NONE',  ( 0.000000000000000000, 5.000000000000000000, 0.000000000000000000 ) ) ;
#7499 = AXIS2_PLACEMENT_3D ( 'NONE', #1332, #3522, #4755 ) ;
#7500 = DIRECTION ( 'NONE',  ( -1.000000000000000000, 0.000000000000000000, -0.000000000000000000 ) ) ;
#7501 = DIRECTION ( 'NONE',  ( -1.000000000000000000, 0.000000000000000000, 0.000000000000000000 ) ) ;
#7502 = ORIENTED_EDGE ( 'NONE', *, *, #2563, .F. ) ;
#7503 = AXIS2_PLACEMENT_3D ( 'NONE', #7200, #2573, #5873 ) ;
#7504 = EDGE_CURVE ( 'NONE', #6734, #4430, #6994, .T. ) ;
#7505 = DIRECTION ( 'NONE',  ( 0.000000000000000000, 0.1253332335643045359, -0.9921147013144778759 ) ) ;
#7506 = ORIENTED_EDGE ( 'NONE', *, *, #3134, .T. ) ;
#7507 = CARTESIAN_POINT ( 'NONE',  ( 0.000000000000000000, -25.96667425510337779, -1.315989410805193716 ) ) ;
#7508 = DIRECTION ( 'NONE',  ( 0.000000000000000000, 0.3681245526846719796, 0.9297764858882537897 ) ) ;
#7509 = DIRECTION ( 'NONE',  ( -1.000000000000000000, -0.000000000000000000, -0.000000000000000000 ) ) ;
#7510 = AXIS2_PLACEMENT_3D ( 'NONE', #7836, #1301, #5344 ) ;
#7511 = APPROVAL_STATUS ( 'not_yet_approved' ) ;
#7512 = ORIENTED_EDGE ( 'NONE', *, *, #8164, .F. ) ;
#7513 = DIRECTION ( 'NONE',  ( -1.000000000000000000, 0.000000000000000000, 0.000000000000000000 ) ) ;
#7514 = ORIENTED_EDGE ( 'NONE', *, *, #2044, .T. ) ;
#7515 = ORIENTED_EDGE ( 'NONE', *, *, #8296, .F. ) ;
#7516 = DIRECTION ( 'NONE',  ( 0.000000000000000000, 0.000000000000000000, 1.000000000000000000 ) ) ;
#7517 = FACE_OUTER_BOUND ( 'NONE', #3982, .T. ) ;
#7518 = DIRECTION ( 'NONE',  ( 1.000000000000000000, 0.000000000000000000, 4.256270054397946562E-44 ) ) ;
#7519 = AXIS2_PLACEMENT_3D ( 'NONE', #298, #333, #3574 ) ;
#7520 = ORIENTED_EDGE ( 'NONE', *, *, #4752, .T. ) ;
#7521 = CARTESIAN_POINT ( 'NONE',  ( 0.000000000000000000, 25.47815669208879186, -5.183004107018530426 ) ) ;
#7522 = AXIS2_PLACEMENT_3D ( 'NONE', #3527, #4842, #7466 ) ;
#7523 = DIRECTION ( 'NONE',  ( 0.000000000000000000, -0.8443279255020199603, 0.5358267949789886631 ) ) ;
#7524 = EDGE_LOOP ( 'NONE', ( #4549, #3648, #4364, #1842 ) ) ;
#7525 = FACE_OUTER_BOUND ( 'NONE', #5377, .T. ) ;
#7526 = CIRCLE ( 'NONE', #5610, 10.00000000000000178 ) ;
#7527 = DIRECTION ( 'NONE',  ( 0.000000000000000000, -0.9510565162951565288, 0.3090169943749382919 ) ) ;
#7528 = ADVANCED_FACE ( 'NONE', ( #1243 ), #7210, .T. ) ;
#7529 = EDGE_CURVE ( 'NONE', #301, #1503, #833, .T. ) ;
#7530 = AXIS2_PLACEMENT_3D ( 'NONE', #4111, #2138, #7936 ) ;
#7531 = VECTOR ( 'NONE', #6601, 1000.000000000000000 ) ;
#7532 = CARTESIAN_POINT ( 'NONE',  ( 14.74895638494033712, 10.00000000000000888, 6.145609380784566866 ) ) ;
#7533 = DIRECTION ( 'NONE',  ( 0.000000000000000000, 0.000000000000000000, 1.000000000000000000 ) ) ;
#7534 = VERTEX_POINT ( 'NONE', #591 ) ;
#7535 = VERTEX_POINT ( 'NONE', #3857 ) ;
#7536 = DIRECTION ( 'NONE',  ( 0.000000000000000000, 0.000000000000000000, 1.000000000000000000 ) ) ;
#7537 = DIRECTION ( 'NONE',  ( 0.000000000000000000, 0.000000000000000000, 1.000000000000000000 ) ) ;
#7538 = FACE_OUTER_BOUND ( 'NONE', #1865, .T. ) ;
#7539 = AXIS2_PLACEMENT_3D ( 'NONE', #7913, #7021, #3362 ) ;
#7540 = AXIS2_PLACEMENT_3D ( 'NONE', #6146, #4210, #5539 ) ;
#7541 = PLANE ( 'NONE',  #7264 ) ;
#7542 = EDGE_CURVE ( 'NONE', #5890, #8112, #5831, .T. ) ;
#7543 = CARTESIAN_POINT ( 'NONE',  ( 1.061049529590555540, 7.000000000000009770, -17.46780392309679897 ) ) ;
#7544 = ADVANCED_FACE ( 'NONE', ( #7944 ), #8464, .T. ) ;
#7545 = ORIENTED_EDGE ( 'NONE', *, *, #8286, .F. ) ;
#7546 = VECTOR ( 'NONE', #2582, 1000.000000000000000 ) ;
#7547 = CARTESIAN_POINT ( 'NONE',  ( 3.000000000000000888, -13.90434922624156755, 18.93562677150237761 ) ) ;
#7548 = ORIENTED_EDGE ( 'NONE', *, *, #5127, .F. ) ;
#7549 = DIRECTION ( 'NONE',  ( 0.000000000000000000, 0.000000000000000000, -1.000000000000000000 ) ) ;
#7550 = CARTESIAN_POINT ( 'NONE',  ( 0.000000000000000000, 23.45311694635236677, -1.356537554084501940 ) ) ;
#7551 = ORIENTED_EDGE ( 'NONE', *, *, #5180, .T. ) ;
#7552 = APPROVAL ( #4581, 'UNSPECIFIED' ) ;
#7553 = CARTESIAN_POINT ( 'NONE',  ( 3.000000000000000888, -15.47283697127494229, -18.01683426854860670 ) ) ;
#7554 = ADVANCED_FACE ( 'NONE', ( #4455 ), #4498, .T. ) ;
#7555 = EDGE_CURVE ( 'NONE', #3659, #4006, #1883, .T. ) ;
#7556 = CALENDAR_DATE ( 2025, 7, 10 ) ;
#7557 = ORIENTED_EDGE ( 'NONE', *, *, #3603, .F. ) ;
#7558 = DIRECTION ( 'NONE',  ( 1.000000000000000000, 0.000000000000000000, 0.000000000000000000 ) ) ;
#7559 = VERTEX_POINT ( 'NONE', #5189 ) ;
#7560 = ORIENTED_EDGE ( 'NONE', *, *, #3395, .F. ) ;
#7561 = CYLINDRICAL_SURFACE ( 'NONE', #3022, 9.999999999999998224 ) ;
#7562 = CARTESIAN_POINT ( 'NONE',  ( 3.000000000000000888, 0.3170683606143215871, 25.99806661378298145 ) ) ;
#7563 = PERSON_AND_ORGANIZATION ( #6793, #2555 ) ;
#7564 = ORIENTED_EDGE ( 'NONE', *, *, #477, .T. ) ;
#7565 = DIRECTION ( 'NONE',  ( -1.000000000000000000, 0.000000000000000000, 0.000000000000000000 ) ) ;
#7566 = DIRECTION ( 'NONE',  ( 0.000000000000000000, 0.000000000000000000, 1.000000000000000000 ) ) ;
#7567 = VERTEX_POINT ( 'NONE', #5268 ) ;
#7568 = CYLINDRICAL_SURFACE ( 'NONE', #2974, 26.00000000000000000 ) ;
#7569 = AXIS2_PLACEMENT_3D ( 'NONE', #8444, #3293, #3879 ) ;
#7570 = CARTESIAN_POINT ( 'NONE',  ( 0.000000000000000000, -19.77132294913398880, -12.68793432659429676 ) ) ;
#7571 = LINE ( 'NONE', #1602, #7318 ) ;
#7572 = CARTESIAN_POINT ( 'NONE',  ( 3.000000000000000888, 0.000000000000000000, 0.000000000000000000 ) ) ;
#7573 = ORIENTED_EDGE ( 'NONE', *, *, #5333, .T. ) ;
#7574 = ORIENTED_EDGE ( 'NONE', *, *, #4501, .T. ) ;
#7575 = DIRECTION ( 'NONE',  ( 0.000000000000000000, 0.000000000000000000, 1.000000000000000000 ) ) ;
#7576 = CARTESIAN_POINT ( 'NONE',  ( -10.00000000000000000, 0.000000000000000000, 0.000000000000000000 ) ) ;
#7577 = DIRECTION ( 'NONE',  ( -1.000000000000000000, 0.000000000000000000, -0.000000000000000000 ) ) ;
#7578 = FACE_BOUND ( 'NONE', #4865, .T. ) ;
#7579 = DIRECTION ( 'NONE',  ( 1.000000000000000000, 0.000000000000000000, 0.000000000000000000 ) ) ;
#7580 = ORIENTED_EDGE ( 'NONE', *, *, #995, .F. ) ;
#7581 = EDGE_CURVE ( 'NONE', #7342, #3043, #6737, .T. ) ;
#7582 = DIRECTION ( 'NONE',  ( 0.000000000000000000, 0.7705132427757860336, 0.6374239897486934092 ) ) ;
#7583 = ORIENTED_EDGE ( 'NONE', *, *, #3603, .T. ) ;
#7584 = ADVANCED_FACE ( 'NONE', ( #1324 ), #1279, .T. ) ;
#7585 = CARTESIAN_POINT ( 'NONE',  ( 0.000000000000000000, -23.05365132147770169, 4.518633574727163094 ) ) ;
#7586 = CARTESIAN_POINT ( 'NONE',  ( 3.000000000000000888, -12.80251323316784529, -22.62953059421609581 ) ) ;
#7587 = ORIENTED_EDGE ( 'NONE', *, *, #6067, .T. ) ;
#7588 = FACE_OUTER_BOUND ( 'NONE', #2541, .T. ) ;
#7589 = CALENDAR_DATE ( 2025, 7, 10 ) ;
#7590 = VERTEX_POINT ( 'NONE', #7083 ) ;
#7591 = LINE ( 'NONE', #5667, #1760 ) ;
#7592 = ORIENTED_EDGE ( 'NONE', *, *, #7646, .F. ) ;
#7593 = EDGE_CURVE ( 'NONE', #2064, #8481, #3816, .T. ) ;
#7594 = ORIENTED_EDGE ( 'NONE', *, *, #711, .F. ) ;
#7595 = DIRECTION ( 'NONE',  ( -1.000000000000000000, -0.000000000000000000, 0.000000000000000000 ) ) ;
#7596 = DIRECTION ( 'NONE',  ( -1.000000000000000000, 0.000000000000000000, 0.000000000000000000 ) ) ;
#7597 = DIRECTION ( 'NONE',  ( 0.000000000000000000, 0.000000000000000000, 1.000000000000000000 ) ) ;
#7598 = CIRCLE ( 'NONE', #1424, 9.999999999999996447 ) ;
#7599 = CIRCLE ( 'NONE', #3895, 26.00000000000000000 ) ;
#7600 = VERTEX_POINT ( 'NONE', #7253 ) ;
#7601 = CARTESIAN_POINT ( 'NONE',  ( 3.000000000000000888, 0.1187726605500743354, -23.49201527519569765 ) ) ;
#7602 = DIRECTION ( 'NONE',  ( 0.6789126320186481545, 0.000000000000000000, 0.7342190668223698147 ) ) ;
#7603 = EDGE_CURVE ( 'NONE', #4244, #1512, #1970, .T. ) ;
#7604 = ORIENTED_EDGE ( 'NONE', *, *, #1985, .T. ) ;
#7605 = AXIS2_PLACEMENT_3D ( 'NONE', #5603, #7412, #8233 ) ;
#7606 = FACE_OUTER_BOUND ( 'NONE', #1480, .T. ) ;
#7607 = CARTESIAN_POINT ( 'NONE',  ( 0.000000000000000000, -25.47815669208875988, 5.183004107018707174 ) ) ;
#7608 = AXIS2_PLACEMENT_3D ( 'NONE', #2553, #5901, #1901 ) ;
#7609 = AXIS2_PLACEMENT_3D ( 'NONE', #4474, #3162, #6978 ) ;
#7610 = AXIS2_PLACEMENT_3D ( 'NONE', #1930, #8335, #7082 ) ;
#7611 = CARTESIAN_POINT ( 'NONE',  ( 0.000000000000000000, 0.1187726605497482074, 23.49201527519569765 ) ) ;
#7612 = CIRCLE ( 'NONE', #5829, 9.999999999999998224 ) ;
#7613 = CARTESIAN_POINT ( 'NONE',  ( 3.000000000000000888, 11.21328339503299532, -20.64342907894905466 ) ) ;
#7614 = ORIENTED_EDGE ( 'NONE', *, *, #8261, .T. ) ;
#7615 = VECTOR ( 'NONE', #2909, 1000.000000000000000 ) ;
#7616 = VERTEX_POINT ( 'NONE', #6573 ) ;
#7617 = CARTESIAN_POINT ( 'NONE',  ( 3.000000000000000888, 20.59702713253501472, 11.82275239957331614 ) ) ;
#7618 = CARTESIAN_POINT ( 'NONE',  ( 0.000000000000000000, 7.000000000000008882, 0.000000000000000000 ) ) ;
#7619 = DIRECTION ( 'NONE',  ( 0.000000000000000000, 0.000000000000000000, 1.000000000000000000 ) ) ;
#7620 = VECTOR ( 'NONE', #2897, 1000.000000000000000 ) ;
#7621 = DIRECTION ( 'NONE',  ( 0.000000000000000000, 0.000000000000000000, 1.000000000000000000 ) ) ;
#7622 = CIRCLE ( 'NONE', #2560, 9.999999999999998224 ) ;
#7623 = LOCAL_TIME ( 18, 37, 26.00000000000000000, #3055 ) ;
#7624 = DIRECTION ( 'NONE',  ( 0.000000000000000000, 0.2486898871648483555, 0.9685831611286326304 ) ) ;
#7625 = ORIENTED_EDGE ( 'NONE', *, *, #2136, .F. ) ;
#7626 = CARTESIAN_POINT ( 'NONE',  ( 0.000000000000000000, -9.275723936746668841, -24.28911166447354475 ) ) ;
#7627 = EDGE_LOOP ( 'NONE', ( #6331, #2347, #1501, #4373 ) ) ;
#7628 = LINE ( 'NONE', #1655, #7192 ) ;
#7629 = DIRECTION ( 'NONE',  ( 0.000000000000000000, 0.000000000000000000, 1.000000000000000000 ) ) ;
#7630 = VECTOR ( 'NONE', #1744, 1000.000000000000000 ) ;
#7631 = ORIENTED_EDGE ( 'NONE', *, *, #2401, .T. ) ;
#7632 = LOCAL_TIME ( 18, 37, 26.00000000000000000, #4968 ) ;
#7633 = DIRECTION ( 'NONE',  ( 0.000000000000000000, 0.000000000000000000, 1.000000000000000000 ) ) ;
#7634 = EDGE_CURVE ( 'NONE', #4097, #5994, #3309, .T. ) ;
#7635 = PERSON_AND_ORGANIZATION_ROLE ( 'design_supplier' ) ;
#7636 = ADVANCED_FACE ( 'NONE', ( #555 ), #5961, .T. ) ;
#7637 = VECTOR ( 'NONE', #5306, 1000.000000000000000 ) ;
#7638 = ORIENTED_EDGE ( 'NONE', *, *, #3086, .F. ) ;
#7639 = DIRECTION ( 'NONE',  ( 1.000000000000000000, 0.000000000000000000, 0.000000000000000000 ) ) ;
#7640 = ORIENTED_EDGE ( 'NONE', *, *, #6488, .T. ) ;
#7641 = VERTEX_POINT ( 'NONE', #3986 ) ;
#7642 = DIRECTION ( 'NONE',  ( -1.000000000000000000, 0.000000000000000000, -0.000000000000000000 ) ) ;
#7643 = VECTOR ( 'NONE', #1687, 1000.000000000000000 ) ;
#7644 = AXIS2_PLACEMENT_3D ( 'NONE', #5265, #7983, #7331 ) ;
#7645 = DIRECTION ( 'NONE',  ( 0.000000000000000000, 0.000000000000000000, 1.000000000000000000 ) ) ;
#7646 = EDGE_CURVE ( 'NONE', #2230, #4199, #1236, .T. ) ;
#7647 = EDGE_CURVE ( 'NONE', #7127, #6371, #1083, .T. ) ;
#7648 = FACE_OUTER_BOUND ( 'NONE', #2162, .T. ) ;
#7649 = ORIENTED_EDGE ( 'NONE', *, *, #3093, .T. ) ;
#7650 = AXIS2_PLACEMENT_3D ( 'NONE', #6241, #1637, #8139 ) ;
#7651 = CARTESIAN_POINT ( 'NONE',  ( 3.000000000000000888, 1.927758584904034622, 23.67063049093388472 ) ) ;
#7652 = EDGE_CURVE ( 'NONE', #810, #8242, #3181, .T. ) ;
#7653 = DIRECTION ( 'NONE',  ( 0.000000000000000000, -0.7705132427757817037, -0.6374239897486988493 ) ) ;
#7654 = DIRECTION ( 'NONE',  ( -1.000000000000000000, 0.000000000000000000, 0.000000000000000000 ) ) ;
#7655 = ORIENTED_EDGE ( 'NONE', *, *, #5963, .F. ) ;
#7656 = DIRECTION ( 'NONE',  ( 0.000000000000000000, -0.6845471059286952764, 0.7289686274214053352 ) ) ;
#7657 = CARTESIAN_POINT ( 'NONE',  ( 1.499999999999999556, -15.02476645158309587, -21.21924581778021590 ) ) ;
#7658 = ADVANCED_FACE ( 'NONE', ( #3440 ), #4026, .F. ) ;
#7659 = EDGE_CURVE ( 'NONE', #7559, #8026, #765, .T. ) ;
#7660 = ORIENTED_EDGE ( 'NONE', *, *, #5240, .F. ) ;
#7661 = AXIS2_PLACEMENT_3D ( 'NONE', #8083, #2070, #1371 ) ;
#7662 = EDGE_LOOP ( 'NONE', ( #5107, #1267, #355, #1790 ) ) ;
#7663 = CYLINDRICAL_SURFACE ( 'NONE', #5952, 9.999999999999998224 ) ;
#7664 = DIRECTION ( 'NONE',  ( -1.000000000000000000, -0.000000000000000000, 0.000000000000000000 ) ) ;
#7665 = ORIENTED_EDGE ( 'NONE', *, *, #32, .T. ) ;
#7666 = AXIS2_PLACEMENT_3D ( 'NONE', #1033, #1708, #4257 ) ;
#7667 = ORIENTED_EDGE ( 'NONE', *, *, #2910, .T. ) ;
#7668 = CARTESIAN_POINT ( 'NONE',  ( 0.000000000000000000, 0.000000000000000000, 0.000000000000000000 ) ) ;
#7669 = CARTESIAN_POINT ( 'NONE',  ( 3.000000000000000888, 4.019451921852295051, -23.40638817177734055 ) ) ;
#7670 = DIRECTION ( 'NONE',  ( 0.000000000000000000, 0.000000000000000000, 1.000000000000000000 ) ) ;
#7671 = DIRECTION ( 'NONE',  ( 0.000000000000000000, 0.5877852522924743583, -0.8090169943749465631 ) ) ;
#7672 = AXIS2_PLACEMENT_3D ( 'NONE', #7122, #2574, #6436 ) ;
#7673 = AXIS2_PLACEMENT_3D ( 'NONE', #7547, #8244, #5614 ) ;
#7674 = EDGE_CURVE ( 'NONE', #4614, #1, #2621, .T. ) ;
#7675 = CARTESIAN_POINT ( 'NONE',  ( 3.000000000000000888, -21.91639720942976766, -9.148034453285532663 ) ) ;
#7676 = ORIENTED_EDGE ( 'NONE', *, *, #1133, .F. ) ;
#7677 = CARTESIAN_POINT ( 'NONE',  ( 8.102705642427432409, 7.000000000000008882, -5.573319583618285833E-11 ) ) ;
#7678 = EDGE_LOOP ( 'NONE', ( #4469, #7797, #6362, #3613 ) ) ;
#7679 = CIRCLE ( 'NONE', #4249, 9.999999999999998224 ) ;
#7680 = CARTESIAN_POINT ( 'NONE',  ( -1.541888672368153301, 10.00000000000000178, -16.91572086605293634 ) ) ;
#7681 = FACE_OUTER_BOUND ( 'NONE', #2182, .T. ) ;
#7682 = AXIS2_PLACEMENT_3D ( 'NONE', #3275, #87, #7866 ) ;
#7683 = ORIENTED_EDGE ( 'NONE', *, *, #2278, .T. ) ;
#7684 = DIRECTION ( 'NONE',  ( -1.000000000000000000, 0.000000000000000000, -0.000000000000000000 ) ) ;
#7685 = COORDINATED_UNIVERSAL_TIME_OFFSET ( 7, 0, .AHEAD. ) ;
#7686 = VECTOR ( 'NONE', #4812, 1000.000000000000000 ) ;
#7687 = ORIENTED_EDGE ( 'NONE', *, *, #7960, .T. ) ;
#7688 = CARTESIAN_POINT ( 'NONE',  ( -10.00000000000000000, 0.000000000000000000, 0.000000000000000000 ) ) ;
#7689 = ORIENTED_EDGE ( 'NONE', *, *, #7674, .T. ) ;
#7690 = CARTESIAN_POINT ( 'NONE',  ( 1.499999999999999556, -24.82361017592229402, 7.732294474077363589 ) ) ;
#7691 = FACE_OUTER_BOUND ( 'NONE', #4403, .T. ) ;
#7692 = CALENDAR_DATE ( 2025, 7, 10 ) ;
#7693 = ORIENTED_EDGE ( 'NONE', *, *, #4767, .F. ) ;
#7694 = CYLINDRICAL_SURFACE ( 'NONE', #861, 26.00000000000000000 ) ;
#7695 = CARTESIAN_POINT ( 'NONE',  ( 3.000000000000000888, 0.000000000000000000, 0.000000000000000000 ) ) ;
#7696 = CARTESIAN_POINT ( 'NONE',  ( 0.000000000000000000, 0.000000000000000000, 0.000000000000000000 ) ) ;
#7697 = EDGE_LOOP ( 'NONE', ( #1336, #6165, #8416, #5340 ) ) ;
#7698 = EDGE_CURVE ( 'NONE', #3186, #7590, #4100, .T. ) ;
#7699 = CARTESIAN_POINT ( 'NONE',  ( 3.000000000000000888, 13.09272093277482263, 19.81402683899666783 ) ) ;
#7700 = CARTESIAN_POINT ( 'NONE',  ( 3.000000000000000888, 18.95282963369250950, 14.31101847795003756 ) ) ;
#7701 = EDGE_CURVE ( 'NONE', #1251, #1167, #1216, .T. ) ;
#7702 = ORIENTED_EDGE ( 'NONE', *, *, #1338, .T. ) ;
#7703 = DIRECTION ( 'NONE',  ( -1.000000000000000000, -0.000000000000000000, -0.000000000000000000 ) ) ;
#7704 = FACE_OUTER_BOUND ( 'NONE', #7845, .T. ) ;
#7705 = AXIS2_PLACEMENT_3D ( 'NONE', #492, #4358, #7624 ) ;
#7706 = VERTEX_POINT ( 'NONE', #7377 ) ;
#7707 = DIRECTION ( 'NONE',  ( 0.000000000000000000, -0.8443279255020200713, 0.5358267949789886631 ) ) ;
#7708 = EDGE_CURVE ( 'NONE', #1053, #5580, #2067, .T. ) ;
#7709 = DIRECTION ( 'NONE',  ( -1.000000000000000000, 0.000000000000000000, -0.000000000000000000 ) ) ;
#7710 = ADVANCED_FACE ( 'NONE', ( #2066 ), #3560, .T. ) ;
#7711 = CARTESIAN_POINT ( 'NONE',  ( 3.000000000000000888, 23.43820135222871670, 1.593614133755710593 ) ) ;
#7712 = DIRECTION ( 'NONE',  ( 1.000000000000000000, 0.000000000000000000, 0.000000000000000000 ) ) ;
#7713 = CARTESIAN_POINT ( 'NONE',  ( 3.000000000000000888, -3.062166340028115830, 23.29188755642017838 ) ) ;
#7714 = ORIENTED_EDGE ( 'NONE', *, *, #2933, .T. ) ;
#7715 = CARTESIAN_POINT ( 'NONE',  ( 1.499999999999999556, -23.65875512592465668, 10.78254635471296119 ) ) ;
#7716 = VERTEX_POINT ( 'NONE', #2201 ) ;
#7717 = CARTESIAN_POINT ( 'NONE',  ( 12.69673203802745931, 7.000000000000008882, -9.700166218278072350 ) ) ;
#7718 = CARTESIAN_POINT ( 'NONE',  ( 2.143131898507868643E-15, 10.00000000000000000, 17.50000000000000355 ) ) ;
#7719 = VERTEX_POINT ( 'NONE', #2755 ) ;
#7720 = B_SPLINE_CURVE_WITH_KNOTS ( 'NONE', 2,
 ( #8307, #2421, #1767 ),
 .UNSPECIFIED., .F., .F.,
 ( 3, 3 ),
 ( 0.7649281316632865479, 0.9989257314563931844 ),
 .UNSPECIFIED. ) ;
#7721 = CARTESIAN_POINT ( 'NONE',  ( 3.000000000000000888, -23.61258448579734193, -2.541821178030204464 ) ) ;
#7722 = DIRECTION ( 'NONE',  ( 0.000000000000000000, 0.000000000000000000, 1.000000000000000000 ) ) ;
#7723 = CONTEXT_DEPENDENT_SHAPE_REPRESENTATION ( #1601, #5005 ) ;
#7724 = ORIENTED_EDGE ( 'NONE', *, *, #1713, .F. ) ;
#7725 = FACE_OUTER_BOUND ( 'NONE', #6605, .T. ) ;
#7726 = ORIENTED_EDGE ( 'NONE', *, *, #5653, .T. ) ;
#7727 = CARTESIAN_POINT ( 'NONE',  ( 3.000000000000000888, 23.10781753700506158, -5.481219725251072816 ) ) ;
#7728 = DIRECTION ( 'NONE',  ( -1.000000000000000000, 0.000000000000000000, -0.000000000000000000 ) ) ;
#7729 = ADVANCED_FACE ( 'NONE', ( #2151 ), #4201, .T. ) ;
#7730 = ORIENTED_EDGE ( 'NONE', *, *, #5601, .T. ) ;
#7731 = CARTESIAN_POINT ( 'NONE',  ( 1.500000000000000444, 3.572989937013125505, -25.75332489039042372 ) ) ;
#7732 = AXIS2_PLACEMENT_3D ( 'NONE', #7695, #6360, #8347 ) ;
#7733 = ORIENTED_EDGE ( 'NONE', *, *, #2669, .F. ) ;
#7734 = DIRECTION ( 'NONE',  ( -1.000000000000000000, 0.000000000000000000, 0.000000000000000000 ) ) ;
#7735 = ORIENTED_EDGE ( 'NONE', *, *, #3506, .T. ) ;
#7736 = CARTESIAN_POINT ( 'NONE',  ( 0.000000000000000000, 5.727185429052696897, -22.78350797608148426 ) ) ;
#7737 = DIRECTION ( 'NONE',  ( 0.000000000000000000, 0.7705132427757860336, 0.6374239897486934092 ) ) ;
#7738 = CIRCLE ( 'NONE', #8299, 9.999999999999998224 ) ;
#7739 = EDGE_CURVE ( 'NONE', #907, #2209, #3165, .T. ) ;
#7740 = ADVANCED_FACE ( 'NONE', ( #4673 ), #5364, .T. ) ;
#7741 = VERTEX_POINT ( 'NONE', #7987 ) ;
#7742 = CARTESIAN_POINT ( 'NONE',  ( 3.000000000000000888, 0.000000000000000000, 0.000000000000000000 ) ) ;
#7743 = AXIS2_PLACEMENT_3D ( 'NONE', #3626, #1563, #3547 ) ;
#7744 = DIRECTION ( 'NONE',  ( -1.000000000000000000, -0.000000000000000000, -0.000000000000000000 ) ) ;
#7745 = AXIS2_PLACEMENT_3D ( 'NONE', #5114, #1947, #607 ) ;
#7746 = ORIENTED_EDGE ( 'NONE', *, *, #2506, .F. ) ;
#7747 = CARTESIAN_POINT ( 'NONE',  ( 3.000000000000000888, -23.74496687177445153, -0.4376634075793925938 ) ) ;
#7748 = CARTESIAN_POINT ( 'NONE',  ( 0.000000000000000000, 0.000000000000000000, 0.000000000000000000 ) ) ;
#7749 = DIRECTION ( 'NONE',  ( 1.000000000000000000, -0.000000000000000000, -0.000000000000000000 ) ) ;
#7750 = CARTESIAN_POINT ( 'NONE',  ( 0.000000000000000000, -3.062166340027785427, -23.29188755642021746 ) ) ;
#7751 = CIRCLE ( 'NONE', #7891, 26.00000000000000000 ) ;
#7752 = ADVANCED_FACE ( 'NONE', ( #2920 ), #7336, .T. ) ;
#7753 = CARTESIAN_POINT ( 'NONE',  ( 3.000000000000000888, 0.000000000000000000, 0.000000000000000000 ) ) ;
#7754 = VERTEX_POINT ( 'NONE', #6701 ) ;
#7755 = DIRECTION ( 'NONE',  ( -1.000000000000000000, 0.000000000000000000, -0.000000000000000000 ) ) ;
#7756 = ADVANCED_FACE ( 'NONE', ( #6092 ), #205, .T. ) ;
#7757 = EDGE_LOOP ( 'NONE', ( #6898, #7761, #1910, #8161 ) ) ;
#7758 = DIRECTION ( 'NONE',  ( 0.9753086798203955965, 0.000000000000000000, 0.2208460528671435108 ) ) ;
#7759 = DIRECTION ( 'NONE',  ( -1.000000000000000000, 0.000000000000000000, 0.000000000000000000 ) ) ;
#7760 = PRODUCT ( 'm1_40t', 'm1_40t', '', ( #3858 ) ) ;
#7761 = ORIENTED_EDGE ( 'NONE', *, *, #3765, .T. ) ;
#7762 = LINE ( 'NONE', #4489, #6133 ) ;
#7763 = AXIS2_PLACEMENT_3D ( 'NONE', #7449, #887, #6644 ) ;
#7764 = DIRECTION ( 'NONE',  ( -1.000000000000000000, 0.000000000000000000, -0.000000000000000000 ) ) ;
#7765 = ADVANCED_FACE ( 'NONE', ( #7030 ), #4282, .F. ) ;
#7766 = EDGE_LOOP ( 'NONE', ( #450, #3828, #386, #6502 ) ) ;
#7767 = VECTOR ( 'NONE', #1425, 1000.000000000000000 ) ;
#7768 = CARTESIAN_POINT ( 'NONE',  ( 3.000000000000000888, 1.927758584904378347, -23.67063049093385629 ) ) ;
#7769 = LOCAL_TIME ( 18, 37, 26.00000000000000000, #253 ) ;
#7770 = ORIENTED_EDGE ( 'NONE', *, *, #117, .F. ) ;
#7771 = DIRECTION ( 'NONE',  ( -1.000000000000000000, 0.000000000000000000, 0.000000000000000000 ) ) ;
#7772 = DIRECTION ( 'NONE',  ( -0.7342190668223670391, 0.000000000000000000, -0.6789126320186510410 ) ) ;
#7773 = VECTOR ( 'NONE', #3441, 1000.000000000000000 ) ;
#7774 = APPROVAL_ROLE ( '' ) ;
#7775 = ORIENTED_EDGE ( 'NONE', *, *, #7183, .T. ) ;
#7776 = CARTESIAN_POINT ( 'NONE',  ( 0.000000000000000000, 21.91639720942983871, 9.148034453285378120 ) ) ;
#7777 = ORIENTED_EDGE ( 'NONE', *, *, #6139, .T. ) ;
#7778 = DIRECTION ( 'NONE',  ( 0.2963960478017556022, 0.000000000000000000, -0.9550651196894898165 ) ) ;
#7779 = AXIS2_PLACEMENT_3D ( 'NONE', #194, #2269, #7286 ) ;
#7780 = ORIENTED_EDGE ( 'NONE', *, *, #236, .T. ) ;
#7781 = DIRECTION ( 'NONE',  ( -1.000000000000000000, 0.000000000000000000, -0.000000000000000000 ) ) ;
#7782 = CARTESIAN_POINT ( 'NONE',  ( 3.000000000000000888, 5.727185429052696897, -22.78350797608148426 ) ) ;
#7783 = VECTOR ( 'NONE', #8361, 1000.000000000000000 ) ;
#7784 = ORIENTED_EDGE ( 'NONE', *, *, #6766, .F. ) ;
#7785 = DIRECTION ( 'NONE',  ( -1.000000000000000000, -0.000000000000000000, 0.000000000000000000 ) ) ;
#7786 = VECTOR ( 'NONE', #1196, 1000.000000000000000 ) ;
#7787 = CARTESIAN_POINT ( 'NONE',  ( 3.000000000000000888, 17.00973468965527857, -16.57359124594117716 ) ) ;
#7788 = ORIENTED_EDGE ( 'NONE', *, *, #2407, .F. ) ;
#7789 = DIRECTION ( 'NONE',  ( 1.000000000000000000, 0.000000000000000000, -0.000000000000000000 ) ) ;
#7790 = CARTESIAN_POINT ( 'NONE',  ( 3.000000000000000888, -25.47815669208876344, 5.183004107018705398 ) ) ;
#7791 = AXIS2_PLACEMENT_3D ( 'NONE', #8224, #1597, #7527 ) ;
#7792 = CARTESIAN_POINT ( 'NONE',  ( 0.000000000000000000, 22.12078737453602884, -13.66275103815361014 ) ) ;
#7793 = EDGE_CURVE ( 'NONE', #2660, #6266, #3026, .T. ) ;
#7794 = CIRCLE ( 'NONE', #1208, 9.999999999999994671 ) ;
#7795 = CIRCLE ( 'NONE', #6976, 9.999999999999998224 ) ;
#7796 = CYLINDRICAL_SURFACE ( 'NONE', #8266, 23.74900000000000233 ) ;
#7797 = ORIENTED_EDGE ( 'NONE', *, *, #4807, .F. ) ;
#7798 = CARTESIAN_POINT ( 'NONE',  ( 15.14952443981643171, 10.00000000000000888, 8.746582013347659057 ) ) ;
#7799 = CIRCLE ( 'NONE', #8089, 9.999999999999998224 ) ;
#7800 = ORIENTED_EDGE ( 'NONE', *, *, #880, .T. ) ;
#7801 = CARTESIAN_POINT ( 'NONE',  ( -1.061049529528109048, 10.00000000000000888, -17.46780392310058616 ) ) ;
#7802 = DIRECTION ( 'NONE',  ( 0.000000000000000000, 0.000000000000000000, 1.000000000000000000 ) ) ;
#7803 = ORIENTED_EDGE ( 'NONE', *, *, #7243, .T. ) ;
#7804 = DIRECTION ( 'NONE',  ( -1.000000000000000000, -0.000000000000000000, -0.000000000000000000 ) ) ;
#7805 = EDGE_CURVE ( 'NONE', #8026, #2248, #811, .T. ) ;
#7806 = CARTESIAN_POINT ( 'NONE',  ( 3.000000000000000888, -23.09816287601903895, 4.285295834340716148 ) ) ;
#7807 = EDGE_CURVE ( 'NONE', #4394, #6287, #1513, .T. ) ;
#7808 = CARTESIAN_POINT ( 'NONE',  ( 3.000000000000000888, 0.000000000000000000, 0.000000000000000000 ) ) ;
#7809 = AXIS2_PLACEMENT_3D ( 'NONE', #1619, #4242, #6867 ) ;
#7810 = ORIENTED_EDGE ( 'NONE', *, *, #3132, .T. ) ;
#7811 = VECTOR ( 'NONE', #40, 1000.000000000000000 ) ;
#7812 = CARTESIAN_POINT ( 'NONE',  ( 3.000000000000000888, 23.43820135222874157, 8.406385866244622918 ) ) ;
#7813 = APPROVAL ( #1244, 'UNSPECIFIED' ) ;
#7814 = ORIENTED_EDGE ( 'NONE', *, *, #445, .F. ) ;
#7815 = CARTESIAN_POINT ( 'NONE',  ( 3.000000000000000888, 15.47283697127507018, 18.01683426854850012 ) ) ;
#7816 = DIRECTION ( 'NONE',  ( 0.000000000000000000, 0.4817536741017099944, 0.8763066800438664705 ) ) ;
#7817 = EDGE_CURVE ( 'NONE', #4567, #5580, #983, .T. ) ;
#7818 = EDGE_CURVE ( 'NONE', #3826, #5079, #7414, .T. ) ;
#7819 = VECTOR ( 'NONE', #1780, 1000.000000000000000 ) ;
#7820 = CIRCLE ( 'NONE', #4115, 26.00000000000000000 ) ;
#7821 = CALENDAR_DATE ( 2025, 7, 10 ) ;
#7822 = ORIENTED_EDGE ( 'NONE', *, *, #3132, .F. ) ;
#7823 = DIRECTION ( 'NONE',  ( 1.000000000000000000, -0.000000000000000000, 0.000000000000000000 ) ) ;
#7824 = ORIENTED_EDGE ( 'NONE', *, *, #2179, .F. ) ;
#7825 = VERTEX_POINT ( 'NONE', #3597 ) ;
#7826 = CARTESIAN_POINT ( 'NONE',  ( 3.000000000000000888, -23.38875284200428695, -11.35633041504324225 ) ) ;
#7827 = AXIS2_PLACEMENT_3D ( 'NONE', #320, #5618, #452 ) ;
#7828 = VERTEX_POINT ( 'NONE', #4407 ) ;
#7829 = DIRECTION ( 'NONE',  ( 0.000000000000000000, 0.000000000000000000, 1.000000000000000000 ) ) ;
#7830 = CARTESIAN_POINT ( 'NONE',  ( 3.000000000000000888, -24.82361017592218033, -7.732294474077721524 ) ) ;
#7831 = ORIENTED_EDGE ( 'NONE', *, *, #7390, .T. ) ;
#7832 = DIRECTION ( 'NONE',  ( -1.000000000000000000, 0.000000000000000000, 0.000000000000000000 ) ) ;
#7833 = DIRECTION ( 'NONE',  ( -1.000000000000000000, 0.000000000000000000, 0.000000000000000000 ) ) ;
#7834 = VERTEX_POINT ( 'NONE', #3683 ) ;
#7835 = DIRECTION ( 'NONE',  ( -1.000000000000000000, -0.000000000000000000, -0.000000000000000000 ) ) ;
#7836 = CARTESIAN_POINT ( 'NONE',  ( 3.000000000000000888, 0.000000000000000000, 0.000000000000000000 ) ) ;
#7837 = ORIENTED_EDGE ( 'NONE', *, *, #4094, .F. ) ;
#7838 = VECTOR ( 'NONE', #1041, 1000.000000000000000 ) ;
#7839 = CYLINDRICAL_SURFACE ( 'NONE', #2925, 23.74900000000000233 ) ;
#7840 = EDGE_LOOP ( 'NONE', ( #908, #4262, #6301, #7883 ) ) ;
#7841 = FACE_OUTER_BOUND ( 'NONE', #3890, .T. ) ;
#7842 = VERTEX_POINT ( 'NONE', #5003 ) ;
#7843 = CARTESIAN_POINT ( 'NONE',  ( 0.000000000000000000, 2.220446049250313081E-13, 2.220446049250313081E-13 ) ) ;
#7844 = CARTESIAN_POINT ( 'NONE',  ( 3.000000000000000888, -23.65875512592465668, 10.78254635471296119 ) ) ;
#7845 = EDGE_LOOP ( 'NONE', ( #3905, #1879, #7660, #2692 ) ) ;
#7846 = CARTESIAN_POINT ( 'NONE',  ( 1.500000000000000444, 15.53779383581486151, -20.84650960510449025 ) ) ;
#7847 = VECTOR ( 'NONE', #410, 1000.000000000000000 ) ;
#7848 = CYLINDRICAL_SURFACE ( 'NONE', #7256, 23.74900000000000233 ) ;
#7849 = ADVANCED_FACE ( 'NONE', ( #6303 ), #1742, .T. ) ;
#7850 = DIRECTION ( 'NONE',  ( -1.000000000000000000, 0.000000000000000000, -0.000000000000000000 ) ) ;
#7851 = EDGE_CURVE ( 'NONE', #1987, #106, #6217, .T. ) ;
#7852 = ORIENTED_EDGE ( 'NONE', *, *, #1048, .T. ) ;
#7853 = CIRCLE ( 'NONE', #8405, 3.000000000000048406 ) ;
#7854 = DIRECTION ( 'NONE',  ( 0.000000000000000000, 0.000000000000000000, 1.000000000000000000 ) ) ;
#7855 = ORIENTED_EDGE ( 'NONE', *, *, #6271, .F. ) ;
#7856 = DIRECTION ( 'NONE',  ( 0.000000000000000000, 0.000000000000000000, 1.000000000000000000 ) ) ;
#7857 = DIRECTION ( 'NONE',  ( 1.000000000000000000, -0.000000000000000000, -0.000000000000000000 ) ) ;
#7858 = DATE_AND_TIME ( #3269, #6942 ) ;
#7859 = EDGE_CURVE ( 'NONE', #661, #19, #1491, .T. ) ;
#7860 = ORIENTED_EDGE ( 'NONE', *, *, #6498, .F. ) ;
#7861 = EDGE_CURVE ( 'NONE', #5528, #5852, #8220, .T. ) ;
#7862 = CARTESIAN_POINT ( 'NONE',  ( 3.000000000000000888, 23.43820135222871670, 1.593614133755710593 ) ) ;
#7863 = CIRCLE ( 'NONE', #2467, 23.74900000000000233 ) ;
#7864 = EDGE_LOOP ( 'NONE', ( #1991, #4445, #4960, #2916 ) ) ;
#7865 = VERTEX_POINT ( 'NONE', #4962 ) ;
#7866 = DIRECTION ( 'NONE',  ( -0.7342190668223596006, 0.000000000000000000, 0.6789126320186592567 ) ) ;
#7867 = ORIENTED_EDGE ( 'NONE', *, *, #8442, .T. ) ;
#7868 = CARTESIAN_POINT ( 'NONE',  ( 1.061049529196087304, 10.00000000000000888, -17.46780392354971312 ) ) ;
#7869 = CARTESIAN_POINT ( 'NONE',  ( 3.000000000000000888, -19.82974763304084220, -16.81609671742854317 ) ) ;
#7870 = CC_DESIGN_PERSON_AND_ORGANIZATION_ASSIGNMENT ( #3640, #7635, ( #3924 ) ) ;
#7871 = ORIENTED_EDGE ( 'NONE', *, *, #8394, .F. ) ;
#7872 = EDGE_CURVE ( 'NONE', #6226, #7139, #5572, .T. ) ;
#7873 = CARTESIAN_POINT ( 'NONE',  ( 0.000000000000000000, 0.000000000000000000, 0.000000000000000000 ) ) ;
#7874 = DIRECTION ( 'NONE',  ( -1.000000000000000000, 0.000000000000000000, 0.000000000000000000 ) ) ;
#7875 = ORIENTED_EDGE ( 'NONE', *, *, #1650, .T. ) ;
#7876 = DIRECTION ( 'NONE',  ( 0.000000000000000000, 0.000000000000000000, 1.000000000000000000 ) ) ;
#7877 = CARTESIAN_POINT ( 'NONE',  ( 1.959434878635765230E-16, 5.000000000000000000, -1.600000000000000089 ) ) ;
#7878 = ORIENTED_EDGE ( 'NONE', *, *, #992, .F. ) ;
#7879 = AXIS2_PLACEMENT_3D ( 'NONE', #451, #6431, #1145 ) ;
#7880 = DIRECTION ( 'NONE',  ( 0.000000000000000000, -0.1253332335643113360, 0.9921147013144768767 ) ) ;
#7881 = ORIENTED_EDGE ( 'NONE', *, *, #146, .F. ) ;
#7882 = LINE ( 'NONE', #2778, #3430 ) ;
#7883 = ORIENTED_EDGE ( 'NONE', *, *, #4966, .T. ) ;
#7884 = LINE ( 'NONE', #4615, #742 ) ;
#7885 = CARTESIAN_POINT ( 'NONE',  ( 0.000000000000000000, -25.59698206453963110, -4.560099690537096073 ) ) ;
#7886 = ORIENTED_EDGE ( 'NONE', *, *, #7674, .F. ) ;
#7887 = CARTESIAN_POINT ( 'NONE',  ( 1.500000000000000444, -15.53779383581471762, 20.84650960510459683 ) ) ;
#7888 = CIRCLE ( 'NONE', #3768, 10.00000000000000000 ) ;
#7889 = CARTESIAN_POINT ( 'NONE',  ( 0.000000000000000000, 3.000000000000270450, 2.220446049250313081E-13 ) ) ;
#7890 = CARTESIAN_POINT ( 'NONE',  ( 0.000000000000000000, 9.275723936747182208, -24.28911166447335290 ) ) ;
#7891 = AXIS2_PLACEMENT_3D ( 'NONE', #1119, #5954, #7938 ) ;
#7892 = AXIS2_PLACEMENT_3D ( 'NONE', #4215, #999, #6922 ) ;
#7893 = ORIENTED_EDGE ( 'NONE', *, *, #649, .F. ) ;
#7894 = CARTESIAN_POINT ( 'NONE',  ( 3.000000000000000888, -23.05365132147770169, 4.518633574727163094 ) ) ;
#7895 = ORIENTED_EDGE ( 'NONE', *, *, #771, .F. ) ;
#7896 = CYLINDRICAL_SURFACE ( 'NONE', #7049, 26.00000000000000000 ) ;
#7897 = DIRECTION ( 'NONE',  ( -1.000000000000000000, -0.000000000000000000, -0.000000000000000000 ) ) ;
#7898 = CIRCLE ( 'NONE', #5566, 9.999999999999998224 ) ;
#7899 = APPROVAL_PERSON_ORGANIZATION ( #7902, #7552, #7774 ) ;
#7900 = EDGE_CURVE ( 'NONE', #600, #5446, #6577, .T. ) ;
#7901 = EDGE_CURVE ( 'NONE', #3838, #2674, #3152, .T. ) ;
#7902 = PERSON_AND_ORGANIZATION ( #6793, #2555 ) ;
#7903 = CIRCLE ( 'NONE', #7214, 26.00000000000000000 ) ;
#7904 = VERTEX_POINT ( 'NONE', #5049 ) ;
#7905 = CARTESIAN_POINT ( 'NONE',  ( 0.000000000000000000, -23.50287694562802798, 3.410245779803352750 ) ) ;
#7906 = ORIENTED_EDGE ( 'NONE', *, *, #7114, .F. ) ;
#7907 = ORIENTED_EDGE ( 'NONE', *, *, #3145, .T. ) ;
#7908 = DIRECTION ( 'NONE',  ( -1.000000000000000000, 0.000000000000000000, -0.000000000000000000 ) ) ;
#7909 = VERTEX_POINT ( 'NONE', #7586 ) ;
#7910 = VECTOR ( 'NONE', #6746, 1000.000000000000000 ) ;
#7911 = DIRECTION ( 'NONE',  ( -1.000000000000000000, 0.000000000000000000, 0.000000000000000000 ) ) ;
#7912 = ADVANCED_FACE ( 'NONE', ( #7681 ), #2958, .F. ) ;
#7913 = CARTESIAN_POINT ( 'NONE',  ( 0.000000000000000000, 16.16797261240393269, 17.04363664947943491 ) ) ;
#7914 = EDGE_CURVE ( 'NONE', #4450, #2383, #5749, .T. ) ;
#7915 = ORIENTED_EDGE ( 'NONE', *, *, #6659, .T. ) ;
#7916 = AXIS2_PLACEMENT_3D ( 'NONE', #7935, #7160, #707 ) ;
#7917 = FACE_OUTER_BOUND ( 'NONE', #4128, .T. ) ;
#7918 = CARTESIAN_POINT ( 'NONE',  ( 0.000000000000000000, -19.46733382657888356, 13.60286420885461212 ) ) ;
#7919 = APPLICATION_CONTEXT ( 'configuration controlled 3d designs of mechanical parts and assemblies' ) ;
#7920 = ORIENTED_EDGE ( 'NONE', *, *, #3919, .F. ) ;
#7921 = DIRECTION ( 'NONE',  ( -1.000000000000000000, 0.000000000000000000, 0.000000000000000000 ) ) ;
#7922 = CARTESIAN_POINT ( 'NONE',  ( -14.74895638488504801, 10.00000000000000888, -6.145609380897365526 ) ) ;
#7923 = EDGE_CURVE ( 'NONE', #8112, #7351, #3695, .T. ) ;
#7924 = AXIS2_PLACEMENT_3D ( 'NONE', #5082, #699, #8443 ) ;
#7925 = EDGE_CURVE ( 'NONE', #1652, #2224, #2876, .T. ) ;
#7926 = CIRCLE ( 'NONE', #4217, 10.00000000000000178 ) ;
#7927 = CARTESIAN_POINT ( 'NONE',  ( 0.000000000000000000, 23.09816287601901763, 4.285295834340878685 ) ) ;
#7928 = ORIENTED_EDGE ( 'NONE', *, *, #3471, .T. ) ;
#7929 = DIRECTION ( 'NONE',  ( 0.000000000000000000, 0.000000000000000000, 1.000000000000000000 ) ) ;
#7930 = ORIENTED_EDGE ( 'NONE', *, *, #1769, .T. ) ;
#7931 = DIRECTION ( 'NONE',  ( 0.000000000000000000, 0.000000000000000000, 1.000000000000000000 ) ) ;
#7932 = CARTESIAN_POINT ( 'NONE',  ( 3.000000000000000888, 0.000000000000000000, 0.000000000000000000 ) ) ;
#7933 = VERTEX_POINT ( 'NONE', #4534 ) ;
#7934 = CIRCLE ( 'NONE', #2193, 10.00000000000000178 ) ;
#7935 = CARTESIAN_POINT ( 'NONE',  ( 0.000000000000000000, -23.09816287601903895, 4.285295834340716148 ) ) ;
#7936 = DIRECTION ( 'NONE',  ( 0.000000000000000000, -0.5877852522924802425, 0.8090169943749422332 ) ) ;
#7937 = CIRCLE ( 'NONE', #2596, 9.999999999999998224 ) ;
#7938 = DIRECTION ( 'NONE',  ( 0.000000000000000000, 0.000000000000000000, 1.000000000000000000 ) ) ;
#7939 = ORIENTED_EDGE ( 'NONE', *, *, #4547, .F. ) ;
#7940 = CARTESIAN_POINT ( 'NONE',  ( 0.000000000000000000, 0.000000000000000000, 0.000000000000000000 ) ) ;
#7941 = DIRECTION ( 'NONE',  ( 0.2208460528671212786, 0.000000000000000000, 0.9753086798204005925 ) ) ;
#7942 = ORIENTED_EDGE ( 'NONE', *, *, #5396, .F. ) ;
#7943 = DIRECTION ( 'NONE',  ( 0.000000000000000000, 0.000000000000000000, 1.000000000000000000 ) ) ;
#7944 = FACE_OUTER_BOUND ( 'NONE', #7840, .T. ) ;
#7945 = COORDINATED_UNIVERSAL_TIME_OFFSET ( 7, 0, .AHEAD. ) ;
#7946 = VECTOR ( 'NONE', #3301, 1000.000000000000000 ) ;
#7947 = AXIS2_PLACEMENT_3D ( 'NONE', #1604, #7654, #2229 ) ;
#7948 = VERTEX_POINT ( 'NONE', #2619 ) ;
#7949 = DIRECTION ( 'NONE',  ( 0.000000000000000000, 0.000000000000000000, 1.000000000000000000 ) ) ;
#7950 = ORIENTED_EDGE ( 'NONE', *, *, #2352, .T. ) ;
#7951 = ORIENTED_EDGE ( 'NONE', *, *, #978, .T. ) ;
#7952 = CARTESIAN_POINT ( 'NONE',  ( -10.00000000000000000, 0.000000000000000000, 0.000000000000000000 ) ) ;
#7953 = DIRECTION ( 'NONE',  ( -1.000000000000000000, 0.000000000000000000, 0.000000000000000000 ) ) ;
#7954 = ORIENTED_EDGE ( 'NONE', *, *, #6859, .T. ) ;
#7955 = CIRCLE ( 'NONE', #6178, 10.00000000000000000 ) ;
#7956 = DIRECTION ( 'NONE',  ( 0.000000000000000000, 0.2486898871648553500, -0.9685831611286309650 ) ) ;
#7957 = CARTESIAN_POINT ( 'NONE',  ( 1.500000000000000444, -17.56576837257065549, 19.16882316369986938 ) ) ;
#7958 = EDGE_LOOP ( 'NONE', ( #4623, #4176, #984, #3033 ) ) ;
#7959 = AXIS2_PLACEMENT_3D ( 'NONE', #246, #2240, #6828 ) ;
#7960 = EDGE_CURVE ( 'NONE', #8380, #2757, #6028, .T. ) ;
#7961 = DIRECTION ( 'NONE',  ( 0.000000000000000000, -0.000000000000000000, 1.000000000000000000 ) ) ;
#7962 = ADVANCED_FACE ( 'NONE', ( #6519 ), #7848, .T. ) ;
#7963 = DIRECTION ( 'NONE',  ( -1.000000000000000000, -0.000000000000000000, 0.000000000000000000 ) ) ;
#7964 = ORIENTED_EDGE ( 'NONE', *, *, #8125, .T. ) ;
#7965 = CARTESIAN_POINT ( 'NONE',  ( 0.000000000000000000, -23.74496687177445153, -0.4376634075793925938 ) ) ;
#7966 = EDGE_CURVE ( 'NONE', #5450, #2236, #5823, .T. ) ;
#7967 = DIRECTION ( 'NONE',  ( 1.000000000000000000, -0.000000000000000000, -0.000000000000000000 ) ) ;
#7968 = AXIS2_PLACEMENT_3D ( 'NONE', #2174, #915, #7402 ) ;
#7969 = EDGE_LOOP ( 'NONE', ( #2589, #3061, #4709, #5737 ) ) ;
#7970 = CYLINDRICAL_SURFACE ( 'NONE', #5112, 9.999999999999998224 ) ;
#7971 = ADVANCED_FACE ( 'NONE', ( #8415 ), #3935, .T. ) ;
#7972 = ORIENTED_EDGE ( 'NONE', *, *, #1648, .F. ) ;
#7973 = CARTESIAN_POINT ( 'NONE',  ( 0.000000000000000000, -21.01871904177727401, -11.05569766422859068 ) ) ;
#7974 = ORIENTED_EDGE ( 'NONE', *, *, #6498, .T. ) ;
#7975 = LINE ( 'NONE', #2049, #608 ) ;
#7976 = CARTESIAN_POINT ( 'NONE',  ( 3.000000000000000888, -23.38875284200445037, 11.35633041504291896 ) ) ;
#7977 = ORIENTED_EDGE ( 'NONE', *, *, #5125, .F. ) ;
#7978 = CARTESIAN_POINT ( 'NONE',  ( 3.000000000000000888, 0.000000000000000000, 0.000000000000000000 ) ) ;
#7979 = DIRECTION ( 'NONE',  ( -1.000000000000000000, -0.000000000000000000, 0.000000000000000000 ) ) ;
#7980 = CYLINDRICAL_SURFACE ( 'NONE', #5517, 10.00000000000000178 ) ;
#7981 = ORIENTED_EDGE ( 'NONE', *, *, #5972, .F. ) ;
#7982 = EDGE_CURVE ( 'NONE', #1053, #3203, #2330, .T. ) ;
#7983 = DIRECTION ( 'NONE',  ( -1.000000000000000000, 0.000000000000000000, 0.000000000000000000 ) ) ;
#7984 = CARTESIAN_POINT ( 'NONE',  ( 3.000000000000000888, -13.09272093277468230, -19.81402683899675665 ) ) ;
#7985 = ORIENTED_EDGE ( 'NONE', *, *, #7497, .T. ) ;
#7986 = DIRECTION ( 'NONE',  ( -1.000000000000000000, 0.000000000000000000, 0.000000000000000000 ) ) ;
#7987 = CARTESIAN_POINT ( 'NONE',  ( 3.000000000000000888, 25.47815669208879896, -5.183004107018528650 ) ) ;
#7988 = AXIS2_PLACEMENT_3D ( 'NONE', #2479, #2313, #5085 ) ;
#7989 = APPROVAL_DATE_TIME ( #817, #7181 ) ;
#7990 = ORIENTED_EDGE ( 'NONE', *, *, #1519, .T. ) ;
#7991 = DIRECTION ( 'NONE',  ( 0.9550651196894797135, 0.000000000000000000, 0.2963960478017879652 ) ) ;
#7992 = ORIENTED_EDGE ( 'NONE', *, *, #1877, .T. ) ;
#7993 = ORIENTED_EDGE ( 'NONE', *, *, #2972, .T. ) ;
#7994 = DIRECTION ( 'NONE',  ( 1.000000000000000000, 0.000000000000000000, 0.000000000000000000 ) ) ;
#7995 = EDGE_CURVE ( 'NONE', #810, #2397, #6565, .T. ) ;
#7996 = DIRECTION ( 'NONE',  ( -1.000000000000000000, -0.000000000000000000, 0.000000000000000000 ) ) ;
#7997 = EDGE_LOOP ( 'NONE', ( #6636, #5149, #5480, #1031 ) ) ;
#7998 = CARTESIAN_POINT ( 'NONE',  ( 15.14952443981643171, 7.000000000000008882, 8.746582013347659057 ) ) ;
#7999 = DIRECTION ( 'NONE',  ( 0.000000000000000000, -0.9822872507286865007, -0.1873813145857355922 ) ) ;
#8000 = ORIENTED_EDGE ( 'NONE', *, *, #2354, .F. ) ;
#8001 = CARTESIAN_POINT ( 'NONE',  ( 3.000000000000000888, 0.000000000000000000, 0.000000000000000000 ) ) ;
#8002 = CARTESIAN_POINT ( 'NONE',  ( -10.00000000000000000, 0.000000000000000000, 0.000000000000000000 ) ) ;
#8003 = ORIENTED_EDGE ( 'NONE', *, *, #6128, .T. ) ;
#8004 = CARTESIAN_POINT ( 'NONE',  ( 3.000000000000000888, 21.78099992762129489, 14.19817038047371049 ) ) ;
#8005 = CARTESIAN_POINT ( 'NONE',  ( -12.69673203797261252, 10.00000000000000888, -9.700166218279626662 ) ) ;
#8006 = CIRCLE ( 'NONE', #2941, 10.00000000000000000 ) ;
#8007 = EDGE_CURVE ( 'NONE', #7716, #6790, #5476, .T. ) ;
#8008 = EDGE_CURVE ( 'NONE', #1704, #1391, #2054, .T. ) ;
#8009 = DIRECTION ( 'NONE',  ( -1.000000000000000000, -0.000000000000000000, 0.000000000000000000 ) ) ;
#8010 = ORIENTED_EDGE ( 'NONE', *, *, #7442, .T. ) ;
#8011 = LINE ( 'NONE', #3505, #529 ) ;
#8012 = AXIS2_PLACEMENT_3D ( 'NONE', #1269, #2525, #3209 ) ;
#8013 = ORIENTED_EDGE ( 'NONE', *, *, #1038, .T. ) ;
#8014 = LINE ( 'NONE', #2131, #3500 ) ;
#8015 = DIRECTION ( 'NONE',  ( -1.000000000000000000, -0.000000000000000000, 0.000000000000000000 ) ) ;
#8016 = LINE ( 'NONE', #237, #2431 ) ;
#8017 = DIRECTION ( 'NONE',  ( 0.000000000000000000, 0.000000000000000000, 1.000000000000000000 ) ) ;
#8018 = CIRCLE ( 'NONE', #4714, 10.00000000000000000 ) ;
#8019 = EDGE_CURVE ( 'NONE', #2626, #309, #260, .T. ) ;
#8020 = EDGE_CURVE ( 'NONE', #3126, #5220, #7161, .T. ) ;
#8021 = LINE ( 'NONE', #6048, #5648 ) ;
#8022 = ADVANCED_FACE ( 'NONE', ( #5787 ), #1235, .T. ) ;
#8023 = ORIENTED_EDGE ( 'NONE', *, *, #512, .T. ) ;
#8024 = DIRECTION ( 'NONE',  ( -1.000000000000000000, -0.000000000000000000, 0.000000000000000000 ) ) ;
#8025 = CARTESIAN_POINT ( 'NONE',  ( 1.499999999999999556, 25.92685648092484030, -1.948874808068888465 ) ) ;
#8026 = VERTEX_POINT ( 'NONE', #5874 ) ;
#8027 = CARTESIAN_POINT ( 'NONE',  ( 3.000000000000000888, 13.71217102453783276, -19.07525240799574107 ) ) ;
#8028 = CARTESIAN_POINT ( 'NONE',  ( 0.000000000000000000, 0.000000000000000000, 0.000000000000000000 ) ) ;
#8029 = FACE_OUTER_BOUND ( 'NONE', #775, .T. ) ;
#8030 = EDGE_CURVE ( 'NONE', #3901, #7534, #4240, .T. ) ;
#8031 = EDGE_CURVE ( 'NONE', #5530, #6853, #3016, .T. ) ;
#8032 = APPROVAL_STATUS ( 'not_yet_approved' ) ;
#8033 = AXIS2_PLACEMENT_3D ( 'NONE', #824, #1506, #6062 ) ;
#8034 = VERTEX_POINT ( 'NONE', #5261 ) ;
#8035 = AXIS2_PLACEMENT_3D ( 'NONE', #1260, #5209, #3115 ) ;
#8036 = DIRECTION ( 'NONE',  ( 1.000000000000000000, 0.000000000000000000, 0.000000000000000000 ) ) ;
#8037 = ORIENTED_EDGE ( 'NONE', *, *, #5847, .T. ) ;
#8038 = VERTEX_POINT ( 'NONE', #7889 ) ;
#8039 = DIRECTION ( 'NONE',  ( 0.000000000000000000, 0.000000000000000000, 1.000000000000000000 ) ) ;
#8040 = CARTESIAN_POINT ( 'NONE',  ( 3.000000000000000888, 17.00973468965503343, 16.57359124594142585 ) ) ;
#8041 = ORIENTED_EDGE ( 'NONE', *, *, #6755, .F. ) ;
#8042 = AXIS2_PLACEMENT_3D ( 'NONE', #8111, #2271, #199 ) ;
#8043 = FACE_OUTER_BOUND ( 'NONE', #227, .T. ) ;
#8044 = AXIS2_PLACEMENT_3D ( 'NONE', #7613, #4349, #7533 ) ;
#8045 = CIRCLE ( 'NONE', #3383, 9.999999999999998224 ) ;
#8046 = CARTESIAN_POINT ( 'NONE',  ( 3.000000000000000888, -23.65875512592450036, -10.78254635471330047 ) ) ;
#8047 = VERTEX_POINT ( 'NONE', #2011 ) ;
#8048 = DIRECTION ( 'NONE',  ( 0.000000000000000000, -0.9980267284282708928, -0.06279051952932448999 ) ) ;
#8049 = CYLINDRICAL_SURFACE ( 'NONE', #5272, 23.74900000000000233 ) ;
#8050 = CIRCLE ( 'NONE', #4329, 23.74900000000000233 ) ;
#8051 = VERTEX_POINT ( 'NONE', #3129 ) ;
#8052 = DIRECTION ( 'NONE',  ( -1.000000000000000000, -0.000000000000000000, 0.000000000000000000 ) ) ;
#8053 = DIRECTION ( 'NONE',  ( -1.000000000000000000, -0.000000000000000000, 0.000000000000000000 ) ) ;
#8054 = VECTOR ( 'NONE', #2487, 1000.000000000000000 ) ;
#8055 = FACE_OUTER_BOUND ( 'NONE', #7969, .T. ) ;
#8056 = ORIENTED_EDGE ( 'NONE', *, *, #1280, .T. ) ;
#8057 = DIRECTION ( 'NONE',  ( 0.000000000000000000, -0.4817536741017223179, 0.8763066800438596982 ) ) ;
#8058 = ORIENTED_EDGE ( 'NONE', *, *, #7859, .T. ) ;
#8059 = EDGE_CURVE ( 'NONE', #6790, #4186, #4620, .T. ) ;
#8060 = CARTESIAN_POINT ( 'NONE',  ( 0.000000000000000000, 0.000000000000000000, 0.000000000000000000 ) ) ;
#8061 = CARTESIAN_POINT ( 'NONE',  ( 3.000000000000000888, -22.30553143780317527, 7.372391464924819893 ) ) ;
#8062 = AXIS2_PLACEMENT_3D ( 'NONE', #5356, #4700, #2188 ) ;
#8063 = DIRECTION ( 'NONE',  ( -0.000000000000000000, 1.000000000000000000, -0.000000000000000000 ) ) ;
#8064 = CARTESIAN_POINT ( 'NONE',  ( 0.000000000000000000, 0.000000000000000000, 0.000000000000000000 ) ) ;
#8065 = ADVANCED_FACE ( 'NONE', ( #5745 ), #1191, .T. ) ;
#8066 = VECTOR ( 'NONE', #7967, 1000.000000000000000 ) ;
#8067 = CARTESIAN_POINT ( 'NONE',  ( 3.000000000000000888, 14.79838606843872917, 18.57478857940080985 ) ) ;
#8068 = ORIENTED_EDGE ( 'NONE', *, *, #1280, .F. ) ;
#8069 = DIRECTION ( 'NONE',  ( -1.000000000000000000, 0.000000000000000000, -0.000000000000000000 ) ) ;
#8070 = LINE ( 'NONE', #2063, #3279 ) ;
#8071 = VECTOR ( 'NONE', #7250, 1000.000000000000000 ) ;
#8072 = ORIENTED_EDGE ( 'NONE', *, *, #816, .F. ) ;
#8073 = ADVANCED_FACE ( 'NONE', ( #1827 ), #4447, .T. ) ;
#8074 = DIRECTION ( 'NONE',  ( 0.000000000000000000, 0.000000000000000000, 1.000000000000000000 ) ) ;
#8075 = DIRECTION ( 'NONE',  ( 0.000000000000000000, 0.000000000000000000, 1.000000000000000000 ) ) ;
#8076 = CARTESIAN_POINT ( 'NONE',  ( 2.050538145102809295, 7.000000000000008882, -15.85322226736041173 ) ) ;
#8077 = VECTOR ( 'NONE', #3155, 1000.000000000000114 ) ;
#8078 = EDGE_CURVE ( 'NONE', #5785, #5469, #536, .T. ) ;
#8079 = B_SPLINE_CURVE_WITH_KNOTS ( 'NONE', 2,
 ( #6604, #705, #5741, #8371, #2485 ),
 .UNSPECIFIED., .F., .F.,
 ( 3, 1, 1, 3 ),
 ( 0.002399098765690322026, 0.3755997746914085944, 0.6244002253085541021, 0.9976009012342723636 ),
 .UNSPECIFIED. ) ;
#8080 = PERSON_AND_ORGANIZATION ( #6793, #2555 ) ;
#8081 = ORIENTED_EDGE ( 'NONE', *, *, #5540, .F. ) ;
#8082 = CIRCLE ( 'NONE', #1485, 23.74900000000000588 ) ;
#8083 = CARTESIAN_POINT ( 'NONE',  ( 3.000000000000000888, 0.000000000000000000, 0.000000000000000000 ) ) ;
#8084 = VERTEX_POINT ( 'NONE', #2057 ) ;
#8085 = EDGE_CURVE ( 'NONE', #927, #4481, #114, .T. ) ;
#8086 = EDGE_LOOP ( 'NONE', ( #3732, #3228, #2305, #310 ) ) ;
#8087 = FACE_OUTER_BOUND ( 'NONE', #7411, .T. ) ;
#8088 = EDGE_CURVE ( 'NONE', #6087, #5742, #5199, .T. ) ;
#8089 = AXIS2_PLACEMENT_3D ( 'NONE', #4632, #328, #1582 ) ;
#8090 = LINE ( 'NONE', #2216, #1995 ) ;
#8091 = CARTESIAN_POINT ( 'NONE',  ( 15.37268543422232270, 10.00000000000000888, 7.428415564691093209 ) ) ;
#8092 = CIRCLE ( 'NONE', #4369, 9.999999999999998224 ) ;
#8093 = AXIS2_PLACEMENT_3D ( 'NONE', #2999, #2954, #8152 ) ;
#8094 = ORIENTED_EDGE ( 'NONE', *, *, #5746, .T. ) ;
#8095 = CARTESIAN_POINT ( 'NONE',  ( 3.000000000000000888, 0.000000000000000000, 0.000000000000000000 ) ) ;
#8096 = CIRCLE ( 'NONE', #2336, 10.00000000000000000 ) ;
#8097 = DIRECTION ( 'NONE',  ( -1.000000000000000000, -0.000000000000000000, -0.000000000000000000 ) ) ;
#8098 = AXIS2_PLACEMENT_3D ( 'NONE', #3950, #5971, #1893 ) ;
#8099 = ORIENTED_EDGE ( 'NONE', *, *, #5850, .F. ) ;
#8100 = CARTESIAN_POINT ( 'NONE',  ( 3.000000000000000888, 0.000000000000000000, 0.000000000000000000 ) ) ;
#8101 = CARTESIAN_POINT ( 'NONE',  ( 3.000000000000000888, 23.38875284200437221, 11.35633041504308238 ) ) ;
#8102 = VECTOR ( 'NONE', #6711, 1000.000000000000000 ) ;
#8103 = FACE_OUTER_BOUND ( 'NONE', #7028, .T. ) ;
#8104 = ORIENTED_EDGE ( 'NONE', *, *, #389, .F. ) ;
#8105 = CARTESIAN_POINT ( 'NONE',  ( 3.000000000000000888, 23.10781753700498342, 5.481219725251404107 ) ) ;
#8106 = ORIENTED_EDGE ( 'NONE', *, *, #4547, .T. ) ;
#8107 = CARTESIAN_POINT ( 'NONE',  ( 0.000000000000000000, -23.43820135222873091, 8.406385866244452387 ) ) ;
#8108 = DIRECTION ( 'NONE',  ( 0.000000000000000000, 0.000000000000000000, 1.000000000000000000 ) ) ;
#8109 = DIRECTION ( 'NONE',  ( -1.000000000000000000, 0.000000000000000000, -0.000000000000000000 ) ) ;
#8110 = DIRECTION ( 'NONE',  ( 0.000000000000000000, -0.8443279255020199603, 0.5358267949789886631 ) ) ;
#8111 = CARTESIAN_POINT ( 'NONE',  ( 0.000000000000000000, 0.000000000000000000, 0.000000000000000000 ) ) ;
#8112 = VERTEX_POINT ( 'NONE', #1527 ) ;
#8113 = DIRECTION ( 'NONE',  ( -1.000000000000000000, 0.000000000000000000, 0.000000000000000000 ) ) ;
#8114 = ORIENTED_EDGE ( 'NONE', *, *, #7128, .T. ) ;
#8115 = DIRECTION ( 'NONE',  ( 0.000000000000000000, 0.000000000000000000, 1.000000000000000000 ) ) ;
#8116 = DIRECTION ( 'NONE',  ( 0.000000000000000000, 0.000000000000000000, 1.000000000000000000 ) ) ;
#8117 = DIRECTION ( 'NONE',  ( -1.000000000000000000, 0.000000000000000000, 0.000000000000000000 ) ) ;
#8118 = EDGE_CURVE ( 'NONE', #1615, #6430, #3283, .T. ) ;
#8119 = B_SPLINE_CURVE_WITH_KNOTS ( 'NONE', 2,
 ( #5128, #3928, #7798, #1912, #5215 ),
 .UNSPECIFIED., .F., .F.,
 ( 3, 1, 1, 3 ),
 ( 0.002399098765545784433, 0.3755997746914068181, 0.6244002253086475829, 0.9976009012345085081 ),
 .UNSPECIFIED. ) ;
#8120 = APPROVAL_STATUS ( 'not_yet_approved' ) ;
#8121 = EDGE_CURVE ( 'NONE', #7825, #1472, #8092, .T. ) ;
#8122 = AXIS2_PLACEMENT_3D ( 'NONE', #5471, #8097, #2809 ) ;
#8123 = EDGE_LOOP ( 'NONE', ( #7444, #3444, #1354, #4312 ) ) ;
#8124 = LINE ( 'NONE', #6188, #5605 ) ;
#8125 = EDGE_CURVE ( 'NONE', #5249, #6782, #5357, .T. ) ;
#8126 = ORIENTED_EDGE ( 'NONE', *, *, #1612, .T. ) ;
#8127 = EDGE_LOOP ( 'NONE', ( #3720, #6104, #938, #8106 ) ) ;
#8128 = DIRECTION ( 'NONE',  ( 0.000000000000000000, 0.000000000000000000, 1.000000000000000000 ) ) ;
#8129 = DIRECTION ( 'NONE',  ( -1.000000000000000000, 0.000000000000000000, 0.000000000000000000 ) ) ;
#8130 = AXIS2_PLACEMENT_3D ( 'NONE', #4401, #6256, #7023 ) ;
#8131 = CARTESIAN_POINT ( 'NONE',  ( 0.000000000000000000, 0.000000000000000000, 0.000000000000000000 ) ) ;
#8132 = EDGE_CURVE ( 'NONE', #6560, #3927, #3829, .T. ) ;
#8133 = EDGE_CURVE ( 'NONE', #5419, #6352, #1764, .T. ) ;
#8134 = VERTEX_POINT ( 'NONE', #7288 ) ;
#8135 = FACE_OUTER_BOUND ( 'NONE', #736, .T. ) ;
#8136 = CARTESIAN_POINT ( 'NONE',  ( 0.000000000000000000, 0.000000000000000000, 0.000000000000000000 ) ) ;
#8137 = ORIENTED_EDGE ( 'NONE', *, *, #986, .T. ) ;
#8138 = DIRECTION ( 'NONE',  ( -1.000000000000000000, -0.000000000000000000, -0.000000000000000000 ) ) ;
#8139 = DIRECTION ( 'NONE',  ( 0.000000000000000000, 0.000000000000000000, -1.000000000000000000 ) ) ;
#8140 = EDGE_CURVE ( 'NONE', #3032, #971, #6162, .T. ) ;
#8141 = DIRECTION ( 'NONE',  ( -1.000000000000000000, 0.000000000000000000, -0.000000000000000000 ) ) ;
#8142 = VERTEX_POINT ( 'NONE', #4745 ) ;
#8143 = FACE_OUTER_BOUND ( 'NONE', #2282, .T. ) ;
#8144 = VERTEX_POINT ( 'NONE', #804 ) ;
#8145 = EDGE_CURVE ( 'NONE', #1521, #8176, #6047, .T. ) ;
#8146 = DIRECTION ( 'NONE',  ( 0.000000000000000000, 0.000000000000000000, 1.000000000000000000 ) ) ;
#8147 = CARTESIAN_POINT ( 'NONE',  ( 3.000000000000000888, 0.000000000000000000, 0.000000000000000000 ) ) ;
#8148 = DIRECTION ( 'NONE',  ( 0.000000000000000000, 0.000000000000000000, 1.000000000000000000 ) ) ;
#8149 = CARTESIAN_POINT ( 'NONE',  ( 3.000000000000000888, -17.00973468965515778, 16.57359124594130151 ) ) ;
#8150 = DIRECTION ( 'NONE',  ( -1.000000000000000000, 0.000000000000000000, 0.000000000000000000 ) ) ;
#8151 = VERTEX_POINT ( 'NONE', #3978 ) ;
#8152 = DIRECTION ( 'NONE',  ( 0.000000000000000000, 0.000000000000000000, 1.000000000000000000 ) ) ;
#8153 = ORIENTED_EDGE ( 'NONE', *, *, #3073, .T. ) ;
#8154 = DIRECTION ( 'NONE',  ( -1.000000000000000000, -0.000000000000000000, 0.000000000000000000 ) ) ;
#8155 = DIRECTION ( 'NONE',  ( 1.000000000000000000, 0.000000000000000000, 0.000000000000000000 ) ) ;
#8156 = DIRECTION ( 'NONE',  ( -1.000000000000000000, 0.000000000000000000, -0.000000000000000000 ) ) ;
#8157 = CALENDAR_DATE ( 2025, 7, 10 ) ;
#8158 = CIRCLE ( 'NONE', #890, 9.999999999999996447 ) ;
#8159 = VERTEX_POINT ( 'NONE', #6127 ) ;
#8160 = DIRECTION ( 'NONE',  ( 0.000000000000000000, -0.1253332335642905193, -0.9921147013144796523 ) ) ;
#8161 = ORIENTED_EDGE ( 'NONE', *, *, #3093, .F. ) ;
#8162 = ORIENTED_EDGE ( 'NONE', *, *, #7739, .F. ) ;
#8163 = LINE ( 'NONE', #5370, #4652 ) ;
#8164 = EDGE_CURVE ( 'NONE', #4933, #701, #5486, .T. ) ;
#8165 = EDGE_CURVE ( 'NONE', #3123, #2437, #4513, .T. ) ;
#8166 = DIRECTION ( 'NONE',  ( 0.000000000000000000, 0.000000000000000000, -1.000000000000000000 ) ) ;
#8167 = VECTOR ( 'NONE', #5218, 1000.000000000000000 ) ;
#8168 = PRODUCT_DEFINITION_SHAPE ( 'NONE', 'NONE',  #3800 ) ;
#8169 = CARTESIAN_POINT ( 'NONE',  ( 12.69673203802745931, 7.000000000000008882, -9.700166218278072350 ) ) ;
#8170 = AXIS2_PLACEMENT_3D ( 'NONE', #6504, #1339, #2037 ) ;
#8171 = ORIENTED_EDGE ( 'NONE', *, *, #4424, .T. ) ;
#8172 = CARTESIAN_POINT ( 'NONE',  ( 0.000000000000000000, 19.46733382657878408, 13.60286420885475067 ) ) ;
#8173 = AXIS2_PLACEMENT_3D ( 'NONE', #5809, #3069, #486 ) ;
#8174 = AXIS2_PLACEMENT_3D ( 'NONE', #6800, #6631, #6759 ) ;
#8175 = DIRECTION ( 'NONE',  ( 0.000000000000000000, 0.000000000000000000, 1.000000000000000000 ) ) ;
#8176 = VERTEX_POINT ( 'NONE', #3473 ) ;
#8177 = EDGE_CURVE ( 'NONE', #6909, #810, #2520, .T. ) ;
#8178 = LINE ( 'NONE', #6321, #2009 ) ;
#8179 = VECTOR ( 'NONE', #3586, 1000.000000000000000 ) ;
#8180 = AXIS2_PLACEMENT_3D ( 'NONE', #6195, #2170, #4771 ) ;
#8181 = CYLINDRICAL_SURFACE ( 'NONE', #7103, 9.999999999999998224 ) ;
#8182 = EDGE_CURVE ( 'NONE', #3363, #4800, #6723, .T. ) ;
#8183 = VECTOR ( 'NONE', #7832, 1000.000000000000000 ) ;
#8184 = DIRECTION ( 'NONE',  ( -1.000000000000000000, 0.000000000000000000, 0.000000000000000000 ) ) ;
#8185 = DIRECTION ( 'NONE',  ( -0.9550651196894897055, 0.000000000000000000, -0.2963960478017555467 ) ) ;
#8186 = VERTEX_POINT ( 'NONE', #2189 ) ;
#8187 = ORIENTED_EDGE ( 'NONE', *, *, #5487, .T. ) ;
#8188 = CARTESIAN_POINT ( 'NONE',  ( 0.000000000000000000, 19.89860609720133766, -12.48736817841709978 ) ) ;
#8189 = ADVANCED_FACE ( 'NONE', ( #6778 ), #63, .T. ) ;
#8190 = DIRECTION ( 'NONE',  ( 1.000000000000000000, 0.000000000000000000, 0.000000000000000000 ) ) ;
#8191 = EDGE_CURVE ( 'NONE', #1961, #2593, #7401, .T. ) ;
#8192 = DIRECTION ( 'NONE',  ( 0.000000000000000000, 0.000000000000000000, 1.000000000000000000 ) ) ;
#8193 = AXIS2_PLACEMENT_3D ( 'NONE', #5453, #6093, #6829 ) ;
#8194 = CARTESIAN_POINT ( 'NONE',  ( 0.000000000000000000, 5.000000000000000000, 0.000000000000000000 ) ) ;
#8195 = CARTESIAN_POINT ( 'NONE',  ( 1.541888672427956575, 7.000000000000007994, -16.91572086604928415 ) ) ;
#8196 = ORIENTED_EDGE ( 'NONE', *, *, #3614, .F. ) ;
#8197 = AXIS2_PLACEMENT_3D ( 'NONE', #1567, #4189, #6818 ) ;
#8198 = DIRECTION ( 'NONE',  ( -1.000000000000000000, 0.000000000000000000, -0.000000000000000000 ) ) ;
#8199 = VERTEX_POINT ( 'NONE', #4912 ) ;
#8200 = AXIS2_PLACEMENT_3D ( 'NONE', #7242, #7759, #625 ) ;
#8201 = LINE ( 'NONE', #6901, #6917 ) ;
#8202 = CARTESIAN_POINT ( 'NONE',  ( 3.000000000000000888, 0.000000000000000000, 0.000000000000000000 ) ) ;
#8203 = ORIENTED_EDGE ( 'NONE', *, *, #767, .F. ) ;
#8204 = CARTESIAN_POINT ( 'NONE',  ( 3.000000000000000888, 0.000000000000000000, 0.000000000000000000 ) ) ;
#8205 = AXIS2_PLACEMENT_3D ( 'NONE', #3628, #358, #1056 ) ;
#8206 = VECTOR ( 'NONE', #1880, 1000.000000000000000 ) ;
#8207 = ORIENTED_EDGE ( 'NONE', *, *, #7995, .F. ) ;
#8208 = CYLINDRICAL_SURFACE ( 'NONE', #6575, 26.00000000000000000 ) ;
#8209 = EDGE_LOOP ( 'NONE', ( #2414, #7592, #7788, #4253 ) ) ;
#8210 = ORIENTED_EDGE ( 'NONE', *, *, #6222, .F. ) ;
#8211 = DIRECTION ( 'NONE',  ( 0.000000000000000000, 0.4817536741017102164, 0.8763066800438664705 ) ) ;
#8212 = CIRCLE ( 'NONE', #3130, 9.999999999999996447 ) ;
#8213 = CYLINDRICAL_SURFACE ( 'NONE', #2871, 3.000000000000048406 ) ;
#8214 = AXIS2_PLACEMENT_3D ( 'NONE', #4835, #2791, #4072 ) ;
#8215 = VERTEX_POINT ( 'NONE', #4232 ) ;
#8216 = DIRECTION ( 'NONE',  ( 1.000000000000000000, -0.000000000000000000, -0.000000000000000000 ) ) ;
#8217 = AXIS2_PLACEMENT_3D ( 'NONE', #7688, #4495, #3178 ) ;
#8218 = DIRECTION ( 'NONE',  ( 0.000000000000000000, -0.9980267284282708928, -0.06279051952932448999 ) ) ;
#8219 = ORIENTED_EDGE ( 'NONE', *, *, #4905, .T. ) ;
#8220 = CIRCLE ( 'NONE', #6296, 23.74900000000000588 ) ;
#8221 = CARTESIAN_POINT ( 'NONE',  ( 3.000000000000000888, 22.89013261011094968, -6.329046538897904917 ) ) ;
#8222 = CIRCLE ( 'NONE', #5744, 26.00000000000000000 ) ;
#8223 = EDGE_CURVE ( 'NONE', #2626, #600, #1015, .T. ) ;
#8224 = CARTESIAN_POINT ( 'NONE',  ( 0.000000000000000000, 0.000000000000000000, 0.000000000000000000 ) ) ;
#8225 = ADVANCED_FACE ( 'NONE', ( #3588 ), #1611, .F. ) ;
#8226 = AXIS2_PLACEMENT_3D ( 'NONE', #3384, #4154, #7327 ) ;
#8227 = ADVANCED_FACE ( 'NONE', ( #7578, #6820 ), #7541, .T. ) ;
#8228 = CIRCLE ( 'NONE', #1500, 26.00000000000000000 ) ;
#8229 = FACE_OUTER_BOUND ( 'NONE', #2640, .T. ) ;
#8230 = DIRECTION ( 'NONE',  ( 0.000000000000000000, 0.000000000000000000, -1.000000000000000000 ) ) ;
#8231 = ORIENTED_EDGE ( 'NONE', *, *, #3766, .T. ) ;
#8232 = ORIENTED_EDGE ( 'NONE', *, *, #2910, .F. ) ;
#8233 = DIRECTION ( 'NONE',  ( 0.9550651196895028061, 0.000000000000000000, -0.2963960478017134692 ) ) ;
#8234 = LINE ( 'NONE', #4230, #7615 ) ;
#8235 = CARTESIAN_POINT ( 'NONE',  ( 3.000000000000000888, 23.65875512592457142, 10.78254635471313350 ) ) ;
#8236 = AXIS2_PLACEMENT_3D ( 'NONE', #4831, #6647, #1358 ) ;
#8237 = CIRCLE ( 'NONE', #138, 10.00000000000000000 ) ;
#8238 = DIRECTION ( 'NONE',  ( 0.000000000000000000, 0.000000000000000000, 1.000000000000000000 ) ) ;
#8239 = ADVANCED_FACE ( 'NONE', ( #6211 ), #5565, .T. ) ;
#8240 = EDGE_CURVE ( 'NONE', #5322, #3330, #7679, .T. ) ;
#8241 = LINE ( 'NONE', #3718, #7847 ) ;
#8242 = VERTEX_POINT ( 'NONE', #2311 ) ;
#8243 = AXIS2_PLACEMENT_3D ( 'NONE', #3894, #7897, #5229 ) ;
#8244 = DIRECTION ( 'NONE',  ( -1.000000000000000000, 0.000000000000000000, 0.000000000000000000 ) ) ;
#8245 = EDGE_LOOP ( 'NONE', ( #5587, #5018, #3457, #7109 ) ) ;
#8246 = CARTESIAN_POINT ( 'NONE',  ( 1.500000000000000444, -15.53779383581442630, -20.84650960510480999 ) ) ;
#8247 = DIRECTION ( 'NONE',  ( 0.000000000000000000, 0.000000000000000000, 1.000000000000000000 ) ) ;
#8248 = PRODUCT_DEFINITION_SHAPE ( 'NONE', 'NONE',  #6285 ) ;
#8249 = ORIENTED_EDGE ( 'NONE', *, *, #2194, .T. ) ;
#8250 = DIRECTION ( 'NONE',  ( 0.000000000000000000, 0.000000000000000000, 1.000000000000000000 ) ) ;
#8251 = PRODUCT_RELATED_PRODUCT_CATEGORY ( 'detail', '', ( #7760 ) ) ;
#8252 = DATE_AND_TIME ( #372, #5023 ) ;
#8253 = ORIENTED_EDGE ( 'NONE', *, *, #5799, .T. ) ;
#8254 = CARTESIAN_POINT ( 'NONE',  ( 0.000000000000000000, 5.000000000000000000, 1.600000000000000089 ) ) ;
#8255 = ORIENTED_EDGE ( 'NONE', *, *, #1448, .T. ) ;
#8256 = VERTEX_POINT ( 'NONE', #444 ) ;
#8257 = CARTESIAN_POINT ( 'NONE',  ( 3.000000000000000888, 18.95282963369271556, -14.31101847794975690 ) ) ;
#8258 = CARTESIAN_POINT ( 'NONE',  ( -2.050538145046632010, 10.00000000000000888, -15.85322226736041173 ) ) ;
#8259 = ORIENTED_EDGE ( 'NONE', *, *, #3956, .F. ) ;
#8260 = DIRECTION ( 'NONE',  ( -1.000000000000000000, -0.000000000000000000, 0.000000000000000000 ) ) ;
#8261 = EDGE_CURVE ( 'NONE', #309, #2678, #8096, .T. ) ;
#8262 = CARTESIAN_POINT ( 'NONE',  ( 3.000000000000000888, 18.02520032586886600, -15.06589001178553566 ) ) ;
#8263 = ORIENTED_EDGE ( 'NONE', *, *, #5981, .T. ) ;
#8264 = DIRECTION ( 'NONE',  ( -1.000000000000000000, -0.000000000000000000, -0.000000000000000000 ) ) ;
#8265 = DIRECTION ( 'NONE',  ( 0.000000000000000000, 0.000000000000000000, -1.000000000000000000 ) ) ;
#8266 = AXIS2_PLACEMENT_3D ( 'NONE', #1909, #7153, #795 ) ;
#8267 = DIRECTION ( 'NONE',  ( 0.000000000000000000, 0.000000000000000000, 1.000000000000000000 ) ) ;
#8268 = DIRECTION ( 'NONE',  ( -1.000000000000000000, -0.000000000000000000, -0.000000000000000000 ) ) ;
#8269 = ORIENTED_EDGE ( 'NONE', *, *, #1818, .T. ) ;
#8270 = VERTEX_POINT ( 'NONE', #6894 ) ;
#8271 = CARTESIAN_POINT ( 'NONE',  ( 0.000000000000000000, -20.59702713253509643, 11.82275239957316870 ) ) ;
#8272 = FACE_OUTER_BOUND ( 'NONE', #8358, .T. ) ;
#8273 = ADVANCED_FACE ( 'NONE', ( #3675 ), #3074, .T. ) ;
#8274 = FACE_OUTER_BOUND ( 'NONE', #2408, .T. ) ;
#8275 = EDGE_CURVE ( 'NONE', #6299, #3806, #5688, .T. ) ;
#8276 = VECTOR ( 'NONE', #2262, 1000.000000000000000 ) ;
#8277 = CARTESIAN_POINT ( 'NONE',  ( 0.000000000000000000, 18.17661741219034255, -14.88285819611882133 ) ) ;
#8278 = CARTESIAN_POINT ( 'NONE',  ( 1.500000000000000444, -12.80251323316815970, 22.62953059421591817 ) ) ;
#8279 = EDGE_LOOP ( 'NONE', ( #3528, #256, #3569, #8056 ) ) ;
#8280 = DIRECTION ( 'NONE',  ( 0.000000000000000000, 0.000000000000000000, 1.000000000000000000 ) ) ;
#8281 = VERTEX_POINT ( 'NONE', #360 ) ;
#8282 = CARTESIAN_POINT ( 'NONE',  ( 3.000000000000000888, 0.000000000000000000, 0.000000000000000000 ) ) ;
#8283 = CARTESIAN_POINT ( 'NONE',  ( 0.000000000000000000, 21.20563999867581373, 10.10988233766755862 ) ) ;
#8284 = ORIENTED_EDGE ( 'NONE', *, *, #5653, .F. ) ;
#8285 = CYLINDRICAL_SURFACE ( 'NONE', #6541, 9.999999999999998224 ) ;
#8286 = EDGE_CURVE ( 'NONE', #4696, #7218, #3565, .T. ) ;
#8287 = ADVANCED_FACE ( 'NONE', ( #2351 ), #1568, .T. ) ;
#8288 = SECURITY_CLASSIFICATION_LEVEL ( 'unclassified' ) ;
#8289 = ADVANCED_FACE ( 'NONE', ( #933 ), #5526, .T. ) ;
#8290 = ORIENTED_EDGE ( 'NONE', *, *, #6078, .F. ) ;
#8291 = CARTESIAN_POINT ( 'NONE',  ( -8.102705642371589079, 7.000000000000008882, -5.617728504603292095E-11 ) ) ;
#8292 = EDGE_LOOP ( 'NONE', ( #7279, #6641, #2873, #1017 ) ) ;
#8293 = ORIENTED_EDGE ( 'NONE', *, *, #5465, .T. ) ;
#8294 = DIRECTION ( 'NONE',  ( 0.000000000000000000, 0.000000000000000000, 1.000000000000000000 ) ) ;
#8295 = AXIS2_PLACEMENT_3D ( 'NONE', #6851, #6973, #3745 ) ;
#8296 = EDGE_CURVE ( 'NONE', #1961, #118, #1735, .T. ) ;
#8297 = ADVANCED_FACE ( 'NONE', ( #3717 ), #2432, .T. ) ;
#8298 = APPROVAL_DATE_TIME ( #5671, #2293 ) ;
#8299 = AXIS2_PLACEMENT_3D ( 'NONE', #4710, #764, #7294 ) ;
#8300 = EDGE_LOOP ( 'NONE', ( #7113, #5510 ) ) ;
#8301 = CARTESIAN_POINT ( 'NONE',  ( 1.500000000000000444, 23.65875512592457497, 10.78254635471313705 ) ) ;
#8302 = PLANE ( 'NONE',  #4129 ) ;
#8303 = CYLINDRICAL_SURFACE ( 'NONE', #537, 9.999999999999998224 ) ;
#8304 = EDGE_LOOP ( 'NONE', ( #3546, #5615, #626, #4917 ) ) ;
#8305 = CIRCLE ( 'NONE', #62, 23.74900000000000588 ) ;
#8306 = DIRECTION ( 'NONE',  ( 0.000000000000000000, -0.7705132427757815927, -0.6374239897486988493 ) ) ;
#8307 = CARTESIAN_POINT ( 'NONE',  ( -1.061049529528108382, 7.000000000000009770, -17.46780392310058971 ) ) ;
#8308 = VECTOR ( 'NONE', #2512, 1000.000000000000000 ) ;
#8309 = CARTESIAN_POINT ( 'NONE',  ( 8.102705642427432409, 10.00000000000000888, -5.573319583618285833E-11 ) ) ;
#8310 = CIRCLE ( 'NONE', #5008, 17.50000000000000355 ) ;
#8311 = CARTESIAN_POINT ( 'NONE',  ( 3.000000000000000888, 0.000000000000000000, 0.000000000000000000 ) ) ;
#8312 = ORIENTED_EDGE ( 'NONE', *, *, #5867, .T. ) ;
#8313 = AXIS2_PLACEMENT_3D ( 'NONE', #6550, #1813, #5903 ) ;
#8314 = ORIENTED_EDGE ( 'NONE', *, *, #8165, .T. ) ;
#8315 = CARTESIAN_POINT ( 'NONE',  ( 3.000000000000000888, 0.3170683606146962874, -25.99806661378297790 ) ) ;
#8316 = DIRECTION ( 'NONE',  ( 1.000000000000000000, -0.000000000000000000, -0.000000000000000000 ) ) ;
#8317 = CARTESIAN_POINT ( 'NONE',  ( 3.000000000000000888, -23.09816287601897855, -4.285295834341049215 ) ) ;
#8318 = CARTESIAN_POINT ( 'NONE',  ( 3.000000000000000888, 0.000000000000000000, 0.000000000000000000 ) ) ;
#8319 = VECTOR ( 'NONE', #1993, 1000.000000000000000 ) ;
#8320 = APPROVAL_PERSON_ORGANIZATION ( #7563, #2293, #427 ) ;
#8321 = DIRECTION ( 'NONE',  ( 0.000000000000000000, 0.8443279255020162966, -0.5358267949789945472 ) ) ;
#8322 = ORIENTED_EDGE ( 'NONE', *, *, #2776, .F. ) ;
#8323 = DIRECTION ( 'NONE',  ( 0.000000000000000000, 0.000000000000000000, 1.000000000000000000 ) ) ;
#8324 = EDGE_LOOP ( 'NONE', ( #318, #3318, #345, #3769 ) ) ;
#8325 = DIRECTION ( 'NONE',  ( -1.000000000000000000, 0.000000000000000000, 0.000000000000000000 ) ) ;
#8326 = DIRECTION ( 'NONE',  ( 0.000000000000000000, -0.6845471059286790672, -0.7289686274214203232 ) ) ;
#8327 = ORIENTED_EDGE ( 'NONE', *, *, #4478, .T. ) ;
#8328 = ORGANIZATION ( 'NAUO-ORG1', 'UNSPECIFIED', 'UNSPECIFIED' ) ;
#8329 = DIRECTION ( 'NONE',  ( -1.000000000000000000, 0.000000000000000000, 0.000000000000000000 ) ) ;
#8330 = AXIS2_PLACEMENT_3D ( 'NONE', #3128, #5743, #5092 ) ;
#8331 = EDGE_CURVE ( 'NONE', #339, #5742, #6174, .T. ) ;
#8332 = VERTEX_POINT ( 'NONE', #4871 ) ;
#8333 = DIRECTION ( 'NONE',  ( -1.000000000000000000, 0.000000000000000000, -0.000000000000000000 ) ) ;
#8334 = VERTEX_POINT ( 'NONE', #732 ) ;
#8335 = DIRECTION ( 'NONE',  ( -1.000000000000000000, 0.000000000000000000, 0.000000000000000000 ) ) ;
#8336 = DIRECTION ( 'NONE',  ( 0.000000000000000000, 0.000000000000000000, 1.000000000000000000 ) ) ;
#8337 = EDGE_CURVE ( 'NONE', #6495, #5676, #676, .T. ) ;
#8338 = AXIS2_PLACEMENT_3D ( 'NONE', #2559, #3164, #4607 ) ;
#8339 = VECTOR ( 'NONE', #588, 1000.000000000000000 ) ;
#8340 = COORDINATED_UNIVERSAL_TIME_OFFSET ( 7, 0, .AHEAD. ) ;
#8341 = DIRECTION ( 'NONE',  ( -1.000000000000000000, -0.000000000000000000, 0.000000000000000000 ) ) ;
#8342 = ADVANCED_FACE ( 'NONE', ( #5122 ), #5777, .T. ) ;
#8343 = ORIENTED_EDGE ( 'NONE', *, *, #7326, .F. ) ;
#8344 = AXIS2_PLACEMENT_3D ( 'NONE', #306, #349, #3063 ) ;
#8345 = ADVANCED_FACE ( 'NONE', ( #7057 ), #1859, .F. ) ;
#8346 = LINE ( 'NONE', #518, #4847 ) ;
#8347 = DIRECTION ( 'NONE',  ( 0.000000000000000000, 0.000000000000000000, 1.000000000000000000 ) ) ;
#8348 = DIRECTION ( 'NONE',  ( 0.000000000000000000, -0.3681245526846853022, 0.9297764858882484607 ) ) ;
#8349 = ORIENTED_EDGE ( 'NONE', *, *, #2892, .T. ) ;
#8350 = LINE ( 'NONE', #6413, #7773 ) ;
#8351 = DIRECTION ( 'NONE',  ( -1.000000000000000000, 0.000000000000000000, 0.000000000000000000 ) ) ;
#8352 = AXIS2_PLACEMENT_3D ( 'NONE', #2371, #911, #3532 ) ;
#8353 = AXIS2_PLACEMENT_3D ( 'NONE', #5016, #3011, #1539 ) ;
#8354 = ORIENTED_EDGE ( 'NONE', *, *, #6501, .F. ) ;
#8355 = DIRECTION ( 'NONE',  ( 0.000000000000000000, 0.000000000000000000, 1.000000000000000000 ) ) ;
#8356 = DIRECTION ( 'NONE',  ( 0.000000000000000000, 0.000000000000000000, 1.000000000000000000 ) ) ;
#8357 = CIRCLE ( 'NONE', #1624, 23.74900000000000233 ) ;
#8358 = EDGE_LOOP ( 'NONE', ( #3218, #3195, #1750, #8013 ) ) ;
#8359 = DIRECTION ( 'NONE',  ( -1.000000000000000000, -0.000000000000000000, -0.000000000000000000 ) ) ;
#8360 = DIRECTION ( 'NONE',  ( -1.000000000000000000, -0.000000000000000000, 0.000000000000000000 ) ) ;
#8361 = DIRECTION ( 'NONE',  ( -1.000000000000000000, 0.000000000000000000, -0.000000000000000000 ) ) ;
#8362 = CARTESIAN_POINT ( 'NONE',  ( -2.052224346884345962, 10.00000000000000888, 15.84577559900846033 ) ) ;
#8363 = AXIS2_PLACEMENT_3D ( 'NONE', #8428, #5892, #689 ) ;
#8364 = PLANE ( 'NONE',  #7988 ) ;
#8365 = ORIENTED_EDGE ( 'NONE', *, *, #4325, .T. ) ;
#8366 = CARTESIAN_POINT ( 'NONE',  ( 3.000000000000000888, 0.000000000000000000, 0.000000000000000000 ) ) ;
#8367 = EDGE_CURVE ( 'NONE', #3710, #1532, #6729, .T. ) ;
#8368 = ORIENTED_EDGE ( 'NONE', *, *, #2984, .T. ) ;
#8369 = AXIS2_PLACEMENT_3D ( 'NONE', #8318, #2995, #8238 ) ;
#8370 = DIRECTION ( 'NONE',  ( -1.000000000000000000, 0.000000000000000000, 0.000000000000000000 ) ) ;
#8371 = CARTESIAN_POINT ( 'NONE',  ( 14.11953930602605212, 7.000000000000008882, -9.598928328060640780 ) ) ;
#8372 = AXIS2_PLACEMENT_3D ( 'NONE', #3488, #4766, #132 ) ;
#8373 = EDGE_LOOP ( 'NONE', ( #7159, #6380, #3678, #6524 ) ) ;
#8374 = CARTESIAN_POINT ( 'NONE',  ( 0.000000000000000000, -12.24681498829422566, 22.93502828955071493 ) ) ;
#8375 = CARTESIAN_POINT ( 'NONE',  ( -10.00000000000000000, 0.000000000000000000, 0.000000000000000000 ) ) ;
#8376 = CALENDAR_DATE ( 2025, 7, 10 ) ;
#8377 = B_SPLINE_CURVE_WITH_KNOTS ( 'NONE', 2,
 ( #2952, #8195, #7543 ),
 .UNSPECIFIED., .F., .F.,
 ( 3, 3 ),
 ( 0.001074268543616918592, 0.2350718683359498407 ),
 .UNSPECIFIED. ) ;
#8378 = VERTEX_POINT ( 'NONE', #692 ) ;
#8379 = CARTESIAN_POINT ( 'NONE',  ( 3.000000000000000888, -0.3170683606141307953, -25.99806661378298145 ) ) ;
#8380 = VERTEX_POINT ( 'NONE', #140 ) ;
#8381 = ORIENTED_EDGE ( 'NONE', *, *, #8286, .T. ) ;
#8382 = DIRECTION ( 'NONE',  ( -1.000000000000000000, 0.000000000000000000, -0.000000000000000000 ) ) ;
#8383 = ADVANCED_FACE ( 'NONE', ( #6424 ), #5979, .T. ) ;
#8384 = EDGE_CURVE ( 'NONE', #6732, #564, #962, .T. ) ;
#8385 = DATE_AND_TIME ( #7692, #2001 ) ;
#8386 = ORIENTED_EDGE ( 'NONE', *, *, #5662, .T. ) ;
#8387 = CARTESIAN_POINT ( 'NONE',  ( 12.69673203802779149, 7.000000000000008882, 9.700166218167050047 ) ) ;
#8388 = ORIENTED_EDGE ( 'NONE', *, *, #3878, .F. ) ;
#8389 = CARTESIAN_POINT ( 'NONE',  ( 3.000000000000000888, 21.78099992762150094, -14.19817038047339608 ) ) ;
#8390 = ORIENTED_EDGE ( 'NONE', *, *, #1462, .T. ) ;
#8391 = FACE_OUTER_BOUND ( 'NONE', #2804, .T. ) ;
#8392 = DIRECTION ( 'NONE',  ( 0.000000000000000000, 0.000000000000000000, 1.000000000000000000 ) ) ;
#8393 = EDGE_CURVE ( 'NONE', #971, #1822, #1633, .T. ) ;
#8394 = EDGE_CURVE ( 'NONE', #1107, #3929, #4517, .T. ) ;
#8395 = EDGE_CURVE ( 'NONE', #173, #749, #3409, .T. ) ;
#8396 = VERTEX_POINT ( 'NONE', #4479 ) ;
#8397 = CARTESIAN_POINT ( 'NONE',  ( 1.500000000000000444, 15.53779383581457907, 20.84650960510469986 ) ) ;
#8398 = DIRECTION ( 'NONE',  ( 0.000000000000000000, 0.9048270524660204650, -0.4257792915650704391 ) ) ;
#8399 = CIRCLE ( 'NONE', #4683, 10.00000000000000178 ) ;
#8400 = EDGE_LOOP ( 'NONE', ( #5224, #4290, #4008, #6223 ) ) ;
#8401 = CARTESIAN_POINT ( 'NONE',  ( 1.500000000000000444, 23.38875284200436866, 11.35633041504308238 ) ) ;
#8402 = CARTESIAN_POINT ( 'NONE',  ( 1.665334536937734811E-11, 7.000000000000008882, 17.49316402681056104 ) ) ;
#8403 = CYLINDRICAL_SURFACE ( 'NONE', #5725, 9.999999999999998224 ) ;
#8404 = DIRECTION ( 'NONE',  ( 1.000000000000000000, -0.000000000000000000, -0.000000000000000000 ) ) ;
#8405 = AXIS2_PLACEMENT_3D ( 'NONE', #844, #4861, #4824 ) ;
#8406 = CIRCLE ( 'NONE', #5658, 9.999999999999998224 ) ;
#8407 = CARTESIAN_POINT ( 'NONE',  ( 1.500000000000000444, 6.772563327703776892, 25.10243784918592169 ) ) ;
#8408 = VERTEX_POINT ( 'NONE', #2723 ) ;
#8409 = LINE ( 'NONE', #7155, #3010 ) ;
#8410 = EDGE_LOOP ( 'NONE', ( #1028, #8386, #4941, #4073 ) ) ;
#8411 = CYLINDRICAL_SURFACE ( 'NONE', #7879, 9.999999999999998224 ) ;
#8412 = CARTESIAN_POINT ( 'NONE',  ( 3.000000000000000888, 15.47283697127507018, 18.01683426854850012 ) ) ;
#8413 = ORIENTED_EDGE ( 'NONE', *, *, #6337, .T. ) ;
#8414 = DIRECTION ( 'NONE',  ( 1.000000000000000000, 0.000000000000000000, 4.256270054397946562E-44 ) ) ;
#8415 = FACE_OUTER_BOUND ( 'NONE', #4162, .T. ) ;
#8416 = ORIENTED_EDGE ( 'NONE', *, *, #5518, .T. ) ;
#8417 = CARTESIAN_POINT ( 'NONE',  ( 0.000000000000000000, -19.82974763304084220, -16.81609671742854317 ) ) ;
#8418 = ORIENTED_EDGE ( 'NONE', *, *, #6558, .F. ) ;
#8419 = ORIENTED_EDGE ( 'NONE', *, *, #6242, .F. ) ;
#8420 = CARTESIAN_POINT ( 'NONE',  ( 1.499999999999999556, 25.59698206453965952, 4.560099690536917549 ) ) ;
#8421 = VECTOR ( 'NONE', #436, 1000.000000000000000 ) ;
#8422 = APPLICATION_PROTOCOL_DEFINITION ( 'international standard', 'config_control_design', 1994, #4838 ) ;
#8423 = VERTEX_POINT ( 'NONE', #3997 ) ;
#8424 = EDGE_CURVE ( 'NONE', #2532, #6560, #5332, .T. ) ;
#8425 = DIRECTION ( 'NONE',  ( 0.000000000000000000, 0.000000000000000000, 1.000000000000000000 ) ) ;
#8426 = EDGE_CURVE ( 'NONE', #3607, #4417, #827, .T. ) ;
#8427 = ORIENTED_EDGE ( 'NONE', *, *, #6036, .T. ) ;
#8428 = CARTESIAN_POINT ( 'NONE',  ( 0.000000000000000000, 13.71217102453755388, 19.07525240799593647 ) ) ;
#8429 = ORIENTED_EDGE ( 'NONE', *, *, #599, .F. ) ;
#8430 = CARTESIAN_POINT ( 'NONE',  ( 1.665334536937734811E-11, 10.00000000000000888, 17.49316402681056104 ) ) ;
#8431 = CARTESIAN_POINT ( 'NONE',  ( 3.000000000000000888, 12.24681498829439263, -22.93502828955063677 ) ) ;
#8432 = AXIS2_PLACEMENT_3D ( 'NONE', #7335, #7986, #5451 ) ;
#8433 = ORIENTED_EDGE ( 'NONE', *, *, #2942, .T. ) ;
#8434 = DIRECTION ( 'NONE',  ( 1.000000000000000000, -0.000000000000000000, -0.000000000000000000 ) ) ;
#8435 = B_SPLINE_CURVE_WITH_KNOTS ( 'NONE', 2,
 ( #566, #5244, #3192, #2595, #5803 ),
 .UNSPECIFIED., .F., .F.,
 ( 3, 1, 1, 3 ),
 ( 0.002399098765690322026, 0.3755997746914085944, 0.6244002253085541021, 0.9976009012342723636 ),
 .UNSPECIFIED. ) ;
#8436 = CIRCLE ( 'NONE', #4449, 26.00000000000000000 ) ;
#8437 = EDGE_CURVE ( 'NONE', #3251, #5651, #1334, .T. ) ;
#8438 = CARTESIAN_POINT ( 'NONE',  ( 3.000000000000000888, -17.00973468965491975, -16.57359124594154665 ) ) ;
#8439 = ORIENTED_EDGE ( 'NONE', *, *, #6555, .F. ) ;
#8440 = LINE ( 'NONE', #8401, #8308 ) ;
#8441 = DIRECTION ( 'NONE',  ( 1.000000000000000000, 0.000000000000000000, 0.000000000000000000 ) ) ;
#8442 = EDGE_CURVE ( 'NONE', #5994, #5969, #1887, .T. ) ;
#8443 = DIRECTION ( 'NONE',  ( 0.000000000000000000, 0.000000000000000000, 1.000000000000000000 ) ) ;
#8444 = CARTESIAN_POINT ( 'NONE',  ( 3.000000000000000888, 0.000000000000000000, 0.000000000000000000 ) ) ;
#8445 = ADVANCED_FACE ( 'NONE', ( #4684 ), #3118, .T. ) ;
#8446 = EDGE_LOOP ( 'NONE', ( #4351, #5620, #6889, #5226 ) ) ;
#8447 = EDGE_CURVE ( 'NONE', #5079, #5472, #5084, .T. ) ;
#8448 = CYLINDRICAL_SURFACE ( 'NONE', #3420, 23.74900000000000233 ) ;
#8449 = ORIENTED_EDGE ( 'NONE', *, *, #6509, .F. ) ;
#8450 = AXIS2_PLACEMENT_3D ( 'NONE', #2915, #5488, #3432 ) ;
#8451 = CIRCLE ( 'NONE', #5429, 26.00000000000000000 ) ;
#8452 = PLANE ( 'NONE',  #7462 ) ;
#8453 = CARTESIAN_POINT ( 'NONE',  ( 3.000000000000000888, 0.000000000000000000, 0.000000000000000000 ) ) ;
#8454 = EDGE_LOOP ( 'NONE', ( #3012, #1270, #2355, #2580 ) ) ;
#8455 = CARTESIAN_POINT ( 'NONE',  ( 0.000000000000000000, -25.92685648092482609, 1.948874808069069653 ) ) ;
#8456 = CIRCLE ( 'NONE', #1579, 26.00000000000000000 ) ;
#8457 = AXIS2_PLACEMENT_3D ( 'NONE', #1436, #748, #4741 ) ;
#8458 = CC_DESIGN_APPROVAL ( #2293, ( #3800 ) ) ;
#8459 = DIRECTION ( 'NONE',  ( 0.000000000000000000, 0.000000000000000000, 1.000000000000000000 ) ) ;
#8460 = EDGE_LOOP ( 'NONE', ( #2857, #1153, #7977, #965 ) ) ;
#8461 = CARTESIAN_POINT ( 'NONE',  ( 0.000000000000000000, 0.000000000000000000, 0.000000000000000000 ) ) ;
#8462 = VERTEX_POINT ( 'NONE', #1419 ) ;
#8463 = DIRECTION ( 'NONE',  ( -1.000000000000000000, 0.000000000000000000, 0.000000000000000000 ) ) ;
#8464 = CYLINDRICAL_SURFACE ( 'NONE', #4525, 9.999999999999998224 ) ;
#8465 = CIRCLE ( 'NONE', #4748, 9.999999999999998224 ) ;
#8466 = APPLICATION_PROTOCOL_DEFINITION ( 'international standard', 'config_control_design', 1994, #2055 ) ;
#8467 = EDGE_LOOP ( 'NONE', ( #7638, #2800, #7724, #5366 ) ) ;
#8468 = DIRECTION ( 'NONE',  ( -1.000000000000000000, -0.000000000000000000, 0.000000000000000000 ) ) ;
#8469 = ORIENTED_EDGE ( 'NONE', *, *, #3147, .T. ) ;
#8470 = ORIENTED_EDGE ( 'NONE', *, *, #7328, .T. ) ;
#8471 = FACE_OUTER_BOUND ( 'NONE', #7766, .T. ) ;
#8472 = CIRCLE ( 'NONE', #923, 9.999999999999996447 ) ;
#8473 = ORIENTED_EDGE ( 'NONE', *, *, #4966, .F. ) ;
#8474 = DIRECTION ( 'NONE',  ( 0.000000000000000000, 1.000000000000000000, 0.000000000000000000 ) ) ;
#8475 = CYLINDRICAL_SURFACE ( 'NONE', #1613, 9.999999999999998224 ) ;
#8476 = CIRCLE ( 'NONE', #7096, 23.74900000000000588 ) ;
#8477 = EDGE_LOOP ( 'NONE', ( #6549, #8162, #3373, #7491 ) ) ;
#8478 = DIRECTION ( 'NONE',  ( -1.000000000000000000, -0.000000000000000000, -0.000000000000000000 ) ) ;
#8479 = AXIS2_PLACEMENT_3D ( 'NONE', #2447, #6996, #7166 ) ;
#8480 = DIRECTION ( 'NONE',  ( -1.000000000000000000, -0.000000000000000000, 0.000000000000000000 ) ) ;
#8481 = VERTEX_POINT ( 'NONE', #6675 ) ;
#8482 = CARTESIAN_POINT ( 'NONE',  ( 3.000000000000000888, 19.89860609720116358, 12.48736817841737690 ) ) ;
#8483 = CIRCLE ( 'NONE', #4772, 9.999999999999998224 ) ;
#8484 = DIRECTION ( 'NONE',  ( 1.000000000000000000, -0.000000000000000000, 0.000000000000000000 ) ) ;
#8485 = EDGE_CURVE ( 'NONE', #8159, #998, #6987, .T. ) ;
#8486 = ADVANCED_FACE ( 'NONE', ( #2765 ), #4135, .T. ) ;
#8487 = ORIENTED_EDGE ( 'NONE', *, *, #3481, .F. ) ;
#8488 = AXIS2_PLACEMENT_3D ( 'NONE', #2832, #7455, #5313 ) ;
#8489 = CARTESIAN_POINT ( 'NONE',  ( 3.000000000000000888, -19.77132294913398880, -12.68793432659429676 ) ) ;
#8490 = ORIENTED_EDGE ( 'NONE', *, *, #1076, .T. ) ;
#8491 = CARTESIAN_POINT ( 'NONE',  ( 0.000000000000000000, 6.921355658526533894, -22.71805090337159427 ) ) ;
#8492 = CIRCLE ( 'NONE', #3418, 26.00000000000000000 ) ;
#8493 = ORIENTED_EDGE ( 'NONE', *, *, #986, .F. ) ;
#8494 = DIRECTION ( 'NONE',  ( 0.000000000000000000, 0.000000000000000000, 1.000000000000000000 ) ) ;
#8495 = FACE_OUTER_BOUND ( 'NONE', #4303, .T. ) ;
#8496 = ORIENTED_EDGE ( 'NONE', *, *, #771, .T. ) ;
#8497 = DIRECTION ( 'NONE',  ( -1.000000000000000000, 0.000000000000000000, -0.000000000000000000 ) ) ;
#8498 = AXIS2_PLACEMENT_3D ( 'NONE', #5316, #1199, #6445 ) ;
#8499 = AXIS2_PLACEMENT_3D ( 'NONE', #3594, #317, #5569 ) ;
#8500 = CARTESIAN_POINT ( 'NONE',  ( 0.000000000000000000, 21.20563999867581373, -10.10988233766756039 ) ) ;
#8501 = EDGE_CURVE ( 'NONE', #3875, #596, #7072, .T. ) ;
#8502 = ADVANCED_FACE ( 'NONE', ( #6797 ), #2852, .F. ) ;
#8503 = DIRECTION ( 'NONE',  ( -1.000000000000000000, -0.000000000000000000, -0.000000000000000000 ) ) ;
#8504 = AXIS2_PLACEMENT_3D ( 'NONE', #8202, #2318, #7722 ) ;
#8505 = VERTEX_POINT ( 'NONE', #870 ) ;
#8506 = CIRCLE ( 'NONE', #678, 26.00000000000000000 ) ;
#8507 = CARTESIAN_POINT ( 'NONE',  ( -14.74895638488504801, 7.000000000000008882, -6.145609380897365526 ) ) ;
#8508 = ORIENTED_EDGE ( 'NONE', *, *, #3350, .T. ) ;
#8509 = DIRECTION ( 'NONE',  ( -1.000000000000000000, -0.000000000000000000, 0.000000000000000000 ) ) ;
#8510 = CARTESIAN_POINT ( 'NONE',  ( 1.500000000000000444, -23.38875284200444682, 11.35633041504291896 ) ) ;
#8511 = AXIS2_PLACEMENT_3D ( 'NONE', #3054, #5670, #6913 ) ;
#8512 = COORDINATED_UNIVERSAL_TIME_OFFSET ( 7, 0, .AHEAD. ) ;
#8513 = VERTEX_POINT ( 'NONE', #8046 ) ;
#8514 = DIRECTION ( 'NONE',  ( -0.000000000000000000, -1.000000000000000000, -0.000000000000000000 ) ) ;
#8515 = ORIENTED_EDGE ( 'NONE', *, *, #2099, .T. ) ;
#8516 = ORIENTED_EDGE ( 'NONE', *, *, #6705, .F. ) ;
#8517 = CARTESIAN_POINT ( 'NONE',  ( 0.000000000000000000, -8.537555587897202258, -21.88604654154073970 ) ) ;
#8518 = NEXT_ASSEMBLY_USAGE_OCCURRENCE ( 'NAUO1', ' ', ' ', #3800, #6285, $ ) ;
#8519 = NEXT_ASSEMBLY_USAGE_OCCURRENCE ( 'NAUO2', ' ', ' ', #3800, #4911, $ ) ;
#8520 = NEXT_ASSEMBLY_USAGE_OCCURRENCE ( 'NAUO3', ' ', ' ', #6285, #6085, $ ) ;
ENDSEC;
END-ISO-10303-21;
