ISO-10303-21;
HEADER;
FILE_DESCRIPTION (( 'STEP AP203' ),
    '1' );
FILE_NAME ('Battery_Platform_Assem.STEP',
    '2025-09-22T19:41:34',
    ( '' ),
    ( '' ),
    'SwSTEP 2.0',
    'SolidWorks 2025',
    '' );
FILE_SCHEMA (( 'CONFIG_CONTROL_DESIGN' ));
ENDSEC;

DATA;
#1 = CARTESIAN_POINT ( 'NONE',  ( -6.250000000000002665, 7.999999999999998224, -38.38851452574947842 ) ) ;
#2 = ORIENTED_EDGE ( 'NONE', *, *, #5656, .F. ) ;
#3 = VECTOR ( 'NONE', #531, 1000.000000000000000 ) ;
#4 = VERTEX_POINT ( 'NONE', #676 ) ;
#5 = DIRECTION ( 'NONE',  ( -0.000000000000000000, 0.000000000000000000, -1.000000000000000000 ) ) ;
#6 = LINE ( 'NONE', #4537, #3 ) ;
#7 = CIRCLE ( 'NONE', #1329, 2.400000000000000799 ) ;
#8 = DIRECTION ( 'NONE',  ( -0.000000000000000000, 1.000000000000000000, -0.000000000000000000 ) ) ;
#9 = VECTOR ( 'NONE', #819, 1000.000000000000000 ) ;
#10 = EDGE_CURVE ( 'NONE', #5038, #3371, #2461, .T. ) ;
#11 = DIRECTION ( 'NONE',  ( 1.000000000000000000, 0.000000000000000000, 0.000000000000000000 ) ) ;
#12 = DIRECTION ( 'NONE',  ( -0.000000000000000000, 1.000000000000000000, -0.000000000000000000 ) ) ;
#13 = CARTESIAN_POINT ( 'NONE',  ( 3.000000000000000000, 3.000000000000000000, 38.54000000000000625 ) ) ;
#14 = VECTOR ( 'NONE', #4175, 1000.000000000000000 ) ;
#15 = LINE ( 'NONE', #3635, #5226 ) ;
#16 = DIRECTION ( 'NONE',  ( -1.000000000000000000, 0.000000000000000000, 0.000000000000000000 ) ) ;
#17 = ORIENTED_EDGE ( 'NONE', *, *, #897, .F. ) ;
#18 = ADVANCED_FACE ( 'NONE', ( #5443 ), #228, .F. ) ;
#19 = AXIS2_PLACEMENT_3D ( 'NONE', #5288, #1613, #4011 ) ;
#20 = DIRECTION ( 'NONE',  ( -9.396418828207704437E-16, -1.000000000000000000, 0.000000000000000000 ) ) ;
#21 = CARTESIAN_POINT ( 'NONE',  ( -31.05395286684827383, 3.000000000000000000, 43.64095925806566356 ) ) ;
#22 = VECTOR ( 'NONE', #5473, 1000.000000000000000 ) ;
#23 = VERTEX_POINT ( 'NONE', #5576 ) ;
#24 = EDGE_CURVE ( 'NONE', #4478, #2854, #3365, .T. ) ;
#25 = EDGE_CURVE ( 'NONE', #2410, #1893, #255, .T. ) ;
#26 = ORIENTED_EDGE ( 'NONE', *, *, #2737, .F. ) ;
#27 = EDGE_CURVE ( 'NONE', #2532, #3617, #1620, .T. ) ;
#28 = SHAPE_DEFINITION_REPRESENTATION ( #3054, #639 ) ;
#29 = AXIS2_PLACEMENT_3D ( 'NONE', #5460, #5018, #4136 ) ;
#30 = CARTESIAN_POINT ( 'NONE',  ( -22.99999999999998934, 39.31639237894030714, 2.399999999999999023 ) ) ;
#31 = VERTEX_POINT ( 'NONE', #5323 ) ;
#32 = LINE ( 'NONE', #4426, #1917 ) ;
#33 = ORIENTED_EDGE ( 'NONE', *, *, #3309, .T. ) ;
#34 = ORIENTED_EDGE ( 'NONE', *, *, #3077, .T. ) ;
#35 = EDGE_CURVE ( 'NONE', #1542, #3164, #2179, .T. ) ;
#36 = CARTESIAN_POINT ( 'NONE',  ( -31.05394252513385922, 3.000000000000000000, -43.38851452574947132 ) ) ;
#37 = CARTESIAN_POINT ( 'NONE',  ( -22.99999999999998934, 27.44861919775700443, -1.734723475976807094E-15 ) ) ;
#38 = ORIENTED_EDGE ( 'NONE', *, *, #4276, .F. ) ;
#39 = CARTESIAN_POINT ( 'NONE',  ( -1.387778780781445676E-14, 3.000000000000002665, 25.10000000000000497 ) ) ;
#40 = LINE ( 'NONE', #2688, #1062 ) ;
#41 = CARTESIAN_POINT ( 'NONE',  ( -17.99999999999999289, 39.31639237894030714, 18.49999999999999645 ) ) ;
#42 = DIRECTION ( 'NONE',  ( 0.000000000000000000, 0.000000000000000000, 1.000000000000000000 ) ) ;
#43 = EDGE_CURVE ( 'NONE', #4396, #3367, #2610, .T. ) ;
#44 = AXIS2_PLACEMENT_3D ( 'NONE', #732, #3542, #2647 ) ;
#45 = CARTESIAN_POINT ( 'NONE',  ( -22.99999999999998934, 22.31639237894032135, -1.734723475976807094E-15 ) ) ;
#46 = VECTOR ( 'NONE', #5612, 1000.000000000000000 ) ;
#47 = ORIENTED_EDGE ( 'NONE', *, *, #5627, .F. ) ;
#48 = DIRECTION ( 'NONE',  ( -1.734723475976807094E-16, 1.000000000000000000, 0.000000000000000000 ) ) ;
#49 = CARTESIAN_POINT ( 'NONE',  ( -15.00000000000000711, 27.44861919775700443, -28.50000000000000000 ) ) ;
#50 = ORIENTED_EDGE ( 'NONE', *, *, #2718, .F. ) ;
#51 = ORIENTED_EDGE ( 'NONE', *, *, #1835, .T. ) ;
#52 = PERSON_AND_ORGANIZATION ( #1521, #4168 ) ;
#53 = CARTESIAN_POINT ( 'NONE',  ( -18.00000000000000711, -5.000000000000000000, -21.50000000000000000 ) ) ;
#54 = PRODUCT_RELATED_PRODUCT_CATEGORY ( 'detail', '', ( #3192 ) ) ;
#55 = LINE ( 'NONE', #4407, #4179 ) ;
#56 = PLANE ( 'NONE',  #2203 ) ;
#57 = VERTEX_POINT ( 'NONE', #4851 ) ;
#58 = ORIENTED_EDGE ( 'NONE', *, *, #2462, .F. ) ;
#59 = DIRECTION ( 'NONE',  ( 0.000000000000000000, -1.000000000000000000, 0.000000000000000000 ) ) ;
#60 = FACE_OUTER_BOUND ( 'NONE', #2245, .T. ) ;
#61 = EDGE_CURVE ( 'NONE', #4965, #2676, #4725, .T. ) ;
#62 = CARTESIAN_POINT ( 'NONE',  ( -15.00000000000000711, 46.00000000000000000, 19.50000000000000000 ) ) ;
#63 = AXIS2_PLACEMENT_3D ( 'NONE', #1505, #2068, #4622 ) ;
#64 = ORIENTED_EDGE ( 'NONE', *, *, #2553, .F. ) ;
#65 = CIRCLE ( 'NONE', #1115, 5.000000000000000888 ) ;
#66 = DIRECTION ( 'NONE',  ( -1.000000000000000000, 0.000000000000000000, 6.938893903907229610E-17 ) ) ;
#67 = LOCAL_TIME ( 2, 41, 34.00000000000000000, #2564 ) ;
#68 = DIRECTION ( 'NONE',  ( 0.000000000000000000, 0.000000000000000000, -1.000000000000000000 ) ) ;
#69 = DIRECTION ( 'NONE',  ( -0.000000000000000000, -1.000000000000000000, 0.000000000000000000 ) ) ;
#70 = DIRECTION ( 'NONE',  ( -0.000000000000000000, 1.000000000000000000, -0.000000000000000000 ) ) ;
#71 = FACE_OUTER_BOUND ( 'NONE', #4647, .T. ) ;
#72 = LINE ( 'NONE', #5015, #152 ) ;
#73 = VECTOR ( 'NONE', #3127, 1000.000000000000000 ) ;
#74 = VERTEX_POINT ( 'NONE', #1230 ) ;
#75 = CARTESIAN_POINT ( 'NONE',  ( 0.000000000000000000, 0.000000000000000000, -33.38851452574947132 ) ) ;
#76 = CIRCLE ( 'NONE', #1784, 3.000000000000000000 ) ;
#77 = CARTESIAN_POINT ( 'NONE',  ( -15.00000000000000711, 39.44861919775701153, 21.50000000000000000 ) ) ;
#78 = ORIENTED_EDGE ( 'NONE', *, *, #3960, .F. ) ;
#79 = ORIENTED_EDGE ( 'NONE', *, *, #1940, .F. ) ;
#80 = PERSON_AND_ORGANIZATION ( #1521, #4168 ) ;
#81 = DIRECTION ( 'NONE',  ( 0.000000000000000000, 0.000000000000000000, 1.000000000000000000 ) ) ;
#82 = DIRECTION ( 'NONE',  ( 0.000000000000000000, 0.000000000000000000, 1.000000000000000000 ) ) ;
#83 = ORIENTED_EDGE ( 'NONE', *, *, #2751, .T. ) ;
#84 = LINE ( 'NONE', #4623, #4887 ) ;
#85 = ORIENTED_EDGE ( 'NONE', *, *, #382, .T. ) ;
#86 = VERTEX_POINT ( 'NONE', #883 ) ;
#87 = ADVANCED_FACE ( 'NONE', ( #5269 ), #822, .T. ) ;
#88 = DIRECTION ( 'NONE',  ( -1.000000000000000000, 0.000000000000000000, 0.000000000000000000 ) ) ;
#89 = FACE_OUTER_BOUND ( 'NONE', #1859, .T. ) ;
#90 = ADVANCED_FACE ( 'NONE', ( #2150 ), #3071, .F. ) ;
#91 = ORIENTED_EDGE ( 'NONE', *, *, #2724, .F. ) ;
#92 = AXIS2_PLACEMENT_3D ( 'NONE', #2015, #1547, #4719 ) ;
#93 = DIRECTION ( 'NONE',  ( 0.000000000000000000, 0.000000000000000000, 1.000000000000000000 ) ) ;
#94 = VERTEX_POINT ( 'NONE', #4439 ) ;
#95 = ADVANCED_FACE ( 'NONE', ( #4319 ), #3909, .T. ) ;
#96 = ADVANCED_FACE ( 'NONE', ( #796 ), #2584, .F. ) ;
#97 = VECTOR ( 'NONE', #2597, 1000.000000000000000 ) ;
#98 = DIRECTION ( 'NONE',  ( 0.000000000000000000, -1.000000000000000000, 0.000000000000000000 ) ) ;
#99 = CARTESIAN_POINT ( 'NONE',  ( 0.000000000000000000, 3.000000000000000000, 40.64095925806566356 ) ) ;
#100 = CYLINDRICAL_SURFACE ( 'NONE', #551, 5.000000000000000888 ) ;
#101 = FACE_OUTER_BOUND ( 'NONE', #345, .T. ) ;
#102 = DIRECTION ( 'NONE',  ( -0.000000000000000000, -1.000000000000000000, -0.000000000000000000 ) ) ;
#103 = CARTESIAN_POINT ( 'NONE',  ( -28.00000000000000355, 3.000000000000000000, -33.38851452574947132 ) ) ;
#104 = CIRCLE ( 'NONE', #4412, 3.000000000000002665 ) ;
#105 = ORIENTED_EDGE ( 'NONE', *, *, #2433, .F. ) ;
#106 = ADVANCED_FACE ( 'NONE', ( #3213 ), #4519, .T. ) ;
#107 = AXIS2_PLACEMENT_3D ( 'NONE', #1154, #5665, #2143 ) ;
#108 = CARTESIAN_POINT ( 'NONE',  ( 49.99999999999998579, 3.000000000000000000, 30.54000000000000270 ) ) ;
#109 = LINE ( 'NONE', #1353, #665 ) ;
#110 = DIRECTION ( 'NONE',  ( -0.000000000000000000, -1.000000000000000000, 0.000000000000000000 ) ) ;
#111 = ORIENTED_EDGE ( 'NONE', *, *, #1328, .F. ) ;
#112 = CIRCLE ( 'NONE', #3117, 4.000000000000000000 ) ;
#113 = VERTEX_POINT ( 'NONE', #1456 ) ;
#114 = VECTOR ( 'NONE', #4923, 1000.000000000000000 ) ;
#115 = PERSON_AND_ORGANIZATION ( #1521, #4168 ) ;
#116 = CARTESIAN_POINT ( 'NONE',  ( 0.000000000000000000, 0.000000000000000000, 31.50000000000000000 ) ) ;
#117 = VECTOR ( 'NONE', #185, 1000.000000000000000 ) ;
#118 = CARTESIAN_POINT ( 'NONE',  ( -2.818925648462311528E-15, 23.00000000000000000, 35.53999999999999915 ) ) ;
#119 = ORIENTED_EDGE ( 'NONE', *, *, #5123, .F. ) ;
#120 = ADVANCED_FACE ( 'NONE', ( #3157 ), #491, .F. ) ;
#121 = LINE ( 'NONE', #5032, #5637 ) ;
#122 = ORIENTED_EDGE ( 'NONE', *, *, #1864, .T. ) ;
#123 = ORIENTED_EDGE ( 'NONE', *, *, #1506, .T. ) ;
#124 = EDGE_CURVE ( 'NONE', #3371, #3122, #2282, .T. ) ;
#125 = VECTOR ( 'NONE', #4144, 1000.000000000000000 ) ;
#126 = CARTESIAN_POINT ( 'NONE',  ( -27.99999999999998934, 27.44861919775700443, -15.50000000000000000 ) ) ;
#127 = DIRECTION ( 'NONE',  ( 0.000000000000000000, -1.000000000000000000, 0.000000000000000000 ) ) ;
#128 = ADVANCED_FACE ( 'NONE', ( #1396, #1348 ), #3132, .F. ) ;
#129 = ORIENTED_EDGE ( 'NONE', *, *, #3796, .T. ) ;
#130 = LINE ( 'NONE', #2828, #4121 ) ;
#131 = EDGE_LOOP ( 'NONE', ( #38, #3191 ) ) ;
#132 = DIRECTION ( 'NONE',  ( 0.000000000000000000, 1.000000000000000000, 0.000000000000000000 ) ) ;
#133 = CARTESIAN_POINT ( 'NONE',  ( -4.061029634250712805E-15, 6.000000000000001776, 25.10000000000000497 ) ) ;
#134 = CARTESIAN_POINT ( 'NONE',  ( 0.000000000000000000, 0.000000000000000000, 0.000000000000000000 ) ) ;
#135 = CC_DESIGN_PERSON_AND_ORGANIZATION_ASSIGNMENT ( #3951, #889, ( #1712 ) ) ;
#136 = DIRECTION ( 'NONE',  ( 1.000000000000000000, 0.000000000000000000, -0.000000000000000000 ) ) ;
#137 = VERTEX_POINT ( 'NONE', #4044 ) ;
#138 = DIRECTION ( 'NONE',  ( -1.000000000000000000, -3.239561991697168136E-15, 0.000000000000000000 ) ) ;
#139 = DIRECTION ( 'NONE',  ( 1.000000000000000000, 0.000000000000000000, 0.000000000000000000 ) ) ;
#140 = CARTESIAN_POINT ( 'NONE',  ( -22.99999999999998934, 39.31639237894030714, -1.734723475976807094E-15 ) ) ;
#141 = EDGE_CURVE ( 'NONE', #5216, #2938, #992, .T. ) ;
#142 = CARTESIAN_POINT ( 'NONE',  ( 17.99999999999999289, 0.000000000000000000, -18.50000000000000000 ) ) ;
#143 = ORIENTED_EDGE ( 'NONE', *, *, #4521, .F. ) ;
#144 = ORIENTED_EDGE ( 'NONE', *, *, #4696, .T. ) ;
#145 = AXIS2_PLACEMENT_3D ( 'NONE', #3424, #375, #3940 ) ;
#146 = COORDINATED_UNIVERSAL_TIME_OFFSET ( 7, 0, .AHEAD. ) ;
#147 = CARTESIAN_POINT ( 'NONE',  ( -15.00000000000001066, -5.000000000000000000, 21.49999999999999645 ) ) ;
#148 = LINE ( 'NONE', #5526, #1772 ) ;
#149 = FACE_BOUND ( 'NONE', #3691, .T. ) ;
#150 = ORIENTED_EDGE ( 'NONE', *, *, #2652, .T. ) ;
#151 = ORIENTED_EDGE ( 'NONE', *, *, #2371, .F. ) ;
#152 = VECTOR ( 'NONE', #3272, 1000.000000000000000 ) ;
#153 = CARTESIAN_POINT ( 'NONE',  ( 14.99999999999999645, 0.000000000000000000, -21.50000000000000000 ) ) ;
#154 = LINE ( 'NONE', #269, #4775 ) ;
#155 = ORIENTED_EDGE ( 'NONE', *, *, #2895, .T. ) ;
#156 = DIRECTION ( 'NONE',  ( 0.000000000000000000, 0.000000000000000000, 1.000000000000000000 ) ) ;
#157 = ORIENTED_EDGE ( 'NONE', *, *, #425, .F. ) ;
#158 = CARTESIAN_POINT ( 'NONE',  ( -15.00000000000000711, 39.44861919775701153, -21.50000000000000000 ) ) ;
#159 = LINE ( 'NONE', #4670, #3623 ) ;
#160 = CYLINDRICAL_SURFACE ( 'NONE', #5037, 5.000000000000000888 ) ;
#161 = ORIENTED_EDGE ( 'NONE', *, *, #2299, .F. ) ;
#162 = AXIS2_PLACEMENT_3D ( 'NONE', #1236, #3022, #941 ) ;
#163 = LOCAL_TIME ( 2, 41, 34.00000000000000000, #4865 ) ;
#164 = CARTESIAN_POINT ( 'NONE',  ( -45.00000000000000711, 3.000000000000000000, -30.53999999999999559 ) ) ;
#165 = ADVANCED_FACE ( 'NONE', ( #2308 ), #2805, .F. ) ;
#166 = DIRECTION ( 'NONE',  ( -0.000000000000000000, -1.000000000000000000, -0.000000000000000000 ) ) ;
#168 = EDGE_CURVE ( 'NONE', #4226, #5673, #4904, .T. ) ;
#167 = VECTOR ( 'NONE', #1029, 1000.000000000000000 ) ;
#169 = ORIENTED_EDGE ( 'NONE', *, *, #2585, .F. ) ;
#170 = ORIENTED_EDGE ( 'NONE', *, *, #3184, .T. ) ;
#171 = EDGE_CURVE ( 'NONE', #2263, #624, #4443, .T. ) ;
#172 = CIRCLE ( 'NONE', #843, 2.399999999999999467 ) ;
#173 = COORDINATED_UNIVERSAL_TIME_OFFSET ( 7, 0, .AHEAD. ) ;
#174 = AXIS2_PLACEMENT_3D ( 'NONE', #4280, #5234, #1135 ) ;
#175 = CARTESIAN_POINT ( 'NONE',  ( -24.75000000000000000, 7.999999999999998224, -38.38851452574947132 ) ) ;
#176 = LINE ( 'NONE', #1950, #3525 ) ;
#177 = CARTESIAN_POINT ( 'NONE',  ( 14.99999999999999289, 46.00000000000000000, -18.50000000000000000 ) ) ;
#178 = ORIENTED_EDGE ( 'NONE', *, *, #2716, .T. ) ;
#179 = ORIENTED_EDGE ( 'NONE', *, *, #1225, .T. ) ;
#180 = EDGE_CURVE ( 'NONE', #2539, #3146, #4769, .T. ) ;
#181 = DATE_TIME_ROLE ( 'creation_date' ) ;
#182 = DIRECTION ( 'NONE',  ( 0.000000000000000000, 0.000000000000000000, -1.000000000000000000 ) ) ;
#183 = CARTESIAN_POINT ( 'NONE',  ( -35.05395286684827028, 0.000000000000000000, 33.64095925806566356 ) ) ;
#184 = EDGE_LOOP ( 'NONE', ( #4535, #2474, #4243, #5659 ) ) ;
#185 = DIRECTION ( 'NONE',  ( 0.000000000000000000, 0.000000000000000000, -1.000000000000000000 ) ) ;
#186 = VERTEX_POINT ( 'NONE', #3992 ) ;
#187 = ORIENTED_EDGE ( 'NONE', *, *, #4430, .T. ) ;
#188 = VECTOR ( 'NONE', #2468, 1000.000000000000000 ) ;
#189 = CARTESIAN_POINT ( 'NONE',  ( -45.00000000000000711, 3.000000000000000000, -29.03999999999999559 ) ) ;
#190 = DIRECTION ( 'NONE',  ( -0.000000000000000000, -1.000000000000000000, -0.000000000000000000 ) ) ;
#191 = DIRECTION ( 'NONE',  ( 2.928627140084648467E-16, -0.000000000000000000, 1.000000000000000000 ) ) ;
#192 = AXIS2_PLACEMENT_3D ( 'NONE', #1279, #3035, #1221 ) ;
#193 = VERTEX_POINT ( 'NONE', #430 ) ;
#194 = CARTESIAN_POINT ( 'NONE',  ( -8.000000000000007105, 9.999999999999998224, -21.50000000000000000 ) ) ;
#195 = FACE_OUTER_BOUND ( 'NONE', #2598, .T. ) ;
#196 = CIRCLE ( 'NONE', #3379, 5.999999999999998224 ) ;
#197 = CARTESIAN_POINT ( 'NONE',  ( -15.00000000000000711, 0.000000000000000000, 19.50000000000000000 ) ) ;
#198 = ADVANCED_FACE ( 'NONE', ( #1818, #2255, #2231 ), #2747, .T. ) ;
#199 = ORIENTED_EDGE ( 'NONE', *, *, #382, .F. ) ;
#200 = ORIENTED_EDGE ( 'NONE', *, *, #3561, .F. ) ;
#201 = AXIS2_PLACEMENT_3D ( 'NONE', #3361, #2026, #1057 ) ;
#202 = CONTEXT_DEPENDENT_SHAPE_REPRESENTATION ( #1880, #4823 ) ;
#203 = DIRECTION ( 'NONE',  ( 0.000000000000000000, 1.000000000000000000, 0.000000000000000000 ) ) ;
#204 = DIRECTION ( 'NONE',  ( 1.000000000000000000, 0.000000000000000000, 0.000000000000000000 ) ) ;
#205 = EDGE_CURVE ( 'NONE', #561, #4965, #516, .T. ) ;
#206 = VECTOR ( 'NONE', #2041, 1000.000000000000000 ) ;
#207 = CC_DESIGN_PERSON_AND_ORGANIZATION_ASSIGNMENT ( #2595, #1778, ( #3192 ) ) ;
#208 = DIRECTION ( 'NONE',  ( 1.000000000000000000, 0.000000000000000000, 0.000000000000000000 ) ) ;
#209 = ORIENTED_EDGE ( 'NONE', *, *, #1673, .F. ) ;
#210 = ORIENTED_EDGE ( 'NONE', *, *, #3858, .F. ) ;
#211 = DATE_TIME_ROLE ( 'classification_date' ) ;
#212 = CARTESIAN_POINT ( 'NONE',  ( 14.99999999999999645, 27.44861919775700443, 21.50000000000000000 ) ) ;
#213 = CIRCLE ( 'NONE', #5727, 2.999999999999999112 ) ;
#214 = LINE ( 'NONE', #2857, #474 ) ;
#215 = ORIENTED_EDGE ( 'NONE', *, *, #1220, .F. ) ;
#216 = EDGE_CURVE ( 'NONE', #251, #5605, #4926, .T. ) ;
#217 = CYLINDRICAL_SURFACE ( 'NONE', #4419, 2.999999999999999112 ) ;
#218 = AXIS2_PLACEMENT_3D ( 'NONE', #4942, #947, #4007 ) ;
#219 = EDGE_LOOP ( 'NONE', ( #2872, #3168, #2939, #4618, #412, #4546, #111, #4602, #2600, #2762, #1327, #956, #4452, #1912, #781, #4087 ) ) ;
#220 = CARTESIAN_POINT ( 'NONE',  ( -15.99999999999999645, 41.00000000000000000, 19.50000000000000000 ) ) ;
#221 = CARTESIAN_POINT ( 'NONE',  ( -15.00000000000000711, -5.000000000000000000, -21.50000000000000000 ) ) ;
#222 = CARTESIAN_POINT ( 'NONE',  ( 17.99999999999999289, 46.00000000000000000, -18.50000000000000000 ) ) ;
#223 = ADVANCED_FACE ( 'NONE', ( #71 ), #5456, .F. ) ;
#224 = CIRCLE ( 'NONE', #2480, 2.999999999999999112 ) ;
#225 = ORIENTED_EDGE ( 'NONE', *, *, #2243, .F. ) ;
#226 = CARTESIAN_POINT ( 'NONE',  ( -16.00000000000000355, -5.000000000000000000, 19.50000000000000000 ) ) ;
#227 = PLANE ( 'NONE',  #1109 ) ;
#228 = PLANE ( 'NONE',  #5756 ) ;
#229 = VERTEX_POINT ( 'NONE', #2339 ) ;
#230 = ORIENTED_EDGE ( 'NONE', *, *, #4358, .F. ) ;
#231 = COORDINATED_UNIVERSAL_TIME_OFFSET ( 7, 0, .AHEAD. ) ;
#232 = CARTESIAN_POINT ( 'NONE',  ( -45.00000000000000711, 3.000000000000000000, 30.54000000000000270 ) ) ;
#233 = CARTESIAN_POINT ( 'NONE',  ( -50.00000000000000000, 3.000000000000000000, -30.53999999999999915 ) ) ;
#234 = CARTESIAN_POINT ( 'NONE',  ( -24.75000000000000000, 18.00000000000000000, -38.38851452574947132 ) ) ;
#235 = CARTESIAN_POINT ( 'NONE',  ( -45.00000000000000711, 3.000000000000000000, -35.53999999999999915 ) ) ;
#236 = VERTEX_POINT ( 'NONE', #2720 ) ;
#237 = ORIENTED_EDGE ( 'NONE', *, *, #1645, .F. ) ;
#238 = CARTESIAN_POINT ( 'NONE',  ( -27.99999999999998934, 39.31639237894030714, -15.50000000000000000 ) ) ;
#239 = CALENDAR_DATE ( 2025, 23, 9 ) ;
#240 = LINE ( 'NONE', #5095, #5063 ) ;
#241 = CC_DESIGN_PERSON_AND_ORGANIZATION_ASSIGNMENT ( #3735, #2434, ( #1861 ) ) ;
#242 = CARTESIAN_POINT ( 'NONE',  ( 14.99999999999999645, 39.44861919775701153, 31.50000000000000000 ) ) ;
#243 = EDGE_LOOP ( 'NONE', ( #119, #1351, #5380, #1185 ) ) ;
#244 = LINE ( 'NONE', #1730, #2469 ) ;
#245 = ORIENTED_EDGE ( 'NONE', *, *, #5741, .T. ) ;
#246 = EDGE_CURVE ( 'NONE', #384, #2526, #3278, .T. ) ;
#247 = CARTESIAN_POINT ( 'NONE',  ( 11.99999999999999645, 39.44861919775701153, 28.50000000000000000 ) ) ;
#248 = DIRECTION ( 'NONE',  ( 0.000000000000000000, 1.000000000000000000, -0.000000000000000000 ) ) ;
#249 = CARTESIAN_POINT ( 'NONE',  ( 39.99999999999998579, 18.00000000000000000, -35.53999999999999204 ) ) ;
#250 = CARTESIAN_POINT ( 'NONE',  ( -33.00000000000000000, 19.00000000000000000, 3.000031882232204072 ) ) ;
#251 = VERTEX_POINT ( 'NONE', #133 ) ;
#252 = FACE_OUTER_BOUND ( 'NONE', #5787, .T. ) ;
#253 = LINE ( 'NONE', #4193, #365 ) ;
#254 = DIRECTION ( 'NONE',  ( 1.000000000000000000, 0.000000000000000000, -0.000000000000000000 ) ) ;
#255 = LINE ( 'NONE', #3822, #46 ) ;
#256 = EDGE_LOOP ( 'NONE', ( #1501, #510, #4494, #618 ) ) ;
#257 = AXIS2_PLACEMENT_3D ( 'NONE', #4653, #5585, #2937 ) ;
#258 = CC_DESIGN_SECURITY_CLASSIFICATION ( #2612, ( #2697 ) ) ;
#259 = ORIENTED_EDGE ( 'NONE', *, *, #4828, .T. ) ;
#260 = APPROVAL_DATE_TIME ( #2847, #928 ) ;
#261 = AXIS2_PLACEMENT_3D ( 'NONE', #1797, #1846, #3247 ) ;
#262 = CARTESIAN_POINT ( 'NONE',  ( -15.00000000000000711, 0.000000000000000000, 21.49999999999999645 ) ) ;
#263 = DIRECTION ( 'NONE',  ( 1.000000000000000000, 1.734723475976807094E-16, 0.000000000000000000 ) ) ;
#264 = ORIENTED_EDGE ( 'NONE', *, *, #2146, .T. ) ;
#265 = ORIENTED_EDGE ( 'NONE', *, *, #2631, .T. ) ;
#266 = DIRECTION ( 'NONE',  ( 0.000000000000000000, 0.000000000000000000, 1.000000000000000000 ) ) ;
#267 = AXIS2_PLACEMENT_3D ( 'NONE', #3355, #2365, #4697 ) ;
#268 = VECTOR ( 'NONE', #3785, 1000.000000000000000 ) ;
#269 = CARTESIAN_POINT ( 'NONE',  ( 37.00000000000000711, 18.00000000000000000, 35.53999999999999915 ) ) ;
#270 = CIRCLE ( 'NONE', #3803, 11.50000000000000000 ) ;
#271 = VERTEX_POINT ( 'NONE', #4217 ) ;
#272 = DIRECTION ( 'NONE',  ( 1.000000000000000000, -0.000000000000000000, -2.440522616737206954E-17 ) ) ;
#273 = ORIENTED_EDGE ( 'NONE', *, *, #4358, .T. ) ;
#274 = CIRCLE ( 'NONE', #1310, 2.999999999999999112 ) ;
#275 = EDGE_LOOP ( 'NONE', ( #3489, #4765, #3438, #2005, #4520, #2113 ) ) ;
#276 = EDGE_CURVE ( 'NONE', #4534, #4501, #5513, .T. ) ;
#277 = CARTESIAN_POINT ( 'NONE',  ( -1.387778780781445676E-14, 1.734723475976807094E-15, -25.09999999999999787 ) ) ;
#278 = CARTESIAN_POINT ( 'NONE',  ( -1.127570259384924611E-14, 3.000000000000000000, -35.53999999999999915 ) ) ;
#279 = LINE ( 'NONE', #2951, #962 ) ;
#280 = EDGE_CURVE ( 'NONE', #841, #3980, #1123, .T. ) ;
#281 = EDGE_CURVE ( 'NONE', #4501, #2854, #4231, .T. ) ;
#282 = ORIENTED_EDGE ( 'NONE', *, *, #4134, .F. ) ;
#283 = CYLINDRICAL_SURFACE ( 'NONE', #3852, 2.999999999999999112 ) ;
#284 = CARTESIAN_POINT ( 'NONE',  ( 0.000000000000000000, -8.000000000000000000, 0.000000000000000000 ) ) ;
#285 = CARTESIAN_POINT ( 'NONE',  ( -31.05394252513385922, -16.99999999999999645, -33.38851452574947132 ) ) ;
#286 = DIRECTION ( 'NONE',  ( -0.000000000000000000, -1.000000000000000000, -0.000000000000000000 ) ) ;
#287 = ORIENTED_EDGE ( 'NONE', *, *, #3902, .F. ) ;
#288 = AXIS2_PLACEMENT_3D ( 'NONE', #5419, #5366, #953 ) ;
#289 = ADVANCED_FACE ( 'NONE', ( #5583 ), #5376, .F. ) ;
#290 = ORIENTED_EDGE ( 'NONE', *, *, #4445, .T. ) ;
#291 = EDGE_LOOP ( 'NONE', ( #4895, #2171, #2588, #4322 ) ) ;
#292 = VECTOR ( 'NONE', #2499, 1000.000000000000000 ) ;
#293 = DIRECTION ( 'NONE',  ( -0.000000000000000000, -0.000000000000000000, -1.000000000000000000 ) ) ;
#294 = LINE ( 'NONE', #1720, #4166 ) ;
#295 = VERTEX_POINT ( 'NONE', #1844 ) ;
#296 = AXIS2_PLACEMENT_3D ( 'NONE', #3905, #2519, #2088 ) ;
#297 = ORIENTED_EDGE ( 'NONE', *, *, #397, .T. ) ;
#298 = CARTESIAN_POINT ( 'NONE',  ( 11.99999999999999645, 27.44861919775700443, -28.50000000000000000 ) ) ;
#299 = CALENDAR_DATE ( 2025, 23, 9 ) ;
#300 = CARTESIAN_POINT ( 'NONE',  ( 44.99999999999999289, 0.000000000000000000, -28.53999999999999559 ) ) ;
#301 = VECTOR ( 'NONE', #2577, 1000.000000000000000 ) ;
#302 = VERTEX_POINT ( 'NONE', #3589 ) ;
#303 = DIRECTION ( 'NONE',  ( 0.000000000000000000, -0.000000000000000000, -1.000000000000000000 ) ) ;
#304 = ORIENTED_EDGE ( 'NONE', *, *, #1467, .T. ) ;
#305 = ORIENTED_EDGE ( 'NONE', *, *, #5737, .F. ) ;
#306 = AXIS2_PLACEMENT_3D ( 'NONE', #37, #4433, #424 ) ;
#307 = EDGE_CURVE ( 'NONE', #499, #1388, #1371, .T. ) ;
#308 = PLANE ( 'NONE',  #5360 ) ;
#309 = CARTESIAN_POINT ( 'NONE',  ( -18.00000000000000711, -5.000000000000000000, -18.50000000000000000 ) ) ;
#310 = VECTOR ( 'NONE', #1509, 1000.000000000000000 ) ;
#311 = CARTESIAN_POINT ( 'NONE',  ( 11.99999999999999645, 0.000000000000000000, 31.50000000000000000 ) ) ;
#312 = ORIENTED_EDGE ( 'NONE', *, *, #591, .F. ) ;
#313 = VECTOR ( 'NONE', #5635, 1000.000000000000000 ) ;
#314 = CARTESIAN_POINT ( 'NONE',  ( -28.00000000000000355, 18.00000000000000000, -33.38851452574947132 ) ) ;
#315 = CC_DESIGN_PERSON_AND_ORGANIZATION_ASSIGNMENT ( #4359, #3056, ( #4955 ) ) ;
#316 = DIRECTION ( 'NONE',  ( 0.000000000000000000, 1.000000000000000000, -0.000000000000000000 ) ) ;
#317 = CARTESIAN_POINT ( 'NONE',  ( -12.00000000000000000, 27.44861919775700443, 31.50000000000000000 ) ) ;
#318 = DIRECTION ( 'NONE',  ( 0.000000000000000000, 0.000000000000000000, 1.000000000000000000 ) ) ;
#319 = CARTESIAN_POINT ( 'NONE',  ( -24.99999999999998934, 39.31639237894030714, -15.50000000000000000 ) ) ;
#320 = ORIENTED_EDGE ( 'NONE', *, *, #3502, .T. ) ;
#321 = VERTEX_POINT ( 'NONE', #2373 ) ;
#322 = LINE ( 'NONE', #3458, #1211 ) ;
#323 = EDGE_CURVE ( 'NONE', #4716, #1030, #4907, .T. ) ;
#324 = LINE ( 'NONE', #3510, #391 ) ;
#325 = CARTESIAN_POINT ( 'NONE',  ( -15.50000000000000355, 18.00000000000000000, -33.38851452574947132 ) ) ;
#326 = EDGE_LOOP ( 'NONE', ( #3744, #1174, #2238, #4676 ) ) ;
#327 = ORIENTED_EDGE ( 'NONE', *, *, #3218, .F. ) ;
#328 = CALENDAR_DATE ( 2025, 23, 9 ) ;
#329 = CARTESIAN_POINT ( 'NONE',  ( 39.99999999999998579, 1.734723475976807094E-15, 25.10000000000000142 ) ) ;
#330 = CARTESIAN_POINT ( 'NONE',  ( -35.05394252513385567, 0.000000000000000000, -29.38851452574947132 ) ) ;
#331 = ORIENTED_EDGE ( 'NONE', *, *, #3250, .T. ) ;
#332 = CARTESIAN_POINT ( 'NONE',  ( -45.00000000000000711, -7.000000000000000000, -30.53999999999999559 ) ) ;
#333 = ORIENTED_EDGE ( 'NONE', *, *, #1146, .T. ) ;
#334 = ORIENTED_EDGE ( 'NONE', *, *, #5430, .T. ) ;
#335 = DIRECTION ( 'NONE',  ( 0.000000000000000000, 0.000000000000000000, -1.000000000000000000 ) ) ;
#336 = CARTESIAN_POINT ( 'NONE',  ( -18.00000000000000711, -8.000000000000000000, 18.49999999999999645 ) ) ;
#337 = DIRECTION ( 'NONE',  ( -0.000000000000000000, 1.000000000000000000, -0.000000000000000000 ) ) ;
#338 = CARTESIAN_POINT ( 'NONE',  ( -24.75000000000000000, 7.999999999999998224, -38.38851452574947132 ) ) ;
#339 = CARTESIAN_POINT ( 'NONE',  ( 14.99999999999999645, 46.00000000000000000, 21.49999999999999645 ) ) ;
#340 = DIRECTION ( 'NONE',  ( -0.000000000000000000, 1.000000000000000000, -0.000000000000000000 ) ) ;
#341 = DIRECTION ( 'NONE',  ( 0.000000000000000000, -1.000000000000000000, 0.000000000000000000 ) ) ;
#342 = CARTESIAN_POINT ( 'NONE',  ( -24.75000000000000000, 7.999999999999998224, -35.98851452574947274 ) ) ;
#343 = DIRECTION ( 'NONE',  ( 0.000000000000000000, 1.284980352575412699E-16, 1.000000000000000000 ) ) ;
#344 = CYLINDRICAL_SURFACE ( 'NONE', #3125, 2.999999999999999112 ) ;
#345 = EDGE_LOOP ( 'NONE', ( #3512, #1138, #5415, #3324 ) ) ;
#346 = ORIENTED_EDGE ( 'NONE', *, *, #1961, .T. ) ;
#347 = ADVANCED_FACE ( 'NONE', ( #3159 ), #5019, .F. ) ;
#348 = VECTOR ( 'NONE', #2982, 1000.000000000000000 ) ;
#349 = DIRECTION ( 'NONE',  ( 0.000000000000000000, -1.000000000000000000, 0.000000000000000000 ) ) ;
#350 = CARTESIAN_POINT ( 'NONE',  ( -3.000000000000001332, -9.718685975091508746E-15, -40.38851452574947132 ) ) ;
#351 = EDGE_LOOP ( 'NONE', ( #1568, #5074, #4404, #4109, #5277, #5085, #2778, #5647, #265, #1175, #4337 ) ) ;
#352 = VERTEX_POINT ( 'NONE', #4468 ) ;
#353 = EDGE_CURVE ( 'NONE', #3839, #1088, #3641, .T. ) ;
#354 = CYLINDRICAL_SURFACE ( 'NONE', #1529, 2.999999999999999112 ) ;
#355 = VECTOR ( 'NONE', #2396, 1000.000000000000000 ) ;
#356 = APPLICATION_PROTOCOL_DEFINITION ( 'international standard', 'config_control_design', 1994, #2994 ) ;
#357 = LOCAL_TIME ( 2, 41, 34.00000000000000000, #2040 ) ;
#358 = LINE ( 'NONE', #5281, #4873 ) ;
#359 = ORIENTED_EDGE ( 'NONE', *, *, #5160, .F. ) ;
#360 = CARTESIAN_POINT ( 'NONE',  ( 0.000000000000000000, 41.00000000000000000, 0.000000000000000000 ) ) ;
#361 = VECTOR ( 'NONE', #1368, 1000.000000000000000 ) ;
#362 = VERTEX_POINT ( 'NONE', #2258 ) ;
#363 = ORIENTED_EDGE ( 'NONE', *, *, #3652, .F. ) ;
#364 = EDGE_CURVE ( 'NONE', #2414, #4388, #4105, .T. ) ;
#365 = VECTOR ( 'NONE', #5551, 1000.000000000000000 ) ;
#366 = CIRCLE ( 'NONE', #4277, 2.999999999999999112 ) ;
#367 = DIRECTION ( 'NONE',  ( -0.000000000000000000, 1.000000000000000000, -0.000000000000000000 ) ) ;
#368 = AXIS2_PLACEMENT_3D ( 'NONE', #3931, #3036, #3873 ) ;
#369 = CARTESIAN_POINT ( 'NONE',  ( -2.466082893448629597E-15, 3.000000000000000000, -35.53999999999999915 ) ) ;
#370 = CARTESIAN_POINT ( 'NONE',  ( 27.99999999999998934, 39.31639237894030714, 18.49999999999999645 ) ) ;
#371 = DIRECTION ( 'NONE',  ( -1.000000000000000000, 0.000000000000000000, 0.000000000000000000 ) ) ;
#372 = CARTESIAN_POINT ( 'NONE',  ( 14.99999999999999645, 39.44861919775701153, 21.50000000000000000 ) ) ;
#373 = FACE_BOUND ( 'NONE', #4151, .T. ) ;
#374 = EDGE_CURVE ( 'NONE', #1481, #1621, #1915, .T. ) ;
#375 = DIRECTION ( 'NONE',  ( 0.000000000000000000, 0.000000000000000000, 1.000000000000000000 ) ) ;
#376 = CARTESIAN_POINT ( 'NONE',  ( -18.00000000000000711, 46.00000000000000000, 21.49999999999999645 ) ) ;
#377 = ORIENTED_EDGE ( 'NONE', *, *, #4607, .T. ) ;
#378 = ORIENTED_EDGE ( 'NONE', *, *, #3358, .F. ) ;
#379 = DIRECTION ( 'NONE',  ( 0.000000000000000000, 0.000000000000000000, 1.000000000000000000 ) ) ;
#380 = LINE ( 'NONE', #4770, #3938 ) ;
#381 = FACE_OUTER_BOUND ( 'NONE', #5522, .T. ) ;
#382 = EDGE_CURVE ( 'NONE', #1621, #748, #5433, .T. ) ;
#383 = ORIENTED_EDGE ( 'NONE', *, *, #2675, .T. ) ;
#384 = VERTEX_POINT ( 'NONE', #967 ) ;
#385 = VECTOR ( 'NONE', #2626, 1000.000000000000000 ) ;
#386 = SHAPE_DEFINITION_REPRESENTATION ( #4015, #1460 ) ;
#387 = DIRECTION ( 'NONE',  ( -0.000000000000000000, -0.000000000000000000, 1.000000000000000000 ) ) ;
#388 = EDGE_CURVE ( 'NONE', #2353, #3414, #4021, .T. ) ;
#389 = ADVANCED_FACE ( 'NONE', ( #2749, #4990, #5461, #2342, #4046, #4582 ), #580, .F. ) ;
#390 = EDGE_LOOP ( 'NONE', ( #3869, #2425, #3092, #483 ) ) ;
#391 = VECTOR ( 'NONE', #4858, 1000.000000000000000 ) ;
#392 = DIRECTION ( 'NONE',  ( -1.000000000000000000, 0.000000000000000000, 9.762090466948830279E-17 ) ) ;
#393 = EDGE_LOOP ( 'NONE', ( #3083, #2214, #1774, #3886, #1116, #5139 ) ) ;
#394 = VERTEX_POINT ( 'NONE', #4137 ) ;
#395 = AXIS2_PLACEMENT_3D ( 'NONE', #961, #1874, #903 ) ;
#396 = CYLINDRICAL_SURFACE ( 'NONE', #5613, 1.499999999999997780 ) ;
#397 = EDGE_CURVE ( 'NONE', #5710, #3698, #3183, .T. ) ;
#398 = LINE ( 'NONE', #4113, #1968 ) ;
#399 = LINE ( 'NONE', #5391, #1341 ) ;
#400 = VECTOR ( 'NONE', #3006, 1000.000000000000000 ) ;
#401 = VECTOR ( 'NONE', #3781, 1000.000000000000000 ) ;
#402 = LINE ( 'NONE', #2206, #5070 ) ;
#403 = CARTESIAN_POINT ( 'NONE',  ( -8.000000000000007105, 9.999999999999998224, -19.50000000000000000 ) ) ;
#404 = DIRECTION ( 'NONE',  ( 2.928627140084648467E-16, 0.000000000000000000, 1.000000000000000000 ) ) ;
#405 = CARTESIAN_POINT ( 'NONE',  ( -15.00000000000000711, 27.44861919775700443, -21.50000000000000000 ) ) ;
#406 = CIRCLE ( 'NONE', #1814, 1.999999999734693112 ) ;
#407 = VERTEX_POINT ( 'NONE', #4070 ) ;
#408 = DIRECTION ( 'NONE',  ( 0.000000000000000000, 0.000000000000000000, 1.000000000000000000 ) ) ;
#409 = ADVANCED_FACE ( 'NONE', ( #3611 ), #2310, .T. ) ;
#410 = DIRECTION ( 'NONE',  ( -3.239561991697168136E-15, 1.000000000000000000, 2.247897695551704410E-31 ) ) ;
#411 = CARTESIAN_POINT ( 'NONE',  ( -15.00000000000000711, 0.000000000000000000, -21.50000000000000000 ) ) ;
#412 = ORIENTED_EDGE ( 'NONE', *, *, #4284, .T. ) ;
#413 = ORIENTED_EDGE ( 'NONE', *, *, #848, .F. ) ;
#414 = CARTESIAN_POINT ( 'NONE',  ( -1.387778780781445676E-14, 6.000000000000001776, 25.10000000000000497 ) ) ;
#415 = AXIS2_PLACEMENT_3D ( 'NONE', #849, #4846, #5265 ) ;
#416 = PERSON_AND_ORGANIZATION_ROLE ( 'classification_officer' ) ;
#417 = CARTESIAN_POINT ( 'NONE',  ( 14.99999999999999467, 9.999999999999998224, -21.50000000000000000 ) ) ;
#418 = CARTESIAN_POINT ( 'NONE',  ( -45.00000000000000711, 0.000000000000000000, -30.53999999999999559 ) ) ;
#419 = ORIENTED_EDGE ( 'NONE', *, *, #5604, .T. ) ;
#420 = ORIENTED_EDGE ( 'NONE', *, *, #3915, .F. ) ;
#421 = CC_DESIGN_PERSON_AND_ORGANIZATION_ASSIGNMENT ( #5280, #416, ( #2612 ) ) ;
#422 = DIRECTION ( 'NONE',  ( 0.000000000000000000, 1.000000000000000000, 0.000000000000000000 ) ) ;
#423 = CARTESIAN_POINT ( 'NONE',  ( -18.00000000000000711, -5.000000000000000000, 18.49999999999999645 ) ) ;
#424 = DIRECTION ( 'NONE',  ( 0.000000000000000000, 0.000000000000000000, -1.000000000000000000 ) ) ;
#425 = EDGE_CURVE ( 'NONE', #4057, #4687, #994, .T. ) ;
#426 = PLANE ( 'NONE',  #2423 ) ;
#427 = DIRECTION ( 'NONE',  ( 0.000000000000000000, -0.000000000000000000, 1.000000000000000000 ) ) ;
#428 = CARTESIAN_POINT ( 'NONE',  ( 17.99999999999999289, 39.31639237894030714, -18.50000000000000000 ) ) ;
#429 = CARTESIAN_POINT ( 'NONE',  ( 0.000000000000000000, 3.000000000000000000, 35.53999999999999915 ) ) ;
#430 = CARTESIAN_POINT ( 'NONE',  ( 2.999999999999988898, 23.00000000000000000, -30.53999999999999915 ) ) ;
#431 = ORIENTED_EDGE ( 'NONE', *, *, #5215, .T. ) ;
#432 = EDGE_CURVE ( 'NONE', #648, #5553, #109, .T. ) ;
#433 = VECTOR ( 'NONE', #5407, 1000.000000000000000 ) ;
#434 = FACE_OUTER_BOUND ( 'NONE', #4449, .T. ) ;
#435 = CIRCLE ( 'NONE', #5211, 1.999999999734693112 ) ;
#436 = LINE ( 'NONE', #4472, #3969 ) ;
#437 = VERTEX_POINT ( 'NONE', #4160 ) ;
#438 = ORIENTED_EDGE ( 'NONE', *, *, #3835, .F. ) ;
#439 = CARTESIAN_POINT ( 'NONE',  ( 14.99999999999999645, 46.00000000000000000, -21.50000000000000000 ) ) ;
#440 = APPROVAL_DATE_TIME ( #1330, #5326 ) ;
#441 = DIRECTION ( 'NONE',  ( 0.000000000000000000, 0.000000000000000000, 1.000000000000000000 ) ) ;
#442 = PLANE ( 'NONE',  #218 ) ;
#443 = ORIENTED_EDGE ( 'NONE', *, *, #364, .F. ) ;
#444 = ORIENTED_EDGE ( 'NONE', *, *, #2371, .T. ) ;
#445 = VECTOR ( 'NONE', #5676, 1000.000000000000000 ) ;
#446 = CC_DESIGN_APPROVAL ( #3990, ( #2364 ) ) ;
#447 = LINE ( 'NONE', #2248, #857 ) ;
#448 = AXIS2_PLACEMENT_3D ( 'NONE', #5731, #1743, #4734 ) ;
#449 = CC_DESIGN_APPROVAL ( #859, ( #4273 ) ) ;
#450 = DIRECTION ( 'NONE',  ( 0.000000000000000000, 0.000000000000000000, -1.000000000000000000 ) ) ;
#451 = ADVANCED_FACE ( 'NONE', ( #2866 ), #1557, .F. ) ;
#452 = AXIS2_PLACEMENT_3D ( 'NONE', #5546, #4157, #3786 ) ;
#453 = VECTOR ( 'NONE', #4970, 1000.000000000000000 ) ;
#454 = DIRECTION ( 'NONE',  ( 0.000000000000000000, 0.000000000000000000, -1.000000000000000000 ) ) ;
#455 = CARTESIAN_POINT ( 'NONE',  ( 44.99999999999999289, 0.000000000000000000, -30.53999999999999559 ) ) ;
#456 = CARTESIAN_POINT ( 'NONE',  ( 0.000000000000000000, 3.000000000000000000, 0.000000000000000000 ) ) ;
#457 = EDGE_CURVE ( 'NONE', #2547, #891, #5176, .T. ) ;
#458 = PERSON ( 'NAUO-PER2', 'UNSPECIFIED', 'UNSPECIFIED', ('UNSPECIFIED'), ('UNSPECIFIED'), ('UNSPECIFIED') ) ;
#459 = EDGE_CURVE ( 'NONE', #4330, #5002, #2925, .T. ) ;
#460 = FACE_OUTER_BOUND ( 'NONE', #2257, .T. ) ;
#461 = CARTESIAN_POINT ( 'NONE',  ( 14.99999999999999645, 0.000000000000000000, -21.50000000000000000 ) ) ;
#462 = ORIENTED_EDGE ( 'NONE', *, *, #5610, .T. ) ;
#463 = DIRECTION ( 'NONE',  ( -0.000000000000000000, 1.000000000000000000, -0.000000000000000000 ) ) ;
#464 = ADVANCED_FACE ( 'NONE', ( #3700 ), #5607, .F. ) ;
#465 = DIRECTION ( 'NONE',  ( 0.000000000000000000, 1.000000000000000000, 0.000000000000000000 ) ) ;
#466 = ORIENTED_EDGE ( 'NONE', *, *, #5333, .F. ) ;
#467 = EDGE_LOOP ( 'NONE', ( #4258, #5716, #671, #1989 ) ) ;
#468 = VECTOR ( 'NONE', #939, 1000.000000000000000 ) ;
#469 = COORDINATED_UNIVERSAL_TIME_OFFSET ( 7, 0, .AHEAD. ) ;
#470 = DIRECTION ( 'NONE',  ( -2.928627140084648467E-16, -0.000000000000000000, -1.000000000000000000 ) ) ;
#471 = ORIENTED_EDGE ( 'NONE', *, *, #787, .F. ) ;
#472 = CARTESIAN_POINT ( 'NONE',  ( 39.99999999999998579, 3.000000000000000000, -35.53999999999999204 ) ) ;
#473 = ORIENTED_EDGE ( 'NONE', *, *, #4929, .T. ) ;
#474 = VECTOR ( 'NONE', #1955, 1000.000000000000000 ) ;
#475 = ORIENTED_EDGE ( 'NONE', *, *, #4662, .T. ) ;
#476 = CARTESIAN_POINT ( 'NONE',  ( 17.99999999999999289, -8.000000000000000000, -18.50000000000000355 ) ) ;
#477 = EDGE_CURVE ( 'NONE', #2923, #5272, #5279, .T. ) ;
#478 = DIRECTION ( 'NONE',  ( 1.000000000000000000, 0.000000000000000000, 0.000000000000000000 ) ) ;
#479 = AXIS2_PLACEMENT_3D ( 'NONE', #4591, #1949, #1539 ) ;
#480 = EDGE_CURVE ( 'NONE', #3925, #352, #2489, .T. ) ;
#481 = CARTESIAN_POINT ( 'NONE',  ( 14.99999999999999645, -8.000000000000000000, -21.50000000000000000 ) ) ;
#482 = ADVANCED_FACE ( 'NONE', ( #4285 ), #5489, .F. ) ;
#483 = ORIENTED_EDGE ( 'NONE', *, *, #4187, .T. ) ;
#484 =( REPRESENTATION_RELATIONSHIP ('NONE','NONE', #639, #4215 ) REPRESENTATION_RELATIONSHIP_WITH_TRANSFORMATION ( #711 )SHAPE_REPRESENTATION_RELATIONSHIP( ) );
#485 = PLANE ( 'NONE',  #5692 ) ;
#486 = CARTESIAN_POINT ( 'NONE',  ( -6.250000000000002665, 7.999999999999998224, -38.38851452574947842 ) ) ;
#487 = LINE ( 'NONE', #3607, #3012 ) ;
#488 = VECTOR ( 'NONE', #1660, 1000.000000000000000 ) ;
#489 = CARTESIAN_POINT ( 'NONE',  ( -1.101972858207410933E-14, 3.000000000000000000, -43.38851452574947132 ) ) ;
#490 = AXIS2_PLACEMENT_3D ( 'NONE', #5759, #4315, #5206 ) ;
#491 = CYLINDRICAL_SURFACE ( 'NONE', #2399, 11.50000000000000000 ) ;
#492 = ORIENTED_EDGE ( 'NONE', *, *, #2718, .T. ) ;
#493 = VECTOR ( 'NONE', #5072, 1000.000000000000000 ) ;
#494 = CC_DESIGN_PERSON_AND_ORGANIZATION_ASSIGNMENT ( #3679, #5468, ( #813 ) ) ;
#495 = CARTESIAN_POINT ( 'NONE',  ( -15.00000000000001066, -8.000000000000000000, 21.49999999999999645 ) ) ;
#496 = EDGE_CURVE ( 'NONE', #437, #5024, #1587, .T. ) ;
#497 = DIRECTION ( 'NONE',  ( -1.000000000000000000, -1.734723475976807094E-16, 0.000000000000000000 ) ) ;
#498 = AXIS2_PLACEMENT_3D ( 'NONE', #2408, #4594, #2382 ) ;
#499 = VERTEX_POINT ( 'NONE', #2548 ) ;
#500 = VERTEX_POINT ( 'NONE', #880 ) ;
#501 = EDGE_CURVE ( 'NONE', #5666, #1893, #761, .T. ) ;
#502 = CALENDAR_DATE ( 2025, 23, 9 ) ;
#503 = DIRECTION ( 'NONE',  ( -0.000000000000000000, 1.000000000000000000, -0.000000000000000000 ) ) ;
#504 = ORIENTED_EDGE ( 'NONE', *, *, #1500, .F. ) ;
#505 = FACE_BOUND ( 'NONE', #799, .T. ) ;
#506 = ORIENTED_EDGE ( 'NONE', *, *, #1902, .F. ) ;
#507 = ORIENTED_EDGE ( 'NONE', *, *, #3601, .T. ) ;
#508 = CARTESIAN_POINT ( 'NONE',  ( 14.99999999999999645, 39.44861919775701153, -28.50000000000000000 ) ) ;
#509 = LINE ( 'NONE', #62, #2464 ) ;
#510 = ORIENTED_EDGE ( 'NONE', *, *, #141, .F. ) ;
#511 = EDGE_CURVE ( 'NONE', #3052, #4715, #1282, .T. ) ;
#512 = CARTESIAN_POINT ( 'NONE',  ( 44.99999999999999289, 3.000000000000000000, -28.53999999999999559 ) ) ;
#513 = CARTESIAN_POINT ( 'NONE',  ( -18.00000000000000711, 19.00000000000000000, -3.000031882232207625 ) ) ;
#514 = CARTESIAN_POINT ( 'NONE',  ( 2.999999999999989786, 3.000000000000000000, -35.53999999999999915 ) ) ;
#515 = PLANE ( 'NONE',  #4464 ) ;
#516 = LINE ( 'NONE', #461, #1039 ) ;
#517 = ORIENTED_EDGE ( 'NONE', *, *, #2585, .T. ) ;
#518 = CARTESIAN_POINT ( 'NONE',  ( -45.00000000000000711, 3.000000000000000000, -30.53999999999999559 ) ) ;
#519 = CARTESIAN_POINT ( 'NONE',  ( 44.99999999999999289, 3.000000000000000000, -35.53999999999999915 ) ) ;
#520 = ORIENTED_EDGE ( 'NONE', *, *, #3507, .T. ) ;
#521 = ORIENTED_EDGE ( 'NONE', *, *, #1164, .T. ) ;
#522 = PERSON_AND_ORGANIZATION_ROLE ( 'classification_officer' ) ;
#523 = CARTESIAN_POINT ( 'NONE',  ( -22.99999999999998934, 22.31639237894032135, -2.400000000000002576 ) ) ;
#524 = DIRECTION ( 'NONE',  ( -1.000000000000000000, 0.000000000000000000, 0.000000000000000000 ) ) ;
#525 = ORIENTED_EDGE ( 'NONE', *, *, #3177, .F. ) ;
#526 = EDGE_CURVE ( 'NONE', #4092, #4716, #2944, .T. ) ;
#527 = DIRECTION ( 'NONE',  ( 0.000000000000000000, 0.000000000000000000, 1.000000000000000000 ) ) ;
#528 = VERTEX_POINT ( 'NONE', #3904 ) ;
#529 = ORIENTED_EDGE ( 'NONE', *, *, #4688, .F. ) ;
#530 = DIRECTION ( 'NONE',  ( 0.000000000000000000, 1.000000000000000000, 0.000000000000000000 ) ) ;
#531 = DIRECTION ( 'NONE',  ( -0.000000000000000000, -0.000000000000000000, 1.000000000000000000 ) ) ;
#532 = ORIENTED_EDGE ( 'NONE', *, *, #5747, .F. ) ;
#533 = EDGE_CURVE ( 'NONE', #2289, #5451, #224, .T. ) ;
#534 = LINE ( 'NONE', #2330, #4312 ) ;
#535 = CIRCLE ( 'NONE', #1958, 5.000000000000000888 ) ;
#536 = SECURITY_CLASSIFICATION ( '', '', #4680 ) ;
#537 = ORIENTED_EDGE ( 'NONE', *, *, #3042, .F. ) ;
#538 = AXIS2_PLACEMENT_3D ( 'NONE', #1817, #3531, #2338 ) ;
#539 = CARTESIAN_POINT ( 'NONE',  ( -15.99999999999999645, 41.00000000000000000, -19.50000000000000000 ) ) ;
#540 = FACE_OUTER_BOUND ( 'NONE', #1981, .T. ) ;
#541 = FACE_OUTER_BOUND ( 'NONE', #5227, .T. ) ;
#542 = PLANE ( 'NONE',  #3903 ) ;
#543 = ADVANCED_FACE ( 'NONE', ( #3067 ), #5667, .F. ) ;
#544 = CARTESIAN_POINT ( 'NONE',  ( 17.99999999999999289, 46.00000000000000000, 21.49999999999999645 ) ) ;
#545 = CIRCLE ( 'NONE', #5404, 1.499999999999997780 ) ;
#546 = ORIENTED_EDGE ( 'NONE', *, *, #4833, .T. ) ;
#547 = DIRECTION ( 'NONE',  ( 0.000000000000000000, 1.000000000000000000, -0.000000000000000000 ) ) ;
#548 = DIRECTION ( 'NONE',  ( 0.000000000000000000, 1.000000000000000000, -0.000000000000000000 ) ) ;
#549 = AXIS2_PLACEMENT_3D ( 'NONE', #4119, #597, #1862 ) ;
#550 = DIRECTION ( 'NONE',  ( -0.000000000000000000, 1.000000000000000000, -0.000000000000000000 ) ) ;
#551 = AXIS2_PLACEMENT_3D ( 'NONE', #1935, #667, #2420 ) ;
#552 = DIRECTION ( 'NONE',  ( -0.000000000000000000, -1.000000000000000000, 0.000000000000000000 ) ) ;
#553 = VECTOR ( 'NONE', #3937, 1000.000000000000000 ) ;
#554 = ORIENTED_EDGE ( 'NONE', *, *, #3948, .T. ) ;
#555 = ORIENTED_EDGE ( 'NONE', *, *, #397, .F. ) ;
#556 = DATE_AND_TIME ( #4996, #2417 ) ;
#557 = DIRECTION ( 'NONE',  ( -1.000000000000000000, 2.891205793294679411E-15, 0.000000000000000000 ) ) ;
#558 = DIRECTION ( 'NONE',  ( 1.000000000000000000, -0.000000000000000000, -2.928627140084648467E-16 ) ) ;
#559 = ORIENTED_EDGE ( 'NONE', *, *, #1486, .T. ) ;
#560 = LINE ( 'NONE', #3741, #310 ) ;
#561 = VERTEX_POINT ( 'NONE', #2667 ) ;
#562 = ORIENTED_EDGE ( 'NONE', *, *, #2635, .F. ) ;
#563 = DIRECTION ( 'NONE',  ( -1.000000000000000000, -0.000000000000000000, -0.000000000000000000 ) ) ;
#564 = CC_DESIGN_DATE_AND_TIME_ASSIGNMENT ( #5116, #3368, ( #4273 ) ) ;
#565 = CARTESIAN_POINT ( 'NONE',  ( -12.00000000000000711, 12.99999999999999822, -19.50000000000000000 ) ) ;
#566 = ORIENTED_EDGE ( 'NONE', *, *, #3020, .T. ) ;
#567 = VECTOR ( 'NONE', #1704, 1000.000000000000000 ) ;
#568 = DIRECTION ( 'NONE',  ( -0.000000000000000000, 1.000000000000000000, -0.000000000000000000 ) ) ;
#569 = ORIENTED_EDGE ( 'NONE', *, *, #3896, .T. ) ;
#570 = ORIENTED_EDGE ( 'NONE', *, *, #5726, .T. ) ;
#571 = CIRCLE ( 'NONE', #3193, 2.999999999999999112 ) ;
#572 = EDGE_CURVE ( 'NONE', #3201, #4751, #1744, .T. ) ;
#573 = CARTESIAN_POINT ( 'NONE',  ( 11.99999999999999467, 9.999999999999998224, -19.50000000000000000 ) ) ;
#574 = LINE ( 'NONE', #2452, #4845 ) ;
#575 = CARTESIAN_POINT ( 'NONE',  ( 2.999999999999989786, 3.000000000000000000, 25.10000000000000497 ) ) ;
#576 = AXIS2_PLACEMENT_3D ( 'NONE', #2581, #340, #2147 ) ;
#577 = EDGE_LOOP ( 'NONE', ( #4335, #3311, #2748, #1355 ) ) ;
#578 = CIRCLE ( 'NONE', #3846, 2.999999999999999112 ) ;
#579 = CARTESIAN_POINT ( 'NONE',  ( -3.000000000000009770, 0.000000000000000000, 43.64095925806566356 ) ) ;
#580 = PLANE ( 'NONE',  #1224 ) ;
#581 = CARTESIAN_POINT ( 'NONE',  ( 14.99999999999999645, 46.00000000000000000, -18.50000000000000355 ) ) ;
#582 = CARTESIAN_POINT ( 'NONE',  ( 2.999999999999989786, 3.000000000000000000, -25.09999999999999787 ) ) ;
#583 = CARTESIAN_POINT ( 'NONE',  ( 0.000000000000000000, 0.000000000000000000, 35.53999999999999915 ) ) ;
#584 = DIRECTION ( 'NONE',  ( 0.000000000000000000, 1.000000000000000000, 0.000000000000000000 ) ) ;
#585 = EDGE_LOOP ( 'NONE', ( #678, #1277, #3722, #2658 ) ) ;
#586 = CIRCLE ( 'NONE', #3572, 2.399999999999999467 ) ;
#587 = EDGE_LOOP ( 'NONE', ( #5766, #4402, #600, #2037 ) ) ;
#588 = APPROVAL_DATE_TIME ( #1851, #2933 ) ;
#589 = CARTESIAN_POINT ( 'NONE',  ( -1.301042606982605321E-15, 0.000000000000000000, -43.38851452574947132 ) ) ;
#590 = VECTOR ( 'NONE', #2819, 1000.000000000000000 ) ;
#591 = EDGE_CURVE ( 'NONE', #1305, #4737, #5237, .T. ) ;
#592 = DIRECTION ( 'NONE',  ( 0.000000000000000000, 0.000000000000000000, 1.000000000000000000 ) ) ;
#593 = FACE_BOUND ( 'NONE', #4835, .T. ) ;
#594 = ORIENTED_EDGE ( 'NONE', *, *, #937, .F. ) ;
#595 = VERTEX_POINT ( 'NONE', #1256 ) ;
#596 = CIRCLE ( 'NONE', #3580, 2.400000000000000799 ) ;
#597 = DIRECTION ( 'NONE',  ( -3.138221453535816607E-12, 0.000000000000000000, 0.9999999999999998890 ) ) ;
#598 = DIRECTION ( 'NONE',  ( 0.000000000000000000, 1.000000000000000000, 0.000000000000000000 ) ) ;
#599 = DIRECTION ( 'NONE',  ( 0.9593655015712706513, -0.2821663239915501720, 3.625781824875702996E-17 ) ) ;
#600 = ORIENTED_EDGE ( 'NONE', *, *, #997, .F. ) ;
#601 = CARTESIAN_POINT ( 'NONE',  ( 24.99999999999998934, 27.44861919775700443, 15.49999999999999645 ) ) ;
#602 = EDGE_LOOP ( 'NONE', ( #811, #3223, #1668, #658 ) ) ;
#603 = EDGE_CURVE ( 'NONE', #1731, #2539, #5290, .T. ) ;
#604 = CARTESIAN_POINT ( 'NONE',  ( 15.99999999999999645, 0.000000000000000000, 19.50000000000000000 ) ) ;
#605 = ADVANCED_FACE ( 'NONE', ( #2637 ), #1226, .F. ) ;
#606 = DIRECTION ( 'NONE',  ( 0.000000000000000000, 0.000000000000000000, -1.000000000000000000 ) ) ;
#607 = CARTESIAN_POINT ( 'NONE',  ( -27.99999999999998934, 39.31639237894030714, -18.50000000000000000 ) ) ;
#608 = LINE ( 'NONE', #1136, #3538 ) ;
#609 = PLANE ( 'NONE',  #4446 ) ;
#610 = ADVANCED_FACE ( 'NONE', ( #1313 ), #283, .T. ) ;
#611 = ORIENTED_EDGE ( 'NONE', *, *, #3152, .F. ) ;
#612 = CARTESIAN_POINT ( 'NONE',  ( 11.99999999999999289, 12.99999999999999645, 19.50000000000000000 ) ) ;
#613 = DIRECTION ( 'NONE',  ( 0.000000000000000000, 0.000000000000000000, 1.000000000000000000 ) ) ;
#614 = DIRECTION ( 'NONE',  ( -0.000000000000000000, 1.000000000000000000, -0.000000000000000000 ) ) ;
#615 = EDGE_CURVE ( 'NONE', #4189, #2098, #402, .T. ) ;
#616 = CARTESIAN_POINT ( 'NONE',  ( 24.99999999999998934, 39.31639237894030714, 18.49999999999999645 ) ) ;
#617 = VERTEX_POINT ( 'NONE', #3934 ) ;
#618 = ORIENTED_EDGE ( 'NONE', *, *, #2724, .T. ) ;
#619 = APPROVAL_STATUS ( 'not_yet_approved' ) ;
#620 = DIRECTION ( 'NONE',  ( 0.000000000000000000, 1.000000000000000000, -0.000000000000000000 ) ) ;
#621 = DIRECTION ( 'NONE',  ( 0.000000000000000000, -1.000000000000000000, -0.000000000000000000 ) ) ;
#622 = LINE ( 'NONE', #1037, #590 ) ;
#623 = EDGE_LOOP ( 'NONE', ( #689, #5174 ) ) ;
#624 = VERTEX_POINT ( 'NONE', #5698 ) ;
#625 = CALENDAR_DATE ( 2025, 23, 9 ) ;
#626 = DIRECTION ( 'NONE',  ( -1.000000000000000000, 0.000000000000000000, 0.000000000000000000 ) ) ;
#627 = CYLINDRICAL_SURFACE ( 'NONE', #4950, 2.999999999999999112 ) ;
#628 = EDGE_LOOP ( 'NONE', ( #991, #4888, #3061, #3621 ) ) ;
#629 = CARTESIAN_POINT ( 'NONE',  ( 14.99999999999999645, 39.44861919775701153, 31.50000000000000000 ) ) ;
#630 = ORIENTED_EDGE ( 'NONE', *, *, #3215, .T. ) ;
#631 = ORIENTED_EDGE ( 'NONE', *, *, #726, .F. ) ;
#632 = DIRECTION ( 'NONE',  ( 0.000000000000000000, 1.000000000000000000, 0.000000000000000000 ) ) ;
#633 = EDGE_CURVE ( 'NONE', #3255, #4163, #3964, .T. ) ;
#634 = DIRECTION ( 'NONE',  ( 0.000000000000000000, -0.000000000000000000, 1.000000000000000000 ) ) ;
#635 = CARTESIAN_POINT ( 'NONE',  ( -26.50318471337579851, 17.08917197452229431, 3.000031882232204072 ) ) ;
#636 = DIRECTION ( 'NONE',  ( 0.000000000000000000, 0.000000000000000000, 1.000000000000000000 ) ) ;
#637 = ORIENTED_EDGE ( 'NONE', *, *, #4376, .F. ) ;
#638 = CIRCLE ( 'NONE', #1294, 11.50000000000000000 ) ;
#639 = SHAPE_REPRESENTATION ( 'Emergency_Switch', ( #4084, #4383 ), #4282 ) ;
#640 = CC_DESIGN_APPROVAL ( #3326, ( #1683 ) ) ;
#641 = ADVANCED_FACE ( 'NONE', ( #2145 ), #1710, .T. ) ;
#642 = EDGE_CURVE ( 'NONE', #3847, #5132, #3120, .T. ) ;
#643 = EDGE_CURVE ( 'NONE', #5331, #3139, #818, .T. ) ;
#644 = DIRECTION ( 'NONE',  ( 0.000000000000000000, 0.000000000000000000, -1.000000000000000000 ) ) ;
#645 = LINE ( 'NONE', #3362, #5042 ) ;
#646 = DIRECTION ( 'NONE',  ( 0.000000000000000000, -1.000000000000000000, 0.000000000000000000 ) ) ;
#647 = AXIS2_PLACEMENT_3D ( 'NONE', #429, #4438, #5785 ) ;
#648 = VERTEX_POINT ( 'NONE', #3848 ) ;
#649 = ORIENTED_EDGE ( 'NONE', *, *, #3348, .T. ) ;
#650 = VECTOR ( 'NONE', #3582, 1000.000000000000000 ) ;
#651 = SHAPE_DEFINITION_REPRESENTATION ( #5760, #4215 ) ;
#652 = AXIS2_PLACEMENT_3D ( 'NONE', #4698, #1222, #701 ) ;
#653 = ADVANCED_FACE ( 'NONE', ( #5641, #5453 ), #1345, .T. ) ;
#654 = DIRECTION ( 'NONE',  ( -0.000000000000000000, -0.000000000000000000, -1.000000000000000000 ) ) ;
#655 = FACE_OUTER_BOUND ( 'NONE', #2773, .T. ) ;
#656 = DIRECTION ( 'NONE',  ( 0.000000000000000000, -1.000000000000000000, 0.000000000000000000 ) ) ;
#657 = ORIENTED_EDGE ( 'NONE', *, *, #141, .T. ) ;
#658 = ORIENTED_EDGE ( 'NONE', *, *, #323, .T. ) ;
#659 = APPROVAL_DATE_TIME ( #4659, #3990 ) ;
#660 = LINE ( 'NONE', #3347, #4966 ) ;
#661 = DIRECTION ( 'NONE',  ( 0.000000000000000000, 1.000000000000000000, -0.000000000000000000 ) ) ;
#662 = ORIENTED_EDGE ( 'NONE', *, *, #1925, .F. ) ;
#663 = LINE ( 'NONE', #4214, #401 ) ;
#664 = EDGE_LOOP ( 'NONE', ( #3176, #327, #334, #5530 ) ) ;
#665 = VECTOR ( 'NONE', #3135, 1000.000000000000000 ) ;
#666 = CARTESIAN_POINT ( 'NONE',  ( 14.99999999999999289, -5.000000000000000000, 18.49999999999999645 ) ) ;
#667 = DIRECTION ( 'NONE',  ( -1.000000000000000000, 0.000000000000000000, 0.000000000000000000 ) ) ;
#668 = EDGE_CURVE ( 'NONE', #996, #1973, #1017, .T. ) ;
#669 = CARTESIAN_POINT ( 'NONE',  ( -15.00000000000000711, -8.000000000000000000, -18.50000000000000355 ) ) ;
#670 = VECTOR ( 'NONE', #5096, 1000.000000000000000 ) ;
#671 = ORIENTED_EDGE ( 'NONE', *, *, #4995, .F. ) ;
#672 = DIRECTION ( 'NONE',  ( 0.000000000000000000, 0.000000000000000000, -1.000000000000000000 ) ) ;
#673 = CARTESIAN_POINT ( 'NONE',  ( -24.75000000000000000, 7.999999999999998224, -38.38851452574947132 ) ) ;
#674 = AXIS2_PLACEMENT_3D ( 'NONE', #712, #683, #4621 ) ;
#675 = DIRECTION ( 'NONE',  ( -0.000000000000000000, 1.000000000000000000, -0.000000000000000000 ) ) ;
#676 = CARTESIAN_POINT ( 'NONE',  ( -38.57441366914013514, 0.000000000000000000, 35.53999999999999915 ) ) ;
#677 = ORIENTED_EDGE ( 'NONE', *, *, #3750, .F. ) ;
#678 = ORIENTED_EDGE ( 'NONE', *, *, #5633, .F. ) ;
#679 = EDGE_CURVE ( 'NONE', #2093, #2329, #40, .T. ) ;
#680 = VECTOR ( 'NONE', #4953, 1000.000000000000000 ) ;
#681 = PERSON_AND_ORGANIZATION ( #1372, #2236 ) ;
#682 = EDGE_CURVE ( 'NONE', #5182, #1269, #1422, .T. ) ;
#683 = DIRECTION ( 'NONE',  ( 0.000000000000000000, -1.000000000000000000, 0.000000000000000000 ) ) ;
#684 = CARTESIAN_POINT ( 'NONE',  ( -15.00000000000000711, 39.44861919775701153, 21.49999999999999645 ) ) ;
#685 = CIRCLE ( 'NONE', #2649, 3.000000000000002665 ) ;
#686 = DIRECTION ( 'NONE',  ( -0.000000000000000000, 1.000000000000000000, -0.000000000000000000 ) ) ;
#687 = VERTEX_POINT ( 'NONE', #99 ) ;
#688 = VECTOR ( 'NONE', #1650, 1000.000000000000000 ) ;
#689 = ORIENTED_EDGE ( 'NONE', *, *, #1801, .F. ) ;
#690 = EDGE_CURVE ( 'NONE', #5646, #2093, #1815, .T. ) ;
#691 = DIRECTION ( 'NONE',  ( 0.000000000000000000, 0.000000000000000000, 1.000000000000000000 ) ) ;
#692 = COORDINATED_UNIVERSAL_TIME_OFFSET ( 7, 0, .AHEAD. ) ;
#693 = CARTESIAN_POINT ( 'NONE',  ( -45.00000000000000711, 0.000000000000000000, -30.53999999999999915 ) ) ;
#694 = AXIS2_PLACEMENT_3D ( 'NONE', #3983, #4512, #5778 ) ;
#695 = DIRECTION ( 'NONE',  ( 0.000000000000000000, 0.000000000000000000, -1.000000000000000000 ) ) ;
#696 = ORIENTED_EDGE ( 'NONE', *, *, #24, .F. ) ;
#697 = CARTESIAN_POINT ( 'NONE',  ( -2.466082893448629597E-15, 3.000000000000000000, -35.53999999999999915 ) ) ;
#698 = AXIS2_PLACEMENT_3D ( 'NONE', #4244, #3893, #2044 ) ;
#699 = VERTEX_POINT ( 'NONE', #3583 ) ;
#700 = CARTESIAN_POINT ( 'NONE',  ( 14.99999999999999467, 10.00000000000000178, 19.50000000000000000 ) ) ;
#701 = DIRECTION ( 'NONE',  ( 0.000000000000000000, 0.000000000000000000, 1.000000000000000000 ) ) ;
#702 = CARTESIAN_POINT ( 'NONE',  ( 36.99999999999998579, 18.00000000000000000, -30.54000000000000625 ) ) ;
#703 = EDGE_CURVE ( 'NONE', #2455, #1960, #2251, .T. ) ;
#704 = VERTEX_POINT ( 'NONE', #4516 ) ;
#705 = DIRECTION ( 'NONE',  ( 1.000000000000000000, 0.000000000000000000, 0.000000000000000000 ) ) ;
#706 = DIRECTION ( 'NONE',  ( 0.000000000000000000, 0.000000000000000000, 1.000000000000000000 ) ) ;
#707 = LINE ( 'NONE', #1499, #1386 ) ;
#708 = ORIENTED_EDGE ( 'NONE', *, *, #2104, .T. ) ;
#709 = EDGE_LOOP ( 'NONE', ( #5307, #64, #4619, #1044 ) ) ;
#710 = ORIENTED_EDGE ( 'NONE', *, *, #615, .T. ) ;
#711 = ITEM_DEFINED_TRANSFORMATION ( 'NONE', 'NONE', #4383,  #2332 ) ;
#712 = CARTESIAN_POINT ( 'NONE',  ( -12.00000000000000711, 27.44861919775700443, 28.50000000000000000 ) ) ;
#713 = DIRECTION ( 'NONE',  ( 0.000000000000000000, 1.000000000000000000, 0.000000000000000000 ) ) ;
#714 = EDGE_LOOP ( 'NONE', ( #155, #3516, #5742, #3343, #2963, #3322 ) ) ;
#715 = ORIENTED_EDGE ( 'NONE', *, *, #2343, .F. ) ;
#716 = DATE_AND_TIME ( #2441, #3353 ) ;
#717 = CARTESIAN_POINT ( 'NONE',  ( -24.99999999999998934, 39.31639237894030714, 15.49999999999999645 ) ) ;
#718 = CARTESIAN_POINT ( 'NONE',  ( 15.99999999999999645, -5.000000000000000000, -19.50000000000000000 ) ) ;
#719 = EDGE_CURVE ( 'NONE', #3704, #2346, #3128, .T. ) ;
#720 = EDGE_CURVE ( 'NONE', #1960, #5094, #4041, .T. ) ;
#721 = VERTEX_POINT ( 'NONE', #3605 ) ;
#722 = FACE_OUTER_BOUND ( 'NONE', #1700, .T. ) ;
#723 = ORIENTED_EDGE ( 'NONE', *, *, #4814, .F. ) ;
#724 = ORIENTED_EDGE ( 'NONE', *, *, #1518, .T. ) ;
#725 = CARTESIAN_POINT ( 'NONE',  ( -28.05394252513385922, 3.000000000000000000, -40.38851452574947132 ) ) ;
#726 = EDGE_CURVE ( 'NONE', #3867, #3091, #2563, .T. ) ;
#727 = FACE_OUTER_BOUND ( 'NONE', #4831, .T. ) ;
#728 = DIRECTION ( 'NONE',  ( 1.000000000000000000, -0.000000000000000000, 0.000000000000000000 ) ) ;
#729 = ORIENTED_EDGE ( 'NONE', *, *, #526, .F. ) ;
#730 = DIRECTION ( 'NONE',  ( 0.000000000000000000, 0.000000000000000000, 1.000000000000000000 ) ) ;
#731 = CARTESIAN_POINT ( 'NONE',  ( -31.05395286684827383, 0.000000000000000000, 40.64095925806566356 ) ) ;
#732 = CARTESIAN_POINT ( 'NONE',  ( -3.000000000000002665, 18.00000000000000000, -33.38851452574947132 ) ) ;
#733 = LINE ( 'NONE', #2521, #3715 ) ;
#734 = ORIENTED_EDGE ( 'NONE', *, *, #1673, .T. ) ;
#735 = VERTEX_POINT ( 'NONE', #4901 ) ;
#736 = AXIS2_PLACEMENT_3D ( 'NONE', #3946, #3861, #3511 ) ;
#737 = LOCAL_TIME ( 2, 41, 34.00000000000000000, #1976 ) ;
#738 = ORIENTED_EDGE ( 'NONE', *, *, #2178, .T. ) ;
#739 = AXIS2_PLACEMENT_3D ( 'NONE', #4795, #4763, #5644 ) ;
#740 = CARTESIAN_POINT ( 'NONE',  ( 44.99999999999999289, 0.000000000000000000, -30.53999999999999559 ) ) ;
#741 = FACE_BOUND ( 'NONE', #131, .T. ) ;
#742 = ORIENTED_EDGE ( 'NONE', *, *, #2654, .T. ) ;
#743 = ORIENTED_EDGE ( 'NONE', *, *, #2498, .T. ) ;
#744 = VECTOR ( 'NONE', #4900, 1000.000000000000000 ) ;
#745 = VECTOR ( 'NONE', #634, 1000.000000000000000 ) ;
#746 = APPROVAL_STATUS ( 'not_yet_approved' ) ;
#747 = LINE ( 'NONE', #5685, #1990 ) ;
#748 = VERTEX_POINT ( 'NONE', #4487 ) ;
#749 = LINE ( 'NONE', #2599, #2740 ) ;
#750 = ORIENTED_EDGE ( 'NONE', *, *, #4614, .T. ) ;
#751 = ORIENTED_EDGE ( 'NONE', *, *, #2211, .T. ) ;
#752 = APPROVAL ( #2379, 'UNKNOWN' ) ;
#753 = EDGE_CURVE ( 'NONE', #3689, #5598, #4013, .T. ) ;
#754 = LINE ( 'NONE', #2840, #1641 ) ;
#755 = CARTESIAN_POINT ( 'NONE',  ( -1.387778780781445676E-14, 6.000000000000001776, 25.10000000000000497 ) ) ;
#756 = DIRECTION ( 'NONE',  ( -1.000000000000000000, 0.000000000000000000, 0.000000000000000000 ) ) ;
#757 = AXIS2_PLACEMENT_3D ( 'NONE', #3665, #4436, #2228 ) ;
#758 = ORIENTED_EDGE ( 'NONE', *, *, #5633, .T. ) ;
#759 = VECTOR ( 'NONE', #5119, 1000.000000000000000 ) ;
#760 = EDGE_CURVE ( 'NONE', #236, #57, #3394, .T. ) ;
#761 = LINE ( 'NONE', #5204, #2017 ) ;
#762 = LINE ( 'NONE', #5238, #2453 ) ;
#763 = DIRECTION ( 'NONE',  ( -0.000000000000000000, -1.000000000000000000, 0.000000000000000000 ) ) ;
#764 = CARTESIAN_POINT ( 'NONE',  ( 14.99999999999999645, 39.44861919775701153, -31.50000000000000000 ) ) ;
#765 = CARTESIAN_POINT ( 'NONE',  ( -15.00000000000000711, 46.00000000000000000, 21.49999999999999645 ) ) ;
#766 = CIRCLE ( 'NONE', #4869, 5.000000000000000888 ) ;
#767 = ORIENTED_EDGE ( 'NONE', *, *, #4350, .F. ) ;
#768 = ORIENTED_EDGE ( 'NONE', *, *, #4963, .F. ) ;
#769 = DIRECTION ( 'NONE',  ( -2.440522616737206954E-17, 0.000000000000000000, -1.000000000000000000 ) ) ;
#770 = AXIS2_PLACEMENT_3D ( 'NONE', #890, #1406, #557 ) ;
#771 = DIRECTION ( 'NONE',  ( 0.000000000000000000, 0.000000000000000000, 1.000000000000000000 ) ) ;
#772 = CARTESIAN_POINT ( 'NONE',  ( -45.00000000000000711, 0.000000000000000000, 32.03999999999999915 ) ) ;
#773 = ORIENTED_EDGE ( 'NONE', *, *, #615, .F. ) ;
#774 = AXIS2_PLACEMENT_3D ( 'NONE', #3081, #2158, #1748 ) ;
#775 = ORIENTED_EDGE ( 'NONE', *, *, #968, .F. ) ;
#776 = DIRECTION ( 'NONE',  ( -0.000000000000000000, 1.000000000000000000, -0.000000000000000000 ) ) ;
#777 = DIRECTION ( 'NONE',  ( 0.000000000000000000, -0.000000000000000000, -1.000000000000000000 ) ) ;
#778 = AXIS2_PLACEMENT_3D ( 'NONE', #2996, #2596, #4333 ) ;
#779 = ORIENTED_EDGE ( 'NONE', *, *, #668, .T. ) ;
#780 = DIRECTION ( 'NONE',  ( 0.000000000000000000, 0.000000000000000000, 1.000000000000000000 ) ) ;
#781 = ORIENTED_EDGE ( 'NONE', *, *, #1178, .F. ) ;
#782 = ORIENTED_EDGE ( 'NONE', *, *, #1384, .T. ) ;
#783 = DIRECTION ( 'NONE',  ( 0.000000000000000000, 0.000000000000000000, -1.000000000000000000 ) ) ;
#784 = LINE ( 'NONE', #874, #2062 ) ;
#785 = VECTOR ( 'NONE', #3549, 1000.000000000000000 ) ;
#786 = CARTESIAN_POINT ( 'NONE',  ( -15.00000000000000711, 0.000000000000000000, -21.50000000000000000 ) ) ;
#787 = EDGE_CURVE ( 'NONE', #4226, #3164, #3238, .T. ) ;
#788 = ADVANCED_FACE ( 'NONE', ( #4952 ), #2304, .T. ) ;
#789 = VECTOR ( 'NONE', #3672, 1000.000000000000000 ) ;
#790 = DIRECTION ( 'NONE',  ( 1.000000000000000000, 0.000000000000000000, -0.000000000000000000 ) ) ;
#791 = CARTESIAN_POINT ( 'NONE',  ( 17.99999999999999289, 46.00000000000000000, 21.49999999999999645 ) ) ;
#792 = DIRECTION ( 'NONE',  ( 0.000000000000000000, 1.000000000000000000, 0.000000000000000000 ) ) ;
#793 = CARTESIAN_POINT ( 'NONE',  ( 2.999999999999990674, 23.00000000000000000, 35.53999999999999915 ) ) ;
#794 = ADVANCED_FACE ( 'NONE', ( #2744 ), #1905, .F. ) ;
#795 = CARTESIAN_POINT ( 'NONE',  ( 49.99999999999998579, 0.000000000000000000, -30.54000000000000625 ) ) ;
#796 = FACE_OUTER_BOUND ( 'NONE', #4709, .T. ) ;
#797 = FACE_OUTER_BOUND ( 'NONE', #1640, .T. ) ;
#798 = ORIENTED_EDGE ( 'NONE', *, *, #5057, .F. ) ;
#799 = EDGE_LOOP ( 'NONE', ( #438, #4580 ) ) ;
#800 =( NAMED_UNIT ( * ) PLANE_ANGLE_UNIT ( ) SI_UNIT ( $, .RADIAN. ) );
#801 = DIRECTION ( 'NONE',  ( 0.000000000000000000, 1.000000000000000000, -0.000000000000000000 ) ) ;
#802 = EDGE_CURVE ( 'NONE', #2188, #4226, #1873, .T. ) ;
#803 = DIRECTION ( 'NONE',  ( -0.000000000000000000, 1.000000000000000000, -0.000000000000000000 ) ) ;
#804 = ORIENTED_EDGE ( 'NONE', *, *, #2670, .F. ) ;
#805 = ORIENTED_EDGE ( 'NONE', *, *, #1450, .F. ) ;
#806 = APPLICATION_PROTOCOL_DEFINITION ( 'international standard', 'config_control_design', 1994, #5789 ) ;
#807 = LINE ( 'NONE', #1331, #385 ) ;
#808 = VECTOR ( 'NONE', #1823, 1000.000000000000000 ) ;
#809 = ORIENTED_EDGE ( 'NONE', *, *, #4492, .F. ) ;
#810 = CARTESIAN_POINT ( 'NONE',  ( 2.999999999999990674, 18.00000000000000000, 30.54000000000000270 ) ) ;
#811 = ORIENTED_EDGE ( 'NONE', *, *, #5648, .F. ) ;
#812 = ORIENTED_EDGE ( 'NONE', *, *, #4919, .T. ) ;
#813 = PRODUCT ( 'Emergency_Case', 'Emergency_Case', '', ( #4939 ) ) ;
#814 = DIRECTION ( 'NONE',  ( -0.000000000000000000, 1.000000000000000000, -0.000000000000000000 ) ) ;
#815 = DIRECTION ( 'NONE',  ( 1.000000000000000000, 0.000000000000000000, 0.000000000000000000 ) ) ;
#816 = CARTESIAN_POINT ( 'NONE',  ( 17.99999999999999289, 0.000000000000000000, 18.49999999999999645 ) ) ;
#817 = ADVANCED_FACE ( 'NONE', ( #540 ), #2336, .F. ) ;
#818 = LINE ( 'NONE', #2606, #4123 ) ;
#819 = DIRECTION ( 'NONE',  ( 0.000000000000000000, 0.000000000000000000, -1.000000000000000000 ) ) ;
#820 = DIRECTION ( 'NONE',  ( 1.000000000000000000, -0.000000000000000000, -0.000000000000000000 ) ) ;
#821 = CARTESIAN_POINT ( 'NONE',  ( 15.99999999999999645, -5.000000000000000000, -19.50000000000000000 ) ) ;
#822 = PLANE ( 'NONE',  #2954 ) ;
#823 = CARTESIAN_POINT ( 'NONE',  ( -15.00000000000000711, 46.00000000000000000, -18.50000000000000355 ) ) ;
#824 = VERTEX_POINT ( 'NONE', #3987 ) ;
#825 = ORIENTED_EDGE ( 'NONE', *, *, #5505, .F. ) ;
#826 = ADVANCED_FACE ( 'NONE', ( #5345 ), #2492, .F. ) ;
#827 = CARTESIAN_POINT ( 'NONE',  ( -1.387778780781445676E-14, 1.734723475976807094E-15, 25.10000000000000497 ) ) ;
#828 = CC_DESIGN_DATE_AND_TIME_ASSIGNMENT ( #716, #181, ( #2364 ) ) ;
#829 = CARTESIAN_POINT ( 'NONE',  ( 17.99999999999999289, -8.000000000000000000, -21.50000000000000000 ) ) ;
#830 = UNCERTAINTY_MEASURE_WITH_UNIT (LENGTH_MEASURE( 1.000000000000000082E-05 ), #2959, 'distance_accuracy_value', 'NONE');
#831 = DIRECTION ( 'NONE',  ( -1.189754775659388502E-16, 0.000000000000000000, -1.000000000000000000 ) ) ;
#832 = VECTOR ( 'NONE', #3430, 1000.000000000000000 ) ;
#833 = ORIENTED_EDGE ( 'NONE', *, *, #2073, .F. ) ;
#834 = ORIENTED_EDGE ( 'NONE', *, *, #2683, .F. ) ;
#835 = EDGE_CURVE ( 'NONE', #3139, #4634, #1942, .T. ) ;
#836 = AXIS2_PLACEMENT_3D ( 'NONE', #1427, #904, #42 ) ;
#837 = LOCAL_TIME ( 2, 41, 34.00000000000000000, #4298 ) ;
#838 = CARTESIAN_POINT ( 'NONE',  ( 0.000000000000000000, 3.000000000000000000, 35.53999999999999915 ) ) ;
#839 = CARTESIAN_POINT ( 'NONE',  ( -15.00000000000000711, -5.000000000000000000, -21.50000000000000000 ) ) ;
#840 = VECTOR ( 'NONE', #5543, 1000.000000000000000 ) ;
#841 = VERTEX_POINT ( 'NONE', #582 ) ;
#842 = ORIENTED_EDGE ( 'NONE', *, *, #4463, .F. ) ;
#843 = AXIS2_PLACEMENT_3D ( 'NONE', #5674, #4389, #379 ) ;
#844 = DIRECTION ( 'NONE',  ( 0.000000000000000000, 1.000000000000000000, 0.000000000000000000 ) ) ;
#845 = CIRCLE ( 'NONE', #3997, 3.000000000000002665 ) ;
#846 = LINE ( 'NONE', #118, #1212 ) ;
#847 = DIRECTION ( 'NONE',  ( 0.000000000000000000, 0.000000000000000000, -1.000000000000000000 ) ) ;
#848 = EDGE_CURVE ( 'NONE', #1973, #2263, #645, .T. ) ;
#849 = CARTESIAN_POINT ( 'NONE',  ( -45.00000000000000711, 0.000000000000000000, 30.54000000000000270 ) ) ;
#850 = EDGE_CURVE ( 'NONE', #137, #3942, #253, .T. ) ;
#851 = DIRECTION ( 'NONE',  ( 0.000000000000000000, 0.000000000000000000, 1.000000000000000000 ) ) ;
#852 = CARTESIAN_POINT ( 'NONE',  ( 11.99999999999999645, 27.44861919775700443, -31.50000000000000000 ) ) ;
#853 = CARTESIAN_POINT ( 'NONE',  ( 14.99999999999999645, 39.44861919775701153, 31.50000000000000000 ) ) ;
#854 = LINE ( 'NONE', #3072, #1252 ) ;
#855 = VERTEX_POINT ( 'NONE', #4674 ) ;
#856 = DIRECTION ( 'NONE',  ( 0.000000000000000000, 1.000000000000000000, -0.000000000000000000 ) ) ;
#857 = VECTOR ( 'NONE', #5663, 1000.000000000000000 ) ;
#858 = DIRECTION ( 'NONE',  ( 0.000000000000000000, 1.000000000000000000, 0.000000000000000000 ) ) ;
#859 = APPROVAL ( #4620, 'UNKNOWN' ) ;
#860 = ADVANCED_FACE ( 'NONE', ( #1559 ), #2058, .F. ) ;
#861 = ORIENTED_EDGE ( 'NONE', *, *, #5393, .F. ) ;
#862 = VERTEX_POINT ( 'NONE', #5144 ) ;
#863 = CARTESIAN_POINT ( 'NONE',  ( -27.99999999999998934, 27.44861919775700443, -18.50000000000000000 ) ) ;
#864 = VECTOR ( 'NONE', #1921, 1000.000000000000000 ) ;
#865 = PERSON_AND_ORGANIZATION ( #1521, #4168 ) ;
#866 = CARTESIAN_POINT ( 'NONE',  ( 22.99999999999998934, 39.31639237894030714, 2.399999999999999023 ) ) ;
#867 = VECTOR ( 'NONE', #316, 1000.000000000000000 ) ;
#868 = EDGE_CURVE ( 'NONE', #5750, #2385, #1140, .T. ) ;
#869 = PLANE ( 'NONE',  #3029 ) ;
#870 = ORIENTED_EDGE ( 'NONE', *, *, #2211, .F. ) ;
#871 = EDGE_LOOP ( 'NONE', ( #912, #2475, #729, #1850 ) ) ;
#872 = VECTOR ( 'NONE', #4148, 1000.000000000000000 ) ;
#873 = FACE_OUTER_BOUND ( 'NONE', #1729, .T. ) ;
#874 = CARTESIAN_POINT ( 'NONE',  ( 17.99999999999999289, -5.000000000000000000, 21.49999999999999645 ) ) ;
#875 = LINE ( 'NONE', #2301, #2834 ) ;
#876 = VECTOR ( 'NONE', #1957, 1000.000000000000000 ) ;
#877 = VECTOR ( 'NONE', #4459, 1000.000000000000000 ) ;
#878 = DIRECTION ( 'NONE',  ( -0.000000000000000000, -1.000000000000000000, -0.000000000000000000 ) ) ;
#879 = AXIS2_PLACEMENT_3D ( 'NONE', #2760, #2350, #4972 ) ;
#880 = CARTESIAN_POINT ( 'NONE',  ( 36.99999999999998579, 23.00000000000000000, -30.54000000000000625 ) ) ;
#881 = DIRECTION ( 'NONE',  ( 0.000000000000000000, 0.000000000000000000, -1.000000000000000000 ) ) ;
#882 = CARTESIAN_POINT ( 'NONE',  ( -16.00000000000000355, 46.00000000000000000, 19.50000000000000000 ) ) ;
#883 = CARTESIAN_POINT ( 'NONE',  ( -15.99999999999999645, 41.00000000000000000, 19.50000000000000000 ) ) ;
#884 = AXIS2_PLACEMENT_3D ( 'NONE', #3712, #1924, #527 ) ;
#885 = ORIENTED_EDGE ( 'NONE', *, *, #2114, .F. ) ;
#886 = DIRECTION ( 'NONE',  ( 0.000000000000000000, 0.000000000000000000, 1.000000000000000000 ) ) ;
#887 = ORIENTED_EDGE ( 'NONE', *, *, #4876, .F. ) ;
#888 = ORIENTED_EDGE ( 'NONE', *, *, #4607, .F. ) ;
#889 = PERSON_AND_ORGANIZATION_ROLE ( 'design_owner' ) ;
#890 = CARTESIAN_POINT ( 'NONE',  ( -12.00000000000000711, 9.999999999999998224, 19.50000000000000000 ) ) ;
#891 = VERTEX_POINT ( 'NONE', #1618 ) ;
#892 = CARTESIAN_POINT ( 'NONE',  ( 4.999999999999993783, 9.999999999999994671, -19.50000000000000000 ) ) ;
#893 = EDGE_LOOP ( 'NONE', ( #3787, #4798, #3592, #1326, #4861, #3765, #842, #492, #2845, #1101 ) ) ;
#894 = ORIENTED_EDGE ( 'NONE', *, *, #3399, .T. ) ;
#895 = PLANE ( 'NONE',  #4310 ) ;
#896 = EDGE_CURVE ( 'NONE', #2813, #4110, #5178, .T. ) ;
#897 = EDGE_CURVE ( 'NONE', #407, #3836, #4561, .T. ) ;
#898 = CARTESIAN_POINT ( 'NONE',  ( -6.250000000000002665, 18.00000000000000000, -38.38851452574947842 ) ) ;
#899 = DIRECTION ( 'NONE',  ( 0.000000000000000000, -1.000000000000000000, 0.000000000000000000 ) ) ;
#900 = EDGE_CURVE ( 'NONE', #4935, #193, #5239, .T. ) ;
#901 = FACE_OUTER_BOUND ( 'NONE', #351, .T. ) ;
#902 = DIRECTION ( 'NONE',  ( 0.000000000000000000, -1.000000000000000000, -0.000000000000000000 ) ) ;
#903 = DIRECTION ( 'NONE',  ( 1.000000000000000000, 0.000000000000000000, 0.000000000000000000 ) ) ;
#904 = DIRECTION ( 'NONE',  ( 0.000000000000000000, 1.000000000000000000, 0.000000000000000000 ) ) ;
#905 = DIRECTION ( 'NONE',  ( 0.000000000000000000, 0.000000000000000000, 1.000000000000000000 ) ) ;
#906 = ORIENTED_EDGE ( 'NONE', *, *, #281, .F. ) ;
#907 = SHAPE_REPRESENTATION_RELATIONSHIP ( 'NONE' , 'NONE' ,  #1460, #3593 ) ;
#908 = CARTESIAN_POINT ( 'NONE',  ( 0.000000000000000000, 3.000000000000000000, 43.64095925806566356 ) ) ;
#909 = CARTESIAN_POINT ( 'NONE',  ( 7.999999999999992895, 12.99999999999999467, 19.50000000000000000 ) ) ;
#910 = ORIENTED_EDGE ( 'NONE', *, *, #4187, .F. ) ;
#911 = ADVANCED_FACE ( 'NONE', ( #1196 ), #5267, .F. ) ;
#912 = ORIENTED_EDGE ( 'NONE', *, *, #918, .F. ) ;
#913 = DIRECTION ( 'NONE',  ( -0.000000000000000000, -0.000000000000000000, 1.000000000000000000 ) ) ;
#914 = EDGE_CURVE ( 'NONE', #1388, #5134, #1742, .T. ) ;
#915 = EDGE_CURVE ( 'NONE', #3372, #841, #2520, .T. ) ;
#916 = APPLICATION_PROTOCOL_DEFINITION ( 'international standard', 'config_control_design', 1994, #2221 ) ;
#917 = CARTESIAN_POINT ( 'NONE',  ( 22.99999999999998934, 39.31639237894030714, -1.734723475976807094E-15 ) ) ;
#918 = EDGE_CURVE ( 'NONE', #1030, #4296, #274, .T. ) ;
#919 = DIRECTION ( 'NONE',  ( -0.000000000000000000, 1.000000000000000000, -0.000000000000000000 ) ) ;
#920 = VERTEX_POINT ( 'NONE', #317 ) ;
#921 = ORIENTED_EDGE ( 'NONE', *, *, #2716, .F. ) ;
#922 = AXIS2_PLACEMENT_3D ( 'NONE', #1822, #110, #3160 ) ;
#923 = LOCAL_TIME ( 2, 41, 34.00000000000000000, #4332 ) ;
#924 = CARTESIAN_POINT ( 'NONE',  ( -9.500000000000005329, 18.00000000000000000, -18.38851452574947487 ) ) ;
#925 = FACE_OUTER_BOUND ( 'NONE', #2215, .T. ) ;
#926 = VECTOR ( 'NONE', #4382, 1000.000000000000000 ) ;
#927 = DIRECTION ( 'NONE',  ( 0.000000000000000000, 1.000000000000000000, 0.000000000000000000 ) ) ;
#928 = APPROVAL ( #619, 'UNSPECIFIED' ) ;
#929 = ORIENTED_EDGE ( 'NONE', *, *, #3079, .F. ) ;
#930 = CIRCLE ( 'NONE', #452, 2.400000000000000799 ) ;
#931 = VECTOR ( 'NONE', #3328, 1000.000000000000000 ) ;
#932 = DIRECTION ( 'NONE',  ( 0.000000000000000000, 0.000000000000000000, -1.000000000000000000 ) ) ;
#933 = CARTESIAN_POINT ( 'NONE',  ( -15.00000000000000711, 46.00000000000000000, -21.50000000000000000 ) ) ;
#934 = CARTESIAN_POINT ( 'NONE',  ( -12.00000000000000000, 27.44861919775700443, -31.50000000000000000 ) ) ;
#935 = LINE ( 'NONE', #4544, #1963 ) ;
#936 = CARTESIAN_POINT ( 'NONE',  ( 44.99999999999999289, 3.000000000000000000, 30.54000000000000270 ) ) ;
#937 = EDGE_CURVE ( 'NONE', #5409, #4665, #2148, .T. ) ;
#938 = ORIENTED_EDGE ( 'NONE', *, *, #5172, .T. ) ;
#939 = DIRECTION ( 'NONE',  ( 0.000000000000000000, 1.000000000000000000, 0.000000000000000000 ) ) ;
#940 = CARTESIAN_POINT ( 'NONE',  ( -33.00000000000000000, 19.00000000000000000, 3.000031882232204072 ) ) ;
#941 = DIRECTION ( 'NONE',  ( 0.000000000000000000, 0.000000000000000000, 1.000000000000000000 ) ) ;
#942 = EDGE_LOOP ( 'NONE', ( #5092, #4810, #5071, #1534 ) ) ;
#943 = ORIENTED_EDGE ( 'NONE', *, *, #4242, .F. ) ;
#944 = AXIS2_PLACEMENT_3D ( 'NONE', #4545, #4984, #964 ) ;
#945 = APPROVAL_ROLE ( '' ) ;
#946 = LINE ( 'NONE', #5412, #3933 ) ;
#947 = DIRECTION ( 'NONE',  ( -0.000000000000000000, 1.000000000000000000, 0.000000000000000000 ) ) ;
#948 = EDGE_CURVE ( 'NONE', #5124, #2682, #3505, .T. ) ;
#949 = ORIENTED_EDGE ( 'NONE', *, *, #3871, .F. ) ;
#950 = VECTOR ( 'NONE', #2881, 1000.000000000000000 ) ;
#951 = EDGE_LOOP ( 'NONE', ( #1642, #3560, #4707, #1783 ) ) ;
#952 = CARTESIAN_POINT ( 'NONE',  ( -18.00000000000000711, 0.000000000000000000, -21.50000000000000000 ) ) ;
#953 = DIRECTION ( 'NONE',  ( 0.000000000000000000, 0.000000000000000000, 1.000000000000000000 ) ) ;
#954 = CIRCLE ( 'NONE', #770, 2.999999999999999112 ) ;
#955 = FACE_OUTER_BOUND ( 'NONE', #585, .T. ) ;
#956 = ORIENTED_EDGE ( 'NONE', *, *, #1537, .T. ) ;
#957 = AXIS2_PLACEMENT_3D ( 'NONE', #581, #5574, #2400 ) ;
#958 = DIRECTION ( 'NONE',  ( -0.000000000000000000, -0.000000000000000000, -1.000000000000000000 ) ) ;
#959 = CARTESIAN_POINT ( 'NONE',  ( -2.466082893448629597E-15, 0.000000000000000000, -35.53999999999999915 ) ) ;
#960 = EDGE_CURVE ( 'NONE', #2322, #5746, #4733, .T. ) ;
#961 = CARTESIAN_POINT ( 'NONE',  ( 27.99999999999998934, 39.31639237894030714, -18.50000000000000000 ) ) ;
#962 = VECTOR ( 'NONE', #1192, 1000.000000000000000 ) ;
#963 = FACE_OUTER_BOUND ( 'NONE', #3854, .T. ) ;
#964 = DIRECTION ( 'NONE',  ( 0.000000000000000000, 0.000000000000000000, -1.000000000000000000 ) ) ;
#965 = VERTEX_POINT ( 'NONE', #4822 ) ;
#966 = AXIS2_PLACEMENT_3D ( 'NONE', #360, #2970, #3468 ) ;
#967 = CARTESIAN_POINT ( 'NONE',  ( 44.99999999999999289, 3.000000000000000000, 35.53999999999999915 ) ) ;
#968 = EDGE_CURVE ( 'NONE', #4737, #3138, #5700, .T. ) ;
#969 = DIRECTION ( 'NONE',  ( 0.000000000000000000, 1.000000000000000000, -0.000000000000000000 ) ) ;
#970 = VECTOR ( 'NONE', #1680, 1000.000000000000000 ) ;
#971 = ORIENTED_EDGE ( 'NONE', *, *, #2755, .F. ) ;
#972 = EDGE_LOOP ( 'NONE', ( #5570, #5236, #282, #378 ) ) ;
#973 = EDGE_CURVE ( 'NONE', #3461, #1703, #1285, .T. ) ;
#974 = DIRECTION ( 'NONE',  ( -1.000000000000000000, 0.000000000000000000, 0.000000000000000000 ) ) ;
#975 = DIRECTION ( 'NONE',  ( -1.000000000000000000, 0.000000000000000000, 0.000000000000000000 ) ) ;
#976 = ORIENTED_EDGE ( 'NONE', *, *, #1215, .T. ) ;
#977 = PLANE ( 'NONE',  #2936 ) ;
#978 = ORIENTED_EDGE ( 'NONE', *, *, #2877, .F. ) ;
#979 = AXIS2_PLACEMENT_3D ( 'NONE', #314, #1740, #2115 ) ;
#980 = ORIENTED_EDGE ( 'NONE', *, *, #5430, .F. ) ;
#981 = CYLINDRICAL_SURFACE ( 'NONE', #3943, 1.499999999999997780 ) ;
#982 = CARTESIAN_POINT ( 'NONE',  ( -1.734723475976807094E-15, 22.44861919775702219, -24.10000000000000142 ) ) ;
#983 = CYLINDRICAL_SURFACE ( 'NONE', #2275, 2.999999999999999112 ) ;
#984 = ORIENTED_EDGE ( 'NONE', *, *, #2200, .T. ) ;
#985 = LINE ( 'NONE', #4951, #2328 ) ;
#986 = DIRECTION ( 'NONE',  ( 0.000000000000000000, -1.000000000000000000, 0.000000000000000000 ) ) ;
#987 = DIRECTION ( 'NONE',  ( -0.000000000000000000, 1.000000000000000000, -0.000000000000000000 ) ) ;
#988 = PLANE ( 'NONE',  #647 ) ;
#989 = DIRECTION ( 'NONE',  ( 0.000000000000000000, 1.000000000000000000, 0.000000000000000000 ) ) ;
#990 = VECTOR ( 'NONE', #4225, 1000.000000000000000 ) ;
#991 = ORIENTED_EDGE ( 'NONE', *, *, #1697, .F. ) ;
#992 = CIRCLE ( 'NONE', #4251, 2.399999999999999467 ) ;
#993 = DIRECTION ( 'NONE',  ( 0.000000000000000000, -1.000000000000000000, 0.000000000000000000 ) ) ;
#994 = LINE ( 'NONE', #2775, #3467 ) ;
#995 = DIRECTION ( 'NONE',  ( -0.000000000000000000, -1.000000000000000000, 0.000000000000000000 ) ) ;
#996 = VERTEX_POINT ( 'NONE', #3451 ) ;
#997 = EDGE_CURVE ( 'NONE', #4724, #1647, #4848, .T. ) ;
#998 = ORIENTED_EDGE ( 'NONE', *, *, #2494, .F. ) ;
#999 = EDGE_CURVE ( 'NONE', #3610, #1731, #2639, .T. ) ;
#1000 = PERSON_AND_ORGANIZATION_ROLE ( 'creator' ) ;
#1001 = DIRECTION ( 'NONE',  ( 0.000000000000000000, 0.000000000000000000, 1.000000000000000000 ) ) ;
#1002 = CARTESIAN_POINT ( 'NONE',  ( 14.99999999999999645, 0.000000000000000000, -21.50000000000000000 ) ) ;
#1003 = ORIENTED_EDGE ( 'NONE', *, *, #900, .T. ) ;
#1004 = CARTESIAN_POINT ( 'NONE',  ( -17.99999999999999289, 27.44861919775700443, -18.50000000000000000 ) ) ;
#1005 = ORIENTED_EDGE ( 'NONE', *, *, #10, .F. ) ;
#1006 = EDGE_LOOP ( 'NONE', ( #555, #2726 ) ) ;
#1007 = EDGE_CURVE ( 'NONE', #4388, #4057, #2926, .T. ) ;
#1008 = DIRECTION ( 'NONE',  ( 0.000000000000000000, -1.000000000000000000, 0.000000000000000000 ) ) ;
#1009 = DIRECTION ( 'NONE',  ( -0.000000000000000000, 1.000000000000000000, 0.000000000000000000 ) ) ;
#1010 = ORIENTED_EDGE ( 'NONE', *, *, #5293, .F. ) ;
#1011 = DIRECTION ( 'NONE',  ( -1.000000000000000000, 0.000000000000000000, 0.000000000000000000 ) ) ;
#1012 = VECTOR ( 'NONE', #4204, 1000.000000000000000 ) ;
#1013 = CC_DESIGN_APPROVAL ( #2082, ( #5311 ) ) ;
#1014 = ORIENTED_EDGE ( 'NONE', *, *, #3628, .F. ) ;
#1015 = VECTOR ( 'NONE', #2776, 1000.000000000000000 ) ;
#1016 = CARTESIAN_POINT ( 'NONE',  ( -28.05395286684827383, 0.000000000000000000, 40.64095925806566356 ) ) ;
#1017 = LINE ( 'NONE', #5782, #1812 ) ;
#1018 = LINE ( 'NONE', #2337, #1121 ) ;
#1019 = LINE ( 'NONE', #5569, #1119 ) ;
#1020 = CARTESIAN_POINT ( 'NONE',  ( -28.05394252513385922, 0.000000000000000000, -40.38851452574947132 ) ) ;
#1021 = LINE ( 'NONE', #2369, #5572 ) ;
#1022 = EDGE_CURVE ( 'NONE', #2353, #2414, #1766, .T. ) ;
#1023 = VECTOR ( 'NONE', #4611, 1000.000000000000114 ) ;
#1024 = CIRCLE ( 'NONE', #4933, 1.999999999999998224 ) ;
#1025 = ORIENTED_EDGE ( 'NONE', *, *, #2266, .T. ) ;
#1026 = CARTESIAN_POINT ( 'NONE',  ( -15.99999999999999645, 41.00000000000000000, 19.50000000000000000 ) ) ;
#1027 = CARTESIAN_POINT ( 'NONE',  ( -18.00000000000000711, 46.00000000000000000, -18.50000000000000000 ) ) ;
#1028 = PLANE ( 'NONE',  #1527 ) ;
#1029 = DIRECTION ( 'NONE',  ( 0.000000000000000000, -1.000000000000000000, 0.000000000000000000 ) ) ;
#1030 = VERTEX_POINT ( 'NONE', #5320 ) ;
#1031 = ORIENTED_EDGE ( 'NONE', *, *, #276, .F. ) ;
#1032 = DATE_AND_TIME ( #3251, #4373 ) ;
#1033 = CARTESIAN_POINT ( 'NONE',  ( 7.999999999999992895, 12.99999999999999822, -21.50000000000000000 ) ) ;
#1034 = CC_DESIGN_PERSON_AND_ORGANIZATION_ASSIGNMENT ( #2126, #5650, ( #4465 ) ) ;
#1035 = DIRECTION ( 'NONE',  ( 0.000000000000000000, 0.000000000000000000, -1.000000000000000000 ) ) ;
#1036 = ADVANCED_FACE ( 'NONE', ( #1315 ), #4794, .F. ) ;
#1037 = CARTESIAN_POINT ( 'NONE',  ( 49.99999999999998579, 3.000000000000000000, -30.54000000000000625 ) ) ;
#1038 = ORIENTED_EDGE ( 'NONE', *, *, #10, .T. ) ;
#1039 = VECTOR ( 'NONE', #4100, 1000.000000000000000 ) ;
#1040 = EDGE_LOOP ( 'NONE', ( #805, #921, #1932, #4264 ) ) ;
#1041 = DIRECTION ( 'NONE',  ( 0.000000000000000000, 1.000000000000000000, 0.000000000000000000 ) ) ;
#1042 = DIRECTION ( 'NONE',  ( 0.000000000000000000, -0.000000000000000000, 1.000000000000000000 ) ) ;
#1043 = EDGE_CURVE ( 'NONE', #996, #5038, #436, .T. ) ;
#1044 = ORIENTED_EDGE ( 'NONE', *, *, #5755, .F. ) ;
#1045 = AXIS2_PLACEMENT_3D ( 'NONE', #3150, #1446, #1042 ) ;
#1046 = CARTESIAN_POINT ( 'NONE',  ( -6.250000000000002665, 7.999999999999998224, -40.78851452574947700 ) ) ;
#1047 = ORIENTED_EDGE ( 'NONE', *, *, #1669, .F. ) ;
#1048 = VECTOR ( 'NONE', #5793, 1000.000000000000000 ) ;
#1049 = LINE ( 'NONE', #2832, #5026 ) ;
#1050 = LINE ( 'NONE', #3695, #5405 ) ;
#1051 = CARTESIAN_POINT ( 'NONE',  ( 17.99999999999999289, -8.000000000000000000, -21.50000000000000000 ) ) ;
#1052 = AXIS2_PLACEMENT_3D ( 'NONE', #2491, #792, #4254 ) ;
#1053 = ORIENTED_EDGE ( 'NONE', *, *, #5772, .F. ) ;
#1054 = AXIS2_PLACEMENT_3D ( 'NONE', #3386, #3901, #1646 ) ;
#1055 = CARTESIAN_POINT ( 'NONE',  ( -1.101972858207410933E-14, 3.000000000000000000, -43.38851452574947132 ) ) ;
#1056 = EDGE_CURVE ( 'NONE', #4667, #3980, #4048, .T. ) ;
#1057 = DIRECTION ( 'NONE',  ( -1.000000000000000000, 0.000000000000000000, 9.762090466948830279E-17 ) ) ;
#1058 = CARTESIAN_POINT ( 'NONE',  ( -5.000000000000006217, 0.000000000000000000, -21.50000000000000000 ) ) ;
#1059 = CARTESIAN_POINT ( 'NONE',  ( -1.440808244181442384E-15, 22.44861919775702219, -28.89999999999999858 ) ) ;
#1060 = ORIENTED_EDGE ( 'NONE', *, *, #4397, .F. ) ;
#1061 = ORIENTED_EDGE ( 'NONE', *, *, #2635, .T. ) ;
#1062 = VECTOR ( 'NONE', #12, 1000.000000000000000 ) ;
#1063 = PERSON_AND_ORGANIZATION ( #1521, #4168 ) ;
#1064 = DIRECTION ( 'NONE',  ( 0.000000000000000000, -1.000000000000000000, 0.000000000000000000 ) ) ;
#1065 = VECTOR ( 'NONE', #1288, 1000.000000000000000 ) ;
#1066 = CARTESIAN_POINT ( 'NONE',  ( 2.999999999999988898, 18.00000000000000000, -35.53999999999999204 ) ) ;
#1067 = CARTESIAN_POINT ( 'NONE',  ( 0.000000000000000000, -5.000000000000000000, 0.000000000000000000 ) ) ;
#1068 = ORIENTED_EDGE ( 'NONE', *, *, #3922, .T. ) ;
#1069 = ORIENTED_EDGE ( 'NONE', *, *, #2091, .T. ) ;
#1070 = CIRCLE ( 'NONE', #4326, 3.000000000000002665 ) ;
#1071 = EDGE_CURVE ( 'NONE', #3576, #3461, #435, .T. ) ;
#1072 = DIRECTION ( 'NONE',  ( 0.000000000000000000, 0.000000000000000000, 1.000000000000000000 ) ) ;
#1073 = DIRECTION ( 'NONE',  ( 1.000000000000000000, 0.000000000000000000, -9.762090466948830279E-17 ) ) ;
#1074 = ORIENTED_EDGE ( 'NONE', *, *, #3377, .T. ) ;
#1075 = FACE_BOUND ( 'NONE', #3236, .T. ) ;
#1076 = ORIENTED_EDGE ( 'NONE', *, *, #1795, .F. ) ;
#1077 = EDGE_CURVE ( 'NONE', #5451, #4002, #3110, .T. ) ;
#1078 = EDGE_CURVE ( 'NONE', #4687, #1168, #1401, .T. ) ;
#1079 = APPROVAL ( #746, 'UNSPECIFIED' ) ;
#1080 = LINE ( 'NONE', #5568, #1597 ) ;
#1081 = CARTESIAN_POINT ( 'NONE',  ( -45.00000000000000711, 0.000000000000000000, 30.54000000000000270 ) ) ;
#1082 = CARTESIAN_POINT ( 'NONE',  ( 14.99999999999999645, 27.44861919775700443, 31.50000000000000000 ) ) ;
#1083 = ORIENTED_EDGE ( 'NONE', *, *, #3325, .T. ) ;
#1084 = EDGE_CURVE ( 'NONE', #3954, #721, #1561, .T. ) ;
#1085 = FACE_OUTER_BOUND ( 'NONE', #3840, .T. ) ;
#1086 = CARTESIAN_POINT ( 'NONE',  ( 14.99999999999999467, 9.999999999999994671, -21.50000000000000000 ) ) ;
#1087 = AXIS2_PLACEMENT_3D ( 'NONE', #3242, #3305, #5080 ) ;
#1088 = VERTEX_POINT ( 'NONE', #4101 ) ;
#1089 = ORIENTED_EDGE ( 'NONE', *, *, #5604, .F. ) ;
#1090 = COORDINATED_UNIVERSAL_TIME_OFFSET ( 7, 0, .AHEAD. ) ;
#1091 = LINE ( 'NONE', #589, #3743 ) ;
#1092 = DIRECTION ( 'NONE',  ( -0.000000000000000000, -0.000000000000000000, 1.000000000000000000 ) ) ;
#1093 = EDGE_CURVE ( 'NONE', #862, #2601, #5274, .T. ) ;
#1094 = CARTESIAN_POINT ( 'NONE',  ( -25.94117647058823906, 19.00000000000000355, -3.000031882232207625 ) ) ;
#1095 = ADVANCED_FACE ( 'NONE', ( #5047 ), #1994, .F. ) ;
#1096 = EDGE_LOOP ( 'NONE', ( #4349, #5615, #3171, #2593 ) ) ;
#1097 = ORIENTED_EDGE ( 'NONE', *, *, #2140, .F. ) ;
#1098 = CARTESIAN_POINT ( 'NONE',  ( -1.387778780781445676E-14, 6.000000000000001776, -25.09999999999999787 ) ) ;
#1099 = EDGE_LOOP ( 'NONE', ( #4473, #2908, #2820, #312 ) ) ;
#1100 = CARTESIAN_POINT ( 'NONE',  ( -1.301042606982605321E-15, 0.000000000000000000, -40.38851452574947132 ) ) ;
#1101 = ORIENTED_EDGE ( 'NONE', *, *, #3652, .T. ) ;
#1102 = DIRECTION ( 'NONE',  ( 1.000000000000000000, 0.000000000000000000, 0.000000000000000000 ) ) ;
#1103 = VECTOR ( 'NONE', #497, 1000.000000000000000 ) ;
#1104 = DIRECTION ( 'NONE',  ( 0.000000000000000000, 0.000000000000000000, 1.000000000000000000 ) ) ;
#1105 = CARTESIAN_POINT ( 'NONE',  ( 17.99999999999999289, 39.31639237894030714, 18.49999999999999645 ) ) ;
#1106 = EDGE_CURVE ( 'NONE', #1412, #4742, #3049, .T. ) ;
#1107 = DIRECTION ( 'NONE',  ( 0.000000000000000000, 0.000000000000000000, 1.000000000000000000 ) ) ;
#1108 = ORIENTED_EDGE ( 'NONE', *, *, #2590, .T. ) ;
#1109 = AXIS2_PLACEMENT_3D ( 'NONE', #3393, #2028, #5575 ) ;
#1110 = APPROVAL_PERSON_ORGANIZATION ( #4078, #1461, #945 ) ;
#1111 = DIRECTION ( 'NONE',  ( 1.000000000000000000, 0.000000000000000000, 0.000000000000000000 ) ) ;
#1112 = DIRECTION ( 'NONE',  ( 0.000000000000000000, 1.000000000000000000, 0.000000000000000000 ) ) ;
#1113 = EDGE_CURVE ( 'NONE', #57, #920, #2836, .T. ) ;
#1114 = DIRECTION ( 'NONE',  ( -0.000000000000000000, 1.000000000000000000, -0.000000000000000000 ) ) ;
#1115 = AXIS2_PLACEMENT_3D ( 'NONE', #1081, #2023, #1993 ) ;
#1116 = ORIENTED_EDGE ( 'NONE', *, *, #802, .T. ) ;
#1117 = ORIENTED_EDGE ( 'NONE', *, *, #690, .F. ) ;
#1118 = ORIENTED_EDGE ( 'NONE', *, *, #4995, .T. ) ;
#1119 = VECTOR ( 'NONE', #5013, 1000.000000000000000 ) ;
#1120 = COORDINATED_UNIVERSAL_TIME_OFFSET ( 7, 0, .AHEAD. ) ;
#1121 = VECTOR ( 'NONE', #1454, 1000.000000000000000 ) ;
#1122 = CARTESIAN_POINT ( 'NONE',  ( -16.00000000000000355, 41.00000000000000000, -19.50000000000000000 ) ) ;
#1123 = LINE ( 'NONE', #1599, #188 ) ;
#1124 = CARTESIAN_POINT ( 'NONE',  ( -1.734723475976807094E-15, 39.44861919775701153, -26.50000000000000000 ) ) ;
#1125 = CARTESIAN_POINT ( 'NONE',  ( -15.00000000000000711, 27.44861919775700443, -31.50000000000000000 ) ) ;
#1126 = ORIENTED_EDGE ( 'NONE', *, *, #1078, .T. ) ;
#1127 = EDGE_LOOP ( 'NONE', ( #5033, #1751, #78, #2302, #520, #5597, #5065, #1089, #738, #5418 ) ) ;
#1128 = DIRECTION ( 'NONE',  ( 0.000000000000000000, 0.000000000000000000, 1.000000000000000000 ) ) ;
#1129 = LINE ( 'NONE', #2387, #872 ) ;
#1130 = LINE ( 'NONE', #2913, #670 ) ;
#1131 = DIRECTION ( 'NONE',  ( -0.000000000000000000, 1.000000000000000000, 0.000000000000000000 ) ) ;
#1132 = ORIENTED_EDGE ( 'NONE', *, *, #3654, .T. ) ;
#1133 = DIRECTION ( 'NONE',  ( -0.000000000000000000, -1.000000000000000000, 0.000000000000000000 ) ) ;
#1134 = AXIS2_PLACEMENT_3D ( 'NONE', #2738, #1009, #2356 ) ;
#1135 = DIRECTION ( 'NONE',  ( 0.000000000000000000, 0.000000000000000000, -1.000000000000000000 ) ) ;
#1136 = CARTESIAN_POINT ( 'NONE',  ( -27.99999999999998934, 0.000000000000000000, -15.50000000000000000 ) ) ;
#1137 = AXIS2_PLACEMENT_3D ( 'NONE', #829, #2617, #2212 ) ;
#1138 = ORIENTED_EDGE ( 'NONE', *, *, #5112, .F. ) ;
#1139 = CYLINDRICAL_SURFACE ( 'NONE', #1803, 5.000000000000000888 ) ;
#1140 = LINE ( 'NONE', #3820, #2619 ) ;
#1141 = AXIS2_PLACEMENT_3D ( 'NONE', #5745, #1664, #1754 ) ;
#1142 = CARTESIAN_POINT ( 'NONE',  ( -2.818925648462311528E-15, 0.000000000000000000, 38.54000000000000625 ) ) ;
#1143 = ORIENTED_EDGE ( 'NONE', *, *, #918, .T. ) ;
#1144 = ORIENTED_EDGE ( 'NONE', *, *, #3777, .F. ) ;
#1145 = ORIENTED_EDGE ( 'NONE', *, *, #5589, .F. ) ;
#1146 = EDGE_CURVE ( 'NONE', #3138, #1481, #5484, .T. ) ;
#1147 = CIRCLE ( 'NONE', #4020, 2.399999999999999467 ) ;
#1148 = ADVANCED_FACE ( 'NONE', ( #2422 ), #609, .F. ) ;
#1149 = CARTESIAN_POINT ( 'NONE',  ( 1.408343819019456176E-15, 41.00000000000000000, -11.50000000000000000 ) ) ;
#1150 = CARTESIAN_POINT ( 'NONE',  ( 0.000000000000000000, 0.000000000000000000, 43.64095925806566356 ) ) ;
#1151 = CIRCLE ( 'NONE', #2363, 2.999999999999999112 ) ;
#1152 = ORIENTED_EDGE ( 'NONE', *, *, #1275, .T. ) ;
#1153 = ORIENTED_EDGE ( 'NONE', *, *, #2631, .F. ) ;
#1154 = CARTESIAN_POINT ( 'NONE',  ( 39.99999999999998579, 0.000000000000000000, 9.762090466948829540E-16 ) ) ;
#1155 = EDGE_CURVE ( 'NONE', #4442, #3974, #72, .T. ) ;
#1156 = APPLICATION_PROTOCOL_DEFINITION ( 'international standard', 'config_control_design', 1994, #4369 ) ;
#1157 = AXIS2_PLACEMENT_3D ( 'NONE', #3581, #2249, #1364 ) ;
#1158 = DIRECTION ( 'NONE',  ( -0.000000000000000000, 1.000000000000000000, -0.000000000000000000 ) ) ;
#1159 = ORIENTED_EDGE ( 'NONE', *, *, #4350, .T. ) ;
#1160 = DIRECTION ( 'NONE',  ( -0.000000000000000000, -0.000000000000000000, -1.000000000000000000 ) ) ;
#1161 = ORIENTED_EDGE ( 'NONE', *, *, #533, .F. ) ;
#1162 = VECTOR ( 'NONE', #1131, 1000.000000000000000 ) ;
#1163 = ORIENTED_EDGE ( 'NONE', *, *, #1975, .F. ) ;
#1164 = EDGE_CURVE ( 'NONE', #5605, #3807, #4158, .T. ) ;
#1165 = LINE ( 'NONE', #2372, #5640 ) ;
#1166 = DIRECTION ( 'NONE',  ( 0.000000000000000000, 0.000000000000000000, 1.000000000000000000 ) ) ;
#1167 = CARTESIAN_POINT ( 'NONE',  ( 14.99999999999999645, 27.44861919775700443, -31.50000000000000000 ) ) ;
#1168 = VERTEX_POINT ( 'NONE', #4985 ) ;
#1169 = CARTESIAN_POINT ( 'NONE',  ( -16.00000000000000355, 12.99999999999999822, 19.50000000000000000 ) ) ;
#1170 = CARTESIAN_POINT ( 'NONE',  ( -2.466082893448629597E-15, 0.000000000000000000, -35.53999999999999915 ) ) ;
#1171 = CARTESIAN_POINT ( 'NONE',  ( -1.387778780781445676E-14, 1.734723475976807094E-15, -25.09999999999999787 ) ) ;
#1172 = CARTESIAN_POINT ( 'NONE',  ( -24.75000000000000000, 7.999999999999998224, -40.78851452574946990 ) ) ;
#1173 = CARTESIAN_POINT ( 'NONE',  ( 2.999999999999990674, 23.00000000000000000, 35.53999999999999915 ) ) ;
#1174 = ORIENTED_EDGE ( 'NONE', *, *, #5142, .T. ) ;
#1175 = ORIENTED_EDGE ( 'NONE', *, *, #3823, .F. ) ;
#1176 = DIRECTION ( 'NONE',  ( 0.000000000000000000, 1.000000000000000000, -0.000000000000000000 ) ) ;
#1177 = DIRECTION ( 'NONE',  ( -0.000000000000000000, -0.000000000000000000, -1.000000000000000000 ) ) ;
#1178 = EDGE_CURVE ( 'NONE', #4269, #2409, #1021, .T. ) ;
#1179 = VERTEX_POINT ( 'NONE', #575 ) ;
#1180 = AXIS2_PLACEMENT_3D ( 'NONE', #3104, #1679, #5208 ) ;
#1181 = ORIENTED_EDGE ( 'NONE', *, *, #1705, .F. ) ;
#1182 = DIRECTION ( 'NONE',  ( -1.000000000000000000, -0.000000000000000000, -0.000000000000000000 ) ) ;
#1183 = PERSON_AND_ORGANIZATION_ROLE ( 'classification_officer' ) ;
#1184 = CARTESIAN_POINT ( 'NONE',  ( 14.99999999999999645, 0.000000000000000000, -18.50000000000000355 ) ) ;
#1185 = ORIENTED_EDGE ( 'NONE', *, *, #5496, .F. ) ;
#1186 = ADVANCED_FACE ( 'NONE', ( #4133 ), #160, .T. ) ;
#1187 = FACE_OUTER_BOUND ( 'NONE', #4941, .T. ) ;
#1188 = ORIENTED_EDGE ( 'NONE', *, *, #4448, .F. ) ;
#1189 = ORIENTED_EDGE ( 'NONE', *, *, #3101, .F. ) ;
#1190 = DIRECTION ( 'NONE',  ( -9.396418828207704437E-16, -1.000000000000000000, 0.000000000000000000 ) ) ;
#1191 = DIRECTION ( 'NONE',  ( -6.938893903907229610E-17, 0.000000000000000000, -1.000000000000000000 ) ) ;
#1192 = DIRECTION ( 'NONE',  ( 0.000000000000000000, 1.000000000000000000, 0.000000000000000000 ) ) ;
#1193 = ORIENTED_EDGE ( 'NONE', *, *, #4112, .F. ) ;
#1194 = CARTESIAN_POINT ( 'NONE',  ( 11.99999999999999645, 39.44861919775701153, 28.50000000000000000 ) ) ;
#1195 = CARTESIAN_POINT ( 'NONE',  ( -33.00000000000000000, -8.000000000000000000, -3.000031882232204072 ) ) ;
#1196 = FACE_OUTER_BOUND ( 'NONE', #2190, .T. ) ;
#1197 = DIRECTION ( 'NONE',  ( 0.000000000000000000, -1.000000000000000000, 0.000000000000000000 ) ) ;
#1198 = ORIENTED_EDGE ( 'NONE', *, *, #5263, .F. ) ;
#1199 = AXIS2_PLACEMENT_3D ( 'NONE', #1760, #5315, #3649 ) ;
#1200 = APPROVAL_PERSON_ORGANIZATION ( #2503, #1079, #1570 ) ;
#1201 = ORIENTED_EDGE ( 'NONE', *, *, #960, .T. ) ;
#1202 =( NAMED_UNIT ( * ) PLANE_ANGLE_UNIT ( ) SI_UNIT ( $, .RADIAN. ) );
#1203 = AXIS2_PLACEMENT_3D ( 'NONE', #3564, #4523, #3188 ) ;
#1204 = DIRECTION ( 'NONE',  ( -1.189754775659388995E-16, 0.000000000000000000, -1.000000000000000000 ) ) ;
#1205 = EDGE_CURVE ( 'NONE', #1926, #3895, #2184, .T. ) ;
#1206 = LINE ( 'NONE', #3971, #445 ) ;
#1207 = EDGE_LOOP ( 'NONE', ( #4139, #4914, #3243, #420 ) ) ;
#1208 = MANIFOLD_SOLID_BREP ( 'Fillet8', #5093 ) ;
#1209 = EDGE_LOOP ( 'NONE', ( #773, #1356, #3317, #2992, #2627, #5661 ) ) ;
#1210 = DIRECTION ( 'NONE',  ( -0.000000000000000000, -1.000000000000000000, -0.000000000000000000 ) ) ;
#1211 = VECTOR ( 'NONE', #2156, 1000.000000000000000 ) ;
#1212 = VECTOR ( 'NONE', #1855, 1000.000000000000000 ) ;
#1213 = PERSON_AND_ORGANIZATION ( #1521, #4168 ) ;
#1214 = CARTESIAN_POINT ( 'NONE',  ( -6.250000000000002665, 18.00000000000000000, -35.98851452574947984 ) ) ;
#1215 = EDGE_CURVE ( 'NONE', #295, #3060, #3173, .T. ) ;
#1216 = ORIENTED_EDGE ( 'NONE', *, *, #307, .T. ) ;
#1217 = DIRECTION ( 'NONE',  ( -2.928627140084648467E-16, 0.000000000000000000, -1.000000000000000000 ) ) ;
#1218 = ORIENTED_EDGE ( 'NONE', *, *, #3998, .F. ) ;
#1219 = ORIENTED_EDGE ( 'NONE', *, *, #4714, .F. ) ;
#1220 = EDGE_CURVE ( 'NONE', #996, #561, #4480, .T. ) ;
#1221 = DIRECTION ( 'NONE',  ( -0.000000000000000000, 0.000000000000000000, 1.000000000000000000 ) ) ;
#1222 = DIRECTION ( 'NONE',  ( 0.000000000000000000, 1.000000000000000000, 0.000000000000000000 ) ) ;
#1223 = LINE ( 'NONE', #311, #5725 ) ;
#1224 = AXIS2_PLACEMENT_3D ( 'NONE', #4522, #548, #2810 ) ;
#1225 = EDGE_CURVE ( 'NONE', #2045, #5673, #1414, .T. ) ;
#1226 = CYLINDRICAL_SURFACE ( 'NONE', #3768, 5.999999999999998224 ) ;
#1227 = LINE ( 'NONE', #3850, #5059 ) ;
#1228 = DIRECTION ( 'NONE',  ( 0.000000000000000000, 0.000000000000000000, 1.000000000000000000 ) ) ;
#1229 = DIRECTION ( 'NONE',  ( -1.000000000000000000, -0.000000000000000000, -0.000000000000000000 ) ) ;
#1230 = CARTESIAN_POINT ( 'NONE',  ( -1.734723475976807094E-15, 39.44861919775701153, 28.89999999999999858 ) ) ;
#1231 = ORIENTED_EDGE ( 'NONE', *, *, #3377, .F. ) ;
#1232 = ORIENTED_EDGE ( 'NONE', *, *, #3020, .F. ) ;
#1233 = CARTESIAN_POINT ( 'NONE',  ( 17.99999999999999289, -5.000000000000000000, -21.50000000000000000 ) ) ;
#1234 = VECTOR ( 'NONE', #387, 1000.000000000000000 ) ;
#1235 = DIRECTION ( 'NONE',  ( 0.000000000000000000, 0.000000000000000000, 1.000000000000000000 ) ) ;
#1236 = CARTESIAN_POINT ( 'NONE',  ( -12.00000000000000711, 27.44861919775700443, -28.50000000000000000 ) ) ;
#1237 = VERTEX_POINT ( 'NONE', #476 ) ;
#1238 = VECTOR ( 'NONE', #2280, 1000.000000000000000 ) ;
#1239 = ORIENTED_EDGE ( 'NONE', *, *, #2918, .F. ) ;
#1240 = ADVANCED_FACE ( 'NONE', ( #1337 ), #895, .T. ) ;
#1241 = DATE_TIME_ROLE ( 'creation_date' ) ;
#1242 = CARTESIAN_POINT ( 'NONE',  ( -15.00000000000000711, 39.44861919775701153, -31.50000000000000000 ) ) ;
#1243 = VECTOR ( 'NONE', #59, 1000.000000000000000 ) ;
#1244 = ORIENTED_EDGE ( 'NONE', *, *, #2292, .T. ) ;
#1245 = CARTESIAN_POINT ( 'NONE',  ( -38.57441366914013514, 3.000000000000000000, 35.53999999999999915 ) ) ;
#1246 = ORIENTED_EDGE ( 'NONE', *, *, #3702, .T. ) ;
#1247 = ORIENTED_EDGE ( 'NONE', *, *, #2232, .T. ) ;
#1248 = ADVANCED_FACE ( 'NONE', ( #4058 ), #981, .F. ) ;
#1249 = AXIS2_PLACEMENT_3D ( 'NONE', #5235, #3063, #4340 ) ;
#1250 = LINE ( 'NONE', #2603, #3736 ) ;
#1251 = LINE ( 'NONE', #3844, #1308 ) ;
#1252 = VECTOR ( 'NONE', #686, 1000.000000000000000 ) ;
#1253 = CARTESIAN_POINT ( 'NONE',  ( -31.05395286684827383, -16.99999999999999645, 33.64095925806566356 ) ) ;
#1254 = EDGE_CURVE ( 'NONE', #2526, #4906, #2735, .T. ) ;
#1255 = PRODUCT_RELATED_PRODUCT_CATEGORY ( 'detail', '', ( #1498 ) ) ;
#1256 = CARTESIAN_POINT ( 'NONE',  ( -12.00000000000000000, 39.44861919775701153, 31.50000000000000000 ) ) ;
#1257 = FACE_OUTER_BOUND ( 'NONE', #1654, .T. ) ;
#1258 = DIRECTION ( 'NONE',  ( 0.000000000000000000, -1.000000000000000000, 0.000000000000000000 ) ) ;
#1259 = DIRECTION ( 'NONE',  ( 0.000000000000000000, -0.000000000000000000, 1.000000000000000000 ) ) ;
#1260 = CARTESIAN_POINT ( 'NONE',  ( -18.00000000000000711, 0.000000000000000000, -18.50000000000000000 ) ) ;
#1261 = ADVANCED_FACE ( 'NONE', ( #4088 ), #1894, .F. ) ;
#1262 = VERTEX_POINT ( 'NONE', #2578 ) ;
#1263 = ORIENTED_EDGE ( 'NONE', *, *, #1934, .T. ) ;
#1264 = DIRECTION ( 'NONE',  ( 0.000000000000000000, 0.000000000000000000, 1.000000000000000000 ) ) ;
#1265 = CONTEXT_DEPENDENT_SHAPE_REPRESENTATION ( #484, #1895 ) ;
#1266 = CARTESIAN_POINT ( 'NONE',  ( -2.999999999999999112, 3.000000000000000000, 43.64095925806566356 ) ) ;
#1267 = CARTESIAN_POINT ( 'NONE',  ( 17.99999999999999289, -8.000000000000000000, -18.50000000000000355 ) ) ;
#1268 = EDGE_CURVE ( 'NONE', #4118, #5165, #4115, .T. ) ;
#1269 = VERTEX_POINT ( 'NONE', #3292 ) ;
#1270 = ORIENTED_EDGE ( 'NONE', *, *, #5648, .T. ) ;
#1271 = CALENDAR_DATE ( 2025, 23, 9 ) ;
#1272 = CARTESIAN_POINT ( 'NONE',  ( -15.00000000000000711, 46.00000000000000000, -21.50000000000000000 ) ) ;
#1273 = EDGE_CURVE ( 'NONE', #5598, #2555, #1728, .T. ) ;
#1274 = CARTESIAN_POINT ( 'NONE',  ( -33.00000000000000000, 19.00000000000000000, -3.000031882232207625 ) ) ;
#1275 = EDGE_CURVE ( 'NONE', #1893, #1237, #1151, .T. ) ;
#1276 = ORIENTED_EDGE ( 'NONE', *, *, #5714, .F. ) ;
#1277 = ORIENTED_EDGE ( 'NONE', *, *, #3215, .F. ) ;
#1278 = VECTOR ( 'NONE', #4578, 1000.000000000000000 ) ;
#1279 = CARTESIAN_POINT ( 'NONE',  ( 14.99999999999999645, 39.44861919775701153, -31.50000000000000000 ) ) ;
#1280 = PLANE ( 'NONE',  #3910 ) ;
#1281 = CARTESIAN_POINT ( 'NONE',  ( 14.99999999999999645, 27.44861919775700443, -21.50000000000000000 ) ) ;
#1282 = LINE ( 'NONE', #791, #5452 ) ;
#1283 = EDGE_CURVE ( 'NONE', #3686, #1305, #240, .T. ) ;
#1284 = DIRECTION ( 'NONE',  ( 1.000000000000000000, 0.000000000000000000, -0.000000000000000000 ) ) ;
#1285 = LINE ( 'NONE', #2608, #2312 ) ;
#1286 = DIRECTION ( 'NONE',  ( 0.000000000000000000, 0.000000000000000000, -1.000000000000000000 ) ) ;
#1287 = CARTESIAN_POINT ( 'NONE',  ( -18.00000000000000711, 46.00000000000000000, -21.50000000000000000 ) ) ;
#1288 = DIRECTION ( 'NONE',  ( -0.000000000000000000, -0.000000000000000000, 1.000000000000000000 ) ) ;
#1289 = ORIENTED_EDGE ( 'NONE', *, *, #4833, .F. ) ;
#1290 = ORIENTED_EDGE ( 'NONE', *, *, #1447, .T. ) ;
#1291 = EDGE_CURVE ( 'NONE', #3980, #1575, #4120, .T. ) ;
#1292 = FACE_BOUND ( 'NONE', #3310, .T. ) ;
#1293 = DIRECTION ( 'NONE',  ( 0.000000000000000000, 0.000000000000000000, 1.000000000000000000 ) ) ;
#1294 = AXIS2_PLACEMENT_3D ( 'NONE', #4830, #858, #1293 ) ;
#1295 = CC_DESIGN_APPROVAL ( #928, ( #536 ) ) ;
#1296 = ORIENTED_EDGE ( 'NONE', *, *, #915, .T. ) ;
#1297 = ORIENTED_EDGE ( 'NONE', *, *, #4790, .F. ) ;
#1298 = LINE ( 'NONE', #863, #3753 ) ;
#1299 = EDGE_CURVE ( 'NONE', #687, #437, #4239, .T. ) ;
#1300 = AXIS2_PLACEMENT_3D ( 'NONE', #2746, #70, #1875 ) ;
#1301 = LOCAL_TIME ( 2, 41, 34.00000000000000000, #1090 ) ;
#1302 = CARTESIAN_POINT ( 'NONE',  ( -22.99999999999998934, 22.31639237894032135, -1.734723475976807094E-15 ) ) ;
#1303 = DIRECTION ( 'NONE',  ( -2.928627140084648467E-16, -0.000000000000000000, -1.000000000000000000 ) ) ;
#1304 = VECTOR ( 'NONE', #1554, 1000.000000000000000 ) ;
#1305 = VERTEX_POINT ( 'NONE', #2412 ) ;
#1306 = ORIENTED_EDGE ( 'NONE', *, *, #914, .F. ) ;
#1307 = CARTESIAN_POINT ( 'NONE',  ( -45.00000000000000711, -7.000000000000000000, 30.54000000000000270 ) ) ;
#1308 = VECTOR ( 'NONE', #5260, 1000.000000000000000 ) ;
#1309 = LINE ( 'NONE', #3095, #5114 ) ;
#1310 = AXIS2_PLACEMENT_3D ( 'NONE', #2208, #2550, #5730 ) ;
#1311 = CARTESIAN_POINT ( 'NONE',  ( 27.99999999999998934, 27.44861919775700443, -15.50000000000000000 ) ) ;
#1312 = CARTESIAN_POINT ( 'NONE',  ( -15.00000000000000711, 46.00000000000000000, 18.49999999999999645 ) ) ;
#1313 = FACE_OUTER_BOUND ( 'NONE', #2643, .T. ) ;
#1314 = DIRECTION ( 'NONE',  ( -0.000000000000000000, 1.000000000000000000, -0.000000000000000000 ) ) ;
#1315 = FACE_OUTER_BOUND ( 'NONE', #1972, .T. ) ;
#1316 = AXIS2_PLACEMENT_3D ( 'NONE', #486, #2769, #427 ) ;
#1317 = FACE_BOUND ( 'NONE', #1952, .T. ) ;
#1318 = DIRECTION ( 'NONE',  ( -0.000000000000000000, -1.000000000000000000, -0.000000000000000000 ) ) ;
#1319 = AXIS2_PLACEMENT_3D ( 'NONE', #4643, #3788, #613 ) ;
#1320 = ORIENTED_EDGE ( 'NONE', *, *, #35, .T. ) ;
#1321 = EDGE_CURVE ( 'NONE', #2319, #5024, #685, .T. ) ;
#1322 = EDGE_CURVE ( 'NONE', #5605, #2613, #4629, .T. ) ;
#1323 = AXIS2_PLACEMENT_3D ( 'NONE', #4431, #2224, #3124 ) ;
#1324 = FACE_OUTER_BOUND ( 'NONE', #893, .T. ) ;
#1325 = DIRECTION ( 'NONE',  ( 0.000000000000000000, 0.000000000000000000, 1.000000000000000000 ) ) ;
#1326 = ORIENTED_EDGE ( 'NONE', *, *, #2553, .T. ) ;
#1327 = ORIENTED_EDGE ( 'NONE', *, *, #1659, .T. ) ;
#1328 = EDGE_CURVE ( 'NONE', #4736, #394, #660, .T. ) ;
#1329 = AXIS2_PLACEMENT_3D ( 'NONE', #917, #1439, #1001 ) ;
#1330 = DATE_AND_TIME ( #2651, #163 ) ;
#1331 = CARTESIAN_POINT ( 'NONE',  ( 2.999999999999990674, 23.00000000000000000, 35.53999999999999915 ) ) ;
#1332 = AXIS2_PLACEMENT_3D ( 'NONE', #4353, #349, #5213 ) ;
#1333 = LINE ( 'NONE', #4893, #3404 ) ;
#1334 = ORIENTED_EDGE ( 'NONE', *, *, #4448, .T. ) ;
#1335 = ORIENTED_EDGE ( 'NONE', *, *, #4492, .T. ) ;
#1336 = EDGE_CURVE ( 'NONE', #362, #1408, #4660, .T. ) ;
#1337 = FACE_OUTER_BOUND ( 'NONE', #326, .T. ) ;
#1338 = AXIS2_PLACEMENT_3D ( 'NONE', #5158, #5249, #4331 ) ;
#1339 = LINE ( 'NONE', #5259, #2080 ) ;
#1340 = LINE ( 'NONE', #2710, #3947 ) ;
#1341 = VECTOR ( 'NONE', #3205, 1000.000000000000000 ) ;
#1342 = AXIS2_PLACEMENT_3D ( 'NONE', #3210, #902, #68 ) ;
#1343 = CARTESIAN_POINT ( 'NONE',  ( 17.99999999999999289, -8.000000000000000000, 21.49999999999999645 ) ) ;
#1344 = VECTOR ( 'NONE', #1160, 1000.000000000000000 ) ;
#1345 = PLANE ( 'NONE',  #1342 ) ;
#1346 = DIRECTION ( 'NONE',  ( -1.000000000000000000, 0.000000000000000000, 6.938893903907229610E-17 ) ) ;
#1347 = DIRECTION ( 'NONE',  ( -0.000000000000000000, 1.000000000000000000, -0.000000000000000000 ) ) ;
#1348 = FACE_OUTER_BOUND ( 'NONE', #1528, .T. ) ;
#1349 = EDGE_CURVE ( 'NONE', #721, #5503, #1129, .T. ) ;
#1350 = CIRCLE ( 'NONE', #4609, 1.499999999999997780 ) ;
#1351 = ORIENTED_EDGE ( 'NONE', *, *, #1205, .F. ) ;
#1352 = ADVANCED_FACE ( 'NONE', ( #2911 ), #5560, .F. ) ;
#1353 = CARTESIAN_POINT ( 'NONE',  ( -1.127570259384924611E-14, 23.00000000000000000, -35.53999999999999915 ) ) ;
#1354 = CARTESIAN_POINT ( 'NONE',  ( -8.000000000000007105, 9.999999999999998224, 21.49999999999999645 ) ) ;
#1355 = ORIENTED_EDGE ( 'NONE', *, *, #5469, .F. ) ;
#1356 = ORIENTED_EDGE ( 'NONE', *, *, #1697, .T. ) ;
#1357 = DATE_TIME_ROLE ( 'creation_date' ) ;
#1358 = DIRECTION ( 'NONE',  ( -0.000000000000000000, -1.000000000000000000, -0.000000000000000000 ) ) ;
#1359 = CARTESIAN_POINT ( 'NONE',  ( -15.00000000000000711, 13.00000000000000000, -21.50000000000000000 ) ) ;
#1360 = VERTEX_POINT ( 'NONE', #1984 ) ;
#1361 = ORIENTED_EDGE ( 'NONE', *, *, #124, .T. ) ;
#1362 = DIRECTION ( 'NONE',  ( 0.000000000000000000, 0.000000000000000000, 1.000000000000000000 ) ) ;
#1363 = EDGE_CURVE ( 'NONE', #3146, #2822, #5534, .T. ) ;
#1364 = DIRECTION ( 'NONE',  ( -1.000000000000000000, 0.000000000000000000, 0.000000000000000000 ) ) ;
#1365 = CARTESIAN_POINT ( 'NONE',  ( 22.99999999999998934, 27.44861919775700443, -1.734723475976807094E-15 ) ) ;
#1366 = CARTESIAN_POINT ( 'NONE',  ( 40.00000000000000711, 23.00000000000000000, 30.54000000000000270 ) ) ;
#1367 = DIRECTION ( 'NONE',  ( 0.000000000000000000, 0.000000000000000000, 1.000000000000000000 ) ) ;
#1368 = DIRECTION ( 'NONE',  ( -0.000000000000000000, 1.000000000000000000, -0.000000000000000000 ) ) ;
#1369 = DIRECTION ( 'NONE',  ( 0.000000000000000000, 0.000000000000000000, 1.000000000000000000 ) ) ;
#1370 = ORIENTED_EDGE ( 'NONE', *, *, #1077, .F. ) ;
#1371 = LINE ( 'NONE', #1463, #5511 ) ;
#1372 = PERSON ( 'NAUO-PER1', 'UNSPECIFIED', 'UNSPECIFIED', ('UNSPECIFIED'), ('UNSPECIFIED'), ('UNSPECIFIED') ) ;
#1373 = CARTESIAN_POINT ( 'NONE',  ( -15.99999999999999645, 12.99999999999999112, -19.50000000000000000 ) ) ;
#1374 = ORIENTED_EDGE ( 'NONE', *, *, #3569, .T. ) ;
#1375 = EDGE_LOOP ( 'NONE', ( #3457, #2018, #1986, #431, #4782, #169, #3957, #1878, #2629, #2378 ) ) ;
#1376 = APPROVAL_STATUS ( 'not_yet_approved' ) ;
#1377 = DIRECTION ( 'NONE',  ( -0.000000000000000000, 1.000000000000000000, -0.000000000000000000 ) ) ;
#1378 = ORIENTED_EDGE ( 'NONE', *, *, #5772, .T. ) ;
#1379 = CARTESIAN_POINT ( 'NONE',  ( 17.99999999999999289, 39.31639237894030714, 18.49999999999999645 ) ) ;
#1380 = ORIENTED_EDGE ( 'NONE', *, *, #4208, .F. ) ;
#1381 = ORIENTED_EDGE ( 'NONE', *, *, #5215, .F. ) ;
#1382 = VECTOR ( 'NONE', #465, 1000.000000000000000 ) ;
#1383 = LOCAL_TIME ( 2, 41, 34.00000000000000000, #1471 ) ;
#1384 = EDGE_CURVE ( 'NONE', #4648, #3772, #5476, .T. ) ;
#1385 = FACE_OUTER_BOUND ( 'NONE', #2222, .T. ) ;
#1386 = VECTOR ( 'NONE', #675, 1000.000000000000000 ) ;
#1387 = DIRECTION ( 'NONE',  ( 0.000000000000000000, 0.000000000000000000, 1.000000000000000000 ) ) ;
#1388 = VERTEX_POINT ( 'NONE', #5035 ) ;
#1389 = EDGE_CURVE ( 'NONE', #4564, #2886, #1954, .T. ) ;
#1390 = AXIS2_PLACEMENT_3D ( 'NONE', #3784, #4246, #2450 ) ;
#1391 = AXIS2_PLACEMENT_3D ( 'NONE', #2758, #3523, #524 ) ;
#1392 = FACE_OUTER_BOUND ( 'NONE', #3395, .T. ) ;
#1393 = DIRECTION ( 'NONE',  ( 0.000000000000000000, 1.000000000000000000, 0.000000000000000000 ) ) ;
#1394 = FACE_OUTER_BOUND ( 'NONE', #1607, .T. ) ;
#1395 = FACE_OUTER_BOUND ( 'NONE', #972, .T. ) ;
#1396 = FACE_BOUND ( 'NONE', #2722, .T. ) ;
#1397 = EDGE_LOOP ( 'NONE', ( #3456, #5006, #532, #4804, #2907, #4128, #4967, #4030, #2620, #3190, #4800, #4124, #5270, #1798, #4944, #2759, #1681, #1724, #2525, #4723, #5385, #170, #4625, #2790 ) ) ;
#1398 = EDGE_CURVE ( 'NONE', #271, #5243, #4210, .T. ) ;
#1399 = DIRECTION ( 'NONE',  ( 0.000000000000000000, -1.000000000000000000, 0.000000000000000000 ) ) ;
#1400 = PLANE ( 'NONE',  #1203 ) ;
#1401 = LINE ( 'NONE', #3189, #3333 ) ;
#1402 = VERTEX_POINT ( 'NONE', #2792 ) ;
#1403 = ORIENTED_EDGE ( 'NONE', *, *, #4090, .T. ) ;
#1404 = VECTOR ( 'NONE', #4931, 1000.000000000000000 ) ;
#1405 = APPLICATION_PROTOCOL_DEFINITION ( 'international standard', 'config_control_design', 1994, #1583 ) ;
#1406 = DIRECTION ( 'NONE',  ( -0.000000000000000000, -0.000000000000000000, 1.000000000000000000 ) ) ;
#1407 = CARTESIAN_POINT ( 'NONE',  ( -33.00000000000000000, -5.000000000000004441, 6.424901762877070398E-16 ) ) ;
#1408 = VERTEX_POINT ( 'NONE', #3716 ) ;
#1409 = FACE_OUTER_BOUND ( 'NONE', #5339, .T. ) ;
#1410 = ORIENTED_EDGE ( 'NONE', *, *, #501, .T. ) ;
#1411 = AXIS2_PLACEMENT_3D ( 'NONE', #3174, #2793, #1896 ) ;
#1412 = VERTEX_POINT ( 'NONE', #126 ) ;
#1413 = DIRECTION ( 'NONE',  ( -3.138221453535817011E-12, 0.000000000000000000, 1.000000000000000000 ) ) ;
#1414 = LINE ( 'NONE', #3147, #4290 ) ;
#1415 = DIRECTION ( 'NONE',  ( -9.396418828207704437E-16, -1.000000000000000000, -0.000000000000000000 ) ) ;
#1416 = AXIS2_PLACEMENT_3D ( 'NONE', #2435, #5500, #4682 ) ;
#1417 = DIRECTION ( 'NONE',  ( -0.000000000000000000, 1.000000000000000000, -0.000000000000000000 ) ) ;
#1418 = EDGE_CURVE ( 'NONE', #2854, #5646, #3019, .T. ) ;
#1419 = EDGE_LOOP ( 'NONE', ( #5690, #304, #4531, #4153, #2561, #1025 ) ) ;
#1420 = AXIS2_PLACEMENT_3D ( 'NONE', #1686, #801, #2645 ) ;
#1421 = DIRECTION ( 'NONE',  ( -1.000000000000000000, -1.734723475976807094E-16, 0.000000000000000000 ) ) ;
#1422 = LINE ( 'NONE', #513, #2101 ) ;
#1423 = CARTESIAN_POINT ( 'NONE',  ( 15.99999999999999645, 41.00000000000000000, -19.50000000000000000 ) ) ;
#1424 = ADVANCED_FACE ( 'NONE', ( #3320 ), #1663, .T. ) ;
#1425 = AXIS2_PLACEMENT_3D ( 'NONE', #1445, #3231, #790 ) ;
#1426 = APPROVAL ( #3115, 'UNSPECIFIED' ) ;
#1427 = CARTESIAN_POINT ( 'NONE',  ( -15.00000000000000711, -8.000000000000000000, 18.49999999999999645 ) ) ;
#1428 = VECTOR ( 'NONE', #3011, 1000.000000000000000 ) ;
#1429 = DIRECTION ( 'NONE',  ( 0.000000000000000000, -1.000000000000000000, 0.000000000000000000 ) ) ;
#1430 = ORIENTED_EDGE ( 'NONE', *, *, #5112, .T. ) ;
#1431 = AXIS2_PLACEMENT_3D ( 'NONE', #4061, #4947, #1387 ) ;
#1432 = DIRECTION ( 'NONE',  ( 1.000000000000000000, -8.673617379884035472E-16, 0.000000000000000000 ) ) ;
#1433 = DIRECTION ( 'NONE',  ( -0.000000000000000000, -0.000000000000000000, -1.000000000000000000 ) ) ;
#1434 = ADVANCED_FACE ( 'NONE', ( #2165 ), #5683, .T. ) ;
#1435 = DIRECTION ( 'NONE',  ( -1.000000000000000000, 0.000000000000000000, 0.000000000000000000 ) ) ;
#1436 = CIRCLE ( 'NONE', #5734, 5.000000000000000888 ) ;
#1437 = ORIENTED_EDGE ( 'NONE', *, *, #432, .T. ) ;
#1438 = VERTEX_POINT ( 'NONE', #329 ) ;
#1439 = DIRECTION ( 'NONE',  ( -0.000000000000000000, -1.000000000000000000, -0.000000000000000000 ) ) ;
#1440 = CARTESIAN_POINT ( 'NONE',  ( 15.99999999999999645, 46.00000000000000000, 19.50000000000000000 ) ) ;
#1441 = VERTEX_POINT ( 'NONE', #2133 ) ;
#1442 = PLANE ( 'NONE',  #879 ) ;
#1443 = ORIENTED_EDGE ( 'NONE', *, *, #3348, .F. ) ;
#1444 = EDGE_LOOP ( 'NONE', ( #3824, #1239, #4474, #1946 ) ) ;
#1445 = CARTESIAN_POINT ( 'NONE',  ( -18.00000000000000711, 46.00000000000000000, -21.50000000000000000 ) ) ;
#1446 = DIRECTION ( 'NONE',  ( 0.000000000000000000, 1.000000000000000000, 0.000000000000000000 ) ) ;
#1447 = EDGE_CURVE ( 'NONE', #4751, #3201, #2655, .T. ) ;
#1448 = ORIENTED_EDGE ( 'NONE', *, *, #4948, .F. ) ;
#1449 = CARTESIAN_POINT ( 'NONE',  ( -35.05394252513385567, 0.000000000000000000, -33.38851452574947132 ) ) ;
#1450 = EDGE_CURVE ( 'NONE', #824, #499, #2457, .T. ) ;
#1451 = VERTEX_POINT ( 'NONE', #3373 ) ;
#1452 = DIRECTION ( 'NONE',  ( 0.000000000000000000, 0.000000000000000000, 1.000000000000000000 ) ) ;
#1453 = DIRECTION ( 'NONE',  ( 0.000000000000000000, 1.000000000000000000, -0.000000000000000000 ) ) ;
#1454 = DIRECTION ( 'NONE',  ( 0.000000000000000000, -1.000000000000000000, 0.000000000000000000 ) ) ;
#1455 = LINE ( 'NONE', #3271, #3453 ) ;
#1456 = CARTESIAN_POINT ( 'NONE',  ( -21.50000000000000000, 18.00000000000000000, -43.38851452574947132 ) ) ;
#1457 = CARTESIAN_POINT ( 'NONE',  ( -8.000000000000007105, 9.999999999999998224, -21.50000000000000000 ) ) ;
#1458 = VECTOR ( 'NONE', #1652, 1000.000000000000000 ) ;
#1459 = ORIENTED_EDGE ( 'NONE', *, *, #2912, .T. ) ;
#1460 = SHAPE_REPRESENTATION ( 'battery_platform', ( #2332 ), #2528 ) ;
#1461 = APPROVAL ( #1376, 'UNSPECIFIED' ) ;
#1462 = LINE ( 'NONE', #1026, #5076 ) ;
#1463 = CARTESIAN_POINT ( 'NONE',  ( -24.99999999999998934, 39.31639237894030714, 18.49999999999999645 ) ) ;
#1464 = CARTESIAN_POINT ( 'NONE',  ( -18.00000000000000711, -8.000000000000000000, 21.49999999999999645 ) ) ;
#1465 = UNCERTAINTY_MEASURE_WITH_UNIT (LENGTH_MEASURE( 1.000000000000000082E-05 ), #3134, 'distance_accuracy_value', 'NONE');
#1466 = CYLINDRICAL_SURFACE ( 'NONE', #5581, 2.999999999999999112 ) ;
#1467 = EDGE_CURVE ( 'NONE', #721, #1831, #578, .T. ) ;
#1468 = ORIENTED_EDGE ( 'NONE', *, *, #4521, .T. ) ;
#1469 = ORIENTED_EDGE ( 'NONE', *, *, #2114, .T. ) ;
#1470 = ADVANCED_FACE ( 'NONE', ( #2965 ), #2941, .T. ) ;
#1471 = COORDINATED_UNIVERSAL_TIME_OFFSET ( 7, 0, .AHEAD. ) ;
#1472 = CARTESIAN_POINT ( 'NONE',  ( -6.250000000000002665, 7.999999999999998224, -38.38851452574947842 ) ) ;
#1473 = DIRECTION ( 'NONE',  ( -1.334402673828313339E-16, 1.000000000000000000, 0.000000000000000000 ) ) ;
#1474 = ORIENTED_EDGE ( 'NONE', *, *, #3682, .T. ) ;
#1475 = CARTESIAN_POINT ( 'NONE',  ( -38.42605021233617890, 3.000000000000000000, -35.53999999999999915 ) ) ;
#1476 = ORIENTED_EDGE ( 'NONE', *, *, #4060, .F. ) ;
#1477 = ADVANCED_FACE ( 'NONE', ( #5191 ), #354, .T. ) ;
#1478 = ORIENTED_EDGE ( 'NONE', *, *, #4705, .T. ) ;
#1479 = CARTESIAN_POINT ( 'NONE',  ( 40.00000000000000711, 18.00000000000000000, 30.54000000000000270 ) ) ;
#1480 = CARTESIAN_POINT ( 'NONE',  ( 2.999999999999996891, -3.035766082959412415E-15, 35.53999999999999915 ) ) ;
#1481 = VERTEX_POINT ( 'NONE', #4357 ) ;
#1482 = DIRECTION ( 'NONE',  ( 0.000000000000000000, 1.000000000000000000, 0.000000000000000000 ) ) ;
#1483 = CIRCLE ( 'NONE', #162, 2.999999999999999112 ) ;
#1484 = LOCAL_TIME ( 2, 41, 34.00000000000000000, #4890 ) ;
#1485 = ORIENTED_EDGE ( 'NONE', *, *, #1321, .F. ) ;
#1486 = EDGE_CURVE ( 'NONE', #2901, #5517, #3773, .T. ) ;
#1487 = AXIS2_PLACEMENT_3D ( 'NONE', #3506, #4288, #318 ) ;
#1488 = CARTESIAN_POINT ( 'NONE',  ( -1.734723475976807094E-15, 22.44861919775702219, 26.50000000000000000 ) ) ;
#1489 = LOCAL_TIME ( 2, 41, 34.00000000000000000, #146 ) ;
#1490 = CARTESIAN_POINT ( 'NONE',  ( -18.00000000000000711, -5.000000000000000000, -21.50000000000000000 ) ) ;
#1491 = CARTESIAN_POINT ( 'NONE',  ( -15.00000000000000711, 27.44861919775700443, 28.50000000000000000 ) ) ;
#1492 = DIRECTION ( 'NONE',  ( -1.000000000000000000, 0.000000000000000000, 0.000000000000000000 ) ) ;
#1493 = CIRCLE ( 'NONE', #2984, 2.999999999999999112 ) ;
#1494 = CIRCLE ( 'NONE', #2893, 2.400000000000000799 ) ;
#1495 = ORIENTED_EDGE ( 'NONE', *, *, #643, .F. ) ;
#1496 = LINE ( 'NONE', #277, #2843 ) ;
#1497 = DIRECTION ( 'NONE',  ( 0.000000000000000000, -0.000000000000000000, -1.000000000000000000 ) ) ;
#1498 = PRODUCT ( 'Battery_Platform_Assem', 'Battery_Platform_Assem', '', ( #2855 ) ) ;
#1499 = CARTESIAN_POINT ( 'NONE',  ( -45.00000000000000711, 3.000000000000000000, -35.53999999999999915 ) ) ;
#1500 = EDGE_CURVE ( 'NONE', #137, #4245, #2095, .T. ) ;
#1501 = ORIENTED_EDGE ( 'NONE', *, *, #5039, .F. ) ;
#1502 = ORIENTED_EDGE ( 'NONE', *, *, #5549, .T. ) ;
#1503 = APPROVAL_ROLE ( '' ) ;
#1504 = FACE_OUTER_BOUND ( 'NONE', #3073, .T. ) ;
#1505 = CARTESIAN_POINT ( 'NONE',  ( 14.99999999999999289, 46.00000000000000000, 18.49999999999999645 ) ) ;
#1506 = EDGE_CURVE ( 'NONE', #4687, #4813, #3864, .T. ) ;
#1507 = VECTOR ( 'NONE', #3633, 1000.000000000000000 ) ;
#1508 = EDGE_CURVE ( 'NONE', #2322, #362, #2993, .T. ) ;
#1509 = DIRECTION ( 'NONE',  ( -0.000000000000000000, -0.000000000000000000, 1.000000000000000000 ) ) ;
#1510 = ORIENTED_EDGE ( 'NONE', *, *, #1601, .F. ) ;
#1511 = VECTOR ( 'NONE', #5403, 1000.000000000000000 ) ;
#1512 = ORIENTED_EDGE ( 'NONE', *, *, #1205, .T. ) ;
#1513 = PERSON_AND_ORGANIZATION_ROLE ( 'creator' ) ;
#1514 = DIRECTION ( 'NONE',  ( 0.000000000000000000, -1.000000000000000000, 0.000000000000000000 ) ) ;
#1515 = CYLINDRICAL_SURFACE ( 'NONE', #3187, 3.000000000000000000 ) ;
#1516 = ORIENTED_EDGE ( 'NONE', *, *, #2974, .F. ) ;
#1517 = AXIS2_PLACEMENT_3D ( 'NONE', #183, #661, #5069 ) ;
#1518 = EDGE_CURVE ( 'NONE', #5008, #4396, #2131, .T. ) ;
#1519 = LINE ( 'NONE', #3297, #493 ) ;
#1520 = ORIENTED_EDGE ( 'NONE', *, *, #760, .T. ) ;
#1521 = PERSON ( 'UNSPECIFIED', 'UNSPECIFIED', 'UNSPECIFIED', ('UNSPECIFIED'), ('UNSPECIFIED'), ('UNSPECIFIED') ) ;
#1522 = VECTOR ( 'NONE', #654, 1000.000000000000000 ) ;
#1523 = CYLINDRICAL_SURFACE ( 'NONE', #267, 5.000000000000000888 ) ;
#1524 = FACE_OUTER_BOUND ( 'NONE', #1444, .T. ) ;
#1525 = FACE_OUTER_BOUND ( 'NONE', #4068, .T. ) ;
#1526 = EDGE_CURVE ( 'NONE', #251, #2196, #3918, .T. ) ;
#1527 = AXIS2_PLACEMENT_3D ( 'NONE', #4644, #644, #4192 ) ;
#1528 = EDGE_LOOP ( 'NONE', ( #5364, #2506, #2523, #1374 ) ) ;
#1529 = AXIS2_PLACEMENT_3D ( 'NONE', #2909, #2071, #691 ) ;
#1530 = EDGE_CURVE ( 'NONE', #4742, #2353, #1298, .T. ) ;
#1531 = DIRECTION ( 'NONE',  ( 0.000000000000000000, 0.000000000000000000, 1.000000000000000000 ) ) ;
#1532 = DIRECTION ( 'NONE',  ( -0.000000000000000000, -0.000000000000000000, -1.000000000000000000 ) ) ;
#1533 = DIRECTION ( 'NONE',  ( 0.000000000000000000, 0.000000000000000000, 1.000000000000000000 ) ) ;
#1534 = ORIENTED_EDGE ( 'NONE', *, *, #4714, .T. ) ;
#1535 = CIRCLE ( 'NONE', #3397, 2.999999999999999112 ) ;
#1536 = ORIENTED_EDGE ( 'NONE', *, *, #3131, .F. ) ;
#1537 = EDGE_CURVE ( 'NONE', #735, #4724, #5767, .T. ) ;
#1538 = APPROVAL_DATE_TIME ( #2006, #2082 ) ;
#1539 = DIRECTION ( 'NONE',  ( 0.000000000000000000, 0.000000000000000000, -1.000000000000000000 ) ) ;
#1540 = CARTESIAN_POINT ( 'NONE',  ( -45.00000000000000711, 3.000000000000000000, 35.53999999999999915 ) ) ;
#1541 = FACE_OUTER_BOUND ( 'NONE', #1667, .T. ) ;
#1542 = VERTEX_POINT ( 'NONE', #439 ) ;
#1543 = ORIENTED_EDGE ( 'NONE', *, *, #720, .F. ) ;
#1544 = AXIS2_PLACEMENT_3D ( 'NONE', #2973, #1190, #1432 ) ;
#1545 = MECHANICAL_CONTEXT ( 'NONE', #5377, 'mechanical' ) ;
#1546 = DIRECTION ( 'NONE',  ( 0.000000000000000000, 0.000000000000000000, 1.000000000000000000 ) ) ;
#1547 = DIRECTION ( 'NONE',  ( 1.000000000000000000, 0.000000000000000000, 0.000000000000000000 ) ) ;
#1548 = ORIENTED_EDGE ( 'NONE', *, *, #1268, .F. ) ;
#1549 = CARTESIAN_POINT ( 'NONE',  ( -15.00000000000000711, 9.999999999999998224, -19.50000000000000000 ) ) ;
#1550 = ORIENTED_EDGE ( 'NONE', *, *, #999, .T. ) ;
#1551 = EDGE_CURVE ( 'NONE', #2098, #5008, #3114, .T. ) ;
#1552 = DIRECTION ( 'NONE',  ( -0.000000000000000000, -0.000000000000000000, 1.000000000000000000 ) ) ;
#1553 = CARTESIAN_POINT ( 'NONE',  ( -8.000000000000007105, 13.00000000000000000, -21.50000000000000000 ) ) ;
#1554 = DIRECTION ( 'NONE',  ( -1.000000000000000000, 0.000000000000000000, 6.938893903907229610E-17 ) ) ;
#1555 = DIRECTION ( 'NONE',  ( 1.000000000000000000, 0.000000000000000000, 0.000000000000000000 ) ) ;
#1556 = ORIENTED_EDGE ( 'NONE', *, *, #3131, .T. ) ;
#1557 = CYLINDRICAL_SURFACE ( 'NONE', #1319, 1.499999999999997780 ) ;
#1558 = CARTESIAN_POINT ( 'NONE',  ( 0.000000000000000000, 23.00000000000000000, 0.000000000000000000 ) ) ;
#1559 = FACE_OUTER_BOUND ( 'NONE', #2979, .T. ) ;
#1560 = DIRECTION ( 'NONE',  ( 0.000000000000000000, 1.000000000000000000, -0.000000000000000000 ) ) ;
#1561 = LINE ( 'NONE', #616, #5645 ) ;
#1562 = EDGE_LOOP ( 'NONE', ( #4363, #4283 ) ) ;
#1563 = ORIENTED_EDGE ( 'NONE', *, *, #3086, .T. ) ;
#1564 = EDGE_CURVE ( 'NONE', #3146, #5750, #1661, .T. ) ;
#1565 = CARTESIAN_POINT ( 'NONE',  ( 39.99999999999998579, 23.00000000000000000, -35.53999999999999204 ) ) ;
#1566 = CARTESIAN_POINT ( 'NONE',  ( 45.00000000019101520, 3.000000000000000000, 30.30434737003840340 ) ) ;
#1567 = CARTESIAN_POINT ( 'NONE',  ( -18.00000000000000711, 46.00000000000000000, 21.49999999999999645 ) ) ;
#1568 = ORIENTED_EDGE ( 'NONE', *, *, #4954, .F. ) ;
#1569 = VERTEX_POINT ( 'NONE', #238 ) ;
#1570 = APPROVAL_ROLE ( '' ) ;
#1571 = CARTESIAN_POINT ( 'NONE',  ( -28.05395286684827383, 0.000000000000000000, 43.64095925806566356 ) ) ;
#1572 = CARTESIAN_POINT ( 'NONE',  ( 39.99999999999998579, 6.000000000000001776, 25.10000000000000142 ) ) ;
#1573 = ORIENTED_EDGE ( 'NONE', *, *, #2616, .F. ) ;
#1574 = DIRECTION ( 'NONE',  ( -0.000000000000000000, -1.000000000000000000, -0.000000000000000000 ) ) ;
#1575 = VERTEX_POINT ( 'NONE', #2039 ) ;
#1576 = ADVANCED_FACE ( 'NONE', ( #5159 ), #3375, .T. ) ;
#1577 = EDGE_CURVE ( 'NONE', #2539, #1831, #1672, .T. ) ;
#1578 = DIRECTION ( 'NONE',  ( 0.000000000000000000, 0.000000000000000000, 1.000000000000000000 ) ) ;
#1579 = AXIS2_PLACEMENT_3D ( 'NONE', #1600, #621, #3770 ) ;
#1580 = CARTESIAN_POINT ( 'NONE',  ( 14.99999999999999645, 46.00000000000000000, 21.49999999999999645 ) ) ;
#1581 = DIRECTION ( 'NONE',  ( -2.023844055306275026E-16, 1.000000000000000000, -0.000000000000000000 ) ) ;
#1582 = EDGE_CURVE ( 'NONE', #57, #1722, #1223, .T. ) ;
#1583 = APPLICATION_CONTEXT ( 'configuration controlled 3d designs of mechanical parts and assemblies' ) ;
#1584 = EDGE_LOOP ( 'NONE', ( #1188, #5282 ) ) ;
#1585 = AXIS2_PLACEMENT_3D ( 'NONE', #1678, #1286, #2092 ) ;
#1586 = LOCAL_TIME ( 2, 41, 34.00000000000000000, #5411 ) ;
#1587 = LINE ( 'NONE', #1764, #4514 ) ;
#1588 = FACE_OUTER_BOUND ( 'NONE', #3856, .T. ) ;
#1589 = CARTESIAN_POINT ( 'NONE',  ( -24.99999999999998934, 39.31639237894030714, -15.50000000000000000 ) ) ;
#1590 = AXIS2_PLACEMENT_3D ( 'NONE', #3208, #3604, #66 ) ;
#1591 = ORIENTED_EDGE ( 'NONE', *, *, #5754, .F. ) ;
#1592 = EDGE_CURVE ( 'NONE', #2031, #5094, #5201, .T. ) ;
#1593 = ORIENTED_EDGE ( 'NONE', *, *, #5039, .T. ) ;
#1594 = ORIENTED_EDGE ( 'NONE', *, *, #868, .T. ) ;
#1595 = AXIS2_PLACEMENT_3D ( 'NONE', #4467, #2693, #4930 ) ;
#1596 = PERSON_AND_ORGANIZATION ( #458, #4554 ) ;
#1597 = VECTOR ( 'NONE', #3270, 1000.000000000000000 ) ;
#1598 = DIRECTION ( 'NONE',  ( -0.000000000000000000, -0.000000000000000000, 1.000000000000000000 ) ) ;
#1599 = CARTESIAN_POINT ( 'NONE',  ( 2.999999999999990674, 3.000000000000000000, 35.53999999999999915 ) ) ;
#1600 = CARTESIAN_POINT ( 'NONE',  ( 24.99999999999998934, 27.44861919775700443, -15.50000000000000000 ) ) ;
#1601 = EDGE_CURVE ( 'NONE', #3617, #4648, #5261, .T. ) ;
#1602 = ORIENTED_EDGE ( 'NONE', *, *, #5422, .T. ) ;
#1603 = ORIENTED_EDGE ( 'NONE', *, *, #753, .T. ) ;
#1604 = CARTESIAN_POINT ( 'NONE',  ( -1.734723475976807094E-15, 22.44861919775702219, 28.89999999999999858 ) ) ;
#1605 = VERTEX_POINT ( 'NONE', #816 ) ;
#1606 = LINE ( 'NONE', #3032, #5175 ) ;
#1607 = EDGE_LOOP ( 'NONE', ( #5202, #4993, #1594, #2270 ) ) ;
#1608 = ORIENTED_EDGE ( 'NONE', *, *, #124, .F. ) ;
#1609 = DIRECTION ( 'NONE',  ( -0.000000000000000000, -0.000000000000000000, -1.000000000000000000 ) ) ;
#1610 = VECTOR ( 'NONE', #4405, 1000.000000000000000 ) ;
#1611 = CARTESIAN_POINT ( 'NONE',  ( 45.00000000019101520, 3.000000000000000000, 30.30434737003840340 ) ) ;
#1612 = EDGE_CURVE ( 'NONE', #5003, #2188, #3567, .T. ) ;
#1613 = DIRECTION ( 'NONE',  ( 0.000000000000000000, 1.000000000000000000, 0.000000000000000000 ) ) ;
#1614 = VECTOR ( 'NONE', #777, 1000.000000000000000 ) ;
#1615 = VERTEX_POINT ( 'NONE', #3475 ) ;
#1616 = PRODUCT_RELATED_PRODUCT_CATEGORY ( 'detail', '', ( #1712 ) ) ;
#1617 = DIRECTION ( 'NONE',  ( 0.000000000000000000, 0.000000000000000000, -1.000000000000000000 ) ) ;
#1618 = CARTESIAN_POINT ( 'NONE',  ( -12.00000000000000711, 12.99999999999999822, 19.50000000000000000 ) ) ;
#1619 = DIRECTION ( 'NONE',  ( 0.000000000000000000, 0.000000000000000000, 1.000000000000000000 ) ) ;
#1620 = LINE ( 'NONE', #2956, #3233 ) ;
#1621 = VERTEX_POINT ( 'NONE', #3845 ) ;
#1622 = EDGE_LOOP ( 'NONE', ( #5337, #26 ) ) ;
#1623 = DIRECTION ( 'NONE',  ( 0.000000000000000000, 0.000000000000000000, 1.000000000000000000 ) ) ;
#1624 = VECTOR ( 'NONE', #563, 1000.000000000000000 ) ;
#1625 = CALENDAR_DATE ( 2025, 23, 9 ) ;
#1626 = ADVANCED_FACE ( 'NONE', ( #3500 ), #5724, .T. ) ;
#1627 = LINE ( 'NONE', #2186, #4406 ) ;
#1628 = CARTESIAN_POINT ( 'NONE',  ( -18.00000000000000711, -5.000000000000000000, 21.49999999999999645 ) ) ;
#1629 = VECTOR ( 'NONE', #5479, 1000.000000000000000 ) ;
#1630 = ORIENTED_EDGE ( 'NONE', *, *, #5496, .T. ) ;
#1631 = ORIENTED_EDGE ( 'NONE', *, *, #1328, .T. ) ;
#1632 = AXIS2_PLACEMENT_3D ( 'NONE', #3179, #986, #3154 ) ;
#1633 = PERSON_AND_ORGANIZATION ( #1521, #4168 ) ;
#1634 = AXIS2_PLACEMENT_3D ( 'NONE', #5241, #5122, #2473 ) ;
#1635 = EDGE_CURVE ( 'NONE', #5579, #2481, #5173, .T. ) ;
#1636 = PLANE ( 'NONE',  #4485 ) ;
#1637 = EDGE_LOOP ( 'NONE', ( #1674, #1516, #517, #1750 ) ) ;
#1638 = EDGE_CURVE ( 'NONE', #86, #3398, #2083, .T. ) ;
#1639 = DIRECTION ( 'NONE',  ( -0.000000000000000000, 1.000000000000000000, -0.000000000000000000 ) ) ;
#1640 = EDGE_LOOP ( 'NONE', ( #4301, #3713, #363, #210 ) ) ;
#1641 = VECTOR ( 'NONE', #4615, 1000.000000000000000 ) ;
#1642 = ORIENTED_EDGE ( 'NONE', *, *, #1938, .F. ) ;
#1643 = LINE ( 'NONE', #3415, #4037 ) ;
#1644 = DIRECTION ( 'NONE',  ( 0.000000000000000000, 0.000000000000000000, -1.000000000000000000 ) ) ;
#1645 = EDGE_CURVE ( 'NONE', #4245, #5579, #5638, .T. ) ;
#1646 = DIRECTION ( 'NONE',  ( 0.000000000000000000, 0.000000000000000000, -1.000000000000000000 ) ) ;
#1647 = VERTEX_POINT ( 'NONE', #3417 ) ;
#1648 = DIRECTION ( 'NONE',  ( 0.000000000000000000, 0.000000000000000000, -1.000000000000000000 ) ) ;
#1649 = CARTESIAN_POINT ( 'NONE',  ( -1.387778780781445676E-14, 1.734723475976807094E-15, 25.10000000000000497 ) ) ;
#1650 = DIRECTION ( 'NONE',  ( 0.000000000000000000, 1.000000000000000000, 0.000000000000000000 ) ) ;
#1651 = LINE ( 'NONE', #1172, #2517 ) ;
#1652 = DIRECTION ( 'NONE',  ( -1.000000000000000000, -0.000000000000000000, -0.000000000000000000 ) ) ;
#1653 = ORIENTED_EDGE ( 'NONE', *, *, #1863, .F. ) ;
#1654 = EDGE_LOOP ( 'NONE', ( #2569, #5309, #1270, #1143, #2796, #4082, #1410, #1152 ) ) ;
#1655 = FACE_OUTER_BOUND ( 'NONE', #3520, .T. ) ;
#1656 = LINE ( 'NONE', #1688, #832 ) ;
#1657 = ORIENTED_EDGE ( 'NONE', *, *, #457, .F. ) ;
#1658 = EDGE_LOOP ( 'NONE', ( #4595, #79, #1218, #2077, #537, #5504, #3644, #4356, #4613 ) ) ;
#1659 = EDGE_CURVE ( 'NONE', #3727, #735, #279, .T. ) ;
#1660 = DIRECTION ( 'NONE',  ( 1.000000000000000000, 0.000000000000000000, 0.000000000000000000 ) ) ;
#1661 = LINE ( 'NONE', #1725, #5262 ) ;
#1662 = APPROVAL_STATUS ( 'not_yet_approved' ) ;
#1663 = PLANE ( 'NONE',  #778 ) ;
#1664 = DIRECTION ( 'NONE',  ( -0.000000000000000000, -1.000000000000000000, 0.000000000000000000 ) ) ;
#1665 = ORIENTED_EDGE ( 'NONE', *, *, #2016, .F. ) ;
#1666 = LINE ( 'NONE', #3380, #1162 ) ;
#1667 = EDGE_LOOP ( 'NONE', ( #1653, #4197, #5548, #1118, #2930, #3818, #2210, #5704 ) ) ;
#1668 = ORIENTED_EDGE ( 'NONE', *, *, #1863, .T. ) ;
#1669 = EDGE_CURVE ( 'NONE', #2671, #862, #4844, .T. ) ;
#1670 = LINE ( 'NONE', #3658, #5338 ) ;
#1671 = CARTESIAN_POINT ( 'NONE',  ( -28.00000000000000355, 18.00000000000000000, -33.38851452574947132 ) ) ;
#1672 = LINE ( 'NONE', #370, #4416 ) ;
#1673 = EDGE_CURVE ( 'NONE', #3543, #2349, #4281, .T. ) ;
#1674 = ORIENTED_EDGE ( 'NONE', *, *, #896, .F. ) ;
#1675 = CARTESIAN_POINT ( 'NONE',  ( -28.05394252513385922, 3.000000000000000000, -43.38851452574947132 ) ) ;
#1676 = DIRECTION ( 'NONE',  ( -1.000000000000000000, 0.000000000000000000, 6.938893903907229610E-17 ) ) ;
#1677 = DIRECTION ( 'NONE',  ( 0.000000000000000000, -0.000000000000000000, -1.000000000000000000 ) ) ;
#1678 = CARTESIAN_POINT ( 'NONE',  ( 7.999999999999992895, 9.999999999999996447, 21.49999999999999645 ) ) ;
#1679 = DIRECTION ( 'NONE',  ( 0.000000000000000000, 0.000000000000000000, 1.000000000000000000 ) ) ;
#1680 = DIRECTION ( 'NONE',  ( -0.000000000000000000, -0.000000000000000000, 1.000000000000000000 ) ) ;
#1681 = ORIENTED_EDGE ( 'NONE', *, *, #4808, .T. ) ;
#1682 = AXIS2_PLACEMENT_3D ( 'NONE', #4262, #1177, #2962 ) ;
#1683 = SECURITY_CLASSIFICATION ( '', '', #5625 ) ;
#1684 = EDGE_LOOP ( 'NONE', ( #3650, #1775, #1443, #2030 ) ) ;
#1685 = AXIS2_PLACEMENT_3D ( 'NONE', #4925, #2719, #4490 ) ;
#1686 = CARTESIAN_POINT ( 'NONE',  ( -35.05394252513385567, 0.000000000000000000, -33.38851452574947132 ) ) ;
#1687 = CC_DESIGN_SECURITY_CLASSIFICATION ( #4465, ( #5796 ) ) ;
#1688 = CARTESIAN_POINT ( 'NONE',  ( -35.05394252513385567, -16.99999999999999645, -29.38851452574947132 ) ) ;
#1689 = ADVANCED_FACE ( 'NONE', ( #2543 ), #4309, .F. ) ;
#1690 = ORIENTED_EDGE ( 'NONE', *, *, #5075, .T. ) ;
#1691 = EDGE_LOOP ( 'NONE', ( #2785, #4147, #2109, #1010 ) ) ;
#1692 = DIRECTION ( 'NONE',  ( 0.000000000000000000, 0.000000000000000000, -1.000000000000000000 ) ) ;
#1693 = CIRCLE ( 'NONE', #3908, 4.999999999999997335 ) ;
#1694 = DATE_AND_TIME ( #328, #923 ) ;
#1695 = DIRECTION ( 'NONE',  ( 0.000000000000000000, 1.000000000000000000, -0.000000000000000000 ) ) ;
#1696 = DIRECTION ( 'NONE',  ( 0.000000000000000000, -1.000000000000000000, 0.000000000000000000 ) ) ;
#1697 = EDGE_CURVE ( 'NONE', #4189, #2547, #4699, .T. ) ;
#1698 = EDGE_CURVE ( 'NONE', #5735, #3406, #3661, .T. ) ;
#1699 = CC_DESIGN_PERSON_AND_ORGANIZATION_ASSIGNMENT ( #1633, #1183, ( #1683 ) ) ;
#1700 = EDGE_LOOP ( 'NONE', ( #833, #4103, #346, #2129, #419, #3685, #4685, #2194, #3671, #3881 ) ) ;
#1701 = PLANE ( 'NONE',  #966 ) ;
#1702 = EDGE_LOOP ( 'NONE', ( #1076, #1502, #3733, #2094 ) ) ;
#1703 = VERTEX_POINT ( 'NONE', #4817 ) ;
#1704 = DIRECTION ( 'NONE',  ( 1.000000000000000000, -0.000000000000000000, 0.000000000000000000 ) ) ;
#1705 = EDGE_CURVE ( 'NONE', #1605, #735, #213, .T. ) ;
#1706 = DIRECTION ( 'NONE',  ( -1.000000000000000000, 0.000000000000000000, 6.938893903907229610E-17 ) ) ;
#1707 = DIRECTION ( 'NONE',  ( 0.000000000000000000, 0.000000000000000000, -1.000000000000000000 ) ) ;
#1708 = EDGE_CURVE ( 'NONE', #4813, #2923, #2634, .T. ) ;
#1709 = AXIS2_PLACEMENT_3D ( 'NONE', #908, #4495, #20 ) ;
#1710 = PLANE ( 'NONE',  #3574 ) ;
#1711 = CARTESIAN_POINT ( 'NONE',  ( -28.05395286684827383, 0.000000000000000000, 43.64095925806566356 ) ) ;
#1713 = CARTESIAN_POINT ( 'NONE',  ( -5.000000000000006217, 9.999999999999998224, -21.50000000000000000 ) ) ;
#1712 = PRODUCT ( 'Emergency_Switch', 'Emergency_Switch', '', ( #2191 ) ) ;
#1714 = CARTESIAN_POINT ( 'NONE',  ( -2.119138198253267783E-15, 18.00000000000000000, -30.54000000000000270 ) ) ;
#1715 = ORIENTED_EDGE ( 'NONE', *, *, #2122, .F. ) ;
#1716 = ORIENTED_EDGE ( 'NONE', *, *, #1801, .T. ) ;
#1717 = LINE ( 'NONE', #1233, #2800 ) ;
#1718 = VECTOR ( 'NONE', #3829, 1000.000000000000000 ) ;
#1719 = DIRECTION ( 'NONE',  ( 0.000000000000000000, -1.000000000000000000, 0.000000000000000000 ) ) ;
#1720 = CARTESIAN_POINT ( 'NONE',  ( -22.99999999999998934, 22.31639237894032135, 2.399999999999999023 ) ) ;
#1721 = EDGE_CURVE ( 'NONE', #2329, #1451, #3303, .T. ) ;
#1722 = VERTEX_POINT ( 'NONE', #2739 ) ;
#1723 = AXIS2_PLACEMENT_3D ( 'NONE', #3485, #1719, #5675 ) ;
#1724 = ORIENTED_EDGE ( 'NONE', *, *, #3496, .T. ) ;
#1725 = CARTESIAN_POINT ( 'NONE',  ( 24.99999999999998934, 27.44861919775700443, -18.50000000000000000 ) ) ;
#1726 = COORDINATED_UNIVERSAL_TIME_OFFSET ( 7, 0, .AHEAD. ) ;
#1727 = DIRECTION ( 'NONE',  ( 1.000000000000000000, -0.000000000000000000, 0.000000000000000000 ) ) ;
#1728 = CIRCLE ( 'NONE', #3112, 5.000000000000000888 ) ;
#1729 = EDGE_LOOP ( 'NONE', ( #1198, #3045, #5081, #3771 ) ) ;
#1730 = CARTESIAN_POINT ( 'NONE',  ( -2.466082893448629597E-15, 18.00000000000000000, -35.53999999999999915 ) ) ;
#1731 = VERTEX_POINT ( 'NONE', #1311 ) ;
#1732 = ORIENTED_EDGE ( 'NONE', *, *, #3269, .T. ) ;
#1733 = AXIS2_PLACEMENT_3D ( 'NONE', #3838, #3000, #1217 ) ;
#1734 = CARTESIAN_POINT ( 'NONE',  ( -31.05394252513385922, 3.000000000000000000, -33.38851452574947132 ) ) ;
#1735 = ADVANCED_FACE ( 'NONE', ( #955 ), #983, .T. ) ;
#1736 = DIRECTION ( 'NONE',  ( -1.000000000000000000, 0.000000000000000000, 0.000000000000000000 ) ) ;
#1737 = AXIS2_PLACEMENT_3D ( 'NONE', #1714, #2906, #4796 ) ;
#1738 = DIRECTION ( 'NONE',  ( 0.000000000000000000, 1.000000000000000000, 0.000000000000000000 ) ) ;
#1739 = EDGE_CURVE ( 'NONE', #4, #2043, #875, .T. ) ;
#1740 = DIRECTION ( 'NONE',  ( 1.000000000000000000, 0.000000000000000000, 0.000000000000000000 ) ) ;
#1741 = PLANE ( 'NONE',  #296 ) ;
#1742 = LINE ( 'NONE', #5670, #553 ) ;
#1743 = DIRECTION ( 'NONE',  ( -0.000000000000000000, 1.000000000000000000, -0.000000000000000000 ) ) ;
#1744 = CIRCLE ( 'NONE', #415, 1.499999999999997780 ) ;
#1745 = CARTESIAN_POINT ( 'NONE',  ( -27.99999999999998934, 39.31639237894030714, 18.49999999999999645 ) ) ;
#1746 = ORIENTED_EDGE ( 'NONE', *, *, #5087, .F. ) ;
#1747 = ORIENTED_EDGE ( 'NONE', *, *, #5160, .T. ) ;
#1748 = DIRECTION ( 'NONE',  ( 0.000000000000000000, 0.000000000000000000, 1.000000000000000000 ) ) ;
#1749 = CARTESIAN_POINT ( 'NONE',  ( -28.05394252513385922, 3.000000000000000000, -43.38851452574947132 ) ) ;
#1750 = ORIENTED_EDGE ( 'NONE', *, *, #1845, .T. ) ;
#1751 = ORIENTED_EDGE ( 'NONE', *, *, #2568, .F. ) ;
#1752 = APPROVAL_ROLE ( '' ) ;
#1753 = VECTOR ( 'NONE', #2144, 1000.000000000000000 ) ;
#1754 = DIRECTION ( 'NONE',  ( 0.000000000000000000, 0.000000000000000000, 1.000000000000000000 ) ) ;
#1755 = ORIENTED_EDGE ( 'NONE', *, *, #5783, .T. ) ;
#1756 = CARTESIAN_POINT ( 'NONE',  ( 0.000000000000000000, 46.00000000000000000, 0.000000000000000000 ) ) ;
#1757 = ORIENTED_EDGE ( 'NONE', *, *, #2433, .T. ) ;
#1758 = ORIENTED_EDGE ( 'NONE', *, *, #5413, .T. ) ;
#1759 = DIRECTION ( 'NONE',  ( -1.000000000000000000, 0.000000000000000000, -0.000000000000000000 ) ) ;
#1760 = CARTESIAN_POINT ( 'NONE',  ( -24.75000000000000000, 7.999999999999998224, -38.38851452574947132 ) ) ;
#1761 = LINE ( 'NONE', #3962, #4029 ) ;
#1762 = EDGE_CURVE ( 'NONE', #2418, #3372, #4918, .T. ) ;
#1763 = EDGE_CURVE ( 'NONE', #1179, #2196, #5316, .T. ) ;
#1764 = CARTESIAN_POINT ( 'NONE',  ( -2.818925648462311528E-15, 0.000000000000000000, 43.64095925806566356 ) ) ;
#1765 = DIRECTION ( 'NONE',  ( 1.000000000000000000, 2.891205793294678622E-15, 0.000000000000000000 ) ) ;
#1766 = LINE ( 'NONE', #3530, #2490 ) ;
#1767 = EDGE_CURVE ( 'NONE', #23, #3058, #1811, .T. ) ;
#1768 = FACE_OUTER_BOUND ( 'NONE', #275, .T. ) ;
#1769 = ORIENTED_EDGE ( 'NONE', *, *, #2362, .F. ) ;
#1770 = ADVANCED_FACE ( 'NONE', ( #1810 ), #4408, .F. ) ;
#1771 = CARTESIAN_POINT ( 'NONE',  ( 0.000000000000000000, 3.000000000000000000, 0.000000000000000000 ) ) ;
#1772 = VECTOR ( 'NONE', #5090, 1000.000000000000000 ) ;
#1773 = APPROVAL_PERSON_ORGANIZATION ( #80, #3849, #3140 ) ;
#1774 = ORIENTED_EDGE ( 'NONE', *, *, #5140, .F. ) ;
#1775 = ORIENTED_EDGE ( 'NONE', *, *, #1299, .F. ) ;
#1776 = CARTESIAN_POINT ( 'NONE',  ( 17.99999999999999289, 0.000000000000000000, 21.49999999999999645 ) ) ;
#1777 = CIRCLE ( 'NONE', #5022, 11.50000000000000000 ) ;
#1778 = PERSON_AND_ORGANIZATION_ROLE ( 'design_owner' ) ;
#1779 = LINE ( 'NONE', #838, #3638 ) ;
#1780 = ORIENTED_EDGE ( 'NONE', *, *, #4721, .T. ) ;
#1781 = LINE ( 'NONE', #5363, #2565 ) ;
#1782 = AXIS2_PLACEMENT_3D ( 'NONE', #2227, #2768, #5781 ) ;
#1783 = ORIENTED_EDGE ( 'NONE', *, *, #2912, .F. ) ;
#1784 = AXIS2_PLACEMENT_3D ( 'NONE', #403, #2207, #1765 ) ;
#1785 = ORIENTED_EDGE ( 'NONE', *, *, #5544, .T. ) ;
#1786 = DIRECTION ( 'NONE',  ( 0.000000000000000000, 1.000000000000000000, 0.000000000000000000 ) ) ;
#1787 = LINE ( 'NONE', #1838, #5590 ) ;
#1788 = CARTESIAN_POINT ( 'NONE',  ( -18.00000000000000711, 19.00000000000000000, 3.000031882232204072 ) ) ;
#1789 = LINE ( 'NONE', #4517, #3651 ) ;
#1790 = AXIS2_PLACEMENT_3D ( 'NONE', #1058, #4255, #2868 ) ;
#1791 = DIRECTION ( 'NONE',  ( 0.000000000000000000, -0.000000000000000000, 1.000000000000000000 ) ) ;
#1792 = DIRECTION ( 'NONE',  ( 0.000000000000000000, -1.000000000000000000, 0.000000000000000000 ) ) ;
#1793 = ORIENTED_EDGE ( 'NONE', *, *, #4919, .F. ) ;
#1794 = CC_DESIGN_PERSON_AND_ORGANIZATION_ASSIGNMENT ( #1596, #2934, ( #4273 ) ) ;
#1795 = EDGE_CURVE ( 'NONE', #5475, #5008, #509, .T. ) ;
#1796 = VECTOR ( 'NONE', #2709, 1000.000000000000000 ) ;
#1797 = CARTESIAN_POINT ( 'NONE',  ( -1.387778780781445676E-14, 0.000000000000000000, 4.881045233474414770E-15 ) ) ;
#1798 = ORIENTED_EDGE ( 'NONE', *, *, #3309, .F. ) ;
#1799 = EDGE_LOOP ( 'NONE', ( #1901, #2573, #4678, #906 ) ) ;
#1800 = AXIS2_PLACEMENT_3D ( 'NONE', #2380, #1064, #5028 ) ;
#1801 = EDGE_CURVE ( 'NONE', #5194, #4588, #5264, .T. ) ;
#1802 = CARTESIAN_POINT ( 'NONE',  ( -31.05394252513385922, 0.000000000000000000, -43.38851452574947132 ) ) ;
#1803 = AXIS2_PLACEMENT_3D ( 'NONE', #4616, #4704, #1970 ) ;
#1804 = DIRECTION ( 'NONE',  ( 0.000000000000000000, 1.000000000000000000, -0.000000000000000000 ) ) ;
#1805 = ORIENTED_EDGE ( 'NONE', *, *, #1698, .T. ) ;
#1806 = ORIENTED_EDGE ( 'NONE', *, *, #4208, .T. ) ;
#1807 = DIRECTION ( 'NONE',  ( -0.000000000000000000, 1.000000000000000000, -0.000000000000000000 ) ) ;
#1808 = AXIS2_PLACEMENT_3D ( 'NONE', #298, #1210, #2100 ) ;
#1809 = FACE_BOUND ( 'NONE', #4540, .T. ) ;
#1810 = FACE_OUTER_BOUND ( 'NONE', #4164, .T. ) ;
#1811 = CIRCLE ( 'NONE', #1431, 1.499999999999997780 ) ;
#1812 = VECTOR ( 'NONE', #1393, 1000.000000000000000 ) ;
#1813 = LINE ( 'NONE', #1872, #4932 ) ;
#1814 = AXIS2_PLACEMENT_3D ( 'NONE', #1857, #3978, #2242 ) ;
#1815 = LINE ( 'NONE', #959, #4601 ) ;
#1816 = DIRECTION ( 'NONE',  ( -0.000000000000000000, -1.000000000000000000, 0.000000000000000000 ) ) ;
#1817 = CARTESIAN_POINT ( 'NONE',  ( 14.99999999999999645, 39.44861919775701153, -31.50000000000000000 ) ) ;
#1818 = FACE_OUTER_BOUND ( 'NONE', #5465, .T. ) ;
#1819 = CIRCLE ( 'NONE', #29, 3.000000000000000000 ) ;
#1820 = ORIENTED_EDGE ( 'NONE', *, *, #2652, .F. ) ;
#1821 = CARTESIAN_POINT ( 'NONE',  ( -3.000000000000002665, 3.000000000000000000, -33.38851452574947132 ) ) ;
#1822 = CARTESIAN_POINT ( 'NONE',  ( -3.000000000000001332, 0.000000000000000000, -40.38851452574947132 ) ) ;
#1823 = DIRECTION ( 'NONE',  ( -0.000000000000000000, -1.000000000000000000, -0.000000000000000000 ) ) ;
#1824 = ORIENTED_EDGE ( 'NONE', *, *, #2307, .F. ) ;
#1825 = ORIENTED_EDGE ( 'NONE', *, *, #1389, .T. ) ;
#1826 = EDGE_CURVE ( 'NONE', #965, #4772, #3206, .T. ) ;
#1827 = APPROVAL_DATE_TIME ( #1032, #1461 ) ;
#1828 = LINE ( 'NONE', #4028, #3837 ) ;
#1829 = ADVANCED_FACE ( 'NONE', ( #2274 ), #3151, .T. ) ;
#1830 = CARTESIAN_POINT ( 'NONE',  ( -2.450284707204156246E-15, 3.000000000000000000, -25.09999999999999787 ) ) ;
#1831 = VERTEX_POINT ( 'NONE', #1867 ) ;
#1832 = ORIENTED_EDGE ( 'NONE', *, *, #2877, .T. ) ;
#1833 = CARTESIAN_POINT ( 'NONE',  ( 44.99999999999999289, 3.000000000000000000, -30.54000000000000625 ) ) ;
#1834 = CARTESIAN_POINT ( 'NONE',  ( -1.387778780781445676E-14, 3.000000000000002665, -25.09999999999999787 ) ) ;
#1835 = EDGE_CURVE ( 'NONE', #3406, #5735, #5535, .T. ) ;
#1836 = FACE_OUTER_BOUND ( 'NONE', #1040, .T. ) ;
#1837 = ORIENTED_EDGE ( 'NONE', *, *, #1721, .F. ) ;
#1838 = CARTESIAN_POINT ( 'NONE',  ( 14.99999999999999645, 39.44861919775701153, 31.50000000000000000 ) ) ;
#1839 = DIRECTION ( 'NONE',  ( 1.000000000000000000, 0.000000000000000000, -6.938893903907229610E-17 ) ) ;
#1840 = CARTESIAN_POINT ( 'NONE',  ( 39.99999999999998579, 6.000000000000001776, 25.10000000000000142 ) ) ;
#1841 = DIRECTION ( 'NONE',  ( 0.000000000000000000, 0.000000000000000000, -1.000000000000000000 ) ) ;
#1842 = CARTESIAN_POINT ( 'NONE',  ( 7.999999999999992895, 9.999999999999996447, -19.50000000000000000 ) ) ;
#1843 = ORIENTED_EDGE ( 'NONE', *, *, #973, .T. ) ;
#1844 = CARTESIAN_POINT ( 'NONE',  ( -9.500000000000005329, 18.00000000000000000, -43.38851452574947132 ) ) ;
#1845 = EDGE_CURVE ( 'NONE', #1438, #4110, #399, .T. ) ;
#1846 = DIRECTION ( 'NONE',  ( -1.000000000000000000, 0.000000000000000000, 0.000000000000000000 ) ) ;
#1847 = EDGE_CURVE ( 'NONE', #3113, #3795, #586, .T. ) ;
#1848 = CARTESIAN_POINT ( 'NONE',  ( 2.999999999999988898, 23.00000000000000000, -35.53999999999999204 ) ) ;
#1849 = ORIENTED_EDGE ( 'NONE', *, *, #1077, .T. ) ;
#1850 = ORIENTED_EDGE ( 'NONE', *, *, #2091, .F. ) ;
#1851 = DATE_AND_TIME ( #502, #1383 ) ;
#1852 = EDGE_CURVE ( 'NONE', #4994, #3257, #1761, .T. ) ;
#1853 = VECTOR ( 'NONE', #5021, 1000.000000000000000 ) ;
#1854 = LINE ( 'NONE', #523, #4585 ) ;
#1855 = DIRECTION ( 'NONE',  ( -0.000000000000000000, -1.000000000000000000, -0.000000000000000000 ) ) ;
#1856 = ORIENTED_EDGE ( 'NONE', *, *, #3552, .F. ) ;
#1857 = CARTESIAN_POINT ( 'NONE',  ( 45.00000000019101520, 0.000000000000000000, 30.30434737003840340 ) ) ;
#1858 = ORIENTED_EDGE ( 'NONE', *, *, #3732, .T. ) ;
#1859 = EDGE_LOOP ( 'NONE', ( #151, #2516, #3413, #1543 ) ) ;
#1860 = VECTOR ( 'NONE', #1197, 1000.000000000000000 ) ;
#1861 = PRODUCT_DEFINITION_FORMATION_WITH_SPECIFIED_SOURCE ( 'ANY', '', #813, .NOT_KNOWN. ) ;
#1862 = DIRECTION ( 'NONE',  ( 0.9999999999999998890, 0.000000000000000000, 3.138221453535816607E-12 ) ) ;
#1863 = EDGE_CURVE ( 'NONE', #229, #4716, #1340, .T. ) ;
#1864 = EDGE_CURVE ( 'NONE', #2465, #4501, #5441, .T. ) ;
#1865 = LINE ( 'NONE', #1480, #2541 ) ;
#1866 = AXIS2_PLACEMENT_3D ( 'NONE', #4457, #878, #2687 ) ;
#1867 = CARTESIAN_POINT ( 'NONE',  ( 27.99999999999998934, 39.31639237894030714, 15.49999999999999645 ) ) ;
#1868 = ORIENTED_EDGE ( 'NONE', *, *, #4284, .F. ) ;
#1869 = AXIS2_PLACEMENT_3D ( 'NONE', #4510, #1413, #2354 ) ;
#1870 = AXIS2_PLACEMENT_3D ( 'NONE', #2050, #5636, #1644 ) ;
#1871 = ADVANCED_FACE ( 'NONE', ( #1836 ), #4483, .T. ) ;
#1872 = CARTESIAN_POINT ( 'NONE',  ( -16.00000000000000355, 0.000000000000000000, -19.50000000000000000 ) ) ;
#1873 = LINE ( 'NONE', #5011, #1507 ) ;
#1874 = DIRECTION ( 'NONE',  ( -0.000000000000000000, 0.000000000000000000, 1.000000000000000000 ) ) ;
#1875 = DIRECTION ( 'NONE',  ( 0.000000000000000000, 0.000000000000000000, 1.000000000000000000 ) ) ;
#1876 = DIRECTION ( 'NONE',  ( 0.000000000000000000, 1.000000000000000000, -0.000000000000000000 ) ) ;
#1877 = CARTESIAN_POINT ( 'NONE',  ( -1.387778780781445676E-14, 1.734723475976807094E-15, 25.10000000000000497 ) ) ;
#1878 = ORIENTED_EDGE ( 'NONE', *, *, #216, .F. ) ;
#1879 = DIRECTION ( 'NONE',  ( -0.000000000000000000, 0.000000000000000000, 1.000000000000000000 ) ) ;
#1880 =( REPRESENTATION_RELATIONSHIP ('NONE','NONE', #2476, #639 ) REPRESENTATION_RELATIONSHIP_WITH_TRANSFORMATION ( #5060 )SHAPE_REPRESENTATION_RELATIONSHIP( ) );
#1881 = DIRECTION ( 'NONE',  ( 0.000000000000000000, -1.000000000000000000, 0.000000000000000000 ) ) ;
#1882 = LINE ( 'NONE', #4552, #2055 ) ;
#1883 = EDGE_LOOP ( 'NONE', ( #3645, #1825, #1478, #3534 ) ) ;
#1884 = ORIENTED_EDGE ( 'NONE', *, *, #802, .F. ) ;
#1885 = APPROVAL_STATUS ( 'not_yet_approved' ) ;
#1886 = VECTOR ( 'NONE', #2826, 1000.000000000000000 ) ;
#1887 = CARTESIAN_POINT ( 'NONE',  ( -8.000000000000007105, 13.00000000000000000, 21.49999999999999645 ) ) ;
#1888 = PLANE ( 'NONE',  #2781 ) ;
#1889 = EDGE_LOOP ( 'NONE', ( #767, #4752, #5417, #333 ) ) ;
#1890 = CYLINDRICAL_SURFACE ( 'NONE', #2278, 2.999999999999999112 ) ;
#1891 = ORIENTED_EDGE ( 'NONE', *, *, #3598, .F. ) ;
#1892 = AXIS2_PLACEMENT_3D ( 'NONE', #1472, #4080, #81 ) ;
#1893 = VERTEX_POINT ( 'NONE', #481 ) ;
#1894 = PLANE ( 'NONE',  #1425 ) ;
#1895 = PRODUCT_DEFINITION_SHAPE ( 'NONE', 'NONE',  #5796 ) ;
#1896 = DIRECTION ( 'NONE',  ( 0.000000000000000000, 0.000000000000000000, 1.000000000000000000 ) ) ;
#1897 = AXIS2_PLACEMENT_3D ( 'NONE', #2668, #1346, #4489 ) ;
#1898 = ORIENTED_EDGE ( 'NONE', *, *, #1582, .F. ) ;
#1899 = CARTESIAN_POINT ( 'NONE',  ( 4.999999999999993783, 9.999999999999992895, -21.50000000000000000 ) ) ;
#1900 = CC_DESIGN_DATE_AND_TIME_ASSIGNMENT ( #5150, #5580, ( #536 ) ) ;
#1901 = ORIENTED_EDGE ( 'NONE', *, *, #1864, .F. ) ;
#1902 = EDGE_CURVE ( 'NONE', #2093, #3084, #112, .T. ) ;
#1903 = EDGE_CURVE ( 'NONE', #1168, #2346, #2019, .T. ) ;
#1904 = LINE ( 'NONE', #4541, #73 ) ;
#1905 = CYLINDRICAL_SURFACE ( 'NONE', #2811, 3.000000000000000000 ) ;
#1906 = CARTESIAN_POINT ( 'NONE',  ( 17.99999999999999289, 46.00000000000000000, -18.50000000000000000 ) ) ;
#1907 = VECTOR ( 'NONE', #4728, 1000.000000000000000 ) ;
#1908 = CARTESIAN_POINT ( 'NONE',  ( -2.119138198253267783E-15, 23.00000000000000000, -30.54000000000000270 ) ) ;
#1909 = DIRECTION ( 'NONE',  ( 0.000000000000000000, -0.000000000000000000, -1.000000000000000000 ) ) ;
#1910 = DIRECTION ( 'NONE',  ( -0.000000000000000000, -1.000000000000000000, -0.000000000000000000 ) ) ;
#1911 = EDGE_CURVE ( 'NONE', #4451, #3795, #4125, .T. ) ;
#1912 = ORIENTED_EDGE ( 'NONE', *, *, #5106, .T. ) ;
#1913 = VECTOR ( 'NONE', #1574, 1000.000000000000000 ) ;
#1914 = DIRECTION ( 'NONE',  ( 0.000000000000000000, 0.000000000000000000, 1.000000000000000000 ) ) ;
#1915 = LINE ( 'NONE', #3186, #1404 ) ;
#1916 = CARTESIAN_POINT ( 'NONE',  ( -5.000000000000006217, 0.000000000000000000, -21.50000000000000000 ) ) ;
#1917 = VECTOR ( 'NONE', #4450, 1000.000000000000000 ) ;
#1918 = ORIENTED_EDGE ( 'NONE', *, *, #5702, .T. ) ;
#1919 = ORIENTED_EDGE ( 'NONE', *, *, #4165, .T. ) ;
#1920 = APPROVAL_STATUS ( 'not_yet_approved' ) ;
#1921 = DIRECTION ( 'NONE',  ( -0.000000000000000000, -0.000000000000000000, 1.000000000000000000 ) ) ;
#1922 = DIRECTION ( 'NONE',  ( 0.000000000000000000, 1.000000000000000000, 0.000000000000000000 ) ) ;
#1923 = EDGE_LOOP ( 'NONE', ( #1163, #178, #105, #3764 ) ) ;
#1924 = DIRECTION ( 'NONE',  ( 0.000000000000000000, 1.000000000000000000, 0.000000000000000000 ) ) ;
#1925 = EDGE_CURVE ( 'NONE', #3164, #4338, #3487, .T. ) ;
#1926 = VERTEX_POINT ( 'NONE', #1100 ) ;
#1927 = EDGE_LOOP ( 'NONE', ( #804, #5718, #504, #2370 ) ) ;
#1928 = CARTESIAN_POINT ( 'NONE',  ( 27.99999999999998934, 39.31639237894030714, -18.50000000000000000 ) ) ;
#1929 = DIRECTION ( 'NONE',  ( 0.2821663239915501165, 0.9593655015712705403, 0.000000000000000000 ) ) ;
#1930 = VERTEX_POINT ( 'NONE', #2883 ) ;
#1931 = CARTESIAN_POINT ( 'NONE',  ( -16.00000000000000355, -5.000000000000000000, -19.50000000000000000 ) ) ;
#1932 = ORIENTED_EDGE ( 'NONE', *, *, #3399, .F. ) ;
#1933 = CARTESIAN_POINT ( 'NONE',  ( -45.00000000000000711, 3.000000000000000000, 30.54000000000000270 ) ) ;
#1934 = EDGE_CURVE ( 'NONE', #5331, #1408, #130, .T. ) ;
#1935 = CARTESIAN_POINT ( 'NONE',  ( 0.000000000000000000, 18.00000000000000000, 30.54000000000000270 ) ) ;
#1936 = LINE ( 'NONE', #3696, #2522 ) ;
#1937 = ORIENTED_EDGE ( 'NONE', *, *, #3871, .T. ) ;
#1938 = EDGE_CURVE ( 'NONE', #2894, #5197, #4539, .T. ) ;
#1939 = DIRECTION ( 'NONE',  ( 3.239561991697168136E-15, -1.000000000000000000, 0.000000000000000000 ) ) ;
#1940 = EDGE_CURVE ( 'NONE', #2822, #4715, #663, .T. ) ;
#1941 = DIRECTION ( 'NONE',  ( 0.000000000000000000, 0.000000000000000000, 1.000000000000000000 ) ) ;
#1942 = LINE ( 'NONE', #3392, #4767 ) ;
#1943 = DESIGN_CONTEXT ( 'detailed design', #2221, 'design' ) ;
#1944 = LINE ( 'NONE', #3423, #5117 ) ;
#1945 = ORIENTED_EDGE ( 'NONE', *, *, #1592, .T. ) ;
#1946 = ORIENTED_EDGE ( 'NONE', *, *, #753, .F. ) ;
#1947 = PERSON_AND_ORGANIZATION ( #1521, #4168 ) ;
#1948 = ADVANCED_FACE ( 'NONE', ( #3690 ), #217, .T. ) ;
#1949 = DIRECTION ( 'NONE',  ( -0.000000000000000000, -1.000000000000000000, -0.000000000000000000 ) ) ;
#1950 = CARTESIAN_POINT ( 'NONE',  ( -15.99999999999999645, 12.99999999999999112, 19.50000000000000000 ) ) ;
#1951 = CARTESIAN_POINT ( 'NONE',  ( 0.000000000000000000, 3.000000000000000000, 35.53999999999999915 ) ) ;
#1952 = EDGE_LOOP ( 'NONE', ( #91, #2799 ) ) ;
#1953 = ORIENTED_EDGE ( 'NONE', *, *, #3332, .T. ) ;
#1954 = LINE ( 'NONE', #4689, #5528 ) ;
#1955 = DIRECTION ( 'NONE',  ( 0.000000000000000000, 0.000000000000000000, -1.000000000000000000 ) ) ;
#1956 = ORIENTED_EDGE ( 'NONE', *, *, #1043, .T. ) ;
#1957 = DIRECTION ( 'NONE',  ( -0.000000000000000000, 0.000000000000000000, 1.000000000000000000 ) ) ;
#1958 = AXIS2_PLACEMENT_3D ( 'NONE', #2818, #4081, #82 ) ;
#1959 = LOCAL_TIME ( 2, 41, 34.00000000000000000, #3865 ) ;
#1960 = VERTEX_POINT ( 'NONE', #4181 ) ;
#1961 = EDGE_CURVE ( 'NONE', #2321, #1575, #3721, .T. ) ;
#1962 = EDGE_CURVE ( 'NONE', #4715, #1542, #5171, .T. ) ;
#1963 = VECTOR ( 'NONE', #1347, 1000.000000000000000 ) ;
#1964 = LINE ( 'NONE', #1553, #2246 ) ;
#1965 = EDGE_CURVE ( 'NONE', #3911, #5197, #534, .T. ) ;
#1966 = LINE ( 'NONE', #3304, #5126 ) ;
#1967 = AXIS2_PLACEMENT_3D ( 'NONE', #827, #2556, #4293 ) ;
#1968 = VECTOR ( 'NONE', #4530, 1000.000000000000000 ) ;
#1969 = EDGE_LOOP ( 'NONE', ( #677, #1593, #5180, #3626 ) ) ;
#1970 = DIRECTION ( 'NONE',  ( 0.000000000000000000, 0.000000000000000000, 1.000000000000000000 ) ) ;
#1971 = CARTESIAN_POINT ( 'NONE',  ( -16.00000000000000355, 46.00000000000000000, -19.50000000000000000 ) ) ;
#1972 = EDGE_LOOP ( 'NONE', ( #3289, #85, #998, #715 ) ) ;
#1973 = VERTEX_POINT ( 'NONE', #1899 ) ;
#1974 = APPROVAL ( #5769, 'UNSPECIFIED' ) ;
#1975 = EDGE_CURVE ( 'NONE', #4854, #1412, #3660, .T. ) ;
#1976 = COORDINATED_UNIVERSAL_TIME_OFFSET ( 7, 0, .AHEAD. ) ;
#1977 = DIRECTION ( 'NONE',  ( 0.000000000000000000, -0.000000000000000000, 1.000000000000000000 ) ) ;
#1978 = CARTESIAN_POINT ( 'NONE',  ( -15.00000000000000711, 46.00000000000000000, -21.50000000000000000 ) ) ;
#1979 = LINE ( 'NONE', #4205, #4799 ) ;
#1980 = ORIENTED_EDGE ( 'NONE', *, *, #3760, .F. ) ;
#1981 = EDGE_LOOP ( 'NONE', ( #2630, #3968, #2384, #1334 ) ) ;
#1982 = EDGE_CURVE ( 'NONE', #4959, #1973, #1535, .T. ) ;
#1983 = PERSON_AND_ORGANIZATION_ROLE ( 'design_supplier' ) ;
#1984 = CARTESIAN_POINT ( 'NONE',  ( -1.127570259384924611E-14, 2.999999999999999112, -35.53999999999999915 ) ) ;
#1985 = LINE ( 'NONE', #1098, #5516 ) ;
#1986 = ORIENTED_EDGE ( 'NONE', *, *, #4327, .T. ) ;
#1987 = VECTOR ( 'NONE', #1158, 1000.000000000000000 ) ;
#1988 = CARTESIAN_POINT ( 'NONE',  ( -3.000000000000002665, 18.00000000000000000, -43.38851452574947132 ) ) ;
#1989 = ORIENTED_EDGE ( 'NONE', *, *, #4696, .F. ) ;
#1990 = VECTOR ( 'NONE', #1696, 1000.000000000000000 ) ;
#1991 = CARTESIAN_POINT ( 'NONE',  ( -15.00000000000000711, -8.000000000000000000, -21.50000000000000000 ) ) ;
#1992 = DIRECTION ( 'NONE',  ( 0.000000000000000000, 1.000000000000000000, 0.000000000000000000 ) ) ;
#1993 = DIRECTION ( 'NONE',  ( 0.000000000000000000, 0.000000000000000000, 1.000000000000000000 ) ) ;
#1994 = CYLINDRICAL_SURFACE ( 'NONE', #4052, 3.000000000000000000 ) ;
#1995 = AXIS2_PLACEMENT_3D ( 'NONE', #2127, #4829, #1204 ) ;
#1996 = APPLICATION_CONTEXT ( 'configuration controlled 3d designs of mechanical parts and assemblies' ) ;
#1997 = EDGE_CURVE ( 'NONE', #2767, #295, #2360, .T. ) ;
#1998 = ORIENTED_EDGE ( 'NONE', *, *, #4828, .F. ) ;
#1999 = AXIS2_PLACEMENT_3D ( 'NONE', #4299, #3436, #4360 ) ;
#2000 = CARTESIAN_POINT ( 'NONE',  ( -33.00000000000000000, 19.00000000000000000, -3.000031882232207625 ) ) ;
#2001 = PLANE ( 'NONE',  #5622 ) ;
#2002 = LINE ( 'NONE', #3364, #3260 ) ;
#2003 = ORIENTED_EDGE ( 'NONE', *, *, #3439, .F. ) ;
#2004 = AXIS2_PLACEMENT_3D ( 'NONE', #4454, #450, #3602 ) ;
#2005 = ORIENTED_EDGE ( 'NONE', *, *, #1635, .T. ) ;
#2006 = DATE_AND_TIME ( #5617, #737 ) ;
#2007 = CARTESIAN_POINT ( 'NONE',  ( -45.00000000000000711, 0.000000000000000000, -29.03999999999999559 ) ) ;
#2008 = PLANE ( 'NONE',  #5394 ) ;
#2009 = ADVANCED_FACE ( 'NONE', ( #2798 ), #3267, .F. ) ;
#2010 = LINE ( 'NONE', #1745, #3759 ) ;
#2011 = EDGE_LOOP ( 'NONE', ( #1785, #525, #2183, #290 ) ) ;
#2012 = EDGE_CURVE ( 'NONE', #3610, #3954, #5352, .T. ) ;
#2013 = VERTEX_POINT ( 'NONE', #5509 ) ;
#2014 = DIRECTION ( 'NONE',  ( 0.000000000000000000, 0.000000000000000000, 1.000000000000000000 ) ) ;
#2015 = CARTESIAN_POINT ( 'NONE',  ( 27.99999999999998934, 0.000000000000000000, 0.000000000000000000 ) ) ;
#2016 = EDGE_CURVE ( 'NONE', #3752, #4729, #1519, .T. ) ;
#2017 = VECTOR ( 'NONE', #5318, 1000.000000000000000 ) ;
#2018 = ORIENTED_EDGE ( 'NONE', *, *, #3136, .F. ) ;
#2019 = LINE ( 'NONE', #1549, #876 ) ;
#2020 = ORIENTED_EDGE ( 'NONE', *, *, #4176, .T. ) ;
#2021 = ADVANCED_FACE ( 'NONE', ( #1075, #2859 ), #4633, .T. ) ;
#2022 = CARTESIAN_POINT ( 'NONE',  ( 49.99999999999998579, 3.000000000000000000, 0.000000000000000000 ) ) ;
#2023 = DIRECTION ( 'NONE',  ( -0.000000000000000000, -1.000000000000000000, 0.000000000000000000 ) ) ;
#2024 = ORIENTED_EDGE ( 'NONE', *, *, #3050, .T. ) ;
#2025 = EDGE_CURVE ( 'NONE', #5134, #2353, #749, .T. ) ;
#2026 = DIRECTION ( 'NONE',  ( -9.762090466948830279E-17, 0.000000000000000000, -1.000000000000000000 ) ) ;
#2027 = CLOSED_SHELL ( 'NONE', ( #860, #5203, #2132, #4938, #3888, #451, #2125, #5289, #128, #1036, #543, #3471, #605, #2398, #4738, #4434, #4341, #3944, #4679, #1434, #5152, #2401, #5222, #5565, #389, #1248, #2711, #817, #3921, #18, #3766, #2047, #3518, #5031, #3723, #5768, #2786, #4316, #4898, #1576, #3521, #2831, #5244, #1186, #1829, #5687, #2454, #3935, #4201, #3740, #289, #4871, #4624, #2545, #4597, #1424, #2160, #788, #4536, #3501, #409, #2622, #2896, #4394, #106, #4713 ) ) ;
#2028 = DIRECTION ( 'NONE',  ( 1.000000000000000000, 0.000000000000000000, 0.000000000000000000 ) ) ;
#2029 = DIRECTION ( 'NONE',  ( -1.000000000000000000, 0.000000000000000000, 2.440522616737206954E-17 ) ) ;
#2030 = ORIENTED_EDGE ( 'NONE', *, *, #27, .F. ) ;
#2031 = VERTEX_POINT ( 'NONE', #4364 ) ;
#2032 = ADVANCED_FACE ( 'NONE', ( #3924, #3440 ), #1701, .T. ) ;
#2033 = PERSON_AND_ORGANIZATION ( #1521, #4168 ) ;
#2034 = DIRECTION ( 'NONE',  ( 0.000000000000000000, 0.000000000000000000, -1.000000000000000000 ) ) ;
#2035 = DIRECTION ( 'NONE',  ( 0.000000000000000000, -1.000000000000000000, 0.000000000000000000 ) ) ;
#2036 = CARTESIAN_POINT ( 'NONE',  ( -2.818925648462311528E-15, 18.00000000000000000, 35.53999999999999915 ) ) ;
#2037 = ORIENTED_EDGE ( 'NONE', *, *, #4079, .F. ) ;
#2038 = ORIENTED_EDGE ( 'NONE', *, *, #4488, .T. ) ;
#2039 = CARTESIAN_POINT ( 'NONE',  ( 36.99999999999999289, 3.000000000000000000, -35.53999999999999915 ) ) ;
#2040 = COORDINATED_UNIVERSAL_TIME_OFFSET ( 7, 0, .AHEAD. ) ;
#2041 = DIRECTION ( 'NONE',  ( 1.000000000000000000, 0.000000000000000000, -6.938893903907229610E-17 ) ) ;
#2042 = CARTESIAN_POINT ( 'NONE',  ( 2.450284707204157035E-15, 3.000000000000000000, 25.10000000000000497 ) ) ;
#2043 = VERTEX_POINT ( 'NONE', #1245 ) ;
#2044 = DIRECTION ( 'NONE',  ( 0.000000000000000000, 0.000000000000000000, 1.000000000000000000 ) ) ;
#2045 = VERTEX_POINT ( 'NONE', #5717 ) ;
#2046 = ADVANCED_FACE ( 'NONE', ( #1187 ), #3808, .T. ) ;
#2047 = ADVANCED_FACE ( 'NONE', ( #722 ), #4722, .F. ) ;
#2048 = DIRECTION ( 'NONE',  ( 0.000000000000000000, 0.000000000000000000, 1.000000000000000000 ) ) ;
#2049 = CIRCLE ( 'NONE', #257, 2.399999999999999467 ) ;
#2050 = CARTESIAN_POINT ( 'NONE',  ( 24.99999999999998934, 0.000000000000000000, -15.50000000000000000 ) ) ;
#2051 = LOCAL_TIME ( 2, 41, 34.00000000000000000, #4968 ) ;
#2052 = DIRECTION ( 'NONE',  ( -0.000000000000000000, -1.000000000000000000, -0.000000000000000000 ) ) ;
#2053 = ORIENTED_EDGE ( 'NONE', *, *, #2054, .F. ) ;
#2054 = EDGE_CURVE ( 'NONE', #1088, #4648, #3123, .T. ) ;
#2055 = VECTOR ( 'NONE', #552, 1000.000000000000000 ) ;
#2056 = CC_DESIGN_SECURITY_CLASSIFICATION ( #4273, ( #5795 ) ) ;
#2057 = CYLINDRICAL_SURFACE ( 'NONE', #576, 1.999999999999998224 ) ;
#2058 = CYLINDRICAL_SURFACE ( 'NONE', #4379, 2.399999999999999467 ) ;
#2059 = LINE ( 'NONE', #5611, #167 ) ;
#2060 = CIRCLE ( 'NONE', #4178, 2.999999999999999112 ) ;
#2061 = ORIENTED_EDGE ( 'NONE', *, *, #4445, .F. ) ;
#2062 = VECTOR ( 'NONE', #975, 1000.000000000000000 ) ;
#2063 = ORIENTED_EDGE ( 'NONE', *, *, #5375, .F. ) ;
#2064 = ORIENTED_EDGE ( 'NONE', *, *, #3777, .T. ) ;
#2065 =( GEOMETRIC_REPRESENTATION_CONTEXT ( 3 ) GLOBAL_UNCERTAINTY_ASSIGNED_CONTEXT ( ( #4391 ) ) GLOBAL_UNIT_ASSIGNED_CONTEXT ( ( #2386, #4916, #4945 ) ) REPRESENTATION_CONTEXT ( 'NONE', 'WORKASPACE' ) );
#2066 = VECTOR ( 'NONE', #3914, 1000.000000000000000 ) ;
#2067 = CARTESIAN_POINT ( 'NONE',  ( 14.99999999999999645, 0.000000000000000000, -19.50000000000000000 ) ) ;
#2068 = DIRECTION ( 'NONE',  ( 0.000000000000000000, -1.000000000000000000, 0.000000000000000000 ) ) ;
#2069 = ORIENTED_EDGE ( 'NONE', *, *, #2394, .T. ) ;
#2070 = EDGE_LOOP ( 'NONE', ( #825, #1370, #1161, #4440 ) ) ;
#2071 = DIRECTION ( 'NONE',  ( 0.000000000000000000, 1.000000000000000000, 0.000000000000000000 ) ) ;
#2072 = EDGE_CURVE ( 'NONE', #4396, #3974, #3952, .T. ) ;
#2073 = EDGE_CURVE ( 'NONE', #500, #3689, #1606, .T. ) ;
#2074 = DIRECTION ( 'NONE',  ( 0.000000000000000000, -1.000000000000000000, 0.000000000000000000 ) ) ;
#2075 = ORIENTED_EDGE ( 'NONE', *, *, #425, .T. ) ;
#2076 = CARTESIAN_POINT ( 'NONE',  ( -5.000000000000006217, 9.999999999999998224, -21.50000000000000000 ) ) ;
#2077 = ORIENTED_EDGE ( 'NONE', *, *, #4089, .F. ) ;
#2078 = EDGE_LOOP ( 'NONE', ( #5386, #1602, #2698, #5066 ) ) ;
#2079 = FACE_OUTER_BOUND ( 'NONE', #1927, .T. ) ;
#2080 = VECTOR ( 'NONE', #814, 1000.000000000000000 ) ;
#2081 = CARTESIAN_POINT ( 'NONE',  ( 37.00000000000000711, 18.00000000000000000, 35.53999999999999915 ) ) ;
#2082 = APPROVAL ( #4649, 'UNKNOWN' ) ;
#2083 = LINE ( 'NONE', #2515, #3484 ) ;
#2084 = EDGE_CURVE ( 'NONE', #2013, #4667, #244, .T. ) ;
#2085 = VECTOR ( 'NONE', #5470, 1000.000000000000000 ) ;
#2086 = ORIENTED_EDGE ( 'NONE', *, *, #1638, .F. ) ;
#2087 = DIRECTION ( 'NONE',  ( 0.000000000000000000, 0.000000000000000000, 1.000000000000000000 ) ) ;
#2088 = DIRECTION ( 'NONE',  ( 0.000000000000000000, 0.000000000000000000, -1.000000000000000000 ) ) ;
#2089 = CARTESIAN_POINT ( 'NONE',  ( 27.99999999999998934, 27.44861919775700443, 18.49999999999999645 ) ) ;
#2090 = VECTOR ( 'NONE', #1881, 1000.000000000000000 ) ;
#2091 = EDGE_CURVE ( 'NONE', #4296, #4092, #1666, .T. ) ;
#2092 = DIRECTION ( 'NONE',  ( -1.000000000000000000, 0.000000000000000000, 0.000000000000000000 ) ) ;
#2093 = VERTEX_POINT ( 'NONE', #4270 ) ;
#2094 = ORIENTED_EDGE ( 'NONE', *, *, #1518, .F. ) ;
#2095 = CIRCLE ( 'NONE', #1808, 2.999999999999999112 ) ;
#2096 = CARTESIAN_POINT ( 'NONE',  ( -1.734723475976807094E-15, 22.44861919775702219, -26.50000000000000000 ) ) ;
#2097 = CARTESIAN_POINT ( 'NONE',  ( 4.999999999999993783, 0.000000000000000000, 21.49999999999999645 ) ) ;
#2098 = VERTEX_POINT ( 'NONE', #2915 ) ;
#2099 = EDGE_LOOP ( 'NONE', ( #1132, #1335, #3616, #5224 ) ) ;
#2100 = DIRECTION ( 'NONE',  ( 0.000000000000000000, 0.000000000000000000, 1.000000000000000000 ) ) ;
#2101 = VECTOR ( 'NONE', #4097, 1000.000000000000000 ) ;
#2102 = DATE_AND_TIME ( #2534, #5220 ) ;
#2103 = PLANE ( 'NONE',  #2185 ) ;
#2104 = EDGE_CURVE ( 'NONE', #2465, #2329, #2570, .T. ) ;
#2105 = ORIENTED_EDGE ( 'NONE', *, *, #4991, .T. ) ;
#2106 = DIRECTION ( 'NONE',  ( 0.000000000000000000, 0.000000000000000000, -1.000000000000000000 ) ) ;
#2107 = ORIENTED_EDGE ( 'NONE', *, *, #3779, .T. ) ;
#2108 = VECTOR ( 'NONE', #4278, 1000.000000000000000 ) ;
#2109 = ORIENTED_EDGE ( 'NONE', *, *, #5668, .F. ) ;
#2110 = CARTESIAN_POINT ( 'NONE',  ( -1.387778780781445676E-14, 6.000000000000001776, 25.10000000000000497 ) ) ;
#2111 = CYLINDRICAL_SURFACE ( 'NONE', #652, 3.000000000000002665 ) ;
#2112 = DIRECTION ( 'NONE',  ( -1.000000000000000000, 0.000000000000000000, -0.000000000000000000 ) ) ;
#2113 = ORIENTED_EDGE ( 'NONE', *, *, #4797, .T. ) ;
#2114 = EDGE_CURVE ( 'NONE', #5588, #1168, #3855, .T. ) ;
#2115 = DIRECTION ( 'NONE',  ( 0.000000000000000000, 0.000000000000000000, -1.000000000000000000 ) ) ;
#2116 = LINE ( 'NONE', #1170, #3479 ) ;
#2117 = CARTESIAN_POINT ( 'NONE',  ( -2.818925648462311528E-15, 18.00000000000000000, 35.53999999999999915 ) ) ;
#2118 = LINE ( 'NONE', #3452, #3074 ) ;
#2119 = DIRECTION ( 'NONE',  ( 0.000000000000000000, 1.000000000000000000, 0.000000000000000000 ) ) ;
#2120 = ORIENTED_EDGE ( 'NONE', *, *, #4248, .F. ) ;
#2121 = ORIENTED_EDGE ( 'NONE', *, *, #3439, .T. ) ;
#2122 = EDGE_CURVE ( 'NONE', #4935, #5409, #1436, .T. ) ;
#2123 = DIRECTION ( 'NONE',  ( -0.000000000000000000, 1.000000000000000000, -0.000000000000000000 ) ) ;
#2124 = EDGE_CURVE ( 'NONE', #394, #4189, #5660, .T. ) ;
#2125 = ADVANCED_FACE ( 'NONE', ( #4336 ), #5629, .F. ) ;
#2126 = PERSON_AND_ORGANIZATION ( #2567, #5127 ) ;
#2127 = CARTESIAN_POINT ( 'NONE',  ( -1.068082520601955117E-14, 18.00000000000000000, -30.54000000000000270 ) ) ;
#2128 = DIRECTION ( 'NONE',  ( 0.000000000000000000, -0.000000000000000000, -1.000000000000000000 ) ) ;
#2129 = ORIENTED_EDGE ( 'NONE', *, *, #5087, .T. ) ;
#2130 = ORIENTED_EDGE ( 'NONE', *, *, #1106, .F. ) ;
#2131 = LINE ( 'NONE', #4937, #4593 ) ;
#2132 = ADVANCED_FACE ( 'NONE', ( #5225 ), #4780, .F. ) ;
#2133 = CARTESIAN_POINT ( 'NONE',  ( -5.000000000000006217, 9.999999999999994671, -19.50000000000000000 ) ) ;
#2134 = FACE_OUTER_BOUND ( 'NONE', #4263, .T. ) ;
#2135 = AXIS2_PLACEMENT_3D ( 'NONE', #3586, #1792, #1909 ) ;
#2136 = ORIENTED_EDGE ( 'NONE', *, *, #61, .F. ) ;
#2137 = DIRECTION ( 'NONE',  ( 0.000000000000000000, 0.000000000000000000, 1.000000000000000000 ) ) ;
#2138 = ORIENTED_EDGE ( 'NONE', *, *, #3079, .T. ) ;
#2139 = ORIENTED_EDGE ( 'NONE', *, *, #4455, .F. ) ;
#2140 = EDGE_CURVE ( 'NONE', #3016, #4163, #5688, .T. ) ;
#2141 = CARTESIAN_POINT ( 'NONE',  ( 11.99999999999999645, 39.44861919775701153, -28.50000000000000000 ) ) ;
#2142 = LINE ( 'NONE', #1671, #2985 ) ;
#2143 = DIRECTION ( 'NONE',  ( 0.000000000000000000, 0.000000000000000000, 1.000000000000000000 ) ) ;
#2144 = DIRECTION ( 'NONE',  ( 1.000000000000000000, 0.000000000000000000, 0.000000000000000000 ) ) ;
#2145 = FACE_OUTER_BOUND ( 'NONE', #3639, .T. ) ;
#2146 = EDGE_CURVE ( 'NONE', #2952, #3483, #3209, .T. ) ;
#2147 = DIRECTION ( 'NONE',  ( 0.000000000000000000, 0.000000000000000000, 1.000000000000000000 ) ) ;
#2148 = LINE ( 'NONE', #2117, #348 ) ;
#2149 = CARTESIAN_POINT ( 'NONE',  ( -18.00000000000000711, 19.00000000000000000, -3.000031882232207625 ) ) ;
#2150 = FACE_OUTER_BOUND ( 'NONE', #4085, .T. ) ;
#2151 = DIRECTION ( 'NONE',  ( 0.000000000000000000, 0.000000000000000000, 1.000000000000000000 ) ) ;
#2152 = ORIENTED_EDGE ( 'NONE', *, *, #5367, .F. ) ;
#2153 = VECTOR ( 'NONE', #5790, 1000.000000000000000 ) ;
#2154 = CC_DESIGN_APPROVAL ( #2933, ( #3253 ) ) ;
#2155 = EDGE_LOOP ( 'NONE', ( #1117, #3892, #708, #2359 ) ) ;
#2156 = DIRECTION ( 'NONE',  ( 1.000000000000000000, -0.000000000000000000, 0.000000000000000000 ) ) ;
#2157 = CIRCLE ( 'NONE', #3532, 2.999999999999999112 ) ;
#2158 = DIRECTION ( 'NONE',  ( 0.000000000000000000, 1.000000000000000000, 0.000000000000000000 ) ) ;
#2159 = DIRECTION ( 'NONE',  ( 1.000000000000000000, -0.000000000000000000, 0.000000000000000000 ) ) ;
#2160 = ADVANCED_FACE ( 'NONE', ( #4506 ), #2195, .F. ) ;
#2161 = ORIENTED_EDGE ( 'NONE', *, *, #1938, .T. ) ;
#2162 = ORIENTED_EDGE ( 'NONE', *, *, #2016, .T. ) ;
#2163 = AXIS2_PLACEMENT_3D ( 'NONE', #5045, #1992, #1104 ) ;
#2164 = PERSON_AND_ORGANIZATION ( #1521, #4168 ) ;
#2165 = FACE_OUTER_BOUND ( 'NONE', #1207, .T. ) ;
#2166 = FACE_OUTER_BOUND ( 'NONE', #587, .T. ) ;
#2167 = ORIENTED_EDGE ( 'NONE', *, *, #1903, .F. ) ;
#2168 = EDGE_CURVE ( 'NONE', #699, #3344, #2703, .T. ) ;
#2169 = DIRECTION ( 'NONE',  ( 0.000000000000000000, 1.000000000000000000, -0.000000000000000000 ) ) ;
#2170 = ORIENTED_EDGE ( 'NONE', *, *, #1178, .T. ) ;
#2171 = ORIENTED_EDGE ( 'NONE', *, *, #787, .T. ) ;
#2172 = DIRECTION ( 'NONE',  ( 0.000000000000000000, 0.000000000000000000, 1.000000000000000000 ) ) ;
#2173 = FACE_OUTER_BOUND ( 'NONE', #2155, .T. ) ;
#2174 = DIRECTION ( 'NONE',  ( 0.000000000000000000, -1.000000000000000000, 0.000000000000000000 ) ) ;
#2175 = DIRECTION ( 'NONE',  ( -0.000000000000000000, -0.000000000000000000, -1.000000000000000000 ) ) ;
#2176 = DIRECTION ( 'NONE',  ( 0.000000000000000000, -1.000000000000000000, -0.000000000000000000 ) ) ;
#2177 = PLANE ( 'NONE',  #1487 ) ;
#2178 = EDGE_CURVE ( 'NONE', #1930, #841, #2657, .T. ) ;
#2179 = LINE ( 'NONE', #1287, #1458 ) ;
#2180 = AXIS2_PLACEMENT_3D ( 'NONE', #1184, #4690, #695 ) ;
#2181 = LINE ( 'NONE', #2586, #4975 ) ;
#2182 = ORIENTED_EDGE ( 'NONE', *, *, #5741, .F. ) ;
#2183 = ORIENTED_EDGE ( 'NONE', *, *, #1506, .F. ) ;
#2184 = LINE ( 'NONE', #3047, #4850 ) ;
#2185 = AXIS2_PLACEMENT_3D ( 'NONE', #1242, #3953, #3030 ) ;
#2186 = CARTESIAN_POINT ( 'NONE',  ( -28.00000000000000355, 18.00000000000000000, -33.38851452574947132 ) ) ;
#2187 = DIRECTION ( 'NONE',  ( 0.000000000000000000, 0.000000000000000000, 1.000000000000000000 ) ) ;
#2188 = VERTEX_POINT ( 'NONE', #5336 ) ;
#2189 = VECTOR ( 'NONE', #1676, 1000.000000000000000 ) ;
#2190 = EDGE_LOOP ( 'NONE', ( #4387, #5097, #566, #3809 ) ) ;
#2191 = MECHANICAL_CONTEXT ( 'NONE', #4962, 'mechanical' ) ;
#2192 = CARTESIAN_POINT ( 'NONE',  ( -33.00000000000000000, 19.00000000000000000, 3.000031882232204072 ) ) ;
#2193 = VECTOR ( 'NONE', #3746, 1000.000000000000000 ) ;
#2194 = ORIENTED_EDGE ( 'NONE', *, *, #3915, .T. ) ;
#2195 = CYLINDRICAL_SURFACE ( 'NONE', #2839, 2.399999999999999467 ) ;
#2196 = VERTEX_POINT ( 'NONE', #5308 ) ;
#2197 = ORIENTED_EDGE ( 'NONE', *, *, #4400, .T. ) ;
#2198 = VECTOR ( 'NONE', #2665, 1000.000000000000000 ) ;
#2199 = EDGE_CURVE ( 'NONE', #4330, #3689, #2664, .T. ) ;
#2200 = EDGE_CURVE ( 'NONE', #3111, #3752, #3119, .T. ) ;
#2201 = FACE_OUTER_BOUND ( 'NONE', #4025, .T. ) ;
#2202 = CYLINDRICAL_SURFACE ( 'NONE', #1391, 3.000000000000000888 ) ;
#2203 = AXIS2_PLACEMENT_3D ( 'NONE', #1274, #3059, #4836 ) ;
#2204 = DIRECTION ( 'NONE',  ( -1.000000000000000000, 0.000000000000000000, 0.000000000000000000 ) ) ;
#2205 = EDGE_CURVE ( 'NONE', #4442, #4388, #32, .T. ) ;
#2206 = CARTESIAN_POINT ( 'NONE',  ( -5.000000000000006217, 46.00000000000000000, 19.50000000000000000 ) ) ;
#2207 = DIRECTION ( 'NONE',  ( -0.000000000000000000, -0.000000000000000000, -1.000000000000000000 ) ) ;
#2208 = CARTESIAN_POINT ( 'NONE',  ( -15.00000000000000711, -8.000000000000000000, 18.49999999999999645 ) ) ;
#2209 = LINE ( 'NONE', #2640, #1860 ) ;
#2210 = ORIENTED_EDGE ( 'NONE', *, *, #4645, .F. ) ;
#2211 = EDGE_CURVE ( 'NONE', #2860, #3509, #4424, .T. ) ;
#2212 = DIRECTION ( 'NONE',  ( 0.000000000000000000, 0.000000000000000000, 1.000000000000000000 ) ) ;
#2213 = CARTESIAN_POINT ( 'NONE',  ( -15.00000000000001066, -5.000000000000000000, 21.49999999999999645 ) ) ;
#2214 = ORIENTED_EDGE ( 'NONE', *, *, #2670, .T. ) ;
#2215 = EDGE_LOOP ( 'NONE', ( #2345, #2621, #4234, #2497 ) ) ;
#2216 = ADVANCED_FACE ( 'NONE', ( #3573, #4867 ), #869, .T. ) ;
#2217 = SECURITY_CLASSIFICATION_LEVEL ( 'unclassified' ) ;
#2218 = LINE ( 'NONE', #3491, #2910 ) ;
#2219 = ORIENTED_EDGE ( 'NONE', *, *, #4237, .T. ) ;
#2220 = DIRECTION ( 'NONE',  ( 0.000000000000000000, 1.000000000000000000, -0.000000000000000000 ) ) ;
#2221 = APPLICATION_CONTEXT ( 'configuration controlled 3d designs of mechanical parts and assemblies' ) ;
#2222 = EDGE_LOOP ( 'NONE', ( #5381, #2916, #809, #466 ) ) ;
#2223 = EDGE_LOOP ( 'NONE', ( #779, #5257, #4320, #4868 ) ) ;
#2224 = DIRECTION ( 'NONE',  ( 0.000000000000000000, 1.000000000000000000, 0.000000000000000000 ) ) ;
#2225 = CARTESIAN_POINT ( 'NONE',  ( -6.250000000000002665, 7.999999999999998224, -40.78851452574947700 ) ) ;
#2226 = CARTESIAN_POINT ( 'NONE',  ( -1.387778780781445676E-14, 6.000000000000001776, -25.09999999999999787 ) ) ;
#2227 = CARTESIAN_POINT ( 'NONE',  ( 14.99999999999999645, -4.999999999999997335, 18.49999999999999645 ) ) ;
#2228 = DIRECTION ( 'NONE',  ( 0.000000000000000000, 0.000000000000000000, 1.000000000000000000 ) ) ;
#2229 = FACE_OUTER_BOUND ( 'NONE', #577, .T. ) ;
#2230 = PLANE ( 'NONE',  #2419 ) ;
#2231 = FACE_BOUND ( 'NONE', #3287, .T. ) ;
#2232 = EDGE_CURVE ( 'NONE', #3461, #3576, #406, .T. ) ;
#2233 = ORIENTED_EDGE ( 'NONE', *, *, #5788, .T. ) ;
#2234 = LINE ( 'NONE', #4022, #3161 ) ;
#2235 = AXIS2_PLACEMENT_3D ( 'NONE', #1124, #2407, #3340 ) ;
#2236 = ORGANIZATION ( 'NAUO-ORG1', 'UNSPECIFIED', 'UNSPECIFIED' ) ;
#2237 = ORIENTED_EDGE ( 'NONE', *, *, #2232, .F. ) ;
#2238 = ORIENTED_EDGE ( 'NONE', *, *, #850, .T. ) ;
#2239 = VECTOR ( 'NONE', #3851, 1000.000000000000000 ) ;
#2240 = APPROVAL_ROLE ( '' ) ;
#2241 = DIRECTION ( 'NONE',  ( 0.000000000000000000, 0.000000000000000000, 1.000000000000000000 ) ) ;
#2242 = DIRECTION ( 'NONE',  ( 0.000000000000000000, 0.000000000000000000, 1.000000000000000000 ) ) ;
#2243 = EDGE_CURVE ( 'NONE', #3894, #3257, #1333, .T. ) ;
#2244 = AXIS2_PLACEMENT_3D ( 'NONE', #4575, #606, #5512 ) ;
#2245 = EDGE_LOOP ( 'NONE', ( #2562, #4196, #3742, #1476 ) ) ;
#2246 = VECTOR ( 'NONE', #4610, 1000.000000000000000 ) ;
#2247 = ORIENTED_EDGE ( 'NONE', *, *, #5333, .T. ) ;
#2248 = CARTESIAN_POINT ( 'NONE',  ( 39.99999999999998579, 23.00000000000000000, -25.10000000000000142 ) ) ;
#2249 = DIRECTION ( 'NONE',  ( 0.000000000000000000, 0.000000000000000000, -1.000000000000000000 ) ) ;
#2250 = CARTESIAN_POINT ( 'NONE',  ( -1.440808244181442384E-15, 39.44861919775701153, 24.10000000000000142 ) ) ;
#2251 = LINE ( 'NONE', #4981, #5354 ) ;
#2252 = EDGE_CURVE ( 'NONE', #5588, #5272, #5771, .T. ) ;
#2253 = CARTESIAN_POINT ( 'NONE',  ( -18.00000000000000711, -8.000000000000000000, -18.50000000000000000 ) ) ;
#2254 = CYLINDRICAL_SURFACE ( 'NONE', #1685, 2.999999999999999112 ) ;
#2255 = FACE_BOUND ( 'NONE', #2969, .T. ) ;
#2256 = AXIS2_PLACEMENT_3D ( 'NONE', #2694, #48, #4961 ) ;
#2257 = EDGE_LOOP ( 'NONE', ( #885, #5189, #3337, #2167 ) ) ;
#2258 = CARTESIAN_POINT ( 'NONE',  ( 14.99999999999999645, 27.44861919775700443, 21.49999999999999645 ) ) ;
#2259 = EDGE_CURVE ( 'NONE', #2601, #229, #1781, .T. ) ;
#2260 = CIRCLE ( 'NONE', #1517, 3.999999999999996447 ) ;
#2261 = PLANE ( 'NONE',  #261 ) ;
#2262 = ORIENTED_EDGE ( 'NONE', *, *, #4809, .T. ) ;
#2263 = VERTEX_POINT ( 'NONE', #892 ) ;
#2264 = AXIS2_PLACEMENT_3D ( 'NONE', #232, #620, #5153 ) ;
#2265 = DATE_AND_TIME ( #5439, #2514 ) ;
#2266 = EDGE_CURVE ( 'NONE', #2822, #5503, #3596, .T. ) ;
#2267 = DIRECTION ( 'NONE',  ( -0.000000000000000000, 1.000000000000000000, -0.000000000000000000 ) ) ;
#2268 = AXIS2_PLACEMENT_3D ( 'NONE', #4847, #1617, #5205 ) ;
#2269 = DIRECTION ( 'NONE',  ( 0.000000000000000000, 1.000000000000000000, 0.000000000000000000 ) ) ;
#2270 = ORIENTED_EDGE ( 'NONE', *, *, #3998, .T. ) ;
#2271 = ORIENTED_EDGE ( 'NONE', *, *, #1852, .T. ) ;
#2272 = AXIS2_PLACEMENT_3D ( 'NONE', #717, #4718, #266 ) ;
#2273 = DIRECTION ( 'NONE',  ( 0.000000000000000000, -0.000000000000000000, -1.000000000000000000 ) ) ;
#2274 = FACE_OUTER_BOUND ( 'NONE', #1799, .T. ) ;
#2275 = AXIS2_PLACEMENT_3D ( 'NONE', #3524, #1786, #5753 ) ;
#2276 = ORIENTED_EDGE ( 'NONE', *, *, #388, .F. ) ;
#2277 = DIRECTION ( 'NONE',  ( 9.396418828207704437E-16, 1.000000000000000000, 0.000000000000000000 ) ) ;
#2278 = AXIS2_PLACEMENT_3D ( 'NONE', #177, #4116, #2876 ) ;
#2279 = CARTESIAN_POINT ( 'NONE',  ( -15.00000000000000711, 46.00000000000000000, -19.50000000000000000 ) ) ;
#2280 = DIRECTION ( 'NONE',  ( -0.000000000000000000, -0.000000000000000000, 1.000000000000000000 ) ) ;
#2281 = DIRECTION ( 'NONE',  ( -0.000000000000000000, 0.000000000000000000, 1.000000000000000000 ) ) ;
#2282 = LINE ( 'NONE', #4491, #3693 ) ;
#2283 = ORIENTED_EDGE ( 'NONE', *, *, #5190, .T. ) ;
#2284 = ADVANCED_FACE ( 'NONE', ( #505, #2296 ), #442, .F. ) ;
#2285 = ADVANCED_FACE ( 'NONE', ( #4055 ), #56, .F. ) ;
#2286 = DIRECTION ( 'NONE',  ( 0.000000000000000000, 0.000000000000000000, 1.000000000000000000 ) ) ;
#2287 =( REPRESENTATION_RELATIONSHIP ('NONE','NONE', #2476, #1460 ) REPRESENTATION_RELATIONSHIP_WITH_TRANSFORMATION ( #2960 )SHAPE_REPRESENTATION_RELATIONSHIP( ) );
#2288 = DIRECTION ( 'NONE',  ( -0.000000000000000000, -1.000000000000000000, -0.000000000000000000 ) ) ;
#2289 = VERTEX_POINT ( 'NONE', #839 ) ;
#2290 = EDGE_CURVE ( 'NONE', #4838, #5552, #4223, .T. ) ;
#2291 = ORIENTED_EDGE ( 'NONE', *, *, #3389, .T. ) ;
#2292 = EDGE_CURVE ( 'NONE', #2361, #2031, #3684, .T. ) ;
#2293 = CALENDAR_DATE ( 2025, 23, 9 ) ;
#2294 = CARTESIAN_POINT ( 'NONE',  ( 11.99999999999999289, 12.99999999999999645, -19.50000000000000000 ) ) ;
#2295 = ORIENTED_EDGE ( 'NONE', *, *, #2974, .T. ) ;
#2296 = FACE_OUTER_BOUND ( 'NONE', #3972, .T. ) ;
#2297 = ORIENTED_EDGE ( 'NONE', *, *, #2362, .T. ) ;
#2298 = EDGE_LOOP ( 'NONE', ( #1231, #949, #2152, #3002 ) ) ;
#2299 = EDGE_CURVE ( 'NONE', #4736, #4396, #5529, .T. ) ;
#2300 = CARTESIAN_POINT ( 'NONE',  ( -3.000000000000002665, 18.00000000000000000, -43.38851452574947132 ) ) ;
#2301 = CARTESIAN_POINT ( 'NONE',  ( -38.57441366914013514, -16.99999999999999645, 35.53999999999999915 ) ) ;
#2302 = ORIENTED_EDGE ( 'NONE', *, *, #896, .T. ) ;
#2303 = DIRECTION ( 'NONE',  ( -0.000000000000000000, 1.000000000000000000, -0.000000000000000000 ) ) ;
#2304 = PLANE ( 'NONE',  #1316 ) ;
#2305 = DIRECTION ( 'NONE',  ( -0.000000000000000000, 1.000000000000000000, -0.000000000000000000 ) ) ;
#2306 = PLANE ( 'NONE',  #538 ) ;
#2307 = EDGE_CURVE ( 'NONE', #4634, #3255, #84, .T. ) ;
#2308 = FACE_OUTER_BOUND ( 'NONE', #2509, .T. ) ;
#2309 = ORIENTED_EDGE ( 'NONE', *, *, #3828, .T. ) ;
#2310 = PLANE ( 'NONE',  #5606 ) ;
#2311 = LINE ( 'NONE', #4072, #1015 ) ;
#2312 = VECTOR ( 'NONE', #3069, 1000.000000000000000 ) ;
#2313 = ORIENTED_EDGE ( 'NONE', *, *, #2140, .T. ) ;
#2314 = ORIENTED_EDGE ( 'NONE', *, *, #5100, .F. ) ;
#2315 = DATE_AND_TIME ( #5382, #1586 ) ;
#2316 = AXIS2_PLACEMENT_3D ( 'NONE', #350, #4860, #5300 ) ;
#2317 = DIRECTION ( 'NONE',  ( 0.000000000000000000, 1.000000000000000000, -0.000000000000000000 ) ) ;
#2318 = CARTESIAN_POINT ( 'NONE',  ( -18.00000000000000711, -8.000000000000000000, 21.49999999999999645 ) ) ;
#2319 = VERTEX_POINT ( 'NONE', #4170 ) ;
#2320 = CARTESIAN_POINT ( 'NONE',  ( -25.94117647058823906, 19.00000000000000000, -3.000031882232207181 ) ) ;
#2321 = VERTEX_POINT ( 'NONE', #2788 ) ;
#2322 = VERTEX_POINT ( 'NONE', #3256 ) ;
#2323 = VECTOR ( 'NONE', #4577, 1000.000000000000114 ) ;
#2324 = CC_DESIGN_APPROVAL ( #5326, ( #2612 ) ) ;
#2325 = CARTESIAN_POINT ( 'NONE',  ( 49.99999999999998579, 3.000000000000000000, 30.54000000000000270 ) ) ;
#2326 = CARTESIAN_POINT ( 'NONE',  ( -16.00000000000000355, -5.000000000000000000, -19.50000000000000000 ) ) ;
#2327 = ADVANCED_FACE ( 'NONE', ( #1541 ), #977, .F. ) ;
#2328 = VECTOR ( 'NONE', #2277, 1000.000000000000000 ) ;
#2329 = VERTEX_POINT ( 'NONE', #1475 ) ;
#2330 = CARTESIAN_POINT ( 'NONE',  ( 15.99999999999999645, 46.00000000000000000, -19.50000000000000000 ) ) ;
#2331 = ORIENTED_EDGE ( 'NONE', *, *, #2394, .F. ) ;
#2332 = AXIS2_PLACEMENT_3D ( 'NONE', #5706, #5736, #3078 ) ;
#2333 = VECTOR ( 'NONE', #2976, 1000.000000000000000 ) ;
#2334 = ADVANCED_FACE ( 'NONE', ( #3315 ), #1890, .T. ) ;
#2335 = CARTESIAN_POINT ( 'NONE',  ( -45.00000000000000711, 0.000000000000000000, -35.53999999999999915 ) ) ;
#2336 = CYLINDRICAL_SURFACE ( 'NONE', #757, 1.999999999999998224 ) ;
#2337 = CARTESIAN_POINT ( 'NONE',  ( 27.99999999999998934, 27.44861919775700443, 15.49999999999999645 ) ) ;
#2338 = DIRECTION ( 'NONE',  ( 0.000000000000000000, 0.000000000000000000, -1.000000000000000000 ) ) ;
#2339 = CARTESIAN_POINT ( 'NONE',  ( 14.99999999999999289, -5.000000000000000000, 21.49999999999999645 ) ) ;
#2340 = ORIENTED_EDGE ( 'NONE', *, *, #4814, .T. ) ;
#2341 = DIRECTION ( 'NONE',  ( 0.000000000000000000, 0.000000000000000000, 1.000000000000000000 ) ) ;
#2342 = FACE_BOUND ( 'NONE', #4508, .T. ) ;
#2343 = EDGE_CURVE ( 'NONE', #4009, #2767, #121, .T. ) ;
#2344 = CARTESIAN_POINT ( 'NONE',  ( 2.999999999999990674, 23.00000000000000000, 30.54000000000000270 ) ) ;
#2345 = ORIENTED_EDGE ( 'NONE', *, *, #2168, .F. ) ;
#2346 = VERTEX_POINT ( 'NONE', #5091 ) ;
#2347 = LINE ( 'NONE', #3680, #2085 ) ;
#2348 = DIRECTION ( 'NONE',  ( -1.000000000000000000, 0.000000000000000000, -0.000000000000000000 ) ) ;
#2349 = VERTEX_POINT ( 'NONE', #5444 ) ;
#2350 = DIRECTION ( 'NONE',  ( 0.000000000000000000, 1.000000000000000000, -0.000000000000000000 ) ) ;
#2351 = ORIENTED_EDGE ( 'NONE', *, *, #4783, .T. ) ;
#2352 = VECTOR ( 'NONE', #1358, 1000.000000000000000 ) ;
#2353 = VERTEX_POINT ( 'NONE', #1004 ) ;
#2354 = DIRECTION ( 'NONE',  ( 1.000000000000000000, 0.000000000000000000, 3.138221453535817011E-12 ) ) ;
#2355 = CARTESIAN_POINT ( 'NONE',  ( -2.466082893448629597E-15, 3.000000000000000000, -35.53999999999999915 ) ) ;
#2356 = DIRECTION ( 'NONE',  ( 0.000000000000000000, 0.000000000000000000, 1.000000000000000000 ) ) ;
#2357 = EDGE_CURVE ( 'NONE', #2900, #1179, #1979, .T. ) ;
#2358 = AXIS2_PLACEMENT_3D ( 'NONE', #140, #1112, #1941 ) ;
#2359 = ORIENTED_EDGE ( 'NONE', *, *, #679, .F. ) ;
#2360 = LINE ( 'NONE', #1988, #4599 ) ;
#2361 = VERTEX_POINT ( 'NONE', #1094 ) ;
#2362 = EDGE_CURVE ( 'NONE', #5132, #528, #622, .T. ) ;
#2363 = AXIS2_PLACEMENT_3D ( 'NONE', #2856, #3262, #182 ) ;
#2364 = PRODUCT_DEFINITION ( 'UNKNOWN', '', #3986, #4071 ) ;
#2365 = DIRECTION ( 'NONE',  ( 0.000000000000000000, 1.000000000000000000, 0.000000000000000000 ) ) ;
#2366 = LINE ( 'NONE', #607, #2524 ) ;
#2367 = VECTOR ( 'NONE', #5420, 1000.000000000000000 ) ;
#2368 = DIRECTION ( 'NONE',  ( 0.000000000000000000, 0.000000000000000000, 1.000000000000000000 ) ) ;
#2369 = CARTESIAN_POINT ( 'NONE',  ( 14.99999999999999467, 13.00000000000000000, 21.49999999999999645 ) ) ;
#2370 = ORIENTED_EDGE ( 'NONE', *, *, #5142, .F. ) ;
#2371 = EDGE_CURVE ( 'NONE', #1269, #1960, #560, .T. ) ;
#2372 = CARTESIAN_POINT ( 'NONE',  ( -28.00000000000000355, 18.00000000000000000, -43.38851452574947132 ) ) ;
#2373 = CARTESIAN_POINT ( 'NONE',  ( -24.75000000000000000, 18.00000000000000000, -40.78851452574946990 ) ) ;
#2374 = CARTESIAN_POINT ( 'NONE',  ( -28.05394252513385922, 0.000000000000000000, -40.38851452574947132 ) ) ;
#2375 = DIRECTION ( 'NONE',  ( 1.000000000000000000, -0.000000000000000000, -9.762090466948830279E-17 ) ) ;
#2376 = DIRECTION ( 'NONE',  ( 1.000000000000000000, -0.000000000000000000, 0.000000000000000000 ) ) ;
#2377 = ORIENTED_EDGE ( 'NONE', *, *, #5172, .F. ) ;
#2378 = ORIENTED_EDGE ( 'NONE', *, *, #1763, .F. ) ;
#2379 = APPROVAL_STATUS ( 'not_yet_approved' ) ;
#2380 = CARTESIAN_POINT ( 'NONE',  ( 0.000000000000000000, 18.00000000000000000, 0.000000000000000000 ) ) ;
#2381 = DIRECTION ( 'NONE',  ( 0.000000000000000000, 0.000000000000000000, 1.000000000000000000 ) ) ;
#2382 = DIRECTION ( 'NONE',  ( -1.000000000000000000, 0.000000000000000000, -0.000000000000000000 ) ) ;
#2383 = ADVANCED_FACE ( 'NONE', ( #3199, #593, #3653 ), #4654, .T. ) ;
#2384 = ORIENTED_EDGE ( 'NONE', *, *, #4397, .T. ) ;
#2385 = VERTEX_POINT ( 'NONE', #3622 ) ;
#2386 =( LENGTH_UNIT ( ) NAMED_UNIT ( * ) SI_UNIT ( .MILLI., .METRE. ) );
#2387 = CARTESIAN_POINT ( 'NONE',  ( 27.99999999999998934, 39.31639237894030714, 18.49999999999999645 ) ) ;
#2388 = CARTESIAN_POINT ( 'NONE',  ( -45.00000000000000711, 3.000000000000000000, 32.03999999999999915 ) ) ;
#2389 = ORIENTED_EDGE ( 'NONE', *, *, #280, .T. ) ;
#2390 = CARTESIAN_POINT ( 'NONE',  ( 7.999999999999992895, 9.999999999999996447, -21.50000000000000000 ) ) ;
#2391 = ORIENTED_EDGE ( 'NONE', *, *, #5030, .T. ) ;
#2392 = DIRECTION ( 'NONE',  ( 0.000000000000000000, 1.000000000000000000, -0.000000000000000000 ) ) ;
#2393 = CARTESIAN_POINT ( 'NONE',  ( -18.00000000000000711, -5.000000000000000000, 18.49999999999999645 ) ) ;
#2394 = EDGE_CURVE ( 'NONE', #5165, #4252, #5064, .T. ) ;
#2395 = CC_DESIGN_PERSON_AND_ORGANIZATION_ASSIGNMENT ( #2780, #2756, ( #5684 ) ) ;
#2396 = DIRECTION ( 'NONE',  ( -0.000000000000000000, 1.000000000000000000, -0.000000000000000000 ) ) ;
#2397 = ORIENTED_EDGE ( 'NONE', *, *, #5537, .T. ) ;
#2398 = ADVANCED_FACE ( 'NONE', ( #1409, #149, #2852 ), #1442, .T. ) ;
#2399 = AXIS2_PLACEMENT_3D ( 'NONE', #5428, #3241, #5350 ) ;
#2400 = DIRECTION ( 'NONE',  ( 0.000000000000000000, 0.000000000000000000, -1.000000000000000000 ) ) ;
#2401 = ADVANCED_FACE ( 'NONE', ( #3228 ), #4533, .F. ) ;
#2402 = CARTESIAN_POINT ( 'NONE',  ( 7.999999999999992895, 12.99999999999999822, -21.50000000000000000 ) ) ;
#2403 = ORIENTED_EDGE ( 'NONE', *, *, #1739, .F. ) ;
#2404 = ORIENTED_EDGE ( 'NONE', *, *, #1508, .F. ) ;
#2405 = DATE_AND_TIME ( #3282, #1489 ) ;
#2406 = FACE_BOUND ( 'NONE', #1622, .T. ) ;
#2407 = DIRECTION ( 'NONE',  ( 0.000000000000000000, 1.000000000000000000, 0.000000000000000000 ) ) ;
#2408 = CARTESIAN_POINT ( 'NONE',  ( -16.00000000000000355, 46.00000000000000000, 19.50000000000000000 ) ) ;
#2409 = VERTEX_POINT ( 'NONE', #4684 ) ;
#2410 = VERTEX_POINT ( 'NONE', #3015 ) ;
#2411 = APPROVAL_ROLE ( '' ) ;
#2412 = CARTESIAN_POINT ( 'NONE',  ( -28.05394252513385212, 0.000000000000000000, -43.38851452574947132 ) ) ;
#2413 = PLANE ( 'NONE',  #92 ) ;
#2414 = VERTEX_POINT ( 'NONE', #1260 ) ;
#2415 = DIRECTION ( 'NONE',  ( 1.156482317317871725E-15, 0.000000000000000000, -1.000000000000000000 ) ) ;
#2416 = VECTOR ( 'NONE', #2159, 1000.000000000000000 ) ;
#2417 = LOCAL_TIME ( 2, 41, 34.00000000000000000, #3224 ) ;
#2418 = VERTEX_POINT ( 'NONE', #3455 ) ;
#2419 = AXIS2_PLACEMENT_3D ( 'NONE', #3130, #2281, #4066 ) ;
#2420 = DIRECTION ( 'NONE',  ( 0.000000000000000000, 0.000000000000000000, 1.000000000000000000 ) ) ;
#2421 = CARTESIAN_POINT ( 'NONE',  ( -18.00000000000000711, -5.000000000000000000, -18.50000000000000000 ) ) ;
#2422 = FACE_OUTER_BOUND ( 'NONE', #3887, .T. ) ;
#2423 = AXIS2_PLACEMENT_3D ( 'NONE', #3153, #4486, #4980 ) ;
#2424 = CIRCLE ( 'NONE', #4470, 2.999999999999999112 ) ;
#2425 = ORIENTED_EDGE ( 'NONE', *, *, #3476, .T. ) ;
#2426 = ADVANCED_FACE ( 'NONE', ( #3800 ), #5703, .F. ) ;
#2427 = CARTESIAN_POINT ( 'NONE',  ( 37.00000000000000711, 23.00000000000000000, 35.53999999999999915 ) ) ;
#2428 = LINE ( 'NONE', #1464, #4877 ) ;
#2429 = DIRECTION ( 'NONE',  ( 0.000000000000000000, 0.000000000000000000, 1.000000000000000000 ) ) ;
#2430 = DIRECTION ( 'NONE',  ( -3.469446951953615372E-15, 0.000000000000000000, -1.000000000000000000 ) ) ;
#2431 = ORIENTED_EDGE ( 'NONE', *, *, #668, .F. ) ;
#2432 = ORIENTED_EDGE ( 'NONE', *, *, #3101, .T. ) ;
#2433 = EDGE_CURVE ( 'NONE', #1569, #824, #2010, .T. ) ;
#2434 = PERSON_AND_ORGANIZATION_ROLE ( 'design_supplier' ) ;
#2435 = CARTESIAN_POINT ( 'NONE',  ( -15.00000000000000711, 46.00000000000000000, 18.49999999999999645 ) ) ;
#2436 = DIRECTION ( 'NONE',  ( 0.000000000000000000, 1.000000000000000000, -0.000000000000000000 ) ) ;
#2437 = DIRECTION ( 'NONE',  ( -0.000000000000000000, -0.000000000000000000, -1.000000000000000000 ) ) ;
#2438 = ORIENTED_EDGE ( 'NONE', *, *, #4549, .F. ) ;
#2439 = ORIENTED_EDGE ( 'NONE', *, *, #5312, .T. ) ;
#2440 = EDGE_CURVE ( 'NONE', #2957, #2481, #4386, .T. ) ;
#2441 = CALENDAR_DATE ( 2025, 23, 9 ) ;
#2442 = DIRECTION ( 'NONE',  ( 1.000000000000000000, 1.334402673828313339E-16, 0.000000000000000000 ) ) ;
#2443 = CARTESIAN_POINT ( 'NONE',  ( 2.999999999999989786, 3.000000000000000000, 35.53999999999999915 ) ) ;
#2444 = ORIENTED_EDGE ( 'NONE', *, *, #5299, .F. ) ;
#2445 = CIRCLE ( 'NONE', #3283, 2.999999999999999112 ) ;
#2446 = DIRECTION ( 'NONE',  ( 0.000000000000000000, 0.000000000000000000, -1.000000000000000000 ) ) ;
#2447 = ORIENTED_EDGE ( 'NONE', *, *, #1254, .T. ) ;
#2448 = EDGE_CURVE ( 'NONE', #3576, #302, #854, .T. ) ;
#2449 = AXIS2_PLACEMENT_3D ( 'NONE', #1565, #3339, #2904 ) ;
#2450 = DIRECTION ( 'NONE',  ( 0.000000000000000000, -0.000000000000000000, -1.000000000000000000 ) ) ;
#2451 = DIRECTION ( 'NONE',  ( 1.000000000000000000, -0.000000000000000000, -0.000000000000000000 ) ) ;
#2452 = CARTESIAN_POINT ( 'NONE',  ( -12.00000000000000711, 13.00000000000000000, -21.50000000000000000 ) ) ;
#2453 = VECTOR ( 'NONE', #1284, 1000.000000000000000 ) ;
#2454 = ADVANCED_FACE ( 'NONE', ( #797 ), #4853, .T. ) ;
#2455 = VERTEX_POINT ( 'NONE', #2642 ) ;
#2456 = ADVANCED_FACE ( 'NONE', ( #5586 ), #3044, .F. ) ;
#2457 = CIRCLE ( 'NONE', #2272, 2.999999999999999112 ) ;
#2458 = CARTESIAN_POINT ( 'NONE',  ( 0.000000000000000000, 0.000000000000000000, 0.000000000000000000 ) ) ;
#2459 = DIRECTION ( 'NONE',  ( -0.000000000000000000, 1.000000000000000000, -0.000000000000000000 ) ) ;
#2460 = DIRECTION ( 'NONE',  ( 0.000000000000000000, 0.000000000000000000, 1.000000000000000000 ) ) ;
#2461 = LINE ( 'NONE', #4289, #990 ) ;
#2462 = EDGE_CURVE ( 'NONE', #4338, #31, #4233, .T. ) ;
#2463 = ORIENTED_EDGE ( 'NONE', *, *, #2072, .T. ) ;
#2464 = VECTOR ( 'NONE', #3629, 1000.000000000000000 ) ;
#2465 = VERTEX_POINT ( 'NONE', #235 ) ;
#2466 = DATE_AND_TIME ( #3797, #5228 ) ;
#2467 = DIRECTION ( 'NONE',  ( 0.000000000000000000, 1.000000000000000000, 0.000000000000000000 ) ) ;
#2468 = DIRECTION ( 'NONE',  ( -2.440522616737207262E-17, 0.000000000000000000, -1.000000000000000000 ) ) ;
#2469 = VECTOR ( 'NONE', #3493, 1000.000000000000000 ) ;
#2470 = DIRECTION ( 'NONE',  ( -1.000000000000000000, 1.156482317317871133E-15, 0.000000000000000000 ) ) ;
#2471 = EDGE_CURVE ( 'NONE', #4304, #1605, #2181, .T. ) ;
#2472 = CC_DESIGN_PERSON_AND_ORGANIZATION_ASSIGNMENT ( #3319, #1983, ( #3986 ) ) ;
#2473 = DIRECTION ( 'NONE',  ( 0.000000000000000000, -0.000000000000000000, -1.000000000000000000 ) ) ;
#2474 = ORIENTED_EDGE ( 'NONE', *, *, #2686, .T. ) ;
#2475 = ORIENTED_EDGE ( 'NONE', *, *, #323, .F. ) ;
#2476 = SHAPE_REPRESENTATION ( 'Battery_Platform_Assem', ( #5322, #1869, #549 ), #2065 ) ;
#2477 = COORDINATED_UNIVERSAL_TIME_OFFSET ( 7, 0, .AHEAD. ) ;
#2478 = DIRECTION ( 'NONE',  ( -0.000000000000000000, -1.000000000000000000, 0.000000000000000000 ) ) ;
#2479 = CARTESIAN_POINT ( 'NONE',  ( -15.00000000000000711, 46.00000000000000000, 21.49999999999999645 ) ) ;
#2480 = AXIS2_PLACEMENT_3D ( 'NONE', #3419, #3503, #3100 ) ;
#2481 = VERTEX_POINT ( 'NONE', #405 ) ;
#2482 = ADVANCED_FACE ( 'NONE', ( #4347 ), #344, .T. ) ;
#2483 = CARTESIAN_POINT ( 'NONE',  ( -12.00000000000000711, 9.999999999999998224, -21.50000000000000000 ) ) ;
#2484 = EDGE_LOOP ( 'NONE', ( #5325, #1512, #2439, #1891 ) ) ;
#2485 = CARTESIAN_POINT ( 'NONE',  ( 14.99999999999999289, -8.000000000000000000, 21.49999999999999645 ) ) ;
#2486 = DIRECTION ( 'NONE',  ( 0.000000000000000000, 1.000000000000000000, 0.000000000000000000 ) ) ;
#2487 = DIRECTION ( 'NONE',  ( 0.000000000000000000, 0.000000000000000000, -1.000000000000000000 ) ) ;
#2488 = ORIENTED_EDGE ( 'NONE', *, *, #496, .T. ) ;
#2489 = LINE ( 'NONE', #2000, #5743 ) ;
#2490 = VECTOR ( 'NONE', #763, 1000.000000000000000 ) ;
#2491 = CARTESIAN_POINT ( 'NONE',  ( -35.05395286684827028, 3.000000000000000000, 33.64095925806566356 ) ) ;
#2492 = PLANE ( 'NONE',  #1790 ) ;
#2493 = DIRECTION ( 'NONE',  ( 0.000000000000000000, 1.000000000000000000, 0.000000000000000000 ) ) ;
#2494 = EDGE_CURVE ( 'NONE', #2767, #748, #2540, .T. ) ;
#2495 = ORIENTED_EDGE ( 'NONE', *, *, #2903, .F. ) ;
#2496 = ORIENTED_EDGE ( 'NONE', *, *, #2178, .F. ) ;
#2497 = ORIENTED_EDGE ( 'NONE', *, *, #3225, .F. ) ;
#2498 = EDGE_CURVE ( 'NONE', #4863, #4994, #1819, .T. ) ;
#2499 = DIRECTION ( 'NONE',  ( 1.000000000000000000, -0.000000000000000000, -0.000000000000000000 ) ) ;
#2500 = CARTESIAN_POINT ( 'NONE',  ( -22.99999999999998934, 27.44861919775700443, -2.400000000000002576 ) ) ;
#2501 = ORIENTED_EDGE ( 'NONE', *, *, #868, .F. ) ;
#2502 = ORIENTED_EDGE ( 'NONE', *, *, #4876, .T. ) ;
#2503 = PERSON_AND_ORGANIZATION ( #1521, #4168 ) ;
#2504 = PRODUCT_DEFINITION ( 'UNKNOWN', '', #1861, #1943 ) ;
#2505 = LINE ( 'NONE', #242, #5423 ) ;
#2506 = ORIENTED_EDGE ( 'NONE', *, *, #4112, .T. ) ;
#2507 = DIRECTION ( 'NONE',  ( 2.928627140084648467E-16, 0.000000000000000000, 1.000000000000000000 ) ) ;
#2508 = ORIENTED_EDGE ( 'NONE', *, *, #4820, .T. ) ;
#2509 = EDGE_LOOP ( 'NONE', ( #3591, #4587, #3977, #1474 ) ) ;
#2510 = EDGE_CURVE ( 'NONE', #86, #4720, #1462, .T. ) ;
#2511 = CARTESIAN_POINT ( 'NONE',  ( -22.99999999999998934, 27.44861919775700443, -1.734723475976807094E-15 ) ) ;
#2512 = AXIS2_PLACEMENT_3D ( 'NONE', #4683, #1092, #2470 ) ;
#2513 = DIRECTION ( 'NONE',  ( 1.000000000000000000, -0.000000000000000000, -9.762090466948830279E-17 ) ) ;
#2514 = LOCAL_TIME ( 2, 41, 34.00000000000000000, #4911 ) ;
#2515 = CARTESIAN_POINT ( 'NONE',  ( -16.00000000000000355, 46.00000000000000000, 19.50000000000000000 ) ) ;
#2516 = ORIENTED_EDGE ( 'NONE', *, *, #682, .F. ) ;
#2517 = VECTOR ( 'NONE', #5294, 1000.000000000000000 ) ;
#2518 = ADVANCED_FACE ( 'NONE', ( #2079 ), #4104, .T. ) ;
#2519 = DIRECTION ( 'NONE',  ( 1.000000000000000000, -0.000000000000000000, 0.000000000000000000 ) ) ;
#2520 = LINE ( 'NONE', #3906, #4004 ) ;
#2521 = CARTESIAN_POINT ( 'NONE',  ( 39.99999999999998579, 1.734723475976807094E-15, 25.10000000000000142 ) ) ;
#2522 = VECTOR ( 'NONE', #2891, 1000.000000000000000 ) ;
#2523 = ORIENTED_EDGE ( 'NONE', *, *, #3301, .T. ) ;
#2524 = VECTOR ( 'NONE', #2451, 1000.000000000000000 ) ;
#2525 = ORIENTED_EDGE ( 'NONE', *, *, #3823, .T. ) ;
#2526 = VERTEX_POINT ( 'NONE', #108 ) ;
#2527 = DIRECTION ( 'NONE',  ( -0.000000000000000000, 1.000000000000000000, -0.000000000000000000 ) ) ;
#2528 =( GEOMETRIC_REPRESENTATION_CONTEXT ( 3 ) GLOBAL_UNCERTAINTY_ASSIGNED_CONTEXT ( ( #1465 ) ) GLOBAL_UNIT_ASSIGNED_CONTEXT ( ( #3134, #3535, #3995 ) ) REPRESENTATION_CONTEXT ( 'NONE', 'WORKASPACE' ) );
#2529 = CYLINDRICAL_SURFACE ( 'NONE', #5523, 2.399999999999999467 ) ;
#2530 = DIRECTION ( 'NONE',  ( 0.000000000000000000, 0.000000000000000000, -1.000000000000000000 ) ) ;
#2531 = ORIENTED_EDGE ( 'NONE', *, *, #719, .T. ) ;
#2532 = VERTEX_POINT ( 'NONE', #579 ) ;
#2533 = DIRECTION ( 'NONE',  ( -1.000000000000000000, 0.000000000000000000, 0.000000000000000000 ) ) ;
#2534 = CALENDAR_DATE ( 2025, 23, 9 ) ;
#2535 = CARTESIAN_POINT ( 'NONE',  ( 24.99999999999998934, 39.31639237894030714, -18.50000000000000000 ) ) ;
#2536 = VECTOR ( 'NONE', #102, 1000.000000000000000 ) ;
#2537 = CARTESIAN_POINT ( 'NONE',  ( -28.05395286684827383, 3.000000000000000000, 40.64095925806566356 ) ) ;
#2538 = EDGE_LOOP ( 'NONE', ( #4171, #3106, #2844, #980 ) ) ;
#2539 = VERTEX_POINT ( 'NONE', #5169 ) ;
#2540 = LINE ( 'NONE', #3244, #789 ) ;
#2541 = VECTOR ( 'NONE', #1415, 1000.000000000000000 ) ;
#2542 = FACE_OUTER_BOUND ( 'NONE', #3802, .T. ) ;
#2543 = FACE_OUTER_BOUND ( 'NONE', #219, .T. ) ;
#2544 = EDGE_CURVE ( 'NONE', #5248, #3138, #1165, .T. ) ;
#2545 = ADVANCED_FACE ( 'NONE', ( #3872 ), #308, .F. ) ;
#2546 = VECTOR ( 'NONE', #4230, 1000.000000000000000 ) ;
#2547 = VERTEX_POINT ( 'NONE', #3699 ) ;
#2548 = CARTESIAN_POINT ( 'NONE',  ( -24.99999999999998934, 39.31639237894030714, 18.49999999999999645 ) ) ;
#2549 = DIRECTION ( 'NONE',  ( 0.000000000000000000, -1.000000000000000000, 0.000000000000000000 ) ) ;
#2550 = DIRECTION ( 'NONE',  ( 0.000000000000000000, -1.000000000000000000, 0.000000000000000000 ) ) ;
#2551 = AXIS2_PLACEMENT_3D ( 'NONE', #284, #2549, #5177 ) ;
#2552 = CARTESIAN_POINT ( 'NONE',  ( -28.00000000000000355, 18.00000000000000000, -33.38851452574947132 ) ) ;
#2553 = EDGE_CURVE ( 'NONE', #2418, #251, #2949, .T. ) ;
#2554 = EDGE_LOOP ( 'NONE', ( #2865, #2351, #3158, #2779 ) ) ;
#2555 = VERTEX_POINT ( 'NONE', #4755 ) ;
#2556 = DIRECTION ( 'NONE',  ( 9.762090466948830279E-17, -0.000000000000000000, 1.000000000000000000 ) ) ;
#2557 = VECTOR ( 'NONE', #5506, 1000.000000000000000 ) ;
#2558 = LINE ( 'NONE', #940, #3383 ) ;
#2559 = FACE_BOUND ( 'NONE', #951, .T. ) ;
#2560 = AXIS2_PLACEMENT_3D ( 'NONE', #601, #4152, #156 ) ;
#2561 = ORIENTED_EDGE ( 'NONE', *, *, #1363, .T. ) ;
#2562 = ORIENTED_EDGE ( 'NONE', *, *, #1467, .F. ) ;
#2563 = CIRCLE ( 'NONE', #5168, 1.999999999999998224 ) ;
#2564 = COORDINATED_UNIVERSAL_TIME_OFFSET ( 7, 0, .AHEAD. ) ;
#2565 = VECTOR ( 'NONE', #5283, 1000.000000000000000 ) ;
#2566 = CARTESIAN_POINT ( 'NONE',  ( 4.999999999999993783, -1.102182119232617911E-15, -21.50000000000000000 ) ) ;
#2567 = PERSON ( 'NAUO-PER3', 'UNSPECIFIED', 'UNSPECIFIED', ('UNSPECIFIED'), ('UNSPECIFIED'), ('UNSPECIFIED') ) ;
#2568 = EDGE_CURVE ( 'NONE', #2761, #2418, #1496, .T. ) ;
#2569 = ORIENTED_EDGE ( 'NONE', *, *, #5410, .T. ) ;
#2570 = LINE ( 'NONE', #697, #3664 ) ;
#2571 = EDGE_LOOP ( 'NONE', ( #5763, #443, #1953, #157 ) ) ;
#2572 = AXIS2_PLACEMENT_3D ( 'NONE', #4581, #4247, #3843 ) ;
#2573 = ORIENTED_EDGE ( 'NONE', *, *, #5043, .F. ) ;
#2574 = EDGE_CURVE ( 'NONE', #4588, #5194, #596, .T. ) ;
#2575 = CARTESIAN_POINT ( 'NONE',  ( 0.000000000000000000, 3.000000000000000000, 35.53999999999999915 ) ) ;
#2576 = CARTESIAN_POINT ( 'NONE',  ( -15.00000000000000711, 13.00000000000000000, 21.49999999999999645 ) ) ;
#2577 = DIRECTION ( 'NONE',  ( 1.000000000000000000, -0.000000000000000000, -0.000000000000000000 ) ) ;
#2578 = CARTESIAN_POINT ( 'NONE',  ( 22.99999999999998934, 27.44861919775700443, 2.399999999999999023 ) ) ;
#2579 = DIRECTION ( 'NONE',  ( 0.000000000000000000, -1.000000000000000000, 0.000000000000000000 ) ) ;
#2580 = CC_DESIGN_PERSON_AND_ORGANIZATION_ASSIGNMENT ( #1947, #5524, ( #536 ) ) ;
#2581 = CARTESIAN_POINT ( 'NONE',  ( 44.99999999999999289, -7.000000000000000000, -30.53999999999999559 ) ) ;
#2582 = DIRECTION ( 'NONE',  ( 0.000000000000000000, 0.000000000000000000, -1.000000000000000000 ) ) ;
#2583 = DIRECTION ( 'NONE',  ( 0.000000000000000000, 1.000000000000000000, 0.000000000000000000 ) ) ;
#2584 = PLANE ( 'NONE',  #3422 ) ;
#2585 = EDGE_CURVE ( 'NONE', #3807, #1438, #754, .T. ) ;
#2586 = CARTESIAN_POINT ( 'NONE',  ( 17.99999999999999289, 46.00000000000000000, 18.49999999999999645 ) ) ;
#2587 = VERTEX_POINT ( 'NONE', #612 ) ;
#2588 = ORIENTED_EDGE ( 'NONE', *, *, #35, .F. ) ;
#2589 = PLANE ( 'NONE',  #1967 ) ;
#2590 = EDGE_CURVE ( 'NONE', #4304, #2385, #5600, .T. ) ;
#2591 = FACE_OUTER_BOUND ( 'NONE', #256, .T. ) ;
#2592 = CARTESIAN_POINT ( 'NONE',  ( 14.99999999999999645, 39.44861919775701153, 28.50000000000000000 ) ) ;
#2593 = ORIENTED_EDGE ( 'NONE', *, *, #5537, .F. ) ;
#2594 = ORIENTED_EDGE ( 'NONE', *, *, #5762, .T. ) ;
#2595 = PERSON_AND_ORGANIZATION ( #1521, #4168 ) ;
#2596 = DIRECTION ( 'NONE',  ( -0.000000000000000000, 0.000000000000000000, -1.000000000000000000 ) ) ;
#2597 = DIRECTION ( 'NONE',  ( -0.000000000000000000, -0.000000000000000000, -1.000000000000000000 ) ) ;
#2598 = EDGE_LOOP ( 'NONE', ( #1003, #5791, #1437, #2594 ) ) ;
#2599 = CARTESIAN_POINT ( 'NONE',  ( -17.99999999999999289, 27.44861919775700443, 18.49999999999999645 ) ) ;
#2600 = ORIENTED_EDGE ( 'NONE', *, *, #43, .T. ) ;
#2601 = VERTEX_POINT ( 'NONE', #2485 ) ;
#2602 = EDGE_CURVE ( 'NONE', #4737, #271, #1070, .T. ) ;
#2603 = CARTESIAN_POINT ( 'NONE',  ( -12.00000000000000711, 0.000000000000000000, 31.50000000000000000 ) ) ;
#2604 = CARTESIAN_POINT ( 'NONE',  ( 14.99999999999999645, 27.44861919775700443, -28.50000000000000000 ) ) ;
#2605 = DIRECTION ( 'NONE',  ( -0.000000000000000000, 1.000000000000000000, -0.000000000000000000 ) ) ;
#2606 = CARTESIAN_POINT ( 'NONE',  ( -15.00000000000000711, 39.44861919775701153, 28.50000000000000000 ) ) ;
#2607 = DIRECTION ( 'NONE',  ( 1.000000000000000000, 0.000000000000000000, -6.938893903907229610E-17 ) ) ;
#2608 = CARTESIAN_POINT ( 'NONE',  ( 45.00000000019101520, -7.000000000000000000, 32.30434736977309740 ) ) ;
#2609 = CARTESIAN_POINT ( 'NONE',  ( -18.00000000000000711, 46.00000000000000000, 21.49999999999999645 ) ) ;
#2610 = LINE ( 'NONE', #765, #4631 ) ;
#2611 = ORIENTED_EDGE ( 'NONE', *, *, #1155, .F. ) ;
#2612 = SECURITY_CLASSIFICATION ( '', '', #2217 ) ;
#2613 = VERTEX_POINT ( 'NONE', #3812 ) ;
#2614 = DIRECTION ( 'NONE',  ( 0.000000000000000000, 0.000000000000000000, -1.000000000000000000 ) ) ;
#2616 = EDGE_CURVE ( 'NONE', #3839, #3543, #1643, .T. ) ;
#2615 = CIRCLE ( 'NONE', #3996, 2.400000000000000799 ) ;
#2617 = DIRECTION ( 'NONE',  ( -1.000000000000000000, 0.000000000000000000, 0.000000000000000000 ) ) ;
#2618 = DIRECTION ( 'NONE',  ( 0.000000000000000000, 1.000000000000000000, 0.000000000000000000 ) ) ;
#2619 = VECTOR ( 'NONE', #5609, 1000.000000000000000 ) ;
#2620 = ORIENTED_EDGE ( 'NONE', *, *, #24, .T. ) ;
#2621 = ORIENTED_EDGE ( 'NONE', *, *, #5558, .T. ) ;
#2622 = ADVANCED_FACE ( 'NONE', ( #3384 ), #5199, .F. ) ;
#2623 =( GEOMETRIC_REPRESENTATION_CONTEXT ( 3 ) GLOBAL_UNCERTAINTY_ASSIGNED_CONTEXT ( ( #4859 ) ) GLOBAL_UNIT_ASSIGNED_CONTEXT ( ( #4801, #800, #4351 ) ) REPRESENTATION_CONTEXT ( 'NONE', 'WORKASPACE' ) );
#2624 = VECTOR ( 'NONE', #2638, 1000.000000000000000 ) ;
#2625 = COORDINATED_UNIVERSAL_TIME_OFFSET ( 7, 0, .AHEAD. ) ;
#2626 = DIRECTION ( 'NONE',  ( -0.000000000000000000, -1.000000000000000000, -0.000000000000000000 ) ) ;
#2627 = ORIENTED_EDGE ( 'NONE', *, *, #1795, .T. ) ;
#2628 = DIRECTION ( 'NONE',  ( -1.000000000000000000, -0.000000000000000000, 2.928627140084648467E-16 ) ) ;
#2629 = ORIENTED_EDGE ( 'NONE', *, *, #1526, .T. ) ;
#2630 = ORIENTED_EDGE ( 'NONE', *, *, #4165, .F. ) ;
#2631 = EDGE_CURVE ( 'NONE', #4909, #3847, #3216, .T. ) ;
#2632 = CARTESIAN_POINT ( 'NONE',  ( -27.99999999999998934, 0.000000000000000000, 15.49999999999999645 ) ) ;
#2633 = FACE_OUTER_BOUND ( 'NONE', #5587, .T. ) ;
#2634 = LINE ( 'NONE', #3932, #4884 ) ;
#2635 = EDGE_CURVE ( 'NONE', #3509, #2860, #1350, .T. ) ;
#2636 = AXIS2_PLACEMENT_3D ( 'NONE', #1302, #3515, #4300 ) ;
#2637 = FACE_OUTER_BOUND ( 'NONE', #4694, .T. ) ;
#2638 = DIRECTION ( 'NONE',  ( 0.000000000000000000, -1.000000000000000000, 0.000000000000000000 ) ) ;
#2639 = LINE ( 'NONE', #2089, #1428 ) ;
#2640 = CARTESIAN_POINT ( 'NONE',  ( 14.99999999999999645, 39.44861919775701153, -21.50000000000000000 ) ) ;
#2641 = AXIS2_PLACEMENT_3D ( 'NONE', #3866, #2653, #3057 ) ;
#2642 = CARTESIAN_POINT ( 'NONE',  ( -33.00000000000000000, -8.000000000000000000, 3.000031882232204072 ) ) ;
#2643 = EDGE_LOOP ( 'NONE', ( #305, #1898, #4207, #5678 ) ) ;
#2644 = AXIS2_PLACEMENT_3D ( 'NONE', #3877, #2176, #3936 ) ;
#2645 = DIRECTION ( 'NONE',  ( 0.000000000000000000, 0.000000000000000000, 1.000000000000000000 ) ) ;
#2646 = CARTESIAN_POINT ( 'NONE',  ( -5.000000000000006217, 0.000000000000000000, 21.49999999999999645 ) ) ;
#2647 = DIRECTION ( 'NONE',  ( 0.000000000000000000, 0.000000000000000000, 1.000000000000000000 ) ) ;
#2648 = ORIENTED_EDGE ( 'NONE', *, *, #4176, .F. ) ;
#2649 = AXIS2_PLACEMENT_3D ( 'NONE', #5004, #5067, #1072 ) ;
#2650 = VERTEX_POINT ( 'NONE', #2661 ) ;
#2651 = CALENDAR_DATE ( 2025, 23, 9 ) ;
#2652 = EDGE_CURVE ( 'NONE', #3367, #4442, #3833, .T. ) ;
#2653 = DIRECTION ( 'NONE',  ( -0.000000000000000000, -1.000000000000000000, 0.000000000000000000 ) ) ;
#2654 = EDGE_CURVE ( 'NONE', #4564, #2043, #5693, .T. ) ;
#2655 = CIRCLE ( 'NONE', #4881, 1.499999999999997780 ) ;
#2656 = CC_DESIGN_PERSON_AND_ORGANIZATION_ASSIGNMENT ( #4051, #522, ( #3253 ) ) ;
#2657 = LINE ( 'NONE', #1830, #4321 ) ;
#2658 = ORIENTED_EDGE ( 'NONE', *, *, #1659, .F. ) ;
#2659 = ORIENTED_EDGE ( 'NONE', *, *, #2686, .F. ) ;
#2660 = AXIS2_PLACEMENT_3D ( 'NONE', #5133, #568, #2415 ) ;
#2661 = CARTESIAN_POINT ( 'NONE',  ( -22.99999999999998934, 39.31639237894030714, -2.400000000000002576 ) ) ;
#2662 = EDGE_CURVE ( 'NONE', #3752, #1438, #4896, .T. ) ;
#2663 = CARTESIAN_POINT ( 'NONE',  ( 0.000000000000000000, 3.000000000000000000, 35.53999999999999915 ) ) ;
#2664 = CIRCLE ( 'NONE', #5073, 5.000000000000000888 ) ;
#2665 = DIRECTION ( 'NONE',  ( 1.000000000000000000, -0.000000000000000000, -9.762090466948830279E-17 ) ) ;
#2666 = CARTESIAN_POINT ( 'NONE',  ( -3.413803036292006075E-15, 23.00000000000000000, 30.53999999999999915 ) ) ;
#2667 = CARTESIAN_POINT ( 'NONE',  ( 14.99999999999999645, 0.000000000000000000, -21.50000000000000000 ) ) ;
#2668 = CARTESIAN_POINT ( 'NONE',  ( -2.119138198253267783E-15, 18.00000000000000000, -30.54000000000000270 ) ) ;
#2669 = CARTESIAN_POINT ( 'NONE',  ( -8.000000000000007105, 13.00000000000000000, -21.50000000000000000 ) ) ;
#2670 = EDGE_CURVE ( 'NONE', #2045, #3917, #2445, .T. ) ;
#2671 = VERTEX_POINT ( 'NONE', #3897 ) ;
#2672 = ADVANCED_FACE ( 'NONE', ( #5340 ), #5722, .F. ) ;
#2673 = CARTESIAN_POINT ( 'NONE',  ( 14.99999999999999645, 46.00000000000000000, -21.50000000000000000 ) ) ;
#2674 = CARTESIAN_POINT ( 'NONE',  ( 15.99999999999999645, 46.00000000000000000, 19.50000000000000000 ) ) ;
#2675 = EDGE_CURVE ( 'NONE', #31, #3016, #4102, .T. ) ;
#2676 = VERTEX_POINT ( 'NONE', #4370 ) ;
#2677 = ORIENTED_EDGE ( 'NONE', *, *, #2440, .T. ) ;
#2678 = APPROVAL_DATE_TIME ( #3490, #1974 ) ;
#2679 = DIRECTION ( 'NONE',  ( 1.000000000000000000, -0.000000000000000000, -6.938893903907229610E-17 ) ) ;
#2680 = DIRECTION ( 'NONE',  ( -1.000000000000000000, 0.000000000000000000, 0.000000000000000000 ) ) ;
#2681 = ORIENTED_EDGE ( 'NONE', *, *, #27, .T. ) ;
#2682 = VERTEX_POINT ( 'NONE', #1734 ) ;
#2683 = EDGE_CURVE ( 'NONE', #2860, #3698, #1339, .T. ) ;
#2684 = DIRECTION ( 'NONE',  ( -0.000000000000000000, -1.000000000000000000, -0.000000000000000000 ) ) ;
#2685 = DIRECTION ( 'NONE',  ( 0.000000000000000000, 0.000000000000000000, -1.000000000000000000 ) ) ;
#2686 = EDGE_CURVE ( 'NONE', #595, #920, #1250, .T. ) ;
#2687 = DIRECTION ( 'NONE',  ( 0.000000000000000000, 0.000000000000000000, -1.000000000000000000 ) ) ;
#2688 = CARTESIAN_POINT ( 'NONE',  ( -38.42605021233617180, -16.99999999999999645, -35.53999999999999915 ) ) ;
#2689 = PLANE ( 'NONE',  #5156 ) ;
#2690 = CARTESIAN_POINT ( 'NONE',  ( -31.05394252513385922, 0.000000000000000000, -40.38851452574947132 ) ) ;
#2691 = DIRECTION ( 'NONE',  ( -0.000000000000000000, 1.000000000000000000, -0.000000000000000000 ) ) ;
#2692 = VERTEX_POINT ( 'NONE', #4840 ) ;
#2693 = DIRECTION ( 'NONE',  ( 0.000000000000000000, 0.000000000000000000, 1.000000000000000000 ) ) ;
#2694 = CARTESIAN_POINT ( 'NONE',  ( 14.99999999999999467, 13.00000000000000000, -21.50000000000000000 ) ) ;
#2695 = DIRECTION ( 'NONE',  ( -0.000000000000000000, 0.000000000000000000, -1.000000000000000000 ) ) ;
#2696 = AXIS2_PLACEMENT_3D ( 'NONE', #1771, #4803, #886 ) ;
#2697 = PRODUCT_DEFINITION_FORMATION_WITH_SPECIFIED_SOURCE ( 'ANY', '', #3192, .NOT_KNOWN. ) ;
#2698 = ORIENTED_EDGE ( 'NONE', *, *, #2252, .T. ) ;
#2699 = ORIENTED_EDGE ( 'NONE', *, *, #4060, .T. ) ;
#2700 = DIRECTION ( 'NONE',  ( 1.000000000000000000, -0.000000000000000000, -9.762090466948830279E-17 ) ) ;
#2701 = DIRECTION ( 'NONE',  ( -1.000000000000000000, 0.000000000000000000, 0.000000000000000000 ) ) ;
#2702 = EDGE_LOOP ( 'NONE', ( #4825, #4213, #1320, #5302, #3599, #383, #2313, #1378 ) ) ;
#2703 = LINE ( 'NONE', #5748, #785 ) ;
#2704 = AXIS2_PLACEMENT_3D ( 'NONE', #3882, #2123, #2614 ) ;
#2705 = EDGE_LOOP ( 'NONE', ( #2053, #5562, #2, #3949 ) ) ;
#2706 = AXIS2_PLACEMENT_3D ( 'NONE', #4592, #558, #2381 ) ;
#2707 = ORIENTED_EDGE ( 'NONE', *, *, #973, .F. ) ;
#2708 = DIRECTION ( 'NONE',  ( 0.000000000000000000, 0.000000000000000000, 1.000000000000000000 ) ) ;
#2709 = DIRECTION ( 'NONE',  ( -0.000000000000000000, 1.000000000000000000, -0.000000000000000000 ) ) ;
#2710 = CARTESIAN_POINT ( 'NONE',  ( 17.99999999999999289, -5.000000000000000000, 21.49999999999999645 ) ) ;
#2711 = ADVANCED_FACE ( 'NONE', ( #873 ), #396, .F. ) ;
#2712 = ORIENTED_EDGE ( 'NONE', *, *, #5299, .T. ) ;
#2713 = DIRECTION ( 'NONE',  ( -0.000000000000000000, 0.000000000000000000, 1.000000000000000000 ) ) ;
#2714 = DIRECTION ( 'NONE',  ( -0.000000000000000000, 1.000000000000000000, -0.000000000000000000 ) ) ;
#2715 = LINE ( 'NONE', #4924, #4409 ) ;
#2716 = EDGE_CURVE ( 'NONE', #4854, #824, #5286, .T. ) ;
#2717 = ADVANCED_FACE ( 'NONE', ( #2201 ), #3959, .F. ) ;
#2718 = EDGE_CURVE ( 'NONE', #4665, #5553, #766, .T. ) ;
#2719 = DIRECTION ( 'NONE',  ( 0.000000000000000000, 0.000000000000000000, -1.000000000000000000 ) ) ;
#2720 = CARTESIAN_POINT ( 'NONE',  ( 14.99999999999999645, 27.44861919775700443, 28.50000000000000000 ) ) ;
#2721 = AXIS2_PLACEMENT_3D ( 'NONE', #1842, #5400, #4957 ) ;
#2722 = EDGE_LOOP ( 'NONE', ( #5357, #2438 ) ) ;
#2723 = AXIS2_PLACEMENT_3D ( 'NONE', #3981, #3472, #783 ) ;
#2724 = EDGE_CURVE ( 'NONE', #4479, #4702, #5048, .T. ) ;
#2725 = CARTESIAN_POINT ( 'NONE',  ( 44.99999999999999289, 3.000000000000000000, -32.53999999999999204 ) ) ;
#2726 = ORIENTED_EDGE ( 'NONE', *, *, #3702, .F. ) ;
#2727 = ORIENTED_EDGE ( 'NONE', *, *, #459, .T. ) ;
#2728 = CIRCLE ( 'NONE', #1892, 2.399999999999999467 ) ;
#2729 = DATE_AND_TIME ( #5359, #2051 ) ;
#2730 = CARTESIAN_POINT ( 'NONE',  ( 4.999999999999993783, 0.000000000000000000, 19.50000000000000000 ) ) ;
#2731 = VECTOR ( 'NONE', #4672, 1000.000000000000000 ) ;
#2732 = DIRECTION ( 'NONE',  ( 0.000000000000000000, 0.000000000000000000, 1.000000000000000000 ) ) ;
#2733 = ORIENTED_EDGE ( 'NONE', *, *, #2590, .F. ) ;
#2734 = ORIENTED_EDGE ( 'NONE', *, *, #2471, .F. ) ;
#2735 = LINE ( 'NONE', #2325, #1243 ) ;
#2736 = AXIS2_PLACEMENT_3D ( 'NONE', #786, #728, #5603 ) ;
#2737 = EDGE_CURVE ( 'NONE', #3795, #3113, #3374, .T. ) ;
#2738 = CARTESIAN_POINT ( 'NONE',  ( 24.99999999999998934, 0.000000000000000000, 15.49999999999999645 ) ) ;
#2739 = CARTESIAN_POINT ( 'NONE',  ( 11.99999999999999645, 39.44861919775701153, 31.50000000000000000 ) ) ;
#2740 = VECTOR ( 'NONE', #5596, 1000.000000000000000 ) ;
#2741 = ORIENTED_EDGE ( 'NONE', *, *, #1530, .T. ) ;
#2742 = CARTESIAN_POINT ( 'NONE',  ( 0.000000000000000000, 41.00000000000000000, 11.50000000000000000 ) ) ;
#2743 = VECTOR ( 'NONE', #1303, 1000.000000000000000 ) ;
#2744 = FACE_OUTER_BOUND ( 'NONE', #5421, .T. ) ;
#2745 = DIRECTION ( 'NONE',  ( 0.000000000000000000, 1.000000000000000000, -0.000000000000000000 ) ) ;
#2746 = CARTESIAN_POINT ( 'NONE',  ( 22.99999999999998934, 22.31639237894032135, -1.734723475976807094E-15 ) ) ;
#2747 = PLANE ( 'NONE',  #5707 ) ;
#2748 = ORIENTED_EDGE ( 'NONE', *, *, #5462, .F. ) ;
#2749 = FACE_OUTER_BOUND ( 'NONE', #1397, .T. ) ;
#2750 = AXIS2_PLACEMENT_3D ( 'NONE', #5051, #5108, #1111 ) ;
#2751 = EDGE_CURVE ( 'NONE', #186, #4729, #447, .T. ) ;
#2752 = DIRECTION ( 'NONE',  ( -2.928627140084648467E-16, -0.000000000000000000, -1.000000000000000000 ) ) ;
#2753 = ORIENTED_EDGE ( 'NONE', *, *, #2662, .F. ) ;
#2754 = EDGE_LOOP ( 'NONE', ( #3950, #3720, #3076, #2899 ) ) ;
#2755 = EDGE_CURVE ( 'NONE', #4994, #1647, #1670, .T. ) ;
#2756 = PERSON_AND_ORGANIZATION_ROLE ( 'design_supplier' ) ;
#2757 = CARTESIAN_POINT ( 'NONE',  ( -15.50000000000000355, 18.00000000000000000, -43.38851452574947132 ) ) ;
#2758 = CARTESIAN_POINT ( 'NONE',  ( 11.99999999999999467, 9.999999999999998224, -21.50000000000000000 ) ) ;
#2759 = ORIENTED_EDGE ( 'NONE', *, *, #1283, .F. ) ;
#2760 = CARTESIAN_POINT ( 'NONE',  ( 0.000000000000000000, 3.000000000000000000, 0.000000000000000000 ) ) ;
#2761 = VERTEX_POINT ( 'NONE', #1834 ) ;
#2762 = ORIENTED_EDGE ( 'NONE', *, *, #4400, .F. ) ;
#2763 = CARTESIAN_POINT ( 'NONE',  ( 0.000000000000000000, 0.000000000000000000, -31.50000000000000000 ) ) ;
#2764 = CARTESIAN_POINT ( 'NONE',  ( -45.00000000000000711, 0.000000000000000000, 35.53999999999999915 ) ) ;
#2765 = EDGE_LOOP ( 'NONE', ( #3575, #5474 ) ) ;
#2766 = DIRECTION ( 'NONE',  ( 0.000000000000000000, 0.000000000000000000, 1.000000000000000000 ) ) ;
#2767 = VERTEX_POINT ( 'NONE', #2300 ) ;
#2768 = DIRECTION ( 'NONE',  ( 0.000000000000000000, -1.000000000000000000, 0.000000000000000000 ) ) ;
#2769 = DIRECTION ( 'NONE',  ( 0.000000000000000000, 1.000000000000000000, 0.000000000000000000 ) ) ;
#2770 = DIRECTION ( 'NONE',  ( 1.000000000000000000, 0.000000000000000000, 0.000000000000000000 ) ) ;
#2771 = CYLINDRICAL_SURFACE ( 'NONE', #836, 2.999999999999999112 ) ;
#2772 = CARTESIAN_POINT ( 'NONE',  ( 14.99999999999999645, 39.44861919775701153, -21.50000000000000000 ) ) ;
#2773 = EDGE_LOOP ( 'NONE', ( #3714, #3870, #33, #4596 ) ) ;
#2774 = CARTESIAN_POINT ( 'NONE',  ( 17.99999999999999289, 27.44861919775700443, 18.49999999999999645 ) ) ;
#2775 = CARTESIAN_POINT ( 'NONE',  ( -15.00000000000000711, 46.00000000000000000, -21.50000000000000000 ) ) ;
#2776 = DIRECTION ( 'NONE',  ( 1.000000000000000000, 0.000000000000000000, 0.000000000000000000 ) ) ;
#2777 = ADVANCED_FACE ( 'NONE', ( #925 ), #5005, .F. ) ;
#2778 = ORIENTED_EDGE ( 'NONE', *, *, #4636, .T. ) ;
#2779 = ORIENTED_EDGE ( 'NONE', *, *, #948, .F. ) ;
#2780 = PERSON_AND_ORGANIZATION ( #1521, #4168 ) ;
#2781 = AXIS2_PLACEMENT_3D ( 'NONE', #1440, #1736, #5442 ) ;
#2782 = FACE_OUTER_BOUND ( 'NONE', #942, .T. ) ;
#2783 = CC_DESIGN_SECURITY_CLASSIFICATION ( #5311, ( #5794 ) ) ;
#2784 = LINE ( 'NONE', #1002, #453 ) ;
#2785 = ORIENTED_EDGE ( 'NONE', *, *, #4641, .F. ) ;
#2786 = ADVANCED_FACE ( 'NONE', ( #3627 ), #3579, .F. ) ;
#2787 = EDGE_CURVE ( 'NONE', #271, #2682, #5390, .T. ) ;
#2788 = CARTESIAN_POINT ( 'NONE',  ( 36.99999999999998579, 18.00000000000000000, -35.53999999999999204 ) ) ;
#2789 = EDGE_LOOP ( 'NONE', ( #4050, #1998, #4415, #4555, #4006, #3017, #1856, #2262, #5556 ) ) ;
#2790 = ORIENTED_EDGE ( 'NONE', *, *, #1321, .T. ) ;
#2791 = AXIS2_PLACEMENT_3D ( 'NONE', #4706, #3703, #254 ) ;
#2792 = CARTESIAN_POINT ( 'NONE',  ( 37.00000000000000711, 3.000000000000002665, 25.09999999999999787 ) ) ;
#2793 = DIRECTION ( 'NONE',  ( -0.000000000000000000, 1.000000000000000000, -0.000000000000000000 ) ) ;
#2794 = AXIS2_PLACEMENT_3D ( 'NONE', #1488, #5567, #1578 ) ;
#2795 = VECTOR ( 'NONE', #3239, 1000.000000000000000 ) ;
#2796 = ORIENTED_EDGE ( 'NONE', *, *, #3739, .T. ) ;
#2797 = ADVANCED_FACE ( 'NONE', ( #89 ), #4511, .T. ) ;
#2798 = FACE_OUTER_BOUND ( 'NONE', #4949, .T. ) ;
#2799 = ORIENTED_EDGE ( 'NONE', *, *, #4573, .F. ) ;
#2800 = VECTOR ( 'NONE', #1264, 1000.000000000000000 ) ;
#2801 = AXIS2_PLACEMENT_3D ( 'NONE', #1354, #4497, #1435 ) ;
#2802 = DIRECTION ( 'NONE',  ( 1.000000000000000000, 1.334402673828313339E-16, 0.000000000000000000 ) ) ;
#2803 = DIRECTION ( 'NONE',  ( -0.000000000000000000, 1.000000000000000000, -0.000000000000000000 ) ) ;
#2804 = CARTESIAN_POINT ( 'NONE',  ( -15.00000000000000711, 9.999999999999994671, 19.50000000000000000 ) ) ;
#2805 = CYLINDRICAL_SURFACE ( 'NONE', #3973, 2.400000000000000799 ) ;
#2806 = DIRECTION ( 'NONE',  ( -1.000000000000000000, -1.734723475976807094E-16, 0.000000000000000000 ) ) ;
#2807 = VECTOR ( 'NONE', #2708, 1000.000000000000000 ) ;
#2808 = EDGE_LOOP ( 'NONE', ( #1290, #4114 ) ) ;
#2809 = DIRECTION ( 'NONE',  ( 0.000000000000000000, 1.000000000000000000, -0.000000000000000000 ) ) ;
#2810 = DIRECTION ( 'NONE',  ( 0.000000000000000000, 0.000000000000000000, 1.000000000000000000 ) ) ;
#2811 = AXIS2_PLACEMENT_3D ( 'NONE', #4542, #4064, #3555 ) ;
#2812 = CARTESIAN_POINT ( 'NONE',  ( 45.00000000019101520, -7.000000000000000000, 30.30434737003840340 ) ) ;
#2813 = VERTEX_POINT ( 'NONE', #4059 ) ;
#2814 = EDGE_LOOP ( 'NONE', ( #4936, #2038, #2024, #3801, #462, #1824 ) ) ;
#2815 = PERSON_AND_ORGANIZATION ( #1521, #4168 ) ;
#2816 = AXIS2_PLACEMENT_3D ( 'NONE', #3928, #4785, #3497 ) ;
#2817 = CARTESIAN_POINT ( 'NONE',  ( 0.000000000000000000, 46.00000000000000000, 11.50000000000000000 ) ) ;
#2818 = CARTESIAN_POINT ( 'NONE',  ( 2.999999999999988898, 18.00000000000000000, -30.54000000000000270 ) ) ;
#2819 = DIRECTION ( 'NONE',  ( -0.000000000000000000, 1.000000000000000000, -0.000000000000000000 ) ) ;
#2820 = ORIENTED_EDGE ( 'NONE', *, *, #2602, .F. ) ;
#2821 = CIRCLE ( 'NONE', #674, 2.999999999999999112 ) ;
#2822 = VERTEX_POINT ( 'NONE', #3263 ) ;
#2823 = CARTESIAN_POINT ( 'NONE',  ( -1.127570259384924611E-14, 3.000000000000000000, -35.53999999999999915 ) ) ;
#2824 = CC_DESIGN_PERSON_AND_ORGANIZATION_ASSIGNMENT ( #681, #4141, ( #5311 ) ) ;
#2825 = ADVANCED_FACE ( 'NONE', ( #60 ), #3232, .T. ) ;
#2826 = DIRECTION ( 'NONE',  ( -0.000000000000000000, -0.000000000000000000, 1.000000000000000000 ) ) ;
#2827 = ORIENTED_EDGE ( 'NONE', *, *, #5293, .T. ) ;
#2828 = CARTESIAN_POINT ( 'NONE',  ( -15.00000000000000711, 27.44861919775700443, 31.50000000000000000 ) ) ;
#2829 = EDGE_LOOP ( 'NONE', ( #1247, #4855 ) ) ;
#2830 = VECTOR ( 'NONE', #3545, 1000.000000000000000 ) ;
#2831 = ADVANCED_FACE ( 'NONE', ( #5036 ), #4917, .F. ) ;
#2832 = CARTESIAN_POINT ( 'NONE',  ( 14.99999999999999645, 0.000000000000000000, -21.50000000000000000 ) ) ;
#2833 = LINE ( 'NONE', #4982, #3539 ) ;
#2834 = VECTOR ( 'NONE', #8, 1000.000000000000000 ) ;
#2835 = CARTESIAN_POINT ( 'NONE',  ( -18.00000000000000711, 46.00000000000000000, -3.000031882232211178 ) ) ;
#2836 = LINE ( 'NONE', #1082, #1278 ) ;
#2837 = VECTOR ( 'NONE', #5425, 1000.000000000000000 ) ;
#2838 = ORIENTED_EDGE ( 'NONE', *, *, #999, .F. ) ;
#2839 = AXIS2_PLACEMENT_3D ( 'NONE', #1, #919, #3517 ) ;
#2840 = CARTESIAN_POINT ( 'NONE',  ( -1.387778780781445676E-14, 1.734723475976807094E-15, 25.10000000000000497 ) ) ;
#2841 = LINE ( 'NONE', #226, #2731 ) ;
#2842 = LINE ( 'NONE', #583, #4657 ) ;
#2843 = VECTOR ( 'NONE', #3275, 1000.000000000000000 ) ;
#2844 = ORIENTED_EDGE ( 'NONE', *, *, #2737, .T. ) ;
#2845 = ORIENTED_EDGE ( 'NONE', *, *, #432, .F. ) ;
#2846 = EDGE_CURVE ( 'NONE', #5216, #4479, #5477, .T. ) ;
#2847 = DATE_AND_TIME ( #1625, #3066 ) ;
#2848 = AXIS2_PLACEMENT_3D ( 'NONE', #4640, #3330, #3697 ) ;
#2849 = CARTESIAN_POINT ( 'NONE',  ( -16.00000000000000355, -5.000000000000000000, 19.50000000000000000 ) ) ;
#2850 = ADVANCED_FACE ( 'NONE', ( #1809, #4481 ), #4568, .F. ) ;
#2851 = CYLINDRICAL_SURFACE ( 'NONE', #63, 2.999999999999999112 ) ;
#2852 = FACE_BOUND ( 'NONE', #1006, .T. ) ;
#2853 = VERTEX_POINT ( 'NONE', #565 ) ;
#2854 = VERTEX_POINT ( 'NONE', #4036 ) ;
#2855 = MECHANICAL_CONTEXT ( 'NONE', #1996, 'mechanical' ) ;
#2856 = CARTESIAN_POINT ( 'NONE',  ( 14.99999999999999289, -8.000000000000000000, -18.50000000000000355 ) ) ;
#2857 = CARTESIAN_POINT ( 'NONE',  ( -1.387778780781445676E-14, 1.734723475976807094E-15, 25.10000000000000497 ) ) ;
#2858 = EDGE_LOOP ( 'NONE', ( #5749, #1244, #1945, #5691 ) ) ;
#2859 = FACE_OUTER_BOUND ( 'NONE', #2814, .T. ) ;
#2860 = VERTEX_POINT ( 'NONE', #3600 ) ;
#2861 = CYLINDRICAL_SURFACE ( 'NONE', #2794, 2.399999999999999467 ) ;
#2862 = LINE ( 'NONE', #4576, #931 ) ;
#2863 = DIRECTION ( 'NONE',  ( -0.000000000000000000, -0.000000000000000000, -1.000000000000000000 ) ) ;
#2864 = ADVANCED_FACE ( 'NONE', ( #1385 ), #4946, .F. ) ;
#2865 = ORIENTED_EDGE ( 'NONE', *, *, #3612, .F. ) ;
#2866 = FACE_OUTER_BOUND ( 'NONE', #2754, .T. ) ;
#2867 = CARTESIAN_POINT ( 'NONE',  ( 39.99999999999998579, 3.000000000000002665, 25.10000000000000142 ) ) ;
#2868 = DIRECTION ( 'NONE',  ( 0.000000000000000000, 0.000000000000000000, -1.000000000000000000 ) ) ;
#2869 = PLANE ( 'NONE',  #2791 ) ;
#2870 = EDGE_CURVE ( 'NONE', #4245, #2045, #3688, .T. ) ;
#2871 = ORIENTED_EDGE ( 'NONE', *, *, #1982, .T. ) ;
#2872 = ORIENTED_EDGE ( 'NONE', *, *, #1508, .T. ) ;
#2873 = SECURITY_CLASSIFICATION_LEVEL ( 'unclassified' ) ;
#2874 = LINE ( 'NONE', #3313, #4493 ) ;
#2875 = DIRECTION ( 'NONE',  ( 0.000000000000000000, 0.000000000000000000, -1.000000000000000000 ) ) ;
#2876 = DIRECTION ( 'NONE',  ( 0.000000000000000000, 0.000000000000000000, 1.000000000000000000 ) ) ;
#2877 = EDGE_CURVE ( 'NONE', #2900, #2319, #1865, .T. ) ;
#2878 = ORIENTED_EDGE ( 'NONE', *, *, #4525, .T. ) ;
#2879 = VERTEX_POINT ( 'NONE', #4010 ) ;
#2880 = PERSON_AND_ORGANIZATION ( #1521, #4168 ) ;
#2881 = DIRECTION ( 'NONE',  ( 0.000000000000000000, 1.000000000000000000, -0.000000000000000000 ) ) ;
#2882 = ORIENTED_EDGE ( 'NONE', *, *, #5459, .F. ) ;
#2883 = CARTESIAN_POINT ( 'NONE',  ( 36.99999999999998579, 3.000000000000002665, -25.10000000000000142 ) ) ;
#2884 = VECTOR ( 'NONE', #4188, 1000.000000000000000 ) ;
#2885 = CC_DESIGN_APPROVAL ( #3431, ( #5684 ) ) ;
#2886 = VERTEX_POINT ( 'NONE', #2764 ) ;
#2887 = VECTOR ( 'NONE', #3967, 1000.000000000000000 ) ;
#2888 = DIRECTION ( 'NONE',  ( -1.334402673828313339E-16, 1.000000000000000000, 0.000000000000000000 ) ) ;
#2889 = EDGE_CURVE ( 'NONE', #352, #2455, #6, .T. ) ;
#2890 = CARTESIAN_POINT ( 'NONE',  ( 11.99999999999999467, 13.00000000000000000, -19.50000000000000000 ) ) ;
#2891 = DIRECTION ( 'NONE',  ( 3.239561991697168136E-15, -1.000000000000000000, 0.000000000000000000 ) ) ;
#2892 = VECTOR ( 'NONE', #2392, 1000.000000000000000 ) ;
#2893 = AXIS2_PLACEMENT_3D ( 'NONE', #5103, #190, #4637 ) ;
#2894 = VERTEX_POINT ( 'NONE', #2326 ) ;
#2895 = EDGE_CURVE ( 'NONE', #3974, #5134, #4091, .T. ) ;
#2896 = ADVANCED_FACE ( 'NONE', ( #4630 ), #1515, .T. ) ;
#2897 = FACE_OUTER_BOUND ( 'NONE', #2011, .T. ) ;
#2898 = CYLINDRICAL_SURFACE ( 'NONE', #4073, 1.999999999734693112 ) ;
#2899 = ORIENTED_EDGE ( 'NONE', *, *, #4199, .F. ) ;
#2900 = VERTEX_POINT ( 'NONE', #2443 ) ;
#2901 = VERTEX_POINT ( 'NONE', #4268 ) ;
#2902 = SECURITY_CLASSIFICATION_LEVEL ( 'unclassified' ) ;
#2903 = EDGE_CURVE ( 'NONE', #3543, #4, #2260, .T. ) ;
#2904 = DIRECTION ( 'NONE',  ( 2.928627140084648467E-16, 0.000000000000000000, 1.000000000000000000 ) ) ;
#2905 = FACE_OUTER_BOUND ( 'NONE', #2070, .T. ) ;
#2906 = DIRECTION ( 'NONE',  ( -1.000000000000000000, 0.000000000000000000, 6.938893903907229610E-17 ) ) ;
#2907 = ORIENTED_EDGE ( 'NONE', *, *, #2616, .T. ) ;
#2908 = ORIENTED_EDGE ( 'NONE', *, *, #1398, .F. ) ;
#2909 = CARTESIAN_POINT ( 'NONE',  ( 14.99999999999999289, -8.000000000000000000, 18.49999999999999645 ) ) ;
#2910 = VECTOR ( 'NONE', #3437, 1000.000000000000000 ) ;
#2911 = FACE_OUTER_BOUND ( 'NONE', #5438, .T. ) ;
#2912 = EDGE_CURVE ( 'NONE', #5197, #2692, #3806, .T. ) ;
#2913 = CARTESIAN_POINT ( 'NONE',  ( -18.00000000000000711, 19.00000000000000000, -3.000031882232207625 ) ) ;
#2914 = AXIS2_PLACEMENT_3D ( 'NONE', #2566, #5715, #2997 ) ;
#2915 = CARTESIAN_POINT ( 'NONE',  ( -5.000000000000007994, 0.000000000000000000, 19.50000000000000000 ) ) ;
#2916 = ORIENTED_EDGE ( 'NONE', *, *, #5457, .T. ) ;
#2917 = AXIS2_PLACEMENT_3D ( 'NONE', #740, #1176, #771 ) ;
#2918 = EDGE_CURVE ( 'NONE', #2555, #4330, #154, .T. ) ;
#2919 = CARTESIAN_POINT ( 'NONE',  ( -1.440808244181442384E-15, 27.44861919775700443, 24.10000000000000142 ) ) ;
#2920 = FACE_OUTER_BOUND ( 'NONE', #2705, .T. ) ;
#2921 = DIRECTION ( 'NONE',  ( -0.000000000000000000, -1.000000000000000000, -0.000000000000000000 ) ) ;
#2922 = VECTOR ( 'NONE', #5426, 1000.000000000000000 ) ;
#2923 = VERTEX_POINT ( 'NONE', #4211 ) ;
#2924 = AXIS2_PLACEMENT_3D ( 'NONE', #338, #598, #2014 ) ;
#2925 = LINE ( 'NONE', #2427, #4574 ) ;
#2926 = CIRCLE ( 'NONE', #490, 2.999999999999999112 ) ;
#2927 = DIRECTION ( 'NONE',  ( 0.000000000000000000, 0.000000000000000000, 1.000000000000000000 ) ) ;
#2928 = LINE ( 'NONE', #4162, #4371 ) ;
#2929 = VERTEX_POINT ( 'NONE', #1572 ) ;
#2930 = ORIENTED_EDGE ( 'NONE', *, *, #3318, .F. ) ;
#2931 = AXIS2_PLACEMENT_3D ( 'NONE', #4875, #3126, #4038 ) ;
#2932 = ORIENTED_EDGE ( 'NONE', *, *, #1635, .F. ) ;
#2933 = APPROVAL ( #1920, 'UNSPECIFIED' ) ;
#2934 = PERSON_AND_ORGANIZATION_ROLE ( 'classification_officer' ) ;
#2935 = DIRECTION ( 'NONE',  ( -0.000000000000000000, 1.000000000000000000, -0.000000000000000000 ) ) ;
#2936 = AXIS2_PLACEMENT_3D ( 'NONE', #1067, #656, #5001 ) ;
#2937 = DIRECTION ( 'NONE',  ( 0.000000000000000000, 0.000000000000000000, 1.000000000000000000 ) ) ;
#2938 = VERTEX_POINT ( 'NONE', #4661 ) ;
#2939 = ORIENTED_EDGE ( 'NONE', *, *, #3552, .T. ) ;
#2940 = EDGE_CURVE ( 'NONE', #2971, #186, #1985, .T. ) ;
#2941 = PLANE ( 'NONE',  #1338 ) ;
#2942 = PERSON_AND_ORGANIZATION_ROLE ( 'creator' ) ;
#2943 = FACE_OUTER_BOUND ( 'NONE', #4973, .T. ) ;
#2944 = CIRCLE ( 'NONE', #3674, 2.999999999999999112 ) ;
#2945 = ORIENTED_EDGE ( 'NONE', *, *, #5101, .T. ) ;
#2946 = DIRECTION ( 'NONE',  ( 0.000000000000000000, -1.000000000000000000, 0.000000000000000000 ) ) ;
#2947 = ORIENTED_EDGE ( 'NONE', *, *, #3739, .F. ) ;
#2948 = ORIENTED_EDGE ( 'NONE', *, *, #1537, .F. ) ;
#2949 = LINE ( 'NONE', #2110, #2108 ) ;
#2950 = DIRECTION ( 'NONE',  ( 0.000000000000000000, -0.000000000000000000, 1.000000000000000000 ) ) ;
#2951 = CARTESIAN_POINT ( 'NONE',  ( 14.99999999999999645, 46.00000000000000000, 21.49999999999999645 ) ) ;
#2952 = VERTEX_POINT ( 'NONE', #3349 ) ;
#2953 = DIRECTION ( 'NONE',  ( 0.000000000000000000, 0.000000000000000000, 1.000000000000000000 ) ) ;
#2954 = AXIS2_PLACEMENT_3D ( 'NONE', #853, #4384, #3853 ) ;
#2955 = CYLINDRICAL_SURFACE ( 'NONE', #448, 2.399999999999999467 ) ;
#2956 = CARTESIAN_POINT ( 'NONE',  ( -3.000000000000000000, 3.000000000000003109, 43.64095925806566356 ) ) ;
#2957 = VERTEX_POINT ( 'NONE', #3293 ) ;
#2958 = ORIENTED_EDGE ( 'NONE', *, *, #4054, .F. ) ;
#2959 =( LENGTH_UNIT ( ) NAMED_UNIT ( * ) SI_UNIT ( .MILLI., .METRE. ) );
#2960 = ITEM_DEFINED_TRANSFORMATION ( 'NONE', 'NONE', #549,  #2332 ) ;
#2961 = FACE_OUTER_BOUND ( 'NONE', #5521, .T. ) ;
#2962 = DIRECTION ( 'NONE',  ( 1.000000000000000000, 1.734723475976807686E-15, 0.000000000000000000 ) ) ;
#2963 = ORIENTED_EDGE ( 'NONE', *, *, #2205, .F. ) ;
#2964 = ORIENTED_EDGE ( 'NONE', *, *, #2602, .T. ) ;
#2965 = FACE_OUTER_BOUND ( 'NONE', #1702, .T. ) ;
#2966 = DIRECTION ( 'NONE',  ( 0.000000000000000000, 0.000000000000000000, -1.000000000000000000 ) ) ;
#2967 = ADVANCED_FACE ( 'NONE', ( #3747 ), #2413, .T. ) ;
#2968 = EDGE_CURVE ( 'NONE', #1179, #1402, #3321, .T. ) ;
#2969 = EDGE_LOOP ( 'NONE', ( #143, #5623, #2531, #3495, #2107, #4743 ) ) ;
#2970 = DIRECTION ( 'NONE',  ( 0.000000000000000000, -1.000000000000000000, 0.000000000000000000 ) ) ;
#2971 = VERTEX_POINT ( 'NONE', #5507 ) ;
#2972 = ORIENTED_EDGE ( 'NONE', *, *, #4054, .T. ) ;
#2973 = CARTESIAN_POINT ( 'NONE',  ( 3.000000000000000000, 2.999999999999997335, 38.54000000000000625 ) ) ;
#2974 = EDGE_CURVE ( 'NONE', #3807, #2813, #214, .T. ) ;
#2975 = VECTOR ( 'NONE', #2875, 1000.000000000000000 ) ;
#2976 = DIRECTION ( 'NONE',  ( 1.189754775659388502E-16, 0.000000000000000000, 1.000000000000000000 ) ) ;
#2977 = CC_DESIGN_APPROVAL ( #1974, ( #2697 ) ) ;
#2978 = DIRECTION ( 'NONE',  ( -0.000000000000000000, -0.000000000000000000, 1.000000000000000000 ) ) ;
#2979 = EDGE_LOOP ( 'NONE', ( #1548, #5301, #4556, #2331 ) ) ;
#2980 = DIRECTION ( 'NONE',  ( 0.000000000000000000, 0.000000000000000000, -1.000000000000000000 ) ) ;
#2981 = PLANE ( 'NONE',  #2268 ) ;
#2982 = DIRECTION ( 'NONE',  ( -1.000000000000000000, -0.000000000000000000, -0.000000000000000000 ) ) ;
#2983 = DIRECTION ( 'NONE',  ( 1.000000000000000000, -0.000000000000000000, -0.000000000000000000 ) ) ;
#2984 = AXIS2_PLACEMENT_3D ( 'NONE', #666, #2527, #5297 ) ;
#2985 = VECTOR ( 'NONE', #3474, 1000.000000000000000 ) ;
#2986 = ORIENTED_EDGE ( 'NONE', *, *, #3654, .F. ) ;
#2987 = ORIENTED_EDGE ( 'NONE', *, *, #3345, .F. ) ;
#2988 = LINE ( 'NONE', #4827, #3718 ) ;
#2989 = DIRECTION ( 'NONE',  ( 0.000000000000000000, 0.000000000000000000, 1.000000000000000000 ) ) ;
#2990 = DIRECTION ( 'NONE',  ( 0.000000000000000000, 1.000000000000000000, 0.000000000000000000 ) ) ;
#2991 = EDGE_LOOP ( 'NONE', ( #2932, #1690, #5540, #5148, #2871, #2431, #4526, #3185, #1380, #2075, #123, #4222, #4605, #3544, #1469, #750 ) ) ;
#2992 = ORIENTED_EDGE ( 'NONE', *, *, #3273, .T. ) ;
#2993 = LINE ( 'NONE', #4774, #5437 ) ;
#2994 = APPLICATION_CONTEXT ( 'configuration controlled 3d designs of mechanical parts and assemblies' ) ;
#2995 = CALENDAR_DATE ( 2025, 23, 9 ) ;
#2996 = CARTESIAN_POINT ( 'NONE',  ( 0.000000000000000000, 0.000000000000000000, -43.38851452574947132 ) ) ;
#2997 = DIRECTION ( 'NONE',  ( 0.000000000000000000, 0.000000000000000000, -1.000000000000000000 ) ) ;
#2998 = ORIENTED_EDGE ( 'NONE', *, *, #4864, .F. ) ;
#2999 = VECTOR ( 'NONE', #1433, 1000.000000000000000 ) ;
#3000 = DIRECTION ( 'NONE',  ( 1.000000000000000000, 0.000000000000000000, -2.928627140084648467E-16 ) ) ;
#3001 = ORIENTED_EDGE ( 'NONE', *, *, #3269, .F. ) ;
#3002 = ORIENTED_EDGE ( 'NONE', *, *, #1389, .F. ) ;
#3003 = DIRECTION ( 'NONE',  ( -0.000000000000000000, -1.000000000000000000, -0.000000000000000000 ) ) ;
#3004 = VECTOR ( 'NONE', #1073, 1000.000000000000000 ) ;
#3005 = LINE ( 'NONE', #4786, #4559 ) ;
#3006 = DIRECTION ( 'NONE',  ( -1.000000000000000000, -0.000000000000000000, -0.000000000000000000 ) ) ;
#3007 = CIRCLE ( 'NONE', #2264, 5.000000000000000888 ) ;
#3008 = ADVANCED_FACE ( 'NONE', ( #4240 ), #1636, .T. ) ;
#3009 = CARTESIAN_POINT ( 'NONE',  ( -15.50000000000000355, 18.00000000000000000, -18.38851452574947487 ) ) ;
#3010 = DIRECTION ( 'NONE',  ( -0.000000000000000000, 1.000000000000000000, -0.000000000000000000 ) ) ;
#3011 = DIRECTION ( 'NONE',  ( 0.000000000000000000, 0.000000000000000000, -1.000000000000000000 ) ) ;
#3012 = VECTOR ( 'NONE', #69, 1000.000000000000000 ) ;
#3013 = FACE_OUTER_BOUND ( 'NONE', #4183, .T. ) ;
#3014 = DIRECTION ( 'NONE',  ( 0.000000000000000000, 0.000000000000000000, 1.000000000000000000 ) ) ;
#3015 = CARTESIAN_POINT ( 'NONE',  ( 14.99999999999999645, -5.000000000000000000, -21.50000000000000000 ) ) ;
#3016 = VERTEX_POINT ( 'NONE', #2479 ) ;
#3017 = ORIENTED_EDGE ( 'NONE', *, *, #3464, .T. ) ;
#3018 = DIRECTION ( 'NONE',  ( -3.239561991697168136E-15, 1.000000000000000000, -0.000000000000000000 ) ) ;
#3019 = CIRCLE ( 'NONE', #3299, 5.000000000000000888 ) ;
#3020 = EDGE_CURVE ( 'NONE', #3406, #74, #5561, .T. ) ;
#3021 = CARTESIAN_POINT ( 'NONE',  ( -35.05394252513385567, -16.99999999999999645, -33.38851452574947132 ) ) ;
#3022 = DIRECTION ( 'NONE',  ( -0.000000000000000000, -1.000000000000000000, -0.000000000000000000 ) ) ;
#3023 = AXIS2_PLACEMENT_3D ( 'NONE', #4571, #5040, #4603 ) ;
#3024 = ORIENTED_EDGE ( 'NONE', *, *, #2266, .F. ) ;
#3025 = ORIENTED_EDGE ( 'NONE', *, *, #1291, .F. ) ;
#3026 = DIRECTION ( 'NONE',  ( -0.000000000000000000, 1.000000000000000000, -0.000000000000000000 ) ) ;
#3027 = ADVANCED_FACE ( 'NONE', ( #2943 ), #627, .T. ) ;
#3028 = PERSON_AND_ORGANIZATION_ROLE ( 'creator' ) ;
#3029 = AXIS2_PLACEMENT_3D ( 'NONE', #4031, #2220, #4477 ) ;
#3030 = DIRECTION ( 'NONE',  ( 0.000000000000000000, 0.000000000000000000, -1.000000000000000000 ) ) ;
#3031 = EDGE_LOOP ( 'NONE', ( #3825, #1047, #1591, #3396 ) ) ;
#3032 = CARTESIAN_POINT ( 'NONE',  ( 36.99999999999998579, 23.00000000000000000, -35.53999999999999204 ) ) ;
#3033 = ORIENTED_EDGE ( 'NONE', *, *, #2544, .F. ) ;
#3034 = ORIENTED_EDGE ( 'NONE', *, *, #2054, .T. ) ;
#3035 = DIRECTION ( 'NONE',  ( -1.000000000000000000, 0.000000000000000000, -0.000000000000000000 ) ) ;
#3036 = DIRECTION ( 'NONE',  ( 0.000000000000000000, 1.000000000000000000, 0.000000000000000000 ) ) ;
#3037 = CARTESIAN_POINT ( 'NONE',  ( -18.00000000000000711, 46.00000000000000000, 21.49999999999999645 ) ) ;
#3038 = EDGE_CURVE ( 'NONE', #5094, #5182, #1130, .T. ) ;
#3039 = CARTESIAN_POINT ( 'NONE',  ( 44.99999999999999289, 0.000000000000000000, -30.54000000000000625 ) ) ;
#3040 = LINE ( 'NONE', #4314, #867 ) ;
#3041 = CARTESIAN_POINT ( 'NONE',  ( -1.101972858207410933E-14, 3.000000000000000000, -43.38851452574947132 ) ) ;
#3042 = EDGE_CURVE ( 'NONE', #561, #5086, #4681, .T. ) ;
#3043 = LINE ( 'NONE', #2552, #3448 ) ;
#3044 = PLANE ( 'NONE',  #1634 ) ;
#3045 = ORIENTED_EDGE ( 'NONE', *, *, #1447, .F. ) ;
#3046 = ORIENTED_EDGE ( 'NONE', *, *, #3273, .F. ) ;
#3047 = CARTESIAN_POINT ( 'NONE',  ( -1.101972858207410933E-14, 3.000000000000000000, -40.38851452574947132 ) ) ;
#3048 = CARTESIAN_POINT ( 'NONE',  ( 0.000000000000000000, 3.000000000000000000, 35.53999999999999915 ) ) ;
#3049 = CIRCLE ( 'NONE', #1087, 2.999999999999999112 ) ;
#3050 = EDGE_CURVE ( 'NONE', #595, #1722, #2505, .T. ) ;
#3051 = CARTESIAN_POINT ( 'NONE',  ( 17.99999999999999289, 46.00000000000000000, -18.50000000000000000 ) ) ;
#3052 = VERTEX_POINT ( 'NONE', #4747 ) ;
#3053 = ORIENTED_EDGE ( 'NONE', *, *, #3601, .F. ) ;
#3054 = PRODUCT_DEFINITION_SHAPE ( 'NONE', 'NONE',  #3528 ) ;
#3055 = DIRECTION ( 'NONE',  ( -0.000000000000000000, -1.000000000000000000, 0.000000000000000000 ) ) ;
#3056 = PERSON_AND_ORGANIZATION_ROLE ( 'creator' ) ;
#3057 = DIRECTION ( 'NONE',  ( 5.348730717595150738E-15, 0.000000000000000000, 1.000000000000000000 ) ) ;
#3058 = VERTEX_POINT ( 'NONE', #2388 ) ;
#3059 = DIRECTION ( 'NONE',  ( 0.000000000000000000, -1.000000000000000000, 0.000000000000000000 ) ) ;
#3060 = VERTEX_POINT ( 'NONE', #4149 ) ;
#3061 = ORIENTED_EDGE ( 'NONE', *, *, #4856, .F. ) ;
#3062 = FACE_OUTER_BOUND ( 'NONE', #4075, .T. ) ;
#3063 = DIRECTION ( 'NONE',  ( -0.000000000000000000, -0.000000000000000000, 1.000000000000000000 ) ) ;
#3064 = ADVANCED_FACE ( 'NONE', ( #2166 ), #3920, .T. ) ;
#3065 = CIRCLE ( 'NONE', #1682, 2.999999999999999112 ) ;
#3066 = LOCAL_TIME ( 2, 41, 34.00000000000000000, #173 ) ;
#3067 = FACE_OUTER_BOUND ( 'NONE', #1889, .T. ) ;
#3068 = CARTESIAN_POINT ( 'NONE',  ( 44.99999999999999289, 0.000000000000000000, -32.53999999999999204 ) ) ;
#3069 = DIRECTION ( 'NONE',  ( -0.000000000000000000, 1.000000000000000000, -0.000000000000000000 ) ) ;
#3070 = CARTESIAN_POINT ( 'NONE',  ( -31.05394252513385922, 0.000000000000000000, -33.38851452574947132 ) ) ;
#3071 = CYLINDRICAL_SURFACE ( 'NONE', #145, 2.999999999999999112 ) ;
#3072 = CARTESIAN_POINT ( 'NONE',  ( 45.00000000019101520, -7.000000000000000000, 28.30434737030371295 ) ) ;
#3073 = EDGE_LOOP ( 'NONE', ( #1820, #4735, #2463, #2611 ) ) ;
#3074 = VECTOR ( 'NONE', #1229, 1000.000000000000000 ) ;
#3075 = CC_DESIGN_APPROVAL ( #1079, ( #3986 ) ) ;
#3076 = ORIENTED_EDGE ( 'NONE', *, *, #1767, .T. ) ;
#3077 = EDGE_CURVE ( 'NONE', #4772, #891, #5221, .T. ) ;
#3078 = DIRECTION ( 'NONE',  ( 1.000000000000000000, 0.000000000000000000, 0.000000000000000000 ) ) ;
#3079 = EDGE_CURVE ( 'NONE', #5409, #2900, #807, .T. ) ;
#3080 = VECTOR ( 'NONE', #2303, 1000.000000000000000 ) ;
#3081 = CARTESIAN_POINT ( 'NONE',  ( 14.99999999999999289, -8.000000000000000000, -18.50000000000000355 ) ) ;
#3082 = FACE_OUTER_BOUND ( 'NONE', #243, .T. ) ;
#3083 = ORIENTED_EDGE ( 'NONE', *, *, #1225, .F. ) ;
#3084 = VERTEX_POINT ( 'NONE', #330 ) ;
#3085 = VECTOR ( 'NONE', #2513, 1000.000000000000000 ) ;
#3086 = EDGE_CURVE ( 'NONE', #2361, #5182, #2218, .T. ) ;
#3087 = APPROVAL_STATUS ( 'not_yet_approved' ) ;
#3088 = AXIS2_PLACEMENT_3D ( 'NONE', #4344, #3421, #1228 ) ;
#3089 = DIRECTION ( 'NONE',  ( -0.000000000000000000, -0.000000000000000000, -1.000000000000000000 ) ) ;
#3090 = DIRECTION ( 'NONE',  ( 0.000000000000000000, 6.938893903907227392E-16, -1.000000000000000000 ) ) ;
#3091 = VERTEX_POINT ( 'NONE', #300 ) ;
#3092 = ORIENTED_EDGE ( 'NONE', *, *, #5389, .F. ) ;
#3093 = CARTESIAN_POINT ( 'NONE',  ( -18.00000000000000711, 46.00000000000000000, 21.49999999999999645 ) ) ;
#3094 = VECTOR ( 'NONE', #5141, 1000.000000000000000 ) ;
#3095 = CARTESIAN_POINT ( 'NONE',  ( -5.000000000000006217, 46.00000000000000000, -19.50000000000000000 ) ) ;
#3096 = DIRECTION ( 'NONE',  ( 0.000000000000000000, -1.000000000000000000, 0.000000000000000000 ) ) ;
#3097 = ADVANCED_FACE ( 'NONE', ( #2134 ), #4425, .F. ) ;
#3098 = AXIS2_PLACEMENT_3D ( 'NONE', #3093, #5751, #1759 ) ;
#3099 = LINE ( 'NONE', #3632, #5779 ) ;
#3100 = DIRECTION ( 'NONE',  ( 0.000000000000000000, 0.000000000000000000, -1.000000000000000000 ) ) ;
#3101 = EDGE_CURVE ( 'NONE', #3111, #384, #1779, .T. ) ;
#3102 = PLANE ( 'NONE',  #395 ) ;
#3103 = DIRECTION ( 'NONE',  ( 0.000000000000000000, -1.000000000000000000, 0.000000000000000000 ) ) ;
#3104 = CARTESIAN_POINT ( 'NONE',  ( 11.99999999999999467, 9.999999999999998224, -21.50000000000000000 ) ) ;
#3105 = AXIS2_PLACEMENT_3D ( 'NONE', #2192, #4777, #4362 ) ;
#3106 = ORIENTED_EDGE ( 'NONE', *, *, #1911, .T. ) ;
#3107 = CIRCLE ( 'NONE', #1052, 3.999999999999996447 ) ;
#3108 = LINE ( 'NONE', #1267, #4547 ) ;
#3109 = CC_DESIGN_DATE_AND_TIME_ASSIGNMENT ( #556, #4590, ( #3528 ) ) ;
#3110 = LINE ( 'NONE', #4498, #433 ) ;
#3111 = VERTEX_POINT ( 'NONE', #3116 ) ;
#3112 = AXIS2_PLACEMENT_3D ( 'NONE', #1479, #3775, #3687 ) ;
#3113 = VERTEX_POINT ( 'NONE', #1214 ) ;
#3114 = LINE ( 'NONE', #604, #4500 ) ;
#3115 = APPROVAL_STATUS ( 'not_yet_approved' ) ;
#3116 = CARTESIAN_POINT ( 'NONE',  ( 39.99999999999999289, 3.000000000000000000, 35.53999999999999915 ) ) ;
#3117 = AXIS2_PLACEMENT_3D ( 'NONE', #1449, #5539, #2766 ) ;
#3118 = ADVANCED_FACE ( 'NONE', ( #3891 ), #3548, .F. ) ;
#3119 = LINE ( 'NONE', #472, #2743 ) ;
#3120 = CIRCLE ( 'NONE', #4318, 5.000000000000000888 ) ;
#3121 = ORIENTED_EDGE ( 'NONE', *, *, #1215, .F. ) ;
#3122 = VERTEX_POINT ( 'NONE', #4334 ) ;
#3123 = CIRCLE ( 'NONE', #4509, 3.000000000000002665 ) ;
#3124 = DIRECTION ( 'NONE',  ( 0.000000000000000000, 0.000000000000000000, 1.000000000000000000 ) ) ;
#3125 = AXIS2_PLACEMENT_3D ( 'NONE', #823, #2809, #1914 ) ;
#3126 = DIRECTION ( 'NONE',  ( 0.000000000000000000, 1.000000000000000000, -0.000000000000000000 ) ) ;
#3127 = DIRECTION ( 'NONE',  ( 0.000000000000000000, 1.000000000000000000, 0.000000000000000000 ) ) ;
#3128 = LINE ( 'NONE', #2279, #877 ) ;
#3129 = CARTESIAN_POINT ( 'NONE',  ( 11.99999999999999467, 9.999999999999998224, -21.50000000000000000 ) ) ;
#3130 = CARTESIAN_POINT ( 'NONE',  ( -18.00000000000000711, -8.000000000000000000, -21.50000000000000000 ) ) ;
#3131 = EDGE_CURVE ( 'NONE', #3122, #4965, #5335, .T. ) ;
#3132 = PLANE ( 'NONE',  #2135 ) ;
#3133 = EDGE_LOOP ( 'NONE', ( #2404, #4484, #1181, #2734, #1980, #1289, #1053, #3678, #129 ) ) ;
#3134 =( LENGTH_UNIT ( ) NAMED_UNIT ( * ) SI_UNIT ( .MILLI., .METRE. ) );
#3135 = DIRECTION ( 'NONE',  ( 1.189754775659388502E-16, 0.000000000000000000, 1.000000000000000000 ) ) ;
#3136 = EDGE_CURVE ( 'NONE', #1615, #1402, #747, .T. ) ;
#3137 = PLANE ( 'NONE',  #4367 ) ;
#3138 = VERTEX_POINT ( 'NONE', #3465 ) ;
#3139 = VERTEX_POINT ( 'NONE', #5252 ) ;
#3140 = APPROVAL_ROLE ( '' ) ;
#3141 = EDGE_CURVE ( 'NONE', #236, #362, #5305, .T. ) ;
#3142 = LINE ( 'NONE', #5440, #5151 ) ;
#3143 = MANIFOLD_SOLID_BREP ( 'Fillet3', #2027 ) ;
#3144 = DIRECTION ( 'NONE',  ( 1.000000000000000000, 0.000000000000000000, 0.000000000000000000 ) ) ;
#3145 = ORIENTED_EDGE ( 'NONE', *, *, #171, .F. ) ;
#3146 = VERTEX_POINT ( 'NONE', #2535 ) ;
#3147 = CARTESIAN_POINT ( 'NONE',  ( 14.99999999999999645, 39.44861919775701153, -31.50000000000000000 ) ) ;
#3148 = ADVANCED_FACE ( 'NONE', ( #3976 ), #2103, .F. ) ;
#3149 = CC_DESIGN_PERSON_AND_ORGANIZATION_ASSIGNMENT ( #4266, #1513, ( #3986 ) ) ;
#3150 = CARTESIAN_POINT ( 'NONE',  ( -1.387778780781445676E-14, 6.000000000000001776, 25.10000000000000497 ) ) ;
#3151 = CYLINDRICAL_SURFACE ( 'NONE', #694, 4.999999999999997335 ) ;
#3152 = EDGE_CURVE ( 'NONE', #1088, #2349, #358, .T. ) ;
#3153 = CARTESIAN_POINT ( 'NONE',  ( 14.99999999999999645, 27.44861919775700443, 31.50000000000000000 ) ) ;
#3154 = DIRECTION ( 'NONE',  ( 0.000000000000000000, 0.000000000000000000, -1.000000000000000000 ) ) ;
#3155 = LINE ( 'NONE', #41, #2624 ) ;
#3156 = FACE_OUTER_BOUND ( 'NONE', #4986, .T. ) ;
#3157 = FACE_OUTER_BOUND ( 'NONE', #4216, .T. ) ;
#3158 = ORIENTED_EDGE ( 'NONE', *, *, #4155, .T. ) ;
#3159 = FACE_OUTER_BOUND ( 'NONE', #390, .T. ) ;
#3160 = DIRECTION ( 'NONE',  ( 0.000000000000000000, 0.000000000000000000, 1.000000000000000000 ) ) ;
#3161 = VECTOR ( 'NONE', #969, 1000.000000000000000 ) ;
#3162 = CC_DESIGN_APPROVAL ( #5183, ( #3528 ) ) ;
#3163 = EDGE_LOOP ( 'NONE', ( #5480, #3692, #5679, #2707 ) ) ;
#3164 = VERTEX_POINT ( 'NONE', #1272 ) ;
#3165 = APPROVAL_ROLE ( '' ) ;
#3166 = CARTESIAN_POINT ( 'NONE',  ( -15.00000000000000711, 0.000000000000000000, -18.50000000000000000 ) ) ;
#3167 = EDGE_CURVE ( 'NONE', #437, #2532, #5254, .T. ) ;
#3168 = ORIENTED_EDGE ( 'NONE', *, *, #1336, .T. ) ;
#3169 = DIRECTION ( 'NONE',  ( -0.000000000000000000, -0.000000000000000000, 1.000000000000000000 ) ) ;
#3170 = VECTOR ( 'NONE', #1581, 1000.000000000000000 ) ;
#3171 = ORIENTED_EDGE ( 'NONE', *, *, #5702, .F. ) ;
#3172 = ORIENTED_EDGE ( 'NONE', *, *, #1997, .T. ) ;
#3173 = LINE ( 'NONE', #924, #2807 ) ;
#3174 = CARTESIAN_POINT ( 'NONE',  ( -35.05395286684827028, -16.99999999999999645, 33.64095925806566356 ) ) ;
#3175 = CARTESIAN_POINT ( 'NONE',  ( -1.734723475976807094E-15, 27.44861919775700443, 26.50000000000000000 ) ) ;
#3176 = ORIENTED_EDGE ( 'NONE', *, *, #1911, .F. ) ;
#3177 = EDGE_CURVE ( 'NONE', #4813, #2879, #4834, .T. ) ;
#3178 = CARTESIAN_POINT ( 'NONE',  ( 14.99999999999999645, 27.44861919775700443, -21.50000000000000000 ) ) ;
#3179 = CARTESIAN_POINT ( 'NONE',  ( 11.99999999999999645, 27.44861919775700443, 28.50000000000000000 ) ) ;
#3180 = DIRECTION ( 'NONE',  ( -1.000000000000000000, 0.000000000000000000, 0.000000000000000000 ) ) ;
#3181 = CYLINDRICAL_SURFACE ( 'NONE', #1300, 2.400000000000000799 ) ;
#3182 = DIRECTION ( 'NONE',  ( 0.000000000000000000, 0.000000000000000000, 1.000000000000000000 ) ) ;
#3183 = CIRCLE ( 'NONE', #3637, 1.499999999999997780 ) ;
#3184 = EDGE_CURVE ( 'NONE', #4906, #855, #5053, .T. ) ;
#3185 = ORIENTED_EDGE ( 'NONE', *, *, #3902, .T. ) ;
#3186 = CARTESIAN_POINT ( 'NONE',  ( -28.00000000000000000, 3.000000000000000000, -33.38851452574947132 ) ) ;
#3187 = AXIS2_PLACEMENT_3D ( 'NONE', #5536, #3717, #3834 ) ;
#3188 = DIRECTION ( 'NONE',  ( -1.000000000000000000, 0.000000000000000000, 0.000000000000000000 ) ) ;
#3189 = CARTESIAN_POINT ( 'NONE',  ( -15.00000000000000711, 0.000000000000000000, -21.50000000000000000 ) ) ;
#3190 = ORIENTED_EDGE ( 'NONE', *, *, #1418, .T. ) ;
#3191 = ORIENTED_EDGE ( 'NONE', *, *, #4606, .F. ) ;
#3192 = PRODUCT ( 'battery_platform', 'battery_platform', '', ( #1545 ) ) ;
#3193 = AXIS2_PLACEMENT_3D ( 'NONE', #3166, #3619, #4997 ) ;
#3194 = COORDINATED_UNIVERSAL_TIME_OFFSET ( 7, 0, .AHEAD. ) ;
#3195 = CARTESIAN_POINT ( 'NONE',  ( -8.000000000000007105, 13.00000000000000000, -21.50000000000000000 ) ) ;
#3196 = FACE_OUTER_BOUND ( 'NONE', #1691, .T. ) ;
#3197 = EDGE_LOOP ( 'NONE', ( #2495, #734, #3200, #2403 ) ) ;
#3198 = VECTOR ( 'NONE', #410, 1000.000000000000000 ) ;
#3199 = FACE_OUTER_BOUND ( 'NONE', #5740, .T. ) ;
#3200 = ORIENTED_EDGE ( 'NONE', *, *, #3883, .T. ) ;
#3201 = VERTEX_POINT ( 'NONE', #4866 ) ;
#3202 = DIRECTION ( 'NONE',  ( 0.000000000000000000, 0.000000000000000000, 1.000000000000000000 ) ) ;
#3203 = VECTOR ( 'NONE', #756, 1000.000000000000000 ) ;
#3204 = CARTESIAN_POINT ( 'NONE',  ( -18.00000000000000711, 0.000000000000000000, 0.000000000000000000 ) ) ;
#3205 = DIRECTION ( 'NONE',  ( 0.000000000000000000, 0.000000000000000000, -1.000000000000000000 ) ) ;
#3206 = CIRCLE ( 'NONE', #1157, 2.999999999999999112 ) ;
#3207 = VERTEX_POINT ( 'NONE', #866 ) ;
#3208 = CARTESIAN_POINT ( 'NONE',  ( -2.466082893448629597E-15, 3.000000000000000000, -35.53999999999999915 ) ) ;
#3209 = CIRCLE ( 'NONE', #5356, 11.50000000000000000 ) ;
#3210 = CARTESIAN_POINT ( 'NONE',  ( -27.99999999999998934, 27.44861919775700443, 18.49999999999999645 ) ) ;
#3211 = FACE_OUTER_BOUND ( 'NONE', #4422, .T. ) ;
#3212 = DIRECTION ( 'NONE',  ( -1.000000000000000000, 0.000000000000000000, 0.000000000000000000 ) ) ;
#3213 = FACE_OUTER_BOUND ( 'NONE', #1099, .T. ) ;
#3214 = ORIENTED_EDGE ( 'NONE', *, *, #4820, .F. ) ;
#3215 = EDGE_CURVE ( 'NONE', #1605, #94, #4111, .T. ) ;
#3216 = LINE ( 'NONE', #4989, #3860 ) ;
#3217 = CARTESIAN_POINT ( 'NONE',  ( -17.99999999999999289, 39.31639237894030714, -18.50000000000000000 ) ) ;
#3218 = EDGE_CURVE ( 'NONE', #5330, #4451, #2728, .T. ) ;
#3219 = AXIS2_PLACEMENT_3D ( 'NONE', #194, #730, #705 ) ;
#3220 = DESIGN_CONTEXT ( 'detailed design', #5789, 'design' ) ;
#3221 = LINE ( 'NONE', #3676, #3546 ) ;
#3222 = EDGE_LOOP ( 'NONE', ( #17, #287, #3378, #5773 ) ) ;
#3223 = ORIENTED_EDGE ( 'NONE', *, *, #2259, .T. ) ;
#3224 = COORDINATED_UNIVERSAL_TIME_OFFSET ( 7, 0, .AHEAD. ) ;
#3225 = EDGE_CURVE ( 'NONE', #3344, #3207, #7, .T. ) ;
#3226 = FACE_OUTER_BOUND ( 'NONE', #1883, .T. ) ;
#3227 = ORIENTED_EDGE ( 'NONE', *, *, #1997, .F. ) ;
#3228 = FACE_OUTER_BOUND ( 'NONE', #3624, .T. ) ;
#3229 = ORIENTED_EDGE ( 'NONE', *, *, #4789, .T. ) ;
#3230 = ORIENTED_EDGE ( 'NONE', *, *, #3537, .T. ) ;
#3231 = DIRECTION ( 'NONE',  ( 0.000000000000000000, 0.000000000000000000, 1.000000000000000000 ) ) ;
#3232 = CYLINDRICAL_SURFACE ( 'NONE', #1134, 2.999999999999999112 ) ;
#3233 = VECTOR ( 'NONE', #4764, 1000.000000000000000 ) ;
#3234 = VERTEX_POINT ( 'NONE', #1887 ) ;
#3235 = DIRECTION ( 'NONE',  ( 0.000000000000000000, 0.000000000000000000, 1.000000000000000000 ) ) ;
#3236 = EDGE_LOOP ( 'NONE', ( #320, #5631 ) ) ;
#3237 = FACE_OUTER_BOUND ( 'NONE', #4632, .T. ) ;
#3238 = LINE ( 'NONE', #933, #3728 ) ;
#3239 = DIRECTION ( 'NONE',  ( 0.000000000000000000, 0.000000000000000000, -1.000000000000000000 ) ) ;
#3240 = DIRECTION ( 'NONE',  ( 0.000000000000000000, 0.000000000000000000, 1.000000000000000000 ) ) ;
#3241 = DIRECTION ( 'NONE',  ( -0.000000000000000000, 1.000000000000000000, -0.000000000000000000 ) ) ;
#3242 = CARTESIAN_POINT ( 'NONE',  ( -24.99999999999998934, 27.44861919775700443, -15.50000000000000000 ) ) ;
#3243 = ORIENTED_EDGE ( 'NONE', *, *, #3628, .T. ) ;
#3244 = CARTESIAN_POINT ( 'NONE',  ( -3.000000000000002665, 18.00000000000000000, -43.38851452574947132 ) ) ;
#3245 = CARTESIAN_POINT ( 'NONE',  ( -31.05395286684827383, 3.000000000000000000, 40.64095925806566356 ) ) ;
#3246 = DIRECTION ( 'NONE',  ( 0.000000000000000000, -1.000000000000000000, 0.000000000000000000 ) ) ;
#3247 = DIRECTION ( 'NONE',  ( 0.000000000000000000, 0.000000000000000000, 1.000000000000000000 ) ) ;
#3248 = EDGE_LOOP ( 'NONE', ( #1468, #2283, #5472, #3782 ) ) ;
#3249 = ORIENTED_EDGE ( 'NONE', *, *, #3218, .T. ) ;
#3250 = EDGE_CURVE ( 'NONE', #295, #113, #196, .T. ) ;
#3251 = CALENDAR_DATE ( 2025, 23, 9 ) ;
#3252 = CARTESIAN_POINT ( 'NONE',  ( 14.99999999999999645, 39.44861919775701153, 28.50000000000000000 ) ) ;
#3253 = SECURITY_CLASSIFICATION ( '', '', #4558 ) ;
#3254 = CARTESIAN_POINT ( 'NONE',  ( -1.734723475976807094E-15, 39.44861919775701153, -24.10000000000000142 ) ) ;
#3255 = VERTEX_POINT ( 'NONE', #3571 ) ;
#3256 = CARTESIAN_POINT ( 'NONE',  ( 14.99999999999999467, 9.999999999999994671, 21.49999999999999645 ) ) ;
#3257 = VERTEX_POINT ( 'NONE', #2730 ) ;
#3258 = ORIENTED_EDGE ( 'NONE', *, *, #5190, .F. ) ;
#3259 = ADVANCED_FACE ( 'NONE', ( #2782 ), #4891, .F. ) ;
#3260 = VECTOR ( 'NONE', #3762, 1000.000000000000000 ) ;
#3261 = CC_DESIGN_APPROVAL ( #752, ( #4465 ) ) ;
#3262 = DIRECTION ( 'NONE',  ( 0.000000000000000000, -1.000000000000000000, 0.000000000000000000 ) ) ;
#3263 = CARTESIAN_POINT ( 'NONE',  ( 17.99999999999999289, 39.31639237894030714, -18.50000000000000000 ) ) ;
#3264 = CIRCLE ( 'NONE', #1866, 2.399999999999999467 ) ;
#3265 = CIRCLE ( 'NONE', #2706, 5.000000000000000888 ) ;
#3266 = ORIENTED_EDGE ( 'NONE', *, *, #1845, .F. ) ;
#3267 = PLANE ( 'NONE',  #3023 ) ;
#3268 = ORIENTED_EDGE ( 'NONE', *, *, #720, .T. ) ;
#3269 = EDGE_CURVE ( 'NONE', #5598, #4427, #1828, .T. ) ;
#3270 = DIRECTION ( 'NONE',  ( -0.000000000000000000, -0.000000000000000000, 1.000000000000000000 ) ) ;
#3271 = CARTESIAN_POINT ( 'NONE',  ( 36.99999999999998579, 6.000000000000001776, -35.53999999999999204 ) ) ;
#3272 = DIRECTION ( 'NONE',  ( 0.000000000000000000, 1.000000000000000000, 0.000000000000000000 ) ) ;
#3273 = EDGE_CURVE ( 'NONE', #891, #5475, #954, .T. ) ;
#3274 = EDGE_LOOP ( 'NONE', ( #377, #2827, #2170, #5365 ) ) ;
#3275 = DIRECTION ( 'NONE',  ( 0.000000000000000000, 1.000000000000000000, 0.000000000000000000 ) ) ;
#3276 = DIRECTION ( 'NONE',  ( -0.000000000000000000, -1.000000000000000000, -0.000000000000000000 ) ) ;
#3277 = FACE_OUTER_BOUND ( 'NONE', #1127, .T. ) ;
#3278 = CIRCLE ( 'NONE', #5332, 5.000000000000000888 ) ;
#3279 = DIRECTION ( 'NONE',  ( 0.000000000000000000, 1.000000000000000000, -0.000000000000000000 ) ) ;
#3280 = ORIENTED_EDGE ( 'NONE', *, *, #511, .F. ) ;
#3281 = ORIENTED_EDGE ( 'NONE', *, *, #5549, .F. ) ;
#3282 = CALENDAR_DATE ( 2025, 23, 9 ) ;
#3283 = AXIS2_PLACEMENT_3D ( 'NONE', #2141, #844, #335 ) ;
#3284 = FACE_OUTER_BOUND ( 'NONE', #4182, .T. ) ;
#3285 = CARTESIAN_POINT ( 'NONE',  ( -28.05395286684827383, 3.000000000000000000, 43.64095925806566356 ) ) ;
#3286 = DIRECTION ( 'NONE',  ( -2.440522616737207262E-17, 0.000000000000000000, -1.000000000000000000 ) ) ;
#3287 = EDGE_LOOP ( 'NONE', ( #1005, #3336, #5508, #2998, #2020, #1608 ) ) ;
#3288 = AXIS2_PLACEMENT_3D ( 'NONE', #4005, #2267, #441 ) ;
#3289 = ORIENTED_EDGE ( 'NONE', *, *, #5413, .F. ) ;
#3290 = ADVANCED_FACE ( 'NONE', ( #3648 ), #4969, .T. ) ;
#3291 = PERSON_AND_ORGANIZATION ( #1521, #4168 ) ;
#3292 = CARTESIAN_POINT ( 'NONE',  ( -18.00000000000000711, -8.000000000000000000, -3.000031882232204072 ) ) ;
#3293 = CARTESIAN_POINT ( 'NONE',  ( -15.00000000000000711, 27.44861919775700443, -28.50000000000000000 ) ) ;
#3294 = VECTOR ( 'NONE', #5186, 1000.000000000000000 ) ;
#3295 = EDGE_CURVE ( 'NONE', #2321, #4291, #3142, .T. ) ;
#3296 = VERTEX_POINT ( 'NONE', #30 ) ;
#3297 = CARTESIAN_POINT ( 'NONE',  ( 39.99999999999998579, 3.000000000000000000, -35.53999999999999204 ) ) ;
#3298 = ORIENTED_EDGE ( 'NONE', *, *, #2073, .T. ) ;
#3299 = AXIS2_PLACEMENT_3D ( 'NONE', #693, #2478, #1546 ) ;
#3300 = PLANE ( 'NONE',  #1390 ) ;
#3301 = EDGE_CURVE ( 'NONE', #113, #5248, #3594, .T. ) ;
#3302 = LINE ( 'NONE', #5077, #5232 ) ;
#3303 = CIRCLE ( 'NONE', #19, 4.000000000000000000 ) ;
#3304 = CARTESIAN_POINT ( 'NONE',  ( 7.999999999999992895, 12.99999999999999822, -21.50000000000000000 ) ) ;
#3305 = DIRECTION ( 'NONE',  ( -0.000000000000000000, -1.000000000000000000, -0.000000000000000000 ) ) ;
#3306 = ORIENTED_EDGE ( 'NONE', *, *, #4488, .F. ) ;
#3307 = AXIS2_PLACEMENT_3D ( 'NONE', #4693, #3412, #2106 ) ;
#3308 = FACE_OUTER_BOUND ( 'NONE', #3163, .T. ) ;
#3309 = EDGE_CURVE ( 'NONE', #5243, #5124, #4912, .T. ) ;
#3310 = EDGE_LOOP ( 'NONE', ( #4235, #4348 ) ) ;
#3311 = ORIENTED_EDGE ( 'NONE', *, *, #3295, .F. ) ;
#3312 = COORDINATED_UNIVERSAL_TIME_OFFSET ( 7, 0, .AHEAD. ) ;
#3313 = CARTESIAN_POINT ( 'NONE',  ( 39.99999999999998579, 1.734723475976807094E-15, -25.10000000000000142 ) ) ;
#3314 = PLANE ( 'NONE',  #4265 ) ;
#3315 = FACE_OUTER_BOUND ( 'NONE', #3222, .T. ) ;
#3316 = ORIENTED_EDGE ( 'NONE', *, *, #3476, .F. ) ;
#3317 = ORIENTED_EDGE ( 'NONE', *, *, #457, .T. ) ;
#3318 = EDGE_CURVE ( 'NONE', #2289, #2410, #4476, .T. ) ;
#3319 = PERSON_AND_ORGANIZATION ( #1521, #4168 ) ;
#3320 = FACE_OUTER_BOUND ( 'NONE', #5621, .T. ) ;
#3321 = LINE ( 'NONE', #2042, #3004 ) ;
#3322 = ORIENTED_EDGE ( 'NONE', *, *, #1155, .T. ) ;
#3323 = DIRECTION ( 'NONE',  ( -0.000000000000000000, 1.000000000000000000, -0.000000000000000000 ) ) ;
#3324 = ORIENTED_EDGE ( 'NONE', *, *, #1254, .F. ) ;
#3325 = EDGE_CURVE ( 'NONE', #4588, #2650, #1854, .T. ) ;
#3326 = APPROVAL ( #5128, 'UNSPECIFIED' ) ;
#3327 = CARTESIAN_POINT ( 'NONE',  ( 14.99999999999999645, 0.000000000000000000, -21.50000000000000000 ) ) ;
#3328 = DIRECTION ( 'NONE',  ( -0.000000000000000000, -0.000000000000000000, -1.000000000000000000 ) ) ;
#3329 = PLANE ( 'NONE',  #4077 ) ;
#3330 = DIRECTION ( 'NONE',  ( 0.000000000000000000, -1.000000000000000000, 0.000000000000000000 ) ) ;
#3331 = ORIENTED_EDGE ( 'NONE', *, *, #2498, .F. ) ;
#3332 = EDGE_CURVE ( 'NONE', #2414, #4687, #571, .T. ) ;
#3333 = VECTOR ( 'NONE', #584, 1000.000000000000000 ) ;
#3334 = DIRECTION ( 'NONE',  ( 0.000000000000000000, 1.000000000000000000, -0.000000000000000000 ) ) ;
#3335 = CARTESIAN_POINT ( 'NONE',  ( -12.00000000000000000, 39.44861919775701153, -31.50000000000000000 ) ) ;
#3336 = ORIENTED_EDGE ( 'NONE', *, *, #3791, .T. ) ;
#3337 = ORIENTED_EDGE ( 'NONE', *, *, #4673, .F. ) ;
#3338 = CALENDAR_DATE ( 2025, 23, 9 ) ;
#3339 = DIRECTION ( 'NONE',  ( -1.000000000000000000, 0.000000000000000000, 2.928627140084648467E-16 ) ) ;
#3340 = DIRECTION ( 'NONE',  ( 0.000000000000000000, 0.000000000000000000, 1.000000000000000000 ) ) ;
#3341 = VECTOR ( 'NONE', #820, 1000.000000000000000 ) ;
#3342 = DIRECTION ( 'NONE',  ( 0.000000000000000000, -1.000000000000000000, 0.000000000000000000 ) ) ;
#3343 = ORIENTED_EDGE ( 'NONE', *, *, #364, .T. ) ;
#3344 = VERTEX_POINT ( 'NONE', #4940 ) ;
#3345 = EDGE_CURVE ( 'NONE', #3942, #5003, #2347, .T. ) ;
#3346 = CIRCLE ( 'NONE', #4920, 1.999999999734693112 ) ;
#3347 = CARTESIAN_POINT ( 'NONE',  ( -5.000000000000006217, 0.000000000000000000, 21.49999999999999645 ) ) ;
#3348 = EDGE_CURVE ( 'NONE', #3617, #687, #4018, .T. ) ;
#3349 = CARTESIAN_POINT ( 'NONE',  ( 1.408343819019456176E-15, 46.00000000000000000, -11.50000000000000000 ) ) ;
#3350 = EDGE_LOOP ( 'NONE', ( #2130, #2882, #1448, #5494 ) ) ;
#3351 = DIRECTION ( 'NONE',  ( -0.000000000000000000, 1.000000000000000000, -0.000000000000000000 ) ) ;
#3352 = AXIS2_PLACEMENT_3D ( 'NONE', #1589, #3279, #2460 ) ;
#3353 = LOCAL_TIME ( 2, 41, 34.00000000000000000, #692 ) ;
#3354 = ORIENTED_EDGE ( 'NONE', *, *, #5410, .F. ) ;
#3355 = CARTESIAN_POINT ( 'NONE',  ( -45.00000000000000711, 3.000000000000000000, 30.54000000000000270 ) ) ;
#3356 = FACE_OUTER_BOUND ( 'NONE', #3248, .T. ) ;
#3357 = LINE ( 'NONE', #635, #2323 ) ;
#3358 = EDGE_CURVE ( 'NONE', #1262, #3207, #946, .T. ) ;
#3359 = AXIS2_PLACEMENT_3D ( 'NONE', #755, #5664, #2950 ) ;
#3360 = VERTEX_POINT ( 'NONE', #2294 ) ;
#3361 = CARTESIAN_POINT ( 'NONE',  ( -1.387778780781445676E-14, 1.734723475976807094E-15, -25.09999999999999787 ) ) ;
#3362 = CARTESIAN_POINT ( 'NONE',  ( 4.999999999999993783, 9.999999999999996447, -21.50000000000000000 ) ) ;
#3363 = EDGE_CURVE ( 'NONE', #5272, #704, #4053, .T. ) ;
#3364 = CARTESIAN_POINT ( 'NONE',  ( -17.99999999999999289, 39.31639237894030714, 18.49999999999999645 ) ) ;
#3365 = LINE ( 'NONE', #5146, #5198 ) ;
#3366 = EDGE_LOOP ( 'NONE', ( #4708, #2063 ) ) ;
#3367 = VERTEX_POINT ( 'NONE', #147 ) ;
#3368 = DATE_TIME_ROLE ( 'classification_date' ) ;
#3369 = FACE_OUTER_BOUND ( 'NONE', #1562, .T. ) ;
#3370 = FACE_OUTER_BOUND ( 'NONE', #3133, .T. ) ;
#3371 = VERTEX_POINT ( 'NONE', #2067 ) ;
#3372 = VERTEX_POINT ( 'NONE', #3798 ) ;
#3373 = CARTESIAN_POINT ( 'NONE',  ( -35.05394252513385567, 3.000000000000000000, -29.38851452574947132 ) ) ;
#3374 = CIRCLE ( 'NONE', #4579, 2.399999999999999467 ) ;
#3375 = PLANE ( 'NONE',  #107 ) ;
#3376 = DIRECTION ( 'NONE',  ( -1.000000000000000000, -0.000000000000000000, -0.000000000000000000 ) ) ;
#3377 = EDGE_CURVE ( 'NONE', #4534, #4564, #3007, .T. ) ;
#3378 = ORIENTED_EDGE ( 'NONE', *, *, #3042, .T. ) ;
#3379 = AXIS2_PLACEMENT_3D ( 'NONE', #2757, #5361, #974 ) ;
#3380 = CARTESIAN_POINT ( 'NONE',  ( -18.00000000000000711, -8.000000000000000000, 18.49999999999999645 ) ) ;
#3381 = ORIENTED_EDGE ( 'NONE', *, *, #388, .T. ) ;
#3382 = ORIENTED_EDGE ( 'NONE', *, *, #4455, .T. ) ;
#3383 = VECTOR ( 'NONE', #550, 1000.000000000000000 ) ;
#3384 = FACE_OUTER_BOUND ( 'NONE', #4692, .T. ) ;
#3385 = DIRECTION ( 'NONE',  ( -0.000000000000000000, 1.000000000000000000, -0.000000000000000000 ) ) ;
#3386 = CARTESIAN_POINT ( 'NONE',  ( -12.00000000000000711, 39.44861919775701153, -28.50000000000000000 ) ) ;
#3387 = VECTOR ( 'NONE', #1008, 1000.000000000000000 ) ;
#3388 = VERTEX_POINT ( 'NONE', #5582 ) ;
#3389 = EDGE_CURVE ( 'NONE', #4570, #2952, #4142, .T. ) ;
#3390 = VECTOR ( 'NONE', #3323, 1000.000000000000000 ) ;
#3391 = LINE ( 'NONE', #372, #4306 ) ;
#3392 = CARTESIAN_POINT ( 'NONE',  ( -15.00000000000000711, 39.44861919775701153, 31.50000000000000000 ) ) ;
#3393 = CARTESIAN_POINT ( 'NONE',  ( -33.00000000000000000, 0.000000000000000000, 0.000000000000000000 ) ) ;
#3394 = CIRCLE ( 'NONE', #1632, 2.999999999999999112 ) ;
#3395 = EDGE_LOOP ( 'NONE', ( #5577, #5654, #1263, #4507, #3875, #1520 ) ) ;
#3396 = ORIENTED_EDGE ( 'NONE', *, *, #2259, .F. ) ;
#3397 = AXIS2_PLACEMENT_3D ( 'NONE', #2390, #3235, #5007 ) ;
#3398 = VERTEX_POINT ( 'NONE', #2849 ) ;
#3399 = EDGE_CURVE ( 'NONE', #1388, #4854, #4958, .T. ) ;
#3400 = DIRECTION ( 'NONE',  ( 1.000000000000000000, 0.000000000000000000, 0.000000000000000000 ) ) ;
#3401 = CC_DESIGN_PERSON_AND_ORGANIZATION_ASSIGNMENT ( #2880, #3774, ( #1498 ) ) ;
#3402 = SECURITY_CLASSIFICATION_LEVEL ( 'unclassified' ) ;
#3403 = LINE ( 'NONE', #3048, #3294 ) ;
#3404 = VECTOR ( 'NONE', #2680, 1000.000000000000000 ) ;
#3405 = FACE_OUTER_BOUND ( 'NONE', #3418, .T. ) ;
#3406 = VERTEX_POINT ( 'NONE', #5525 ) ;
#3407 = ORIENTED_EDGE ( 'NONE', *, *, #374, .F. ) ;
#3408 = EDGE_CURVE ( 'NONE', #920, #5331, #2821, .T. ) ;
#3409 = PERSON_AND_ORGANIZATION ( #1521, #4168 ) ;
#3410 = CARTESIAN_POINT ( 'NONE',  ( -18.00000000000000711, 46.00000000000000000, 18.49999999999999645 ) ) ;
#3411 = ORIENTED_EDGE ( 'NONE', *, *, #603, .T. ) ;
#3412 = DIRECTION ( 'NONE',  ( 0.000000000000000000, -1.000000000000000000, 0.000000000000000000 ) ) ;
#3413 = ORIENTED_EDGE ( 'NONE', *, *, #3038, .F. ) ;
#3414 = VERTEX_POINT ( 'NONE', #5118 ) ;
#3415 = CARTESIAN_POINT ( 'NONE',  ( -31.05395286684827383, 0.000000000000000000, 43.64095925806566356 ) ) ;
#3416 = CARTESIAN_POINT ( 'NONE',  ( -1.387778780781445676E-14, 6.000000000000001776, 25.10000000000000497 ) ) ;
#3417 = CARTESIAN_POINT ( 'NONE',  ( 4.999999999999993783, 9.999999999999992895, 21.49999999999999645 ) ) ;
#3418 = EDGE_LOOP ( 'NONE', ( #3565, #2681, #4677, #782 ) ) ;
#3419 = CARTESIAN_POINT ( 'NONE',  ( -15.00000000000000711, -5.000000000000000000, -18.50000000000000355 ) ) ;
#3420 = CARTESIAN_POINT ( 'NONE',  ( 17.99999999999999289, -5.000000000000000000, -18.50000000000000355 ) ) ;
#3421 = DIRECTION ( 'NONE',  ( -0.000000000000000000, 1.000000000000000000, -0.000000000000000000 ) ) ;
#3422 = AXIS2_PLACEMENT_3D ( 'NONE', #4346, #343, #3558 ) ;
#3423 = CARTESIAN_POINT ( 'NONE',  ( 36.99999999999998579, 3.000000000000000000, -35.53999999999999204 ) ) ;
#3424 = CARTESIAN_POINT ( 'NONE',  ( 7.999999999999992895, 9.999999999999996447, -21.50000000000000000 ) ) ;
#3425 = ORIENTED_EDGE ( 'NONE', *, *, #3750, .T. ) ;
#3426 = VERTEX_POINT ( 'NONE', #1122 ) ;
#3427 =( NAMED_UNIT ( * ) SI_UNIT ( $, .STERADIAN. ) SOLID_ANGLE_UNIT ( ) );
#3428 = FACE_OUTER_BOUND ( 'NONE', #5538, .T. ) ;
#3429 = VECTOR ( 'NONE', #636, 1000.000000000000000 ) ;
#3430 = DIRECTION ( 'NONE',  ( -0.000000000000000000, 1.000000000000000000, -0.000000000000000000 ) ) ;
#3431 = APPROVAL ( #4528, 'UNSPECIFIED' ) ;
#3432 = ADVANCED_FACE ( 'NONE', ( #1504 ), #3737, .T. ) ;
#3433 = ORIENTED_EDGE ( 'NONE', *, *, #3828, .F. ) ;
#3434 = EDGE_LOOP ( 'NONE', ( #3331, #861, #4883, #971 ) ) ;
#3435 = DATE_AND_TIME ( #2995, #1484 ) ;
#3436 = DIRECTION ( 'NONE',  ( 0.000000000000000000, 1.000000000000000000, -0.000000000000000000 ) ) ;
#3437 = DIRECTION ( 'NONE',  ( 1.000000000000000000, -0.000000000000000000, -0.000000000000000000 ) ) ;
#3438 = ORIENTED_EDGE ( 'NONE', *, *, #1645, .T. ) ;
#3439 = EDGE_CURVE ( 'NONE', #499, #617, #5089, .T. ) ;
#3440 = FACE_OUTER_BOUND ( 'NONE', #1096, .T. ) ;
#3441 = ORIENTED_EDGE ( 'NONE', *, *, #2025, .F. ) ;
#3442 = ORIENTED_EDGE ( 'NONE', *, *, #4645, .T. ) ;
#3443 = CIRCLE ( 'NONE', #922, 3.000000000000002665 ) ;
#3444 = CARTESIAN_POINT ( 'NONE',  ( -2.466082893448629597E-15, 3.000000000000000000, -35.53999999999999915 ) ) ;
#3445 = CC_DESIGN_APPROVAL ( #1461, ( #2504 ) ) ;
#3446 = CARTESIAN_POINT ( 'NONE',  ( 17.99999999999999289, -8.000000000000000000, 18.49999999999999289 ) ) ;
#3447 = ORIENTED_EDGE ( 'NONE', *, *, #1299, .T. ) ;
#3448 = VECTOR ( 'NONE', #4317, 1000.000000000000000 ) ;
#3449 = DIRECTION ( 'NONE',  ( 0.000000000000000000, 1.000000000000000000, -0.000000000000000000 ) ) ;
#3450 = CARTESIAN_POINT ( 'NONE',  ( -5.000000000000006217, 0.000000000000000000, -21.50000000000000000 ) ) ;
#3451 = CARTESIAN_POINT ( 'NONE',  ( 4.999999999999993783, 0.000000000000000000, -21.50000000000000000 ) ) ;
#3452 = CARTESIAN_POINT ( 'NONE',  ( 27.99999999999998934, 27.44861919775700443, 18.49999999999999645 ) ) ;
#3453 = VECTOR ( 'NONE', #191, 1000.000000000000000 ) ;
#3454 = AXIS2_PLACEMENT_3D ( 'NONE', #3129, #881, #3180 ) ;
#3455 = CARTESIAN_POINT ( 'NONE',  ( -1.387778780781445676E-14, 6.000000000000001776, -25.09999999999999787 ) ) ;
#3456 = ORIENTED_EDGE ( 'NONE', *, *, #496, .F. ) ;
#3457 = ORIENTED_EDGE ( 'NONE', *, *, #2968, .T. ) ;
#3458 = CARTESIAN_POINT ( 'NONE',  ( 2.999999999999990674, 23.00000000000000000, 30.54000000000000270 ) ) ;
#3459 = PLANE ( 'NONE',  #1332 ) ;
#3460 = LINE ( 'NONE', #5214, #4069 ) ;
#3461 = VERTEX_POINT ( 'NONE', #4651 ) ;
#3462 = ORIENTED_EDGE ( 'NONE', *, *, #1273, .T. ) ;
#3463 = APPROVAL_DATE_TIME ( #1694, #5183 ) ;
#3464 = EDGE_CURVE ( 'NONE', #4396, #965, #4261, .T. ) ;
#3465 = CARTESIAN_POINT ( 'NONE',  ( -28.00000000000000355, 3.000000000000000000, -43.38851452574947132 ) ) ;
#3466 = ORIENTED_EDGE ( 'NONE', *, *, #2510, .T. ) ;
#3467 = VECTOR ( 'NONE', #4551, 1000.000000000000000 ) ;
#3468 = DIRECTION ( 'NONE',  ( 0.000000000000000000, -0.000000000000000000, -1.000000000000000000 ) ) ;
#3469 = VERTEX_POINT ( 'NONE', #3252 ) ;
#3470 = ORIENTED_EDGE ( 'NONE', *, *, #3922, .F. ) ;
#3471 = ADVANCED_FACE ( 'NONE', ( #2406, #3284 ), #5061, .F. ) ;
#3472 = DIRECTION ( 'NONE',  ( -0.000000000000000000, 1.000000000000000000, -0.000000000000000000 ) ) ;
#3473 = AXIS2_PLACEMENT_3D ( 'NONE', #4122, #599, #1929 ) ;
#3474 = DIRECTION ( 'NONE',  ( 2.312964634635742957E-16, -1.000000000000000000, 0.000000000000000000 ) ) ;
#3475 = CARTESIAN_POINT ( 'NONE',  ( 37.00000000000000711, 6.000000000000001776, 25.10000000000000497 ) ) ;
#3476 = EDGE_CURVE ( 'NONE', #624, #4959, #4167, .T. ) ;
#3477 = DIRECTION ( 'NONE',  ( 0.000000000000000000, 0.000000000000000000, 1.000000000000000000 ) ) ;
#3478 = DIRECTION ( 'NONE',  ( -0.000000000000000000, -0.000000000000000000, 1.000000000000000000 ) ) ;
#3479 = VECTOR ( 'NONE', #2607, 1000.000000000000000 ) ;
#3480 = CARTESIAN_POINT ( 'NONE',  ( -22.99999999999998934, 27.44861919775700443, 2.399999999999999023 ) ) ;
#3481 = DIRECTION ( 'NONE',  ( 1.000000000000000000, -0.000000000000000000, 0.000000000000000000 ) ) ;
#3482 = ORIENTED_EDGE ( 'NONE', *, *, #3301, .F. ) ;
#3483 = VERTEX_POINT ( 'NONE', #2817 ) ;
#3484 = VECTOR ( 'NONE', #2052, 1000.000000000000000 ) ;
#3485 = CARTESIAN_POINT ( 'NONE',  ( 27.99999999999998934, 39.31639237894030714, 18.49999999999999645 ) ) ;
#3486 = LINE ( 'NONE', #2592, #2066 ) ;
#3487 = CIRCLE ( 'NONE', #5068, 2.999999999999999112 ) ;
#3488 = ORIENTED_EDGE ( 'NONE', *, *, #1078, .F. ) ;
#3489 = ORIENTED_EDGE ( 'NONE', *, *, #850, .F. ) ;
#3490 = DATE_AND_TIME ( #3889, #3615 ) ;
#3491 = CARTESIAN_POINT ( 'NONE',  ( -33.00000000000000000, 19.00000000000000000, -3.000031882232207625 ) ) ;
#3492 = ORIENTED_EDGE ( 'NONE', *, *, #4636, .F. ) ;
#3493 = DIRECTION ( 'NONE',  ( 1.000000000000000000, -0.000000000000000000, -6.938893903907229610E-17 ) ) ;
#3494 = ORIENTED_EDGE ( 'NONE', *, *, #4090, .F. ) ;
#3495 = ORIENTED_EDGE ( 'NONE', *, *, #4673, .T. ) ;
#3496 = EDGE_CURVE ( 'NONE', #1926, #4773, #1091, .T. ) ;
#3497 = DIRECTION ( 'NONE',  ( 0.000000000000000000, 0.000000000000000000, -1.000000000000000000 ) ) ;
#3498 = VECTOR ( 'NONE', #4342, 1000.000000000000000 ) ;
#3499 = CARTESIAN_POINT ( 'NONE',  ( -50.00000000000000000, 3.000000000000000000, 30.54000000000000270 ) ) ;
#3500 = FACE_OUTER_BOUND ( 'NONE', #3926, .T. ) ;
#3501 = ADVANCED_FACE ( 'NONE', ( #3369 ), #4203, .T. ) ;
#3502 = EDGE_CURVE ( 'NONE', #74, #5564, #5519, .T. ) ;
#3503 = DIRECTION ( 'NONE',  ( -0.000000000000000000, 1.000000000000000000, -0.000000000000000000 ) ) ;
#3504 = CARTESIAN_POINT ( 'NONE',  ( 44.99999999999999289, 0.000000000000000000, -35.53999999999999915 ) ) ;
#3505 = LINE ( 'NONE', #285, #3606 ) ;
#3506 = CARTESIAN_POINT ( 'NONE',  ( -50.00000000000000000, 3.000000000000000000, 0.000000000000000000 ) ) ;
#3507 = EDGE_CURVE ( 'NONE', #4110, #4729, #2874, .T. ) ;
#3508 = ORIENTED_EDGE ( 'NONE', *, *, #900, .F. ) ;
#3509 = VERTEX_POINT ( 'NONE', #2007 ) ;
#3510 = CARTESIAN_POINT ( 'NONE',  ( -15.00000000000000711, 46.00000000000000000, 21.49999999999999645 ) ) ;
#3511 = DIRECTION ( 'NONE',  ( 0.000000000000000000, -0.000000000000000000, -1.000000000000000000 ) ) ;
#3512 = ORIENTED_EDGE ( 'NONE', *, *, #246, .F. ) ;
#3513 = ORIENTED_EDGE ( 'NONE', *, *, #4276, .T. ) ;
#3514 = PERSON_AND_ORGANIZATION ( #1521, #4168 ) ;
#3515 = DIRECTION ( 'NONE',  ( -0.000000000000000000, 1.000000000000000000, -0.000000000000000000 ) ) ;
#3516 = ORIENTED_EDGE ( 'NONE', *, *, #2025, .T. ) ;
#3517 = DIRECTION ( 'NONE',  ( 0.000000000000000000, 0.000000000000000000, 1.000000000000000000 ) ) ;
#3518 = ADVANCED_FACE ( 'NONE', ( #3769 ), #3709, .F. ) ;
#3519 = ORIENTED_EDGE ( 'NONE', *, *, #4862, .T. ) ;
#3520 = EDGE_LOOP ( 'NONE', ( #3749, #506, #5196, #4889 ) ) ;
#3521 = ADVANCED_FACE ( 'NONE', ( #1655 ), #5245, .F. ) ;
#3522 = CARTESIAN_POINT ( 'NONE',  ( -3.413803036292006075E-15, 18.00000000000000000, 30.54000000000000270 ) ) ;
#3523 = DIRECTION ( 'NONE',  ( 0.000000000000000000, 0.000000000000000000, -1.000000000000000000 ) ) ;
#3524 = CARTESIAN_POINT ( 'NONE',  ( 14.99999999999999645, 46.00000000000000000, 18.49999999999999645 ) ) ;
#3525 = VECTOR ( 'NONE', #263, 1000.000000000000000 ) ;
#3526 = APPROVAL_PERSON_ORGANIZATION ( #2164, #1974, #1752 ) ;
#3527 = CARTESIAN_POINT ( 'NONE',  ( -15.00000000000000711, 39.44861919775701153, 31.50000000000000000 ) ) ;
#3528 = PRODUCT_DEFINITION ( 'UNKNOWN', '', #5684, #3220 ) ;
#3529 = LINE ( 'NONE', #428, #5317 ) ;
#3530 = CARTESIAN_POINT ( 'NONE',  ( -18.00000000000000711, 46.00000000000000000, -18.50000000000000000 ) ) ;
#3531 = DIRECTION ( 'NONE',  ( 0.000000000000000000, -1.000000000000000000, -0.000000000000000000 ) ) ;
#3532 = AXIS2_PLACEMENT_3D ( 'NONE', #3731, #614, #2430 ) ;
#3533 = APPROVAL_DATE_TIME ( #3647, #3431 ) ;
#3534 = ORIENTED_EDGE ( 'NONE', *, *, #1739, .T. ) ;
#3535 =( NAMED_UNIT ( * ) PLANE_ANGLE_UNIT ( ) SI_UNIT ( $, .RADIAN. ) );
#3536 = DATE_AND_TIME ( #5088, #5591 ) ;
#3537 = EDGE_CURVE ( 'NONE', #3091, #3867, #4686, .T. ) ;
#3538 = VECTOR ( 'NONE', #2921, 1000.000000000000000 ) ;
#3539 = VECTOR ( 'NONE', #4669, 1000.000000000000000 ) ;
#3540 = CARTESIAN_POINT ( 'NONE',  ( 0.000000000000000000, 0.000000000000000000, 35.53999999999999915 ) ) ;
#3541 = VECTOR ( 'NONE', #2375, 1000.000000000000000 ) ;
#3542 = DIRECTION ( 'NONE',  ( -1.000000000000000000, 0.000000000000000000, 0.000000000000000000 ) ) ;
#3543 = VERTEX_POINT ( 'NONE', #3945 ) ;
#3544 = ORIENTED_EDGE ( 'NONE', *, *, #2252, .F. ) ;
#3545 = DIRECTION ( 'NONE',  ( -1.000000000000000000, 0.000000000000000000, 0.000000000000000000 ) ) ;
#3546 = VECTOR ( 'NONE', #5464, 1000.000000000000000 ) ;
#3547 = CALENDAR_DATE ( 2025, 23, 9 ) ;
#3548 = PLANE ( 'NONE',  #3105 ) ;
#3549 = DIRECTION ( 'NONE',  ( -0.000000000000000000, 1.000000000000000000, -0.000000000000000000 ) ) ;
#3550 = VERTEX_POINT ( 'NONE', #5708 ) ;
#3551 = ORIENTED_EDGE ( 'NONE', *, *, #4095, .F. ) ;
#3552 = EDGE_CURVE ( 'NONE', #1408, #965, #324, .T. ) ;
#3553 = DIRECTION ( 'NONE',  ( 0.000000000000000000, 0.000000000000000000, -1.000000000000000000 ) ) ;
#3554 = LINE ( 'NONE', #1343, #744 ) ;
#3555 = DIRECTION ( 'NONE',  ( 1.000000000000000000, 0.000000000000000000, 0.000000000000000000 ) ) ;
#3556 = LINE ( 'NONE', #3965, #680 ) ;
#3557 = CARTESIAN_POINT ( 'NONE',  ( -45.00000000000000711, -7.000000000000000000, -29.03999999999999559 ) ) ;
#3558 = DIRECTION ( 'NONE',  ( 0.000000000000000000, -1.000000000000000000, 1.284980352575412699E-16 ) ) ;
#3559 = VECTOR ( 'NONE', #2935, 1000.000000000000000 ) ;
#3560 = ORIENTED_EDGE ( 'NONE', *, *, #3732, .F. ) ;
#3561 = EDGE_CURVE ( 'NONE', #528, #4909, #3646, .T. ) ;
#3562 = VECTOR ( 'NONE', #3246, 1000.000000000000000 ) ;
#3563 = DIRECTION ( 'NONE',  ( -0.000000000000000000, -1.000000000000000000, -0.000000000000000000 ) ) ;
#3564 = CARTESIAN_POINT ( 'NONE',  ( 17.99999999999999289, -8.000000000000000000, 21.49999999999999645 ) ) ;
#3565 = ORIENTED_EDGE ( 'NONE', *, *, #5747, .T. ) ;
#3566 = ADVANCED_FACE ( 'NONE', ( #2961 ), #3970, .F. ) ;
#3567 = CIRCLE ( 'NONE', #1054, 2.999999999999999112 ) ;
#3568 = EDGE_LOOP ( 'NONE', ( #200, #1769, #3683, #1153 ) ) ;
#3569 = EDGE_CURVE ( 'NONE', #5248, #5517, #1627, .T. ) ;
#3570 = PERSON_AND_ORGANIZATION ( #1521, #4168 ) ;
#3571 = CARTESIAN_POINT ( 'NONE',  ( 14.99999999999999645, 39.44861919775701153, 21.50000000000000000 ) ) ;
#3572 = AXIS2_PLACEMENT_3D ( 'NONE', #4977, #927, #5342 ) ;
#3573 = FACE_BOUND ( 'NONE', #3366, .T. ) ;
#3574 = AXIS2_PLACEMENT_3D ( 'NONE', #3527, #4879, #3477 ) ;
#3575 = ORIENTED_EDGE ( 'NONE', *, *, #4730, .T. ) ;
#3576 = VERTEX_POINT ( 'NONE', #4417 ) ;
#3577 = ADVANCED_FACE ( 'NONE', ( #1292, #3884 ), #4325, .F. ) ;
#3578 = AXIS2_PLACEMENT_3D ( 'NONE', #1951, #5502, #5732 ) ;
#3579 = PLANE ( 'NONE',  #1045 ) ;
#3580 = AXIS2_PLACEMENT_3D ( 'NONE', #2511, #4726, #5050 ) ;
#3581 = CARTESIAN_POINT ( 'NONE',  ( -12.00000000000000711, 9.999999999999998224, 21.49999999999999645 ) ) ;
#3582 = DIRECTION ( 'NONE',  ( -1.000000000000000000, -0.000000000000000000, -0.000000000000000000 ) ) ;
#3583 = CARTESIAN_POINT ( 'NONE',  ( 22.99999999999998934, 27.44861919775700443, -2.400000000000002576 ) ) ;
#3584 = CARTESIAN_POINT ( 'NONE',  ( -15.00000000000000711, 39.44861919775701153, -21.50000000000000000 ) ) ;
#3585 = CARTESIAN_POINT ( 'NONE',  ( 0.000000000000000000, 41.00000000000000000, 11.50000000000000000 ) ) ;
#3586 = CARTESIAN_POINT ( 'NONE',  ( 0.000000000000000000, 18.00000000000000000, 0.000000000000000000 ) ) ;
#3587 = ORIENTED_EDGE ( 'NONE', *, *, #968, .T. ) ;
#3588 = ADVANCED_FACE ( 'NONE', ( #5273 ), #4802, .T. ) ;
#3589 = CARTESIAN_POINT ( 'NONE',  ( 45.00000000019101520, 3.000000000000000000, 28.30434737030371295 ) ) ;
#3590 = LINE ( 'NONE', #4108, #2153 ) ;
#3591 = ORIENTED_EDGE ( 'NONE', *, *, #3325, .F. ) ;
#3592 = ORIENTED_EDGE ( 'NONE', *, *, #2568, .T. ) ;
#3593 = ADVANCED_BREP_SHAPE_REPRESENTATION ( '', ( #3143, #2332 ), #2528 ) ;
#3594 = LINE ( 'NONE', #4529, #1048 ) ;
#3595 = ORIENTED_EDGE ( 'NONE', *, *, #276, .T. ) ;
#3596 = LINE ( 'NONE', #1379, #4130 ) ;
#3597 = ORIENTED_EDGE ( 'NONE', *, *, #1903, .T. ) ;
#3598 = EDGE_CURVE ( 'NONE', #4773, #1360, #4740, .T. ) ;
#3599 = ORIENTED_EDGE ( 'NONE', *, *, #2462, .T. ) ;
#3600 = CARTESIAN_POINT ( 'NONE',  ( -45.00000000000000711, 0.000000000000000000, -32.03999999999999204 ) ) ;
#3601 = EDGE_CURVE ( 'NONE', #687, #3662, #380, .T. ) ;
#3602 = DIRECTION ( 'NONE',  ( -1.000000000000000000, 0.000000000000000000, 0.000000000000000000 ) ) ;
#3603 = ORIENTED_EDGE ( 'NONE', *, *, #5469, .T. ) ;
#3604 = DIRECTION ( 'NONE',  ( -6.938893903907229610E-17, 0.000000000000000000, -1.000000000000000000 ) ) ;
#3605 = CARTESIAN_POINT ( 'NONE',  ( 24.99999999999998934, 39.31639237894030714, 18.49999999999999645 ) ) ;
#3606 = VECTOR ( 'NONE', #5292, 1000.000000000000000 ) ;
#3607 = CARTESIAN_POINT ( 'NONE',  ( 14.99999999999999645, 46.00000000000000000, -21.50000000000000000 ) ) ;
#3608 = DIRECTION ( 'NONE',  ( -0.000000000000000000, -0.000000000000000000, 1.000000000000000000 ) ) ;
#3609 = DIRECTION ( 'NONE',  ( 0.000000000000000000, 0.000000000000000000, 1.000000000000000000 ) ) ;
#3610 = VERTEX_POINT ( 'NONE', #3913 ) ;
#3611 = FACE_OUTER_BOUND ( 'NONE', #4365, .T. ) ;
#3612 = EDGE_CURVE ( 'NONE', #3084, #5124, #4589, .T. ) ;
#3613 = FACE_OUTER_BOUND ( 'NONE', #602, .T. ) ;
#3614 = AXIS2_PLACEMENT_3D ( 'NONE', #4345, #2583, #1259 ) ;
#3615 = LOCAL_TIME ( 2, 41, 34.00000000000000000, #1726 ) ;
#3616 = ORIENTED_EDGE ( 'NONE', *, *, #480, .T. ) ;
#3617 = VERTEX_POINT ( 'NONE', #1266 ) ;
#3618 = AXIS2_PLACEMENT_3D ( 'NONE', #1016, #1133, #1452 ) ;
#3619 = DIRECTION ( 'NONE',  ( 0.000000000000000000, -1.000000000000000000, 0.000000000000000000 ) ) ;
#3620 = CARTESIAN_POINT ( 'NONE',  ( -50.00000000000000000, 0.000000000000000000, 30.54000000000000270 ) ) ;
#3621 = ORIENTED_EDGE ( 'NONE', *, *, #4237, .F. ) ;
#3622 = CARTESIAN_POINT ( 'NONE',  ( 17.99999999999999289, 27.44861919775700443, -18.50000000000000000 ) ) ;
#3623 = VECTOR ( 'NONE', #3757, 1000.000000000000000 ) ;
#3624 = EDGE_LOOP ( 'NONE', ( #1014, #1832, #4759, #1430, #1189, #230, #4329, #2727 ) ) ;
#3625 = AXIS2_PLACEMENT_3D ( 'NONE', #1611, #2486, #5170 ) ;
#3626 = ORIENTED_EDGE ( 'NONE', *, *, #2846, .F. ) ;
#3627 = FACE_OUTER_BOUND ( 'NONE', #709, .T. ) ;
#3628 = EDGE_CURVE ( 'NONE', #2900, #5002, #3403, .T. ) ;
#3629 = DIRECTION ( 'NONE',  ( 0.000000000000000000, -1.000000000000000000, 0.000000000000000000 ) ) ;
#3630 = ORIENTED_EDGE ( 'NONE', *, *, #2146, .F. ) ;
#3631 = ADVANCED_FACE ( 'NONE', ( #2591 ), #2529, .F. ) ;
#3632 = CARTESIAN_POINT ( 'NONE',  ( -15.00000000000000711, 9.999999999999998224, 21.49999999999999645 ) ) ;
#3633 = DIRECTION ( 'NONE',  ( -0.000000000000000000, -0.000000000000000000, 1.000000000000000000 ) ) ;
#3634 = CARTESIAN_POINT ( 'NONE',  ( 11.99999999999999645, 39.44861919775701153, -31.50000000000000000 ) ) ;
#3635 = CARTESIAN_POINT ( 'NONE',  ( 11.99999999999999467, 13.00000000000000000, 21.49999999999999645 ) ) ;
#3636 = DIRECTION ( 'NONE',  ( -1.334402673828313339E-16, 1.000000000000000000, 0.000000000000000000 ) ) ;
#3637 = AXIS2_PLACEMENT_3D ( 'NONE', #518, #5353, #2286 ) ;
#3638 = VECTOR ( 'NONE', #1727, 1000.000000000000000 ) ;
#3639 = EDGE_LOOP ( 'NONE', ( #5188, #4008, #5155, #5510 ) ) ;
#3640 = ADVANCED_FACE ( 'NONE', ( #3428 ), #3459, .F. ) ;
#3641 = LINE ( 'NONE', #3245, #4482 ) ;
#3642 = AXIS2_PLACEMENT_3D ( 'NONE', #4294, #856, #5298 ) ;
#3643 = DIRECTION ( 'NONE',  ( 0.000000000000000000, 0.000000000000000000, -1.000000000000000000 ) ) ;
#3644 = ORIENTED_EDGE ( 'NONE', *, *, #5075, .F. ) ;
#3645 = ORIENTED_EDGE ( 'NONE', *, *, #2654, .F. ) ;
#3646 = CIRCLE ( 'NONE', #3642, 5.000000000000000888 ) ;
#3647 = DATE_AND_TIME ( #2293, #3900 ) ;
#3648 = FACE_OUTER_BOUND ( 'NONE', #184, .T. ) ;
#3649 = DIRECTION ( 'NONE',  ( 0.000000000000000000, 0.000000000000000000, 1.000000000000000000 ) ) ;
#3650 = ORIENTED_EDGE ( 'NONE', *, *, #3167, .F. ) ;
#3652 = EDGE_CURVE ( 'NONE', #648, #2013, #3841, .T. ) ;
#3651 = VECTOR ( 'NONE', #4042, 1000.000000000000000 ) ;
#3653 = FACE_BOUND ( 'NONE', #1209, .T. ) ;
#3654 = EDGE_CURVE ( 'NONE', #2455, #3388, #2558, .T. ) ;
#3655 = ORIENTED_EDGE ( 'NONE', *, *, #4963, .T. ) ;
#3656 = ORIENTED_EDGE ( 'NONE', *, *, #1349, .T. ) ;
#3657 = VECTOR ( 'NONE', #4787, 1000.000000000000000 ) ;
#3658 = CARTESIAN_POINT ( 'NONE',  ( 4.999999999999993783, 9.999999999999996447, -21.50000000000000000 ) ) ;
#3659 = EDGE_LOOP ( 'NONE', ( #1757, #5542, #2121, #5034, #3494, #5532 ) ) ;
#3660 = LINE ( 'NONE', #5450, #117 ) ;
#3661 = CIRCLE ( 'NONE', #4505, 2.399999999999999467 ) ;
#3662 = VERTEX_POINT ( 'NONE', #4885 ) ;
#3663 = LINE ( 'NONE', #2742, #3080 ) ;
#3664 = VECTOR ( 'NONE', #3868, 1000.000000000000000 ) ;
#3665 = CARTESIAN_POINT ( 'NONE',  ( 44.99999999999999289, -7.000000000000000000, -30.53999999999999559 ) ) ;
#3666 = CARTESIAN_POINT ( 'NONE',  ( -24.75000000000000000, 7.999999999999998224, -40.78851452574946990 ) ) ;
#3667 = EDGE_CURVE ( 'NONE', #1542, #5673, #5328, .T. ) ;
#3668 = ADVANCED_FACE ( 'NONE', ( #4584 ), #3789, .T. ) ;
#3669 = LINE ( 'NONE', #5078, #355 ) ;
#3670 = DIRECTION ( 'NONE',  ( 0.000000000000000000, 0.000000000000000000, 1.000000000000000000 ) ) ;
#3671 = ORIENTED_EDGE ( 'NONE', *, *, #459, .F. ) ;
#3672 = DIRECTION ( 'NONE',  ( -0.000000000000000000, -1.000000000000000000, -0.000000000000000000 ) ) ;
#3673 = CARTESIAN_POINT ( 'NONE',  ( -3.000000000000000444, 0.000000000000000000, -43.38851452574947132 ) ) ;
#3674 = AXIS2_PLACEMENT_3D ( 'NONE', #3876, #5728, #4313 ) ;
#3675 = EDGE_CURVE ( 'NONE', #5243, #1305, #104, .T. ) ;
#3676 = CARTESIAN_POINT ( 'NONE',  ( 14.99999999999998934, 46.00000000000000711, 19.50000000000000000 ) ) ;
#3677 = ORIENTED_EDGE ( 'NONE', *, *, #4862, .F. ) ;
#3678 = ORIENTED_EDGE ( 'NONE', *, *, #633, .F. ) ;
#3679 = PERSON_AND_ORGANIZATION ( #1521, #4168 ) ;
#3680 = CARTESIAN_POINT ( 'NONE',  ( -12.00000000000000711, 39.44861919775701153, -31.50000000000000000 ) ) ;
#3681 = DIRECTION ( 'NONE',  ( 0.000000000000000000, 1.000000000000000000, -0.000000000000000000 ) ) ;
#3682 = EDGE_CURVE ( 'NONE', #3296, #2650, #4212, .T. ) ;
#3683 = ORIENTED_EDGE ( 'NONE', *, *, #642, .F. ) ;
#3684 = LINE ( 'NONE', #2320, #22 ) ;
#3685 = ORIENTED_EDGE ( 'NONE', *, *, #5388, .T. ) ;
#3686 = VERTEX_POINT ( 'NONE', #3673 ) ;
#3687 = DIRECTION ( 'NONE',  ( 0.000000000000000000, 6.938893903907227392E-16, 1.000000000000000000 ) ) ;
#3688 = LINE ( 'NONE', #508, #3929 ) ;
#3689 = VERTEX_POINT ( 'NONE', #5463 ) ;
#3690 = FACE_OUTER_BOUND ( 'NONE', #4971, .T. ) ;
#3691 = EDGE_LOOP ( 'NONE', ( #1276, #4513 ) ) ;
#3692 = ORIENTED_EDGE ( 'NONE', *, *, #2448, .T. ) ;
#3693 = VECTOR ( 'NONE', #3636, 1000.000000000000000 ) ;
#3694 = CARTESIAN_POINT ( 'NONE',  ( -15.00000000000000711, -8.000000000000000000, -21.50000000000000000 ) ) ;
#3695 = CARTESIAN_POINT ( 'NONE',  ( 44.99999999999999289, -7.000000000000000000, -32.53999999999999204 ) ) ;
#3696 = CARTESIAN_POINT ( 'NONE',  ( -3.000000000000001332, -9.718685975091504013E-15, -43.38851452574947132 ) ) ;
#3697 = DIRECTION ( 'NONE',  ( 0.000000000000000000, 0.000000000000000000, -1.000000000000000000 ) ) ;
#3698 = VERTEX_POINT ( 'NONE', #5020 ) ;
#3699 = CARTESIAN_POINT ( 'NONE',  ( -8.000000000000007105, 12.99999999999999822, 19.50000000000000000 ) ) ;
#3700 = FACE_OUTER_BOUND ( 'NONE', #1969, .T. ) ;
#3701 = CARTESIAN_POINT ( 'NONE',  ( -15.00000000000000711, 0.000000000000000000, -19.50000000000000000 ) ) ;
#3702 = EDGE_CURVE ( 'NONE', #3698, #5710, #4960, .T. ) ;
#3703 = DIRECTION ( 'NONE',  ( 0.000000000000000000, 0.000000000000000000, 1.000000000000000000 ) ) ;
#3704 = VERTEX_POINT ( 'NONE', #3701 ) ;
#3705 = ORIENTED_EDGE ( 'NONE', *, *, #205, .F. ) ;
#3706 = ADVANCED_FACE ( 'NONE', ( #2897 ), #5490, .F. ) ;
#3707 = APPROVAL_DATE_TIME ( #2466, #859 ) ;
#3708 = CIRCLE ( 'NONE', #3984, 5.999999999999998224 ) ;
#3709 = PLANE ( 'NONE',  #2449 ) ;
#3710 = LOCAL_TIME ( 2, 41, 34.00000000000000000, #2625 ) ;
#3711 = FACE_OUTER_BOUND ( 'NONE', #5149, .T. ) ;
#3712 = CARTESIAN_POINT ( 'NONE',  ( 44.99999999999999289, 3.000000000000000000, -30.53999999999999559 ) ) ;
#3713 = ORIENTED_EDGE ( 'NONE', *, *, #2084, .F. ) ;
#3714 = ORIENTED_EDGE ( 'NONE', *, *, #2787, .F. ) ;
#3715 = VECTOR ( 'NONE', #286, 1000.000000000000000 ) ;
#3716 = CARTESIAN_POINT ( 'NONE',  ( -15.00000000000000711, 27.44861919775700443, 21.49999999999999645 ) ) ;
#3717 = DIRECTION ( 'NONE',  ( -9.396418828207704437E-16, -1.000000000000000000, 0.000000000000000000 ) ) ;
#3718 = VECTOR ( 'NONE', #769, 1000.000000000000000 ) ;
#3719 = CIRCLE ( 'NONE', #4086, 3.000000000000000888 ) ;
#3720 = ORIENTED_EDGE ( 'NONE', *, *, #5263, .T. ) ;
#3721 = LINE ( 'NONE', #3751, #1913 ) ;
#3722 = ORIENTED_EDGE ( 'NONE', *, *, #1705, .T. ) ;
#3723 = ADVANCED_FACE ( 'NONE', ( #3277 ), #5052, .F. ) ;
#3724 = FACE_OUTER_BOUND ( 'NONE', #2078, .T. ) ;
#3725 = DIRECTION ( 'NONE',  ( 0.000000000000000000, -1.000000000000000000, 0.000000000000000000 ) ) ;
#3726 = CARTESIAN_POINT ( 'NONE',  ( -3.000000000000005773, 18.00000000000000000, -33.38851452574947132 ) ) ;
#3727 = VERTEX_POINT ( 'NONE', #5109 ) ;
#3728 = VECTOR ( 'NONE', #2714, 1000.000000000000000 ) ;
#3729 = CARTESIAN_POINT ( 'NONE',  ( -1.734723475976807094E-15, 27.44861919775700443, -26.50000000000000000 ) ) ;
#3730 = VECTOR ( 'NONE', #3563, 1000.000000000000000 ) ;
#3731 = CARTESIAN_POINT ( 'NONE',  ( 14.99999999999999289, -5.000000000000000000, -18.50000000000000355 ) ) ;
#3732 = EDGE_CURVE ( 'NONE', #3398, #2894, #2841, .T. ) ;
#3733 = ORIENTED_EDGE ( 'NONE', *, *, #3464, .F. ) ;
#3734 = ORIENTED_EDGE ( 'NONE', *, *, #5755, .T. ) ;
#3735 = PERSON_AND_ORGANIZATION ( #1521, #4168 ) ;
#3736 = VECTOR ( 'NONE', #2684, 1000.000000000000000 ) ;
#3737 = CYLINDRICAL_SURFACE ( 'NONE', #1416, 2.999999999999999112 ) ;
#3738 = DIRECTION ( 'NONE',  ( -0.000000000000000000, 0.000000000000000000, 1.000000000000000000 ) ) ;
#3739 = EDGE_CURVE ( 'NONE', #4296, #4002, #2428, .T. ) ;
#3740 = ADVANCED_FACE ( 'NONE', ( #1588 ), #1139, .T. ) ;
#3741 = CARTESIAN_POINT ( 'NONE',  ( -18.00000000000000711, -8.000000000000000000, 3.000031882232204072 ) ) ;
#3742 = ORIENTED_EDGE ( 'NONE', *, *, #2012, .F. ) ;
#3743 = VECTOR ( 'NONE', #1598, 1000.000000000000000 ) ;
#3744 = ORIENTED_EDGE ( 'NONE', *, *, #5140, .T. ) ;
#3745 = SHAPE_DEFINITION_REPRESENTATION ( #5599, #2476 ) ;
#3746 = DIRECTION ( 'NONE',  ( -0.000000000000000000, -1.000000000000000000, 0.000000000000000000 ) ) ;
#3747 = FACE_OUTER_BOUND ( 'NONE', #5485, .T. ) ;
#3748 = AXIS2_PLACEMENT_3D ( 'NONE', #5347, #1314, #4065 ) ;
#3749 = ORIENTED_EDGE ( 'NONE', *, *, #4783, .F. ) ;
#3750 = EDGE_CURVE ( 'NONE', #2938, #5216, #1147, .T. ) ;
#3751 = CARTESIAN_POINT ( 'NONE',  ( 36.99999999999998579, 23.00000000000000000, -35.53999999999999204 ) ) ;
#3752 = VERTEX_POINT ( 'NONE', #2867 ) ;
#3753 = VECTOR ( 'NONE', #3975, 1000.000000000000000 ) ;
#3754 = PLANE ( 'NONE',  #3811 ) ;
#3755 = LINE ( 'NONE', #2890, #745 ) ;
#3756 = AXIS2_PLACEMENT_3D ( 'NONE', #629, #4749, #5255 ) ;
#3757 = DIRECTION ( 'NONE',  ( -1.000000000000000000, -1.734723475976807094E-16, 0.000000000000000000 ) ) ;
#3758 = EDGE_LOOP ( 'NONE', ( #51, #1805 ) ) ;
#3759 = VECTOR ( 'NONE', #2151, 1000.000000000000000 ) ;
#3760 = EDGE_CURVE ( 'NONE', #5503, #4304, #5083, .T. ) ;
#3761 = CARTESIAN_POINT ( 'NONE',  ( 17.99999999999999289, 39.31639237894030714, 18.49999999999999645 ) ) ;
#3762 = DIRECTION ( 'NONE',  ( 0.000000000000000000, 0.000000000000000000, 1.000000000000000000 ) ) ;
#3763 = ADVANCED_FACE ( 'NONE', ( #1085 ), #1028, .F. ) ;
#3764 = ORIENTED_EDGE ( 'NONE', *, *, #5459, .T. ) ;
#3765 = ORIENTED_EDGE ( 'NONE', *, *, #1322, .T. ) ;
#3766 = ADVANCED_FACE ( 'NONE', ( #195 ), #2001, .T. ) ;
#3767 = DATE_AND_TIME ( #4200, #5776 ) ;
#3768 = AXIS2_PLACEMENT_3D ( 'NONE', #3009, #2175, #371 ) ;
#3769 = FACE_OUTER_BOUND ( 'NONE', #4355, .T. ) ;
#3770 = DIRECTION ( 'NONE',  ( 0.000000000000000000, 0.000000000000000000, 1.000000000000000000 ) ) ;
#3771 = ORIENTED_EDGE ( 'NONE', *, *, #5714, .T. ) ;
#3772 = VERTEX_POINT ( 'NONE', #1711 ) ;
#3773 = LINE ( 'NONE', #4236, #4024 ) ;
#3774 = PERSON_AND_ORGANIZATION_ROLE ( 'design_owner' ) ;
#3775 = DIRECTION ( 'NONE',  ( 1.000000000000000000, -0.000000000000000000, -2.928627140084648467E-16 ) ) ;
#3776 = CC_DESIGN_DATE_AND_TIME_ASSIGNMENT ( #4398, #5304, ( #2612 ) ) ;
#3777 = EDGE_CURVE ( 'NONE', #352, #1269, #5266, .T. ) ;
#3778 = CARTESIAN_POINT ( 'NONE',  ( -27.99999999999998934, 0.000000000000000000, 0.000000000000000000 ) ) ;
#3779 = EDGE_CURVE ( 'NONE', #2853, #704, #762, .T. ) ;
#3780 = ORIENTED_EDGE ( 'NONE', *, *, #2448, .F. ) ;
#3781 = DIRECTION ( 'NONE',  ( -0.000000000000000000, 1.000000000000000000, -0.000000000000000000 ) ) ;
#3782 = ORIENTED_EDGE ( 'NONE', *, *, #3177, .T. ) ;
#3783 = ADVANCED_FACE ( 'NONE', ( #1257 ), #4793, .T. ) ;
#3784 = CARTESIAN_POINT ( 'NONE',  ( -15.00000000000000711, 13.00000000000000000, -21.50000000000000000 ) ) ;
#3785 = DIRECTION ( 'NONE',  ( 1.189754775659388502E-16, 0.000000000000000000, 1.000000000000000000 ) ) ;
#3786 = DIRECTION ( 'NONE',  ( 0.000000000000000000, 0.000000000000000000, 1.000000000000000000 ) ) ;
#3787 = ORIENTED_EDGE ( 'NONE', *, *, #4954, .T. ) ;
#3788 = DIRECTION ( 'NONE',  ( -0.000000000000000000, 1.000000000000000000, -0.000000000000000000 ) ) ;
#3789 = CYLINDRICAL_SURFACE ( 'NONE', #957, 2.999999999999999112 ) ;
#3790 = DIRECTION ( 'NONE',  ( 0.000000000000000000, 0.000000000000000000, 1.000000000000000000 ) ) ;
#3791 = EDGE_CURVE ( 'NONE', #5038, #2263, #3040, .T. ) ;
#3792 = FACE_OUTER_BOUND ( 'NONE', #2099, .T. ) ;
#3793 = DIRECTION ( 'NONE',  ( 2.440522616737206954E-17, 0.000000000000000000, 1.000000000000000000 ) ) ;
#3794 = ORIENTED_EDGE ( 'NONE', *, *, #3363, .F. ) ;
#3795 = VERTEX_POINT ( 'NONE', #4821 ) ;
#3796 = EDGE_CURVE ( 'NONE', #3255, #362, #3391, .T. ) ;
#3797 = CALENDAR_DATE ( 2025, 23, 9 ) ;
#3798 = CARTESIAN_POINT ( 'NONE',  ( 2.999999999999989786, 6.000000000000001776, -25.09999999999999787 ) ) ;
#3799 = CARTESIAN_POINT ( 'NONE',  ( -15.00000000000000711, -8.000000000000000000, -18.50000000000000355 ) ) ;
#3800 = FACE_OUTER_BOUND ( 'NONE', #714, .T. ) ;
#3801 = ORIENTED_EDGE ( 'NONE', *, *, #5737, .T. ) ;
#3802 = EDGE_LOOP ( 'NONE', ( #4466, #5256, #4159, #5719 ) ) ;
#3803 = AXIS2_PLACEMENT_3D ( 'NONE', #5275, #2618, #2187 ) ;
#3804 = DIRECTION ( 'NONE',  ( -1.334402673828313339E-16, 1.000000000000000000, 0.000000000000000000 ) ) ;
#3805 = APPROVAL_PERSON_ORGANIZATION ( #3291, #3326, #2411 ) ;
#3806 = LINE ( 'NONE', #718, #4202 ) ;
#3807 = VERTEX_POINT ( 'NONE', #1649 ) ;
#3808 = PLANE ( 'NONE',  #4219 ) ;
#3809 = ORIENTED_EDGE ( 'NONE', *, *, #5531, .F. ) ;
#3810 = VERTEX_POINT ( 'NONE', #3420 ) ;
#3811 = AXIS2_PLACEMENT_3D ( 'NONE', #3327, #2802, #2888 ) ;
#3812 = CARTESIAN_POINT ( 'NONE',  ( -2.818925648462311528E-15, 2.999999999999999112, 35.53999999999999915 ) ) ;
#3813 = CARTESIAN_POINT ( 'NONE',  ( 11.99999999999999467, 13.00000000000000000, 21.49999999999999645 ) ) ;
#3814 = CARTESIAN_POINT ( 'NONE',  ( -1.734723475976807094E-15, 27.44861919775700443, 26.50000000000000000 ) ) ;
#3815 = EDGE_CURVE ( 'NONE', #4906, #5132, #5608, .T. ) ;
#3816 = ADVANCED_FACE ( 'NONE', ( #5642 ), #2981, .T. ) ;
#3817 = AXIS2_PLACEMENT_3D ( 'NONE', #134, #3725, #5514 ) ;
#3818 = ORIENTED_EDGE ( 'NONE', *, *, #533, .T. ) ;
#3819 = CARTESIAN_POINT ( 'NONE',  ( -1.101972858207410933E-14, 3.000000000000000000, -40.38851452574947132 ) ) ;
#3820 = CARTESIAN_POINT ( 'NONE',  ( 27.99999999999998934, 27.44861919775700443, -18.50000000000000000 ) ) ;
#3821 = FACE_OUTER_BOUND ( 'NONE', #4826, .T. ) ;
#3822 = CARTESIAN_POINT ( 'NONE',  ( 14.99999999999999645, -8.000000000000000000, -21.50000000000000000 ) ) ;
#3823 = EDGE_CURVE ( 'NONE', #4773, #3847, #2116, .T. ) ;
#3824 = ORIENTED_EDGE ( 'NONE', *, *, #2199, .F. ) ;
#3825 = ORIENTED_EDGE ( 'NONE', *, *, #1093, .F. ) ;
#3826 = DIRECTION ( 'NONE',  ( 1.000000000000000000, 0.000000000000000000, 0.000000000000000000 ) ) ;
#3827 = APPROVAL_ROLE ( '' ) ;
#3828 = EDGE_CURVE ( 'NONE', #2098, #4736, #4732, .T. ) ;
#3829 = DIRECTION ( 'NONE',  ( 0.000000000000000000, 1.000000000000000000, 0.000000000000000000 ) ) ;
#3830 = DIRECTION ( 'NONE',  ( 1.000000000000000000, 0.000000000000000000, 0.000000000000000000 ) ) ;
#3831 = ORIENTED_EDGE ( 'NONE', *, *, #1698, .F. ) ;
#3832 = ORIENTED_EDGE ( 'NONE', *, *, #3332, .F. ) ;
#3833 = CIRCLE ( 'NONE', #2816, 2.999999999999999112 ) ;
#3834 = DIRECTION ( 'NONE',  ( 1.000000000000000000, -9.396418828207704437E-16, 0.000000000000000000 ) ) ;
#3835 = EDGE_CURVE ( 'NONE', #1262, #699, #5720, .T. ) ;
#3836 = VERTEX_POINT ( 'NONE', #5729 ) ;
#3837 = VECTOR ( 'NONE', #470, 1000.000000000000000 ) ;
#3838 = CARTESIAN_POINT ( 'NONE',  ( 36.99999999999998579, 23.00000000000000000, -35.53999999999999204 ) ) ;
#3839 = VERTEX_POINT ( 'NONE', #731 ) ;
#3840 = EDGE_LOOP ( 'NONE', ( #2377, #4444, #3656, #4671 ) ) ;
#3841 = CIRCLE ( 'NONE', #1995, 5.000000000000000888 ) ;
#3842 = ADVANCED_FACE ( 'NONE', ( #5669 ), #1741, .T. ) ;
#3843 = DIRECTION ( 'NONE',  ( 0.000000000000000000, 0.000000000000000000, 1.000000000000000000 ) ) ;
#3844 = CARTESIAN_POINT ( 'NONE',  ( 40.00000000000000711, 23.00000000000000000, 35.53999999999999915 ) ) ;
#3845 = CARTESIAN_POINT ( 'NONE',  ( -3.000000000000002665, 3.000000000000000000, -33.38851452574947132 ) ) ;
#3846 = AXIS2_PLACEMENT_3D ( 'NONE', #5624, #3026, #1692 ) ;
#3847 = VERTEX_POINT ( 'NONE', #3504 ) ;
#3848 = CARTESIAN_POINT ( 'NONE',  ( -1.068082520601955117E-14, 23.00000000000000000, -30.54000000000000270 ) ) ;
#3849 = APPROVAL ( #1885, 'UNSPECIFIED' ) ;
#3850 = CARTESIAN_POINT ( 'NONE',  ( -50.00000000000000000, 3.000000000000000000, 30.54000000000000270 ) ) ;
#3851 = DIRECTION ( 'NONE',  ( -0.000000000000000000, 1.000000000000000000, -0.000000000000000000 ) ) ;
#3852 = AXIS2_PLACEMENT_3D ( 'NONE', #1194, #4792, #2980 ) ;
#3853 = DIRECTION ( 'NONE',  ( -0.000000000000000000, 0.000000000000000000, -1.000000000000000000 ) ) ;
#3854 = EDGE_LOOP ( 'NONE', ( #5614, #812, #929, #4001 ) ) ;
#3855 = CIRCLE ( 'NONE', #4604, 2.999999999999999112 ) ;
#3856 = EDGE_LOOP ( 'NONE', ( #50, #594, #1715, #5099 ) ) ;
#3857 = APPROVAL_DATE_TIME ( #3536, #752 ) ;
#3858 = EDGE_CURVE ( 'NONE', #193, #648, #5291, .T. ) ;
#3859 = DIRECTION ( 'NONE',  ( -0.000000000000000000, 1.000000000000000000, -0.000000000000000000 ) ) ;
#3860 = VECTOR ( 'NONE', #993, 1000.000000000000000 ) ;
#3861 = DIRECTION ( 'NONE',  ( 0.000000000000000000, -1.000000000000000000, 0.000000000000000000 ) ) ;
#3862 = ORIENTED_EDGE ( 'NONE', *, *, #4327, .F. ) ;
#3863 = ORIENTED_EDGE ( 'NONE', *, *, #4929, .F. ) ;
#3864 = LINE ( 'NONE', #5655, #488 ) ;
#3865 = COORDINATED_UNIVERSAL_TIME_OFFSET ( 7, 0, .AHEAD. ) ;
#3866 = CARTESIAN_POINT ( 'NONE',  ( -3.000000000000003109, 0.000000000000000000, 40.64095925806566356 ) ) ;
#3867 = VERTEX_POINT ( 'NONE', #3068 ) ;
#3868 = DIRECTION ( 'NONE',  ( 1.000000000000000000, 0.000000000000000000, -6.938893903907229610E-17 ) ) ;
#3869 = ORIENTED_EDGE ( 'NONE', *, *, #4864, .T. ) ;
#3870 = ORIENTED_EDGE ( 'NONE', *, *, #1398, .T. ) ;
#3871 = EDGE_CURVE ( 'NONE', #4478, #4534, #1227, .T. ) ;
#3872 = FACE_OUTER_BOUND ( 'NONE', #2484, .T. ) ;
#3873 = DIRECTION ( 'NONE',  ( 0.000000000000000000, 0.000000000000000000, 1.000000000000000000 ) ) ;
#3874 = CARTESIAN_POINT ( 'NONE',  ( -31.05395286684827383, 3.000000000000000000, 43.64095925806566356 ) ) ;
#3875 = ORIENTED_EDGE ( 'NONE', *, *, #3141, .F. ) ;
#3876 = CARTESIAN_POINT ( 'NONE',  ( -15.00000000000000711, -5.000000000000000000, 18.49999999999999645 ) ) ;
#3877 = CARTESIAN_POINT ( 'NONE',  ( 22.99999999999998934, 27.44861919775700443, -1.734723475976807094E-15 ) ) ;
#3878 = CLOSED_SHELL ( 'NONE', ( #5327, #3097, #5680, #464, #120, #5185, #223, #1148, #2717, #1261, #4988, #2850, #2426, #1689, #4527, #198, #5258, #2383, #2032, #3259, #5721, #3064, #5571, #1470, #826, #2046, #347, #1352, #3842, #5649, #4375, #1626, #5306, #794, #90, #3989, #4496, #482, #1095, #1770, #5527, #4897, #3668, #4583, #3640, #3706, #4241, #2456, #4753, #2482, #2334, #1735, #3432, #2672, #5136, #3148, #5223, #1240, #87, #2021, #641, #5566, #3290, #3763, #2284, #3930, #3577, #2967, #5481, #2216, #3816, #653, #3008, #2518, #3027, #1871, #95, #1948, #610, #2825, #4380, #3631, #911, #165, #2777 ) ) ;
#3879 = PLANE ( 'NONE',  #3614 ) ;
#3880 = ORIENTED_EDGE ( 'NONE', *, *, #2307, .T. ) ;
#3881 = ORIENTED_EDGE ( 'NONE', *, *, #2199, .T. ) ;
#3882 = CARTESIAN_POINT ( 'NONE',  ( 14.99999999999999289, 46.00000000000000000, 18.49999999999999645 ) ) ;
#3883 = EDGE_CURVE ( 'NONE', #2349, #2043, #3107, .T. ) ;
#3884 = FACE_OUTER_BOUND ( 'NONE', #1419, .T. ) ;
#3885 = CARTESIAN_POINT ( 'NONE',  ( -1.127570259384924611E-14, 0.000000000000000000, -35.53999999999999915 ) ) ;
#3886 = ORIENTED_EDGE ( 'NONE', *, *, #1612, .T. ) ;
#3887 = EDGE_LOOP ( 'NONE', ( #3024, #5310, #3280, #546 ) ) ;
#3888 = ADVANCED_FACE ( 'NONE', ( #252 ), #2057, .F. ) ;
#3889 = CALENDAR_DATE ( 2025, 23, 9 ) ;
#3890 = CARTESIAN_POINT ( 'NONE',  ( -45.00000000000000711, 0.000000000000000000, 30.54000000000000270 ) ) ;
#3891 = FACE_OUTER_BOUND ( 'NONE', #4524, .T. ) ;
#3892 = ORIENTED_EDGE ( 'NONE', *, *, #5043, .T. ) ;
#3893 = DIRECTION ( 'NONE',  ( -0.000000000000000000, 1.000000000000000000, -0.000000000000000000 ) ) ;
#3894 = VERTEX_POINT ( 'NONE', #5699 ) ;
#3895 = VERTEX_POINT ( 'NONE', #3819 ) ;
#3896 = EDGE_CURVE ( 'NONE', #4742, #3550, #3556, .T. ) ;
#3897 = CARTESIAN_POINT ( 'NONE',  ( 17.99999999999999289, -5.000000000000000000, 18.49999999999999289 ) ) ;
#3898 = CIRCLE ( 'NONE', #1579, 2.999999999999999112 ) ;
#3899 = PLANE ( 'NONE',  #4852 ) ;
#3900 = LOCAL_TIME ( 2, 41, 34.00000000000000000, #3194 ) ;
#3901 = DIRECTION ( 'NONE',  ( 0.000000000000000000, 1.000000000000000000, 0.000000000000000000 ) ) ;
#3902 = EDGE_CURVE ( 'NONE', #561, #407, #487, .T. ) ;
#3903 = AXIS2_PLACEMENT_3D ( 'NONE', #882, #5349, #5372 ) ;
#3904 = CARTESIAN_POINT ( 'NONE',  ( 49.99999999999998579, 3.000000000000000000, -30.54000000000000625 ) ) ;
#3905 = CARTESIAN_POINT ( 'NONE',  ( 4.999999999999993783, -1.102182119232617911E-15, -21.50000000000000000 ) ) ;
#3906 = CARTESIAN_POINT ( 'NONE',  ( 2.999999999999989342, 23.00000000000000000, -25.09999999999999787 ) ) ;
#3907 = PLANE ( 'NONE',  #5492 ) ;
#3908 = AXIS2_PLACEMENT_3D ( 'NONE', #702, #5515, #2487 ) ;
#3909 = CYLINDRICAL_SURFACE ( 'NONE', #4150, 2.999999999999999112 ) ;
#3910 = AXIS2_PLACEMENT_3D ( 'NONE', #2318, #4432, #1035 ) ;
#3911 = VERTEX_POINT ( 'NONE', #1423 ) ;
#3912 = EDGE_LOOP ( 'NONE', ( #4274, #3956, #5466, #5041 ) ) ;
#3913 = CARTESIAN_POINT ( 'NONE',  ( 27.99999999999998934, 27.44861919775700443, 15.49999999999999645 ) ) ;
#3914 = DIRECTION ( 'NONE',  ( 0.000000000000000000, -1.000000000000000000, 0.000000000000000000 ) ) ;
#3915 = EDGE_CURVE ( 'NONE', #1402, #5002, #2715, .T. ) ;
#3916 = EDGE_LOOP ( 'NONE', ( #5025, #2878, #3508, #5458, #2138, #5285, #5686, #3734, #1296, #2389 ) ) ;
#3917 = VERTEX_POINT ( 'NONE', #3634 ) ;
#3918 = LINE ( 'NONE', #414, #5348 ) ;
#3919 = DIRECTION ( 'NONE',  ( 0.000000000000000000, 0.000000000000000000, 1.000000000000000000 ) ) ;
#3920 = PLANE ( 'NONE',  #2914 ) ;
#3921 = ADVANCED_FACE ( 'NONE', ( #5784 ), #5398, .F. ) ;
#3922 = EDGE_CURVE ( 'NONE', #2481, #4226, #4902, .T. ) ;
#3923 = ORIENTED_EDGE ( 'NONE', *, *, #5589, .T. ) ;
#3924 = FACE_BOUND ( 'NONE', #2765, .T. ) ;
#3925 = VERTEX_POINT ( 'NONE', #5371 ) ;
#3926 = EDGE_LOOP ( 'NONE', ( #1126, #3597, #4910, #2061 ) ) ;
#3927 = PRODUCT_DEFINITION_SHAPE ( 'NONE', 'NONE',  #5795 ) ;
#3928 = CARTESIAN_POINT ( 'NONE',  ( -15.00000000000000711, -4.999999999999997335, 18.49999999999999645 ) ) ;
#3929 = VECTOR ( 'NONE', #4976, 1000.000000000000000 ) ;
#3930 = ADVANCED_FACE ( 'NONE', ( #1394 ), #3102, .F. ) ;
#3931 = CARTESIAN_POINT ( 'NONE',  ( -24.75000000000000000, 7.999999999999998224, -38.38851452574947132 ) ) ;
#3932 = CARTESIAN_POINT ( 'NONE',  ( -5.000000000000006217, 0.000000000000000000, -21.50000000000000000 ) ) ;
#3933 = VECTOR ( 'NONE', #503, 1000.000000000000000 ) ;
#3934 = CARTESIAN_POINT ( 'NONE',  ( -18.00000000000000711, 39.31639237894030714, 18.49999999999999645 ) ) ;
#3935 = ADVANCED_FACE ( 'NONE', ( #2229 ), #4880, .T. ) ;
#3936 = DIRECTION ( 'NONE',  ( 0.000000000000000000, 0.000000000000000000, 1.000000000000000000 ) ) ;
#3937 = DIRECTION ( 'NONE',  ( 1.000000000000000000, -0.000000000000000000, -0.000000000000000000 ) ) ;
#3938 = VECTOR ( 'NONE', #293, 1000.000000000000000 ) ;
#3939 = FACE_OUTER_BOUND ( 'NONE', #2538, .T. ) ;
#3940 = DIRECTION ( 'NONE',  ( 1.000000000000000000, 0.000000000000000000, 0.000000000000000000 ) ) ;
#3941 = ORIENTED_EDGE ( 'NONE', *, *, #1106, .T. ) ;
#3942 = VERTEX_POINT ( 'NONE', #934 ) ;
#3943 = AXIS2_PLACEMENT_3D ( 'NONE', #5387, #1807, #4035 ) ;
#3944 = ADVANCED_FACE ( 'NONE', ( #3211 ), #2689, .T. ) ;
#3945 = CARTESIAN_POINT ( 'NONE',  ( -31.05395286684827383, 0.000000000000000000, 33.64095925806566356 ) ) ;
#3946 = CARTESIAN_POINT ( 'NONE',  ( 0.000000000000000000, -5.000000000000000000, 0.000000000000000000 ) ) ;
#3947 = VECTOR ( 'NONE', #2204, 1000.000000000000000 ) ;
#3948 = EDGE_CURVE ( 'NONE', #186, #2929, #4460, .T. ) ;
#3949 = ORIENTED_EDGE ( 'NONE', *, *, #1384, .F. ) ;
#3950 = ORIENTED_EDGE ( 'NONE', *, *, #572, .F. ) ;
#3951 = PERSON_AND_ORGANIZATION ( #1521, #4168 ) ;
#3952 = CIRCLE ( 'NONE', #3307, 2.999999999999999112 ) ;
#3953 = DIRECTION ( 'NONE',  ( 1.000000000000000000, 0.000000000000000000, 0.000000000000000000 ) ) ;
#3954 = VERTEX_POINT ( 'NONE', #5758 ) ;
#3955 = DIRECTION ( 'NONE',  ( 0.000000000000000000, 0.000000000000000000, 1.000000000000000000 ) ) ;
#3956 = ORIENTED_EDGE ( 'NONE', *, *, #4701, .T. ) ;
#3957 = ORIENTED_EDGE ( 'NONE', *, *, #1164, .F. ) ;
#3958 = CC_DESIGN_DATE_AND_TIME_ASSIGNMENT ( #2315, #4475, ( #3253 ) ) ;
#3959 = PLANE ( 'NONE',  #3098 ) ;
#3960 = EDGE_CURVE ( 'NONE', #2813, #2761, #1789, .T. ) ;
#3961 = DIRECTION ( 'NONE',  ( 0.000000000000000000, 0.000000000000000000, 1.000000000000000000 ) ) ;
#3962 = CARTESIAN_POINT ( 'NONE',  ( 4.999999999999993783, 46.00000000000000000, 19.50000000000000000 ) ) ;
#3963 = EDGE_CURVE ( 'NONE', #617, #5134, #3155, .T. ) ;
#3964 = LINE ( 'NONE', #339, #5634 ) ;
#3965 = CARTESIAN_POINT ( 'NONE',  ( -24.99999999999998934, 39.31639237894030714, -18.50000000000000000 ) ) ;
#3966 = CARTESIAN_POINT ( 'NONE',  ( 4.999999999999993783, -1.102182119232617911E-15, 21.49999999999999645 ) ) ;
#3967 = DIRECTION ( 'NONE',  ( 0.000000000000000000, -1.000000000000000000, 0.000000000000000000 ) ) ;
#3968 = ORIENTED_EDGE ( 'NONE', *, *, #3537, .F. ) ;
#3969 = VECTOR ( 'NONE', #4420, 1000.000000000000000 ) ;
#3970 = PLANE ( 'NONE',  #1137 ) ;
#3971 = CARTESIAN_POINT ( 'NONE',  ( 15.99999999999999645, -5.000000000000000000, 19.50000000000000000 ) ) ;
#3972 = EDGE_LOOP ( 'NONE', ( #2838, #4915, #938, #1108, #2501, #5351 ) ) ;
#3973 = AXIS2_PLACEMENT_3D ( 'NONE', #45, #2691, #3182 ) ;
#3974 = VERTEX_POINT ( 'NONE', #3988 ) ;
#3975 = DIRECTION ( 'NONE',  ( 1.000000000000000000, -0.000000000000000000, -0.000000000000000000 ) ) ;
#3976 = FACE_OUTER_BOUND ( 'NONE', #5055, .T. ) ;
#3977 = ORIENTED_EDGE ( 'NONE', *, *, #4688, .T. ) ;
#3978 = DIRECTION ( 'NONE',  ( 0.000000000000000000, 1.000000000000000000, -0.000000000000000000 ) ) ;
#3979 = ORIENTED_EDGE ( 'NONE', *, *, #5375, .T. ) ;
#3980 = VERTEX_POINT ( 'NONE', #514 ) ;
#3981 = CARTESIAN_POINT ( 'NONE',  ( -15.00000000000000711, 46.00000000000000000, 18.49999999999999645 ) ) ;
#3982 = PLANE ( 'NONE',  #5027 ) ;
#3983 = CARTESIAN_POINT ( 'NONE',  ( -45.00000000000000711, 3.000000000000000000, -30.53999999999999915 ) ) ;
#3984 = AXIS2_PLACEMENT_3D ( 'NONE', #325, #2128, #5246 ) ;
#3985 = FACE_OUTER_BOUND ( 'NONE', #3274, .T. ) ;
#3986 = PRODUCT_DEFINITION_FORMATION_WITH_SPECIFIED_SOURCE ( 'ANY', '', #1498, .NOT_KNOWN. ) ;
#3987 = CARTESIAN_POINT ( 'NONE',  ( -27.99999999999998934, 39.31639237894030714, 15.49999999999999645 ) ) ;
#3988 = CARTESIAN_POINT ( 'NONE',  ( -18.00000000000000711, 0.000000000000000000, 18.49999999999999645 ) ) ;
#3989 = ADVANCED_FACE ( 'NONE', ( #4437 ), #4411, .F. ) ;
#3990 = APPROVAL ( #4717, 'UNSPECIFIED' ) ;
#3991 = CARTESIAN_POINT ( 'NONE',  ( -28.00000000000000355, 18.00000000000000000, -43.38851452574947132 ) ) ;
#3992 = CARTESIAN_POINT ( 'NONE',  ( 39.99999999999998579, 6.000000000000001776, -25.10000000000000497 ) ) ;
#3993 = VECTOR ( 'NONE', #2983, 1000.000000000000000 ) ;
#3994 = ORIENTED_EDGE ( 'NONE', *, *, #1982, .F. ) ;
#3995 =( NAMED_UNIT ( * ) SI_UNIT ( $, .STERADIAN. ) SOLID_ANGLE_UNIT ( ) );
#3996 = AXIS2_PLACEMENT_3D ( 'NONE', #1365, #4921, #5395 ) ;
#3997 = AXIS2_PLACEMENT_3D ( 'NONE', #13, #1816, #1367 ) ;
#3998 = EDGE_CURVE ( 'NONE', #2385, #2822, #3529, .T. ) ;
#3999 = FACE_OUTER_BOUND ( 'NONE', #4943, .T. ) ;
#4000 = CARTESIAN_POINT ( 'NONE',  ( 45.00000000019101520, 0.000000000000000000, 30.30434737003840340 ) ) ;
#4001 = ORIENTED_EDGE ( 'NONE', *, *, #937, .T. ) ;
#4002 = VERTEX_POINT ( 'NONE', #2253 ) ;
#4003 = PERSON_AND_ORGANIZATION_ROLE ( 'creator' ) ;
#4004 = VECTOR ( 'NONE', #341, 1000.000000000000000 ) ;
#4005 = CARTESIAN_POINT ( 'NONE',  ( 0.000000000000000000, 41.00000000000000000, 0.000000000000000000 ) ) ;
#4006 = ORIENTED_EDGE ( 'NONE', *, *, #2072, .F. ) ;
#4007 = DIRECTION ( 'NONE',  ( 0.000000000000000000, -0.000000000000000000, 1.000000000000000000 ) ) ;
#4008 = ORIENTED_EDGE ( 'NONE', *, *, #643, .T. ) ;
#4009 = VERTEX_POINT ( 'NONE', #4014 ) ;
#4010 = CARTESIAN_POINT ( 'NONE',  ( -5.000000000000006217, 0.000000000000000000, -19.50000000000000000 ) ) ;
#4011 = DIRECTION ( 'NONE',  ( 0.000000000000000000, 0.000000000000000000, 1.000000000000000000 ) ) ;
#4012 = FACE_BOUND ( 'NONE', #3758, .T. ) ;
#4013 = LINE ( 'NONE', #1366, #114 ) ;
#4014 = CARTESIAN_POINT ( 'NONE',  ( -3.000000000000005773, 18.00000000000000000, -33.38851452574947132 ) ) ;
#4016 = FACE_OUTER_BOUND ( 'NONE', #5209, .T. ) ;
#4015 = PRODUCT_DEFINITION_SHAPE ( 'NONE', 'NONE',  #4955 ) ;
#4017 = DIRECTION ( 'NONE',  ( 1.000000000000000000, -0.000000000000000000, -0.000000000000000000 ) ) ;
#4018 = CIRCLE ( 'NONE', #4302, 3.000000000000002665 ) ;
#4019 = ORIENTED_EDGE ( 'NONE', *, *, #682, .T. ) ;
#4020 = AXIS2_PLACEMENT_3D ( 'NONE', #3729, #5518, #1531 ) ;
#4021 = LINE ( 'NONE', #3217, #468 ) ;
#4022 = CARTESIAN_POINT ( 'NONE',  ( -18.00000000000000711, 46.00000000000000000, 18.49999999999999645 ) ) ;
#4023 = ORIENTED_EDGE ( 'NONE', *, *, #2343, .T. ) ;
#4024 = VECTOR ( 'NONE', #1182, 1000.000000000000000 ) ;
#4025 = EDGE_LOOP ( 'NONE', ( #2105, #3880, #5166, #1097 ) ) ;
#4026 = EDGE_CURVE ( 'NONE', #704, #1441, #76, .T. ) ;
#4027 = APPROVAL_DATE_TIME ( #2265, #3849 ) ;
#4028 = CARTESIAN_POINT ( 'NONE',  ( 39.99999999999998579, 23.00000000000000000, -35.53999999999999204 ) ) ;
#4029 = VECTOR ( 'NONE', #3096, 1000.000000000000000 ) ;
#4030 = ORIENTED_EDGE ( 'NONE', *, *, #5367, .T. ) ;
#4031 = CARTESIAN_POINT ( 'NONE',  ( -27.99999999999998934, 39.31639237894030714, 18.49999999999999645 ) ) ;
#4032 = EDGE_LOOP ( 'NONE', ( #834, #562, #2712, #297 ) ) ;
#4033 = ORIENTED_EDGE ( 'NONE', *, *, #2940, .T. ) ;
#4034 = VECTOR ( 'NONE', #4401, 1000.000000000000000 ) ;
#4035 = DIRECTION ( 'NONE',  ( 0.000000000000000000, 0.000000000000000000, 1.000000000000000000 ) ) ;
#4036 = CARTESIAN_POINT ( 'NONE',  ( -50.00000000000000000, 0.000000000000000000, -30.53999999999999915 ) ) ;
#4037 = VECTOR ( 'NONE', #1609, 1000.000000000000000 ) ;
#4038 = DIRECTION ( 'NONE',  ( 0.000000000000000000, 0.000000000000000000, 1.000000000000000000 ) ) ;
#4039 = ORIENTED_EDGE ( 'NONE', *, *, #1826, .F. ) ;
#4040 = CARTESIAN_POINT ( 'NONE',  ( 40.00000000000000711, 23.00000000000000000, 30.54000000000000625 ) ) ;
#4041 = LINE ( 'NONE', #1788, #2837 ) ;
#4042 = DIRECTION ( 'NONE',  ( 0.000000000000000000, 1.000000000000000000, 0.000000000000000000 ) ) ;
#4043 = DIRECTION ( 'NONE',  ( 0.000000000000000000, 0.000000000000000000, 1.000000000000000000 ) ) ;
#4044 = CARTESIAN_POINT ( 'NONE',  ( 11.99999999999999645, 27.44861919775700443, -31.50000000000000000 ) ) ;
#4045 = ORIENTED_EDGE ( 'NONE', *, *, #2889, .F. ) ;
#4046 = FACE_BOUND ( 'NONE', #2808, .T. ) ;
#4047 = CARTESIAN_POINT ( 'NONE',  ( -15.00000000000000711, 46.00000000000000000, -18.50000000000000000 ) ) ;
#4048 = LINE ( 'NONE', #1848, #808 ) ;
#4049 = ORIENTED_EDGE ( 'NONE', *, *, #4376, .T. ) ;
#4050 = ORIENTED_EDGE ( 'NONE', *, *, #2675, .F. ) ;
#4051 = PERSON_AND_ORGANIZATION ( #1521, #4168 ) ;
#4052 = AXIS2_PLACEMENT_3D ( 'NONE', #1457, #4612, #1555 ) ;
#4053 = LINE ( 'NONE', #3195, #2546 ) ;
#4054 = EDGE_CURVE ( 'NONE', #3662, #2900, #845, .T. ) ;
#4055 = FACE_OUTER_BOUND ( 'NONE', #2858, .T. ) ;
#4056 = EDGE_LOOP ( 'NONE', ( #473, #2391, #259, #58 ) ) ;
#4057 = VERTEX_POINT ( 'NONE', #221 ) ;
#4058 = FACE_OUTER_BOUND ( 'NONE', #4032, .T. ) ;
#4059 = CARTESIAN_POINT ( 'NONE',  ( -1.387778780781445676E-14, 1.734723475976807094E-15, -25.09999999999999787 ) ) ;
#4060 = EDGE_CURVE ( 'NONE', #1831, #3610, #1018, .T. ) ;
#4061 = CARTESIAN_POINT ( 'NONE',  ( -45.00000000000000711, 3.000000000000000000, 30.54000000000000270 ) ) ;
#4062 = ORIENTED_EDGE ( 'NONE', *, *, #3408, .F. ) ;
#4063 = CARTESIAN_POINT ( 'NONE',  ( -28.00000000000000355, 18.00000000000000000, -33.38851452574947132 ) ) ;
#4064 = DIRECTION ( 'NONE',  ( 0.000000000000000000, 0.000000000000000000, 1.000000000000000000 ) ) ;
#4065 = DIRECTION ( 'NONE',  ( 0.000000000000000000, 0.000000000000000000, 1.000000000000000000 ) ) ;
#4066 = DIRECTION ( 'NONE',  ( 1.000000000000000000, 0.000000000000000000, 0.000000000000000000 ) ) ;
#4067 = CARTESIAN_POINT ( 'NONE',  ( -1.387778780781445676E-14, 1.734723475976807094E-15, 25.10000000000000497 ) ) ;
#4068 = EDGE_LOOP ( 'NONE', ( #2003, #1216, #5408, #4227 ) ) ;
#4069 = VECTOR ( 'NONE', #4328, 1000.000000000000000 ) ;
#4070 = CARTESIAN_POINT ( 'NONE',  ( 14.99999999999999645, -5.000000000000000000, -21.50000000000000000 ) ) ;
#4071 = DESIGN_CONTEXT ( 'detailed design', #4369, 'design' ) ;
#4072 = CARTESIAN_POINT ( 'NONE',  ( 0.000000000000000000, 3.000000000000000000, 35.53999999999999915 ) ) ;
#4073 = AXIS2_PLACEMENT_3D ( 'NONE', #2812, #5084, #1533 ) ;
#4074 = APPROVAL_PERSON_ORGANIZATION ( #4423, #1426, #4806 ) ;
#4075 = EDGE_LOOP ( 'NONE', ( #3229, #5217, #1459, #3214 ) ) ;
#4076 = ORIENTED_EDGE ( 'NONE', *, *, #4797, .F. ) ;
#4077 = AXIS2_PLACEMENT_3D ( 'NONE', #5104, #2368, #136 ) ;
#4078 = PERSON_AND_ORGANIZATION ( #1521, #4168 ) ;
#4079 = EDGE_CURVE ( 'NONE', #3257, #4724, #1080, .T. ) ;
#4080 = DIRECTION ( 'NONE',  ( 0.000000000000000000, 1.000000000000000000, 0.000000000000000000 ) ) ;
#4081 = DIRECTION ( 'NONE',  ( 1.000000000000000000, -0.000000000000000000, -2.440522616737206954E-17 ) ) ;
#4082 = ORIENTED_EDGE ( 'NONE', *, *, #5505, .T. ) ;
#4083 = CARTESIAN_POINT ( 'NONE',  ( 17.99999999999999289, 0.000000000000000000, 21.49999999999999645 ) ) ;
#4084 = AXIS2_PLACEMENT_3D ( 'NONE', #4323, #408, #3826 ) ;
#4085 = EDGE_LOOP ( 'NONE', ( #3994, #3316, #3145, #413 ) ) ;
#4086 = AXIS2_PLACEMENT_3D ( 'NONE', #573, #4218, #4098 ) ;
#4087 = ORIENTED_EDGE ( 'NONE', *, *, #5668, .T. ) ;
#4088 = FACE_OUTER_BOUND ( 'NONE', #2991, .T. ) ;
#4089 = EDGE_CURVE ( 'NONE', #5086, #2385, #5012, .T. ) ;
#4090 = EDGE_CURVE ( 'NONE', #3550, #3414, #2366, .T. ) ;
#4091 = LINE ( 'NONE', #3410, #950 ) ;
#4092 = VERTEX_POINT ( 'NONE', #2393 ) ;
#4093 = DIRECTION ( 'NONE',  ( -0.000000000000000000, -1.000000000000000000, -0.000000000000000000 ) ) ;
#4094 = ORIENTED_EDGE ( 'NONE', *, *, #1669, .T. ) ;
#4095 = EDGE_CURVE ( 'NONE', #2526, #528, #5454, .T. ) ;
#4096 = DIRECTION ( 'NONE',  ( -1.734723475976807094E-16, 1.000000000000000000, 0.000000000000000000 ) ) ;
#4097 = DIRECTION ( 'NONE',  ( 0.000000000000000000, -1.000000000000000000, 1.284980352575412699E-16 ) ) ;
#4098 = DIRECTION ( 'NONE',  ( 1.000000000000000000, -3.469446951953613006E-15, 0.000000000000000000 ) ) ;
#4099 = CARTESIAN_POINT ( 'NONE',  ( 49.99999999999998579, 3.000000000000000000, 0.000000000000000000 ) ) ;
#4100 = DIRECTION ( 'NONE',  ( -1.334402673828313339E-16, 1.000000000000000000, 0.000000000000000000 ) ) ;
#4101 = CARTESIAN_POINT ( 'NONE',  ( -31.05395286684827383, 3.000000000000000000, 40.64095925806566356 ) ) ;
#4102 = CIRCLE ( 'NONE', #2723, 2.999999999999999112 ) ;
#4103 = ORIENTED_EDGE ( 'NONE', *, *, #5462, .T. ) ;
#4104 = CYLINDRICAL_SURFACE ( 'NONE', #2572, 2.999999999999999112 ) ;
#4105 = LINE ( 'NONE', #1027, #1511 ) ;
#4106 = DIRECTION ( 'NONE',  ( 0.000000000000000000, 1.000000000000000000, 0.000000000000000000 ) ) ;
#4107 = VECTOR ( 'NONE', #5383, 1000.000000000000000 ) ;
#4108 = CARTESIAN_POINT ( 'NONE',  ( 17.99999999999999289, 46.00000000000000000, 18.49999999999999645 ) ) ;
#4109 = ORIENTED_EDGE ( 'NONE', *, *, #1291, .T. ) ;
#4110 = VERTEX_POINT ( 'NONE', #4186 ) ;
#4111 = LINE ( 'NONE', #4560, #2352 ) ;
#4112 = EDGE_CURVE ( 'NONE', #2901, #113, #2862, .T. ) ;
#4113 = CARTESIAN_POINT ( 'NONE',  ( -15.00000000000000711, 0.000000000000000000, -21.50000000000000000 ) ) ;
#4114 = ORIENTED_EDGE ( 'NONE', *, *, #572, .T. ) ;
#4115 = CIRCLE ( 'NONE', #2924, 2.399999999999999467 ) ;
#4116 = DIRECTION ( 'NONE',  ( 0.000000000000000000, 1.000000000000000000, -0.000000000000000000 ) ) ;
#4117 = ORIENTED_EDGE ( 'NONE', *, *, #1551, .T. ) ;
#4118 = VERTEX_POINT ( 'NONE', #3666 ) ;
#4119 = CARTESIAN_POINT ( 'NONE',  ( 704.9347618862306035, 905.8488736650090232, 1329.065712277301600 ) ) ;
#4120 = LINE ( 'NONE', #2355, #206 ) ;
#4121 = VECTOR ( 'NONE', #4666, 1000.000000000000000 ) ;
#4122 = CARTESIAN_POINT ( 'NONE',  ( -18.00000000000000711, 46.00000000000000000, 11.99996811776778749 ) ) ;
#4123 = VECTOR ( 'NONE', #4378, 1000.000000000000000 ) ;
#4124 = ORIENTED_EDGE ( 'NONE', *, *, #1902, .T. ) ;
#4125 = LINE ( 'NONE', #1046, #3390 ) ;
#4126 = AXIS2_PLACEMENT_3D ( 'NONE', #376, #3481, #4414 ) ;
#4127 = CC_DESIGN_PERSON_AND_ORGANIZATION_ASSIGNMENT ( #1063, #5184, ( #1861 ) ) ;
#4128 = ORIENTED_EDGE ( 'NONE', *, *, #2903, .T. ) ;
#4129 = DIRECTION ( 'NONE',  ( 0.000000000000000000, 0.000000000000000000, 1.000000000000000000 ) ) ;
#4130 = VECTOR ( 'NONE', #3169, 1000.000000000000000 ) ;
#4131 = PLANE ( 'NONE',  #3817 ) ;
#4132 = LINE ( 'NONE', #3726, #3170 ) ;
#4133 = FACE_OUTER_BOUND ( 'NONE', #3568, .T. ) ;
#4134 = EDGE_CURVE ( 'NONE', #3207, #3344, #1494, .T. ) ;
#4135 = EDGE_LOOP ( 'NONE', ( #2314, #2120, #2069, #475 ) ) ;
#4136 = DIRECTION ( 'NONE',  ( -1.000000000000000000, 2.891205793294678622E-15, 0.000000000000000000 ) ) ;
#4137 = CARTESIAN_POINT ( 'NONE',  ( -5.000000000000006217, 9.999999999999994671, 21.49999999999999645 ) ) ;
#4138 = FACE_OUTER_BOUND ( 'NONE', #291, .T. ) ;
#4139 = ORIENTED_EDGE ( 'NONE', *, *, #2968, .F. ) ;
#4140 = ORIENTED_EDGE ( 'NONE', *, *, #246, .T. ) ;
#4141 = PERSON_AND_ORGANIZATION_ROLE ( 'classification_officer' ) ;
#4142 = LINE ( 'NONE', #1149, #3559 ) ;
#4143 = LINE ( 'NONE', #1407, #5694 ) ;
#4144 = DIRECTION ( 'NONE',  ( -0.000000000000000000, 1.000000000000000000, -0.000000000000000000 ) ) ;
#4145 = EDGE_CURVE ( 'NONE', #1360, #2761, #5482, .T. ) ;
#4146 = ORIENTED_EDGE ( 'NONE', *, *, #501, .F. ) ;
#4147 = ORIENTED_EDGE ( 'NONE', *, *, #960, .F. ) ;
#4148 = DIRECTION ( 'NONE',  ( -1.000000000000000000, -0.000000000000000000, -0.000000000000000000 ) ) ;
#4149 = CARTESIAN_POINT ( 'NONE',  ( -9.500000000000005329, 18.00000000000000000, -33.38851452574947132 ) ) ;
#4150 = AXIS2_PLACEMENT_3D ( 'NONE', #319, #2119, #3014 ) ;
#4151 = EDGE_LOOP ( 'NONE', ( #657, #3425 ) ) ;
#4152 = DIRECTION ( 'NONE',  ( 0.000000000000000000, -1.000000000000000000, -0.000000000000000000 ) ) ;
#4153 = ORIENTED_EDGE ( 'NONE', *, *, #180, .T. ) ;
#4154 = CARTESIAN_POINT ( 'NONE',  ( 14.99999999999999645, 39.44861919775701153, -21.50000000000000000 ) ) ;
#4155 = EDGE_CURVE ( 'NONE', #1451, #2682, #4279, .T. ) ;
#4156 = CARTESIAN_POINT ( 'NONE',  ( -1.127570259384924611E-14, 3.000000000000000000, -35.53999999999999915 ) ) ;
#4157 = DIRECTION ( 'NONE',  ( 0.000000000000000000, 1.000000000000000000, 0.000000000000000000 ) ) ;
#4158 = LINE ( 'NONE', #1877, #5303 ) ;
#4159 = ORIENTED_EDGE ( 'NONE', *, *, #180, .F. ) ;
#4160 = CARTESIAN_POINT ( 'NONE',  ( -2.818925648462311528E-15, 0.000000000000000000, 40.64095925806566356 ) ) ;
#4161 = CC_DESIGN_PERSON_AND_ORGANIZATION_ASSIGNMENT ( #5559, #2942, ( #2364 ) ) ;
#4162 = CARTESIAN_POINT ( 'NONE',  ( -1.127570259384924611E-14, 23.00000000000000000, -35.53999999999999915 ) ) ;
#4163 = VERTEX_POINT ( 'NONE', #1580 ) ;
#4164 = EDGE_LOOP ( 'NONE', ( #3046, #4812, #4039, #3281 ) ) ;
#4165 = EDGE_CURVE ( 'NONE', #3867, #4838, #1050, .T. ) ;
#4166 = VECTOR ( 'NONE', #803, 1000.000000000000000 ) ;
#4167 = LINE ( 'NONE', #1033, #1522 ) ;
#4168 = ORGANIZATION ( 'UNSPECIFIED', 'UNSPECIFIED', '' ) ;
#4169 = DIRECTION ( 'NONE',  ( 0.000000000000000000, 0.000000000000000000, 1.000000000000000000 ) ) ;
#4170 = CARTESIAN_POINT ( 'NONE',  ( 2.999999999999998224, 0.000000000000000000, 35.53999999999999915 ) ) ;
#4171 = ORIENTED_EDGE ( 'NONE', *, *, #5783, .F. ) ;
#4172 = EDGE_LOOP ( 'NONE', ( #3780, #2237, #1843, #3513 ) ) ;
#4173 = APPROVAL_PERSON_ORGANIZATION ( #681, #2082, #3827 ) ;
#4174 = APPROVAL_DATE_TIME ( #2102, #3326 ) ;
#4175 = DIRECTION ( 'NONE',  ( 1.189754775659388502E-16, 0.000000000000000000, 1.000000000000000000 ) ) ;
#4176 = EDGE_CURVE ( 'NONE', #3360, #3122, #3719, .T. ) ;
#4177 = DIRECTION ( 'NONE',  ( 0.000000000000000000, 0.000000000000000000, 1.000000000000000000 ) ) ;
#4178 = AXIS2_PLACEMENT_3D ( 'NONE', #669, #5483, #454 ) ;
#4179 = VECTOR ( 'NONE', #1473, 1000.000000000000000 ) ;
#4180 = ORIENTED_EDGE ( 'NONE', *, *, #4155, .F. ) ;
#4181 = CARTESIAN_POINT ( 'NONE',  ( -18.00000000000000711, -8.000000000000000000, 3.000031882232204072 ) ) ;
#4182 = EDGE_LOOP ( 'NONE', ( #359, #4023, #3172, #976 ) ) ;
#4183 = EDGE_LOOP ( 'NONE', ( #3595, #4974, #696, #1937 ) ) ;
#4184 = FACE_OUTER_BOUND ( 'NONE', #4421, .T. ) ;
#4185 = CARTESIAN_POINT ( 'NONE',  ( -50.00000000000000000, 3.000000000000000000, 0.000000000000000000 ) ) ;
#4186 = CARTESIAN_POINT ( 'NONE',  ( 39.99999999999998579, 0.000000000000000000, -25.10000000000000142 ) ) ;
#4187 = EDGE_CURVE ( 'NONE', #2676, #3360, #3755, .T. ) ;
#4188 = DIRECTION ( 'NONE',  ( 0.000000000000000000, 1.000000000000000000, -0.000000000000000000 ) ) ;
#4189 = VERTEX_POINT ( 'NONE', #4543 ) ;
#4190 = VECTOR ( 'NONE', #5643, 1000.000000000000000 ) ;
#4191 = CARTESIAN_POINT ( 'NONE',  ( -1.734723475976807094E-15, 22.44861919775702219, -26.50000000000000000 ) ) ;
#4192 = DIRECTION ( 'NONE',  ( -1.000000000000000000, 0.000000000000000000, -0.000000000000000000 ) ) ;
#4193 = CARTESIAN_POINT ( 'NONE',  ( 14.99999999999999645, 27.44861919775700443, -31.50000000000000000 ) ) ;
#4194 = VECTOR ( 'NONE', #2035, 1000.000000000000000 ) ;
#4195 = CARTESIAN_POINT ( 'NONE',  ( -15.00000000000000711, 46.00000000000000000, 21.49999999999999645 ) ) ;
#4196 = ORIENTED_EDGE ( 'NONE', *, *, #1084, .F. ) ;
#4197 = ORIENTED_EDGE ( 'NONE', *, *, #5754, .T. ) ;
#4198 = CC_DESIGN_PERSON_AND_ORGANIZATION_ASSIGNMENT ( #2815, #4003, ( #2504 ) ) ;
#4199 = EDGE_CURVE ( 'NONE', #4751, #3058, #2833, .T. ) ;
#4200 = CALENDAR_DATE ( 2025, 23, 9 ) ;
#4201 = ADVANCED_FACE ( 'NONE', ( #1524 ), #100, .T. ) ;
#4202 = VECTOR ( 'NONE', #4177, 1000.000000000000000 ) ;
#4203 = PLANE ( 'NONE',  #4779 ) ;
#4204 = DIRECTION ( 'NONE',  ( -0.000000000000000000, 1.000000000000000000, -0.000000000000000000 ) ) ;
#4205 = CARTESIAN_POINT ( 'NONE',  ( 2.999999999999990674, 3.000000000000000000, 35.53999999999999915 ) ) ;
#4206 = ORIENTED_EDGE ( 'NONE', *, *, #480, .F. ) ;
#4207 = ORIENTED_EDGE ( 'NONE', *, *, #760, .F. ) ;
#4208 = EDGE_CURVE ( 'NONE', #4057, #407, #5545, .T. ) ;
#4209 = APPROVAL_DATE_TIME ( #5192, #1079 ) ;
#4210 = LINE ( 'NONE', #5593, #2193 ) ;
#4211 = CARTESIAN_POINT ( 'NONE',  ( -5.000000000000006217, 9.999999999999994671, -21.50000000000000000 ) ) ;
#4212 = CIRCLE ( 'NONE', #2358, 2.400000000000000799 ) ;
#4213 = ORIENTED_EDGE ( 'NONE', *, *, #1962, .T. ) ;
#4214 = CARTESIAN_POINT ( 'NONE',  ( 17.99999999999999289, 46.00000000000000000, -18.50000000000000000 ) ) ;
#4215 = SHAPE_REPRESENTATION ( 'Emergency_Case', ( #2332 ), #2623 ) ;
#4216 = EDGE_LOOP ( 'NONE', ( #798, #2291, #264, #47 ) ) ;
#4217 = CARTESIAN_POINT ( 'NONE',  ( -31.05394252513385922, 3.000000000000000000, -40.38851452574947132 ) ) ;
#4218 = DIRECTION ( 'NONE',  ( -0.000000000000000000, -0.000000000000000000, -1.000000000000000000 ) ) ;
#4219 = AXIS2_PLACEMENT_3D ( 'NONE', #4303, #2946, #303 ) ;
#4220 = LINE ( 'NONE', #2835, #1023 ) ;
#4221 = ADVANCED_BREP_SHAPE_REPRESENTATION ( '', ( #1208, #5079, #5058, #2332 ), #2623 ) ;
#4222 = ORIENTED_EDGE ( 'NONE', *, *, #1708, .T. ) ;
#4223 = CIRCLE ( 'NONE', #884, 1.999999999999998224 ) ;
#4224 = CARTESIAN_POINT ( 'NONE',  ( 4.999999999999993783, 9.999999999999994671, 19.50000000000000000 ) ) ;
#4225 = DIRECTION ( 'NONE',  ( 1.000000000000000000, 0.000000000000000000, 0.000000000000000000 ) ) ;
#4226 = VERTEX_POINT ( 'NONE', #158 ) ;
#4227 = ORIENTED_EDGE ( 'NONE', *, *, #3963, .F. ) ;
#4228 = DATE_TIME_ROLE ( 'classification_date' ) ;
#4229 = VECTOR ( 'NONE', #3449, 1000.000000000000000 ) ;
#4230 = DIRECTION ( 'NONE',  ( 0.000000000000000000, 0.000000000000000000, 1.000000000000000000 ) ) ;
#4231 = LINE ( 'NONE', #233, #4194 ) ;
#4232 = LINE ( 'NONE', #1628, #2975 ) ;
#4233 = LINE ( 'NONE', #1567, #970 ) ;
#4234 = ORIENTED_EDGE ( 'NONE', *, *, #3358, .T. ) ;
#4235 = ORIENTED_EDGE ( 'NONE', *, *, #4134, .T. ) ;
#4236 = CARTESIAN_POINT ( 'NONE',  ( -28.00000000000000355, 18.00000000000000000, -33.38851452574947132 ) ) ;
#4237 = EDGE_CURVE ( 'NONE', #2547, #3234, #1964, .T. ) ;
#4238 = APPROVAL_ROLE ( '' ) ;
#4239 = LINE ( 'NONE', #4598, #2557 ) ;
#4240 = FACE_OUTER_BOUND ( 'NONE', #1923, .T. ) ;
#4241 = ADVANCED_FACE ( 'NONE', ( #541 ), #4131, .F. ) ;
#4242 = EDGE_CURVE ( 'NONE', #3836, #94, #3302, .T. ) ;
#4243 = ORIENTED_EDGE ( 'NONE', *, *, #1113, .F. ) ;
#4244 = CARTESIAN_POINT ( 'NONE',  ( -35.05394252513385567, -16.99999999999999645, -33.38851452574947132 ) ) ;
#4245 = VERTEX_POINT ( 'NONE', #2604 ) ;
#4246 = DIRECTION ( 'NONE',  ( 0.000000000000000000, -1.000000000000000000, 0.000000000000000000 ) ) ;
#4247 = DIRECTION ( 'NONE',  ( 0.000000000000000000, 1.000000000000000000, 0.000000000000000000 ) ) ;
#4248 = EDGE_CURVE ( 'NONE', #5165, #4118, #4385, .T. ) ;
#4249 = LINE ( 'NONE', #3416, #3085 ) ;
#4250 = LINE ( 'NONE', #1908, #1304 ) ;
#4251 = AXIS2_PLACEMENT_3D ( 'NONE', #5014, #989, #3609 ) ;
#4252 = VERTEX_POINT ( 'NONE', #5200 ) ;
#4253 = DIRECTION ( 'NONE',  ( 0.000000000000000000, -1.000000000000000000, 1.284980352575412699E-16 ) ) ;
#4254 = DIRECTION ( 'NONE',  ( 0.000000000000000000, 0.000000000000000000, 1.000000000000000000 ) ) ;
#4255 = DIRECTION ( 'NONE',  ( 1.000000000000000000, -0.000000000000000000, 0.000000000000000000 ) ) ;
#4256 = CARTESIAN_POINT ( 'NONE',  ( 4.999999999999993783, 0.000000000000000000, -19.50000000000000000 ) ) ;
#4257 = DIRECTION ( 'NONE',  ( 0.000000000000000000, 0.000000000000000000, -1.000000000000000000 ) ) ;
#4258 = ORIENTED_EDGE ( 'NONE', *, *, #1275, .F. ) ;
#4259 = ORIENTED_EDGE ( 'NONE', *, *, #1146, .F. ) ;
#4260 = COORDINATED_UNIVERSAL_TIME_OFFSET ( 7, 0, .AHEAD. ) ;
#4261 = LINE ( 'NONE', #262, #1718 ) ;
#4262 = CARTESIAN_POINT ( 'NONE',  ( -12.00000000000000711, 9.999999999999998224, -19.50000000000000000 ) ) ;
#4263 = EDGE_LOOP ( 'NONE', ( #1716, #1083, #3979, #529 ) ) ;
#4264 = ORIENTED_EDGE ( 'NONE', *, *, #307, .F. ) ;
#4265 = AXIS2_PLACEMENT_3D ( 'NONE', #1150, #3738, #204 ) ;
#4266 = PERSON_AND_ORGANIZATION ( #1521, #4168 ) ;
#4267 = APPROVAL_PERSON_ORGANIZATION ( #3570, #3431, #4502 ) ;
#4268 = CARTESIAN_POINT ( 'NONE',  ( -21.50000000000000000, 18.00000000000000000, -33.38851452574947132 ) ) ;
#4269 = VERTEX_POINT ( 'NONE', #3813 ) ;
#4270 = CARTESIAN_POINT ( 'NONE',  ( -38.42605021233617890, 0.000000000000000000, -35.53999999999999915 ) ) ;
#4271 = AXIS2_PLACEMENT_3D ( 'NONE', #4617, #1560, #5491 ) ;
#4272 = EDGE_LOOP ( 'NONE', ( #3249, #1755 ) ) ;
#4273 = SECURITY_CLASSIFICATION ( '', '', #2902 ) ;
#4274 = ORIENTED_EDGE ( 'NONE', *, *, #5610, .F. ) ;
#4275 = CC_DESIGN_DATE_AND_TIME_ASSIGNMENT ( #2729, #1357, ( #2504 ) ) ;
#4276 = EDGE_CURVE ( 'NONE', #1703, #302, #5499, .T. ) ;
#4277 = AXIS2_PLACEMENT_3D ( 'NONE', #247, #132, #5044 ) ;
#4278 = DIRECTION ( 'NONE',  ( -0.000000000000000000, -0.000000000000000000, 1.000000000000000000 ) ) ;
#4279 = CIRCLE ( 'NONE', #2163, 4.000000000000000000 ) ;
#4280 = CARTESIAN_POINT ( 'NONE',  ( -5.000000000000006217, 0.000000000000000000, -21.50000000000000000 ) ) ;
#4281 = LINE ( 'NONE', #1253, #5167 ) ;
#4282 =( GEOMETRIC_REPRESENTATION_CONTEXT ( 3 ) GLOBAL_UNCERTAINTY_ASSIGNED_CONTEXT ( ( #830 ) ) GLOBAL_UNIT_ASSIGNED_CONTEXT ( ( #2959, #1202, #3427 ) ) REPRESENTATION_CONTEXT ( 'NONE', 'WORKASPACE' ) );
#4283 = ORIENTED_EDGE ( 'NONE', *, *, #1268, .T. ) ;
#4284 = EDGE_CURVE ( 'NONE', #4772, #3234, #4816, .T. ) ;
#4285 = FACE_OUTER_BOUND ( 'NONE', #3434, .T. ) ;
#4286 = CARTESIAN_POINT ( 'NONE',  ( 49.99999999999998579, 0.000000000000000000, 0.000000000000000000 ) ) ;
#4287 = CARTESIAN_POINT ( 'NONE',  ( 14.99999999999999289, -4.999999999999997335, -18.50000000000000000 ) ) ;
#4288 = DIRECTION ( 'NONE',  ( -1.000000000000000000, 0.000000000000000000, 0.000000000000000000 ) ) ;
#4289 = CARTESIAN_POINT ( 'NONE',  ( -16.00000000000000355, 0.000000000000000000, -19.50000000000000000 ) ) ;
#4290 = VECTOR ( 'NONE', #5697, 1000.000000000000000 ) ;
#4291 = VERTEX_POINT ( 'NONE', #249 ) ;
#4292 = ORIENTED_EDGE ( 'NONE', *, *, #2200, .F. ) ;
#4293 = DIRECTION ( 'NONE',  ( 1.000000000000000000, 0.000000000000000000, -9.762090466948830279E-17 ) ) ;
#4294 = CARTESIAN_POINT ( 'NONE',  ( 44.99999999999999289, 3.000000000000000000, -30.54000000000000625 ) ) ;
#4295 = CARTESIAN_POINT ( 'NONE',  ( -24.99999999999998934, 27.44861919775700443, -18.50000000000000000 ) ) ;
#4296 = VERTEX_POINT ( 'NONE', #336 ) ;
#4297 = ORIENTED_EDGE ( 'NONE', *, *, #3561, .T. ) ;
#4298 = COORDINATED_UNIVERSAL_TIME_OFFSET ( 7, 0, .AHEAD. ) ;
#4299 = CARTESIAN_POINT ( 'NONE',  ( 0.000000000000000000, 3.000000000000000000, 0.000000000000000000 ) ) ;
#4300 = DIRECTION ( 'NONE',  ( 0.000000000000000000, 0.000000000000000000, 1.000000000000000000 ) ) ;
#4301 = ORIENTED_EDGE ( 'NONE', *, *, #4525, .F. ) ;
#4302 = AXIS2_PLACEMENT_3D ( 'NONE', #4504, #2317, #2241 ) ;
#4303 = CARTESIAN_POINT ( 'NONE',  ( -15.00000000000000711, 13.00000000000000000, -21.50000000000000000 ) ) ;
#4304 = VERTEX_POINT ( 'NONE', #4339 ) ;
#4305 = ORIENTED_EDGE ( 'NONE', *, *, #5312, .F. ) ;
#4306 = VECTOR ( 'NONE', #4381, 1000.000000000000000 ) ;
#4307 = DIRECTION ( 'NONE',  ( -0.000000000000000000, -1.000000000000000000, -0.000000000000000000 ) ) ;
#4308 = CYLINDRICAL_SURFACE ( 'NONE', #1870, 2.999999999999999112 ) ;
#4309 = PLANE ( 'NONE',  #5162 ) ;
#4310 = AXIS2_PLACEMENT_3D ( 'NONE', #2763, #5, #88 ) ;
#4311 = ORIENTED_EDGE ( 'NONE', *, *, #4026, .F. ) ;
#4312 = VECTOR ( 'NONE', #4093, 1000.000000000000000 ) ;
#4313 = DIRECTION ( 'NONE',  ( 0.000000000000000000, 0.000000000000000000, -1.000000000000000000 ) ) ;
#4314 = CARTESIAN_POINT ( 'NONE',  ( 4.999999999999993783, 46.00000000000000000, -19.50000000000000000 ) ) ;
#4315 = DIRECTION ( 'NONE',  ( 0.000000000000000000, -1.000000000000000000, 0.000000000000000000 ) ) ;
#4316 = ADVANCED_FACE ( 'NONE', ( #727 ), #4372, .F. ) ;
#4317 = DIRECTION ( 'NONE',  ( -1.000000000000000000, -0.000000000000000000, -0.000000000000000000 ) ) ;
#4318 = AXIS2_PLACEMENT_3D ( 'NONE', #3039, #4818, #2087 ) ;
#4319 = FACE_OUTER_BOUND ( 'NONE', #3350, .T. ) ;
#4320 = ORIENTED_EDGE ( 'NONE', *, *, #3791, .F. ) ;
#4321 = VECTOR ( 'NONE', #392, 1000.000000000000000 ) ;
#4322 = ORIENTED_EDGE ( 'NONE', *, *, #3667, .T. ) ;
#4323 = CARTESIAN_POINT ( 'NONE',  ( 0.000000000000000000, 0.000000000000000000, 0.000000000000000000 ) ) ;
#4324 = APPROVAL_ROLE ( '' ) ;
#4325 = PLANE ( 'NONE',  #1723 ) ;
#4326 = AXIS2_PLACEMENT_3D ( 'NONE', #725, #248, #2048 ) ;
#4327 = EDGE_CURVE ( 'NONE', #1615, #2929, #4249, .T. ) ;
#4328 = DIRECTION ( 'NONE',  ( 0.000000000000000000, 0.000000000000000000, -1.000000000000000000 ) ) ;
#4329 = ORIENTED_EDGE ( 'NONE', *, *, #2918, .T. ) ;
#4330 = VERTEX_POINT ( 'NONE', #2081 ) ;
#4331 = DIRECTION ( 'NONE',  ( 0.000000000000000000, 0.000000000000000000, -1.000000000000000000 ) ) ;
#4332 = COORDINATED_UNIVERSAL_TIME_OFFSET ( 7, 0, .AHEAD. ) ;
#4333 = DIRECTION ( 'NONE',  ( -1.000000000000000000, 0.000000000000000000, 0.000000000000000000 ) ) ;
#4334 = CARTESIAN_POINT ( 'NONE',  ( 14.99999999999999467, 10.00000000000000178, -19.50000000000000000 ) ) ;
#4335 = ORIENTED_EDGE ( 'NONE', *, *, #4430, .F. ) ;
#4336 = FACE_OUTER_BOUND ( 'NONE', #5107, .T. ) ;
#4337 = ORIENTED_EDGE ( 'NONE', *, *, #3598, .T. ) ;
#4338 = VERTEX_POINT ( 'NONE', #5695 ) ;
#4339 = CARTESIAN_POINT ( 'NONE',  ( 17.99999999999999289, 27.44861919775700443, 18.49999999999999645 ) ) ;
#4340 = DIRECTION ( 'NONE',  ( -1.000000000000000000, 1.734723475976807686E-15, 0.000000000000000000 ) ) ;
#4341 = ADVANCED_FACE ( 'NONE', ( #2173 ), #3899, .T. ) ;
#4342 = DIRECTION ( 'NONE',  ( 0.000000000000000000, 1.000000000000000000, 0.000000000000000000 ) ) ;
#4343 = CARTESIAN_POINT ( 'NONE',  ( -2.119138198253267783E-15, 23.00000000000000000, -30.54000000000000270 ) ) ;
#4344 = CARTESIAN_POINT ( 'NONE',  ( -1.734723475976807094E-15, 22.44861919775702219, 26.50000000000000000 ) ) ;
#4345 = CARTESIAN_POINT ( 'NONE',  ( 14.99999999999999645, 27.44861919775700443, -31.50000000000000000 ) ) ;
#4346 = CARTESIAN_POINT ( 'NONE',  ( -33.00000000000000000, 19.00000000000000000, -3.000031882232207625 ) ) ;
#4347 = FACE_OUTER_BOUND ( 'NONE', #2571, .T. ) ;
#4348 = ORIENTED_EDGE ( 'NONE', *, *, #3225, .T. ) ;
#4349 = ORIENTED_EDGE ( 'NONE', *, *, #4789, .F. ) ;
#4350 = EDGE_CURVE ( 'NONE', #5517, #1481, #2142, .T. ) ;
#4351 =( NAMED_UNIT ( * ) SI_UNIT ( $, .STERADIAN. ) SOLID_ANGLE_UNIT ( ) );
#4352 = CC_DESIGN_DATE_AND_TIME_ASSIGNMENT ( #4628, #211, ( #1683 ) ) ;
#4353 = CARTESIAN_POINT ( 'NONE',  ( 0.000000000000000000, 0.000000000000000000, 0.000000000000000000 ) ) ;
#4354 = CARTESIAN_POINT ( 'NONE',  ( 15.99999999999999645, 41.00000000000000000, 19.50000000000000000 ) ) ;
#4355 = EDGE_LOOP ( 'NONE', ( #3492, #187, #3001, #3462, #273, #984, #1381, #4805, #83, #2340 ) ) ;
#4356 = ORIENTED_EDGE ( 'NONE', *, *, #5101, .F. ) ;
#4357 = CARTESIAN_POINT ( 'NONE',  ( -28.00000000000000000, 3.000000000000000000, -33.38851452574947132 ) ) ;
#4358 = EDGE_CURVE ( 'NONE', #2555, #3111, #1251, .T. ) ;
#4359 = PERSON_AND_ORGANIZATION ( #1521, #4168 ) ;
#4360 = DIRECTION ( 'NONE',  ( 0.000000000000000000, 0.000000000000000000, 1.000000000000000000 ) ) ;
#4361 = VECTOR ( 'NONE', #1677, 1000.000000000000000 ) ;
#4362 = DIRECTION ( 'NONE',  ( -1.000000000000000000, 0.000000000000000000, 0.000000000000000000 ) ) ;
#4363 = ORIENTED_EDGE ( 'NONE', *, *, #4248, .T. ) ;
#4364 = CARTESIAN_POINT ( 'NONE',  ( -25.94117647058823906, 19.00000000000000000, 3.000031882232204516 ) ) ;
#4365 = EDGE_LOOP ( 'NONE', ( #5125, #559, #1159, #5157, #1758, #1747 ) ) ;
#4366 = ORIENTED_EDGE ( 'NONE', *, *, #477, .F. ) ;
#4367 = AXIS2_PLACEMENT_3D ( 'NONE', #21, #4908, #2695 ) ;
#4368 = EDGE_CURVE ( 'NONE', #5253, #4909, #4727, .T. ) ;
#4369 = APPLICATION_CONTEXT ( 'configuration controlled 3d designs of mechanical parts and assemblies' ) ;
#4370 = CARTESIAN_POINT ( 'NONE',  ( 11.99999999999999467, 13.00000000000000000, -21.50000000000000000 ) ) ;
#4371 = VECTOR ( 'NONE', #166, 1000.000000000000000 ) ;
#4372 = PLANE ( 'NONE',  #3359 ) ;
#4373 = LOCAL_TIME ( 2, 41, 34.00000000000000000, #469 ) ;
#4374 = CARTESIAN_POINT ( 'NONE',  ( 14.99999999999999289, 0.000000000000000000, 18.49999999999999645 ) ) ;
#4375 = ADVANCED_FACE ( 'NONE', ( #3356 ), #5137, .F. ) ;
#4376 = EDGE_CURVE ( 'NONE', #2761, #5605, #4757, .T. ) ;
#4377 = VECTOR ( 'NONE', #3240, 1000.000000000000000 ) ;
#4378 = DIRECTION ( 'NONE',  ( 0.000000000000000000, 1.000000000000000000, 0.000000000000000000 ) ) ;
#4379 = AXIS2_PLACEMENT_3D ( 'NONE', #673, #2459, #3790 ) ;
#4380 = ADVANCED_FACE ( 'NONE', ( #2542 ), #4308, .T. ) ;
#4381 = DIRECTION ( 'NONE',  ( 0.000000000000000000, -1.000000000000000000, 0.000000000000000000 ) ) ;
#4382 = DIRECTION ( 'NONE',  ( -0.000000000000000000, -0.000000000000000000, -1.000000000000000000 ) ) ;
#4383 = AXIS2_PLACEMENT_3D ( 'NONE', #5616, #1623, #3400 ) ;
#4384 = DIRECTION ( 'NONE',  ( 1.000000000000000000, 0.000000000000000000, -0.000000000000000000 ) ) ;
#4385 = CIRCLE ( 'NONE', #368, 2.399999999999999467 ) ;
#4386 = LINE ( 'NONE', #1125, #1065 ) ;
#4387 = ORIENTED_EDGE ( 'NONE', *, *, #5362, .F. ) ;
#4388 = VERTEX_POINT ( 'NONE', #309 ) ;
#4389 = DIRECTION ( 'NONE',  ( 0.000000000000000000, 1.000000000000000000, 0.000000000000000000 ) ) ;
#4390 = CARTESIAN_POINT ( 'NONE',  ( -1.101972858207410933E-14, 3.000000000000000000, -35.53999999999999915 ) ) ;
#4391 = UNCERTAINTY_MEASURE_WITH_UNIT (LENGTH_MEASURE( 1.000000000000000082E-05 ), #2386, 'distance_accuracy_value', 'NONE');
#4392 = PLANE ( 'NONE',  #736 ) ;
#4393 = CC_DESIGN_PERSON_AND_ORGANIZATION_ASSIGNMENT ( #5251, #3028, ( #3528 ) ) ;
#4394 = ADVANCED_FACE ( 'NONE', ( #2920 ), #2111, .T. ) ;
#4395 = ORIENTED_EDGE ( 'NONE', *, *, #1022, .F. ) ;
#4396 = VERTEX_POINT ( 'NONE', #5601 ) ;
#4397 = EDGE_CURVE ( 'NONE', #3091, #5552, #3005, .T. ) ;
#4398 = DATE_AND_TIME ( #1271, #3710 ) ;
#4399 = CARTESIAN_POINT ( 'NONE',  ( -5.000000000000006217, 0.000000000000000000, -21.50000000000000000 ) ) ;
#4400 = EDGE_CURVE ( 'NONE', #3727, #3367, #784, .T. ) ;
#4401 = DIRECTION ( 'NONE',  ( 1.000000000000000000, 0.000000000000000000, 0.000000000000000000 ) ) ;
#4402 = ORIENTED_EDGE ( 'NONE', *, *, #2755, .T. ) ;
#4403 = VECTOR ( 'NONE', #5770, 1000.000000000000000 ) ;
#4404 = ORIENTED_EDGE ( 'NONE', *, *, #1056, .T. ) ;
#4405 = DIRECTION ( 'NONE',  ( -0.000000000000000000, 1.000000000000000000, -0.000000000000000000 ) ) ;
#4406 = VECTOR ( 'NONE', #1235, 1000.000000000000000 ) ;
#4407 = CARTESIAN_POINT ( 'NONE',  ( 14.99999999999999645, 0.000000000000000000, 21.49999999999999645 ) ) ;
#4408 = CYLINDRICAL_SURFACE ( 'NONE', #2004, 2.999999999999999112 ) ;
#4409 = VECTOR ( 'NONE', #5319, 1000.000000000000000 ) ;
#4410 = CARTESIAN_POINT ( 'NONE',  ( 27.99999999999998934, 39.31639237894030714, -15.50000000000000000 ) ) ;
#4411 = CYLINDRICAL_SURFACE ( 'NONE', #3454, 3.000000000000000888 ) ;
#4412 = AXIS2_PLACEMENT_3D ( 'NONE', #2374, #5550, #706 ) ;
#4413 = CARTESIAN_POINT ( 'NONE',  ( -18.00000000000000711, 19.00000000000000000, 3.000031882232204072 ) ) ;
#4414 = DIRECTION ( 'NONE',  ( 0.000000000000000000, 0.000000000000000000, -1.000000000000000000 ) ) ;
#4415 = ORIENTED_EDGE ( 'NONE', *, *, #3963, .T. ) ;
#4416 = VECTOR ( 'NONE', #2978, 1000.000000000000000 ) ;
#4417 = CARTESIAN_POINT ( 'NONE',  ( 45.00000000019101520, 0.000000000000000000, 28.30434737030371295 ) ) ;
#4418 = CARTESIAN_POINT ( 'NONE',  ( -12.00000000000000711, 13.00000000000000000, 21.49999999999999645 ) ) ;
#4419 = AXIS2_PLACEMENT_3D ( 'NONE', #5563, #1482, #93 ) ;
#4420 = DIRECTION ( 'NONE',  ( -0.000000000000000000, -0.000000000000000000, 1.000000000000000000 ) ) ;
#4421 = EDGE_LOOP ( 'NONE', ( #5672, #1201, #3519, #245 ) ) ;
#4422 = EDGE_LOOP ( 'NONE', ( #2496, #1746, #3025, #5016 ) ) ;
#4423 = PERSON_AND_ORGANIZATION ( #1521, #4168 ) ;
#4424 = CIRCLE ( 'NONE', #5541, 1.499999999999997780 ) ;
#4425 = CYLINDRICAL_SURFACE ( 'NONE', #2636, 2.400000000000000799 ) ;
#4426 = CARTESIAN_POINT ( 'NONE',  ( -18.00000000000000711, -5.000000000000000000, 21.49999999999999645 ) ) ;
#4427 = VERTEX_POINT ( 'NONE', #4563 ) ;
#4428 = ORIENTED_EDGE ( 'NONE', *, *, #3883, .F. ) ;
#4429 = EDGE_CURVE ( 'NONE', #735, #2322, #55, .T. ) ;
#4430 = EDGE_CURVE ( 'NONE', #4291, #4427, #3265, .T. ) ;
#4431 = CARTESIAN_POINT ( 'NONE',  ( -1.734723475976807094E-15, 39.44861919775701153, -26.50000000000000000 ) ) ;
#4432 = DIRECTION ( 'NONE',  ( 1.000000000000000000, 0.000000000000000000, 0.000000000000000000 ) ) ;
#4433 = DIRECTION ( 'NONE',  ( -0.000000000000000000, -1.000000000000000000, -0.000000000000000000 ) ) ;
#4434 = ADVANCED_FACE ( 'NONE', ( #3226 ), #3982, .F. ) ;
#4435 = CARTESIAN_POINT ( 'NONE',  ( -12.00000000000000711, 13.00000000000000000, -21.50000000000000000 ) ) ;
#4436 = DIRECTION ( 'NONE',  ( -0.000000000000000000, 1.000000000000000000, -0.000000000000000000 ) ) ;
#4437 = FACE_OUTER_BOUND ( 'NONE', #4656, .T. ) ;
#4438 = DIRECTION ( 'NONE',  ( 0.000000000000000000, 0.000000000000000000, -1.000000000000000000 ) ) ;
#4439 = CARTESIAN_POINT ( 'NONE',  ( 17.99999999999999289, -5.000000000000000000, 18.49999999999999289 ) ) ;
#4440 = ORIENTED_EDGE ( 'NONE', *, *, #5726, .F. ) ;
#4441 = LINE ( 'NONE', #5355, #5681 ) ;
#4442 = VERTEX_POINT ( 'NONE', #423 ) ;
#4443 = CIRCLE ( 'NONE', #2721, 2.999999999999999112 ) ;
#4444 = ORIENTED_EDGE ( 'NONE', *, *, #1084, .T. ) ;
#4445 = EDGE_CURVE ( 'NONE', #4687, #3704, #398, .T. ) ;
#4446 = AXIS2_PLACEMENT_3D ( 'NONE', #5105, #1492, #1107 ) ;
#4447 = DIRECTION ( 'NONE',  ( 0.000000000000000000, -0.000000000000000000, 1.000000000000000000 ) ) ;
#4448 = EDGE_CURVE ( 'NONE', #5552, #4838, #1024, .T. ) ;
#4449 = EDGE_LOOP ( 'NONE', ( #5210, #3488, #3832, #4395, #3381, #3863, #662, #471, #3470 ) ) ;
#4450 = DIRECTION ( 'NONE',  ( 0.000000000000000000, 0.000000000000000000, -1.000000000000000000 ) ) ;
#4451 = VERTEX_POINT ( 'NONE', #2225 ) ;
#4452 = ORIENTED_EDGE ( 'NONE', *, *, #997, .T. ) ;
#4453 = DIRECTION ( 'NONE',  ( 0.000000000000000000, 0.000000000000000000, 1.000000000000000000 ) ) ;
#4454 = CARTESIAN_POINT ( 'NONE',  ( -12.00000000000000711, 9.999999999999998224, -21.50000000000000000 ) ) ;
#4455 = EDGE_CURVE ( 'NONE', #561, #3371, #2784, .T. ) ;
#4456 = AXIS2_PLACEMENT_3D ( 'NONE', #4886, #5764, #831 ) ;
#4457 = CARTESIAN_POINT ( 'NONE',  ( -1.734723475976807094E-15, 39.44861919775701153, 26.50000000000000000 ) ) ;
#4458 = APPROVAL_PERSON_ORGANIZATION ( #3409, #3990, #4238 ) ;
#4459 = DIRECTION ( 'NONE',  ( 0.000000000000000000, 1.000000000000000000, -0.000000000000000000 ) ) ;
#4460 = LINE ( 'NONE', #1840, #1238 ) ;
#4461 = CARTESIAN_POINT ( 'NONE',  ( 39.99999999999999289, 3.000000000000000000, -35.53999999999999915 ) ) ;
#4462 = DIRECTION ( 'NONE',  ( 1.000000000000000000, 0.000000000000000000, -0.000000000000000000 ) ) ;
#4463 = EDGE_CURVE ( 'NONE', #4665, #2613, #846, .T. ) ;
#4464 = AXIS2_PLACEMENT_3D ( 'NONE', #4099, #3212, #4043 ) ;
#4465 = SECURITY_CLASSIFICATION ( '', '', #3402 ) ;
#4466 = ORIENTED_EDGE ( 'NONE', *, *, #4569, .F. ) ;
#4467 = CARTESIAN_POINT ( 'NONE',  ( 0.000000000000000000, 0.000000000000000000, 0.000000000000000000 ) ) ;
#4468 = CARTESIAN_POINT ( 'NONE',  ( -33.00000000000000000, -8.000000000000000000, -3.000031882232204072 ) ) ;
#4469 = CIRCLE ( 'NONE', #1782, 2.999999999999999112 ) ;
#4470 = AXIS2_PLACEMENT_3D ( 'NONE', #5414, #1922, #3961 ) ;
#4471 = FACE_OUTER_BOUND ( 'NONE', #5639, .T. ) ;
#4472 = CARTESIAN_POINT ( 'NONE',  ( 4.999999999999993783, -1.102182119232617911E-15, -21.50000000000000000 ) ) ;
#4473 = ORIENTED_EDGE ( 'NONE', *, *, #3675, .F. ) ;
#4474 = ORIENTED_EDGE ( 'NONE', *, *, #1273, .F. ) ;
#4475 = DATE_TIME_ROLE ( 'classification_date' ) ;
#4476 = LINE ( 'NONE', #53, #4107 ) ;
#4477 = DIRECTION ( 'NONE',  ( 0.000000000000000000, 0.000000000000000000, 1.000000000000000000 ) ) ;
#4478 = VERTEX_POINT ( 'NONE', #3620 ) ;
#4479 = VERTEX_POINT ( 'NONE', #3254 ) ;
#4480 = LINE ( 'NONE', #952, #1753 ) ;
#4481 = FACE_OUTER_BOUND ( 'NONE', #2702, .T. ) ;
#4482 = VECTOR ( 'NONE', #463, 1000.000000000000000 ) ;
#4483 = CYLINDRICAL_SURFACE ( 'NONE', #4791, 2.999999999999999112 ) ;
#4484 = ORIENTED_EDGE ( 'NONE', *, *, #4429, .F. ) ;
#4485 = AXIS2_PLACEMENT_3D ( 'NONE', #3778, #5161, #2966 ) ;
#4486 = DIRECTION ( 'NONE',  ( 0.000000000000000000, -1.000000000000000000, 0.000000000000000000 ) ) ;
#4487 = CARTESIAN_POINT ( 'NONE',  ( -3.000000000000002665, 3.000000000000000000, -43.38851452574947132 ) ) ;
#4488 = EDGE_CURVE ( 'NONE', #3139, #595, #2424, .T. ) ;
#4489 = DIRECTION ( 'NONE',  ( 6.938893903907224680E-17, 0.000000000000000000, 1.000000000000000000 ) ) ;
#4490 = DIRECTION ( 'NONE',  ( -1.000000000000000000, 0.000000000000000000, 0.000000000000000000 ) ) ;
#4491 = CARTESIAN_POINT ( 'NONE',  ( 14.99999999999998934, 46.00000000000000711, -19.50000000000000000 ) ) ;
#4492 = EDGE_CURVE ( 'NONE', #3388, #3925, #4143, .T. ) ;
#4493 = VECTOR ( 'NONE', #203, 1000.000000000000000 ) ;
#4494 = ORIENTED_EDGE ( 'NONE', *, *, #2846, .T. ) ;
#4495 = DIRECTION ( 'NONE',  ( -1.000000000000000000, 9.396418828207704437E-16, 0.000000000000000000 ) ) ;
#4496 = ADVANCED_FACE ( 'NONE', ( #3196 ), #2202, .F. ) ;
#4497 = DIRECTION ( 'NONE',  ( 0.000000000000000000, 0.000000000000000000, -1.000000000000000000 ) ) ;
#4498 = CARTESIAN_POINT ( 'NONE',  ( -18.00000000000000711, -8.000000000000000000, -18.50000000000000000 ) ) ;
#4499 = ORIENTED_EDGE ( 'NONE', *, *, #4242, .T. ) ;
#4500 = VECTOR ( 'NONE', #2533, 1000.000000000000000 ) ;
#4501 = VERTEX_POINT ( 'NONE', #5029 ) ;
#4502 = APPROVAL_ROLE ( '' ) ;
#4503 = ADVANCED_FACE ( 'NONE', ( #2633 ), #1280, .F. ) ;
#4504 = CARTESIAN_POINT ( 'NONE',  ( -3.000000000000000444, 3.000000000000000000, 40.64095925806566356 ) ) ;
#4505 = AXIS2_PLACEMENT_3D ( 'NONE', #3814, #337, #1707 ) ;
#4506 = FACE_OUTER_BOUND ( 'NONE', #664, .T. ) ;
#4507 = ORIENTED_EDGE ( 'NONE', *, *, #1336, .F. ) ;
#4508 = EDGE_LOOP ( 'NONE', ( #3230, #4999 ) ) ;
#4509 = AXIS2_PLACEMENT_3D ( 'NONE', #2537, #2169, #2137 ) ;
#4510 = CARTESIAN_POINT ( 'NONE',  ( 3.253807344920896405, 65.93505540672882148, 56.58717528740064751 ) ) ;
#4511 = PLANE ( 'NONE',  #5712 ) ;
#4512 = DIRECTION ( 'NONE',  ( 0.000000000000000000, -1.000000000000000000, 0.000000000000000000 ) ) ;
#4513 = ORIENTED_EDGE ( 'NONE', *, *, #1767, .F. ) ;
#4514 = VECTOR ( 'NONE', #4760, 1000.000000000000000 ) ;
#4515 = LINE ( 'NONE', #539, #650 ) ;
#4516 = CARTESIAN_POINT ( 'NONE',  ( -8.000000000000007105, 12.99999999999999822, -19.50000000000000000 ) ) ;
#4517 = CARTESIAN_POINT ( 'NONE',  ( -1.387778780781445676E-14, 1.734723475976807094E-15, -25.09999999999999787 ) ) ;
#4518 = CARTESIAN_POINT ( 'NONE',  ( 44.99999999999999289, 3.000000000000000000, 30.54000000000000270 ) ) ;
#4519 = CYLINDRICAL_SURFACE ( 'NONE', #4532, 3.000000000000002665 ) ;
#4520 = ORIENTED_EDGE ( 'NONE', *, *, #2440, .F. ) ;
#4521 = EDGE_CURVE ( 'NONE', #2879, #1441, #1309, .T. ) ;
#4522 = CARTESIAN_POINT ( 'NONE',  ( 0.000000000000000000, 0.000000000000000000, 0.000000000000000000 ) ) ;
#4523 = DIRECTION ( 'NONE',  ( -0.000000000000000000, 0.000000000000000000, -1.000000000000000000 ) ) ;
#4524 = EDGE_LOOP ( 'NONE', ( #3268, #5653, #2247, #2986, #5402 ) ) ;
#4525 = EDGE_CURVE ( 'NONE', #4667, #193, #535, .T. ) ;
#4526 = ORIENTED_EDGE ( 'NONE', *, *, #1220, .T. ) ;
#4527 = ADVANCED_FACE ( 'NONE', ( #3062 ), #1888, .T. ) ;
#4528 = APPROVAL_STATUS ( 'not_yet_approved' ) ;
#4529 = CARTESIAN_POINT ( 'NONE',  ( -3.000000000000002665, 18.00000000000000000, -43.38851452574947132 ) ) ;
#4530 = DIRECTION ( 'NONE',  ( -0.000000000000000000, -0.000000000000000000, 1.000000000000000000 ) ) ;
#4531 = ORIENTED_EDGE ( 'NONE', *, *, #1577, .F. ) ;
#4532 = AXIS2_PLACEMENT_3D ( 'NONE', #1020, #1429, #5786 ) ;
#4533 = PLANE ( 'NONE',  #3578 ) ;
#4534 = VERTEX_POINT ( 'NONE', #3499 ) ;
#4535 = ORIENTED_EDGE ( 'NONE', *, *, #3050, .F. ) ;
#4536 = ADVANCED_FACE ( 'NONE', ( #5287 ), #5752, .F. ) ;
#4537 = CARTESIAN_POINT ( 'NONE',  ( -33.00000000000000000, -8.000000000000000000, 3.000031882232204072 ) ) ;
#4538 = ORIENTED_EDGE ( 'NONE', *, *, #353, .T. ) ;
#4539 = LINE ( 'NONE', #1931, #1629 ) ;
#4540 = EDGE_LOOP ( 'NONE', ( #1219, #3630 ) ) ;
#4541 = CARTESIAN_POINT ( 'NONE',  ( 36.99999999999998579, 23.00000000000000000, -25.10000000000000142 ) ) ;
#4542 = CARTESIAN_POINT ( 'NONE',  ( -8.000000000000007105, 9.999999999999998224, -21.50000000000000000 ) ) ;
#4543 = CARTESIAN_POINT ( 'NONE',  ( -5.000000000000006217, 9.999999999999994671, 19.50000000000000000 ) ) ;
#4544 = CARTESIAN_POINT ( 'NONE',  ( -45.00000000000000711, -7.000000000000000000, 29.04000000000000270 ) ) ;
#4545 = CARTESIAN_POINT ( 'NONE',  ( 24.99999999999998934, 39.31639237894030714, -15.50000000000000000 ) ) ;
#4546 = ORIENTED_EDGE ( 'NONE', *, *, #4856, .T. ) ;
#4547 = VECTOR ( 'NONE', #2990, 1000.000000000000000 ) ;
#4548 = AXIS2_PLACEMENT_3D ( 'NONE', #544, #16, #1369 ) ;
#4549 = EDGE_CURVE ( 'NONE', #321, #4252, #2049, .T. ) ;
#4550 = CARTESIAN_POINT ( 'NONE',  ( -45.00000000000000711, 0.000000000000000000, -30.53999999999999559 ) ) ;
#4551 = DIRECTION ( 'NONE',  ( 0.000000000000000000, 1.000000000000000000, -0.000000000000000000 ) ) ;
#4552 = CARTESIAN_POINT ( 'NONE',  ( -18.00000000000000711, 46.00000000000000000, -18.50000000000000000 ) ) ;
#4553 = CIRCLE ( 'NONE', #1585, 3.000000000000000000 ) ;
#4554 = ORGANIZATION ( 'NAUO-ORG2', 'UNSPECIFIED', 'UNSPECIFIED' ) ;
#4555 = ORIENTED_EDGE ( 'NONE', *, *, #2895, .F. ) ;
#4556 = ORIENTED_EDGE ( 'NONE', *, *, #4549, .T. ) ;
#4557 = CIRCLE ( 'NONE', #3618, 3.000000000000002665 ) ;
#4558 = SECURITY_CLASSIFICATION_LEVEL ( 'unclassified' ) ;
#4559 = VECTOR ( 'NONE', #3385, 1000.000000000000000 ) ;
#4560 = CARTESIAN_POINT ( 'NONE',  ( 17.99999999999999289, 46.00000000000000000, 18.49999999999999645 ) ) ;
#4561 = CIRCLE ( 'NONE', #5230, 2.999999999999999112 ) ;
#4562 = CC_DESIGN_PERSON_AND_ORGANIZATION_ASSIGNMENT ( #1213, #5219, ( #2697 ) ) ;
#4563 = CARTESIAN_POINT ( 'NONE',  ( 39.99999999999998579, 23.00000000000000000, -30.54000000000000625 ) ) ;
#4564 = VERTEX_POINT ( 'NONE', #1540 ) ;
#4565 = DIRECTION ( 'NONE',  ( -1.000000000000000000, 0.000000000000000000, 0.000000000000000000 ) ) ;
#4566 = ORIENTED_EDGE ( 'NONE', *, *, #591, .T. ) ;
#4567 = ORIENTED_EDGE ( 'NONE', *, *, #703, .F. ) ;
#4568 = PLANE ( 'NONE',  #5147 ) ;
#4569 = EDGE_CURVE ( 'NONE', #5750, #1731, #3898, .T. ) ;
#4570 = VERTEX_POINT ( 'NONE', #5187 ) ;
#4571 = CARTESIAN_POINT ( 'NONE',  ( -33.00000000000000000, -8.000000000000000000, 3.000031882232204072 ) ) ;
#4572 = EDGE_LOOP ( 'NONE', ( #5705, #569, #1403, #2276 ) ) ;
#4573 = EDGE_CURVE ( 'NONE', #4702, #4479, #4744, .T. ) ;
#4574 = VECTOR ( 'NONE', #3276, 1000.000000000000000 ) ;
#4575 = CARTESIAN_POINT ( 'NONE',  ( 11.99999999999999467, 9.999999999999998224, 21.49999999999999645 ) ) ;
#4576 = CARTESIAN_POINT ( 'NONE',  ( -21.50000000000000000, 18.00000000000000000, -18.38851452574947487 ) ) ;
#4577 = DIRECTION ( 'NONE',  ( -0.2821663239915501165, -0.9593655015712705403, 0.000000000000000000 ) ) ;
#4578 = DIRECTION ( 'NONE',  ( -1.000000000000000000, 0.000000000000000000, 0.000000000000000000 ) ) ;
#4579 = AXIS2_PLACEMENT_3D ( 'NONE', #898, #422, #4453 ) ;
#4580 = ORIENTED_EDGE ( 'NONE', *, *, #5558, .F. ) ;
#4581 = CARTESIAN_POINT ( 'NONE',  ( 11.99999999999999645, 0.000000000000000000, -28.50000000000000000 ) ) ;
#4582 = FACE_BOUND ( 'NONE', #5358, .T. ) ;
#4583 = ADVANCED_FACE ( 'NONE', ( #3370 ), #2851, .T. ) ;
#4584 = FACE_OUTER_BOUND ( 'NONE', #1658, .T. ) ;
#4585 = VECTOR ( 'NONE', #1377, 1000.000000000000000 ) ;
#4586 = LINE ( 'NONE', #4195, #4927 ) ;
#4587 = ORIENTED_EDGE ( 'NONE', *, *, #2574, .T. ) ;
#4588 = VERTEX_POINT ( 'NONE', #2500 ) ;
#4589 = CIRCLE ( 'NONE', #1420, 4.000000000000000000 ) ;
#4590 = DATE_TIME_ROLE ( 'creation_date' ) ;
#4591 = CARTESIAN_POINT ( 'NONE',  ( -1.734723475976807094E-15, 39.44861919775701153, 26.50000000000000000 ) ) ;
#4592 = CARTESIAN_POINT ( 'NONE',  ( 39.99999999999998579, 18.00000000000000000, -30.54000000000000625 ) ) ;
#4593 = VECTOR ( 'NONE', #913, 1000.000000000000000 ) ;
#4594 = DIRECTION ( 'NONE',  ( 0.000000000000000000, 0.000000000000000000, -1.000000000000000000 ) ) ;
#4595 = ORIENTED_EDGE ( 'NONE', *, *, #1962, .F. ) ;
#4596 = ORIENTED_EDGE ( 'NONE', *, *, #948, .T. ) ;
#4597 = ADVANCED_FACE ( 'NONE', ( #655 ), #2008, .F. ) ;
#4598 = CARTESIAN_POINT ( 'NONE',  ( -2.818925648462311528E-15, -1.814336347349173505E-31, 40.64095925806566356 ) ) ;
#4599 = VECTOR ( 'NONE', #1011, 1000.000000000000000 ) ;
#4600 = CARTESIAN_POINT ( 'NONE',  ( 0.000000000000000000, 46.00000000000000000, 0.000000000000000000 ) ) ;
#4601 = VECTOR ( 'NONE', #1839, 1000.000000000000000 ) ;
#4602 = ORIENTED_EDGE ( 'NONE', *, *, #2299, .T. ) ;
#4603 = DIRECTION ( 'NONE',  ( 0.000000000000000000, -0.000000000000000000, 1.000000000000000000 ) ) ;
#4604 = AXIS2_PLACEMENT_3D ( 'NONE', #2483, #4811, #5164 ) ;
#4605 = ORIENTED_EDGE ( 'NONE', *, *, #477, .T. ) ;
#4606 = EDGE_CURVE ( 'NONE', #302, #1703, #3346, .T. ) ;
#4607 = EDGE_CURVE ( 'NONE', #4863, #2587, #176, .T. ) ;
#4608 = CARTESIAN_POINT ( 'NONE',  ( -31.05395286684827383, 0.000000000000000000, 43.64095925806566356 ) ) ;
#4609 = AXIS2_PLACEMENT_3D ( 'NONE', #4550, #547, #2341 ) ;
#4610 = DIRECTION ( 'NONE',  ( 0.000000000000000000, 0.000000000000000000, 1.000000000000000000 ) ) ;
#4611 = DIRECTION ( 'NONE',  ( -0.2821663239915501165, -0.9593655015712705403, 1.223701365895549507E-16 ) ) ;
#4612 = DIRECTION ( 'NONE',  ( 0.000000000000000000, 0.000000000000000000, 1.000000000000000000 ) ) ;
#4613 = ORIENTED_EDGE ( 'NONE', *, *, #3667, .F. ) ;
#4614 = EDGE_CURVE ( 'NONE', #1168, #2481, #5154, .T. ) ;
#4615 = DIRECTION ( 'NONE',  ( 1.000000000000000000, -0.000000000000000000, -9.762090466948830279E-17 ) ) ;
#4616 = CARTESIAN_POINT ( 'NONE',  ( 0.000000000000000000, 18.00000000000000000, 30.54000000000000270 ) ) ;
#4617 = CARTESIAN_POINT ( 'NONE',  ( 0.000000000000000000, 23.00000000000000000, 0.000000000000000000 ) ) ;
#4618 = ORIENTED_EDGE ( 'NONE', *, *, #1826, .T. ) ;
#4619 = ORIENTED_EDGE ( 'NONE', *, *, #1762, .T. ) ;
#4620 = APPROVAL_STATUS ( 'not_yet_approved' ) ;
#4621 = DIRECTION ( 'NONE',  ( 0.000000000000000000, 0.000000000000000000, -1.000000000000000000 ) ) ;
#4622 = DIRECTION ( 'NONE',  ( 0.000000000000000000, 0.000000000000000000, -1.000000000000000000 ) ) ;
#4623 = CARTESIAN_POINT ( 'NONE',  ( 14.99999999999999645, 39.44861919775701153, 21.50000000000000000 ) ) ;
#4624 = ADVANCED_FACE ( 'NONE', ( #3405 ), #3314, .T. ) ;
#4625 = ORIENTED_EDGE ( 'NONE', *, *, #5082, .F. ) ;
#4626 = ORIENTED_EDGE ( 'NONE', *, *, #1322, .F. ) ;
#4627 = ADVANCED_FACE ( 'NONE', ( #2905 ), #4712, .T. ) ;
#4628 = DATE_AND_TIME ( #299, #837 ) ;
#4629 = LINE ( 'NONE', #2823, #14 ) ;
#4630 = FACE_OUTER_BOUND ( 'NONE', #1684, .T. ) ;
#4631 = VECTOR ( 'NONE', #1318, 1000.000000000000000 ) ;
#4632 = EDGE_LOOP ( 'NONE', ( #3831, #5557, #4894, #1232 ) ) ;
#4633 = PLANE ( 'NONE',  #3756 ) ;
#4634 = VERTEX_POINT ( 'NONE', #684 ) ;
#4635 = LINE ( 'NONE', #220, #840 ) ;
#4636 = EDGE_CURVE ( 'NONE', #4291, #5253, #148, .T. ) ;
#4637 = DIRECTION ( 'NONE',  ( 0.000000000000000000, 0.000000000000000000, 1.000000000000000000 ) ) ;
#4638 = CC_DESIGN_DATE_AND_TIME_ASSIGNMENT ( #3767, #4228, ( #5311 ) ) ;
#4639 = CARTESIAN_POINT ( 'NONE',  ( -6.250000000000002665, 7.999999999999998224, -35.98851452574947984 ) ) ;
#4640 = CARTESIAN_POINT ( 'NONE',  ( 14.99999999999999289, -8.000000000000000000, 18.49999999999999645 ) ) ;
#4641 = EDGE_CURVE ( 'NONE', #5746, #2587, #4839, .T. ) ;
#4642 = ORIENTED_EDGE ( 'NONE', *, *, #2787, .T. ) ;
#4643 = CARTESIAN_POINT ( 'NONE',  ( -45.00000000000000711, -7.000000000000000000, 30.54000000000000270 ) ) ;
#4644 = CARTESIAN_POINT ( 'NONE',  ( 27.99999999999998934, 39.31639237894030714, 18.49999999999999645 ) ) ;
#4645 = EDGE_CURVE ( 'NONE', #4092, #5451, #4232, .T. ) ;
#4646 = LINE ( 'NONE', #1971, #4750 ) ;
#4647 = EDGE_LOOP ( 'NONE', ( #2733, #5247, #630, #943, #4748, #4766 ) ) ;
#4648 = VERTEX_POINT ( 'NONE', #3285 ) ;
#4649 = APPROVAL_STATUS ( 'not_yet_approved' ) ;
#4650 = VECTOR ( 'NONE', #2288, 1000.000000000000000 ) ;
#4651 = CARTESIAN_POINT ( 'NONE',  ( 45.00000000019101520, 0.000000000000000000, 32.30434736977309740 ) ) ;
#4652 = CC_DESIGN_SECURITY_CLASSIFICATION ( #1683, ( #3986 ) ) ;
#4653 = CARTESIAN_POINT ( 'NONE',  ( -24.75000000000000000, 18.00000000000000000, -38.38851452574947132 ) ) ;
#4654 = PLANE ( 'NONE',  #498 ) ;
#4655 = ORIENTED_EDGE ( 'NONE', *, *, #3318, .T. ) ;
#4656 = EDGE_LOOP ( 'NONE', ( #2136, #1536, #2648, #910 ) ) ;
#4657 = VECTOR ( 'NONE', #2376, 1000.000000000000000 ) ;
#4658 = APPROVAL_PERSON_ORGANIZATION ( #2126, #752, #4324 ) ;
#4659 = DATE_AND_TIME ( #239, #357 ) ;
#4660 = LINE ( 'NONE', #212, #4788 ) ;
#4661 = CARTESIAN_POINT ( 'NONE',  ( -1.440808244181442384E-15, 27.44861919775700443, -28.89999999999999858 ) ) ;
#4662 = EDGE_CURVE ( 'NONE', #4252, #321, #5775, .T. ) ;
#4663 = CIRCLE ( 'NONE', #2244, 3.000000000000000888 ) ;
#4664 = VECTOR ( 'NONE', #2770, 1000.000000000000000 ) ;
#4665 = VERTEX_POINT ( 'NONE', #2036 ) ;
#4666 = DIRECTION ( 'NONE',  ( -0.000000000000000000, -0.000000000000000000, -1.000000000000000000 ) ) ;
#4667 = VERTEX_POINT ( 'NONE', #1066 ) ;
#4668 = CARTESIAN_POINT ( 'NONE',  ( 24.99999999999998934, 27.44861919775700443, -18.50000000000000000 ) ) ;
#4669 = DIRECTION ( 'NONE',  ( -0.000000000000000000, 1.000000000000000000, -0.000000000000000000 ) ) ;
#4670 = CARTESIAN_POINT ( 'NONE',  ( 14.99999999999999467, 13.00000000000000000, -21.50000000000000000 ) ) ;
#4671 = ORIENTED_EDGE ( 'NONE', *, *, #3760, .T. ) ;
#4672 = DIRECTION ( 'NONE',  ( 0.000000000000000000, 0.000000000000000000, -1.000000000000000000 ) ) ;
#4673 = EDGE_CURVE ( 'NONE', #2346, #2853, #3065, .T. ) ;
#4674 = CARTESIAN_POINT ( 'NONE',  ( 44.99999999999999289, 0.000000000000000000, 35.53999999999999915 ) ) ;
#4675 = LINE ( 'NONE', #1059, #5777 ) ;
#4676 = ORIENTED_EDGE ( 'NONE', *, *, #3345, .T. ) ;
#4677 = ORIENTED_EDGE ( 'NONE', *, *, #1601, .T. ) ;
#4678 = ORIENTED_EDGE ( 'NONE', *, *, #1418, .F. ) ;
#4679 = ADVANCED_FACE ( 'NONE', ( #3711, #4741, #741 ), #5501, .T. ) ;
#4680 = SECURITY_CLASSIFICATION_LEVEL ( 'unclassified' ) ;
#4681 = CIRCLE ( 'NONE', #2180, 2.999999999999999112 ) ;
#4682 = DIRECTION ( 'NONE',  ( 0.000000000000000000, 0.000000000000000000, 1.000000000000000000 ) ) ;
#4683 = CARTESIAN_POINT ( 'NONE',  ( 11.99999999999999467, 9.999999999999998224, 19.50000000000000000 ) ) ;
#4684 = CARTESIAN_POINT ( 'NONE',  ( 7.999999999999992895, 12.99999999999999822, 21.49999999999999645 ) ) ;
#4685 = ORIENTED_EDGE ( 'NONE', *, *, #3136, .T. ) ;
#4686 = CIRCLE ( 'NONE', #2917, 1.999999999999998224 ) ;
#4687 = VERTEX_POINT ( 'NONE', #411 ) ;
#4688 = EDGE_CURVE ( 'NONE', #5194, #3296, #294, .T. ) ;
#4689 = CARTESIAN_POINT ( 'NONE',  ( -45.00000000000000711, 0.000000000000000000, 35.53999999999999915 ) ) ;
#4690 = DIRECTION ( 'NONE',  ( 0.000000000000000000, -1.000000000000000000, 0.000000000000000000 ) ) ;
#4691 = VECTOR ( 'NONE', #3478, 1000.000000000000000 ) ;
#4692 = EDGE_LOOP ( 'NONE', ( #1485, #978, #2958, #1145 ) ) ;
#4693 = CARTESIAN_POINT ( 'NONE',  ( -15.00000000000000711, 0.000000000000000000, 18.49999999999999645 ) ) ;
#4694 = EDGE_LOOP ( 'NONE', ( #1297, #3121, #331, #1193 ) ) ;
#4695 = AXIS2_PLACEMENT_3D ( 'NONE', #153, #2442, #3804 ) ;
#4696 = EDGE_CURVE ( 'NONE', #1237, #3810, #3108, .T. ) ;
#4697 = DIRECTION ( 'NONE',  ( 0.000000000000000000, 0.000000000000000000, 1.000000000000000000 ) ) ;
#4698 = CARTESIAN_POINT ( 'NONE',  ( -28.05395286684827383, 0.000000000000000000, 40.64095925806566356 ) ) ;
#4699 = CIRCLE ( 'NONE', #1249, 2.999999999999999112 ) ;
#4700 = DIRECTION ( 'NONE',  ( -0.000000000000000000, -0.000000000000000000, -1.000000000000000000 ) ) ;
#4701 = EDGE_CURVE ( 'NONE', #3469, #236, #3486, .T. ) ;
#4702 = VERTEX_POINT ( 'NONE', #5709 ) ;
#4703 = VECTOR ( 'NONE', #3144, 1000.000000000000000 ) ;
#4704 = DIRECTION ( 'NONE',  ( -1.000000000000000000, 0.000000000000000000, 0.000000000000000000 ) ) ;
#4705 = EDGE_CURVE ( 'NONE', #2886, #4, #5739, .T. ) ;
#4706 = CARTESIAN_POINT ( 'NONE',  ( -18.00000000000000711, 46.00000000000000000, -21.50000000000000000 ) ) ;
#4707 = ORIENTED_EDGE ( 'NONE', *, *, #4721, .F. ) ;
#4708 = ORIENTED_EDGE ( 'NONE', *, *, #3682, .F. ) ;
#4709 = EDGE_LOOP ( 'NONE', ( #4206, #5374, #1563, #4019, #1144 ) ) ;
#4710 = CONTEXT_DEPENDENT_SHAPE_REPRESENTATION ( #2287, #3927 ) ;
#4711 = CARTESIAN_POINT ( 'NONE',  ( -24.99999999999998934, 27.44861919775700443, 15.49999999999999645 ) ) ;
#4712 = CYLINDRICAL_SURFACE ( 'NONE', #5486, 2.999999999999999112 ) ;
#4713 = ADVANCED_FACE ( 'NONE', ( #3082 ), #5329, .T. ) ;
#4714 = EDGE_CURVE ( 'NONE', #3483, #2952, #270, .T. ) ;
#4715 = VERTEX_POINT ( 'NONE', #3051 ) ;
#4716 = VERTEX_POINT ( 'NONE', #2213 ) ;
#4717 = APPROVAL_STATUS ( 'not_yet_approved' ) ;
#4718 = DIRECTION ( 'NONE',  ( 0.000000000000000000, 1.000000000000000000, -0.000000000000000000 ) ) ;
#4719 = DIRECTION ( 'NONE',  ( 0.000000000000000000, 0.000000000000000000, -1.000000000000000000 ) ) ;
#4720 = VERTEX_POINT ( 'NONE', #4354 ) ;
#4721 = EDGE_CURVE ( 'NONE', #2692, #3398, #1206, .T. ) ;
#4722 = PLANE ( 'NONE',  #1733 ) ;
#4723 = ORIENTED_EDGE ( 'NONE', *, *, #642, .T. ) ;
#4724 = VERTEX_POINT ( 'NONE', #2097 ) ;
#4725 = CIRCLE ( 'NONE', #1180, 3.000000000000000888 ) ;
#4726 = DIRECTION ( 'NONE',  ( -0.000000000000000000, -1.000000000000000000, -0.000000000000000000 ) ) ;
#4727 = LINE ( 'NONE', #3444, #5131 ) ;
#4728 = DIRECTION ( 'NONE',  ( -0.000000000000000000, -1.000000000000000000, -0.000000000000000000 ) ) ;
#4729 = VERTEX_POINT ( 'NONE', #5652 ) ;
#4730 = EDGE_CURVE ( 'NONE', #5242, #4570, #638, .T. ) ;
#4731 = DIRECTION ( 'NONE',  ( 0.000000000000000000, 0.000000000000000000, 1.000000000000000000 ) ) ;
#4732 = LINE ( 'NONE', #3450, #4691 ) ;
#4733 = LINE ( 'NONE', #4762, #4361 ) ;
#4734 = DIRECTION ( 'NONE',  ( 0.000000000000000000, 0.000000000000000000, 1.000000000000000000 ) ) ;
#4735 = ORIENTED_EDGE ( 'NONE', *, *, #43, .F. ) ;
#4736 = VERTEX_POINT ( 'NONE', #2646 ) ;
#4737 = VERTEX_POINT ( 'NONE', #1749 ) ;
#4738 = ADVANCED_FACE ( 'NONE', ( #1324 ), #4771, .F. ) ;
#4739 = APPROVAL_ROLE ( '' ) ;
#4740 = LINE ( 'NONE', #4390, #3198 ) ;
#4741 = FACE_BOUND ( 'NONE', #1584, .T. ) ;
#4742 = VERTEX_POINT ( 'NONE', #4295 ) ;
#4743 = ORIENTED_EDGE ( 'NONE', *, *, #4026, .T. ) ;
#4744 = CIRCLE ( 'NONE', #2235, 2.399999999999999467 ) ;
#4745 = DIRECTION ( 'NONE',  ( 1.000000000000000000, 0.000000000000000000, 0.000000000000000000 ) ) ;
#4746 = CC_DESIGN_APPROVAL ( #1426, ( #4955 ) ) ;
#4747 = CARTESIAN_POINT ( 'NONE',  ( 17.99999999999999289, 46.00000000000000000, 18.49999999999999645 ) ) ;
#4748 = ORIENTED_EDGE ( 'NONE', *, *, #5346, .T. ) ;
#4749 = DIRECTION ( 'NONE',  ( 0.000000000000000000, 1.000000000000000000, 0.000000000000000000 ) ) ;
#4750 = VECTOR ( 'NONE', #5054, 1000.000000000000000 ) ;
#4751 = VERTEX_POINT ( 'NONE', #772 ) ;
#4752 = ORIENTED_EDGE ( 'NONE', *, *, #3569, .F. ) ;
#4753 = ADVANCED_FACE ( 'NONE', ( #381, #2559 ), #4392, .T. ) ;
#4754 = AXIS2_PLACEMENT_3D ( 'NONE', #1312, #98, #932 ) ;
#4755 = CARTESIAN_POINT ( 'NONE',  ( 40.00000000000000711, 18.00000000000000000, 35.53999999999999915 ) ) ;
#4756 = VECTOR ( 'NONE', #2803, 1000.000000000000000 ) ;
#4757 = LINE ( 'NONE', #278, #2333 ) ;
#4758 = DIRECTION ( 'NONE',  ( -0.000000000000000000, 1.000000000000000000, -0.000000000000000000 ) ) ;
#4759 = ORIENTED_EDGE ( 'NONE', *, *, #5082, .T. ) ;
#4760 = DIRECTION ( 'NONE',  ( -0.000000000000000000, -0.000000000000000000, -1.000000000000000000 ) ) ;
#4761 = DIRECTION ( 'NONE',  ( 1.000000000000000000, -0.000000000000000000, -0.000000000000000000 ) ) ;
#4762 = CARTESIAN_POINT ( 'NONE',  ( 14.99999999999999467, 9.999999999999998224, 19.50000000000000000 ) ) ;
#4763 = DIRECTION ( 'NONE',  ( 0.000000000000000000, 1.000000000000000000, -0.000000000000000000 ) ) ;
#4764 = DIRECTION ( 'NONE',  ( 9.396418828207704437E-16, 1.000000000000000000, 0.000000000000000000 ) ) ;
#4765 = ORIENTED_EDGE ( 'NONE', *, *, #1500, .T. ) ;
#4766 = ORIENTED_EDGE ( 'NONE', *, *, #4089, .T. ) ;
#4767 = VECTOR ( 'NONE', #1532, 1000.000000000000000 ) ;
#4768 = DATE_TIME_ROLE ( 'classification_date' ) ;
#4769 = CIRCLE ( 'NONE', #944, 2.999999999999999112 ) ;
#4770 = CARTESIAN_POINT ( 'NONE',  ( 0.000000000000000000, 3.000000000000000000, 43.64095925806566356 ) ) ;
#4771 = PLANE ( 'NONE',  #4456 ) ;
#4772 = VERTEX_POINT ( 'NONE', #4418 ) ;
#4773 = VERTEX_POINT ( 'NONE', #3885 ) ;
#4774 = CARTESIAN_POINT ( 'NONE',  ( 14.99999999999999645, 46.00000000000000000, 21.49999999999999645 ) ) ;
#4775 = VECTOR ( 'NONE', #3376, 1000.000000000000000 ) ;
#4776 = APPROVAL_ROLE ( '' ) ;
#4777 = DIRECTION ( 'NONE',  ( -0.000000000000000000, 0.000000000000000000, -1.000000000000000000 ) ) ;
#4778 = ORIENTED_EDGE ( 'NONE', *, *, #897, .T. ) ;
#4779 = AXIS2_PLACEMENT_3D ( 'NONE', #175, #2467, #1977 ) ;
#4780 = CYLINDRICAL_SURFACE ( 'NONE', #698, 4.000000000000000000 ) ;
#4781 = ORIENTED_EDGE ( 'NONE', *, *, #2205, .T. ) ;
#4782 = ORIENTED_EDGE ( 'NONE', *, *, #2662, .T. ) ;
#4783 = EDGE_CURVE ( 'NONE', #3084, #1451, #1656, .T. ) ;
#4784 = VECTOR ( 'NONE', #4761, 1000.000000000000000 ) ;
#4785 = DIRECTION ( 'NONE',  ( 0.000000000000000000, -1.000000000000000000, 0.000000000000000000 ) ) ;
#4786 = CARTESIAN_POINT ( 'NONE',  ( 44.99999999999999289, -7.000000000000000000, -28.53999999999999559 ) ) ;
#4787 = DIRECTION ( 'NONE',  ( -0.000000000000000000, -0.000000000000000000, 1.000000000000000000 ) ) ;
#4788 = VECTOR ( 'NONE', #5129, 1000.000000000000000 ) ;
#4789 = EDGE_CURVE ( 'NONE', #4720, #3911, #3460, .T. ) ;
#4790 = EDGE_CURVE ( 'NONE', #3060, #2901, #3708, .T. ) ;
#4791 = AXIS2_PLACEMENT_3D ( 'NONE', #4899, #899, #2685 ) ;
#4792 = DIRECTION ( 'NONE',  ( 0.000000000000000000, -1.000000000000000000, 0.000000000000000000 ) ) ;
#4793 = PLANE ( 'NONE',  #2551 ) ;
#4794 = PLANE ( 'NONE',  #44 ) ;
#4795 = CARTESIAN_POINT ( 'NONE',  ( -3.000000000000011102, 3.000000000000000000, -40.38851452574947132 ) ) ;
#4796 = DIRECTION ( 'NONE',  ( 6.938893903907224680E-17, 0.000000000000000000, 1.000000000000000000 ) ) ;
#4797 = EDGE_CURVE ( 'NONE', #2957, #3942, #1483, .T. ) ;
#4798 = ORIENTED_EDGE ( 'NONE', *, *, #4145, .T. ) ;
#4799 = VECTOR ( 'NONE', #3286, 1000.000000000000000 ) ;
#4800 = ORIENTED_EDGE ( 'NONE', *, *, #690, .T. ) ;
#4801 =( LENGTH_UNIT ( ) NAMED_UNIT ( * ) SI_UNIT ( .MILLI., .METRE. ) );
#4802 = CYLINDRICAL_SURFACE ( 'NONE', #774, 2.999999999999999112 ) ;
#4803 = DIRECTION ( 'NONE',  ( 0.000000000000000000, 1.000000000000000000, -0.000000000000000000 ) ) ;
#4804 = ORIENTED_EDGE ( 'NONE', *, *, #5656, .T. ) ;
#4805 = ORIENTED_EDGE ( 'NONE', *, *, #3948, .F. ) ;
#4806 = APPROVAL_ROLE ( '' ) ;
#4807 = CARTESIAN_POINT ( 'NONE',  ( 14.99999999999999645, 27.44861919775700443, 31.50000000000000000 ) ) ;
#4808 = EDGE_CURVE ( 'NONE', #3686, #1926, #3443, .T. ) ;
#4809 = EDGE_CURVE ( 'NONE', #1408, #4634, #5435, .T. ) ;
#4810 = ORIENTED_EDGE ( 'NONE', *, *, #4730, .F. ) ;
#4811 = DIRECTION ( 'NONE',  ( 0.000000000000000000, 0.000000000000000000, 1.000000000000000000 ) ) ;
#4812 = ORIENTED_EDGE ( 'NONE', *, *, #3077, .F. ) ;
#4813 = VERTEX_POINT ( 'NONE', #1916 ) ;
#4814 = EDGE_CURVE ( 'NONE', #4729, #5253, #4441, .T. ) ;
#4815 = CARTESIAN_POINT ( 'NONE',  ( 39.99999999999998579, 1.734723475976807094E-15, 25.10000000000000142 ) ) ;
#4816 = LINE ( 'NONE', #2576, #5780 ) ;
#4817 = CARTESIAN_POINT ( 'NONE',  ( 45.00000000019101520, 3.000000000000000000, 32.30434736977309740 ) ) ;
#4818 = DIRECTION ( 'NONE',  ( -0.000000000000000000, -1.000000000000000000, 0.000000000000000000 ) ) ;
#4819 = PRODUCT_RELATED_PRODUCT_CATEGORY ( 'detail', '', ( #813 ) ) ;
#4820 = EDGE_CURVE ( 'NONE', #4720, #2692, #5406, .T. ) ;
#4821 = CARTESIAN_POINT ( 'NONE',  ( -6.250000000000002665, 18.00000000000000000, -40.78851452574947700 ) ) ;
#4822 = CARTESIAN_POINT ( 'NONE',  ( -15.00000000000000711, 9.999999999999994671, 21.49999999999999645 ) ) ;
#4824 = LINE ( 'NONE', #1713, #926 ) ;
#4823 = PRODUCT_DEFINITION_SHAPE ( 'NONE', 'NONE',  #5794 ) ;
#4825 = ORIENTED_EDGE ( 'NONE', *, *, #511, .T. ) ;
#4826 = EDGE_LOOP ( 'NONE', ( #1732, #3603, #3298, #1603 ) ) ;
#4827 = CARTESIAN_POINT ( 'NONE',  ( 2.999999999999990674, 6.000000000000001776, 35.53999999999999915 ) ) ;
#4828 = EDGE_CURVE ( 'NONE', #617, #31, #2234, .T. ) ;
#4829 = DIRECTION ( 'NONE',  ( -1.000000000000000000, -0.000000000000000000, 1.189754775659388502E-16 ) ) ;
#4830 = CARTESIAN_POINT ( 'NONE',  ( 0.000000000000000000, 41.00000000000000000, 0.000000000000000000 ) ) ;
#4831 = EDGE_LOOP ( 'NONE', ( #4033, #554, #3862, #5392 ) ) ;
#4832 = ORIENTED_EDGE ( 'NONE', *, *, #1638, .T. ) ;
#4833 = EDGE_CURVE ( 'NONE', #3052, #5503, #3590, .T. ) ;
#4834 = LINE ( 'NONE', #4399, #1234 ) ;
#4835 = EDGE_LOOP ( 'NONE', ( #2271, #225, #3677, #5113, #888, #743 ) ) ;
#4836 = DIRECTION ( 'NONE',  ( 0.000000000000000000, -0.000000000000000000, -1.000000000000000000 ) ) ;
#4837 = ORIENTED_EDGE ( 'NONE', *, *, #2124, .T. ) ;
#4838 = VERTEX_POINT ( 'NONE', #2725 ) ;
#4839 = CIRCLE ( 'NONE', #2512, 3.000000000000000888 ) ;
#4840 = CARTESIAN_POINT ( 'NONE',  ( 15.99999999999999645, -5.000000000000000000, 19.50000000000000000 ) ) ;
#4841 = AXIS2_PLACEMENT_3D ( 'NONE', #4518, #3103, #1841 ) ;
#4842 = CARTESIAN_POINT ( 'NONE',  ( 44.99999999999999289, 3.000000000000000000, -30.53999999999999559 ) ) ;
#4843 = LOCAL_TIME ( 2, 41, 34.00000000000000000, #231 ) ;
#4844 = LINE ( 'NONE', #3446, #1907 ) ;
#4845 = VECTOR ( 'NONE', #2863, 1000.000000000000000 ) ;
#4846 = DIRECTION ( 'NONE',  ( 0.000000000000000000, 1.000000000000000000, -0.000000000000000000 ) ) ;
#4847 = CARTESIAN_POINT ( 'NONE',  ( -27.99999999999998934, 39.31639237894030714, -18.50000000000000000 ) ) ;
#4848 = LINE ( 'NONE', #3966, #688 ) ;
#4849 = CARTESIAN_POINT ( 'NONE',  ( 44.99999999999999289, 3.000000000000000000, 35.53999999999999915 ) ) ;
#4850 = VECTOR ( 'NONE', #3018, 1000.000000000000000 ) ;
#4851 = CARTESIAN_POINT ( 'NONE',  ( 11.99999999999999645, 27.44861919775700443, 31.50000000000000000 ) ) ;
#4852 = AXIS2_PLACEMENT_3D ( 'NONE', #369, #1191, #1706 ) ;
#4853 = CYLINDRICAL_SURFACE ( 'NONE', #1737, 5.000000000000000888 ) ;
#4854 = VERTEX_POINT ( 'NONE', #4934 ) ;
#4855 = ORIENTED_EDGE ( 'NONE', *, *, #1071, .T. ) ;
#4856 = EDGE_CURVE ( 'NONE', #3234, #394, #5324, .T. ) ;
#4857 = SHAPE_REPRESENTATION_RELATIONSHIP ( 'NONE' , 'NONE' ,  #4215, #4221 ) ;
#4858 = DIRECTION ( 'NONE',  ( 0.000000000000000000, -1.000000000000000000, 0.000000000000000000 ) ) ;
#4859 = UNCERTAINTY_MEASURE_WITH_UNIT (LENGTH_MEASURE( 1.000000000000000082E-05 ), #4801, 'distance_accuracy_value', 'NONE');
#4860 = DIRECTION ( 'NONE',  ( -3.239561991697168136E-15, 1.000000000000000000, 0.000000000000000000 ) ) ;
#4861 = ORIENTED_EDGE ( 'NONE', *, *, #216, .T. ) ;
#4862 = EDGE_CURVE ( 'NONE', #5746, #3894, #3221, .T. ) ;
#4863 = VERTEX_POINT ( 'NONE', #909 ) ;
#4864 = EDGE_CURVE ( 'NONE', #3360, #624, #4992, .T. ) ;
#4865 = COORDINATED_UNIVERSAL_TIME_OFFSET ( 7, 0, .AHEAD. ) ;
#4866 = CARTESIAN_POINT ( 'NONE',  ( -45.00000000000000711, 0.000000000000000000, 29.04000000000000270 ) ) ;
#4867 = FACE_OUTER_BOUND ( 'NONE', #3659, .T. ) ;
#4868 = ORIENTED_EDGE ( 'NONE', *, *, #1043, .F. ) ;
#4869 = AXIS2_PLACEMENT_3D ( 'NONE', #3522, #4872, #5313 ) ;
#4870 = ORIENTED_EDGE ( 'NONE', *, *, #3960, .T. ) ;
#4871 = ADVANCED_FACE ( 'NONE', ( #3999 ), #3137, .F. ) ;
#4872 = DIRECTION ( 'NONE',  ( -1.000000000000000000, -0.000000000000000000, 1.189754775659388502E-16 ) ) ;
#4873 = VECTOR ( 'NONE', #3089, 1000.000000000000000 ) ;
#4874 = DIRECTION ( 'NONE',  ( 0.000000000000000000, -1.284980352575412946E-16, -1.000000000000000000 ) ) ;
#4875 = CARTESIAN_POINT ( 'NONE',  ( -45.00000000000000711, 3.000000000000000000, -30.53999999999999915 ) ) ;
#4876 = EDGE_CURVE ( 'NONE', #2188, #2957, #5378, .T. ) ;
#4877 = VECTOR ( 'NONE', #672, 1000.000000000000000 ) ;
#4878 = FACE_OUTER_BOUND ( 'NONE', #2789, .T. ) ;
#4879 = DIRECTION ( 'NONE',  ( -1.000000000000000000, 0.000000000000000000, 0.000000000000000000 ) ) ;
#4880 = CYLINDRICAL_SURFACE ( 'NONE', #1897, 5.000000000000000888 ) ;
#4881 = AXIS2_PLACEMENT_3D ( 'NONE', #3890, #1695, #3919 ) ;
#4882 = FACE_OUTER_BOUND ( 'NONE', #393, .T. ) ;
#4883 = ORIENTED_EDGE ( 'NONE', *, *, #5106, .F. ) ;
#4884 = VECTOR ( 'NONE', #1738, 1000.000000000000000 ) ;
#4885 = CARTESIAN_POINT ( 'NONE',  ( 0.000000000000000000, 3.000000000000000000, 38.54000000000000625 ) ) ;
#4886 = CARTESIAN_POINT ( 'NONE',  ( -1.127570259384924611E-14, 23.00000000000000000, -35.53999999999999915 ) ) ;
#4887 = VECTOR ( 'NONE', #208, 1000.000000000000000 ) ;
#4888 = ORIENTED_EDGE ( 'NONE', *, *, #2124, .F. ) ;
#4889 = ORIENTED_EDGE ( 'NONE', *, *, #1721, .T. ) ;
#4890 = COORDINATED_UNIVERSAL_TIME_OFFSET ( 7, 0, .AHEAD. ) ;
#4891 = CYLINDRICAL_SURFACE ( 'NONE', #3288, 11.50000000000000000 ) ;
#4892 = CC_DESIGN_PERSON_AND_ORGANIZATION_ASSIGNMENT ( #115, #1000, ( #5684 ) ) ;
#4893 = CARTESIAN_POINT ( 'NONE',  ( 15.99999999999999645, 0.000000000000000000, 19.50000000000000000 ) ) ;
#4894 = ORIENTED_EDGE ( 'NONE', *, *, #3502, .F. ) ;
#4895 = ORIENTED_EDGE ( 'NONE', *, *, #168, .F. ) ;
#4896 = LINE ( 'NONE', #4815, #5250 ) ;
#4897 = ADVANCED_FACE ( 'NONE', ( #434 ), #1466, .T. ) ;
#4898 = ADVANCED_FACE ( 'NONE', ( #4471 ), #2261, .F. ) ;
#4899 = CARTESIAN_POINT ( 'NONE',  ( -24.99999999999998934, 39.31639237894030714, 15.49999999999999645 ) ) ;
#4900 = DIRECTION ( 'NONE',  ( -1.000000000000000000, 0.000000000000000000, 0.000000000000000000 ) ) ;
#4901 = CARTESIAN_POINT ( 'NONE',  ( 14.99999999999999289, 0.000000000000000000, 21.49999999999999645 ) ) ;
#4902 = LINE ( 'NONE', #3584, #2922 ) ;
#4903 = FACE_OUTER_BOUND ( 'NONE', #5733, .T. ) ;
#4904 = LINE ( 'NONE', #2772, #5000 ) ;
#4905 = ADVANCED_FACE ( 'NONE', ( #3613 ), #1400, .F. ) ;
#4906 = VERTEX_POINT ( 'NONE', #4964 ) ;
#4907 = LINE ( 'NONE', #495, #3730 ) ;
#4908 = DIRECTION ( 'NONE',  ( 1.000000000000000000, 0.000000000000000000, -0.000000000000000000 ) ) ;
#4909 = VERTEX_POINT ( 'NONE', #519 ) ;
#4910 = ORIENTED_EDGE ( 'NONE', *, *, #719, .F. ) ;
#4911 = COORDINATED_UNIVERSAL_TIME_OFFSET ( 7, 0, .AHEAD. ) ;
#4912 = LINE ( 'NONE', #1802, #864 ) ;
#4913 = CARTESIAN_POINT ( 'NONE',  ( -18.00000000000000711, 46.00000000000000000, 21.49999999999999645 ) ) ;
#4914 = ORIENTED_EDGE ( 'NONE', *, *, #2357, .F. ) ;
#4915 = ORIENTED_EDGE ( 'NONE', *, *, #2012, .T. ) ;
#4916 =( NAMED_UNIT ( * ) PLANE_ANGLE_UNIT ( ) SI_UNIT ( $, .RADIAN. ) );
#4917 = CYLINDRICAL_SURFACE ( 'NONE', #1411, 3.999999999999996447 ) ;
#4918 = LINE ( 'NONE', #2226, #2198 ) ;
#4919 = EDGE_CURVE ( 'NONE', #2613, #2900, #2311, .T. ) ;
#4920 = AXIS2_PLACEMENT_3D ( 'NONE', #1566, #5121, #4169 ) ;
#4921 = DIRECTION ( 'NONE',  ( 0.000000000000000000, -1.000000000000000000, -0.000000000000000000 ) ) ;
#4922 = APPROVAL_PERSON_ORGANIZATION ( #865, #5326, #2240 ) ;
#4923 = DIRECTION ( 'NONE',  ( 1.000000000000000000, -0.000000000000000000, 0.000000000000000000 ) ) ;
#4924 = CARTESIAN_POINT ( 'NONE',  ( 36.99999999999998579, 3.000000000000000000, -35.53999999999999204 ) ) ;
#4925 = CARTESIAN_POINT ( 'NONE',  ( -12.00000000000000711, 9.999999999999998224, -21.50000000000000000 ) ) ;
#4926 = LINE ( 'NONE', #4067, #2536 ) ;
#4927 = VECTOR ( 'NONE', #646, 1000.000000000000000 ) ;
#4928 = ORIENTED_EDGE ( 'NONE', *, *, #3152, .T. ) ;
#4929 = EDGE_CURVE ( 'NONE', #4338, #3414, #1882, .T. ) ;
#4930 = DIRECTION ( 'NONE',  ( 1.000000000000000000, 0.000000000000000000, 0.000000000000000000 ) ) ;
#4931 = DIRECTION ( 'NONE',  ( 1.000000000000000000, 0.000000000000000000, 0.000000000000000000 ) ) ;
#4932 = VECTOR ( 'NONE', #11, 1000.000000000000000 ) ;
#4933 = AXIS2_PLACEMENT_3D ( 'NONE', #4842, #4998, #592 ) ;
#4934 = CARTESIAN_POINT ( 'NONE',  ( -27.99999999999998934, 27.44861919775700443, 15.49999999999999645 ) ) ;
#4935 = VERTEX_POINT ( 'NONE', #2344 ) ;
#4936 = ORIENTED_EDGE ( 'NONE', *, *, #835, .F. ) ;
#4937 = CARTESIAN_POINT ( 'NONE',  ( -15.00000000000000711, 0.000000000000000000, -21.50000000000000000 ) ) ;
#4938 = ADVANCED_FACE ( 'NONE', ( #3308 ), #2898, .F. ) ;
#4939 = MECHANICAL_CONTEXT ( 'NONE', #1583, 'mechanical' ) ;
#4940 = CARTESIAN_POINT ( 'NONE',  ( 22.99999999999998934, 39.31639237894030714, -2.400000000000002576 ) ) ;
#4941 = EDGE_LOOP ( 'NONE', ( #1657, #2219, #1868, #34 ) ) ;
#4942 = CARTESIAN_POINT ( 'NONE',  ( 27.99999999999998934, 27.44861919775700443, 18.49999999999999645 ) ) ;
#4943 = EDGE_LOOP ( 'NONE', ( #1573, #4538, #4928, #209 ) ) ;
#4944 = ORIENTED_EDGE ( 'NONE', *, *, #3675, .T. ) ;
#4945 =( NAMED_UNIT ( * ) SI_UNIT ( $, .STERADIAN. ) SOLID_ANGLE_UNIT ( ) );
#4946 = PLANE ( 'NONE',  #3473 ) ;
#4947 = DIRECTION ( 'NONE',  ( 0.000000000000000000, 1.000000000000000000, 0.000000000000000000 ) ) ;
#4948 = EDGE_CURVE ( 'NONE', #3550, #1569, #5314, .T. ) ;
#4949 = EDGE_LOOP ( 'NONE', ( #444, #4567, #4045, #2064 ) ) ;
#4950 = AXIS2_PLACEMENT_3D ( 'NONE', #5193, #2074, #5130 ) ;
#4951 = CARTESIAN_POINT ( 'NONE',  ( -8.150094165701192805E-31, 2.999999999999999112, 38.54000000000000625 ) ) ;
#4952 = FACE_OUTER_BOUND ( 'NONE', #4272, .T. ) ;
#4953 = DIRECTION ( 'NONE',  ( 0.000000000000000000, 1.000000000000000000, 0.000000000000000000 ) ) ;
#4954 = EDGE_CURVE ( 'NONE', #2013, #1360, #2928, .T. ) ;
#4955 = PRODUCT_DEFINITION ( 'UNKNOWN', '', #2697, #5434 ) ;
#4956 = LINE ( 'NONE', #489, #5689 ) ;
#4957 = DIRECTION ( 'NONE',  ( 1.000000000000000000, 0.000000000000000000, 0.000000000000000000 ) ) ;
#4958 = CIRCLE ( 'NONE', #5341, 2.999999999999999112 ) ;
#4959 = VERTEX_POINT ( 'NONE', #2402 ) ;
#4960 = CIRCLE ( 'NONE', #5343, 1.499999999999997780 ) ;
#4961 = DIRECTION ( 'NONE',  ( -1.000000000000000000, -1.734723475976807094E-16, 0.000000000000000000 ) ) ;
#4962 = APPLICATION_CONTEXT ( 'configuration controlled 3d designs of mechanical parts and assemblies' ) ;
#4963 = EDGE_CURVE ( 'NONE', #3426, #2894, #4646, .T. ) ;
#4964 = CARTESIAN_POINT ( 'NONE',  ( 49.99999999999998579, 0.000000000000000000, 30.54000000000000270 ) ) ;
#4965 = VERTEX_POINT ( 'NONE', #1086 ) ;
#4966 = VECTOR ( 'NONE', #1041, 1000.000000000000000 ) ;
#4967 = ORIENTED_EDGE ( 'NONE', *, *, #4705, .F. ) ;
#4968 = COORDINATED_UNIVERSAL_TIME_OFFSET ( 7, 0, .AHEAD. ) ;
#4969 = PLANE ( 'NONE',  #5618 ) ;
#4970 = DIRECTION ( 'NONE',  ( -0.000000000000000000, -0.000000000000000000, 1.000000000000000000 ) ) ;
#4971 = EDGE_LOOP ( 'NONE', ( #4062, #2659, #3306, #1495 ) ) ;
#4972 = DIRECTION ( 'NONE',  ( 0.000000000000000000, 0.000000000000000000, 1.000000000000000000 ) ) ;
#4973 = EDGE_LOOP ( 'NONE', ( #4076, #887, #5628, #2987 ) ) ;
#4974 = ORIENTED_EDGE ( 'NONE', *, *, #281, .T. ) ;
#4975 = VECTOR ( 'NONE', #3342, 1000.000000000000000 ) ;
#4976 = DIRECTION ( 'NONE',  ( -0.000000000000000000, 1.000000000000000000, -0.000000000000000000 ) ) ;
#4977 = CARTESIAN_POINT ( 'NONE',  ( -6.250000000000002665, 18.00000000000000000, -38.38851452574947842 ) ) ;
#4978 = ORIENTED_EDGE ( 'NONE', *, *, #1965, .F. ) ;
#4979 = AXIS2_PLACEMENT_3D ( 'NONE', #4191, #5573, #4731 ) ;
#4980 = DIRECTION ( 'NONE',  ( 0.000000000000000000, -0.000000000000000000, -1.000000000000000000 ) ) ;
#4981 = CARTESIAN_POINT ( 'NONE',  ( -33.00000000000000000, -8.000000000000000000, 3.000031882232204072 ) ) ;
#4982 = CARTESIAN_POINT ( 'NONE',  ( -45.00000000000000711, -7.000000000000000000, 32.03999999999999915 ) ) ;
#4983 = FACE_OUTER_BOUND ( 'NONE', #871, .T. ) ;
#4984 = DIRECTION ( 'NONE',  ( -0.000000000000000000, 1.000000000000000000, -0.000000000000000000 ) ) ;
#4985 = CARTESIAN_POINT ( 'NONE',  ( -15.00000000000000711, 9.999999999999994671, -21.50000000000000000 ) ) ;
#4986 = EDGE_LOOP ( 'NONE', ( #1918, #4832, #1858, #768 ) ) ;
#4987 = CARTESIAN_POINT ( 'NONE',  ( 0.000000000000000000, 0.000000000000000000, 0.000000000000000000 ) ) ;
#4988 = ADVANCED_FACE ( 'NONE', ( #4138 ), #2869, .F. ) ;
#4989 = CARTESIAN_POINT ( 'NONE',  ( 44.99999999999999289, 0.000000000000000000, -35.53999999999999915 ) ) ;
#4990 = FACE_BOUND ( 'NONE', #1637, .T. ) ;
#4991 = EDGE_CURVE ( 'NONE', #3016, #4634, #4586, .T. ) ;
#4992 = LINE ( 'NONE', #1373, #1103 ) ;
#4993 = ORIENTED_EDGE ( 'NONE', *, *, #1564, .T. ) ;
#4994 = VERTEX_POINT ( 'NONE', #4224 ) ;
#4995 = EDGE_CURVE ( 'NONE', #3810, #2410, #2157, .T. ) ;
#4996 = CALENDAR_DATE ( 2025, 23, 9 ) ;
#4997 = DIRECTION ( 'NONE',  ( 0.000000000000000000, 0.000000000000000000, -1.000000000000000000 ) ) ;
#4998 = DIRECTION ( 'NONE',  ( 0.000000000000000000, 1.000000000000000000, 0.000000000000000000 ) ) ;
#4999 = ORIENTED_EDGE ( 'NONE', *, *, #726, .T. ) ;
#5000 = VECTOR ( 'NONE', #4017, 1000.000000000000000 ) ;
#5001 = DIRECTION ( 'NONE',  ( 0.000000000000000000, -0.000000000000000000, -1.000000000000000000 ) ) ;
#5002 = VERTEX_POINT ( 'NONE', #5520 ) ;
#5003 = VERTEX_POINT ( 'NONE', #3335 ) ;
#5004 = CARTESIAN_POINT ( 'NONE',  ( 2.999999999999997335, 0.000000000000000000, 38.54000000000000625 ) ) ;
#5005 = CYLINDRICAL_SURFACE ( 'NONE', #288, 2.400000000000000799 ) ;
#5006 = ORIENTED_EDGE ( 'NONE', *, *, #3167, .T. ) ;
#5007 = DIRECTION ( 'NONE',  ( 1.000000000000000000, 0.000000000000000000, 0.000000000000000000 ) ) ;
#5008 = VERTEX_POINT ( 'NONE', #197 ) ;
#5009 = ADVANCED_FACE ( 'NONE', ( #3792 ), #227, .F. ) ;
#5010 = FACE_OUTER_BOUND ( 'NONE', #2298, .T. ) ;
#5011 = CARTESIAN_POINT ( 'NONE',  ( -15.00000000000000711, 39.44861919775701153, -31.50000000000000000 ) ) ;
#5012 = LINE ( 'NONE', #1906, #4756 ) ;
#5013 = DIRECTION ( 'NONE',  ( -0.000000000000000000, 1.000000000000000000, -0.000000000000000000 ) ) ;
#5014 = CARTESIAN_POINT ( 'NONE',  ( -1.734723475976807094E-15, 27.44861919775700443, -26.50000000000000000 ) ) ;
#5015 = CARTESIAN_POINT ( 'NONE',  ( -18.00000000000000711, 46.00000000000000000, 18.49999999999999645 ) ) ;
#5016 = ORIENTED_EDGE ( 'NONE', *, *, #280, .F. ) ;
#5017 = CC_DESIGN_SECURITY_CLASSIFICATION ( #536, ( #1861 ) ) ;
#5018 = DIRECTION ( 'NONE',  ( -0.000000000000000000, -0.000000000000000000, 1.000000000000000000 ) ) ;
#5019 = PLANE ( 'NONE',  #2256 ) ;
#5020 = CARTESIAN_POINT ( 'NONE',  ( -45.00000000000000711, 3.000000000000000000, -32.03999999999999204 ) ) ;
#5021 = DIRECTION ( 'NONE',  ( -0.000000000000000000, -1.000000000000000000, 0.000000000000000000 ) ) ;
#5022 = AXIS2_PLACEMENT_3D ( 'NONE', #5145, #2493, #1619 ) ;
#5023 = APPROVAL_PERSON_ORGANIZATION ( #1596, #859, #4739 ) ;
#5024 = VERTEX_POINT ( 'NONE', #1142 ) ;
#5025 = ORIENTED_EDGE ( 'NONE', *, *, #1056, .F. ) ;
#5026 = VECTOR ( 'NONE', #1552, 1000.000000000000000 ) ;
#5027 = AXIS2_PLACEMENT_3D ( 'NONE', #2663, #5471, #2348 ) ;
#5028 = DIRECTION ( 'NONE',  ( 0.000000000000000000, -0.000000000000000000, -1.000000000000000000 ) ) ;
#5029 = CARTESIAN_POINT ( 'NONE',  ( -50.00000000000000000, 3.000000000000000000, -30.53999999999999915 ) ) ;
#5030 = EDGE_CURVE ( 'NONE', #3414, #617, #2002, .T. ) ;
#5031 = ADVANCED_FACE ( 'NONE', ( #3821 ), #5110, .T. ) ;
#5032 = CARTESIAN_POINT ( 'NONE',  ( -3.000000000000002665, 18.00000000000000000, -33.38851452574947132 ) ) ;
#5033 = ORIENTED_EDGE ( 'NONE', *, *, #1762, .F. ) ;
#5034 = ORIENTED_EDGE ( 'NONE', *, *, #5030, .F. ) ;
#5035 = CARTESIAN_POINT ( 'NONE',  ( -24.99999999999998934, 27.44861919775700443, 18.49999999999999645 ) ) ;
#5036 = FACE_OUTER_BOUND ( 'NONE', #3197, .T. ) ;
#5037 = AXIS2_PLACEMENT_3D ( 'NONE', #1833, #530, #3202 ) ;
#5038 = VERTEX_POINT ( 'NONE', #4256 ) ;
#5039 = EDGE_CURVE ( 'NONE', #2938, #4702, #4675, .T. ) ;
#5040 = DIRECTION ( 'NONE',  ( 0.000000000000000000, 1.000000000000000000, 0.000000000000000000 ) ) ;
#5041 = ORIENTED_EDGE ( 'NONE', *, *, #3796, .F. ) ;
#5042 = VECTOR ( 'NONE', #2429, 1000.000000000000000 ) ;
#5043 = EDGE_CURVE ( 'NONE', #5646, #2465, #707, .T. ) ;
#5044 = DIRECTION ( 'NONE',  ( 0.000000000000000000, 0.000000000000000000, 1.000000000000000000 ) ) ;
#5045 = CARTESIAN_POINT ( 'NONE',  ( -35.05394252513385567, 3.000000000000000000, -33.38851452574947132 ) ) ;
#5046 = CARTESIAN_POINT ( 'NONE',  ( 2.999999999999990674, 18.00000000000000000, 35.53999999999999915 ) ) ;
#5047 = FACE_OUTER_BOUND ( 'NONE', #628, .T. ) ;
#5048 = CIRCLE ( 'NONE', #1323, 2.399999999999999467 ) ;
#5049 = ORIENTED_EDGE ( 'NONE', *, *, #1283, .T. ) ;
#5050 = DIRECTION ( 'NONE',  ( 0.000000000000000000, 0.000000000000000000, -1.000000000000000000 ) ) ;
#5051 = CARTESIAN_POINT ( 'NONE',  ( 7.999999999999992895, 9.999999999999996447, -21.50000000000000000 ) ) ;
#5052 = PLANE ( 'NONE',  #201 ) ;
#5053 = CIRCLE ( 'NONE', #1141, 5.000000000000000888 ) ;
#5054 = DIRECTION ( 'NONE',  ( -0.000000000000000000, -1.000000000000000000, -0.000000000000000000 ) ) ;
#5055 = EDGE_LOOP ( 'NONE', ( #1884, #2502, #2677, #1068 ) ) ;
#5056 = ORIENTED_EDGE ( 'NONE', *, *, #3250, .F. ) ;
#5057 = EDGE_CURVE ( 'NONE', #4570, #5242, #1777, .T. ) ;
#5058 = MANIFOLD_SOLID_BREP ( 'Mirror7', #3878 ) ;
#5059 = VECTOR ( 'NONE', #3010, 1000.000000000000000 ) ;
#5060 = ITEM_DEFINED_TRANSFORMATION ( 'NONE', 'NONE', #1869,  #4084 ) ;
#5061 = PLANE ( 'NONE',  #1800 ) ;
#5062 = DIRECTION ( 'NONE',  ( 0.000000000000000000, 0.000000000000000000, 1.000000000000000000 ) ) ;
#5063 = VECTOR ( 'NONE', #626, 1000.000000000000000 ) ;
#5064 = LINE ( 'NONE', #5416, #125 ) ;
#5065 = ORIENTED_EDGE ( 'NONE', *, *, #2940, .F. ) ;
#5066 = ORIENTED_EDGE ( 'NONE', *, *, #3363, .T. ) ;
#5067 = DIRECTION ( 'NONE',  ( 0.000000000000000000, 1.000000000000000000, -0.000000000000000000 ) ) ;
#5068 = AXIS2_PLACEMENT_3D ( 'NONE', #5098, #3351, #2446 ) ;
#5069 = DIRECTION ( 'NONE',  ( 0.000000000000000000, 0.000000000000000000, 1.000000000000000000 ) ) ;
#5070 = VECTOR ( 'NONE', #2579, 1000.000000000000000 ) ;
#5071 = ORIENTED_EDGE ( 'NONE', *, *, #5627, .T. ) ;
#5072 = DIRECTION ( 'NONE',  ( -2.928627140084648467E-16, -0.000000000000000000, -1.000000000000000000 ) ) ;
#5073 = AXIS2_PLACEMENT_3D ( 'NONE', #5384, #2628, #3090 ) ;
#5074 = ORIENTED_EDGE ( 'NONE', *, *, #2084, .T. ) ;
#5075 = EDGE_CURVE ( 'NONE', #5579, #4965, #2059, .T. ) ;
#5076 = VECTOR ( 'NONE', #5488, 1000.000000000000000 ) ;
#5077 = CARTESIAN_POINT ( 'NONE',  ( 17.99999999999999289, -5.000000000000000000, -21.50000000000000000 ) ) ;
#5078 = CARTESIAN_POINT ( 'NONE',  ( -1.440808244181442384E-15, 22.44861919775702219, 24.10000000000000142 ) ) ;
#5079 = MANIFOLD_SOLID_BREP ( 'Boss-Extrude9', #5467 ) ;
#5080 = DIRECTION ( 'NONE',  ( 0.000000000000000000, 0.000000000000000000, -1.000000000000000000 ) ) ;
#5081 = ORIENTED_EDGE ( 'NONE', *, *, #4199, .T. ) ;
#5082 = EDGE_CURVE ( 'NONE', #2319, #855, #2842, .T. ) ;
#5083 = LINE ( 'NONE', #3761, #3562 ) ;
#5084 = DIRECTION ( 'NONE',  ( -0.000000000000000000, 1.000000000000000000, -0.000000000000000000 ) ) ;
#5085 = ORIENTED_EDGE ( 'NONE', *, *, #3295, .T. ) ;
#5086 = VERTEX_POINT ( 'NONE', #142 ) ;
#5087 = EDGE_CURVE ( 'NONE', #1575, #1930, #1944, .T. ) ;
#5088 = CALENDAR_DATE ( 2025, 23, 9 ) ;
#5089 = LINE ( 'NONE', #5619, #292 ) ;
#5090 = DIRECTION ( 'NONE',  ( -0.000000000000000000, -1.000000000000000000, -0.000000000000000000 ) ) ;
#5091 = CARTESIAN_POINT ( 'NONE',  ( -15.00000000000000711, 9.999999999999994671, -19.50000000000000000 ) ) ;
#5092 = ORIENTED_EDGE ( 'NONE', *, *, #3389, .F. ) ;
#5093 = CLOSED_SHELL ( 'NONE', ( #4503, #5278, #3566, #4905, #3783, #2327, #1477, #5233, #4627, #3588 ) ) ;
#5094 = VERTEX_POINT ( 'NONE', #4413 ) ;
#5095 = CARTESIAN_POINT ( 'NONE',  ( -1.301042606982605321E-15, 0.000000000000000000, -43.38851452574947132 ) ) ;
#5096 = DIRECTION ( 'NONE',  ( -0.000000000000000000, -0.000000000000000000, -1.000000000000000000 ) ) ;
#5097 = ORIENTED_EDGE ( 'NONE', *, *, #1835, .F. ) ;
#5098 = CARTESIAN_POINT ( 'NONE',  ( -15.00000000000000711, 46.00000000000000000, -18.50000000000000000 ) ) ;
#5099 = ORIENTED_EDGE ( 'NONE', *, *, #5762, .F. ) ;
#5100 = EDGE_CURVE ( 'NONE', #4118, #321, #1651, .T. ) ;
#5101 = EDGE_CURVE ( 'NONE', #5673, #5579, #2209, .T. ) ;
#5102 = LINE ( 'NONE', #4608, #5497 ) ;
#5103 = CARTESIAN_POINT ( 'NONE',  ( 22.99999999999998934, 39.31639237894030714, -1.734723475976807094E-15 ) ) ;
#5104 = CARTESIAN_POINT ( 'NONE',  ( -27.99999999999998934, 39.31639237894030714, 18.49999999999999645 ) ) ;
#5105 = CARTESIAN_POINT ( 'NONE',  ( 17.99999999999999289, 46.00000000000000000, 21.49999999999999645 ) ) ;
#5106 = EDGE_CURVE ( 'NONE', #1647, #2409, #4553, .T. ) ;
#5107 = EDGE_LOOP ( 'NONE', ( #870, #5181, #1246, #2444 ) ) ;
#5108 = DIRECTION ( 'NONE',  ( 0.000000000000000000, 0.000000000000000000, 1.000000000000000000 ) ) ;
#5109 = CARTESIAN_POINT ( 'NONE',  ( 14.99999999999999645, -5.000000000000000000, 21.49999999999999645 ) ) ;
#5110 = PLANE ( 'NONE',  #4271 ) ;
#5111 = EDGE_LOOP ( 'NONE', ( #1306, #894, #5229, #3941, #2741, #3441 ) ) ;
#5112 = EDGE_CURVE ( 'NONE', #855, #384, #5268, .T. ) ;
#5113 = ORIENTED_EDGE ( 'NONE', *, *, #4641, .T. ) ;
#5114 = VECTOR ( 'NONE', #3681, 1000.000000000000000 ) ;
#5115 = ORIENTED_EDGE ( 'NONE', *, *, #2870, .T. ) ;
#5116 = DATE_AND_TIME ( #3338, #1301 ) ;
#5117 = VECTOR ( 'NONE', #404, 1000.000000000000000 ) ;
#5118 = CARTESIAN_POINT ( 'NONE',  ( -18.00000000000000711, 39.31639237894030714, -18.50000000000000000 ) ) ;
#5119 = DIRECTION ( 'NONE',  ( 0.000000000000000000, 0.000000000000000000, -1.000000000000000000 ) ) ;
#5120 = CC_DESIGN_APPROVAL ( #3849, ( #1861 ) ) ;
#5121 = DIRECTION ( 'NONE',  ( 0.000000000000000000, 1.000000000000000000, 0.000000000000000000 ) ) ;
#5122 = DIRECTION ( 'NONE',  ( 0.000000000000000000, -1.000000000000000000, 0.000000000000000000 ) ) ;
#5123 = EDGE_CURVE ( 'NONE', #3895, #748, #5401, .T. ) ;
#5124 = VERTEX_POINT ( 'NONE', #3070 ) ;
#5125 = ORIENTED_EDGE ( 'NONE', *, *, #4790, .T. ) ;
#5126 = VECTOR ( 'NONE', #4700, 1000.000000000000000 ) ;
#5127 = ORGANIZATION ( 'NAUO-ORG3', 'UNSPECIFIED', 'UNSPECIFIED' ) ;
#5128 = APPROVAL_STATUS ( 'not_yet_approved' ) ;
#5129 = DIRECTION ( 'NONE',  ( -1.000000000000000000, 0.000000000000000000, 0.000000000000000000 ) ) ;
#5130 = DIRECTION ( 'NONE',  ( 0.000000000000000000, 0.000000000000000000, -1.000000000000000000 ) ) ;
#5131 = VECTOR ( 'NONE', #5723, 1000.000000000000000 ) ;
#5132 = VERTEX_POINT ( 'NONE', #795 ) ;
#5133 = CARTESIAN_POINT ( 'NONE',  ( 14.99999999999999645, 46.00000000000000000, -18.50000000000000355 ) ) ;
#5134 = VERTEX_POINT ( 'NONE', #5240 ) ;
#5135 = LINE ( 'NONE', #1991, #2892 ) ;
#5136 = ADVANCED_FACE ( 'NONE', ( #373, #1768 ), #3879, .F. ) ;
#5137 = PLANE ( 'NONE',  #174 ) ;
#5138 = LINE ( 'NONE', #222, #2884 ) ;
#5139 = ORIENTED_EDGE ( 'NONE', *, *, #168, .T. ) ;
#5140 = EDGE_CURVE ( 'NONE', #5003, #3917, #5207, .T. ) ;
#5141 = DIRECTION ( 'NONE',  ( -1.000000000000000000, 0.000000000000000000, 0.000000000000000000 ) ) ;
#5142 = EDGE_CURVE ( 'NONE', #3917, #137, #5671, .T. ) ;
#5143 = DIRECTION ( 'NONE',  ( 0.000000000000000000, -1.000000000000000000, 0.000000000000000000 ) ) ;
#5144 = CARTESIAN_POINT ( 'NONE',  ( 17.99999999999999289, -8.000000000000000000, 18.49999999999999289 ) ) ;
#5145 = CARTESIAN_POINT ( 'NONE',  ( 0.000000000000000000, 41.00000000000000000, 0.000000000000000000 ) ) ;
#5146 = CARTESIAN_POINT ( 'NONE',  ( -50.00000000000000000, 0.000000000000000000, -0.000000000000000000 ) ) ;
#5147 = AXIS2_PLACEMENT_3D ( 'NONE', #4600, #127, #2273 ) ;
#5148 = ORIENTED_EDGE ( 'NONE', *, *, #5389, .T. ) ;
#5149 = EDGE_LOOP ( 'NONE', ( #2432, #4140, #5630, #4297, #5276, #723, #1665, #4292 ) ) ;
#5150 = DATE_AND_TIME ( #5498, #4843 ) ;
#5151 = VECTOR ( 'NONE', #2679, 1000.000000000000000 ) ;
#5152 = ADVANCED_FACE ( 'NONE', ( #3013 ), #2177, .T. ) ;
#5153 = DIRECTION ( 'NONE',  ( 0.000000000000000000, 0.000000000000000000, 1.000000000000000000 ) ) ;
#5154 = LINE ( 'NONE', #1978, #1012 ) ;
#5155 = ORIENTED_EDGE ( 'NONE', *, *, #835, .T. ) ;
#5156 = AXIS2_PLACEMENT_3D ( 'NONE', #456, #2745, #851 ) ;
#5157 = ORIENTED_EDGE ( 'NONE', *, *, #374, .T. ) ;
#5158 = CARTESIAN_POINT ( 'NONE',  ( -15.00000000000000711, 0.000000000000000000, -21.50000000000000000 ) ) ;
#5159 = FACE_OUTER_BOUND ( 'NONE', #5595, .T. ) ;
#5160 = EDGE_CURVE ( 'NONE', #4009, #3060, #3043, .T. ) ;
#5161 = DIRECTION ( 'NONE',  ( -1.000000000000000000, 0.000000000000000000, 0.000000000000000000 ) ) ;
#5162 = AXIS2_PLACEMENT_3D ( 'NONE', #3037, #5696, #2112 ) ;
#5163 = ORIENTED_EDGE ( 'NONE', *, *, #25, .T. ) ;
#5164 = DIRECTION ( 'NONE',  ( 1.000000000000000000, 0.000000000000000000, 0.000000000000000000 ) ) ;
#5165 = VERTEX_POINT ( 'NONE', #342 ) ;
#5166 = ORIENTED_EDGE ( 'NONE', *, *, #633, .T. ) ;
#5167 = VECTOR ( 'NONE', #4758, 1000.000000000000000 ) ;
#5168 = AXIS2_PLACEMENT_3D ( 'NONE', #455, #1453, #5397 ) ;
#5169 = CARTESIAN_POINT ( 'NONE',  ( 27.99999999999998934, 39.31639237894030714, -15.50000000000000000 ) ) ;
#5170 = DIRECTION ( 'NONE',  ( 0.000000000000000000, 0.000000000000000000, 1.000000000000000000 ) ) ;
#5171 = CIRCLE ( 'NONE', #2660, 2.999999999999999112 ) ;
#5172 = EDGE_CURVE ( 'NONE', #3954, #4304, #2118, .T. ) ;
#5173 = LINE ( 'NONE', #1281, #3203 ) ;
#5174 = ORIENTED_EDGE ( 'NONE', *, *, #2574, .F. ) ;
#5175 = VECTOR ( 'NONE', #2507, 1000.000000000000000 ) ;
#5176 = LINE ( 'NONE', #1169, #3094 ) ;
#5177 = DIRECTION ( 'NONE',  ( 0.000000000000000000, -0.000000000000000000, -1.000000000000000000 ) ) ;
#5178 = LINE ( 'NONE', #1171, #3541 ) ;
#5179 = DIRECTION ( 'NONE',  ( 0.000000000000000000, 0.000000000000000000, -1.000000000000000000 ) ) ;
#5180 = ORIENTED_EDGE ( 'NONE', *, *, #4573, .T. ) ;
#5181 = ORIENTED_EDGE ( 'NONE', *, *, #2683, .T. ) ;
#5182 = VERTEX_POINT ( 'NONE', #2149 ) ;
#5183 = APPROVAL ( #1662, 'UNSPECIFIED' ) ;
#5184 = PERSON_AND_ORGANIZATION_ROLE ( 'creator' ) ;
#5185 = ADVANCED_FACE ( 'NONE', ( #5761 ), #3907, .F. ) ;
#5186 = DIRECTION ( 'NONE',  ( 1.000000000000000000, -0.000000000000000000, 0.000000000000000000 ) ) ;
#5187 = CARTESIAN_POINT ( 'NONE',  ( 1.408343819019456176E-15, 41.00000000000000000, -11.50000000000000000 ) ) ;
#5188 = ORIENTED_EDGE ( 'NONE', *, *, #1934, .F. ) ;
#5189 = ORIENTED_EDGE ( 'NONE', *, *, #5422, .F. ) ;
#5190 = EDGE_CURVE ( 'NONE', #1441, #2923, #4824, .T. ) ;
#5191 = FACE_OUTER_BOUND ( 'NONE', #3031, .T. ) ;
#5192 = DATE_AND_TIME ( #625, #1959 ) ;
#5193 = CARTESIAN_POINT ( 'NONE',  ( -12.00000000000000711, 0.000000000000000000, -28.50000000000000000 ) ) ;
#5194 = VERTEX_POINT ( 'NONE', #3480 ) ;
#5195 = DIRECTION ( 'NONE',  ( 0.000000000000000000, 0.000000000000000000, 1.000000000000000000 ) ) ;
#5196 = ORIENTED_EDGE ( 'NONE', *, *, #679, .T. ) ;
#5197 = VERTEX_POINT ( 'NONE', #821 ) ;
#5198 = VECTOR ( 'NONE', #4257, 1000.000000000000000 ) ;
#5199 = CYLINDRICAL_SURFACE ( 'NONE', #1544, 3.000000000000000000 ) ;
#5200 = CARTESIAN_POINT ( 'NONE',  ( -24.75000000000000000, 18.00000000000000000, -35.98851452574947274 ) ) ;
#5201 = LINE ( 'NONE', #250, #301 ) ;
#5202 = ORIENTED_EDGE ( 'NONE', *, *, #1363, .F. ) ;
#5203 = ADVANCED_FACE ( 'NONE', ( #3939 ), #2955, .F. ) ;
#5204 = CARTESIAN_POINT ( 'NONE',  ( -18.00000000000000711, -8.000000000000000000, -21.50000000000000000 ) ) ;
#5205 = DIRECTION ( 'NONE',  ( -1.000000000000000000, 0.000000000000000000, -0.000000000000000000 ) ) ;
#5206 = DIRECTION ( 'NONE',  ( 0.000000000000000000, 0.000000000000000000, -1.000000000000000000 ) ) ;
#5207 = LINE ( 'NONE', #764, #3993 ) ;
#5208 = DIRECTION ( 'NONE',  ( 1.000000000000000000, 0.000000000000000000, 0.000000000000000000 ) ) ;
#5209 = EDGE_LOOP ( 'NONE', ( #3551, #2447, #5295, #2297 ) ) ;
#5210 = ORIENTED_EDGE ( 'NONE', *, *, #4614, .F. ) ;
#5211 = AXIS2_PLACEMENT_3D ( 'NONE', #4000, #5379, #1325 ) ;
#5212 = FACE_OUTER_BOUND ( 'NONE', #1375, .T. ) ;
#5213 = DIRECTION ( 'NONE',  ( 0.000000000000000000, -0.000000000000000000, -1.000000000000000000 ) ) ;
#5214 = CARTESIAN_POINT ( 'NONE',  ( 15.99999999999999645, 41.00000000000000000, 19.50000000000000000 ) ) ;
#5215 = EDGE_CURVE ( 'NONE', #2929, #3752, #733, .T. ) ;
#5216 = VERTEX_POINT ( 'NONE', #5427 ) ;
#5217 = ORIENTED_EDGE ( 'NONE', *, *, #1965, .T. ) ;
#5218 = AXIS2_PLACEMENT_3D ( 'NONE', #234, #713, #5062 ) ;
#5219 = PERSON_AND_ORGANIZATION_ROLE ( 'design_supplier' ) ;
#5220 = LOCAL_TIME ( 2, 41, 34.00000000000000000, #2477 ) ;
#5221 = LINE ( 'NONE', #5658, #4403 ) ;
#5222 = ADVANCED_FACE ( 'NONE', ( #4016 ), #515, .F. ) ;
#5223 = ADVANCED_FACE ( 'NONE', ( #1317, #4882 ), #2306, .F. ) ;
#5224 = ORIENTED_EDGE ( 'NONE', *, *, #2889, .T. ) ;
#5225 = FACE_OUTER_BOUND ( 'NONE', #2554, .T. ) ;
#5226 = VECTOR ( 'NONE', #1791, 1000.000000000000000 ) ;
#5227 = EDGE_LOOP ( 'NONE', ( #5436, #2948, #2182, #5711 ) ) ;
#5228 = LOCAL_TIME ( 2, 41, 34.00000000000000000, #1120 ) ;
#5229 = ORIENTED_EDGE ( 'NONE', *, *, #1975, .T. ) ;
#5230 = AXIS2_PLACEMENT_3D ( 'NONE', #4287, #1258, #2582 ) ;
#5231 = CIRCLE ( 'NONE', #2704, 2.999999999999999112 ) ;
#5232 = VECTOR ( 'NONE', #1166, 1000.000000000000000 ) ;
#5233 = ADVANCED_FACE ( 'NONE', ( #4983 ), #2771, .T. ) ;
#5234 = DIRECTION ( 'NONE',  ( 1.000000000000000000, -0.000000000000000000, 0.000000000000000000 ) ) ;
#5235 = CARTESIAN_POINT ( 'NONE',  ( -8.000000000000007105, 9.999999999999998224, 19.50000000000000000 ) ) ;
#5236 = ORIENTED_EDGE ( 'NONE', *, *, #2168, .T. ) ;
#5237 = LINE ( 'NONE', #1675, #3498 ) ;
#5238 = CARTESIAN_POINT ( 'NONE',  ( -16.00000000000000355, 12.99999999999999822, -19.50000000000000000 ) ) ;
#5239 = LINE ( 'NONE', #793, #4190 ) ;
#5240 = CARTESIAN_POINT ( 'NONE',  ( -18.00000000000000711, 27.44861919775700443, 18.49999999999999645 ) ) ;
#5241 = CARTESIAN_POINT ( 'NONE',  ( 0.000000000000000000, 0.000000000000000000, 0.000000000000000000 ) ) ;
#5242 = VERTEX_POINT ( 'NONE', #3585 ) ;
#5243 = VERTEX_POINT ( 'NONE', #2690 ) ;
#5244 = ADVANCED_FACE ( 'NONE', ( #101 ), #5321, .T. ) ;
#5245 = CYLINDRICAL_SURFACE ( 'NONE', #5429, 4.000000000000000000 ) ;
#5246 = DIRECTION ( 'NONE',  ( 1.000000000000000000, 0.000000000000000000, 0.000000000000000000 ) ) ;
#5247 = ORIENTED_EDGE ( 'NONE', *, *, #2471, .T. ) ;
#5248 = VERTEX_POINT ( 'NONE', #3991 ) ;
#5249 = DIRECTION ( 'NONE',  ( 1.000000000000000000, -0.000000000000000000, 0.000000000000000000 ) ) ;
#5250 = VECTOR ( 'NONE', #3003, 1000.000000000000000 ) ;
#5251 = PERSON_AND_ORGANIZATION ( #1521, #4168 ) ;
#5252 = CARTESIAN_POINT ( 'NONE',  ( -15.00000000000000711, 39.44861919775701153, 28.50000000000000000 ) ) ;
#5253 = VERTEX_POINT ( 'NONE', #4461 ) ;
#5254 = CIRCLE ( 'NONE', #2641, 3.000000000000002665 ) ;
#5255 = DIRECTION ( 'NONE',  ( 0.000000000000000000, -0.000000000000000000, 1.000000000000000000 ) ) ;
#5256 = ORIENTED_EDGE ( 'NONE', *, *, #1564, .F. ) ;
#5257 = ORIENTED_EDGE ( 'NONE', *, *, #848, .T. ) ;
#5258 = ADVANCED_FACE ( 'NONE', ( #3156 ), #542, .T. ) ;
#5259 = CARTESIAN_POINT ( 'NONE',  ( -45.00000000000000711, -7.000000000000000000, -32.03999999999999204 ) ) ;
#5260 = DIRECTION ( 'NONE',  ( -0.000000000000000000, -1.000000000000000000, -0.000000000000000000 ) ) ;
#5261 = LINE ( 'NONE', #3874, #400 ) ;
#5262 = VECTOR ( 'NONE', #3055, 1000.000000000000000 ) ;
#5263 = EDGE_CURVE ( 'NONE', #3201, #23, #935, .T. ) ;
#5264 = CIRCLE ( 'NONE', #306, 2.400000000000000799 ) ;
#5265 = DIRECTION ( 'NONE',  ( 0.000000000000000000, 0.000000000000000000, 1.000000000000000000 ) ) ;
#5266 = LINE ( 'NONE', #1195, #4784 ) ;
#5267 = CYLINDRICAL_SURFACE ( 'NONE', #3088, 2.399999999999999467 ) ;
#5268 = LINE ( 'NONE', #4849, #2239 ) ;
#5269 = FACE_OUTER_BOUND ( 'NONE', #3912, .T. ) ;
#5270 = ORIENTED_EDGE ( 'NONE', *, *, #3612, .T. ) ;
#5271 = AXIS2_PLACEMENT_3D ( 'NONE', #332, #1639, #5195 ) ;
#5272 = VERTEX_POINT ( 'NONE', #2669 ) ;
#5273 = FACE_OUTER_BOUND ( 'NONE', #467, .T. ) ;
#5274 = CIRCLE ( 'NONE', #2848, 2.999999999999999112 ) ;
#5275 = CARTESIAN_POINT ( 'NONE',  ( 0.000000000000000000, 46.00000000000000000, 0.000000000000000000 ) ) ;
#5276 = ORIENTED_EDGE ( 'NONE', *, *, #4368, .F. ) ;
#5277 = ORIENTED_EDGE ( 'NONE', *, *, #1961, .F. ) ;
#5278 = ADVANCED_FACE ( 'NONE', ( #4903 ), #2230, .F. ) ;
#5279 = CIRCLE ( 'NONE', #3219, 3.000000000000000000 ) ;
#5280 = PERSON_AND_ORGANIZATION ( #1521, #4168 ) ;
#5281 = CARTESIAN_POINT ( 'NONE',  ( -31.05395286684827383, 3.000000000000000000, 43.64095925806566356 ) ) ;
#5282 = ORIENTED_EDGE ( 'NONE', *, *, #2290, .F. ) ;
#5283 = DIRECTION ( 'NONE',  ( 0.000000000000000000, 1.000000000000000000, 0.000000000000000000 ) ) ;
#5284 = EDGE_LOOP ( 'NONE', ( #2488, #3923, #3053, #3447 ) ) ;
#5285 = ORIENTED_EDGE ( 'NONE', *, *, #2357, .T. ) ;
#5286 = LINE ( 'NONE', #2632, #1610 ) ;
#5287 = FACE_OUTER_BOUND ( 'NONE', #4135, .T. ) ;
#5288 = CARTESIAN_POINT ( 'NONE',  ( -35.05394252513385567, 3.000000000000000000, -33.38851452574947132 ) ) ;
#5289 = ADVANCED_FACE ( 'NONE', ( #963 ), #988, .F. ) ;
#5290 = LINE ( 'NONE', #4410, #4229 ) ;
#5291 = LINE ( 'NONE', #4343, #2189 ) ;
#5292 = DIRECTION ( 'NONE',  ( -0.000000000000000000, 1.000000000000000000, -0.000000000000000000 ) ) ;
#5293 = EDGE_CURVE ( 'NONE', #2587, #4269, #15, .T. ) ;
#5294 = DIRECTION ( 'NONE',  ( -0.000000000000000000, 1.000000000000000000, -0.000000000000000000 ) ) ;
#5295 = ORIENTED_EDGE ( 'NONE', *, *, #3815, .T. ) ;
#5296 = EDGE_LOOP ( 'NONE', ( #1631, #4837, #710, #2309 ) ) ;
#5297 = DIRECTION ( 'NONE',  ( 0.000000000000000000, 0.000000000000000000, -1.000000000000000000 ) ) ;
#5298 = DIRECTION ( 'NONE',  ( 0.000000000000000000, 0.000000000000000000, 1.000000000000000000 ) ) ;
#5299 = EDGE_CURVE ( 'NONE', #3509, #5710, #5399, .T. ) ;
#5300 = DIRECTION ( 'NONE',  ( -1.000000000000000000, -3.239561991697166952E-15, 0.000000000000000000 ) ) ;
#5301 = ORIENTED_EDGE ( 'NONE', *, *, #5100, .T. ) ;
#5302 = ORIENTED_EDGE ( 'NONE', *, *, #1925, .T. ) ;
#5303 = VECTOR ( 'NONE', #1910, 1000.000000000000000 ) ;
#5304 = DATE_TIME_ROLE ( 'classification_date' ) ;
#5305 = LINE ( 'NONE', #4807, #97 ) ;
#5306 = ADVANCED_FACE ( 'NONE', ( #460 ), #2254, .F. ) ;
#5307 = ORIENTED_EDGE ( 'NONE', *, *, #1526, .F. ) ;
#5308 = CARTESIAN_POINT ( 'NONE',  ( 2.999999999999989786, 6.000000000000001776, 25.10000000000000497 ) ) ;
#5309 = ORIENTED_EDGE ( 'NONE', *, *, #1093, .T. ) ;
#5310 = ORIENTED_EDGE ( 'NONE', *, *, #1940, .T. ) ;
#5311 = SECURITY_CLASSIFICATION ( '', '', #2873 ) ;
#5312 = EDGE_CURVE ( 'NONE', #3895, #1360, #4956, .T. ) ;
#5313 = DIRECTION ( 'NONE',  ( -1.189754775659388995E-16, 0.000000000000000000, -1.000000000000000000 ) ) ;
#5314 = CIRCLE ( 'NONE', #3352, 2.999999999999999112 ) ;
#5315 = DIRECTION ( 'NONE',  ( -0.000000000000000000, 1.000000000000000000, -0.000000000000000000 ) ) ;
#5316 = LINE ( 'NONE', #5368, #2367 ) ;
#5317 = VECTOR ( 'NONE', #2305, 1000.000000000000000 ) ;
#5318 = DIRECTION ( 'NONE',  ( 1.000000000000000000, 0.000000000000000000, 0.000000000000000000 ) ) ;
#5319 = DIRECTION ( 'NONE',  ( 2.928627140084648467E-16, 0.000000000000000000, 1.000000000000000000 ) ) ;
#5320 = CARTESIAN_POINT ( 'NONE',  ( -15.00000000000001066, -8.000000000000000000, 21.49999999999999645 ) ) ;
#5321 = CYLINDRICAL_SURFACE ( 'NONE', #4841, 5.000000000000000888 ) ;
#5322 = AXIS2_PLACEMENT_3D ( 'NONE', #4987, #1128, #4745 ) ;
#5323 = CARTESIAN_POINT ( 'NONE',  ( -18.00000000000000711, 46.00000000000000000, 18.49999999999999645 ) ) ;
#5324 = CIRCLE ( 'NONE', #2801, 2.999999999999999112 ) ;
#5325 = ORIENTED_EDGE ( 'NONE', *, *, #3496, .F. ) ;
#5326 = APPROVAL ( #3087, 'UNSPECIFIED' ) ;
#5327 = ADVANCED_FACE ( 'NONE', ( #1395 ), #3181, .F. ) ;
#5328 = LINE ( 'NONE', #2673, #2090 ) ;
#5329 = CYLINDRICAL_SURFACE ( 'NONE', #2316, 3.000000000000000444 ) ;
#5330 = VERTEX_POINT ( 'NONE', #4639 ) ;
#5331 = VERTEX_POINT ( 'NONE', #1491 ) ;
#5332 = AXIS2_PLACEMENT_3D ( 'NONE', #936, #1876, #3670 ) ;
#5333 = EDGE_CURVE ( 'NONE', #2031, #3388, #3357, .T. ) ;
#5334 = PERSON_AND_ORGANIZATION_ROLE ( 'creator' ) ;
#5335 = LINE ( 'NONE', #417, #1614 ) ;
#5336 = CARTESIAN_POINT ( 'NONE',  ( -15.00000000000000711, 39.44861919775701153, -28.50000000000000000 ) ) ;
#5337 = ORIENTED_EDGE ( 'NONE', *, *, #1847, .F. ) ;
#5338 = VECTOR ( 'NONE', #1362, 1000.000000000000000 ) ;
#5339 = EDGE_LOOP ( 'NONE', ( #1510, #649, #507, #2972, #1793, #4626, #637, #5765, #4305, #5493, #199, #3407, #4259, #775, #2964, #4642, #4180, #1837, #5445, #122, #1031, #1074, #742, #4428, #611, #3034 ) ) ;
#5340 = FACE_OUTER_BOUND ( 'NONE', #5774, .T. ) ;
#5341 = AXIS2_PLACEMENT_3D ( 'NONE', #4711, #5554, #2034 ) ;
#5342 = DIRECTION ( 'NONE',  ( 0.000000000000000000, 0.000000000000000000, 1.000000000000000000 ) ) ;
#5343 = AXIS2_PLACEMENT_3D ( 'NONE', #164, #4106, #2927 ) ;
#5344 = CARTESIAN_POINT ( 'NONE',  ( 14.99999999999999467, 13.00000000000000000, -21.50000000000000000 ) ) ;
#5345 = FACE_OUTER_BOUND ( 'NONE', #5296, .T. ) ;
#5346 = EDGE_CURVE ( 'NONE', #3836, #5086, #5138, .T. ) ;
#5347 = CARTESIAN_POINT ( 'NONE',  ( 45.00000000019101520, -7.000000000000000000, 30.30434737003840340 ) ) ;
#5348 = VECTOR ( 'NONE', #2700, 1000.000000000000000 ) ;
#5349 = DIRECTION ( 'NONE',  ( 1.000000000000000000, -0.000000000000000000, 0.000000000000000000 ) ) ;
#5350 = DIRECTION ( 'NONE',  ( 0.000000000000000000, 0.000000000000000000, 1.000000000000000000 ) ) ;
#5351 = ORIENTED_EDGE ( 'NONE', *, *, #4569, .T. ) ;
#5352 = CIRCLE ( 'NONE', #2560, 2.999999999999999112 ) ;
#5353 = DIRECTION ( 'NONE',  ( 0.000000000000000000, 1.000000000000000000, 0.000000000000000000 ) ) ;
#5354 = VECTOR ( 'NONE', #5370, 1000.000000000000000 ) ;
#5355 = CARTESIAN_POINT ( 'NONE',  ( 39.99999999999998579, 3.000000000000000000, -35.53999999999999204 ) ) ;
#5356 = AXIS2_PLACEMENT_3D ( 'NONE', #1756, #2269, #3955 ) ;
#5357 = ORIENTED_EDGE ( 'NONE', *, *, #4662, .F. ) ;
#5358 = EDGE_LOOP ( 'NONE', ( #1061, #751 ) ) ;
#5359 = CALENDAR_DATE ( 2025, 23, 9 ) ;
#5360 = AXIS2_PLACEMENT_3D ( 'NONE', #1055, #138, #1939 ) ;
#5361 = DIRECTION ( 'NONE',  ( 0.000000000000000000, 0.000000000000000000, -1.000000000000000000 ) ) ;
#5362 = EDGE_CURVE ( 'NONE', #5735, #5564, #3669, .T. ) ;
#5363 = CARTESIAN_POINT ( 'NONE',  ( 14.99999999999999289, -8.000000000000000000, 21.49999999999999645 ) ) ;
#5364 = ORIENTED_EDGE ( 'NONE', *, *, #1486, .F. ) ;
#5365 = ORIENTED_EDGE ( 'NONE', *, *, #5393, .T. ) ;
#5366 = DIRECTION ( 'NONE',  ( -0.000000000000000000, 1.000000000000000000, -0.000000000000000000 ) ) ;
#5367 = EDGE_CURVE ( 'NONE', #2886, #4478, #65, .T. ) ;
#5368 = CARTESIAN_POINT ( 'NONE',  ( 2.999999999999990230, 23.00000000000000000, 25.10000000000000497 ) ) ;
#5369 = CYLINDRICAL_SURFACE ( 'NONE', #4754, 2.999999999999999112 ) ;
#5370 = DIRECTION ( 'NONE',  ( 1.000000000000000000, -0.000000000000000000, -0.000000000000000000 ) ) ;
#5371 = CARTESIAN_POINT ( 'NONE',  ( -33.00000000000000000, -5.000000000000000888, -3.000031882232204516 ) ) ;
#5372 = DIRECTION ( 'NONE',  ( 0.000000000000000000, 0.000000000000000000, -1.000000000000000000 ) ) ;
#5373 = CARTESIAN_POINT ( 'NONE',  ( -16.00000000000000355, 46.00000000000000000, -19.50000000000000000 ) ) ;
#5374 = ORIENTED_EDGE ( 'NONE', *, *, #5457, .F. ) ;
#5375 = EDGE_CURVE ( 'NONE', #2650, #3296, #930, .T. ) ;
#5376 = PLANE ( 'NONE',  #1709 ) ;
#5377 = APPLICATION_CONTEXT ( 'configuration controlled 3d designs of mechanical parts and assemblies' ) ;
#5378 = LINE ( 'NONE', #49, #1853 ) ;
#5379 = DIRECTION ( 'NONE',  ( 0.000000000000000000, 1.000000000000000000, -0.000000000000000000 ) ) ;
#5380 = ORIENTED_EDGE ( 'NONE', *, *, #4808, .F. ) ;
#5381 = ORIENTED_EDGE ( 'NONE', *, *, #2292, .F. ) ;
#5382 = CALENDAR_DATE ( 2025, 23, 9 ) ;
#5383 = DIRECTION ( 'NONE',  ( 1.000000000000000000, 0.000000000000000000, 0.000000000000000000 ) ) ;
#5384 = CARTESIAN_POINT ( 'NONE',  ( 37.00000000000000711, 18.00000000000000000, 30.54000000000000270 ) ) ;
#5385 = ORIENTED_EDGE ( 'NONE', *, *, #3815, .F. ) ;
#5386 = ORIENTED_EDGE ( 'NONE', *, *, #3779, .F. ) ;
#5387 = CARTESIAN_POINT ( 'NONE',  ( -45.00000000000000711, -7.000000000000000000, -30.53999999999999559 ) ) ;
#5388 = EDGE_CURVE ( 'NONE', #2971, #1615, #1455, .T. ) ;
#5389 = EDGE_CURVE ( 'NONE', #2676, #4959, #159, .T. ) ;
#5390 = LINE ( 'NONE', #36, #1886 ) ;
#5391 = CARTESIAN_POINT ( 'NONE',  ( 39.99999999999998579, 1.734723475976807094E-15, 25.10000000000000142 ) ) ;
#5392 = ORIENTED_EDGE ( 'NONE', *, *, #5388, .F. ) ;
#5393 = EDGE_CURVE ( 'NONE', #2409, #4863, #1966, .T. ) ;
#5394 = AXIS2_PLACEMENT_3D ( 'NONE', #5555, #3830, #2530 ) ;
#5395 = DIRECTION ( 'NONE',  ( 0.000000000000000000, 0.000000000000000000, 1.000000000000000000 ) ) ;
#5396 = APPROVAL_PERSON_ORGANIZATION ( #52, #2933, #3165 ) ;
#5397 = DIRECTION ( 'NONE',  ( 0.000000000000000000, 0.000000000000000000, 1.000000000000000000 ) ) ;
#5398 = CYLINDRICAL_SURFACE ( 'NONE', #3748, 1.999999999734693112 ) ;
#5399 = LINE ( 'NONE', #3557, #361 ) ;
#5400 = DIRECTION ( 'NONE',  ( -0.000000000000000000, -0.000000000000000000, -1.000000000000000000 ) ) ;
#5401 = CIRCLE ( 'NONE', #739, 3.000000000000002665 ) ;
#5402 = ORIENTED_EDGE ( 'NONE', *, *, #703, .T. ) ;
#5403 = DIRECTION ( 'NONE',  ( -0.000000000000000000, -1.000000000000000000, -0.000000000000000000 ) ) ;
#5404 = AXIS2_PLACEMENT_3D ( 'NONE', #1933, #632, #4129 ) ;
#5405 = VECTOR ( 'NONE', #987, 1000.000000000000000 ) ;
#5406 = LINE ( 'NONE', #2674, #4650 ) ;
#5407 = DIRECTION ( 'NONE',  ( -0.000000000000000000, -1.000000000000000000, -0.000000000000000000 ) ) ;
#5408 = ORIENTED_EDGE ( 'NONE', *, *, #914, .T. ) ;
#5409 = VERTEX_POINT ( 'NONE', #5046 ) ;
#5410 = EDGE_CURVE ( 'NONE', #1237, #862, #5455, .T. ) ;
#5411 = COORDINATED_UNIVERSAL_TIME_OFFSET ( 7, 0, .AHEAD. ) ;
#5412 = CARTESIAN_POINT ( 'NONE',  ( 22.99999999999998934, 22.31639237894032135, 2.399999999999999023 ) ) ;
#5413 = EDGE_CURVE ( 'NONE', #1621, #4009, #4132, .T. ) ;
#5414 = CARTESIAN_POINT ( 'NONE',  ( -12.00000000000000711, 39.44861919775701153, 28.50000000000000000 ) ) ;
#5415 = ORIENTED_EDGE ( 'NONE', *, *, #3184, .F. ) ;
#5416 = CARTESIAN_POINT ( 'NONE',  ( -24.75000000000000000, 7.999999999999998224, -35.98851452574947274 ) ) ;
#5417 = ORIENTED_EDGE ( 'NONE', *, *, #2544, .T. ) ;
#5418 = ORIENTED_EDGE ( 'NONE', *, *, #915, .F. ) ;
#5419 = CARTESIAN_POINT ( 'NONE',  ( 22.99999999999998934, 22.31639237894032135, -1.734723475976807094E-15 ) ) ;
#5420 = DIRECTION ( 'NONE',  ( 0.000000000000000000, 1.000000000000000000, 0.000000000000000000 ) ) ;
#5421 = EDGE_LOOP ( 'NONE', ( #4366, #3258, #4311, #3794 ) ) ;
#5422 = EDGE_CURVE ( 'NONE', #2853, #5588, #574, .T. ) ;
#5423 = VECTOR ( 'NONE', #5626, 1000.000000000000000 ) ;
#5424 = PLANE ( 'NONE',  #1590 ) ;
#5425 = DIRECTION ( 'NONE',  ( -0.000000000000000000, 1.000000000000000000, -0.000000000000000000 ) ) ;
#5426 = DIRECTION ( 'NONE',  ( -0.000000000000000000, 1.000000000000000000, -0.000000000000000000 ) ) ;
#5427 = CARTESIAN_POINT ( 'NONE',  ( -1.734723475976807094E-15, 27.44861919775700443, -24.10000000000000142 ) ) ;
#5428 = CARTESIAN_POINT ( 'NONE',  ( 0.000000000000000000, 41.00000000000000000, 0.000000000000000000 ) ) ;
#5429 = AXIS2_PLACEMENT_3D ( 'NONE', #3021, #3859, #5738 ) ;
#5430 = EDGE_CURVE ( 'NONE', #5330, #3113, #1019, .T. ) ;
#5431 = ORIENTED_EDGE ( 'NONE', *, *, #3507, .F. ) ;
#5432 = AXIS2_PLACEMENT_3D ( 'NONE', #2458, #5143, #1497 ) ;
#5433 = LINE ( 'NONE', #1821, #2999 ) ;
#5434 = DESIGN_CONTEXT ( 'detailed design', #2994, 'design' ) ;
#5435 = LINE ( 'NONE', #77, #1382 ) ;
#5436 = ORIENTED_EDGE ( 'NONE', *, *, #4079, .T. ) ;
#5437 = VECTOR ( 'NONE', #776, 1000.000000000000000 ) ;
#5438 = EDGE_LOOP ( 'NONE', ( #1361, #1556, #3705, #3382 ) ) ;
#5439 = CALENDAR_DATE ( 2025, 23, 9 ) ;
#5440 = CARTESIAN_POINT ( 'NONE',  ( -2.466082893448629597E-15, 18.00000000000000000, -35.53999999999999915 ) ) ;
#5441 = CIRCLE ( 'NONE', #2931, 5.000000000000000888 ) ;
#5442 = DIRECTION ( 'NONE',  ( 0.000000000000000000, 0.000000000000000000, 1.000000000000000000 ) ) ;
#5443 = FACE_OUTER_BOUND ( 'NONE', #3916, .T. ) ;
#5444 = CARTESIAN_POINT ( 'NONE',  ( -31.05395286684827383, 3.000000000000000000, 33.64095925806566356 ) ) ;
#5445 = ORIENTED_EDGE ( 'NONE', *, *, #2104, .F. ) ;
#5446 = ORIENTED_EDGE ( 'NONE', *, *, #1577, .T. ) ;
#5447 = VECTOR ( 'NONE', #4565, 1000.000000000000000 ) ;
#5448 = DIRECTION ( 'NONE',  ( 0.000000000000000000, 0.000000000000000000, -1.000000000000000000 ) ) ;
#5449 = ORIENTED_EDGE ( 'NONE', *, *, #1007, .T. ) ;
#5450 = CARTESIAN_POINT ( 'NONE',  ( -27.99999999999998934, 27.44861919775700443, 18.49999999999999645 ) ) ;
#5451 = VERTEX_POINT ( 'NONE', #2421 ) ;
#5452 = VECTOR ( 'NONE', #1648, 1000.000000000000000 ) ;
#5453 = FACE_OUTER_BOUND ( 'NONE', #5111, .T. ) ;
#5454 = LINE ( 'NONE', #2022, #2795 ) ;
#5455 = LINE ( 'NONE', #1051, #4377 ) ;
#5456 = PLANE ( 'NONE',  #4548 ) ;
#5457 = EDGE_CURVE ( 'NONE', #2361, #3925, #4220, .T. ) ;
#5458 = ORIENTED_EDGE ( 'NONE', *, *, #2122, .T. ) ;
#5459 = EDGE_CURVE ( 'NONE', #1569, #1412, #608, .T. ) ;
#5460 = CARTESIAN_POINT ( 'NONE',  ( 7.999999999999992895, 9.999999999999996447, 19.50000000000000000 ) ) ;
#5461 = FACE_BOUND ( 'NONE', #2829, .T. ) ;
#5462 = EDGE_CURVE ( 'NONE', #500, #2321, #1693, .T. ) ;
#5463 = CARTESIAN_POINT ( 'NONE',  ( 37.00000000000000711, 23.00000000000000000, 30.54000000000000625 ) ) ;
#5464 = DIRECTION ( 'NONE',  ( 1.334402673828313339E-16, -1.000000000000000000, 0.000000000000000000 ) ) ;
#5465 = EDGE_LOOP ( 'NONE', ( #3655, #2161, #4978, #2397 ) ) ;
#5466 = ORIENTED_EDGE ( 'NONE', *, *, #3141, .T. ) ;
#5467 = CLOSED_SHELL ( 'NONE', ( #96, #2009, #3118, #2285, #5009, #2797, #2864 ) ) ;
#5468 = PERSON_AND_ORGANIZATION_ROLE ( 'design_owner' ) ;
#5469 = EDGE_CURVE ( 'NONE', #4427, #500, #4250, .T. ) ;
#5470 = DIRECTION ( 'NONE',  ( 0.000000000000000000, 1.000000000000000000, 0.000000000000000000 ) ) ;
#5471 = DIRECTION ( 'NONE',  ( 0.000000000000000000, 0.000000000000000000, -1.000000000000000000 ) ) ;
#5472 = ORIENTED_EDGE ( 'NONE', *, *, #1708, .F. ) ;
#5473 = DIRECTION ( 'NONE',  ( -3.779353978162978345E-17, 0.000000000000000000, 1.000000000000000000 ) ) ;
#5474 = ORIENTED_EDGE ( 'NONE', *, *, #5057, .T. ) ;
#5475 = VERTEX_POINT ( 'NONE', #2804 ) ;
#5476 = LINE ( 'NONE', #1571, #3387 ) ;
#5477 = LINE ( 'NONE', #982, #1796 ) ;
#5478 = ORIENTED_EDGE ( 'NONE', *, *, #2290, .T. ) ;
#5479 = DIRECTION ( 'NONE',  ( 1.000000000000000000, 0.000000000000000000, 0.000000000000000000 ) ) ;
#5480 = ORIENTED_EDGE ( 'NONE', *, *, #1071, .F. ) ;
#5481 = ADVANCED_FACE ( 'NONE', ( #1525 ), #3329, .T. ) ;
#5482 = LINE ( 'NONE', #4156, #268 ) ;
#5483 = DIRECTION ( 'NONE',  ( 0.000000000000000000, -1.000000000000000000, 0.000000000000000000 ) ) ;
#5484 = LINE ( 'NONE', #103, #3429 ) ;
#5485 = EDGE_LOOP ( 'NONE', ( #5446, #2699, #1550, #3411 ) ) ;
#5486 = AXIS2_PLACEMENT_3D ( 'NONE', #3799, #2436, #5620 ) ;
#5487 = APPROVAL_PERSON_ORGANIZATION ( #5657, #5183, #4776 ) ;
#5488 = DIRECTION ( 'NONE',  ( 1.000000000000000000, 0.000000000000000000, 0.000000000000000000 ) ) ;
#5489 = CYLINDRICAL_SURFACE ( 'NONE', #2750, 2.999999999999999112 ) ;
#5490 = PLANE ( 'NONE',  #5432 ) ;
#5491 = DIRECTION ( 'NONE',  ( 0.000000000000000000, 0.000000000000000000, 1.000000000000000000 ) ) ;
#5492 = AXIS2_PLACEMENT_3D ( 'NONE', #2609, #5701, #5179 ) ;
#5493 = ORIENTED_EDGE ( 'NONE', *, *, #5123, .T. ) ;
#5494 = ORIENTED_EDGE ( 'NONE', *, *, #3896, .F. ) ;
#5495 = CC_DESIGN_DATE_AND_TIME_ASSIGNMENT ( #2405, #4768, ( #4465 ) ) ;
#5496 = EDGE_CURVE ( 'NONE', #748, #3686, #1936, .T. ) ;
#5497 = VECTOR ( 'NONE', #1102, 1000.000000000000000 ) ;
#5498 = CALENDAR_DATE ( 2025, 23, 9 ) ;
#5499 = CIRCLE ( 'NONE', #3625, 1.999999999734693112 ) ;
#5500 = DIRECTION ( 'NONE',  ( 0.000000000000000000, 1.000000000000000000, 0.000000000000000000 ) ) ;
#5501 = PLANE ( 'NONE',  #2696 ) ;
#5502 = DIRECTION ( 'NONE',  ( 0.000000000000000000, 0.000000000000000000, -1.000000000000000000 ) ) ;
#5503 = VERTEX_POINT ( 'NONE', #1105 ) ;
#5504 = ORIENTED_EDGE ( 'NONE', *, *, #205, .T. ) ;
#5505 = EDGE_CURVE ( 'NONE', #4002, #5666, #2060, .T. ) ;
#5506 = DIRECTION ( 'NONE',  ( -9.396418828207704437E-16, -1.000000000000000000, -0.000000000000000000 ) ) ;
#5507 = CARTESIAN_POINT ( 'NONE',  ( 36.99999999999999289, 6.000000000000001776, -25.10000000000000142 ) ) ;
#5508 = ORIENTED_EDGE ( 'NONE', *, *, #171, .T. ) ;
#5509 = CARTESIAN_POINT ( 'NONE',  ( -1.127570259384924611E-14, 18.00000000000000000, -35.53999999999999915 ) ) ;
#5510 = ORIENTED_EDGE ( 'NONE', *, *, #4809, .F. ) ;
#5511 = VECTOR ( 'NONE', #1399, 1000.000000000000000 ) ;
#5512 = DIRECTION ( 'NONE',  ( -1.000000000000000000, 0.000000000000000000, 0.000000000000000000 ) ) ;
#5513 = LINE ( 'NONE', #4185, #759 ) ;
#5514 = DIRECTION ( 'NONE',  ( 0.000000000000000000, -0.000000000000000000, -1.000000000000000000 ) ) ;
#5515 = DIRECTION ( 'NONE',  ( -1.000000000000000000, -0.000000000000000000, 2.928627140084648467E-16 ) ) ;
#5516 = VECTOR ( 'NONE', #5594, 1000.000000000000000 ) ;
#5517 = VERTEX_POINT ( 'NONE', #4063 ) ;
#5518 = DIRECTION ( 'NONE',  ( 0.000000000000000000, 1.000000000000000000, 0.000000000000000000 ) ) ;
#5519 = CIRCLE ( 'NONE', #479, 2.399999999999999467 ) ;
#5520 = CARTESIAN_POINT ( 'NONE',  ( 37.00000000000000711, 3.000000000000000000, 35.53999999999999915 ) ) ;
#5521 = EDGE_LOOP ( 'NONE', ( #2233, #4094, #3354, #144 ) ) ;
#5522 = EDGE_LOOP ( 'NONE', ( #4781, #5449, #1806, #4778, #4499, #758, #2197, #150 ) ) ;
#5523 = AXIS2_PLACEMENT_3D ( 'NONE', #2096, #5651, #2989 ) ;
#5524 = PERSON_AND_ORGANIZATION_ROLE ( 'classification_officer' ) ;
#5525 = CARTESIAN_POINT ( 'NONE',  ( -1.734723475976807094E-15, 27.44861919775700443, 28.89999999999999858 ) ) ;
#5526 = CARTESIAN_POINT ( 'NONE',  ( 39.99999999999998579, 23.00000000000000000, -35.53999999999999204 ) ) ;
#5527 = ADVANCED_FACE ( 'NONE', ( #4878 ), #5369, .T. ) ;
#5528 = VECTOR ( 'NONE', #1514, 1000.000000000000000 ) ;
#5529 = LINE ( 'NONE', #4083, #5447 ) ;
#5530 = ORIENTED_EDGE ( 'NONE', *, *, #1847, .T. ) ;
#5531 = EDGE_CURVE ( 'NONE', #5564, #74, #3264, .T. ) ;
#5532 = ORIENTED_EDGE ( 'NONE', *, *, #4948, .T. ) ;
#5533 = APPLICATION_PROTOCOL_DEFINITION ( 'international standard', 'config_control_design', 1994, #5377 ) ;
#5534 = LINE ( 'NONE', #1928, #1624 ) ;
#5535 = CIRCLE ( 'NONE', #5632, 2.399999999999999467 ) ;
#5536 = CARTESIAN_POINT ( 'NONE',  ( -3.000000000000003109, 2.818925648462314289E-15, 40.64095925806566356 ) ) ;
#5537 = EDGE_CURVE ( 'NONE', #3911, #3426, #4515, .T. ) ;
#5538 = EDGE_LOOP ( 'NONE', ( #161, #3433, #4117, #724 ) ) ;
#5539 = DIRECTION ( 'NONE',  ( 0.000000000000000000, 1.000000000000000000, -0.000000000000000000 ) ) ;
#5540 = ORIENTED_EDGE ( 'NONE', *, *, #61, .T. ) ;
#5541 = AXIS2_PLACEMENT_3D ( 'NONE', #418, #1804, #2732 ) ;
#5542 = ORIENTED_EDGE ( 'NONE', *, *, #1450, .T. ) ;
#5543 = DIRECTION ( 'NONE',  ( -0.000000000000000000, -0.000000000000000000, 1.000000000000000000 ) ) ;
#5544 = EDGE_CURVE ( 'NONE', #3704, #2879, #1813, .T. ) ;
#5545 = LINE ( 'NONE', #1490, #4664 ) ;
#5546 = CARTESIAN_POINT ( 'NONE',  ( -22.99999999999998934, 39.31639237894030714, -1.734723475976807094E-15 ) ) ;
#5547 = DIRECTION ( 'NONE',  ( -0.000000000000000000, 1.000000000000000000, -0.000000000000000000 ) ) ;
#5548 = ORIENTED_EDGE ( 'NONE', *, *, #5788, .F. ) ;
#5549 = EDGE_CURVE ( 'NONE', #5475, #965, #3099, .T. ) ;
#5550 = DIRECTION ( 'NONE',  ( -0.000000000000000000, -1.000000000000000000, 0.000000000000000000 ) ) ;
#5551 = DIRECTION ( 'NONE',  ( -1.000000000000000000, 0.000000000000000000, 0.000000000000000000 ) ) ;
#5552 = VERTEX_POINT ( 'NONE', #512 ) ;
#5553 = VERTEX_POINT ( 'NONE', #2666 ) ;
#5554 = DIRECTION ( 'NONE',  ( -0.000000000000000000, -1.000000000000000000, -0.000000000000000000 ) ) ;
#5555 = CARTESIAN_POINT ( 'NONE',  ( -31.05394252513385922, 3.000000000000000000, -43.38851452574947132 ) ) ;
#5556 = ORIENTED_EDGE ( 'NONE', *, *, #4991, .F. ) ;
#5557 = ORIENTED_EDGE ( 'NONE', *, *, #5362, .T. ) ;
#5558 = EDGE_CURVE ( 'NONE', #699, #1262, #2615, .T. ) ;
#5559 = PERSON_AND_ORGANIZATION ( #1521, #4168 ) ;
#5560 = PLANE ( 'NONE',  #4695 ) ;
#5561 = LINE ( 'NONE', #1604, #1987 ) ;
#5562 = ORIENTED_EDGE ( 'NONE', *, *, #353, .F. ) ;
#5563 = CARTESIAN_POINT ( 'NONE',  ( -12.00000000000000711, 39.44861919775701153, 28.50000000000000000 ) ) ;
#5564 = VERTEX_POINT ( 'NONE', #2250 ) ;
#5565 = ADVANCED_FACE ( 'NONE', ( #901 ), #5424, .T. ) ;
#5566 = ADVANCED_FACE ( 'NONE', ( #4012, #1392 ), #426, .T. ) ;
#5567 = DIRECTION ( 'NONE',  ( -0.000000000000000000, 1.000000000000000000, -0.000000000000000000 ) ) ;
#5568 = CARTESIAN_POINT ( 'NONE',  ( 4.999999999999993783, -1.102182119232617911E-15, -21.50000000000000000 ) ) ;
#5569 = CARTESIAN_POINT ( 'NONE',  ( -6.250000000000002665, 7.999999999999998224, -35.98851452574947984 ) ) ;
#5570 = ORIENTED_EDGE ( 'NONE', *, *, #3835, .T. ) ;
#5571 = ADVANCED_FACE ( 'NONE', ( #3985 ), #485, .F. ) ;
#5572 = VECTOR ( 'NONE', #2806, 1000.000000000000000 ) ;
#5573 = DIRECTION ( 'NONE',  ( -0.000000000000000000, 1.000000000000000000, -0.000000000000000000 ) ) ;
#5574 = DIRECTION ( 'NONE',  ( 0.000000000000000000, -1.000000000000000000, 0.000000000000000000 ) ) ;
#5575 = DIRECTION ( 'NONE',  ( 0.000000000000000000, 0.000000000000000000, -1.000000000000000000 ) ) ;
#5576 = CARTESIAN_POINT ( 'NONE',  ( -45.00000000000000711, 3.000000000000000000, 29.04000000000000270 ) ) ;
#5577 = ORIENTED_EDGE ( 'NONE', *, *, #1113, .T. ) ;
#5578 = CC_DESIGN_SECURITY_CLASSIFICATION ( #3253, ( #5684 ) ) ;
#5579 = VERTEX_POINT ( 'NONE', #3178 ) ;
#5580 = DATE_TIME_ROLE ( 'classification_date' ) ;
#5581 = AXIS2_PLACEMENT_3D ( 'NONE', #4047, #995, #3643 ) ;
#5582 = CARTESIAN_POINT ( 'NONE',  ( -33.00000000000000000, -4.999999999999999112, 3.000031882232204072 ) ) ;
#5583 = FACE_OUTER_BOUND ( 'NONE', #5284, .T. ) ;
#5584 = APPROVAL_PERSON_ORGANIZATION ( #2033, #928, #1503 ) ;
#5585 = DIRECTION ( 'NONE',  ( 0.000000000000000000, 1.000000000000000000, 0.000000000000000000 ) ) ;
#5586 = FACE_OUTER_BOUND ( 'NONE', #5662, .T. ) ;
#5587 = EDGE_LOOP ( 'NONE', ( #2947, #1069, #3442, #1849 ) ) ;
#5588 = VERTEX_POINT ( 'NONE', #4435 ) ;
#5589 = EDGE_CURVE ( 'NONE', #5024, #3662, #985, .T. ) ;
#5590 = VECTOR ( 'NONE', #958, 1000.000000000000000 ) ;
#5591 = LOCAL_TIME ( 2, 41, 34.00000000000000000, #3312 ) ;
#5592 = APPLICATION_PROTOCOL_DEFINITION ( 'international standard', 'config_control_design', 1994, #1996 ) ;
#5593 = CARTESIAN_POINT ( 'NONE',  ( -31.05394252513385922, 0.000000000000000000, -40.38851452574947132 ) ) ;
#5594 = DIRECTION ( 'NONE',  ( 1.000000000000000000, -0.000000000000000000, -9.762090466948830279E-17 ) ) ;
#5595 = EDGE_LOOP ( 'NONE', ( #5431, #3266, #2753, #2162 ) ) ;
#5596 = DIRECTION ( 'NONE',  ( 0.000000000000000000, 0.000000000000000000, -1.000000000000000000 ) ) ;
#5597 = ORIENTED_EDGE ( 'NONE', *, *, #2751, .F. ) ;
#5598 = VERTEX_POINT ( 'NONE', #4040 ) ;
#5599 = PRODUCT_DEFINITION_SHAPE ( 'NONE', 'NONE',  #2364 ) ;
#5600 = LINE ( 'NONE', #2774, #313 ) ;
#5601 = CARTESIAN_POINT ( 'NONE',  ( -15.00000000000000711, 0.000000000000000000, 21.49999999999999645 ) ) ;
#5602 = CC_DESIGN_DATE_AND_TIME_ASSIGNMENT ( #5744, #1241, ( #4955 ) ) ;
#5603 = DIRECTION ( 'NONE',  ( 0.000000000000000000, 0.000000000000000000, -1.000000000000000000 ) ) ;
#5604 = EDGE_CURVE ( 'NONE', #1930, #2971, #1904, .T. ) ;
#5605 = VERTEX_POINT ( 'NONE', #39 ) ;
#5606 = AXIS2_PLACEMENT_3D ( 'NONE', #75, #1879, #139 ) ;
#5607 = CYLINDRICAL_SURFACE ( 'NONE', #4979, 2.399999999999999467 ) ;
#5608 = LINE ( 'NONE', #4286, #9 ) ;
#5609 = DIRECTION ( 'NONE',  ( -1.000000000000000000, -0.000000000000000000, -0.000000000000000000 ) ) ;
#5610 = EDGE_CURVE ( 'NONE', #3469, #3255, #1787, .T. ) ;
#5611 = CARTESIAN_POINT ( 'NONE',  ( 14.99999999999999645, 46.00000000000000000, -21.50000000000000000 ) ) ;
#5612 = DIRECTION ( 'NONE',  ( -0.000000000000000000, -1.000000000000000000, -0.000000000000000000 ) ) ;
#5613 = AXIS2_PLACEMENT_3D ( 'NONE', #1307, #367, #2172 ) ;
#5614 = ORIENTED_EDGE ( 'NONE', *, *, #4463, .T. ) ;
#5615 = ORIENTED_EDGE ( 'NONE', *, *, #2510, .F. ) ;
#5616 = CARTESIAN_POINT ( 'NONE',  ( 683.6809545453029386, 850.9138182582801164, 1294.619496245764367 ) ) ;
#5617 = CALENDAR_DATE ( 2025, 23, 9 ) ;
#5618 = AXIS2_PLACEMENT_3D ( 'NONE', #116, #4447, #2701 ) ;
#5619 = CARTESIAN_POINT ( 'NONE',  ( -27.99999999999998934, 39.31639237894030714, 18.49999999999999645 ) ) ;
#5620 = DIRECTION ( 'NONE',  ( 0.000000000000000000, 0.000000000000000000, 1.000000000000000000 ) ) ;
#5621 = EDGE_LOOP ( 'NONE', ( #5049, #4566, #3587, #3033, #3482, #5056, #3227, #5792, #1630 ) ) ;
#5622 = AXIS2_PLACEMENT_3D ( 'NONE', #1558, #3334, #2953 ) ;
#5623 = ORIENTED_EDGE ( 'NONE', *, *, #5544, .F. ) ;
#5624 = CARTESIAN_POINT ( 'NONE',  ( 24.99999999999998934, 39.31639237894030714, 15.49999999999999645 ) ) ;
#5625 = SECURITY_CLASSIFICATION_LEVEL ( 'unclassified' ) ;
#5626 = DIRECTION ( 'NONE',  ( 1.000000000000000000, 0.000000000000000000, 0.000000000000000000 ) ) ;
#5627 = EDGE_CURVE ( 'NONE', #5242, #3483, #3663, .T. ) ;
#5628 = ORIENTED_EDGE ( 'NONE', *, *, #1612, .F. ) ;
#5629 = CYLINDRICAL_SURFACE ( 'NONE', #5271, 1.499999999999997780 ) ;
#5630 = ORIENTED_EDGE ( 'NONE', *, *, #4095, .T. ) ;
#5631 = ORIENTED_EDGE ( 'NONE', *, *, #5531, .T. ) ;
#5632 = AXIS2_PLACEMENT_3D ( 'NONE', #3175, #1417, #3553 ) ;
#5633 = EDGE_CURVE ( 'NONE', #94, #3727, #4469, .T. ) ;
#5634 = VECTOR ( 'NONE', #5757, 1000.000000000000000 ) ;
#5635 = DIRECTION ( 'NONE',  ( 0.000000000000000000, 0.000000000000000000, -1.000000000000000000 ) ) ;
#5636 = DIRECTION ( 'NONE',  ( 0.000000000000000000, -1.000000000000000000, 0.000000000000000000 ) ) ;
#5637 = VECTOR ( 'NONE', #2437, 1000.000000000000000 ) ;
#5638 = LINE ( 'NONE', #1167, #3657 ) ;
#5639 = EDGE_LOOP ( 'NONE', ( #4049, #521, #2295, #4870 ) ) ;
#5640 = VECTOR ( 'NONE', #4307, 1000.000000000000000 ) ;
#5641 = FACE_BOUND ( 'NONE', #623, .T. ) ;
#5642 = FACE_OUTER_BOUND ( 'NONE', #4572, .T. ) ;
#5643 = DIRECTION ( 'NONE',  ( -2.440522616737207262E-17, 0.000000000000000000, -1.000000000000000000 ) ) ;
#5644 = DIRECTION ( 'NONE',  ( 0.000000000000000000, 0.000000000000000000, 1.000000000000000000 ) ) ;
#5645 = VECTOR ( 'NONE', #5547, 1000.000000000000000 ) ;
#5646 = VERTEX_POINT ( 'NONE', #2335 ) ;
#5647 = ORIENTED_EDGE ( 'NONE', *, *, #4368, .T. ) ;
#5648 = EDGE_CURVE ( 'NONE', #2601, #1030, #3554, .T. ) ;
#5649 = ADVANCED_FACE ( 'NONE', ( #3724 ), #3300, .T. ) ;
#5650 = PERSON_AND_ORGANIZATION_ROLE ( 'classification_officer' ) ;
#5651 = DIRECTION ( 'NONE',  ( -0.000000000000000000, 1.000000000000000000, -0.000000000000000000 ) ) ;
#5652 = CARTESIAN_POINT ( 'NONE',  ( 39.99999999999998579, 3.000000000000002665, -25.10000000000000142 ) ) ;
#5653 = ORIENTED_EDGE ( 'NONE', *, *, #1592, .F. ) ;
#5654 = ORIENTED_EDGE ( 'NONE', *, *, #3408, .T. ) ;
#5655 = CARTESIAN_POINT ( 'NONE',  ( -18.00000000000000711, 0.000000000000000000, -21.50000000000000000 ) ) ;
#5656 = EDGE_CURVE ( 'NONE', #3772, #3839, #4557, .T. ) ;
#5657 = PERSON_AND_ORGANIZATION ( #1521, #4168 ) ;
#5658 = CARTESIAN_POINT ( 'NONE',  ( -12.00000000000000711, 13.00000000000000000, 19.50000000000000000 ) ) ;
#5659 = ORIENTED_EDGE ( 'NONE', *, *, #1582, .T. ) ;
#5660 = LINE ( 'NONE', #2076, #1344 ) ;
#5661 = ORIENTED_EDGE ( 'NONE', *, *, #1551, .F. ) ;
#5662 = EDGE_LOOP ( 'NONE', ( #1956, #1038, #2139, #215 ) ) ;
#5663 = DIRECTION ( 'NONE',  ( 0.000000000000000000, -1.000000000000000000, 0.000000000000000000 ) ) ;
#5664 = DIRECTION ( 'NONE',  ( 0.000000000000000000, 1.000000000000000000, 0.000000000000000000 ) ) ;
#5665 = DIRECTION ( 'NONE',  ( -1.000000000000000000, 0.000000000000000000, 0.000000000000000000 ) ) ;
#5666 = VERTEX_POINT ( 'NONE', #3694 ) ;
#5667 = PLANE ( 'NONE',  #979 ) ;
#5668 = EDGE_CURVE ( 'NONE', #4269, #2322, #4663, .T. ) ;
#5669 = FACE_OUTER_BOUND ( 'NONE', #2223, .T. ) ;
#5670 = CARTESIAN_POINT ( 'NONE',  ( -27.99999999999998934, 27.44861919775700443, 18.49999999999999645 ) ) ;
#5671 = LINE ( 'NONE', #852, #2887 ) ;
#5672 = ORIENTED_EDGE ( 'NONE', *, *, #4429, .T. ) ;
#5673 = VERTEX_POINT ( 'NONE', #4154 ) ;
#5674 = CARTESIAN_POINT ( 'NONE',  ( -6.250000000000002665, 7.999999999999998224, -38.38851452574947842 ) ) ;
#5675 = DIRECTION ( 'NONE',  ( 0.000000000000000000, -0.000000000000000000, -1.000000000000000000 ) ) ;
#5676 = DIRECTION ( 'NONE',  ( -1.000000000000000000, 0.000000000000000000, 0.000000000000000000 ) ) ;
#5677 = CC_DESIGN_PERSON_AND_ORGANIZATION_ASSIGNMENT ( #3514, #5334, ( #2697 ) ) ;
#5678 = ORIENTED_EDGE ( 'NONE', *, *, #4701, .F. ) ;
#5679 = ORIENTED_EDGE ( 'NONE', *, *, #4606, .T. ) ;
#5680 = ADVANCED_FACE ( 'NONE', ( #3237 ), #2861, .F. ) ;
#5681 = VECTOR ( 'NONE', #2752, 1000.000000000000000 ) ;
#5682 = APPLICATION_PROTOCOL_DEFINITION ( 'international standard', 'config_control_design', 1994, #4962 ) ;
#5683 = PLANE ( 'NONE',  #1999 ) ;
#5684 = PRODUCT_DEFINITION_FORMATION_WITH_SPECIFIED_SOURCE ( 'ANY', '', #1712, .NOT_KNOWN. ) ;
#5685 = CARTESIAN_POINT ( 'NONE',  ( 37.00000000000000711, 23.00000000000000000, 25.09999999999999787 ) ) ;
#5686 = ORIENTED_EDGE ( 'NONE', *, *, #1763, .T. ) ;
#5687 = ADVANCED_FACE ( 'NONE', ( #5010 ), #1523, .T. ) ;
#5688 = LINE ( 'NONE', #4913, #4034 ) ;
#5689 = VECTOR ( 'NONE', #3608, 1000.000000000000000 ) ;
#5690 = ORIENTED_EDGE ( 'NONE', *, *, #1349, .F. ) ;
#5691 = ORIENTED_EDGE ( 'NONE', *, *, #3038, .T. ) ;
#5692 = AXIS2_PLACEMENT_3D ( 'NONE', #5344, #4096, #1421 ) ;
#5693 = LINE ( 'NONE', #2575, #567 ) ;
#5694 = VECTOR ( 'NONE', #4874, 1000.000000000000000 ) ;
#5695 = CARTESIAN_POINT ( 'NONE',  ( -18.00000000000000711, 46.00000000000000000, -18.50000000000000000 ) ) ;
#5696 = DIRECTION ( 'NONE',  ( 0.000000000000000000, 0.000000000000000000, -1.000000000000000000 ) ) ;
#5697 = DIRECTION ( 'NONE',  ( -0.000000000000000000, -0.000000000000000000, 1.000000000000000000 ) ) ;
#5698 = CARTESIAN_POINT ( 'NONE',  ( 7.999999999999992895, 12.99999999999999467, -19.50000000000000000 ) ) ;
#5699 = CARTESIAN_POINT ( 'NONE',  ( 14.99999999999999645, 0.000000000000000000, 19.50000000000000000 ) ) ;
#5700 = LINE ( 'NONE', #3041, #3341 ) ;
#5701 = DIRECTION ( 'NONE',  ( 1.000000000000000000, -0.000000000000000000, 0.000000000000000000 ) ) ;
#5702 = EDGE_CURVE ( 'NONE', #3426, #86, #4635, .T. ) ;
#5703 = PLANE ( 'NONE',  #4126 ) ;
#5704 = ORIENTED_EDGE ( 'NONE', *, *, #526, .T. ) ;
#5705 = ORIENTED_EDGE ( 'NONE', *, *, #1530, .F. ) ;
#5706 = CARTESIAN_POINT ( 'NONE',  ( 0.000000000000000000, 0.000000000000000000, 0.000000000000000000 ) ) ;
#5707 = AXIS2_PLACEMENT_3D ( 'NONE', #5373, #905, #4462 ) ;
#5708 = CARTESIAN_POINT ( 'NONE',  ( -24.99999999999998934, 39.31639237894030714, -18.50000000000000000 ) ) ;
#5709 = CARTESIAN_POINT ( 'NONE',  ( -1.440808244181442384E-15, 39.44861919775701153, -28.89999999999999858 ) ) ;
#5710 = VERTEX_POINT ( 'NONE', #189 ) ;
#5711 = ORIENTED_EDGE ( 'NONE', *, *, #2243, .T. ) ;
#5712 = AXIS2_PLACEMENT_3D ( 'NONE', #3204, #478, #5448 ) ;
#5713 = APPROVAL_DATE_TIME ( #3435, #1426 ) ;
#5714 = EDGE_CURVE ( 'NONE', #3058, #23, #545, .T. ) ;
#5715 = DIRECTION ( 'NONE',  ( 1.000000000000000000, -0.000000000000000000, 0.000000000000000000 ) ) ;
#5716 = ORIENTED_EDGE ( 'NONE', *, *, #25, .F. ) ;
#5717 = CARTESIAN_POINT ( 'NONE',  ( 14.99999999999999645, 39.44861919775701153, -28.50000000000000000 ) ) ;
#5718 = ORIENTED_EDGE ( 'NONE', *, *, #2870, .F. ) ;
#5719 = ORIENTED_EDGE ( 'NONE', *, *, #603, .F. ) ;
#5720 = CIRCLE ( 'NONE', #2644, 2.400000000000000799 ) ;
#5721 = ADVANCED_FACE ( 'NONE', ( #4184 ), #3754, .F. ) ;
#5722 = PLANE ( 'NONE',  #192 ) ;
#5723 = DIRECTION ( 'NONE',  ( 1.000000000000000000, 0.000000000000000000, -6.938893903907229610E-17 ) ) ;
#5724 = PLANE ( 'NONE',  #2736 ) ;
#5725 = VECTOR ( 'NONE', #2605, 1000.000000000000000 ) ;
#5726 = EDGE_CURVE ( 'NONE', #5666, #2289, #5135, .T. ) ;
#5727 = AXIS2_PLACEMENT_3D ( 'NONE', #4374, #2174, #847 ) ;
#5728 = DIRECTION ( 'NONE',  ( -0.000000000000000000, 1.000000000000000000, -0.000000000000000000 ) ) ;
#5729 = CARTESIAN_POINT ( 'NONE',  ( 17.99999999999999289, -5.000000000000000000, -18.50000000000000000 ) ) ;
#5730 = DIRECTION ( 'NONE',  ( 0.000000000000000000, 0.000000000000000000, -1.000000000000000000 ) ) ;
#5731 = CARTESIAN_POINT ( 'NONE',  ( -6.250000000000002665, 7.999999999999998224, -38.38851452574947842 ) ) ;
#5732 = DIRECTION ( 'NONE',  ( -1.000000000000000000, 0.000000000000000000, -0.000000000000000000 ) ) ;
#5733 = EDGE_LOOP ( 'NONE', ( #4146, #570, #4655, #5163 ) ) ;
#5734 = AXIS2_PLACEMENT_3D ( 'NONE', #810, #272, #780 ) ;
#5735 = VERTEX_POINT ( 'NONE', #2919 ) ;
#5736 = DIRECTION ( 'NONE',  ( 0.000000000000000000, 0.000000000000000000, 1.000000000000000000 ) ) ;
#5737 = EDGE_CURVE ( 'NONE', #1722, #3469, #366, .T. ) ;
#5738 = DIRECTION ( 'NONE',  ( 0.000000000000000000, 0.000000000000000000, 1.000000000000000000 ) ) ;
#5739 = LINE ( 'NONE', #3540, #2416 ) ;
#5740 = EDGE_LOOP ( 'NONE', ( #2508, #1780, #2086, #3466 ) ) ;
#5741 = EDGE_CURVE ( 'NONE', #3894, #735, #1049, .T. ) ;
#5742 = ORIENTED_EDGE ( 'NONE', *, *, #1022, .T. ) ;
#5743 = VECTOR ( 'NONE', #4253, 1000.000000000000000 ) ;
#5744 = DATE_AND_TIME ( #3547, #67 ) ;
#5745 = CARTESIAN_POINT ( 'NONE',  ( 44.99999999999999289, 0.000000000000000000, 30.54000000000000270 ) ) ;
#5746 = VERTEX_POINT ( 'NONE', #700 ) ;
#5747 = EDGE_CURVE ( 'NONE', #3772, #2532, #5102, .T. ) ;
#5748 = CARTESIAN_POINT ( 'NONE',  ( 22.99999999999998934, 22.31639237894032135, -2.400000000000002576 ) ) ;
#5749 = ORIENTED_EDGE ( 'NONE', *, *, #3086, .F. ) ;
#5750 = VERTEX_POINT ( 'NONE', #4668 ) ;
#5751 = DIRECTION ( 'NONE',  ( 0.000000000000000000, 0.000000000000000000, -1.000000000000000000 ) ) ;
#5752 = CYLINDRICAL_SURFACE ( 'NONE', #1199, 2.399999999999999467 ) ;
#5753 = DIRECTION ( 'NONE',  ( 0.000000000000000000, 0.000000000000000000, 1.000000000000000000 ) ) ;
#5754 = EDGE_CURVE ( 'NONE', #229, #2671, #1493, .T. ) ;
#5755 = EDGE_CURVE ( 'NONE', #2196, #3372, #2988, .T. ) ;
#5756 = AXIS2_PLACEMENT_3D ( 'NONE', #1173, #2029, #3793 ) ;
#5757 = DIRECTION ( 'NONE',  ( -0.000000000000000000, 1.000000000000000000, -0.000000000000000000 ) ) ;
#5758 = CARTESIAN_POINT ( 'NONE',  ( 24.99999999999998934, 27.44861919775700443, 18.49999999999999645 ) ) ;
#5759 = CARTESIAN_POINT ( 'NONE',  ( -15.00000000000000711, -4.999999999999997335, -18.50000000000000355 ) ) ;
#5761 = FACE_OUTER_BOUND ( 'NONE', #4056, .T. ) ;
#5760 = PRODUCT_DEFINITION_SHAPE ( 'NONE', 'NONE',  #2504 ) ;
#5762 = EDGE_CURVE ( 'NONE', #5553, #4935, #322, .T. ) ;
#5763 = ORIENTED_EDGE ( 'NONE', *, *, #1007, .F. ) ;
#5764 = DIRECTION ( 'NONE',  ( 1.000000000000000000, 0.000000000000000000, -1.189754775659388502E-16 ) ) ;
#5765 = ORIENTED_EDGE ( 'NONE', *, *, #4145, .F. ) ;
#5766 = ORIENTED_EDGE ( 'NONE', *, *, #1852, .F. ) ;
#5767 = LINE ( 'NONE', #1776, #2830 ) ;
#5768 = ADVANCED_FACE ( 'NONE', ( #5212 ), #2589, .F. ) ;
#5769 = APPROVAL_STATUS ( 'not_yet_approved' ) ;
#5770 = DIRECTION ( 'NONE',  ( -0.000000000000000000, -0.000000000000000000, -1.000000000000000000 ) ) ;
#5771 = LINE ( 'NONE', #1359, #4703 ) ;
#5772 = EDGE_CURVE ( 'NONE', #4163, #3052, #5231, .T. ) ;
#5773 = ORIENTED_EDGE ( 'NONE', *, *, #5346, .F. ) ;
#5774 = EDGE_LOOP ( 'NONE', ( #237, #5115, #179, #2945 ) ) ;
#5775 = CIRCLE ( 'NONE', #5218, 2.399999999999999467 ) ;
#5776 = LOCAL_TIME ( 2, 41, 34.00000000000000000, #4260 ) ;
#5777 = VECTOR ( 'NONE', #1114, 1000.000000000000000 ) ;
#5778 = DIRECTION ( 'NONE',  ( 0.000000000000000000, 0.000000000000000000, -1.000000000000000000 ) ) ;
#5779 = VECTOR ( 'NONE', #2713, 1000.000000000000000 ) ;
#5780 = VECTOR ( 'NONE', #815, 1000.000000000000000 ) ;
#5781 = DIRECTION ( 'NONE',  ( 0.000000000000000000, 0.000000000000000000, -1.000000000000000000 ) ) ;
#5782 = CARTESIAN_POINT ( 'NONE',  ( 4.999999999999993783, -1.102182119232617911E-15, -21.50000000000000000 ) ) ;
#5783 = EDGE_CURVE ( 'NONE', #4451, #5330, #172, .T. ) ;
#5784 = FACE_OUTER_BOUND ( 'NONE', #4172, .T. ) ;
#5785 = DIRECTION ( 'NONE',  ( -1.000000000000000000, 0.000000000000000000, -0.000000000000000000 ) ) ;
#5786 = DIRECTION ( 'NONE',  ( 0.000000000000000000, 0.000000000000000000, -1.000000000000000000 ) ) ;
#5787 = EDGE_LOOP ( 'NONE', ( #631, #1919, #5478, #1060 ) ) ;
#5788 = EDGE_CURVE ( 'NONE', #3810, #2671, #1717, .T. ) ;
#5789 = APPLICATION_CONTEXT ( 'configuration controlled 3d designs of mechanical parts and assemblies' ) ;
#5790 = DIRECTION ( 'NONE',  ( 0.000000000000000000, -1.000000000000000000, 0.000000000000000000 ) ) ;
#5791 = ORIENTED_EDGE ( 'NONE', *, *, #3858, .T. ) ;
#5792 = ORIENTED_EDGE ( 'NONE', *, *, #2494, .T. ) ;
#5793 = DIRECTION ( 'NONE',  ( -1.000000000000000000, 0.000000000000000000, 0.000000000000000000 ) ) ;
#5794 = NEXT_ASSEMBLY_USAGE_OCCURRENCE ( 'NAUO1', ' ', ' ', #2364, #3528, $ ) ;
#5795 = NEXT_ASSEMBLY_USAGE_OCCURRENCE ( 'NAUO2', ' ', ' ', #2364, #4955, $ ) ;
#5796 = NEXT_ASSEMBLY_USAGE_OCCURRENCE ( 'NAUO3', ' ', ' ', #3528, #2504, $ ) ;
ENDSEC;
END-ISO-10303-21;
