ISO-10303-21;
HEADER;
FILE_DESCRIPTION (( 'STEP AP203' ),
    '1' );
FILE_NAME ('Driver_Gear_Heat_Set.STEP',
    '2025-10-03T15:00:11',
    ( '' ),
    ( '' ),
    'SwSTEP 2.0',
    'SolidWorks 2025',
    '' );
FILE_SCHEMA (( 'CONFIG_CONTROL_DESIGN' ));
ENDSEC;

DATA;
#1 = VERTEX_POINT ( 'NONE', #5849 ) ;
#2 = CIRCLE ( 'NONE', #4517, 15.99999999999999822 ) ;
#4 = EDGE_LOOP ( 'NONE', ( #6316, #5989, #4062, #4335 ) ) ;
#3 = ORIENTED_EDGE ( 'NONE', *, *, #1315, .T. ) ;
#5 = DIRECTION ( 'NONE',  ( 0.000000000000000000, 0.000000000000000000, 1.000000000000000000 ) ) ;
#6 = VECTOR ( 'NONE', #581, 1000.000000000000000 ) ;
#7 = LINE ( 'NONE', #2539, #1045 ) ;
#8 = CYLINDRICAL_SURFACE ( 'NONE', #2740, 16.00000000000000000 ) ;
#9 = CARTESIAN_POINT ( 'NONE',  ( 0.000000000000000000, 0.000000000000000000, 0.000000000000000000 ) ) ;
#10 = CIRCLE ( 'NONE', #2211, 16.00000000000000000 ) ;
#11 = EDGE_CURVE ( 'NONE', #3647, #2618, #3787, .T. ) ;
#13 = ORIENTED_EDGE ( 'NONE', *, *, #2405, .T. ) ;
#12 = ORIENTED_EDGE ( 'NONE', *, *, #5597, .T. ) ;
#14 = AXIS2_PLACEMENT_3D ( 'NONE', #4419, #3831, #5846 ) ;
#15 = AXIS2_PLACEMENT_3D ( 'NONE', #4077, #1591, #4580 ) ;
#16 = AXIS2_PLACEMENT_3D ( 'NONE', #6036, #1068, #2008 ) ;
#17 = DIRECTION ( 'NONE',  ( -1.000000000000000000, -0.000000000000000000, 0.000000000000000000 ) ) ;
#18 = AXIS2_PLACEMENT_3D ( 'NONE', #5984, #465, #5421 ) ;
#19 = AXIS2_PLACEMENT_3D ( 'NONE', #3152, #2522, #4533 ) ;
#20 = DIRECTION ( 'NONE',  ( 0.000000000000000000, -0.000000000000000000, 1.000000000000000000 ) ) ;
#21 = AXIS2_PLACEMENT_3D ( 'NONE', #5728, #3194, #6190 ) ;
#22 = VERTEX_POINT ( 'NONE', #1221 ) ;
#23 = EDGE_CURVE ( 'NONE', #2233, #4396, #3041, .T. ) ;
#24 = ORIENTED_EDGE ( 'NONE', *, *, #2241, .F. ) ;
#25 = EDGE_CURVE ( 'NONE', #4613, #1773, #4938, .T. ) ;
#26 = DIRECTION ( 'NONE',  ( 0.000000000000000000, 0.000000000000000000, 1.000000000000000000 ) ) ;
#27 = AXIS2_PLACEMENT_3D ( 'NONE', #3217, #3669, #3244 ) ;
#28 = CIRCLE ( 'NONE', #3704, 16.00000000000000000 ) ;
#29 = CALENDAR_DATE ( 2025, 3, 10 ) ;
#30 = CARTESIAN_POINT ( 'NONE',  ( 7.000000000000000888, 0.000000000000000000, 0.000000000000000000 ) ) ;
#31 = DIRECTION ( 'NONE',  ( 0.000000000000000000, 0.5877852522924685852, 0.8090169943749508930 ) ) ;
#32 = CARTESIAN_POINT ( 'NONE',  ( 0.000000000000000000, 0.000000000000000000, 0.000000000000000000 ) ) ;
#33 = ORIENTED_EDGE ( 'NONE', *, *, #211, .F. ) ;
#34 = AXIS2_PLACEMENT_3D ( 'NONE', #1224, #696, #2161 ) ;
#35 = DIRECTION ( 'NONE',  ( 0.000000000000000000, 0.000000000000000000, 1.000000000000000000 ) ) ;
#36 = VECTOR ( 'NONE', #1423, 1000.000000000000000 ) ;
#37 = VERTEX_POINT ( 'NONE', #4263 ) ;
#38 = EDGE_CURVE ( 'NONE', #1764, #230, #4515, .T. ) ;
#39 = PLANE ( 'NONE',  #977 ) ;
#40 = DIRECTION ( 'NONE',  ( -1.000000000000000000, 0.000000000000000000, -0.000000000000000000 ) ) ;
#41 = LINE ( 'NONE', #2493, #4130 ) ;
#42 = CIRCLE ( 'NONE', #4968, 37.49900000000000233 ) ;
#43 = CARTESIAN_POINT ( 'NONE',  ( 7.000000000000000888, 0.000000000000000000, 0.000000000000000000 ) ) ;
#44 = ORIENTED_EDGE ( 'NONE', *, *, #2910, .F. ) ;
#46 = ORIENTED_EDGE ( 'NONE', *, *, #3296, .F. ) ;
#45 = ORIENTED_EDGE ( 'NONE', *, *, #5181, .T. ) ;
#47 = ADVANCED_FACE ( 'NONE', ( #2322 ), #191, .T. ) ;
#48 = DIRECTION ( 'NONE',  ( 0.000000000000000000, 0.3090169943749482839, -0.9510565162951534202 ) ) ;
#49 = DIRECTION ( 'NONE',  ( 0.000000000000000000, -0.8910065241883627918, -0.4539904997395568520 ) ) ;
#50 = LINE ( 'NONE', #5104, #6 ) ;
#51 = CARTESIAN_POINT ( 'NONE',  ( 7.000000000000000888, -27.05870788708250174, 26.08949754953014022 ) ) ;
#53 = VERTEX_POINT ( 'NONE', #1250 ) ;
#52 = VERTEX_POINT ( 'NONE', #4814 ) ;
#54 = EDGE_CURVE ( 'NONE', #2546, #408, #2318, .T. ) ;
#55 = AXIS2_PLACEMENT_3D ( 'NONE', #4771, #1232, #3226 ) ;
#56 = CARTESIAN_POINT ( 'NONE',  ( -4.000050800000000351, 9.707728879609279105, 2.399999999999999023 ) ) ;
#57 = CARTESIAN_POINT ( 'NONE',  ( 0.000000000000000000, 17.80606268964540106, 33.00180498840052934 ) ) ;
#58 = ORIENTED_EDGE ( 'NONE', *, *, #4202, .F. ) ;
#59 = EDGE_LOOP ( 'NONE', ( #1280, #1971, #5328, #4713 ) ) ;
#60 = DIRECTION ( 'NONE',  ( -1.000000000000000000, 0.000000000000000000, 0.000000000000000000 ) ) ;
#61 = COORDINATED_UNIVERSAL_TIME_OFFSET ( 7, 0, .AHEAD. ) ;
#62 = ADVANCED_FACE ( 'NONE', ( #6309 ), #289, .T. ) ;
#63 = CARTESIAN_POINT ( 'NONE',  ( 0.000000000000000000, 35.92658777277510040, 10.74501242461294659 ) ) ;
#64 = PLANE ( 'NONE',  #5374 ) ;
#65 = ADVANCED_FACE ( 'NONE', ( #2286 ), #5718, .T. ) ;
#66 = CARTESIAN_POINT ( 'NONE',  ( 7.000000000000000888, 0.000000000000000000, 37.49900000000000233 ) ) ;
#67 = CIRCLE ( 'NONE', #6479, 37.49900000000000233 ) ;
#68 = EDGE_LOOP ( 'NONE', ( #4224, #1798, #915, #2602 ) ) ;
#69 = CARTESIAN_POINT ( 'NONE',  ( 0.000000000000000000, 27.05870788708231345, 26.08949754953034272 ) ) ;
#70 = ORIENTED_EDGE ( 'NONE', *, *, #4404, .T. ) ;
#71 = DIRECTION ( 'NONE',  ( 0.000000000000000000, -0.000000000000000000, 1.000000000000000000 ) ) ;
#72 = DIRECTION ( 'NONE',  ( 0.000000000000000000, -1.000000000000000000, -1.047444401652940007E-14 ) ) ;
#73 = DIRECTION ( 'NONE',  ( -1.000000000000000000, -0.000000000000000000, -0.000000000000000000 ) ) ;
#74 = DIRECTION ( 'NONE',  ( -1.000000000000000000, 0.000000000000000000, 0.000000000000000000 ) ) ;
#75 = EDGE_CURVE ( 'NONE', #1634, #432, #1281, .T. ) ;
#76 = CARTESIAN_POINT ( 'NONE',  ( 7.000000000000000888, -12.26510123303234145, -35.53030884539097656 ) ) ;
#77 = VERTEX_POINT ( 'NONE', #2685 ) ;
#78 = ORIENTED_EDGE ( 'NONE', *, *, #4999, .F. ) ;
#79 = CYLINDRICAL_SURFACE ( 'NONE', #2435, 42.00000000000000000 ) ;
#80 = DIRECTION ( 'NONE',  ( 1.000000000000000000, 0.000000000000000000, 0.000000000000000000 ) ) ;
#81 = CARTESIAN_POINT ( 'NONE',  ( 3.500000000000001332, 40.68715046381944234, -10.41901085202036015 ) ) ;
#82 = DIRECTION ( 'NONE',  ( 0.000000000000000000, 0.000000000000000000, 1.000000000000000000 ) ) ;
#83 = EDGE_CURVE ( 'NONE', #3431, #5076, #3156, .T. ) ;
#85 = VERTEX_POINT ( 'NONE', #6250 ) ;
#84 = VERTEX_POINT ( 'NONE', #4234 ) ;
#86 = ADVANCED_FACE ( 'NONE', ( #2749 ), #4760, .T. ) ;
#87 = AXIS2_PLACEMENT_3D ( 'NONE', #988, #5049, #5545 ) ;
#88 = CARTESIAN_POINT ( 'NONE',  ( -4.778237462753684106, 9.737808726484175281, -2.275715579349244067 ) ) ;
#89 = CARTESIAN_POINT ( 'NONE',  ( 7.000000000000000888, 2.649999999999999911, -1.406236111042524106 ) ) ;
#90 = ORIENTED_EDGE ( 'NONE', *, *, #6162, .T. ) ;
#91 = ORIENTED_EDGE ( 'NONE', *, *, #588, .F. ) ;
#92 = DIRECTION ( 'NONE',  ( -1.000000000000000000, 0.000000000000000000, 0.000000000000000000 ) ) ;
#93 = APPLICATION_PROTOCOL_DEFINITION ( 'international standard', 'config_control_design', 1994, #2052 ) ;
#94 = CARTESIAN_POINT ( 'NONE',  ( 7.000000000000000888, 0.000000000000000000, 0.000000000000000000 ) ) ;
#95 = DIRECTION ( 'NONE',  ( -1.000000000000000000, 0.000000000000000000, -0.000000000000000000 ) ) ;
#96 = FACE_OUTER_BOUND ( 'NONE', #6345, .T. ) ;
#97 = ORIENTED_EDGE ( 'NONE', *, *, #4868, .F. ) ;
#98 = CARTESIAN_POINT ( 'NONE',  ( 7.000000000000000888, -12.26510123303283883, 35.53030884539080603 ) ) ;
#99 = EDGE_CURVE ( 'NONE', #3120, #3983, #5819, .T. ) ;
#100 = ORIENTED_EDGE ( 'NONE', *, *, #4283, .F. ) ;
#101 = CARTESIAN_POINT ( 'NONE',  ( -2.562686511773170750, 2.301179125417643245, -1.930487505575718687 ) ) ;
#102 = CARTESIAN_POINT ( 'NONE',  ( 7.000000000000000888, -35.92658777277517856, 10.74501242461269257 ) ) ;
#103 = VECTOR ( 'NONE', #6401, 1000.000000000000000 ) ;
#104 = CIRCLE ( 'NONE', #2300, 42.00000000000000000 ) ;
#105 = DIRECTION ( 'NONE',  ( -1.000000000000000000, -0.000000000000000000, 0.000000000000000000 ) ) ;
#106 = CARTESIAN_POINT ( 'NONE',  ( 0.000000000000000000, 33.00180498840072829, -17.80606268964504935 ) ) ;
#107 = DIRECTION ( 'NONE',  ( -1.000000000000000000, -0.000000000000000000, 0.000000000000000000 ) ) ;
#108 = ORIENTED_EDGE ( 'NONE', *, *, #3597, .T. ) ;
#109 = AXIS2_PLACEMENT_3D ( 'NONE', #4837, #3920, #6394 ) ;
#110 = EDGE_LOOP ( 'NONE', ( #5682, #1570, #2212, #3020 ) ) ;
#111 = EDGE_CURVE ( 'NONE', #6105, #3492, #2418, .T. ) ;
#112 = CARTESIAN_POINT ( 'NONE',  ( 7.000000000000000888, 40.68715046381928602, 10.41901085202091970 ) ) ;
#113 = EDGE_CURVE ( 'NONE', #537, #2990, #3569, .T. ) ;
#114 = CARTESIAN_POINT ( 'NONE',  ( 7.000000000000000888, 0.000000000000000000, 0.000000000000000000 ) ) ;
#115 = DIRECTION ( 'NONE',  ( -1.000000000000000000, -0.000000000000000000, 0.000000000000000000 ) ) ;
#116 = DIRECTION ( 'NONE',  ( -1.000000000000000000, 0.000000000000000000, 0.000000000000000000 ) ) ;
#118 = VERTEX_POINT ( 'NONE', #1833 ) ;
#117 = ORIENTED_EDGE ( 'NONE', *, *, #997, .F. ) ;
#119 = AXIS2_PLACEMENT_3D ( 'NONE', #3578, #1248, #1056 ) ;
#120 = EDGE_CURVE ( 'NONE', #4164, #6256, #849, .T. ) ;
#121 = CIRCLE ( 'NONE', #2637, 37.49900000000000233 ) ;
#122 = DIRECTION ( 'NONE',  ( 0.000000000000000000, 0.000000000000000000, 1.000000000000000000 ) ) ;
#123 = DIRECTION ( 'NONE',  ( 0.000000000000000000, 0.000000000000000000, 1.000000000000000000 ) ) ;
#124 = VECTOR ( 'NONE', #1627, 1000.000000000000000 ) ;
#125 = ORIENTED_EDGE ( 'NONE', *, *, #3206, .T. ) ;
#126 = VERTEX_POINT ( 'NONE', #2846 ) ;
#127 = EDGE_CURVE ( 'NONE', #1826, #5056, #2359, .T. ) ;
#128 = DIRECTION ( 'NONE',  ( 0.000000000000000000, 0.000000000000000000, 1.000000000000000000 ) ) ;
#129 = CARTESIAN_POINT ( 'NONE',  ( 7.000000000000000888, -37.22597642581153110, -5.202137450156797627 ) ) ;
#130 = VECTOR ( 'NONE', #747, 1000.000000000000000 ) ;
#131 = CIRCLE ( 'NONE', #3067, 42.00000000000000000 ) ;
#132 = VECTOR ( 'NONE', #4677, 1000.000000000000000 ) ;
#133 = DIRECTION ( 'NONE',  ( 0.000000000000000000, 0.9510565162951544194, -0.3090169943749447867 ) ) ;
#134 = DIRECTION ( 'NONE',  ( 0.000000000000000000, 0.000000000000000000, 1.000000000000000000 ) ) ;
#135 = ORIENTED_EDGE ( 'NONE', *, *, #5829, .T. ) ;
#136 = CARTESIAN_POINT ( 'NONE',  ( 7.000000000000000888, -35.53030884539093393, 12.26510123303246580 ) ) ;
#137 = CIRCLE ( 'NONE', #3804, 37.49900000000000944 ) ;
#138 = VERTEX_POINT ( 'NONE', #3338 ) ;
#139 = ADVANCED_FACE ( 'NONE', ( #5342 ), #4856, .T. ) ;
#140 = CIRCLE ( 'NONE', #4954, 42.00000000000000000 ) ;
#141 = DIRECTION ( 'NONE',  ( -1.000000000000000000, 0.000000000000000000, 0.000000000000000000 ) ) ;
#142 = DIRECTION ( 'NONE',  ( -1.000000000000000000, -0.000000000000000000, 0.000000000000000000 ) ) ;
#143 = DIRECTION ( 'NONE',  ( 0.000000000000000000, 0.8090169943749487835, -0.5877852522924713607 ) ) ;
#144 = DIRECTION ( 'NONE',  ( -1.000000000000000000, -0.000000000000000000, 0.000000000000000000 ) ) ;
#145 = CIRCLE ( 'NONE', #2759, 16.00000000000000355 ) ;
#146 = CARTESIAN_POINT ( 'NONE',  ( 0.000000000000000000, 0.000000000000000000, 0.000000000000000000 ) ) ;
#147 = CIRCLE ( 'NONE', #3917, 15.99999999999999822 ) ;
#148 = ORIENTED_EDGE ( 'NONE', *, *, #1017, .T. ) ;
#149 = ORIENTED_EDGE ( 'NONE', *, *, #11, .T. ) ;
#150 = DIRECTION ( 'NONE',  ( 0.000000000000000000, 0.000000000000000000, 1.000000000000000000 ) ) ;
#151 = VECTOR ( 'NONE', #5705, 1000.000000000000000 ) ;
#152 = DIRECTION ( 'NONE',  ( -1.000000000000000000, -0.000000000000000000, -0.000000000000000000 ) ) ;
#153 = CARTESIAN_POINT ( 'NONE',  ( 7.000000000000000888, 38.55633173627034438, -16.65560815589369525 ) ) ;
#154 = DIRECTION ( 'NONE',  ( 0.000000000000000000, 0.000000000000000000, 1.000000000000000000 ) ) ;
#155 = EDGE_CURVE ( 'NONE', #2007, #537, #2209, .T. ) ;
#157 = ORIENTED_EDGE ( 'NONE', *, *, #1999, .T. ) ;
#156 = ORIENTED_EDGE ( 'NONE', *, *, #1658, .F. ) ;
#158 = CARTESIAN_POINT ( 'NONE',  ( 7.000000000000000888, -37.58145647212454321, 16.68533520207890319 ) ) ;
#159 = DIRECTION ( 'NONE',  ( 0.000000000000000000, -0.7071067811865389130, -0.7071067811865561215 ) ) ;
#160 = ORIENTED_EDGE ( 'NONE', *, *, #4843, .F. ) ;
#161 = VERTEX_POINT ( 'NONE', #4574 ) ;
#162 = CARTESIAN_POINT ( 'NONE',  ( 3.500000000000001332, 40.98264845739749518, 9.188173127307454280 ) ) ;
#163 = AXIS2_PLACEMENT_3D ( 'NONE', #532, #2698, #4146 ) ;
#164 = PERSON_AND_ORGANIZATION ( #3491, #4620 ) ;
#165 = DIRECTION ( 'NONE',  ( -1.000000000000000000, 0.000000000000000000, 0.000000000000000000 ) ) ;
#166 = DIRECTION ( 'NONE',  ( 0.000000000000000000, 0.000000000000000000, -1.000000000000000000 ) ) ;
#167 = EDGE_CURVE ( 'NONE', #3576, #84, #1648, .T. ) ;
#168 = DIRECTION ( 'NONE',  ( -1.000000000000000000, 0.000000000000000000, 0.000000000000000000 ) ) ;
#169 = ORIENTED_EDGE ( 'NONE', *, *, #6266, .F. ) ;
#170 = VERTEX_POINT ( 'NONE', #2524 ) ;
#171 = ORIENTED_EDGE ( 'NONE', *, *, #3046, .F. ) ;
#172 = CARTESIAN_POINT ( 'NONE',  ( 7.000000000000000888, 12.26510123303308397, -35.53030884539072076 ) ) ;
#173 = CARTESIAN_POINT ( 'NONE',  ( 7.000000000000000888, -37.48860685352291711, 0.8828120875899322373 ) ) ;
#174 = CARTESIAN_POINT ( 'NONE',  ( 7.000000000000000888, -37.58145647212454321, 0.6853352020789026389 ) ) ;
#175 = CARTESIAN_POINT ( 'NONE',  ( 0.000000000000000000, 0.000000000000000000, 0.000000000000000000 ) ) ;
#176 = AXIS2_PLACEMENT_3D ( 'NONE', #3361, #2929, #6491 ) ;
#177 = CARTESIAN_POINT ( 'NONE',  ( 7.000000000000000888, 0.000000000000000000, 0.000000000000000000 ) ) ;
#178 = ORIENTED_EDGE ( 'NONE', *, *, #986, .F. ) ;
#179 = AXIS2_PLACEMENT_3D ( 'NONE', #1105, #144, #3517 ) ;
#180 = CARTESIAN_POINT ( 'NONE',  ( 7.000000000000000000, 0.000000000000000000, 0.000000000000000000 ) ) ;
#181 = DIRECTION ( 'NONE',  ( 0.000000000000000000, 0.000000000000000000, 1.000000000000000000 ) ) ;
#182 = CARTESIAN_POINT ( 'NONE',  ( 3.500000000000000444, -27.75498641678764145, 31.52238457039590358 ) ) ;
#183 = DIRECTION ( 'NONE',  ( -1.000000000000000000, -0.000000000000000000, -0.000000000000000000 ) ) ;
#185 = ORIENTED_EDGE ( 'NONE', *, *, #2482, .F. ) ;
#184 = ORIENTED_EDGE ( 'NONE', *, *, #3470, .T. ) ;
#186 = EDGE_CURVE ( 'NONE', #4728, #6433, #4630, .T. ) ;
#187 = ADVANCED_FACE ( 'NONE', ( #4041 ), #2258, .T. ) ;
#188 = CYLINDRICAL_SURFACE ( 'NONE', #3271, 16.00000000000000000 ) ;
#189 = CARTESIAN_POINT ( 'NONE',  ( 0.000000000000000000, -33.80338159004296017, 16.23288003029484727 ) ) ;
#190 = ORIENTED_EDGE ( 'NONE', *, *, #4709, .F. ) ;
#191 = CYLINDRICAL_SURFACE ( 'NONE', #5466, 10.00000000000000000 ) ;
#192 = DIRECTION ( 'NONE',  ( -1.000000000000000000, -0.000000000000000000, -0.000000000000000000 ) ) ;
#193 = ADVANCED_FACE ( 'NONE', ( #6085 ), #1763, .T. ) ;
#194 = EDGE_CURVE ( 'NONE', #3435, #3653, #567, .T. ) ;
#195 = AXIS2_PLACEMENT_3D ( 'NONE', #3009, #490, #5484 ) ;
#196 = DIRECTION ( 'NONE',  ( -1.000000000000000000, -0.000000000000000000, 0.000000000000000000 ) ) ;
#197 = DIRECTION ( 'NONE',  ( 1.000000000000000000, -0.000000000000000000, -0.000000000000000000 ) ) ;
#198 = VECTOR ( 'NONE', #4374, 1000.000000000000000 ) ;
#199 = ORIENTED_EDGE ( 'NONE', *, *, #5464, .T. ) ;
#200 = VERTEX_POINT ( 'NONE', #2034 ) ;
#201 = ORIENTED_EDGE ( 'NONE', *, *, #3030, .F. ) ;
#202 = DIRECTION ( 'NONE',  ( 0.000000000000000000, -6.938893903907228378E-15, 1.000000000000000000 ) ) ;
#203 = EDGE_CURVE ( 'NONE', #1291, #5997, #320, .T. ) ;
#204 = DIRECTION ( 'NONE',  ( 1.000000000000000000, 0.000000000000000000, 0.000000000000000000 ) ) ;
#205 = LINE ( 'NONE', #4673, #6470 ) ;
#206 = CARTESIAN_POINT ( 'NONE',  ( 0.000000000000000000, -2.663952781845854378, -41.91543099594819921 ) ) ;
#207 = CARTESIAN_POINT ( 'NONE',  ( 7.000000000000000888, 0.000000000000000000, 0.000000000000000000 ) ) ;
#208 = ORIENTED_EDGE ( 'NONE', *, *, #5518, .T. ) ;
#209 = CIRCLE ( 'NONE', #6504, 37.49900000000000233 ) ;
#210 = CARTESIAN_POINT ( 'NONE',  ( 3.500000000000000444, -38.55633173627022359, 16.65560815589396526 ) ) ;
#211 = EDGE_CURVE ( 'NONE', #2341, #5377, #5676, .T. ) ;
#212 = DIRECTION ( 'NONE',  ( -1.000000000000000000, -0.000000000000000000, -0.000000000000000000 ) ) ;
#213 = DIRECTION ( 'NONE',  ( -1.000000000000000000, 0.000000000000000000, 0.000000000000000000 ) ) ;
#214 = DIRECTION ( 'NONE',  ( 0.000000000000000000, 0.000000000000000000, 1.000000000000000000 ) ) ;
#215 = AXIS2_PLACEMENT_3D ( 'NONE', #51, #6141, #4617 ) ;
#216 = CIRCLE ( 'NONE', #5350, 37.49900000000000233 ) ;
#218 = VERTEX_POINT ( 'NONE', #2065 ) ;
#217 = VERTEX_POINT ( 'NONE', #2747 ) ;
#219 = LINE ( 'NONE', #2119, #4425 ) ;
#220 = DIRECTION ( 'NONE',  ( 1.000000000000000000, 0.000000000000000000, 0.000000000000000000 ) ) ;
#221 = ORIENTED_EDGE ( 'NONE', *, *, #3141, .F. ) ;
#222 = DIRECTION ( 'NONE',  ( 0.000000000000000000, 0.000000000000000000, 1.000000000000000000 ) ) ;
#223 = CIRCLE ( 'NONE', #2106, 16.00000000000000000 ) ;
#224 = DIRECTION ( 'NONE',  ( 0.000000000000000000, 0.000000000000000000, 1.000000000000000000 ) ) ;
#225 = VECTOR ( 'NONE', #1269, 1000.000000000000000 ) ;
#226 = CARTESIAN_POINT ( 'NONE',  ( 7.000000000000000888, 27.05870788708231345, 26.08949754953034272 ) ) ;
#227 = CARTESIAN_POINT ( 'NONE',  ( 7.000000000000000888, 27.13269053701096922, 25.88420570971410228 ) ) ;
#228 = ADVANCED_FACE ( 'NONE', ( #4069 ), #5625, .T. ) ;
#229 = EDGE_CURVE ( 'NONE', #52, #85, #2517, .T. ) ;
#230 = VERTEX_POINT ( 'NONE', #5589 ) ;
#231 = ORIENTED_EDGE ( 'NONE', *, *, #781, .F. ) ;
#232 = ORIENTED_EDGE ( 'NONE', *, *, #5720, .T. ) ;
#233 = CYLINDRICAL_SURFACE ( 'NONE', #6447, 16.00000000000000000 ) ;
#234 = VECTOR ( 'NONE', #5212, 1000.000000000000000 ) ;
#235 = CIRCLE ( 'NONE', #6010, 16.00000000000000000 ) ;
#236 = VECTOR ( 'NONE', #3784, 1000.000000000000000 ) ;
#237 = DIRECTION ( 'NONE',  ( 1.000000000000000000, 0.000000000000000000, 0.000000000000000000 ) ) ;
#238 = CARTESIAN_POINT ( 'NONE',  ( 7.000000000000000888, 0.000000000000000000, 0.000000000000000000 ) ) ;
#239 = CARTESIAN_POINT ( 'NONE',  ( -10.00000000000000000, 0.000000000000000000, 0.000000000000000000 ) ) ;
#240 = CARTESIAN_POINT ( 'NONE',  ( 7.000000000000000888, 10.74501242461333028, -35.92658777277499382 ) ) ;
#241 = VECTOR ( 'NONE', #5199, 1000.000000000000000 ) ;
#242 = AXIS2_PLACEMENT_3D ( 'NONE', #6351, #3468, #1350 ) ;
#243 = EDGE_CURVE ( 'NONE', #303, #2546, #534, .T. ) ;
#244 = AXIS2_PLACEMENT_3D ( 'NONE', #1657, #6292, #738 ) ;
#245 = ORIENTED_EDGE ( 'NONE', *, *, #2774, .F. ) ;
#246 = DIRECTION ( 'NONE',  ( -1.000000000000000000, 0.000000000000000000, -0.000000000000000000 ) ) ;
#247 = CYLINDRICAL_SURFACE ( 'NONE', #5555, 42.00000000000000000 ) ;
#248 = CYLINDRICAL_SURFACE ( 'NONE', #6137, 37.49900000000000233 ) ;
#249 = CIRCLE ( 'NONE', #2017, 16.00000000000000000 ) ;
#250 = CARTESIAN_POINT ( 'NONE',  ( 7.000000000000000888, 0.6853352020790414167, 37.58145647212453611 ) ) ;
#251 = EDGE_CURVE ( 'NONE', #22, #1887, #5894, .T. ) ;
#253 = ORIENTED_EDGE ( 'NONE', *, *, #5804, .T. ) ;
#252 = ORIENTED_EDGE ( 'NONE', *, *, #773, .F. ) ;
#254 = CIRCLE ( 'NONE', #382, 42.00000000000000000 ) ;
#255 = AXIS2_PLACEMENT_3D ( 'NONE', #4489, #5579, #1047 ) ;
#256 = DIRECTION ( 'NONE',  ( -1.000000000000000000, 0.000000000000000000, -0.000000000000000000 ) ) ;
#257 = EDGE_CURVE ( 'NONE', #5792, #4448, #1278, .T. ) ;
#258 = DIRECTION ( 'NONE',  ( -1.000000000000000000, 0.000000000000000000, 0.000000000000000000 ) ) ;
#260 = ORIENTED_EDGE ( 'NONE', *, *, #1757, .T. ) ;
#259 = DIRECTION ( 'NONE',  ( 0.000000000000000000, 0.000000000000000000, 1.000000000000000000 ) ) ;
#261 = CARTESIAN_POINT ( 'NONE',  ( 7.000000000000000888, 35.53030884539101919, -12.26510123303221889 ) ) ;
#262 = FACE_OUTER_BOUND ( 'NONE', #4143, .T. ) ;
#263 = DATE_AND_TIME ( #4664, #5987 ) ;
#264 = CARTESIAN_POINT ( 'NONE',  ( 7.000000000000000888, 39.04073710021344112, 15.48615015657597382 ) ) ;
#265 = CARTESIAN_POINT ( 'NONE',  ( 0.000000000000000000, -16.23288003029521320, 33.80338159004277543 ) ) ;
#266 = ORIENTED_EDGE ( 'NONE', *, *, #1757, .F. ) ;
#267 = ORIENTED_EDGE ( 'NONE', *, *, #3979, .T. ) ;
#268 = ORIENTED_EDGE ( 'NONE', *, *, #4917, .F. ) ;
#269 = AXIS2_PLACEMENT_3D ( 'NONE', #238, #4274, #2238 ) ;
#270 = CARTESIAN_POINT ( 'NONE',  ( 7.000000000000000888, 37.58145647212454321, -0.6853352020786425136 ) ) ;
#271 = CARTESIAN_POINT ( 'NONE',  ( 7.000000000000000888, 6.736453364083557105, 36.88895765772635826 ) ) ;
#272 = CARTESIAN_POINT ( 'NONE',  ( 7.000000000000000888, 35.92658777277525672, -10.74501242461245809 ) ) ;
#273 = ADVANCED_FACE ( 'NONE', ( #1129 ), #3088, .T. ) ;
#274 = DIRECTION ( 'NONE',  ( 1.000000000000000000, 0.000000000000000000, 0.000000000000000000 ) ) ;
#275 = DIRECTION ( 'NONE',  ( -1.000000000000000000, 0.000000000000000000, 0.000000000000000000 ) ) ;
#276 = ORIENTED_EDGE ( 'NONE', *, *, #3489, .T. ) ;
#277 = DIRECTION ( 'NONE',  ( 0.000000000000000000, 0.000000000000000000, 1.000000000000000000 ) ) ;
#278 = CARTESIAN_POINT ( 'NONE',  ( 7.000000000000000888, 0.000000000000000000, 0.000000000000000000 ) ) ;
#279 = DIRECTION ( 'NONE',  ( 0.000000000000000000, -0.8090169943749531134, 0.5877852522924653655 ) ) ;
#280 = ADVANCED_FACE ( 'NONE', ( #3240, #5057 ), #6157, .T. ) ;
#281 = CARTESIAN_POINT ( 'NONE',  ( 7.000000000000000888, 10.74501242461282757, 35.92658777277515014 ) ) ;
#283 = EDGE_LOOP ( 'NONE', ( #2320, #6188, #4278, #4605 ) ) ;
#282 = ORIENTED_EDGE ( 'NONE', *, *, #4139, .F. ) ;
#284 = EDGE_CURVE ( 'NONE', #729, #2408, #4099, .T. ) ;
#285 = DIRECTION ( 'NONE',  ( -1.000000000000000000, -0.000000000000000000, 0.000000000000000000 ) ) ;
#286 = DIRECTION ( 'NONE',  ( -1.000000000000000000, 0.000000000000000000, 0.000000000000000000 ) ) ;
#288 = VERTEX_POINT ( 'NONE', #153 ) ;
#287 = VERTEX_POINT ( 'NONE', #2542 ) ;
#289 = CYLINDRICAL_SURFACE ( 'NONE', #323, 42.00000000000000000 ) ;
#290 = DIRECTION ( 'NONE',  ( -1.000000000000000000, 0.000000000000000000, 0.000000000000000000 ) ) ;
#291 = EDGE_CURVE ( 'NONE', #5997, #2291, #2633, .T. ) ;
#292 = DIRECTION ( 'NONE',  ( 0.000000000000000000, 0.000000000000000000, -1.000000000000000000 ) ) ;
#293 = CARTESIAN_POINT ( 'NONE',  ( 4.000000000000000000, 7.654042494670959579E-16, 6.250000000000001776 ) ) ;
#294 = VERTEX_POINT ( 'NONE', #4122 ) ;
#295 = VERTEX_POINT ( 'NONE', #4155 ) ;
#296 = ORIENTED_EDGE ( 'NONE', *, *, #3428, .T. ) ;
#297 = DIRECTION ( 'NONE',  ( 0.000000000000000000, 0.000000000000000000, -1.000000000000000000 ) ) ;
#298 = DIRECTION ( 'NONE',  ( 0.000000000000000000, 0.000000000000000000, 1.000000000000000000 ) ) ;
#299 = DIRECTION ( 'NONE',  ( 0.000000000000000000, 0.000000000000000000, 1.000000000000000000 ) ) ;
#300 = CYLINDRICAL_SURFACE ( 'NONE', #6009, 16.00000000000000000 ) ;
#301 = DIRECTION ( 'NONE',  ( 0.000000000000000000, -0.3090169943749349057, -0.9510565162951576390 ) ) ;
#302 = APPROVAL ( #1252, 'UNKNOWN' ) ;
#303 = VERTEX_POINT ( 'NONE', #5002 ) ;
#304 = DIRECTION ( 'NONE',  ( -1.000000000000000000, 0.000000000000000000, 0.000000000000000000 ) ) ;
#305 = CARTESIAN_POINT ( 'NONE',  ( 7.000000000000000888, -0.6853352020793137545, 37.58145647212452900 ) ) ;
#306 = CARTESIAN_POINT ( 'NONE',  ( 0.000000000000000000, 37.22597642581149557, 5.202137450157039211 ) ) ;
#307 = DIRECTION ( 'NONE',  ( 0.000000000000000000, 0.000000000000000000, 1.000000000000000000 ) ) ;
#308 = CIRCLE ( 'NONE', #3351, 16.00000000000000000 ) ;
#309 = EDGE_CURVE ( 'NONE', #4257, #1024, #50, .T. ) ;
#311 = VERTEX_POINT ( 'NONE', #1563 ) ;
#310 = EDGE_LOOP ( 'NONE', ( #6115, #391, #3743, #1264 ) ) ;
#312 = ADVANCED_FACE ( 'NONE', ( #6067 ), #4555, .T. ) ;
#313 = AXIS2_PLACEMENT_3D ( 'NONE', #2079, #1633, #3526 ) ;
#314 = CARTESIAN_POINT ( 'NONE',  ( 0.000000000000000000, -36.88895765772628010, -6.736453364083947015 ) ) ;
#315 = AXIS2_PLACEMENT_3D ( 'NONE', #834, #6425, #962 ) ;
#316 = DIRECTION ( 'NONE',  ( 1.000000000000000000, 0.000000000000000000, 0.000000000000000000 ) ) ;
#318 = ORIENTED_EDGE ( 'NONE', *, *, #4082, .T. ) ;
#317 = ORIENTED_EDGE ( 'NONE', *, *, #3035, .T. ) ;
#319 = EDGE_CURVE ( 'NONE', #3632, #5148, #3683, .T. ) ;
#320 = CIRCLE ( 'NONE', #1988, 3.000000000000000444 ) ;
#321 = DIRECTION ( 'NONE',  ( -1.000000000000000000, 0.000000000000000000, 0.000000000000000000 ) ) ;
#322 = CYLINDRICAL_SURFACE ( 'NONE', #4817, 42.00000000000000000 ) ;
#323 = AXIS2_PLACEMENT_3D ( 'NONE', #3706, #4721, #752 ) ;
#324 = DIRECTION ( 'NONE',  ( -1.000000000000000000, -0.000000000000000000, -0.000000000000000000 ) ) ;
#325 = CC_DESIGN_APPROVAL ( #2907, ( #2315 ) ) ;
#326 = CARTESIAN_POINT ( 'NONE',  ( -3.840848285501354820, 9.707728879609282657, -2.399999999999999467 ) ) ;
#327 = ORIENTED_EDGE ( 'NONE', *, *, #5496, .F. ) ;
#328 = ADVANCED_FACE ( 'NONE', ( #2110 ), #4024, .T. ) ;
#329 = ORIENTED_EDGE ( 'NONE', *, *, #1315, .F. ) ;
#330 = ORIENTED_EDGE ( 'NONE', *, *, #6383, .F. ) ;
#331 = AXIS2_PLACEMENT_3D ( 'NONE', #645, #5667, #2996 ) ;
#332 = DIRECTION ( 'NONE',  ( -1.000000000000000000, 0.000000000000000000, -0.000000000000000000 ) ) ;
#333 = CARTESIAN_POINT ( 'NONE',  ( 0.000000000000000000, 0.000000000000000000, 0.000000000000000000 ) ) ;
#334 = CARTESIAN_POINT ( 'NONE',  ( 0.000000000000000000, -5.202137450156131493, -37.22597642581163058 ) ) ;
#335 = AXIS2_PLACEMENT_3D ( 'NONE', #1983, #4093, #5476 ) ;
#336 = CARTESIAN_POINT ( 'NONE',  ( 0.000000000000000000, 0.000000000000000000, 0.000000000000000000 ) ) ;
#337 = DIRECTION ( 'NONE',  ( 0.000000000000000000, 0.000000000000000000, 1.000000000000000000 ) ) ;
#338 = EDGE_CURVE ( 'NONE', #5782, #4090, #3555, .T. ) ;
#339 = ORIENTED_EDGE ( 'NONE', *, *, #2941, .F. ) ;
#340 = CIRCLE ( 'NONE', #5044, 37.49900000000000944 ) ;
#341 = DIRECTION ( 'NONE',  ( 0.000000000000000000, 0.7071067811865487940, -0.7071067811865462405 ) ) ;
#342 = CARTESIAN_POINT ( 'NONE',  ( 0.000000000000000000, -22.64427369931190626, 30.00120703465196925 ) ) ;
#343 = CARTESIAN_POINT ( 'NONE',  ( -4.101802630026038621, 1.800000000000002487, 2.399999999999998135 ) ) ;
#344 = DIRECTION ( 'NONE',  ( 0.000000000000000000, 0.000000000000000000, 1.000000000000000000 ) ) ;
#345 = CIRCLE ( 'NONE', #4010, 37.49900000000000233 ) ;
#347 = ORIENTED_EDGE ( 'NONE', *, *, #5566, .T. ) ;
#346 = EDGE_LOOP ( 'NONE', ( #1695, #2042, #538, #5946 ) ) ;
#348 = DIRECTION ( 'NONE',  ( 0.000000000000000000, 0.4539904997395477482, -0.8910065241883673437 ) ) ;
#349 = CIRCLE ( 'NONE', #6017, 37.49900000000000233 ) ;
#350 = CIRCLE ( 'NONE', #5592, 37.49900000000000944 ) ;
#351 = ADVANCED_FACE ( 'NONE', ( #2078 ), #3657, .T. ) ;
#352 = DIRECTION ( 'NONE',  ( 0.000000000000000000, 0.000000000000000000, 1.000000000000000000 ) ) ;
#353 = ADVANCED_FACE ( 'NONE', ( #2047 ), #8, .T. ) ;
#354 = DIRECTION ( 'NONE',  ( -1.000000000000000000, 0.000000000000000000, 0.000000000000000000 ) ) ;
#355 = AXIS2_PLACEMENT_3D ( 'NONE', #5685, #4238, #6183 ) ;
#356 = VECTOR ( 'NONE', #4063, 1000.000000000000000 ) ;
#358 = ORIENTED_EDGE ( 'NONE', *, *, #4984, .F. ) ;
#357 = VERTEX_POINT ( 'NONE', #3068 ) ;
#359 = CARTESIAN_POINT ( 'NONE',  ( 7.000000000000000888, 37.01155633439058334, 6.555932627142546210 ) ) ;
#360 = CYLINDRICAL_SURFACE ( 'NONE', #516, 42.00000000000000000 ) ;
#361 = AXIS2_PLACEMENT_3D ( 'NONE', #3853, #2928, #437 ) ;
#362 = CYLINDRICAL_SURFACE ( 'NONE', #3811, 37.49900000000000233 ) ;
#363 = CARTESIAN_POINT ( 'NONE',  ( -2.080864674286027061, 9.893189883190704137, 1.475041813376368527 ) ) ;
#364 = VERTEX_POINT ( 'NONE', #1597 ) ;
#365 = ORIENTED_EDGE ( 'NONE', *, *, #1552, .F. ) ;
#366 = DIRECTION ( 'NONE',  ( -1.000000000000000000, 0.000000000000000000, 0.000000000000000000 ) ) ;
#367 = CARTESIAN_POINT ( 'NONE',  ( -10.00000000000000000, 0.000000000000000000, 0.000000000000000000 ) ) ;
#368 = EDGE_CURVE ( 'NONE', #5653, #4126, #6212, .T. ) ;
#369 = DIRECTION ( 'NONE',  ( 0.000000000000000000, 0.8090169943749486725, -0.5877852522924713607 ) ) ;
#370 = CYLINDRICAL_SURFACE ( 'NONE', #5693, 37.49900000000000233 ) ;
#371 = ORIENTED_EDGE ( 'NONE', *, *, #6313, .F. ) ;
#372 = ORIENTED_EDGE ( 'NONE', *, *, #653, .T. ) ;
#373 = DIRECTION ( 'NONE',  ( -1.000000000000000000, 0.000000000000000000, 0.000000000000000000 ) ) ;
#374 = CARTESIAN_POINT ( 'NONE',  ( 0.000000000000000000, 30.80686688397040740, -21.53537804866048688 ) ) ;
#375 = CARTESIAN_POINT ( 'NONE',  ( 0.000000000000000000, 0.000000000000000000, 0.000000000000000000 ) ) ;
#376 = LINE ( 'NONE', #6396, #4993 ) ;
#378 = ORIENTED_EDGE ( 'NONE', *, *, #507, .F. ) ;
#377 = ORIENTED_EDGE ( 'NONE', *, *, #1416, .T. ) ;
#379 = DIRECTION ( 'NONE',  ( 0.000000000000000000, 0.000000000000000000, 1.000000000000000000 ) ) ;
#380 = DIRECTION ( 'NONE',  ( 0.000000000000000000, 0.000000000000000000, 1.000000000000000000 ) ) ;
#381 = DIRECTION ( 'NONE',  ( 1.000000000000000000, -0.000000000000000000, -0.000000000000000000 ) ) ;
#382 = AXIS2_PLACEMENT_3D ( 'NONE', #146, #4611, #6132 ) ;
#383 = APPROVAL ( #3610, 'UNSPECIFIED' ) ;
#385 = ORIENTED_EDGE ( 'NONE', *, *, #1772, .T. ) ;
#384 = ORIENTED_EDGE ( 'NONE', *, *, #4080, .F. ) ;
#386 = EDGE_CURVE ( 'NONE', #170, #2124, #6000, .T. ) ;
#387 = DIRECTION ( 'NONE',  ( -1.000000000000000000, -0.000000000000000000, -0.000000000000000000 ) ) ;
#388 = AXIS2_PLACEMENT_3D ( 'NONE', #3134, #2578, #307 ) ;
#389 = FACE_OUTER_BOUND ( 'NONE', #3511, .T. ) ;
#390 = FACE_OUTER_BOUND ( 'NONE', #546, .T. ) ;
#391 = ORIENTED_EDGE ( 'NONE', *, *, #1879, .T. ) ;
#392 = EDGE_CURVE ( 'NONE', #2483, #6186, #5606, .T. ) ;
#393 = ORIENTED_EDGE ( 'NONE', *, *, #850, .T. ) ;
#394 = EDGE_CURVE ( 'NONE', #640, #5559, #612, .T. ) ;
#395 = LINE ( 'NONE', #5927, #5815 ) ;
#396 = DIRECTION ( 'NONE',  ( -1.000000000000000000, -0.000000000000000000, -0.000000000000000000 ) ) ;
#397 = LINE ( 'NONE', #1843, #662 ) ;
#398 = DIRECTION ( 'NONE',  ( 0.000000000000000000, 0.000000000000000000, 1.000000000000000000 ) ) ;
#399 = ORIENTED_EDGE ( 'NONE', *, *, #717, .F. ) ;
#400 = ORIENTED_EDGE ( 'NONE', *, *, #3236, .T. ) ;
#401 = EDGE_CURVE ( 'NONE', #3849, #1436, #1111, .T. ) ;
#402 = CARTESIAN_POINT ( 'NONE',  ( -2.566168585925360013, 2.298978998478650393, 1.933137702712160122 ) ) ;
#403 = DIRECTION ( 'NONE',  ( -1.000000000000000000, -0.000000000000000000, -0.000000000000000000 ) ) ;
#404 = DIRECTION ( 'NONE',  ( -1.000000000000000000, -0.000000000000000000, -0.000000000000000000 ) ) ;
#405 = CARTESIAN_POINT ( 'NONE',  ( 7.000000000000000888, 37.58145647212454321, -0.6853352020786425136 ) ) ;
#406 = CIRCLE ( 'NONE', #6291, 42.00000000000000000 ) ;
#408 = VERTEX_POINT ( 'NONE', #6140 ) ;
#407 = ORIENTED_EDGE ( 'NONE', *, *, #5006, .T. ) ;
#409 = EDGE_CURVE ( 'NONE', #3136, #4573, #3102, .T. ) ;
#410 = CARTESIAN_POINT ( 'NONE',  ( -10.00000000000000000, 0.000000000000000000, 0.000000000000000000 ) ) ;
#411 = DIRECTION ( 'NONE',  ( 0.000000000000000000, 0.000000000000000000, 1.000000000000000000 ) ) ;
#412 = DIRECTION ( 'NONE',  ( -1.000000000000000000, 0.000000000000000000, 0.000000000000000000 ) ) ;
#414 = ORIENTED_EDGE ( 'NONE', *, *, #1363, .T. ) ;
#413 = ORIENTED_EDGE ( 'NONE', *, *, #6365, .F. ) ;
#415 = ADVANCED_FACE ( 'NONE', ( #3133 ), #5135, .T. ) ;
#416 = AXIS2_PLACEMENT_3D ( 'NONE', #3507, #4986, #4101 ) ;
#417 = AXIS2_PLACEMENT_3D ( 'NONE', #1669, #3760, #812 ) ;
#418 = AXIS2_PLACEMENT_3D ( 'NONE', #5850, #290, #3766 ) ;
#419 = FACE_OUTER_BOUND ( 'NONE', #2423, .T. ) ;
#420 = CARTESIAN_POINT ( 'NONE',  ( 7.000000000000000888, -26.08949754953005495, -27.05870788708257990 ) ) ;
#421 = CIRCLE ( 'NONE', #1374, 16.00000000000000355 ) ;
#422 = ORIENTED_EDGE ( 'NONE', *, *, #1674, .F. ) ;
#423 = ORIENTED_EDGE ( 'NONE', *, *, #2461, .F. ) ;
#424 = DIRECTION ( 'NONE',  ( 0.000000000000000000, -0.8910065241883626808, -0.4539904997395570740 ) ) ;
#425 = APPROVAL_DATE_TIME ( #3387, #5435 ) ;
#426 = AXIS2_PLACEMENT_3D ( 'NONE', #333, #1355, #4955 ) ;
#427 = CYLINDRICAL_SURFACE ( 'NONE', #2082, 42.00000000000000000 ) ;
#428 = CYLINDRICAL_SURFACE ( 'NONE', #5165, 37.49900000000000233 ) ;
#429 = EDGE_CURVE ( 'NONE', #1550, #2233, #858, .T. ) ;
#430 = DIRECTION ( 'NONE',  ( 0.000000000000000000, 0.000000000000000000, 1.000000000000000000 ) ) ;
#431 = AXIS2_PLACEMENT_3D ( 'NONE', #4536, #6054, #35 ) ;
#432 = VERTEX_POINT ( 'NONE', #5304 ) ;
#433 = VERTEX_POINT ( 'NONE', #4680 ) ;
#434 = LINE ( 'NONE', #3395, #1706 ) ;
#435 = AXIS2_PLACEMENT_3D ( 'NONE', #6111, #4561, #5508 ) ;
#436 = DIRECTION ( 'NONE',  ( 0.000000000000000000, -0.5877852522924624790, -0.8090169943749550008 ) ) ;
#437 = DIRECTION ( 'NONE',  ( 0.000000000000000000, 0.9510565162951521989, 0.3090169943749515591 ) ) ;
#438 = CARTESIAN_POINT ( 'NONE',  ( 7.000000000000000888, 35.95386929396256193, -10.96151621346501415 ) ) ;
#439 = EDGE_CURVE ( 'NONE', #3492, #1207, #1307, .T. ) ;
#440 = CIRCLE ( 'NONE', #4741, 16.00000000000000000 ) ;
#442 = ORIENTED_EDGE ( 'NONE', *, *, #892, .F. ) ;
#441 = ORIENTED_EDGE ( 'NONE', *, *, #1600, .F. ) ;
#443 = DIRECTION ( 'NONE',  ( 0.000000000000000000, 0.000000000000000000, 1.000000000000000000 ) ) ;
#444 = CIRCLE ( 'NONE', #4552, 42.00000000000000000 ) ;
#445 = AXIS2_PLACEMENT_3D ( 'NONE', #1496, #6099, #1034 ) ;
#446 = DIRECTION ( 'NONE',  ( 0.000000000000000000, 0.000000000000000000, 1.000000000000000000 ) ) ;
#447 = EDGE_CURVE ( 'NONE', #5790, #2596, #2735, .T. ) ;
#448 = CARTESIAN_POINT ( 'NONE',  ( 7.000000000000000888, 22.74946021919133088, 29.81001611431016229 ) ) ;
#449 = CIRCLE ( 'NONE', #4537, 37.49900000000000944 ) ;
#451 = EDGE_LOOP ( 'NONE', ( #6035, #1602, #479, #1986 ) ) ;
#450 = EDGE_LOOP ( 'NONE', ( #4750, #1629, #1022, #1137 ) ) ;
#452 = AXIS2_PLACEMENT_3D ( 'NONE', #1200, #1714, #5691 ) ;
#453 = EDGE_CURVE ( 'NONE', #4368, #6326, #684, .T. ) ;
#454 = AXIS2_PLACEMENT_3D ( 'NONE', #665, #724, #2661 ) ;
#455 = AXIS2_PLACEMENT_3D ( 'NONE', #2856, #3813, #5322 ) ;
#456 = DIRECTION ( 'NONE',  ( 0.000000000000000000, 0.000000000000000000, 1.000000000000000000 ) ) ;
#457 = DIRECTION ( 'NONE',  ( 0.000000000000000000, 0.9876883405951381034, -0.1564344650402276216 ) ) ;
#458 = ORIENTED_EDGE ( 'NONE', *, *, #1295, .F. ) ;
#459 = ORIENTED_EDGE ( 'NONE', *, *, #4572, .T. ) ;
#460 = AXIS2_PLACEMENT_3D ( 'NONE', #3609, #3668, #224 ) ;
#461 = AXIS2_PLACEMENT_3D ( 'NONE', #375, #1458, #934 ) ;
#462 = CARTESIAN_POINT ( 'NONE',  ( 0.000000000000000000, 0.000000000000000000, 0.000000000000000000 ) ) ;
#463 = DIRECTION ( 'NONE',  ( 0.000000000000000000, 0.000000000000000000, 1.000000000000000000 ) ) ;
#464 = DIRECTION ( 'NONE',  ( 0.000000000000000000, -0.7071067811865535679, 0.7071067811865413555 ) ) ;
#465 = DIRECTION ( 'NONE',  ( -1.000000000000000000, 0.000000000000000000, 0.000000000000000000 ) ) ;
#466 = CARTESIAN_POINT ( 'NONE',  ( 0.000000000000000000, 0.000000000000000000, 0.000000000000000000 ) ) ;
#467 = VERTEX_POINT ( 'NONE', #4316 ) ;
#468 = ORIENTED_EDGE ( 'NONE', *, *, #2972, .T. ) ;
#469 = CARTESIAN_POINT ( 'NONE',  ( 3.500000000000001332, 41.81611651403861885, 3.925862922256308174 ) ) ;
#470 = ADVANCED_FACE ( 'NONE', ( #3825 ), #4253, .T. ) ;
#471 = CARTESIAN_POINT ( 'NONE',  ( 7.000000000000000888, 37.48860685352291000, -0.8828120875901940279 ) ) ;
#472 = DIRECTION ( 'NONE',  ( 0.000000000000000000, 0.000000000000000000, 1.000000000000000000 ) ) ;
#473 = DIRECTION ( 'NONE',  ( -1.000000000000000000, -0.000000000000000000, 0.000000000000000000 ) ) ;
#475 = EDGE_LOOP ( 'NONE', ( #1198, #6392, #6307, #266 ) ) ;
#474 = ORIENTED_EDGE ( 'NONE', *, *, #4868, .T. ) ;
#476 = CARTESIAN_POINT ( 'NONE',  ( 7.000000000000000888, 27.13269053701132094, -25.88420570971372570 ) ) ;
#477 = EDGE_CURVE ( 'NONE', #357, #640, #5684, .T. ) ;
#478 = CARTESIAN_POINT ( 'NONE',  ( 7.000000000000000888, 0.000000000000000000, 0.000000000000000000 ) ) ;
#480 = EDGE_LOOP ( 'NONE', ( #3589, #566, #6134, #2253 ) ) ;
#479 = ORIENTED_EDGE ( 'NONE', *, *, #3135, .F. ) ;
#481 = ADVANCED_FACE ( 'NONE', ( #4219 ), #1240, .T. ) ;
#482 = DIRECTION ( 'NONE',  ( 0.000000000000000000, 0.000000000000000000, 1.000000000000000000 ) ) ;
#483 = CARTESIAN_POINT ( 'NONE',  ( 7.000000000000000888, -35.53030884539076339, -12.26510123303296140 ) ) ;
#484 = ORIENTED_EDGE ( 'NONE', *, *, #2160, .F. ) ;
#485 = CIRCLE ( 'NONE', #4682, 16.00000000000000000 ) ;
#486 = ORIENTED_EDGE ( 'NONE', *, *, #6445, .T. ) ;
#487 = ADVANCED_FACE ( 'NONE', ( #6268 ), #3232, .T. ) ;
#488 = FACE_OUTER_BOUND ( 'NONE', #904, .T. ) ;
#489 = APPROVAL_ROLE ( '' ) ;
#490 = DIRECTION ( 'NONE',  ( 1.000000000000000000, 0.000000000000000000, 0.000000000000000000 ) ) ;
#491 = FACE_BOUND ( 'NONE', #2372, .T. ) ;
#492 = CYLINDRICAL_SURFACE ( 'NONE', #6431, 16.00000000000000000 ) ;
#493 = ORIENTED_EDGE ( 'NONE', *, *, #4352, .F. ) ;
#494 = VERTEX_POINT ( 'NONE', #1787 ) ;
#495 = CARTESIAN_POINT ( 'NONE',  ( -3.214216105304919413, 1.955784110165257106, -2.276144463200295398 ) ) ;
#496 = DIRECTION ( 'NONE',  ( -1.000000000000000000, 0.000000000000000000, 0.000000000000000000 ) ) ;
#497 = DIRECTION ( 'NONE',  ( -1.000000000000000000, -0.000000000000000000, 0.000000000000000000 ) ) ;
#498 = DIRECTION ( 'NONE',  ( 1.000000000000000000, 0.000000000000000000, -0.000000000000000000 ) ) ;
#499 = ADVANCED_FACE ( 'NONE', ( #1755 ), #1820, .T. ) ;
#500 = ORIENTED_EDGE ( 'NONE', *, *, #1208, .T. ) ;
#502 = VERTEX_POINT ( 'NONE', #806 ) ;
#501 = ORIENTED_EDGE ( 'NONE', *, *, #4661, .F. ) ;
#503 = DIRECTION ( 'NONE',  ( -1.000000000000000000, 0.000000000000000000, -0.000000000000000000 ) ) ;
#504 = DIRECTION ( 'NONE',  ( 0.000000000000000000, 0.000000000000000000, 1.000000000000000000 ) ) ;
#505 = CARTESIAN_POINT ( 'NONE',  ( 7.000000000000000888, 0.000000000000000000, 0.000000000000000000 ) ) ;
#506 = DIRECTION ( 'NONE',  ( -1.000000000000000000, 0.000000000000000000, 0.000000000000000000 ) ) ;
#507 = EDGE_CURVE ( 'NONE', #4670, #1065, #3713, .T. ) ;
#508 = EDGE_CURVE ( 'NONE', #5734, #5329, #3191, .T. ) ;
#510 = ORIENTED_EDGE ( 'NONE', *, *, #1989, .F. ) ;
#509 = VERTEX_POINT ( 'NONE', #3754 ) ;
#511 = CARTESIAN_POINT ( 'NONE',  ( -5.907846563796998574, 9.893051084559342456, 1.464465331412864835 ) ) ;
#512 = EDGE_CURVE ( 'NONE', #6042, #1694, #2557, .T. ) ;
#513 = DIRECTION ( 'NONE',  ( -1.000000000000000000, 0.000000000000000000, -0.000000000000000000 ) ) ;
#514 = ORIENTED_EDGE ( 'NONE', *, *, #2276, .T. ) ;
#515 = CIRCLE ( 'NONE', #5343, 15.99999999999999822 ) ;
#516 = AXIS2_PLACEMENT_3D ( 'NONE', #1862, #152, #6037 ) ;
#517 = EDGE_LOOP ( 'NONE', ( #5462, #2281, #3615, #4134 ) ) ;
#518 = CYLINDRICAL_SURFACE ( 'NONE', #255, 16.00000000000000000 ) ;
#519 = PERSON_AND_ORGANIZATION ( #4357, #2203 ) ;
#520 = FACE_OUTER_BOUND ( 'NONE', #2909, .T. ) ;
#521 = CIRCLE ( 'NONE', #3981, 37.49900000000001654 ) ;
#522 = DIRECTION ( 'NONE',  ( -1.000000000000000000, -0.000000000000000000, 0.000000000000000000 ) ) ;
#523 = CIRCLE ( 'NONE', #1579, 37.49900000000000233 ) ;
#524 = EDGE_CURVE ( 'NONE', #3667, #2284, #2704, .T. ) ;
#525 = CARTESIAN_POINT ( 'NONE',  ( 7.000000000000000888, 21.32104025579158701, -30.84782396557194772 ) ) ;
#526 = ORIENTED_EDGE ( 'NONE', *, *, #2836, .T. ) ;
#527 = DIRECTION ( 'NONE',  ( 0.000000000000000000, 0.000000000000000000, 1.000000000000000000 ) ) ;
#528 = ORIENTED_EDGE ( 'NONE', *, *, #2254, .F. ) ;
#529 = VECTOR ( 'NONE', #5694, 1000.000000000000000 ) ;
#530 = DIRECTION ( 'NONE',  ( 0.000000000000000000, -1.000000000000000000, -1.040834085586084257E-14 ) ) ;
#531 = FACE_OUTER_BOUND ( 'NONE', #2534, .T. ) ;
#532 = CARTESIAN_POINT ( 'NONE',  ( 7.000000000000000888, 0.000000000000000000, 0.000000000000000000 ) ) ;
#533 = CYLINDRICAL_SURFACE ( 'NONE', #3634, 3.000000000000000444 ) ;
#534 = CIRCLE ( 'NONE', #6106, 3.000000000000000444 ) ;
#535 = ADVANCED_FACE ( 'NONE', ( #1212 ), #248, .T. ) ;
#536 = ORIENTED_EDGE ( 'NONE', *, *, #4934, .F. ) ;
#538 = ORIENTED_EDGE ( 'NONE', *, *, #167, .F. ) ;
#537 = VERTEX_POINT ( 'NONE', #5271 ) ;
#539 = VECTOR ( 'NONE', #3994, 1000.000000000000000 ) ;
#540 = CARTESIAN_POINT ( 'NONE',  ( 7.000000000000000888, 38.55633173627010990, 16.65560815589424593 ) ) ;
#541 = AXIS2_PLACEMENT_3D ( 'NONE', #5533, #6101, #2501 ) ;
#542 = DIRECTION ( 'NONE',  ( 0.000000000000000000, 0.000000000000000000, -1.000000000000000000 ) ) ;
#543 = DIRECTION ( 'NONE',  ( -1.000000000000000000, 0.000000000000000000, 0.000000000000000000 ) ) ;
#544 = CARTESIAN_POINT ( 'NONE',  ( 7.000000000000000888, -12.42422080174614862, -35.38097989696524337 ) ) ;
#545 = CIRCLE ( 'NONE', #4216, 16.00000000000000000 ) ;
#547 = ORIENTED_EDGE ( 'NONE', *, *, #741, .F. ) ;
#546 = EDGE_LOOP ( 'NONE', ( #5478, #1621, #2782, #1924 ) ) ;
#548 = AXIS2_PLACEMENT_3D ( 'NONE', #3635, #2215, #2650 ) ;
#549 = AXIS2_PLACEMENT_3D ( 'NONE', #5558, #1064, #5066 ) ;
#550 = AXIS2_PLACEMENT_3D ( 'NONE', #5232, #3297, #2770 ) ;
#551 = EDGE_CURVE ( 'NONE', #4573, #5453, #42, .T. ) ;
#552 = CYLINDRICAL_SURFACE ( 'NONE', #1822, 42.00000000000000000 ) ;
#553 = CIRCLE ( 'NONE', #3278, 16.00000000000000000 ) ;
#554 = AXIS2_PLACEMENT_3D ( 'NONE', #5723, #6184, #4267 ) ;
#555 = FACE_OUTER_BOUND ( 'NONE', #5255, .T. ) ;
#556 = CIRCLE ( 'NONE', #5279, 37.49900000000001654 ) ;
#557 = EDGE_LOOP ( 'NONE', ( #1742, #4068, #547, #1143 ) ) ;
#558 = VERTEX_POINT ( 'NONE', #5332 ) ;
#559 = DIRECTION ( 'NONE',  ( 1.000000000000000000, 0.000000000000000000, 0.000000000000000000 ) ) ;
#560 = VECTOR ( 'NONE', #5439, 1000.000000000000000 ) ;
#561 = AXIS2_PLACEMENT_3D ( 'NONE', #2977, #6078, #26 ) ;
#562 = PERSON_AND_ORGANIZATION ( #4357, #2203 ) ;
#563 = DIRECTION ( 'NONE',  ( 0.000000000000000000, 0.000000000000000000, 1.000000000000000000 ) ) ;
#564 = FACE_OUTER_BOUND ( 'NONE', #5826, .T. ) ;
#565 = DIRECTION ( 'NONE',  ( -1.000000000000000000, 0.000000000000000000, 0.000000000000000000 ) ) ;
#566 = ORIENTED_EDGE ( 'NONE', *, *, #4183, .F. ) ;
#567 = LINE ( 'NONE', #3616, #5570 ) ;
#568 = CIRCLE ( 'NONE', #6245, 16.00000000000000000 ) ;
#569 = ORIENTED_EDGE ( 'NONE', *, *, #2177, .F. ) ;
#570 = CARTESIAN_POINT ( 'NONE',  ( 0.000000000000000000, 4.992566952385522505, -37.16516213103271582 ) ) ;
#571 = EDGE_CURVE ( 'NONE', #616, #4935, #4088, .T. ) ;
#572 = DIRECTION ( 'NONE',  ( -1.000000000000000000, -0.000000000000000000, 0.000000000000000000 ) ) ;
#573 = CARTESIAN_POINT ( 'NONE',  ( 0.000000000000000000, 27.75498641678786171, -31.52238457039571173 ) ) ;
#574 = CARTESIAN_POINT ( 'NONE',  ( 0.000000000000000000, -39.04073710021355481, 15.48615015657567895 ) ) ;
#575 = CYLINDRICAL_SURFACE ( 'NONE', #5472, 16.00000000000000000 ) ;
#576 = ORIENTED_EDGE ( 'NONE', *, *, #1229, .F. ) ;
#577 = VERTEX_POINT ( 'NONE', #4472 ) ;
#578 = CARTESIAN_POINT ( 'NONE',  ( 7.000000000000000888, -30.80686688396994199, -21.53537804866113703 ) ) ;
#579 = EDGE_CURVE ( 'NONE', #1859, #5924, #3397, .T. ) ;
#580 = DIRECTION ( 'NONE',  ( -1.000000000000000000, -0.000000000000000000, -0.000000000000000000 ) ) ;
#581 = DIRECTION ( 'NONE',  ( 1.000000000000000000, 0.000000000000000000, -0.000000000000000000 ) ) ;
#582 = CARTESIAN_POINT ( 'NONE',  ( 7.000000000000000888, -5.202137450156657295, 37.22597642581155952 ) ) ;
#584 = ORIENTED_EDGE ( 'NONE', *, *, #243, .F. ) ;
#583 = VERTEX_POINT ( 'NONE', #835 ) ;
#585 = VECTOR ( 'NONE', #105, 1000.000000000000000 ) ;
#586 = CARTESIAN_POINT ( 'NONE',  ( -4.000050800000000351, 41.91543099594818500, 2.399999999999999023 ) ) ;
#587 = DIRECTION ( 'NONE',  ( -1.000000000000000000, 0.000000000000000000, 0.000000000000000000 ) ) ;
#588 = EDGE_CURVE ( 'NONE', #6270, #4670, #1512, .T. ) ;
#589 = VERTEX_POINT ( 'NONE', #963 ) ;
#590 = ORIENTED_EDGE ( 'NONE', *, *, #2368, .T. ) ;
#591 = DIRECTION ( 'NONE',  ( -1.000000000000000000, 0.000000000000000000, 0.000000000000000000 ) ) ;
#592 = COORDINATED_UNIVERSAL_TIME_OFFSET ( 7, 0, .AHEAD. ) ;
#593 = DIRECTION ( 'NONE',  ( 0.000000000000000000, -0.8090169943749403458, -0.5877852522924830181 ) ) ;
#594 = DIRECTION ( 'NONE',  ( -1.000000000000000000, -0.000000000000000000, 0.000000000000000000 ) ) ;
#595 = CARTESIAN_POINT ( 'NONE',  ( 7.000000000000000888, -30.84782396557201878, -21.32104025579148399 ) ) ;
#596 = EDGE_CURVE ( 'NONE', #1291, #2546, #2346, .T. ) ;
#597 = VECTOR ( 'NONE', #4545, 1000.000000000000000 ) ;
#598 = EDGE_CURVE ( 'NONE', #1, #3632, #4346, .T. ) ;
#599 = ORIENTED_EDGE ( 'NONE', *, *, #5992, .F. ) ;
#600 = DIRECTION ( 'NONE',  ( 0.000000000000000000, 0.000000000000000000, 1.000000000000000000 ) ) ;
#601 = ORIENTED_EDGE ( 'NONE', *, *, #1821, .T. ) ;
#602 = CARTESIAN_POINT ( 'NONE',  ( 0.000000000000000000, 35.38097989696528600, -12.42422080174602605 ) ) ;
#603 = CARTESIAN_POINT ( 'NONE',  ( 7.000000000000000888, -25.88420570971381807, -27.13269053701123212 ) ) ;
#604 = CARTESIAN_POINT ( 'NONE',  ( 7.000000000000000888, 0.000000000000000000, 0.000000000000000000 ) ) ;
#605 = DIRECTION ( 'NONE',  ( -1.000000000000000000, 0.000000000000000000, -0.000000000000000000 ) ) ;
#606 = CARTESIAN_POINT ( 'NONE',  ( 7.000000000000000888, 41.81611651403861885, 3.925862922256309950 ) ) ;
#607 = ADVANCED_FACE ( 'NONE', ( #6367 ), #5867, .T. ) ;
#608 = ORIENTED_EDGE ( 'NONE', *, *, #5844, .F. ) ;
#609 = ORIENTED_EDGE ( 'NONE', *, *, #3406, .F. ) ;
#610 = CARTESIAN_POINT ( 'NONE',  ( 0.000000000000000000, 33.17418723428333038, -17.67226234102789562 ) ) ;
#611 = LINE ( 'NONE', #2734, #2505 ) ;
#612 = LINE ( 'NONE', #81, #3163 ) ;
#613 = DIRECTION ( 'NONE',  ( 0.000000000000000000, -0.1564344650402170189, -0.9876883405951399908 ) ) ;
#614 = ADVANCED_FACE ( 'NONE', ( #6427 ), #2830, .T. ) ;
#616 = VERTEX_POINT ( 'NONE', #2439 ) ;
#615 = ORIENTED_EDGE ( 'NONE', *, *, #6372, .F. ) ;
#617 = CARTESIAN_POINT ( 'NONE',  ( 7.000000000000000888, -37.58145647212454321, 0.6853352020789026389 ) ) ;
#618 = ADVANCED_FACE ( 'NONE', ( #4965 ), #5459, .T. ) ;
#619 = DIRECTION ( 'NONE',  ( 1.000000000000000000, 0.000000000000000000, 0.000000000000000000 ) ) ;
#620 = ORIENTED_EDGE ( 'NONE', *, *, #2205, .T. ) ;
#621 = EDGE_LOOP ( 'NONE', ( #3313, #2515, #3644, #887 ) ) ;
#622 = CARTESIAN_POINT ( 'NONE',  ( 7.000000000000000888, -33.79645857604524650, 16.45098606841114730 ) ) ;
#623 = DATE_TIME_ROLE ( 'creation_date' ) ;
#624 = CARTESIAN_POINT ( 'NONE',  ( 0.000000000000000000, -10.96151621346461447, -35.95386929396267561 ) ) ;
#625 = CARTESIAN_POINT ( 'NONE',  ( 7.000000000000000888, -33.80338159004296017, 16.23288003029484727 ) ) ;
#626 = CARTESIAN_POINT ( 'NONE',  ( -10.00000000000000000, 0.000000000000000000, 0.000000000000000000 ) ) ;
#627 = AXIS2_PLACEMENT_3D ( 'NONE', #4002, #1515, #2590 ) ;
#628 = VECTOR ( 'NONE', #4120, 1000.000000000000000 ) ;
#629 = ORIENTED_EDGE ( 'NONE', *, *, #439, .F. ) ;
#630 = CARTESIAN_POINT ( 'NONE',  ( 7.000000000000000888, 0.000000000000000000, 0.000000000000000000 ) ) ;
#631 = ORIENTED_EDGE ( 'NONE', *, *, #1093, .T. ) ;
#632 = DIRECTION ( 'NONE',  ( -1.000000000000000000, 0.000000000000000000, -0.000000000000000000 ) ) ;
#633 = LINE ( 'NONE', #6517, #2305 ) ;
#634 = CIRCLE ( 'NONE', #5884, 42.00000000000000000 ) ;
#635 = CIRCLE ( 'NONE', #6096, 37.49900000000000944 ) ;
#636 = DIRECTION ( 'NONE',  ( -1.000000000000000000, -0.000000000000000000, -0.000000000000000000 ) ) ;
#637 = ADVANCED_FACE ( 'NONE', ( #5964 ), #4444, .T. ) ;
#638 = CARTESIAN_POINT ( 'NONE',  ( 7.000000000000000888, 0.000000000000000000, 0.000000000000000000 ) ) ;
#639 = FACE_OUTER_BOUND ( 'NONE', #6165, .T. ) ;
#640 = VERTEX_POINT ( 'NONE', #2470 ) ;
#641 = AXIS2_PLACEMENT_3D ( 'NONE', #5399, #4930, #4382 ) ;
#642 = ORIENTED_EDGE ( 'NONE', *, *, #257, .T. ) ;
#643 = CARTESIAN_POINT ( 'NONE',  ( 7.000000000000000888, -35.95386929396263298, 10.96151621346475658 ) ) ;
#644 = LINE ( 'NONE', #4154, #4295 ) ;
#645 = CARTESIAN_POINT ( 'NONE',  ( 4.000000000000000000, 0.000000000000000000, 0.000000000000000000 ) ) ;
#646 = B_SPLINE_CURVE_WITH_KNOTS ( 'NONE', 3,
 ( #4606, #6128, #2036, #101, #4991, #1586, #495, #993, #3123, #2099, #4108, #5122 ),
 .UNSPECIFIED., .F., .F.,
 ( 4, 2, 2, 2, 2, 4 ),
 ( 2.168404344971008868E-19, 0.0006061465642945367775, 0.001212293128589073338, 0.001818439692883610332, 0.002121512975030879697, 0.002424586257178148845 ),
 .UNSPECIFIED. ) ;
#647 = CARTESIAN_POINT ( 'NONE',  ( 0.000000000000000000, 0.000000000000000000, 0.000000000000000000 ) ) ;
#648 = CIRCLE ( 'NONE', #1585, 16.00000000000000355 ) ;
#650 = ORIENTED_EDGE ( 'NONE', *, *, #23, .T. ) ;
#649 = ORIENTED_EDGE ( 'NONE', *, *, #1305, .T. ) ;
#651 = AXIS2_PLACEMENT_3D ( 'NONE', #1320, #6277, #1766 ) ;
#652 = CIRCLE ( 'NONE', #1489, 15.99999999999999822 ) ;
#653 = EDGE_CURVE ( 'NONE', #3653, #3797, #6453, .T. ) ;
#654 = DIRECTION ( 'NONE',  ( 0.000000000000000000, 0.000000000000000000, 1.000000000000000000 ) ) ;
#655 = DIRECTION ( 'NONE',  ( 0.000000000000000000, 1.000000000000000000, 3.469446951953614189E-15 ) ) ;
#656 = ORIENTED_EDGE ( 'NONE', *, *, #6414, .F. ) ;
#657 = VERTEX_POINT ( 'NONE', #3453 ) ;
#658 = CARTESIAN_POINT ( 'NONE',  ( 7.000000000000000888, -17.80606268964516659, -33.00180498840066434 ) ) ;
#659 = ADVANCED_FACE ( 'NONE', ( #2378 ), #6490, .T. ) ;
#660 = DATE_AND_TIME ( #5753, #5778 ) ;
#661 = CARTESIAN_POINT ( 'NONE',  ( 7.000000000000000888, 0.000000000000000000, 0.000000000000000000 ) ) ;
#662 = VECTOR ( 'NONE', #6418, 1000.000000000000000 ) ;
#663 = CIRCLE ( 'NONE', #4326, 37.49900000000000944 ) ;
#664 = AXIS2_PLACEMENT_3D ( 'NONE', #643, #4648, #150 ) ;
#665 = CARTESIAN_POINT ( 'NONE',  ( 0.000000000000000000, -37.22597642581153110, -5.202137450156797627 ) ) ;
#666 = DIRECTION ( 'NONE',  ( 0.000000000000000000, 0.000000000000000000, 1.000000000000000000 ) ) ;
#667 = ORIENTED_EDGE ( 'NONE', *, *, #723, .T. ) ;
#668 = EDGE_LOOP ( 'NONE', ( #2776, #1929, #631, #3944 ) ) ;
#669 = AXIS2_PLACEMENT_3D ( 'NONE', #6050, #95, #133 ) ;
#670 = ORIENTED_EDGE ( 'NONE', *, *, #2656, .F. ) ;
#671 = CIRCLE ( 'NONE', #244, 37.49900000000001654 ) ;
#672 = CARTESIAN_POINT ( 'NONE',  ( 7.000000000000000888, 0.000000000000000000, 0.000000000000000000 ) ) ;
#673 = DIRECTION ( 'NONE',  ( -1.000000000000000000, -0.000000000000000000, 0.000000000000000000 ) ) ;
#674 = CARTESIAN_POINT ( 'NONE',  ( 7.000000000000000888, -22.74946021919110706, -29.81001611431033282 ) ) ;
#675 = CARTESIAN_POINT ( 'NONE',  ( 0.000000000000000000, 0.000000000000000000, 0.000000000000000000 ) ) ;
#676 = AXIS2_PLACEMENT_3D ( 'NONE', #5852, #853, #6311 ) ;
#677 = FACE_OUTER_BOUND ( 'NONE', #4133, .T. ) ;
#678 = VECTOR ( 'NONE', #1353, 1000.000000000000000 ) ;
#679 = VERTEX_POINT ( 'NONE', #6395 ) ;
#680 = EDGE_CURVE ( 'NONE', #5818, #2809, #4446, .T. ) ;
#681 = LINE ( 'NONE', #2674, #236 ) ;
#682 = CIRCLE ( 'NONE', #2352, 15.99999999999999645 ) ;
#683 = DIRECTION ( 'NONE',  ( -1.000000000000000000, 0.000000000000000000, 0.000000000000000000 ) ) ;
#684 = LINE ( 'NONE', #182, #1069 ) ;
#685 = CARTESIAN_POINT ( 'NONE',  ( 7.000000000000000888, -33.79645857604501202, -16.45098606841161626 ) ) ;
#686 = PRODUCT_DEFINITION_SHAPE ( 'NONE', 'NONE',  #2353 ) ;
#688 = ORIENTED_EDGE ( 'NONE', *, *, #2725, .T. ) ;
#687 = ORIENTED_EDGE ( 'NONE', *, *, #2708, .F. ) ;
#689 = LINE ( 'NONE', #2681, #2432 ) ;
#690 = CARTESIAN_POINT ( 'NONE',  ( 7.000000000000000888, -27.75498641678764145, 31.52238457039589647 ) ) ;
#691 = EDGE_LOOP ( 'NONE', ( #1227, #847, #3638, #1736 ) ) ;
#692 = EDGE_CURVE ( 'NONE', #3827, #5158, #3294, .T. ) ;
#693 = DIRECTION ( 'NONE',  ( 0.000000000000000000, 0.000000000000000000, -1.000000000000000000 ) ) ;
#694 = CARTESIAN_POINT ( 'NONE',  ( 7.000000000000000888, 37.01155633439058334, 6.555932627142546210 ) ) ;
#695 = APPROVAL_ROLE ( '' ) ;
#696 = DIRECTION ( 'NONE',  ( -1.000000000000000000, -0.000000000000000000, -0.000000000000000000 ) ) ;
#697 = FACE_OUTER_BOUND ( 'NONE', #700, .T. ) ;
#698 = VERTEX_POINT ( 'NONE', #3620 ) ;
#699 = EDGE_CURVE ( 'NONE', #4976, #52, #682, .T. ) ;
#700 = EDGE_LOOP ( 'NONE', ( #4327, #3345, #2940, #3422 ) ) ;
#701 = VERTEX_POINT ( 'NONE', #573 ) ;
#702 = LINE ( 'NONE', #3716, #3181 ) ;
#703 = CARTESIAN_POINT ( 'NONE',  ( 0.000000000000000000, 21.53537804866126137, -30.80686688396985318 ) ) ;
#704 = DIRECTION ( 'NONE',  ( 1.000000000000000000, 0.000000000000000000, -0.000000000000000000 ) ) ;
#705 = CARTESIAN_POINT ( 'NONE',  ( 0.000000000000000000, 6.555932627142949443, -37.01155633439051229 ) ) ;
#706 = AXIS2_PLACEMENT_3D ( 'NONE', #2699, #1747, #5697 ) ;
#707 = DIRECTION ( 'NONE',  ( 0.000000000000000000, 0.000000000000000000, 1.000000000000000000 ) ) ;
#708 = EDGE_LOOP ( 'NONE', ( #6398, #1160, #4301, #810 ) ) ;
#709 = CIRCLE ( 'NONE', #5745, 42.00000000000000000 ) ;
#710 = CARTESIAN_POINT ( 'NONE',  ( 7.000000000000000888, -37.48860685352290290, -0.8828120875904512665 ) ) ;
#711 = CARTESIAN_POINT ( 'NONE',  ( 7.000000000000000888, 0.000000000000000000, 0.000000000000000000 ) ) ;
#712 = DIRECTION ( 'NONE',  ( 0.000000000000000000, 0.000000000000000000, 1.000000000000000000 ) ) ;
#713 = DIRECTION ( 'NONE',  ( -1.000000000000000000, -0.000000000000000000, 0.000000000000000000 ) ) ;
#715 = ORIENTED_EDGE ( 'NONE', *, *, #1169, .T. ) ;
#714 = ORIENTED_EDGE ( 'NONE', *, *, #524, .T. ) ;
#716 = ADVANCED_FACE ( 'NONE', ( #5095 ), #2529, .T. ) ;
#717 = EDGE_CURVE ( 'NONE', #1711, #5549, #4557, .T. ) ;
#718 = CYLINDRICAL_SURFACE ( 'NONE', #548, 37.49900000000000233 ) ;
#719 = DIRECTION ( 'NONE',  ( -1.000000000000000000, 0.000000000000000000, -0.000000000000000000 ) ) ;
#720 = ORIENTED_EDGE ( 'NONE', *, *, #3549, .T. ) ;
#721 = CARTESIAN_POINT ( 'NONE',  ( 7.000000000000000888, 29.81001611431041098, -22.74946021919100403 ) ) ;
#722 = CARTESIAN_POINT ( 'NONE',  ( 0.000000000000000000, 36.88895765772642221, -6.736453364083161865 ) ) ;
#723 = EDGE_CURVE ( 'NONE', #1149, #2252, #2876, .T. ) ;
#724 = DIRECTION ( 'NONE',  ( 1.000000000000000000, 0.000000000000000000, 0.000000000000000000 ) ) ;
#725 = DIRECTION ( 'NONE',  ( 0.000000000000000000, 0.9876883405951382144, -0.1564344650402276493 ) ) ;
#726 = AXIS2_PLACEMENT_3D ( 'NONE', #5391, #4922, #5356 ) ;
#727 = EDGE_LOOP ( 'NONE', ( #4336, #5238, #1057, #3229 ) ) ;
#728 = ORIENTED_EDGE ( 'NONE', *, *, #1242, .F. ) ;
#729 = VERTEX_POINT ( 'NONE', #1133 ) ;
#730 = DIRECTION ( 'NONE',  ( -1.000000000000000000, 0.000000000000000000, -0.000000000000000000 ) ) ;
#731 = DIRECTION ( 'NONE',  ( 0.000000000000000000, 0.000000000000000000, 1.000000000000000000 ) ) ;
#732 = CARTESIAN_POINT ( 'NONE',  ( 7.000000000000000888, -33.17418723428319538, 17.67226234102814431 ) ) ;
#733 = EDGE_CURVE ( 'NONE', #2587, #2166, #1620, .T. ) ;
#734 = CARTESIAN_POINT ( 'NONE',  ( 3.500000000000000444, 36.13751322684418454, 21.40280677340384585 ) ) ;
#735 = DIRECTION ( 'NONE',  ( 0.000000000000000000, 0.000000000000000000, 1.000000000000000000 ) ) ;
#736 = ORIENTED_EDGE ( 'NONE', *, *, #4244, .F. ) ;
#737 = VECTOR ( 'NONE', #6347, 1000.000000000000000 ) ;
#738 = DIRECTION ( 'NONE',  ( 0.000000000000000000, 0.9510565162951521989, 0.3090169943749515591 ) ) ;
#739 = DIRECTION ( 'NONE',  ( -1.000000000000000000, -0.000000000000000000, -0.000000000000000000 ) ) ;
#740 = DIRECTION ( 'NONE',  ( 0.000000000000000000, 0.000000000000000000, -1.000000000000000000 ) ) ;
#741 = EDGE_CURVE ( 'NONE', #6377, #2231, #41, .T. ) ;
#742 = FACE_OUTER_BOUND ( 'NONE', #3500, .T. ) ;
#743 = AXIS2_PLACEMENT_3D ( 'NONE', #1587, #4639, #6057 ) ;
#745 = ORIENTED_EDGE ( 'NONE', *, *, #4229, .F. ) ;
#744 = VERTEX_POINT ( 'NONE', #4045 ) ;
#746 = CIRCLE ( 'NONE', #5788, 37.49900000000000944 ) ;
#747 = DIRECTION ( 'NONE',  ( -1.000000000000000000, 0.000000000000000000, 0.000000000000000000 ) ) ;
#748 = DIRECTION ( 'NONE',  ( -1.000000000000000000, 0.000000000000000000, 0.000000000000000000 ) ) ;
#749 = EDGE_CURVE ( 'NONE', #4430, #3550, #1314, .T. ) ;
#751 = ORIENTED_EDGE ( 'NONE', *, *, #203, .F. ) ;
#750 = DIRECTION ( 'NONE',  ( -1.000000000000000000, 0.000000000000000000, 0.000000000000000000 ) ) ;
#752 = DIRECTION ( 'NONE',  ( 0.000000000000000000, 0.000000000000000000, 1.000000000000000000 ) ) ;
#753 = EDGE_CURVE ( 'NONE', #991, #4106, #3411, .T. ) ;
#754 = CYLINDRICAL_SURFACE ( 'NONE', #3818, 16.00000000000000000 ) ;
#755 = VECTOR ( 'NONE', #3025, 1000.000000000000000 ) ;
#756 = CYLINDRICAL_SURFACE ( 'NONE', #4021, 37.49900000000000233 ) ;
#757 = AXIS2_PLACEMENT_3D ( 'NONE', #1359, #2982, #2488 ) ;
#758 = DIRECTION ( 'NONE',  ( -1.000000000000000000, -0.000000000000000000, -0.000000000000000000 ) ) ;
#759 = ORIENTED_EDGE ( 'NONE', *, *, #6429, .T. ) ;
#760 = ORIENTED_EDGE ( 'NONE', *, *, #741, .T. ) ;
#761 = ORIENTED_EDGE ( 'NONE', *, *, #1751, .T. ) ;
#762 = EDGE_CURVE ( 'NONE', #5864, #4976, #5840, .T. ) ;
#763 = CARTESIAN_POINT ( 'NONE',  ( 0.000000000000000000, 12.26510123303259370, 35.53030884539089129 ) ) ;
#764 = CIRCLE ( 'NONE', #1412, 37.49900000000000233 ) ;
#765 = CIRCLE ( 'NONE', #2220, 16.00000000000000000 ) ;
#766 = DIRECTION ( 'NONE',  ( 0.000000000000000000, 0.000000000000000000, 1.000000000000000000 ) ) ;
#767 = CARTESIAN_POINT ( 'NONE',  ( 0.000000000000000000, 0.000000000000000000, 0.000000000000000000 ) ) ;
#768 = FACE_OUTER_BOUND ( 'NONE', #4671, .T. ) ;
#769 = FACE_OUTER_BOUND ( 'NONE', #910, .T. ) ;
#770 = CIRCLE ( 'NONE', #1809, 42.00000000000000000 ) ;
#771 = CIRCLE ( 'NONE', #1608, 42.00000000000000000 ) ;
#772 = ORIENTED_EDGE ( 'NONE', *, *, #2733, .T. ) ;
#773 = EDGE_CURVE ( 'NONE', #6499, #2232, #3305, .T. ) ;
#774 = DIRECTION ( 'NONE',  ( 0.000000000000000000, 0.000000000000000000, -1.000000000000000000 ) ) ;
#775 = DIRECTION ( 'NONE',  ( -1.000000000000000000, 0.000000000000000000, 0.000000000000000000 ) ) ;
#776 = CARTESIAN_POINT ( 'NONE',  ( 0.000000000000000000, 0.000000000000000000, 0.000000000000000000 ) ) ;
#777 = CIRCLE ( 'NONE', #454, 16.00000000000000000 ) ;
#778 = CARTESIAN_POINT ( 'NONE',  ( 7.000000000000000888, -30.00120703465189465, -22.64427369931200928 ) ) ;
#780 = ORIENTED_EDGE ( 'NONE', *, *, #3334, .T. ) ;
#779 = EDGE_LOOP ( 'NONE', ( #609, #4877, #3014, #4151 ) ) ;
#781 = EDGE_CURVE ( 'NONE', #217, #118, #5942, .T. ) ;
#782 = CIRCLE ( 'NONE', #4445, 16.00000000000000355 ) ;
#783 = AXIS2_PLACEMENT_3D ( 'NONE', #5427, #2871, #472 ) ;
#784 = DIRECTION ( 'NONE',  ( -1.000000000000000000, -0.000000000000000000, -0.000000000000000000 ) ) ;
#785 = DIRECTION ( 'NONE',  ( 0.000000000000000000, -0.8090169943749531134, 0.5877852522924653655 ) ) ;
#787 = ORIENTED_EDGE ( 'NONE', *, *, #2160, .T. ) ;
#786 = ORIENTED_EDGE ( 'NONE', *, *, #38, .F. ) ;
#788 = CARTESIAN_POINT ( 'NONE',  ( 7.000000000000000888, 0.000000000000000000, 0.000000000000000000 ) ) ;
#789 = CARTESIAN_POINT ( 'NONE',  ( 7.000000000000000888, -26.79245525562738095, 32.34446384429961796 ) ) ;
#790 = CC_DESIGN_DATE_AND_TIME_ASSIGNMENT ( #5483, #623, ( #1071 ) ) ;
#791 = LINE ( 'NONE', #1707, #3916 ) ;
#792 = CARTESIAN_POINT ( 'NONE',  ( 0.000000000000000000, -41.91543099594819921, 2.663952781846005369 ) ) ;
#793 = VERTEX_POINT ( 'NONE', #1554 ) ;
#794 = ORIENTED_EDGE ( 'NONE', *, *, #120, .T. ) ;
#795 = EDGE_LOOP ( 'NONE', ( #58, #3608, #2143, #4496 ) ) ;
#796 = CARTESIAN_POINT ( 'NONE',  ( 3.500000000000000444, 22.48208911017551515, -35.47612816024499693 ) ) ;
#797 = CARTESIAN_POINT ( 'NONE',  ( 0.000000000000000000, 22.74946021919133088, 29.81001611431016229 ) ) ;
#798 = DIRECTION ( 'NONE',  ( -1.000000000000000000, -0.000000000000000000, -0.000000000000000000 ) ) ;
#799 = DIRECTION ( 'NONE',  ( -1.000000000000000000, 0.000000000000000000, -0.000000000000000000 ) ) ;
#800 = EDGE_CURVE ( 'NONE', #1773, #2329, #4457, .T. ) ;
#801 = EDGE_CURVE ( 'NONE', #3808, #2611, #6091, .T. ) ;
#802 = DIRECTION ( 'NONE',  ( -1.000000000000000000, -0.000000000000000000, 0.000000000000000000 ) ) ;
#803 = VERTEX_POINT ( 'NONE', #2101 ) ;
#804 = CARTESIAN_POINT ( 'NONE',  ( 0.000000000000000000, 38.55633173627010279, 16.65560815589424593 ) ) ;
#805 = CYLINDRICAL_SURFACE ( 'NONE', #3881, 16.00000000000000000 ) ;
#806 = CARTESIAN_POINT ( 'NONE',  ( 0.000000000000000000, -6.736453364083817341, 36.88895765772630142 ) ) ;
#807 = FACE_OUTER_BOUND ( 'NONE', #5424, .T. ) ;
#808 = ADVANCED_FACE ( 'NONE', ( #1491 ), #6518, .T. ) ;
#809 = AXIS2_PLACEMENT_3D ( 'NONE', #4503, #74, #1062 ) ;
#811 = ORIENTED_EDGE ( 'NONE', *, *, #1830, .T. ) ;
#810 = ORIENTED_EDGE ( 'NONE', *, *, #1910, .T. ) ;
#812 = DIRECTION ( 'NONE',  ( 0.000000000000000000, 0.000000000000000000, -1.000000000000000000 ) ) ;
#813 = EDGE_CURVE ( 'NONE', #2024, #1024, #2040, .T. ) ;
#814 = CARTESIAN_POINT ( 'NONE',  ( 7.000000000000000888, 0.000000000000000000, 0.000000000000000000 ) ) ;
#816 = VERTEX_POINT ( 'NONE', #6130 ) ;
#815 = ORIENTED_EDGE ( 'NONE', *, *, #4661, .T. ) ;
#817 = DIRECTION ( 'NONE',  ( 0.000000000000000000, 0.3090169943749480619, -0.9510565162951533091 ) ) ;
#818 = DIRECTION ( 'NONE',  ( 1.000000000000000000, 0.000000000000000000, 0.000000000000000000 ) ) ;
#819 = ADVANCED_FACE ( 'NONE', ( #5125 ), #1523, .T. ) ;
#820 = CARTESIAN_POINT ( 'NONE',  ( 7.000000000000000888, -16.23288003029473359, -33.80338159004301701 ) ) ;
#821 = DIRECTION ( 'NONE',  ( 1.000000000000000000, -0.000000000000000000, 0.000000000000000000 ) ) ;
#822 = ORIENTED_EDGE ( 'NONE', *, *, #842, .F. ) ;
#823 = ORIENTED_EDGE ( 'NONE', *, *, #2287, .F. ) ;
#824 = ORIENTED_EDGE ( 'NONE', *, *, #1082, .T. ) ;
#825 = DIRECTION ( 'NONE',  ( -1.000000000000000000, -0.000000000000000000, 0.000000000000000000 ) ) ;
#826 =( LENGTH_UNIT ( ) NAMED_UNIT ( * ) SI_UNIT ( .MILLI., .METRE. ) );
#827 = CARTESIAN_POINT ( 'NONE',  ( 7.000000000000000888, 27.13269053701132094, -25.88420570971372570 ) ) ;
#828 = CARTESIAN_POINT ( 'NONE',  ( 0.000000000000000000, -30.00120703465221794, 22.64427369931157585 ) ) ;
#829 = CYLINDRICAL_SURFACE ( 'NONE', #3476, 42.00000000000000000 ) ;
#830 = ORIENTED_EDGE ( 'NONE', *, *, #186, .F. ) ;
#831 = ORIENTED_EDGE ( 'NONE', *, *, #733, .F. ) ;
#832 = CARTESIAN_POINT ( 'NONE',  ( 0.000000000000000000, 0.000000000000000000, 0.000000000000000000 ) ) ;
#833 = EDGE_CURVE ( 'NONE', #4106, #5578, #4150, .T. ) ;
#834 = CARTESIAN_POINT ( 'NONE',  ( -4.000050800000000351, 41.91543099594818500, 0.000000000000000000 ) ) ;
#835 = CARTESIAN_POINT ( 'NONE',  ( 7.000000000000000888, -40.68715046381937128, 10.41901085202062305 ) ) ;
#836 = CARTESIAN_POINT ( 'NONE',  ( 0.000000000000000000, 0.000000000000000000, 0.000000000000000000 ) ) ;
#837 = AXIS2_PLACEMENT_3D ( 'NONE', #1828, #3830, #1154 ) ;
#838 = VECTOR ( 'NONE', #3168, 1000.000000000000000 ) ;
#840 = VERTEX_POINT ( 'NONE', #4734 ) ;
#839 = ORIENTED_EDGE ( 'NONE', *, *, #4977, .T. ) ;
#841 = DIRECTION ( 'NONE',  ( -1.000000000000000000, 0.000000000000000000, 0.000000000000000000 ) ) ;
#842 = EDGE_CURVE ( 'NONE', #3534, #4767, #5727, .T. ) ;
#843 = AXIS2_PLACEMENT_3D ( 'NONE', #5534, #183, #5105 ) ;
#844 = DIRECTION ( 'NONE',  ( 0.000000000000000000, -0.4539904997395541320, 0.8910065241883640130 ) ) ;
#845 = VECTOR ( 'NONE', #142, 1000.000000000000000 ) ;
#846 = LINE ( 'NONE', #2906, #5907 ) ;
#848 = EDGE_LOOP ( 'NONE', ( #1088, #5237, #4215, #3869 ) ) ;
#847 = ORIENTED_EDGE ( 'NONE', *, *, #1093, .F. ) ;
#849 = LINE ( 'NONE', #6378, #2943 ) ;
#850 = EDGE_CURVE ( 'NONE', #287, #6034, #5305, .T. ) ;
#851 = DIRECTION ( 'NONE',  ( 0.000000000000000000, -0.8910065241883722287, 0.4539904997395382003 ) ) ;
#852 = CLOSED_SHELL ( 'NONE', ( #3684, #6229, #3987, #3514, #470, #5958, #5169, #3075, #2716, #6144, #4107, #2089, #2530, #659, #6079, #5861, #1686, #2566, #5671, #2969, #1487, #2327, #808, #5486, #6023, #1138, #4380, #3536, #2251, #1371, #2845, #3745, #2183, #6040, #65, #1285, #4518, #86, #3603, #62, #4594, #1121, #5820, #3237, #4418, #4254, #4439, #3566, #6264, #2153, #3383, #3901, #3639, #5945, #4097, #3874, #3671, #1043, #4504, #1718, #1693, #2224, #4247, #3400, #3119, #3091, #1179, #1104, #535, #4785, #4258, #6455, #607, #1561, #3209, #3630, #1871, #3413, #5505, #3780, #6324, #4125, #5187, #6468, #312, #5260, #2170, #5874, #4073, #415, #4623, #4562, #1855, #4494, #2805, #2392, #5206, #2613, #2879, #6417, #6426, #6437, #5366, #2520, #3341, #2115, #3956, #1197, #6189, #273, #3694, #228, #2779, #3443, #351, #637, #6349, #5542, #5696, #487, #5628, #819, #3118, #481, #884, #1444, #187, #716, #4360, #2667, #6032, #4479, #353, #4656, #5786, #6495, #3792, #4542, #1626, #4364, #614, #1675, #5661, #3270, #4451, #1477, #2574, #139, #1885, #499, #5586, #2900, #5063, #5443, #4526, #2709, #1357, #3437, #5420, #328, #1765, #900, #6058, #1872, #2361, #6171, #3479, #3893, #1574, #4213, #2311, #2240, #193, #618, #47, #280, #5036, #4973, #4292, #1184 ) ) ;
#853 = DIRECTION ( 'NONE',  ( -1.000000000000000000, -0.000000000000000000, -0.000000000000000000 ) ) ;
#854 = CARTESIAN_POINT ( 'NONE',  ( -1.722862389083173351, 9.971063875856120973, 0.7741352206819162030 ) ) ;
#855 = AXIS2_PLACEMENT_3D ( 'NONE', #947, #3935, #3414 ) ;
#856 = ORIENTED_EDGE ( 'NONE', *, *, #5081, .T. ) ;
#857 = VERTEX_POINT ( 'NONE', #3681 ) ;
#858 = CIRCLE ( 'NONE', #3575, 42.00000000000000000 ) ;
#859 = DIRECTION ( 'NONE',  ( 0.000000000000000000, 0.000000000000000000, 1.000000000000000000 ) ) ;
#860 = CARTESIAN_POINT ( 'NONE',  ( 0.000000000000000000, 17.80606268964585226, -33.00180498840028775 ) ) ;
#861 = CIRCLE ( 'NONE', #6322, 16.00000000000000355 ) ;
#862 = DIRECTION ( 'NONE',  ( 0.000000000000000000, 0.000000000000000000, 1.000000000000000000 ) ) ;
#863 = FACE_OUTER_BOUND ( 'NONE', #1628, .T. ) ;
#864 = CIRCLE ( 'NONE', #5582, 16.00000000000000000 ) ;
#865 = ORIENTED_EDGE ( 'NONE', *, *, #5652, .T. ) ;
#866 = CIRCLE ( 'NONE', #3693, 37.49900000000000233 ) ;
#867 = AXIS2_PLACEMENT_3D ( 'NONE', #2446, #3984, #4477 ) ;
#868 = DIRECTION ( 'NONE',  ( -1.000000000000000000, -0.000000000000000000, -0.000000000000000000 ) ) ;
#869 = DIRECTION ( 'NONE',  ( -1.000000000000000000, 0.000000000000000000, 0.000000000000000000 ) ) ;
#870 = CARTESIAN_POINT ( 'NONE',  ( -4.404267115379359332, 1.842214521461525978, 2.367843755517302640 ) ) ;
#871 = DIRECTION ( 'NONE',  ( -1.000000000000000000, 0.000000000000000000, 0.000000000000000000 ) ) ;
#872 = EDGE_CURVE ( 'NONE', #1031, #364, #3096, .T. ) ;
#873 = CIRCLE ( 'NONE', #1084, 42.00000000000000000 ) ;
#874 = CIRCLE ( 'NONE', #4946, 16.00000000000000000 ) ;
#875 = EDGE_CURVE ( 'NONE', #467, #357, #3160, .T. ) ;
#877 = EDGE_LOOP ( 'NONE', ( #4078, #4378, #5112, #590 ) ) ;
#876 = VERTEX_POINT ( 'NONE', #5198 ) ;
#878 = FACE_OUTER_BOUND ( 'NONE', #795, .T. ) ;
#879 = CIRCLE ( 'NONE', #4959, 16.00000000000000000 ) ;
#880 = CIRCLE ( 'NONE', #5920, 16.00000000000000000 ) ;
#881 = DIRECTION ( 'NONE',  ( -1.000000000000000000, -0.000000000000000000, -0.000000000000000000 ) ) ;
#882 = CARTESIAN_POINT ( 'NONE',  ( 7.000000000000000888, 0.8828120875905820508, -37.48860685352290290 ) ) ;
#883 = EDGE_CURVE ( 'NONE', #2663, #2074, #6161, .T. ) ;
#884 = ADVANCED_FACE ( 'NONE', ( #5227 ), #3197, .T. ) ;
#885 = VECTOR ( 'NONE', #2073, 1000.000000000000000 ) ;
#886 = AXIS2_PLACEMENT_3D ( 'NONE', #462, #5480, #6016 ) ;
#888 = VERTEX_POINT ( 'NONE', #3254 ) ;
#887 = ORIENTED_EDGE ( 'NONE', *, *, #5041, .T. ) ;
#889 = LINE ( 'NONE', #4296, #2192 ) ;
#890 = VECTOR ( 'NONE', #1912, 1000.000000000000000 ) ;
#891 = DIRECTION ( 'NONE',  ( 0.000000000000000000, 0.000000000000000000, 1.000000000000000000 ) ) ;
#892 = EDGE_CURVE ( 'NONE', #3510, #5453, #5761, .T. ) ;
#893 = CARTESIAN_POINT ( 'NONE',  ( -3.374771142824318559, 9.726621525323675854, 2.322465237736606625 ) ) ;
#894 = EDGE_LOOP ( 'NONE', ( #714, #4635, #5808, #1676 ) ) ;
#895 = EDGE_LOOP ( 'NONE', ( #5781, #6466, #1046, #1666 ) ) ;
#896 = DIRECTION ( 'NONE',  ( -1.000000000000000000, 0.000000000000000000, -0.000000000000000000 ) ) ;
#897 = DATE_AND_TIME ( #5390, #5674 ) ;
#898 = LINE ( 'NONE', #5891, #2710 ) ;
#899 = DIRECTION ( 'NONE',  ( -1.000000000000000000, -0.000000000000000000, -0.000000000000000000 ) ) ;
#900 = ADVANCED_FACE ( 'NONE', ( #2270 ), #4701, .T. ) ;
#901 = DIRECTION ( 'NONE',  ( -1.000000000000000000, -0.000000000000000000, -0.000000000000000000 ) ) ;
#902 = VERTEX_POINT ( 'NONE', #1653 ) ;
#903 = VECTOR ( 'NONE', #1683, 1000.000000000000000 ) ;
#904 = EDGE_LOOP ( 'NONE', ( #2292, #2399, #1503, #12 ) ) ;
#905 = CARTESIAN_POINT ( 'NONE',  ( 3.500000000000000444, -9.188173127307004862, -40.98264845739759465 ) ) ;
#906 = CARTESIAN_POINT ( 'NONE',  ( 7.000000000000000888, -37.16516213103273714, -4.992566952385376844 ) ) ;
#907 = DIRECTION ( 'NONE',  ( 0.000000000000000000, 0.000000000000000000, 1.000000000000000000 ) ) ;
#908 = DIRECTION ( 'NONE',  ( -1.000000000000000000, 0.000000000000000000, -0.000000000000000000 ) ) ;
#910 = EDGE_LOOP ( 'NONE', ( #5871, #4558, #1182, #1311 ) ) ;
#909 = ORIENTED_EDGE ( 'NONE', *, *, #4055, .T. ) ;
#911 = CARTESIAN_POINT ( 'NONE',  ( 0.000000000000000000, 0.000000000000000000, 0.000000000000000000 ) ) ;
#912 = CARTESIAN_POINT ( 'NONE',  ( 0.000000000000000000, 0.000000000000000000, 0.000000000000000000 ) ) ;
#913 = DIRECTION ( 'NONE',  ( 0.000000000000000000, -0.5877852522924802425, 0.8090169943749422332 ) ) ;
#914 = CIRCLE ( 'NONE', #5635, 16.00000000000000000 ) ;
#916 = VERTEX_POINT ( 'NONE', #4246 ) ;
#915 = ORIENTED_EDGE ( 'NONE', *, *, #5445, .T. ) ;
#917 = EDGE_CURVE ( 'NONE', #1996, #3879, #1261, .T. ) ;
#918 = AXIS2_PLACEMENT_3D ( 'NONE', #6331, #1241, #2705 ) ;
#919 = EDGE_CURVE ( 'NONE', #2835, #6451, #1328, .T. ) ;
#920 = CYLINDRICAL_SURFACE ( 'NONE', #5065, 16.00000000000000000 ) ;
#921 = LINE ( 'NONE', #1894, #3909 ) ;
#922 = ORIENTED_EDGE ( 'NONE', *, *, #3516, .T. ) ;
#923 = ORIENTED_EDGE ( 'NONE', *, *, #5251, .T. ) ;
#924 = DIRECTION ( 'NONE',  ( 1.000000000000000000, 0.000000000000000000, 0.000000000000000000 ) ) ;
#925 =( NAMED_UNIT ( * ) PLANE_ANGLE_UNIT ( ) SI_UNIT ( $, .RADIAN. ) );
#926 = DIRECTION ( 'NONE',  ( -1.000000000000000000, -0.000000000000000000, 0.000000000000000000 ) ) ;
#927 = DIRECTION ( 'NONE',  ( 0.000000000000000000, 0.000000000000000000, -1.000000000000000000 ) ) ;
#928 = CARTESIAN_POINT ( 'NONE',  ( -4.000050800000000351, 9.707728879609284434, -2.399999999999999023 ) ) ;
#929 = ORIENTED_EDGE ( 'NONE', *, *, #6008, .F. ) ;
#930 = ORIENTED_EDGE ( 'NONE', *, *, #3654, .T. ) ;
#931 = DIRECTION ( 'NONE',  ( 0.000000000000000000, 0.000000000000000000, 1.000000000000000000 ) ) ;
#932 = EDGE_CURVE ( 'NONE', #1485, #3632, #5298, .T. ) ;
#933 = CARTESIAN_POINT ( 'NONE',  ( 7.000000000000000888, -35.47612816024539484, 22.48208911017487566 ) ) ;
#934 = DIRECTION ( 'NONE',  ( 0.000000000000000000, -0.3090169943749549453, 0.9510565162951511997 ) ) ;
#935 = DIRECTION ( 'NONE',  ( -1.000000000000000000, 0.000000000000000000, 0.000000000000000000 ) ) ;
#937 = ORIENTED_EDGE ( 'NONE', *, *, #3621, .T. ) ;
#936 = ORIENTED_EDGE ( 'NONE', *, *, #3296, .T. ) ;
#938 = DIRECTION ( 'NONE',  ( -1.000000000000000000, -0.000000000000000000, -0.000000000000000000 ) ) ;
#939 = EDGE_CURVE ( 'NONE', #6354, #2902, #1167, .T. ) ;
#940 = CARTESIAN_POINT ( 'NONE',  ( 7.000000000000000888, 6.736453364083557105, 36.88895765772635826 ) ) ;
#941 = DIRECTION ( 'NONE',  ( -1.000000000000000000, 0.000000000000000000, -0.000000000000000000 ) ) ;
#943 = VERTEX_POINT ( 'NONE', #6287 ) ;
#942 = ORIENTED_EDGE ( 'NONE', *, *, #6348, .T. ) ;
#944 = CIRCLE ( 'NONE', #1465, 16.00000000000000000 ) ;
#945 = VECTOR ( 'NONE', #1348, 1000.000000000000000 ) ;
#946 = DIRECTION ( 'NONE',  ( 1.000000000000000000, -0.000000000000000000, -0.000000000000000000 ) ) ;
#947 = CARTESIAN_POINT ( 'NONE',  ( 7.000000000000000888, 17.67226234102825799, 33.17418723428314564 ) ) ;
#948 = CIRCLE ( 'NONE', #2826, 42.00000000000000000 ) ;
#949 = EDGE_CURVE ( 'NONE', #3051, #4392, #1116, .T. ) ;
#950 = ORIENTED_EDGE ( 'NONE', *, *, #1552, .T. ) ;
#951 = ORIENTED_EDGE ( 'NONE', *, *, #2107, .F. ) ;
#952 = CARTESIAN_POINT ( 'NONE',  ( 7.000000000000000888, -39.04073710021332744, -15.48615015657624561 ) ) ;
#953 = DIRECTION ( 'NONE',  ( 1.000000000000000000, 0.000000000000000000, 0.000000000000000000 ) ) ;
#954 = DIRECTION ( 'NONE',  ( -1.000000000000000000, 0.000000000000000000, 0.000000000000000000 ) ) ;
#955 = CARTESIAN_POINT ( 'NONE',  ( 7.000000000000000888, -26.08949754953043865, 27.05870788708222108 ) ) ;
#956 = CARTESIAN_POINT ( 'NONE',  ( 4.000000000000000000, 0.000000000000000000, 0.000000000000000000 ) ) ;
#957 = AXIS2_PLACEMENT_3D ( 'NONE', #4261, #1098, #527 ) ;
#958 = ORIENTED_EDGE ( 'NONE', *, *, #3263, .F. ) ;
#959 = VERTEX_POINT ( 'NONE', #2670 ) ;
#960 = CARTESIAN_POINT ( 'NONE',  ( 3.500000000000000444, 15.48615015657638416, -39.04073710021327770 ) ) ;
#961 = CIRCLE ( 'NONE', #435, 16.00000000000000355 ) ;
#962 = DIRECTION ( 'NONE',  ( 0.000000000000000000, 0.000000000000000000, -1.000000000000000000 ) ) ;
#963 = CARTESIAN_POINT ( 'NONE',  ( 0.000000000000000000, 12.42422080174638310, 35.38097989696515810 ) ) ;
#964 = DIRECTION ( 'NONE',  ( 0.000000000000000000, -0.5877852522924802425, 0.8090169943749422332 ) ) ;
#965 = AXIS2_PLACEMENT_3D ( 'NONE', #5358, #1934, #6389 ) ;
#966 = EDGE_CURVE ( 'NONE', #5842, #816, #205, .T. ) ;
#968 = VERTEX_POINT ( 'NONE', #2763 ) ;
#967 = ORIENTED_EDGE ( 'NONE', *, *, #3428, .F. ) ;
#969 = CARTESIAN_POINT ( 'NONE',  ( 7.000000000000000888, 0.000000000000000000, 0.000000000000000000 ) ) ;
#970 = AXIS2_PLACEMENT_3D ( 'NONE', #2386, #412, #1886 ) ;
#971 = AXIS2_PLACEMENT_3D ( 'NONE', #2094, #1053, #134 ) ;
#972 = CYLINDRICAL_SURFACE ( 'NONE', #3665, 16.00000000000000000 ) ;
#973 = EDGE_CURVE ( 'NONE', #5453, #6370, #2151, .T. ) ;
#974 = CIRCLE ( 'NONE', #2647, 42.00000000000000000 ) ;
#976 = ORIENTED_EDGE ( 'NONE', *, *, #5531, .T. ) ;
#975 = ORIENTED_EDGE ( 'NONE', *, *, #2865, .T. ) ;
#977 = AXIS2_PLACEMENT_3D ( 'NONE', #4541, #1551, #71 ) ;
#978 = CIRCLE ( 'NONE', #5598, 16.00000000000000000 ) ;
#979 = VECTOR ( 'NONE', #3442, 1000.000000000000000 ) ;
#980 = CARTESIAN_POINT ( 'NONE',  ( 7.000000000000000888, -25.88420570971419821, 27.13269053701087330 ) ) ;
#981 = LINE ( 'NONE', #4595, #6216 ) ;
#982 = ORIENTED_EDGE ( 'NONE', *, *, #1658, .T. ) ;
#983 = ORIENTED_EDGE ( 'NONE', *, *, #932, .T. ) ;
#984 = AXIS2_PLACEMENT_3D ( 'NONE', #3978, #4608, #4578 ) ;
#985 = DIRECTION ( 'NONE',  ( 0.000000000000000000, 0.000000000000000000, 1.000000000000000000 ) ) ;
#986 = EDGE_CURVE ( 'NONE', #3120, #2587, #4880, .T. ) ;
#987 = COORDINATED_UNIVERSAL_TIME_OFFSET ( 7, 0, .AHEAD. ) ;
#988 = CARTESIAN_POINT ( 'NONE',  ( 0.000000000000000000, 0.000000000000000000, 0.000000000000000000 ) ) ;
#989 = CARTESIAN_POINT ( 'NONE',  ( 7.000000000000000888, 0.000000000000000000, 0.000000000000000000 ) ) ;
#990 = FACE_BOUND ( 'NONE', #4535, .T. ) ;
#991 = VERTEX_POINT ( 'NONE', #3718 ) ;
#992 = EDGE_LOOP ( 'NONE', ( #4269, #1195, #442, #2731 ) ) ;
#993 = CARTESIAN_POINT ( 'NONE',  ( -3.498832249396183869, 1.866308887889808643, -2.349121625356289211 ) ) ;
#994 = LINE ( 'NONE', #2000, #1884 ) ;
#995 = EDGE_CURVE ( 'NONE', #2490, #3906, #5324, .T. ) ;
#996 = DIRECTION ( 'NONE',  ( -1.000000000000000000, -0.000000000000000000, 0.000000000000000000 ) ) ;
#997 = EDGE_CURVE ( 'NONE', #4396, #2625, #1842, .T. ) ;
#998 = DIRECTION ( 'NONE',  ( 1.000000000000000000, -0.000000000000000000, -0.000000000000000000 ) ) ;
#999 = ORIENTED_EDGE ( 'NONE', *, *, #1772, .F. ) ;
#1001 = ORIENTED_EDGE ( 'NONE', *, *, #875, .T. ) ;
#1000 = ORIENTED_EDGE ( 'NONE', *, *, #4894, .T. ) ;
#1002 = DIRECTION ( 'NONE',  ( -1.000000000000000000, -0.000000000000000000, -0.000000000000000000 ) ) ;
#1003 = VECTOR ( 'NONE', #3290, 1000.000000000000000 ) ;
#1004 = DIRECTION ( 'NONE',  ( 0.000000000000000000, 0.000000000000000000, 1.000000000000000000 ) ) ;
#1005 = EDGE_CURVE ( 'NONE', #1415, #5376, #5011, .T. ) ;
#1006 = CARTESIAN_POINT ( 'NONE',  ( 0.000000000000000000, -0.6853352020793137545, 37.58145647212452900 ) ) ;
#1008 = VERTEX_POINT ( 'NONE', #6387 ) ;
#1007 = EDGE_LOOP ( 'NONE', ( #2136, #5441, #6492, #5293 ) ) ;
#1009 = EDGE_CURVE ( 'NONE', #3295, #2573, #898, .T. ) ;
#1010 = CIRCLE ( 'NONE', #1748, 37.49900000000000944 ) ;
#1011 = CARTESIAN_POINT ( 'NONE',  ( -4.625479305389774254, 9.726627876083050239, -2.322439160568085637 ) ) ;
#1012 = DIRECTION ( 'NONE',  ( 0.000000000000000000, 0.000000000000000000, 1.000000000000000000 ) ) ;
#1013 = EDGE_LOOP ( 'NONE', ( #2970, #1428, #4892, #3307 ) ) ;
#1014 = VECTOR ( 'NONE', #4681, 1000.000000000000000 ) ;
#1015 = ORIENTED_EDGE ( 'NONE', *, *, #1794, .F. ) ;
#1016 = DIRECTION ( 'NONE',  ( 0.000000000000000000, 0.7071067811865487940, -0.7071067811865462405 ) ) ;
#1017 = EDGE_CURVE ( 'NONE', #1782, #2245, #6185, .T. ) ;
#1018 = DATE_AND_TIME ( #6080, #1171 ) ;
#1019 = CARTESIAN_POINT ( 'NONE',  ( 7.000000000000000888, 30.84782396557218931, 21.32104025579126017 ) ) ;
#1020 = LINE ( 'NONE', #4532, #1501 ) ;
#1021 = CARTESIAN_POINT ( 'NONE',  ( 0.000000000000000000, 0.000000000000000000, 0.000000000000000000 ) ) ;
#1022 = ORIENTED_EDGE ( 'NONE', *, *, #1950, .T. ) ;
#1023 = DIRECTION ( 'NONE',  ( 0.000000000000000000, 0.000000000000000000, -1.000000000000000000 ) ) ;
#1024 = VERTEX_POINT ( 'NONE', #6321 ) ;
#1025 = CARTESIAN_POINT ( 'NONE',  ( -4.202535717235858392, 1.808675499341471538, -2.393559495287624905 ) ) ;
#1026 = CARTESIAN_POINT ( 'NONE',  ( 0.000000000000000000, 0.000000000000000000, 0.000000000000000000 ) ) ;
#1027 = DIRECTION ( 'NONE',  ( -1.000000000000000000, 0.000000000000000000, 0.000000000000000000 ) ) ;
#1028 = CARTESIAN_POINT ( 'NONE',  ( 7.000000000000000888, 17.80606268964540462, 33.00180498840053644 ) ) ;
#1029 = EDGE_CURVE ( 'NONE', #6077, #2803, #5123, .T. ) ;
#1030 = EDGE_LOOP ( 'NONE', ( #2666, #982, #4575, #108 ) ) ;
#1032 = VERTEX_POINT ( 'NONE', #860 ) ;
#1031 = VERTEX_POINT ( 'NONE', #4895 ) ;
#1033 = EDGE_CURVE ( 'NONE', #3295, #288, #5767, .T. ) ;
#1034 = DIRECTION ( 'NONE',  ( 0.000000000000000000, 0.000000000000000000, 1.000000000000000000 ) ) ;
#1035 = DIRECTION ( 'NONE',  ( -1.000000000000000000, -0.000000000000000000, 0.000000000000000000 ) ) ;
#1036 = DIRECTION ( 'NONE',  ( 0.000000000000000000, 0.9510565162951521989, 0.3090169943749517256 ) ) ;
#1037 = DIRECTION ( 'NONE',  ( -1.000000000000000000, -0.000000000000000000, -0.000000000000000000 ) ) ;
#1039 = ORIENTED_EDGE ( 'NONE', *, *, #6217, .F. ) ;
#1038 = ORIENTED_EDGE ( 'NONE', *, *, #3530, .F. ) ;
#1040 = CARTESIAN_POINT ( 'NONE',  ( -5.908351591802324165, 9.893143374038059434, -1.463945064149879904 ) ) ;
#1041 = LINE ( 'NONE', #2055, #3789 ) ;
#1042 = EDGE_LOOP ( 'NONE', ( #2366, #100, #371, #5673 ) ) ;
#1043 = ADVANCED_FACE ( 'NONE', ( #1331 ), #5955, .T. ) ;
#1044 = AXIS2_PLACEMENT_3D ( 'NONE', #661, #2660, #5775 ) ;
#1045 = VECTOR ( 'NONE', #683, 1000.000000000000000 ) ;
#1046 = ORIENTED_EDGE ( 'NONE', *, *, #2891, .F. ) ;
#1047 = DIRECTION ( 'NONE',  ( 0.000000000000000000, 0.000000000000000000, 1.000000000000000000 ) ) ;
#1048 = DATE_AND_TIME ( #5544, #5996 ) ;
#1049 = CARTESIAN_POINT ( 'NONE',  ( 4.000000000000000000, 0.000000000000000000, 0.000000000000000000 ) ) ;
#1050 = AXIS2_PLACEMENT_3D ( 'NONE', #1946, #3894, #3955 ) ;
#1051 = DIRECTION ( 'NONE',  ( -1.000000000000000000, 0.000000000000000000, -0.000000000000000000 ) ) ;
#1052 = CIRCLE ( 'NONE', #4720, 16.00000000000000000 ) ;
#1053 = DIRECTION ( 'NONE',  ( -1.000000000000000000, 0.000000000000000000, -0.000000000000000000 ) ) ;
#1054 = ORIENTED_EDGE ( 'NONE', *, *, #23, .F. ) ;
#1055 = EDGE_CURVE ( 'NONE', #509, #4370, #3444, .T. ) ;
#1056 = DIRECTION ( 'NONE',  ( 0.000000000000000000, 0.000000000000000000, 1.000000000000000000 ) ) ;
#1057 = ORIENTED_EDGE ( 'NONE', *, *, #6145, .F. ) ;
#1058 = AXIS2_PLACEMENT_3D ( 'NONE', #6088, #3581, #3092 ) ;
#1059 = CARTESIAN_POINT ( 'NONE',  ( 0.000000000000000000, 0.6853352020790414167, 37.58145647212453611 ) ) ;
#1060 = CARTESIAN_POINT ( 'NONE',  ( 0.000000000000000000, 40.98264845739749518, 9.188173127307454280 ) ) ;
#1061 = CARTESIAN_POINT ( 'NONE',  ( 0.000000000000000000, 0.000000000000000000, 0.000000000000000000 ) ) ;
#1062 = DIRECTION ( 'NONE',  ( 0.000000000000000000, -0.1564344650402380854, 0.9876883405951365491 ) ) ;
#1063 = AXIS2_PLACEMENT_3D ( 'NONE', #5120, #3050, #1548 ) ;
#1064 = DIRECTION ( 'NONE',  ( -1.000000000000000000, -0.000000000000000000, 0.000000000000000000 ) ) ;
#1065 = VERTEX_POINT ( 'NONE', #1425 ) ;
#1066 = ORIENTED_EDGE ( 'NONE', *, *, #6114, .T. ) ;
#1067 = CIRCLE ( 'NONE', #3573, 16.00000000000000000 ) ;
#1068 = DIRECTION ( 'NONE',  ( -1.000000000000000000, -0.000000000000000000, 0.000000000000000000 ) ) ;
#1069 = VECTOR ( 'NONE', #3204, 1000.000000000000000 ) ;
#1070 = LINE ( 'NONE', #1140, #838 ) ;
#1071 = PRODUCT_DEFINITION ( 'UNKNOWN', '', #2838, #1723 ) ;
#1072 = DIRECTION ( 'NONE',  ( 0.000000000000000000, 0.000000000000000000, 1.000000000000000000 ) ) ;
#1073 = CARTESIAN_POINT ( 'NONE',  ( 7.000000000000000888, -16.45098606841149902, 33.79645857604507597 ) ) ;
#1074 = AXIS2_PLACEMENT_3D ( 'NONE', #4345, #4276, #337 ) ;
#1075 = EDGE_CURVE ( 'NONE', #3431, #3958, #1389, .T. ) ;
#1077 = ORIENTED_EDGE ( 'NONE', *, *, #2733, .F. ) ;
#1076 = EDGE_LOOP ( 'NONE', ( #5709, #4497, #1455, #413, #3110, #1290, #1100 ) ) ;
#1078 = CIRCLE ( 'NONE', #3708, 37.49900000000000944 ) ;
#1079 = AXIS2_PLACEMENT_3D ( 'NONE', #626, #2593, #666 ) ;
#1080 = CIRCLE ( 'NONE', #2859, 16.00000000000000355 ) ;
#1081 = EDGE_CURVE ( 'NONE', #1485, #888, #4487, .T. ) ;
#1082 = EDGE_CURVE ( 'NONE', #3751, #1964, #406, .T. ) ;
#1083 = CARTESIAN_POINT ( 'NONE',  ( -5.211342671991636699, 9.778783423574093803, -2.095374792625256610 ) ) ;
#1084 = AXIS2_PLACEMENT_3D ( 'NONE', #175, #899, #2821 ) ;
#1085 = DIRECTION ( 'NONE',  ( -1.000000000000000000, -0.000000000000000000, -0.000000000000000000 ) ) ;
#1086 = VECTOR ( 'NONE', #5897, 1000.000000000000000 ) ;
#1087 = ORIENTED_EDGE ( 'NONE', *, *, #571, .F. ) ;
#1088 = ORIENTED_EDGE ( 'NONE', *, *, #6162, .F. ) ;
#1089 = CARTESIAN_POINT ( 'NONE',  ( 7.000000000000000888, 0.000000000000000000, 0.000000000000000000 ) ) ;
#1090 = AXIS2_PLACEMENT_3D ( 'NONE', #3842, #4893, #1387 ) ;
#1091 = COORDINATED_UNIVERSAL_TIME_OFFSET ( 7, 0, .AHEAD. ) ;
#1092 = DIRECTION ( 'NONE',  ( 0.000000000000000000, 0.8910065241883656784, 0.4539904997395510788 ) ) ;
#1093 = EDGE_CURVE ( 'NONE', #3371, #502, #5832, .T. ) ;
#1094 = CARTESIAN_POINT ( 'NONE',  ( 0.000000000000000000, -37.58145647212454321, 0.6853352020789026389 ) ) ;
#1095 = CARTESIAN_POINT ( 'NONE',  ( 3.500000000000001332, 41.81611651403867569, -3.925862922255708209 ) ) ;
#1096 = ORIENTED_EDGE ( 'NONE', *, *, #2854, .F. ) ;
#1097 = VECTOR ( 'NONE', #3761, 1000.000000000000000 ) ;
#1098 = DIRECTION ( 'NONE',  ( -1.000000000000000000, -0.000000000000000000, -0.000000000000000000 ) ) ;
#1099 = CIRCLE ( 'NONE', #4762, 42.00000000000000000 ) ;
#1100 = ORIENTED_EDGE ( 'NONE', *, *, #5836, .F. ) ;
#1101 = CARTESIAN_POINT ( 'NONE',  ( 0.000000000000000000, 26.79245525562761543, -32.34446384429941190 ) ) ;
#1102 = DIRECTION ( 'NONE',  ( 0.000000000000000000, 0.1564344650402244852, 0.9876883405951387696 ) ) ;
#1103 = DIRECTION ( 'NONE',  ( 0.000000000000000000, 0.000000000000000000, 1.000000000000000000 ) ) ;
#1104 = ADVANCED_FACE ( 'NONE', ( #2297 ), #2861, .T. ) ;
#1105 = CARTESIAN_POINT ( 'NONE',  ( 7.000000000000000888, -26.08949754953005495, -27.05870788708257990 ) ) ;
#1106 = FACE_OUTER_BOUND ( 'NONE', #3421, .T. ) ;
#1107 = ORIENTED_EDGE ( 'NONE', *, *, #6313, .T. ) ;
#1108 = ORIENTED_EDGE ( 'NONE', *, *, #5881, .F. ) ;
#1109 = CARTESIAN_POINT ( 'NONE',  ( -10.00000000000000000, 0.000000000000000000, 0.000000000000000000 ) ) ;
#1110 = DIRECTION ( 'NONE',  ( 0.000000000000000000, -1.000000000000000000, -1.047444401652940007E-14 ) ) ;
#1111 = LINE ( 'NONE', #2012, #2842 ) ;
#1112 = EDGE_CURVE ( 'NONE', #1187, #4257, #4181, .T. ) ;
#1113 = DIRECTION ( 'NONE',  ( 0.000000000000000000, 1.000000000000000000, 3.469446951953614189E-15 ) ) ;
#1115 = EDGE_LOOP ( 'NONE', ( #4058, #1448, #1273, #4157 ) ) ;
#1114 = ORIENTED_EDGE ( 'NONE', *, *, #2041, .F. ) ;
#1116 = CIRCLE ( 'NONE', #1636, 37.49900000000001654 ) ;
#1117 = DIRECTION ( 'NONE',  ( -1.000000000000000000, 0.000000000000000000, 0.000000000000000000 ) ) ;
#1118 = CARTESIAN_POINT ( 'NONE',  ( 3.500000000000000444, 27.75498641678786171, -31.52238457039571173 ) ) ;
#1119 = ORIENTED_EDGE ( 'NONE', *, *, #2934, .T. ) ;
#1120 = ORIENTED_EDGE ( 'NONE', *, *, #508, .F. ) ;
#1121 = ADVANCED_FACE ( 'NONE', ( #5419 ), #427, .T. ) ;
#1122 = CYLINDRICAL_SURFACE ( 'NONE', #460, 16.00000000000000000 ) ;
#1123 = PERSON_AND_ORGANIZATION_ROLE ( 'design_supplier' ) ;
#1124 = FACE_OUTER_BOUND ( 'NONE', #5680, .T. ) ;
#1125 = CARTESIAN_POINT ( 'NONE',  ( -10.00000000000000000, 0.000000000000000000, 0.000000000000000000 ) ) ;
#1126 = CARTESIAN_POINT ( 'NONE',  ( 7.000000000000000888, -27.05870788708250174, 26.08949754953014022 ) ) ;
#1127 = CIRCLE ( 'NONE', #2898, 16.00000000000000000 ) ;
#1128 = ORIENTED_EDGE ( 'NONE', *, *, #3460, .F. ) ;
#1129 = FACE_OUTER_BOUND ( 'NONE', #1566, .T. ) ;
#1130 = ORIENTED_EDGE ( 'NONE', *, *, #4860, .F. ) ;
#1131 = DIRECTION ( 'NONE',  ( 0.000000000000000000, 0.8910065241883688980, -0.4539904997395447506 ) ) ;
#1132 = CYLINDRICAL_SURFACE ( 'NONE', #5139, 37.49900000000000233 ) ;
#1133 = CARTESIAN_POINT ( 'NONE',  ( 7.000000000000000888, 0.000000000000000000, 37.49900000000000233 ) ) ;
#1134 = DIRECTION ( 'NONE',  ( -1.000000000000000000, -0.000000000000000000, -0.000000000000000000 ) ) ;
#1135 = DIRECTION ( 'NONE',  ( -1.000000000000000000, 0.000000000000000000, 0.000000000000000000 ) ) ;
#1136 = ORIENTED_EDGE ( 'NONE', *, *, #2503, .F. ) ;
#1137 = ORIENTED_EDGE ( 'NONE', *, *, #1962, .T. ) ;
#1138 = ADVANCED_FACE ( 'NONE', ( #2369 ), #6457, .T. ) ;
#1139 = CYLINDRICAL_SURFACE ( 'NONE', #16, 16.00000000000000000 ) ;
#1140 = CARTESIAN_POINT ( 'NONE',  ( 7.000000000000000888, -17.80606268964516659, -33.00180498840066434 ) ) ;
#1141 = DIRECTION ( 'NONE',  ( 1.000000000000000000, -0.000000000000000000, -0.000000000000000000 ) ) ;
#1142 = CYLINDRICAL_SURFACE ( 'NONE', #3219, 37.49900000000000233 ) ;
#1144 = ORIENTED_EDGE ( 'NONE', *, *, #3321, .F. ) ;
#1143 = ORIENTED_EDGE ( 'NONE', *, *, #1600, .T. ) ;
#1145 = EDGE_CURVE ( 'NONE', #2999, #4386, #5546, .T. ) ;
#1146 = DIRECTION ( 'NONE',  ( -1.000000000000000000, 0.000000000000000000, -0.000000000000000000 ) ) ;
#1147 = DIRECTION ( 'NONE',  ( -1.000000000000000000, 0.000000000000000000, -0.000000000000000000 ) ) ;
#1148 = PRODUCT_DEFINITION_SHAPE ( 'NONE', 'NONE',  #1071 ) ;
#1149 = VERTEX_POINT ( 'NONE', #3538 ) ;
#1150 = AXIS2_PLACEMENT_3D ( 'NONE', #4342, #2396, #4400 ) ;
#1151 = ORIENTED_EDGE ( 'NONE', *, *, #833, .F. ) ;
#1152 = CARTESIAN_POINT ( 'NONE',  ( 0.000000000000000000, 0.000000000000000000, -10.00000000000000000 ) ) ;
#1153 = EDGE_CURVE ( 'NONE', #1032, #4448, #4711, .T. ) ;
#1154 = DIRECTION ( 'NONE',  ( 0.000000000000000000, 0.000000000000000000, -1.000000000000000000 ) ) ;
#1155 = CARTESIAN_POINT ( 'NONE',  ( 7.000000000000000888, 0.000000000000000000, 0.000000000000000000 ) ) ;
#1156 = EDGE_CURVE ( 'NONE', #1368, #6391, #6073, .T. ) ;
#1157 = DIRECTION ( 'NONE',  ( 0.000000000000000000, 0.000000000000000000, 1.000000000000000000 ) ) ;
#1158 = CIRCLE ( 'NONE', #627, 37.49900000000000944 ) ;
#1159 = AXIS2_PLACEMENT_3D ( 'NONE', #5073, #580, #6169 ) ;
#1160 = ORIENTED_EDGE ( 'NONE', *, *, #1698, .T. ) ;
#1161 = ORIENTED_EDGE ( 'NONE', *, *, #5881, .T. ) ;
#1162 = ORIENTED_EDGE ( 'NONE', *, *, #1738, .F. ) ;
#1163 = CARTESIAN_POINT ( 'NONE',  ( 7.000000000000000888, 0.6853352020795584476, -37.58145647212452900 ) ) ;
#1164 = CARTESIAN_POINT ( 'NONE',  ( 7.000000000000000888, -30.84782396557233142, 21.32104025579104345 ) ) ;
#1165 = CIRCLE ( 'NONE', #6202, 42.00000000000000000 ) ;
#1166 = AXIS2_PLACEMENT_3D ( 'NONE', #342, #4350, #6489 ) ;
#1167 = LINE ( 'NONE', #5162, #6257 ) ;
#1168 = DIRECTION ( 'NONE',  ( 0.000000000000000000, -0.7071067811865535679, 0.7071067811865413555 ) ) ;
#1169 = EDGE_CURVE ( 'NONE', #6336, #6015, #5614, .T. ) ;
#1170 = CARTESIAN_POINT ( 'NONE',  ( 3.500000000000000444, -22.48208911017473710, -35.47612816024548721 ) ) ;
#1171 = LOCAL_TIME ( 22, 0, 11.00000000000000000, #592 ) ;
#1172 = EDGE_LOOP ( 'NONE', ( #5223, #4250, #3936, #3712 ) ) ;
#1173 = DIRECTION ( 'NONE',  ( 0.000000000000000000, 0.000000000000000000, 1.000000000000000000 ) ) ;
#1174 = DIRECTION ( 'NONE',  ( -1.000000000000000000, 0.000000000000000000, -0.000000000000000000 ) ) ;
#1175 = CARTESIAN_POINT ( 'NONE',  ( 0.000000000000000000, 21.53537804866081373, 30.80686688397017647 ) ) ;
#1176 = VECTOR ( 'NONE', #1347, 1000.000000000000000 ) ;
#1177 = DIRECTION ( 'NONE',  ( 0.000000000000000000, -6.938893903907228378E-15, 1.000000000000000000 ) ) ;
#1178 = CC_DESIGN_SECURITY_CLASSIFICATION ( #2315, ( #2838 ) ) ;
#1179 = ADVANCED_FACE ( 'NONE', ( #4065 ), #1960, .T. ) ;
#1180 = CIRCLE ( 'NONE', #242, 16.00000000000000000 ) ;
#1182 = ORIENTED_EDGE ( 'NONE', *, *, #1029, .F. ) ;
#1181 = VERTEX_POINT ( 'NONE', #1613 ) ;
#1183 = CIRCLE ( 'NONE', #2527, 37.49900000000001654 ) ;
#1184 = ADVANCED_FACE ( 'NONE', ( #1124 ), #4956, .F. ) ;
#1185 = LINE ( 'NONE', #4259, #2532 ) ;
#1186 = CARTESIAN_POINT ( 'NONE',  ( 7.000000000000000888, -37.22597642581153110, -5.202137450156797627 ) ) ;
#1187 = VERTEX_POINT ( 'NONE', #4568 ) ;
#1188 = EDGE_LOOP ( 'NONE', ( #2976, #2445, #2514, #4488 ) ) ;
#1189 = FACE_OUTER_BOUND ( 'NONE', #2033, .T. ) ;
#1190 = CIRCLE ( 'NONE', #2011, 16.00000000000000000 ) ;
#1191 = AXIS2_PLACEMENT_3D ( 'NONE', #1225, #6218, #1770 ) ;
#1192 = AXIS2_PLACEMENT_3D ( 'NONE', #4217, #5268, #5170 ) ;
#1193 = LINE ( 'NONE', #2263, #6446 ) ;
#1194 = CARTESIAN_POINT ( 'NONE',  ( -10.00000000000000000, 0.000000000000000000, 0.000000000000000000 ) ) ;
#1195 = ORIENTED_EDGE ( 'NONE', *, *, #973, .F. ) ;
#1196 = VERTEX_POINT ( 'NONE', #1019 ) ;
#1197 = ADVANCED_FACE ( 'NONE', ( #1992 ), #2061, .T. ) ;
#1198 = ORIENTED_EDGE ( 'NONE', *, *, #127, .F. ) ;
#1199 = CIRCLE ( 'NONE', #4858, 16.00000000000000355 ) ;
#1200 = CARTESIAN_POINT ( 'NONE',  ( 7.000000000000000888, 6.555932627142414759, 37.01155633439060466 ) ) ;
#1201 = FACE_OUTER_BOUND ( 'NONE', #4676, .T. ) ;
#1202 = DIRECTION ( 'NONE',  ( 0.000000000000000000, -0.8090169943749531134, 0.5877852522924653655 ) ) ;
#1203 = CARTESIAN_POINT ( 'NONE',  ( 7.000000000000000888, 16.45098606841173705, -33.79645857604495518 ) ) ;
#1204 = CIRCLE ( 'NONE', #1506, 15.99999999999999467 ) ;
#1205 = CARTESIAN_POINT ( 'NONE',  ( 7.000000000000000888, -27.13269053701078448, -25.88420570971428702 ) ) ;
#1206 = CIRCLE ( 'NONE', #4864, 16.00000000000000355 ) ;
#1207 = VERTEX_POINT ( 'NONE', #63 ) ;
#1208 = EDGE_CURVE ( 'NONE', #4698, #2789, #2560, .T. ) ;
#1209 = FACE_OUTER_BOUND ( 'NONE', #4596, .T. ) ;
#1210 = EDGE_CURVE ( 'NONE', #5329, #6376, #3451, .T. ) ;
#1211 = DIRECTION ( 'NONE',  ( 0.000000000000000000, 0.000000000000000000, 1.000000000000000000 ) ) ;
#1212 = FACE_OUTER_BOUND ( 'NONE', #2817, .T. ) ;
#1213 = DIRECTION ( 'NONE',  ( -1.000000000000000000, -0.000000000000000000, -0.000000000000000000 ) ) ;
#1215 = ORIENTED_EDGE ( 'NONE', *, *, #3213, .T. ) ;
#1214 = ORIENTED_EDGE ( 'NONE', *, *, #2362, .T. ) ;
#1216 = EDGE_CURVE ( 'NONE', #1476, #2490, #209, .T. ) ;
#1217 = CARTESIAN_POINT ( 'NONE',  ( 7.000000000000000888, 17.80606268964540462, 33.00180498840053644 ) ) ;
#1218 = DIRECTION ( 'NONE',  ( 0.000000000000000000, 0.000000000000000000, -1.000000000000000000 ) ) ;
#1219 = VECTOR ( 'NONE', #2169, 1000.000000000000000 ) ;
#1220 = ORIENTED_EDGE ( 'NONE', *, *, #203, .T. ) ;
#1221 = CARTESIAN_POINT ( 'NONE',  ( 7.000000000000000888, 21.40280677340372151, 36.13751322684426270 ) ) ;
#1222 = EDGE_CURVE ( 'NONE', #433, #5463, #3967, .T. ) ;
#1223 = FACE_OUTER_BOUND ( 'NONE', #5601, .T. ) ;
#1224 = CARTESIAN_POINT ( 'NONE',  ( 7.000000000000000888, 0.000000000000000000, 0.000000000000000000 ) ) ;
#1225 = CARTESIAN_POINT ( 'NONE',  ( 0.000000000000000000, 0.000000000000000000, 0.000000000000000000 ) ) ;
#1226 = ORIENTED_EDGE ( 'NONE', *, *, #1324, .F. ) ;
#1227 = ORIENTED_EDGE ( 'NONE', *, *, #1637, .F. ) ;
#1228 = VERTEX_POINT ( 'NONE', #6509 ) ;
#1229 = EDGE_CURVE ( 'NONE', #793, #902, #2612, .T. ) ;
#1230 = CARTESIAN_POINT ( 'NONE',  ( 7.000000000000000888, 26.79245525562761898, -32.34446384429941901 ) ) ;
#1231 = CARTESIAN_POINT ( 'NONE',  ( 7.000000000000000888, 0.000000000000000000, 0.000000000000000000 ) ) ;
#1232 = DIRECTION ( 'NONE',  ( -1.000000000000000000, 0.000000000000000000, 0.000000000000000000 ) ) ;
#1233 = DIRECTION ( 'NONE',  ( 0.000000000000000000, 0.000000000000000000, -1.000000000000000000 ) ) ;
#1234 = CIRCLE ( 'NONE', #4161, 16.00000000000000355 ) ;
#1235 = DIRECTION ( 'NONE',  ( 0.000000000000000000, -0.7071067811865389130, -0.7071067811865563435 ) ) ;
#1236 = EDGE_LOOP ( 'NONE', ( #536, #1985, #5395, #1805 ) ) ;
#1237 = AXIS2_PLACEMENT_3D ( 'NONE', #1310, #2210, #3300 ) ;
#1238 = CARTESIAN_POINT ( 'NONE',  ( 4.000000000000000000, 2.649999999999999911, -1.406236111042524106 ) ) ;
#1239 = DIRECTION ( 'NONE',  ( -1.000000000000000000, 0.000000000000000000, 0.000000000000000000 ) ) ;
#1240 = CYLINDRICAL_SURFACE ( 'NONE', #4737, 16.00000000000000000 ) ;
#1241 = DIRECTION ( 'NONE',  ( -1.000000000000000000, 0.000000000000000000, -0.000000000000000000 ) ) ;
#1242 = EDGE_CURVE ( 'NONE', #4031, #2015, #2091, .T. ) ;
#1243 = EDGE_CURVE ( 'NONE', #3849, #5864, #515, .T. ) ;
#1245 = VERTEX_POINT ( 'NONE', #3475 ) ;
#1244 = ORIENTED_EDGE ( 'NONE', *, *, #386, .F. ) ;
#1246 = CARTESIAN_POINT ( 'NONE',  ( 3.500000000000000444, -2.663952781845854378, -41.91543099594819921 ) ) ;
#1247 = DIRECTION ( 'NONE',  ( 0.000000000000000000, 0.5877852522924685852, 0.8090169943749508930 ) ) ;
#1249 = VERTEX_POINT ( 'NONE', #2486 ) ;
#1248 = DIRECTION ( 'NONE',  ( -1.000000000000000000, -0.000000000000000000, 0.000000000000000000 ) ) ;
#1250 = CARTESIAN_POINT ( 'NONE',  ( 7.000000000000000888, 41.91543099594818500, 2.663952781846296691 ) ) ;
#1251 = DIRECTION ( 'NONE',  ( -1.000000000000000000, 0.000000000000000000, -0.000000000000000000 ) ) ;
#1252 = APPROVAL_STATUS ( 'not_yet_approved' ) ;
#1253 = FACE_OUTER_BOUND ( 'NONE', #4899, .T. ) ;
#1254 = EDGE_CURVE ( 'NONE', #3972, #3234, #1158, .T. ) ;
#1255 = CARTESIAN_POINT ( 'NONE',  ( 7.000000000000000888, 5.202137450156908649, -37.22597642581151689 ) ) ;
#1256 = EDGE_LOOP ( 'NONE', ( #1114, #5360, #1346, #6045 ) ) ;
#1257 = EDGE_LOOP ( 'NONE', ( #4116, #5194, #3301, #5352 ) ) ;
#1258 = EDGE_LOOP ( 'NONE', ( #5641, #4171, #937, #1866 ) ) ;
#1259 = CARTESIAN_POINT ( 'NONE',  ( 7.000000000000000888, 0.000000000000000000, 0.000000000000000000 ) ) ;
#1260 = DIRECTION ( 'NONE',  ( 0.000000000000000000, -0.3090169943749349057, -0.9510565162951577500 ) ) ;
#1261 = LINE ( 'NONE', #1746, #903 ) ;
#1262 = CARTESIAN_POINT ( 'NONE',  ( 0.000000000000000000, 41.91543099594817789, -2.663952781846293139 ) ) ;
#1263 = CARTESIAN_POINT ( 'NONE',  ( 7.000000000000000888, 35.92658777277511462, 10.74501242461295014 ) ) ;
#1264 = ORIENTED_EDGE ( 'NONE', *, *, #5566, .F. ) ;
#1265 = CIRCLE ( 'NONE', #5023, 16.00000000000000000 ) ;
#1266 = AXIS2_PLACEMENT_3D ( 'NONE', #2995, #3375, #504 ) ;
#1267 = CARTESIAN_POINT ( 'NONE',  ( 0.000000000000000000, 6.736453364083555329, 36.88895765772635116 ) ) ;
#1268 = CARTESIAN_POINT ( 'NONE',  ( -10.00000000000000000, 0.000000000000000000, 0.000000000000000000 ) ) ;
#1269 = DIRECTION ( 'NONE',  ( 1.000000000000000000, -0.000000000000000000, -0.000000000000000000 ) ) ;
#1270 = FACE_OUTER_BOUND ( 'NONE', #621, .T. ) ;
#1271 = AXIS2_PLACEMENT_3D ( 'NONE', #5331, #4778, #4184 ) ;
#1272 = APPLICATION_CONTEXT ( 'configuration controlled 3d designs of mechanical parts and assemblies' ) ;
#1274 = ORIENTED_EDGE ( 'NONE', *, *, #2678, .F. ) ;
#1273 = ORIENTED_EDGE ( 'NONE', *, *, #2414, .F. ) ;
#1275 = CC_DESIGN_PERSON_AND_ORGANIZATION_ASSIGNMENT ( #5580, #3083, ( #3195 ) ) ;
#1276 = DIRECTION ( 'NONE',  ( -1.000000000000000000, 0.000000000000000000, 0.000000000000000000 ) ) ;
#1277 = CYLINDRICAL_SURFACE ( 'NONE', #6244, 16.00000000000000000 ) ;
#1278 = CIRCLE ( 'NONE', #431, 42.00000000000000000 ) ;
#1280 = ORIENTED_EDGE ( 'NONE', *, *, #1981, .F. ) ;
#1279 = ORIENTED_EDGE ( 'NONE', *, *, #3814, .F. ) ;
#1281 = LINE ( 'NONE', #721, #1691 ) ;
#1282 = AXIS2_PLACEMENT_3D ( 'NONE', #6371, #1917, #5465 ) ;
#1283 = LINE ( 'NONE', #5918, #1572 ) ;
#1284 = EDGE_CURVE ( 'NONE', #2166, #4918, #5015, .T. ) ;
#1285 = ADVANCED_FACE ( 'NONE', ( #520 ), #4528, .T. ) ;
#1286 = DIRECTION ( 'NONE',  ( -1.000000000000000000, 0.000000000000000000, 0.000000000000000000 ) ) ;
#1287 = CIRCLE ( 'NONE', #4847, 42.00000000000000000 ) ;
#1288 = CARTESIAN_POINT ( 'NONE',  ( 7.000000000000000888, 33.79645857604513282, -16.45098606841138178 ) ) ;
#1289 = ORIENTED_EDGE ( 'NONE', *, *, #4283, .T. ) ;
#1290 = ORIENTED_EDGE ( 'NONE', *, *, #4860, .T. ) ;
#1291 = VERTEX_POINT ( 'NONE', #6303 ) ;
#1292 = CARTESIAN_POINT ( 'NONE',  ( 7.000000000000000888, 37.58145647212453611, 0.6853352020791733112 ) ) ;
#1293 = AXIS2_PLACEMENT_3D ( 'NONE', #5715, #2154, #5243 ) ;
#1294 = CIRCLE ( 'NONE', #2117, 6.250000000000001776 ) ;
#1295 = EDGE_CURVE ( 'NONE', #4194, #876, #5442, .T. ) ;
#1296 = AXIS2_PLACEMENT_3D ( 'NONE', #6198, #2206, #1173 ) ;
#1297 = FACE_OUTER_BOUND ( 'NONE', #6219, .T. ) ;
#1298 = DIRECTION ( 'NONE',  ( 0.000000000000000000, 0.000000000000000000, 1.000000000000000000 ) ) ;
#1299 = DIRECTION ( 'NONE',  ( -1.000000000000000000, 0.000000000000000000, 0.000000000000000000 ) ) ;
#1300 = DIRECTION ( 'NONE',  ( -1.000000000000000000, 0.000000000000000000, -0.000000000000000000 ) ) ;
#1301 = AXIS2_PLACEMENT_3D ( 'NONE', #3389, #4957, #369 ) ;
#1302 = AXIS2_PLACEMENT_3D ( 'NONE', #2167, #2629, #202 ) ;
#1303 = ORIENTED_EDGE ( 'NONE', *, *, #6214, .F. ) ;
#1304 = FACE_OUTER_BOUND ( 'NONE', #6284, .T. ) ;
#1305 = EDGE_CURVE ( 'NONE', #583, #5923, #944, .T. ) ;
#1306 = LINE ( 'NONE', #3726, #6197 ) ;
#1307 = LINE ( 'NONE', #6238, #3370 ) ;
#1308 = AXIS2_PLACEMENT_3D ( 'NONE', #5382, #3836, #4944 ) ;
#1309 = VECTOR ( 'NONE', #332, 1000.000000000000000 ) ;
#1310 = CARTESIAN_POINT ( 'NONE',  ( 7.000000000000000888, 0.000000000000000000, 0.000000000000000000 ) ) ;
#1312 = ORIENTED_EDGE ( 'NONE', *, *, #5740, .F. ) ;
#1311 = ORIENTED_EDGE ( 'NONE', *, *, #3829, .F. ) ;
#1313 = CIRCLE ( 'NONE', #4967, 16.00000000000000000 ) ;
#1314 = CIRCLE ( 'NONE', #984, 16.00000000000000000 ) ;
#1315 = EDGE_CURVE ( 'NONE', #357, #4990, #4401, .T. ) ;
#1316 = CARTESIAN_POINT ( 'NONE',  ( 7.000000000000000888, 0.000000000000000000, 0.000000000000000000 ) ) ;
#1317 = FACE_OUTER_BOUND ( 'NONE', #346, .T. ) ;
#1319 = ORIENTED_EDGE ( 'NONE', *, *, #5898, .T. ) ;
#1318 = ORIENTED_EDGE ( 'NONE', *, *, #4091, .F. ) ;
#1320 = CARTESIAN_POINT ( 'NONE',  ( -10.00000000000000000, 0.000000000000000000, 0.000000000000000000 ) ) ;
#1321 = CARTESIAN_POINT ( 'NONE',  ( 7.000000000000000888, 0.000000000000000000, 0.000000000000000000 ) ) ;
#1322 = CARTESIAN_POINT ( 'NONE',  ( 7.000000000000000888, -27.05870788708212515, -26.08949754953052746 ) ) ;
#1323 = DIRECTION ( 'NONE',  ( 0.000000000000000000, 0.000000000000000000, 1.000000000000000000 ) ) ;
#1324 = EDGE_CURVE ( 'NONE', #1181, #6506, #4322, .T. ) ;
#1325 = ORIENTED_EDGE ( 'NONE', *, *, #3449, .F. ) ;
#1326 = ORIENTED_EDGE ( 'NONE', *, *, #4343, .F. ) ;
#1327 = ORIENTED_EDGE ( 'NONE', *, *, #3057, .T. ) ;
#1328 = CIRCLE ( 'NONE', #3933, 16.00000000000000355 ) ;
#1329 = CARTESIAN_POINT ( 'NONE',  ( 0.000000000000000000, 0.000000000000000000, 0.000000000000000000 ) ) ;
#1330 = DIRECTION ( 'NONE',  ( 0.000000000000000000, 0.000000000000000000, 1.000000000000000000 ) ) ;
#1331 = FACE_OUTER_BOUND ( 'NONE', #6156, .T. ) ;
#1332 = DIRECTION ( 'NONE',  ( 0.000000000000000000, 0.000000000000000000, 1.000000000000000000 ) ) ;
#1333 = CARTESIAN_POINT ( 'NONE',  ( 7.000000000000000888, -5.202137450156657295, 37.22597642581155952 ) ) ;
#1334 = ORIENTED_EDGE ( 'NONE', *, *, #3530, .T. ) ;
#1335 = CARTESIAN_POINT ( 'NONE',  ( 7.000000000000000888, 0.000000000000000000, 0.000000000000000000 ) ) ;
#1336 = DIRECTION ( 'NONE',  ( 1.000000000000000000, -0.000000000000000000, -0.000000000000000000 ) ) ;
#1337 = CARTESIAN_POINT ( 'NONE',  ( 7.000000000000000888, 0.000000000000000000, 0.000000000000000000 ) ) ;
#1338 = CARTESIAN_POINT ( 'NONE',  ( 7.000000000000000888, 35.38097989696512968, 12.42422080174651100 ) ) ;
#1339 = EDGE_CURVE ( 'NONE', #4949, #4645, #2720, .T. ) ;
#1340 = VECTOR ( 'NONE', #1913, 1000.000000000000000 ) ;
#1342 = ORIENTED_EDGE ( 'NONE', *, *, #1981, .T. ) ;
#1341 = ORIENTED_EDGE ( 'NONE', *, *, #2791, .T. ) ;
#1343 = CARTESIAN_POINT ( 'NONE',  ( 7.000000000000000888, 37.22597642581157373, -5.202137450156527620 ) ) ;
#1344 = CARTESIAN_POINT ( 'NONE',  ( 0.000000000000000000, 16.45098606841173705, -33.79645857604495518 ) ) ;
#1346 = ORIENTED_EDGE ( 'NONE', *, *, #5618, .F. ) ;
#1345 = ORIENTED_EDGE ( 'NONE', *, *, #4934, .T. ) ;
#1347 = DIRECTION ( 'NONE',  ( -1.000000000000000000, 0.000000000000000000, 0.000000000000000000 ) ) ;
#1348 = DIRECTION ( 'NONE',  ( 1.000000000000000000, 0.000000000000000000, -0.000000000000000000 ) ) ;
#1349 = CARTESIAN_POINT ( 'NONE',  ( 0.000000000000000000, 0.000000000000000000, 0.000000000000000000 ) ) ;
#1350 = DIRECTION ( 'NONE',  ( 0.000000000000000000, 0.5877852522924685852, 0.8090169943749507819 ) ) ;
#1351 = ORIENTED_EDGE ( 'NONE', *, *, #439, .T. ) ;
#1352 = ORIENTED_EDGE ( 'NONE', *, *, #3803, .F. ) ;
#1353 = DIRECTION ( 'NONE',  ( -1.000000000000000000, 0.000000000000000000, -0.000000000000000000 ) ) ;
#1354 = EDGE_CURVE ( 'NONE', #5842, #1291, #4190, .T. ) ;
#1355 = DIRECTION ( 'NONE',  ( 0.000000000000000000, 0.000000000000000000, 1.000000000000000000 ) ) ;
#1356 = DIRECTION ( 'NONE',  ( -1.000000000000000000, 0.000000000000000000, 0.000000000000000000 ) ) ;
#1357 = ADVANCED_FACE ( 'NONE', ( #4810 ), #2806, .T. ) ;
#1358 = CARTESIAN_POINT ( 'NONE',  ( 7.000000000000000888, 0.000000000000000000, 0.000000000000000000 ) ) ;
#1359 = CARTESIAN_POINT ( 'NONE',  ( 7.000000000000000888, 33.17418723428333038, -17.67226234102789562 ) ) ;
#1360 = VERTEX_POINT ( 'NONE', #314 ) ;
#1361 = LINE ( 'NONE', #1938, #6234 ) ;
#1362 = CARTESIAN_POINT ( 'NONE',  ( 7.000000000000000888, 0.000000000000000000, 0.000000000000000000 ) ) ;
#1363 = EDGE_CURVE ( 'NONE', #3143, #5559, #3661, .T. ) ;
#1364 = CARTESIAN_POINT ( 'NONE',  ( 7.000000000000000888, 0.000000000000000000, 0.000000000000000000 ) ) ;
#1365 = CARTESIAN_POINT ( 'NONE',  ( 0.000000000000000000, -16.65560815589382671, -38.55633173627028754 ) ) ;
#1366 = AXIS2_PLACEMENT_3D ( 'NONE', #5310, #1276, #844 ) ;
#1367 = CIRCLE ( 'NONE', #3977, 37.49900000000000944 ) ;
#1369 = ORIENTED_EDGE ( 'NONE', *, *, #257, .F. ) ;
#1368 = VERTEX_POINT ( 'NONE', #4632 ) ;
#1370 = CARTESIAN_POINT ( 'NONE',  ( 0.000000000000000000, 10.96151621346488270, 35.95386929396259745 ) ) ;
#1371 = ADVANCED_FACE ( 'NONE', ( #3333 ), #2316, .T. ) ;
#1372 = CIRCLE ( 'NONE', #5669, 16.00000000000000000 ) ;
#1373 = CARTESIAN_POINT ( 'NONE',  ( 3.500000000000001332, 9.188173127307299737, 40.98264845739752360 ) ) ;
#1374 = AXIS2_PLACEMENT_3D ( 'NONE', #374, #1967, #6463 ) ;
#1375 = DIRECTION ( 'NONE',  ( -1.000000000000000000, -0.000000000000000000, -0.000000000000000000 ) ) ;
#1377 = ORIENTED_EDGE ( 'NONE', *, *, #1715, .T. ) ;
#1376 = ORIENTED_EDGE ( 'NONE', *, *, #5052, .F. ) ;
#1378 = DIRECTION ( 'NONE',  ( 1.000000000000000000, 0.000000000000000000, 0.000000000000000000 ) ) ;
#1379 = EDGE_CURVE ( 'NONE', #4975, #5953, #2191, .T. ) ;
#1380 = AXIS2_PLACEMENT_3D ( 'NONE', #4293, #3308, #3800 ) ;
#1381 = CARTESIAN_POINT ( 'NONE',  ( 7.000000000000000888, -12.42422080174614862, -35.38097989696524337 ) ) ;
#1382 = CARTESIAN_POINT ( 'NONE',  ( -3.843081484873589027, 9.707728879609277328, 2.399999999999998135 ) ) ;
#1383 = AXIS2_PLACEMENT_3D ( 'NONE', #3502, #1569, #6011 ) ;
#1384 = ORIENTED_EDGE ( 'NONE', *, *, #6196, .F. ) ;
#1385 = ORIENTED_EDGE ( 'NONE', *, *, #4403, .T. ) ;
#1386 = AXIS2_PLACEMENT_3D ( 'NONE', #505, #5074, #6038 ) ;
#1387 = DIRECTION ( 'NONE',  ( 0.000000000000000000, -0.3090169943749548342, 0.9510565162951511997 ) ) ;
#1388 = COORDINATED_UNIVERSAL_TIME_OFFSET ( 7, 0, .AHEAD. ) ;
#1389 = LINE ( 'NONE', #2336, #2609 ) ;
#1390 = DIRECTION ( 'NONE',  ( 1.000000000000000000, 0.000000000000000000, 0.000000000000000000 ) ) ;
#1391 = DIRECTION ( 'NONE',  ( -1.000000000000000000, 0.000000000000000000, 0.000000000000000000 ) ) ;
#1392 = ORIENTED_EDGE ( 'NONE', *, *, #3374, .F. ) ;
#1393 = VECTOR ( 'NONE', #1664, 1000.000000000000000 ) ;
#1394 = ORIENTED_EDGE ( 'NONE', *, *, #2009, .T. ) ;
#1395 = VECTOR ( 'NONE', #5200, 1000.000000000000000 ) ;
#1396 = LINE ( 'NONE', #2401, #5175 ) ;
#1397 = DIRECTION ( 'NONE',  ( 0.000000000000000000, 0.000000000000000000, 1.000000000000000000 ) ) ;
#1398 = DIRECTION ( 'NONE',  ( -1.000000000000000000, 0.000000000000000000, 0.000000000000000000 ) ) ;
#1399 = CARTESIAN_POINT ( 'NONE',  ( 0.000000000000000000, 6.736453364084091788, -36.88895765772625879 ) ) ;
#1400 = CIRCLE ( 'NONE', #2442, 2.399999999999999023 ) ;
#1401 = VECTOR ( 'NONE', #197, 1000.000000000000000 ) ;
#1402 = VECTOR ( 'NONE', #4279, 1000.000000000000000 ) ;
#1403 = EDGE_CURVE ( 'NONE', #3072, #3565, #5241, .T. ) ;
#1405 = ORIENTED_EDGE ( 'NONE', *, *, #453, .T. ) ;
#1404 = ORIENTED_EDGE ( 'NONE', *, *, #2449, .F. ) ;
#1406 = EDGE_CURVE ( 'NONE', #1420, #161, #4714, .T. ) ;
#1407 = DIRECTION ( 'NONE',  ( -1.000000000000000000, -0.000000000000000000, -0.000000000000000000 ) ) ;
#1408 = CIRCLE ( 'NONE', #355, 16.00000000000000000 ) ;
#1409 = AXIS2_PLACEMENT_3D ( 'NONE', #1292, #632, #4144 ) ;
#1410 = FACE_OUTER_BOUND ( 'NONE', #2523, .T. ) ;
#1411 = CARTESIAN_POINT ( 'NONE',  ( 7.000000000000000888, 0.000000000000000000, 0.000000000000000000 ) ) ;
#1412 = AXIS2_PLACEMENT_3D ( 'NONE', #4483, #6501, #4560 ) ;
#1413 = CIRCLE ( 'NONE', #5926, 42.00000000000000000 ) ;
#1415 = VERTEX_POINT ( 'NONE', #4665 ) ;
#1414 = ORIENTED_EDGE ( 'NONE', *, *, #1567, .F. ) ;
#1416 = EDGE_CURVE ( 'NONE', #3492, #1859, #5663, .T. ) ;
#1417 = DIRECTION ( 'NONE',  ( 1.000000000000000000, 0.000000000000000000, -0.000000000000000000 ) ) ;
#1418 = LINE ( 'NONE', #2813, #5711 ) ;
#1419 = CARTESIAN_POINT ( 'NONE',  ( -2.412852368236229950, 9.836025996319975206, -1.806963176141227478 ) ) ;
#1420 = VERTEX_POINT ( 'NONE', #5338 ) ;
#1421 = EDGE_CURVE ( 'NONE', #2015, #6135, #1571, .T. ) ;
#1422 = EDGE_LOOP ( 'NONE', ( #5193, #1279, #2506, #2537 ) ) ;
#1423 = DIRECTION ( 'NONE',  ( -1.000000000000000000, 0.000000000000000000, 0.000000000000000000 ) ) ;
#1424 = APPROVAL_STATUS ( 'not_yet_approved' ) ;
#1425 = CARTESIAN_POINT ( 'NONE',  ( 0.000000000000000000, 9.188173127307299737, 40.98264845739752360 ) ) ;
#1426 = DIRECTION ( 'NONE',  ( -1.000000000000000000, 0.000000000000000000, 0.000000000000000000 ) ) ;
#1427 = DIRECTION ( 'NONE',  ( 0.000000000000000000, 0.000000000000000000, 1.000000000000000000 ) ) ;
#1428 = ORIENTED_EDGE ( 'NONE', *, *, #4722, .F. ) ;
#1429 = EDGE_CURVE ( 'NONE', #1494, #3381, #3138, .T. ) ;
#1430 = ORIENTED_EDGE ( 'NONE', *, *, #2794, .T. ) ;
#1431 = DIRECTION ( 'NONE',  ( 0.000000000000000000, 0.000000000000000000, 1.000000000000000000 ) ) ;
#1432 = DIRECTION ( 'NONE',  ( -1.000000000000000000, 0.000000000000000000, 0.000000000000000000 ) ) ;
#1433 = DIRECTION ( 'NONE',  ( 0.000000000000000000, 0.9876883405951381034, -0.1564344650402276216 ) ) ;
#1434 = CARTESIAN_POINT ( 'NONE',  ( 7.000000000000000888, 30.80686688397009831, 21.53537804866092387 ) ) ;
#1436 = VERTEX_POINT ( 'NONE', #4168 ) ;
#1435 = VERTEX_POINT ( 'NONE', #5873 ) ;
#1437 = CARTESIAN_POINT ( 'NONE',  ( 7.000000000000000888, -33.79645857604524650, 16.45098606841114730 ) ) ;
#1438 = CARTESIAN_POINT ( 'NONE',  ( 7.000000000000000888, -33.00180498840035170, -17.80606268964575278 ) ) ;
#1439 = EDGE_CURVE ( 'NONE', #1581, #4913, #1265, .T. ) ;
#1440 = DIRECTION ( 'NONE',  ( 0.000000000000000000, -0.5877852522924801315, 0.8090169943749421222 ) ) ;
#1441 = CIRCLE ( 'NONE', #176, 16.00000000000000000 ) ;
#1443 = ORIENTED_EDGE ( 'NONE', *, *, #3321, .T. ) ;
#1442 = ORIENTED_EDGE ( 'NONE', *, *, #4571, .F. ) ;
#1444 = ADVANCED_FACE ( 'NONE', ( #4784 ), #5115, .T. ) ;
#1445 = CARTESIAN_POINT ( 'NONE',  ( 0.000000000000000000, -35.92658777277517856, 10.74501242461269257 ) ) ;
#1446 = CARTESIAN_POINT ( 'NONE',  ( -2.935350552540109348, 9.764874779746561373, 2.156622800748528856 ) ) ;
#1447 = EDGE_LOOP ( 'NONE', ( #1405, #2780, #2565, #1677 ) ) ;
#1448 = ORIENTED_EDGE ( 'NONE', *, *, #83, .T. ) ;
#1449 = LINE ( 'NONE', #5296, #5067 ) ;
#1450 = DIRECTION ( 'NONE',  ( 0.000000000000000000, 0.000000000000000000, 1.000000000000000000 ) ) ;
#1451 = EDGE_CURVE ( 'NONE', #6405, #4670, #6002, .T. ) ;
#1452 = DIRECTION ( 'NONE',  ( 0.000000000000000000, 0.000000000000000000, 1.000000000000000000 ) ) ;
#1453 = CARTESIAN_POINT ( 'NONE',  ( 0.000000000000000000, 10.74501242461282757, 35.92658777277515014 ) ) ;
#1454 = ORIENTED_EDGE ( 'NONE', *, *, #4403, .F. ) ;
#1455 = ORIENTED_EDGE ( 'NONE', *, *, #3823, .T. ) ;
#1456 = CARTESIAN_POINT ( 'NONE',  ( 0.000000000000000000, -40.68715046381937128, 10.41901085202062305 ) ) ;
#1457 = CARTESIAN_POINT ( 'NONE',  ( 0.000000000000000000, 37.48860685352291000, -0.8828120875901940279 ) ) ;
#1458 = DIRECTION ( 'NONE',  ( -1.000000000000000000, 0.000000000000000000, 0.000000000000000000 ) ) ;
#1459 = DIRECTION ( 'NONE',  ( -1.000000000000000000, 0.000000000000000000, -0.000000000000000000 ) ) ;
#1461 = ORIENTED_EDGE ( 'NONE', *, *, #6068, .T. ) ;
#1460 = ORIENTED_EDGE ( 'NONE', *, *, #5171, .T. ) ;
#1462 = CARTESIAN_POINT ( 'NONE',  ( -10.00000000000000000, 0.000000000000000000, 0.000000000000000000 ) ) ;
#1463 = CARTESIAN_POINT ( 'NONE',  ( -10.00000000000000000, 0.000000000000000000, 0.000000000000000000 ) ) ;
#1464 = CARTESIAN_POINT ( 'NONE',  ( 0.000000000000000000, -16.65560815589438803, 38.55633173627004595 ) ) ;
#1465 = AXIS2_PLACEMENT_3D ( 'NONE', #129, #5151, #2129 ) ;
#1466 = PRODUCT_RELATED_PRODUCT_CATEGORY ( 'detail', '', ( #3195 ) ) ;
#1468 = ORIENTED_EDGE ( 'NONE', *, *, #5278, .F. ) ;
#1467 = EDGE_LOOP ( 'NONE', ( #1731, #4189, #3659, #2164 ) ) ;
#1469 = CIRCLE ( 'NONE', #5138, 16.00000000000000355 ) ;
#1470 = CIRCLE ( 'NONE', #5885, 42.00000000000000000 ) ;
#1471 = DIRECTION ( 'NONE',  ( 0.000000000000000000, 0.000000000000000000, 1.000000000000000000 ) ) ;
#1472 = CARTESIAN_POINT ( 'NONE',  ( -1.677312405244912874, 9.981693777045483884, -0.6244077891310627626 ) ) ;
#1473 = AXIS2_PLACEMENT_3D ( 'NONE', #2168, #237, #5657 ) ;
#1474 = VERTEX_POINT ( 'NONE', #6471 ) ;
#1475 = EDGE_CURVE ( 'NONE', #1832, #1065, #6439, .T. ) ;
#1476 = VERTEX_POINT ( 'NONE', #4939 ) ;
#1477 = ADVANCED_FACE ( 'NONE', ( #5407 ), #3929, .T. ) ;
#1478 = DIRECTION ( 'NONE',  ( -1.000000000000000000, 0.000000000000000000, 0.000000000000000000 ) ) ;
#1479 = DATE_TIME_ROLE ( 'classification_date' ) ;
#1480 = LOCAL_TIME ( 22, 0, 11.00000000000000000, #6456 ) ;
#1481 = CARTESIAN_POINT ( 'NONE',  ( 7.000000000000000888, 6.555932627142949443, -37.01155633439051229 ) ) ;
#1482 = DIRECTION ( 'NONE',  ( 0.000000000000000000, 0.000000000000000000, 1.000000000000000000 ) ) ;
#1483 = FACE_OUTER_BOUND ( 'NONE', #1013, .T. ) ;
#1484 = AXIS2_PLACEMENT_3D ( 'NONE', #136, #6275, #3542 ) ;
#1485 = VERTEX_POINT ( 'NONE', #5943 ) ;
#1486 = ORIENTED_EDGE ( 'NONE', *, *, #6397, .T. ) ;
#1487 = ADVANCED_FACE ( 'NONE', ( #4025 ), #3985, .T. ) ;
#1488 = DIRECTION ( 'NONE',  ( 1.000000000000000000, 0.000000000000000000, -0.000000000000000000 ) ) ;
#1489 = AXIS2_PLACEMENT_3D ( 'NONE', #3365, #5906, #4846 ) ;
#1490 = CYLINDRICAL_SURFACE ( 'NONE', #4196, 42.00000000000000000 ) ;
#1491 = FACE_OUTER_BOUND ( 'NONE', #110, .T. ) ;
#1492 = CARTESIAN_POINT ( 'NONE',  ( 7.000000000000000888, -31.52238457039619490, 27.75498641678731104 ) ) ;
#1494 = VERTEX_POINT ( 'NONE', #1438 ) ;
#1493 = ORIENTED_EDGE ( 'NONE', *, *, #477, .T. ) ;
#1495 = EDGE_CURVE ( 'NONE', #4368, #5717, #4618, .T. ) ;
#1496 = CARTESIAN_POINT ( 'NONE',  ( 7.000000000000000888, 22.64427369931168954, 30.00120703465212912 ) ) ;
#1497 = CIRCLE ( 'NONE', #6232, 37.49900000000000944 ) ;
#1498 = CIRCLE ( 'NONE', #19, 10.00000000000000000 ) ;
#1499 = AXIS2_PLACEMENT_3D ( 'NONE', #4972, #2837, #348 ) ;
#1500 = DIRECTION ( 'NONE',  ( -1.000000000000000000, 0.000000000000000000, 0.000000000000000000 ) ) ;
#1501 = VECTOR ( 'NONE', #1051, 1000.000000000000000 ) ;
#1503 = ORIENTED_EDGE ( 'NONE', *, *, #5369, .F. ) ;
#1502 = ORIENTED_EDGE ( 'NONE', *, *, #3823, .F. ) ;
#1504 = EDGE_CURVE ( 'NONE', #3534, #37, #5372, .T. ) ;
#1505 = VECTOR ( 'NONE', #373, 1000.000000000000000 ) ;
#1506 = AXIS2_PLACEMENT_3D ( 'NONE', #4694, #4200, #3188 ) ;
#1507 = VECTOR ( 'NONE', #4827, 1000.000000000000000 ) ;
#1508 = CARTESIAN_POINT ( 'NONE',  ( 7.000000000000000888, -37.48860685352290290, -0.8828120875904512665 ) ) ;
#1509 = CARTESIAN_POINT ( 'NONE',  ( 7.000000000000000888, 32.34446384429971033, 26.79245525562727082 ) ) ;
#1510 = ORIENTED_EDGE ( 'NONE', *, *, #596, .F. ) ;
#1511 = ORIENTED_EDGE ( 'NONE', *, *, #1156, .T. ) ;
#1512 = CIRCLE ( 'NONE', #1923, 37.49900000000001654 ) ;
#1513 = CYLINDRICAL_SURFACE ( 'NONE', #4022, 16.00000000000000000 ) ;
#1514 = PERSON_AND_ORGANIZATION ( #4357, #2203 ) ;
#1515 = DIRECTION ( 'NONE',  ( -1.000000000000000000, 0.000000000000000000, 0.000000000000000000 ) ) ;
#1516 = CARTESIAN_POINT ( 'NONE',  ( 7.000000000000000888, 16.65560815589410382, 38.55633173627015964 ) ) ;
#1517 = EDGE_CURVE ( 'NONE', #6135, #2284, #4816, .T. ) ;
#1518 = CARTESIAN_POINT ( 'NONE',  ( -8.000050800000000351, 0.000000000000000000, 0.000000000000000000 ) ) ;
#1519 = ORIENTED_EDGE ( 'NONE', *, *, #699, .T. ) ;
#1520 = ORIENTED_EDGE ( 'NONE', *, *, #5844, .T. ) ;
#1521 = CARTESIAN_POINT ( 'NONE',  ( 0.000000000000000000, 0.000000000000000000, 0.000000000000000000 ) ) ;
#1522 = FACE_OUTER_BOUND ( 'NONE', #5886, .T. ) ;
#1523 = CYLINDRICAL_SURFACE ( 'NONE', #5405, 16.00000000000000000 ) ;
#1524 = FACE_OUTER_BOUND ( 'NONE', #5402, .T. ) ;
#1525 = ORIENTED_EDGE ( 'NONE', *, *, #5041, .F. ) ;
#1527 = ORIENTED_EDGE ( 'NONE', *, *, #5938, .T. ) ;
#1526 = ORIENTED_EDGE ( 'NONE', *, *, #2503, .T. ) ;
#1528 = DIRECTION ( 'NONE',  ( -1.000000000000000000, 0.000000000000000000, 0.000000000000000000 ) ) ;
#1529 = CARTESIAN_POINT ( 'NONE',  ( 0.000000000000000000, 37.01155633439067572, -6.555932627142010638 ) ) ;
#1530 = CARTESIAN_POINT ( 'NONE',  ( 7.000000000000000888, 12.26510123303308397, -35.53030884539072076 ) ) ;
#1531 = CYLINDRICAL_SURFACE ( 'NONE', #215, 16.00000000000000000 ) ;
#1532 = EDGE_CURVE ( 'NONE', #4396, #4337, #1975, .T. ) ;
#1534 = ORIENTED_EDGE ( 'NONE', *, *, #2319, .T. ) ;
#1533 = ORIENTED_EDGE ( 'NONE', *, *, #5777, .F. ) ;
#1535 = AXIS2_PLACEMENT_3D ( 'NONE', #2531, #5026, #6061 ) ;
#1536 = EDGE_CURVE ( 'NONE', #3906, #3440, #1372, .T. ) ;
#1537 = CARTESIAN_POINT ( 'NONE',  ( -6.323426578036119849, 9.981843021816866113, -0.6217676799450412295 ) ) ;
#1538 = CYLINDRICAL_SURFACE ( 'NONE', #4940, 16.00000000000000000 ) ;
#1539 = ORIENTED_EDGE ( 'NONE', *, *, #1421, .F. ) ;
#1540 = CIRCLE ( 'NONE', #2380, 15.99999999999999822 ) ;
#1541 = ORIENTED_EDGE ( 'NONE', *, *, #4082, .F. ) ;
#1542 = CARTESIAN_POINT ( 'NONE',  ( 7.000000000000000888, 17.67226234102873406, -33.17418723428287564 ) ) ;
#1543 = PERSON_AND_ORGANIZATION_ROLE ( 'design_supplier' ) ;
#1544 = DIRECTION ( 'NONE',  ( -1.000000000000000000, -0.000000000000000000, -0.000000000000000000 ) ) ;
#1545 = CARTESIAN_POINT ( 'NONE',  ( 7.000000000000000888, -2.663952781846444129, 41.91543099594817789 ) ) ;
#1546 = DIRECTION ( 'NONE',  ( -1.000000000000000000, 0.000000000000000000, 0.000000000000000000 ) ) ;
#1547 = ORIENTED_EDGE ( 'NONE', *, *, #3937, .T. ) ;
#1548 = DIRECTION ( 'NONE',  ( 0.000000000000000000, 0.000000000000000000, 1.000000000000000000 ) ) ;
#1549 = CC_DESIGN_PERSON_AND_ORGANIZATION_ASSIGNMENT ( #1612, #5620, ( #1071 ) ) ;
#1550 = VERTEX_POINT ( 'NONE', #3496 ) ;
#1551 = DIRECTION ( 'NONE',  ( 0.000000000000000000, 1.000000000000000000, 0.000000000000000000 ) ) ;
#1552 = EDGE_CURVE ( 'NONE', #2789, #5463, #521, .T. ) ;
#1553 = DIRECTION ( 'NONE',  ( 0.000000000000000000, 0.7071067811865487940, -0.7071067811865462405 ) ) ;
#1554 = CARTESIAN_POINT ( 'NONE',  ( 7.000000000000000888, -25.88420570971381807, -27.13269053701123212 ) ) ;
#1555 = CARTESIAN_POINT ( 'NONE',  ( 7.000000000000000888, 0.000000000000000000, 0.000000000000000000 ) ) ;
#1556 = ORIENTED_EDGE ( 'NONE', *, *, #5750, .T. ) ;
#1558 = EDGE_LOOP ( 'NONE', ( #3503, #3898, #5222, #296 ) ) ;
#1557 = ORIENTED_EDGE ( 'NONE', *, *, #3838, .T. ) ;
#1559 = EDGE_CURVE ( 'NONE', #1065, #2618, #634, .T. ) ;
#1560 = DIRECTION ( 'NONE',  ( -1.000000000000000000, 0.000000000000000000, 0.000000000000000000 ) ) ;
#1561 = ADVANCED_FACE ( 'NONE', ( #5501 ), #2502, .T. ) ;
#1562 = CARTESIAN_POINT ( 'NONE',  ( 7.000000000000000888, 37.58145647212453611, 0.6853352020791733112 ) ) ;
#1563 = CARTESIAN_POINT ( 'NONE',  ( 7.000000000000000888, -9.188173127307594612, 40.98264845739746676 ) ) ;
#1564 = DIRECTION ( 'NONE',  ( 0.000000000000000000, 0.9510565162951544194, -0.3090169943749447867 ) ) ;
#1566 = EDGE_LOOP ( 'NONE', ( #5672, #6306, #232, #3012 ) ) ;
#1565 = ORIENTED_EDGE ( 'NONE', *, *, #4977, .F. ) ;
#1567 = EDGE_CURVE ( 'NONE', #3235, #138, #1165, .T. ) ;
#1568 = CARTESIAN_POINT ( 'NONE',  ( -6.081396697480886182, 9.927979443486949052, 1.205131792922025546 ) ) ;
#1569 = DIRECTION ( 'NONE',  ( -1.000000000000000000, 0.000000000000000000, 0.000000000000000000 ) ) ;
#1570 = ORIENTED_EDGE ( 'NONE', *, *, #368, .T. ) ;
#1571 = CIRCLE ( 'NONE', #5554, 37.49900000000000233 ) ;
#1572 = VECTOR ( 'NONE', #1417, 1000.000000000000000 ) ;
#1573 = VERTEX_POINT ( 'NONE', #2450 ) ;
#1574 = ADVANCED_FACE ( 'NONE', ( #1410 ), #972, .T. ) ;
#1575 = CARTESIAN_POINT ( 'NONE',  ( 0.000000000000000000, -22.74946021919110706, -29.81001611431033282 ) ) ;
#1576 = DATE_AND_TIME ( #4490, #3986 ) ;
#1577 = DIRECTION ( 'NONE',  ( -1.000000000000000000, 0.000000000000000000, 0.000000000000000000 ) ) ;
#1578 = DIRECTION ( 'NONE',  ( -1.000000000000000000, 0.000000000000000000, 0.000000000000000000 ) ) ;
#1579 = AXIS2_PLACEMENT_3D ( 'NONE', #711, #6267, #3326 ) ;
#1580 = DIRECTION ( 'NONE',  ( -1.000000000000000000, 0.000000000000000000, 0.000000000000000000 ) ) ;
#1581 = VERTEX_POINT ( 'NONE', #4974 ) ;
#1582 = CARTESIAN_POINT ( 'NONE',  ( 3.500000000000001332, 36.13751322684449718, -21.40280677340333781 ) ) ;
#1583 = ORIENTED_EDGE ( 'NONE', *, *, #2083, .T. ) ;
#1584 = EDGE_CURVE ( 'NONE', #6370, #3550, #4195, .T. ) ;
#1585 = AXIS2_PLACEMENT_3D ( 'NONE', #703, #1716, #3717 ) ;
#1586 = CARTESIAN_POINT ( 'NONE',  ( -3.039256236167731107, 2.035710151118022893, -2.206965734509637400 ) ) ;
#1587 = CARTESIAN_POINT ( 'NONE',  ( 7.000000000000000888, 0.000000000000000000, 0.000000000000000000 ) ) ;
#1588 = CARTESIAN_POINT ( 'NONE',  ( 7.000000000000000888, 0.000000000000000000, 0.000000000000000000 ) ) ;
#1589 = CARTESIAN_POINT ( 'NONE',  ( 0.000000000000000000, -41.81611651403859042, -3.925862922256603049 ) ) ;
#1590 = AXIS2_PLACEMENT_3D ( 'NONE', #630, #3645, #4604 ) ;
#1591 = DIRECTION ( 'NONE',  ( 1.000000000000000000, 0.000000000000000000, 0.000000000000000000 ) ) ;
#1592 = ORIENTED_EDGE ( 'NONE', *, *, #1153, .F. ) ;
#1593 = ORIENTED_EDGE ( 'NONE', *, *, #3924, .F. ) ;
#1594 = AXIS2_PLACEMENT_3D ( 'NONE', #5244, #748, #6208 ) ;
#1595 = CARTESIAN_POINT ( 'NONE',  ( 0.000000000000000000, 0.000000000000000000, 0.000000000000000000 ) ) ;
#1596 = LINE ( 'NONE', #1659, #5132 ) ;
#1597 = CARTESIAN_POINT ( 'NONE',  ( 0.000000000000000000, 27.75498641678742118, 31.52238457039609187 ) ) ;
#1598 = DIRECTION ( 'NONE',  ( 0.000000000000000000, 0.000000000000000000, 1.000000000000000000 ) ) ;
#1599 = AXIS2_PLACEMENT_3D ( 'NONE', #956, #4898, #3446 ) ;
#1600 = EDGE_CURVE ( 'NONE', #6377, #2610, #2198, .T. ) ;
#1602 = ORIENTED_EDGE ( 'NONE', *, *, #6348, .F. ) ;
#1601 = EDGE_LOOP ( 'NONE', ( #794, #5809, #4906, #3938 ) ) ;
#1603 = AXIS2_PLACEMENT_3D ( 'NONE', #2624, #5515, #3086 ) ;
#1604 = AXIS2_PLACEMENT_3D ( 'NONE', #1595, #1002, #6136 ) ;
#1605 = CARTESIAN_POINT ( 'NONE',  ( 3.500000000000000444, -35.47612816024506799, -22.48208911017539435 ) ) ;
#1606 = CIRCLE ( 'NONE', #6441, 16.00000000000000000 ) ;
#1607 = CARTESIAN_POINT ( 'NONE',  ( 7.000000000000000888, 26.79245525562715002, 32.34446384429980270 ) ) ;
#1608 = AXIS2_PLACEMENT_3D ( 'NONE', #1679, #5196, #6159 ) ;
#1609 = VERTEX_POINT ( 'NONE', #544 ) ;
#1610 = ORIENTED_EDGE ( 'NONE', *, *, #1451, .T. ) ;
#1611 = DIRECTION ( 'NONE',  ( 0.000000000000000000, 0.000000000000000000, 1.000000000000000000 ) ) ;
#1612 = PERSON_AND_ORGANIZATION ( #4357, #2203 ) ;
#1613 = CARTESIAN_POINT ( 'NONE',  ( 7.000000000000000888, -29.81001611431024756, 22.74946021919122785 ) ) ;
#1614 = LINE ( 'NONE', #3116, #6338 ) ;
#1615 = EDGE_CURVE ( 'NONE', #657, #6203, #3033, .T. ) ;
#1616 = DIRECTION ( 'NONE',  ( 0.000000000000000000, -0.9876883405951393247, 0.1564344650402205161 ) ) ;
#1617 = ORIENTED_EDGE ( 'NONE', *, *, #3855, .T. ) ;
#1618 = DIRECTION ( 'NONE',  ( 0.000000000000000000, -0.8910065241883627918, -0.4539904997395568520 ) ) ;
#1619 = CIRCLE ( 'NONE', #2766, 6.250000000000001776 ) ;
#1620 = CIRCLE ( 'NONE', #5289, 37.49900000000000944 ) ;
#1621 = ORIENTED_EDGE ( 'NONE', *, *, #3757, .T. ) ;
#1622 = CARTESIAN_POINT ( 'NONE',  ( -4.000050800000000351, 1.800000000000002709, 2.399999999999999023 ) ) ;
#1623 = CARTESIAN_POINT ( 'NONE',  ( 0.000000000000000000, -38.55633173627022359, 16.65560815589396526 ) ) ;
#1624 = DIRECTION ( 'NONE',  ( 0.000000000000000000, 0.000000000000000000, 1.000000000000000000 ) ) ;
#1625 = DIRECTION ( 'NONE',  ( -1.000000000000000000, -0.000000000000000000, -0.000000000000000000 ) ) ;
#1626 = ADVANCED_FACE ( 'NONE', ( #4589 ), #1531, .T. ) ;
#1627 = DIRECTION ( 'NONE',  ( -1.000000000000000000, 0.000000000000000000, 0.000000000000000000 ) ) ;
#1628 = EDGE_LOOP ( 'NONE', ( #1539, #728, #5029, #2179 ) ) ;
#1629 = ORIENTED_EDGE ( 'NONE', *, *, #2812, .F. ) ;
#1630 = DIRECTION ( 'NONE',  ( 0.000000000000000000, 0.000000000000000000, 1.000000000000000000 ) ) ;
#1631 = FACE_OUTER_BOUND ( 'NONE', #3850, .T. ) ;
#1632 = DIRECTION ( 'NONE',  ( 0.000000000000000000, 0.000000000000000000, 1.000000000000000000 ) ) ;
#1633 = DIRECTION ( 'NONE',  ( -1.000000000000000000, 0.000000000000000000, 0.000000000000000000 ) ) ;
#1635 = ORIENTED_EDGE ( 'NONE', *, *, #5735, .F. ) ;
#1634 = VERTEX_POINT ( 'NONE', #2148 ) ;
#1636 = AXIS2_PLACEMENT_3D ( 'NONE', #767, #5695, #6227 ) ;
#1637 = EDGE_CURVE ( 'NONE', #502, #959, #3144, .T. ) ;
#1638 = CARTESIAN_POINT ( 'NONE',  ( 0.000000000000000000, 0.000000000000000000, 0.000000000000000000 ) ) ;
#1639 = FACE_OUTER_BOUND ( 'NONE', #3925, .T. ) ;
#1640 = EDGE_LOOP ( 'NONE', ( #5068, #2050, #3146, #2400 ) ) ;
#1641 = ORIENTED_EDGE ( 'NONE', *, *, #3602, .F. ) ;
#1642 = DIRECTION ( 'NONE',  ( 0.000000000000000000, 0.000000000000000000, -1.000000000000000000 ) ) ;
#1643 = DIRECTION ( 'NONE',  ( -1.000000000000000000, -0.000000000000000000, -0.000000000000000000 ) ) ;
#1644 = FACE_OUTER_BOUND ( 'NONE', #6242, .T. ) ;
#1645 = CARTESIAN_POINT ( 'NONE',  ( 4.000000000000000000, 0.000000000000000000, 0.000000000000000000 ) ) ;
#1646 = VECTOR ( 'NONE', #935, 1000.000000000000000 ) ;
#1647 = ORIENTED_EDGE ( 'NONE', *, *, #1029, .T. ) ;
#1648 = LINE ( 'NONE', #1582, #5150 ) ;
#1649 = ORIENTED_EDGE ( 'NONE', *, *, #1081, .F. ) ;
#1650 = CARTESIAN_POINT ( 'NONE',  ( -8.000050800000000351, 0.000000000000000000, 0.000000000000000000 ) ) ;
#1651 = EDGE_CURVE ( 'NONE', #2245, #4486, #1979, .T. ) ;
#1652 = DIRECTION ( 'NONE',  ( 1.000000000000000000, -0.000000000000000000, 0.000000000000000000 ) ) ;
#1653 = CARTESIAN_POINT ( 'NONE',  ( 7.000000000000000888, -27.13269053701078448, -25.88420570971428702 ) ) ;
#1654 = CARTESIAN_POINT ( 'NONE',  ( 7.000000000000000888, 33.00180498840072829, -17.80606268964504935 ) ) ;
#1655 = DIRECTION ( 'NONE',  ( 0.000000000000000000, 0.000000000000000000, 1.000000000000000000 ) ) ;
#1656 = VERTEX_POINT ( 'NONE', #4156 ) ;
#1657 = CARTESIAN_POINT ( 'NONE',  ( 7.000000000000000888, 0.000000000000000000, 0.000000000000000000 ) ) ;
#1658 = EDGE_CURVE ( 'NONE', #53, #4031, #3455, .T. ) ;
#1659 = CARTESIAN_POINT ( 'NONE',  ( 3.500000000000001332, -41.81611651403859042, -3.925862922256603049 ) ) ;
#1660 = CARTESIAN_POINT ( 'NONE',  ( 7.000000000000000888, -29.81001611430991360, -22.74946021919165418 ) ) ;
#1661 = CYLINDRICAL_SURFACE ( 'NONE', #843, 42.00000000000000000 ) ;
#1663 = ORIENTED_EDGE ( 'NONE', *, *, #2656, .T. ) ;
#1662 = ORIENTED_EDGE ( 'NONE', *, *, #5207, .T. ) ;
#1664 = DIRECTION ( 'NONE',  ( -1.000000000000000000, -0.000000000000000000, 0.000000000000000000 ) ) ;
#1665 = FACE_BOUND ( 'NONE', #3529, .T. ) ;
#1666 = ORIENTED_EDGE ( 'NONE', *, *, #6098, .F. ) ;
#1667 = EDGE_LOOP ( 'NONE', ( #1565, #2104, #5947, #1351 ) ) ;
#1668 = CARTESIAN_POINT ( 'NONE',  ( 0.000000000000000000, 0.6853352020795584476, -37.58145647212452900 ) ) ;
#1669 = CARTESIAN_POINT ( 'NONE',  ( 4.000000000000000000, 0.000000000000000000, 0.000000000000000000 ) ) ;
#1670 = CARTESIAN_POINT ( 'NONE',  ( 4.000000000000000000, 0.000000000000000000, -6.250000000000001776 ) ) ;
#1671 = FACE_BOUND ( 'NONE', #5626, .T. ) ;
#1672 = VECTOR ( 'NONE', #2463, 1000.000000000000000 ) ;
#1673 = AXIS2_PLACEMENT_3D ( 'NONE', #2576, #5031, #4510 ) ;
#1674 = EDGE_CURVE ( 'NONE', #2948, #1764, #1469, .T. ) ;
#1675 = ADVANCED_FACE ( 'NONE', ( #3026 ), #6172, .T. ) ;
#1676 = ORIENTED_EDGE ( 'NONE', *, *, #3927, .T. ) ;
#1677 = ORIENTED_EDGE ( 'NONE', *, *, #4631, .T. ) ;
#1678 = ORIENTED_EDGE ( 'NONE', *, *, #3035, .F. ) ;
#1679 = CARTESIAN_POINT ( 'NONE',  ( 0.000000000000000000, 0.000000000000000000, 0.000000000000000000 ) ) ;
#1680 = LINE ( 'NONE', #3289, #3782 ) ;
#1681 = CIRCLE ( 'NONE', #2508, 16.00000000000000000 ) ;
#1682 = AXIS2_PLACEMENT_3D ( 'NONE', #1026, #5022, #4543 ) ;
#1683 = DIRECTION ( 'NONE',  ( 1.000000000000000000, 0.000000000000000000, -0.000000000000000000 ) ) ;
#1684 = DIRECTION ( 'NONE',  ( -1.000000000000000000, -0.000000000000000000, -0.000000000000000000 ) ) ;
#1685 = CARTESIAN_POINT ( 'NONE',  ( -10.00000000000000000, 0.000000000000000000, 0.000000000000000000 ) ) ;
#1686 = ADVANCED_FACE ( 'NONE', ( #6069 ), #1661, .T. ) ;
#1687 = ORIENTED_EDGE ( 'NONE', *, *, #4850, .F. ) ;
#1688 = LINE ( 'NONE', #2275, #1402 ) ;
#1689 = CYLINDRICAL_SURFACE ( 'NONE', #3558, 15.99999999999999645 ) ;
#1690 = DIRECTION ( 'NONE',  ( 0.000000000000000000, 0.000000000000000000, 1.000000000000000000 ) ) ;
#1691 = VECTOR ( 'NONE', #5784, 1000.000000000000000 ) ;
#1692 = FACE_OUTER_BOUND ( 'NONE', #3436, .T. ) ;
#1693 = ADVANCED_FACE ( 'NONE', ( #3596 ), #3631, .T. ) ;
#1695 = ORIENTED_EDGE ( 'NONE', *, *, #3353, .F. ) ;
#1694 = VERTEX_POINT ( 'NONE', #3658 ) ;
#1696 = AXIS2_PLACEMENT_3D ( 'NONE', #306, #4806, #740 ) ;
#1697 = LINE ( 'NONE', #1217, #130 ) ;
#1698 = EDGE_CURVE ( 'NONE', #6404, #4728, #1681, .T. ) ;
#1699 = CARTESIAN_POINT ( 'NONE',  ( 7.000000000000000888, 33.17418723428333038, -17.67226234102789562 ) ) ;
#1700 = AXIS2_PLACEMENT_3D ( 'NONE', #1411, #3405, #1440 ) ;
#1701 = EDGE_LOOP ( 'NONE', ( #4970, #2881, #3664, #3791 ) ) ;
#1702 = CARTESIAN_POINT ( 'NONE',  ( -8.000050800000000351, 0.000000000000000000, 0.000000000000000000 ) ) ;
#1703 = DIRECTION ( 'NONE',  ( -1.000000000000000000, 0.000000000000000000, 0.000000000000000000 ) ) ;
#1704 = CIRCLE ( 'NONE', #1914, 16.00000000000000000 ) ;
#1705 = CIRCLE ( 'NONE', #3699, 16.00000000000000000 ) ;
#1706 = VECTOR ( 'NONE', #4441, 1000.000000000000000 ) ;
#1707 = CARTESIAN_POINT ( 'NONE',  ( 3.500000000000001332, -9.188173127307592836, 40.98264845739746676 ) ) ;
#1708 = CARTESIAN_POINT ( 'NONE',  ( 0.000000000000000000, -26.08949754953005495, -27.05870788708257990 ) ) ;
#1709 = ORIENTED_EDGE ( 'NONE', *, *, #1504, .F. ) ;
#1710 = ORIENTED_EDGE ( 'NONE', *, *, #1216, .F. ) ;
#1711 = VERTEX_POINT ( 'NONE', #5639 ) ;
#1712 = VECTOR ( 'NONE', #4888, 1000.000000000000000 ) ;
#1713 = CIRCLE ( 'NONE', #2872, 16.00000000000000000 ) ;
#1714 = DIRECTION ( 'NONE',  ( -1.000000000000000000, 0.000000000000000000, -0.000000000000000000 ) ) ;
#1715 = EDGE_CURVE ( 'NONE', #3565, #3143, #3429, .T. ) ;
#1716 = DIRECTION ( 'NONE',  ( 1.000000000000000000, 0.000000000000000000, 0.000000000000000000 ) ) ;
#1717 = DIRECTION ( 'NONE',  ( 0.000000000000000000, 0.4539904997395414754, 0.8910065241883706744 ) ) ;
#1718 = ADVANCED_FACE ( 'NONE', ( #4556 ), #1142, .T. ) ;
#1719 = CARTESIAN_POINT ( 'NONE',  ( 0.000000000000000000, 37.22597642581157373, -5.202137450156527620 ) ) ;
#1720 = CIRCLE ( 'NONE', #2745, 15.99999999999999822 ) ;
#1721 = CARTESIAN_POINT ( 'NONE',  ( 7.000000000000000888, 21.32104025579114648, 30.84782396557224970 ) ) ;
#1722 = VECTOR ( 'NONE', #6047, 1000.000000000000000 ) ;
#1723 = DESIGN_CONTEXT ( 'detailed design', #2052, 'design' ) ;
#1724 = ORIENTED_EDGE ( 'NONE', *, *, #2910, .T. ) ;
#1725 = CARTESIAN_POINT ( 'NONE',  ( 7.000000000000000888, 0.000000000000000000, 0.000000000000000000 ) ) ;
#1726 = AXIS2_PLACEMENT_3D ( 'NONE', #1175, #3786, #2801 ) ;
#1727 = CARTESIAN_POINT ( 'NONE',  ( 7.000000000000000888, -37.22597642581160926, 5.202137450156262055 ) ) ;
#1728 = CARTESIAN_POINT ( 'NONE',  ( 7.000000000000000888, -6.555932627142673219, 37.01155633439055492 ) ) ;
#1729 = CARTESIAN_POINT ( 'NONE',  ( 7.000000000000000888, 0.000000000000000000, 0.000000000000000000 ) ) ;
#1731 = ORIENTED_EDGE ( 'NONE', *, *, #2262, .T. ) ;
#1730 = ORIENTED_EDGE ( 'NONE', *, *, #3358, .T. ) ;
#1732 = EDGE_CURVE ( 'NONE', #2610, #3714, #6272, .T. ) ;
#1733 = DIRECTION ( 'NONE',  ( -1.000000000000000000, 0.000000000000000000, 0.000000000000000000 ) ) ;
#1734 = CARTESIAN_POINT ( 'NONE',  ( 7.000000000000000888, 16.45098606841126454, 33.79645857604518255 ) ) ;
#1735 = ORIENTED_EDGE ( 'NONE', *, *, #368, .F. ) ;
#1736 = ORIENTED_EDGE ( 'NONE', *, *, #6001, .T. ) ;
#1737 = CARTESIAN_POINT ( 'NONE',  ( 7.000000000000000888, 0.000000000000000000, 0.000000000000000000 ) ) ;
#1738 = EDGE_CURVE ( 'NONE', #4690, #3051, #2607, .T. ) ;
#1739 = DIRECTION ( 'NONE',  ( 0.000000000000000000, 0.000000000000000000, 1.000000000000000000 ) ) ;
#1740 = CARTESIAN_POINT ( 'NONE',  ( 0.000000000000000000, -37.58145647212454321, 16.68533520207890319 ) ) ;
#1741 = ORIENTED_EDGE ( 'NONE', *, *, #1651, .T. ) ;
#1742 = ORIENTED_EDGE ( 'NONE', *, *, #1781, .F. ) ;
#1743 = ORIENTED_EDGE ( 'NONE', *, *, #596, .T. ) ;
#1744 = CARTESIAN_POINT ( 'NONE',  ( 7.000000000000000888, -41.81611651403864727, 3.925862922256022181 ) ) ;
#1745 = CARTESIAN_POINT ( 'NONE',  ( 0.000000000000000000, -22.48208911017473710, -35.47612816024548721 ) ) ;
#1746 = CARTESIAN_POINT ( 'NONE',  ( 3.500000000000001332, -16.65560815589382671, -38.55633173627028754 ) ) ;
#1747 = DIRECTION ( 'NONE',  ( 1.000000000000000000, 0.000000000000000000, 0.000000000000000000 ) ) ;
#1748 = AXIS2_PLACEMENT_3D ( 'NONE', #6520, #6092, #3056 ) ;
#1749 = CARTESIAN_POINT ( 'NONE',  ( 7.000000000000000888, 36.88895765772642932, -6.736453364083163642 ) ) ;
#1750 = ORIENTED_EDGE ( 'NONE', *, *, #3367, .F. ) ;
#1751 = EDGE_CURVE ( 'NONE', #6514, #5702, #2586, .T. ) ;
#1752 = AXIS2_PLACEMENT_3D ( 'NONE', #2831, #4840, #344 ) ;
#1753 = CYLINDRICAL_SURFACE ( 'NONE', #5167, 16.00000000000000000 ) ;
#1754 = DIRECTION ( 'NONE',  ( 0.000000000000000000, 0.000000000000000000, 1.000000000000000000 ) ) ;
#1755 = FACE_OUTER_BOUND ( 'NONE', #4385, .T. ) ;
#1756 = DIRECTION ( 'NONE',  ( -1.000000000000000000, 0.000000000000000000, 0.000000000000000000 ) ) ;
#1757 = EDGE_CURVE ( 'NONE', #5056, #4832, #4268, .T. ) ;
#1759 = ORIENTED_EDGE ( 'NONE', *, *, #2836, .F. ) ;
#1758 = EDGE_LOOP ( 'NONE', ( #2266, #3697, #4597, #5046 ) ) ;
#1760 = EDGE_CURVE ( 'NONE', #4690, #1196, #3741, .T. ) ;
#1761 = DIRECTION ( 'NONE',  ( -1.000000000000000000, 0.000000000000000000, 0.000000000000000000 ) ) ;
#1762 = CARTESIAN_POINT ( 'NONE',  ( 4.000000000000000000, 0.000000000000000000, 0.000000000000000000 ) ) ;
#1764 = VERTEX_POINT ( 'NONE', #281 ) ;
#1763 = CYLINDRICAL_SURFACE ( 'NONE', #4831, 16.00000000000000000 ) ;
#1765 = ADVANCED_FACE ( 'NONE', ( #1270 ), #3264, .T. ) ;
#1766 = DIRECTION ( 'NONE',  ( 0.000000000000000000, 0.000000000000000000, 1.000000000000000000 ) ) ;
#1767 = FACE_OUTER_BOUND ( 'NONE', #5817, .T. ) ;
#1768 = ITEM_DEFINED_TRANSFORMATION ( 'NONE', 'NONE', #6205,  #5355 ) ;
#1769 = DIRECTION ( 'NONE',  ( 0.000000000000000000, 0.000000000000000000, 1.000000000000000000 ) ) ;
#1770 = DIRECTION ( 'NONE',  ( 0.000000000000000000, -0.9876883405951358830, -0.1564344650402420822 ) ) ;
#1771 = ORIENTED_EDGE ( 'NONE', *, *, #1112, .F. ) ;
#1772 = EDGE_CURVE ( 'NONE', #2329, #1249, #2773, .T. ) ;
#1773 = VERTEX_POINT ( 'NONE', #5235 ) ;
#1774 = ORIENTED_EDGE ( 'NONE', *, *, #5408, .T. ) ;
#1775 = DIRECTION ( 'NONE',  ( 0.000000000000000000, 0.000000000000000000, -1.000000000000000000 ) ) ;
#1776 = CYLINDRICAL_SURFACE ( 'NONE', #1792, 16.00000000000000000 ) ;
#1777 = CARTESIAN_POINT ( 'NONE',  ( 7.000000000000000888, 0.000000000000000000, 0.000000000000000000 ) ) ;
#1778 = AXIS2_PLACEMENT_3D ( 'NONE', #5433, #881, #4417 ) ;
#1779 = DIRECTION ( 'NONE',  ( -1.000000000000000000, 0.000000000000000000, -0.000000000000000000 ) ) ;
#1780 = DIRECTION ( 'NONE',  ( -1.000000000000000000, 0.000000000000000000, 0.000000000000000000 ) ) ;
#1781 = EDGE_CURVE ( 'NONE', #968, #2610, #2250, .T. ) ;
#1782 = VERTEX_POINT ( 'NONE', #5333 ) ;
#1783 = AXIS2_PLACEMENT_3D ( 'NONE', #30, #5621, #464 ) ;
#1784 = AXIS2_PLACEMENT_3D ( 'NONE', #4331, #1378, #4818 ) ;
#1785 = DIRECTION ( 'NONE',  ( -1.000000000000000000, 0.000000000000000000, 0.000000000000000000 ) ) ;
#1786 = FACE_OUTER_BOUND ( 'NONE', #3861, .T. ) ;
#1787 = CARTESIAN_POINT ( 'NONE',  ( 0.000000000000000000, 3.925862922256155407, 41.81611651403863306 ) ) ;
#1788 = CARTESIAN_POINT ( 'NONE',  ( 0.000000000000000000, 0.000000000000000000, 0.000000000000000000 ) ) ;
#1789 = VECTOR ( 'NONE', #1432, 1000.000000000000000 ) ;
#1791 = ORIENTED_EDGE ( 'NONE', *, *, #2449, .T. ) ;
#1790 = ORIENTED_EDGE ( 'NONE', *, *, #5464, .F. ) ;
#1792 = AXIS2_PLACEMENT_3D ( 'NONE', #3679, #2269, #766 ) ;
#1793 = CARTESIAN_POINT ( 'NONE',  ( 0.000000000000000000, 37.58145647212453611, 0.6853352020791733112 ) ) ;
#1794 = EDGE_CURVE ( 'NONE', #5148, #3447, #3111, .T. ) ;
#1795 = CARTESIAN_POINT ( 'NONE',  ( 7.000000000000000888, 39.04073710021366139, -15.48615015657542848 ) ) ;
#1796 = AXIS2_PLACEMENT_3D ( 'NONE', #2595, #543, #4616 ) ;
#1798 = ORIENTED_EDGE ( 'NONE', *, *, #939, .F. ) ;
#1797 = ORIENTED_EDGE ( 'NONE', *, *, #6278, .T. ) ;
#1799 = DIRECTION ( 'NONE',  ( 0.000000000000000000, 0.000000000000000000, 1.000000000000000000 ) ) ;
#1800 = CIRCLE ( 'NONE', #335, 42.00000000000000000 ) ;
#1801 = CYLINDRICAL_SURFACE ( 'NONE', #418, 37.49900000000000233 ) ;
#1802 = EDGE_CURVE ( 'NONE', #6105, #2341, #6269, .T. ) ;
#1803 = CARTESIAN_POINT ( 'NONE',  ( 7.000000000000000888, 0.000000000000000000, 0.000000000000000000 ) ) ;
#1804 = CYLINDRICAL_SURFACE ( 'NONE', #5059, 10.00000000000000000 ) ;
#1805 = ORIENTED_EDGE ( 'NONE', *, *, #3135, .T. ) ;
#1806 = EDGE_LOOP ( 'NONE', ( #4475, #3828, #3112, #2472 ) ) ;
#1807 = ORIENTED_EDGE ( 'NONE', *, *, #1948, .F. ) ;
#1808 = CARTESIAN_POINT ( 'NONE',  ( 7.000000000000000888, 4.992566952385523393, -37.16516213103272293 ) ) ;
#1809 = AXIS2_PLACEMENT_3D ( 'NONE', #336, #5392, #1452 ) ;
#1810 = CIRCLE ( 'NONE', #2541, 16.00000000000000000 ) ;
#1811 = VECTOR ( 'NONE', #5736, 1000.000000000000000 ) ;
#1812 = CARTESIAN_POINT ( 'NONE',  ( 0.000000000000000000, 0.000000000000000000, 0.000000000000000000 ) ) ;
#1813 = EDGE_CURVE ( 'NONE', #5923, #6354, #1852, .T. ) ;
#1814 = CARTESIAN_POINT ( 'NONE',  ( -10.00000000000000000, 0.000000000000000000, 0.000000000000000000 ) ) ;
#1815 = DIRECTION ( 'NONE',  ( -1.000000000000000000, -0.000000000000000000, 0.000000000000000000 ) ) ;
#1816 = AXIS2_PLACEMENT_3D ( 'NONE', #3688, #6168, #5703 ) ;
#1817 = ORIENTED_EDGE ( 'NONE', *, *, #1208, .F. ) ;
#1818 = DIRECTION ( 'NONE',  ( 0.000000000000000000, 0.000000000000000000, 1.000000000000000000 ) ) ;
#1819 = DIRECTION ( 'NONE',  ( -1.000000000000000000, 0.000000000000000000, 0.000000000000000000 ) ) ;
#1820 = CYLINDRICAL_SURFACE ( 'NONE', #5394, 37.49900000000000233 ) ;
#1821 = EDGE_CURVE ( 'NONE', #744, #4949, #6380, .T. ) ;
#1822 = AXIS2_PLACEMENT_3D ( 'NONE', #2054, #4059, #1471 ) ;
#1823 = CIRCLE ( 'NONE', #1409, 16.00000000000000000 ) ;
#1824 = CYLINDRICAL_SURFACE ( 'NONE', #1752, 16.00000000000000000 ) ;
#1826 = VERTEX_POINT ( 'NONE', #3788 ) ;
#1825 = ORIENTED_EDGE ( 'NONE', *, *, #5385, .F. ) ;
#1827 = AXIS2_PLACEMENT_3D ( 'NONE', #5174, #5770, #1690 ) ;
#1828 = CARTESIAN_POINT ( 'NONE',  ( 0.000000000000000000, -33.17418723428319538, 17.67226234102814431 ) ) ;
#1829 = CARTESIAN_POINT ( 'NONE',  ( 7.000000000000000888, -37.58145647212452900, -0.6853352020794422073 ) ) ;
#1830 = EDGE_CURVE ( 'NONE', #126, #1228, #709, .T. ) ;
#1832 = VERTEX_POINT ( 'NONE', #5771 ) ;
#1831 = ORIENTED_EDGE ( 'NONE', *, *, #1926, .F. ) ;
#1833 = CARTESIAN_POINT ( 'NONE',  ( 0.000000000000000000, -21.40280677340346216, -36.13751322684441192 ) ) ;
#1834 = EDGE_CURVE ( 'NONE', #77, #2180, #4897, .T. ) ;
#1835 = LINE ( 'NONE', #3835, #945 ) ;
#1836 = DIRECTION ( 'NONE',  ( -1.000000000000000000, -0.000000000000000000, -0.000000000000000000 ) ) ;
#1837 = DIRECTION ( 'NONE',  ( -1.000000000000000000, 0.000000000000000000, -0.000000000000000000 ) ) ;
#1838 = VERTEX_POINT ( 'NONE', #3328 ) ;
#1839 = ORIENTED_EDGE ( 'NONE', *, *, #6179, .F. ) ;
#1840 = AXIS2_PLACEMENT_3D ( 'NONE', #732, #4177, #2139 ) ;
#1841 = CARTESIAN_POINT ( 'NONE',  ( 3.500000000000000444, -32.34446384429989507, 26.79245525562703278 ) ) ;
#1842 = LINE ( 'NONE', #827, #3016 ) ;
#1843 = CARTESIAN_POINT ( 'NONE',  ( 3.500000000000000444, -41.81611651403864727, 3.925862922256022181 ) ) ;
#1844 = CARTESIAN_POINT ( 'NONE',  ( 0.000000000000000000, 33.79645857604513282, 16.45098606841138178 ) ) ;
#1845 = ORIENTED_EDGE ( 'NONE', *, *, #1532, .T. ) ;
#1846 = EDGE_CURVE ( 'NONE', #5591, #6283, #1540, .T. ) ;
#1847 = LINE ( 'NONE', #3448, #2122 ) ;
#1848 = CARTESIAN_POINT ( 'NONE',  ( 7.000000000000000888, -21.40280677340398441, 36.13751322684410638 ) ) ;
#1849 = CIRCLE ( 'NONE', #6375, 37.49900000000000944 ) ;
#1850 = DIRECTION ( 'NONE',  ( 0.000000000000000000, 0.000000000000000000, 1.000000000000000000 ) ) ;
#1851 = DIRECTION ( 'NONE',  ( 0.000000000000000000, 0.1564344650402313408, -0.9876883405951376593 ) ) ;
#1852 = CIRCLE ( 'NONE', #5523, 16.00000000000000000 ) ;
#1854 = EDGE_LOOP ( 'NONE', ( #3646, #5645, #4242, #3915 ) ) ;
#1853 = ORIENTED_EDGE ( 'NONE', *, *, #2608, .F. ) ;
#1855 = ADVANCED_FACE ( 'NONE', ( #807 ), #6240, .T. ) ;
#1856 = DIRECTION ( 'NONE',  ( 0.000000000000000000, 1.000000000000000000, 0.000000000000000000 ) ) ;
#1857 = DIRECTION ( 'NONE',  ( 0.000000000000000000, 0.3090169943749482839, -0.9510565162951534202 ) ) ;
#1858 = DIRECTION ( 'NONE',  ( -1.000000000000000000, 0.000000000000000000, 0.000000000000000000 ) ) ;
#1860 = ORIENTED_EDGE ( 'NONE', *, *, #1674, .T. ) ;
#1859 = VERTEX_POINT ( 'NONE', #6201 ) ;
#1861 = DIRECTION ( 'NONE',  ( 1.000000000000000000, -0.000000000000000000, -0.000000000000000000 ) ) ;
#1862 = CARTESIAN_POINT ( 'NONE',  ( -10.00000000000000000, 0.000000000000000000, 0.000000000000000000 ) ) ;
#1863 = DIRECTION ( 'NONE',  ( -1.000000000000000000, -0.000000000000000000, 0.000000000000000000 ) ) ;
#1864 = CARTESIAN_POINT ( 'NONE',  ( -3.683732951320944249, 9.711655298073809561, 2.384273987774841785 ) ) ;
#1865 = VERTEX_POINT ( 'NONE', #2802 ) ;
#1866 = ORIENTED_EDGE ( 'NONE', *, *, #2592, .T. ) ;
#1867 = CARTESIAN_POINT ( 'NONE',  ( 0.000000000000000000, -37.01155633439062598, 6.555932627142286861 ) ) ;
#1868 = CALENDAR_DATE ( 2025, 3, 10 ) ;
#1869 = CARTESIAN_POINT ( 'NONE',  ( 7.000000000000000888, 35.95386929396256193, -10.96151621346501415 ) ) ;
#1870 = CARTESIAN_POINT ( 'NONE',  ( 0.000000000000000000, 35.38097989696512968, 12.42422080174651100 ) ) ;
#1871 = ADVANCED_FACE ( 'NONE', ( #4807 ), #4317, .T. ) ;
#1872 = ADVANCED_FACE ( 'NONE', ( #1692 ), #1824, .T. ) ;
#1873 = DIRECTION ( 'NONE',  ( -1.000000000000000000, -0.000000000000000000, 0.000000000000000000 ) ) ;
#1874 = ORIENTED_EDGE ( 'NONE', *, *, #1910, .F. ) ;
#1875 = CARTESIAN_POINT ( 'NONE',  ( 4.000000000000000000, 7.654042494670959579E-16, 6.250000000000001776 ) ) ;
#1876 = DIRECTION ( 'NONE',  ( -1.000000000000000000, -0.000000000000000000, -0.000000000000000000 ) ) ;
#1877 = CARTESIAN_POINT ( 'NONE',  ( -4.501269350603815944, 1.866308887889809309, 2.349121625356289655 ) ) ;
#1878 = CARTESIAN_POINT ( 'NONE',  ( 7.000000000000000888, 0.000000000000000000, 0.000000000000000000 ) ) ;
#1879 = EDGE_CURVE ( 'NONE', #509, #2596, #4590, .T. ) ;
#1881 = VERTEX_POINT ( 'NONE', #3233 ) ;
#1880 = ORIENTED_EDGE ( 'NONE', *, *, #3577, .T. ) ;
#1882 = CARTESIAN_POINT ( 'NONE',  ( 0.000000000000000000, 0.000000000000000000, 0.000000000000000000 ) ) ;
#1883 = DIRECTION ( 'NONE',  ( 0.000000000000000000, 0.000000000000000000, 1.000000000000000000 ) ) ;
#1884 = VECTOR ( 'NONE', #1652, 1000.000000000000000 ) ;
#1885 = ADVANCED_FACE ( 'NONE', ( #742 ), #1969, .T. ) ;
#1886 = DIRECTION ( 'NONE',  ( 0.000000000000000000, 0.000000000000000000, 1.000000000000000000 ) ) ;
#1888 = ORIENTED_EDGE ( 'NONE', *, *, #1354, .F. ) ;
#1887 = VERTEX_POINT ( 'NONE', #4447 ) ;
#1889 = APPROVAL_PERSON_ORGANIZATION ( #562, #5157, #489 ) ;
#1890 = LINE ( 'NONE', #5412, #4087 ) ;
#1891 = AXIS2_PLACEMENT_3D ( 'NONE', #261, #5248, #4789 ) ;
#1892 = EDGE_CURVE ( 'NONE', #433, #3430, #5952, .T. ) ;
#1893 = DIRECTION ( 'NONE',  ( -1.000000000000000000, -0.000000000000000000, 0.000000000000000000 ) ) ;
#1894 = CARTESIAN_POINT ( 'NONE',  ( 3.500000000000001332, 38.55633173627034438, -16.65560815589369525 ) ) ;
#1895 = AXIS2_PLACEMENT_3D ( 'NONE', #6409, #3439, #2945 ) ;
#1896 = VERTEX_POINT ( 'NONE', #2901 ) ;
#1897 = ORIENTED_EDGE ( 'NONE', *, *, #4442, .T. ) ;
#1898 = CARTESIAN_POINT ( 'NONE',  ( 0.000000000000000000, 17.67226234102873406, -33.17418723428287564 ) ) ;
#1899 =( NAMED_UNIT ( * ) SI_UNIT ( $, .STERADIAN. ) SOLID_ANGLE_UNIT ( ) );
#1900 = CARTESIAN_POINT ( 'NONE',  ( 7.000000000000000888, -6.736453364083817341, 36.88895765772630142 ) ) ;
#1901 = AXIS2_PLACEMENT_3D ( 'NONE', #1844, #4925, #5893 ) ;
#1902 = LINE ( 'NONE', #2862, #5277 ) ;
#1903 = CARTESIAN_POINT ( 'NONE',  ( 7.000000000000000888, 37.58145647212453611, 0.6853352020791733112 ) ) ;
#1904 = ORIENTED_EDGE ( 'NONE', *, *, #5502, .F. ) ;
#1905 = EDGE_CURVE ( 'NONE', #5503, #4698, #4050, .T. ) ;
#1906 = VECTOR ( 'NONE', #6440, 1000.000000000000000 ) ;
#1907 = VERTEX_POINT ( 'NONE', #4473 ) ;
#1908 = CIRCLE ( 'NONE', #2858, 42.00000000000000000 ) ;
#1909 = CARTESIAN_POINT ( 'NONE',  ( 0.000000000000000000, -3.925862922255855647, -41.81611651403866858 ) ) ;
#1910 = EDGE_CURVE ( 'NONE', #6514, #4796, #4265, .T. ) ;
#1911 = CARTESIAN_POINT ( 'NONE',  ( 0.000000000000000000, 0.000000000000000000, 0.000000000000000000 ) ) ;
#1912 = DIRECTION ( 'NONE',  ( -1.000000000000000000, 0.000000000000000000, 0.000000000000000000 ) ) ;
#1913 = DIRECTION ( 'NONE',  ( -1.000000000000000000, 0.000000000000000000, -0.000000000000000000 ) ) ;
#1914 = AXIS2_PLACEMENT_3D ( 'NONE', #4867, #1426, #4344 ) ;
#1916 = ORIENTED_EDGE ( 'NONE', *, *, #3960, .T. ) ;
#1915 = VERTEX_POINT ( 'NONE', #1399 ) ;
#1917 = DIRECTION ( 'NONE',  ( -1.000000000000000000, 0.000000000000000000, 0.000000000000000000 ) ) ;
#1918 = VECTOR ( 'NONE', #5948, 1000.000000000000000 ) ;
#1919 = CIRCLE ( 'NONE', #455, 16.00000000000000000 ) ;
#1920 = DIRECTION ( 'NONE',  ( -1.000000000000000000, 0.000000000000000000, 0.000000000000000000 ) ) ;
#1921 = FACE_OUTER_BOUND ( 'NONE', #5130, .T. ) ;
#1922 = AXIS2_PLACEMENT_3D ( 'NONE', #3215, #6251, #6150 ) ;
#1923 = AXIS2_PLACEMENT_3D ( 'NONE', #4411, #4351, #1433 ) ;
#1925 = ORIENTED_EDGE ( 'NONE', *, *, #5250, .T. ) ;
#1924 = ORIENTED_EDGE ( 'NONE', *, *, #5860, .T. ) ;
#1926 = EDGE_CURVE ( 'NONE', #3371, #4787, #4471, .T. ) ;
#1927 = DIRECTION ( 'NONE',  ( 0.000000000000000000, 0.000000000000000000, 1.000000000000000000 ) ) ;
#1928 = CARTESIAN_POINT ( 'NONE',  ( -2.794765024581110424, 9.781420886686726490, 2.081263936341499310 ) ) ;
#1929 = ORIENTED_EDGE ( 'NONE', *, *, #3723, .T. ) ;
#1930 = ORIENTED_EDGE ( 'NONE', *, *, #5010, .F. ) ;
#1931 = LINE ( 'NONE', #5418, #1309 ) ;
#1932 = DIRECTION ( 'NONE',  ( -1.000000000000000000, 0.000000000000000000, -0.000000000000000000 ) ) ;
#1933 = DIRECTION ( 'NONE',  ( 1.000000000000000000, -0.000000000000000000, -0.000000000000000000 ) ) ;
#1934 = DIRECTION ( 'NONE',  ( -1.000000000000000000, -0.000000000000000000, -0.000000000000000000 ) ) ;
#1935 = ORIENTED_EDGE ( 'NONE', *, *, #2768, .F. ) ;
#1936 = AXIS2_PLACEMENT_3D ( 'NONE', #5524, #4075, #4994 ) ;
#1937 = EDGE_LOOP ( 'NONE', ( #3306, #2585, #3038, #70 ) ) ;
#1938 = CARTESIAN_POINT ( 'NONE',  ( 3.500000000000001332, -40.68715046381921496, -10.41901085202120747 ) ) ;
#1939 = CARTESIAN_POINT ( 'NONE',  ( 7.000000000000000888, 37.58145647212453611, 16.68533520207917675 ) ) ;
#1940 = CARTESIAN_POINT ( 'NONE',  ( 7.000000000000000888, 3.673940397442060361E-16, -3.000000000000000444 ) ) ;
#1941 = CARTESIAN_POINT ( 'NONE',  ( 0.000000000000000000, -37.01155633439053361, -6.555932627142822433 ) ) ;
#1942 = CC_DESIGN_PERSON_AND_ORGANIZATION_ASSIGNMENT ( #5982, #1990, ( #5142 ) ) ;
#1944 = ORIENTED_EDGE ( 'NONE', *, *, #2362, .F. ) ;
#1943 = ORIENTED_EDGE ( 'NONE', *, *, #4387, .T. ) ;
#1945 = CARTESIAN_POINT ( 'NONE',  ( 0.000000000000000000, 22.74946021919175720, -29.81001611430984255 ) ) ;
#1946 = CARTESIAN_POINT ( 'NONE',  ( 7.000000000000000888, 0.000000000000000000, 0.000000000000000000 ) ) ;
#1947 = CARTESIAN_POINT ( 'NONE',  ( 7.000000000000000888, 27.05870788708231345, 26.08949754953034272 ) ) ;
#1948 = EDGE_CURVE ( 'NONE', #288, #3480, #6052, .T. ) ;
#1949 = AXIS2_PLACEMENT_3D ( 'NONE', #1434, #6368, #1851 ) ;
#1950 = EDGE_CURVE ( 'NONE', #5038, #857, #2687, .T. ) ;
#1952 = ORIENTED_EDGE ( 'NONE', *, *, #2152, .T. ) ;
#1951 = ORIENTED_EDGE ( 'NONE', *, *, #3001, .F. ) ;
#1953 = CARTESIAN_POINT ( 'NONE',  ( 3.500000000000000444, 3.925862922256769583, -41.81611651403857621 ) ) ;
#1954 = EDGE_CURVE ( 'NONE', #5578, #4697, #1234, .T. ) ;
#1955 = CARTESIAN_POINT ( 'NONE',  ( -1.615471566807312298, 9.996265058891390609, -0.3142938405746359964 ) ) ;
#1956 = ORIENTED_EDGE ( 'NONE', *, *, #1406, .F. ) ;
#1957 = ORIENTED_EDGE ( 'NONE', *, *, #3960, .F. ) ;
#1958 = FACE_OUTER_BOUND ( 'NONE', #1115, .T. ) ;
#1959 = APPROVAL_STATUS ( 'not_yet_approved' ) ;
#1960 = CYLINDRICAL_SURFACE ( 'NONE', #416, 16.00000000000000000 ) ;
#1961 = FACE_OUTER_BOUND ( 'NONE', #1258, .T. ) ;
#1962 = EDGE_CURVE ( 'NONE', #857, #3809, #6465, .T. ) ;
#1963 = DIRECTION ( 'NONE',  ( 0.000000000000000000, -0.3090169943749549453, 0.9510565162951511997 ) ) ;
#1964 = VERTEX_POINT ( 'NONE', #5868 ) ;
#1965 = EDGE_LOOP ( 'NONE', ( #5111, #4303, #3744, #2679 ) ) ;
#1966 = CARTESIAN_POINT ( 'NONE',  ( -5.285392187826317922, 2.207494098321031828, -2.035142918273678880 ) ) ;
#1967 = DIRECTION ( 'NONE',  ( -1.000000000000000000, -0.000000000000000000, 0.000000000000000000 ) ) ;
#1968 = DIRECTION ( 'NONE',  ( -1.000000000000000000, 0.000000000000000000, -0.000000000000000000 ) ) ;
#1969 = CYLINDRICAL_SURFACE ( 'NONE', #2377, 16.00000000000000000 ) ;
#1970 = EDGE_CURVE ( 'NONE', #857, #2555, #3216, .T. ) ;
#1972 = ORIENTED_EDGE ( 'NONE', *, *, #1821, .F. ) ;
#1971 = ORIENTED_EDGE ( 'NONE', *, *, #1813, .T. ) ;
#1973 = LINE ( 'NONE', #4450, #4855 ) ;
#1974 = DIRECTION ( 'NONE',  ( 0.000000000000000000, 0.000000000000000000, 1.000000000000000000 ) ) ;
#1975 = CIRCLE ( 'NONE', #1050, 37.49900000000000233 ) ;
#1976 = CIRCLE ( 'NONE', #4501, 16.00000000000000000 ) ;
#1978 = ORIENTED_EDGE ( 'NONE', *, *, #5195, .T. ) ;
#1977 = ORIENTED_EDGE ( 'NONE', *, *, #1379, .F. ) ;
#1979 = CIRCLE ( 'NONE', #2617, 42.00000000000000000 ) ;
#1980 = CIRCLE ( 'NONE', #1271, 42.00000000000000000 ) ;
#1981 = EDGE_CURVE ( 'NONE', #5923, #3783, #5401, .T. ) ;
#1982 = LINE ( 'NONE', #1508, #2003 ) ;
#1983 = CARTESIAN_POINT ( 'NONE',  ( 0.000000000000000000, 0.000000000000000000, 0.000000000000000000 ) ) ;
#1984 = CC_DESIGN_APPROVAL ( #5157, ( #5142 ) ) ;
#1985 = ORIENTED_EDGE ( 'NONE', *, *, #5974, .F. ) ;
#1986 = ORIENTED_EDGE ( 'NONE', *, *, #4917, .T. ) ;
#1987 = DIRECTION ( 'NONE',  ( -1.000000000000000000, -0.000000000000000000, -0.000000000000000000 ) ) ;
#1988 = AXIS2_PLACEMENT_3D ( 'NONE', #5245, #3763, #1023 ) ;
#1989 = EDGE_CURVE ( 'NONE', #1494, #6178, #2349, .T. ) ;
#1990 = PERSON_AND_ORGANIZATION_ROLE ( 'classification_officer' ) ;
#1991 = CC_DESIGN_APPROVAL ( #5239, ( #2838 ) ) ;
#1992 = FACE_OUTER_BOUND ( 'NONE', #4285, .T. ) ;
#1993 = DIRECTION ( 'NONE',  ( -1.000000000000000000, 0.000000000000000000, 0.000000000000000000 ) ) ;
#1994 = CARTESIAN_POINT ( 'NONE',  ( 7.000000000000000888, -37.01155633439062598, 6.555932627142286861 ) ) ;
#1995 = ORIENTED_EDGE ( 'NONE', *, *, #5574, .F. ) ;
#1996 = VERTEX_POINT ( 'NONE', #1365 ) ;
#1997 = CARTESIAN_POINT ( 'NONE',  ( -4.500894082190066925, 1.866242050595485313, -2.349168545168517586 ) ) ;
#1998 = CIRCLE ( 'NONE', #6003, 42.00000000000000000 ) ;
#1999 = EDGE_CURVE ( 'NONE', #3972, #1573, #1441, .T. ) ;
#2000 = CARTESIAN_POINT ( 'NONE',  ( 3.500000000000000444, 26.79245525562761543, -32.34446384429941190 ) ) ;
#2001 = DIRECTION ( 'NONE',  ( 0.000000000000000000, 0.000000000000000000, 1.000000000000000000 ) ) ;
#2002 = DIRECTION ( 'NONE',  ( 0.000000000000000000, 0.5877852522924684742, 0.8090169943749506709 ) ) ;
#2003 = VECTOR ( 'NONE', #5507, 1000.000000000000000 ) ;
#2004 = CIRCLE ( 'NONE', #6333, 42.00000000000000000 ) ;
#2005 = ORIENTED_EDGE ( 'NONE', *, *, #1009, .F. ) ;
#2007 = VERTEX_POINT ( 'NONE', #1492 ) ;
#2006 = ORIENTED_EDGE ( 'NONE', *, *, #1536, .T. ) ;
#2008 = DIRECTION ( 'NONE',  ( 0.000000000000000000, 0.000000000000000000, 1.000000000000000000 ) ) ;
#2009 = EDGE_CURVE ( 'NONE', #4106, #1031, #4384, .T. ) ;
#2010 = CYLINDRICAL_SURFACE ( 'NONE', #3139, 16.00000000000000000 ) ;
#2011 = AXIS2_PLACEMENT_3D ( 'NONE', #4923, #4896, #5449 ) ;
#2012 = CARTESIAN_POINT ( 'NONE',  ( 7.000000000000000888, 21.32104025579158701, -30.84782396557194772 ) ) ;
#2013 = DIRECTION ( 'NONE',  ( 0.000000000000000000, 0.000000000000000000, 1.000000000000000000 ) ) ;
#2015 = VERTEX_POINT ( 'NONE', #3887 ) ;
#2014 = ORIENTED_EDGE ( 'NONE', *, *, #4781, .F. ) ;
#2016 = AXIS2_PLACEMENT_3D ( 'NONE', #672, #3746, #2236 ) ;
#2017 = AXIS2_PLACEMENT_3D ( 'NONE', #1094, #3085, #292 ) ;
#2018 = CIRCLE ( 'NONE', #5712, 16.00000000000000000 ) ;
#2019 = CARTESIAN_POINT ( 'NONE',  ( -6.083116652120269308, 9.928335069464031548, -1.202324298420617499 ) ) ;
#2020 = EDGE_CURVE ( 'NONE', #4613, #4061, #2962, .T. ) ;
#2021 = DIRECTION ( 'NONE',  ( 0.000000000000000000, 1.000000000000000000, 0.000000000000000000 ) ) ;
#2022 = EDGE_CURVE ( 'NONE', #2611, #1187, #1127, .T. ) ;
#2023 = ORIENTED_EDGE ( 'NONE', *, *, #5796, .T. ) ;
#2024 = VERTEX_POINT ( 'NONE', #5495 ) ;
#2025 = AXIS2_PLACEMENT_3D ( 'NONE', #2631, #2988, #3018 ) ;
#2026 = LINE ( 'NONE', #4033, #1722 ) ;
#2027 = PERSON_AND_ORGANIZATION ( #4357, #2203 ) ;
#2028 = DIRECTION ( 'NONE',  ( 0.000000000000000000, 0.000000000000000000, -1.000000000000000000 ) ) ;
#2029 = DIRECTION ( 'NONE',  ( -1.000000000000000000, 0.000000000000000000, -0.000000000000000000 ) ) ;
#2030 = CARTESIAN_POINT ( 'NONE',  ( -8.000050800000000351, 2.649999999999999911, 1.406236111042524106 ) ) ;
#2031 = EDGE_CURVE ( 'NONE', #5377, #2655, #376, .T. ) ;
#2032 = EDGE_CURVE ( 'NONE', #3089, #3849, #67, .T. ) ;
#2033 = EDGE_LOOP ( 'NONE', ( #6474, #5757, #6142, #3989 ) ) ;
#2034 = CARTESIAN_POINT ( 'NONE',  ( 7.000000000000000888, -41.81611651403859042, -3.925862922256604826 ) ) ;
#2035 = ORIENTED_EDGE ( 'NONE', *, *, #3768, .F. ) ;
#2036 = CARTESIAN_POINT ( 'NONE',  ( -2.289265718291940477, 2.481168044688418117, -1.692930155221687549 ) ) ;
#2037 = CARTESIAN_POINT ( 'NONE',  ( 7.000000000000000888, -21.40280677340346216, -36.13751322684441192 ) ) ;
#2038 = CARTESIAN_POINT ( 'NONE',  ( 7.000000000000000888, 0.000000000000000000, 0.000000000000000000 ) ) ;
#2039 = FACE_OUTER_BOUND ( 'NONE', #5968, .T. ) ;
#2040 = CIRCLE ( 'NONE', #5085, 42.00000000000000000 ) ;
#2041 = EDGE_CURVE ( 'NONE', #4523, #1368, #2600, .T. ) ;
#2042 = ORIENTED_EDGE ( 'NONE', *, *, #5652, .F. ) ;
#2044 = VERTEX_POINT ( 'NONE', #574 ) ;
#2043 = ORIENTED_EDGE ( 'NONE', *, *, #4167, .F. ) ;
#2045 = DIRECTION ( 'NONE',  ( -1.000000000000000000, 0.000000000000000000, -0.000000000000000000 ) ) ;
#2046 = DIRECTION ( 'NONE',  ( 0.000000000000000000, 0.000000000000000000, 1.000000000000000000 ) ) ;
#2047 = FACE_OUTER_BOUND ( 'NONE', #1937, .T. ) ;
#2048 = DIRECTION ( 'NONE',  ( -1.000000000000000000, -0.000000000000000000, -0.000000000000000000 ) ) ;
#2049 = EDGE_CURVE ( 'NONE', #6300, #5256, #2632, .T. ) ;
#2051 = ORIENTED_EDGE ( 'NONE', *, *, #4423, .F. ) ;
#2050 = ORIENTED_EDGE ( 'NONE', *, *, #6357, .F. ) ;
#2052 = APPLICATION_CONTEXT ( 'configuration controlled 3d designs of mechanical parts and assemblies' ) ;
#2053 = VECTOR ( 'NONE', #4932, 1000.000000000000000 ) ;
#2054 = CARTESIAN_POINT ( 'NONE',  ( -10.00000000000000000, 0.000000000000000000, 0.000000000000000000 ) ) ;
#2055 = CARTESIAN_POINT ( 'NONE',  ( 3.500000000000000444, 21.40280677340421889, -36.13751322684397138 ) ) ;
#2056 = ORIENTED_EDGE ( 'NONE', *, *, #1751, .F. ) ;
#2057 = VECTOR ( 'NONE', #4746, 1000.000000000000000 ) ;
#2058 = ORIENTED_EDGE ( 'NONE', *, *, #6230, .F. ) ;
#2059 = CARTESIAN_POINT ( 'NONE',  ( 7.000000000000000888, 35.53030884539084866, 12.26510123303271627 ) ) ;
#2060 = DATE_AND_TIME ( #4599, #5565 ) ;
#2061 = CYLINDRICAL_SURFACE ( 'NONE', #3557, 37.49900000000000233 ) ;
#2062 = DIRECTION ( 'NONE',  ( -0.000000000000000000, 0.000000000000000000, 1.000000000000000000 ) ) ;
#2063 = DIRECTION ( 'NONE',  ( 1.000000000000000000, 0.000000000000000000, 0.000000000000000000 ) ) ;
#2064 = VERTEX_POINT ( 'NONE', #5126 ) ;
#2065 = CARTESIAN_POINT ( 'NONE',  ( 0.000000000000000000, 30.84782396557248418, -21.32104025579081252 ) ) ;
#2066 = ORIENTED_EDGE ( 'NONE', *, *, #4742, .F. ) ;
#2067 = CARTESIAN_POINT ( 'NONE',  ( 0.000000000000000000, -35.53030884539076339, -12.26510123303296140 ) ) ;
#2068 = CARTESIAN_POINT ( 'NONE',  ( 0.000000000000000000, -27.75498641678764145, 31.52238457039590358 ) ) ;
#2069 = EDGE_CURVE ( 'NONE', #1249, #1782, #1010, .T. ) ;
#2070 = DIRECTION ( 'NONE',  ( -1.000000000000000000, -0.000000000000000000, 0.000000000000000000 ) ) ;
#2071 = EDGE_CURVE ( 'NONE', #5616, #6506, #1849, .T. ) ;
#2072 = CYLINDRICAL_SURFACE ( 'NONE', #179, 16.00000000000000000 ) ;
#2073 = DIRECTION ( 'NONE',  ( -1.000000000000000000, 0.000000000000000000, 0.000000000000000000 ) ) ;
#2074 = VERTEX_POINT ( 'NONE', #5596 ) ;
#2075 = ORIENTED_EDGE ( 'NONE', *, *, #5052, .T. ) ;
#2076 = CARTESIAN_POINT ( 'NONE',  ( 7.000000000000000888, 2.663952781846735451, -41.91543099594814947 ) ) ;
#2077 = FACE_OUTER_BOUND ( 'NONE', #5600, .T. ) ;
#2078 = FACE_OUTER_BOUND ( 'NONE', #992, .T. ) ;
#2079 = CARTESIAN_POINT ( 'NONE',  ( 7.000000000000000888, -30.80686688397024398, 21.53537804866070715 ) ) ;
#2081 = ORIENTED_EDGE ( 'NONE', *, *, #1813, .F. ) ;
#2080 = VERTEX_POINT ( 'NONE', #4579 ) ;
#2082 = AXIS2_PLACEMENT_3D ( 'NONE', #367, #2427, #4434 ) ;
#2083 = EDGE_CURVE ( 'NONE', #5469, #3435, #914, .T. ) ;
#2084 = CARTESIAN_POINT ( 'NONE',  ( 0.000000000000000000, 22.64427369931168954, 30.00120703465212912 ) ) ;
#2085 = LINE ( 'NONE', #2584, #4842 ) ;
#2086 = ORIENTED_EDGE ( 'NONE', *, *, #3968, .T. ) ;
#2087 = ORIENTED_EDGE ( 'NONE', *, *, #5127, .T. ) ;
#2088 = CARTESIAN_POINT ( 'NONE',  ( 7.000000000000000888, 0.000000000000000000, 0.000000000000000000 ) ) ;
#2089 = ADVANCED_FACE ( 'NONE', ( #2039 ), #533, .F. ) ;
#2090 = DATE_AND_TIME ( #29, #4933 ) ;
#2091 = LINE ( 'NONE', #5087, #1672 ) ;
#2092 = DIRECTION ( 'NONE',  ( -1.000000000000000000, -0.000000000000000000, 0.000000000000000000 ) ) ;
#2093 = AXIS2_PLACEMENT_3D ( 'NONE', #1911, #403, #5426 ) ;
#2094 = CARTESIAN_POINT ( 'NONE',  ( 7.000000000000000888, 37.22597642581149557, 5.202137450157039211 ) ) ;
#2095 = ORIENTED_EDGE ( 'NONE', *, *, #4709, .T. ) ;
#2096 = DIRECTION ( 'NONE',  ( 0.000000000000000000, 0.000000000000000000, 1.000000000000000000 ) ) ;
#2097 = VERTEX_POINT ( 'NONE', #1589 ) ;
#2098 = AXIS2_PLACEMENT_3D ( 'NONE', #3196, #5261, #298 ) ;
#2099 = CARTESIAN_POINT ( 'NONE',  ( -3.794957938066787495, 1.808984962756962300, -2.393326513066111882 ) ) ;
#2100 = CARTESIAN_POINT ( 'NONE',  ( 3.500000000000000444, 38.55633173627010279, 16.65560815589424593 ) ) ;
#2101 = CARTESIAN_POINT ( 'NONE',  ( 0.000000000000000000, 16.23288003029497162, 33.80338159004289622 ) ) ;
#2102 = FACE_OUTER_BOUND ( 'NONE', #2303, .T. ) ;
#2103 = DIRECTION ( 'NONE',  ( 0.000000000000000000, -0.7071067811865537900, 0.7071067811865413555 ) ) ;
#2104 = ORIENTED_EDGE ( 'NONE', *, *, #1802, .F. ) ;
#2105 = ORIENTED_EDGE ( 'NONE', *, *, #6266, .T. ) ;
#2106 = AXIS2_PLACEMENT_3D ( 'NONE', #3211, #2256, #3762 ) ;
#2107 = EDGE_CURVE ( 'NONE', #4660, #657, #5316, .T. ) ;
#2108 = DIRECTION ( 'NONE',  ( -1.000000000000000000, -0.000000000000000000, 0.000000000000000000 ) ) ;
#2109 = DIRECTION ( 'NONE',  ( -1.000000000000000000, -0.000000000000000000, -0.000000000000000000 ) ) ;
#2110 = FACE_OUTER_BOUND ( 'NONE', #451, .T. ) ;
#2111 = DIRECTION ( 'NONE',  ( -1.000000000000000000, 0.000000000000000000, -0.000000000000000000 ) ) ;
#2112 = VECTOR ( 'NONE', #5230, 1000.000000000000000 ) ;
#2114 = VERTEX_POINT ( 'NONE', #2570 ) ;
#2113 = ORIENTED_EDGE ( 'NONE', *, *, #4343, .T. ) ;
#2115 = ADVANCED_FACE ( 'NONE', ( #1524 ), #2072, .T. ) ;
#2116 = CIRCLE ( 'NONE', #4114, 16.00000000000000000 ) ;
#2117 = AXIS2_PLACEMENT_3D ( 'NONE', #1645, #2063, #4602 ) ;
#2118 = CIRCLE ( 'NONE', #3062, 2.399999999999999023 ) ;
#2119 = CARTESIAN_POINT ( 'NONE',  ( 7.000000000000000888, 22.74946021919175720, -29.81001611430984255 ) ) ;
#2120 = VECTOR ( 'NONE', #2921, 1000.000000000000000 ) ;
#2121 = PLANE ( 'NONE',  #2323 ) ;
#2122 = VECTOR ( 'NONE', #4409, 1000.000000000000000 ) ;
#2123 = B_SPLINE_CURVE_WITH_KNOTS ( 'NONE', 3,
 ( #3882, #2344, #2959, #4349, #5962, #6364, #3851, #2869, #402, #5457, #5865, #4873 ),
 .UNSPECIFIED., .F., .F.,
 ( 4, 2, 2, 2, 2, 4 ),
 ( 0.002424586257178148845, 0.002727612328712125146, 0.003030638400246101448, 0.003636690543314053184, 0.004242742686382004053, 0.004848794829449954921 ),
 .UNSPECIFIED. ) ;
#2124 = VERTEX_POINT ( 'NONE', #1028 ) ;
#2125 = EDGE_CURVE ( 'NONE', #4430, #2646, #5416, .T. ) ;
#2126 = ORIENTED_EDGE ( 'NONE', *, *, #1403, .T. ) ;
#2127 = CYLINDRICAL_SURFACE ( 'NONE', #5603, 16.00000000000000000 ) ;
#2128 = AXIS2_PLACEMENT_3D ( 'NONE', #2084, #3107, #6043 ) ;
#2129 = DIRECTION ( 'NONE',  ( 0.000000000000000000, 0.3090169943749414005, 0.9510565162951556406 ) ) ;
#2130 = FACE_OUTER_BOUND ( 'NONE', #1806, .T. ) ;
#2131 = DIRECTION ( 'NONE',  ( -1.000000000000000000, 0.000000000000000000, 0.000000000000000000 ) ) ;
#2132 = ORIENTED_EDGE ( 'NONE', *, *, #2319, .F. ) ;
#2133 = DIRECTION ( 'NONE',  ( 0.000000000000000000, 0.000000000000000000, 1.000000000000000000 ) ) ;
#2134 = CIRCLE ( 'NONE', #5822, 42.00000000000000000 ) ;
#2135 = AXIS2_PLACEMENT_3D ( 'NONE', #1364, #3949, #2961 ) ;
#2136 = ORIENTED_EDGE ( 'NONE', *, *, #453, .F. ) ;
#2137 = DIRECTION ( 'NONE',  ( -1.000000000000000000, 0.000000000000000000, 0.000000000000000000 ) ) ;
#2138 = CARTESIAN_POINT ( 'NONE',  ( 7.000000000000000888, -3.925862922256457388, 41.81611651403861174 ) ) ;
#2139 = DIRECTION ( 'NONE',  ( 0.000000000000000000, 0.000000000000000000, 1.000000000000000000 ) ) ;
#2140 = DIRECTION ( 'NONE',  ( -1.000000000000000000, 0.000000000000000000, 0.000000000000000000 ) ) ;
#2141 = FACE_OUTER_BOUND ( 'NONE', #4, .T. ) ;
#2142 = EDGE_LOOP ( 'NONE', ( #4007, #1119, #1087, #5098, #1930, #1687 ) ) ;
#2143 = ORIENTED_EDGE ( 'NONE', *, *, #6278, .F. ) ;
#2144 = CARTESIAN_POINT ( 'NONE',  ( 7.000000000000000000, 0.000000000000000000, -6.250000000000001776 ) ) ;
#2145 = CARTESIAN_POINT ( 'NONE',  ( 7.000000000000000888, -37.22597642581153110, 10.79786254984320237 ) ) ;
#2146 = CC_DESIGN_PERSON_AND_ORGANIZATION_ASSIGNMENT ( #5889, #4433, ( #2353 ) ) ;
#2147 = CARTESIAN_POINT ( 'NONE',  ( 0.000000000000000000, 5.202137450156391729, 37.22597642581159505 ) ) ;
#2148 = CARTESIAN_POINT ( 'NONE',  ( 7.000000000000000888, 29.81001611431041098, -22.74946021919100403 ) ) ;
#2150 = ORIENTED_EDGE ( 'NONE', *, *, #25, .F. ) ;
#2149 = ORIENTED_EDGE ( 'NONE', *, *, #6390, .T. ) ;
#2151 = CIRCLE ( 'NONE', #6151, 16.00000000000000000 ) ;
#2152 = EDGE_CURVE ( 'NONE', #558, #2097, #2582, .T. ) ;
#2153 = ADVANCED_FACE ( 'NONE', ( #5096 ), #4076, .T. ) ;
#2154 = DIRECTION ( 'NONE',  ( 1.000000000000000000, 0.000000000000000000, 0.000000000000000000 ) ) ;
#2155 = DIRECTION ( 'NONE',  ( 0.000000000000000000, 0.7071067811865487940, -0.7071067811865462405 ) ) ;
#2156 = EDGE_LOOP ( 'NONE', ( #1791, #1839, #2350, #1377 ) ) ;
#2157 = EDGE_LOOP ( 'NONE', ( #4592, #1526, #6503, #5541 ) ) ;
#2158 = CARTESIAN_POINT ( 'NONE',  ( 0.000000000000000000, -30.84782396557233142, 21.32104025579104345 ) ) ;
#2159 = CARTESIAN_POINT ( 'NONE',  ( 7.000000000000000888, 37.22597642581157373, -5.202137450156527620 ) ) ;
#2160 = EDGE_CURVE ( 'NONE', #4304, #2180, #4147, .T. ) ;
#2161 = DIRECTION ( 'NONE',  ( 0.000000000000000000, 0.000000000000000000, 1.000000000000000000 ) ) ;
#2162 = DIRECTION ( 'NONE',  ( 0.000000000000000000, -0.9510565162951565288, 0.3090169943749383474 ) ) ;
#2163 = AXIS2_PLACEMENT_3D ( 'NONE', #3162, #1134, #4641 ) ;
#2164 = ORIENTED_EDGE ( 'NONE', *, *, #3736, .T. ) ;
#2165 = ORIENTED_EDGE ( 'NONE', *, *, #1005, .T. ) ;
#2166 = VERTEX_POINT ( 'NONE', #4046 ) ;
#2167 = CARTESIAN_POINT ( 'NONE',  ( 0.000000000000000000, -33.79645857604524650, 16.45098606841114730 ) ) ;
#2168 = CARTESIAN_POINT ( 'NONE',  ( 0.000000000000000000, -27.05870788708212515, -26.08949754953052746 ) ) ;
#2169 = DIRECTION ( 'NONE',  ( -1.000000000000000000, 0.000000000000000000, 0.000000000000000000 ) ) ;
#2170 = ADVANCED_FACE ( 'NONE', ( #3622 ), #6163, .T. ) ;
#2171 = CARTESIAN_POINT ( 'NONE',  ( 7.000000000000000888, 16.45098606841126454, 33.79645857604518255 ) ) ;
#2172 = CARTESIAN_POINT ( 'NONE',  ( 0.000000000000000000, 37.16516213103285082, -4.992566952384588141 ) ) ;
#2173 = ORIENTED_EDGE ( 'NONE', *, *, #6246, .F. ) ;
#2174 = DIRECTION ( 'NONE',  ( 1.000000000000000000, -0.000000000000000000, -0.000000000000000000 ) ) ;
#2175 = CARTESIAN_POINT ( 'NONE',  ( 0.000000000000000000, 0.000000000000000000, 0.000000000000000000 ) ) ;
#2176 = CARTESIAN_POINT ( 'NONE',  ( 7.000000000000000888, 0.000000000000000000, 0.000000000000000000 ) ) ;
#2177 = EDGE_CURVE ( 'NONE', #2603, #4981, #3840, .T. ) ;
#2178 = DIRECTION ( 'NONE',  ( -1.000000000000000000, 0.000000000000000000, 0.000000000000000000 ) ) ;
#2180 = VERTEX_POINT ( 'NONE', #106 ) ;
#2179 = ORIENTED_EDGE ( 'NONE', *, *, #4286, .T. ) ;
#2181 = CARTESIAN_POINT ( 'NONE',  ( 7.000000000000000888, 2.663952781846156359, 41.91543099594819211 ) ) ;
#2182 = DIRECTION ( 'NONE',  ( -1.000000000000000000, -0.000000000000000000, -0.000000000000000000 ) ) ;
#2183 = ADVANCED_FACE ( 'NONE', ( #2102 ), #4112, .T. ) ;
#2184 = EDGE_LOOP ( 'NONE', ( #923, #1326, #1226, #5309 ) ) ;
#2185 = ORIENTED_EDGE ( 'NONE', *, *, #2994, .T. ) ;
#2186 = EDGE_CURVE ( 'NONE', #4319, #3983, #485, .T. ) ;
#2187 = DIRECTION ( 'NONE',  ( 0.000000000000000000, -6.938893903907228378E-15, 1.000000000000000000 ) ) ;
#2188 = CONTEXT_DEPENDENT_SHAPE_REPRESENTATION ( #5762, #6356 ) ;
#2189 = LINE ( 'NONE', #6154, #3600 ) ;
#2190 = DIRECTION ( 'NONE',  ( -1.000000000000000000, 0.000000000000000000, 0.000000000000000000 ) ) ;
#2191 = CIRCLE ( 'NONE', #3349, 16.00000000000000000 ) ;
#2192 = VECTOR ( 'NONE', #6407, 1000.000000000000000 ) ;
#2193 = ORIENTED_EDGE ( 'NONE', *, *, #1033, .T. ) ;
#2194 = ORIENTED_EDGE ( 'NONE', *, *, #1284, .T. ) ;
#2195 = ORIENTED_EDGE ( 'NONE', *, *, #5269, .T. ) ;
#2196 = FACE_OUTER_BOUND ( 'NONE', #5082, .T. ) ;
#2197 = CARTESIAN_POINT ( 'NONE',  ( 7.000000000000000888, -41.91543099594816368, -2.663952781846591567 ) ) ;
#2198 = CIRCLE ( 'NONE', #4821, 42.00000000000000000 ) ;
#2199 = CIRCLE ( 'NONE', #4822, 16.00000000000000000 ) ;
#2200 = CARTESIAN_POINT ( 'NONE',  ( 0.000000000000000000, 0.000000000000000000, 0.000000000000000000 ) ) ;
#2201 = DIRECTION ( 'NONE',  ( 0.000000000000000000, -0.4539904997395541320, 0.8910065241883640130 ) ) ;
#2202 = CARTESIAN_POINT ( 'NONE',  ( 0.000000000000000000, 31.52238457039600306, 27.75498641678753486 ) ) ;
#2203 = ORGANIZATION ( 'UNSPECIFIED', 'UNSPECIFIED', '' ) ;
#2204 = ORIENTED_EDGE ( 'NONE', *, *, #773, .T. ) ;
#2205 = EDGE_CURVE ( 'NONE', #6077, #968, #5208, .T. ) ;
#2206 = DIRECTION ( 'NONE',  ( -1.000000000000000000, -0.000000000000000000, -0.000000000000000000 ) ) ;
#2207 = DIRECTION ( 'NONE',  ( 0.000000000000000000, 0.000000000000000000, 1.000000000000000000 ) ) ;
#2208 = CARTESIAN_POINT ( 'NONE',  ( 7.000000000000000888, 0.000000000000000000, 0.000000000000000000 ) ) ;
#2209 = CIRCLE ( 'NONE', #1484, 16.00000000000000000 ) ;
#2210 = DIRECTION ( 'NONE',  ( -1.000000000000000000, -0.000000000000000000, 0.000000000000000000 ) ) ;
#2211 = AXIS2_PLACEMENT_3D ( 'NONE', #483, #2480, #4980 ) ;
#2213 = ORIENTED_EDGE ( 'NONE', *, *, #5229, .F. ) ;
#2212 = ORIENTED_EDGE ( 'NONE', *, *, #2916, .F. ) ;
#2214 = CIRCLE ( 'NONE', #5903, 37.49900000000000233 ) ;
#2215 = DIRECTION ( 'NONE',  ( -1.000000000000000000, 0.000000000000000000, 0.000000000000000000 ) ) ;
#2216 = CARTESIAN_POINT ( 'NONE',  ( 7.000000000000000888, 37.48860685352291000, -0.8828120875901940279 ) ) ;
#2217 = AXIS2_PLACEMENT_3D ( 'NONE', #5409, #3795, #913 ) ;
#2218 = AXIS2_PLACEMENT_3D ( 'NONE', #1708, #2190, #3740 ) ;
#2219 = ORIENTED_EDGE ( 'NONE', *, *, #5137, .F. ) ;
#2220 = AXIS2_PLACEMENT_3D ( 'NONE', #610, #3553, #5030 ) ;
#2221 = DIRECTION ( 'NONE',  ( -1.000000000000000000, 0.000000000000000000, -0.000000000000000000 ) ) ;
#2222 = CYLINDRICAL_SURFACE ( 'NONE', #4237, 16.00000000000000000 ) ;
#2223 = COORDINATED_UNIVERSAL_TIME_OFFSET ( 7, 0, .AHEAD. ) ;
#2224 = ADVANCED_FACE ( 'NONE', ( #2299 ), #300, .T. ) ;
#2225 = AXIS2_PLACEMENT_3D ( 'NONE', #4248, #6193, #6261 ) ;
#2226 = CIRCLE ( 'NONE', #5583, 16.00000000000000000 ) ;
#2227 = CIRCLE ( 'NONE', #2653, 37.49900000000000233 ) ;
#2228 = DIRECTION ( 'NONE',  ( -1.000000000000000000, 0.000000000000000000, -0.000000000000000000 ) ) ;
#2229 = EDGE_CURVE ( 'NONE', #816, #1865, #1400, .T. ) ;
#2230 = CARTESIAN_POINT ( 'NONE',  ( 7.000000000000000888, -6.555932627142673219, 37.01155633439055492 ) ) ;
#2231 = VERTEX_POINT ( 'NONE', #4309 ) ;
#2232 = VERTEX_POINT ( 'NONE', #206 ) ;
#2233 = VERTEX_POINT ( 'NONE', #2239 ) ;
#2234 = VECTOR ( 'NONE', #1893, 1000.000000000000000 ) ;
#2235 = CIRCLE ( 'NONE', #3287, 37.49900000000000944 ) ;
#2236 = DIRECTION ( 'NONE',  ( 0.000000000000000000, 0.000000000000000000, 1.000000000000000000 ) ) ;
#2237 = CARTESIAN_POINT ( 'NONE',  ( 7.000000000000000888, 0.000000000000000000, 0.000000000000000000 ) ) ;
#2238 = DIRECTION ( 'NONE',  ( 0.000000000000000000, 0.000000000000000000, 1.000000000000000000 ) ) ;
#2239 = CARTESIAN_POINT ( 'NONE',  ( 7.000000000000000888, 31.52238457039638320, -27.75498641678709433 ) ) ;
#2240 = ADVANCED_FACE ( 'NONE', ( #3198 ), #5228, .T. ) ;
#2241 = EDGE_CURVE ( 'NONE', #4104, #1634, #5474, .T. ) ;
#2242 = CIRCLE ( 'NONE', #14, 16.00000000000000000 ) ;
#2243 = CARTESIAN_POINT ( 'NONE',  ( 0.000000000000000000, -27.75498641678720446, -31.52238457039629438 ) ) ;
#2244 = VECTOR ( 'NONE', #6180, 1000.000000000000000 ) ;
#2245 = VERTEX_POINT ( 'NONE', #3749 ) ;
#2246 = CARTESIAN_POINT ( 'NONE',  ( 7.000000000000000888, 6.555932627142949443, -37.01155633439051229 ) ) ;
#2247 = LINE ( 'NONE', #2800, #5879 ) ;
#2248 = DIRECTION ( 'NONE',  ( 0.000000000000000000, 0.000000000000000000, 1.000000000000000000 ) ) ;
#2249 = MANIFOLD_SOLID_BREP ( 'Bore', #852 ) ;
#2250 = LINE ( 'NONE', #5841, #2692 ) ;
#2251 = ADVANCED_FACE ( 'NONE', ( #6288 ), #3719, .T. ) ;
#2253 = ORIENTED_EDGE ( 'NONE', *, *, #2608, .T. ) ;
#2252 = VERTEX_POINT ( 'NONE', #5731 ) ;
#2254 = EDGE_CURVE ( 'NONE', #6178, #6399, #5912, .T. ) ;
#2255 = DIRECTION ( 'NONE',  ( 0.000000000000000000, 0.000000000000000000, 1.000000000000000000 ) ) ;
#2256 = DIRECTION ( 'NONE',  ( 1.000000000000000000, 0.000000000000000000, 0.000000000000000000 ) ) ;
#2257 = AXIS2_PLACEMENT_3D ( 'NONE', #2599, #497, #3547 ) ;
#2259 = ORIENTED_EDGE ( 'NONE', *, *, #392, .T. ) ;
#2258 = CYLINDRICAL_SURFACE ( 'NONE', #3892, 16.00000000000000000 ) ;
#2260 = DIRECTION ( 'NONE',  ( -1.000000000000000000, -0.000000000000000000, -0.000000000000000000 ) ) ;
#2261 = CARTESIAN_POINT ( 'NONE',  ( 7.000000000000000888, 27.05870788708266872, -26.08949754952995903 ) ) ;
#2262 = EDGE_CURVE ( 'NONE', #3235, #2044, #3816, .T. ) ;
#2263 = CARTESIAN_POINT ( 'NONE',  ( 3.500000000000000444, 22.48208911017500000, 35.47612816024531668 ) ) ;
#2264 = DIRECTION ( 'NONE',  ( -1.000000000000000000, -0.000000000000000000, 0.000000000000000000 ) ) ;
#2265 = ORIENTED_EDGE ( 'NONE', *, *, #2455, .T. ) ;
#2266 = ORIENTED_EDGE ( 'NONE', *, *, #2020, .T. ) ;
#2267 = ORIENTED_EDGE ( 'NONE', *, *, #2375, .T. ) ;
#2268 = DIRECTION ( 'NONE',  ( -1.000000000000000000, -0.000000000000000000, 0.000000000000000000 ) ) ;
#2269 = DIRECTION ( 'NONE',  ( -1.000000000000000000, -0.000000000000000000, 0.000000000000000000 ) ) ;
#2270 = FACE_OUTER_BOUND ( 'NONE', #1236, .T. ) ;
#2271 = DIRECTION ( 'NONE',  ( 0.000000000000000000, -1.000000000000000000, 0.000000000000000000 ) ) ;
#2272 = DIRECTION ( 'NONE',  ( -1.000000000000000000, -0.000000000000000000, 0.000000000000000000 ) ) ;
#2273 = ORIENTED_EDGE ( 'NONE', *, *, #3525, .T. ) ;
#2274 = AXIS2_PLACEMENT_3D ( 'NONE', #3070, #116, #5075 ) ;
#2275 = CARTESIAN_POINT ( 'NONE',  ( 7.000000000000000888, 4.992566952385523393, -37.16516213103272293 ) ) ;
#2276 = EDGE_CURVE ( 'NONE', #1436, #5792, #4006, .T. ) ;
#2277 = DIRECTION ( 'NONE',  ( 0.000000000000000000, -0.4539904997395351471, -0.8910065241883738940 ) ) ;
#2278 = DIRECTION ( 'NONE',  ( -1.000000000000000000, -0.000000000000000000, -0.000000000000000000 ) ) ;
#2279 = DIRECTION ( 'NONE',  ( 0.000000000000000000, 0.5877852522924741363, -0.8090169943749465631 ) ) ;
#2281 = ORIENTED_EDGE ( 'NONE', *, *, #338, .F. ) ;
#2280 = ORIENTED_EDGE ( 'NONE', *, *, #5010, .T. ) ;
#2282 = DIRECTION ( 'NONE',  ( 0.000000000000000000, -0.3090169943749349057, -0.9510565162951576390 ) ) ;
#2283 = CARTESIAN_POINT ( 'NONE',  ( 7.000000000000000888, -39.04073710021355481, 15.48615015657568073 ) ) ;
#2285 = ORIENTED_EDGE ( 'NONE', *, *, #6107, .F. ) ;
#2284 = VERTEX_POINT ( 'NONE', #1262 ) ;
#2286 = FACE_OUTER_BOUND ( 'NONE', #779, .T. ) ;
#2287 = EDGE_CURVE ( 'NONE', #2080, #4767, #2671, .T. ) ;
#2288 = CARTESIAN_POINT ( 'NONE',  ( -8.000050800000000351, 2.649999999999999911, -1.406236111042524106 ) ) ;
#2289 = CARTESIAN_POINT ( 'NONE',  ( 0.000000000000000000, -32.34446384429951138, -26.79245525562750530 ) ) ;
#2290 = CARTESIAN_POINT ( 'NONE',  ( 7.000000000000000888, 35.47612816024556537, -22.48208911017461631 ) ) ;
#2291 = VERTEX_POINT ( 'NONE', #5264 ) ;
#2292 = ORIENTED_EDGE ( 'NONE', *, *, #1009, .T. ) ;
#2293 = ORIENTED_EDGE ( 'NONE', *, *, #3367, .T. ) ;
#2294 = EDGE_CURVE ( 'NONE', #1764, #3647, #3291, .T. ) ;
#2295 = DIRECTION ( 'NONE',  ( 0.000000000000000000, 0.000000000000000000, -1.000000000000000000 ) ) ;
#2296 = CYLINDRICAL_SURFACE ( 'NONE', #3151, 37.49900000000000233 ) ;
#2297 = FACE_OUTER_BOUND ( 'NONE', #3599, .T. ) ;
#2298 = AXIS2_PLACEMENT_3D ( 'NONE', #1343, #4288, #3794 ) ;
#2299 = FACE_OUTER_BOUND ( 'NONE', #6064, .T. ) ;
#2300 = AXIS2_PLACEMENT_3D ( 'NONE', #6379, #2389, #3309 ) ;
#2301 = CARTESIAN_POINT ( 'NONE',  ( 7.000000000000000888, 37.22597642581157373, -5.202137450156527620 ) ) ;
#2302 = DESIGN_CONTEXT ( 'detailed design', #1272, 'design' ) ;
#2303 = EDGE_LOOP ( 'NONE', ( #5276, #936, #687, #1015 ) ) ;
#2304 = AXIS2_PLACEMENT_3D ( 'NONE', #2643, #2178, #3171 ) ;
#2305 = VECTOR ( 'NONE', #4110, 1000.000000000000000 ) ;
#2306 = DIRECTION ( 'NONE',  ( 0.000000000000000000, 0.8090169943749445647, 0.5877852522924770229 ) ) ;
#2307 = FACE_OUTER_BOUND ( 'NONE', #1422, .T. ) ;
#2308 = DIRECTION ( 'NONE',  ( -1.000000000000000000, 0.000000000000000000, 0.000000000000000000 ) ) ;
#2309 = DIRECTION ( 'NONE',  ( 0.000000000000000000, 0.4539904997395477482, -0.8910065241883673437 ) ) ;
#2310 = AXIS2_PLACEMENT_3D ( 'NONE', #4208, #5197, #4245 ) ;
#2311 = ADVANCED_FACE ( 'NONE', ( #768 ), #6323, .T. ) ;
#2313 = ORIENTED_EDGE ( 'NONE', *, *, #5117, .T. ) ;
#2312 = ORIENTED_EDGE ( 'NONE', *, *, #2914, .T. ) ;
#2314 = AXIS2_PLACEMENT_3D ( 'NONE', #2810, #4330, #6346 ) ;
#2315 = SECURITY_CLASSIFICATION ( '', '', #2518 ) ;
#2316 = CYLINDRICAL_SURFACE ( 'NONE', #4500, 42.00000000000000000 ) ;
#2317 = DIRECTION ( 'NONE',  ( 0.000000000000000000, 0.000000000000000000, -1.000000000000000000 ) ) ;
#2318 = CIRCLE ( 'NONE', #5359, 3.000000000000000444 ) ;
#2319 = EDGE_CURVE ( 'NONE', #5924, #1368, #3908, .T. ) ;
#2321 = ORIENTED_EDGE ( 'NONE', *, *, #4964, .T. ) ;
#2320 = ORIENTED_EDGE ( 'NONE', *, *, #5292, .F. ) ;
#2322 = FACE_OUTER_BOUND ( 'NONE', #2913, .T. ) ;
#2323 = AXIS2_PLACEMENT_3D ( 'NONE', #89, #2021, #20 ) ;
#2324 = DIRECTION ( 'NONE',  ( 0.000000000000000000, 0.000000000000000000, -1.000000000000000000 ) ) ;
#2325 = CARTESIAN_POINT ( 'NONE',  ( 0.000000000000000000, 0.000000000000000000, 37.49900000000000233 ) ) ;
#2326 = AXIS2_PLACEMENT_3D ( 'NONE', #2301, #3228, #3199 ) ;
#2327 = ADVANCED_FACE ( 'NONE', ( #4736 ), #2764, .T. ) ;
#2328 = CARTESIAN_POINT ( 'NONE',  ( -3.684427414488521180, 9.711643905863470039, -2.384317152408087725 ) ) ;
#2329 = VERTEX_POINT ( 'NONE', #5833 ) ;
#2330 = ORIENTED_EDGE ( 'NONE', *, *, #2287, .T. ) ;
#2331 = EDGE_LOOP ( 'NONE', ( #599, #5951, #6461, #1161 ) ) ;
#2332 = CARTESIAN_POINT ( 'NONE',  ( 0.000000000000000000, 39.04073710021344112, 15.48615015657597205 ) ) ;
#2333 = AXIS2_PLACEMENT_3D ( 'NONE', #1903, #3914, #5931 ) ;
#2334 = VECTOR ( 'NONE', #2045, 1000.000000000000000 ) ;
#2335 =( LENGTH_UNIT ( ) NAMED_UNIT ( * ) SI_UNIT ( .MILLI., .METRE. ) );
#2336 = CARTESIAN_POINT ( 'NONE',  ( 3.500000000000001332, -41.91543099594819921, 2.663952781846005369 ) ) ;
#2337 = FACE_OUTER_BOUND ( 'NONE', #2645, .T. ) ;
#2338 = EDGE_CURVE ( 'NONE', #701, #4943, #873, .T. ) ;
#2339 = LINE ( 'NONE', #5834, #1395 ) ;
#2340 = CIRCLE ( 'NONE', #669, 16.00000000000000355 ) ;
#2341 = VERTEX_POINT ( 'NONE', #1870 ) ;
#2342 = VECTOR ( 'NONE', #1488, 1000.000000000000000 ) ;
#2343 = ORIENTED_EDGE ( 'NONE', *, *, #4202, .T. ) ;
#2344 = CARTESIAN_POINT ( 'NONE',  ( -3.898314820154701543, 1.800000000000002487, 2.399999999999999467 ) ) ;
#2345 = CYLINDRICAL_SURFACE ( 'NONE', #109, 3.000000000000000444 ) ;
#2346 = LINE ( 'NONE', #1940, #2664 ) ;
#2347 = CIRCLE ( 'NONE', #6119, 42.00000000000000000 ) ;
#2348 = VECTOR ( 'NONE', #4565, 1000.000000000000000 ) ;
#2349 = LINE ( 'NONE', #3923, #2053 ) ;
#2351 = ORIENTED_EDGE ( 'NONE', *, *, #1892, .F. ) ;
#2350 = ORIENTED_EDGE ( 'NONE', *, *, #6114, .F. ) ;
#2352 = AXIS2_PLACEMENT_3D ( 'NONE', #2569, #996, #4013 ) ;
#2353 = PRODUCT_DEFINITION ( 'UNKNOWN', '', #3037, #2302 ) ;
#2354 = CYLINDRICAL_SURFACE ( 'NONE', #3588, 16.00000000000000000 ) ;
#2355 = DIRECTION ( 'NONE',  ( -1.000000000000000000, 0.000000000000000000, -0.000000000000000000 ) ) ;
#2356 = CARTESIAN_POINT ( 'NONE',  ( 0.000000000000000000, 25.88420570971400991, 27.13269053701105449 ) ) ;
#2358 = ORIENTED_EDGE ( 'NONE', *, *, #3255, .F. ) ;
#2357 = ORIENTED_EDGE ( 'NONE', *, *, #4887, .T. ) ;
#2359 = LINE ( 'NONE', #3863, #1176 ) ;
#2360 = LINE ( 'NONE', #2288, #5242 ) ;
#2361 = ADVANCED_FACE ( 'NONE', ( #2337 ), #428, .T. ) ;
#2362 = EDGE_CURVE ( 'NONE', #3415, #4414, #553, .T. ) ;
#2363 = LINE ( 'NONE', #586, #3073 ) ;
#2364 = CARTESIAN_POINT ( 'NONE',  ( 7.000000000000000888, 0.000000000000000000, 0.000000000000000000 ) ) ;
#2365 = ORIENTED_EDGE ( 'NONE', *, *, #5406, .F. ) ;
#2366 = ORIENTED_EDGE ( 'NONE', *, *, #2031, .F. ) ;
#2367 = DIRECTION ( 'NONE',  ( 0.000000000000000000, 0.8090169943749445647, 0.5877852522924771339 ) ) ;
#2368 = EDGE_CURVE ( 'NONE', #3808, #2024, #1704, .T. ) ;
#2369 = FACE_OUTER_BOUND ( 'NONE', #475, .T. ) ;
#2370 = CARTESIAN_POINT ( 'NONE',  ( 0.000000000000000000, -21.40280677340397730, 36.13751322684410638 ) ) ;
#2371 = CARTESIAN_POINT ( 'NONE',  ( 7.000000000000000888, 0.000000000000000000, 0.000000000000000000 ) ) ;
#2372 = EDGE_LOOP ( 'NONE', ( #5724, #3798 ) ) ;
#2373 = ORIENTED_EDGE ( 'NONE', *, *, #2125, .F. ) ;
#2374 = CARTESIAN_POINT ( 'NONE',  ( 0.000000000000000000, 0.000000000000000000, 0.000000000000000000 ) ) ;
#2375 = EDGE_CURVE ( 'NONE', #4090, #2611, #137, .T. ) ;
#2376 = DIRECTION ( 'NONE',  ( -1.000000000000000000, 0.000000000000000000, -0.000000000000000000 ) ) ;
#2377 = AXIS2_PLACEMENT_3D ( 'NONE', #2989, #5937, #5460 ) ;
#2378 = FACE_OUTER_BOUND ( 'NONE', #3394, .T. ) ;
#2379 = DIRECTION ( 'NONE',  ( 0.000000000000000000, 0.7071067811865487940, -0.7071067811865462405 ) ) ;
#2380 = AXIS2_PLACEMENT_3D ( 'NONE', #778, #3205, #5805 ) ;
#2382 = ORIENTED_EDGE ( 'NONE', *, *, #1760, .F. ) ;
#2381 = ORIENTED_EDGE ( 'NONE', *, *, #5744, .F. ) ;
#2383 = DIRECTION ( 'NONE',  ( 0.000000000000000000, 0.9876883405951372152, 0.1564344650402346160 ) ) ;
#2384 = EDGE_CURVE ( 'NONE', #2579, #2594, #449, .T. ) ;
#2385 = DIRECTION ( 'NONE',  ( 0.000000000000000000, 0.000000000000000000, 1.000000000000000000 ) ) ;
#2386 = CARTESIAN_POINT ( 'NONE',  ( 7.000000000000000888, 0.000000000000000000, 0.000000000000000000 ) ) ;
#2388 = ORIENTED_EDGE ( 'NONE', *, *, #3310, .F. ) ;
#2387 = ORIENTED_EDGE ( 'NONE', *, *, #2554, .F. ) ;
#2389 = DIRECTION ( 'NONE',  ( -1.000000000000000000, -0.000000000000000000, -0.000000000000000000 ) ) ;
#2390 = DIRECTION ( 'NONE',  ( 1.000000000000000000, -0.000000000000000000, -0.000000000000000000 ) ) ;
#2391 = CARTESIAN_POINT ( 'NONE',  ( 7.000000000000000888, 0.000000000000000000, 0.000000000000000000 ) ) ;
#2392 = ADVANCED_FACE ( 'NONE', ( #1961 ), #4402, .T. ) ;
#2393 = ORIENTED_EDGE ( 'NONE', *, *, #1403, .F. ) ;
#2394 = ORIENTED_EDGE ( 'NONE', *, *, #5529, .F. ) ;
#2395 = DIRECTION ( 'NONE',  ( 0.000000000000000000, -0.5877852522924624790, -0.8090169943749553338 ) ) ;
#2396 = DIRECTION ( 'NONE',  ( -1.000000000000000000, 0.000000000000000000, 0.000000000000000000 ) ) ;
#2397 = DIRECTION ( 'NONE',  ( -1.000000000000000000, 0.000000000000000000, 0.000000000000000000 ) ) ;
#2398 = CARTESIAN_POINT ( 'NONE',  ( 7.000000000000000888, -0.8828120875903202602, 37.48860685352291000 ) ) ;
#2399 = ORIENTED_EDGE ( 'NONE', *, *, #3201, .F. ) ;
#2400 = ORIENTED_EDGE ( 'NONE', *, *, #1970, .T. ) ;
#2401 = CARTESIAN_POINT ( 'NONE',  ( 3.500000000000001332, 9.188173127307901922, -40.98264845739739570 ) ) ;
#2402 = CYLINDRICAL_SURFACE ( 'NONE', #315, 2.399999999999999023 ) ;
#2403 = CARTESIAN_POINT ( 'NONE',  ( -5.944915833877669975, 2.649999999999999467, 1.406236111042524106 ) ) ;
#2404 = CARTESIAN_POINT ( 'NONE',  ( 7.000000000000000888, -6.736453364083292428, -36.88895765772640800 ) ) ;
#2405 = EDGE_CURVE ( 'NONE', #6326, #161, #770, .T. ) ;
#2406 = AXIS2_PLACEMENT_3D ( 'NONE', #4512, #4881, #411 ) ;
#2407 = VECTOR ( 'NONE', #4885, 1000.000000000000000 ) ;
#2409 = ORIENTED_EDGE ( 'NONE', *, *, #5471, .F. ) ;
#2408 = VERTEX_POINT ( 'NONE', #5930 ) ;
#2410 = FACE_OUTER_BOUND ( 'NONE', #4079, .T. ) ;
#2411 = CARTESIAN_POINT ( 'NONE',  ( 0.000000000000000000, 0.000000000000000000, 0.000000000000000000 ) ) ;
#2412 = AXIS2_PLACEMENT_3D ( 'NONE', #6366, #3485, #5363 ) ;
#2413 = DIRECTION ( 'NONE',  ( -1.000000000000000000, 0.000000000000000000, -0.000000000000000000 ) ) ;
#2414 = EDGE_CURVE ( 'NONE', #1573, #5076, #397, .T. ) ;
#2416 = ORIENTED_EDGE ( 'NONE', *, *, #6519, .F. ) ;
#2415 = ORIENTED_EDGE ( 'NONE', *, *, #6153, .T. ) ;
#2417 = CC_DESIGN_APPROVAL ( #6337, ( #3037 ) ) ;
#2418 = CIRCLE ( 'NONE', #3466, 37.49900000000001654 ) ;
#2419 = DIRECTION ( 'NONE',  ( -1.000000000000000000, -0.000000000000000000, 0.000000000000000000 ) ) ;
#2420 = DIRECTION ( 'NONE',  ( 0.000000000000000000, 0.000000000000000000, 1.000000000000000000 ) ) ;
#2421 = VECTOR ( 'NONE', #1407, 1000.000000000000000 ) ;
#2422 = ORIENTED_EDGE ( 'NONE', *, *, #99, .T. ) ;
#2423 = EDGE_LOOP ( 'NONE', ( #2321, #1583, #3330, #5509 ) ) ;
#2424 = DIRECTION ( 'NONE',  ( -1.000000000000000000, 0.000000000000000000, 0.000000000000000000 ) ) ;
#2425 = CC_DESIGN_DATE_AND_TIME_ASSIGNMENT ( #1018, #1479, ( #5142 ) ) ;
#2426 = DIRECTION ( 'NONE',  ( 1.000000000000000000, 0.000000000000000000, 0.000000000000000000 ) ) ;
#2427 = DIRECTION ( 'NONE',  ( -1.000000000000000000, -0.000000000000000000, -0.000000000000000000 ) ) ;
#2428 = VECTOR ( 'NONE', #802, 1000.000000000000000 ) ;
#2429 = CARTESIAN_POINT ( 'NONE',  ( 0.000000000000000000, 0.000000000000000000, 0.000000000000000000 ) ) ;
#2430 = DIRECTION ( 'NONE',  ( 0.000000000000000000, 0.000000000000000000, -1.000000000000000000 ) ) ;
#2431 = EDGE_LOOP ( 'NONE', ( #5940, #267, #6473, #5275 ) ) ;
#2432 = VECTOR ( 'NONE', #3304, 1000.000000000000000 ) ;
#2433 = VERTEX_POINT ( 'NONE', #3845 ) ;
#2434 = AXIS2_PLACEMENT_3D ( 'NONE', #3312, #5755, #5318 ) ;
#2435 = AXIS2_PLACEMENT_3D ( 'NONE', #1109, #2604, #4119 ) ;
#2436 = LINE ( 'NONE', #5398, #5379 ) ;
#2437 = FACE_OUTER_BOUND ( 'NONE', #4233, .T. ) ;
#2438 = EDGE_CURVE ( 'NONE', #3336, #2483, #1606, .T. ) ;
#2439 = CARTESIAN_POINT ( 'NONE',  ( -5.944915833877669975, 2.649999999999999467, 1.406236111042524106 ) ) ;
#2440 = EDGE_CURVE ( 'NONE', #3576, #3952, #974, .T. ) ;
#2441 = DIRECTION ( 'NONE',  ( 0.000000000000000000, 0.9876883405951372152, 0.1564344650402347547 ) ) ;
#2442 = AXIS2_PLACEMENT_3D ( 'NONE', #4703, #2271, #1233 ) ;
#2443 = CIRCLE ( 'NONE', #452, 16.00000000000000000 ) ;
#2445 = ORIENTED_EDGE ( 'NONE', *, *, #1536, .F. ) ;
#2444 = ORIENTED_EDGE ( 'NONE', *, *, #6107, .T. ) ;
#2446 = CARTESIAN_POINT ( 'NONE',  ( -10.00000000000000000, 0.000000000000000000, 0.000000000000000000 ) ) ;
#2447 = CIRCLE ( 'NONE', #2128, 16.00000000000000000 ) ;
#2448 = AXIS2_PLACEMENT_3D ( 'NONE', #4920, #6319, #6386 ) ;
#2449 = EDGE_CURVE ( 'NONE', #3143, #3598, #1902, .T. ) ;
#2450 = CARTESIAN_POINT ( 'NONE',  ( 0.000000000000000000, -41.81611651403864727, 3.925862922256022181 ) ) ;
#2451 = CARTESIAN_POINT ( 'NONE',  ( 7.000000000000000888, 35.38097989696528600, -12.42422080174602605 ) ) ;
#2452 = CIRCLE ( 'NONE', #5072, 42.00000000000000000 ) ;
#2454 = ORIENTED_EDGE ( 'NONE', *, *, #2069, .F. ) ;
#2453 = ORIENTED_EDGE ( 'NONE', *, *, #1495, .F. ) ;
#2455 = EDGE_CURVE ( 'NONE', #161, #5717, #3913, .T. ) ;
#2456 = CARTESIAN_POINT ( 'NONE',  ( -6.384645036016557640, 9.996269543018163617, -0.3136564734638764285 ) ) ;
#2457 = CARTESIAN_POINT ( 'NONE',  ( -2.082144413303716135, 9.892987367933216092, -1.476107793748375085 ) ) ;
#2458 = ORIENTED_EDGE ( 'NONE', *, *, #83, .F. ) ;
#2459 = ORIENTED_EDGE ( 'NONE', *, *, #5804, .F. ) ;
#2460 = DIRECTION ( 'NONE',  ( 0.000000000000000000, 0.3090169943749411230, 0.9510565162951555296 ) ) ;
#2461 = EDGE_CURVE ( 'NONE', #3714, #729, #4121, .T. ) ;
#2462 = DIRECTION ( 'NONE',  ( 1.000000000000000000, 0.000000000000000000, 0.000000000000000000 ) ) ;
#2463 = DIRECTION ( 'NONE',  ( -1.000000000000000000, 0.000000000000000000, 0.000000000000000000 ) ) ;
#2464 = DIRECTION ( 'NONE',  ( -1.000000000000000000, 0.000000000000000000, 0.000000000000000000 ) ) ;
#2465 = CARTESIAN_POINT ( 'NONE',  ( 0.000000000000000000, 40.98264845739762308, -9.188173127306864529 ) ) ;
#2466 = AXIS2_PLACEMENT_3D ( 'NONE', #6059, #2070, #5994 ) ;
#2467 = ORIENTED_EDGE ( 'NONE', *, *, #4685, .F. ) ;
#2468 = CARTESIAN_POINT ( 'NONE',  ( 3.500000000000000444, -39.04073710021332744, -15.48615015657624738 ) ) ;
#2469 = CARTESIAN_POINT ( 'NONE',  ( 7.000000000000000888, 36.88895765772642932, -6.736453364083163642 ) ) ;
#2470 = CARTESIAN_POINT ( 'NONE',  ( 0.000000000000000000, 40.68715046381944234, -10.41901085202036015 ) ) ;
#2471 = CARTESIAN_POINT ( 'NONE',  ( 7.000000000000000888, -37.22597642581153110, 10.79786254984320237 ) ) ;
#2473 = ORIENTED_EDGE ( 'NONE', *, *, #1439, .F. ) ;
#2472 = ORIENTED_EDGE ( 'NONE', *, *, #6414, .T. ) ;
#2474 = EDGE_CURVE ( 'NONE', #6317, #6487, #4643, .T. ) ;
#2475 = CARTESIAN_POINT ( 'NONE',  ( 0.000000000000000000, 21.40280677340421889, -36.13751322684397138 ) ) ;
#2476 = DIRECTION ( 'NONE',  ( 0.000000000000000000, 0.000000000000000000, 1.000000000000000000 ) ) ;
#2478 = EDGE_LOOP ( 'NONE', ( #5488, #4548, #185, #5980 ) ) ;
#2477 = ORIENTED_EDGE ( 'NONE', *, *, #1112, .T. ) ;
#2479 = CARTESIAN_POINT ( 'NONE',  ( -5.477801412794085500, 9.817163759394361477, -1.916590007456824729 ) ) ;
#2480 = DIRECTION ( 'NONE',  ( -1.000000000000000000, 0.000000000000000000, 0.000000000000000000 ) ) ;
#2481 = ORIENTED_EDGE ( 'NONE', *, *, #243, .T. ) ;
#2482 = EDGE_CURVE ( 'NONE', #2408, #1415, #2892, .T. ) ;
#2483 = VERTEX_POINT ( 'NONE', #2370 ) ;
#2484 = CARTESIAN_POINT ( 'NONE',  ( 7.000000000000000888, 0.000000000000000000, 0.000000000000000000 ) ) ;
#2485 = COORDINATED_UNIVERSAL_TIME_OFFSET ( 7, 0, .AHEAD. ) ;
#2486 = CARTESIAN_POINT ( 'NONE',  ( 0.000000000000000000, 12.42422080174688404, -35.38097989696498047 ) ) ;
#2487 = CARTESIAN_POINT ( 'NONE',  ( 7.000000000000000000, 0.000000000000000000, 0.000000000000000000 ) ) ;
#2488 = DIRECTION ( 'NONE',  ( 0.000000000000000000, -0.8090169943749403458, -0.5877852522924830181 ) ) ;
#2489 = EDGE_LOOP ( 'NONE', ( #4612, #5080 ) ) ;
#2490 = VERTEX_POINT ( 'NONE', #5956 ) ;
#2491 = DIRECTION ( 'NONE',  ( 1.000000000000000000, 0.000000000000000000, 0.000000000000000000 ) ) ;
#2492 = DIRECTION ( 'NONE',  ( -1.000000000000000000, 0.000000000000000000, 0.000000000000000000 ) ) ;
#2493 = CARTESIAN_POINT ( 'NONE',  ( 3.500000000000001332, -3.925862922256460941, 41.81611651403860463 ) ) ;
#2494 = DIRECTION ( 'NONE',  ( -1.000000000000000000, 0.000000000000000000, 0.000000000000000000 ) ) ;
#2495 = ORIENTED_EDGE ( 'NONE', *, *, #4843, .T. ) ;
#2497 = ORIENTED_EDGE ( 'NONE', *, *, #2690, .F. ) ;
#2496 = ORIENTED_EDGE ( 'NONE', *, *, #1421, .T. ) ;
#2498 = DIRECTION ( 'NONE',  ( -1.000000000000000000, -0.000000000000000000, -0.000000000000000000 ) ) ;
#2499 = DIRECTION ( 'NONE',  ( 0.000000000000000000, 0.4539904997395414754, 0.8910065241883706744 ) ) ;
#2500 = EDGE_CURVE ( 'NONE', #4573, #6443, #1190, .T. ) ;
#2501 = DIRECTION ( 'NONE',  ( 0.000000000000000000, 0.000000000000000000, 1.000000000000000000 ) ) ;
#2502 = CYLINDRICAL_SURFACE ( 'NONE', #3355, 16.00000000000000000 ) ;
#2503 = EDGE_CURVE ( 'NONE', #876, #4141, #4851, .T. ) ;
#2504 = VECTOR ( 'NONE', #2519, 1000.000000000000000 ) ;
#2505 = VECTOR ( 'NONE', #4252, 1000.000000000000000 ) ;
#2507 = EDGE_LOOP ( 'NONE', ( #4563, #2572, #2684, #2635 ) ) ;
#2506 = ORIENTED_EDGE ( 'NONE', *, *, #5949, .F. ) ;
#2508 = AXIS2_PLACEMENT_3D ( 'NONE', #685, #5668, #1177 ) ;
#2509 = CIRCLE ( 'NONE', #2093, 42.00000000000000000 ) ;
#2510 = EDGE_CURVE ( 'NONE', #1181, #2064, #5699, .T. ) ;
#2511 = CARTESIAN_POINT ( 'NONE',  ( 3.500000000000000444, -26.79245525562691199, -32.34446384430000165 ) ) ;
#2512 = DIRECTION ( 'NONE',  ( 0.000000000000000000, 0.000000000000000000, 1.000000000000000000 ) ) ;
#2513 = CIRCLE ( 'NONE', #1058, 37.49900000000000233 ) ;
#2514 = ORIENTED_EDGE ( 'NONE', *, *, #995, .F. ) ;
#2515 = ORIENTED_EDGE ( 'NONE', *, *, #4804, .T. ) ;
#2516 = CARTESIAN_POINT ( 'NONE',  ( 7.000000000000000888, -22.74946021919153694, 29.81001611431000597 ) ) ;
#2517 = CIRCLE ( 'NONE', #6207, 37.49900000000000233 ) ;
#2518 = SECURITY_CLASSIFICATION_LEVEL ( 'unclassified' ) ;
#2519 = DIRECTION ( 'NONE',  ( -1.000000000000000000, 0.000000000000000000, 0.000000000000000000 ) ) ;
#2520 = ADVANCED_FACE ( 'NONE', ( #564 ), #5116, .T. ) ;
#2521 = DIRECTION ( 'NONE',  ( 0.000000000000000000, 0.000000000000000000, 1.000000000000000000 ) ) ;
#2522 = DIRECTION ( 'NONE',  ( -1.000000000000000000, -0.000000000000000000, -0.000000000000000000 ) ) ;
#2523 = EDGE_LOOP ( 'NONE', ( #5772, #378, #5099, #5403 ) ) ;
#2524 = CARTESIAN_POINT ( 'NONE',  ( 7.000000000000000888, 16.23288003029497162, 33.80338159004289622 ) ) ;
#2525 = VERTEX_POINT ( 'NONE', #4569 ) ;
#2526 = CARTESIAN_POINT ( 'NONE',  ( -5.433933014074640688, 2.298978998478649949, -1.933137702712159456 ) ) ;
#2527 = AXIS2_PLACEMENT_3D ( 'NONE', #4395, #1837, #457 ) ;
#2528 = CARTESIAN_POINT ( 'NONE',  ( 0.000000000000000000, -26.08949754953043865, 27.05870788708222108 ) ) ;
#2529 = CYLINDRICAL_SURFACE ( 'NONE', #2025, 16.00000000000000000 ) ;
#2530 = ADVANCED_FACE ( 'NONE', ( #491, #5485 ), #64, .F. ) ;
#2531 = CARTESIAN_POINT ( 'NONE',  ( -10.00000000000000000, 0.000000000000000000, 0.000000000000000000 ) ) ;
#2532 = VECTOR ( 'NONE', #3732, 1000.000000000000000 ) ;
#2533 = AXIS2_PLACEMENT_3D ( 'NONE', #1333, #1780, #707 ) ;
#2534 = EDGE_LOOP ( 'NONE', ( #329, #4089, #1880, #3248 ) ) ;
#2535 = AXIS2_PLACEMENT_3D ( 'NONE', #5561, #5636, #1630 ) ;
#2537 = ORIENTED_EDGE ( 'NONE', *, *, #6214, .T. ) ;
#2536 = ORIENTED_EDGE ( 'NONE', *, *, #251, .F. ) ;
#2538 = CYLINDRICAL_SURFACE ( 'NONE', #2852, 42.00000000000000000 ) ;
#2539 = CARTESIAN_POINT ( 'NONE',  ( 7.000000000000000888, -17.80606268964563554, 33.00180498840040855 ) ) ;
#2540 = AXIS2_PLACEMENT_3D ( 'NONE', #2591, #2029, #4493 ) ;
#2541 = AXIS2_PLACEMENT_3D ( 'NONE', #1255, #4239, #2162 ) ;
#2542 = CARTESIAN_POINT ( 'NONE',  ( 0.000000000000000000, -21.32104025579135964, 30.84782396557210760 ) ) ;
#2543 = CIRCLE ( 'NONE', #1816, 16.00000000000000000 ) ;
#2544 = DIRECTION ( 'NONE',  ( -1.000000000000000000, 0.000000000000000000, 0.000000000000000000 ) ) ;
#2546 = VERTEX_POINT ( 'NONE', #5088 ) ;
#2545 = ORIENTED_EDGE ( 'NONE', *, *, #2032, .F. ) ;
#2547 = AXIS2_PLACEMENT_3D ( 'NONE', #3342, #1836, #6350 ) ;
#2548 = CIRCLE ( 'NONE', #3186, 16.00000000000000000 ) ;
#2549 = AXIS2_PLACEMENT_3D ( 'NONE', #3623, #107, #5599 ) ;
#2550 = CIRCLE ( 'NONE', #5288, 16.00000000000000000 ) ;
#2551 = CARTESIAN_POINT ( 'NONE',  ( -4.159210353290840878, 9.707728879609284434, -2.399999999999998579 ) ) ;
#2552 = DIRECTION ( 'NONE',  ( -1.000000000000000000, -0.000000000000000000, -0.000000000000000000 ) ) ;
#2553 = ORIENTED_EDGE ( 'NONE', *, *, #2774, .T. ) ;
#2554 = EDGE_CURVE ( 'NONE', #4698, #433, #4325, .T. ) ;
#2555 = VERTEX_POINT ( 'NONE', #4601 ) ;
#2556 = EDGE_CURVE ( 'NONE', #3415, #5609, #1497, .T. ) ;
#2557 = CIRCLE ( 'NONE', #1827, 42.00000000000000000 ) ;
#2558 = DIRECTION ( 'NONE',  ( -1.000000000000000000, -0.000000000000000000, 0.000000000000000000 ) ) ;
#2559 = APPROVAL_ROLE ( '' ) ;
#2560 = LINE ( 'NONE', #6081, #2820 ) ;
#2561 = DIRECTION ( 'NONE',  ( 0.000000000000000000, 0.000000000000000000, 1.000000000000000000 ) ) ;
#2562 = DIRECTION ( 'NONE',  ( 0.000000000000000000, 0.000000000000000000, 1.000000000000000000 ) ) ;
#2563 = ORIENTED_EDGE ( 'NONE', *, *, #4028, .F. ) ;
#2564 = CARTESIAN_POINT ( 'NONE',  ( -8.000050800000000351, 0.000000000000000000, 0.000000000000000000 ) ) ;
#2565 = ORIENTED_EDGE ( 'NONE', *, *, #2994, .F. ) ;
#2566 = ADVANCED_FACE ( 'NONE', ( #4066 ), #6511, .T. ) ;
#2567 = DIRECTION ( 'NONE',  ( 0.000000000000000000, 0.000000000000000000, -1.000000000000000000 ) ) ;
#2568 = CARTESIAN_POINT ( 'NONE',  ( 0.000000000000000000, 0.000000000000000000, 0.000000000000000000 ) ) ;
#2569 = CARTESIAN_POINT ( 'NONE',  ( 7.000000000000000888, 30.00120703465236716, -22.64427369931138045 ) ) ;
#2570 = CARTESIAN_POINT ( 'NONE',  ( 7.000000000000000888, -27.75498641678720446, -31.52238457039628727 ) ) ;
#2571 = LINE ( 'NONE', #4113, #5387 ) ;
#2572 = ORIENTED_EDGE ( 'NONE', *, *, #3968, .F. ) ;
#2573 = VERTEX_POINT ( 'NONE', #4633 ) ;
#2574 = ADVANCED_FACE ( 'NONE', ( #4987 ), #6021, .T. ) ;
#2575 = DIRECTION ( 'NONE',  ( 0.000000000000000000, 0.000000000000000000, 1.000000000000000000 ) ) ;
#2576 = CARTESIAN_POINT ( 'NONE',  ( 0.000000000000000000, 0.000000000000000000, 0.000000000000000000 ) ) ;
#2577 = DIRECTION ( 'NONE',  ( -1.000000000000000000, 0.000000000000000000, 0.000000000000000000 ) ) ;
#2578 = DIRECTION ( 'NONE',  ( -1.000000000000000000, -0.000000000000000000, -0.000000000000000000 ) ) ;
#2580 = ORIENTED_EDGE ( 'NONE', *, *, #3320, .F. ) ;
#2579 = VERTEX_POINT ( 'NONE', #6122 ) ;
#2581 = EDGE_CURVE ( 'NONE', #22, #6336, #1614, .T. ) ;
#2582 = CIRCLE ( 'NONE', #5516, 16.00000000000000000 ) ;
#2583 = CARTESIAN_POINT ( 'NONE',  ( -5.064259613395047488, 9.764826981840197817, 2.156834217118334340 ) ) ;
#2584 = CARTESIAN_POINT ( 'NONE',  ( 7.000000000000000888, -22.74946021919153694, 29.81001611431000597 ) ) ;
#2585 = ORIENTED_EDGE ( 'NONE', *, *, #6153, .F. ) ;
#2586 = CIRCLE ( 'NONE', #2274, 37.49900000000000233 ) ;
#2587 = VERTEX_POINT ( 'NONE', #625 ) ;
#2588 = LINE ( 'NONE', #3007, #2348 ) ;
#2589 = PERSON_AND_ORGANIZATION ( #4357, #2203 ) ;
#2590 = DIRECTION ( 'NONE',  ( 0.000000000000000000, 0.1564344650402243742, 0.9876883405951387696 ) ) ;
#2591 = CARTESIAN_POINT ( 'NONE',  ( 7.000000000000000888, 0.000000000000000000, 0.000000000000000000 ) ) ;
#2592 = EDGE_CURVE ( 'NONE', #2713, #3797, #4037, .T. ) ;
#2593 = DIRECTION ( 'NONE',  ( -1.000000000000000000, -0.000000000000000000, -0.000000000000000000 ) ) ;
#2594 = VERTEX_POINT ( 'NONE', #2622 ) ;
#2595 = CARTESIAN_POINT ( 'NONE',  ( 7.000000000000000888, 0.000000000000000000, 0.000000000000000000 ) ) ;
#2596 = VERTEX_POINT ( 'NONE', #1516 ) ;
#2597 = CARTESIAN_POINT ( 'NONE',  ( 0.000000000000000000, -10.96151621346514560, 35.95386929396251929 ) ) ;
#2598 = CARTESIAN_POINT ( 'NONE',  ( 7.000000000000000888, 3.925862922256767806, -41.81611651403858332 ) ) ;
#2599 = CARTESIAN_POINT ( 'NONE',  ( 7.000000000000000888, 26.08949754953062694, -27.05870788708203278 ) ) ;
#2600 = LINE ( 'NONE', #5557, #5741 ) ;
#2601 = CARTESIAN_POINT ( 'NONE',  ( 0.000000000000000000, -17.80606268964563554, 33.00180498840040855 ) ) ;
#2602 = ORIENTED_EDGE ( 'NONE', *, *, #2833, .T. ) ;
#2603 = VERTEX_POINT ( 'NONE', #5054 ) ;
#2604 = DIRECTION ( 'NONE',  ( -1.000000000000000000, -0.000000000000000000, -0.000000000000000000 ) ) ;
#2605 = DIRECTION ( 'NONE',  ( 0.000000000000000000, -1.000000000000000000, -1.040834085586084257E-14 ) ) ;
#2606 = CARTESIAN_POINT ( 'NONE',  ( 7.000000000000000888, -21.32104025579091910, -30.84782396557241313 ) ) ;
#2607 = LINE ( 'NONE', #2677, #1014 ) ;
#2608 = EDGE_CURVE ( 'NONE', #230, #509, #2340, .T. ) ;
#2609 = VECTOR ( 'NONE', #5929, 1000.000000000000000 ) ;
#2611 = VERTEX_POINT ( 'NONE', #3613 ) ;
#2610 = VERTEX_POINT ( 'NONE', #1545 ) ;
#2612 = CIRCLE ( 'NONE', #1783, 37.49900000000000944 ) ;
#2613 = ADVANCED_FACE ( 'NONE', ( #2130 ), #3539, .T. ) ;
#2614 = CARTESIAN_POINT ( 'NONE',  ( 0.000000000000000000, 29.81001611431009479, 22.74946021919143391 ) ) ;
#2615 = CARTESIAN_POINT ( 'NONE',  ( 3.500000000000000444, 27.75498641678742118, 31.52238457039609187 ) ) ;
#2616 = ORIENTED_EDGE ( 'NONE', *, *, #3552, .F. ) ;
#2617 = AXIS2_PLACEMENT_3D ( 'NONE', #647, #1037, #82 ) ;
#2618 = VERTEX_POINT ( 'NONE', #3508 ) ;
#2619 = CARTESIAN_POINT ( 'NONE',  ( 7.000000000000000888, 31.52238457039600306, 27.75498641678753486 ) ) ;
#2620 = COORDINATED_UNIVERSAL_TIME_OFFSET ( 7, 0, .AHEAD. ) ;
#2621 = CARTESIAN_POINT ( 'NONE',  ( 7.000000000000000888, -29.81001611431024756, 22.74946021919122785 ) ) ;
#2622 = CARTESIAN_POINT ( 'NONE',  ( 0.000000000000000000, -12.42422080174614862, -35.38097989696524337 ) ) ;
#2623 = CIRCLE ( 'NONE', #641, 42.00000000000000000 ) ;
#2624 = CARTESIAN_POINT ( 'NONE',  ( 7.000000000000000888, 10.96151621346540317, -35.95386929396244113 ) ) ;
#2625 = VERTEX_POINT ( 'NONE', #5514 ) ;
#2626 = CARTESIAN_POINT ( 'NONE',  ( 7.000000000000000888, -16.45098606841149902, 33.79645857604507597 ) ) ;
#2627 = CC_DESIGN_DATE_AND_TIME_ASSIGNMENT ( #1048, #4567, ( #2315 ) ) ;
#2628 = ORIENTED_EDGE ( 'NONE', *, *, #997, .T. ) ;
#2629 = DIRECTION ( 'NONE',  ( -1.000000000000000000, 0.000000000000000000, 0.000000000000000000 ) ) ;
#2630 = CARTESIAN_POINT ( 'NONE',  ( 0.000000000000000000, -26.79245525562691199, -32.34446384430000165 ) ) ;
#2631 = CARTESIAN_POINT ( 'NONE',  ( 7.000000000000000888, -35.53030884539093393, 12.26510123303246580 ) ) ;
#2632 = LINE ( 'NONE', #3583, #3738 ) ;
#2633 = CIRCLE ( 'NONE', #331, 3.000000000000000444 ) ;
#2634 = DIRECTION ( 'NONE',  ( -1.000000000000000000, 0.000000000000000000, -0.000000000000000000 ) ) ;
#2635 = ORIENTED_EDGE ( 'NONE', *, *, #5643, .T. ) ;
#2636 = EDGE_LOOP ( 'NONE', ( #5973, #5417, #5710, #4845 ) ) ;
#2637 = AXIS2_PLACEMENT_3D ( 'NONE', #3663, #4193, #159 ) ;
#2638 = EDGE_CURVE ( 'NONE', #3241, #679, #1020, .T. ) ;
#2639 = FACE_OUTER_BOUND ( 'NONE', #4027, .T. ) ;
#2640 = EDGE_CURVE ( 'NONE', #1360, #558, #349, .T. ) ;
#2641 = LINE ( 'NONE', #3024, #628 ) ;
#2642 = CARTESIAN_POINT ( 'NONE',  ( 7.000000000000000888, 0.000000000000000000, 0.000000000000000000 ) ) ;
#2643 = CARTESIAN_POINT ( 'NONE',  ( 7.000000000000000888, 0.000000000000000000, 0.000000000000000000 ) ) ;
#2644 = VECTOR ( 'NONE', #4941, 1000.000000000000000 ) ;
#2646 = VERTEX_POINT ( 'NONE', #5585 ) ;
#2645 = EDGE_LOOP ( 'NONE', ( #5791, #2616, #2293, #3022 ) ) ;
#2647 = AXIS2_PLACEMENT_3D ( 'NONE', #1358, #5357, #862 ) ;
#2648 = EDGE_CURVE ( 'NONE', #3983, #6271, #249, .T. ) ;
#2649 = AXIS2_PLACEMENT_3D ( 'NONE', #4182, #5302, #277 ) ;
#2650 = DIRECTION ( 'NONE',  ( 0.000000000000000000, 0.000000000000000000, 1.000000000000000000 ) ) ;
#2651 = AXIS2_PLACEMENT_3D ( 'NONE', #989, #3044, #2521 ) ;
#2652 = CARTESIAN_POINT ( 'NONE',  ( 0.000000000000000000, -17.67226234102849247, 33.17418723428301774 ) ) ;
#2653 = AXIS2_PLACEMENT_3D ( 'NONE', #832, #2827, #1131 ) ;
#2654 = EDGE_LOOP ( 'NONE', ( #5535, #5470, #4942, #620 ) ) ;
#2655 = VERTEX_POINT ( 'NONE', #264 ) ;
#2656 = EDGE_CURVE ( 'NONE', #4304, #3576, #978, .T. ) ;
#2657 = CARTESIAN_POINT ( 'NONE',  ( 7.000000000000000888, -26.79245525562691554, -32.34446384430000876 ) ) ;
#2658 = VECTOR ( 'NONE', #2390, 1000.000000000000000 ) ;
#2659 = CIRCLE ( 'NONE', #2760, 16.00000000000000000 ) ;
#2660 = DIRECTION ( 'NONE',  ( -1.000000000000000000, -0.000000000000000000, -0.000000000000000000 ) ) ;
#2661 = DIRECTION ( 'NONE',  ( 0.000000000000000000, 0.000000000000000000, -1.000000000000000000 ) ) ;
#2662 = CYLINDRICAL_SURFACE ( 'NONE', #4008, 42.00000000000000000 ) ;
#2663 = VERTEX_POINT ( 'NONE', #2289 ) ;
#2664 = VECTOR ( 'NONE', #404, 1000.000000000000000 ) ;
#2665 = ORIENTED_EDGE ( 'NONE', *, *, #5137, .T. ) ;
#2666 = ORIENTED_EDGE ( 'NONE', *, *, #6008, .T. ) ;
#2667 = ADVANCED_FACE ( 'NONE', ( #4792 ), #6215, .T. ) ;
#2668 = CARTESIAN_POINT ( 'NONE',  ( 3.500000000000000444, 31.52238457039637609, -27.75498641678709077 ) ) ;
#2669 = CARTESIAN_POINT ( 'NONE',  ( 7.000000000000000888, 4.992566952384984269, 37.16516213103279398 ) ) ;
#2670 = CARTESIAN_POINT ( 'NONE',  ( 0.000000000000000000, -4.992566952385247170, 37.16516213103275845 ) ) ;
#2671 = LINE ( 'NONE', #734, #2857 ) ;
#2672 = CYLINDRICAL_SURFACE ( 'NONE', #3053, 37.49900000000000233 ) ;
#2673 = VERTEX_POINT ( 'NONE', #2784 ) ;
#2674 = CARTESIAN_POINT ( 'NONE',  ( 3.500000000000000444, -27.75498641678720446, -31.52238457039629438 ) ) ;
#2675 = CARTESIAN_POINT ( 'NONE',  ( 0.000000000000000000, -0.8828120875903202602, 37.48860685352291000 ) ) ;
#2676 = DIRECTION ( 'NONE',  ( 0.000000000000000000, 0.000000000000000000, 1.000000000000000000 ) ) ;
#2677 = CARTESIAN_POINT ( 'NONE',  ( 7.000000000000000888, 29.81001611431009479, 22.74946021919143391 ) ) ;
#2678 = EDGE_CURVE ( 'NONE', #657, #1360, #3642, .T. ) ;
#2680 = ORIENTED_EDGE ( 'NONE', *, *, #4139, .T. ) ;
#2679 = ORIENTED_EDGE ( 'NONE', *, *, #6500, .T. ) ;
#2681 = CARTESIAN_POINT ( 'NONE',  ( 7.000000000000000888, 27.13269053701096922, 25.88420570971410228 ) ) ;
#2682 = EDGE_CURVE ( 'NONE', #4141, #1, #2189, .T. ) ;
#2683 = CARTESIAN_POINT ( 'NONE',  ( -10.00000000000000000, 0.000000000000000000, 0.000000000000000000 ) ) ;
#2684 = ORIENTED_EDGE ( 'NONE', *, *, #3329, .F. ) ;
#2685 = CARTESIAN_POINT ( 'NONE',  ( 0.000000000000000000, 33.80338159004307386, -16.23288003029461279 ) ) ;
#2686 = LINE ( 'NONE', #162, #2244 ) ;
#2687 = CIRCLE ( 'NONE', #3106, 37.49900000000000944 ) ;
#2688 = DATE_TIME_ROLE ( 'classification_date' ) ;
#2689 = FACE_OUTER_BOUND ( 'NONE', #6315, .T. ) ;
#2690 = EDGE_CURVE ( 'NONE', #3234, #5056, #1204, .T. ) ;
#2691 = DIRECTION ( 'NONE',  ( 0.000000000000000000, 0.000000000000000000, 1.000000000000000000 ) ) ;
#2692 = VECTOR ( 'NONE', #4710, 1000.000000000000000 ) ;
#2693 = ORIENTED_EDGE ( 'NONE', *, *, #3082, .T. ) ;
#2694 = ORIENTED_EDGE ( 'NONE', *, *, #1948, .T. ) ;
#2695 = VERTEX_POINT ( 'NONE', #5190 ) ;
#2696 = CYLINDRICAL_SURFACE ( 'NONE', #4540, 16.00000000000000000 ) ;
#2697 = DIRECTION ( 'NONE',  ( -1.000000000000000000, 0.000000000000000000, -0.000000000000000000 ) ) ;
#2698 = DIRECTION ( 'NONE',  ( -1.000000000000000000, -0.000000000000000000, -0.000000000000000000 ) ) ;
#2699 = CARTESIAN_POINT ( 'NONE',  ( 0.000000000000000000, -16.45098606841149902, 33.79645857604507597 ) ) ;
#2700 = LINE ( 'NONE', #4310, #5160 ) ;
#2701 = ORIENTED_EDGE ( 'NONE', *, *, #6357, .T. ) ;
#2702 = DIRECTION ( 'NONE',  ( -1.000000000000000000, 0.000000000000000000, 0.000000000000000000 ) ) ;
#2703 = CYLINDRICAL_SURFACE ( 'NONE', #3253, 42.00000000000000000 ) ;
#2704 = LINE ( 'NONE', #2772, #151 ) ;
#2705 = DIRECTION ( 'NONE',  ( 0.000000000000000000, 0.000000000000000000, 1.000000000000000000 ) ) ;
#2707 = ORIENTED_EDGE ( 'NONE', *, *, #4815, .T. ) ;
#2706 = ORIENTED_EDGE ( 'NONE', *, *, #167, .T. ) ;
#2708 = EDGE_CURVE ( 'NONE', #3447, #311, #791, .T. ) ;
#2709 = ADVANCED_FACE ( 'NONE', ( #1644 ), #756, .T. ) ;
#2710 = VECTOR ( 'NONE', #2890, 1000.000000000000000 ) ;
#2711 = DIRECTION ( 'NONE',  ( 0.000000000000000000, 0.8090169943749445647, 0.5877852522924770229 ) ) ;
#2712 = FACE_OUTER_BOUND ( 'NONE', #5367, .T. ) ;
#2713 = VERTEX_POINT ( 'NONE', #3150 ) ;
#2714 = ORIENTED_EDGE ( 'NONE', *, *, #4609, .T. ) ;
#2715 = DIRECTION ( 'NONE',  ( 0.000000000000000000, 0.000000000000000000, 1.000000000000000000 ) ) ;
#2716 = ADVANCED_FACE ( 'NONE', ( #1253 ), #2718, .F. ) ;
#2717 = EDGE_CURVE ( 'NONE', #2902, #3783, #777, .T. ) ;
#2718 = CYLINDRICAL_SURFACE ( 'NONE', #27, 3.000000000000000444 ) ;
#2719 = CARTESIAN_POINT ( 'NONE',  ( 0.000000000000000000, 30.80686688397009831, 21.53537804866092387 ) ) ;
#2720 = CIRCLE ( 'NONE', #6089, 16.00000000000000000 ) ;
#2721 = ORIENTED_EDGE ( 'NONE', *, *, #1429, .F. ) ;
#2722 = ORIENTED_EDGE ( 'NONE', *, *, #4159, .T. ) ;
#2723 = EDGE_LOOP ( 'NONE', ( #5077, #4165, #815, #1214 ) ) ;
#2724 = DIRECTION ( 'NONE',  ( 1.000000000000000000, -0.000000000000000000, 0.000000000000000000 ) ) ;
#2725 = EDGE_CURVE ( 'NONE', #3051, #3457, #879, .T. ) ;
#2726 = CARTESIAN_POINT ( 'NONE',  ( 0.000000000000000000, -37.48860685352290290, -0.8828120875904512665 ) ) ;
#2727 = DIRECTION ( 'NONE',  ( -1.000000000000000000, -0.000000000000000000, 0.000000000000000000 ) ) ;
#2728 = DIRECTION ( 'NONE',  ( -1.000000000000000000, 0.000000000000000000, 0.000000000000000000 ) ) ;
#2729 = LINE ( 'NONE', #240, #6006 ) ;
#2730 = AXIS2_PLACEMENT_3D ( 'NONE', #2792, #204, #6259 ) ;
#2731 = ORIENTED_EDGE ( 'NONE', *, *, #3221, .T. ) ;
#2732 = CYLINDRICAL_SURFACE ( 'NONE', #4332, 16.00000000000000000 ) ;
#2733 = EDGE_CURVE ( 'NONE', #1832, #2948, #3702, .T. ) ;
#2734 = CARTESIAN_POINT ( 'NONE',  ( 7.000000000000000888, 16.23288003029497162, 33.80338159004289622 ) ) ;
#2735 = LINE ( 'NONE', #3169, #225 ) ;
#2736 = DIRECTION ( 'NONE',  ( -1.000000000000000000, 0.000000000000000000, -0.000000000000000000 ) ) ;
#2737 = VECTOR ( 'NONE', #6502, 1000.000000000000000 ) ;
#2739 = ORIENTED_EDGE ( 'NONE', *, *, #1846, .F. ) ;
#2738 = ORIENTED_EDGE ( 'NONE', *, *, #5765, .T. ) ;
#2740 = AXIS2_PLACEMENT_3D ( 'NONE', #4053, #5563, #1072 ) ;
#2741 = EDGE_CURVE ( 'NONE', #2655, #6105, #145, .T. ) ;
#2742 = AXIS2_PLACEMENT_3D ( 'NONE', #466, #3478, #2430 ) ;
#2743 = CARTESIAN_POINT ( 'NONE',  ( 7.000000000000000888, -21.32104025579091910, -30.84782396557241313 ) ) ;
#2744 = CYLINDRICAL_SURFACE ( 'NONE', #3687, 16.00000000000000000 ) ;
#2745 = AXIS2_PLACEMENT_3D ( 'NONE', #1829, #5944, #2807 ) ;
#2746 = AXIS2_PLACEMENT_3D ( 'NONE', #3281, #4765, #1323 ) ;
#2748 = ORIENTED_EDGE ( 'NONE', *, *, #6072, .F. ) ;
#2747 = CARTESIAN_POINT ( 'NONE',  ( 0.000000000000000000, -17.80606268964516659, -33.00180498840066434 ) ) ;
#2749 = FACE_OUTER_BOUND ( 'NONE', #3174, .T. ) ;
#2750 = CARTESIAN_POINT ( 'NONE',  ( 7.000000000000000888, -35.95386929396247666, -10.96151621346525928 ) ) ;
#2751 = AXIS2_PLACEMENT_3D ( 'NONE', #239, #4275, #4800 ) ;
#2752 = CIRCLE ( 'NONE', #6444, 16.00000000000000000 ) ;
#2753 = DIRECTION ( 'NONE',  ( 0.000000000000000000, 0.3090169943749482839, -0.9510565162951533091 ) ) ;
#2754 = DIRECTION ( 'NONE',  ( 0.000000000000000000, 0.000000000000000000, -1.000000000000000000 ) ) ;
#2755 = EDGE_CURVE ( 'NONE', #6487, #1031, #4546, .T. ) ;
#2756 = ORIENTED_EDGE ( 'NONE', *, *, #4631, .F. ) ;
#2757 = ORIENTED_EDGE ( 'NONE', *, *, #4669, .F. ) ;
#2758 = EDGE_LOOP ( 'NONE', ( #5009, #2497, #5351, #2105 ) ) ;
#2759 = AXIS2_PLACEMENT_3D ( 'NONE', #226, #5252, #2753 ) ;
#2760 = AXIS2_PLACEMENT_3D ( 'NONE', #1163, #4672, #424 ) ;
#2761 = CARTESIAN_POINT ( 'NONE',  ( 7.000000000000000888, -6.555932627142140312, -37.01155633439065440 ) ) ;
#2762 = FACE_OUTER_BOUND ( 'NONE', #4564, .T. ) ;
#2763 = CARTESIAN_POINT ( 'NONE',  ( 0.000000000000000000, -2.663952781846444129, 41.91543099594817789 ) ) ;
#2764 = CYLINDRICAL_SURFACE ( 'NONE', #2751, 42.00000000000000000 ) ;
#2765 = DIRECTION ( 'NONE',  ( -1.000000000000000000, -0.000000000000000000, -0.000000000000000000 ) ) ;
#2766 = AXIS2_PLACEMENT_3D ( 'NONE', #5543, #559, #1642 ) ;
#2767 = AXIS2_PLACEMENT_3D ( 'NONE', #5400, #3360, #3426 ) ;
#2768 = EDGE_CURVE ( 'NONE', #4645, #4782, #1408, .T. ) ;
#2769 = VERTEX_POINT ( 'NONE', #1670 ) ;
#2770 = DIRECTION ( 'NONE',  ( 0.000000000000000000, 0.000000000000000000, 1.000000000000000000 ) ) ;
#2771 = DIRECTION ( 'NONE',  ( 0.000000000000000000, 0.000000000000000000, 1.000000000000000000 ) ) ;
#2772 = CARTESIAN_POINT ( 'NONE',  ( 3.500000000000000444, 41.91543099594817789, -2.663952781846293139 ) ) ;
#2773 = LINE ( 'NONE', #3826, #2057 ) ;
#2774 = EDGE_CURVE ( 'NONE', #6015, #1887, #1193, .T. ) ;
#2776 = ORIENTED_EDGE ( 'NONE', *, *, #2708, .T. ) ;
#2775 = ORIENTED_EDGE ( 'NONE', *, *, #800, .F. ) ;
#2777 = DIRECTION ( 'NONE',  ( -1.000000000000000000, -0.000000000000000000, -0.000000000000000000 ) ) ;
#2778 = DIRECTION ( 'NONE',  ( 0.000000000000000000, 0.000000000000000000, 1.000000000000000000 ) ) ;
#2779 = ADVANCED_FACE ( 'NONE', ( #2689 ), #5722, .T. ) ;
#2781 = ORIENTED_EDGE ( 'NONE', *, *, #872, .F. ) ;
#2780 = ORIENTED_EDGE ( 'NONE', *, *, #4371, .F. ) ;
#2782 = ORIENTED_EDGE ( 'NONE', *, *, #3592, .T. ) ;
#2783 = CARTESIAN_POINT ( 'NONE',  ( 3.500000000000000444, -31.52238457039580766, -27.75498641678775158 ) ) ;
#2784 = CARTESIAN_POINT ( 'NONE',  ( 0.000000000000000000, -40.98264845739743123, -9.188173127307738497 ) ) ;
#2785 = DIRECTION ( 'NONE',  ( 0.000000000000000000, 0.000000000000000000, 1.000000000000000000 ) ) ;
#2786 = ORIENTED_EDGE ( 'NONE', *, *, #1970, .F. ) ;
#2787 = ADVANCED_BREP_SHAPE_REPRESENTATION ( '', ( #2249, #5355 ), #5890 ) ;
#2788 = ORIENTED_EDGE ( 'NONE', *, *, #5346, .F. ) ;
#2789 = VERTEX_POINT ( 'NONE', #6280 ) ;
#2790 = CARTESIAN_POINT ( 'NONE',  ( 0.000000000000000000, 26.08949754953062694, -27.05870788708203278 ) ) ;
#2791 = EDGE_CURVE ( 'NONE', #5953, #1896, #5489, .T. ) ;
#2792 = CARTESIAN_POINT ( 'NONE',  ( 0.000000000000000000, -17.67226234102800930, -33.17418723428326643 ) ) ;
#2793 = DIRECTION ( 'NONE',  ( -1.000000000000000000, -0.000000000000000000, -0.000000000000000000 ) ) ;
#2794 = EDGE_CURVE ( 'NONE', #85, #840, #1418, .T. ) ;
#2795 = DIRECTION ( 'NONE',  ( 0.000000000000000000, 0.000000000000000000, 1.000000000000000000 ) ) ;
#2796 = AXIS2_PLACEMENT_3D ( 'NONE', #438, #908, #5965 ) ;
#2797 = DIRECTION ( 'NONE',  ( -1.000000000000000000, 0.000000000000000000, 0.000000000000000000 ) ) ;
#2798 = EDGE_LOOP ( 'NONE', ( #4834, #2816, #4854, #983 ) ) ;
#2799 = DIRECTION ( 'NONE',  ( 0.000000000000000000, 0.000000000000000000, 1.000000000000000000 ) ) ;
#2800 = CARTESIAN_POINT ( 'NONE',  ( 3.500000000000000444, 41.91543099594817789, 2.663952781846293139 ) ) ;
#2801 = DIRECTION ( 'NONE',  ( 0.000000000000000000, 0.9876883405951382144, -0.1564344650402276493 ) ) ;
#2802 = CARTESIAN_POINT ( 'NONE',  ( -2.055185766122329838, 2.649999999999999911, 1.406236111042524106 ) ) ;
#2804 = VERTEX_POINT ( 'NONE', #4819 ) ;
#2803 = VERTEX_POINT ( 'NONE', #2325 ) ;
#2805 = ADVANCED_FACE ( 'NONE', ( #419 ), #4366, .T. ) ;
#2806 = CYLINDRICAL_SURFACE ( 'NONE', #2298, 16.00000000000000000 ) ;
#2807 = DIRECTION ( 'NONE',  ( 0.000000000000000000, -0.4539904997395540764, 0.8910065241883642351 ) ) ;
#2809 = VERTEX_POINT ( 'NONE', #6381 ) ;
#2808 = ORIENTED_EDGE ( 'NONE', *, *, #2640, .T. ) ;
#2810 = CARTESIAN_POINT ( 'NONE',  ( 7.000000000000000888, 0.000000000000000000, 0.000000000000000000 ) ) ;
#2811 = CARTESIAN_POINT ( 'NONE',  ( 0.000000000000000000, 35.53030884539101919, -12.26510123303221889 ) ) ;
#2812 = EDGE_CURVE ( 'NONE', #5038, #1581, #5317, .T. ) ;
#2813 = CARTESIAN_POINT ( 'NONE',  ( 7.000000000000000888, 16.23288003029543347, -33.80338159004267595 ) ) ;
#2814 = DIRECTION ( 'NONE',  ( -1.000000000000000000, 0.000000000000000000, 0.000000000000000000 ) ) ;
#2815 = ORIENTED_EDGE ( 'NONE', *, *, #3937, .F. ) ;
#2816 = ORIENTED_EDGE ( 'NONE', *, *, #2682, .F. ) ;
#2817 = EDGE_LOOP ( 'NONE', ( #2454, #999, #5896, #720 ) ) ;
#2818 = CARTESIAN_POINT ( 'NONE',  ( 7.000000000000000888, 35.53030884539101919, -12.26510123303221889 ) ) ;
#2819 = DIRECTION ( 'NONE',  ( 0.000000000000000000, 1.000000000000000000, 3.491481338843133750E-15 ) ) ;
#2820 = VECTOR ( 'NONE', #1577, 1000.000000000000000 ) ;
#2821 = DIRECTION ( 'NONE',  ( 0.000000000000000000, 0.000000000000000000, 1.000000000000000000 ) ) ;
#2822 = CYLINDRICAL_SURFACE ( 'NONE', #3172, 42.00000000000000000 ) ;
#2823 = CC_DESIGN_PERSON_AND_ORGANIZATION_ASSIGNMENT ( #1514, #3506, ( #2838 ) ) ;
#2824 = EDGE_LOOP ( 'NONE', ( #4391, #3504, #2757, #3458 ) ) ;
#2825 = EDGE_LOOP ( 'NONE', ( #584, #1533, #1502, #3715 ) ) ;
#2826 = AXIS2_PLACEMENT_3D ( 'NONE', #278, #5203, #1754 ) ;
#2827 = DIRECTION ( 'NONE',  ( -1.000000000000000000, 0.000000000000000000, -0.000000000000000000 ) ) ;
#2828 = CC_DESIGN_APPROVAL ( #302, ( #4833 ) ) ;
#2829 = CARTESIAN_POINT ( 'NONE',  ( -10.00000000000000000, 0.000000000000000000, 0.000000000000000000 ) ) ;
#2830 = CYLINDRICAL_SURFACE ( 'NONE', #2135, 37.49900000000000233 ) ;
#2831 = CARTESIAN_POINT ( 'NONE',  ( 7.000000000000000888, 6.555932627142414759, 37.01155633439060466 ) ) ;
#2832 = CIRCLE ( 'NONE', #5461, 37.49900000000000233 ) ;
#2833 = EDGE_CURVE ( 'NONE', #3104, #2695, #3412, .T. ) ;
#2835 = VERTEX_POINT ( 'NONE', #2885 ) ;
#2834 = ORIENTED_EDGE ( 'NONE', *, *, #579, .F. ) ;
#2836 = EDGE_CURVE ( 'NONE', #2044, #6271, #4437, .T. ) ;
#2837 = DIRECTION ( 'NONE',  ( -1.000000000000000000, 0.000000000000000000, -0.000000000000000000 ) ) ;
#2838 = PRODUCT_DEFINITION_FORMATION_WITH_SPECIFIED_SOURCE ( 'ANY', '', #3195, .NOT_KNOWN. ) ;
#2839 = CARTESIAN_POINT ( 'NONE',  ( 0.000000000000000000, 0.000000000000000000, 0.000000000000000000 ) ) ;
#2840 = CIRCLE ( 'NONE', #855, 16.00000000000000355 ) ;
#2841 = CYLINDRICAL_SURFACE ( 'NONE', #4945, 37.49900000000000233 ) ;
#2842 = VECTOR ( 'NONE', #3524, 1000.000000000000000 ) ;
#2844 = ORIENTED_EDGE ( 'NONE', *, *, #1324, .T. ) ;
#2843 = ORIENTED_EDGE ( 'NONE', *, *, #1698, .F. ) ;
#2845 = ADVANCED_FACE ( 'NONE', ( #3806 ), #4297, .T. ) ;
#2846 = CARTESIAN_POINT ( 'NONE',  ( 0.000000000000000000, 41.81611651403861885, 3.925862922256308174 ) ) ;
#2847 = CARTESIAN_POINT ( 'NONE',  ( 0.000000000000000000, -27.13269053701114331, 25.88420570971391754 ) ) ;
#2848 = CARTESIAN_POINT ( 'NONE',  ( 3.500000000000000444, -15.48615015657611060, 39.04073710021338428 ) ) ;
#2849 = AXIS2_PLACEMENT_3D ( 'NONE', #3178, #1733, #3269 ) ;
#2850 = AXIS2_PLACEMENT_3D ( 'NONE', #4149, #5097, #1655 ) ;
#2851 = CARTESIAN_POINT ( 'NONE',  ( -1.600114562081327962, 9.999984697101659492, -0.1581618948481889331 ) ) ;
#2852 = AXIS2_PLACEMENT_3D ( 'NONE', #6065, #2498, #5500 ) ;
#2853 = EDGE_LOOP ( 'NONE', ( #1352, #6209, #3200, #6062 ) ) ;
#2854 = EDGE_CURVE ( 'NONE', #2947, #5549, #4333, .T. ) ;
#2855 = ORIENTED_EDGE ( 'NONE', *, *, #1879, .F. ) ;
#2856 = CARTESIAN_POINT ( 'NONE',  ( 0.000000000000000000, 5.202137450156908649, -37.22597642581151689 ) ) ;
#2857 = VECTOR ( 'NONE', #3256, 1000.000000000000000 ) ;
#2858 = AXIS2_PLACEMENT_3D ( 'NONE', #32, #6022, #4103 ) ;
#2859 = AXIS2_PLACEMENT_3D ( 'NONE', #4614, #503, #48 ) ;
#2860 = PERSON_AND_ORGANIZATION ( #4357, #2203 ) ;
#2861 = CYLINDRICAL_SURFACE ( 'NONE', #2920, 16.00000000000000000 ) ;
#2862 = CARTESIAN_POINT ( 'NONE',  ( 3.500000000000001332, 40.98264845739762308, -9.188173127306864529 ) ) ;
#2863 = CYLINDRICAL_SURFACE ( 'NONE', #4321, 37.49900000000000233 ) ;
#2864 = ORIENTED_EDGE ( 'NONE', *, *, #6390, .F. ) ;
#2865 = EDGE_CURVE ( 'NONE', #6369, #1996, #2866, .T. ) ;
#2866 = CIRCLE ( 'NONE', #1308, 42.00000000000000000 ) ;
#2867 = AXIS2_PLACEMENT_3D ( 'NONE', #1335, #868, #1431 ) ;
#2868 = ORIENTED_EDGE ( 'NONE', *, *, #6072, .T. ) ;
#2869 = CARTESIAN_POINT ( 'NONE',  ( -2.714709412173682779, 2.207494098321031828, 2.035142918273678436 ) ) ;
#2870 = LINE ( 'NONE', #4903, #3666 ) ;
#2871 = DIRECTION ( 'NONE',  ( -1.000000000000000000, -0.000000000000000000, 0.000000000000000000 ) ) ;
#2872 = AXIS2_PLACEMENT_3D ( 'NONE', #2790, #4431, #297 ) ;
#2873 = DIRECTION ( 'NONE',  ( -1.000000000000000000, 0.000000000000000000, 0.000000000000000000 ) ) ;
#2875 = ORIENTED_EDGE ( 'NONE', *, *, #5925, .F. ) ;
#2874 = ORIENTED_EDGE ( 'NONE', *, *, #409, .F. ) ;
#2876 = CIRCLE ( 'NONE', #5714, 42.00000000000000000 ) ;
#2877 = DIRECTION ( 'NONE',  ( -1.000000000000000000, 0.000000000000000000, 0.000000000000000000 ) ) ;
#2878 = CARTESIAN_POINT ( 'NONE',  ( 7.000000000000000888, 0.000000000000000000, 0.000000000000000000 ) ) ;
#2879 = ADVANCED_FACE ( 'NONE', ( #6448 ), #362, .T. ) ;
#2880 = DIRECTION ( 'NONE',  ( 0.000000000000000000, 0.000000000000000000, -1.000000000000000000 ) ) ;
#2882 = ORIENTED_EDGE ( 'NONE', *, *, #919, .T. ) ;
#2881 = ORIENTED_EDGE ( 'NONE', *, *, #2107, .T. ) ;
#2883 = DIRECTION ( 'NONE',  ( -1.000000000000000000, 0.000000000000000000, 0.000000000000000000 ) ) ;
#2884 = AXIS2_PLACEMENT_3D ( 'NONE', #1777, #2793, #5730 ) ;
#2885 = CARTESIAN_POINT ( 'NONE',  ( 7.000000000000000888, 3.925862922256155407, 41.81611651403863306 ) ) ;
#2886 = FACE_OUTER_BOUND ( 'NONE', #894, .T. ) ;
#2887 = ORIENTED_EDGE ( 'NONE', *, *, #6497, .T. ) ;
#2888 = ORIENTED_EDGE ( 'NONE', *, *, #1999, .F. ) ;
#2889 = DIRECTION ( 'NONE',  ( -1.000000000000000000, 0.000000000000000000, -0.000000000000000000 ) ) ;
#2890 = DIRECTION ( 'NONE',  ( -1.000000000000000000, 0.000000000000000000, -0.000000000000000000 ) ) ;
#2891 = EDGE_CURVE ( 'NONE', #1474, #876, #4424, .T. ) ;
#2892 = LINE ( 'NONE', #3419, #2120 ) ;
#2893 = CARTESIAN_POINT ( 'NONE',  ( 7.000000000000000888, 0.000000000000000000, 0.000000000000000000 ) ) ;
#2894 = ORIENTED_EDGE ( 'NONE', *, *, #3358, .F. ) ;
#2895 = ORIENTED_EDGE ( 'NONE', *, *, #883, .F. ) ;
#2896 = LINE ( 'NONE', #960, #4015 ) ;
#2897 = DIRECTION ( 'NONE',  ( -1.000000000000000000, -0.000000000000000000, 0.000000000000000000 ) ) ;
#2898 = AXIS2_PLACEMENT_3D ( 'NONE', #1941, #3454, #964 ) ;
#2899 = CARTESIAN_POINT ( 'NONE',  ( 7.000000000000000888, 37.22597642581157373, 10.79786254984347238 ) ) ;
#2900 = ADVANCED_FACE ( 'NONE', ( #389 ), #920, .T. ) ;
#2901 = CARTESIAN_POINT ( 'NONE',  ( 0.000000000000000000, 2.663952781846739004, -41.91543099594815658 ) ) ;
#2903 = ORIENTED_EDGE ( 'NONE', *, *, #2986, .F. ) ;
#2902 = VERTEX_POINT ( 'NONE', #1445 ) ;
#2904 = CYLINDRICAL_SURFACE ( 'NONE', #5263, 42.00000000000000000 ) ;
#2905 = CARTESIAN_POINT ( 'NONE',  ( 7.000000000000000888, 0.000000000000000000, 0.000000000000000000 ) ) ;
#2906 = CARTESIAN_POINT ( 'NONE',  ( 7.000000000000000888, 6.736453364084091788, -36.88895765772625879 ) ) ;
#2907 = APPROVAL ( #5048, 'UNSPECIFIED' ) ;
#2909 = EDGE_LOOP ( 'NONE', ( #2459, #6149, #2895, #2173 ) ) ;
#2908 = ORIENTED_EDGE ( 'NONE', *, *, #1559, .T. ) ;
#2910 = EDGE_CURVE ( 'NONE', #1881, #1711, #6408, .T. ) ;
#2911 = LINE ( 'NONE', #1381, #2234 ) ;
#2912 = CYLINDRICAL_SURFACE ( 'NONE', #1895, 16.00000000000000000 ) ;
#2913 = EDGE_LOOP ( 'NONE', ( #44, #2467, #3122, #1617 ) ) ;
#2914 = EDGE_CURVE ( 'NONE', #1609, #2594, #2911, .T. ) ;
#2915 = ORIENTED_EDGE ( 'NONE', *, *, #4773, .F. ) ;
#2916 = EDGE_CURVE ( 'NONE', #3457, #4126, #3438, .T. ) ;
#2917 = DIRECTION ( 'NONE',  ( 1.000000000000000000, -0.000000000000000000, -0.000000000000000000 ) ) ;
#2918 = APPROVAL_ROLE ( '' ) ;
#2919 = CARTESIAN_POINT ( 'NONE',  ( 3.500000000000000444, 15.48615015657582816, 39.04073710021349797 ) ) ;
#2920 = AXIS2_PLACEMENT_3D ( 'NONE', #5858, #3418, #3318 ) ;
#2921 = DIRECTION ( 'NONE',  ( -1.000000000000000000, 0.000000000000000000, 0.000000000000000000 ) ) ;
#2922 = CARTESIAN_POINT ( 'NONE',  ( 3.500000000000000444, 2.663952781846152806, 41.91543099594818500 ) ) ;
#2923 = ORIENTED_EDGE ( 'NONE', *, *, #5396, .F. ) ;
#2924 = VERTEX_POINT ( 'NONE', #4915 ) ;
#2925 = EDGE_CURVE ( 'NONE', #6283, #6195, #6025, .T. ) ;
#2926 = CARTESIAN_POINT ( 'NONE',  ( 7.000000000000000888, -4.992566952385247170, 37.16516213103275845 ) ) ;
#2927 = CARTESIAN_POINT ( 'NONE',  ( 0.000000000000000000, -16.23288003029473359, -33.80338159004301701 ) ) ;
#2928 = DIRECTION ( 'NONE',  ( -1.000000000000000000, 0.000000000000000000, 0.000000000000000000 ) ) ;
#2929 = DIRECTION ( 'NONE',  ( 1.000000000000000000, 0.000000000000000000, 0.000000000000000000 ) ) ;
#2930 = AXIS2_PLACEMENT_3D ( 'NONE', #1463, #6496, #1883 ) ;
#2931 = AXIS2_PLACEMENT_3D ( 'NONE', #5172, #1174, #2046 ) ;
#2933 = VERTEX_POINT ( 'NONE', #820 ) ;
#2932 = ORIENTED_EDGE ( 'NONE', *, *, #1229, .T. ) ;
#2934 = EDGE_CURVE ( 'NONE', #4415, #4935, #2363, .T. ) ;
#2935 = DIRECTION ( 'NONE',  ( 0.000000000000000000, 0.000000000000000000, 1.000000000000000000 ) ) ;
#2936 = DIRECTION ( 'NONE',  ( -1.000000000000000000, -0.000000000000000000, -0.000000000000000000 ) ) ;
#2937 = AXIS2_PLACEMENT_3D ( 'NONE', #4145, #5629, #5061 ) ;
#2938 = CYLINDRICAL_SURFACE ( 'NONE', #6112, 42.00000000000000000 ) ;
#2940 = ORIENTED_EDGE ( 'NONE', *, *, #3141, .T. ) ;
#2939 = EDGE_LOOP ( 'NONE', ( #4696, #1771, #2903, #3004 ) ) ;
#2941 = EDGE_CURVE ( 'NONE', #744, #2080, #2447, .T. ) ;
#2942 = CIRCLE ( 'NONE', #3564, 16.00000000000000000 ) ;
#2943 = VECTOR ( 'NONE', #1861, 1000.000000000000000 ) ;
#2944 = CARTESIAN_POINT ( 'NONE',  ( 0.000000000000000000, 0.000000000000000000, 0.000000000000000000 ) ) ;
#2945 = DIRECTION ( 'NONE',  ( 0.000000000000000000, 0.000000000000000000, 1.000000000000000000 ) ) ;
#2946 = AXIS2_PLACEMENT_3D ( 'NONE', #5613, #2552, #1012 ) ;
#2947 = VERTEX_POINT ( 'NONE', #4092 ) ;
#2948 = VERTEX_POINT ( 'NONE', #3993 ) ;
#2949 = FACE_OUTER_BOUND ( 'NONE', #5129, .T. ) ;
#2950 = DIRECTION ( 'NONE',  ( -1.000000000000000000, -0.000000000000000000, -0.000000000000000000 ) ) ;
#2951 = VECTOR ( 'NONE', #3390, 1000.000000000000000 ) ;
#2952 = DIRECTION ( 'NONE',  ( 0.000000000000000000, 0.000000000000000000, 1.000000000000000000 ) ) ;
#2953 = EDGE_CURVE ( 'NONE', #5551, #6370, #3077, .T. ) ;
#2954 = FACE_OUTER_BOUND ( 'NONE', #2331, .T. ) ;
#2955 = AXIS2_PLACEMENT_3D ( 'NONE', #1344, #3335, #2317 ) ;
#2956 = ORIENTED_EDGE ( 'NONE', *, *, #579, .T. ) ;
#2957 = CIRCLE ( 'NONE', #1191, 37.49900000000000944 ) ;
#2958 = VECTOR ( 'NONE', #2174, 1000.000000000000000 ) ;
#2959 = CARTESIAN_POINT ( 'NONE',  ( -3.797565882764139644, 1.808675499341472204, 2.393559495287624461 ) ) ;
#2960 = CYLINDRICAL_SURFACE ( 'NONE', #5247, 16.00000000000000000 ) ;
#2961 = DIRECTION ( 'NONE',  ( 0.000000000000000000, 0.000000000000000000, 1.000000000000000000 ) ) ;
#2962 = LINE ( 'NONE', #4412, #1340 ) ;
#2963 = VECTOR ( 'NONE', #1933, 1000.000000000000000 ) ;
#2964 = AXIS2_PLACEMENT_3D ( 'NONE', #5520, #3090, #5627 ) ;
#2966 = ORIENTED_EDGE ( 'NONE', *, *, #4764, .F. ) ;
#2965 = ORIENTED_EDGE ( 'NONE', *, *, #4902, .F. ) ;
#2967 = DIRECTION ( 'NONE',  ( -1.000000000000000000, -0.000000000000000000, 0.000000000000000000 ) ) ;
#2968 = DIRECTION ( 'NONE',  ( -1.000000000000000000, 0.000000000000000000, 0.000000000000000000 ) ) ;
#2969 = ADVANCED_FACE ( 'NONE', ( #3501 ), #552, .T. ) ;
#2971 = ORIENTED_EDGE ( 'NONE', *, *, #2083, .F. ) ;
#2970 = ORIENTED_EDGE ( 'NONE', *, *, #3516, .F. ) ;
#2972 = EDGE_CURVE ( 'NONE', #4415, #3734, #4581, .T. ) ;
#2973 = CARTESIAN_POINT ( 'NONE',  ( 7.000000000000000888, 0.000000000000000000, 0.000000000000000000 ) ) ;
#2974 = CARTESIAN_POINT ( 'NONE',  ( 7.000000000000000888, -12.42422080174663712, 35.38097989696507994 ) ) ;
#2975 = ORIENTED_EDGE ( 'NONE', *, *, #800, .T. ) ;
#2976 = ORIENTED_EDGE ( 'NONE', *, *, #3170, .T. ) ;
#2977 = CARTESIAN_POINT ( 'NONE',  ( -10.00000000000000000, 0.000000000000000000, 0.000000000000000000 ) ) ;
#2978 = APPROVAL_ROLE ( '' ) ;
#2979 = B_SPLINE_CURVE_WITH_KNOTS ( 'NONE', 3,
 ( #3015, #3544, #1025, #3512, #1997, #2985, #5021, #1966, #2526, #4498, #6516, #4011 ),
 .UNSPECIFIED., .F., .F.,
 ( 4, 2, 2, 2, 2, 4 ),
 ( 0.002424586257178149278, 0.002727612328712126014, 0.003030638400246103183, 0.003636690543314054485, 0.004242742686382004920, 0.004848794829449954921 ),
 .UNSPECIFIED. ) ;
#2980 = CARTESIAN_POINT ( 'NONE',  ( 0.000000000000000000, 0.000000000000000000, 0.000000000000000000 ) ) ;
#2981 = CARTESIAN_POINT ( 'NONE',  ( 7.000000000000000888, -35.92658777277502935, -10.74501242461320594 ) ) ;
#2982 = DIRECTION ( 'NONE',  ( -1.000000000000000000, -0.000000000000000000, 0.000000000000000000 ) ) ;
#2983 = ORIENTED_EDGE ( 'NONE', *, *, #3814, .T. ) ;
#2984 = ORIENTED_EDGE ( 'NONE', *, *, #4009, .F. ) ;
#2985 = CARTESIAN_POINT ( 'NONE',  ( -4.783227743012372635, 1.954847236090297979, -2.276923640272144223 ) ) ;
#2986 = EDGE_CURVE ( 'NONE', #2024, #1187, #4520, .T. ) ;
#2987 = DIRECTION ( 'NONE',  ( 0.000000000000000000, 0.000000000000000000, 1.000000000000000000 ) ) ;
#2988 = DIRECTION ( 'NONE',  ( -1.000000000000000000, 0.000000000000000000, 0.000000000000000000 ) ) ;
#2989 = CARTESIAN_POINT ( 'NONE',  ( 7.000000000000000888, 17.67226234102825799, 33.17418723428314564 ) ) ;
#2990 = VERTEX_POINT ( 'NONE', #6007 ) ;
#2992 = EDGE_LOOP ( 'NONE', ( #3764, #2694, #3272, #5690 ) ) ;
#2991 = ORIENTED_EDGE ( 'NONE', *, *, #1559, .F. ) ;
#2993 = FACE_OUTER_BOUND ( 'NONE', #2939, .T. ) ;
#2994 = EDGE_CURVE ( 'NONE', #2990, #2809, #5042, .T. ) ;
#2995 = CARTESIAN_POINT ( 'NONE',  ( 7.000000000000000888, -21.53537804866102690, 30.80686688397001660 ) ) ;
#2996 = DIRECTION ( 'NONE',  ( 0.000000000000000000, 0.000000000000000000, -1.000000000000000000 ) ) ;
#2997 = CARTESIAN_POINT ( 'NONE',  ( 7.000000000000000888, 30.00120703465236716, -22.64427369931138045 ) ) ;
#2998 = AXIS2_PLACEMENT_3D ( 'NONE', #5429, #2873, #4995 ) ;
#3000 = ORIENTED_EDGE ( 'NONE', *, *, #5428, .F. ) ;
#2999 = VERTEX_POINT ( 'NONE', #4458 ) ;
#3001 = EDGE_CURVE ( 'NONE', #6376, #5953, #3467, .T. ) ;
#3002 = CARTESIAN_POINT ( 'NONE',  ( 7.000000000000000888, 0.000000000000000000, 0.000000000000000000 ) ) ;
#3003 = CYLINDRICAL_SURFACE ( 'NONE', #3995, 37.49900000000000233 ) ;
#3004 = ORIENTED_EDGE ( 'NONE', *, *, #813, .T. ) ;
#3005 = ORIENTED_EDGE ( 'NONE', *, *, #6383, .T. ) ;
#3006 = EDGE_CURVE ( 'NONE', #4523, #5503, #2347, .T. ) ;
#3007 = CARTESIAN_POINT ( 'NONE',  ( 3.500000000000001332, 2.663952781846739004, -41.91543099594815658 ) ) ;
#3008 = PERSON_AND_ORGANIZATION ( #4357, #2203 ) ;
#3009 = CARTESIAN_POINT ( 'NONE',  ( 0.000000000000000000, 30.00120703465236716, -22.64427369931138045 ) ) ;
#3010 = DIRECTION ( 'NONE',  ( 0.000000000000000000, -0.1564344650402170744, -0.9876883405951398798 ) ) ;
#3011 = CARTESIAN_POINT ( 'NONE',  ( 3.500000000000000444, -40.68715046381937128, 10.41901085202062305 ) ) ;
#3012 = ORIENTED_EDGE ( 'NONE', *, *, #4302, .T. ) ;
#3013 = DIRECTION ( 'NONE',  ( -1.000000000000000000, 0.000000000000000000, -0.000000000000000000 ) ) ;
#3014 = ORIENTED_EDGE ( 'NONE', *, *, #3057, .F. ) ;
#3015 = CARTESIAN_POINT ( 'NONE',  ( -4.000050800000000351, 1.800000000000002265, -2.399999999999999023 ) ) ;
#3016 = VECTOR ( 'NONE', #1932, 1000.000000000000000 ) ;
#3017 = DIRECTION ( 'NONE',  ( -1.000000000000000000, 0.000000000000000000, -0.000000000000000000 ) ) ;
#3018 = DIRECTION ( 'NONE',  ( 0.000000000000000000, 0.000000000000000000, 1.000000000000000000 ) ) ;
#3019 = CARTESIAN_POINT ( 'NONE',  ( 0.000000000000000000, 0.000000000000000000, 0.000000000000000000 ) ) ;
#3020 = ORIENTED_EDGE ( 'NONE', *, *, #4175, .F. ) ;
#3022 = ORIENTED_EDGE ( 'NONE', *, *, #3374, .T. ) ;
#3021 = EDGE_LOOP ( 'NONE', ( #2373, #615, #2932, #3302 ) ) ;
#3023 = FACE_OUTER_BOUND ( 'NONE', #4284, .T. ) ;
#3024 = CARTESIAN_POINT ( 'NONE',  ( 7.000000000000000888, 2.649999999999999911, 1.406236111042524106 ) ) ;
#3025 = DIRECTION ( 'NONE',  ( -1.000000000000000000, -0.000000000000000000, 0.000000000000000000 ) ) ;
#3026 = FACE_OUTER_BOUND ( 'NONE', #2758, .T. ) ;
#3027 = VECTOR ( 'NONE', #506, 1000.000000000000000 ) ;
#3028 = CIRCLE ( 'NONE', #4924, 37.49900000000000233 ) ;
#3029 = EDGE_CURVE ( 'NONE', #3136, #3510, #764, .T. ) ;
#3030 = EDGE_CURVE ( 'NONE', #4728, #6514, #1982, .T. ) ;
#3032 = EDGE_LOOP ( 'NONE', ( #5847, #3533, #929, #4127 ) ) ;
#3031 = ORIENTED_EDGE ( 'NONE', *, *, #2414, .T. ) ;
#3033 = CIRCLE ( 'NONE', #2304, 37.49900000000000233 ) ;
#3034 = CARTESIAN_POINT ( 'NONE',  ( -6.399941791563223070, 9.999973837976634528, 0.3174682848949919034 ) ) ;
#3035 = EDGE_CURVE ( 'NONE', #5526, #916, #5071, .T. ) ;
#3036 = CARTESIAN_POINT ( 'NONE',  ( 7.000000000000000888, -35.95386929396247666, -10.96151621346525928 ) ) ;
#3037 = PRODUCT_DEFINITION_FORMATION_WITH_SPECIFIED_SOURCE ( 'ANY', '', #5236, .NOT_KNOWN. ) ;
#3038 = ORIENTED_EDGE ( 'NONE', *, *, #1284, .F. ) ;
#3039 = ORIENTED_EDGE ( 'NONE', *, *, #4369, .T. ) ;
#3040 = CARTESIAN_POINT ( 'NONE',  ( 7.000000000000000888, 40.98264845739750228, 9.188173127307452503 ) ) ;
#3041 = CIRCLE ( 'NONE', #1891, 16.00000000000000000 ) ;
#3042 = PERSON_AND_ORGANIZATION ( #4357, #2203 ) ;
#3043 = CARTESIAN_POINT ( 'NONE',  ( 7.000000000000000888, 0.000000000000000000, 0.000000000000000000 ) ) ;
#3044 = DIRECTION ( 'NONE',  ( -1.000000000000000000, -0.000000000000000000, 0.000000000000000000 ) ) ;
#3045 = VECTOR ( 'NONE', #6274, 1000.000000000000000 ) ;
#3046 = EDGE_CURVE ( 'NONE', #6384, #1181, #1078, .T. ) ;
#3047 = DIRECTION ( 'NONE',  ( 0.000000000000000000, 0.000000000000000000, 1.000000000000000000 ) ) ;
#3048 = VECTOR ( 'NONE', #115, 1000.000000000000000 ) ;
#3049 = EDGE_LOOP ( 'NONE', ( #2706, #5185, #484, #1663 ) ) ;
#3050 = DIRECTION ( 'NONE',  ( -1.000000000000000000, -0.000000000000000000, 0.000000000000000000 ) ) ;
#3051 = VERTEX_POINT ( 'NONE', #2614 ) ;
#3052 = DIRECTION ( 'NONE',  ( -1.000000000000000000, -0.000000000000000000, 0.000000000000000000 ) ) ;
#3053 = AXIS2_PLACEMENT_3D ( 'NONE', #4453, #2634, #3652 ) ;
#3054 = DIRECTION ( 'NONE',  ( 1.000000000000000000, 0.000000000000000000, 0.000000000000000000 ) ) ;
#3055 = DIRECTION ( 'NONE',  ( 0.000000000000000000, 0.000000000000000000, -1.000000000000000000 ) ) ;
#3056 = DIRECTION ( 'NONE',  ( 0.000000000000000000, -0.9510565162951500895, -0.3090169943749581649 ) ) ;
#3057 = EDGE_CURVE ( 'NONE', #6283, #118, #1185, .T. ) ;
#3058 = FACE_OUTER_BOUND ( 'NONE', #3021, .T. ) ;
#3059 = AXIS2_PLACEMENT_3D ( 'NONE', #3002, #1761, #2711 ) ;
#3060 = AXIS2_PLACEMENT_3D ( 'NONE', #5291, #2264, #2691 ) ;
#3061 = ORIENTED_EDGE ( 'NONE', *, *, #99, .F. ) ;
#3062 = AXIS2_PLACEMENT_3D ( 'NONE', #4356, #1856, #379 ) ;
#3063 = EDGE_LOOP ( 'NONE', ( #1978, #650, #2628, #3963 ) ) ;
#3064 = CYLINDRICAL_SURFACE ( 'NONE', #5584, 16.00000000000000000 ) ;
#3065 = CARTESIAN_POINT ( 'NONE',  ( -10.00000000000000000, 0.000000000000000000, 0.000000000000000000 ) ) ;
#3066 = AXIS2_PLACEMENT_3D ( 'NONE', #675, #5797, #2201 ) ;
#3067 = AXIS2_PLACEMENT_3D ( 'NONE', #2364, #4367, #2420 ) ;
#3068 = CARTESIAN_POINT ( 'NONE',  ( 0.000000000000000000, 35.92658777277525672, -10.74501242461245809 ) ) ;
#3069 = CIRCLE ( 'NONE', #3910, 16.00000000000000000 ) ;
#3070 = CARTESIAN_POINT ( 'NONE',  ( 0.000000000000000000, 0.000000000000000000, 0.000000000000000000 ) ) ;
#3072 = VERTEX_POINT ( 'NONE', #3662 ) ;
#3071 = ORIENTED_EDGE ( 'NONE', *, *, #3924, .T. ) ;
#3073 = VECTOR ( 'NONE', #3605, 1000.000000000000000 ) ;
#3074 = VECTOR ( 'NONE', #896, 1000.000000000000000 ) ;
#3075 = ADVANCED_FACE ( 'NONE', ( #4624 ), #188, .T. ) ;
#3076 = CIRCLE ( 'NONE', #2217, 16.00000000000000000 ) ;
#3077 = LINE ( 'NONE', #2511, #5814 ) ;
#3078 = DIRECTION ( 'NONE',  ( -1.000000000000000000, 0.000000000000000000, 0.000000000000000000 ) ) ;
#3079 = ORIENTED_EDGE ( 'NONE', *, *, #4183, .T. ) ;
#3080 = VERTEX_POINT ( 'NONE', #2181 ) ;
#3081 = DIRECTION ( 'NONE',  ( 0.000000000000000000, 0.000000000000000000, 1.000000000000000000 ) ) ;
#3082 = EDGE_CURVE ( 'NONE', #3089, #4455, #219, .T. ) ;
#3083 = PERSON_AND_ORGANIZATION_ROLE ( 'design_owner' ) ;
#3084 = DIRECTION ( 'NONE',  ( -1.000000000000000000, 0.000000000000000000, 0.000000000000000000 ) ) ;
#3085 = DIRECTION ( 'NONE',  ( 1.000000000000000000, 0.000000000000000000, 0.000000000000000000 ) ) ;
#3086 = DIRECTION ( 'NONE',  ( 0.000000000000000000, -0.9876883405951393247, 0.1564344650402207104 ) ) ;
#3087 = EDGE_LOOP ( 'NONE', ( #2834, #5301, #4290, #2132 ) ) ;
#3088 = CYLINDRICAL_SURFACE ( 'NONE', #1063, 16.00000000000000000 ) ;
#3089 = VERTEX_POINT ( 'NONE', #4131 ) ;
#3090 = DIRECTION ( 'NONE',  ( -0.000000000000000000, -1.000000000000000000, -0.000000000000000000 ) ) ;
#3091 = ADVANCED_FACE ( 'NONE', ( #5746 ), #4162, .T. ) ;
#3092 = DIRECTION ( 'NONE',  ( 0.000000000000000000, 0.4539904997395477482, -0.8910065241883673437 ) ) ;
#3093 = DIRECTION ( 'NONE',  ( -1.000000000000000000, 0.000000000000000000, 0.000000000000000000 ) ) ;
#3094 = CARTESIAN_POINT ( 'NONE',  ( 0.000000000000000000, -35.95386929396263298, 10.96151621346475658 ) ) ;
#3095 = DIRECTION ( 'NONE',  ( -1.000000000000000000, 0.000000000000000000, -0.000000000000000000 ) ) ;
#3096 = CIRCLE ( 'NONE', #5619, 42.00000000000000000 ) ;
#3097 = ORIENTED_EDGE ( 'NONE', *, *, #717, .T. ) ;
#3098 = VERTEX_POINT ( 'NONE', #5144 ) ;
#3099 = DIRECTION ( 'NONE',  ( 0.000000000000000000, 0.000000000000000000, 1.000000000000000000 ) ) ;
#3100 = EDGE_CURVE ( 'NONE', #6042, #2232, #4716, .T. ) ;
#3101 = DIRECTION ( 'NONE',  ( 0.000000000000000000, 0.000000000000000000, 1.000000000000000000 ) ) ;
#3102 = LINE ( 'NONE', #2606, #3048 ) ;
#3103 = DIRECTION ( 'NONE',  ( -1.000000000000000000, 0.000000000000000000, -0.000000000000000000 ) ) ;
#3105 = ORIENTED_EDGE ( 'NONE', *, *, #2049, .F. ) ;
#3104 = VERTEX_POINT ( 'NONE', #6146 ) ;
#3106 = AXIS2_PLACEMENT_3D ( 'NONE', #5995, #3950, #3854 ) ;
#3107 = DIRECTION ( 'NONE',  ( 1.000000000000000000, 0.000000000000000000, 0.000000000000000000 ) ) ;
#3108 = EDGE_CURVE ( 'NONE', #2284, #4414, #444, .T. ) ;
#3109 = CARTESIAN_POINT ( 'NONE',  ( 7.000000000000000888, 0.000000000000000000, 0.000000000000000000 ) ) ;
#3110 = ORIENTED_EDGE ( 'NONE', *, *, #571, .T. ) ;
#3111 = CIRCLE ( 'NONE', #4056, 42.00000000000000000 ) ;
#3112 = ORIENTED_EDGE ( 'NONE', *, *, #338, .T. ) ;
#3113 = DIRECTION ( 'NONE',  ( 0.000000000000000000, -0.9876883405951358830, -0.1564344650402421932 ) ) ;
#3114 = COORDINATED_UNIVERSAL_TIME_OFFSET ( 7, 0, .AHEAD. ) ;
#3115 = DIRECTION ( 'NONE',  ( 0.000000000000000000, 0.000000000000000000, -1.000000000000000000 ) ) ;
#3116 = CARTESIAN_POINT ( 'NONE',  ( 3.500000000000000444, 21.40280677340371795, 36.13751322684426270 ) ) ;
#3117 = LINE ( 'NONE', #3509, #4644 ) ;
#3118 = ADVANCED_FACE ( 'NONE', ( #5779 ), #718, .T. ) ;
#3119 = ADVANCED_FACE ( 'NONE', ( #6247 ), #1277, .T. ) ;
#3120 = VERTEX_POINT ( 'NONE', #158 ) ;
#3121 = DIRECTION ( 'NONE',  ( 0.000000000000000000, 0.000000000000000000, -1.000000000000000000 ) ) ;
#3122 = ORIENTED_EDGE ( 'NONE', *, *, #2854, .T. ) ;
#3123 = CARTESIAN_POINT ( 'NONE',  ( -3.595834484620640481, 1.842214521461525978, -2.367843755517302640 ) ) ;
#3124 = CARTESIAN_POINT ( 'NONE',  ( 0.000000000000000000, 4.992566952384984269, 37.16516213103279398 ) ) ;
#3125 = CARTESIAN_POINT ( 'NONE',  ( -10.00000000000000000, 0.000000000000000000, 0.000000000000000000 ) ) ;
#3126 = DIRECTION ( 'NONE',  ( -1.000000000000000000, 0.000000000000000000, 0.000000000000000000 ) ) ;
#3127 = DIRECTION ( 'NONE',  ( 0.000000000000000000, 0.000000000000000000, 1.000000000000000000 ) ) ;
#3128 = EDGE_CURVE ( 'NONE', #6178, #4257, #5692, .T. ) ;
#3129 = ORIENTED_EDGE ( 'NONE', *, *, #1033, .F. ) ;
#3130 = ORIENTED_EDGE ( 'NONE', *, *, #4609, .F. ) ;
#3131 = CARTESIAN_POINT ( 'NONE',  ( 7.000000000000000888, 16.65560815589464028, -38.55633173626993937 ) ) ;
#3132 = CARTESIAN_POINT ( 'NONE',  ( 0.000000000000000000, -37.22597642581153110, -5.202137450156797627 ) ) ;
#3133 = FACE_OUTER_BOUND ( 'NONE', #5877, .T. ) ;
#3134 = CARTESIAN_POINT ( 'NONE',  ( 0.000000000000000000, 0.000000000000000000, 0.000000000000000000 ) ) ;
#3135 = EDGE_CURVE ( 'NONE', #2124, #4188, #1697, .T. ) ;
#3137 = ORIENTED_EDGE ( 'NONE', *, *, #4404, .F. ) ;
#3136 = VERTEX_POINT ( 'NONE', #2743 ) ;
#3138 = CIRCLE ( 'NONE', #1366, 37.49900000000000944 ) ;
#3139 = AXIS2_PLACEMENT_3D ( 'NONE', #1562, #4023, #5532 ) ;
#3140 = CARTESIAN_POINT ( 'NONE',  ( 7.000000000000000888, 0.000000000000000000, 0.000000000000000000 ) ) ;
#3141 = EDGE_CURVE ( 'NONE', #1656, #2579, #6175, .T. ) ;
#3142 = DIRECTION ( 'NONE',  ( 0.000000000000000000, 0.000000000000000000, 1.000000000000000000 ) ) ;
#3143 = VERTEX_POINT ( 'NONE', #4754 ) ;
#3144 = CIRCLE ( 'NONE', #3880, 37.49900000000000233 ) ;
#3145 = CIRCLE ( 'NONE', #2412, 37.49900000000000233 ) ;
#3146 = ORIENTED_EDGE ( 'NONE', *, *, #1962, .F. ) ;
#3147 = DIRECTION ( 'NONE',  ( 0.000000000000000000, 0.000000000000000000, 1.000000000000000000 ) ) ;
#3148 = APPROVAL_DATE_TIME ( #6181, #2907 ) ;
#3149 = DIRECTION ( 'NONE',  ( 0.000000000000000000, 0.000000000000000000, 1.000000000000000000 ) ) ;
#3150 = CARTESIAN_POINT ( 'NONE',  ( 7.000000000000000888, -35.92658777277502935, -10.74501242461320594 ) ) ;
#3151 = AXIS2_PLACEMENT_3D ( 'NONE', #1231, #673, #4306 ) ;
#3152 = CARTESIAN_POINT ( 'NONE',  ( 0.000000000000000000, 0.000000000000000000, 0.000000000000000000 ) ) ;
#3153 = ORIENTED_EDGE ( 'NONE', *, *, #4722, .T. ) ;
#3154 = VERTEX_POINT ( 'NONE', #4228 ) ;
#3155 = EDGE_LOOP ( 'NONE', ( #5848, #5178, #190, #3490 ) ) ;
#3156 = CIRCLE ( 'NONE', #5258, 42.00000000000000000 ) ;
#3157 = LOCAL_TIME ( 22, 0, 11.00000000000000000, #61 ) ;
#3158 = FACE_OUTER_BOUND ( 'NONE', #3856, .T. ) ;
#3159 = CYLINDRICAL_SURFACE ( 'NONE', #3258, 16.00000000000000000 ) ;
#3160 = LINE ( 'NONE', #272, #1003 ) ;
#3161 = EDGE_CURVE ( 'NONE', #2933, #5591, #4236, .T. ) ;
#3162 = CARTESIAN_POINT ( 'NONE',  ( -10.00000000000000000, 0.000000000000000000, 0.000000000000000000 ) ) ;
#3163 = VECTOR ( 'NONE', #4511, 1000.000000000000000 ) ;
#3164 = DIRECTION ( 'NONE',  ( 0.000000000000000000, 0.8090169943749486725, -0.5877852522924713607 ) ) ;
#3165 = ORIENTED_EDGE ( 'NONE', *, *, #2125, .T. ) ;
#3166 = CIRCLE ( 'NONE', #2946, 42.00000000000000000 ) ;
#3167 = CARTESIAN_POINT ( 'NONE',  ( 7.000000000000000888, 29.81001611431009479, 22.74946021919143391 ) ) ;
#3168 = DIRECTION ( 'NONE',  ( -1.000000000000000000, -0.000000000000000000, 0.000000000000000000 ) ) ;
#3169 = CARTESIAN_POINT ( 'NONE',  ( 3.500000000000001332, 16.65560815589410382, 38.55633173627015253 ) ) ;
#3170 = EDGE_CURVE ( 'NONE', #4194, #3440, #3210, .T. ) ;
#3171 = DIRECTION ( 'NONE',  ( 0.000000000000000000, -0.1564344650402382242, 0.9876883405951366601 ) ) ;
#3172 = AXIS2_PLACEMENT_3D ( 'NONE', #1685, #6262, #4704 ) ;
#3174 = EDGE_LOOP ( 'NONE', ( #3105, #5397, #2965, #3193 ) ) ;
#3173 = ORIENTED_EDGE ( 'NONE', *, *, #3612, .F. ) ;
#3175 = AXIS2_PLACEMENT_3D ( 'NONE', #1719, #799, #4674 ) ;
#3176 = CIRCLE ( 'NONE', #3274, 16.00000000000000000 ) ;
#3177 = EDGE_CURVE ( 'NONE', #4017, #5568, #689, .T. ) ;
#3178 = CARTESIAN_POINT ( 'NONE',  ( 7.000000000000000888, 0.000000000000000000, 0.000000000000000000 ) ) ;
#3179 = AXIS2_PLACEMENT_3D ( 'NONE', #1125, #4003, #4102 ) ;
#3180 = DIRECTION ( 'NONE',  ( 0.000000000000000000, 0.000000000000000000, 1.000000000000000000 ) ) ;
#3181 = VECTOR ( 'NONE', #2137, 1000.000000000000000 ) ;
#3182 = ORIENTED_EDGE ( 'NONE', *, *, #5521, .F. ) ;
#3183 = CARTESIAN_POINT ( 'NONE',  ( 7.000000000000000888, 0.000000000000000000, 0.000000000000000000 ) ) ;
#3184 = FACE_OUTER_BOUND ( 'NONE', #3759, .T. ) ;
#3185 = AXIS2_PLACEMENT_3D ( 'NONE', #1322, #1863, #1927 ) ;
#3186 = AXIS2_PLACEMENT_3D ( 'NONE', #2761, #4638, #4207 ) ;
#3187 = SHAPE_DEFINITION_REPRESENTATION ( #1148, #5216 ) ;
#3188 = DIRECTION ( 'NONE',  ( 0.000000000000000000, 0.1564344650402244852, 0.9876883405951387696 ) ) ;
#3189 = DIRECTION ( 'NONE',  ( 0.000000000000000000, 0.000000000000000000, -1.000000000000000000 ) ) ;
#3190 = ORIENTED_EDGE ( 'NONE', *, *, #507, .T. ) ;
#3191 = CIRCLE ( 'NONE', #5823, 37.49900000000000944 ) ;
#3192 = VERTEX_POINT ( 'NONE', #2356 ) ;
#3193 = ORIENTED_EDGE ( 'NONE', *, *, #4223, .T. ) ;
#3194 = DIRECTION ( 'NONE',  ( -1.000000000000000000, -0.000000000000000000, -0.000000000000000000 ) ) ;
#3195 = PRODUCT ( 'spur gear_am_Metric - Spur gear 2M 40T 20PA 7FW ---S40O20H15L1N', 'spur gear_am_Metric - Spur gear 2M 40T 20PA 7FW ---S40O20H15L1N', '', ( #6508 ) ) ;
#3196 = CARTESIAN_POINT ( 'NONE',  ( 7.000000000000000888, -37.58145647212452900, -0.6853352020794422073 ) ) ;
#3197 = CYLINDRICAL_SURFACE ( 'NONE', #1840, 16.00000000000000000 ) ;
#3198 = FACE_OUTER_BOUND ( 'NONE', #2478, .T. ) ;
#3199 = DIRECTION ( 'NONE',  ( 0.000000000000000000, 0.3090169943749482839, -0.9510565162951534202 ) ) ;
#3200 = ORIENTED_EDGE ( 'NONE', *, *, #2482, .T. ) ;
#3201 = EDGE_CURVE ( 'NONE', #4990, #2573, #2242, .T. ) ;
#3202 = LINE ( 'NONE', #1238, #132 ) ;
#3203 = CARTESIAN_POINT ( 'NONE',  ( 0.000000000000000000, -22.48208911017524869, 35.47612816024516036 ) ) ;
#3204 = DIRECTION ( 'NONE',  ( -1.000000000000000000, 0.000000000000000000, 0.000000000000000000 ) ) ;
#3205 = DIRECTION ( 'NONE',  ( -1.000000000000000000, 0.000000000000000000, 0.000000000000000000 ) ) ;
#3206 = EDGE_CURVE ( 'NONE', #1024, #1494, #5273, .T. ) ;
#3208 = ORIENTED_EDGE ( 'NONE', *, *, #3100, .T. ) ;
#3207 = ORIENTED_EDGE ( 'NONE', *, *, #5337, .T. ) ;
#3209 = ADVANCED_FACE ( 'NONE', ( #1921 ), #2841, .T. ) ;
#3210 = LINE ( 'NONE', #5183, #234 ) ;
#3211 = CARTESIAN_POINT ( 'NONE',  ( 0.000000000000000000, -0.6853352020787708554, -37.58145647212454321 ) ) ;
#3212 = ORIENTED_EDGE ( 'NONE', *, *, #5567, .T. ) ;
#3213 = EDGE_CURVE ( 'NONE', #494, #2835, #4359, .T. ) ;
#3214 = CARTESIAN_POINT ( 'NONE',  ( -8.000050800000000351, 0.000000000000000000, 0.000000000000000000 ) ) ;
#3215 = CARTESIAN_POINT ( 'NONE',  ( 0.000000000000000000, -27.05870788708250174, 26.08949754953014022 ) ) ;
#3216 = CIRCLE ( 'NONE', #2998, 16.00000000000000711 ) ;
#3217 = CARTESIAN_POINT ( 'NONE',  ( 7.000000000000000888, 0.000000000000000000, 0.000000000000000000 ) ) ;
#3218 = DIRECTION ( 'NONE',  ( 0.000000000000000000, 0.3090169943749411230, 0.9510565162951555296 ) ) ;
#3219 = AXIS2_PLACEMENT_3D ( 'NONE', #5136, #3556, #1598 ) ;
#3220 = ORIENTED_EDGE ( 'NONE', *, *, #2262, .F. ) ;
#3221 = EDGE_CURVE ( 'NONE', #3510, #5551, #2116, .T. ) ;
#3222 = ORIENTED_EDGE ( 'NONE', *, *, #2914, .F. ) ;
#3223 = ORIENTED_EDGE ( 'NONE', *, *, #186, .T. ) ;
#3224 = CARTESIAN_POINT ( 'NONE',  ( 0.000000000000000000, -10.41901085202106714, 40.68715046381925049 ) ) ;
#3225 = FACE_OUTER_BOUND ( 'NONE', #2184, .T. ) ;
#3226 = DIRECTION ( 'NONE',  ( 0.000000000000000000, 0.8090169943749445647, 0.5877852522924772449 ) ) ;
#3227 = CARTESIAN_POINT ( 'NONE',  ( 3.500000000000000444, -39.04073710021355481, 15.48615015657567895 ) ) ;
#3228 = DIRECTION ( 'NONE',  ( -1.000000000000000000, 0.000000000000000000, -0.000000000000000000 ) ) ;
#3229 = ORIENTED_EDGE ( 'NONE', *, *, #3497, .T. ) ;
#3230 = LINE ( 'NONE', #3260, #6012 ) ;
#3231 = DIRECTION ( 'NONE',  ( 0.000000000000000000, -0.3090169943749548342, 0.9510565162951511997 ) ) ;
#3232 = CYLINDRICAL_SURFACE ( 'NONE', #5572, 37.49900000000000233 ) ;
#3233 = CARTESIAN_POINT ( 'NONE',  ( -8.000050800000000351, 1.224646799147353256E-15, 10.00000000000000000 ) ) ;
#3235 = VERTEX_POINT ( 'NONE', #2283 ) ;
#3234 = VERTEX_POINT ( 'NONE', #5911 ) ;
#3236 = EDGE_CURVE ( 'NONE', #6255, #4645, #6374, .T. ) ;
#3237 = ADVANCED_FACE ( 'NONE', ( #1317 ), #6341, .T. ) ;
#3238 = DIRECTION ( 'NONE',  ( -1.000000000000000000, 0.000000000000000000, -0.000000000000000000 ) ) ;
#3239 = FACE_OUTER_BOUND ( 'NONE', #3402, .T. ) ;
#3241 = VERTEX_POINT ( 'NONE', #882 ) ;
#3240 = FACE_BOUND ( 'NONE', #2825, .T. ) ;
#3242 = DIRECTION ( 'NONE',  ( 0.000000000000000000, 0.000000000000000000, 1.000000000000000000 ) ) ;
#3243 = DIRECTION ( 'NONE',  ( -1.000000000000000000, -0.000000000000000000, -0.000000000000000000 ) ) ;
#3244 = DIRECTION ( 'NONE',  ( 0.000000000000000000, 0.000000000000000000, 1.000000000000000000 ) ) ;
#3245 = FACE_OUTER_BOUND ( 'NONE', #5386, .T. ) ;
#3246 = AXIS2_PLACEMENT_3D ( 'NONE', #4358, #784, #4848 ) ;
#3247 = CIRCLE ( 'NONE', #6304, 16.00000000000000000 ) ;
#3248 = ORIENTED_EDGE ( 'NONE', *, *, #5369, .T. ) ;
#3249 = ORIENTED_EDGE ( 'NONE', *, *, #6403, .F. ) ;
#3250 = ORIENTED_EDGE ( 'NONE', *, *, #3470, .F. ) ;
#3251 = DIRECTION ( 'NONE',  ( 0.000000000000000000, 0.000000000000000000, 1.000000000000000000 ) ) ;
#3252 = LINE ( 'NONE', #1164, #529 ) ;
#3253 = AXIS2_PLACEMENT_3D ( 'NONE', #1268, #4707, #181 ) ;
#3254 = CARTESIAN_POINT ( 'NONE',  ( 7.000000000000000888, -10.41901085202106714, 40.68715046381925049 ) ) ;
#3255 = EDGE_CURVE ( 'NONE', #77, #1838, #864, .T. ) ;
#3256 = DIRECTION ( 'NONE',  ( 1.000000000000000000, -0.000000000000000000, -0.000000000000000000 ) ) ;
#3257 = FACE_OUTER_BOUND ( 'NONE', #4429, .T. ) ;
#3258 = AXIS2_PLACEMENT_3D ( 'NONE', #4798, #3747, #731 ) ;
#3259 = ORIENTED_EDGE ( 'NONE', *, *, #5949, .T. ) ;
#3260 = CARTESIAN_POINT ( 'NONE',  ( 3.500000000000001332, -36.13751322684434797, 21.40280677340357940 ) ) ;
#3261 = DIRECTION ( 'NONE',  ( -1.000000000000000000, 0.000000000000000000, 0.000000000000000000 ) ) ;
#3262 = CARTESIAN_POINT ( 'NONE',  ( 7.000000000000000888, 37.22597642581157373, -5.202137450156527620 ) ) ;
#3263 = EDGE_CURVE ( 'NONE', #679, #1896, #5806, .T. ) ;
#3264 = CYLINDRICAL_SURFACE ( 'NONE', #5957, 16.00000000000000000 ) ;
#3265 = AXIS2_PLACEMENT_3D ( 'NONE', #3036, #4132, #5043 ) ;
#3267 = ORIENTED_EDGE ( 'NONE', *, *, #1339, .F. ) ;
#3266 = VERTEX_POINT ( 'NONE', #4882 ) ;
#3268 = CARTESIAN_POINT ( 'NONE',  ( 0.000000000000000000, 10.96151621346540317, -35.95386929396244113 ) ) ;
#3269 = DIRECTION ( 'NONE',  ( 0.000000000000000000, -0.8910065241883721177, 0.4539904997395382003 ) ) ;
#3270 = ADVANCED_FACE ( 'NONE', ( #4786 ), #6305, .T. ) ;
#3271 = AXIS2_PLACEMENT_3D ( 'NONE', #617, #5642, #122 ) ;
#3273 = VERTEX_POINT ( 'NONE', #4390 ) ;
#3272 = ORIENTED_EDGE ( 'NONE', *, *, #5529, .T. ) ;
#3274 = AXIS2_PLACEMENT_3D ( 'NONE', #1370, #2877, #2383 ) ;
#3275 = CARTESIAN_POINT ( 'NONE',  ( 7.000000000000000888, -37.58145647212454321, 16.68533520207890319 ) ) ;
#3276 = EDGE_CURVE ( 'NONE', #2433, #5758, #5311, .T. ) ;
#3277 = CARTESIAN_POINT ( 'NONE',  ( 0.000000000000000000, 22.48208911017551159, -35.47612816024499693 ) ) ;
#3278 = AXIS2_PLACEMENT_3D ( 'NONE', #5892, #6388, #927 ) ;
#3279 = AXIS2_PLACEMENT_3D ( 'NONE', #1725, #4706, #3724 ) ;
#3280 = CARTESIAN_POINT ( 'NONE',  ( 7.000000000000000888, -0.6853352020793137545, 37.58145647212452900 ) ) ;
#3281 = CARTESIAN_POINT ( 'NONE',  ( 7.000000000000000888, 0.000000000000000000, 0.000000000000000000 ) ) ;
#3282 = ORIENTED_EDGE ( 'NONE', *, *, #284, .F. ) ;
#3283 = ORIENTED_EDGE ( 'NONE', *, *, #291, .T. ) ;
#3284 = ORIENTED_EDGE ( 'NONE', *, *, #3927, .F. ) ;
#3285 = EDGE_CURVE ( 'NONE', #5782, #3808, #4529, .T. ) ;
#3286 = AXIS2_PLACEMENT_3D ( 'NONE', #3280, #5219, #1769 ) ;
#3287 = AXIS2_PLACEMENT_3D ( 'NONE', #2088, #1478, #5084 ) ;
#3288 = DIRECTION ( 'NONE',  ( 0.000000000000000000, 0.000000000000000000, 1.000000000000000000 ) ) ;
#3289 = CARTESIAN_POINT ( 'NONE',  ( 7.000000000000000888, -37.48860685352291711, 0.8828120875899322373 ) ) ;
#3290 = DIRECTION ( 'NONE',  ( -1.000000000000000000, 0.000000000000000000, -0.000000000000000000 ) ) ;
#3291 = LINE ( 'NONE', #6228, #5810 ) ;
#3292 = LINE ( 'NONE', #1721, #5576 ) ;
#3293 = CIRCLE ( 'NONE', #4129, 16.00000000000000355 ) ;
#3294 = CIRCLE ( 'NONE', #3498, 42.00000000000000000 ) ;
#3295 = VERTEX_POINT ( 'NONE', #1795 ) ;
#3296 = EDGE_CURVE ( 'NONE', #888, #311, #4747, .T. ) ;
#3297 = DIRECTION ( 'NONE',  ( -1.000000000000000000, 0.000000000000000000, 0.000000000000000000 ) ) ;
#3298 = CARTESIAN_POINT ( 'NONE',  ( -10.00000000000000000, 0.000000000000000000, 0.000000000000000000 ) ) ;
#3299 = DIRECTION ( 'NONE',  ( -1.000000000000000000, 0.000000000000000000, 0.000000000000000000 ) ) ;
#3300 = DIRECTION ( 'NONE',  ( 0.000000000000000000, 0.000000000000000000, 1.000000000000000000 ) ) ;
#3302 = ORIENTED_EDGE ( 'NONE', *, *, #3449, .T. ) ;
#3301 = ORIENTED_EDGE ( 'NONE', *, *, #2177, .T. ) ;
#3303 = DIRECTION ( 'NONE',  ( 0.000000000000000000, -0.1564344650402170744, -0.9876883405951398798 ) ) ;
#3304 = DIRECTION ( 'NONE',  ( -1.000000000000000000, 0.000000000000000000, 0.000000000000000000 ) ) ;
#3305 = CIRCLE ( 'NONE', #2466, 16.00000000000000000 ) ;
#3307 = ORIENTED_EDGE ( 'NONE', *, *, #512, .T. ) ;
#3306 = ORIENTED_EDGE ( 'NONE', *, *, #4669, .T. ) ;
#3308 = DIRECTION ( 'NONE',  ( 1.000000000000000000, 0.000000000000000000, 0.000000000000000000 ) ) ;
#3309 = DIRECTION ( 'NONE',  ( 0.000000000000000000, 0.000000000000000000, 1.000000000000000000 ) ) ;
#3310 = EDGE_CURVE ( 'NONE', #2074, #5782, #3076, .T. ) ;
#3311 = DIRECTION ( 'NONE',  ( 0.000000000000000000, 0.000000000000000000, 1.000000000000000000 ) ) ;
#3312 = CARTESIAN_POINT ( 'NONE',  ( 4.000000000000000000, 0.000000000000000000, 0.000000000000000000 ) ) ;
#3313 = ORIENTED_EDGE ( 'NONE', *, *, #447, .T. ) ;
#3314 = ORIENTED_EDGE ( 'NONE', *, *, #6403, .T. ) ;
#3315 = ORIENTED_EDGE ( 'NONE', *, *, #4582, .T. ) ;
#3316 = CYLINDRICAL_SURFACE ( 'NONE', #3393, 16.00000000000000000 ) ;
#3317 = SHAPE_REPRESENTATION_RELATIONSHIP ( 'NONE' , 'NONE' ,  #5216, #2787 ) ;
#3318 = DIRECTION ( 'NONE',  ( 0.000000000000000000, 0.000000000000000000, 1.000000000000000000 ) ) ;
#3319 = CARTESIAN_POINT ( 'NONE',  ( 7.000000000000000888, -17.67226234102849247, 33.17418723428301774 ) ) ;
#3320 = EDGE_CURVE ( 'NONE', #5734, #1915, #846, .T. ) ;
#3321 = EDGE_CURVE ( 'NONE', #3381, #2433, #1720, .T. ) ;
#3322 = LINE ( 'NONE', #6289, #2112 ) ;
#3323 = ORIENTED_EDGE ( 'NONE', *, *, #3046, .T. ) ;
#3324 = ORIENTED_EDGE ( 'NONE', *, *, #4038, .F. ) ;
#3325 = DIRECTION ( 'NONE',  ( 0.000000000000000000, 0.8910065241883688980, -0.4539904997395445840 ) ) ;
#3326 = DIRECTION ( 'NONE',  ( 0.000000000000000000, 0.000000000000000000, -1.000000000000000000 ) ) ;
#3327 = DIRECTION ( 'NONE',  ( -1.000000000000000000, -0.000000000000000000, -0.000000000000000000 ) ) ;
#3328 = CARTESIAN_POINT ( 'NONE',  ( 0.000000000000000000, 38.55633173627034438, -16.65560815589369525 ) ) ;
#3329 = EDGE_CURVE ( 'NONE', #1196, #4392, #4811, .T. ) ;
#3331 = ORIENTED_EDGE ( 'NONE', *, *, #5171, .F. ) ;
#3330 = ORIENTED_EDGE ( 'NONE', *, *, #194, .T. ) ;
#3332 = CARTESIAN_POINT ( 'NONE',  ( 0.000000000000000000, 41.81611651403867569, -3.925862922255708209 ) ) ;
#3333 = FACE_OUTER_BOUND ( 'NONE', #895, .T. ) ;
#3334 = EDGE_CURVE ( 'NONE', #2114, #793, #6435, .T. ) ;
#3335 = DIRECTION ( 'NONE',  ( 1.000000000000000000, 0.000000000000000000, 0.000000000000000000 ) ) ;
#3337 = ORIENTED_EDGE ( 'NONE', *, *, #2941, .T. ) ;
#3336 = VERTEX_POINT ( 'NONE', #2601 ) ;
#3338 = CARTESIAN_POINT ( 'NONE',  ( 7.000000000000000888, -38.55633173627023069, 16.65560815589396526 ) ) ;
#3339 = VECTOR ( 'NONE', #3912, 1000.000000000000000 ) ;
#3340 = DIRECTION ( 'NONE',  ( -1.000000000000000000, -0.000000000000000000, 0.000000000000000000 ) ) ;
#3341 = ADVANCED_FACE ( 'NONE', ( #3584 ), #4642, .T. ) ;
#3342 = CARTESIAN_POINT ( 'NONE',  ( -10.00000000000000000, 0.000000000000000000, 0.000000000000000000 ) ) ;
#3343 = CARTESIAN_POINT ( 'NONE',  ( -1.677325559449341918, 9.981691101807561139, 0.6242243825903578403 ) ) ;
#3344 = ORIENTED_EDGE ( 'NONE', *, *, #1439, .T. ) ;
#3345 = ORIENTED_EDGE ( 'NONE', *, *, #3884, .T. ) ;
#3346 = DIRECTION ( 'NONE',  ( -1.000000000000000000, 0.000000000000000000, 0.000000000000000000 ) ) ;
#3347 = PERSON_AND_ORGANIZATION ( #4357, #2203 ) ;
#3348 = DIRECTION ( 'NONE',  ( -1.000000000000000000, -0.000000000000000000, -0.000000000000000000 ) ) ;
#3349 = AXIS2_PLACEMENT_3D ( 'NONE', #624, #3641, #5812 ) ;
#3350 = DIRECTION ( 'NONE',  ( -1.000000000000000000, 0.000000000000000000, 0.000000000000000000 ) ) ;
#3351 = AXIS2_PLACEMENT_3D ( 'NONE', #305, #4280, #3824 ) ;
#3352 = DIRECTION ( 'NONE',  ( -1.000000000000000000, 0.000000000000000000, -0.000000000000000000 ) ) ;
#3353 = EDGE_CURVE ( 'NONE', #1008, #3952, #2571, .T. ) ;
#3354 = ORIENTED_EDGE ( 'NONE', *, *, #4999, .T. ) ;
#3355 = AXIS2_PLACEMENT_3D ( 'NONE', #2997, #4478, #380 ) ;
#3356 = CIRCLE ( 'NONE', #6512, 16.00000000000000000 ) ;
#3357 = DIRECTION ( 'NONE',  ( 0.000000000000000000, 0.8910065241883688980, -0.4539904997395446951 ) ) ;
#3358 = EDGE_CURVE ( 'NONE', #37, #2080, #254, .T. ) ;
#3359 = DIRECTION ( 'NONE',  ( -1.000000000000000000, -0.000000000000000000, 0.000000000000000000 ) ) ;
#3360 = DIRECTION ( 'NONE',  ( -1.000000000000000000, 0.000000000000000000, 0.000000000000000000 ) ) ;
#3361 = CARTESIAN_POINT ( 'NONE',  ( 0.000000000000000000, -35.95386929396247666, -10.96151621346525928 ) ) ;
#3362 = CIRCLE ( 'NONE', #2310, 16.00000000000000355 ) ;
#3364 = VERTEX_POINT ( 'NONE', #2451 ) ;
#3363 = ORIENTED_EDGE ( 'NONE', *, *, #6365, .T. ) ;
#3365 = CARTESIAN_POINT ( 'NONE',  ( 0.000000000000000000, -12.26510123303283883, 35.53030884539080603 ) ) ;
#3366 = AXIS2_PLACEMENT_3D ( 'NONE', #359, #4363, #4758 ) ;
#3367 = EDGE_CURVE ( 'NONE', #2804, #991, #866, .T. ) ;
#3368 = DIRECTION ( 'NONE',  ( -1.000000000000000000, -0.000000000000000000, -0.000000000000000000 ) ) ;
#3369 = CARTESIAN_POINT ( 'NONE',  ( 7.000000000000000888, -22.64427369931147638, -30.00120703465229610 ) ) ;
#3370 = VECTOR ( 'NONE', #3299, 1000.000000000000000 ) ;
#3372 = ORIENTED_EDGE ( 'NONE', *, *, #3201, .T. ) ;
#3371 = VERTEX_POINT ( 'NONE', #4179 ) ;
#3373 = CIRCLE ( 'NONE', #4735, 16.00000000000000000 ) ;
#3374 = EDGE_CURVE ( 'NONE', #991, #6487, #5164, .T. ) ;
#3375 = DIRECTION ( 'NONE',  ( -1.000000000000000000, 0.000000000000000000, 0.000000000000000000 ) ) ;
#3376 = DIRECTION ( 'NONE',  ( -1.000000000000000000, 0.000000000000000000, -0.000000000000000000 ) ) ;
#3377 = AXIS2_PLACEMENT_3D ( 'NONE', #4688, #1146, #654 ) ;
#3378 = CIRCLE ( 'NONE', #2850, 42.00000000000000000 ) ;
#3379 = CARTESIAN_POINT ( 'NONE',  ( -4.000050800000000351, 9.707728879609279105, 2.399999999999999023 ) ) ;
#3380 = AXIS2_PLACEMENT_3D ( 'NONE', #5000, #4509, #4251 ) ;
#3381 = VERTEX_POINT ( 'NONE', #5660 ) ;
#3382 = ORIENTED_EDGE ( 'NONE', *, *, #3221, .F. ) ;
#3383 = ADVANCED_FACE ( 'NONE', ( #2141 ), #2938, .T. ) ;
#3384 = LINE ( 'NONE', #1841, #1507 ) ;
#3385 = CIRCLE ( 'NONE', #554, 16.00000000000000355 ) ;
#3386 = AXIS2_PLACEMENT_3D ( 'NONE', #3974, #5991, #6488 ) ;
#3387 = DATE_AND_TIME ( #1868, #1480 ) ;
#3388 = CARTESIAN_POINT ( 'NONE',  ( 0.000000000000000000, 0.000000000000000000, 0.000000000000000000 ) ) ;
#3389 = CARTESIAN_POINT ( 'NONE',  ( 0.000000000000000000, 0.000000000000000000, 0.000000000000000000 ) ) ;
#3390 = DIRECTION ( 'NONE',  ( -1.000000000000000000, 0.000000000000000000, 0.000000000000000000 ) ) ;
#3391 = ORIENTED_EDGE ( 'NONE', *, *, #872, .T. ) ;
#3392 = AXIS2_PLACEMENT_3D ( 'NONE', #1349, #5413, #456 ) ;
#3393 = AXIS2_PLACEMENT_3D ( 'NONE', #4797, #6454, #859 ) ;
#3394 = EDGE_LOOP ( 'NONE', ( #1641, #2665, #5504, #3130 ) ) ;
#3395 = CARTESIAN_POINT ( 'NONE',  ( 7.000000000000000888, 33.80338159004283938, 16.23288003029508886 ) ) ;
#3396 = DIRECTION ( 'NONE',  ( -1.000000000000000000, 0.000000000000000000, 0.000000000000000000 ) ) ;
#3397 = LINE ( 'NONE', #2899, #890 ) ;
#3398 = CIRCLE ( 'NONE', #1922, 15.99999999999999822 ) ;
#3399 = DIRECTION ( 'NONE',  ( 0.000000000000000000, -0.8090169943749402348, -0.5877852522924830181 ) ) ;
#3400 = ADVANCED_FACE ( 'NONE', ( #1106 ), #575, .T. ) ;
#3402 = EDGE_LOOP ( 'NONE', ( #3820, #745, #4449, #2185 ) ) ;
#3401 = ORIENTED_EDGE ( 'NONE', *, *, #6230, .T. ) ;
#3403 = CYLINDRICAL_SURFACE ( 'NONE', #6438, 42.00000000000000000 ) ;
#3404 = DIRECTION ( 'NONE',  ( 0.000000000000000000, 0.000000000000000000, 1.000000000000000000 ) ) ;
#3405 = DIRECTION ( 'NONE',  ( -1.000000000000000000, 0.000000000000000000, 0.000000000000000000 ) ) ;
#3406 = EDGE_CURVE ( 'NONE', #6443, #6195, #5434, .T. ) ;
#3407 = EDGE_CURVE ( 'NONE', #1360, #2673, #6224, .T. ) ;
#3409 = ORIENTED_EDGE ( 'NONE', *, *, #113, .F. ) ;
#3408 = ORIENTED_EDGE ( 'NONE', *, *, #6060, .F. ) ;
#3410 = CARTESIAN_POINT ( 'NONE',  ( 0.000000000000000000, -38.55633173626998911, -16.65560815589451948 ) ) ;
#3411 = CIRCLE ( 'NONE', #4566, 16.00000000000000000 ) ;
#3412 = LINE ( 'NONE', #5882, #1712 ) ;
#3413 = ADVANCED_FACE ( 'NONE', ( #639 ), #2672, .T. ) ;
#3414 = DIRECTION ( 'NONE',  ( 0.000000000000000000, 0.5877852522924742473, -0.8090169943749465631 ) ) ;
#3415 = VERTEX_POINT ( 'NONE', #2172 ) ;
#3416 = ORIENTED_EDGE ( 'NONE', *, *, #2384, .T. ) ;
#3417 = CARTESIAN_POINT ( 'NONE',  ( 3.500000000000000444, 10.41901085202135135, -40.68715046381917944 ) ) ;
#3418 = DIRECTION ( 'NONE',  ( -1.000000000000000000, 0.000000000000000000, -0.000000000000000000 ) ) ;
#3419 = CARTESIAN_POINT ( 'NONE',  ( 7.000000000000000888, 0.8828120875900632436, 37.48860685352291000 ) ) ;
#3420 = FACE_OUTER_BOUND ( 'NONE', #4096, .T. ) ;
#3421 = EDGE_LOOP ( 'NONE', ( #6276, #1977, #2915, #5384 ) ) ;
#3422 = ORIENTED_EDGE ( 'NONE', *, *, #5229, .T. ) ;
#3423 = DIRECTION ( 'NONE',  ( -1.000000000000000000, -0.000000000000000000, 0.000000000000000000 ) ) ;
#3424 = FACE_OUTER_BOUND ( 'NONE', #2142, .T. ) ;
#3425 = VECTOR ( 'NONE', #871, 1000.000000000000000 ) ;
#3426 = DIRECTION ( 'NONE',  ( 0.000000000000000000, 0.000000000000000000, 1.000000000000000000 ) ) ;
#3427 = DIRECTION ( 'NONE',  ( 1.000000000000000000, 0.000000000000000000, 0.000000000000000000 ) ) ;
#3428 = EDGE_CURVE ( 'NONE', #3667, #3266, #3378, .T. ) ;
#3429 = CIRCLE ( 'NONE', #5211, 16.00000000000000355 ) ;
#3431 = VERTEX_POINT ( 'NONE', #6164 ) ;
#3430 = VERTEX_POINT ( 'NONE', #606 ) ;
#3432 = DIRECTION ( 'NONE',  ( -1.000000000000000000, -0.000000000000000000, -0.000000000000000000 ) ) ;
#3433 = CARTESIAN_POINT ( 'NONE',  ( 3.500000000000000444, 35.47612816024523852, 22.48208911017512790 ) ) ;
#3434 = CARTESIAN_POINT ( 'NONE',  ( 7.000000000000000888, -35.38097989696503021, -12.42422080174676147 ) ) ;
#3436 = EDGE_LOOP ( 'NONE', ( #2553, #4729, #5870, #5224 ) ) ;
#3435 = VERTEX_POINT ( 'NONE', #3434 ) ;
#3437 = ADVANCED_FACE ( 'NONE', ( #677 ), #6472, .T. ) ;
#3438 = LINE ( 'NONE', #5921, #5919 ) ;
#3439 = DIRECTION ( 'NONE',  ( -1.000000000000000000, 0.000000000000000000, 0.000000000000000000 ) ) ;
#3440 = VERTEX_POINT ( 'NONE', #1464 ) ;
#3441 = ORIENTED_EDGE ( 'NONE', *, *, #551, .F. ) ;
#3442 = DIRECTION ( 'NONE',  ( -1.000000000000000000, 0.000000000000000000, 0.000000000000000000 ) ) ;
#3443 = ADVANCED_FACE ( 'NONE', ( #3058 ), #3462, .T. ) ;
#3444 = LINE ( 'NONE', #2919, #198 ) ;
#3445 = DIRECTION ( 'NONE',  ( -1.000000000000000000, 0.000000000000000000, 0.000000000000000000 ) ) ;
#3446 = DIRECTION ( 'NONE',  ( 0.000000000000000000, 0.000000000000000000, -1.000000000000000000 ) ) ;
#3447 = VERTEX_POINT ( 'NONE', #3781 ) ;
#3448 = CARTESIAN_POINT ( 'NONE',  ( -4.000050800000000351, 41.91543099594818500, -2.399999999999999023 ) ) ;
#3449 = EDGE_CURVE ( 'NONE', #902, #2646, #4775, .T. ) ;
#3450 = LINE ( 'NONE', #4874, #1789 ) ;
#3451 = CIRCLE ( 'NONE', #4294, 16.00000000000000000 ) ;
#3452 = AXIS2_PLACEMENT_3D ( 'NONE', #4615, #4554, #49 ) ;
#3453 = CARTESIAN_POINT ( 'NONE',  ( 7.000000000000000888, -36.88895765772628010, -6.736453364083947015 ) ) ;
#3454 = DIRECTION ( 'NONE',  ( -1.000000000000000000, 0.000000000000000000, 0.000000000000000000 ) ) ;
#3455 = CIRCLE ( 'NONE', #4299, 16.00000000000000000 ) ;
#3456 = AXIS2_PLACEMENT_3D ( 'NONE', #3132, #80, #542 ) ;
#3458 = ORIENTED_EDGE ( 'NONE', *, *, #5143, .T. ) ;
#3457 = VERTEX_POINT ( 'NONE', #5764 ) ;
#3459 = CYLINDRICAL_SURFACE ( 'NONE', #5909, 37.49900000000000233 ) ;
#3460 = EDGE_CURVE ( 'NONE', #1859, #4523, #4530, .T. ) ;
#3461 = DIRECTION ( 'NONE',  ( 0.000000000000000000, 0.8910065241883657894, 0.4539904997395509678 ) ) ;
#3462 = CYLINDRICAL_SURFACE ( 'NONE', #549, 37.49900000000000233 ) ;
#3464 = ORIENTED_EDGE ( 'NONE', *, *, #1517, .T. ) ;
#3463 = EDGE_LOOP ( 'NONE', ( #3841, #5904, #4998, #4354 ) ) ;
#3465 = APPROVAL_PERSON_ORGANIZATION ( #2860, #5435, #2918 ) ;
#3466 = AXIS2_PLACEMENT_3D ( 'NONE', #788, #5314, #817 ) ;
#3467 = LINE ( 'NONE', #1953, #6342 ) ;
#3468 = DIRECTION ( 'NONE',  ( -1.000000000000000000, 0.000000000000000000, 0.000000000000000000 ) ) ;
#3469 = AXIS2_PLACEMENT_3D ( 'NONE', #4756, #719, #5747 ) ;
#3470 = EDGE_CURVE ( 'NONE', #6203, #558, #2700, .T. ) ;
#3471 = ORIENTED_EDGE ( 'NONE', *, *, #5597, .F. ) ;
#3472 = ORIENTED_EDGE ( 'NONE', *, *, #3108, .T. ) ;
#3473 = DIRECTION ( 'NONE',  ( 0.000000000000000000, 0.000000000000000000, 1.000000000000000000 ) ) ;
#3474 = PERSON_AND_ORGANIZATION ( #4357, #2203 ) ;
#3475 = CARTESIAN_POINT ( 'NONE',  ( 7.000000000000000888, 33.80338159004283938, 16.23288003029508886 ) ) ;
#3476 = AXIS2_PLACEMENT_3D ( 'NONE', #5698, #2765, #735 ) ;
#3477 = CARTESIAN_POINT ( 'NONE',  ( 0.000000000000000000, 0.000000000000000000, 0.000000000000000000 ) ) ;
#3478 = DIRECTION ( 'NONE',  ( 1.000000000000000000, 0.000000000000000000, 0.000000000000000000 ) ) ;
#3479 = ADVANCED_FACE ( 'NONE', ( #3257 ), #5732, .T. ) ;
#3480 = VERTEX_POINT ( 'NONE', #4212 ) ;
#3481 = AXIS2_PLACEMENT_3D ( 'NONE', #705, #3682, #5763 ) ;
#3482 = ORIENTED_EDGE ( 'NONE', *, *, #5869, .F. ) ;
#3483 = AXIS2_PLACEMENT_3D ( 'NONE', #1518, #1546, #1157 ) ;
#3484 = FACE_OUTER_BOUND ( 'NONE', #5828, .T. ) ;
#3485 = DIRECTION ( 'NONE',  ( -1.000000000000000000, -0.000000000000000000, 0.000000000000000000 ) ) ;
#3486 = CARTESIAN_POINT ( 'NONE',  ( 0.000000000000000000, 0.000000000000000000, 0.000000000000000000 ) ) ;
#3487 = CARTESIAN_POINT ( 'NONE',  ( 7.000000000000000888, 12.26510123303259370, 35.53030884539089129 ) ) ;
#3488 = AXIS2_PLACEMENT_3D ( 'NONE', #1059, #5060, #2567 ) ;
#3489 = EDGE_CURVE ( 'NONE', #2803, #1415, #5051, .T. ) ;
#3490 = ORIENTED_EDGE ( 'NONE', *, *, #1584, .F. ) ;
#3491 = PERSON ( 'NAUO-PER1', 'UNSPECIFIED', 'UNSPECIFIED', ('UNSPECIFIED'), ('UNSPECIFIED'), ('UNSPECIFIED') ) ;
#3493 = ORIENTED_EDGE ( 'NONE', *, *, #4826, .F. ) ;
#3492 = VERTEX_POINT ( 'NONE', #1263 ) ;
#3494 = CYLINDRICAL_SURFACE ( 'NONE', #5807, 16.00000000000000000 ) ;
#3495 = AXIS2_PLACEMENT_3D ( 'NONE', #4098, #92, #985 ) ;
#3496 = CARTESIAN_POINT ( 'NONE',  ( 7.000000000000000888, 32.34446384430009402, -26.79245525562679831 ) ) ;
#3497 = EDGE_CURVE ( 'NONE', #2525, #6186, #3899, .T. ) ;
#3498 = AXIS2_PLACEMENT_3D ( 'NONE', #1337, #636, #1624 ) ;
#3500 = EDGE_LOOP ( 'NONE', ( #4927, #5192, #4508, #688 ) ) ;
#3499 = ORIENTED_EDGE ( 'NONE', *, *, #25, .T. ) ;
#3501 = FACE_OUTER_BOUND ( 'NONE', #1256, .T. ) ;
#3502 = CARTESIAN_POINT ( 'NONE',  ( 7.000000000000000888, -10.96151621346514560, 35.95386929396251929 ) ) ;
#3503 = ORIENTED_EDGE ( 'NONE', *, *, #3756, .F. ) ;
#3504 = ORIENTED_EDGE ( 'NONE', *, *, #5611, .F. ) ;
#3505 = DIRECTION ( 'NONE',  ( -1.000000000000000000, 0.000000000000000000, 0.000000000000000000 ) ) ;
#3506 = PERSON_AND_ORGANIZATION_ROLE ( 'creator' ) ;
#3507 = CARTESIAN_POINT ( 'NONE',  ( 7.000000000000000888, -5.202137450156131493, -37.22597642581163058 ) ) ;
#3508 = CARTESIAN_POINT ( 'NONE',  ( 0.000000000000000000, 10.41901085202077937, 40.68715046381932865 ) ) ;
#3509 = CARTESIAN_POINT ( 'NONE',  ( 7.000000000000000888, -0.8828120875903202602, 37.48860685352291000 ) ) ;
#3510 = VERTEX_POINT ( 'NONE', #5265 ) ;
#3511 = EDGE_LOOP ( 'NONE', ( #5141, #5092, #208, #1460 ) ) ;
#3512 = CARTESIAN_POINT ( 'NONE',  ( -4.402200513197200848, 1.841746809970007837, -2.368206664834168862 ) ) ;
#3513 = LINE ( 'NONE', #603, #845 ) ;
#3514 = ADVANCED_FACE ( 'NONE', ( #769 ), #4738, .T. ) ;
#3515 = CARTESIAN_POINT ( 'NONE',  ( 7.000000000000000888, -26.08949754953043865, 27.05870788708222108 ) ) ;
#3516 = EDGE_CURVE ( 'NONE', #4913, #1694, #2339, .T. ) ;
#3517 = DIRECTION ( 'NONE',  ( 0.000000000000000000, 0.000000000000000000, 1.000000000000000000 ) ) ;
#3518 = ORIENTED_EDGE ( 'NONE', *, *, #5143, .F. ) ;
#3520 = ORIENTED_EDGE ( 'NONE', *, *, #2934, .F. ) ;
#3519 = ORIENTED_EDGE ( 'NONE', *, *, #5455, .T. ) ;
#3521 = AXIS2_PLACEMENT_3D ( 'NONE', #638, #605, #5631 ) ;
#3522 = FACE_OUTER_BOUND ( 'NONE', #5444, .T. ) ;
#3523 = CARTESIAN_POINT ( 'NONE',  ( 7.000000000000000888, 22.48208911017551159, -35.47612816024499693 ) ) ;
#3524 = DIRECTION ( 'NONE',  ( -1.000000000000000000, 0.000000000000000000, -0.000000000000000000 ) ) ;
#3525 = EDGE_CURVE ( 'NONE', #698, #701, #440, .T. ) ;
#3526 = DIRECTION ( 'NONE',  ( 0.000000000000000000, 0.000000000000000000, 1.000000000000000000 ) ) ;
#3527 = AXIS2_PLACEMENT_3D ( 'NONE', #5708, #3755, #2309 ) ;
#3529 = EDGE_LOOP ( 'NONE', ( #5340, #6046, #1220, #3283 ) ) ;
#3528 = ORIENTED_EDGE ( 'NONE', *, *, #5750, .F. ) ;
#3530 = EDGE_CURVE ( 'NONE', #5004, #6369, #3322, .T. ) ;
#3531 = CARTESIAN_POINT ( 'NONE',  ( -6.156752820080125588, 9.944241232120544893, -1.064523097213973202 ) ) ;
#3532 = DIRECTION ( 'NONE',  ( -1.000000000000000000, 0.000000000000000000, -0.000000000000000000 ) ) ;
#3533 = ORIENTED_EDGE ( 'NONE', *, *, #6196, .T. ) ;
#3534 = VERTEX_POINT ( 'NONE', #5327 ) ;
#3535 = LINE ( 'NONE', #6507, #4438 ) ;
#3536 = ADVANCED_FACE ( 'NONE', ( #6231 ), #829, .T. ) ;
#3537 = PERSON_AND_ORGANIZATION ( #4357, #2203 ) ;
#3538 = CARTESIAN_POINT ( 'NONE',  ( 0.000000000000000000, 32.34446384430009402, -26.79245525562679831 ) ) ;
#3539 = CYLINDRICAL_SURFACE ( 'NONE', #5173, 16.00000000000000000 ) ;
#3540 = CARTESIAN_POINT ( 'NONE',  ( 7.000000000000000888, 27.75498641678786527, -31.52238457039571173 ) ) ;
#3541 = ORIENTED_EDGE ( 'NONE', *, *, #401, .F. ) ;
#3542 = DIRECTION ( 'NONE',  ( 0.000000000000000000, 0.7071067811865436870, 0.7071067811865513475 ) ) ;
#3543 = ORIENTED_EDGE ( 'NONE', *, *, #111, .F. ) ;
#3544 = CARTESIAN_POINT ( 'NONE',  ( -4.101786779845299158, 1.800000000000002709, -2.399999999999999023 ) ) ;
#3545 = AXIS2_PLACEMENT_3D ( 'NONE', #334, #926, #3941 ) ;
#3546 = CARTESIAN_POINT ( 'NONE',  ( 7.000000000000000888, 0.000000000000000000, 0.000000000000000000 ) ) ;
#3547 = DIRECTION ( 'NONE',  ( 0.000000000000000000, -0.9510565162951500895, -0.3090169943749583314 ) ) ;
#3548 = DIRECTION ( 'NONE',  ( -1.000000000000000000, 0.000000000000000000, 0.000000000000000000 ) ) ;
#3549 = EDGE_CURVE ( 'NONE', #2999, #1782, #2729, .T. ) ;
#3550 = VERTEX_POINT ( 'NONE', #2243 ) ;
#3551 = ORIENTED_EDGE ( 'NONE', *, *, #4516, .T. ) ;
#3552 = EDGE_CURVE ( 'NONE', #2804, #6317, #3292, .T. ) ;
#3553 = DIRECTION ( 'NONE',  ( 1.000000000000000000, 0.000000000000000000, 0.000000000000000000 ) ) ;
#3554 = DIRECTION ( 'NONE',  ( 1.000000000000000000, 0.000000000000000000, 0.000000000000000000 ) ) ;
#3555 = LINE ( 'NONE', #1660, #755 ) ;
#3556 = DIRECTION ( 'NONE',  ( -1.000000000000000000, 0.000000000000000000, 0.000000000000000000 ) ) ;
#3557 = AXIS2_PLACEMENT_3D ( 'NONE', #3043, #4491, #563 ) ;
#3558 = AXIS2_PLACEMENT_3D ( 'NONE', #3785, #3261, #4744 ) ;
#3560 = ORIENTED_EDGE ( 'NONE', *, *, #919, .F. ) ;
#3559 = ORIENTED_EDGE ( 'NONE', *, *, #4148, .F. ) ;
#3561 = VECTOR ( 'NONE', #2376, 1000.000000000000000 ) ;
#3562 = CARTESIAN_POINT ( 'NONE',  ( -5.808079888413969272, 9.874067476771630325, -1.585968741187264719 ) ) ;
#3563 = DIRECTION ( 'NONE',  ( 0.000000000000000000, 0.000000000000000000, -1.000000000000000000 ) ) ;
#3564 = AXIS2_PLACEMENT_3D ( 'NONE', #4733, #6320, #1260 ) ;
#3565 = VERTEX_POINT ( 'NONE', #1749 ) ;
#3566 = ADVANCED_FACE ( 'NONE', ( #4249 ), #2822, .T. ) ;
#3567 = ORIENTED_EDGE ( 'NONE', *, *, #2071, .T. ) ;
#3568 = DIRECTION ( 'NONE',  ( -1.000000000000000000, 0.000000000000000000, 0.000000000000000000 ) ) ;
#3569 = CIRCLE ( 'NONE', #2314, 37.49900000000000233 ) ;
#3570 = SECURITY_CLASSIFICATION_LEVEL ( 'unclassified' ) ;
#3571 = CARTESIAN_POINT ( 'NONE',  ( 7.000000000000000888, -10.96151621346461447, -35.95386929396267561 ) ) ;
#3572 = DIRECTION ( 'NONE',  ( 0.000000000000000000, -0.1564344650402382242, 0.9876883405951366601 ) ) ;
#3573 = AXIS2_PLACEMENT_3D ( 'NONE', #2652, #4659, #1247 ) ;
#3574 = DIRECTION ( 'NONE',  ( -1.000000000000000000, -0.000000000000000000, 0.000000000000000000 ) ) ;
#3575 = AXIS2_PLACEMENT_3D ( 'NONE', #2208, #2278, #2676 ) ;
#3576 = VERTEX_POINT ( 'NONE', #4801 ) ;
#3577 = EDGE_CURVE ( 'NONE', #467, #3364, #340, .T. ) ;
#3578 = CARTESIAN_POINT ( 'NONE',  ( 7.000000000000000888, -35.53030884539076339, -12.26510123303296140 ) ) ;
#3579 = ORIENTED_EDGE ( 'NONE', *, *, #11, .F. ) ;
#3580 = LINE ( 'NONE', #2468, #2342 ) ;
#3581 = DIRECTION ( 'NONE',  ( -1.000000000000000000, 0.000000000000000000, -0.000000000000000000 ) ) ;
#3582 = DIRECTION ( 'NONE',  ( -1.000000000000000000, -0.000000000000000000, -0.000000000000000000 ) ) ;
#3583 = CARTESIAN_POINT ( 'NONE',  ( 3.500000000000001332, -10.41901085202050226, -40.68715046381939970 ) ) ;
#3584 = FACE_OUTER_BOUND ( 'NONE', #450, .T. ) ;
#3585 = AXIS2_PLACEMENT_3D ( 'NONE', #76, #1135, #2103 ) ;
#3586 = AXIS2_PLACEMENT_3D ( 'NONE', #2230, #168, #5191 ) ;
#3587 = VERTEX_POINT ( 'NONE', #2202 ) ;
#3588 = AXIS2_PLACEMENT_3D ( 'NONE', #1437, #2967, #5336 ) ;
#3589 = ORIENTED_EDGE ( 'NONE', *, *, #1055, .T. ) ;
#3590 = CARTESIAN_POINT ( 'NONE',  ( 0.000000000000000000, -21.32104025579091910, -30.84782396557241313 ) ) ;
#3591 = CARTESIAN_POINT ( 'NONE',  ( 7.000000000000000888, 0.000000000000000000, 3.000000000000000444 ) ) ;
#3592 = EDGE_CURVE ( 'NONE', #4104, #218, #3720, .T. ) ;
#3593 = AXIS2_PLACEMENT_3D ( 'NONE', #5299, #3779, #1332 ) ;
#3594 = CARTESIAN_POINT ( 'NONE',  ( 7.000000000000000888, 30.00120703465205452, 22.64427369931179257 ) ) ;
#3595 = AXIS2_PLACEMENT_3D ( 'NONE', #2374, #4381, #931 ) ;
#3596 = FACE_OUTER_BOUND ( 'NONE', #4961, .T. ) ;
#3597 = EDGE_CURVE ( 'NONE', #2015, #1228, #4109, .T. ) ;
#3599 = EDGE_LOOP ( 'NONE', ( #474, #2975, #385, #2195 ) ) ;
#3598 = VERTEX_POINT ( 'NONE', #2465 ) ;
#3600 = VECTOR ( 'NONE', #1286, 1000.000000000000000 ) ;
#3601 = AXIS2_PLACEMENT_3D ( 'NONE', #2818, #2889, #4398 ) ;
#3602 = EDGE_CURVE ( 'NONE', #3080, #5376, #6485, .T. ) ;
#3603 = ADVANCED_FACE ( 'NONE', ( #1483 ), #6459, .T. ) ;
#3604 = AXIS2_PLACEMENT_3D ( 'NONE', #5719, #4663, #3737 ) ;
#3605 = DIRECTION ( 'NONE',  ( -0.000000000000000000, -1.000000000000000000, -0.000000000000000000 ) ) ;
#3606 = CARTESIAN_POINT ( 'NONE',  ( 7.000000000000000888, 22.64427369931211587, -30.00120703465181293 ) ) ;
#3607 = ORIENTED_EDGE ( 'NONE', *, *, #5898, .F. ) ;
#3608 = ORIENTED_EDGE ( 'NONE', *, *, #692, .T. ) ;
#3609 = CARTESIAN_POINT ( 'NONE',  ( 7.000000000000000888, 5.202137450156391729, 37.22597642581159505 ) ) ;
#3610 = APPROVAL_STATUS ( 'not_yet_approved' ) ;
#3611 = DIRECTION ( 'NONE',  ( -1.000000000000000000, -0.000000000000000000, 0.000000000000000000 ) ) ;
#3612 = EDGE_CURVE ( 'NONE', #4621, #2655, #1287, .T. ) ;
#3613 = CARTESIAN_POINT ( 'NONE',  ( 0.000000000000000000, -30.84782396557201878, -21.32104025579148399 ) ) ;
#3614 = FACE_OUTER_BOUND ( 'NONE', #1007, .T. ) ;
#3615 = ORIENTED_EDGE ( 'NONE', *, *, #3285, .T. ) ;
#3616 = CARTESIAN_POINT ( 'NONE',  ( 7.000000000000000888, -35.38097989696503021, -12.42422080174676147 ) ) ;
#3617 = ORIENTED_EDGE ( 'NONE', *, *, #3407, .F. ) ;
#3618 = CARTESIAN_POINT ( 'NONE',  ( 0.000000000000000000, 33.80338159004283938, 16.23288003029508886 ) ) ;
#3619 = CARTESIAN_POINT ( 'NONE',  ( 0.000000000000000000, 21.32104025579114648, 30.84782396557224970 ) ) ;
#3620 = CARTESIAN_POINT ( 'NONE',  ( 0.000000000000000000, 25.88420570971438650, -27.13269053701069566 ) ) ;
#3621 = EDGE_CURVE ( 'NONE', #3435, #2713, #2214, .T. ) ;
#3622 = FACE_OUTER_BOUND ( 'NONE', #5933, .T. ) ;
#3623 = CARTESIAN_POINT ( 'NONE',  ( 7.000000000000000888, 0.000000000000000000, 0.000000000000000000 ) ) ;
#3624 = AXIS2_PLACEMENT_3D ( 'NONE', #3125, #5595, #6030 ) ;
#3625 = EDGE_LOOP ( 'NONE', ( #1327, #231, #1108, #5177 ) ) ;
#3626 = EDGE_LOOP ( 'NONE', ( #2330, #5361, #3998, #3337 ) ) ;
#3627 = FACE_OUTER_BOUND ( 'NONE', #1701, .T. ) ;
#3628 = FACE_OUTER_BOUND ( 'NONE', #1172, .T. ) ;
#3629 = CARTESIAN_POINT ( 'NONE',  ( 7.000000000000000888, 0.000000000000000000, 0.000000000000000000 ) ) ;
#3630 = ADVANCED_FACE ( 'NONE', ( #4377 ), #492, .T. ) ;
#3631 = CYLINDRICAL_SURFACE ( 'NONE', #5349, 16.00000000000000000 ) ;
#3633 = ORIENTED_EDGE ( 'NONE', *, *, #966, .T. ) ;
#3632 = VERTEX_POINT ( 'NONE', #5423 ) ;
#3634 = AXIS2_PLACEMENT_3D ( 'NONE', #1555, #1625, #4014 ) ;
#3635 = CARTESIAN_POINT ( 'NONE',  ( 7.000000000000000888, 0.000000000000000000, 0.000000000000000000 ) ) ;
#3636 = CARTESIAN_POINT ( 'NONE',  ( 0.000000000000000000, 0.000000000000000000, 0.000000000000000000 ) ) ;
#3637 = EDGE_LOOP ( 'NONE', ( #4460, #4872, #4071, #2023 ) ) ;
#3638 = ORIENTED_EDGE ( 'NONE', *, *, #1926, .T. ) ;
#3639 = ADVANCED_FACE ( 'NONE', ( #990, #3420 ), #5451, .F. ) ;
#3640 = CARTESIAN_POINT ( 'NONE',  ( 7.000000000000000888, 21.53537804866126137, -30.80686688396985318 ) ) ;
#3641 = DIRECTION ( 'NONE',  ( -1.000000000000000000, -0.000000000000000000, 0.000000000000000000 ) ) ;
#3642 = LINE ( 'NONE', #5290, #5282 ) ;
#3643 = CARTESIAN_POINT ( 'NONE',  ( 0.000000000000000000, -6.736453364083290651, -36.88895765772640090 ) ) ;
#3644 = ORIENTED_EDGE ( 'NONE', *, *, #5974, .T. ) ;
#3645 = DIRECTION ( 'NONE',  ( -1.000000000000000000, 0.000000000000000000, 0.000000000000000000 ) ) ;
#3646 = ORIENTED_EDGE ( 'NONE', *, *, #5325, .T. ) ;
#3647 = VERTEX_POINT ( 'NONE', #1453 ) ;
#3648 = DIRECTION ( 'NONE',  ( -1.000000000000000000, 0.000000000000000000, 0.000000000000000000 ) ) ;
#3649 = CARTESIAN_POINT ( 'NONE',  ( 0.000000000000000000, -0.8828120875898013420, -37.48860685352291711 ) ) ;
#3650 = CARTESIAN_POINT ( 'NONE',  ( 7.000000000000000888, -10.96151621346514560, 35.95386929396251929 ) ) ;
#3651 = DIRECTION ( 'NONE',  ( -1.000000000000000000, 0.000000000000000000, 0.000000000000000000 ) ) ;
#3652 = DIRECTION ( 'NONE',  ( 0.000000000000000000, 0.000000000000000000, 1.000000000000000000 ) ) ;
#3653 = VERTEX_POINT ( 'NONE', #5487 ) ;
#3654 = EDGE_CURVE ( 'NONE', #5158, #3089, #5267, .T. ) ;
#3655 = CARTESIAN_POINT ( 'NONE',  ( 7.000000000000000888, 37.16516213103285082, -4.992566952384588141 ) ) ;
#3656 = DIRECTION ( 'NONE',  ( -1.000000000000000000, -0.000000000000000000, 0.000000000000000000 ) ) ;
#3657 = CYLINDRICAL_SURFACE ( 'NONE', #541, 16.00000000000000000 ) ;
#3658 = CARTESIAN_POINT ( 'NONE',  ( 7.000000000000000888, -3.925862922255855647, -41.81611651403866858 ) ) ;
#3660 = ORIENTED_EDGE ( 'NONE', *, *, #3886, .T. ) ;
#3659 = ORIENTED_EDGE ( 'NONE', *, *, #2833, .F. ) ;
#3661 = CIRCLE ( 'NONE', #1044, 42.00000000000000000 ) ;
#3662 = CARTESIAN_POINT ( 'NONE',  ( 7.000000000000000888, 37.16516213103285082, -4.992566952384588141 ) ) ;
#3663 = CARTESIAN_POINT ( 'NONE',  ( 0.000000000000000000, 0.000000000000000000, 0.000000000000000000 ) ) ;
#3664 = ORIENTED_EDGE ( 'NONE', *, *, #2678, .T. ) ;
#3665 = AXIS2_PLACEMENT_3D ( 'NONE', #4910, #2968, #3404 ) ;
#3666 = VECTOR ( 'NONE', #3396, 1000.000000000000000 ) ;
#3667 = VERTEX_POINT ( 'NONE', #6361 ) ;
#3668 = DIRECTION ( 'NONE',  ( -1.000000000000000000, 0.000000000000000000, 0.000000000000000000 ) ) ;
#3669 = DIRECTION ( 'NONE',  ( -1.000000000000000000, -0.000000000000000000, -0.000000000000000000 ) ) ;
#3670 = AXIS2_PLACEMENT_3D ( 'NONE', #4273, #5794, #5297 ) ;
#3671 = ADVANCED_FACE ( 'NONE', ( #863 ), #2863, .T. ) ;
#3672 = CARTESIAN_POINT ( 'NONE',  ( 0.000000000000000000, 0.000000000000000000, 0.000000000000000000 ) ) ;
#3673 = ORIENTED_EDGE ( 'NONE', *, *, #4387, .F. ) ;
#3674 = ORIENTED_EDGE ( 'NONE', *, *, #2254, .T. ) ;
#3675 = ORIENTED_EDGE ( 'NONE', *, *, #4702, .T. ) ;
#3676 = AXIS2_PLACEMENT_3D ( 'NONE', #69, #5748, #3121 ) ;
#3677 = LOCAL_TIME ( 22, 0, 11.00000000000000000, #2485 ) ;
#3678 = CYLINDRICAL_SURFACE ( 'NONE', #6026, 16.00000000000000000 ) ;
#3679 = CARTESIAN_POINT ( 'NONE',  ( 7.000000000000000888, -22.64427369931147638, -30.00120703465229610 ) ) ;
#3680 = AXIS2_PLACEMENT_3D ( 'NONE', #4427, #5922, #5976 ) ;
#3681 = CARTESIAN_POINT ( 'NONE',  ( 7.000000000000000888, -6.736453364083292428, -36.88895765772640800 ) ) ;
#3682 = DIRECTION ( 'NONE',  ( -1.000000000000000000, -0.000000000000000000, 0.000000000000000000 ) ) ;
#3683 = CIRCLE ( 'NONE', #5901, 16.00000000000000355 ) ;
#3684 = ADVANCED_FACE ( 'NONE', ( #4466 ), #5959, .F. ) ;
#3685 = CARTESIAN_POINT ( 'NONE',  ( 0.000000000000000000, 12.26510123303308397, -35.53030884539072076 ) ) ;
#3686 = ORIENTED_EDGE ( 'NONE', *, *, #5213, .F. ) ;
#3687 = AXIS2_PLACEMENT_3D ( 'NONE', #1186, #258, #5184 ) ;
#3688 = CARTESIAN_POINT ( 'NONE',  ( 0.000000000000000000, 6.555932627142414759, 37.01155633439060466 ) ) ;
#3689 = DIRECTION ( 'NONE',  ( -1.000000000000000000, -0.000000000000000000, 0.000000000000000000 ) ) ;
#3690 = DIRECTION ( 'NONE',  ( 0.000000000000000000, -0.9876883405951358830, -0.1564344650402420822 ) ) ;
#3691 = CARTESIAN_POINT ( 'NONE',  ( 0.000000000000000000, 0.000000000000000000, 0.000000000000000000 ) ) ;
#3692 = VECTOR ( 'NONE', #1858, 1000.000000000000000 ) ;
#3693 = AXIS2_PLACEMENT_3D ( 'NONE', #177, #941, #3164 ) ;
#3694 = ADVANCED_FACE ( 'NONE', ( #2954 ), #370, .T. ) ;
#3695 = AXIS2_PLACEMENT_3D ( 'NONE', #180, #5202, #774 ) ;
#3697 = ORIENTED_EDGE ( 'NONE', *, *, #5537, .F. ) ;
#3696 = EDGE_LOOP ( 'NONE', ( #4180, #4622, #4603, #4204 ) ) ;
#3698 = AXIS2_PLACEMENT_3D ( 'NONE', #3319, #5326, #31 ) ;
#3699 = AXIS2_PLACEMENT_3D ( 'NONE', #1288, #758, #3189 ) ;
#3700 = EDGE_CURVE ( 'NONE', #5551, #2114, #2004, .T. ) ;
#3701 = CARTESIAN_POINT ( 'NONE',  ( 7.000000000000000888, -10.74501242461258244, -35.92658777277521409 ) ) ;
#3702 = CIRCLE ( 'NONE', #34, 42.00000000000000000 ) ;
#3703 = PLANE ( 'NONE',  #3895 ) ;
#3704 = AXIS2_PLACEMENT_3D ( 'NONE', #172, #5759, #3775 ) ;
#3705 = ORIENTED_EDGE ( 'NONE', *, *, #3768, .T. ) ;
#3706 = CARTESIAN_POINT ( 'NONE',  ( -10.00000000000000000, 0.000000000000000000, 0.000000000000000000 ) ) ;
#3707 = CARTESIAN_POINT ( 'NONE',  ( 0.000000000000000000, 27.13269053701096922, 25.88420570971410228 ) ) ;
#3708 = AXIS2_PLACEMENT_3D ( 'NONE', #3140, #6273, #5675 ) ;
#3709 = CIRCLE ( 'NONE', #886, 37.49900000000000944 ) ;
#3710 = DIRECTION ( 'NONE',  ( -1.000000000000000000, 0.000000000000000000, 0.000000000000000000 ) ) ;
#3711 = LINE ( 'NONE', #293, #1401 ) ;
#3712 = ORIENTED_EDGE ( 'NONE', *, *, #5496, .T. ) ;
#3713 = CIRCLE ( 'NONE', #1726, 16.00000000000000355 ) ;
#3714 = VERTEX_POINT ( 'NONE', #2398 ) ;
#3715 = ORIENTED_EDGE ( 'NONE', *, *, #54, .F. ) ;
#3716 = CARTESIAN_POINT ( 'NONE',  ( 7.000000000000000888, -37.16516213103280108, 4.992566952384862589 ) ) ;
#3717 = DIRECTION ( 'NONE',  ( 0.000000000000000000, 0.000000000000000000, -1.000000000000000000 ) ) ;
#3718 = CARTESIAN_POINT ( 'NONE',  ( 7.000000000000000888, 22.74946021919133088, 29.81001611431016229 ) ) ;
#3719 = CYLINDRICAL_SURFACE ( 'NONE', #4752, 42.00000000000000000 ) ;
#3720 = LINE ( 'NONE', #4988, #5800 ) ;
#3721 = AXIS2_PLACEMENT_3D ( 'NONE', #2980, #1544, #4464 ) ;
#3722 = ORIENTED_EDGE ( 'NONE', *, *, #5836, .T. ) ;
#3723 = EDGE_CURVE ( 'NONE', #311, #3371, #874, .T. ) ;
#3724 = DIRECTION ( 'NONE',  ( 0.000000000000000000, 0.000000000000000000, 1.000000000000000000 ) ) ;
#3725 = EDGE_CURVE ( 'NONE', #1245, #6255, #3796, .T. ) ;
#3726 = CARTESIAN_POINT ( 'NONE',  ( 7.000000000000000888, -4.992566952385247170, 37.16516213103275845 ) ) ;
#3727 = DIRECTION ( 'NONE',  ( -1.000000000000000000, 0.000000000000000000, 0.000000000000000000 ) ) ;
#3728 = AXIS2_PLACEMENT_3D ( 'NONE', #2038, #73, #2001 ) ;
#3729 = DIRECTION ( 'NONE',  ( 0.000000000000000000, 0.000000000000000000, 1.000000000000000000 ) ) ;
#3731 = ORIENTED_EDGE ( 'NONE', *, *, #4774, .F. ) ;
#3730 = ORIENTED_EDGE ( 'NONE', *, *, #749, .T. ) ;
#3732 = DIRECTION ( 'NONE',  ( -1.000000000000000000, -0.000000000000000000, 0.000000000000000000 ) ) ;
#3733 = CARTESIAN_POINT ( 'NONE',  ( 7.000000000000000888, 25.88420570971438650, -27.13269053701069566 ) ) ;
#3734 = VERTEX_POINT ( 'NONE', #928 ) ;
#3735 = ORIENTED_EDGE ( 'NONE', *, *, #3621, .F. ) ;
#3736 = EDGE_CURVE ( 'NONE', #3104, #3235, #5475, .T. ) ;
#3737 = DIRECTION ( 'NONE',  ( 0.000000000000000000, 0.000000000000000000, 1.000000000000000000 ) ) ;
#3738 = VECTOR ( 'NONE', #498, 1000.000000000000000 ) ;
#3739 = DIRECTION ( 'NONE',  ( 1.000000000000000000, -0.000000000000000000, -0.000000000000000000 ) ) ;
#3740 = DIRECTION ( 'NONE',  ( 0.000000000000000000, -0.9510565162951565288, 0.3090169943749384029 ) ) ;
#3741 = CIRCLE ( 'NONE', #5106, 37.49900000000001654 ) ;
#3742 = ORIENTED_EDGE ( 'NONE', *, *, #5869, .T. ) ;
#3743 = ORIENTED_EDGE ( 'NONE', *, *, #447, .F. ) ;
#3744 = ORIENTED_EDGE ( 'NONE', *, *, #3320, .T. ) ;
#3745 = ADVANCED_FACE ( 'NONE', ( #3614 ), #4140, .T. ) ;
#3746 = DIRECTION ( 'NONE',  ( -1.000000000000000000, 0.000000000000000000, 0.000000000000000000 ) ) ;
#3747 = DIRECTION ( 'NONE',  ( -1.000000000000000000, 0.000000000000000000, 0.000000000000000000 ) ) ;
#3748 = DIRECTION ( 'NONE',  ( -1.000000000000000000, 0.000000000000000000, 0.000000000000000000 ) ) ;
#3749 = CARTESIAN_POINT ( 'NONE',  ( 0.000000000000000000, 10.41901085202135135, -40.68715046381917944 ) ) ;
#3750 = DIRECTION ( 'NONE',  ( -1.000000000000000000, -0.000000000000000000, 0.000000000000000000 ) ) ;
#3751 = VERTEX_POINT ( 'NONE', #4495 ) ;
#3752 = CARTESIAN_POINT ( 'NONE',  ( 7.000000000000000888, -40.98264845739743834, -9.188173127307742050 ) ) ;
#3753 = CARTESIAN_POINT ( 'NONE',  ( 0.000000000000000000, 22.48208911017500000, 35.47612816024531668 ) ) ;
#3754 = CARTESIAN_POINT ( 'NONE',  ( 7.000000000000000888, 15.48615015657583172, 39.04073710021349797 ) ) ;
#3755 = DIRECTION ( 'NONE',  ( -1.000000000000000000, 0.000000000000000000, -0.000000000000000000 ) ) ;
#3756 = EDGE_CURVE ( 'NONE', #4414, #3266, #4570, .T. ) ;
#3757 = EDGE_CURVE ( 'NONE', #3952, #4104, #235, .T. ) ;
#3759 = EDGE_LOOP ( 'NONE', ( #760, #5119, #4397, #3675 ) ) ;
#3758 = ORIENTED_EDGE ( 'NONE', *, *, #429, .F. ) ;
#3760 = DIRECTION ( 'NONE',  ( -1.000000000000000000, -0.000000000000000000, -0.000000000000000000 ) ) ;
#3761 = DIRECTION ( 'NONE',  ( -1.000000000000000000, 0.000000000000000000, -0.000000000000000000 ) ) ;
#3762 = DIRECTION ( 'NONE',  ( 0.000000000000000000, 0.000000000000000000, -1.000000000000000000 ) ) ;
#3764 = ORIENTED_EDGE ( 'NONE', *, *, #4038, .T. ) ;
#3763 = DIRECTION ( 'NONE',  ( -1.000000000000000000, -0.000000000000000000, -0.000000000000000000 ) ) ;
#3765 = CARTESIAN_POINT ( 'NONE',  ( -10.00000000000000000, 0.000000000000000000, 0.000000000000000000 ) ) ;
#3766 = DIRECTION ( 'NONE',  ( 0.000000000000000000, 0.000000000000000000, 1.000000000000000000 ) ) ;
#3767 = DIRECTION ( 'NONE',  ( 1.000000000000000000, -0.000000000000000000, -0.000000000000000000 ) ) ;
#3768 = EDGE_CURVE ( 'NONE', #1694, #5038, #5700, .T. ) ;
#3769 = CARTESIAN_POINT ( 'NONE',  ( 7.000000000000000888, -16.65560815589382671, -38.55633173627028754 ) ) ;
#3770 = AXIS2_PLACEMENT_3D ( 'NONE', #1049, #6020, #2028 ) ;
#3771 = CIRCLE ( 'NONE', #1784, 16.00000000000000000 ) ;
#3772 = EDGE_LOOP ( 'NONE', ( #3220, #5527, #5988, #1759 ) ) ;
#3773 = ORIENTED_EDGE ( 'NONE', *, *, #551, .T. ) ;
#3774 = ORIENTED_EDGE ( 'NONE', *, *, #1954, .F. ) ;
#3775 = DIRECTION ( 'NONE',  ( 0.000000000000000000, -0.7071067811865389130, -0.7071067811865563435 ) ) ;
#3776 = DIRECTION ( 'NONE',  ( -1.000000000000000000, 0.000000000000000000, -0.000000000000000000 ) ) ;
#3777 = VECTOR ( 'NONE', #2492, 1000.000000000000000 ) ;
#3778 = CARTESIAN_POINT ( 'NONE',  ( 0.000000000000000000, -33.17418723428294669, -17.67226234102862392 ) ) ;
#3779 = DIRECTION ( 'NONE',  ( -1.000000000000000000, 0.000000000000000000, 0.000000000000000000 ) ) ;
#3780 = ADVANCED_FACE ( 'NONE', ( #96 ), #6083, .T. ) ;
#3781 = CARTESIAN_POINT ( 'NONE',  ( 0.000000000000000000, -9.188173127307592836, 40.98264845739746676 ) ) ;
#3782 = VECTOR ( 'NONE', #4176, 1000.000000000000000 ) ;
#3783 = VERTEX_POINT ( 'NONE', #5118 ) ;
#3784 = DIRECTION ( 'NONE',  ( 1.000000000000000000, 0.000000000000000000, -0.000000000000000000 ) ) ;
#3785 = CARTESIAN_POINT ( 'NONE',  ( 7.000000000000000888, -30.00120703465221794, 22.64427369931157585 ) ) ;
#3786 = DIRECTION ( 'NONE',  ( -1.000000000000000000, 0.000000000000000000, -0.000000000000000000 ) ) ;
#3787 = CIRCLE ( 'NONE', #1380, 16.00000000000000000 ) ;
#3788 = CARTESIAN_POINT ( 'NONE',  ( 7.000000000000000888, -40.98264845739755913, 9.188173127307168286 ) ) ;
#3789 = VECTOR ( 'NONE', #6044, 1000.000000000000000 ) ;
#3791 = ORIENTED_EDGE ( 'NONE', *, *, #3407, .T. ) ;
#3790 = EDGE_LOOP ( 'NONE', ( #5756, #4871, #500, #3660 ) ) ;
#3792 = ADVANCED_FACE ( 'NONE', ( #6513 ), #4634, .T. ) ;
#3793 = AXIS2_PLACEMENT_3D ( 'NONE', #6325, #2797, #3817 ) ;
#3794 = DIRECTION ( 'NONE',  ( 0.000000000000000000, 0.000000000000000000, 1.000000000000000000 ) ) ;
#3795 = DIRECTION ( 'NONE',  ( -1.000000000000000000, 0.000000000000000000, 0.000000000000000000 ) ) ;
#3796 = CIRCLE ( 'NONE', #2333, 16.00000000000000000 ) ;
#3798 = ORIENTED_EDGE ( 'NONE', *, *, #4718, .F. ) ;
#3797 = VERTEX_POINT ( 'NONE', #4004 ) ;
#3799 = CIRCLE ( 'NONE', #2649, 42.00000000000000000 ) ;
#3800 = DIRECTION ( 'NONE',  ( 0.000000000000000000, 0.000000000000000000, -1.000000000000000000 ) ) ;
#3801 = DIRECTION ( 'NONE',  ( -1.000000000000000000, -0.000000000000000000, -0.000000000000000000 ) ) ;
#3802 = EDGE_CURVE ( 'NONE', #2769, #4912, #1294, .T. ) ;
#3803 = EDGE_CURVE ( 'NONE', #729, #2803, #5017, .T. ) ;
#3804 = AXIS2_PLACEMENT_3D ( 'NONE', #2429, #3350, #4375 ) ;
#3805 = VECTOR ( 'NONE', #6328, 1000.000000000000000 ) ;
#3806 = FACE_OUTER_BOUND ( 'NONE', #727, .T. ) ;
#3807 = CARTESIAN_POINT ( 'NONE',  ( -8.000050800000000351, 0.000000000000000000, 0.000000000000000000 ) ) ;
#3808 = VERTEX_POINT ( 'NONE', #595 ) ;
#3809 = VERTEX_POINT ( 'NONE', #3643 ) ;
#3810 = ORIENTED_EDGE ( 'NONE', *, *, #3725, .T. ) ;
#3811 = AXIS2_PLACEMENT_3D ( 'NONE', #1803, #2419, #4859 ) ;
#3812 = CIRCLE ( 'NONE', #4553, 37.49900000000000233 ) ;
#3813 = DIRECTION ( 'NONE',  ( 1.000000000000000000, 0.000000000000000000, 0.000000000000000000 ) ) ;
#3814 = EDGE_CURVE ( 'NONE', #2097, #4796, #1908, .T. ) ;
#3815 = DIRECTION ( 'NONE',  ( -1.000000000000000000, -0.000000000000000000, -0.000000000000000000 ) ) ;
#3816 = LINE ( 'NONE', #3227, #241 ) ;
#3817 = DIRECTION ( 'NONE',  ( 0.000000000000000000, 1.000000000000000000, 3.491481338843133750E-15 ) ) ;
#3818 = AXIS2_PLACEMENT_3D ( 'NONE', #2750, #4199, #6211 ) ;
#3819 = AXIS2_PLACEMENT_3D ( 'NONE', #3486, #4640, #3055 ) ;
#3820 = ORIENTED_EDGE ( 'NONE', *, *, #680, .F. ) ;
#3821 = ORIENTED_EDGE ( 'NONE', *, *, #4175, .T. ) ;
#3822 = CARTESIAN_POINT ( 'NONE',  ( 7.000000000000000888, 30.00120703465205452, 22.64427369931179257 ) ) ;
#3823 = EDGE_CURVE ( 'NONE', #408, #3870, #4539, .T. ) ;
#3824 = DIRECTION ( 'NONE',  ( 0.000000000000000000, 0.8910065241883657894, 0.4539904997395509678 ) ) ;
#3825 = FACE_OUTER_BOUND ( 'NONE', #4550, .T. ) ;
#3826 = CARTESIAN_POINT ( 'NONE',  ( 7.000000000000000888, 12.42422080174688404, -35.38097989696498047 ) ) ;
#3828 = ORIENTED_EDGE ( 'NONE', *, *, #3310, .T. ) ;
#3827 = VERTEX_POINT ( 'NONE', #3540 ) ;
#3829 = EDGE_CURVE ( 'NONE', #3714, #6077, #3117, .T. ) ;
#3830 = DIRECTION ( 'NONE',  ( 1.000000000000000000, 0.000000000000000000, 0.000000000000000000 ) ) ;
#3831 = DIRECTION ( 'NONE',  ( -1.000000000000000000, -0.000000000000000000, 0.000000000000000000 ) ) ;
#3833 = ORIENTED_EDGE ( 'NONE', *, *, #4091, .T. ) ;
#3832 = ORIENTED_EDGE ( 'NONE', *, *, #1406, .T. ) ;
#3834 = CARTESIAN_POINT ( 'NONE',  ( 7.000000000000000888, 0.000000000000000000, 0.000000000000000000 ) ) ;
#3835 = CARTESIAN_POINT ( 'NONE',  ( 3.500000000000000444, -41.91543099594816368, -2.663952781846591567 ) ) ;
#3836 = DIRECTION ( 'NONE',  ( -1.000000000000000000, -0.000000000000000000, -0.000000000000000000 ) ) ;
#3837 = CARTESIAN_POINT ( 'NONE',  ( -4.000050800000000351, 9.707728879609284434, -2.399999999999999023 ) ) ;
#3838 = EDGE_CURVE ( 'NONE', #4832, #583, #6123, .T. ) ;
#3839 = ORIENTED_EDGE ( 'NONE', *, *, #4773, .T. ) ;
#3840 = CIRCLE ( 'NONE', #5101, 37.49900000000000944 ) ;
#3841 = ORIENTED_EDGE ( 'NONE', *, *, #4841, .F. ) ;
#3842 = CARTESIAN_POINT ( 'NONE',  ( 0.000000000000000000, -37.22597642581160926, 5.202137450156262055 ) ) ;
#3843 = APPLICATION_PROTOCOL_DEFINITION ( 'international standard', 'config_control_design', 1994, #4534 ) ;
#3844 = CARTESIAN_POINT ( 'NONE',  ( 7.000000000000000888, -16.23288003029521320, 33.80338159004277543 ) ) ;
#3845 = CARTESIAN_POINT ( 'NONE',  ( 7.000000000000000888, -38.55633173626998911, -16.65560815589451948 ) ) ;
#3846 = AXIS2_PLACEMENT_3D ( 'NONE', #3019, #2140, #1168 ) ;
#3847 = DIRECTION ( 'NONE',  ( -1.000000000000000000, 0.000000000000000000, 0.000000000000000000 ) ) ;
#3848 = EDGE_CURVE ( 'NONE', #1581, #3809, #663, .T. ) ;
#3849 = VERTEX_POINT ( 'NONE', #525 ) ;
#3850 = EDGE_LOOP ( 'NONE', ( #4783, #772, #5646, #2991 ) ) ;
#3851 = CARTESIAN_POINT ( 'NONE',  ( -3.040226963387790526, 2.035236966102936584, 2.207407389615656967 ) ) ;
#3852 = CARTESIAN_POINT ( 'NONE',  ( 7.000000000000000888, -30.00120703465189465, -22.64427369931200928 ) ) ;
#3853 = CARTESIAN_POINT ( 'NONE',  ( 0.000000000000000000, 0.000000000000000000, 0.000000000000000000 ) ) ;
#3854 = DIRECTION ( 'NONE',  ( 0.000000000000000000, -0.9876883405951393247, 0.1564344650402205161 ) ) ;
#3855 = EDGE_CURVE ( 'NONE', #5549, #1711, #1498, .T. ) ;
#3857 = ORIENTED_EDGE ( 'NONE', *, *, #4019, .T. ) ;
#3856 = EDGE_LOOP ( 'NONE', ( #649, #1342, #5147, #1557 ) ) ;
#3858 = CARTESIAN_POINT ( 'NONE',  ( 7.000000000000000888, 2.649999999999999911, -1.406236111042524106 ) ) ;
#3859 = DIRECTION ( 'NONE',  ( 0.000000000000000000, 0.000000000000000000, -1.000000000000000000 ) ) ;
#3860 = CARTESIAN_POINT ( 'NONE',  ( 3.500000000000000444, 3.925862922256155407, 41.81611651403863306 ) ) ;
#3862 = ORIENTED_EDGE ( 'NONE', *, *, #2500, .T. ) ;
#3861 = EDGE_LOOP ( 'NONE', ( #2259, #759, #1527, #4057 ) ) ;
#3863 = CARTESIAN_POINT ( 'NONE',  ( 3.500000000000001332, -40.98264845739755913, 9.188173127307164734 ) ) ;
#3864 = AXIS2_PLACEMENT_3D ( 'NONE', #6359, #3348, #4866 ) ;
#3865 = FACE_OUTER_BOUND ( 'NONE', #668, .T. ) ;
#3866 = DIRECTION ( 'NONE',  ( -1.000000000000000000, -0.000000000000000000, 0.000000000000000000 ) ) ;
#3867 = DIRECTION ( 'NONE',  ( 0.000000000000000000, -0.9510565162951500895, -0.3090169943749581649 ) ) ;
#3868 = AXIS2_PLACEMENT_3D ( 'NONE', #5447, #2950, #299 ) ;
#3869 = ORIENTED_EDGE ( 'NONE', *, *, #401, .T. ) ;
#3870 = VERTEX_POINT ( 'NONE', #2030 ) ;
#3871 = LINE ( 'NONE', #5954, #36 ) ;
#3872 = CC_DESIGN_DATE_AND_TIME_ASSIGNMENT ( #897, #3911, ( #2353 ) ) ;
#3873 = DIRECTION ( 'NONE',  ( 0.000000000000000000, 0.000000000000000000, 1.000000000000000000 ) ) ;
#3874 = ADVANCED_FACE ( 'NONE', ( #5548 ), #6051, .T. ) ;
#3875 = VECTOR ( 'NONE', #165, 1000.000000000000000 ) ;
#3876 = CARTESIAN_POINT ( 'NONE',  ( 7.000000000000000888, 0.000000000000000000, 0.000000000000000000 ) ) ;
#3877 = DIRECTION ( 'NONE',  ( 0.000000000000000000, 0.000000000000000000, 1.000000000000000000 ) ) ;
#3878 = ORIENTED_EDGE ( 'NONE', *, *, #4159, .F. ) ;
#3879 = VERTEX_POINT ( 'NONE', #3769 ) ;
#3880 = AXIS2_PLACEMENT_3D ( 'NONE', #4124, #2544, #6102 ) ;
#3881 = AXIS2_PLACEMENT_3D ( 'NONE', #4315, #1819, #5838 ) ;
#3882 = CARTESIAN_POINT ( 'NONE',  ( -4.000050800000000351, 1.800000000000002709, 2.399999999999999023 ) ) ;
#3883 = CARTESIAN_POINT ( 'NONE',  ( 0.000000000000000000, -33.00180498840035170, -17.80606268964575278 ) ) ;
#3884 = EDGE_CURVE ( 'NONE', #5256, #1656, #1810, .T. ) ;
#3885 = CARTESIAN_POINT ( 'NONE',  ( 0.000000000000000000, 0.000000000000000000, 0.000000000000000000 ) ) ;
#3886 = EDGE_CURVE ( 'NONE', #2789, #6391, #2226, .T. ) ;
#3887 = CARTESIAN_POINT ( 'NONE',  ( 0.000000000000000000, 37.48860685352291000, 0.8828120875901893649 ) ) ;
#3888 = CIRCLE ( 'NONE', #3670, 16.00000000000000000 ) ;
#3890 = ORIENTED_EDGE ( 'NONE', *, *, #229, .T. ) ;
#3889 = ORIENTED_EDGE ( 'NONE', *, *, #1615, .F. ) ;
#3891 = DIRECTION ( 'NONE',  ( -1.000000000000000000, 0.000000000000000000, -0.000000000000000000 ) ) ;
#3892 = AXIS2_PLACEMENT_3D ( 'NONE', #98, #750, #2133 ) ;
#3893 = ADVANCED_FACE ( 'NONE', ( #5254 ), #4170, .T. ) ;
#3894 = DIRECTION ( 'NONE',  ( -1.000000000000000000, -0.000000000000000000, 0.000000000000000000 ) ) ;
#3895 = AXIS2_PLACEMENT_3D ( 'NONE', #1762, #220, #1218 ) ;
#3896 = CARTESIAN_POINT ( 'NONE',  ( 3.500000000000000444, -38.55633173626998911, -16.65560815589451948 ) ) ;
#3898 = ORIENTED_EDGE ( 'NONE', *, *, #3108, .F. ) ;
#3897 = ORIENTED_EDGE ( 'NONE', *, *, #2755, .T. ) ;
#3899 = CIRCLE ( 'NONE', #1074, 42.00000000000000000 ) ;
#3900 = CARTESIAN_POINT ( 'NONE',  ( 7.000000000000000888, 6.736453364084091788, -36.88895765772625879 ) ) ;
#3901 = ADVANCED_FACE ( 'NONE', ( #3245 ), #2662, .T. ) ;
#3902 = CARTESIAN_POINT ( 'NONE',  ( 7.000000000000000888, -4.992566952384716927, -37.16516213103282951 ) ) ;
#3903 = AXIS2_PLACEMENT_3D ( 'NONE', #5687, #5221, #725 ) ;
#3904 = CARTESIAN_POINT ( 'NONE',  ( -2.933765939340662321, 9.765043453580789290, -2.155865354238042375 ) ) ;
#3905 = ORIENTED_EDGE ( 'NONE', *, *, #4647, .F. ) ;
#3906 = VERTEX_POINT ( 'NONE', #265 ) ;
#3907 = LINE ( 'NONE', #5888, #5283 ) ;
#3908 = CIRCLE ( 'NONE', #3175, 16.00000000000000355 ) ;
#3909 = VECTOR ( 'NONE', #821, 1000.000000000000000 ) ;
#3910 = AXIS2_PLACEMENT_3D ( 'NONE', #6087, #3052, #530 ) ;
#3911 = DATE_TIME_ROLE ( 'creation_date' ) ;
#3912 = DIRECTION ( 'NONE',  ( -1.000000000000000000, 0.000000000000000000, 0.000000000000000000 ) ) ;
#3913 = LINE ( 'NONE', #6458, #2963 ) ;
#3914 = DIRECTION ( 'NONE',  ( -1.000000000000000000, 0.000000000000000000, -0.000000000000000000 ) ) ;
#3915 = ORIENTED_EDGE ( 'NONE', *, *, #1145, .T. ) ;
#3916 = VECTOR ( 'NONE', #3767, 1000.000000000000000 ) ;
#3917 = AXIS2_PLACEMENT_3D ( 'NONE', #4865, #366, #2367 ) ;
#3918 = EDGE_LOOP ( 'NONE', ( #5437, #4654, #2365, #5257 ) ) ;
#3919 = DIRECTION ( 'NONE',  ( -1.000000000000000000, 0.000000000000000000, -0.000000000000000000 ) ) ;
#3920 = DIRECTION ( 'NONE',  ( -1.000000000000000000, -0.000000000000000000, -0.000000000000000000 ) ) ;
#3921 = CARTESIAN_POINT ( 'NONE',  ( -4.205143661933211874, 1.808984962756962522, 2.393326513066110994 ) ) ;
#3922 = VECTOR ( 'NONE', #381, 1000.000000000000000 ) ;
#3923 = CARTESIAN_POINT ( 'NONE',  ( 7.000000000000000888, -33.00180498840035170, -17.80606268964575278 ) ) ;
#3924 = EDGE_CURVE ( 'NONE', #1915, #4975, #2957, .T. ) ;
#3926 = ORIENTED_EDGE ( 'NONE', *, *, #3654, .F. ) ;
#3925 = EDGE_LOOP ( 'NONE', ( #1215, #2882, #3401, #4808 ) ) ;
#3927 = EDGE_CURVE ( 'NONE', #6243, #3667, #1705, .T. ) ;
#3928 = DIRECTION ( 'NONE',  ( -1.000000000000000000, -0.000000000000000000, -0.000000000000000000 ) ) ;
#3929 = CYLINDRICAL_SURFACE ( 'NONE', #2406, 16.00000000000000000 ) ;
#3930 = DIRECTION ( 'NONE',  ( 0.000000000000000000, 0.000000000000000000, 1.000000000000000000 ) ) ;
#3932 = ORIENTED_EDGE ( 'NONE', *, *, #3802, .T. ) ;
#3931 = EDGE_LOOP ( 'NONE', ( #1593, #2580, #5876, #3839 ) ) ;
#3933 = AXIS2_PLACEMENT_3D ( 'NONE', #3650, #5795, #6260 ) ;
#3934 = CARTESIAN_POINT ( 'NONE',  ( -8.000050800000000351, 0.000000000000000000, -10.00000000000000000 ) ) ;
#3935 = DIRECTION ( 'NONE',  ( -1.000000000000000000, 0.000000000000000000, -0.000000000000000000 ) ) ;
#3936 = ORIENTED_EDGE ( 'NONE', *, *, #75, .F. ) ;
#3937 = EDGE_CURVE ( 'NONE', #2594, #6369, #6436, .T. ) ;
#3938 = ORIENTED_EDGE ( 'NONE', *, *, #5346, .T. ) ;
#3939 = CARTESIAN_POINT ( 'NONE',  ( 0.000000000000000000, 2.663952781846152806, 41.91543099594818500 ) ) ;
#3940 = DIRECTION ( 'NONE',  ( 0.000000000000000000, 0.000000000000000000, 1.000000000000000000 ) ) ;
#3941 = DIRECTION ( 'NONE',  ( 0.000000000000000000, -0.9510565162951502005, -0.3090169943749583314 ) ) ;
#3942 = DIRECTION ( 'NONE',  ( 0.000000000000000000, -0.9510565162951565288, 0.3090169943749382364 ) ) ;
#3943 = DIRECTION ( 'NONE',  ( -1.000000000000000000, -0.000000000000000000, -0.000000000000000000 ) ) ;
#3944 = ORIENTED_EDGE ( 'NONE', *, *, #4203, .T. ) ;
#3945 = ORIENTED_EDGE ( 'NONE', *, *, #1254, .T. ) ;
#3946 = CARTESIAN_POINT ( 'NONE',  ( 7.000000000000000888, 0.000000000000000000, 0.000000000000000000 ) ) ;
#3947 = CARTESIAN_POINT ( 'NONE',  ( 7.000000000000000888, 26.08949754953024325, 27.05870788708240937 ) ) ;
#3948 = AXIS2_PLACEMENT_3D ( 'NONE', #405, #4876, #6430 ) ;
#3949 = DIRECTION ( 'NONE',  ( -1.000000000000000000, 0.000000000000000000, 0.000000000000000000 ) ) ;
#3950 = DIRECTION ( 'NONE',  ( -1.000000000000000000, 0.000000000000000000, 0.000000000000000000 ) ) ;
#3952 = VERTEX_POINT ( 'NONE', #2290 ) ;
#3951 = ORIENTED_EDGE ( 'NONE', *, *, #6510, .F. ) ;
#3953 = FACE_OUTER_BOUND ( 'NONE', #283, .T. ) ;
#3954 = EDGE_CURVE ( 'NONE', #916, #2525, #5375, .T. ) ;
#3955 = DIRECTION ( 'NONE',  ( 0.000000000000000000, -0.7071067811865389130, -0.7071067811865561215 ) ) ;
#3956 = ADVANCED_FACE ( 'NONE', ( #697 ), #4298, .T. ) ;
#3957 = DIRECTION ( 'NONE',  ( -1.000000000000000000, 0.000000000000000000, 0.000000000000000000 ) ) ;
#3959 = ORIENTED_EDGE ( 'NONE', *, *, #2186, .T. ) ;
#3958 = VERTEX_POINT ( 'NONE', #792 ) ;
#3960 = EDGE_CURVE ( 'NONE', #577, #6499, #6253, .T. ) ;
#3961 = CARTESIAN_POINT ( 'NONE',  ( -5.465143583867004828, 9.816814019375891931, 1.907375047365356568 ) ) ;
#3962 = CARTESIAN_POINT ( 'NONE',  ( 7.000000000000000888, 37.48860685352291000, 0.8828120875901893649 ) ) ;
#3963 = ORIENTED_EDGE ( 'NONE', *, *, #5706, .T. ) ;
#3964 = EDGE_LOOP ( 'NONE', ( #4776, #1519, #3315, #4379 ) ) ;
#3965 = FACE_OUTER_BOUND ( 'NONE', #1667, .T. ) ;
#3966 = APPROVAL_ROLE ( '' ) ;
#3967 = LINE ( 'NONE', #5983, #5774 ) ;
#3968 = EDGE_CURVE ( 'NONE', #4392, #37, #3385, .T. ) ;
#3969 = AXIS2_PLACEMENT_3D ( 'NONE', #1869, #954, #1450 ) ;
#3970 = DIRECTION ( 'NONE',  ( -1.000000000000000000, 0.000000000000000000, -0.000000000000000000 ) ) ;
#3971 = CARTESIAN_POINT ( 'NONE',  ( 7.000000000000000888, 30.80686688397040740, -21.53537804866048688 ) ) ;
#3972 = VERTEX_POINT ( 'NONE', #6281 ) ;
#3973 = ORIENTED_EDGE ( 'NONE', *, *, #4966, .F. ) ;
#3974 = CARTESIAN_POINT ( 'NONE',  ( 0.000000000000000000, -37.58145647212452900, -0.6853352020794422073 ) ) ;
#3975 = FACE_OUTER_BOUND ( 'NONE', #480, .T. ) ;
#3976 = AXIS2_PLACEMENT_3D ( 'NONE', #2878, #3368, #1974 ) ;
#3977 = AXIS2_PLACEMENT_3D ( 'NONE', #2175, #4805, #5270 ) ;
#3978 = CARTESIAN_POINT ( 'NONE',  ( 0.000000000000000000, -12.26510123303234145, -35.53030884539097656 ) ) ;
#3979 = EDGE_CURVE ( 'NONE', #4912, #2924, #3711, .T. ) ;
#3980 = CARTESIAN_POINT ( 'NONE',  ( 7.000000000000000888, 0.000000000000000000, 0.000000000000000000 ) ) ;
#3981 = AXIS2_PLACEMENT_3D ( 'NONE', #9, #5910, #4452 ) ;
#3983 = VERTEX_POINT ( 'NONE', #1740 ) ;
#3982 = ORIENTED_EDGE ( 'NONE', *, *, #892, .T. ) ;
#3984 = DIRECTION ( 'NONE',  ( -1.000000000000000000, -0.000000000000000000, -0.000000000000000000 ) ) ;
#3985 = CYLINDRICAL_SURFACE ( 'NONE', #2930, 42.00000000000000000 ) ;
#3986 = LOCAL_TIME ( 22, 0, 11.00000000000000000, #2620 ) ;
#3987 = ADVANCED_FACE ( 'NONE', ( #1671, #4727 ), #1804, .T. ) ;
#3989 = ORIENTED_EDGE ( 'NONE', *, *, #1081, .T. ) ;
#3988 = ORIENTED_EDGE ( 'NONE', *, *, #3757, .F. ) ;
#3990 = AXIS2_PLACEMENT_3D ( 'NONE', #3765, #5217, #1799 ) ;
#3991 = APPROVAL_PERSON_ORGANIZATION ( #3042, #2907, #2559 ) ;
#3992 = AXIS2_PLACEMENT_3D ( 'NONE', #3594, #5033, #1632 ) ;
#3993 = CARTESIAN_POINT ( 'NONE',  ( 7.000000000000000888, 10.41901085202077937, 40.68715046381932865 ) ) ;
#3994 = DIRECTION ( 'NONE',  ( -1.000000000000000000, 0.000000000000000000, -0.000000000000000000 ) ) ;
#3995 = AXIS2_PLACEMENT_3D ( 'NONE', #5008, #513, #2512 ) ;
#3996 = ORIENTED_EDGE ( 'NONE', *, *, #4035, .F. ) ;
#3997 = EDGE_CURVE ( 'NONE', #4912, #2769, #6120, .T. ) ;
#3998 = ORIENTED_EDGE ( 'NONE', *, *, #5502, .T. ) ;
#3999 = EDGE_CURVE ( 'NONE', #2902, #2695, #5913, .T. ) ;
#4000 = CARTESIAN_POINT ( 'NONE',  ( 7.000000000000000888, 37.58145647212453611, 0.6853352020791733112 ) ) ;
#4001 = CALENDAR_DATE ( 2025, 3, 10 ) ;
#4002 = CARTESIAN_POINT ( 'NONE',  ( 0.000000000000000000, 0.000000000000000000, 0.000000000000000000 ) ) ;
#4003 = DIRECTION ( 'NONE',  ( -1.000000000000000000, -0.000000000000000000, -0.000000000000000000 ) ) ;
#4004 = CARTESIAN_POINT ( 'NONE',  ( 0.000000000000000000, -35.92658777277502935, -10.74501242461320594 ) ) ;
#4005 = ORIENTED_EDGE ( 'NONE', *, *, #4582, .F. ) ;
#4006 = CIRCLE ( 'NONE', #3481, 15.99999999999999822 ) ;
#4007 = ORIENTED_EDGE ( 'NONE', *, *, #2972, .F. ) ;
#4008 = AXIS2_PLACEMENT_3D ( 'NONE', #1194, #4667, #2785 ) ;
#4009 = EDGE_CURVE ( 'NONE', #6405, #1832, #4115, .T. ) ;
#4010 = AXIS2_PLACEMENT_3D ( 'NONE', #4743, #2702, #2306 ) ;
#4011 = CARTESIAN_POINT ( 'NONE',  ( -5.944915833877669975, 2.649999999999999911, -1.406236111042524106 ) ) ;
#4012 = DIRECTION ( 'NONE',  ( -1.000000000000000000, -0.000000000000000000, -0.000000000000000000 ) ) ;
#4013 = DIRECTION ( 'NONE',  ( 0.000000000000000000, -0.8910065241883627918, -0.4539904997395569630 ) ) ;
#4014 = DIRECTION ( 'NONE',  ( 0.000000000000000000, 0.000000000000000000, 1.000000000000000000 ) ) ;
#4015 = VECTOR ( 'NONE', #4962, 1000.000000000000000 ) ;
#4016 = ORIENTED_EDGE ( 'NONE', *, *, #1950, .F. ) ;
#4018 = ORIENTED_EDGE ( 'NONE', *, *, #6500, .F. ) ;
#4017 = VERTEX_POINT ( 'NONE', #227 ) ;
#4019 = EDGE_CURVE ( 'NONE', #2433, #5469, #131, .T. ) ;
#4020 = CARTESIAN_POINT ( 'NONE',  ( 0.000000000000000000, 9.188173127307901922, -40.98264845739739570 ) ) ;
#4021 = AXIS2_PLACEMENT_3D ( 'NONE', #1155, #3710, #5649 ) ;
#4022 = AXIS2_PLACEMENT_3D ( 'NONE', #4000, #3505, #3473 ) ;
#4023 = DIRECTION ( 'NONE',  ( -1.000000000000000000, 0.000000000000000000, 0.000000000000000000 ) ) ;
#4024 = CYLINDRICAL_SURFACE ( 'NONE', #3992, 16.00000000000000355 ) ;
#4025 = FACE_OUTER_BOUND ( 'NONE', #1042, .T. ) ;
#4027 = EDGE_LOOP ( 'NONE', ( #3259, #6124, #3250, #486 ) ) ;
#4026 = ORIENTED_EDGE ( 'NONE', *, *, #4742, .T. ) ;
#4028 = EDGE_CURVE ( 'NONE', #2329, #2999, #5681, .T. ) ;
#4029 = CARTESIAN_POINT ( 'NONE',  ( -6.400105091442929606, 10.00001302994557939, -0.1574964093289165923 ) ) ;
#4030 = CARTESIAN_POINT ( 'NONE',  ( 0.000000000000000000, -35.47612816024539484, 22.48208911017487566 ) ) ;
#4031 = VERTEX_POINT ( 'NONE', #3962 ) ;
#4032 = ORIENTED_EDGE ( 'NONE', *, *, #973, .T. ) ;
#4033 = CARTESIAN_POINT ( 'NONE',  ( 7.000000000000000888, 33.80338159004307386, -16.23288003029461279 ) ) ;
#4034 = PERSON_AND_ORGANIZATION_ROLE ( 'classification_officer' ) ;
#4035 = EDGE_CURVE ( 'NONE', #6256, #6384, #1180, .T. ) ;
#4036 = CARTESIAN_POINT ( 'NONE',  ( 7.000000000000000888, -5.202137450156131493, -37.22597642581163058 ) ) ;
#4037 = LINE ( 'NONE', #2981, #5481 ) ;
#4038 = EDGE_CURVE ( 'NONE', #1838, #288, #921, .T. ) ;
#4039 = DIRECTION ( 'NONE',  ( 0.000000000000000000, -0.5877852522924624790, -0.8090169943749552228 ) ) ;
#4040 = EDGE_LOOP ( 'NONE', ( #2265, #4759, #5998, #3832 ) ) ;
#4041 = FACE_OUTER_BOUND ( 'NONE', #1447, .T. ) ;
#4042 = ORIENTED_EDGE ( 'NONE', *, *, #319, .T. ) ;
#4043 = DIRECTION ( 'NONE',  ( 0.000000000000000000, 0.000000000000000000, -1.000000000000000000 ) ) ;
#4044 = DIRECTION ( 'NONE',  ( -1.000000000000000000, 0.000000000000000000, 0.000000000000000000 ) ) ;
#4045 = CARTESIAN_POINT ( 'NONE',  ( 0.000000000000000000, 33.00180498840046539, 17.80606268964551120 ) ) ;
#4046 = CARTESIAN_POINT ( 'NONE',  ( 7.000000000000000888, -33.00180498840060039, 17.80606268964528027 ) ) ;
#4047 = ORIENTED_EDGE ( 'NONE', *, *, #5537, .T. ) ;
#4049 = ORIENTED_EDGE ( 'NONE', *, *, #2020, .F. ) ;
#4048 = ORIENTED_EDGE ( 'NONE', *, *, #680, .T. ) ;
#4050 = CIRCLE ( 'NONE', #1949, 16.00000000000000355 ) ;
#4051 = CYLINDRICAL_SURFACE ( 'NONE', #5053, 37.49900000000000233 ) ;
#4052 = FACE_OUTER_BOUND ( 'NONE', #3032, .T. ) ;
#4053 = CARTESIAN_POINT ( 'NONE',  ( 7.000000000000000888, -22.64427369931190626, 30.00120703465196925 ) ) ;
#4054 = DIRECTION ( 'NONE',  ( 0.000000000000000000, 0.000000000000000000, -1.000000000000000000 ) ) ;
#4055 = EDGE_CURVE ( 'NONE', #1609, #5004, #2, .T. ) ;
#4056 = AXIS2_PLACEMENT_3D ( 'NONE', #3691, #4255, #214 ) ;
#4058 = ORIENTED_EDGE ( 'NONE', *, *, #1075, .F. ) ;
#4057 = ORIENTED_EDGE ( 'NONE', *, *, #2438, .T. ) ;
#4059 = DIRECTION ( 'NONE',  ( -1.000000000000000000, -0.000000000000000000, -0.000000000000000000 ) ) ;
#4060 = LINE ( 'NONE', #1118, #539 ) ;
#4061 = VERTEX_POINT ( 'NONE', #5383 ) ;
#4062 = ORIENTED_EDGE ( 'NONE', *, *, #4791, .F. ) ;
#4063 = DIRECTION ( 'NONE',  ( -1.000000000000000000, 0.000000000000000000, 0.000000000000000000 ) ) ;
#4064 = PERSON_AND_ORGANIZATION_ROLE ( 'creator' ) ;
#4065 = FACE_OUTER_BOUND ( 'NONE', #1854, .T. ) ;
#4066 = FACE_OUTER_BOUND ( 'NONE', #6070, .T. ) ;
#4067 = DIRECTION ( 'NONE',  ( 0.000000000000000000, 0.3090169943749412340, 0.9510565162951556406 ) ) ;
#4068 = ORIENTED_EDGE ( 'NONE', *, *, #4442, .F. ) ;
#4069 = FACE_OUTER_BOUND ( 'NONE', #6084, .T. ) ;
#4070 = CC_DESIGN_PERSON_AND_ORGANIZATION_ASSIGNMENT ( #519, #4064, ( #3037 ) ) ;
#4071 = ORIENTED_EDGE ( 'NONE', *, *, #4229, .T. ) ;
#4072 = DIRECTION ( 'NONE',  ( -1.000000000000000000, 0.000000000000000000, -0.000000000000000000 ) ) ;
#4073 = ADVANCED_FACE ( 'NONE', ( #390 ), #5883, .T. ) ;
#4074 = CARTESIAN_POINT ( 'NONE',  ( 0.000000000000000000, -33.80338159004273280, -16.23288003029533044 ) ) ;
#4075 = DIRECTION ( 'NONE',  ( -1.000000000000000000, 0.000000000000000000, 0.000000000000000000 ) ) ;
#4076 = CYLINDRICAL_SURFACE ( 'NONE', #1535, 42.00000000000000000 ) ;
#4077 = CARTESIAN_POINT ( 'NONE',  ( 0.000000000000000000, -30.80686688396994199, -21.53537804866113703 ) ) ;
#4078 = ORIENTED_EDGE ( 'NONE', *, *, #2986, .T. ) ;
#4079 = EDGE_LOOP ( 'NONE', ( #5168, #330, #1404, #414 ) ) ;
#4080 = EDGE_CURVE ( 'NONE', #4126, #4690, #2840, .T. ) ;
#4081 = FACE_OUTER_BOUND ( 'NONE', #3790, .T. ) ;
#4082 = EDGE_CURVE ( 'NONE', #6451, #6405, #1183, .T. ) ;
#4083 = CARTESIAN_POINT ( 'NONE',  ( 7.000000000000000888, -16.45098606841102651, -33.79645857604530335 ) ) ;
#4084 = DIRECTION ( 'NONE',  ( 0.000000000000000000, 0.8910065241883688980, -0.4539904997395447506 ) ) ;
#4085 = DIRECTION ( 'NONE',  ( 0.000000000000000000, 0.000000000000000000, 1.000000000000000000 ) ) ;
#4086 = AXIS2_PLACEMENT_3D ( 'NONE', #1316, #5648, #3303 ) ;
#4087 = VECTOR ( 'NONE', #3340, 1000.000000000000000 ) ;
#4088 = B_SPLINE_CURVE_WITH_KNOTS ( 'NONE', 3,
 ( #2403, #5936, #4875, #5364, #5839, #6464, #4904, #1877, #870, #3921, #343, #5900 ),
 .UNSPECIFIED., .F., .F.,
 ( 4, 2, 2, 2, 2, 4 ),
 ( 6.133173666733496745E-19, 0.0006061465642945367775, 0.001212293128589072904, 0.001818439692883609465, 0.002121512975030879263, 0.002424586257178148845 ),
 .UNSPECIFIED. ) ;
#4090 = VERTEX_POINT ( 'NONE', #4820 ) ;
#4089 = ORIENTED_EDGE ( 'NONE', *, *, #875, .F. ) ;
#4091 = EDGE_CURVE ( 'NONE', #3734, #4415, #6302, .T. ) ;
#4092 = CARTESIAN_POINT ( 'NONE',  ( -8.000050800000000351, 0.000000000000000000, -10.00000000000000000 ) ) ;
#4093 = DIRECTION ( 'NONE',  ( -1.000000000000000000, -0.000000000000000000, -0.000000000000000000 ) ) ;
#4094 = APPROVAL_PERSON_ORGANIZATION ( #3474, #383, #4100 ) ;
#4095 = ORIENTED_EDGE ( 'NONE', *, *, #5269, .F. ) ;
#4096 = EDGE_LOOP ( 'NONE', ( #2165, #2714, #358, #6063, #3190, #2908, #3579, #3742, #3079, #347, #1525, #1345, #942, #715, #3731, #5827, #3897, #3391, #3331, #2149, #3039, #3821, #5210, #5121, #2086, #1730, #339, #601, #4476, #5932, #1289, #33, #839, #3551, #1534, #1511, #5939, #950, #5058, #811, #6158, #2496, #3464, #3472, #1944, #5209, #4950, #3005, #5341, #3, #3372, #1385, #2358, #6076, #4683, #865, #4262, #6220, #5725, #667, #5266, #4421, #2273, #6097, #1442, #90, #514, #642, #1592, #135, #4047, #2680, #4095, #4971, #148, #1741, #4018, #3071, #4844, #1341, #958, #1486, #2204, #3153, #2473, #4481, #2701, #5536, #2213, #3416, #1547, #975, #4271, #5615, #4795, #1000, #5020, #3773, #4032, #6027, #4240, #3165, #2075, #4158, #656, #2267, #4751, #2477, #5977, #3674, #4890, #4853, #3951, #372, #3207, #856, #3617, #2808, #1952, #2983, #1874, #761, #2313, #459, #2888, #3945, #4740, #260, #5411, #4662, #4559, #3212, #526, #4997, #5905, #5107, #2415, #5319, #2788, #3567, #2113, #824, #4878, #4048, #5012, #13, #1956, #4026, #393, #1461, #6493, #4291, #2006, #6421, #5285, #6204, #4042, #6299, #4362, #6086, #5528, #1897, #4468, #1647, #276 ) ) ;
#4097 = ADVANCED_FACE ( 'NONE', ( #2886 ), #2912, .T. ) ;
#4098 = CARTESIAN_POINT ( 'NONE',  ( 7.000000000000000888, 0.000000000000000000, 0.000000000000000000 ) ) ;
#4099 = CIRCLE ( 'NONE', #1796, 37.49900000000000233 ) ;
#4100 = APPROVAL_ROLE ( '' ) ;
#4101 = DIRECTION ( 'NONE',  ( 0.000000000000000000, 0.000000000000000000, 1.000000000000000000 ) ) ;
#4102 = DIRECTION ( 'NONE',  ( 0.000000000000000000, 0.000000000000000000, 1.000000000000000000 ) ) ;
#4103 = DIRECTION ( 'NONE',  ( 0.000000000000000000, 0.000000000000000000, 1.000000000000000000 ) ) ;
#4104 = VERTEX_POINT ( 'NONE', #4625 ) ;
#4105 = DIRECTION ( 'NONE',  ( -1.000000000000000000, -0.000000000000000000, 0.000000000000000000 ) ) ;
#4106 = VERTEX_POINT ( 'NONE', #1607 ) ;
#4107 = ADVANCED_FACE ( 'NONE', ( #555 ), #2121, .F. ) ;
#4108 = CARTESIAN_POINT ( 'NONE',  ( -3.898298969973960748, 1.800000000000002709, -2.399999999999998579 ) ) ;
#4109 = CIRCLE ( 'NONE', #1901, 16.00000000000000000 ) ;
#4110 = DIRECTION ( 'NONE',  ( -1.000000000000000000, -0.000000000000000000, -0.000000000000000000 ) ) ;
#4111 = DIRECTION ( 'NONE',  ( 0.000000000000000000, 0.000000000000000000, 1.000000000000000000 ) ) ;
#4112 = CYLINDRICAL_SURFACE ( 'NONE', #2163, 42.00000000000000000 ) ;
#4113 = CARTESIAN_POINT ( 'NONE',  ( 3.500000000000000444, 35.47612816024556537, -22.48208911017461631 ) ) ;
#4114 = AXIS2_PLACEMENT_3D ( 'NONE', #5875, #354, #785 ) ;
#4115 = CIRCLE ( 'NONE', #3903, 16.00000000000000355 ) ;
#4116 = ORIENTED_EDGE ( 'NONE', *, *, #1254, .F. ) ;
#4117 = CIRCLE ( 'NONE', #4948, 42.00000000000000000 ) ;
#4118 = ORIENTED_EDGE ( 'NONE', *, *, #3285, .F. ) ;
#4119 = DIRECTION ( 'NONE',  ( 0.000000000000000000, 0.000000000000000000, 1.000000000000000000 ) ) ;
#4120 = DIRECTION ( 'NONE',  ( -1.000000000000000000, -0.000000000000000000, -0.000000000000000000 ) ) ;
#4121 = CIRCLE ( 'NONE', #18, 37.49900000000000233 ) ;
#4122 = CARTESIAN_POINT ( 'NONE',  ( 7.000000000000000888, -31.52238457039580055, -27.75498641678775158 ) ) ;
#4123 = CIRCLE ( 'NONE', #4753, 16.00000000000000000 ) ;
#4124 = CARTESIAN_POINT ( 'NONE',  ( 0.000000000000000000, 0.000000000000000000, 0.000000000000000000 ) ) ;
#4125 = ADVANCED_FACE ( 'NONE', ( #5575 ), #1538, .T. ) ;
#4127 = ORIENTED_EDGE ( 'NONE', *, *, #1830, .F. ) ;
#4126 = VERTEX_POINT ( 'NONE', #1509 ) ;
#4128 = CIRCLE ( 'NONE', #6343, 10.00000000000000000 ) ;
#4129 = AXIS2_PLACEMENT_3D ( 'NONE', #694, #1251, #4723 ) ;
#4130 = VECTOR ( 'NONE', #3093, 1000.000000000000000 ) ;
#4131 = CARTESIAN_POINT ( 'NONE',  ( 7.000000000000000888, 22.74946021919175720, -29.81001611430984255 ) ) ;
#4132 = DIRECTION ( 'NONE',  ( -1.000000000000000000, 0.000000000000000000, 0.000000000000000000 ) ) ;
#4133 = EDGE_LOOP ( 'NONE', ( #5005, #5634, #6053, #4863 ) ) ;
#4134 = ORIENTED_EDGE ( 'NONE', *, *, #801, .T. ) ;
#4135 = CARTESIAN_POINT ( 'NONE',  ( 7.000000000000000888, 10.96151621346488270, 35.95386929396259745 ) ) ;
#4136 = CALENDAR_DATE ( 2025, 3, 10 ) ;
#4137 = DIRECTION ( 'NONE',  ( -1.000000000000000000, -0.000000000000000000, -0.000000000000000000 ) ) ;
#4138 = CARTESIAN_POINT ( 'NONE',  ( 7.000000000000000888, 10.96151621346540317, -35.95386929396244113 ) ) ;
#4139 = EDGE_CURVE ( 'NONE', #4061, #3154, #1800, .T. ) ;
#4140 = CYLINDRICAL_SURFACE ( 'NONE', #1079, 42.00000000000000000 ) ;
#4141 = VERTEX_POINT ( 'NONE', #2974 ) ;
#4142 = DIRECTION ( 'NONE',  ( -1.000000000000000000, -0.000000000000000000, 0.000000000000000000 ) ) ;
#4143 = EDGE_LOOP ( 'NONE', ( #245, #4823, #4637, #5028 ) ) ;
#4144 = DIRECTION ( 'NONE',  ( 0.000000000000000000, 0.4539904997395479702, -0.8910065241883673437 ) ) ;
#4145 = CARTESIAN_POINT ( 'NONE',  ( 0.000000000000000000, 30.00120703465205452, 22.64427369931179257 ) ) ;
#4146 = DIRECTION ( 'NONE',  ( 0.000000000000000000, 0.000000000000000000, 1.000000000000000000 ) ) ;
#4147 = LINE ( 'NONE', #1654, #597 ) ;
#4148 = EDGE_CURVE ( 'NONE', #4448, #4976, #1041, .T. ) ;
#4149 = CARTESIAN_POINT ( 'NONE',  ( 7.000000000000000888, 0.000000000000000000, 0.000000000000000000 ) ) ;
#4150 = CIRCLE ( 'NONE', #163, 42.00000000000000000 ) ;
#4151 = ORIENTED_EDGE ( 'NONE', *, *, #2925, .T. ) ;
#4152 = ORIENTED_EDGE ( 'NONE', *, *, #4019, .F. ) ;
#4153 = FACE_OUTER_BOUND ( 'NONE', #6221, .T. ) ;
#4154 = CARTESIAN_POINT ( 'NONE',  ( 7.000000000000000888, -33.80338159004273280, -16.23288003029533044 ) ) ;
#4155 = CARTESIAN_POINT ( 'NONE',  ( 0.000000000000000000, -9.188173127307001309, -40.98264845739759465 ) ) ;
#4156 = CARTESIAN_POINT ( 'NONE',  ( 7.000000000000000888, -10.74501242461258244, -35.92658777277521409 ) ) ;
#4158 = ORIENTED_EDGE ( 'NONE', *, *, #6246, .T. ) ;
#4157 = ORIENTED_EDGE ( 'NONE', *, *, #4572, .F. ) ;
#4159 = EDGE_CURVE ( 'NONE', #902, #294, #10, .T. ) ;
#4160 = EDGE_CURVE ( 'NONE', #5076, #2603, #5571, .T. ) ;
#4161 = AXIS2_PLACEMENT_3D ( 'NONE', #3487, #1459, #2379 ) ;
#4162 = CYLINDRICAL_SURFACE ( 'NONE', #3377, 37.49900000000000233 ) ;
#4163 = CARTESIAN_POINT ( 'NONE',  ( 0.000000000000000000, -36.13751322684404244, -21.40280677340410875 ) ) ;
#4164 = VERTEX_POINT ( 'NONE', #4030 ) ;
#4165 = ORIENTED_EDGE ( 'NONE', *, *, #5278, .T. ) ;
#4166 = DIRECTION ( 'NONE',  ( -1.000000000000000000, -0.000000000000000000, 0.000000000000000000 ) ) ;
#4167 = EDGE_CURVE ( 'NONE', #5526, #1420, #2085, .T. ) ;
#4168 = CARTESIAN_POINT ( 'NONE',  ( 0.000000000000000000, 21.32104025579158701, -30.84782396557194772 ) ) ;
#4169 = DIRECTION ( 'NONE',  ( 0.000000000000000000, 0.8090169943749487835, -0.5877852522924713607 ) ) ;
#4170 = CYLINDRICAL_SURFACE ( 'NONE', #2746, 37.49900000000000233 ) ;
#4171 = ORIENTED_EDGE ( 'NONE', *, *, #194, .F. ) ;
#4172 = ORIENTED_EDGE ( 'NONE', *, *, #2229, .F. ) ;
#4173 = ORIENTED_EDGE ( 'NONE', *, *, #6217, .T. ) ;
#4174 = DIRECTION ( 'NONE',  ( -1.000000000000000000, -0.000000000000000000, -0.000000000000000000 ) ) ;
#4175 = EDGE_CURVE ( 'NONE', #3587, #3457, #3166, .T. ) ;
#4176 = DIRECTION ( 'NONE',  ( -1.000000000000000000, -0.000000000000000000, 0.000000000000000000 ) ) ;
#4177 = DIRECTION ( 'NONE',  ( -1.000000000000000000, 0.000000000000000000, 0.000000000000000000 ) ) ;
#4178 = DIRECTION ( 'NONE',  ( 0.000000000000000000, 0.000000000000000000, -1.000000000000000000 ) ) ;
#4179 = CARTESIAN_POINT ( 'NONE',  ( 7.000000000000000888, -6.736453364083817341, 36.88895765772630142 ) ) ;
#4180 = ORIENTED_EDGE ( 'NONE', *, *, #1075, .T. ) ;
#4181 = CIRCLE ( 'NONE', #3864, 42.00000000000000000 ) ;
#4182 = CARTESIAN_POINT ( 'NONE',  ( 0.000000000000000000, 0.000000000000000000, 0.000000000000000000 ) ) ;
#4183 = EDGE_CURVE ( 'NONE', #589, #4370, #961, .T. ) ;
#4184 = DIRECTION ( 'NONE',  ( 0.000000000000000000, 0.000000000000000000, 1.000000000000000000 ) ) ;
#4185 = DIRECTION ( 'NONE',  ( -1.000000000000000000, 0.000000000000000000, -0.000000000000000000 ) ) ;
#4186 = DIRECTION ( 'NONE',  ( -1.000000000000000000, -0.000000000000000000, -0.000000000000000000 ) ) ;
#4187 = AXIS2_PLACEMENT_3D ( 'NONE', #4036, #3611, #6483 ) ;
#4189 = ORIENTED_EDGE ( 'NONE', *, *, #5567, .F. ) ;
#4188 = VERTEX_POINT ( 'NONE', #57 ) ;
#4190 = CIRCLE ( 'NONE', #417, 3.000000000000000444 ) ;
#4191 = CIRCLE ( 'NONE', #5344, 42.00000000000000000 ) ;
#4192 = DIRECTION ( 'NONE',  ( -1.000000000000000000, -0.000000000000000000, -0.000000000000000000 ) ) ;
#4193 = DIRECTION ( 'NONE',  ( -1.000000000000000000, -0.000000000000000000, 0.000000000000000000 ) ) ;
#4194 = VERTEX_POINT ( 'NONE', #6147 ) ;
#4195 = CIRCLE ( 'NONE', #6301, 42.00000000000000000 ) ;
#4196 = AXIS2_PLACEMENT_3D ( 'NONE', #2829, #4012, #5493 ) ;
#4197 = DIRECTION ( 'NONE',  ( 1.000000000000000000, -0.000000000000000000, -0.000000000000000000 ) ) ;
#4198 = APPLICATION_CONTEXT ( 'configuration controlled 3d designs of mechanical parts and assemblies' ) ;
#4199 = DIRECTION ( 'NONE',  ( -1.000000000000000000, 0.000000000000000000, 0.000000000000000000 ) ) ;
#4200 = DIRECTION ( 'NONE',  ( -1.000000000000000000, 0.000000000000000000, 0.000000000000000000 ) ) ;
#4201 = DIRECTION ( 'NONE',  ( 0.000000000000000000, 0.000000000000000000, -1.000000000000000000 ) ) ;
#4202 = EDGE_CURVE ( 'NONE', #3827, #701, #4060, .T. ) ;
#4203 = EDGE_CURVE ( 'NONE', #502, #3447, #3373, .T. ) ;
#4204 = ORIENTED_EDGE ( 'NONE', *, *, #5651, .T. ) ;
#4205 = ORIENTED_EDGE ( 'NONE', *, *, #3577, .F. ) ;
#4206 = ORIENTED_EDGE ( 'NONE', *, *, #3029, .F. ) ;
#4207 = DIRECTION ( 'NONE',  ( 0.000000000000000000, -0.8090169943749531134, 0.5877852522924654766 ) ) ;
#4208 = CARTESIAN_POINT ( 'NONE',  ( 7.000000000000000888, -30.00120703465221794, 22.64427369931157585 ) ) ;
#4209 = DIRECTION ( 'NONE',  ( -1.000000000000000000, 0.000000000000000000, 0.000000000000000000 ) ) ;
#4210 = DIRECTION ( 'NONE',  ( 0.000000000000000000, 0.000000000000000000, 1.000000000000000000 ) ) ;
#4211 = AXIS2_PLACEMENT_3D ( 'NONE', #3629, #4588, #4084 ) ;
#4212 = CARTESIAN_POINT ( 'NONE',  ( 7.000000000000000888, 33.80338159004307386, -16.23288003029461279 ) ) ;
#4213 = ADVANCED_FACE ( 'NONE', ( #1639 ), #5110, .T. ) ;
#4214 = UNCERTAINTY_MEASURE_WITH_UNIT (LENGTH_MEASURE( 1.000000000000000082E-05 ), #826, 'distance_accuracy_value', 'NONE');
#4215 = ORIENTED_EDGE ( 'NONE', *, *, #2032, .T. ) ;
#4216 = AXIS2_PLACEMENT_3D ( 'NONE', #1734, #5214, #655 ) ;
#4217 = CARTESIAN_POINT ( 'NONE',  ( 7.000000000000000888, 10.96151621346488270, 35.95386929396259745 ) ) ;
#4218 = CARTESIAN_POINT ( 'NONE',  ( 4.000000000000000000, 0.000000000000000000, 3.000000000000000444 ) ) ;
#4219 = FACE_OUTER_BOUND ( 'NONE', #3918, .T. ) ;
#4220 = DIRECTION ( 'NONE',  ( 0.000000000000000000, 0.000000000000000000, 1.000000000000000000 ) ) ;
#4221 = AXIS2_PLACEMENT_3D ( 'NONE', #6402, #1375, #2778 ) ;
#4222 = AXIS2_PLACEMENT_3D ( 'NONE', #5798, #275, #4830 ) ;
#4223 = EDGE_CURVE ( 'NONE', #2555, #5256, #1998, .T. ) ;
#4225 = ORIENTED_EDGE ( 'NONE', *, *, #229, .F. ) ;
#4224 = ORIENTED_EDGE ( 'NONE', *, *, #3999, .F. ) ;
#4226 = VECTOR ( 'NONE', #5089, 1000.000000000000000 ) ;
#4227 = AXIS2_PLACEMENT_3D ( 'NONE', #2597, #2491, #4043 ) ;
#4228 = CARTESIAN_POINT ( 'NONE',  ( 0.000000000000000000, 15.48615015657638239, -39.04073710021327770 ) ) ;
#4229 = EDGE_CURVE ( 'NONE', #537, #5818, #981, .T. ) ;
#4230 = AXIS2_PLACEMENT_3D ( 'NONE', #6252, #4266, #1739 ) ;
#4231 = DIRECTION ( 'NONE',  ( -1.000000000000000000, -0.000000000000000000, -0.000000000000000000 ) ) ;
#4232 = CIRCLE ( 'NONE', #6133, 16.00000000000000000 ) ;
#4233 = EDGE_LOOP ( 'NONE', ( #4049, #3499, #97, #282 ) ) ;
#4234 = CARTESIAN_POINT ( 'NONE',  ( 0.000000000000000000, 36.13751322684449718, -21.40280677340333781 ) ) ;
#4235 = DIRECTION ( 'NONE',  ( 0.000000000000000000, -0.8910065241883626808, -0.4539904997395570740 ) ) ;
#4236 = CIRCLE ( 'NONE', #2849, 37.49900000000000944 ) ;
#4237 = AXIS2_PLACEMENT_3D ( 'NONE', #5218, #5617, #5683 ) ;
#4238 = DIRECTION ( 'NONE',  ( -1.000000000000000000, 0.000000000000000000, -0.000000000000000000 ) ) ;
#4239 = DIRECTION ( 'NONE',  ( -1.000000000000000000, 0.000000000000000000, 0.000000000000000000 ) ) ;
#4240 = ORIENTED_EDGE ( 'NONE', *, *, #749, .F. ) ;
#4241 = EDGE_LOOP ( 'NONE', ( #2066, #2043, #317, #6024 ) ) ;
#4242 = ORIENTED_EDGE ( 'NONE', *, *, #3549, .F. ) ;
#4243 = DIRECTION ( 'NONE',  ( 0.000000000000000000, -0.7071067811865536790, 0.7071067811865413555 ) ) ;
#4244 = EDGE_CURVE ( 'NONE', #364, #5578, #4485, .T. ) ;
#4245 = DIRECTION ( 'NONE',  ( 0.000000000000000000, 0.8910065241883656784, 0.4539904997395510788 ) ) ;
#4246 = CARTESIAN_POINT ( 'NONE',  ( 7.000000000000000888, -21.32104025579135964, 30.84782396557210760 ) ) ;
#4247 = ADVANCED_FACE ( 'NONE', ( #5079 ), #3003, .T. ) ;
#4248 = CARTESIAN_POINT ( 'NONE',  ( 7.000000000000000888, 0.000000000000000000, 0.000000000000000000 ) ) ;
#4249 = FACE_OUTER_BOUND ( 'NONE', #1558, .T. ) ;
#4250 = ORIENTED_EDGE ( 'NONE', *, *, #5240, .F. ) ;
#4251 = DIRECTION ( 'NONE',  ( 0.000000000000000000, 0.7071067811865439090, 0.7071067811865512365 ) ) ;
#4252 = DIRECTION ( 'NONE',  ( -1.000000000000000000, 0.000000000000000000, 0.000000000000000000 ) ) ;
#4253 = CYLINDRICAL_SURFACE ( 'NONE', #4519, 16.00000000000000000 ) ;
#4254 = ADVANCED_FACE ( 'NONE', ( #4521 ), #6248, .T. ) ;
#4255 = DIRECTION ( 'NONE',  ( -1.000000000000000000, -0.000000000000000000, -0.000000000000000000 ) ) ;
#4257 = VERTEX_POINT ( 'NONE', #4163 ) ;
#4256 = ORIENTED_EDGE ( 'NONE', *, *, #3177, .F. ) ;
#4258 = ADVANCED_FACE ( 'NONE', ( #2712 ), #6176, .T. ) ;
#4259 = CARTESIAN_POINT ( 'NONE',  ( 3.500000000000001332, -21.40280677340346216, -36.13751322684441192 ) ) ;
#4260 = FACE_OUTER_BOUND ( 'NONE', #59, .T. ) ;
#4262 = ORIENTED_EDGE ( 'NONE', *, *, #5860, .F. ) ;
#4261 = CARTESIAN_POINT ( 'NONE',  ( 7.000000000000000888, 0.000000000000000000, 0.000000000000000000 ) ) ;
#4263 = CARTESIAN_POINT ( 'NONE',  ( 0.000000000000000000, 35.47612816024523852, 22.48208911017512790 ) ) ;
#4264 = CARTESIAN_POINT ( 'NONE',  ( 7.000000000000000888, 40.68715046381944234, -10.41901085202036015 ) ) ;
#4265 = CIRCLE ( 'NONE', #5851, 16.00000000000000000 ) ;
#4266 = DIRECTION ( 'NONE',  ( -1.000000000000000000, -0.000000000000000000, 0.000000000000000000 ) ) ;
#4267 = DIRECTION ( 'NONE',  ( 0.000000000000000000, 0.5877852522924744694, -0.8090169943749465631 ) ) ;
#4268 = CIRCLE ( 'NONE', #388, 42.00000000000000000 ) ;
#4269 = ORIENTED_EDGE ( 'NONE', *, *, #2953, .T. ) ;
#4270 = ORIENTED_EDGE ( 'NONE', *, *, #4571, .T. ) ;
#4271 = ORIENTED_EDGE ( 'NONE', *, *, #4302, .F. ) ;
#4272 = DIRECTION ( 'NONE',  ( 0.000000000000000000, 0.000000000000000000, 1.000000000000000000 ) ) ;
#4273 = CARTESIAN_POINT ( 'NONE',  ( 7.000000000000000888, -35.95386929396263298, 10.96151621346475658 ) ) ;
#4274 = DIRECTION ( 'NONE',  ( -1.000000000000000000, 0.000000000000000000, 0.000000000000000000 ) ) ;
#4275 = DIRECTION ( 'NONE',  ( -1.000000000000000000, -0.000000000000000000, -0.000000000000000000 ) ) ;
#4276 = DIRECTION ( 'NONE',  ( -1.000000000000000000, -0.000000000000000000, -0.000000000000000000 ) ) ;
#4277 = CC_DESIGN_PERSON_AND_ORGANIZATION_ASSIGNMENT ( #2589, #1123, ( #3037 ) ) ;
#4278 = ORIENTED_EDGE ( 'NONE', *, *, #1216, .T. ) ;
#4279 = DIRECTION ( 'NONE',  ( -1.000000000000000000, 0.000000000000000000, -0.000000000000000000 ) ) ;
#4280 = DIRECTION ( 'NONE',  ( -1.000000000000000000, 0.000000000000000000, 0.000000000000000000 ) ) ;
#4281 = DIRECTION ( 'NONE',  ( -1.000000000000000000, 0.000000000000000000, 0.000000000000000000 ) ) ;
#4282 = DIRECTION ( 'NONE',  ( 0.000000000000000000, 0.000000000000000000, 1.000000000000000000 ) ) ;
#4283 = EDGE_CURVE ( 'NONE', #4782, #5377, #5686, .T. ) ;
#4285 = EDGE_LOOP ( 'NONE', ( #5726, #221, #1774, #2312 ) ) ;
#4284 = EDGE_LOOP ( 'NONE', ( #6173, #2416, #3323, #2844 ) ) ;
#4286 = EDGE_CURVE ( 'NONE', #6243, #6135, #4717, .T. ) ;
#4287 = VECTOR ( 'NONE', #4308, 1000.000000000000000 ) ;
#4288 = DIRECTION ( 'NONE',  ( -1.000000000000000000, 0.000000000000000000, 0.000000000000000000 ) ) ;
#4289 = CARTESIAN_POINT ( 'NONE',  ( 0.000000000000000000, 37.58145647212454321, -0.6853352020786425136 ) ) ;
#4291 = ORIENTED_EDGE ( 'NONE', *, *, #5292, .T. ) ;
#4290 = ORIENTED_EDGE ( 'NONE', *, *, #2041, .T. ) ;
#4292 = ADVANCED_FACE ( 'NONE', ( #5678, #1665 ), #3703, .T. ) ;
#4293 = CARTESIAN_POINT ( 'NONE',  ( 0.000000000000000000, -5.202137450156657295, 37.22597642581155952 ) ) ;
#4294 = AXIS2_PLACEMENT_3D ( 'NONE', #3571, #5581, #5513 ) ;
#4295 = VECTOR ( 'NONE', #5562, 1000.000000000000000 ) ;
#4296 = CARTESIAN_POINT ( 'NONE',  ( 7.000000000000000888, 12.42422080174639021, 35.38097989696516521 ) ) ;
#4297 = CYLINDRICAL_SURFACE ( 'NONE', #2547, 42.00000000000000000 ) ;
#4298 = CYLINDRICAL_SURFACE ( 'NONE', #3060, 16.00000000000000000 ) ;
#4299 = AXIS2_PLACEMENT_3D ( 'NONE', #4653, #2048, #4054 ) ;
#4300 = CIRCLE ( 'NONE', #5783, 15.99999999999999467 ) ;
#4301 = ORIENTED_EDGE ( 'NONE', *, *, #3030, .T. ) ;
#4302 = EDGE_CURVE ( 'NONE', #6177, #1996, #223, .T. ) ;
#4303 = ORIENTED_EDGE ( 'NONE', *, *, #5574, .T. ) ;
#4304 = VERTEX_POINT ( 'NONE', #5145 ) ;
#4305 = CARTESIAN_POINT ( 'NONE',  ( 7.000000000000000888, -10.41901085202050403, -40.68715046381939970 ) ) ;
#4306 = DIRECTION ( 'NONE',  ( 0.000000000000000000, 0.000000000000000000, 1.000000000000000000 ) ) ;
#4307 = CIRCLE ( 'NONE', #4408, 16.00000000000000711 ) ;
#4308 = DIRECTION ( 'NONE',  ( -1.000000000000000000, 0.000000000000000000, 0.000000000000000000 ) ) ;
#4309 = CARTESIAN_POINT ( 'NONE',  ( 0.000000000000000000, -3.925862922256460941, 41.81611651403860463 ) ) ;
#4310 = CARTESIAN_POINT ( 'NONE',  ( 7.000000000000000888, -37.16516213103273714, -4.992566952385376844 ) ) ;
#4311 = EDGE_CURVE ( 'NONE', #5463, #126, #5468, .T. ) ;
#4312 = AXIS2_PLACEMENT_3D ( 'NONE', #2237, #2697, #5161 ) ;
#4313 = ORIENTED_EDGE ( 'NONE', *, *, #3029, .T. ) ;
#4314 = LINE ( 'NONE', #905, #3805 ) ;
#4315 = CARTESIAN_POINT ( 'NONE',  ( 7.000000000000000888, 33.17418723428307459, 17.67226234102837168 ) ) ;
#4316 = CARTESIAN_POINT ( 'NONE',  ( 7.000000000000000888, 35.92658777277525672, -10.74501242461245809 ) ) ;
#4317 = CYLINDRICAL_SURFACE ( 'NONE', #918, 16.00000000000000000 ) ;
#4318 = AXIS2_PLACEMENT_3D ( 'NONE', #3636, #2182, #5644 ) ;
#4320 = ORIENTED_EDGE ( 'NONE', *, *, #2241, .T. ) ;
#4319 = VERTEX_POINT ( 'NONE', #189 ) ;
#4321 = AXIS2_PLACEMENT_3D ( 'NONE', #4436, #1391, #4869 ) ;
#4322 = LINE ( 'NONE', #2621, #3875 ) ;
#4323 = EDGE_CURVE ( 'NONE', #2408, #3080, #545, .T. ) ;
#4324 = DIRECTION ( 'NONE',  ( 0.000000000000000000, -0.4539904997395542430, 0.8910065241883641241 ) ) ;
#4325 = CIRCLE ( 'NONE', #2540, 37.49900000000001654 ) ;
#4326 = AXIS2_PLACEMENT_3D ( 'NONE', #1021, #5650, #1616 ) ;
#4328 = EDGE_LOOP ( 'NONE', ( #6187, #3282, #423, #4982, #441, #5742, #1831, #4766, #46, #1649, #2014, #1136, #458, #5320, #1710, #4347, #6385, #5231, #1678, #2923, #2453, #2756, #3409, #4355, #2966, #6104, #171, #3996, #3518, #3137, #831, #178, #6055, #1414, #6363, #6290, #2081, #5960, #3182, #169, #569, #5498, #2458, #4936, #830, #2843, #1303, #6143, #3889, #951, #1312, #2285, #3735, #2971, #4152, #1144, #2721, #6515, #4900, #6113, #4118, #2388, #3493, #3878, #576, #5334, #5577, #3382, #4206, #4467, #4407, #2739, #5037, #2381, #2748, #5431, #4884, #4768, #6450, #2786, #4016, #2035, #5688, #3607, #608, #78, #3528, #5156, #1120, #1995, #4919, #6033, #2563, #2775, #2150, #5308, #4225, #4461, #6071, #5295, #2545, #3926, #5313, #5491, #4646, #1054, #3758, #327, #24, #3988, #4454, #670, #1039, #1807, #3129, #3471, #4205, #6235, #5843, #5215, #2393, #1468, #967, #3284, #3408, #156, #1384, #2351, #2387, #5246, #5662, #1128, #5773, #3543, #5090, #3173, #5633, #4825, #3249, #5654, #822, #5140, #2382, #384, #1735, #1790, #160, #3774, #1151, #4440, #1750, #5519, #2536, #268, #1244, #4538, #2855, #1853, #786, #422, #1077, #2984, #1541, #3560, #2219 ) ) ;
#4327 = ORIENTED_EDGE ( 'NONE', *, *, #2049, .T. ) ;
#4329 = CIRCLE ( 'NONE', #550, 10.00000000000000000 ) ;
#4330 = DIRECTION ( 'NONE',  ( -1.000000000000000000, 0.000000000000000000, 0.000000000000000000 ) ) ;
#4331 = CARTESIAN_POINT ( 'NONE',  ( 0.000000000000000000, -35.53030884539093393, 12.26510123303246580 ) ) ;
#4332 = AXIS2_PLACEMENT_3D ( 'NONE', #2246, #246, #1818 ) ;
#4333 = LINE ( 'NONE', #3934, #2658 ) ;
#4334 = DIRECTION ( 'NONE',  ( 0.000000000000000000, -0.9510565162951565288, 0.3090169943749384029 ) ) ;
#4335 = ORIENTED_EDGE ( 'NONE', *, *, #1651, .F. ) ;
#4336 = ORIENTED_EDGE ( 'NONE', *, *, #392, .F. ) ;
#4337 = VERTEX_POINT ( 'NONE', #3733 ) ;
#4338 = VECTOR ( 'NONE', #3866, 1000.000000000000000 ) ;
#4339 = CIRCLE ( 'NONE', #4757, 37.49900000000000944 ) ;
#4340 = LINE ( 'NONE', #3417, #3074 ) ;
#4341 =( NAMED_UNIT ( * ) PLANE_ANGLE_UNIT ( ) SI_UNIT ( $, .RADIAN. ) );
#4342 = CARTESIAN_POINT ( 'NONE',  ( 7.000000000000000888, 5.202137450156391729, 37.22597642581159505 ) ) ;
#4343 = EDGE_CURVE ( 'NONE', #6506, #3751, #1067, .T. ) ;
#4344 = DIRECTION ( 'NONE',  ( 0.000000000000000000, -0.5877852522924802425, 0.8090169943749422332 ) ) ;
#4345 = CARTESIAN_POINT ( 'NONE',  ( 7.000000000000000888, 0.000000000000000000, 0.000000000000000000 ) ) ;
#4346 = CIRCLE ( 'NONE', #361, 37.49900000000001654 ) ;
#4347 = ORIENTED_EDGE ( 'NONE', *, *, #6429, .F. ) ;
#4348 = ORIENTED_EDGE ( 'NONE', *, *, #2640, .F. ) ;
#4349 = CARTESIAN_POINT ( 'NONE',  ( -3.597901086802798076, 1.841746809970008059, 2.368206664834168418 ) ) ;
#4350 = DIRECTION ( 'NONE',  ( -1.000000000000000000, 0.000000000000000000, 0.000000000000000000 ) ) ;
#4351 = DIRECTION ( 'NONE',  ( -1.000000000000000000, 0.000000000000000000, -0.000000000000000000 ) ) ;
#4352 = EDGE_CURVE ( 'NONE', #2625, #698, #121, .T. ) ;
#4353 = DIRECTION ( 'NONE',  ( 0.000000000000000000, 0.000000000000000000, -1.000000000000000000 ) ) ;
#4355 = ORIENTED_EDGE ( 'NONE', *, *, #155, .F. ) ;
#4354 = ORIENTED_EDGE ( 'NONE', *, *, #723, .F. ) ;
#4356 = CARTESIAN_POINT ( 'NONE',  ( -4.000050800000000351, 2.649999999999999467, 0.000000000000000000 ) ) ;
#4357 = PERSON ( 'UNSPECIFIED', 'UNSPECIFIED', 'UNSPECIFIED', ('UNSPECIFIED'), ('UNSPECIFIED'), ('UNSPECIFIED') ) ;
#4358 = CARTESIAN_POINT ( 'NONE',  ( -10.00000000000000000, 0.000000000000000000, 0.000000000000000000 ) ) ;
#4359 = LINE ( 'NONE', #3860, #3922 ) ;
#4360 = ADVANCED_FACE ( 'NONE', ( #3239 ), #5716, .T. ) ;
#4362 = ORIENTED_EDGE ( 'NONE', *, *, #4203, .F. ) ;
#4361 = EDGE_LOOP ( 'NONE', ( #823, #2894, #1709, #4812 ) ) ;
#4363 = DIRECTION ( 'NONE',  ( -1.000000000000000000, 0.000000000000000000, 0.000000000000000000 ) ) ;
#4364 = ADVANCED_FACE ( 'NONE', ( #4260 ), #2744, .T. ) ;
#4365 = CARTESIAN_POINT ( 'NONE',  ( 7.000000000000000888, -36.88895765772637247, 6.736453364083436313 ) ) ;
#4366 = CYLINDRICAL_SURFACE ( 'NONE', #3185, 16.00000000000000000 ) ;
#4367 = DIRECTION ( 'NONE',  ( -1.000000000000000000, -0.000000000000000000, -0.000000000000000000 ) ) ;
#4368 = VERTEX_POINT ( 'NONE', #690 ) ;
#4369 = EDGE_CURVE ( 'NONE', #5568, #3587, #861, .T. ) ;
#4370 = VERTEX_POINT ( 'NONE', #4908 ) ;
#4371 = EDGE_CURVE ( 'NONE', #2809, #6326, #652, .T. ) ;
#4372 = LINE ( 'NONE', #6116, #979 ) ;
#4373 = APPROVAL_STATUS ( 'not_yet_approved' ) ;
#4374 = DIRECTION ( 'NONE',  ( -1.000000000000000000, 0.000000000000000000, 0.000000000000000000 ) ) ;
#4375 = DIRECTION ( 'NONE',  ( 0.000000000000000000, -0.5877852522924801315, 0.8090169943749421222 ) ) ;
#4376 = AXIS2_PLACEMENT_3D ( 'NONE', #1788, #713, #5272 ) ;
#4377 = FACE_OUTER_BOUND ( 'NONE', #2156, .T. ) ;
#4378 = ORIENTED_EDGE ( 'NONE', *, *, #2022, .F. ) ;
#4379 = ORIENTED_EDGE ( 'NONE', *, *, #1153, .T. ) ;
#4380 = ADVANCED_FACE ( 'NONE', ( #6434 ), #2904, .T. ) ;
#4381 = DIRECTION ( 'NONE',  ( -1.000000000000000000, -0.000000000000000000, -0.000000000000000000 ) ) ;
#4382 = DIRECTION ( 'NONE',  ( 0.000000000000000000, 0.000000000000000000, 1.000000000000000000 ) ) ;
#4383 = CARTESIAN_POINT ( 'NONE',  ( -10.00000000000000000, 0.000000000000000000, 0.000000000000000000 ) ) ;
#4384 = LINE ( 'NONE', #5365, #3425 ) ;
#4386 = VERTEX_POINT ( 'NONE', #6494 ) ;
#4385 = EDGE_LOOP ( 'NONE', ( #4584, #1162, #5108, #6460 ) ) ;
#4387 = EDGE_CURVE ( 'NONE', #6282, #303, #5969, .T. ) ;
#4388 = CYLINDRICAL_SURFACE ( 'NONE', #867, 42.00000000000000000 ) ;
#4389 = CARTESIAN_POINT ( 'NONE',  ( 7.000000000000000888, 0.000000000000000000, 0.000000000000000000 ) ) ;
#4390 = CARTESIAN_POINT ( 'NONE',  ( 0.000000000000000000, -39.04073710021332744, -15.48615015657624738 ) ) ;
#4392 = VERTEX_POINT ( 'NONE', #4937 ) ;
#4391 = ORIENTED_EDGE ( 'NONE', *, *, #120, .F. ) ;
#4393 = CARTESIAN_POINT ( 'NONE',  ( 0.000000000000000000, -37.48860685352291711, 0.8828120875899322373 ) ) ;
#4394 = CARTESIAN_POINT ( 'NONE',  ( 7.000000000000000888, 12.26510123303259370, 35.53030884539089129 ) ) ;
#4395 = CARTESIAN_POINT ( 'NONE',  ( 7.000000000000000888, 0.000000000000000000, 0.000000000000000000 ) ) ;
#4396 = VERTEX_POINT ( 'NONE', #476 ) ;
#4397 = ORIENTED_EDGE ( 'NONE', *, *, #6001, .F. ) ;
#4398 = DIRECTION ( 'NONE',  ( 0.000000000000000000, 0.000000000000000000, 1.000000000000000000 ) ) ;
#4399 = PERSON_AND_ORGANIZATION_ROLE ( 'design_owner' ) ;
#4400 = DIRECTION ( 'NONE',  ( 0.000000000000000000, 0.9510565162951521989, 0.3090169943749517256 ) ) ;
#4401 = CIRCLE ( 'NONE', #5131, 37.49900000000000944 ) ;
#4402 = CYLINDRICAL_SURFACE ( 'NONE', #5590, 37.49900000000000233 ) ;
#4403 = EDGE_CURVE ( 'NONE', #2573, #1838, #5153, .T. ) ;
#4404 = EDGE_CURVE ( 'NONE', #2166, #3098, #4522, .T. ) ;
#4405 = DIRECTION ( 'NONE',  ( -1.000000000000000000, 0.000000000000000000, 0.000000000000000000 ) ) ;
#4406 = ORIENTED_EDGE ( 'NONE', *, *, #1834, .F. ) ;
#4407 = ORIENTED_EDGE ( 'NONE', *, *, #2925, .F. ) ;
#4408 = AXIS2_PLACEMENT_3D ( 'NONE', #4992, #496, #4499 ) ;
#4409 = DIRECTION ( 'NONE',  ( -0.000000000000000000, -1.000000000000000000, -0.000000000000000000 ) ) ;
#4410 = FACE_OUTER_BOUND ( 'NONE', #1076, .T. ) ;
#4411 = CARTESIAN_POINT ( 'NONE',  ( 0.000000000000000000, 0.000000000000000000, 0.000000000000000000 ) ) ;
#4412 = CARTESIAN_POINT ( 'NONE',  ( 3.500000000000000444, 16.65560815589464028, -38.55633173626993226 ) ) ;
#4413 = CIRCLE ( 'NONE', #2730, 16.00000000000000000 ) ;
#4415 = VERTEX_POINT ( 'NONE', #5370 ) ;
#4414 = VERTEX_POINT ( 'NONE', #3332 ) ;
#4416 = DIRECTION ( 'NONE',  ( -1.000000000000000000, -0.000000000000000000, -0.000000000000000000 ) ) ;
#4417 = DIRECTION ( 'NONE',  ( 0.000000000000000000, 0.000000000000000000, -1.000000000000000000 ) ) ;
#4418 = ADVANCED_FACE ( 'NONE', ( #878 ), #4388, .T. ) ;
#4419 = CARTESIAN_POINT ( 'NONE',  ( 0.000000000000000000, 27.05870788708266872, -26.08949754952995903 ) ) ;
#4420 = VECTOR ( 'NONE', #1141, 1000.000000000000000 ) ;
#4422 = ORIENTED_EDGE ( 'NONE', *, *, #4423, .T. ) ;
#4421 = ORIENTED_EDGE ( 'NONE', *, *, #4352, .T. ) ;
#4423 = EDGE_CURVE ( 'NONE', #4337, #698, #1973, .T. ) ;
#4424 = LINE ( 'NONE', #2848, #1918 ) ;
#4425 = VECTOR ( 'NONE', #256, 1000.000000000000000 ) ;
#4426 = AXIS2_PLACEMENT_3D ( 'NONE', #1126, #1580, #4067 ) ;
#4427 = CARTESIAN_POINT ( 'NONE',  ( 7.000000000000000888, 37.01155633439067572, -6.555932627142010638 ) ) ;
#4428 = CIRCLE ( 'NONE', #1604, 42.00000000000000000 ) ;
#4429 = EDGE_LOOP ( 'NONE', ( #4668, #1860, #5499, #149 ) ) ;
#4430 = VERTEX_POINT ( 'NONE', #6469 ) ;
#4431 = DIRECTION ( 'NONE',  ( 1.000000000000000000, 0.000000000000000000, 0.000000000000000000 ) ) ;
#4432 = CIRCLE ( 'NONE', #3488, 16.00000000000000000 ) ;
#4433 = PERSON_AND_ORGANIZATION_ROLE ( 'creator' ) ;
#4434 = DIRECTION ( 'NONE',  ( 0.000000000000000000, 0.000000000000000000, 1.000000000000000000 ) ) ;
#4435 = CARTESIAN_POINT ( 'NONE',  ( 0.000000000000000000, 0.000000000000000000, 0.000000000000000000 ) ) ;
#4436 = CARTESIAN_POINT ( 'NONE',  ( 7.000000000000000888, 0.000000000000000000, 0.000000000000000000 ) ) ;
#4437 = CIRCLE ( 'NONE', #3392, 42.00000000000000000 ) ;
#4438 = VECTOR ( 'NONE', #591, 1000.000000000000000 ) ;
#4439 = ADVANCED_FACE ( 'NONE', ( #2410 ), #3403, .T. ) ;
#4440 = ORIENTED_EDGE ( 'NONE', *, *, #753, .F. ) ;
#4441 = DIRECTION ( 'NONE',  ( -1.000000000000000000, 0.000000000000000000, 0.000000000000000000 ) ) ;
#4442 = EDGE_CURVE ( 'NONE', #2231, #968, #4117, .T. ) ;
#4443 = DIRECTION ( 'NONE',  ( 0.000000000000000000, 0.000000000000000000, 1.000000000000000000 ) ) ;
#4444 = CYLINDRICAL_SURFACE ( 'NONE', #783, 16.00000000000000000 ) ;
#4445 = AXIS2_PLACEMENT_3D ( 'NONE', #3640, #4166, #3113 ) ;
#4446 = CIRCLE ( 'NONE', #5182, 37.49900000000000233 ) ;
#4447 = CARTESIAN_POINT ( 'NONE',  ( 7.000000000000000888, 22.48208911017500000, 35.47612816024532378 ) ) ;
#4449 = ORIENTED_EDGE ( 'NONE', *, *, #113, .T. ) ;
#4448 = VERTEX_POINT ( 'NONE', #2475 ) ;
#4450 = CARTESIAN_POINT ( 'NONE',  ( 7.000000000000000888, 25.88420570971438650, -27.13269053701069566 ) ) ;
#4451 = ADVANCED_FACE ( 'NONE', ( #5999 ), #2354, .T. ) ;
#4452 = DIRECTION ( 'NONE',  ( 0.000000000000000000, 0.1564344650402312298, -0.9876883405951375483 ) ) ;
#4453 = CARTESIAN_POINT ( 'NONE',  ( 7.000000000000000888, 0.000000000000000000, 0.000000000000000000 ) ) ;
#4455 = VERTEX_POINT ( 'NONE', #1945 ) ;
#4454 = ORIENTED_EDGE ( 'NONE', *, *, #2440, .F. ) ;
#4456 = EDGE_CURVE ( 'NONE', #5758, #3273, #4749, .T. ) ;
#4457 = CIRCLE ( 'NONE', #2257, 16.00000000000000000 ) ;
#4458 = CARTESIAN_POINT ( 'NONE',  ( 7.000000000000000888, 10.74501242461333028, -35.92658777277499382 ) ) ;
#4459 = CARTESIAN_POINT ( 'NONE',  ( -1.599987430384170572, 10.00001520870662475, 0.1562208465138709701 ) ) ;
#4460 = ORIENTED_EDGE ( 'NONE', *, *, #5378, .T. ) ;
#4461 = ORIENTED_EDGE ( 'NONE', *, *, #699, .F. ) ;
#4462 = EDGE_CURVE ( 'NONE', #959, #2231, #3176, .T. ) ;
#4463 = CARTESIAN_POINT ( 'NONE',  ( 0.000000000000000000, 37.16516213103277266, 4.992566952385114831 ) ) ;
#4464 = DIRECTION ( 'NONE',  ( 0.000000000000000000, 0.000000000000000000, 1.000000000000000000 ) ) ;
#4465 = DIRECTION ( 'NONE',  ( 0.000000000000000000, 0.9510565162951521989, 0.3090169943749517256 ) ) ;
#4466 = FACE_OUTER_BOUND ( 'NONE', #2431, .T. ) ;
#4467 = ORIENTED_EDGE ( 'NONE', *, *, #5181, .F. ) ;
#4468 = ORIENTED_EDGE ( 'NONE', *, *, #2205, .F. ) ;
#4469 = CARTESIAN_POINT ( 'NONE',  ( 7.000000000000000888, -36.88895765772637247, 6.736453364083436313 ) ) ;
#4470 = CYLINDRICAL_SURFACE ( 'NONE', #5456, 16.00000000000000000 ) ;
#4471 = CIRCLE ( 'NONE', #4585, 37.49900000000000233 ) ;
#4472 = CARTESIAN_POINT ( 'NONE',  ( 7.000000000000000888, -0.8828120875898013420, -37.48860685352291711 ) ) ;
#4473 = CARTESIAN_POINT ( 'NONE',  ( -4.000050800000000351, 1.800000000000002265, -2.399999999999999023 ) ) ;
#4474 = CC_DESIGN_DATE_AND_TIME_ASSIGNMENT ( #263, #2688, ( #4833 ) ) ;
#4476 = ORIENTED_EDGE ( 'NONE', *, *, #1339, .T. ) ;
#4475 = ORIENTED_EDGE ( 'NONE', *, *, #883, .T. ) ;
#4477 = DIRECTION ( 'NONE',  ( 0.000000000000000000, 0.000000000000000000, 1.000000000000000000 ) ) ;
#4478 = DIRECTION ( 'NONE',  ( -1.000000000000000000, 0.000000000000000000, -0.000000000000000000 ) ) ;
#4479 = ADVANCED_FACE ( 'NONE', ( #3953 ), #3459, .T. ) ;
#4480 = EDGE_CURVE ( 'NONE', #4767, #5018, #4531, .T. ) ;
#4482 = ORIENTED_EDGE ( 'NONE', *, *, #5925, .T. ) ;
#4481 = ORIENTED_EDGE ( 'NONE', *, *, #3848, .T. ) ;
#4483 = CARTESIAN_POINT ( 'NONE',  ( 7.000000000000000888, 0.000000000000000000, 0.000000000000000000 ) ) ;
#4484 = EDGE_CURVE ( 'NONE', #6282, #616, #2118, .T. ) ;
#4485 = LINE ( 'NONE', #2615, #2737 ) ;
#4486 = VERTEX_POINT ( 'NONE', #4020 ) ;
#4487 = CIRCLE ( 'NONE', #1150, 16.00000000000000355 ) ;
#4488 = ORIENTED_EDGE ( 'NONE', *, *, #6013, .T. ) ;
#4489 = CARTESIAN_POINT ( 'NONE',  ( 7.000000000000000888, 27.05870788708266872, -26.08949754952995903 ) ) ;
#4490 = CALENDAR_DATE ( 2025, 3, 10 ) ;
#4491 = DIRECTION ( 'NONE',  ( -1.000000000000000000, -0.000000000000000000, 0.000000000000000000 ) ) ;
#4492 = AXIS2_PLACEMENT_3D ( 'NONE', #174, #6192, #1717 ) ;
#4493 = DIRECTION ( 'NONE',  ( 0.000000000000000000, 0.1564344650402312298, -0.9876883405951375483 ) ) ;
#4494 = ADVANCED_FACE ( 'NONE', ( #4153 ), #1139, .T. ) ;
#4495 = CARTESIAN_POINT ( 'NONE',  ( 0.000000000000000000, -32.34446384429989507, 26.79245525562703278 ) ) ;
#4496 = ORIENTED_EDGE ( 'NONE', *, *, #2338, .F. ) ;
#4497 = ORIENTED_EDGE ( 'NONE', *, *, #5966, .T. ) ;
#4498 = CARTESIAN_POINT ( 'NONE',  ( -5.708725888324816644, 2.479688849244623849, -1.695130975478007507 ) ) ;
#4499 = DIRECTION ( 'NONE',  ( 0.000000000000000000, -0.9876883405951393247, 0.1564344650402204329 ) ) ;
#4500 = AXIS2_PLACEMENT_3D ( 'NONE', #6340, #1643, #352 ) ;
#4501 = AXIS2_PLACEMENT_3D ( 'NONE', #5001, #6310, #2499 ) ;
#4502 = CARTESIAN_POINT ( 'NONE',  ( 7.000000000000000888, 33.17418723428307459, 17.67226234102837168 ) ) ;
#4503 = CARTESIAN_POINT ( 'NONE',  ( 7.000000000000000888, -30.80686688396994199, -21.53537804866113703 ) ) ;
#4504 = ADVANCED_FACE ( 'NONE', ( #4081 ), #3064, .T. ) ;
#4505 = VERTEX_POINT ( 'NONE', #2076 ) ;
#4506 = CIRCLE ( 'NONE', #1682, 42.00000000000000000 ) ;
#4508 = ORIENTED_EDGE ( 'NONE', *, *, #1738, .T. ) ;
#4507 = ORIENTED_EDGE ( 'NONE', *, *, #5385, .T. ) ;
#4509 = DIRECTION ( 'NONE',  ( -1.000000000000000000, 0.000000000000000000, 0.000000000000000000 ) ) ;
#4510 = DIRECTION ( 'NONE',  ( 0.000000000000000000, 0.9510565162951544194, -0.3090169943749446757 ) ) ;
#4511 = DIRECTION ( 'NONE',  ( 1.000000000000000000, -0.000000000000000000, 0.000000000000000000 ) ) ;
#4512 = CARTESIAN_POINT ( 'NONE',  ( 7.000000000000000888, -33.79645857604501202, -16.45098606841161626 ) ) ;
#4514 = ORIENTED_EDGE ( 'NONE', *, *, #3276, .T. ) ;
#4513 = ORIENTED_EDGE ( 'NONE', *, *, #38, .T. ) ;
#4515 = CIRCLE ( 'NONE', #6420, 37.49900000000001654 ) ;
#4516 = EDGE_CURVE ( 'NONE', #1207, #5924, #1080, .T. ) ;
#4517 = AXIS2_PLACEMENT_3D ( 'NONE', #420, #2814, #4334 ) ;
#4518 = ADVANCED_FACE ( 'NONE', ( #3522 ), #2538, .T. ) ;
#4519 = AXIS2_PLACEMENT_3D ( 'NONE', #3262, #213, #712 ) ;
#4520 = LINE ( 'NONE', #1605, #5179 ) ;
#4521 = FACE_OUTER_BOUND ( 'NONE', #5972, .T. ) ;
#4522 = CIRCLE ( 'NONE', #1282, 16.00000000000000355 ) ;
#4523 = VERTEX_POINT ( 'NONE', #112 ) ;
#4524 = ORIENTED_EDGE ( 'NONE', *, *, #4516, .F. ) ;
#4525 = CYLINDRICAL_SURFACE ( 'NONE', #3495, 37.49900000000000233 ) ;
#4526 = ADVANCED_FACE ( 'NONE', ( #5070 ), #5530, .T. ) ;
#4527 = DATE_AND_TIME ( #4001, #3677 ) ;
#4528 = CYLINDRICAL_SURFACE ( 'NONE', #3246, 42.00000000000000000 ) ;
#4529 = CIRCLE ( 'NONE', #1700, 37.49900000000000944 ) ;
#4530 = CIRCLE ( 'NONE', #2326, 16.00000000000000355 ) ;
#4531 = CIRCLE ( 'NONE', #1499, 16.00000000000000000 ) ;
#4532 = CARTESIAN_POINT ( 'NONE',  ( 7.000000000000000888, 0.8828120875905820508, -37.48860685352290290 ) ) ;
#4533 = DIRECTION ( 'NONE',  ( 0.000000000000000000, 0.000000000000000000, -1.000000000000000000 ) ) ;
#4534 = APPLICATION_CONTEXT ( 'configuration controlled 3d designs of mechanical parts and assemblies' ) ;
#4535 = EDGE_LOOP ( 'NONE', ( #5517, #399 ) ) ;
#4536 = CARTESIAN_POINT ( 'NONE',  ( 0.000000000000000000, 0.000000000000000000, 0.000000000000000000 ) ) ;
#4537 = AXIS2_PLACEMENT_3D ( 'NONE', #4435, #3445, #3942 ) ;
#4538 = ORIENTED_EDGE ( 'NONE', *, *, #4804, .F. ) ;
#4539 = CIRCLE ( 'NONE', #3483, 3.000000000000000444 ) ;
#4540 = AXIS2_PLACEMENT_3D ( 'NONE', #5225, #3648, #3288 ) ;
#4541 = CARTESIAN_POINT ( 'NONE',  ( 7.000000000000000888, 2.649999999999999911, -1.406236111042524106 ) ) ;
#4542 = ADVANCED_FACE ( 'NONE', ( #3023 ), #4051, .T. ) ;
#4543 = DIRECTION ( 'NONE',  ( 0.000000000000000000, 0.000000000000000000, 1.000000000000000000 ) ) ;
#4544 = DIRECTION ( 'NONE',  ( 0.000000000000000000, 0.4539904997395412534, 0.8910065241883706744 ) ) ;
#4545 = DIRECTION ( 'NONE',  ( -1.000000000000000000, 0.000000000000000000, -0.000000000000000000 ) ) ;
#4546 = CIRCLE ( 'NONE', #5381, 16.00000000000000000 ) ;
#4547 = VECTOR ( 'NONE', #3568, 1000.000000000000000 ) ;
#4548 = ORIENTED_EDGE ( 'NONE', *, *, #1005, .F. ) ;
#4550 = EDGE_LOOP ( 'NONE', ( #377, #2956, #4524, #629 ) ) ;
#4549 = ORIENTED_EDGE ( 'NONE', *, *, #3592, .F. ) ;
#4551 = CARTESIAN_POINT ( 'NONE',  ( 7.000000000000000888, 30.80686688397009831, 21.53537804866092387 ) ) ;
#4552 = AXIS2_PLACEMENT_3D ( 'NONE', #1638, #4192, #2255 ) ;
#4553 = AXIS2_PLACEMENT_3D ( 'NONE', #1329, #2424, #5389 ) ;
#4554 = DIRECTION ( 'NONE',  ( -1.000000000000000000, -0.000000000000000000, 0.000000000000000000 ) ) ;
#4555 = CYLINDRICAL_SURFACE ( 'NONE', #4839, 16.00000000000000000 ) ;
#4556 = FACE_OUTER_BOUND ( 'NONE', #4705, .T. ) ;
#4557 = CIRCLE ( 'NONE', #3819, 10.00000000000000000 ) ;
#4559 = ORIENTED_EDGE ( 'NONE', *, *, #3999, .T. ) ;
#4558 = ORIENTED_EDGE ( 'NONE', *, *, #3803, .T. ) ;
#4560 = DIRECTION ( 'NONE',  ( 0.000000000000000000, -0.8090169943749531134, 0.5877852522924653655 ) ) ;
#4561 = DIRECTION ( 'NONE',  ( -1.000000000000000000, 0.000000000000000000, -0.000000000000000000 ) ) ;
#4562 = ADVANCED_FACE ( 'NONE', ( #3627 ), #3494, .T. ) ;
#4563 = ORIENTED_EDGE ( 'NONE', *, *, #1504, .T. ) ;
#4564 = EDGE_LOOP ( 'NONE', ( #4514, #3973, #2875, #1443 ) ) ;
#4565 = DIRECTION ( 'NONE',  ( 1.000000000000000000, -0.000000000000000000, 0.000000000000000000 ) ) ;
#4566 = AXIS2_PLACEMENT_3D ( 'NONE', #4502, #5630, #143 ) ;
#4567 = DATE_TIME_ROLE ( 'classification_date' ) ;
#4568 = CARTESIAN_POINT ( 'NONE',  ( 0.000000000000000000, -35.47612816024506799, -22.48208911017539435 ) ) ;
#4569 = CARTESIAN_POINT ( 'NONE',  ( 7.000000000000000888, -22.48208911017524869, 35.47612816024516036 ) ) ;
#4570 = LINE ( 'NONE', #1095, #4748 ) ;
#4571 = EDGE_CURVE ( 'NONE', #4455, #4943, #765, .T. ) ;
#4572 = EDGE_CURVE ( 'NONE', #3958, #1573, #4428, .T. ) ;
#4573 = VERTEX_POINT ( 'NONE', #3590 ) ;
#4574 = CARTESIAN_POINT ( 'NONE',  ( 0.000000000000000000, -26.79245525562738095, 32.34446384429961796 ) ) ;
#4575 = ORIENTED_EDGE ( 'NONE', *, *, #1242, .T. ) ;
#4576 = CARTESIAN_POINT ( 'NONE',  ( 7.000000000000000888, 33.00180498840046539, 17.80606268964551120 ) ) ;
#4577 = CARTESIAN_POINT ( 'NONE',  ( 0.000000000000000000, 0.000000000000000000, 0.000000000000000000 ) ) ;
#4578 = DIRECTION ( 'NONE',  ( 0.000000000000000000, 0.000000000000000000, -1.000000000000000000 ) ) ;
#4579 = CARTESIAN_POINT ( 'NONE',  ( 0.000000000000000000, 36.13751322684418454, 21.40280677340384585 ) ) ;
#4580 = DIRECTION ( 'NONE',  ( 0.000000000000000000, 0.000000000000000000, -1.000000000000000000 ) ) ;
#4581 = B_SPLINE_CURVE_WITH_KNOTS ( 'NONE', 3,
 ( #56, #5109, #5975, #2583, #6074, #3961, #4593, #5538, #511, #1568, #5078, #6110, #3034, #4029, #2456, #1537, #5573, #3531, #2019, #1040, #3562, #2479, #1083, #88, #1011, #6475, #2551, #5612 ),
 .UNSPECIFIED., .F., .F.,
 ( 4, 2, 2, 2, 2, 2, 2, 2, 2, 2, 2, 2, 2, 4 ),
 ( 0.007531013378362114673, 0.008472136017742335282, 0.008942697337432444285, 0.009413258657122555023, 0.009883819976812664027, 0.01035438129650277476, 0.01129550393588299451, 0.01176606525557310524, 0.01223662657526321598, 0.01270718789495332499, 0.01317774921464343572, 0.01411887185402365720, 0.01458943317371376794, 0.01505999449340388041 ),
 .UNSPECIFIED. ) ;
#4582 = EDGE_CURVE ( 'NONE', #52, #1032, #5602, .T. ) ;
#4583 = EDGE_LOOP ( 'NONE', ( #4719, #6126, #1635, #4907 ) ) ;
#4584 = ORIENTED_EDGE ( 'NONE', *, *, #949, .F. ) ;
#4585 = AXIS2_PLACEMENT_3D ( 'NONE', #3980, #4969, #2441 ) ;
#4586 = CARTESIAN_POINT ( 'NONE',  ( 7.000000000000000888, 17.80606268964585226, -33.00180498840028775 ) ) ;
#4587 = DIRECTION ( 'NONE',  ( -1.000000000000000000, -0.000000000000000000, 0.000000000000000000 ) ) ;
#4588 = DIRECTION ( 'NONE',  ( -1.000000000000000000, 0.000000000000000000, -0.000000000000000000 ) ) ;
#4589 = FACE_OUTER_BOUND ( 'NONE', #1467, .T. ) ;
#4590 = CIRCLE ( 'NONE', #6167, 42.00000000000000000 ) ;
#4592 = ORIENTED_EDGE ( 'NONE', *, *, #2891, .T. ) ;
#4591 = ORIENTED_EDGE ( 'NONE', *, *, #5428, .T. ) ;
#4593 = CARTESIAN_POINT ( 'NONE',  ( -5.585553010415904573, 9.835747464629866599, 1.808497126504583274 ) ) ;
#4594 = ADVANCED_FACE ( 'NONE', ( #2993 ), #79, .T. ) ;
#4595 = CARTESIAN_POINT ( 'NONE',  ( 7.000000000000000888, -27.13269053701114331, 25.88420570971391754 ) ) ;
#4596 = EDGE_LOOP ( 'NONE', ( #4507, #5027, #3541, #4655 ) ) ;
#4597 = ORIENTED_EDGE ( 'NONE', *, *, #2794, .F. ) ;
#4598 = LINE ( 'NONE', #5511, #356 ) ;
#4599 = CALENDAR_DATE ( 2025, 3, 10 ) ;
#4600 = CARTESIAN_POINT ( 'NONE',  ( 7.000000000000000888, -33.00180498840060039, 17.80606268964528027 ) ) ;
#4601 = CARTESIAN_POINT ( 'NONE',  ( 7.000000000000000888, -9.188173127307003085, -40.98264845739760176 ) ) ;
#4602 = DIRECTION ( 'NONE',  ( 0.000000000000000000, 0.000000000000000000, -1.000000000000000000 ) ) ;
#4603 = ORIENTED_EDGE ( 'NONE', *, *, #6478, .F. ) ;
#4604 = DIRECTION ( 'NONE',  ( 0.000000000000000000, -6.982962677686267499E-15, 1.000000000000000000 ) ) ;
#4605 = ORIENTED_EDGE ( 'NONE', *, *, #995, .T. ) ;
#4606 = CARTESIAN_POINT ( 'NONE',  ( -2.055185766122329838, 2.649999999999999911, -1.406236111042524106 ) ) ;
#4607 = CARTESIAN_POINT ( 'NONE',  ( -5.944915833877669975, 2.649999999999999911, -1.406236111042524106 ) ) ;
#4608 = DIRECTION ( 'NONE',  ( 1.000000000000000000, 0.000000000000000000, 0.000000000000000000 ) ) ;
#4609 = EDGE_CURVE ( 'NONE', #5376, #494, #5371, .T. ) ;
#4610 = DIRECTION ( 'NONE',  ( 0.000000000000000000, 0.1564344650402243742, 0.9876883405951387696 ) ) ;
#4611 = DIRECTION ( 'NONE',  ( -1.000000000000000000, -0.000000000000000000, -0.000000000000000000 ) ) ;
#4612 = ORIENTED_EDGE ( 'NONE', *, *, #4685, .T. ) ;
#4613 = VERTEX_POINT ( 'NONE', #3131 ) ;
#4614 = CARTESIAN_POINT ( 'NONE',  ( 0.000000000000000000, 37.22597642581157373, -5.202137450156527620 ) ) ;
#4615 = CARTESIAN_POINT ( 'NONE',  ( 0.000000000000000000, 0.000000000000000000, 0.000000000000000000 ) ) ;
#4616 = DIRECTION ( 'NONE',  ( 0.000000000000000000, 1.000000000000000000, 3.491481338843133750E-15 ) ) ;
#4617 = DIRECTION ( 'NONE',  ( 0.000000000000000000, 0.000000000000000000, 1.000000000000000000 ) ) ;
#4618 = CIRCLE ( 'NONE', #3976, 42.00000000000000000 ) ;
#4619 = AXIS2_PLACEMENT_3D ( 'NONE', #4083, #4587, #2605 ) ;
#4620 = ORGANIZATION ( 'NAUO-ORG1', 'UNSPECIFIED', 'UNSPECIFIED' ) ;
#4622 = ORIENTED_EDGE ( 'NONE', *, *, #5117, .F. ) ;
#4621 = VERTEX_POINT ( 'NONE', #540 ) ;
#4623 = ADVANCED_FACE ( 'NONE', ( #2639 ), #5133, .T. ) ;
#4624 = FACE_OUTER_BOUND ( 'NONE', #4996, .T. ) ;
#4625 = CARTESIAN_POINT ( 'NONE',  ( 7.000000000000000888, 30.84782396557248418, -21.32104025579081252 ) ) ;
#4626 = CC_DESIGN_APPROVAL ( #383, ( #1071 ) ) ;
#4627 = ORIENTED_EDGE ( 'NONE', *, *, #3128, .T. ) ;
#4628 = VERTEX_POINT ( 'NONE', #2144 ) ;
#4629 = DIRECTION ( 'NONE',  ( -1.000000000000000000, -0.000000000000000000, -0.000000000000000000 ) ) ;
#4630 = CIRCLE ( 'NONE', #1590, 37.49900000000000233 ) ;
#4631 = EDGE_CURVE ( 'NONE', #2990, #4368, #5701, .T. ) ;
#4632 = CARTESIAN_POINT ( 'NONE',  ( 0.000000000000000000, 40.68715046381929312, 10.41901085202091792 ) ) ;
#4633 = CARTESIAN_POINT ( 'NONE',  ( 0.000000000000000000, 39.04073710021365429, -15.48615015657542848 ) ) ;
#4634 = CYLINDRICAL_SURFACE ( 'NONE', #4852, 16.00000000000000000 ) ;
#4635 = ORIENTED_EDGE ( 'NONE', *, *, #1517, .F. ) ;
#4636 = CARTESIAN_POINT ( 'NONE',  ( 7.000000000000000888, 0.000000000000000000, 0.000000000000000000 ) ) ;
#4637 = ORIENTED_EDGE ( 'NONE', *, *, #2581, .F. ) ;
#4638 = DIRECTION ( 'NONE',  ( -1.000000000000000000, 0.000000000000000000, 0.000000000000000000 ) ) ;
#4639 = DIRECTION ( 'NONE',  ( -1.000000000000000000, -0.000000000000000000, 0.000000000000000000 ) ) ;
#4640 = DIRECTION ( 'NONE',  ( -1.000000000000000000, -0.000000000000000000, -0.000000000000000000 ) ) ;
#4641 = DIRECTION ( 'NONE',  ( 0.000000000000000000, 0.000000000000000000, 1.000000000000000000 ) ) ;
#4642 = CYLINDRICAL_SURFACE ( 'NONE', #2549, 37.49900000000000233 ) ;
#4643 = CIRCLE ( 'NONE', #1301, 37.49900000000000233 ) ;
#4644 = VECTOR ( 'NONE', #2131, 1000.000000000000000 ) ;
#4645 = VERTEX_POINT ( 'NONE', #6265 ) ;
#4646 = ORIENTED_EDGE ( 'NONE', *, *, #1532, .F. ) ;
#4647 = EDGE_CURVE ( 'NONE', #2291, #5842, #3202, .T. ) ;
#4648 = DIRECTION ( 'NONE',  ( -1.000000000000000000, -0.000000000000000000, 0.000000000000000000 ) ) ;
#4649 = CARTESIAN_POINT ( 'NONE',  ( 0.000000000000000000, 37.22597642581157373, 10.79786254984347238 ) ) ;
#4650 = AXIS2_PLACEMENT_3D ( 'NONE', #955, #2464, #4465 ) ;
#4651 = DIRECTION ( 'NONE',  ( -1.000000000000000000, 0.000000000000000000, -0.000000000000000000 ) ) ;
#4652 = CIRCLE ( 'NONE', #6239, 16.00000000000000000 ) ;
#4653 = CARTESIAN_POINT ( 'NONE',  ( 7.000000000000000888, 33.79645857604513282, 16.45098606841138178 ) ) ;
#4655 = ORIENTED_EDGE ( 'NONE', *, *, #1243, .T. ) ;
#4654 = ORIENTED_EDGE ( 'NONE', *, *, #850, .F. ) ;
#4656 = ADVANCED_FACE ( 'NONE', ( #1304 ), #1753, .T. ) ;
#4657 = VECTOR ( 'NONE', #1117, 1000.000000000000000 ) ;
#4658 = DIRECTION ( 'NONE',  ( 0.000000000000000000, 0.000000000000000000, 1.000000000000000000 ) ) ;
#4659 = DIRECTION ( 'NONE',  ( -1.000000000000000000, 0.000000000000000000, 0.000000000000000000 ) ) ;
#4660 = VERTEX_POINT ( 'NONE', #3752 ) ;
#4661 = EDGE_CURVE ( 'NONE', #3072, #3415, #5801, .T. ) ;
#4662 = ORIENTED_EDGE ( 'NONE', *, *, #2717, .F. ) ;
#4663 = DIRECTION ( 'NONE',  ( -1.000000000000000000, -0.000000000000000000, -0.000000000000000000 ) ) ;
#4664 = CALENDAR_DATE ( 2025, 3, 10 ) ;
#4665 = CARTESIAN_POINT ( 'NONE',  ( 0.000000000000000000, 0.8828120875900632436, 37.48860685352291000 ) ) ;
#4666 = DIRECTION ( 'NONE',  ( 1.000000000000000000, 0.000000000000000000, 0.000000000000000000 ) ) ;
#4667 = DIRECTION ( 'NONE',  ( -1.000000000000000000, -0.000000000000000000, -0.000000000000000000 ) ) ;
#4668 = ORIENTED_EDGE ( 'NONE', *, *, #4909, .T. ) ;
#4669 = EDGE_CURVE ( 'NONE', #3098, #4883, #3230, .T. ) ;
#4670 = VERTEX_POINT ( 'NONE', #1267 ) ;
#4671 = EDGE_LOOP ( 'NONE', ( #91, #2058, #318, #1610 ) ) ;
#4672 = DIRECTION ( 'NONE',  ( -1.000000000000000000, -0.000000000000000000, 0.000000000000000000 ) ) ;
#4673 = CARTESIAN_POINT ( 'NONE',  ( 7.000000000000000888, 2.649999999999999911, -1.406236111042524106 ) ) ;
#4674 = DIRECTION ( 'NONE',  ( 0.000000000000000000, 0.3090169943749482839, -0.9510565162951534202 ) ) ;
#4675 = DIRECTION ( 'NONE',  ( 0.000000000000000000, 0.000000000000000000, 1.000000000000000000 ) ) ;
#4676 = EDGE_LOOP ( 'NONE', ( #528, #510, #5294, #4482 ) ) ;
#4677 = DIRECTION ( 'NONE',  ( 0.000000000000000000, 0.000000000000000000, -1.000000000000000000 ) ) ;
#4678 = FACE_OUTER_BOUND ( 'NONE', #557, .T. ) ;
#4679 = PRODUCT_RELATED_PRODUCT_CATEGORY ( 'detail', '', ( #5236 ) ) ;
#4680 = CARTESIAN_POINT ( 'NONE',  ( 7.000000000000000888, 37.16516213103277977, 4.992566952385115719 ) ) ;
#4681 = DIRECTION ( 'NONE',  ( -1.000000000000000000, 0.000000000000000000, 0.000000000000000000 ) ) ;
#4682 = AXIS2_PLACEMENT_3D ( 'NONE', #4772, #274, #4178 ) ;
#4684 = EDGE_LOOP ( 'NONE', ( #4813, #3857, #4794, #4926 ) ) ;
#4683 = ORIENTED_EDGE ( 'NONE', *, *, #6094, .T. ) ;
#4685 = EDGE_CURVE ( 'NONE', #2947, #1881, #4329, .T. ) ;
#4686 = VECTOR ( 'NONE', #1756, 1000.000000000000000 ) ;
#4687 = EDGE_CURVE ( 'NONE', #295, #6300, #6121, .T. ) ;
#4688 = CARTESIAN_POINT ( 'NONE',  ( 7.000000000000000888, 0.000000000000000000, 0.000000000000000000 ) ) ;
#4689 = DIRECTION ( 'NONE',  ( -1.000000000000000000, 0.000000000000000000, -0.000000000000000000 ) ) ;
#4690 = VERTEX_POINT ( 'NONE', #3167 ) ;
#4691 = CARTESIAN_POINT ( 'NONE',  ( 7.000000000000000888, 0.000000000000000000, 0.000000000000000000 ) ) ;
#4692 = CARTESIAN_POINT ( 'NONE',  ( 0.000000000000000000, 0.000000000000000000, 0.000000000000000000 ) ) ;
#4693 = EDGE_CURVE ( 'NONE', #6271, #138, #6236, .T. ) ;
#4694 = CARTESIAN_POINT ( 'NONE',  ( 0.000000000000000000, -30.80686688397024398, 21.53537804866070715 ) ) ;
#4695 = DIRECTION ( 'NONE',  ( -1.000000000000000000, 0.000000000000000000, 0.000000000000000000 ) ) ;
#4696 = ORIENTED_EDGE ( 'NONE', *, *, #309, .F. ) ;
#4697 = VERTEX_POINT ( 'NONE', #5768 ) ;
#4698 = VERTEX_POINT ( 'NONE', #4803 ) ;
#4699 = DIRECTION ( 'NONE',  ( 0.000000000000000000, 0.000000000000000000, 1.000000000000000000 ) ) ;
#4700 = FACE_OUTER_BOUND ( 'NONE', #848, .T. ) ;
#4701 = CYLINDRICAL_SURFACE ( 'NONE', #269, 37.49900000000000233 ) ;
#4702 = EDGE_CURVE ( 'NONE', #4787, #6377, #6225, .T. ) ;
#4703 = CARTESIAN_POINT ( 'NONE',  ( -4.000050800000000351, 2.649999999999999911, 0.000000000000000000 ) ) ;
#4704 = DIRECTION ( 'NONE',  ( 0.000000000000000000, 0.000000000000000000, 1.000000000000000000 ) ) ;
#4705 = EDGE_LOOP ( 'NONE', ( #365, #1817, #6362, #5655 ) ) ;
#4706 = DIRECTION ( 'NONE',  ( -1.000000000000000000, -0.000000000000000000, -0.000000000000000000 ) ) ;
#4707 = DIRECTION ( 'NONE',  ( -1.000000000000000000, -0.000000000000000000, -0.000000000000000000 ) ) ;
#4708 = DIRECTION ( 'NONE',  ( -1.000000000000000000, 0.000000000000000000, -0.000000000000000000 ) ) ;
#4709 = EDGE_CURVE ( 'NONE', #3550, #2114, #681, .T. ) ;
#4710 = DIRECTION ( 'NONE',  ( 1.000000000000000000, -0.000000000000000000, -0.000000000000000000 ) ) ;
#4711 = CIRCLE ( 'NONE', #195, 16.00000000000000000 ) ;
#4713 = ORIENTED_EDGE ( 'NONE', *, *, #2717, .T. ) ;
#4712 = ORIENTED_EDGE ( 'NONE', *, *, #5518, .F. ) ;
#4714 = CIRCLE ( 'NONE', #837, 16.00000000000000000 ) ;
#4715 = VECTOR ( 'NONE', #5103, 1000.000000000000000 ) ;
#4716 = LINE ( 'NONE', #1246, #1097 ) ;
#4717 = LINE ( 'NONE', #2216, #3045 ) ;
#4718 = EDGE_CURVE ( 'NONE', #2924, #4628, #5477, .T. ) ;
#4719 = ORIENTED_EDGE ( 'NONE', *, *, #4886, .F. ) ;
#4720 = AXIS2_PLACEMENT_3D ( 'NONE', #2528, #3054, #6029 ) ;
#4721 = DIRECTION ( 'NONE',  ( -1.000000000000000000, -0.000000000000000000, -0.000000000000000000 ) ) ;
#4722 = EDGE_CURVE ( 'NONE', #2232, #4913, #3799, .T. ) ;
#4723 = DIRECTION ( 'NONE',  ( 0.000000000000000000, 0.5877852522924744694, -0.8090169943749465631 ) ) ;
#4724 = SECURITY_CLASSIFICATION_LEVEL ( 'unclassified' ) ;
#4725 = CARTESIAN_POINT ( 'NONE',  ( 0.000000000000000000, 17.67226234102825799, 33.17418723428314564 ) ) ;
#4726 = APPROVAL_PERSON_ORGANIZATION ( #5928, #6337, #3966 ) ;
#4727 = FACE_OUTER_BOUND ( 'NONE', #5743, .T. ) ;
#4728 = VERTEX_POINT ( 'NONE', #710 ) ;
#4729 = ORIENTED_EDGE ( 'NONE', *, *, #5100, .T. ) ;
#4730 = ORIENTED_EDGE ( 'NONE', *, *, #762, .T. ) ;
#4731 = AXIS2_PLACEMENT_3D ( 'NONE', #2564, #5091, #600 ) ;
#4732 = FACE_OUTER_BOUND ( 'NONE', #877, .T. ) ;
#4733 = CARTESIAN_POINT ( 'NONE',  ( 7.000000000000000888, 37.22597642581149557, 5.202137450157039211 ) ) ;
#4734 = CARTESIAN_POINT ( 'NONE',  ( 0.000000000000000000, 16.23288003029543347, -33.80338159004267595 ) ) ;
#4735 = AXIS2_PLACEMENT_3D ( 'NONE', #6075, #619, #3563 ) ;
#4736 = FACE_OUTER_BOUND ( 'NONE', #4361, .T. ) ;
#4737 = AXIS2_PLACEMENT_3D ( 'NONE', #1728, #4281, #5234 ) ;
#4738 = CYLINDRICAL_SURFACE ( 'NONE', #4222, 37.49900000000000233 ) ;
#4739 = UNCERTAINTY_MEASURE_WITH_UNIT (LENGTH_MEASURE( 1.000000000000000082E-05 ), #2335, 'distance_accuracy_value', 'NONE');
#4740 = ORIENTED_EDGE ( 'NONE', *, *, #2690, .T. ) ;
#4741 = AXIS2_PLACEMENT_3D ( 'NONE', #3685, #2272, #1235 ) ;
#4742 = EDGE_CURVE ( 'NONE', #1420, #287, #345, .T. ) ;
#4743 = CARTESIAN_POINT ( 'NONE',  ( 0.000000000000000000, 0.000000000000000000, 0.000000000000000000 ) ) ;
#4744 = DIRECTION ( 'NONE',  ( 0.000000000000000000, 0.000000000000000000, 1.000000000000000000 ) ) ;
#4745 = DIRECTION ( 'NONE',  ( -1.000000000000000000, -0.000000000000000000, 0.000000000000000000 ) ) ;
#4746 = DIRECTION ( 'NONE',  ( -1.000000000000000000, 0.000000000000000000, -0.000000000000000000 ) ) ;
#4747 = CIRCLE ( 'NONE', #5050, 42.00000000000000000 ) ;
#4748 = VECTOR ( 'NONE', #5623, 1000.000000000000000 ) ;
#4749 = CIRCLE ( 'NONE', #6334, 42.00000000000000000 ) ;
#4751 = ORIENTED_EDGE ( 'NONE', *, *, #2022, .T. ) ;
#4750 = ORIENTED_EDGE ( 'NONE', *, *, #3848, .F. ) ;
#4752 = AXIS2_PLACEMENT_3D ( 'NONE', #1814, #1684, #4210 ) ;
#4753 = AXIS2_PLACEMENT_3D ( 'NONE', #2067, #6285, #4243 ) ;
#4754 = CARTESIAN_POINT ( 'NONE',  ( 7.000000000000000888, 40.98264845739763018, -9.188173127306869858 ) ) ;
#4755 = AXIS2_PLACEMENT_3D ( 'NONE', #2944, #324, #891 ) ;
#4756 = CARTESIAN_POINT ( 'NONE',  ( 0.000000000000000000, 35.95386929396256193, -10.96151621346501415 ) ) ;
#4757 = AXIS2_PLACEMENT_3D ( 'NONE', #2484, #60, #2460 ) ;
#4759 = ORIENTED_EDGE ( 'NONE', *, *, #5396, .T. ) ;
#4758 = DIRECTION ( 'NONE',  ( 0.000000000000000000, 0.000000000000000000, 1.000000000000000000 ) ) ;
#4760 = CYLINDRICAL_SURFACE ( 'NONE', #651, 42.00000000000000000 ) ;
#4761 = DIRECTION ( 'NONE',  ( -1.000000000000000000, -0.000000000000000000, 0.000000000000000000 ) ) ;
#4762 = AXIS2_PLACEMENT_3D ( 'NONE', #1737, #192, #2715 ) ;
#4763 = CARTESIAN_POINT ( 'NONE',  ( 0.000000000000000000, 33.17418723428307459, 17.67226234102837168 ) ) ;
#4764 = EDGE_CURVE ( 'NONE', #2064, #2007, #5916, .T. ) ;
#4765 = DIRECTION ( 'NONE',  ( -1.000000000000000000, 0.000000000000000000, 0.000000000000000000 ) ) ;
#4766 = ORIENTED_EDGE ( 'NONE', *, *, #3723, .F. ) ;
#4767 = VERTEX_POINT ( 'NONE', #4777 ) ;
#4768 = ORIENTED_EDGE ( 'NONE', *, *, #3884, .F. ) ;
#4769 = CARTESIAN_POINT ( 'NONE',  ( 7.000000000000000888, -37.01155633439053361, -6.555932627142822433 ) ) ;
#4770 = CYLINDRICAL_SURFACE ( 'NONE', #2098, 16.00000000000000000 ) ;
#4771 = CARTESIAN_POINT ( 'NONE',  ( 0.000000000000000000, -6.555932627142673219, 37.01155633439055492 ) ) ;
#4772 = CARTESIAN_POINT ( 'NONE',  ( 0.000000000000000000, -37.58145647212454321, 0.6853352020789026389 ) ) ;
#4773 = EDGE_CURVE ( 'NONE', #5329, #4975, #1688, .T. ) ;
#4774 = EDGE_CURVE ( 'NONE', #6317, #6015, #2543, .T. ) ;
#4775 = LINE ( 'NONE', #1205, #2428 ) ;
#4776 = ORIENTED_EDGE ( 'NONE', *, *, #4148, .T. ) ;
#4777 = CARTESIAN_POINT ( 'NONE',  ( 7.000000000000000888, 36.13751322684418454, 21.40280677340384585 ) ) ;
#4778 = DIRECTION ( 'NONE',  ( -1.000000000000000000, -0.000000000000000000, -0.000000000000000000 ) ) ;
#4779 = DIRECTION ( 'NONE',  ( -1.000000000000000000, 0.000000000000000000, 0.000000000000000000 ) ) ;
#4780 = CARTESIAN_POINT ( 'NONE',  ( 7.000000000000000888, -37.22597642581153110, -5.202137450156797627 ) ) ;
#4781 = EDGE_CURVE ( 'NONE', #4141, #1485, #671, .T. ) ;
#4783 = ORIENTED_EDGE ( 'NONE', *, *, #1475, .F. ) ;
#4782 = VERTEX_POINT ( 'NONE', #804 ) ;
#4784 = FACE_OUTER_BOUND ( 'NONE', #4241, .T. ) ;
#4785 = ADVANCED_FACE ( 'NONE', ( #1209 ), #2732, .T. ) ;
#4786 = FACE_OUTER_BOUND ( 'NONE', #1257, .T. ) ;
#4788 = ORIENTED_EDGE ( 'NONE', *, *, #6372, .T. ) ;
#4787 = VERTEX_POINT ( 'NONE', #2926 ) ;
#4789 = DIRECTION ( 'NONE',  ( 0.000000000000000000, -0.7071067811865389130, -0.7071067811865563435 ) ) ;
#4790 = CARTESIAN_POINT ( 'NONE',  ( 0.000000000000000000, 16.65560815589410382, 38.55633173627015253 ) ) ;
#4791 = EDGE_CURVE ( 'NONE', #4486, #943, #1396, .T. ) ;
#4792 = FACE_OUTER_BOUND ( 'NONE', #1188, .T. ) ;
#4793 = CARTESIAN_POINT ( 'NONE',  ( 7.000000000000000888, -0.8828120875898013420, -37.48860685352291711 ) ) ;
#4794 = ORIENTED_EDGE ( 'NONE', *, *, #4964, .F. ) ;
#4795 = ORIENTED_EDGE ( 'NONE', *, *, #781, .T. ) ;
#4796 = VERTEX_POINT ( 'NONE', #4929 ) ;
#4797 = CARTESIAN_POINT ( 'NONE',  ( 7.000000000000000888, -21.53537804866058991, -30.80686688397033635 ) ) ;
#4798 = CARTESIAN_POINT ( 'NONE',  ( 7.000000000000000888, -17.67226234102849247, 33.17418723428301774 ) ) ;
#4799 = CARTESIAN_POINT ( 'NONE',  ( 3.500000000000000444, -32.34446384429951138, -26.79245525562750530 ) ) ;
#4800 = DIRECTION ( 'NONE',  ( 0.000000000000000000, 0.000000000000000000, 1.000000000000000000 ) ) ;
#4801 = CARTESIAN_POINT ( 'NONE',  ( 7.000000000000000888, 36.13751322684449008, -21.40280677340333426 ) ) ;
#4802 = ORIENTED_EDGE ( 'NONE', *, *, #2812, .T. ) ;
#4803 = CARTESIAN_POINT ( 'NONE',  ( 7.000000000000000888, 36.88895765772633695, 6.736453364083687667 ) ) ;
#4804 = EDGE_CURVE ( 'NONE', #2596, #170, #2752, .T. ) ;
#4805 = DIRECTION ( 'NONE',  ( -1.000000000000000000, 0.000000000000000000, 0.000000000000000000 ) ) ;
#4806 = DIRECTION ( 'NONE',  ( 1.000000000000000000, 0.000000000000000000, 0.000000000000000000 ) ) ;
#4807 = FACE_OUTER_BOUND ( 'NONE', #2723, .T. ) ;
#4809 = ORIENTED_EDGE ( 'NONE', *, *, #4850, .T. ) ;
#4808 = ORIENTED_EDGE ( 'NONE', *, *, #4984, .T. ) ;
#4810 = FACE_OUTER_BOUND ( 'NONE', #3087, .T. ) ;
#4811 = LINE ( 'NONE', #4911, #885 ) ;
#4813 = ORIENTED_EDGE ( 'NONE', *, *, #3276, .F. ) ;
#4812 = ORIENTED_EDGE ( 'NONE', *, *, #842, .T. ) ;
#4814 = CARTESIAN_POINT ( 'NONE',  ( 7.000000000000000888, 17.80606268964585226, -33.00180498840028775 ) ) ;
#4815 = EDGE_CURVE ( 'NONE', #1245, #4949, #434, .T. ) ;
#4816 = CIRCLE ( 'NONE', #1778, 16.00000000000000000 ) ;
#4817 = AXIS2_PLACEMENT_3D ( 'NONE', #5380, #3801, #1004 ) ;
#4818 = DIRECTION ( 'NONE',  ( 0.000000000000000000, 0.000000000000000000, -1.000000000000000000 ) ) ;
#4819 = CARTESIAN_POINT ( 'NONE',  ( 7.000000000000000888, 21.32104025579114648, 30.84782396557224970 ) ) ;
#4820 = CARTESIAN_POINT ( 'NONE',  ( 0.000000000000000000, -29.81001611430991360, -22.74946021919165418 ) ) ;
#4821 = AXIS2_PLACEMENT_3D ( 'NONE', #478, #6039, #154 ) ;
#4822 = AXIS2_PLACEMENT_3D ( 'NONE', #6199, #3689, #2277 ) ;
#4823 = ORIENTED_EDGE ( 'NONE', *, *, #1169, .F. ) ;
#4824 = ORIENTED_EDGE ( 'NONE', *, *, #4311, .F. ) ;
#4825 = ORIENTED_EDGE ( 'NONE', *, *, #3725, .F. ) ;
#4826 = EDGE_CURVE ( 'NONE', #294, #2074, #5482, .T. ) ;
#4827 = DIRECTION ( 'NONE',  ( -1.000000000000000000, 0.000000000000000000, 0.000000000000000000 ) ) ;
#4828 = CARTESIAN_POINT ( 'NONE',  ( 7.000000000000000888, 0.000000000000000000, 0.000000000000000000 ) ) ;
#4829 = CARTESIAN_POINT ( 'NONE',  ( 7.000000000000000888, 0.000000000000000000, 0.000000000000000000 ) ) ;
#4830 = DIRECTION ( 'NONE',  ( 0.000000000000000000, 0.000000000000000000, 1.000000000000000000 ) ) ;
#4831 = AXIS2_PLACEMENT_3D ( 'NONE', #2626, #5550, #259 ) ;
#4832 = VERTEX_POINT ( 'NONE', #1456 ) ;
#4833 = SECURITY_CLASSIFICATION ( '', '', #4724 ) ;
#4834 = ORIENTED_EDGE ( 'NONE', *, *, #598, .F. ) ;
#4835 = AXIS2_PLACEMENT_3D ( 'NONE', #2391, #4916, #3867 ) ;
#4836 = DIRECTION ( 'NONE',  ( -1.000000000000000000, 0.000000000000000000, -0.000000000000000000 ) ) ;
#4837 = CARTESIAN_POINT ( 'NONE',  ( 7.000000000000000888, 0.000000000000000000, 0.000000000000000000 ) ) ;
#4838 = CARTESIAN_POINT ( 'NONE',  ( 7.000000000000000888, 0.6853352020795584476, -37.58145647212452900 ) ) ;
#4839 = AXIS2_PLACEMENT_3D ( 'NONE', #1530, #4651, #6170 ) ;
#4840 = DIRECTION ( 'NONE',  ( -1.000000000000000000, 0.000000000000000000, 0.000000000000000000 ) ) ;
#4841 = EDGE_CURVE ( 'NONE', #1550, #1149, #2436, .T. ) ;
#4842 = VECTOR ( 'NONE', #587, 1000.000000000000000 ) ;
#4843 = EDGE_CURVE ( 'NONE', #4697, #4017, #350, .T. ) ;
#4845 = ORIENTED_EDGE ( 'NONE', *, *, #1082, .F. ) ;
#4844 = ORIENTED_EDGE ( 'NONE', *, *, #1379, .T. ) ;
#4846 = DIRECTION ( 'NONE',  ( 0.000000000000000000, 0.7071067811865439090, 0.7071067811865512365 ) ) ;
#4847 = AXIS2_PLACEMENT_3D ( 'NONE', #2893, #3943, #430 ) ;
#4848 = DIRECTION ( 'NONE',  ( 0.000000000000000000, 0.000000000000000000, 1.000000000000000000 ) ) ;
#4849 = DIRECTION ( 'NONE',  ( -1.000000000000000000, 0.000000000000000000, -0.000000000000000000 ) ) ;
#4850 = EDGE_CURVE ( 'NONE', #3734, #1907, #1847, .T. ) ;
#4851 = CIRCLE ( 'NONE', #4650, 16.00000000000000355 ) ;
#4852 = AXIS2_PLACEMENT_3D ( 'NONE', #1994, #5587, #3047 ) ;
#4854 = ORIENTED_EDGE ( 'NONE', *, *, #4781, .T. ) ;
#4853 = ORIENTED_EDGE ( 'NONE', *, *, #4456, .T. ) ;
#4855 = VECTOR ( 'NONE', #3891, 1000.000000000000000 ) ;
#4856 = CYLINDRICAL_SURFACE ( 'NONE', #3366, 16.00000000000000000 ) ;
#4857 = FACE_OUTER_BOUND ( 'NONE', #3463, .T. ) ;
#4858 = AXIS2_PLACEMENT_3D ( 'NONE', #3822, #3919, #3325 ) ;
#4859 = DIRECTION ( 'NONE',  ( 0.000000000000000000, 0.000000000000000000, 1.000000000000000000 ) ) ;
#4860 = EDGE_CURVE ( 'NONE', #4935, #1865, #2123, .T. ) ;
#4861 = CARTESIAN_POINT ( 'NONE',  ( -1.904189888240955808, 9.930697054678262248, 1.211138569040355772 ) ) ;
#4862 = ORIENTED_EDGE ( 'NONE', *, *, #3997, .T. ) ;
#4863 = ORIENTED_EDGE ( 'NONE', *, *, #211, .T. ) ;
#4864 = AXIS2_PLACEMENT_3D ( 'NONE', #2059, #5446, #1016 ) ;
#4865 = CARTESIAN_POINT ( 'NONE',  ( 7.000000000000000888, -33.17418723428319538, 17.67226234102814431 ) ) ;
#4866 = DIRECTION ( 'NONE',  ( 0.000000000000000000, 0.000000000000000000, 1.000000000000000000 ) ) ;
#4867 = CARTESIAN_POINT ( 'NONE',  ( 7.000000000000000888, -37.01155633439053361, -6.555932627142822433 ) ) ;
#4868 = EDGE_CURVE ( 'NONE', #3154, #1773, #2896, .T. ) ;
#4869 = DIRECTION ( 'NONE',  ( 0.000000000000000000, 0.000000000000000000, 1.000000000000000000 ) ) ;
#4870 = AXIS2_PLACEMENT_3D ( 'NONE', #4383, #3327, #907 ) ;
#4871 = ORIENTED_EDGE ( 'NONE', *, *, #1905, .T. ) ;
#4872 = ORIENTED_EDGE ( 'NONE', *, *, #155, .T. ) ;
#4873 = CARTESIAN_POINT ( 'NONE',  ( -2.055185766122329838, 2.649999999999999911, 1.406236111042524106 ) ) ;
#4874 = CARTESIAN_POINT ( 'NONE',  ( 3.500000000000000444, -22.48208911017524869, 35.47612816024516036 ) ) ;
#4875 = CARTESIAN_POINT ( 'NONE',  ( -5.710835881708059780, 2.481168044688417229, 1.692930155221687993 ) ) ;
#4876 = DIRECTION ( 'NONE',  ( -1.000000000000000000, -0.000000000000000000, 0.000000000000000000 ) ) ;
#4878 = ORIENTED_EDGE ( 'NONE', *, *, #5796, .F. ) ;
#4877 = ORIENTED_EDGE ( 'NONE', *, *, #4894, .F. ) ;
#4879 = DIRECTION ( 'NONE',  ( 0.000000000000000000, 0.000000000000000000, 1.000000000000000000 ) ) ;
#4880 = CIRCLE ( 'NONE', #4492, 16.00000000000000000 ) ;
#4881 = DIRECTION ( 'NONE',  ( -1.000000000000000000, -0.000000000000000000, 0.000000000000000000 ) ) ;
#4882 = CARTESIAN_POINT ( 'NONE',  ( 7.000000000000000888, 41.81611651403867569, -3.925862922255709542 ) ) ;
#4884 = ORIENTED_EDGE ( 'NONE', *, *, #5408, .F. ) ;
#4883 = VERTEX_POINT ( 'NONE', #6423 ) ;
#4885 = DIRECTION ( 'NONE',  ( -1.000000000000000000, 0.000000000000000000, 0.000000000000000000 ) ) ;
#4886 = EDGE_CURVE ( 'NONE', #1435, #5410, #1361, .T. ) ;
#4887 = EDGE_CURVE ( 'NONE', #3430, #126, #5425, .T. ) ;
#4888 = DIRECTION ( 'NONE',  ( -1.000000000000000000, 0.000000000000000000, 0.000000000000000000 ) ) ;
#4889 = CARTESIAN_POINT ( 'NONE',  ( -1.615749181304330984, 9.996199223591329286, 0.3159341925095168202 ) ) ;
#4890 = ORIENTED_EDGE ( 'NONE', *, *, #4966, .T. ) ;
#4891 = VECTOR ( 'NONE', #473, 1000.000000000000000 ) ;
#4892 = ORIENTED_EDGE ( 'NONE', *, *, #3100, .F. ) ;
#4893 = DIRECTION ( 'NONE',  ( -1.000000000000000000, 0.000000000000000000, 0.000000000000000000 ) ) ;
#4894 = EDGE_CURVE ( 'NONE', #118, #6443, #6127, .T. ) ;
#4895 = CARTESIAN_POINT ( 'NONE',  ( 0.000000000000000000, 26.79245525562715002, 32.34446384429980270 ) ) ;
#4896 = DIRECTION ( 'NONE',  ( 1.000000000000000000, 0.000000000000000000, 0.000000000000000000 ) ) ;
#4897 = CIRCLE ( 'NONE', #4376, 37.49900000000000233 ) ;
#4898 = DIRECTION ( 'NONE',  ( 1.000000000000000000, -0.000000000000000000, -0.000000000000000000 ) ) ;
#4899 = EDGE_LOOP ( 'NONE', ( #751, #1743, #6263, #6344 ) ) ;
#4900 = ORIENTED_EDGE ( 'NONE', *, *, #813, .F. ) ;
#4901 = LINE ( 'NONE', #6393, #1086 ) ;
#4902 = EDGE_CURVE ( 'NONE', #2555, #295, #4314, .T. ) ;
#4903 = CARTESIAN_POINT ( 'NONE',  ( 7.000000000000000888, 4.992566952384984269, 37.16516213103279398 ) ) ;
#4904 = CARTESIAN_POINT ( 'NONE',  ( -4.785885494695080844, 1.955784110165256662, 2.276144463200295398 ) ) ;
#4905 = CARTESIAN_POINT ( 'NONE',  ( 0.000000000000000000, -33.79645857604501202, -16.45098606841161626 ) ) ;
#4907 = ORIENTED_EDGE ( 'NONE', *, *, #5081, .F. ) ;
#4906 = ORIENTED_EDGE ( 'NONE', *, *, #6519, .T. ) ;
#4908 = CARTESIAN_POINT ( 'NONE',  ( 0.000000000000000000, 15.48615015657582816, 39.04073710021349797 ) ) ;
#4909 = EDGE_CURVE ( 'NONE', #2618, #2948, #4901, .T. ) ;
#4910 = CARTESIAN_POINT ( 'NONE',  ( 7.000000000000000888, 21.53537804866081373, 30.80686688397017647 ) ) ;
#4911 = CARTESIAN_POINT ( 'NONE',  ( 7.000000000000000888, 30.84782396557218931, 21.32104025579126017 ) ) ;
#4913 = VERTEX_POINT ( 'NONE', #1909 ) ;
#4912 = VERTEX_POINT ( 'NONE', #1875 ) ;
#4914 = AXIS2_PLACEMENT_3D ( 'NONE', #4828, #396, #3873 ) ;
#4915 = CARTESIAN_POINT ( 'NONE',  ( 7.000000000000000000, 7.654042494670959579E-16, 6.250000000000001776 ) ) ;
#4916 = DIRECTION ( 'NONE',  ( -1.000000000000000000, -0.000000000000000000, 0.000000000000000000 ) ) ;
#4917 = EDGE_CURVE ( 'NONE', #2124, #22, #1199, .T. ) ;
#4918 = VERTEX_POINT ( 'NONE', #5330 ) ;
#4919 = ORIENTED_EDGE ( 'NONE', *, *, #5610, .F. ) ;
#4920 = CARTESIAN_POINT ( 'NONE',  ( 7.000000000000000888, 35.95386929396240561, 10.96151621346552929 ) ) ;
#4921 = CARTESIAN_POINT ( 'NONE',  ( 0.000000000000000000, 0.000000000000000000, 0.000000000000000000 ) ) ;
#4922 = DIRECTION ( 'NONE',  ( -1.000000000000000000, 0.000000000000000000, 0.000000000000000000 ) ) ;
#4923 = CARTESIAN_POINT ( 'NONE',  ( 0.000000000000000000, -6.555932627142140312, -37.01155633439065440 ) ) ;
#4924 = AXIS2_PLACEMENT_3D ( 'NONE', #114, #1035, #1110 ) ;
#4925 = DIRECTION ( 'NONE',  ( 1.000000000000000000, 0.000000000000000000, 0.000000000000000000 ) ) ;
#4926 = ORIENTED_EDGE ( 'NONE', *, *, #4456, .F. ) ;
#4927 = ORIENTED_EDGE ( 'NONE', *, *, #2916, .T. ) ;
#4928 = CIRCLE ( 'NONE', #5985, 42.00000000000000000 ) ;
#4929 = CARTESIAN_POINT ( 'NONE',  ( 0.000000000000000000, -41.91543099594816368, -2.663952781846591567 ) ) ;
#4930 = DIRECTION ( 'NONE',  ( -1.000000000000000000, -0.000000000000000000, -0.000000000000000000 ) ) ;
#4931 = DIRECTION ( 'NONE',  ( 0.000000000000000000, 0.7071067811865437980, 0.7071067811865512365 ) ) ;
#4932 = DIRECTION ( 'NONE',  ( -1.000000000000000000, -0.000000000000000000, 0.000000000000000000 ) ) ;
#4933 = LOCAL_TIME ( 22, 0, 11.00000000000000000, #987 ) ;
#4934 = EDGE_CURVE ( 'NONE', #803, #4188, #2227, .T. ) ;
#4936 = ORIENTED_EDGE ( 'NONE', *, *, #5651, .F. ) ;
#4935 = VERTEX_POINT ( 'NONE', #1622 ) ;
#4937 = CARTESIAN_POINT ( 'NONE',  ( 0.000000000000000000, 30.84782396557217865, 21.32104025579125306 ) ) ;
#4938 = CIRCLE ( 'NONE', #6318, 42.00000000000000000 ) ;
#4939 = CARTESIAN_POINT ( 'NONE',  ( 7.000000000000000888, -17.80606268964563554, 33.00180498840040855 ) ) ;
#4940 = AXIS2_PLACEMENT_3D ( 'NONE', #3606, #3532, #5539 ) ;
#4941 = DIRECTION ( 'NONE',  ( 1.000000000000000000, 0.000000000000000000, -0.000000000000000000 ) ) ;
#4943 = VERTEX_POINT ( 'NONE', #1101 ) ;
#4942 = ORIENTED_EDGE ( 'NONE', *, *, #3829, .T. ) ;
#4944 = DIRECTION ( 'NONE',  ( 0.000000000000000000, 0.000000000000000000, 1.000000000000000000 ) ) ;
#4945 = AXIS2_PLACEMENT_3D ( 'NONE', #5373, #4849, #5281 ) ;
#4946 = AXIS2_PLACEMENT_3D ( 'NONE', #4958, #4405, #6419 ) ;
#4947 = CARTESIAN_POINT ( 'NONE',  ( -2.796143617109832835, 9.781244703484688330, -2.082102427879771067 ) ) ;
#4948 = AXIS2_PLACEMENT_3D ( 'NONE', #5941, #4416, #5404 ) ;
#4949 = VERTEX_POINT ( 'NONE', #3618 ) ;
#4950 = ORIENTED_EDGE ( 'NONE', *, *, #6179, .T. ) ;
#4951 = CYLINDRICAL_SURFACE ( 'NONE', #561, 42.00000000000000000 ) ;
#4952 = CC_DESIGN_PERSON_AND_ORGANIZATION_ASSIGNMENT ( #2027, #4034, ( #2315 ) ) ;
#4953 = AXIS2_PLACEMENT_3D ( 'NONE', #2171, #2728, #2795 ) ;
#4954 = AXIS2_PLACEMENT_3D ( 'NONE', #1259, #4174, #3251 ) ;
#4955 = DIRECTION ( 'NONE',  ( 1.000000000000000000, 0.000000000000000000, 0.000000000000000000 ) ) ;
#4956 = CYLINDRICAL_SURFACE ( 'NONE', #3770, 6.250000000000001776 ) ;
#4957 = DIRECTION ( 'NONE',  ( -1.000000000000000000, 0.000000000000000000, -0.000000000000000000 ) ) ;
#4958 = CARTESIAN_POINT ( 'NONE',  ( 7.000000000000000888, -21.53537804866102690, 30.80686688397001660 ) ) ;
#4959 = AXIS2_PLACEMENT_3D ( 'NONE', #4725, #4666, #166 ) ;
#4960 = CIRCLE ( 'NONE', #2448, 16.00000000000000355 ) ;
#4961 = EDGE_LOOP ( 'NONE', ( #3208, #252, #1957, #1319 ) ) ;
#4962 = DIRECTION ( 'NONE',  ( 1.000000000000000000, -0.000000000000000000, 0.000000000000000000 ) ) ;
#4963 = CARTESIAN_POINT ( 'NONE',  ( 0.000000000000000000, 0.000000000000000000, 0.000000000000000000 ) ) ;
#4964 = EDGE_CURVE ( 'NONE', #3273, #5469, #3580, .T. ) ;
#4965 = FACE_OUTER_BOUND ( 'NONE', #2853, .T. ) ;
#4966 = EDGE_CURVE ( 'NONE', #6399, #5758, #6018, .T. ) ;
#4967 = AXIS2_PLACEMENT_3D ( 'NONE', #622, #1703, #2187 ) ;
#4968 = AXIS2_PLACEMENT_3D ( 'NONE', #776, #4779, #279 ) ;
#4969 = DIRECTION ( 'NONE',  ( -1.000000000000000000, 0.000000000000000000, 0.000000000000000000 ) ) ;
#4971 = ORIENTED_EDGE ( 'NONE', *, *, #2069, .T. ) ;
#4970 = ORIENTED_EDGE ( 'NONE', *, *, #5735, .T. ) ;
#4972 = CARTESIAN_POINT ( 'NONE',  ( 7.000000000000000888, 22.64427369931168954, 30.00120703465212912 ) ) ;
#4973 = ADVANCED_FACE ( 'NONE', ( #3484 ), #5492, .F. ) ;
#4974 = CARTESIAN_POINT ( 'NONE',  ( 0.000000000000000000, -4.992566952384716927, -37.16516213103282951 ) ) ;
#4976 = VERTEX_POINT ( 'NONE', #5093 ) ;
#4975 = VERTEX_POINT ( 'NONE', #570 ) ;
#4977 = EDGE_CURVE ( 'NONE', #2341, #1207, #556, .T. ) ;
#4978 = VECTOR ( 'NONE', #704, 1000.000000000000000 ) ;
#4979 = DIRECTION ( 'NONE',  ( -1.000000000000000000, -0.000000000000000000, -0.000000000000000000 ) ) ;
#4980 = DIRECTION ( 'NONE',  ( 0.000000000000000000, -0.7071067811865536790, 0.7071067811865413555 ) ) ;
#4981 = VERTEX_POINT ( 'NONE', #4469 ) ;
#4982 = ORIENTED_EDGE ( 'NONE', *, *, #1732, .F. ) ;
#4983 = DIRECTION ( 'NONE',  ( 0.000000000000000000, -0.5877852522924624790, -0.8090169943749553338 ) ) ;
#4984 = EDGE_CURVE ( 'NONE', #6270, #494, #6339, .T. ) ;
#4985 = APPROVAL_STATUS ( 'not_yet_approved' ) ;
#4986 = DIRECTION ( 'NONE',  ( -1.000000000000000000, 0.000000000000000000, -0.000000000000000000 ) ) ;
#4987 = FACE_OUTER_BOUND ( 'NONE', #5321, .T. ) ;
#4988 = CARTESIAN_POINT ( 'NONE',  ( 7.000000000000000888, 30.84782396557248418, -21.32104025579081252 ) ) ;
#4989 = ORIENTED_EDGE ( 'NONE', *, *, #3979, .F. ) ;
#4990 = VERTEX_POINT ( 'NONE', #602 ) ;
#4991 = CARTESIAN_POINT ( 'NONE',  ( -2.714207784975673832, 2.207800236607056377, -2.034805073687024013 ) ) ;
#4992 = CARTESIAN_POINT ( 'NONE',  ( 0.000000000000000000, -21.53537804866058991, -30.80686688397033635 ) ) ;
#4993 = VECTOR ( 'NONE', #998, 1000.000000000000000 ) ;
#4994 = DIRECTION ( 'NONE',  ( 0.000000000000000000, -0.8910065241883722287, 0.4539904997395382558 ) ) ;
#4995 = DIRECTION ( 'NONE',  ( 0.000000000000000000, -0.9876883405951393247, 0.1564344650402204329 ) ) ;
#4996 = EDGE_LOOP ( 'NONE', ( #2738, #2422, #5914, #5569 ) ) ;
#4998 = ORIENTED_EDGE ( 'NONE', *, *, #5195, .F. ) ;
#4997 = ORIENTED_EDGE ( 'NONE', *, *, #2648, .F. ) ;
#4999 = EDGE_CURVE ( 'NONE', #4505, #3241, #3069, .T. ) ;
#5000 = CARTESIAN_POINT ( 'NONE',  ( 7.000000000000000888, -12.26510123303283883, 35.53030884539080603 ) ) ;
#5001 = CARTESIAN_POINT ( 'NONE',  ( 7.000000000000000888, -37.58145647212454321, 0.6853352020789026389 ) ) ;
#5002 = CARTESIAN_POINT ( 'NONE',  ( -8.000050800000000351, 2.649999999999999911, -1.406236111042524106 ) ) ;
#5003 = DIRECTION ( 'NONE',  ( -1.000000000000000000, -0.000000000000000000, -0.000000000000000000 ) ) ;
#5005 = ORIENTED_EDGE ( 'NONE', *, *, #2031, .T. ) ;
#5004 = VERTEX_POINT ( 'NONE', #5593 ) ;
#5006 = EDGE_CURVE ( 'NONE', #816, #1907, #646, .T. ) ;
#5007 = DIRECTION ( 'NONE',  ( -1.000000000000000000, -0.000000000000000000, 0.000000000000000000 ) ) ;
#5008 = CARTESIAN_POINT ( 'NONE',  ( 7.000000000000000888, 0.000000000000000000, 0.000000000000000000 ) ) ;
#5009 = ORIENTED_EDGE ( 'NONE', *, *, #127, .T. ) ;
#5010 = EDGE_CURVE ( 'NONE', #1907, #6282, #2979, .T. ) ;
#5011 = CIRCLE ( 'NONE', #726, 16.00000000000000000 ) ;
#5012 = ORIENTED_EDGE ( 'NONE', *, *, #4371, .T. ) ;
#5013 = CARTESIAN_POINT ( 'NONE',  ( 0.000000000000000000, -31.52238457039580766, -27.75498641678775158 ) ) ;
#5014 = APPLICATION_PROTOCOL_DEFINITION ( 'international standard', 'config_control_design', 1994, #4198 ) ;
#5015 = LINE ( 'NONE', #4600, #2504 ) ;
#5016 = DIRECTION ( 'NONE',  ( -1.000000000000000000, -0.000000000000000000, 0.000000000000000000 ) ) ;
#5017 = LINE ( 'NONE', #66, #4226 ) ;
#5018 = VERTEX_POINT ( 'NONE', #4576 ) ;
#5019 = CARTESIAN_POINT ( 'NONE',  ( -8.000050800000000351, 0.000000000000000000, 0.000000000000000000 ) ) ;
#5020 = ORIENTED_EDGE ( 'NONE', *, *, #2500, .F. ) ;
#5021 = CARTESIAN_POINT ( 'NONE',  ( -4.959874636612209287, 2.035236966102935252, -2.207407389615656967 ) ) ;
#5022 = DIRECTION ( 'NONE',  ( -1.000000000000000000, -0.000000000000000000, -0.000000000000000000 ) ) ;
#5023 = AXIS2_PLACEMENT_3D ( 'NONE', #3268, #5280, #3115 ) ;
#5024 = CIRCLE ( 'NONE', #3456, 16.00000000000000000 ) ;
#5025 = DIRECTION ( 'NONE',  ( 0.000000000000000000, 0.000000000000000000, 1.000000000000000000 ) ) ;
#5026 = DIRECTION ( 'NONE',  ( -1.000000000000000000, -0.000000000000000000, -0.000000000000000000 ) ) ;
#5027 = ORIENTED_EDGE ( 'NONE', *, *, #2276, .F. ) ;
#5029 = ORIENTED_EDGE ( 'NONE', *, *, #6060, .T. ) ;
#5028 = ORIENTED_EDGE ( 'NONE', *, *, #251, .T. ) ;
#5030 = DIRECTION ( 'NONE',  ( 0.000000000000000000, 0.000000000000000000, -1.000000000000000000 ) ) ;
#5031 = DIRECTION ( 'NONE',  ( -1.000000000000000000, 0.000000000000000000, -0.000000000000000000 ) ) ;
#5032 = CC_DESIGN_PERSON_AND_ORGANIZATION_ASSIGNMENT ( #3347, #4399, ( #5236 ) ) ;
#5033 = DIRECTION ( 'NONE',  ( -1.000000000000000000, 0.000000000000000000, 0.000000000000000000 ) ) ;
#5034 = CARTESIAN_POINT ( 'NONE',  ( 7.000000000000000888, 30.80686688397040740, -21.53537804866048688 ) ) ;
#5035 =( GEOMETRIC_REPRESENTATION_CONTEXT ( 3 ) GLOBAL_UNCERTAINTY_ASSIGNED_CONTEXT ( ( #4214 ) ) GLOBAL_UNIT_ASSIGNED_CONTEXT ( ( #826, #925, #1899 ) ) REPRESENTATION_CONTEXT ( 'NONE', 'WORKASPACE' ) );
#5036 = ADVANCED_FACE ( 'NONE', ( #6028 ), #39, .F. ) ;
#5038 = VERTEX_POINT ( 'NONE', #5552 ) ;
#5037 = ORIENTED_EDGE ( 'NONE', *, *, #3161, .F. ) ;
#5039 = VECTOR ( 'NONE', #5286, 1000.000000000000000 ) ;
#5040 = AXIS2_PLACEMENT_3D ( 'NONE', #1699, #4689, #3180 ) ;
#5041 = EDGE_CURVE ( 'NONE', #803, #5790, #4432, .T. ) ;
#5042 = LINE ( 'NONE', #980, #4657 ) ;
#5043 = DIRECTION ( 'NONE',  ( 0.000000000000000000, 0.1564344650402242354, 0.9876883405951387696 ) ) ;
#5044 = AXIS2_PLACEMENT_3D ( 'NONE', #207, #3750, #301 ) ;
#5045 = ORIENTED_EDGE ( 'NONE', *, *, #3236, .F. ) ;
#5046 = ORIENTED_EDGE ( 'NONE', *, *, #5220, .T. ) ;
#5047 = CARTESIAN_POINT ( 'NONE',  ( 7.000000000000000888, 33.00180498840046539, 17.80606268964551120 ) ) ;
#5048 = APPROVAL_STATUS ( 'not_yet_approved' ) ;
#5049 = DIRECTION ( 'NONE',  ( -1.000000000000000000, -0.000000000000000000, -0.000000000000000000 ) ) ;
#5050 = AXIS2_PLACEMENT_3D ( 'NONE', #814, #5813, #3930 ) ;
#5051 = CIRCLE ( 'NONE', #3793, 37.49900000000000233 ) ;
#5052 = EDGE_CURVE ( 'NONE', #2646, #5436, #4123, .T. ) ;
#5053 = AXIS2_PLACEMENT_3D ( 'NONE', #5102, #1560, #5 ) ;
#5054 = CARTESIAN_POINT ( 'NONE',  ( 7.000000000000000888, -37.16516213103280108, 4.992566952384862589 ) ) ;
#5055 = CARTESIAN_POINT ( 'NONE',  ( 7.000000000000000888, 33.79645857604513282, 16.45098606841138178 ) ) ;
#5056 = VERTEX_POINT ( 'NONE', #6258 ) ;
#5057 = FACE_OUTER_BOUND ( 'NONE', #2489, .T. ) ;
#5058 = ORIENTED_EDGE ( 'NONE', *, *, #4311, .T. ) ;
#5059 = AXIS2_PLACEMENT_3D ( 'NONE', #3807, #5825, #4201 ) ;
#5060 = DIRECTION ( 'NONE',  ( 1.000000000000000000, 0.000000000000000000, 0.000000000000000000 ) ) ;
#5061 = DIRECTION ( 'NONE',  ( 0.000000000000000000, 0.8910065241883688980, -0.4539904997395445840 ) ) ;
#5062 = DIRECTION ( 'NONE',  ( -1.000000000000000000, -0.000000000000000000, -0.000000000000000000 ) ) ;
#5063 = ADVANCED_FACE ( 'NONE', ( #2196 ), #5259, .T. ) ;
#5064 = DIRECTION ( 'NONE',  ( 0.000000000000000000, -0.3090169943749548342, 0.9510565162951511997 ) ) ;
#5065 = AXIS2_PLACEMENT_3D ( 'NONE', #4394, #5824, #3311 ) ;
#5066 = DIRECTION ( 'NONE',  ( 0.000000000000000000, 0.000000000000000000, 1.000000000000000000 ) ) ;
#5067 = VECTOR ( 'NONE', #6355, 1000.000000000000000 ) ;
#5068 = ORIENTED_EDGE ( 'NONE', *, *, #4902, .T. ) ;
#5069 = ORIENTED_EDGE ( 'NONE', *, *, #5713, .T. ) ;
#5070 = FACE_OUTER_BOUND ( 'NONE', #3626, .T. ) ;
#5071 = CIRCLE ( 'NONE', #3059, 37.49900000000000233 ) ;
#5072 = AXIS2_PLACEMENT_3D ( 'NONE', #4692, #4629, #1611 ) ;
#5073 = CARTESIAN_POINT ( 'NONE',  ( -10.00000000000000000, 0.000000000000000000, 0.000000000000000000 ) ) ;
#5074 = DIRECTION ( 'NONE',  ( -1.000000000000000000, -0.000000000000000000, -0.000000000000000000 ) ) ;
#5075 = DIRECTION ( 'NONE',  ( 0.000000000000000000, -6.982962677686267499E-15, 1.000000000000000000 ) ) ;
#5077 = ORIENTED_EDGE ( 'NONE', *, *, #3756, .T. ) ;
#5076 = VERTEX_POINT ( 'NONE', #1744 ) ;
#5078 = CARTESIAN_POINT ( 'NONE',  ( -6.155349630937476668, 9.943933500758008748, 1.067545715732212797 ) ) ;
#5079 = FACE_OUTER_BOUND ( 'NONE', #5895, .T. ) ;
#5080 = ORIENTED_EDGE ( 'NONE', *, *, #5213, .T. ) ;
#5081 = EDGE_CURVE ( 'NONE', #5410, #2673, #771, .T. ) ;
#5082 = EDGE_LOOP ( 'NONE', ( #2864, #4712, #2495, #5540 ) ) ;
#5083 = EDGE_CURVE ( 'NONE', #2603, #3972, #702, .T. ) ;
#5084 = DIRECTION ( 'NONE',  ( 0.000000000000000000, -0.9510565162951565288, 0.3090169943749382364 ) ) ;
#5085 = AXIS2_PLACEMENT_3D ( 'NONE', #1588, #3582, #4111 ) ;
#5086 = APPROVAL_DATE_TIME ( #1576, #6337 ) ;
#5087 = CARTESIAN_POINT ( 'NONE',  ( 7.000000000000000888, 37.48860685352291000, 0.8828120875901893649 ) ) ;
#5088 = CARTESIAN_POINT ( 'NONE',  ( -8.000050800000000351, 3.673940397442060361E-16, -3.000000000000000444 ) ) ;
#5089 = DIRECTION ( 'NONE',  ( -1.000000000000000000, 0.000000000000000000, 0.000000000000000000 ) ) ;
#5090 = ORIENTED_EDGE ( 'NONE', *, *, #2741, .F. ) ;
#5091 = DIRECTION ( 'NONE',  ( -1.000000000000000000, 0.000000000000000000, 0.000000000000000000 ) ) ;
#5092 = ORIENTED_EDGE ( 'NONE', *, *, #1954, .T. ) ;
#5093 = CARTESIAN_POINT ( 'NONE',  ( 7.000000000000000888, 21.40280677340421889, -36.13751322684397138 ) ) ;
#5094 = CYLINDRICAL_SURFACE ( 'NONE', #743, 37.49900000000000233 ) ;
#5095 = FACE_OUTER_BOUND ( 'NONE', #3637, .T. ) ;
#5096 = FACE_OUTER_BOUND ( 'NONE', #6254, .T. ) ;
#5097 = DIRECTION ( 'NONE',  ( -1.000000000000000000, -0.000000000000000000, -0.000000000000000000 ) ) ;
#5098 = ORIENTED_EDGE ( 'NONE', *, *, #4484, .F. ) ;
#5099 = ORIENTED_EDGE ( 'NONE', *, *, #1451, .F. ) ;
#5100 = EDGE_CURVE ( 'NONE', #1887, #2804, #2443, .T. ) ;
#5101 = AXIS2_PLACEMENT_3D ( 'NONE', #43, #3548, #4610 ) ;
#5102 = CARTESIAN_POINT ( 'NONE',  ( 7.000000000000000888, 0.000000000000000000, 0.000000000000000000 ) ) ;
#5103 = DIRECTION ( 'NONE',  ( -1.000000000000000000, -0.000000000000000000, -0.000000000000000000 ) ) ;
#5104 = CARTESIAN_POINT ( 'NONE',  ( 3.500000000000000444, -36.13751322684404244, -21.40280677340410875 ) ) ;
#5105 = DIRECTION ( 'NONE',  ( 0.000000000000000000, 0.000000000000000000, 1.000000000000000000 ) ) ;
#5106 = AXIS2_PLACEMENT_3D ( 'NONE', #5306, #2736, #2279 ) ;
#5108 = ORIENTED_EDGE ( 'NONE', *, *, #1760, .T. ) ;
#5107 = ORIENTED_EDGE ( 'NONE', *, *, #5471, .T. ) ;
#5109 = CARTESIAN_POINT ( 'NONE',  ( -4.313904713106395228, 9.707728879609279105, 2.399999999999999023 ) ) ;
#5110 = CYLINDRICAL_SURFACE ( 'NONE', #1383, 16.00000000000000000 ) ;
#5111 = ORIENTED_EDGE ( 'NONE', *, *, #4791, .T. ) ;
#5112 = ORIENTED_EDGE ( 'NONE', *, *, #801, .F. ) ;
#5113 = CARTESIAN_POINT ( 'NONE',  ( 0.000000000000000000, 0.000000000000000000, 0.000000000000000000 ) ) ;
#5114 = CALENDAR_DATE ( 2025, 3, 10 ) ;
#5115 = CYLINDRICAL_SURFACE ( 'NONE', #5878, 37.49900000000000233 ) ;
#5116 = CYLINDRICAL_SURFACE ( 'NONE', #6332, 16.00000000000000000 ) ;
#5117 = EDGE_CURVE ( 'NONE', #5702, #3958, #5707, .T. ) ;
#5118 = CARTESIAN_POINT ( 'NONE',  ( 0.000000000000000000, -37.22597642581153110, 10.79786254984320237 ) ) ;
#5119 = ORIENTED_EDGE ( 'NONE', *, *, #4462, .F. ) ;
#5120 = CARTESIAN_POINT ( 'NONE',  ( 7.000000000000000888, -0.6853352020787708554, -37.58145647212454321 ) ) ;
#5121 = ORIENTED_EDGE ( 'NONE', *, *, #949, .T. ) ;
#5122 = CARTESIAN_POINT ( 'NONE',  ( -4.000050800000000351, 1.800000000000002265, -2.399999999999999023 ) ) ;
#5123 = CIRCLE ( 'NONE', #5438, 37.49900000000000233 ) ;
#5124 = CARTESIAN_POINT ( 'NONE',  ( 0.000000000000000000, -10.41901085202050226, -40.68715046381939970 ) ) ;
#5125 = FACE_OUTER_BOUND ( 'NONE', #2157, .T. ) ;
#5126 = CARTESIAN_POINT ( 'NONE',  ( 7.000000000000000888, -32.34446384429989507, 26.79245525562703989 ) ) ;
#5127 = EDGE_CURVE ( 'NONE', #4337, #3827, #28, .T. ) ;
#5128 = CARTESIAN_POINT ( 'NONE',  ( 7.000000000000000888, -10.96151621346461447, -35.95386929396267561 ) ) ;
#5129 = EDGE_LOOP ( 'NONE', ( #5045, #1662, #1107, #1935 ) ) ;
#5130 = EDGE_LOOP ( 'NONE', ( #6166, #4005, #3890, #1430 ) ) ;
#5131 = AXIS2_PLACEMENT_3D ( 'NONE', #5845, #285, #2282 ) ;
#5132 = VECTOR ( 'NONE', #3656, 1000.000000000000000 ) ;
#5133 = CYLINDRICAL_SURFACE ( 'NONE', #664, 16.00000000000000000 ) ;
#5134 = CYLINDRICAL_SURFACE ( 'NONE', #6505, 42.00000000000000000 ) ;
#5135 = CYLINDRICAL_SURFACE ( 'NONE', #6428, 37.49900000000000233 ) ;
#5136 = CARTESIAN_POINT ( 'NONE',  ( 7.000000000000000888, 0.000000000000000000, 0.000000000000000000 ) ) ;
#5137 = EDGE_CURVE ( 'NONE', #3080, #2835, #140, .T. ) ;
#5138 = AXIS2_PLACEMENT_3D ( 'NONE', #582, #3103, #1564 ) ;
#5139 = AXIS2_PLACEMENT_3D ( 'NONE', #3546, #3017, #2987 ) ;
#5141 = ORIENTED_EDGE ( 'NONE', *, *, #4244, .T. ) ;
#5140 = ORIENTED_EDGE ( 'NONE', *, *, #5643, .F. ) ;
#5142 = SECURITY_CLASSIFICATION ( '', '', #3570 ) ;
#5143 = EDGE_CURVE ( 'NONE', #3098, #6256, #5811, .T. ) ;
#5144 = CARTESIAN_POINT ( 'NONE',  ( 7.000000000000000888, -36.13751322684434797, 21.40280677340358650 ) ) ;
#5145 = CARTESIAN_POINT ( 'NONE',  ( 7.000000000000000888, 33.00180498840072829, -17.80606268964504935 ) ) ;
#5146 = CC_DESIGN_APPROVAL ( #5435, ( #2353 ) ) ;
#5147 = ORIENTED_EDGE ( 'NONE', *, *, #5917, .T. ) ;
#5148 = VERTEX_POINT ( 'NONE', #3224 ) ;
#5149 = DIRECTION ( 'NONE',  ( 0.000000000000000000, -0.3090169943749349057, -0.9510565162951577500 ) ) ;
#5150 = VECTOR ( 'NONE', #3013, 1000.000000000000000 ) ;
#5151 = DIRECTION ( 'NONE',  ( -1.000000000000000000, 0.000000000000000000, 0.000000000000000000 ) ) ;
#5152 = DIRECTION ( 'NONE',  ( -1.000000000000000000, -0.000000000000000000, 0.000000000000000000 ) ) ;
#5153 = CIRCLE ( 'NONE', #6109, 42.00000000000000000 ) ;
#5154 = CARTESIAN_POINT ( 'NONE',  ( 7.000000000000000888, 37.01155633439067572, -6.555932627142010638 ) ) ;
#5155 = ORIENTED_EDGE ( 'NONE', *, *, #75, .T. ) ;
#5156 = ORIENTED_EDGE ( 'NONE', *, *, #1210, .F. ) ;
#5157 = APPROVAL ( #4985, 'UNSPECIFIED' ) ;
#5158 = VERTEX_POINT ( 'NONE', #1230 ) ;
#5159 = FACE_OUTER_BOUND ( 'NONE', #2992, .T. ) ;
#5160 = VECTOR ( 'NONE', #1815, 1000.000000000000000 ) ;
#5161 = DIRECTION ( 'NONE',  ( 0.000000000000000000, 0.000000000000000000, 1.000000000000000000 ) ) ;
#5162 = CARTESIAN_POINT ( 'NONE',  ( 7.000000000000000888, -35.92658777277517856, 10.74501242461269257 ) ) ;
#5163 = DIRECTION ( 'NONE',  ( 0.000000000000000000, 0.000000000000000000, 1.000000000000000000 ) ) ;
#5164 = LINE ( 'NONE', #448, #124 ) ;
#5165 = AXIS2_PLACEMENT_3D ( 'NONE', #3876, #2397, #2952 ) ;
#5166 = AXIS2_PLACEMENT_3D ( 'NONE', #5055, #565, #2562 ) ;
#5167 = AXIS2_PLACEMENT_3D ( 'NONE', #5665, #304, #2799 ) ;
#5168 = ORIENTED_EDGE ( 'NONE', *, *, #394, .F. ) ;
#5169 = ADVANCED_FACE ( 'NONE', ( #3158 ), #2696, .T. ) ;
#5170 = DIRECTION ( 'NONE',  ( 0.000000000000000000, 0.9876883405951372152, 0.1564344650402346160 ) ) ;
#5171 = EDGE_CURVE ( 'NONE', #3192, #364, #4652, .T. ) ;
#5172 = CARTESIAN_POINT ( 'NONE',  ( 7.000000000000000888, 17.67226234102873406, -33.17418723428287564 ) ) ;
#5173 = AXIS2_PLACEMENT_3D ( 'NONE', #5547, #5016, #1482 ) ;
#5174 = CARTESIAN_POINT ( 'NONE',  ( 7.000000000000000888, 0.000000000000000000, 0.000000000000000000 ) ) ;
#5175 = VECTOR ( 'NONE', #5362, 1000.000000000000000 ) ;
#5176 = DIRECTION ( 'NONE',  ( -1.000000000000000000, -0.000000000000000000, 0.000000000000000000 ) ) ;
#5178 = ORIENTED_EDGE ( 'NONE', *, *, #3700, .T. ) ;
#5177 = ORIENTED_EDGE ( 'NONE', *, *, #1846, .T. ) ;
#5179 = VECTOR ( 'NONE', #17, 1000.000000000000000 ) ;
#5180 = CIRCLE ( 'NONE', #1090, 16.00000000000000000 ) ;
#5181 = EDGE_CURVE ( 'NONE', #6195, #3136, #2548, .T. ) ;
#5182 = AXIS2_PLACEMENT_3D ( 'NONE', #3885, #1398, #4931 ) ;
#5183 = CARTESIAN_POINT ( 'NONE',  ( 3.500000000000000444, -16.65560815589438803, 38.55633173627004595 ) ) ;
#5184 = DIRECTION ( 'NONE',  ( 0.000000000000000000, 0.000000000000000000, 1.000000000000000000 ) ) ;
#5185 = ORIENTED_EDGE ( 'NONE', *, *, #6094, .F. ) ;
#5186 = DIRECTION ( 'NONE',  ( 0.000000000000000000, 0.000000000000000000, 1.000000000000000000 ) ) ;
#5187 = ADVANCED_FACE ( 'NONE', ( #5159 ), #3678, .T. ) ;
#5188 = DIRECTION ( 'NONE',  ( -1.000000000000000000, 0.000000000000000000, 0.000000000000000000 ) ) ;
#5189 = APPROVAL_DATE_TIME ( #660, #302 ) ;
#5190 = CARTESIAN_POINT ( 'NONE',  ( 0.000000000000000000, -35.38097989696520074, 12.42422080174625520 ) ) ;
#5191 = DIRECTION ( 'NONE',  ( 0.000000000000000000, 0.8090169943749445647, 0.5877852522924772449 ) ) ;
#5192 = ORIENTED_EDGE ( 'NONE', *, *, #4080, .T. ) ;
#5193 = ORIENTED_EDGE ( 'NONE', *, *, #5816, .F. ) ;
#5194 = ORIENTED_EDGE ( 'NONE', *, *, #5083, .F. ) ;
#5195 = EDGE_CURVE ( 'NONE', #2252, #2233, #6222, .T. ) ;
#5196 = DIRECTION ( 'NONE',  ( -1.000000000000000000, -0.000000000000000000, -0.000000000000000000 ) ) ;
#5197 = DIRECTION ( 'NONE',  ( -1.000000000000000000, 0.000000000000000000, 0.000000000000000000 ) ) ;
#5198 = CARTESIAN_POINT ( 'NONE',  ( 7.000000000000000888, -15.48615015657611238, 39.04073710021338428 ) ) ;
#5199 = DIRECTION ( 'NONE',  ( -1.000000000000000000, 0.000000000000000000, 0.000000000000000000 ) ) ;
#5200 = DIRECTION ( 'NONE',  ( 1.000000000000000000, 0.000000000000000000, -0.000000000000000000 ) ) ;
#5201 = ORIENTED_EDGE ( 'NONE', *, *, #2791, .F. ) ;
#5202 = DIRECTION ( 'NONE',  ( 1.000000000000000000, 0.000000000000000000, 0.000000000000000000 ) ) ;
#5203 = DIRECTION ( 'NONE',  ( -1.000000000000000000, -0.000000000000000000, -0.000000000000000000 ) ) ;
#5204 = CARTESIAN_POINT ( 'NONE',  ( 7.000000000000000888, 0.000000000000000000, 0.000000000000000000 ) ) ;
#5205 = DIRECTION ( 'NONE',  ( -1.000000000000000000, 0.000000000000000000, 0.000000000000000000 ) ) ;
#5206 = ADVANCED_FACE ( 'NONE', ( #4732 ), #233, .T. ) ;
#5207 = EDGE_CURVE ( 'NONE', #6255, #4621, #1823, .T. ) ;
#5208 = CIRCLE ( 'NONE', #706, 16.00000000000000000 ) ;
#5210 = ORIENTED_EDGE ( 'NONE', *, *, #2725, .F. ) ;
#5209 = ORIENTED_EDGE ( 'NONE', *, *, #2556, .T. ) ;
#5211 = AXIS2_PLACEMENT_3D ( 'NONE', #5034, #5176, #613 ) ;
#5212 = DIRECTION ( 'NONE',  ( -1.000000000000000000, 0.000000000000000000, 0.000000000000000000 ) ) ;
#5213 = EDGE_CURVE ( 'NONE', #1881, #2947, #4128, .T. ) ;
#5214 = DIRECTION ( 'NONE',  ( -1.000000000000000000, 0.000000000000000000, 0.000000000000000000 ) ) ;
#5215 = ORIENTED_EDGE ( 'NONE', *, *, #1715, .F. ) ;
#5216 = SHAPE_REPRESENTATION ( 'spur gear_am_Metric - Spur gear 2M 40T 20PA 7FW ---S40O20H15L1N', ( #5355 ), #5890 ) ;
#5217 = DIRECTION ( 'NONE',  ( -1.000000000000000000, -0.000000000000000000, -0.000000000000000000 ) ) ;
#5218 = CARTESIAN_POINT ( 'NONE',  ( 7.000000000000000888, 35.53030884539084866, 12.26510123303271627 ) ) ;
#5219 = DIRECTION ( 'NONE',  ( -1.000000000000000000, 0.000000000000000000, 0.000000000000000000 ) ) ;
#5220 = EDGE_CURVE ( 'NONE', #85, #4613, #2659, .T. ) ;
#5221 = DIRECTION ( 'NONE',  ( -1.000000000000000000, 0.000000000000000000, -0.000000000000000000 ) ) ;
#5222 = ORIENTED_EDGE ( 'NONE', *, *, #524, .F. ) ;
#5223 = ORIENTED_EDGE ( 'NONE', *, *, #4841, .T. ) ;
#5224 = ORIENTED_EDGE ( 'NONE', *, *, #4774, .T. ) ;
#5225 = CARTESIAN_POINT ( 'NONE',  ( 7.000000000000000888, -37.22597642581153110, -5.202137450156797627 ) ) ;
#5226 = FACE_OUTER_BOUND ( 'NONE', #5497, .T. ) ;
#5227 = FACE_OUTER_BOUND ( 'NONE', #4040, .T. ) ;
#5228 = CYLINDRICAL_SURFACE ( 'NONE', #4953, 16.00000000000000000 ) ;
#5229 = EDGE_CURVE ( 'NONE', #2579, #6300, #1919, .T. ) ;
#5230 = DIRECTION ( 'NONE',  ( -1.000000000000000000, -0.000000000000000000, 0.000000000000000000 ) ) ;
#5231 = ORIENTED_EDGE ( 'NONE', *, *, #3954, .F. ) ;
#5232 = CARTESIAN_POINT ( 'NONE',  ( -8.000050800000000351, 0.000000000000000000, 0.000000000000000000 ) ) ;
#5233 = LINE ( 'NONE', #2469, #3561 ) ;
#5234 = DIRECTION ( 'NONE',  ( 0.000000000000000000, 0.000000000000000000, 1.000000000000000000 ) ) ;
#5235 = CARTESIAN_POINT ( 'NONE',  ( 7.000000000000000888, 15.48615015657638594, -39.04073710021327770 ) ) ;
#5236 = PRODUCT ( 'Driver_Gear_Heat_Set', 'Driver_Gear_Heat_Set', '', ( #5857 ) ) ;
#5238 = ORIENTED_EDGE ( 'NONE', *, *, #6068, .F. ) ;
#5237 = ORIENTED_EDGE ( 'NONE', *, *, #3082, .F. ) ;
#5239 = APPROVAL ( #1959, 'UNSPECIFIED' ) ;
#5240 = EDGE_CURVE ( 'NONE', #432, #1149, #2018, .T. ) ;
#5241 = CIRCLE ( 'NONE', #4086, 37.49900000000000944 ) ;
#5242 = VECTOR ( 'NONE', #6279, 1000.000000000000000 ) ;
#5243 = DIRECTION ( 'NONE',  ( 0.000000000000000000, 0.000000000000000000, -1.000000000000000000 ) ) ;
#5244 = CARTESIAN_POINT ( 'NONE',  ( 7.000000000000000888, 0.000000000000000000, 0.000000000000000000 ) ) ;
#5246 = ORIENTED_EDGE ( 'NONE', *, *, #1905, .F. ) ;
#5245 = CARTESIAN_POINT ( 'NONE',  ( 4.000000000000000000, 0.000000000000000000, 0.000000000000000000 ) ) ;
#5247 = AXIS2_PLACEMENT_3D ( 'NONE', #3852, #3359, #1397 ) ;
#5248 = DIRECTION ( 'NONE',  ( -1.000000000000000000, -0.000000000000000000, 0.000000000000000000 ) ) ;
#5249 = FACE_OUTER_BOUND ( 'NONE', #5415, .T. ) ;
#5250 = EDGE_CURVE ( 'NONE', #2769, #4628, #3907, .T. ) ;
#5251 = EDGE_CURVE ( 'NONE', #2064, #3751, #3384, .T. ) ;
#5252 = DIRECTION ( 'NONE',  ( -1.000000000000000000, 0.000000000000000000, -0.000000000000000000 ) ) ;
#5253 = CIRCLE ( 'NONE', #1473, 16.00000000000000000 ) ;
#5254 = FACE_OUTER_BOUND ( 'NONE', #5608, .T. ) ;
#5255 = EDGE_LOOP ( 'NONE', ( #3905, #3722, #4172, #6480 ) ) ;
#5256 = VERTEX_POINT ( 'NONE', #4305 ) ;
#5257 = ORIENTED_EDGE ( 'NONE', *, *, #3954, .T. ) ;
#5258 = AXIS2_PLACEMENT_3D ( 'NONE', #3834, #2260, #222 ) ;
#5259 = CYLINDRICAL_SURFACE ( 'NONE', #2016, 37.49900000000000233 ) ;
#5260 = ADVANCED_FACE ( 'NONE', ( #5353 ), #5830, .T. ) ;
#5261 = DIRECTION ( 'NONE',  ( -1.000000000000000000, -0.000000000000000000, 0.000000000000000000 ) ) ;
#5262 = DIRECTION ( 'NONE',  ( -1.000000000000000000, -0.000000000000000000, -0.000000000000000000 ) ) ;
#5263 = AXIS2_PLACEMENT_3D ( 'NONE', #410, #938, #6400 ) ;
#5264 = CARTESIAN_POINT ( 'NONE',  ( 4.000000000000000000, 2.649999999999999911, 1.406236111042524328 ) ) ;
#5265 = CARTESIAN_POINT ( 'NONE',  ( 7.000000000000000888, -22.74946021919110706, -29.81001611431033282 ) ) ;
#5266 = ORIENTED_EDGE ( 'NONE', *, *, #5706, .F. ) ;
#5267 = CIRCLE ( 'NONE', #757, 15.99999999999999645 ) ;
#5268 = DIRECTION ( 'NONE',  ( -1.000000000000000000, 0.000000000000000000, 0.000000000000000000 ) ) ;
#5269 = EDGE_CURVE ( 'NONE', #1249, #3154, #1713, .T. ) ;
#5270 = DIRECTION ( 'NONE',  ( 0.000000000000000000, -0.8910065241883721177, 0.4539904997395382003 ) ) ;
#5271 = CARTESIAN_POINT ( 'NONE',  ( 7.000000000000000888, -27.13269053701114331, 25.88420570971391754 ) ) ;
#5272 = DIRECTION ( 'NONE',  ( 0.000000000000000000, -0.4539904997395351471, -0.8910065241883737830 ) ) ;
#5273 = CIRCLE ( 'NONE', #6223, 16.00000000000000000 ) ;
#5274 = VECTOR ( 'NONE', #6155, 1000.000000000000000 ) ;
#5276 = ORIENTED_EDGE ( 'NONE', *, *, #5307, .F. ) ;
#5275 = ORIENTED_EDGE ( 'NONE', *, *, #5250, .F. ) ;
#5277 = VECTOR ( 'NONE', #3970, 1000.000000000000000 ) ;
#5278 = EDGE_CURVE ( 'NONE', #3266, #3072, #4960, .T. ) ;
#5279 = AXIS2_PLACEMENT_3D ( 'NONE', #1521, #4072, #6056 ) ;
#5280 = DIRECTION ( 'NONE',  ( 1.000000000000000000, 0.000000000000000000, 0.000000000000000000 ) ) ;
#5281 = DIRECTION ( 'NONE',  ( 0.000000000000000000, 0.000000000000000000, 1.000000000000000000 ) ) ;
#5282 = VECTOR ( 'NONE', #196, 1000.000000000000000 ) ;
#5283 = VECTOR ( 'NONE', #2917, 1000.000000000000000 ) ;
#5285 = ORIENTED_EDGE ( 'NONE', *, *, #6296, .F. ) ;
#5284 = ORIENTED_EDGE ( 'NONE', *, *, #409, .T. ) ;
#5286 = DIRECTION ( 'NONE',  ( -1.000000000000000000, 0.000000000000000000, 0.000000000000000000 ) ) ;
#5287 = LINE ( 'NONE', #4365, #2407 ) ;
#5288 = AXIS2_PLACEMENT_3D ( 'NONE', #2261, #4761, #5149 ) ;
#5289 = AXIS2_PLACEMENT_3D ( 'NONE', #604, #5494, #4544 ) ;
#5290 = CARTESIAN_POINT ( 'NONE',  ( 7.000000000000000888, -36.88895765772628010, -6.736453364083947015 ) ) ;
#5291 = CARTESIAN_POINT ( 'NONE',  ( 7.000000000000000888, 5.202137450156908649, -37.22597642581151689 ) ) ;
#5292 = EDGE_CURVE ( 'NONE', #3336, #3906, #3812, .T. ) ;
#5293 = ORIENTED_EDGE ( 'NONE', *, *, #2405, .F. ) ;
#5294 = ORIENTED_EDGE ( 'NONE', *, *, #1429, .T. ) ;
#5295 = ORIENTED_EDGE ( 'NONE', *, *, #1243, .F. ) ;
#5296 = CARTESIAN_POINT ( 'NONE',  ( 3.500000000000000444, -31.52238457039619490, 27.75498641678731104 ) ) ;
#5297 = DIRECTION ( 'NONE',  ( 0.000000000000000000, -0.1564344650402380854, 0.9876883405951365491 ) ) ;
#5298 = LINE ( 'NONE', #5658, #1219 ) ;
#5299 = CARTESIAN_POINT ( 'NONE',  ( 7.000000000000000888, 0.000000000000000000, 0.000000000000000000 ) ) ;
#5300 = DIRECTION ( 'NONE',  ( -1.000000000000000000, 0.000000000000000000, 0.000000000000000000 ) ) ;
#5301 = ORIENTED_EDGE ( 'NONE', *, *, #3460, .T. ) ;
#5302 = DIRECTION ( 'NONE',  ( -1.000000000000000000, -0.000000000000000000, -0.000000000000000000 ) ) ;
#5303 = CARTESIAN_POINT ( 'NONE',  ( 7.000000000000000888, -2.663952781845857931, -41.91543099594820632 ) ) ;
#5304 = CARTESIAN_POINT ( 'NONE',  ( 0.000000000000000000, 29.81001611431041098, -22.74946021919100403 ) ) ;
#5305 = CIRCLE ( 'NONE', #55, 16.00000000000000000 ) ;
#5306 = CARTESIAN_POINT ( 'NONE',  ( 7.000000000000000888, 0.000000000000000000, 0.000000000000000000 ) ) ;
#5307 = EDGE_CURVE ( 'NONE', #888, #5148, #395, .T. ) ;
#5309 = ORIENTED_EDGE ( 'NONE', *, *, #2510, .T. ) ;
#5308 = ORIENTED_EDGE ( 'NONE', *, *, #5220, .F. ) ;
#5310 = CARTESIAN_POINT ( 'NONE',  ( 7.000000000000000888, 0.000000000000000000, 0.000000000000000000 ) ) ;
#5311 = LINE ( 'NONE', #3896, #1906 ) ;
#5313 = ORIENTED_EDGE ( 'NONE', *, *, #692, .F. ) ;
#5312 = ORIENTED_EDGE ( 'NONE', *, *, #5337, .F. ) ;
#5314 = DIRECTION ( 'NONE',  ( -1.000000000000000000, 0.000000000000000000, -0.000000000000000000 ) ) ;
#5315 = CARTESIAN_POINT ( 'NONE',  ( 7.000000000000000888, -29.81001611430991360, -22.74946021919165418 ) ) ;
#5316 = CIRCLE ( 'NONE', #809, 16.00000000000000000 ) ;
#5317 = LINE ( 'NONE', #3902, #4338 ) ;
#5318 = DIRECTION ( 'NONE',  ( 0.000000000000000000, 0.000000000000000000, -1.000000000000000000 ) ) ;
#5319 = ORIENTED_EDGE ( 'NONE', *, *, #5611, .T. ) ;
#5320 = ORIENTED_EDGE ( 'NONE', *, *, #6013, .F. ) ;
#5321 = EDGE_LOOP ( 'NONE', ( #2056, #201, #3223, #6095 ) ) ;
#5322 = DIRECTION ( 'NONE',  ( 0.000000000000000000, 0.000000000000000000, -1.000000000000000000 ) ) ;
#5323 = EDGE_CURVE ( 'NONE', #5653, #3587, #3871, .T. ) ;
#5324 = LINE ( 'NONE', #3844, #4287 ) ;
#5325 = EDGE_CURVE ( 'NONE', #4386, #2245, #4340, .T. ) ;
#5326 = DIRECTION ( 'NONE',  ( -1.000000000000000000, 0.000000000000000000, 0.000000000000000000 ) ) ;
#5327 = CARTESIAN_POINT ( 'NONE',  ( 7.000000000000000888, 35.47612816024524562, 22.48208911017512790 ) ) ;
#5328 = ORIENTED_EDGE ( 'NONE', *, *, #939, .T. ) ;
#5329 = VERTEX_POINT ( 'NONE', #1808 ) ;
#5330 = CARTESIAN_POINT ( 'NONE',  ( 0.000000000000000000, -33.00180498840060039, 17.80606268964528027 ) ) ;
#5331 = CARTESIAN_POINT ( 'NONE',  ( 0.000000000000000000, 0.000000000000000000, 0.000000000000000000 ) ) ;
#5332 = CARTESIAN_POINT ( 'NONE',  ( 0.000000000000000000, -37.16516213103273714, -4.992566952385376844 ) ) ;
#5333 = CARTESIAN_POINT ( 'NONE',  ( 0.000000000000000000, 10.74501242461333028, -35.92658777277499382 ) ) ;
#5335 = ORIENTED_EDGE ( 'NONE', *, *, #3525, .F. ) ;
#5334 = ORIENTED_EDGE ( 'NONE', *, *, #3334, .F. ) ;
#5336 = DIRECTION ( 'NONE',  ( 0.000000000000000000, 0.000000000000000000, 1.000000000000000000 ) ) ;
#5337 = EDGE_CURVE ( 'NONE', #3797, #5410, #5180, .T. ) ;
#5338 = CARTESIAN_POINT ( 'NONE',  ( 0.000000000000000000, -22.74946021919153694, 29.81001611431000597 ) ) ;
#5339 = CARTESIAN_POINT ( 'NONE',  ( 7.000000000000000888, 37.58145647212453611, 16.68533520207917675 ) ) ;
#5341 = ORIENTED_EDGE ( 'NONE', *, *, #477, .F. ) ;
#5340 = ORIENTED_EDGE ( 'NONE', *, *, #4647, .T. ) ;
#5342 = FACE_OUTER_BOUND ( 'NONE', #2507, .T. ) ;
#5343 = AXIS2_PLACEMENT_3D ( 'NONE', #1481, #6049, #593 ) ;
#5344 = AXIS2_PLACEMENT_3D ( 'NONE', #1321, #387, #5880 ) ;
#5345 = CARTESIAN_POINT ( 'NONE',  ( 7.000000000000000888, -0.6853352020787708554, -37.58145647212454321 ) ) ;
#5346 = EDGE_CURVE ( 'NONE', #5616, #4164, #4232, .T. ) ;
#5347 = CARTESIAN_POINT ( 'NONE',  ( -8.000050800000000351, 1.224646799147353256E-15, 10.00000000000000000 ) ) ;
#5348 = CARTESIAN_POINT ( 'NONE',  ( -3.376882801796528000, 9.726497189985623848, -2.322982576508963337 ) ) ;
#5349 = AXIS2_PLACEMENT_3D ( 'NONE', #5564, #2111, #4085 ) ;
#5350 = AXIS2_PLACEMENT_3D ( 'NONE', #1362, #5993, #5458 ) ;
#5351 = ORIENTED_EDGE ( 'NONE', *, *, #5677, .F. ) ;
#5352 = ORIENTED_EDGE ( 'NONE', *, *, #5677, .T. ) ;
#5353 = FACE_OUTER_BOUND ( 'NONE', #3063, .T. ) ;
#5354 = APPLICATION_PROTOCOL_DEFINITION ( 'international standard', 'config_control_design', 1994, #1272 ) ;
#5355 = AXIS2_PLACEMENT_3D ( 'NONE', #4921, #3940, #953 ) ;
#5356 = DIRECTION ( 'NONE',  ( 0.000000000000000000, 1.000000000000000000, 3.469446951953614189E-15 ) ) ;
#5357 = DIRECTION ( 'NONE',  ( -1.000000000000000000, -0.000000000000000000, -0.000000000000000000 ) ) ;
#5358 = CARTESIAN_POINT ( 'NONE',  ( -10.00000000000000000, 0.000000000000000000, 0.000000000000000000 ) ) ;
#5359 = AXIS2_PLACEMENT_3D ( 'NONE', #1702, #321, #3242 ) ;
#5360 = ORIENTED_EDGE ( 'NONE', *, *, #3006, .T. ) ;
#5361 = ORIENTED_EDGE ( 'NONE', *, *, #4480, .T. ) ;
#5362 = DIRECTION ( 'NONE',  ( 1.000000000000000000, -0.000000000000000000, 0.000000000000000000 ) ) ;
#5363 = DIRECTION ( 'NONE',  ( 0.000000000000000000, -0.8090169943749402348, -0.5877852522924830181 ) ) ;
#5364 = CARTESIAN_POINT ( 'NONE',  ( -5.437415088226827287, 2.301179125417643245, 1.930487505575718910 ) ) ;
#5365 = CARTESIAN_POINT ( 'NONE',  ( 3.500000000000000444, 26.79245525562715002, 32.34446384429980270 ) ) ;
#5366 = ADVANCED_FACE ( 'NONE', ( #6413 ), #3316, .T. ) ;
#5368 = ORIENTED_EDGE ( 'NONE', *, *, #6397, .F. ) ;
#5367 = EDGE_LOOP ( 'NONE', ( #1797, #930, #2693, #4270 ) ) ;
#5369 = EDGE_CURVE ( 'NONE', #3364, #4990, #1931, .T. ) ;
#5370 = CARTESIAN_POINT ( 'NONE',  ( -4.000050800000000351, 9.707728879609279105, 2.399999999999999023 ) ) ;
#5371 = CIRCLE ( 'NONE', #2535, 42.00000000000000000 ) ;
#5372 = LINE ( 'NONE', #3433, #103 ) ;
#5373 = CARTESIAN_POINT ( 'NONE',  ( 7.000000000000000888, 0.000000000000000000, 0.000000000000000000 ) ) ;
#5374 = AXIS2_PLACEMENT_3D ( 'NONE', #2487, #5622, #2062 ) ;
#5375 = CIRCLE ( 'NONE', #3586, 16.00000000000000000 ) ;
#5377 = VERTEX_POINT ( 'NONE', #2332 ) ;
#5376 = VERTEX_POINT ( 'NONE', #3939 ) ;
#5378 = EDGE_CURVE ( 'NONE', #1964, #2007, #1449, .T. ) ;
#5379 = VECTOR ( 'NONE', #6462, 1000.000000000000000 ) ;
#5380 = CARTESIAN_POINT ( 'NONE',  ( -10.00000000000000000, 0.000000000000000000, 0.000000000000000000 ) ) ;
#5381 = AXIS2_PLACEMENT_3D ( 'NONE', #4763, #2228, #4169 ) ;
#5382 = CARTESIAN_POINT ( 'NONE',  ( 0.000000000000000000, 0.000000000000000000, 0.000000000000000000 ) ) ;
#5383 = CARTESIAN_POINT ( 'NONE',  ( 0.000000000000000000, 16.65560815589464028, -38.55633173626993226 ) ) ;
#5384 = ORIENTED_EDGE ( 'NONE', *, *, #1210, .T. ) ;
#5385 = EDGE_CURVE ( 'NONE', #5864, #5792, #5856, .T. ) ;
#5386 = EDGE_LOOP ( 'NONE', ( #1951, #1556, #3000, #5201 ) ) ;
#5387 = VECTOR ( 'NONE', #6194, 1000.000000000000000 ) ;
#5388 = CC_DESIGN_SECURITY_CLASSIFICATION ( #4833, ( #6522 ) ) ;
#5389 = DIRECTION ( 'NONE',  ( 0.000000000000000000, 0.8910065241883656784, 0.4539904997395510788 ) ) ;
#5390 = CALENDAR_DATE ( 2025, 3, 10 ) ;
#5391 = CARTESIAN_POINT ( 'NONE',  ( 0.000000000000000000, 16.45098606841126454, 33.79645857604518255 ) ) ;
#5392 = DIRECTION ( 'NONE',  ( -1.000000000000000000, -0.000000000000000000, -0.000000000000000000 ) ) ;
#5393 = CARTESIAN_POINT ( 'NONE',  ( 7.000000000000000888, 0.000000000000000000, 0.000000000000000000 ) ) ;
#5394 = AXIS2_PLACEMENT_3D ( 'NONE', #2176, #3727, #5738 ) ;
#5395 = ORIENTED_EDGE ( 'NONE', *, *, #386, .T. ) ;
#5396 = EDGE_CURVE ( 'NONE', #5717, #5526, #147, .T. ) ;
#5397 = ORIENTED_EDGE ( 'NONE', *, *, #4687, .F. ) ;
#5398 = CARTESIAN_POINT ( 'NONE',  ( 3.500000000000000444, 32.34446384430009402, -26.79245525562679831 ) ) ;
#5399 = CARTESIAN_POINT ( 'NONE',  ( 7.000000000000000888, 0.000000000000000000, 0.000000000000000000 ) ) ;
#5400 = CARTESIAN_POINT ( 'NONE',  ( 7.000000000000000888, 0.000000000000000000, 0.000000000000000000 ) ) ;
#5401 = LINE ( 'NONE', #2471, #1646 ) ;
#5403 = ORIENTED_EDGE ( 'NONE', *, *, #4009, .T. ) ;
#5402 = EDGE_LOOP ( 'NONE', ( #1334, #2815, #3222, #909 ) ) ;
#5404 = DIRECTION ( 'NONE',  ( 0.000000000000000000, 0.000000000000000000, 1.000000000000000000 ) ) ;
#5405 = AXIS2_PLACEMENT_3D ( 'NONE', #3515, #1027, #5025 ) ;
#5406 = EDGE_CURVE ( 'NONE', #916, #287, #4372, .T. ) ;
#5407 = FACE_OUTER_BOUND ( 'NONE', #708, .T. ) ;
#5408 = EDGE_CURVE ( 'NONE', #1656, #1609, #2235, .T. ) ;
#5409 = CARTESIAN_POINT ( 'NONE',  ( 7.000000000000000888, -17.67226234102800930, -33.17418723428326643 ) ) ;
#5411 = ORIENTED_EDGE ( 'NONE', *, *, #5917, .F. ) ;
#5410 = VERTEX_POINT ( 'NONE', #5981 ) ;
#5412 = CARTESIAN_POINT ( 'NONE',  ( 7.000000000000000888, -16.23288003029473359, -33.80338159004301701 ) ) ;
#5413 = DIRECTION ( 'NONE',  ( -1.000000000000000000, -0.000000000000000000, -0.000000000000000000 ) ) ;
#5414 = CARTESIAN_POINT ( 'NONE',  ( -2.414720227946626441, 9.835713278284417882, 1.808724111465993767 ) ) ;
#5415 = EDGE_LOOP ( 'NONE', ( #3031, #5915, #6041, #157 ) ) ;
#5416 = CIRCLE ( 'NONE', #3846, 37.49900000000000944 ) ;
#5417 = ORIENTED_EDGE ( 'NONE', *, *, #4764, .T. ) ;
#5418 = CARTESIAN_POINT ( 'NONE',  ( 7.000000000000000888, 35.38097989696528600, -12.42422080174602605 ) ) ;
#5419 = FACE_OUTER_BOUND ( 'NONE', #4583, .T. ) ;
#5420 = ADVANCED_FACE ( 'NONE', ( #3965 ), #4525, .T. ) ;
#5421 = DIRECTION ( 'NONE',  ( 0.000000000000000000, 1.000000000000000000, 3.491481338843133750E-15 ) ) ;
#5422 = AXIS2_PLACEMENT_3D ( 'NONE', #1073, #5607, #1113 ) ;
#5423 = CARTESIAN_POINT ( 'NONE',  ( 0.000000000000000000, -10.74501242461307982, 35.92658777277507198 ) ) ;
#5424 = EDGE_LOOP ( 'NONE', ( #4348, #1274, #5430, #184 ) ) ;
#5425 = LINE ( 'NONE', #469, #1505 ) ;
#5426 = DIRECTION ( 'NONE',  ( 0.000000000000000000, 0.000000000000000000, 1.000000000000000000 ) ) ;
#5427 = CARTESIAN_POINT ( 'NONE',  ( 7.000000000000000888, -6.555932627142140312, -37.01155633439065440 ) ) ;
#5428 = EDGE_CURVE ( 'NONE', #1896, #4505, #2588, .T. ) ;
#5429 = CARTESIAN_POINT ( 'NONE',  ( 7.000000000000000888, -21.53537804866058991, -30.80686688397033635 ) ) ;
#5431 = ORIENTED_EDGE ( 'NONE', *, *, #4055, .F. ) ;
#5430 = ORIENTED_EDGE ( 'NONE', *, *, #1615, .T. ) ;
#5432 = DIRECTION ( 'NONE',  ( 0.000000000000000000, 0.000000000000000000, 1.000000000000000000 ) ) ;
#5433 = CARTESIAN_POINT ( 'NONE',  ( 0.000000000000000000, 33.79645857604513282, -16.45098606841138178 ) ) ;
#5434 = LINE ( 'NONE', #1170, #2644 ) ;
#5435 = APPROVAL ( #4373, 'UNSPECIFIED' ) ;
#5437 = ORIENTED_EDGE ( 'NONE', *, *, #6145, .T. ) ;
#5436 = VERTEX_POINT ( 'NONE', #5013 ) ;
#5438 = AXIS2_PLACEMENT_3D ( 'NONE', #1812, #1356, #2819 ) ;
#5439 = DIRECTION ( 'NONE',  ( 1.000000000000000000, -0.000000000000000000, -0.000000000000000000 ) ) ;
#5440 = CARTESIAN_POINT ( 'NONE',  ( -2.535291303396230767, 9.816771421652600083, 1.907577780917963262 ) ) ;
#5441 = ORIENTED_EDGE ( 'NONE', *, *, #1495, .T. ) ;
#5442 = CIRCLE ( 'NONE', #6297, 42.00000000000000000 ) ;
#5443 = ADVANCED_FACE ( 'NONE', ( #2949 ), #1513, .T. ) ;
#5444 = EDGE_LOOP ( 'NONE', ( #5479, #6005, #1038, #2868 ) ) ;
#5445 = EDGE_CURVE ( 'NONE', #6354, #3104, #4339, .T. ) ;
#5446 = DIRECTION ( 'NONE',  ( -1.000000000000000000, 0.000000000000000000, -0.000000000000000000 ) ) ;
#5447 = CARTESIAN_POINT ( 'NONE',  ( -10.00000000000000000, 0.000000000000000000, 0.000000000000000000 ) ) ;
#5448 = VECTOR ( 'NONE', #1920, 1000.000000000000000 ) ;
#5449 = DIRECTION ( 'NONE',  ( 0.000000000000000000, 0.000000000000000000, -1.000000000000000000 ) ) ;
#5450 = AXIS2_PLACEMENT_3D ( 'NONE', #2811, #818, #2324 ) ;
#5451 = PLANE ( 'NONE',  #2742 ) ;
#5452 = APPROVAL_PERSON_ORGANIZATION ( #164, #302, #695 ) ;
#5453 = VERTEX_POINT ( 'NONE', #1575 ) ;
#5454 = ORIENTED_EDGE ( 'NONE', *, *, #2638, .F. ) ;
#5455 = EDGE_CURVE ( 'NONE', #2587, #4319, #4598, .T. ) ;
#5456 = AXIS2_PLACEMENT_3D ( 'NONE', #3947, #869, #4443 ) ;
#5457 = CARTESIAN_POINT ( 'NONE',  ( -2.291375711675184501, 2.479688849244624294, 1.695130975478007729 ) ) ;
#5458 = DIRECTION ( 'NONE',  ( 0.000000000000000000, -0.4539904997395351471, -0.8910065241883737830 ) ) ;
#5459 = CYLINDRICAL_SURFACE ( 'NONE', #2767, 37.49900000000000233 ) ;
#5460 = DIRECTION ( 'NONE',  ( 0.000000000000000000, 0.000000000000000000, 1.000000000000000000 ) ) ;
#5461 = AXIS2_PLACEMENT_3D ( 'NONE', #4577, #572, #72 ) ;
#5463 = VERTEX_POINT ( 'NONE', #4463 ) ;
#5462 = ORIENTED_EDGE ( 'NONE', *, *, #2375, .F. ) ;
#5464 = EDGE_CURVE ( 'NONE', #4017, #5653, #1206, .T. ) ;
#5465 = DIRECTION ( 'NONE',  ( 0.000000000000000000, 0.4539904997395413644, 0.8910065241883705633 ) ) ;
#5466 = AXIS2_PLACEMENT_3D ( 'NONE', #3214, #4197, #693 ) ;
#5467 = DIRECTION ( 'NONE',  ( -1.000000000000000000, -0.000000000000000000, -0.000000000000000000 ) ) ;
#5468 = CIRCLE ( 'NONE', #3469, 16.00000000000000355 ) ;
#5470 = ORIENTED_EDGE ( 'NONE', *, *, #1732, .T. ) ;
#5469 = VERTEX_POINT ( 'NONE', #952 ) ;
#5471 = EDGE_CURVE ( 'NONE', #4319, #4918, #3709, .T. ) ;
#5472 = AXIS2_PLACEMENT_3D ( 'NONE', #5128, #3095, #4675 ) ;
#5473 = DIRECTION ( 'NONE',  ( -1.000000000000000000, 0.000000000000000000, -0.000000000000000000 ) ) ;
#5474 = CIRCLE ( 'NONE', #2225, 37.49900000000000944 ) ;
#5475 = CIRCLE ( 'NONE', #4426, 15.99999999999999822 ) ;
#5476 = DIRECTION ( 'NONE',  ( 0.000000000000000000, 0.000000000000000000, 1.000000000000000000 ) ) ;
#5477 = CIRCLE ( 'NONE', #3695, 6.250000000000001776 ) ;
#5478 = ORIENTED_EDGE ( 'NONE', *, *, #3353, .T. ) ;
#5479 = ORIENTED_EDGE ( 'NONE', *, *, #917, .F. ) ;
#5480 = DIRECTION ( 'NONE',  ( -1.000000000000000000, 0.000000000000000000, 0.000000000000000000 ) ) ;
#5481 = VECTOR ( 'NONE', #522, 1000.000000000000000 ) ;
#5482 = CIRCLE ( 'NONE', #2867, 42.00000000000000000 ) ;
#5483 = DATE_AND_TIME ( #5114, #5679 ) ;
#5484 = DIRECTION ( 'NONE',  ( 0.000000000000000000, 0.000000000000000000, -1.000000000000000000 ) ) ;
#5485 = FACE_OUTER_BOUND ( 'NONE', #4328, .T. ) ;
#5486 = ADVANCED_FACE ( 'NONE', ( #1958 ), #4951, .T. ) ;
#5487 = CARTESIAN_POINT ( 'NONE',  ( 0.000000000000000000, -35.38097989696503021, -12.42422080174676147 ) ) ;
#5488 = ORIENTED_EDGE ( 'NONE', *, *, #3602, .T. ) ;
#5489 = CIRCLE ( 'NONE', #4755, 42.00000000000000000 ) ;
#5490 = VECTOR ( 'NONE', #2724, 1000.000000000000000 ) ;
#5491 = ORIENTED_EDGE ( 'NONE', *, *, #5127, .F. ) ;
#5492 = CYLINDRICAL_SURFACE ( 'NONE', #2964, 2.399999999999999023 ) ;
#5493 = DIRECTION ( 'NONE',  ( 0.000000000000000000, 0.000000000000000000, 1.000000000000000000 ) ) ;
#5494 = DIRECTION ( 'NONE',  ( -1.000000000000000000, 0.000000000000000000, 0.000000000000000000 ) ) ;
#5495 = CARTESIAN_POINT ( 'NONE',  ( 7.000000000000000888, -35.47612816024507509, -22.48208911017539435 ) ) ;
#5496 = EDGE_CURVE ( 'NONE', #1634, #1550, #880, .T. ) ;
#5497 = EDGE_LOOP ( 'NONE', ( #5640, #125, #6249, #4627 ) ) ;
#5499 = ORIENTED_EDGE ( 'NONE', *, *, #2294, .T. ) ;
#5498 = ORIENTED_EDGE ( 'NONE', *, *, #4160, .F. ) ;
#5500 = DIRECTION ( 'NONE',  ( 0.000000000000000000, 0.000000000000000000, 1.000000000000000000 ) ) ;
#5501 = FACE_OUTER_BOUND ( 'NONE', #3964, .T. ) ;
#5502 = EDGE_CURVE ( 'NONE', #5018, #744, #6481, .T. ) ;
#5504 = ORIENTED_EDGE ( 'NONE', *, *, #3213, .F. ) ;
#5503 = VERTEX_POINT ( 'NONE', #3040 ) ;
#5505 = ADVANCED_FACE ( 'NONE', ( #488 ), #518, .T. ) ;
#5506 = VECTOR ( 'NONE', #2727, 1000.000000000000000 ) ;
#5507 = DIRECTION ( 'NONE',  ( -1.000000000000000000, -0.000000000000000000, 0.000000000000000000 ) ) ;
#5508 = DIRECTION ( 'NONE',  ( 0.000000000000000000, 0.9510565162951544194, -0.3090169943749447867 ) ) ;
#5509 = ORIENTED_EDGE ( 'NONE', *, *, #6510, .T. ) ;
#5510 = ORIENTED_EDGE ( 'NONE', *, *, #4886, .T. ) ;
#5511 = CARTESIAN_POINT ( 'NONE',  ( 7.000000000000000888, -33.80338159004296017, 16.23288003029484727 ) ) ;
#5512 = SHAPE_DEFINITION_REPRESENTATION ( #686, #6108 ) ;
#5513 = DIRECTION ( 'NONE',  ( 0.000000000000000000, -0.9876883405951361050, -0.1564344650402419989 ) ) ;
#5514 = CARTESIAN_POINT ( 'NONE',  ( 0.000000000000000000, 27.13269053701132094, -25.88420570971372570 ) ) ;
#5515 = DIRECTION ( 'NONE',  ( -1.000000000000000000, 0.000000000000000000, 0.000000000000000000 ) ) ;
#5516 = AXIS2_PLACEMENT_3D ( 'NONE', #3094, #2494, #6131 ) ;
#5517 = ORIENTED_EDGE ( 'NONE', *, *, #3855, .F. ) ;
#5518 = EDGE_CURVE ( 'NONE', #4697, #3192, #3535, .T. ) ;
#5519 = ORIENTED_EDGE ( 'NONE', *, *, #5100, .F. ) ;
#5520 = CARTESIAN_POINT ( 'NONE',  ( -4.000050800000000351, 41.91543099594818500, 0.000000000000000000 ) ) ;
#5521 = EDGE_CURVE ( 'NONE', #1826, #583, #1413, .T. ) ;
#5522 = LINE ( 'NONE', #2100, #3777 ) ;
#5523 = AXIS2_PLACEMENT_3D ( 'NONE', #4780, #5205, #6295 ) ;
#5524 = CARTESIAN_POINT ( 'NONE',  ( 0.000000000000000000, -30.00120703465189465, -22.64427369931200928 ) ) ;
#5525 = CARTESIAN_POINT ( 'NONE',  ( 7.000000000000000888, -27.05870788708212515, -26.08949754953052746 ) ) ;
#5526 = VERTEX_POINT ( 'NONE', #2516 ) ;
#5528 = ORIENTED_EDGE ( 'NONE', *, *, #4462, .T. ) ;
#5527 = ORIENTED_EDGE ( 'NONE', *, *, #1567, .T. ) ;
#5529 = EDGE_CURVE ( 'NONE', #3480, #77, #2026, .T. ) ;
#5530 = CYLINDRICAL_SURFACE ( 'NONE', #445, 16.00000000000000000 ) ;
#5531 = EDGE_CURVE ( 'NONE', #4628, #2924, #1619, .T. ) ;
#5532 = DIRECTION ( 'NONE',  ( 0.000000000000000000, 0.000000000000000000, 1.000000000000000000 ) ) ;
#5533 = CARTESIAN_POINT ( 'NONE',  ( 7.000000000000000888, -33.17418723428294669, -17.67226234102862392 ) ) ;
#5534 = CARTESIAN_POINT ( 'NONE',  ( -10.00000000000000000, 0.000000000000000000, 0.000000000000000000 ) ) ;
#5536 = ORIENTED_EDGE ( 'NONE', *, *, #4687, .T. ) ;
#5535 = ORIENTED_EDGE ( 'NONE', *, *, #1781, .T. ) ;
#5537 = EDGE_CURVE ( 'NONE', #840, #4061, #568, .T. ) ;
#5538 = CARTESIAN_POINT ( 'NONE',  ( -5.806930824561148619, 9.873850634473731347, 1.587344856246099667 ) ) ;
#5539 = DIRECTION ( 'NONE',  ( 0.000000000000000000, 0.000000000000000000, 1.000000000000000000 ) ) ;
#5540 = ORIENTED_EDGE ( 'NONE', *, *, #3177, .T. ) ;
#5541 = ORIENTED_EDGE ( 'NONE', *, *, #6296, .T. ) ;
#5542 = ADVANCED_FACE ( 'NONE', ( #3184 ), #2127, .T. ) ;
#5543 = CARTESIAN_POINT ( 'NONE',  ( 7.000000000000000000, 0.000000000000000000, 0.000000000000000000 ) ) ;
#5544 = CALENDAR_DATE ( 2025, 3, 10 ) ;
#5545 = DIRECTION ( 'NONE',  ( 0.000000000000000000, 0.000000000000000000, 1.000000000000000000 ) ) ;
#5546 = CIRCLE ( 'NONE', #4187, 16.00000000000000000 ) ;
#5547 = CARTESIAN_POINT ( 'NONE',  ( 7.000000000000000888, -17.67226234102800930, -33.17418723428326643 ) ) ;
#5548 = FACE_OUTER_BOUND ( 'NONE', #1030, .T. ) ;
#5549 = VERTEX_POINT ( 'NONE', #1152 ) ;
#5550 = DIRECTION ( 'NONE',  ( -1.000000000000000000, 0.000000000000000000, 0.000000000000000000 ) ) ;
#5551 = VERTEX_POINT ( 'NONE', #2657 ) ;
#5552 = CARTESIAN_POINT ( 'NONE',  ( 7.000000000000000888, -4.992566952384716927, -37.16516213103282951 ) ) ;
#5553 = CARTESIAN_POINT ( 'NONE',  ( 7.000000000000000888, -30.84782396557233142, 21.32104025579104345 ) ) ;
#5554 = AXIS2_PLACEMENT_3D ( 'NONE', #2839, #2777, #3859 ) ;
#5555 = AXIS2_PLACEMENT_3D ( 'NONE', #6293, #739, #1211 ) ;
#5556 = CARTESIAN_POINT ( 'NONE',  ( 7.000000000000000888, -30.84782396557201878, -21.32104025579148399 ) ) ;
#5557 = CARTESIAN_POINT ( 'NONE',  ( 3.500000000000001332, 40.68715046381929312, 10.41901085202091792 ) ) ;
#5558 = CARTESIAN_POINT ( 'NONE',  ( 7.000000000000000888, 0.000000000000000000, 0.000000000000000000 ) ) ;
#5559 = VERTEX_POINT ( 'NONE', #4264 ) ;
#5560 = EDGE_LOOP ( 'NONE', ( #3673, #5961, #3363, #6352 ) ) ;
#5561 = CARTESIAN_POINT ( 'NONE',  ( 0.000000000000000000, 0.000000000000000000, 0.000000000000000000 ) ) ;
#5562 = DIRECTION ( 'NONE',  ( -1.000000000000000000, -0.000000000000000000, 0.000000000000000000 ) ) ;
#5563 = DIRECTION ( 'NONE',  ( -1.000000000000000000, 0.000000000000000000, 0.000000000000000000 ) ) ;
#5564 = CARTESIAN_POINT ( 'NONE',  ( 7.000000000000000888, -16.45098606841102651, -33.79645857604530335 ) ) ;
#5565 = LOCAL_TIME ( 22, 0, 11.00000000000000000, #1091 ) ;
#5566 = EDGE_CURVE ( 'NONE', #4370, #5790, #6452, .T. ) ;
#5567 = EDGE_CURVE ( 'NONE', #2695, #2044, #3398, .T. ) ;
#5569 = ORIENTED_EDGE ( 'NONE', *, *, #4693, .T. ) ;
#5568 = VERTEX_POINT ( 'NONE', #3707 ) ;
#5570 = VECTOR ( 'NONE', #4105, 1000.000000000000000 ) ;
#5571 = CIRCLE ( 'NONE', #3265, 15.99999999999999822 ) ;
#5572 = AXIS2_PLACEMENT_3D ( 'NONE', #6294, #2308, #6330 ) ;
#5573 = CARTESIAN_POINT ( 'NONE',  ( -6.276898932809269027, 9.970988290990300484, -0.7749423256234371227 ) ) ;
#5574 = EDGE_CURVE ( 'NONE', #943, #5734, #782, .T. ) ;
#5575 = FACE_OUTER_BOUND ( 'NONE', #3049, .T. ) ;
#5576 = VECTOR ( 'NONE', #5300, 1000.000000000000000 ) ;
#5577 = ORIENTED_EDGE ( 'NONE', *, *, #3700, .F. ) ;
#5578 = VERTEX_POINT ( 'NONE', #5647 ) ;
#5579 = DIRECTION ( 'NONE',  ( -1.000000000000000000, 0.000000000000000000, -0.000000000000000000 ) ) ;
#5580 = PERSON_AND_ORGANIZATION ( #4357, #2203 ) ;
#5581 = DIRECTION ( 'NONE',  ( -1.000000000000000000, -0.000000000000000000, 0.000000000000000000 ) ) ;
#5582 = AXIS2_PLACEMENT_3D ( 'NONE', #4289, #316, #2880 ) ;
#5583 = AXIS2_PLACEMENT_3D ( 'NONE', #2719, #5789, #2754 ) ;
#5584 = AXIS2_PLACEMENT_3D ( 'NONE', #4551, #1528, #3099 ) ;
#5585 = CARTESIAN_POINT ( 'NONE',  ( 0.000000000000000000, -27.13269053701078448, -25.88420570971428702 ) ) ;
#5586 = ADVANCED_FACE ( 'NONE', ( #1223 ), #2222, .T. ) ;
#5587 = DIRECTION ( 'NONE',  ( -1.000000000000000000, 0.000000000000000000, 0.000000000000000000 ) ) ;
#5588 = ORIENTED_EDGE ( 'NONE', *, *, #2556, .F. ) ;
#5589 = CARTESIAN_POINT ( 'NONE',  ( 7.000000000000000888, 12.42422080174639021, 35.38097989696516521 ) ) ;
#5590 = AXIS2_PLACEMENT_3D ( 'NONE', #4829, #6360, #6484 ) ;
#5591 = VERTEX_POINT ( 'NONE', #658 ) ;
#5592 = AXIS2_PLACEMENT_3D ( 'NONE', #3946, #4836, #341 ) ;
#5593 = CARTESIAN_POINT ( 'NONE',  ( 7.000000000000000888, -15.48615015657556881, -39.04073710021360455 ) ) ;
#5594 = CARTESIAN_POINT ( 'NONE',  ( 0.000000000000000000, -15.48615015657557059, -39.04073710021360455 ) ) ;
#5595 = DIRECTION ( 'NONE',  ( -1.000000000000000000, -0.000000000000000000, -0.000000000000000000 ) ) ;
#5596 = CARTESIAN_POINT ( 'NONE',  ( 7.000000000000000888, -32.34446384429951138, -26.79245525562750530 ) ) ;
#5597 = EDGE_CURVE ( 'NONE', #3364, #3295, #2550, .T. ) ;
#5598 = AXIS2_PLACEMENT_3D ( 'NONE', #5754, #5152, #5787 ) ;
#5599 = DIRECTION ( 'NONE',  ( 0.000000000000000000, 0.000000000000000000, 1.000000000000000000 ) ) ;
#5600 = EDGE_LOOP ( 'NONE', ( #3810, #400, #3267, #6467 ) ) ;
#5601 = EDGE_LOOP ( 'NONE', ( #6498, #6014, #4256, #199 ) ) ;
#5602 = LINE ( 'NONE', #4586, #2334 ) ;
#5603 = AXIS2_PLACEMENT_3D ( 'NONE', #4135, #5188, #3147 ) ;
#5604 = AXIS2_PLACEMENT_3D ( 'NONE', #4838, #1968, #1850 ) ;
#5605 = CYLINDRICAL_SURFACE ( 'NONE', #1159, 42.00000000000000000 ) ;
#5606 = LINE ( 'NONE', #5638, #4420 ) ;
#5607 = DIRECTION ( 'NONE',  ( -1.000000000000000000, 0.000000000000000000, 0.000000000000000000 ) ) ;
#5609 = VERTEX_POINT ( 'NONE', #722 ) ;
#5608 = EDGE_LOOP ( 'NONE', ( #3482, #5624, #4513, #5069 ) ) ;
#5610 = EDGE_CURVE ( 'NONE', #4386, #943, #1099, .T. ) ;
#5611 = EDGE_CURVE ( 'NONE', #4883, #4164, #2452, .T. ) ;
#5612 = CARTESIAN_POINT ( 'NONE',  ( -4.000050800000000351, 9.707728879609284434, -2.399999999999999023 ) ) ;
#5613 = CARTESIAN_POINT ( 'NONE',  ( 0.000000000000000000, 0.000000000000000000, 0.000000000000000000 ) ) ;
#5614 = CIRCLE ( 'NONE', #3721, 42.00000000000000000 ) ;
#5615 = ORIENTED_EDGE ( 'NONE', *, *, #5992, .T. ) ;
#5616 = VERTEX_POINT ( 'NONE', #2158 ) ;
#5617 = DIRECTION ( 'NONE',  ( -1.000000000000000000, 0.000000000000000000, 0.000000000000000000 ) ) ;
#5618 = EDGE_CURVE ( 'NONE', #6391, #5503, #2686, .T. ) ;
#5619 = AXIS2_PLACEMENT_3D ( 'NONE', #2200, #5262, #1298 ) ;
#5620 = PERSON_AND_ORGANIZATION_ROLE ( 'creator' ) ;
#5621 = DIRECTION ( 'NONE',  ( -1.000000000000000000, 0.000000000000000000, 0.000000000000000000 ) ) ;
#5622 = DIRECTION ( 'NONE',  ( -1.000000000000000000, 0.000000000000000000, -0.000000000000000000 ) ) ;
#5623 = DIRECTION ( 'NONE',  ( 1.000000000000000000, -0.000000000000000000, 0.000000000000000000 ) ) ;
#5624 = ORIENTED_EDGE ( 'NONE', *, *, #2294, .F. ) ;
#5625 = CYLINDRICAL_SURFACE ( 'NONE', #119, 16.00000000000000000 ) ;
#5626 = EDGE_LOOP ( 'NONE', ( #3833, #468 ) ) ;
#5627 = DIRECTION ( 'NONE',  ( 0.000000000000000000, 0.000000000000000000, -1.000000000000000000 ) ) ;
#5628 = ADVANCED_FACE ( 'NONE', ( #1189 ), #1122, .T. ) ;
#5629 = DIRECTION ( 'NONE',  ( -1.000000000000000000, 0.000000000000000000, -0.000000000000000000 ) ) ;
#5630 = DIRECTION ( 'NONE',  ( -1.000000000000000000, 0.000000000000000000, -0.000000000000000000 ) ) ;
#5631 = DIRECTION ( 'NONE',  ( 0.000000000000000000, 0.000000000000000000, 1.000000000000000000 ) ) ;
#5632 = CARTESIAN_POINT ( 'NONE',  ( -10.00000000000000000, 0.000000000000000000, 0.000000000000000000 ) ) ;
#5633 = ORIENTED_EDGE ( 'NONE', *, *, #5207, .F. ) ;
#5634 = ORIENTED_EDGE ( 'NONE', *, *, #2741, .T. ) ;
#5635 = AXIS2_PLACEMENT_3D ( 'NONE', #5525, #5659, #5064 ) ;
#5636 = DIRECTION ( 'NONE',  ( -1.000000000000000000, -0.000000000000000000, -0.000000000000000000 ) ) ;
#5637 = CYLINDRICAL_SURFACE ( 'NONE', #2931, 16.00000000000000000 ) ;
#5638 = CARTESIAN_POINT ( 'NONE',  ( 3.500000000000000444, -21.40280677340397730, 36.13751322684410638 ) ) ;
#5639 = CARTESIAN_POINT ( 'NONE',  ( 0.000000000000000000, 1.224646799147353256E-15, 10.00000000000000000 ) ) ;
#5641 = ORIENTED_EDGE ( 'NONE', *, *, #653, .F. ) ;
#5640 = ORIENTED_EDGE ( 'NONE', *, *, #309, .T. ) ;
#5642 = DIRECTION ( 'NONE',  ( -1.000000000000000000, 0.000000000000000000, 0.000000000000000000 ) ) ;
#5643 = EDGE_CURVE ( 'NONE', #1196, #3534, #3293, .T. ) ;
#5644 = DIRECTION ( 'NONE',  ( 0.000000000000000000, 0.000000000000000000, 1.000000000000000000 ) ) ;
#5645 = ORIENTED_EDGE ( 'NONE', *, *, #1017, .F. ) ;
#5646 = ORIENTED_EDGE ( 'NONE', *, *, #4909, .F. ) ;
#5647 = CARTESIAN_POINT ( 'NONE',  ( 7.000000000000000888, 27.75498641678742473, 31.52238457039609898 ) ) ;
#5648 = DIRECTION ( 'NONE',  ( -1.000000000000000000, -0.000000000000000000, 0.000000000000000000 ) ) ;
#5649 = DIRECTION ( 'NONE',  ( 0.000000000000000000, 0.000000000000000000, 1.000000000000000000 ) ) ;
#5650 = DIRECTION ( 'NONE',  ( -1.000000000000000000, 0.000000000000000000, 0.000000000000000000 ) ) ;
#5651 = EDGE_CURVE ( 'NONE', #6433, #3431, #1313, .T. ) ;
#5652 = EDGE_CURVE ( 'NONE', #84, #1008, #2134, .T. ) ;
#5653 = VERTEX_POINT ( 'NONE', #2619 ) ;
#5654 = ORIENTED_EDGE ( 'NONE', *, *, #4480, .F. ) ;
#5655 = ORIENTED_EDGE ( 'NONE', *, *, #1222, .T. ) ;
#5656 = DIRECTION ( 'NONE',  ( 0.000000000000000000, 0.000000000000000000, 1.000000000000000000 ) ) ;
#5657 = DIRECTION ( 'NONE',  ( 0.000000000000000000, 0.000000000000000000, -1.000000000000000000 ) ) ;
#5658 = CARTESIAN_POINT ( 'NONE',  ( 7.000000000000000888, -10.74501242461308159, 35.92658777277507909 ) ) ;
#5659 = DIRECTION ( 'NONE',  ( -1.000000000000000000, 0.000000000000000000, 0.000000000000000000 ) ) ;
#5660 = CARTESIAN_POINT ( 'NONE',  ( 7.000000000000000888, -33.80338159004273280, -16.23288003029533044 ) ) ;
#5661 = ADVANCED_FACE ( 'NONE', ( #5249 ), #754, .T. ) ;
#5662 = ORIENTED_EDGE ( 'NONE', *, *, #3006, .F. ) ;
#5663 = CIRCLE ( 'NONE', #5978, 16.00000000000000355 ) ;
#5664 = CIRCLE ( 'NONE', #4619, 16.00000000000000000 ) ;
#5665 = CARTESIAN_POINT ( 'NONE',  ( 7.000000000000000888, -37.58145647212454321, 0.6853352020789026389 ) ) ;
#5666 = CARTESIAN_POINT ( 'NONE',  ( 4.000000000000000000, 2.649999999999999911, -1.406236111042524106 ) ) ;
#5667 = DIRECTION ( 'NONE',  ( -1.000000000000000000, -0.000000000000000000, -0.000000000000000000 ) ) ;
#5668 = DIRECTION ( 'NONE',  ( -1.000000000000000000, 0.000000000000000000, 0.000000000000000000 ) ) ;
#5669 = AXIS2_PLACEMENT_3D ( 'NONE', #1006, #1500, #3461 ) ;
#5670 = CIRCLE ( 'NONE', #2937, 16.00000000000000355 ) ;
#5671 = ADVANCED_FACE ( 'NONE', ( #262 ), #322, .T. ) ;
#5673 = ORIENTED_EDGE ( 'NONE', *, *, #3612, .T. ) ;
#5672 = ORIENTED_EDGE ( 'NONE', *, *, #917, .T. ) ;
#5674 = LOCAL_TIME ( 22, 0, 11.00000000000000000, #1388 ) ;
#5675 = DIRECTION ( 'NONE',  ( 0.000000000000000000, 0.5877852522924684742, 0.8090169943749506709 ) ) ;
#5676 = CIRCLE ( 'NONE', #3676, 16.00000000000000000 ) ;
#5677 = EDGE_CURVE ( 'NONE', #4981, #3234, #5287, .T. ) ;
#5678 = FACE_OUTER_BOUND ( 'NONE', #5749, .T. ) ;
#5679 = LOCAL_TIME ( 22, 0, 11.00000000000000000, #3114 ) ;
#5680 = EDGE_LOOP ( 'NONE', ( #4989, #6148, #1925, #976 ) ) ;
#5681 = CIRCLE ( 'NONE', #4835, 37.49900000000000944 ) ;
#5682 = ORIENTED_EDGE ( 'NONE', *, *, #5323, .F. ) ;
#5683 = DIRECTION ( 'NONE',  ( 0.000000000000000000, 0.000000000000000000, 1.000000000000000000 ) ) ;
#5684 = CIRCLE ( 'NONE', #1696, 16.00000000000000000 ) ;
#5685 = CARTESIAN_POINT ( 'NONE',  ( 0.000000000000000000, 37.58145647212453611, 0.6853352020791733112 ) ) ;
#5686 = CIRCLE ( 'NONE', #4318, 42.00000000000000000 ) ;
#5687 = CARTESIAN_POINT ( 'NONE',  ( 7.000000000000000888, 21.53537804866081373, 30.80686688397017647 ) ) ;
#5688 = ORIENTED_EDGE ( 'NONE', *, *, #512, .F. ) ;
#5689 = ORIENTED_EDGE ( 'NONE', *, *, #6241, .F. ) ;
#5690 = ORIENTED_EDGE ( 'NONE', *, *, #3255, .T. ) ;
#5691 = DIRECTION ( 'NONE',  ( 0.000000000000000000, 0.8090169943749487835, -0.5877852522924713607 ) ) ;
#5692 = CIRCLE ( 'NONE', #1293, 16.00000000000000000 ) ;
#5693 = AXIS2_PLACEMENT_3D ( 'NONE', #2371, #1873, #3877 ) ;
#5694 = DIRECTION ( 'NONE',  ( -1.000000000000000000, 0.000000000000000000, 0.000000000000000000 ) ) ;
#5695 = DIRECTION ( 'NONE',  ( -1.000000000000000000, 0.000000000000000000, -0.000000000000000000 ) ) ;
#5696 = ADVANCED_FACE ( 'NONE', ( #3865 ), #5821, .T. ) ;
#5697 = DIRECTION ( 'NONE',  ( 0.000000000000000000, 0.000000000000000000, -1.000000000000000000 ) ) ;
#5698 = CARTESIAN_POINT ( 'NONE',  ( -10.00000000000000000, 0.000000000000000000, 0.000000000000000000 ) ) ;
#5699 = CIRCLE ( 'NONE', #3698, 16.00000000000000000 ) ;
#5700 = CIRCLE ( 'NONE', #1603, 16.00000000000000355 ) ;
#5701 = CIRCLE ( 'NONE', #3380, 15.99999999999999822 ) ;
#5702 = VERTEX_POINT ( 'NONE', #4393 ) ;
#5703 = DIRECTION ( 'NONE',  ( 0.000000000000000000, 0.000000000000000000, -1.000000000000000000 ) ) ;
#5704 = CARTESIAN_POINT ( 'NONE',  ( 0.000000000000000000, 0.000000000000000000, 0.000000000000000000 ) ) ;
#5705 = DIRECTION ( 'NONE',  ( -1.000000000000000000, 0.000000000000000000, 0.000000000000000000 ) ) ;
#5706 = EDGE_CURVE ( 'NONE', #2625, #2252, #6090, .T. ) ;
#5707 = CIRCLE ( 'NONE', #1302, 16.00000000000000000 ) ;
#5708 = CARTESIAN_POINT ( 'NONE',  ( 0.000000000000000000, 0.000000000000000000, 0.000000000000000000 ) ) ;
#5710 = ORIENTED_EDGE ( 'NONE', *, *, #5378, .F. ) ;
#5709 = ORIENTED_EDGE ( 'NONE', *, *, #291, .F. ) ;
#5711 = VECTOR ( 'NONE', #3376, 1000.000000000000000 ) ;
#5712 = AXIS2_PLACEMENT_3D ( 'NONE', #1898, #825, #2395 ) ;
#5713 = EDGE_CURVE ( 'NONE', #230, #589, #889, .T. ) ;
#5714 = AXIS2_PLACEMENT_3D ( 'NONE', #1061, #5062, #1103 ) ;
#5715 = CARTESIAN_POINT ( 'NONE',  ( 0.000000000000000000, -22.64427369931147638, -30.00120703465229610 ) ) ;
#5716 = CYLINDRICAL_SURFACE ( 'NONE', #1594, 37.49900000000000233 ) ;
#5717 = VERTEX_POINT ( 'NONE', #789 ) ;
#5718 = CYLINDRICAL_SURFACE ( 'NONE', #3990, 42.00000000000000000 ) ;
#5719 = CARTESIAN_POINT ( 'NONE',  ( 0.000000000000000000, 0.000000000000000000, 0.000000000000000000 ) ) ;
#5720 = EDGE_CURVE ( 'NONE', #2933, #6177, #1890, .T. ) ;
#5721 = PERSON_AND_ORGANIZATION_ROLE ( 'classification_officer' ) ;
#5722 = CYLINDRICAL_SURFACE ( 'NONE', #4230, 16.00000000000000000 ) ;
#5723 = CARTESIAN_POINT ( 'NONE',  ( 0.000000000000000000, 37.01155633439058334, 6.555932627142546210 ) ) ;
#5724 = ORIENTED_EDGE ( 'NONE', *, *, #5531, .F. ) ;
#5725 = ORIENTED_EDGE ( 'NONE', *, *, #5240, .T. ) ;
#5726 = ORIENTED_EDGE ( 'NONE', *, *, #2384, .F. ) ;
#5727 = CIRCLE ( 'NONE', #2884, 42.00000000000000000 ) ;
#5728 = CARTESIAN_POINT ( 'NONE',  ( 7.000000000000000888, 0.000000000000000000, 0.000000000000000000 ) ) ;
#5729 = CARTESIAN_POINT ( 'NONE',  ( 0.000000000000000000, -29.81001611431024045, 22.74946021919122430 ) ) ;
#5730 = DIRECTION ( 'NONE',  ( 0.000000000000000000, 0.000000000000000000, 1.000000000000000000 ) ) ;
#5731 = CARTESIAN_POINT ( 'NONE',  ( 0.000000000000000000, 31.52238457039637609, -27.75498641678709077 ) ) ;
#5732 = CYLINDRICAL_SURFACE ( 'NONE', #2533, 16.00000000000000000 ) ;
#5733 = CC_DESIGN_PERSON_AND_ORGANIZATION_ASSIGNMENT ( #164, #5721, ( #4833 ) ) ;
#5734 = VERTEX_POINT ( 'NONE', #3900 ) ;
#5735 = EDGE_CURVE ( 'NONE', #2673, #4660, #1283, .T. ) ;
#5736 = DIRECTION ( 'NONE',  ( -1.000000000000000000, 0.000000000000000000, -0.000000000000000000 ) ) ;
#5737 = FACE_OUTER_BOUND ( 'NONE', #3155, .T. ) ;
#5738 = DIRECTION ( 'NONE',  ( 0.000000000000000000, 0.000000000000000000, 1.000000000000000000 ) ) ;
#5739 = DIRECTION ( 'NONE',  ( -1.000000000000000000, 0.000000000000000000, 0.000000000000000000 ) ) ;
#5740 = EDGE_CURVE ( 'NONE', #1435, #4660, #4191, .T. ) ;
#5741 = VECTOR ( 'NONE', #3126, 1000.000000000000000 ) ;
#5743 = EDGE_LOOP ( 'NONE', ( #3686, #1724, #3097, #1096 ) ) ;
#5742 = ORIENTED_EDGE ( 'NONE', *, *, #4702, .F. ) ;
#5744 = EDGE_CURVE ( 'NONE', #3879, #2933, #6298, .T. ) ;
#5745 = AXIS2_PLACEMENT_3D ( 'NONE', #836, #1213, #4220 ) ;
#5746 = FACE_OUTER_BOUND ( 'NONE', #3931, .T. ) ;
#5747 = DIRECTION ( 'NONE',  ( 0.000000000000000000, 0.1564344650402311188, -0.9876883405951376593 ) ) ;
#5749 = EDGE_LOOP ( 'NONE', ( #3932, #4862 ) ) ;
#5748 = DIRECTION ( 'NONE',  ( 1.000000000000000000, 0.000000000000000000, 0.000000000000000000 ) ) ;
#5750 = EDGE_CURVE ( 'NONE', #6376, #4505, #104, .T. ) ;
#5751 = DIRECTION ( 'NONE',  ( -1.000000000000000000, -0.000000000000000000, -0.000000000000000000 ) ) ;
#5752 = DIRECTION ( 'NONE',  ( -1.000000000000000000, -0.000000000000000000, 0.000000000000000000 ) ) ;
#5753 = CALENDAR_DATE ( 2025, 3, 10 ) ;
#5754 = CARTESIAN_POINT ( 'NONE',  ( 7.000000000000000888, 22.64427369931211587, -30.00120703465181293 ) ) ;
#5755 = DIRECTION ( 'NONE',  ( 1.000000000000000000, 0.000000000000000000, 0.000000000000000000 ) ) ;
#5756 = ORIENTED_EDGE ( 'NONE', *, *, #5618, .T. ) ;
#5757 = ORIENTED_EDGE ( 'NONE', *, *, #319, .F. ) ;
#5758 = VERTEX_POINT ( 'NONE', #3410 ) ;
#5759 = DIRECTION ( 'NONE',  ( -1.000000000000000000, -0.000000000000000000, 0.000000000000000000 ) ) ;
#5760 = CYLINDRICAL_SURFACE ( 'NONE', #4312, 37.49900000000000233 ) ;
#5761 = LINE ( 'NONE', #674, #5506 ) ;
#5762 =( REPRESENTATION_RELATIONSHIP ('NONE','NONE', #6108, #5216 ) REPRESENTATION_RELATIONSHIP_WITH_TRANSFORMATION ( #1768 )SHAPE_REPRESENTATION_RELATIONSHIP( ) );
#5763 = DIRECTION ( 'NONE',  ( 0.000000000000000000, -0.8090169943749403458, -0.5877852522924830181 ) ) ;
#5764 = CARTESIAN_POINT ( 'NONE',  ( 0.000000000000000000, 32.34446384429970323, 26.79245525562727082 ) ) ;
#5765 = EDGE_CURVE ( 'NONE', #138, #3120, #1976, .T. ) ;
#5766 = ORIENTED_EDGE ( 'NONE', *, *, #2592, .F. ) ;
#5767 = CIRCLE ( 'NONE', #4914, 42.00000000000000000 ) ;
#5768 = CARTESIAN_POINT ( 'NONE',  ( 7.000000000000000888, 25.88420570971400991, 27.13269053701105449 ) ) ;
#5769 = FACE_OUTER_BOUND ( 'NONE', #5854, .T. ) ;
#5770 = DIRECTION ( 'NONE',  ( -1.000000000000000000, -0.000000000000000000, -0.000000000000000000 ) ) ;
#5771 = CARTESIAN_POINT ( 'NONE',  ( 7.000000000000000888, 9.188173127307301513, 40.98264845739753071 ) ) ;
#5773 = ORIENTED_EDGE ( 'NONE', *, *, #1416, .F. ) ;
#5772 = ORIENTED_EDGE ( 'NONE', *, *, #1475, .T. ) ;
#5774 = VECTOR ( 'NONE', #3084, 1000.000000000000000 ) ;
#5775 = DIRECTION ( 'NONE',  ( 0.000000000000000000, 0.000000000000000000, 1.000000000000000000 ) ) ;
#5776 = CIRCLE ( 'NONE', #1673, 37.49900000000001654 ) ;
#5777 = EDGE_CURVE ( 'NONE', #3870, #303, #2360, .T. ) ;
#5778 = LOCAL_TIME ( 22, 0, 11.00000000000000000, #2223 ) ;
#5779 = FACE_OUTER_BOUND ( 'NONE', #2798, .T. ) ;
#5780 = CARTESIAN_POINT ( 'NONE',  ( 0.000000000000000000, 35.53030884539084866, 12.26510123303271627 ) ) ;
#5782 = VERTEX_POINT ( 'NONE', #5315 ) ;
#5781 = ORIENTED_EDGE ( 'NONE', *, *, #3170, .F. ) ;
#5783 = AXIS2_PLACEMENT_3D ( 'NONE', #6129, #4044, #1102 ) ;
#5784 = DIRECTION ( 'NONE',  ( -1.000000000000000000, 0.000000000000000000, -0.000000000000000000 ) ) ;
#5785 = LINE ( 'NONE', #2783, #737 ) ;
#5786 = ADVANCED_FACE ( 'NONE', ( #1767 ), #1801, .T. ) ;
#5787 = DIRECTION ( 'NONE',  ( 0.000000000000000000, -0.4539904997395351471, -0.8910065241883738940 ) ) ;
#5788 = AXIS2_PLACEMENT_3D ( 'NONE', #2568, #40, #1553 ) ;
#5789 = DIRECTION ( 'NONE',  ( 1.000000000000000000, 0.000000000000000000, 0.000000000000000000 ) ) ;
#5790 = VERTEX_POINT ( 'NONE', #4790 ) ;
#5791 = ORIENTED_EDGE ( 'NONE', *, *, #2474, .F. ) ;
#5792 = VERTEX_POINT ( 'NONE', #3277 ) ;
#5793 = DIRECTION ( 'NONE',  ( 1.000000000000000000, 0.000000000000000000, 0.000000000000000000 ) ) ;
#5794 = DIRECTION ( 'NONE',  ( -1.000000000000000000, 0.000000000000000000, 0.000000000000000000 ) ) ;
#5795 = DIRECTION ( 'NONE',  ( -1.000000000000000000, 0.000000000000000000, -0.000000000000000000 ) ) ;
#5796 = EDGE_CURVE ( 'NONE', #5818, #1964, #3771, .T. ) ;
#5797 = DIRECTION ( 'NONE',  ( -1.000000000000000000, 0.000000000000000000, 0.000000000000000000 ) ) ;
#5798 = CARTESIAN_POINT ( 'NONE',  ( 7.000000000000000888, 0.000000000000000000, 0.000000000000000000 ) ) ;
#5799 = ORIENTED_EDGE ( 'NONE', *, *, #1222, .F. ) ;
#5800 = VECTOR ( 'NONE', #5986, 1000.000000000000000 ) ;
#5801 = LINE ( 'NONE', #3655, #1811 ) ;
#5802 = CYLINDRICAL_SURFACE ( 'NONE', #6308, 42.00000000000000000 ) ;
#5803 = DIRECTION ( 'NONE',  ( 0.000000000000000000, 0.000000000000000000, 1.000000000000000000 ) ) ;
#5804 = EDGE_CURVE ( 'NONE', #294, #5436, #5785, .T. ) ;
#5805 = DIRECTION ( 'NONE',  ( 0.000000000000000000, -0.8910065241883722287, 0.4539904997395382558 ) ) ;
#5806 = CIRCLE ( 'NONE', #2955, 16.00000000000000000 ) ;
#5807 = AXIS2_PLACEMENT_3D ( 'NONE', #578, #2108, #2575 ) ;
#5809 = ORIENTED_EDGE ( 'NONE', *, *, #4035, .T. ) ;
#5808 = ORIENTED_EDGE ( 'NONE', *, *, #4286, .F. ) ;
#5810 = VECTOR ( 'NONE', #1299, 1000.000000000000000 ) ;
#5811 = CIRCLE ( 'NONE', #21, 42.00000000000000000 ) ;
#5812 = DIRECTION ( 'NONE',  ( 0.000000000000000000, -0.9876883405951361050, -0.1564344650402419989 ) ) ;
#5813 = DIRECTION ( 'NONE',  ( -1.000000000000000000, -0.000000000000000000, -0.000000000000000000 ) ) ;
#5814 = VECTOR ( 'NONE', #5007, 1000.000000000000000 ) ;
#5815 = VECTOR ( 'NONE', #3346, 1000.000000000000000 ) ;
#5816 = EDGE_CURVE ( 'NONE', #4796, #6404, #1835, .T. ) ;
#5818 = VERTEX_POINT ( 'NONE', #2847 ) ;
#5817 = EDGE_LOOP ( 'NONE', ( #2409, #6353, #5863, #2194 ) ) ;
#5819 = LINE ( 'NONE', #3275, #5039 ) ;
#5820 = ADVANCED_FACE ( 'NONE', ( #4857 ), #360, .T. ) ;
#5821 = CYLINDRICAL_SURFACE ( 'NONE', #1266, 16.00000000000000000 ) ;
#5822 = AXIS2_PLACEMENT_3D ( 'NONE', #5113, #3243, #128 ) ;
#5823 = AXIS2_PLACEMENT_3D ( 'NONE', #6200, #4745, #3690 ) ;
#5824 = DIRECTION ( 'NONE',  ( -1.000000000000000000, 0.000000000000000000, 0.000000000000000000 ) ) ;
#5825 = DIRECTION ( 'NONE',  ( 1.000000000000000000, -0.000000000000000000, -0.000000000000000000 ) ) ;
#5826 = EDGE_LOOP ( 'NONE', ( #922, #3705, #4802, #3344 ) ) ;
#5827 = ORIENTED_EDGE ( 'NONE', *, *, #2474, .T. ) ;
#5828 = EDGE_LOOP ( 'NONE', ( #3520, #1318, #4809, #5835, #5855, #1130 ) ) ;
#5829 = EDGE_CURVE ( 'NONE', #1032, #840, #5979, .T. ) ;
#5830 = CYLINDRICAL_SURFACE ( 'NONE', #3601, 16.00000000000000000 ) ;
#5831 = CARTESIAN_POINT ( 'NONE',  ( 0.000000000000000000, 0.000000000000000000, 0.000000000000000000 ) ) ;
#5832 = LINE ( 'NONE', #1900, #3339 ) ;
#5833 = CARTESIAN_POINT ( 'NONE',  ( 7.000000000000000888, 12.42422080174688404, -35.38097989696498047 ) ) ;
#5834 = CARTESIAN_POINT ( 'NONE',  ( 3.500000000000001332, -3.925862922255855647, -41.81611651403866858 ) ) ;
#5835 = ORIENTED_EDGE ( 'NONE', *, *, #5006, .F. ) ;
#5836 = EDGE_CURVE ( 'NONE', #2291, #1865, #2641, .T. ) ;
#5837 = DIRECTION ( 'NONE',  ( -1.000000000000000000, 0.000000000000000000, -0.000000000000000000 ) ) ;
#5838 = DIRECTION ( 'NONE',  ( 0.000000000000000000, 0.000000000000000000, 1.000000000000000000 ) ) ;
#5839 = CARTESIAN_POINT ( 'NONE',  ( -5.285893815024326869, 2.207800236607057265, 2.034805073687024457 ) ) ;
#5840 = CIRCLE ( 'NONE', #3728, 42.00000000000000000 ) ;
#5841 = CARTESIAN_POINT ( 'NONE',  ( 3.500000000000001332, -2.663952781846440576, 41.91543099594817789 ) ) ;
#5843 = ORIENTED_EDGE ( 'NONE', *, *, #1363, .F. ) ;
#5842 = VERTEX_POINT ( 'NONE', #5666 ) ;
#5844 = EDGE_CURVE ( 'NONE', #3241, #577, #3028, .T. ) ;
#5845 = CARTESIAN_POINT ( 'NONE',  ( 0.000000000000000000, 0.000000000000000000, 0.000000000000000000 ) ) ;
#5846 = DIRECTION ( 'NONE',  ( 0.000000000000000000, -0.3090169943749349057, -0.9510565162951577500 ) ) ;
#5848 = ORIENTED_EDGE ( 'NONE', *, *, #2953, .F. ) ;
#5847 = ORIENTED_EDGE ( 'NONE', *, *, #4887, .F. ) ;
#5849 = CARTESIAN_POINT ( 'NONE',  ( 0.000000000000000000, -12.42422080174663712, 35.38097989696507994 ) ) ;
#5850 = CARTESIAN_POINT ( 'NONE',  ( 7.000000000000000888, 0.000000000000000000, 0.000000000000000000 ) ) ;
#5851 = AXIS2_PLACEMENT_3D ( 'NONE', #4905, #3427, #4353 ) ;
#5852 = CARTESIAN_POINT ( 'NONE',  ( 7.000000000000000888, 0.000000000000000000, 0.000000000000000000 ) ) ;
#5853 = CARTESIAN_POINT ( 'NONE',  ( -2.535690768623561020, 9.816705442556862948, -1.907928909499661874 ) ) ;
#5854 = EDGE_LOOP ( 'NONE', ( #1394, #6411, #1392, #6422 ) ) ;
#5855 = ORIENTED_EDGE ( 'NONE', *, *, #2229, .T. ) ;
#5856 = LINE ( 'NONE', #796, #678 ) ;
#5857 = MECHANICAL_CONTEXT ( 'NONE', #4534, 'mechanical' ) ;
#5858 = CARTESIAN_POINT ( 'NONE',  ( 7.000000000000000888, 26.08949754953062694, -27.05870788708203278 ) ) ;
#5859 = DIRECTION ( 'NONE',  ( 0.000000000000000000, 0.000000000000000000, -1.000000000000000000 ) ) ;
#5860 = EDGE_CURVE ( 'NONE', #218, #1008, #3247, .T. ) ;
#5861 = ADVANCED_FACE ( 'NONE', ( #1631 ), #5134, .T. ) ;
#5862 = CARTESIAN_POINT ( 'NONE',  ( 7.000000000000000888, 0.000000000000000000, 0.000000000000000000 ) ) ;
#5863 = ORIENTED_EDGE ( 'NONE', *, *, #733, .T. ) ;
#5864 = VERTEX_POINT ( 'NONE', #3523 ) ;
#5865 = CARTESIAN_POINT ( 'NONE',  ( -2.165436843724816374, 2.569085484612675607, 1.558716526025925919 ) ) ;
#5866 = CARTESIAN_POINT ( 'NONE',  ( 7.000000000000000888, -22.48208911017473710, -35.47612816024548721 ) ) ;
#5867 = CYLINDRICAL_SURFACE ( 'NONE', #5604, 16.00000000000000000 ) ;
#5868 = CARTESIAN_POINT ( 'NONE',  ( 0.000000000000000000, -31.52238457039619490, 27.75498641678731104 ) ) ;
#5869 = EDGE_CURVE ( 'NONE', #3647, #589, #5776, .T. ) ;
#5871 = ORIENTED_EDGE ( 'NONE', *, *, #2461, .T. ) ;
#5870 = ORIENTED_EDGE ( 'NONE', *, *, #3552, .T. ) ;
#5872 = DIRECTION ( 'NONE',  ( -1.000000000000000000, -0.000000000000000000, -0.000000000000000000 ) ) ;
#5873 = CARTESIAN_POINT ( 'NONE',  ( 7.000000000000000888, -40.68715046381921496, -10.41901085202120925 ) ) ;
#5874 = ADVANCED_FACE ( 'NONE', ( #3628 ), #5637, .T. ) ;
#5875 = CARTESIAN_POINT ( 'NONE',  ( 7.000000000000000888, -33.17418723428294669, -17.67226234102862392 ) ) ;
#5877 = EDGE_LOOP ( 'NONE', ( #5689, #4549, #4320, #5155 ) ) ;
#5876 = ORIENTED_EDGE ( 'NONE', *, *, #508, .T. ) ;
#5878 = AXIS2_PLACEMENT_3D ( 'NONE', #2905, #5970, #2385 ) ;
#5879 = VECTOR ( 'NONE', #1336, 1000.000000000000000 ) ;
#5880 = DIRECTION ( 'NONE',  ( 0.000000000000000000, 0.000000000000000000, 1.000000000000000000 ) ) ;
#5881 = EDGE_CURVE ( 'NONE', #5591, #217, #1070, .T. ) ;
#5882 = CARTESIAN_POINT ( 'NONE',  ( 7.000000000000000888, -35.38097989696520074, 12.42422080174625520 ) ) ;
#5883 = CYLINDRICAL_SURFACE ( 'NONE', #3680, 16.00000000000000000 ) ;
#5884 = AXIS2_PLACEMENT_3D ( 'NONE', #2411, #2936, #446 ) ;
#5885 = AXIS2_PLACEMENT_3D ( 'NONE', #5935, #1876, #5963 ) ;
#5886 = EDGE_LOOP ( 'NONE', ( #3441, #2874, #4313, #3982 ) ) ;
#5887 = ORIENTED_EDGE ( 'NONE', *, *, #394, .T. ) ;
#5888 = CARTESIAN_POINT ( 'NONE',  ( 4.000000000000000000, 0.000000000000000000, -6.250000000000001776 ) ) ;
#5889 = PERSON_AND_ORGANIZATION ( #4357, #2203 ) ;
#5890 =( GEOMETRIC_REPRESENTATION_CONTEXT ( 3 ) GLOBAL_UNCERTAINTY_ASSIGNED_CONTEXT ( ( #4739 ) ) GLOBAL_UNIT_ASSIGNED_CONTEXT ( ( #2335, #4341, #6415 ) ) REPRESENTATION_CONTEXT ( 'NONE', 'WORKASPACE' ) );
#5891 = CARTESIAN_POINT ( 'NONE',  ( 3.500000000000000444, 39.04073710021365429, -15.48615015657542848 ) ) ;
#5892 = CARTESIAN_POINT ( 'NONE',  ( 0.000000000000000000, 35.95386929396240561, 10.96151621346552929 ) ) ;
#5893 = DIRECTION ( 'NONE',  ( 0.000000000000000000, 0.000000000000000000, -1.000000000000000000 ) ) ;
#5894 = CIRCLE ( 'NONE', #957, 42.00000000000000000 ) ;
#5895 = EDGE_LOOP ( 'NONE', ( #5368, #5454, #1520, #1916 ) ) ;
#5896 = ORIENTED_EDGE ( 'NONE', *, *, #4028, .T. ) ;
#5897 = DIRECTION ( 'NONE',  ( 1.000000000000000000, -0.000000000000000000, -0.000000000000000000 ) ) ;
#5898 = EDGE_CURVE ( 'NONE', #577, #6042, #5664, .T. ) ;
#5899 = FACE_OUTER_BOUND ( 'NONE', #3625, .T. ) ;
#5900 = CARTESIAN_POINT ( 'NONE',  ( -4.000050800000000351, 1.800000000000002709, 2.399999999999999023 ) ) ;
#5901 = AXIS2_PLACEMENT_3D ( 'NONE', #2147, #2577, #1036 ) ;
#5902 = DIRECTION ( 'NONE',  ( -1.000000000000000000, -0.000000000000000000, 0.000000000000000000 ) ) ;
#5903 = AXIS2_PLACEMENT_3D ( 'NONE', #5862, #3847, #1963 ) ;
#5905 = ORIENTED_EDGE ( 'NONE', *, *, #2186, .F. ) ;
#5904 = ORIENTED_EDGE ( 'NONE', *, *, #429, .T. ) ;
#5906 = DIRECTION ( 'NONE',  ( -1.000000000000000000, 0.000000000000000000, 0.000000000000000000 ) ) ;
#5907 = VECTOR ( 'NONE', #2413, 1000.000000000000000 ) ;
#5908 = AXIS2_PLACEMENT_3D ( 'NONE', #3672, #4695, #3218 ) ;
#5909 = AXIS2_PLACEMENT_3D ( 'NONE', #969, #841, #4879 ) ;
#5910 = DIRECTION ( 'NONE',  ( -1.000000000000000000, 0.000000000000000000, -0.000000000000000000 ) ) ;
#5911 = CARTESIAN_POINT ( 'NONE',  ( 0.000000000000000000, -36.88895765772637247, 6.736453364083436313 ) ) ;
#5912 = CIRCLE ( 'NONE', #3066, 37.49900000000000944 ) ;
#5913 = CIRCLE ( 'NONE', #5908, 37.49900000000000944 ) ;
#5915 = ORIENTED_EDGE ( 'NONE', *, *, #4160, .T. ) ;
#5914 = ORIENTED_EDGE ( 'NONE', *, *, #2648, .T. ) ;
#5916 = CIRCLE ( 'NONE', #3279, 42.00000000000000000 ) ;
#5917 = EDGE_CURVE ( 'NONE', #3783, #4832, #5024, .T. ) ;
#5918 = CARTESIAN_POINT ( 'NONE',  ( 3.500000000000000444, -40.98264845739743123, -9.188173127307738497 ) ) ;
#5919 = VECTOR ( 'NONE', #946, 1000.000000000000000 ) ;
#5920 = AXIS2_PLACEMENT_3D ( 'NONE', #1542, #2558, #4983 ) ;
#5921 = CARTESIAN_POINT ( 'NONE',  ( 3.500000000000000444, 32.34446384429970323, 26.79245525562727082 ) ) ;
#5922 = DIRECTION ( 'NONE',  ( -1.000000000000000000, 0.000000000000000000, -0.000000000000000000 ) ) ;
#5923 = VERTEX_POINT ( 'NONE', #2145 ) ;
#5924 = VERTEX_POINT ( 'NONE', #4649 ) ;
#5925 = EDGE_CURVE ( 'NONE', #3381, #6399, #644, .T. ) ;
#5926 = AXIS2_PLACEMENT_3D ( 'NONE', #1089, #1987, #3081 ) ;
#5927 = CARTESIAN_POINT ( 'NONE',  ( 3.500000000000001332, -10.41901085202106714, 40.68715046381925049 ) ) ;
#5928 = PERSON_AND_ORGANIZATION ( #4357, #2203 ) ;
#5929 = DIRECTION ( 'NONE',  ( -1.000000000000000000, -0.000000000000000000, 0.000000000000000000 ) ) ;
#5930 = CARTESIAN_POINT ( 'NONE',  ( 7.000000000000000888, 0.8828120875900632436, 37.48860685352291000 ) ) ;
#5931 = DIRECTION ( 'NONE',  ( 0.000000000000000000, 0.4539904997395479702, -0.8910065241883673437 ) ) ;
#5932 = ORIENTED_EDGE ( 'NONE', *, *, #2768, .T. ) ;
#5933 = EDGE_LOOP ( 'NONE', ( #493, #117, #1845, #4422 ) ) ;
#5934 = CARTESIAN_POINT ( 'NONE',  ( 7.000000000000000888, 0.6853352020790414167, 37.58145647212453611 ) ) ;
#5935 = CARTESIAN_POINT ( 'NONE',  ( 7.000000000000000888, 0.000000000000000000, 0.000000000000000000 ) ) ;
#5936 = CARTESIAN_POINT ( 'NONE',  ( -5.834511853586649366, 2.568973267596632581, 1.558927994846973197 ) ) ;
#5937 = DIRECTION ( 'NONE',  ( -1.000000000000000000, 0.000000000000000000, 0.000000000000000000 ) ) ;
#5938 = EDGE_CURVE ( 'NONE', #1476, #3336, #7, .T. ) ;
#5940 = ORIENTED_EDGE ( 'NONE', *, *, #3997, .F. ) ;
#5939 = ORIENTED_EDGE ( 'NONE', *, *, #3886, .F. ) ;
#5941 = CARTESIAN_POINT ( 'NONE',  ( 0.000000000000000000, 0.000000000000000000, 0.000000000000000000 ) ) ;
#5942 = CIRCLE ( 'NONE', #1936, 15.99999999999999822 ) ;
#5943 = CARTESIAN_POINT ( 'NONE',  ( 7.000000000000000888, -10.74501242461308159, 35.92658777277507909 ) ) ;
#5944 = DIRECTION ( 'NONE',  ( -1.000000000000000000, 0.000000000000000000, 0.000000000000000000 ) ) ;
#5945 = ADVANCED_FACE ( 'NONE', ( #4052 ), #5605, .T. ) ;
#5947 = ORIENTED_EDGE ( 'NONE', *, *, #111, .T. ) ;
#5946 = ORIENTED_EDGE ( 'NONE', *, *, #2440, .T. ) ;
#5948 = DIRECTION ( 'NONE',  ( 1.000000000000000000, -0.000000000000000000, -0.000000000000000000 ) ) ;
#5949 = EDGE_CURVE ( 'NONE', #200, #2097, #1596, .T. ) ;
#5950 = CARTESIAN_POINT ( 'NONE',  ( -3.224129996884557148, 9.737615896047504549, -2.276546888813826275 ) ) ;
#5951 = ORIENTED_EDGE ( 'NONE', *, *, #5720, .F. ) ;
#5952 = CIRCLE ( 'NONE', #2796, 16.00000000000000355 ) ;
#5953 = VERTEX_POINT ( 'NONE', #6066 ) ;
#5954 = CARTESIAN_POINT ( 'NONE',  ( 3.500000000000000444, 31.52238457039600306, 27.75498641678753486 ) ) ;
#5955 = CYLINDRICAL_SURFACE ( 'NONE', #3969, 16.00000000000000000 ) ;
#5956 = CARTESIAN_POINT ( 'NONE',  ( 7.000000000000000888, -16.23288003029521320, 33.80338159004277543 ) ) ;
#5957 = AXIS2_PLACEMENT_3D ( 'NONE', #250, #5739, #4282 ) ;
#5958 = ADVANCED_FACE ( 'NONE', ( #2077 ), #2010, .T. ) ;
#5959 = CYLINDRICAL_SURFACE ( 'NONE', #1599, 6.250000000000001776 ) ;
#5960 = ORIENTED_EDGE ( 'NONE', *, *, #1305, .F. ) ;
#5961 = ORIENTED_EDGE ( 'NONE', *, *, #4484, .T. ) ;
#5962 = CARTESIAN_POINT ( 'NONE',  ( -3.499207517809933776, 1.866242050595485535, 2.349168545168517142 ) ) ;
#5963 = DIRECTION ( 'NONE',  ( 0.000000000000000000, 0.000000000000000000, 1.000000000000000000 ) ) ;
#5964 = FACE_OUTER_BOUND ( 'NONE', #6432, .T. ) ;
#5965 = DIRECTION ( 'NONE',  ( 0.000000000000000000, 0.1564344650402311188, -0.9876883405951376593 ) ) ;
#5966 = EDGE_CURVE ( 'NONE', #5997, #408, #6100, .T. ) ;
#5968 = EDGE_LOOP ( 'NONE', ( #1510, #1888, #3633, #407, #2280, #1943, #2481 ) ) ;
#5967 = ORIENTED_EDGE ( 'NONE', *, *, #1892, .T. ) ;
#5969 = LINE ( 'NONE', #3858, #2421 ) ;
#5970 = DIRECTION ( 'NONE',  ( -1.000000000000000000, 0.000000000000000000, 0.000000000000000000 ) ) ;
#5971 = DIRECTION ( 'NONE',  ( 0.000000000000000000, 0.000000000000000000, 1.000000000000000000 ) ) ;
#5973 = ORIENTED_EDGE ( 'NONE', *, *, #5251, .F. ) ;
#5972 = EDGE_LOOP ( 'NONE', ( #3324, #1454, #2005, #2193 ) ) ;
#5974 = EDGE_CURVE ( 'NONE', #170, #803, #611, .T. ) ;
#5975 = CARTESIAN_POINT ( 'NONE',  ( -4.630760558437605034, 9.723940412531097977, 2.336686148196248425 ) ) ;
#5976 = DIRECTION ( 'NONE',  ( 0.000000000000000000, 0.000000000000000000, 1.000000000000000000 ) ) ;
#5977 = ORIENTED_EDGE ( 'NONE', *, *, #3128, .F. ) ;
#5978 = AXIS2_PLACEMENT_3D ( 'NONE', #2159, #2355, #1857 ) ;
#5979 = CIRCLE ( 'NONE', #3452, 37.49900000000000233 ) ;
#5980 = ORIENTED_EDGE ( 'NONE', *, *, #4323, .T. ) ;
#5981 = CARTESIAN_POINT ( 'NONE',  ( 0.000000000000000000, -40.68715046381921496, -10.41901085202120747 ) ) ;
#5982 = PERSON_AND_ORGANIZATION ( #4357, #2203 ) ;
#5983 = CARTESIAN_POINT ( 'NONE',  ( 7.000000000000000888, 37.16516213103277977, 4.992566952385115719 ) ) ;
#5984 = CARTESIAN_POINT ( 'NONE',  ( 7.000000000000000888, 0.000000000000000000, 0.000000000000000000 ) ) ;
#5985 = AXIS2_PLACEMENT_3D ( 'NONE', #5704, #212, #2207 ) ;
#5986 = DIRECTION ( 'NONE',  ( -1.000000000000000000, 0.000000000000000000, -0.000000000000000000 ) ) ;
#5987 = LOCAL_TIME ( 22, 0, 11.00000000000000000, #6213 ) ;
#5988 = ORIENTED_EDGE ( 'NONE', *, *, #4693, .F. ) ;
#5989 = ORIENTED_EDGE ( 'NONE', *, *, #5610, .T. ) ;
#5990 = AXIS2_PLACEMENT_3D ( 'NONE', #6286, #3776, #6226 ) ;
#5991 = DIRECTION ( 'NONE',  ( -1.000000000000000000, 0.000000000000000000, 0.000000000000000000 ) ) ;
#5992 = EDGE_CURVE ( 'NONE', #6177, #217, #1367, .T. ) ;
#5993 = DIRECTION ( 'NONE',  ( -1.000000000000000000, -0.000000000000000000, 0.000000000000000000 ) ) ;
#5994 = DIRECTION ( 'NONE',  ( 0.000000000000000000, -1.000000000000000000, -1.040834085586084257E-14 ) ) ;
#5995 = CARTESIAN_POINT ( 'NONE',  ( 7.000000000000000888, 0.000000000000000000, 0.000000000000000000 ) ) ;
#5996 = LOCAL_TIME ( 22, 0, 11.00000000000000000, #6048 ) ;
#5998 = ORIENTED_EDGE ( 'NONE', *, *, #4167, .T. ) ;
#5997 = VERTEX_POINT ( 'NONE', #4218 ) ;
#5999 = FACE_OUTER_BOUND ( 'NONE', #3696, .T. ) ;
#6000 = CIRCLE ( 'NONE', #4211, 37.49900000000000233 ) ;
#6001 = EDGE_CURVE ( 'NONE', #4787, #959, #1306, .T. ) ;
#6002 = LINE ( 'NONE', #940, #5448 ) ;
#6003 = AXIS2_PLACEMENT_3D ( 'NONE', #3109, #1085, #123 ) ;
#6005 = ORIENTED_EDGE ( 'NONE', *, *, #2865, .F. ) ;
#6004 = ORIENTED_EDGE ( 'NONE', *, *, #3263, .T. ) ;
#6006 = VECTOR ( 'NONE', #1300, 1000.000000000000000 ) ;
#6007 = CARTESIAN_POINT ( 'NONE',  ( 7.000000000000000888, -25.88420570971419821, 27.13269053701087330 ) ) ;
#6008 = EDGE_CURVE ( 'NONE', #1228, #53, #2247, .T. ) ;
#6009 = AXIS2_PLACEMENT_3D ( 'NONE', #1203, #1779, #5163 ) ;
#6010 = AXIS2_PLACEMENT_3D ( 'NONE', #5154, #3574, #4039 ) ;
#6011 = DIRECTION ( 'NONE',  ( 0.000000000000000000, 0.000000000000000000, 1.000000000000000000 ) ) ;
#6012 = VECTOR ( 'NONE', #1785, 1000.000000000000000 ) ;
#6013 = EDGE_CURVE ( 'NONE', #2490, #4194, #308, .T. ) ;
#6014 = ORIENTED_EDGE ( 'NONE', *, *, #4369, .F. ) ;
#6015 = VERTEX_POINT ( 'NONE', #3753 ) ;
#6016 = DIRECTION ( 'NONE',  ( 0.000000000000000000, 0.4539904997395412534, 0.8910065241883706744 ) ) ;
#6017 = AXIS2_PLACEMENT_3D ( 'NONE', #6082, #1578, #3572 ) ;
#6018 = CIRCLE ( 'NONE', #3386, 15.99999999999999822 ) ;
#6019 = APPROVAL_DATE_TIME ( #4527, #5239 ) ;
#6020 = DIRECTION ( 'NONE',  ( 1.000000000000000000, -0.000000000000000000, -0.000000000000000000 ) ) ;
#6021 = CYLINDRICAL_SURFACE ( 'NONE', #2651, 37.49900000000000233 ) ;
#6022 = DIRECTION ( 'NONE',  ( -1.000000000000000000, -0.000000000000000000, -0.000000000000000000 ) ) ;
#6023 = ADVANCED_FACE ( 'NONE', ( #2307 ), #247, .T. ) ;
#6024 = ORIENTED_EDGE ( 'NONE', *, *, #5406, .T. ) ;
#6025 = CIRCLE ( 'NONE', #676, 42.00000000000000000 ) ;
#6026 = AXIS2_PLACEMENT_3D ( 'NONE', #270, #730, #4699 ) ;
#6027 = ORIENTED_EDGE ( 'NONE', *, *, #1584, .T. ) ;
#6028 = FACE_OUTER_BOUND ( 'NONE', #5560, .T. ) ;
#6029 = DIRECTION ( 'NONE',  ( 0.000000000000000000, 0.000000000000000000, -1.000000000000000000 ) ) ;
#6030 = DIRECTION ( 'NONE',  ( 0.000000000000000000, 0.000000000000000000, 1.000000000000000000 ) ) ;
#6031 = CARTESIAN_POINT ( 'NONE',  ( 0.000000000000000000, 0.000000000000000000, 0.000000000000000000 ) ) ;
#6032 = ADVANCED_FACE ( 'NONE', ( #1786 ), #1689, .T. ) ;
#6033 = ORIENTED_EDGE ( 'NONE', *, *, #1145, .F. ) ;
#6035 = ORIENTED_EDGE ( 'NONE', *, *, #2581, .T. ) ;
#6034 = VERTEX_POINT ( 'NONE', #3203 ) ;
#6036 = CARTESIAN_POINT ( 'NONE',  ( 7.000000000000000888, -37.22597642581160926, 5.202137450156262055 ) ) ;
#6037 = DIRECTION ( 'NONE',  ( 0.000000000000000000, 0.000000000000000000, 1.000000000000000000 ) ) ;
#6038 = DIRECTION ( 'NONE',  ( 0.000000000000000000, 0.000000000000000000, 1.000000000000000000 ) ) ;
#6039 = DIRECTION ( 'NONE',  ( -1.000000000000000000, -0.000000000000000000, -0.000000000000000000 ) ) ;
#6040 = ADVANCED_FACE ( 'NONE', ( #5737 ), #5802, .T. ) ;
#6042 = VERTEX_POINT ( 'NONE', #5303 ) ;
#6041 = ORIENTED_EDGE ( 'NONE', *, *, #5083, .T. ) ;
#6043 = DIRECTION ( 'NONE',  ( 0.000000000000000000, 0.000000000000000000, -1.000000000000000000 ) ) ;
#6044 = DIRECTION ( 'NONE',  ( 1.000000000000000000, -0.000000000000000000, 0.000000000000000000 ) ) ;
#6045 = ORIENTED_EDGE ( 'NONE', *, *, #1156, .F. ) ;
#6046 = ORIENTED_EDGE ( 'NONE', *, *, #1354, .T. ) ;
#6047 = DIRECTION ( 'NONE',  ( -1.000000000000000000, 0.000000000000000000, -0.000000000000000000 ) ) ;
#6048 = COORDINATED_UNIVERSAL_TIME_OFFSET ( 7, 0, .AHEAD. ) ;
#6049 = DIRECTION ( 'NONE',  ( -1.000000000000000000, -0.000000000000000000, 0.000000000000000000 ) ) ;
#6050 = CARTESIAN_POINT ( 'NONE',  ( 7.000000000000000888, 26.08949754953024325, 27.05870788708240937 ) ) ;
#6051 = CYLINDRICAL_SURFACE ( 'NONE', #5166, 16.00000000000000000 ) ;
#6052 = CIRCLE ( 'NONE', #3948, 16.00000000000000000 ) ;
#6053 = ORIENTED_EDGE ( 'NONE', *, *, #1802, .T. ) ;
#6054 = DIRECTION ( 'NONE',  ( -1.000000000000000000, -0.000000000000000000, -0.000000000000000000 ) ) ;
#6055 = ORIENTED_EDGE ( 'NONE', *, *, #5765, .F. ) ;
#6056 = DIRECTION ( 'NONE',  ( 0.000000000000000000, 0.3090169943749480619, -0.9510565162951533091 ) ) ;
#6057 = DIRECTION ( 'NONE',  ( 0.000000000000000000, 0.000000000000000000, 1.000000000000000000 ) ) ;
#6058 = ADVANCED_FACE ( 'NONE', ( #5769 ), #805, .T. ) ;
#6059 = CARTESIAN_POINT ( 'NONE',  ( 0.000000000000000000, -16.45098606841102651, -33.79645857604530335 ) ) ;
#6060 = EDGE_CURVE ( 'NONE', #4031, #6243, #523, .T. ) ;
#6061 = DIRECTION ( 'NONE',  ( 0.000000000000000000, 0.000000000000000000, 1.000000000000000000 ) ) ;
#6062 = ORIENTED_EDGE ( 'NONE', *, *, #3489, .F. ) ;
#6064 = EDGE_LOOP ( 'NONE', ( #4591, #3354, #6335, #6004 ) ) ;
#6063 = ORIENTED_EDGE ( 'NONE', *, *, #588, .T. ) ;
#6065 = CARTESIAN_POINT ( 'NONE',  ( -10.00000000000000000, 0.000000000000000000, 0.000000000000000000 ) ) ;
#6066 = CARTESIAN_POINT ( 'NONE',  ( 0.000000000000000000, 3.925862922256769583, -41.81611651403857621 ) ) ;
#6067 = FACE_OUTER_BOUND ( 'NONE', #6174, .T. ) ;
#6068 = EDGE_CURVE ( 'NONE', #6034, #2483, #1980, .T. ) ;
#6069 = FACE_OUTER_BOUND ( 'NONE', #310, .T. ) ;
#6071 = ORIENTED_EDGE ( 'NONE', *, *, #762, .F. ) ;
#6070 = EDGE_LOOP ( 'NONE', ( #6486, #6477, #736, #2781 ) ) ;
#6072 = EDGE_CURVE ( 'NONE', #5004, #3879, #948, .T. ) ;
#6073 = CIRCLE ( 'NONE', #87, 42.00000000000000000 ) ;
#6074 = CARTESIAN_POINT ( 'NONE',  ( -5.204572380499307371, 9.781319587027324403, 2.081755076555024342 ) ) ;
#6075 = CARTESIAN_POINT ( 'NONE',  ( 0.000000000000000000, -21.53537804866102690, 30.80686688397001660 ) ) ;
#6076 = ORIENTED_EDGE ( 'NONE', *, *, #1834, .T. ) ;
#6077 = VERTEX_POINT ( 'NONE', #2675 ) ;
#6078 = DIRECTION ( 'NONE',  ( -1.000000000000000000, -0.000000000000000000, -0.000000000000000000 ) ) ;
#6079 = ADVANCED_FACE ( 'NONE', ( #4678 ), #2703, .T. ) ;
#6080 = CALENDAR_DATE ( 2025, 3, 10 ) ;
#6081 = CARTESIAN_POINT ( 'NONE',  ( 7.000000000000000888, 36.88895765772633695, 6.736453364083687667 ) ) ;
#6082 = CARTESIAN_POINT ( 'NONE',  ( 0.000000000000000000, 0.000000000000000000, 0.000000000000000000 ) ) ;
#6083 = CYLINDRICAL_SURFACE ( 'NONE', #971, 16.00000000000000000 ) ;
#6084 = EDGE_LOOP ( 'NONE', ( #253, #1376, #1325, #2722 ) ) ;
#6085 = FACE_OUTER_BOUND ( 'NONE', #2654, .T. ) ;
#6086 = ORIENTED_EDGE ( 'NONE', *, *, #1637, .T. ) ;
#6087 = CARTESIAN_POINT ( 'NONE',  ( 7.000000000000000888, 16.45098606841173705, -33.79645857604495518 ) ) ;
#6088 = CARTESIAN_POINT ( 'NONE',  ( 7.000000000000000888, 0.000000000000000000, 0.000000000000000000 ) ) ;
#6089 = AXIS2_PLACEMENT_3D ( 'NONE', #1793, #6373, #6152 ) ;
#6090 = CIRCLE ( 'NONE', #5450, 16.00000000000000000 ) ;
#6091 = LINE ( 'NONE', #5556, #585 ) ;
#6092 = DIRECTION ( 'NONE',  ( -1.000000000000000000, -0.000000000000000000, 0.000000000000000000 ) ) ;
#6093 = DIRECTION ( 'NONE',  ( -1.000000000000000000, -0.000000000000000000, -0.000000000000000000 ) ) ;
#6094 = EDGE_CURVE ( 'NONE', #2180, #84, #2199, .T. ) ;
#6095 = ORIENTED_EDGE ( 'NONE', *, *, #6478, .T. ) ;
#6096 = AXIS2_PLACEMENT_3D ( 'NONE', #4963, #2897, #436 ) ;
#6097 = ORIENTED_EDGE ( 'NONE', *, *, #2338, .T. ) ;
#6098 = EDGE_CURVE ( 'NONE', #3440, #1474, #4928, .T. ) ;
#6099 = DIRECTION ( 'NONE',  ( -1.000000000000000000, 0.000000000000000000, 0.000000000000000000 ) ) ;
#6100 = LINE ( 'NONE', #3591, #4715 ) ;
#6101 = DIRECTION ( 'NONE',  ( -1.000000000000000000, -0.000000000000000000, 0.000000000000000000 ) ) ;
#6102 = DIRECTION ( 'NONE',  ( 0.000000000000000000, 0.9876883405951372152, 0.1564344650402347547 ) ) ;
#6103 = CC_DESIGN_SECURITY_CLASSIFICATION ( #5142, ( #3037 ) ) ;
#6105 = VERTEX_POINT ( 'NONE', #6237 ) ;
#6104 = ORIENTED_EDGE ( 'NONE', *, *, #2510, .F. ) ;
#6106 = AXIS2_PLACEMENT_3D ( 'NONE', #5019, #6125, #2096 ) ;
#6107 = EDGE_CURVE ( 'NONE', #2713, #1435, #3356, .T. ) ;
#6108 = SHAPE_REPRESENTATION ( 'Driver_Gear_Heat_Set', ( #6312, #6205 ), #5035 ) ;
#6109 = AXIS2_PLACEMENT_3D ( 'NONE', #1882, #5872, #443 ) ;
#6110 = CARTESIAN_POINT ( 'NONE',  ( -6.337386498764717047, 9.984444893740862526, 0.6298646319286769213 ) ) ;
#6111 = CARTESIAN_POINT ( 'NONE',  ( 0.000000000000000000, 26.08949754953024325, 27.05870788708240937 ) ) ;
#6112 = AXIS2_PLACEMENT_3D ( 'NONE', #5632, #6093, #3127 ) ;
#6113 = ORIENTED_EDGE ( 'NONE', *, *, #2368, .F. ) ;
#6114 = EDGE_CURVE ( 'NONE', #3565, #5609, #5233, .T. ) ;
#6115 = ORIENTED_EDGE ( 'NONE', *, *, #1055, .F. ) ;
#6116 = CARTESIAN_POINT ( 'NONE',  ( 7.000000000000000888, -21.32104025579135964, 30.84782396557210760 ) ) ;
#6117 = APPROVAL_DATE_TIME ( #2090, #383 ) ;
#6118 = DIRECTION ( 'NONE',  ( -1.000000000000000000, 0.000000000000000000, 0.000000000000000000 ) ) ;
#6119 = AXIS2_PLACEMENT_3D ( 'NONE', #2973, #4979, #482 ) ;
#6120 = CIRCLE ( 'NONE', #2434, 6.250000000000001776 ) ;
#6121 = CIRCLE ( 'NONE', #1296, 42.00000000000000000 ) ;
#6122 = CARTESIAN_POINT ( 'NONE',  ( 0.000000000000000000, -10.74501242461258244, -35.92658777277521409 ) ) ;
#6123 = LINE ( 'NONE', #3011, #5274 ) ;
#6124 = ORIENTED_EDGE ( 'NONE', *, *, #2152, .F. ) ;
#6125 = DIRECTION ( 'NONE',  ( -1.000000000000000000, 0.000000000000000000, 0.000000000000000000 ) ) ;
#6126 = ORIENTED_EDGE ( 'NONE', *, *, #5740, .T. ) ;
#6127 = CIRCLE ( 'NONE', #3595, 42.00000000000000000 ) ;
#6128 = CARTESIAN_POINT ( 'NONE',  ( -2.165589746413350447, 2.568973267596632137, -1.558927994846973419 ) ) ;
#6129 = CARTESIAN_POINT ( 'NONE',  ( 7.000000000000000888, -30.80686688397024398, 21.53537804866070715 ) ) ;
#6130 = CARTESIAN_POINT ( 'NONE',  ( -2.055185766122329838, 2.649999999999999911, -1.406236111042524106 ) ) ;
#6131 = DIRECTION ( 'NONE',  ( 0.000000000000000000, -0.1564344650402380854, 0.9876883405951365491 ) ) ;
#6132 = DIRECTION ( 'NONE',  ( 0.000000000000000000, 0.000000000000000000, 1.000000000000000000 ) ) ;
#6133 = AXIS2_PLACEMENT_3D ( 'NONE', #1867, #924, #2295 ) ;
#6134 = ORIENTED_EDGE ( 'NONE', *, *, #5713, .F. ) ;
#6135 = VERTEX_POINT ( 'NONE', #1457 ) ;
#6136 = DIRECTION ( 'NONE',  ( 0.000000000000000000, 0.000000000000000000, 1.000000000000000000 ) ) ;
#6137 = AXIS2_PLACEMENT_3D ( 'NONE', #5204, #4708, #2248 ) ;
#6138 = DIRECTION ( 'NONE',  ( 0.000000000000000000, 0.000000000000000000, -1.000000000000000000 ) ) ;
#6139 = CC_DESIGN_PERSON_AND_ORGANIZATION_ASSIGNMENT ( #3008, #1543, ( #2838 ) ) ;
#6140 = CARTESIAN_POINT ( 'NONE',  ( -8.000050800000000351, 0.000000000000000000, 3.000000000000000888 ) ) ;
#6141 = DIRECTION ( 'NONE',  ( -1.000000000000000000, 0.000000000000000000, 0.000000000000000000 ) ) ;
#6143 = ORIENTED_EDGE ( 'NONE', *, *, #6445, .F. ) ;
#6142 = ORIENTED_EDGE ( 'NONE', *, *, #932, .F. ) ;
#6144 = ADVANCED_FACE ( 'NONE', ( #4410 ), #2345, .F. ) ;
#6145 = EDGE_CURVE ( 'NONE', #2525, #6034, #3450, .T. ) ;
#6146 = CARTESIAN_POINT ( 'NONE',  ( 7.000000000000000888, -35.38097989696520074, 12.42422080174625520 ) ) ;
#6147 = CARTESIAN_POINT ( 'NONE',  ( 7.000000000000000888, -16.65560815589438803, 38.55633173627005306 ) ) ;
#6148 = ORIENTED_EDGE ( 'NONE', *, *, #3802, .F. ) ;
#6149 = ORIENTED_EDGE ( 'NONE', *, *, #4826, .T. ) ;
#6150 = DIRECTION ( 'NONE',  ( 0.000000000000000000, 0.3090169943749412340, 0.9510565162951556406 ) ) ;
#6151 = AXIS2_PLACEMENT_3D ( 'NONE', #3778, #4209, #1202 ) ;
#6152 = DIRECTION ( 'NONE',  ( 0.000000000000000000, 0.4539904997395479702, -0.8910065241883673437 ) ) ;
#6153 = EDGE_CURVE ( 'NONE', #4918, #4883, #6410, .T. ) ;
#6154 = CARTESIAN_POINT ( 'NONE',  ( 7.000000000000000888, -12.42422080174663712, 35.38097989696507994 ) ) ;
#6155 = DIRECTION ( 'NONE',  ( 1.000000000000000000, -0.000000000000000000, -0.000000000000000000 ) ) ;
#6156 = EDGE_LOOP ( 'NONE', ( #2357, #4824, #5799, #5967 ) ) ;
#6157 = PLANE ( 'NONE',  #4731 ) ;
#6158 = ORIENTED_EDGE ( 'NONE', *, *, #3597, .F. ) ;
#6159 = DIRECTION ( 'NONE',  ( 0.000000000000000000, 0.000000000000000000, 1.000000000000000000 ) ) ;
#6160 = CARTESIAN_POINT ( 'NONE',  ( 0.000000000000000000, 21.40280677340371795, 36.13751322684426270 ) ) ;
#6161 = LINE ( 'NONE', #4799, #4978 ) ;
#6162 = EDGE_CURVE ( 'NONE', #4455, #1436, #3145, .T. ) ;
#6163 = CYLINDRICAL_SURFACE ( 'NONE', #3521, 37.49900000000000233 ) ;
#6164 = CARTESIAN_POINT ( 'NONE',  ( 7.000000000000000888, -41.91543099594819921, 2.663952781846005369 ) ) ;
#6165 = EDGE_LOOP ( 'NONE', ( #5588, #501, #2126, #1066 ) ) ;
#6166 = ORIENTED_EDGE ( 'NONE', *, *, #5829, .F. ) ;
#6167 = AXIS2_PLACEMENT_3D ( 'NONE', #1729, #4186, #3729 ) ;
#6168 = DIRECTION ( 'NONE',  ( 1.000000000000000000, 0.000000000000000000, 0.000000000000000000 ) ) ;
#6169 = DIRECTION ( 'NONE',  ( 0.000000000000000000, 0.000000000000000000, 1.000000000000000000 ) ) ;
#6170 = DIRECTION ( 'NONE',  ( 0.000000000000000000, 0.000000000000000000, 1.000000000000000000 ) ) ;
#6171 = ADVANCED_FACE ( 'NONE', ( #3975 ), #4470, .T. ) ;
#6172 = CYLINDRICAL_SURFACE ( 'NONE', #313, 16.00000000000000000 ) ;
#6174 = EDGE_LOOP ( 'NONE', ( #2343, #5335, #2051, #2087 ) ) ;
#6173 = ORIENTED_EDGE ( 'NONE', *, *, #2071, .F. ) ;
#6175 = LINE ( 'NONE', #3701, #1393 ) ;
#6176 = CYLINDRICAL_SURFACE ( 'NONE', #5040, 16.00000000000000000 ) ;
#6177 = VERTEX_POINT ( 'NONE', #2927 ) ;
#6178 = VERTEX_POINT ( 'NONE', #3883 ) ;
#6179 = EDGE_CURVE ( 'NONE', #5609, #3598, #421, .T. ) ;
#6180 = DIRECTION ( 'NONE',  ( 1.000000000000000000, -0.000000000000000000, -0.000000000000000000 ) ) ;
#6181 = DATE_AND_TIME ( #4136, #3157 ) ;
#6182 = CARTESIAN_POINT ( 'NONE',  ( 7.000000000000000888, 0.000000000000000000, 0.000000000000000000 ) ) ;
#6183 = DIRECTION ( 'NONE',  ( 0.000000000000000000, 0.4539904997395479702, -0.8910065241883673437 ) ) ;
#6184 = DIRECTION ( 'NONE',  ( -1.000000000000000000, 0.000000000000000000, -0.000000000000000000 ) ) ;
#6185 = CIRCLE ( 'NONE', #3545, 16.00000000000000000 ) ;
#6186 = VERTEX_POINT ( 'NONE', #1848 ) ;
#6187 = ORIENTED_EDGE ( 'NONE', *, *, #4323, .F. ) ;
#6188 = ORIENTED_EDGE ( 'NONE', *, *, #5938, .F. ) ;
#6189 = ADVANCED_FACE ( 'NONE', ( #5899 ), #2960, .T. ) ;
#6190 = DIRECTION ( 'NONE',  ( 0.000000000000000000, 0.000000000000000000, 1.000000000000000000 ) ) ;
#6191 = CYLINDRICAL_SURFACE ( 'NONE', #5990, 37.49900000000000233 ) ;
#6192 = DIRECTION ( 'NONE',  ( -1.000000000000000000, 0.000000000000000000, 0.000000000000000000 ) ) ;
#6193 = DIRECTION ( 'NONE',  ( -1.000000000000000000, -0.000000000000000000, 0.000000000000000000 ) ) ;
#6194 = DIRECTION ( 'NONE',  ( 1.000000000000000000, -0.000000000000000000, 0.000000000000000000 ) ) ;
#6195 = VERTEX_POINT ( 'NONE', #5866 ) ;
#6196 = EDGE_CURVE ( 'NONE', #3430, #53, #2623, .T. ) ;
#6197 = VECTOR ( 'NONE', #775, 1000.000000000000000 ) ;
#6198 = CARTESIAN_POINT ( 'NONE',  ( 0.000000000000000000, 0.000000000000000000, 0.000000000000000000 ) ) ;
#6199 = CARTESIAN_POINT ( 'NONE',  ( 0.000000000000000000, 22.64427369931211587, -30.00120703465181293 ) ) ;
#6200 = CARTESIAN_POINT ( 'NONE',  ( 7.000000000000000888, 0.000000000000000000, 0.000000000000000000 ) ) ;
#6201 = CARTESIAN_POINT ( 'NONE',  ( 7.000000000000000888, 37.22597642581157373, 10.79786254984347238 ) ) ;
#6202 = AXIS2_PLACEMENT_3D ( 'NONE', #4389, #5467, #2476 ) ;
#6204 = ORIENTED_EDGE ( 'NONE', *, *, #598, .T. ) ;
#6203 = VERTEX_POINT ( 'NONE', #906 ) ;
#6205 = AXIS2_PLACEMENT_3D ( 'NONE', #6358, #463, #2462 ) ;
#6206 = CARTESIAN_POINT ( 'NONE',  ( 7.000000000000000888, 21.53537804866126137, -30.80686688396985318 ) ) ;
#6207 = AXIS2_PLACEMENT_3D ( 'NONE', #4636, #4142, #1618 ) ;
#6208 = DIRECTION ( 'NONE',  ( 0.000000000000000000, 0.000000000000000000, 1.000000000000000000 ) ) ;
#6209 = ORIENTED_EDGE ( 'NONE', *, *, #284, .T. ) ;
#6210 = DIRECTION ( 'NONE',  ( 0.000000000000000000, 0.9510565162951544194, -0.3090169943749446757 ) ) ;
#6211 = DIRECTION ( 'NONE',  ( 0.000000000000000000, 0.000000000000000000, 1.000000000000000000 ) ) ;
#6212 = CIRCLE ( 'NONE', #1386, 42.00000000000000000 ) ;
#6213 = COORDINATED_UNIVERSAL_TIME_OFFSET ( 7, 0, .AHEAD. ) ;
#6214 = EDGE_CURVE ( 'NONE', #200, #6404, #1470, .T. ) ;
#6215 = CYLINDRICAL_SURFACE ( 'NONE', #3286, 16.00000000000000000 ) ;
#6216 = VECTOR ( 'NONE', #3078, 1000.000000000000000 ) ;
#6217 = EDGE_CURVE ( 'NONE', #3480, #4304, #216, .T. ) ;
#6218 = DIRECTION ( 'NONE',  ( -1.000000000000000000, -0.000000000000000000, 0.000000000000000000 ) ) ;
#6219 = EDGE_LOOP ( 'NONE', ( #4406, #2394, #4173, #787 ) ) ;
#6220 = ORIENTED_EDGE ( 'NONE', *, *, #6241, .T. ) ;
#6221 = EDGE_LOOP ( 'NONE', ( #5510, #5312, #5766, #2444 ) ) ;
#6222 = LINE ( 'NONE', #2668, #5490 ) ;
#6223 = AXIS2_PLACEMENT_3D ( 'NONE', #3369, #286, #4324 ) ;
#6224 = CIRCLE ( 'NONE', #15, 16.00000000000000000 ) ;
#6225 = CIRCLE ( 'NONE', #1192, 16.00000000000000000 ) ;
#6226 = DIRECTION ( 'NONE',  ( 0.000000000000000000, 0.000000000000000000, 1.000000000000000000 ) ) ;
#6227 = DIRECTION ( 'NONE',  ( 0.000000000000000000, 0.5877852522924741363, -0.8090169943749465631 ) ) ;
#6228 = CARTESIAN_POINT ( 'NONE',  ( 7.000000000000000888, 10.74501242461282757, 35.92658777277515014 ) ) ;
#6229 = ADVANCED_FACE ( 'NONE', ( #3424 ), #2402, .F. ) ;
#6230 = EDGE_CURVE ( 'NONE', #6451, #6270, #2870, .T. ) ;
#6231 = FACE_OUTER_BOUND ( 'NONE', #2636, .T. ) ;
#6232 = AXIS2_PLACEMENT_3D ( 'NONE', #3477, #2092, #3010 ) ;
#6233 = VECTOR ( 'NONE', #6314, 1000.000000000000000 ) ;
#6234 = VECTOR ( 'NONE', #3423, 1000.000000000000000 ) ;
#6235 = ORIENTED_EDGE ( 'NONE', *, *, #6497, .F. ) ;
#6236 = LINE ( 'NONE', #210, #2958 ) ;
#6237 = CARTESIAN_POINT ( 'NONE',  ( 7.000000000000000888, 35.38097989696512968, 12.42422080174651100 ) ) ;
#6238 = CARTESIAN_POINT ( 'NONE',  ( 7.000000000000000888, 35.92658777277511462, 10.74501242461295014 ) ) ;
#6239 = AXIS2_PLACEMENT_3D ( 'NONE', #763, #5793, #1775 ) ;
#6240 = CYLINDRICAL_SURFACE ( 'NONE', #1237, 37.49900000000000233 ) ;
#6241 = EDGE_CURVE ( 'NONE', #218, #432, #635, .T. ) ;
#6243 = VERTEX_POINT ( 'NONE', #471 ) ;
#6242 = EDGE_LOOP ( 'NONE', ( #1972, #1904, #3314, #2707 ) ) ;
#6244 = AXIS2_PLACEMENT_3D ( 'NONE', #6206, #3238, #4658 ) ;
#6245 = AXIS2_PLACEMENT_3D ( 'NONE', #1668, #5752, #4235 ) ;
#6246 = EDGE_CURVE ( 'NONE', #5436, #2663, #2509, .T. ) ;
#6247 = FACE_OUTER_BOUND ( 'NONE', #1965, .T. ) ;
#6248 = CYLINDRICAL_SURFACE ( 'NONE', #6424, 42.00000000000000000 ) ;
#6249 = ORIENTED_EDGE ( 'NONE', *, *, #1989, .T. ) ;
#6250 = CARTESIAN_POINT ( 'NONE',  ( 7.000000000000000888, 16.23288003029543347, -33.80338159004267595 ) ) ;
#6251 = DIRECTION ( 'NONE',  ( -1.000000000000000000, 0.000000000000000000, 0.000000000000000000 ) ) ;
#6252 = CARTESIAN_POINT ( 'NONE',  ( 7.000000000000000888, -12.26510123303234145, -35.53030884539097656 ) ) ;
#6253 = LINE ( 'NONE', #4793, #6233 ) ;
#6254 = EDGE_LOOP ( 'NONE', ( #3559, #1369, #1825, #4730 ) ) ;
#6255 = VERTEX_POINT ( 'NONE', #1939 ) ;
#6256 = VERTEX_POINT ( 'NONE', #933 ) ;
#6257 = VECTOR ( 'NONE', #3748, 1000.000000000000000 ) ;
#6258 = CARTESIAN_POINT ( 'NONE',  ( 0.000000000000000000, -40.98264845739755913, 9.188173127307168286 ) ) ;
#6259 = DIRECTION ( 'NONE',  ( 0.000000000000000000, 0.000000000000000000, -1.000000000000000000 ) ) ;
#6260 = DIRECTION ( 'NONE',  ( 0.000000000000000000, 0.9876883405951382144, -0.1564344650402276493 ) ) ;
#6261 = DIRECTION ( 'NONE',  ( 0.000000000000000000, -0.5877852522924624790, -0.8090169943749550008 ) ) ;
#6262 = DIRECTION ( 'NONE',  ( -1.000000000000000000, -0.000000000000000000, -0.000000000000000000 ) ) ;
#6263 = ORIENTED_EDGE ( 'NONE', *, *, #54, .T. ) ;
#6264 = ADVANCED_FACE ( 'NONE', ( #2437 ), #1490, .T. ) ;
#6265 = CARTESIAN_POINT ( 'NONE',  ( 0.000000000000000000, 37.58145647212453611, 16.68533520207917675 ) ) ;
#6266 = EDGE_CURVE ( 'NONE', #4981, #1826, #4300, .T. ) ;
#6267 = DIRECTION ( 'NONE',  ( -1.000000000000000000, -0.000000000000000000, -0.000000000000000000 ) ) ;
#6268 = FACE_OUTER_BOUND ( 'NONE', #691, .T. ) ;
#6269 = LINE ( 'NONE', #1338, #4686 ) ;
#6271 = VERTEX_POINT ( 'NONE', #1623 ) ;
#6270 = VERTEX_POINT ( 'NONE', #3124 ) ;
#6272 = CIRCLE ( 'NONE', #5422, 16.00000000000000000 ) ;
#6273 = DIRECTION ( 'NONE',  ( -1.000000000000000000, 0.000000000000000000, 0.000000000000000000 ) ) ;
#6274 = DIRECTION ( 'NONE',  ( -1.000000000000000000, 0.000000000000000000, 0.000000000000000000 ) ) ;
#6276 = ORIENTED_EDGE ( 'NONE', *, *, #3001, .T. ) ;
#6275 = DIRECTION ( 'NONE',  ( -1.000000000000000000, 0.000000000000000000, 0.000000000000000000 ) ) ;
#6277 = DIRECTION ( 'NONE',  ( -1.000000000000000000, -0.000000000000000000, -0.000000000000000000 ) ) ;
#6278 = EDGE_CURVE ( 'NONE', #4943, #5158, #994, .T. ) ;
#6279 = DIRECTION ( 'NONE',  ( -0.000000000000000000, -0.000000000000000000, -1.000000000000000000 ) ) ;
#6280 = CARTESIAN_POINT ( 'NONE',  ( 0.000000000000000000, 36.88895765772633695, 6.736453364083687667 ) ) ;
#6281 = CARTESIAN_POINT ( 'NONE',  ( 0.000000000000000000, -37.16516213103280108, 4.992566952384862589 ) ) ;
#6282 = VERTEX_POINT ( 'NONE', #4607 ) ;
#6283 = VERTEX_POINT ( 'NONE', #2037 ) ;
#6284 = EDGE_LOOP ( 'NONE', ( #3061, #6442, #3519, #3959 ) ) ;
#6285 = DIRECTION ( 'NONE',  ( -1.000000000000000000, 0.000000000000000000, 0.000000000000000000 ) ) ;
#6286 = CARTESIAN_POINT ( 'NONE',  ( 7.000000000000000888, 0.000000000000000000, 0.000000000000000000 ) ) ;
#6287 = CARTESIAN_POINT ( 'NONE',  ( 7.000000000000000888, 9.188173127307903698, -40.98264845739739570 ) ) ;
#6288 = FACE_OUTER_BOUND ( 'NONE', #2824, .T. ) ;
#6289 = CARTESIAN_POINT ( 'NONE',  ( 3.500000000000000444, -15.48615015657556881, -39.04073710021360455 ) ) ;
#6290 = ORIENTED_EDGE ( 'NONE', *, *, #5445, .F. ) ;
#6291 = AXIS2_PLACEMENT_3D ( 'NONE', #3388, #3815, #6416 ) ;
#6292 = DIRECTION ( 'NONE',  ( -1.000000000000000000, 0.000000000000000000, 0.000000000000000000 ) ) ;
#6293 = CARTESIAN_POINT ( 'NONE',  ( -10.00000000000000000, 0.000000000000000000, 0.000000000000000000 ) ) ;
#6294 = CARTESIAN_POINT ( 'NONE',  ( 7.000000000000000888, 0.000000000000000000, 0.000000000000000000 ) ) ;
#6295 = DIRECTION ( 'NONE',  ( 0.000000000000000000, 0.3090169943749414005, 0.9510565162951556406 ) ) ;
#6296 = EDGE_CURVE ( 'NONE', #1, #1474, #1052, .T. ) ;
#6297 = AXIS2_PLACEMENT_3D ( 'NONE', #6182, #4137, #3149 ) ;
#6298 = CIRCLE ( 'NONE', #6406, 16.00000000000000000 ) ;
#6300 = VERTEX_POINT ( 'NONE', #5124 ) ;
#6299 = ORIENTED_EDGE ( 'NONE', *, *, #1794, .T. ) ;
#6301 = AXIS2_PLACEMENT_3D ( 'NONE', #912, #5003, #2013 ) ;
#6302 = B_SPLINE_CURVE_WITH_KNOTS ( 'NONE', 3,
 ( #3837, #326, #2328, #5348, #5950, #3904, #4947, #5853, #1419, #2457, #6476, #6449, #1472, #1955, #2851, #4459, #4889, #3343, #854, #4861, #363, #5414, #5440, #1928, #1446, #6382, #893, #1864, #1382, #3379 ),
 .UNSPECIFIED., .F., .F.,
 ( 4, 2, 2, 2, 2, 2, 2, 2, 2, 2, 2, 2, 2, 2, 4 ),
 ( 0.000000000000000000, 0.0004706883361476324923, 0.0009413766722952649846, 0.001412065008442897314, 0.001882753344590529969, 0.002824130016885793761, 0.003294818353033425549, 0.003765506689181057336, 0.004236195025328688690, 0.004706883361476320478, 0.005648260033771584053, 0.006118948369919217575, 0.006589636706066849363, 0.007060325042214482885, 0.007531013378362114673 ),
 .UNSPECIFIED. ) ;
#6303 = CARTESIAN_POINT ( 'NONE',  ( 4.000000000000000000, 3.673940397442060361E-16, -3.000000000000000444 ) ) ;
#6304 = AXIS2_PLACEMENT_3D ( 'NONE', #1529, #3554, #6138 ) ;
#6305 = CYLINDRICAL_SURFACE ( 'NONE', #970, 37.49900000000000233 ) ;
#6307 = ORIENTED_EDGE ( 'NONE', *, *, #3838, .F. ) ;
#6306 = ORIENTED_EDGE ( 'NONE', *, *, #5744, .T. ) ;
#6308 = AXIS2_PLACEMENT_3D ( 'NONE', #3298, #6329, #2771 ) ;
#6309 = FACE_OUTER_BOUND ( 'NONE', #4684, .T. ) ;
#6310 = DIRECTION ( 'NONE',  ( -1.000000000000000000, 0.000000000000000000, 0.000000000000000000 ) ) ;
#6311 = DIRECTION ( 'NONE',  ( 0.000000000000000000, 0.000000000000000000, 1.000000000000000000 ) ) ;
#6312 = AXIS2_PLACEMENT_3D ( 'NONE', #5831, #1330, #2426 ) ;
#6313 = EDGE_CURVE ( 'NONE', #4621, #4782, #5522, .T. ) ;
#6314 = DIRECTION ( 'NONE',  ( -1.000000000000000000, 0.000000000000000000, -0.000000000000000000 ) ) ;
#6315 = EDGE_LOOP ( 'NONE', ( #2095, #780, #4788, #3730 ) ) ;
#6316 = ORIENTED_EDGE ( 'NONE', *, *, #5325, .F. ) ;
#6317 = VERTEX_POINT ( 'NONE', #3619 ) ;
#6318 = AXIS2_PLACEMENT_3D ( 'NONE', #4691, #5751, #5186 ) ;
#6319 = DIRECTION ( 'NONE',  ( -1.000000000000000000, -0.000000000000000000, 0.000000000000000000 ) ) ;
#6320 = DIRECTION ( 'NONE',  ( -1.000000000000000000, -0.000000000000000000, 0.000000000000000000 ) ) ;
#6321 = CARTESIAN_POINT ( 'NONE',  ( 7.000000000000000888, -36.13751322684404244, -21.40280677340410875 ) ) ;
#6322 = AXIS2_PLACEMENT_3D ( 'NONE', #5780, #1147, #2155 ) ;
#6323 = CYLINDRICAL_SURFACE ( 'NONE', #3593, 37.49900000000000233 ) ;
#6324 = ADVANCED_FACE ( 'NONE', ( #531 ), #1132, .T. ) ;
#6325 = CARTESIAN_POINT ( 'NONE',  ( 0.000000000000000000, 0.000000000000000000, 0.000000000000000000 ) ) ;
#6326 = VERTEX_POINT ( 'NONE', #2068 ) ;
#6327 = AXIS2_PLACEMENT_3D ( 'NONE', #1947, #3957, #5971 ) ;
#6328 = DIRECTION ( 'NONE',  ( -1.000000000000000000, -0.000000000000000000, 0.000000000000000000 ) ) ;
#6329 = DIRECTION ( 'NONE',  ( -1.000000000000000000, -0.000000000000000000, -0.000000000000000000 ) ) ;
#6330 = DIRECTION ( 'NONE',  ( 0.000000000000000000, 0.000000000000000000, 1.000000000000000000 ) ) ;
#6331 = CARTESIAN_POINT ( 'NONE',  ( 7.000000000000000888, 35.95386929396240561, 10.96151621346552929 ) ) ;
#6332 = AXIS2_PLACEMENT_3D ( 'NONE', #4138, #594, #2561 ) ;
#6333 = AXIS2_PLACEMENT_3D ( 'NONE', #5393, #901, #398 ) ;
#6334 = AXIS2_PLACEMENT_3D ( 'NONE', #911, #3432, #5432 ) ;
#6336 = VERTEX_POINT ( 'NONE', #6160 ) ;
#6335 = ORIENTED_EDGE ( 'NONE', *, *, #2638, .T. ) ;
#6337 = APPROVAL ( #1424, 'UNSPECIFIED' ) ;
#6338 = VECTOR ( 'NONE', #1993, 1000.000000000000000 ) ;
#6339 = CIRCLE ( 'NONE', #4227, 16.00000000000000000 ) ;
#6340 = CARTESIAN_POINT ( 'NONE',  ( -10.00000000000000000, 0.000000000000000000, 0.000000000000000000 ) ) ;
#6341 = CYLINDRICAL_SURFACE ( 'NONE', #4221, 42.00000000000000000 ) ;
#6342 = VECTOR ( 'NONE', #5473, 1000.000000000000000 ) ;
#6343 = AXIS2_PLACEMENT_3D ( 'NONE', #1650, #141, #5656 ) ;
#6345 = EDGE_LOOP ( 'NONE', ( #5887, #2887, #1001, #1493 ) ) ;
#6344 = ORIENTED_EDGE ( 'NONE', *, *, #5966, .F. ) ;
#6346 = DIRECTION ( 'NONE',  ( 0.000000000000000000, 0.7071067811865437980, 0.7071067811865512365 ) ) ;
#6347 = DIRECTION ( 'NONE',  ( -1.000000000000000000, -0.000000000000000000, 0.000000000000000000 ) ) ;
#6348 = EDGE_CURVE ( 'NONE', #4188, #6336, #5670, .T. ) ;
#6349 = ADVANCED_FACE ( 'NONE', ( #1522 ), #5094, .T. ) ;
#6350 = DIRECTION ( 'NONE',  ( 0.000000000000000000, 0.000000000000000000, 1.000000000000000000 ) ) ;
#6351 = CARTESIAN_POINT ( 'NONE',  ( 7.000000000000000888, -37.01155633439062598, 6.555932627142286861 ) ) ;
#6352 = ORIENTED_EDGE ( 'NONE', *, *, #5777, .T. ) ;
#6353 = ORIENTED_EDGE ( 'NONE', *, *, #5455, .F. ) ;
#6354 = VERTEX_POINT ( 'NONE', #102 ) ;
#6355 = DIRECTION ( 'NONE',  ( 1.000000000000000000, -0.000000000000000000, -0.000000000000000000 ) ) ;
#6356 = PRODUCT_DEFINITION_SHAPE ( 'NONE', 'NONE',  #6522 ) ;
#6357 = EDGE_CURVE ( 'NONE', #3809, #295, #4307, .T. ) ;
#6358 = CARTESIAN_POINT ( 'NONE',  ( -4.958022134021666361, -4.376158029437214658, 19.29719175553405108 ) ) ;
#6359 = CARTESIAN_POINT ( 'NONE',  ( 0.000000000000000000, 0.000000000000000000, 0.000000000000000000 ) ) ;
#6360 = DIRECTION ( 'NONE',  ( -1.000000000000000000, -0.000000000000000000, 0.000000000000000000 ) ) ;
#6361 = CARTESIAN_POINT ( 'NONE',  ( 7.000000000000000888, 41.91543099594818500, -2.663952781846296691 ) ) ;
#6362 = ORIENTED_EDGE ( 'NONE', *, *, #2554, .T. ) ;
#6363 = ORIENTED_EDGE ( 'NONE', *, *, #3736, .F. ) ;
#6364 = CARTESIAN_POINT ( 'NONE',  ( -3.216873856987626734, 1.954847236090297979, 2.276923640272144223 ) ) ;
#6365 = EDGE_CURVE ( 'NONE', #616, #3870, #633, .T. ) ;
#6366 = CARTESIAN_POINT ( 'NONE',  ( 0.000000000000000000, 0.000000000000000000, 0.000000000000000000 ) ) ;
#6367 = FACE_OUTER_BOUND ( 'NONE', #1758, .T. ) ;
#6368 = DIRECTION ( 'NONE',  ( -1.000000000000000000, 0.000000000000000000, -0.000000000000000000 ) ) ;
#6370 = VERTEX_POINT ( 'NONE', #2630 ) ;
#6369 = VERTEX_POINT ( 'NONE', #5594 ) ;
#6371 = CARTESIAN_POINT ( 'NONE',  ( 7.000000000000000888, -22.64427369931190626, 30.00120703465196925 ) ) ;
#6372 = EDGE_CURVE ( 'NONE', #793, #4430, #3513, .T. ) ;
#6373 = DIRECTION ( 'NONE',  ( -1.000000000000000000, 0.000000000000000000, -0.000000000000000000 ) ) ;
#6374 = LINE ( 'NONE', #5339, #3692 ) ;
#6375 = AXIS2_PLACEMENT_3D ( 'NONE', #6031, #3651, #2002 ) ;
#6377 = VERTEX_POINT ( 'NONE', #2138 ) ;
#6376 = VERTEX_POINT ( 'NONE', #2598 ) ;
#6378 = CARTESIAN_POINT ( 'NONE',  ( 3.500000000000000444, -35.47612816024539484, 22.48208911017487566 ) ) ;
#6379 = CARTESIAN_POINT ( 'NONE',  ( 7.000000000000000888, 0.000000000000000000, 0.000000000000000000 ) ) ;
#6380 = CIRCLE ( 'NONE', #3527, 37.49900000000000233 ) ;
#6381 = CARTESIAN_POINT ( 'NONE',  ( 0.000000000000000000, -25.88420570971419821, 27.13269053701087330 ) ) ;
#6382 = CARTESIAN_POINT ( 'NONE',  ( -3.225136337859164204, 9.737540000987120692, 2.276865410606116580 ) ) ;
#6383 = EDGE_CURVE ( 'NONE', #3598, #640, #4506, .T. ) ;
#6384 = VERTEX_POINT ( 'NONE', #5553 ) ;
#6385 = ORIENTED_EDGE ( 'NONE', *, *, #3497, .F. ) ;
#6386 = DIRECTION ( 'NONE',  ( 0.000000000000000000, -0.1564344650402172410, -0.9876883405951399908 ) ) ;
#6387 = CARTESIAN_POINT ( 'NONE',  ( 0.000000000000000000, 35.47612816024556537, -22.48208911017461631 ) ) ;
#6388 = DIRECTION ( 'NONE',  ( 1.000000000000000000, 0.000000000000000000, 0.000000000000000000 ) ) ;
#6389 = DIRECTION ( 'NONE',  ( 0.000000000000000000, 0.000000000000000000, 1.000000000000000000 ) ) ;
#6390 = EDGE_CURVE ( 'NONE', #3192, #5568, #746, .T. ) ;
#6391 = VERTEX_POINT ( 'NONE', #1060 ) ;
#6392 = ORIENTED_EDGE ( 'NONE', *, *, #5521, .T. ) ;
#6393 = CARTESIAN_POINT ( 'NONE',  ( 3.500000000000000444, 10.41901085202077937, 40.68715046381932865 ) ) ;
#6394 = DIRECTION ( 'NONE',  ( 0.000000000000000000, 0.000000000000000000, 1.000000000000000000 ) ) ;
#6395 = CARTESIAN_POINT ( 'NONE',  ( 0.000000000000000000, 0.8828120875905820508, -37.48860685352290290 ) ) ;
#6396 = CARTESIAN_POINT ( 'NONE',  ( 3.500000000000000444, 39.04073710021344112, 15.48615015657597205 ) ) ;
#6397 = EDGE_CURVE ( 'NONE', #679, #6499, #2832, .T. ) ;
#6399 = VERTEX_POINT ( 'NONE', #4074 ) ;
#6398 = ORIENTED_EDGE ( 'NONE', *, *, #5816, .T. ) ;
#6400 = DIRECTION ( 'NONE',  ( 0.000000000000000000, 0.000000000000000000, 1.000000000000000000 ) ) ;
#6401 = DIRECTION ( 'NONE',  ( -1.000000000000000000, 0.000000000000000000, 0.000000000000000000 ) ) ;
#6402 = CARTESIAN_POINT ( 'NONE',  ( -10.00000000000000000, 0.000000000000000000, 0.000000000000000000 ) ) ;
#6403 = EDGE_CURVE ( 'NONE', #5018, #1245, #2513, .T. ) ;
#6405 = VERTEX_POINT ( 'NONE', #271 ) ;
#6404 = VERTEX_POINT ( 'NONE', #2197 ) ;
#6406 = AXIS2_PLACEMENT_3D ( 'NONE', #5345, #2883, #851 ) ;
#6407 = DIRECTION ( 'NONE',  ( -1.000000000000000000, 0.000000000000000000, 0.000000000000000000 ) ) ;
#6408 = LINE ( 'NONE', #5347, #560 ) ;
#6409 = CARTESIAN_POINT ( 'NONE',  ( 7.000000000000000888, 33.79645857604513282, -16.45098606841138178 ) ) ;
#6410 = CIRCLE ( 'NONE', #1166, 16.00000000000000355 ) ;
#6411 = ORIENTED_EDGE ( 'NONE', *, *, #2755, .F. ) ;
#6412 = ORIENTED_EDGE ( 'NONE', *, *, #3406, .T. ) ;
#6413 = FACE_OUTER_BOUND ( 'NONE', #1640, .T. ) ;
#6414 = EDGE_CURVE ( 'NONE', #4090, #2663, #4413, .T. ) ;
#6415 =( NAMED_UNIT ( * ) SI_UNIT ( $, .STERADIAN. ) SOLID_ANGLE_UNIT ( ) );
#6416 = DIRECTION ( 'NONE',  ( 0.000000000000000000, 0.000000000000000000, 1.000000000000000000 ) ) ;
#6417 = ADVANCED_FACE ( 'NONE', ( #2762 ), #4770, .T. ) ;
#6418 = DIRECTION ( 'NONE',  ( 1.000000000000000000, -0.000000000000000000, -0.000000000000000000 ) ) ;
#6419 = DIRECTION ( 'NONE',  ( 0.000000000000000000, 0.9876883405951372152, 0.1564344650402346160 ) ) ;
#6420 = AXIS2_PLACEMENT_3D ( 'NONE', #3183, #2221, #6210 ) ;
#6421 = ORIENTED_EDGE ( 'NONE', *, *, #6098, .T. ) ;
#6422 = ORIENTED_EDGE ( 'NONE', *, *, #753, .T. ) ;
#6423 = CARTESIAN_POINT ( 'NONE',  ( 0.000000000000000000, -36.13751322684434086, 21.40280677340358295 ) ) ;
#6424 = AXIS2_PLACEMENT_3D ( 'NONE', #2683, #4231, #3142 ) ;
#6425 = DIRECTION ( 'NONE',  ( -0.000000000000000000, -1.000000000000000000, -0.000000000000000000 ) ) ;
#6426 = ADVANCED_FACE ( 'NONE', ( #5226 ), #1776, .T. ) ;
#6427 = FACE_OUTER_BOUND ( 'NONE', #68, .T. ) ;
#6428 = AXIS2_PLACEMENT_3D ( 'NONE', #2642, #4185, #5803 ) ;
#6429 = EDGE_CURVE ( 'NONE', #6186, #1476, #3362, .T. ) ;
#6430 = DIRECTION ( 'NONE',  ( 0.000000000000000000, -0.4539904997395351471, -0.8910065241883737830 ) ) ;
#6431 = AXIS2_PLACEMENT_3D ( 'NONE', #3971, #3352, #1427 ) ;
#6433 = VERTEX_POINT ( 'NONE', #173 ) ;
#6432 = EDGE_LOOP ( 'NONE', ( #6412, #45, #5284, #3862 ) ) ;
#6434 = FACE_OUTER_BOUND ( 'NONE', #3772, .T. ) ;
#6435 = CIRCLE ( 'NONE', #3585, 16.00000000000000000 ) ;
#6436 = CIRCLE ( 'NONE', #2218, 15.99999999999999822 ) ;
#6437 = ADVANCED_FACE ( 'NONE', ( #1201 ), #2296, .T. ) ;
#6438 = AXIS2_PLACEMENT_3D ( 'NONE', #1462, #3928, #2935 ) ;
#6439 = LINE ( 'NONE', #1373, #3027 ) ;
#6440 = DIRECTION ( 'NONE',  ( -1.000000000000000000, -0.000000000000000000, 0.000000000000000000 ) ) ;
#6441 = AXIS2_PLACEMENT_3D ( 'NONE', #828, #1390, #5859 ) ;
#6443 = VERTEX_POINT ( 'NONE', #1745 ) ;
#6442 = ORIENTED_EDGE ( 'NONE', *, *, #986, .T. ) ;
#6444 = AXIS2_PLACEMENT_3D ( 'NONE', #5934, #5837, #3357 ) ;
#6445 = EDGE_CURVE ( 'NONE', #6203, #200, #3888, .T. ) ;
#6446 = VECTOR ( 'NONE', #3739, 1000.000000000000000 ) ;
#6447 = AXIS2_PLACEMENT_3D ( 'NONE', #4769, #2268, #4272 ) ;
#6448 = FACE_OUTER_BOUND ( 'NONE', #517, .T. ) ;
#6449 = CARTESIAN_POINT ( 'NONE',  ( -1.723707324373435323, 9.970873832152104654, -0.7763222093151315173 ) ) ;
#6450 = ORIENTED_EDGE ( 'NONE', *, *, #4223, .F. ) ;
#6451 = VERTEX_POINT ( 'NONE', #2669 ) ;
#6452 = CIRCLE ( 'NONE', #3604, 42.00000000000000000 ) ;
#6453 = CIRCLE ( 'NONE', #461, 37.49900000000000233 ) ;
#6454 = DIRECTION ( 'NONE',  ( -1.000000000000000000, -0.000000000000000000, 0.000000000000000000 ) ) ;
#6455 = ADVANCED_FACE ( 'NONE', ( #4700 ), #6191, .T. ) ;
#6456 = COORDINATED_UNIVERSAL_TIME_OFFSET ( 7, 0, .AHEAD. ) ;
#6457 = CYLINDRICAL_SURFACE ( 'NONE', #3868, 42.00000000000000000 ) ;
#6458 = CARTESIAN_POINT ( 'NONE',  ( 3.500000000000000444, -26.79245525562738095, 32.34446384429961796 ) ) ;
#6459 = CYLINDRICAL_SURFACE ( 'NONE', #965, 42.00000000000000000 ) ;
#6460 = ORIENTED_EDGE ( 'NONE', *, *, #3329, .T. ) ;
#6461 = ORIENTED_EDGE ( 'NONE', *, *, #3161, .T. ) ;
#6462 = DIRECTION ( 'NONE',  ( -1.000000000000000000, 0.000000000000000000, -0.000000000000000000 ) ) ;
#6463 = DIRECTION ( 'NONE',  ( 0.000000000000000000, -0.1564344650402170189, -0.9876883405951399908 ) ) ;
#6464 = CARTESIAN_POINT ( 'NONE',  ( -4.960845363832268262, 2.035710151118022893, 2.206965734509637844 ) ) ;
#6465 = LINE ( 'NONE', #2404, #4891 ) ;
#6467 = ORIENTED_EDGE ( 'NONE', *, *, #4815, .F. ) ;
#6466 = ORIENTED_EDGE ( 'NONE', *, *, #1295, .T. ) ;
#6468 = ADVANCED_FACE ( 'NONE', ( #1297 ), #5760, .T. ) ;
#6469 = CARTESIAN_POINT ( 'NONE',  ( 0.000000000000000000, -25.88420570971381807, -27.13269053701123212 ) ) ;
#6470 = VECTOR ( 'NONE', #798, 1000.000000000000000 ) ;
#6471 = CARTESIAN_POINT ( 'NONE',  ( 0.000000000000000000, -15.48615015657610883, 39.04073710021338428 ) ) ;
#6472 = CYLINDRICAL_SURFACE ( 'NONE', #6327, 16.00000000000000000 ) ;
#6474 = ORIENTED_EDGE ( 'NONE', *, *, #5307, .T. ) ;
#6473 = ORIENTED_EDGE ( 'NONE', *, *, #4718, .T. ) ;
#6475 = CARTESIAN_POINT ( 'NONE',  ( -4.316111518291312343, 9.711643702385742927, -2.384321725826331395 ) ) ;
#6476 = CARTESIAN_POINT ( 'NONE',  ( -1.903523166830756175, 9.930849387001789097, -1.209229114011074691 ) ) ;
#6477 = ORIENTED_EDGE ( 'NONE', *, *, #833, .T. ) ;
#6478 = EDGE_CURVE ( 'NONE', #6433, #5702, #1680, .T. ) ;
#6479 = AXIS2_PLACEMENT_3D ( 'NONE', #1878, #5902, #3399 ) ;
#6480 = ORIENTED_EDGE ( 'NONE', *, *, #966, .F. ) ;
#6481 = LINE ( 'NONE', #5047, #4547 ) ;
#6482 = APPROVAL_DATE_TIME ( #2060, #5157 ) ;
#6483 = DIRECTION ( 'NONE',  ( 0.000000000000000000, -0.9510565162951502005, -0.3090169943749583314 ) ) ;
#6484 = DIRECTION ( 'NONE',  ( 0.000000000000000000, 0.000000000000000000, 1.000000000000000000 ) ) ;
#6485 = LINE ( 'NONE', #2922, #2951 ) ;
#6486 = ORIENTED_EDGE ( 'NONE', *, *, #2009, .F. ) ;
#6487 = VERTEX_POINT ( 'NONE', #797 ) ;
#6488 = DIRECTION ( 'NONE',  ( 0.000000000000000000, -0.4539904997395540764, 0.8910065241883642351 ) ) ;
#6489 = DIRECTION ( 'NONE',  ( 0.000000000000000000, 0.4539904997395413644, 0.8910065241883705633 ) ) ;
#6490 = CYLINDRICAL_SURFACE ( 'NONE', #4870, 42.00000000000000000 ) ;
#6491 = DIRECTION ( 'NONE',  ( 0.000000000000000000, 0.000000000000000000, -1.000000000000000000 ) ) ;
#6493 = ORIENTED_EDGE ( 'NONE', *, *, #2438, .F. ) ;
#6492 = ORIENTED_EDGE ( 'NONE', *, *, #2455, .F. ) ;
#6494 = CARTESIAN_POINT ( 'NONE',  ( 7.000000000000000888, 10.41901085202135313, -40.68715046381917944 ) ) ;
#6495 = ADVANCED_FACE ( 'NONE', ( #3225 ), #3159, .T. ) ;
#6496 = DIRECTION ( 'NONE',  ( -1.000000000000000000, -0.000000000000000000, -0.000000000000000000 ) ) ;
#6497 = EDGE_CURVE ( 'NONE', #5559, #467, #2942, .T. ) ;
#6499 = VERTEX_POINT ( 'NONE', #3649 ) ;
#6498 = ORIENTED_EDGE ( 'NONE', *, *, #5323, .T. ) ;
#6500 = EDGE_CURVE ( 'NONE', #1915, #4486, #648, .T. ) ;
#6501 = DIRECTION ( 'NONE',  ( -1.000000000000000000, 0.000000000000000000, 0.000000000000000000 ) ) ;
#6502 = DIRECTION ( 'NONE',  ( 1.000000000000000000, -0.000000000000000000, -0.000000000000000000 ) ) ;
#6503 = ORIENTED_EDGE ( 'NONE', *, *, #2682, .T. ) ;
#6504 = AXIS2_PLACEMENT_3D ( 'NONE', #94, #6118, #1092 ) ;
#6505 = AXIS2_PLACEMENT_3D ( 'NONE', #3065, #2109, #3101 ) ;
#6506 = VERTEX_POINT ( 'NONE', #5729 ) ;
#6507 = CARTESIAN_POINT ( 'NONE',  ( 7.000000000000000888, 25.88420570971400991, 27.13269053701105449 ) ) ;
#6508 = MECHANICAL_CONTEXT ( 'NONE', #4198, 'mechanical' ) ;
#6509 = CARTESIAN_POINT ( 'NONE',  ( 0.000000000000000000, 41.91543099594817789, 2.663952781846293139 ) ) ;
#6510 = EDGE_CURVE ( 'NONE', #3653, #3273, #5253, .T. ) ;
#6511 = CYLINDRICAL_SURFACE ( 'NONE', #3179, 42.00000000000000000 ) ;
#6512 = AXIS2_PLACEMENT_3D ( 'NONE', #1727, #1239, #3231 ) ;
#6513 = FACE_OUTER_BOUND ( 'NONE', #1601, .T. ) ;
#6514 = VERTEX_POINT ( 'NONE', #2726 ) ;
#6515 = ORIENTED_EDGE ( 'NONE', *, *, #3206, .F. ) ;
#6516 = CARTESIAN_POINT ( 'NONE',  ( -5.834664756275185660, 2.569085484612675607, -1.558716526025925919 ) ) ;
#6517 = CARTESIAN_POINT ( 'NONE',  ( 7.000000000000000888, 2.649999999999999911, 1.406236111042524106 ) ) ;
#6518 = CYLINDRICAL_SURFACE ( 'NONE', #3624, 42.00000000000000000 ) ;
#6519 = EDGE_CURVE ( 'NONE', #6384, #5616, #3252, .T. ) ;
#6520 = CARTESIAN_POINT ( 'NONE',  ( 0.000000000000000000, 0.000000000000000000, 0.000000000000000000 ) ) ;
#6521 = APPROVAL_PERSON_ORGANIZATION ( #3537, #5239, #2978 ) ;
#6522 = NEXT_ASSEMBLY_USAGE_OCCURRENCE ( 'NAUO1', ' ', ' ', #2353, #1071, $ ) ;
ENDSEC;
END-ISO-10303-21;
