ISO-10303-21;
HEADER;
FILE_DESCRIPTION (( 'STEP AP203' ),
    '1' );
FILE_NAME ('loading_disk.STEP',
    '2025-10-04T19:31:06',
    ( '' ),
    ( '' ),
    'SwSTEP 2.0',
    'SolidWorks 2025',
    '' );
FILE_SCHEMA (( 'CONFIG_CONTROL_DESIGN' ));
ENDSEC;

DATA;
#1 = ORIENTED_EDGE ( 'NONE', *, *, #2922, .F. ) ;
#2 = VECTOR ( 'NONE', #781, 1000.000000000000000 ) ;
#3 = CARTESIAN_POINT ( 'NONE',  ( 0.000000000000000000, 5.099999999999999645, -51.00000000000000000 ) ) ;
#4 = CARTESIAN_POINT ( 'NONE',  ( 0.000000000000000000, 0.09999999999999939493, 0.000000000000000000 ) ) ;
#5 = CIRCLE ( 'NONE', #4024, 1.500000000000000222 ) ;
#6 = DIRECTION ( 'NONE',  ( 0.000000000000000000, 1.000000000000000000, 0.000000000000000000 ) ) ;
#7 = DIRECTION ( 'NONE',  ( 0.000000000000000000, 0.000000000000000000, 1.000000000000000000 ) ) ;
#8 = DIRECTION ( 'NONE',  ( 0.000000000000000000, 1.000000000000000000, 0.000000000000000000 ) ) ;
#9 = DIRECTION ( 'NONE',  ( -1.000000000000000000, 0.000000000000000000, 0.000000000000000000 ) ) ;
#10 = EDGE_CURVE ( 'NONE', #2254, #2100, #1977, .T. ) ;
#11 = CARTESIAN_POINT ( 'NONE',  ( -37.31780523675525529, 5.099999999999999645, 23.31054294330350629 ) ) ;
#12 = VERTEX_POINT ( 'NONE', #1772 ) ;
#13 = CARTESIAN_POINT ( 'NONE',  ( -50.99587120835578702, 0.000000000000000000, -0.6489373627566982217 ) ) ;
#14 = PERSON_AND_ORGANIZATION ( #561, #3796 ) ;
#15 = ORIENTED_EDGE ( 'NONE', *, *, #2862, .F. ) ;
#16 = ORIENTED_EDGE ( 'NONE', *, *, #4119, .F. ) ;
#17 = EDGE_CURVE ( 'NONE', #2371, #1771, #100, .T. ) ;
#18 = DIRECTION ( 'NONE',  ( 0.4831153086260460139, 0.000000000000000000, -0.8755567363518826918 ) ) ;
#19 = AXIS2_PLACEMENT_3D ( 'NONE', #1155, #2531, #564 ) ;
#20 = ORIENTED_EDGE ( 'NONE', *, *, #3259, .T. ) ;
#21 = EDGE_LOOP ( 'NONE', ( #392, #44, #1493, #246 ) ) ;
#22 = ORIENTED_EDGE ( 'NONE', *, *, #1065, .F. ) ;
#23 = ORIENTED_EDGE ( 'NONE', *, *, #3193, .F. ) ;
#24 = ORIENTED_EDGE ( 'NONE', *, *, #1684, .F. ) ;
#25 = CARTESIAN_POINT ( 'NONE',  ( 4.000000000000000000, 4.693277837368734495, 0.2206777892320367918 ) ) ;
#26 = DIRECTION ( 'NONE',  ( 0.000000000000000000, 0.000000000000000000, -1.000000000000000000 ) ) ;
#27 = DIRECTION ( 'NONE',  ( -0.000000000000000000, -1.000000000000000000, -0.000000000000000000 ) ) ;
#28 = PLANE ( 'NONE',  #761 ) ;
#29 = DIRECTION ( 'NONE',  ( -0.9387883803997514320, 0.000000000000000000, 0.3444943785120618274 ) ) ;
#30 = DIRECTION ( 'NONE',  ( 0.000000000000000000, 1.000000000000000000, -0.000000000000000000 ) ) ;
#31 = ORIENTED_EDGE ( 'NONE', *, *, #2786, .F. ) ;
#32 = CARTESIAN_POINT ( 'NONE',  ( 42.04832389880871801, 5.099999999999999645, 12.95910711819610661 ) ) ;
#33 = EDGE_CURVE ( 'NONE', #2311, #443, #3144, .T. ) ;
#34 = CALENDAR_DATE ( 2025, 5, 10 ) ;
#35 = EDGE_LOOP ( 'NONE', ( #333, #972, #2338, #291 ) ) ;
#36 = ORIENTED_EDGE ( 'NONE', *, *, #175, .F. ) ;
#37 = ADVANCED_FACE ( 'NONE', ( #1252 ), #2897, .T. ) ;
#38 = ORIENTED_EDGE ( 'NONE', *, *, #2542, .T. ) ;
#39 = APPROVAL_DATE_TIME ( #3492, #3126 ) ;
#40 = ADVANCED_FACE ( 'NONE', ( #961 ), #154, .F. ) ;
#41 = CARTESIAN_POINT ( 'NONE',  ( 29.66095464311651853, 5.099999999999999645, 35.16003085406758544 ) ) ;
#42 = VERTEX_POINT ( 'NONE', #2604 ) ;
#43 = CIRCLE ( 'NONE', #1792, 5.999999999999999112 ) ;
#44 = ORIENTED_EDGE ( 'NONE', *, *, #1632, .F. ) ;
#45 = CIRCLE ( 'NONE', #4007, 5.999999999999999112 ) ;
#46 = DIRECTION ( 'NONE',  ( 0.000000000000000000, 0.000000000000000000, 1.000000000000000000 ) ) ;
#47 = DIRECTION ( 'NONE',  ( 0.000000000000000000, 0.000000000000000000, 1.000000000000000000 ) ) ;
#48 = DIRECTION ( 'NONE',  ( -0.000000000000000000, 1.000000000000000000, -0.000000000000000000 ) ) ;
#49 = LINE ( 'NONE', #3741, #2026 ) ;
#50 = LINE ( 'NONE', #2501, #1124 ) ;
#51 = VECTOR ( 'NONE', #1014, 1000.000000000000000 ) ;
#52 = LINE ( 'NONE', #3406, #2167 ) ;
#53 = DIRECTION ( 'NONE',  ( 0.000000000000000000, 0.000000000000000000, 1.000000000000000000 ) ) ;
#54 = CIRCLE ( 'NONE', #1182, 7.758387151172787988 ) ;
#55 = APPROVAL_STATUS ( 'not_yet_approved' ) ;
#56 = ORIENTED_EDGE ( 'NONE', *, *, #422, .T. ) ;
#57 = ORIENTED_EDGE ( 'NONE', *, *, #1469, .T. ) ;
#58 = CC_DESIGN_DATE_AND_TIME_ASSIGNMENT ( #4303, #2621, ( #3729 ) ) ;
#59 = CARTESIAN_POINT ( 'NONE',  ( 4.000000000000000000, 3.701838652623397063, -0.5927829197466779609 ) ) ;
#60 = CC_DESIGN_APPROVAL ( #3126, ( #2530 ) ) ;
#61 = FACE_OUTER_BOUND ( 'NONE', #1957, .T. ) ;
#62 = ADVANCED_FACE ( 'NONE', ( #3958 ), #918, .T. ) ;
#63 = LOCAL_TIME ( 2, 31, 6.000000000000000000, #1248 ) ;
#64 = CARTESIAN_POINT ( 'NONE',  ( 35.08022401018764924, 0.000000000000000000, 26.55895109741814508 ) ) ;
#65 = CARTESIAN_POINT ( 'NONE',  ( 4.000000000000000000, 0.000000000000000000, 0.000000000000000000 ) ) ;
#66 = VERTEX_POINT ( 'NONE', #1387 ) ;
#67 = ORIENTED_EDGE ( 'NONE', *, *, #2579, .F. ) ;
#68 = EDGE_CURVE ( 'NONE', #3216, #4078, #4105, .T. ) ;
#69 = MANIFOLD_SOLID_BREP ( 'Fillet1', #3614 ) ;
#70 = DIRECTION ( 'NONE',  ( 0.000000000000000000, 0.000000000000000000, 1.000000000000000000 ) ) ;
#71 = DIRECTION ( 'NONE',  ( 0.000000000000000000, 0.9510565162951544194, -0.3090169943749447867 ) ) ;
#72 = CARTESIAN_POINT ( 'NONE',  ( 32.88497145215080764, 0.000000000000000000, 38.98177333820545698 ) ) ;
#73 = VECTOR ( 'NONE', #450, 1000.000000000000000 ) ;
#74 = CARTESIAN_POINT ( 'NONE',  ( 0.000000000000000000, 5.099999999999999645, 0.000000000000000000 ) ) ;
#75 = AXIS2_PLACEMENT_3D ( 'NONE', #1854, #596, #1261 ) ;
#76 = MECHANICAL_CONTEXT ( 'NONE', #2150, 'mechanical' ) ;
#77 = AXIS2_PLACEMENT_3D ( 'NONE', #2302, #4110, #4361 ) ;
#78 = ORIENTED_EDGE ( 'NONE', *, *, #3217, .T. ) ;
#79 = CARTESIAN_POINT ( 'NONE',  ( 39.76328366797952896, 0.000000000000000000, 20.37336111512493630 ) ) ;
#80 = ORIENTED_EDGE ( 'NONE', *, *, #1269, .T. ) ;
#81 = VERTEX_POINT ( 'NONE', #1691 ) ;
#82 = LINE ( 'NONE', #744, #1663 ) ;
#83 = ADVANCED_FACE ( 'NONE', ( #3769 ), #2375, .F. ) ;
#84 = DIRECTION ( 'NONE',  ( -1.000000000000000000, -0.000000000000000000, 0.000000000000000000 ) ) ;
#85 = EDGE_LOOP ( 'NONE', ( #145, #1934, #3825, #2770, #2880 ) ) ;
#86 = VERTEX_POINT ( 'NONE', #417 ) ;
#87 = DIRECTION ( 'NONE',  ( 0.000000000000000000, 0.9510565162951521989, 0.3090169943749515036 ) ) ;
#88 = EDGE_CURVE ( 'NONE', #2814, #3288, #3705, .T. ) ;
#89 = EDGE_CURVE ( 'NONE', #621, #2691, #2813, .T. ) ;
#90 = CARTESIAN_POINT ( 'NONE',  ( -17.77772574241948078, 5.099999999999999645, -40.24863311253334075 ) ) ;
#91 = EDGE_CURVE ( 'NONE', #3860, #250, #2481, .T. ) ;
#92 = COORDINATED_UNIVERSAL_TIME_OFFSET ( 7, 0, .AHEAD. ) ;
#93 = ORIENTED_EDGE ( 'NONE', *, *, #17, .T. ) ;
#94 = CYLINDRICAL_SURFACE ( 'NONE', #1421, 7.758387151175175411 ) ;
#95 = DIRECTION ( 'NONE',  ( 0.000000000000000000, 0.000000000000000000, 1.000000000000000000 ) ) ;
#96 = VECTOR ( 'NONE', #4115, 1000.000000000000000 ) ;
#97 = CARTESIAN_POINT ( 'NONE',  ( 4.000000000000000000, 3.926652679773700250, -0.5801074159466484970 ) ) ;
#98 = ORIENTED_EDGE ( 'NONE', *, *, #2646, .F. ) ;
#99 = VECTOR ( 'NONE', #4242, 1000.000000000000000 ) ;
#100 = LINE ( 'NONE', #2796, #3248 ) ;
#101 = ORIENTED_EDGE ( 'NONE', *, *, #684, .T. ) ;
#102 = DIRECTION ( 'NONE',  ( 0.000000000000000000, 0.9510565162951521989, 0.3090169943749515036 ) ) ;
#103 = FACE_OUTER_BOUND ( 'NONE', #1012, .T. ) ;
#104 = EDGE_LOOP ( 'NONE', ( #3249, #2587, #4238, #1156 ) ) ;
#105 = ORIENTED_EDGE ( 'NONE', *, *, #2136, .T. ) ;
#106 = EDGE_CURVE ( 'NONE', #3295, #597, #1218, .T. ) ;
#107 = DIRECTION ( 'NONE',  ( 0.000000000000000000, 0.000000000000000000, 1.000000000000000000 ) ) ;
#108 = AXIS2_PLACEMENT_3D ( 'NONE', #4321, #2877, #1577 ) ;
#109 = CIRCLE ( 'NONE', #187, 3.749000000000000554 ) ;
#110 = CARTESIAN_POINT ( 'NONE',  ( 28.37134791950292012, 0.000000000000000000, 33.63133386041257467 ) ) ;
#111 = DIRECTION ( 'NONE',  ( 0.000000000000000000, 0.000000000000000000, 1.000000000000000000 ) ) ;
#112 = CYLINDRICAL_SURFACE ( 'NONE', #2883, 2.000000000000000000 ) ;
#113 = CARTESIAN_POINT ( 'NONE',  ( 2.000000000000000000, -3.429832919317826523, -4.923032210494231897 ) ) ;
#114 = AXIS2_PLACEMENT_3D ( 'NONE', #1933, #1843, #262 ) ;
#115 = EDGE_CURVE ( 'NONE', #4304, #1414, #2754, .T. ) ;
#116 = DESIGN_CONTEXT ( 'detailed design', #3905, 'design' ) ;
#117 = ORIENTED_EDGE ( 'NONE', *, *, #3121, .T. ) ;
#118 = VERTEX_POINT ( 'NONE', #3552 ) ;
#119 = CARTESIAN_POINT ( 'NONE',  ( 4.000000000000000000, 3.622205203785644478, -4.783265564618817578 ) ) ;
#120 = EDGE_CURVE ( 'NONE', #3105, #3514, #3030, .T. ) ;
#121 = CIRCLE ( 'NONE', #678, 51.00000000000000000 ) ;
#122 = DIRECTION ( 'NONE',  ( -1.000000000000000000, -0.000000000000000000, -0.000000000000000000 ) ) ;
#123 = CARTESIAN_POINT ( 'NONE',  ( 0.000000000000000000, 0.1188926102945755126, -5.998821929947355081 ) ) ;
#124 = CARTESIAN_POINT ( 'NONE',  ( 4.000000000000000000, 3.429832919317929107, -4.923032210494160843 ) ) ;
#125 = APPROVAL ( #1767, 'UNSPECIFIED' ) ;
#126 =( GEOMETRIC_REPRESENTATION_CONTEXT ( 3 ) GLOBAL_UNCERTAINTY_ASSIGNED_CONTEXT ( ( #1249 ) ) GLOBAL_UNIT_ASSIGNED_CONTEXT ( ( #709, #4116, #4025 ) ) REPRESENTATION_CONTEXT ( 'NONE', 'WORKASPACE' ) );
#127 = DIRECTION ( 'NONE',  ( -0.000000000000000000, 1.000000000000000000, -0.000000000000000000 ) ) ;
#128 = LINE ( 'NONE', #2541, #1931 ) ;
#129 = ORIENTED_EDGE ( 'NONE', *, *, #3756, .F. ) ;
#130 = PRODUCT_DEFINITION_SHAPE ( 'NONE', 'NONE',  #1448 ) ;
#131 = SECURITY_CLASSIFICATION ( '', '', #1208 ) ;
#132 = CARTESIAN_POINT ( 'NONE',  ( 2.000000000000000000, 5.668478849484098525, 1.966811514342793332 ) ) ;
#133 = CARTESIAN_POINT ( 'NONE',  ( -10.68079831663648882, 0.000000000000000000, -43.38332911666017111 ) ) ;
#134 = DIRECTION ( 'NONE',  ( -1.000000000000000000, -0.000000000000000000, -0.000000000000000000 ) ) ;
#135 = DIRECTION ( 'NONE',  ( -0.000000000000000000, -1.000000000000000000, -0.000000000000000000 ) ) ;
#136 = APPROVAL_STATUS ( 'not_yet_approved' ) ;
#137 = EDGE_CURVE ( 'NONE', #3000, #3644, #906, .T. ) ;
#138 = ORIENTED_EDGE ( 'NONE', *, *, #33, .F. ) ;
#139 = FACE_OUTER_BOUND ( 'NONE', #2668, .T. ) ;
#140 = DIRECTION ( 'NONE',  ( 0.000000000000000000, 0.000000000000000000, 1.000000000000000000 ) ) ;
#141 = FACE_OUTER_BOUND ( 'NONE', #1786, .T. ) ;
#142 = EDGE_CURVE ( 'NONE', #988, #1246, #2220, .T. ) ;
#143 = CARTESIAN_POINT ( 'NONE',  ( 4.000000000000000000, 0.000000000000000000, 3.749000000000000554 ) ) ;
#144 = AXIS2_PLACEMENT_3D ( 'NONE', #2654, #3658, #626 ) ;
#145 = ORIENTED_EDGE ( 'NONE', *, *, #578, .T. ) ;
#146 = CALENDAR_DATE ( 2025, 5, 10 ) ;
#147 = DIRECTION ( 'NONE',  ( 0.000000000000000000, 1.000000000000000000, -0.000000000000000000 ) ) ;
#148 = EDGE_LOOP ( 'NONE', ( #1642, #2424, #3980, #1602 ) ) ;
#149 = PLANE ( 'NONE',  #569 ) ;
#150 = CARTESIAN_POINT ( 'NONE',  ( 0.000000000000000000, 5.099999999999999645, 0.000000000000000000 ) ) ;
#151 = ORIENTED_EDGE ( 'NONE', *, *, #1521, .F. ) ;
#152 = DIRECTION ( 'NONE',  ( -0.000000000000000000, 1.000000000000000000, -0.000000000000000000 ) ) ;
#153 = CARTESIAN_POINT ( 'NONE',  ( 0.000000000000000000, -1.707701112668247756, 3.337477776673821950 ) ) ;
#154 = PLANE ( 'NONE',  #3261 ) ;
#155 = DIRECTION ( 'NONE',  ( 1.000000000000000000, -0.000000000000000000, -0.000000000000000000 ) ) ;
#156 =( LENGTH_UNIT ( ) NAMED_UNIT ( * ) SI_UNIT ( .MILLI., .METRE. ) );
#157 = DESIGN_CONTEXT ( 'detailed design', #3816, 'design' ) ;
#158 = ORIENTED_EDGE ( 'NONE', *, *, #4006, .F. ) ;
#159 = CYLINDRICAL_SURFACE ( 'NONE', #1058, 2.000000000000000000 ) ;
#160 = DIRECTION ( 'NONE',  ( -0.9352645924553205647, -0.000000000000000000, -0.3539493496241843951 ) ) ;
#161 = EDGE_CURVE ( 'NONE', #1292, #3644, #50, .T. ) ;
#162 = SHAPE_REPRESENTATION ( 'Circle', ( #2593 ), #126 ) ;
#163 = CARTESIAN_POINT ( 'NONE',  ( 7.880614352436555059, 0.000000000000000000, -50.38745793774648263 ) ) ;
#164 = ORIENTED_EDGE ( 'NONE', *, *, #1009, .F. ) ;
#165 = EDGE_LOOP ( 'NONE', ( #24, #129, #2941, #2232 ) ) ;
#166 = CYLINDRICAL_SURFACE ( 'NONE', #1374, 5.999999999999998224 ) ;
#167 = ORIENTED_EDGE ( 'NONE', *, *, #518, .T. ) ;
#168 = EDGE_CURVE ( 'NONE', #3288, #2356, #3107, .T. ) ;
#169 = DATE_TIME_ROLE ( 'classification_date' ) ;
#170 = CYLINDRICAL_SURFACE ( 'NONE', #4356, 2.000000000000000000 ) ;
#171 = CARTESIAN_POINT ( 'NONE',  ( 44.86591492951423987, 0.09999999999999939493, -24.24973561789057186 ) ) ;
#172 = CARTESIAN_POINT ( 'NONE',  ( 49.10427381441969885, 0.000000000000000000, -13.77571388925074203 ) ) ;
#173 = DIRECTION ( 'NONE',  ( 0.07548458980635046334, -0.000000000000000000, -0.9971469684563892821 ) ) ;
#174 = ORIENTED_EDGE ( 'NONE', *, *, #91, .F. ) ;
#175 = EDGE_CURVE ( 'NONE', #42, #491, #3676, .T. ) ;
#176 = DIRECTION ( 'NONE',  ( 0.000000000000000000, 0.000000000000000000, 1.000000000000000000 ) ) ;
#177 = CARTESIAN_POINT ( 'NONE',  ( 0.000000000000000000, -4.693277837368735383, 0.2206777892320033740 ) ) ;
#178 = CARTESIAN_POINT ( 'NONE',  ( 0.000000000000000000, 2.646421322368412099, 2.655457622428539555 ) ) ;
#179 = VECTOR ( 'NONE', #155, 1000.000000000000000 ) ;
#180 = CARTESIAN_POINT ( 'NONE',  ( 0.000000000000000000, 5.099999999999999645, 0.000000000000000000 ) ) ;
#181 = CARTESIAN_POINT ( 'NONE',  ( 0.000000000000000000, 4.693277837368734495, 0.2206777892320367918 ) ) ;
#182 = AXIS2_PLACEMENT_3D ( 'NONE', #25, #3424, #2406 ) ;
#183 = AXIS2_PLACEMENT_3D ( 'NONE', #1932, #4302, #1685 ) ;
#184 = ORIENTED_EDGE ( 'NONE', *, *, #2764, .F. ) ;
#185 = LINE ( 'NONE', #2592, #1381 ) ;
#186 = CIRCLE ( 'NONE', #1238, 3.749000000000000554 ) ;
#187 = AXIS2_PLACEMENT_3D ( 'NONE', #2611, #1900, #3328 ) ;
#188 = DIRECTION ( 'NONE',  ( -0.000000000000000000, 1.000000000000000000, -0.000000000000000000 ) ) ;
#189 = CIRCLE ( 'NONE', #2441, 5.000000000000001776 ) ;
#190 = EDGE_LOOP ( 'NONE', ( #219, #78, #307, #1662, #2580 ) ) ;
#191 = CC_DESIGN_PERSON_AND_ORGANIZATION_ASSIGNMENT ( #689, #1406, ( #2878 ) ) ;
#192 = VECTOR ( 'NONE', #205, 1000.000000000000000 ) ;
#193 = DIRECTION ( 'NONE',  ( -0.000000000000000000, 1.000000000000000000, -0.000000000000000000 ) ) ;
#194 = AXIS2_PLACEMENT_3D ( 'NONE', #3058, #2184, #3868 ) ;
#195 = ORIENTED_EDGE ( 'NONE', *, *, #3680, .F. ) ;
#196 = DATE_AND_TIME ( #501, #3164 ) ;
#197 = AXIS2_PLACEMENT_3D ( 'NONE', #3423, #1716, #46 ) ;
#198 = ORIENTED_EDGE ( 'NONE', *, *, #2111, .T. ) ;
#199 = VECTOR ( 'NONE', #2546, 1000.000000000000000 ) ;
#200 = DIRECTION ( 'NONE',  ( -0.000000000000000000, -1.000000000000000000, -0.000000000000000000 ) ) ;
#201 = ADVANCED_FACE ( 'NONE', ( #4137 ), #3808, .F. ) ;
#202 = DIRECTION ( 'NONE',  ( -0.000000000000000000, -1.000000000000000000, -0.000000000000000000 ) ) ;
#203 = ORIENTED_EDGE ( 'NONE', *, *, #888, .T. ) ;
#204 = AXIS2_PLACEMENT_3D ( 'NONE', #2718, #1968, #4070 ) ;
#205 = DIRECTION ( 'NONE',  ( -1.000000000000000000, 0.000000000000000000, -0.000000000000000000 ) ) ;
#206 = CARTESIAN_POINT ( 'NONE',  ( 4.000000000000000000, 1.240425561619489470, 4.531765657166956451 ) ) ;
#207 = APPROVAL_PERSON_ORGANIZATION ( #944, #1304, #3635 ) ;
#208 = LINE ( 'NONE', #1782, #3151 ) ;
#209 = ADVANCED_FACE ( 'NONE', ( #2408 ), #112, .T. ) ;
#210 = PRODUCT_DEFINITION_SHAPE ( 'NONE', 'NONE',  #699 ) ;
#211 = APPROVAL_DATE_TIME ( #927, #1304 ) ;
#212 = CIRCLE ( 'NONE', #2674, 2.000000000000000000 ) ;
#213 = APPROVAL ( #136, 'UNSPECIFIED' ) ;
#214 = EDGE_LOOP ( 'NONE', ( #3275, #2135, #2775, #3019 ) ) ;
#215 = DIRECTION ( 'NONE',  ( -0.000000000000000000, 1.000000000000000000, -0.000000000000000000 ) ) ;
#216 = DIRECTION ( 'NONE',  ( 0.000000000000000000, -6.938893903907229955E-15, 1.000000000000000000 ) ) ;
#217 = DIRECTION ( 'NONE',  ( 0.000000000000000000, 0.000000000000000000, 1.000000000000000000 ) ) ;
#218 = PLANE ( 'NONE',  #2002 ) ;
#219 = ORIENTED_EDGE ( 'NONE', *, *, #2251, .T. ) ;
#220 = VECTOR ( 'NONE', #193, 1000.000000000000000 ) ;
#221 = DIRECTION ( 'NONE',  ( 0.000000000000000000, 1.000000000000000000, 0.000000000000000000 ) ) ;
#222 = ORIENTED_EDGE ( 'NONE', *, *, #1651, .F. ) ;
#223 = VERTEX_POINT ( 'NONE', #1584 ) ;
#224 = ORIENTED_EDGE ( 'NONE', *, *, #1465, .F. ) ;
#225 = EDGE_CURVE ( 'NONE', #641, #3363, #1558, .T. ) ;
#226 = DIRECTION ( 'NONE',  ( -1.000000000000000000, -0.000000000000000000, -0.000000000000000000 ) ) ;
#227 = DIRECTION ( 'NONE',  ( 0.4271853285685922597, 0.000000000000000000, -0.9041640863558692010 ) ) ;
#228 = DIRECTION ( 'NONE',  ( -1.000000000000000000, 0.000000000000000000, -0.000000000000000000 ) ) ;
#230 = EDGE_CURVE ( 'NONE', #1467, #3149, #558, .T. ) ;
#229 = DIRECTION ( 'NONE',  ( -0.000000000000000000, -1.000000000000000000, -0.000000000000000000 ) ) ;
#231 = CARTESIAN_POINT ( 'NONE',  ( 17.56921330411507753, 0.000000000000000000, 47.87820740038733192 ) ) ;
#232 = EDGE_CURVE ( 'NONE', #1053, #875, #5, .T. ) ;
#233 = CALENDAR_DATE ( 2025, 5, 10 ) ;
#234 = EDGE_LOOP ( 'NONE', ( #4218, #1115, #1138, #2859, #426 ) ) ;
#235 = DIRECTION ( 'NONE',  ( 0.9977655417953112948, 0.000000000000000000, -0.06681260065218955213 ) ) ;
#236 = CARTESIAN_POINT ( 'NONE',  ( -2.938707058645808168, 0.000000000000000000, -43.88604263156086915 ) ) ;
#237 = EDGE_CURVE ( 'NONE', #2910, #629, #3843, .T. ) ;
#238 = DIRECTION ( 'NONE',  ( -0.1545218500477754386, 0.000000000000000000, 0.9879893713283623979 ) ) ;
#239 = DIRECTION ( 'NONE',  ( -1.000000000000000000, 0.000000000000000000, 0.000000000000000000 ) ) ;
#240 = DATE_AND_TIME ( #4341, #4226 ) ;
#241 = CARTESIAN_POINT ( 'NONE',  ( 2.000000000000000000, -3.622205203785539673, -4.783265564618895738 ) ) ;
#242 = SECURITY_CLASSIFICATION_LEVEL ( 'unclassified' ) ;
#243 = CARTESIAN_POINT ( 'NONE',  ( 7.880614352436555059, 5.099999999999999645, -50.38745793774648263 ) ) ;
#244 = ORIENTED_EDGE ( 'NONE', *, *, #2080, .F. ) ;
#245 = DIRECTION ( 'NONE',  ( -1.000000000000000000, -0.000000000000000000, 0.000000000000000000 ) ) ;
#246 = ORIENTED_EDGE ( 'NONE', *, *, #4272, .F. ) ;
#247 = CIRCLE ( 'NONE', #3136, 2.000000000000000444 ) ;
#248 = FACE_OUTER_BOUND ( 'NONE', #1318, .T. ) ;
#249 = DIRECTION ( 'NONE',  ( 0.000000000000000000, 1.000000000000000000, 0.000000000000000000 ) ) ;
#250 = VERTEX_POINT ( 'NONE', #2582 ) ;
#251 = EDGE_CURVE ( 'NONE', #2890, #2627, #2560, .T. ) ;
#252 = DIRECTION ( 'NONE',  ( -4.440892098500626162E-15, 0.000000000000000000, 1.000000000000000000 ) ) ;
#253 = DIRECTION ( 'NONE',  ( 0.000000000000000000, -0.9510565162951500895, -0.3090169943749583314 ) ) ;
#254 = VERTEX_POINT ( 'NONE', #3935 ) ;
#255 = DIRECTION ( 'NONE',  ( 0.000000000000000000, 0.000000000000000000, 1.000000000000000000 ) ) ;
#256 = EDGE_CURVE ( 'NONE', #267, #989, #2540, .T. ) ;
#257 = CARTESIAN_POINT ( 'NONE',  ( 0.000000000000000000, 0.09999999999999939493, 0.000000000000000000 ) ) ;
#258 = AXIS2_PLACEMENT_3D ( 'NONE', #1015, #3100, #402 ) ;
#259 = CARTESIAN_POINT ( 'NONE',  ( 4.000000000000000000, 0.000000000000000000, 0.000000000000000000 ) ) ;
#260 = PERSON_AND_ORGANIZATION ( #561, #3796 ) ;
#261 = AXIS2_PLACEMENT_3D ( 'NONE', #2032, #3403, #26 ) ;
#262 = DIRECTION ( 'NONE',  ( 0.000000000000000000, 0.000000000000000000, 1.000000000000000000 ) ) ;
#263 = EDGE_CURVE ( 'NONE', #284, #118, #2255, .T. ) ;
#264 = CIRCLE ( 'NONE', #3512, 5.000000000000002665 ) ;
#265 = DIRECTION ( 'NONE',  ( 0.000000000000000000, 0.000000000000000000, 1.000000000000000000 ) ) ;
#266 = AXIS2_PLACEMENT_3D ( 'NONE', #2959, #986, #1997 ) ;
#267 = VERTEX_POINT ( 'NONE', #3203 ) ;
#268 = CYLINDRICAL_SURFACE ( 'NONE', #1969, 1.500000000000000222 ) ;
#269 = VERTEX_POINT ( 'NONE', #3889 ) ;
#270 = DIRECTION ( 'NONE',  ( -1.000000000000000000, 0.000000000000000000, -0.000000000000000000 ) ) ;
#271 = AXIS2_PLACEMENT_3D ( 'NONE', #2865, #152, #809 ) ;
#272 = VECTOR ( 'NONE', #2686, 1000.000000000000000 ) ;
#273 = LINE ( 'NONE', #3632, #679 ) ;
#274 = PLANE ( 'NONE',  #526 ) ;
#275 = ORIENTED_EDGE ( 'NONE', *, *, #1574, .T. ) ;
#276 = SECURITY_CLASSIFICATION ( '', '', #242 ) ;
#277 = DIRECTION ( 'NONE',  ( -0.6448033618068583772, 0.000000000000000000, -0.7643484968275749969 ) ) ;
#278 = VERTEX_POINT ( 'NONE', #485 ) ;
#279 = CARTESIAN_POINT ( 'NONE',  ( -3.073379630000717899, 5.099999999999999645, -45.89721492258431823 ) ) ;
#280 = DIRECTION ( 'NONE',  ( -0.000000000000000000, 1.000000000000000000, -0.000000000000000000 ) ) ;
#281 = EDGE_CURVE ( 'NONE', #1912, #4065, #1914, .T. ) ;
#282 = CARTESIAN_POINT ( 'NONE',  ( 0.000000000000000000, 0.000000000000000000, -51.00000000000000000 ) ) ;
#283 = PERSON_AND_ORGANIZATION_ROLE ( 'creator' ) ;
#284 = VERTEX_POINT ( 'NONE', #172 ) ;
#285 = DIRECTION ( 'NONE',  ( -1.000000000000000000, -0.000000000000000000, -0.000000000000000000 ) ) ;
#286 = ORIENTED_EDGE ( 'NONE', *, *, #543, .F. ) ;
#287 = EDGE_CURVE ( 'NONE', #1773, #2691, #2191, .T. ) ;
#288 = ADVANCED_FACE ( 'NONE', ( #524 ), #149, .F. ) ;
#289 = CARTESIAN_POINT ( 'NONE',  ( 4.000000000000000000, 4.591200850003427978E-16, -3.749000000000000554 ) ) ;
#290 = VECTOR ( 'NONE', #696, 1000.000000000000000 ) ;
#291 = ORIENTED_EDGE ( 'NONE', *, *, #1491, .T. ) ;
#292 = ORIENTED_EDGE ( 'NONE', *, *, #2742, .T. ) ;
#293 = CIRCLE ( 'NONE', #1419, 2.000000000000000444 ) ;
#294 = EDGE_LOOP ( 'NONE', ( #2908, #3961, #444, #1895, #98 ) ) ;
#295 = DIRECTION ( 'NONE',  ( 1.000000000000000000, 0.000000000000000000, 0.000000000000000000 ) ) ;
#296 = AXIS2_PLACEMENT_3D ( 'NONE', #1204, #2180, #217 ) ;
#297 = CARTESIAN_POINT ( 'NONE',  ( 0.000000000000000000, 3.343279438444378027, -1.696314710327964992 ) ) ;
#298 = ORIENTED_EDGE ( 'NONE', *, *, #2251, .F. ) ;
#299 = CARTESIAN_POINT ( 'NONE',  ( -43.89771815432407465, 5.099999999999999645, -0.5592394352402287883 ) ) ;
#300 = CARTESIAN_POINT ( 'NONE',  ( 0.000000000000000000, 0.09999999999999939493, 0.000000000000000000 ) ) ;
#301 = CARTESIAN_POINT ( 'NONE',  ( 0.000000000000000000, 0.000000000000000000, 0.000000000000000000 ) ) ;
#302 = ORIENTED_EDGE ( 'NONE', *, *, #1753, .T. ) ;
#303 = CIRCLE ( 'NONE', #508, 51.00000000000000000 ) ;
#304 = LINE ( 'NONE', #2990, #608 ) ;
#305 = PERSON_AND_ORGANIZATION ( #561, #3796 ) ;
#306 = DIRECTION ( 'NONE',  ( 0.000000000000000000, 0.000000000000000000, 1.000000000000000000 ) ) ;
#307 = ORIENTED_EDGE ( 'NONE', *, *, #2378, .F. ) ;
#308 = EDGE_CURVE ( 'NONE', #86, #3371, #212, .T. ) ;
#309 = DIRECTION ( 'NONE',  ( -1.000000000000000000, 0.000000000000000000, 0.000000000000000000 ) ) ;
#310 = CYLINDRICAL_SURFACE ( 'NONE', #820, 2.000000000000000000 ) ;
#311 = ORIENTED_EDGE ( 'NONE', *, *, #2004, .F. ) ;
#312 = DIRECTION ( 'NONE',  ( 0.8343761439417599624, -1.775381057445012327E-15, 0.5511954738755385774 ) ) ;
#313 = ORIENTED_EDGE ( 'NONE', *, *, #1216, .T. ) ;
#314 = EDGE_CURVE ( 'NONE', #2612, #3630, #2466, .T. ) ;
#315 = VECTOR ( 'NONE', #2785, 1000.000000000000000 ) ;
#316 = CARTESIAN_POINT ( 'NONE',  ( 21.25707357954601662, 5.099999999999999645, -38.52449639948284243 ) ) ;
#317 = ORIENTED_EDGE ( 'NONE', *, *, #1625, .T. ) ;
#318 = EDGE_CURVE ( 'NONE', #2762, #2072, #2339, .T. ) ;
#319 = CARTESIAN_POINT ( 'NONE',  ( 4.000000000000000000, -3.343279438444365592, 1.696314710327990083 ) ) ;
#320 = DIRECTION ( 'NONE',  ( 0.000000000000000000, 0.000000000000000000, 1.000000000000000000 ) ) ;
#321 = CARTESIAN_POINT ( 'NONE',  ( -39.01406911115321918, 0.09999999999999939493, 24.37011307709014929 ) ) ;
#322 = VERTEX_POINT ( 'NONE', #3026 ) ;
#323 = CARTESIAN_POINT ( 'NONE',  ( 0.000000000000000000, 5.099999999999999645, 0.000000000000000000 ) ) ;
#324 = EDGE_LOOP ( 'NONE', ( #3788, #1496, #1342, #354, #479, #3864 ) ) ;
#325 = FACE_OUTER_BOUND ( 'NONE', #928, .T. ) ;
#326 = VERTEX_POINT ( 'NONE', #3960 ) ;
#327 = CARTESIAN_POINT ( 'NONE',  ( 14.46416544611106580, 0.000000000000000000, -42.27269200246188063 ) ) ;
#328 = VECTOR ( 'NONE', #3875, 1000.000000000000114 ) ;
#329 = DIRECTION ( 'NONE',  ( -1.000000000000000000, 0.000000000000000000, 0.000000000000000000 ) ) ;
#330 = DIRECTION ( 'NONE',  ( -0.000000000000000000, 1.000000000000000000, -0.000000000000000000 ) ) ;
#331 = VECTOR ( 'NONE', #3292, 1000.000000000000000 ) ;
#332 = CIRCLE ( 'NONE', #1308, 4.999999999999998224 ) ;
#333 = ORIENTED_EDGE ( 'NONE', *, *, #230, .T. ) ;
#334 = ADVANCED_FACE ( 'NONE', ( #654 ), #268, .F. ) ;
#335 = VERTEX_POINT ( 'NONE', #1998 ) ;
#336 = CARTESIAN_POINT ( 'NONE',  ( 35.08022401018764924, 0.000000000000000000, 26.55895109741814508 ) ) ;
#337 = ADVANCED_FACE ( 'NONE', ( #1668 ), #3367, .T. ) ;
#338 = CIRCLE ( 'NONE', #2804, 3.749000000000000554 ) ;
#339 = FACE_OUTER_BOUND ( 'NONE', #1858, .T. ) ;
#340 = CARTESIAN_POINT ( 'NONE',  ( 0.000000000000000000, 5.099999999999999645, 0.000000000000000000 ) ) ;
#341 = AXIS2_PLACEMENT_3D ( 'NONE', #3720, #686, #1765 ) ;
#342 = DIRECTION ( 'NONE',  ( 0.000000000000000000, 0.000000000000000000, -1.000000000000000000 ) ) ;
#343 = DIRECTION ( 'NONE',  ( -1.000000000000000000, 0.000000000000000000, -0.000000000000000000 ) ) ;
#344 = DIRECTION ( 'NONE',  ( -0.3539493496241843951, -0.000000000000000000, 0.9352645924553205647 ) ) ;
#345 = VERTEX_POINT ( 'NONE', #919 ) ;
#346 = APPROVAL_DATE_TIME ( #2430, #4108 ) ;
#347 = CC_DESIGN_APPROVAL ( #125, ( #3799 ) ) ;
#348 = ORIENTED_EDGE ( 'NONE', *, *, #3094, .T. ) ;
#349 = CARTESIAN_POINT ( 'NONE',  ( 0.000000000000000000, 0.000000000000000000, 0.000000000000000000 ) ) ;
#350 = DIRECTION ( 'NONE',  ( -1.000000000000000000, 0.000000000000000000, 0.000000000000000000 ) ) ;
#351 = ORIENTED_EDGE ( 'NONE', *, *, #3898, .F. ) ;
#352 = DIRECTION ( 'NONE',  ( 0.000000000000000000, 1.000000000000000000, 0.000000000000000000 ) ) ;
#353 = VECTOR ( 'NONE', #2130, 1000.000000000000000 ) ;
#354 = ORIENTED_EDGE ( 'NONE', *, *, #314, .T. ) ;
#355 = CARTESIAN_POINT ( 'NONE',  ( 0.000000000000000000, 5.099999999999999645, 0.000000000000000000 ) ) ;
#356 = VERTEX_POINT ( 'NONE', #3669 ) ;
#357 = ORIENTED_EDGE ( 'NONE', *, *, #1916, .F. ) ;
#358 = EDGE_CURVE ( 'NONE', #3467, #2122, #636, .T. ) ;
#359 = CARTESIAN_POINT ( 'NONE',  ( 2.000000000000000000, 3.429832919317929552, -4.923032210494160843 ) ) ;
#360 = AXIS2_PLACEMENT_3D ( 'NONE', #4117, #776, #1068 ) ;
#361 = DIRECTION ( 'NONE',  ( 0.000000000000000000, 0.000000000000000000, -1.000000000000000000 ) ) ;
#362 = CYLINDRICAL_SURFACE ( 'NONE', #204, 1.999999999999999556 ) ;
#363 = CARTESIAN_POINT ( 'NONE',  ( 0.000000000000000000, -2.646421322368391671, -2.655457622428558651 ) ) ;
#364 = DIRECTION ( 'NONE',  ( -1.000000000000000000, 0.000000000000000000, 0.000000000000000000 ) ) ;
#365 = AXIS2_PLACEMENT_3D ( 'NONE', #1617, #1263, #216 ) ;
#366 = DIRECTION ( 'NONE',  ( 0.000000000000000000, 0.000000000000000000, 1.000000000000000000 ) ) ;
#367 = EDGE_CURVE ( 'NONE', #2688, #2156, #2469, .T. ) ;
#368 = ORIENTED_EDGE ( 'NONE', *, *, #645, .T. ) ;
#369 = APPROVAL_DATE_TIME ( #1723, #3524 ) ;
#370 = ORIENTED_EDGE ( 'NONE', *, *, #1356, .T. ) ;
#371 = EDGE_CURVE ( 'NONE', #1535, #3201, #914, .T. ) ;
#372 = LINE ( 'NONE', #3703, #534 ) ;
#373 = DIRECTION ( 'NONE',  ( -1.000000000000000000, 0.000000000000000000, 0.000000000000000000 ) ) ;
#374 = VERTEX_POINT ( 'NONE', #4040 ) ;
#375 = FACE_OUTER_BOUND ( 'NONE', #546, .T. ) ;
#376 = ORIENTED_EDGE ( 'NONE', *, *, #1441, .T. ) ;
#377 = EDGE_LOOP ( 'NONE', ( #2583, #38, #2162, #3701, #1865 ) ) ;
#378 = EDGE_LOOP ( 'NONE', ( #3920, #370, #4311, #3880 ) ) ;
#379 = DIRECTION ( 'NONE',  ( 0.000000000000000000, 1.000000000000000000, 0.000000000000000000 ) ) ;
#380 = DIRECTION ( 'NONE',  ( -0.7035303326244776168, 0.000000000000000000, -0.7106652313693783141 ) ) ;
#381 = CARTESIAN_POINT ( 'NONE',  ( 17.56921330411507753, 0.000000000000000000, 47.87820740038733192 ) ) ;
#382 = EDGE_CURVE ( 'NONE', #2183, #1353, #2543, .T. ) ;
#383 = CARTESIAN_POINT ( 'NONE',  ( 4.000000000000000000, -0.5801609955211061154, -3.703837769027682914 ) ) ;
#384 = CARTESIAN_POINT ( 'NONE',  ( 29.66095464311549534, 0.09999999999999939493, 35.16003085406845940 ) ) ;
#385 = SHAPE_DEFINITION_REPRESENTATION ( #1967, #728 ) ;
#386 = EDGE_CURVE ( 'NONE', #3859, #3046, #2613, .T. ) ;
#387 = ORIENTED_EDGE ( 'NONE', *, *, #1328, .F. ) ;
#388 = AXIS2_PLACEMENT_3D ( 'NONE', #4003, #1634, #3633 ) ;
#389 = DIRECTION ( 'NONE',  ( -1.000000000000000000, -0.000000000000000000, -0.000000000000000000 ) ) ;
#390 = AXIS2_PLACEMENT_3D ( 'NONE', #3442, #344, #1089 ) ;
#391 = EDGE_CURVE ( 'NONE', #597, #4266, #429, .T. ) ;
#392 = ORIENTED_EDGE ( 'NONE', *, *, #421, .F. ) ;
#393 = DIRECTION ( 'NONE',  ( 1.000000000000000000, 0.000000000000000000, 0.000000000000000000 ) ) ;
#394 = CARTESIAN_POINT ( 'NONE',  ( -10.00000000000000000, 0.000000000000000000, 0.000000000000000000 ) ) ;
#395 = CIRCLE ( 'NONE', #817, 2.000000000000000000 ) ;
#396 = APPROVAL ( #3044, 'UNSPECIFIED' ) ;
#397 = ORIENTED_EDGE ( 'NONE', *, *, #3588, .T. ) ;
#398 = EDGE_LOOP ( 'NONE', ( #224, #1187, #523, #3298 ) ) ;
#399 = AXIS2_PLACEMENT_3D ( 'NONE', #439, #1499, #3841 ) ;
#400 = DIRECTION ( 'NONE',  ( 0.4271853285685922597, 0.000000000000000000, -0.9041640863558692010 ) ) ;
#401 = DIRECTION ( 'NONE',  ( -1.000000000000000000, -0.000000000000000000, -0.000000000000000000 ) ) ;
#402 = DIRECTION ( 'NONE',  ( 0.000000000000000000, 0.000000000000000000, -1.000000000000000000 ) ) ;
#403 = DIRECTION ( 'NONE',  ( -0.000000000000000000, 1.000000000000000000, -0.000000000000000000 ) ) ;
#404 = DIRECTION ( 'NONE',  ( -1.000000000000000000, -0.000000000000000000, -0.000000000000000000 ) ) ;
#405 = CIRCLE ( 'NONE', #2517, 3.749000000000000554 ) ;
#406 = LINE ( 'NONE', #2106, #315 ) ;
#407 = DIRECTION ( 'NONE',  ( 0.000000000000000000, 0.000000000000000000, -1.000000000000000000 ) ) ;
#408 = CIRCLE ( 'NONE', #3941, 5.000000000000000000 ) ;
#409 = AXIS2_PLACEMENT_3D ( 'NONE', #3486, #3088, #4190 ) ;
#410 = CIRCLE ( 'NONE', #3657, 2.000000000000000000 ) ;
#411 = DATE_AND_TIME ( #4142, #1610 ) ;
#412 = ORIENTED_EDGE ( 'NONE', *, *, #2086, .T. ) ;
#413 = AXIS2_PLACEMENT_3D ( 'NONE', #2694, #4047, #642 ) ;
#414 = CARTESIAN_POINT ( 'NONE',  ( 4.000000000000000000, 3.667230379735545664, -2.937171579486217432 ) ) ;
#415 = EDGE_CURVE ( 'NONE', #4266, #1341, #3050, .T. ) ;
#416 = LOCAL_TIME ( 2, 31, 6.000000000000000000, #2787 ) ;
#417 = CARTESIAN_POINT ( 'NONE',  ( 4.000000000000000000, -2.646421322368430751, 2.655457622428520459 ) ) ;
#418 = ORIENTED_EDGE ( 'NONE', *, *, #2091, .F. ) ;
#419 = ORIENTED_EDGE ( 'NONE', *, *, #2894, .F. ) ;
#420 = ORIENTED_EDGE ( 'NONE', *, *, #2258, .T. ) ;
#421 = EDGE_CURVE ( 'NONE', #2270, #515, #3469, .T. ) ;
#422 = EDGE_CURVE ( 'NONE', #1428, #2356, #1555, .T. ) ;
#423 = DIRECTION ( 'NONE',  ( -0.000000000000000000, 1.000000000000000000, -0.000000000000000000 ) ) ;
#424 = DIRECTION ( 'NONE',  ( 0.000000000000000000, 0.000000000000000000, 1.000000000000000000 ) ) ;
#425 = ORIENTED_EDGE ( 'NONE', *, *, #3962, .F. ) ;
#426 = ORIENTED_EDGE ( 'NONE', *, *, #2224, .T. ) ;
#427 = DIRECTION ( 'NONE',  ( 0.000000000000000000, -0.000000000000000000, 1.000000000000000000 ) ) ;
#428 = DIRECTION ( 'NONE',  ( 1.000000000000000000, 0.000000000000000000, 0.000000000000000000 ) ) ;
#429 = CIRCLE ( 'NONE', #2891, 2.000000000000000000 ) ;
#430 = DIRECTION ( 'NONE',  ( 0.000000000000000000, 0.000000000000000000, 1.000000000000000000 ) ) ;
#431 = VECTOR ( 'NONE', #4372, 1000.000000000000000 ) ;
#432 = PERSON_AND_ORGANIZATION ( #561, #3796 ) ;
#433 = VECTOR ( 'NONE', #188, 1000.000000000000000 ) ;
#434 = ORIENTED_EDGE ( 'NONE', *, *, #1513, .T. ) ;
#435 = DIRECTION ( 'NONE',  ( 0.000000000000000000, 1.000000000000000000, 0.000000000000000000 ) ) ;
#436 = EDGE_CURVE ( 'NONE', #3624, #2773, #3959, .T. ) ;
#437 = DIRECTION ( 'NONE',  ( 0.000000000000000000, -6.938893903907229955E-15, 1.000000000000000000 ) ) ;
#438 = DIRECTION ( 'NONE',  ( 0.9879893713283625090, 0.000000000000000000, 0.1545218500477754386 ) ) ;
#439 = CARTESIAN_POINT ( 'NONE',  ( 0.000000000000000000, 0.000000000000000000, 0.000000000000000000 ) ) ;
#440 = DIRECTION ( 'NONE',  ( 0.4831153086260459584, -2.664426838883126358E-15, -0.8755567363518829138 ) ) ;
#441 = ADVANCED_FACE ( 'NONE', ( #1314 ), #2395, .T. ) ;
#442 = CARTESIAN_POINT ( 'NONE',  ( 0.000000000000000000, -5.741958523657291202, -1.740664330822961903 ) ) ;
#443 = VERTEX_POINT ( 'NONE', #2319 ) ;
#444 = ORIENTED_EDGE ( 'NONE', *, *, #382, .F. ) ;
#445 = CARTESIAN_POINT ( 'NONE',  ( 2.000000000000000000, 0.1188926102944909413, 5.998821929947356857 ) ) ;
#446 = CARTESIAN_POINT ( 'NONE',  ( 4.000000000000000000, -3.667230379735525680, 2.937171579486243633 ) ) ;
#447 = LINE ( 'NONE', #2127, #3995 ) ;
#448 = ADVANCED_FACE ( 'NONE', ( #139 ), #159, .T. ) ;
#449 = ORIENTED_EDGE ( 'NONE', *, *, #789, .T. ) ;
#450 = DIRECTION ( 'NONE',  ( -0.000000000000000000, 1.000000000000000000, -0.000000000000000000 ) ) ;
#451 = CARTESIAN_POINT ( 'NONE',  ( 4.000000000000000000, -3.926652679773682042, -2.580107415946675697 ) ) ;
#452 = AXIS2_PLACEMENT_3D ( 'NONE', #3180, #1544, #855 ) ;
#453 = ORIENTED_EDGE ( 'NONE', *, *, #2958, .T. ) ;
#454 = ORIENTED_EDGE ( 'NONE', *, *, #2977, .T. ) ;
#455 = ORIENTED_EDGE ( 'NONE', *, *, #3767, .F. ) ;
#456 = DIRECTION ( 'NONE',  ( 0.000000000000000000, 0.000000000000000000, 1.000000000000000000 ) ) ;
#457 = CIRCLE ( 'NONE', #1023, 7.758387151172469132 ) ;
#458 = DIRECTION ( 'NONE',  ( -1.000000000000000000, 0.000000000000000000, 0.000000000000000000 ) ) ;
#459 = DIRECTION ( 'NONE',  ( -1.000000000000000000, -0.000000000000000000, -0.000000000000000000 ) ) ;
#460 = ORIENTED_EDGE ( 'NONE', *, *, #3066, .F. ) ;
#461 = EDGE_LOOP ( 'NONE', ( #1714, #1811, #4197, #376 ) ) ;
#463 = ADVANCED_FACE ( 'NONE', ( #4189 ), #490, .T. ) ;
#462 = DIRECTION ( 'NONE',  ( 0.000000000000000000, 0.000000000000000000, -1.000000000000000000 ) ) ;
#464 = AXIS2_PLACEMENT_3D ( 'NONE', #133, #1779, #2126 ) ;
#465 = AXIS2_PLACEMENT_3D ( 'NONE', #3012, #1720, #4339 ) ;
#466 = DIRECTION ( 'NONE',  ( 0.000000000000000000, 1.000000000000000000, -0.000000000000000000 ) ) ;
#467 = AXIS2_PLACEMENT_3D ( 'NONE', #1975, #2291, #1623 ) ;
#469 = EDGE_CURVE ( 'NONE', #1773, #2970, #1338, .T. ) ;
#468 = CYLINDRICAL_SURFACE ( 'NONE', #1666, 51.00000000000000000 ) ;
#470 = AXIS2_PLACEMENT_3D ( 'NONE', #2945, #4293, #1260 ) ;
#471 = CALENDAR_DATE ( 2025, 5, 10 ) ;
#472 = ORIENTED_EDGE ( 'NONE', *, *, #888, .F. ) ;
#473 = CARTESIAN_POINT ( 'NONE',  ( 4.000000000000000000, 4.693277837368734495, 0.2206777892320367918 ) ) ;
#474 = VECTOR ( 'NONE', #4087, 1000.000000000000000 ) ;
#475 = LINE ( 'NONE', #1815, #969 ) ;
#476 = VECTOR ( 'NONE', #2237, 1000.000000000000000 ) ;
#477 = LINE ( 'NONE', #2835, #3147 ) ;
#478 = AXIS2_PLACEMENT_3D ( 'NONE', #3692, #661, #3355 ) ;
#479 = ORIENTED_EDGE ( 'NONE', *, *, #1470, .F. ) ;
#480 = ORIENTED_EDGE ( 'NONE', *, *, #3172, .F. ) ;
#481 = ORGANIZATION ( 'NAUO-ORG1', 'UNSPECIFIED', 'UNSPECIFIED' ) ;
#482 = CARTESIAN_POINT ( 'NONE',  ( 4.000000000000000000, -2.646421322368391671, -2.655457622428558651 ) ) ;
#483 = ORIENTED_EDGE ( 'NONE', *, *, #1943, .T. ) ;
#484 = VERTEX_POINT ( 'NONE', #2483 ) ;
#485 = CARTESIAN_POINT ( 'NONE',  ( -50.99587120835578702, 0.09999999999999939493, -0.6489373627566982217 ) ) ;
#486 = CARTESIAN_POINT ( 'NONE',  ( 0.000000000000000000, 5.099999999999999645, 0.000000000000000000 ) ) ;
#487 = ORIENTED_EDGE ( 'NONE', *, *, #1328, .T. ) ;
#488 = CARTESIAN_POINT ( 'NONE',  ( -3.407442633261665410, 5.099999999999999645, -50.88604263156086915 ) ) ;
#489 = EDGE_CURVE ( 'NONE', #322, #4106, #3813, .T. ) ;
#490 = TOROIDAL_SURFACE ( 'NONE', #2966, 46.00000000000000000, 5.000000000000000000 ) ;
#491 = VERTEX_POINT ( 'NONE', #1180 ) ;
#492 = DIRECTION ( 'NONE',  ( -0.1293309779841641804, 0.000000000000000000, -0.9916014815104198243 ) ) ;
#493 = ADVANCED_FACE ( 'NONE', ( #2709 ), #2377, .F. ) ;
#494 = DIRECTION ( 'NONE',  ( -1.000000000000000000, 0.000000000000000000, 0.000000000000000000 ) ) ;
#495 = DIRECTION ( 'NONE',  ( 0.000000000000000000, 0.000000000000000000, 1.000000000000000000 ) ) ;
#496 = CIRCLE ( 'NONE', #296, 51.00000000000000000 ) ;
#497 = ORIENTED_EDGE ( 'NONE', *, *, #3923, .F. ) ;
#498 = EDGE_CURVE ( 'NONE', #2045, #2661, #4096, .T. ) ;
#499 = CARTESIAN_POINT ( 'NONE',  ( -2.002551020450932029, 5.099999999999999645, 44.63389043324335859 ) ) ;
#500 = ORIENTED_EDGE ( 'NONE', *, *, #1470, .T. ) ;
#501 = CALENDAR_DATE ( 2025, 5, 10 ) ;
#502 = DIRECTION ( 'NONE',  ( -1.000000000000000000, 0.000000000000000000, 0.000000000000000000 ) ) ;
#503 = ORIENTED_EDGE ( 'NONE', *, *, #314, .F. ) ;
#504 = CYLINDRICAL_SURFACE ( 'NONE', #114, 2.000000000000000000 ) ;
#505 = CARTESIAN_POINT ( 'NONE',  ( 4.000000000000000000, -1.660179660520995082, 4.395379282859360970 ) ) ;
#506 = DIRECTION ( 'NONE',  ( -1.000000000000000000, -0.000000000000000000, -0.000000000000000000 ) ) ;
#507 = ORIENTED_EDGE ( 'NONE', *, *, #2837, .F. ) ;
#508 = AXIS2_PLACEMENT_3D ( 'NONE', #1008, #698, #3649 ) ;
#509 = CARTESIAN_POINT ( 'NONE',  ( 0.000000000000000000, 0.000000000000000000, 0.000000000000000000 ) ) ;
#510 = DIRECTION ( 'NONE',  ( -0.000000000000000000, -1.000000000000000000, -0.000000000000000000 ) ) ;
#511 = DIRECTION ( 'NONE',  ( 0.000000000000000000, 0.000000000000000000, -1.000000000000000000 ) ) ;
#512 = AXIS2_PLACEMENT_3D ( 'NONE', #1682, #4098, #53 ) ;
#513 = EDGE_CURVE ( 'NONE', #1652, #2750, #2177, .T. ) ;
#514 = DIRECTION ( 'NONE',  ( 0.000000000000000000, 0.000000000000000000, -1.000000000000000000 ) ) ;
#515 = VERTEX_POINT ( 'NONE', #1812 ) ;
#516 = DIRECTION ( 'NONE',  ( 0.000000000000000000, 0.000000000000000000, -1.000000000000000000 ) ) ;
#517 = CARTESIAN_POINT ( 'NONE',  ( 0.000000000000000000, 5.741958523657303637, 1.740664330822922157 ) ) ;
#518 = EDGE_CURVE ( 'NONE', #3182, #326, #3169, .T. ) ;
#519 = CARTESIAN_POINT ( 'NONE',  ( 4.000000000000000000, -1.240425561619457495, -4.531765657166964445 ) ) ;
#520 = CIRCLE ( 'NONE', #659, 5.999999999999998224 ) ;
#521 = ADVANCED_FACE ( 'NONE', ( #1489 ), #3881, .F. ) ;
#522 = CARTESIAN_POINT ( 'NONE',  ( -32.43616245113830843, 5.099999999999999645, -22.96762685375414392 ) ) ;
#523 = ORIENTED_EDGE ( 'NONE', *, *, #925, .T. ) ;
#524 = FACE_OUTER_BOUND ( 'NONE', #324, .T. ) ;
#525 = CARTESIAN_POINT ( 'NONE',  ( -36.24392679983829879, 5.099999999999999645, 35.88004696384835768 ) ) ;
#526 = AXIS2_PLACEMENT_3D ( 'NONE', #1965, #576, #2279 ) ;
#527 = LINE ( 'NONE', #838, #3021 ) ;
#528 = APPROVAL ( #1228, 'UNKNOWN' ) ;
#529 = DIRECTION ( 'NONE',  ( 0.000000000000000000, 0.000000000000000000, 1.000000000000000000 ) ) ;
#530 = VERTEX_POINT ( 'NONE', #119 ) ;
#531 = CARTESIAN_POINT ( 'NONE',  ( 0.000000000000000000, 0.000000000000000000, 0.000000000000000000 ) ) ;
#532 = AXIS2_PLACEMENT_3D ( 'NONE', #2521, #1526, #2586 ) ;
#533 = CIRCLE ( 'NONE', #464, 7.758395318950915609 ) ;
#534 = VECTOR ( 'NONE', #3342, 1000.000000000000000 ) ;
#535 = ORIENTED_EDGE ( 'NONE', *, *, #3734, .T. ) ;
#536 = CARTESIAN_POINT ( 'NONE',  ( -32.43616245113830843, 0.000000000000000000, -30.72601400492420964 ) ) ;
#537 = DIRECTION ( 'NONE',  ( -0.000000000000000000, 1.000000000000000000, -0.000000000000000000 ) ) ;
#538 = AXIS2_PLACEMENT_3D ( 'NONE', #1123, #147, #1823 ) ;
#539 = CARTESIAN_POINT ( 'NONE',  ( 4.000000000000000000, -3.926652679773682042, -2.580107415946675697 ) ) ;
#540 = DIRECTION ( 'NONE',  ( 0.000000000000000000, 0.000000000000000000, 1.000000000000000000 ) ) ;
#541 = TOROIDAL_SURFACE ( 'NONE', #1529, 46.00000000000000000, 5.000000000000000000 ) ;
#542 = FACE_OUTER_BOUND ( 'NONE', #4158, .T. ) ;
#543 = EDGE_CURVE ( 'NONE', #3139, #1053, #2132, .T. ) ;
#544 = AXIS2_PLACEMENT_3D ( 'NONE', #2743, #401, #1422 ) ;
#545 = CIRCLE ( 'NONE', #183, 5.999999999999999112 ) ;
#546 = EDGE_LOOP ( 'NONE', ( #3178, #2680, #2491, #2437 ) ) ;
#547 = ORIENTED_EDGE ( 'NONE', *, *, #556, .T. ) ;
#548 = CARTESIAN_POINT ( 'NONE',  ( -10.00000000000000000, 0.000000000000000000, 0.000000000000000000 ) ) ;
#549 = ORIENTED_EDGE ( 'NONE', *, *, #1995, .F. ) ;
#550 = EDGE_CURVE ( 'NONE', #12, #443, #1624, .T. ) ;
#551 = EDGE_CURVE ( 'NONE', #4331, #664, #2473, .T. ) ;
#552 = VECTOR ( 'NONE', #624, 1000.000000000000000 ) ;
#553 = CARTESIAN_POINT ( 'NONE',  ( 0.000000000000000000, 3.926652679773700250, -0.5801074159466484970 ) ) ;
#554 = LOCAL_TIME ( 2, 31, 6.000000000000000000, #1427 ) ;
#555 = DIRECTION ( 'NONE',  ( 0.000000000000000000, 1.000000000000000000, 0.000000000000000000 ) ) ;
#556 = EDGE_CURVE ( 'NONE', #2819, #1874, #3418, .T. ) ;
#557 = DATE_AND_TIME ( #1259, #1119 ) ;
#558 = CIRCLE ( 'NONE', #979, 7.758387151174702900 ) ;
#559 = ORIENTED_EDGE ( 'NONE', *, *, #3343, .F. ) ;
#560 = CARTESIAN_POINT ( 'NONE',  ( 0.000000000000000000, -3.429832919317894468, 4.923032210494185712 ) ) ;
#561 = PERSON ( 'UNSPECIFIED', 'UNSPECIFIED', 'UNSPECIFIED', ('UNSPECIFIED'), ('UNSPECIFIED'), ('UNSPECIFIED') ) ;
#562 = CARTESIAN_POINT ( 'NONE',  ( 43.95961134875444287, 5.099999999999999645, 13.54815744175047421 ) ) ;
#563 = DIRECTION ( 'NONE',  ( -0.9556437249729258232, 0.000000000000000000, -0.2945251617771748043 ) ) ;
#564 = DIRECTION ( 'NONE',  ( 0.000000000000000000, -6.938893903907228378E-15, 1.000000000000000000 ) ) ;
#565 = ORIENTED_EDGE ( 'NONE', *, *, #4063, .T. ) ;
#566 = AXIS2_PLACEMENT_3D ( 'NONE', #1984, #3347, #987 ) ;
#567 = LINE ( 'NONE', #241, #1161 ) ;
#568 = APPLICATION_CONTEXT ( 'configuration controlled 3d designs of mechanical parts and assemblies' ) ;
#569 = AXIS2_PLACEMENT_3D ( 'NONE', #4201, #3563, #3543 ) ;
#570 = DIRECTION ( 'NONE',  ( -0.000000000000000000, 1.000000000000000000, -0.000000000000000000 ) ) ;
#571 = ADVANCED_FACE ( 'NONE', ( #375 ), #94, .F. ) ;
#572 = DIRECTION ( 'NONE',  ( -0.9628288983219549513, 0.000000000000000000, 0.2701120370441320029 ) ) ;
#573 = ORIENTED_EDGE ( 'NONE', *, *, #2390, .F. ) ;
#574 = CARTESIAN_POINT ( 'NONE',  ( 0.000000000000000000, -4.693277837368735383, 0.2206777892320033740 ) ) ;
#575 = EDGE_CURVE ( 'NONE', #2819, #585, #2789, .T. ) ;
#576 = DIRECTION ( 'NONE',  ( 0.2945251617771750263, 0.000000000000000000, -0.9556437249729258232 ) ) ;
#577 = EDGE_LOOP ( 'NONE', ( #2758, #275, #351, #1639 ) ) ;
#578 = EDGE_CURVE ( 'NONE', #284, #374, #1468, .T. ) ;
#579 = ORIENTED_EDGE ( 'NONE', *, *, #2257, .T. ) ;
#580 = CARTESIAN_POINT ( 'NONE',  ( 6.595879877192315277, 0.09999999999999939493, 50.57167555703142625 ) ) ;
#581 = DIRECTION ( 'NONE',  ( -1.000000000000000000, 0.000000000000000000, 0.000000000000000000 ) ) ;
#582 = CARTESIAN_POINT ( 'NONE',  ( 4.000000000000000000, -3.926652679773682042, -0.5801074159466758084 ) ) ;
#583 = CC_DESIGN_DATE_AND_TIME_ASSIGNMENT ( #557, #1902, ( #1448 ) ) ;
#584 = DIRECTION ( 'NONE',  ( -0.1293309779841641249, 0.000000000000000000, -0.9916014815104199354 ) ) ;
#585 = VERTEX_POINT ( 'NONE', #580 ) ;
#586 = ORIENTED_EDGE ( 'NONE', *, *, #925, .F. ) ;
#587 = ORIENTED_EDGE ( 'NONE', *, *, #3683, .F. ) ;
#588 = ORIENTED_EDGE ( 'NONE', *, *, #1672, .T. ) ;
#589 = PRODUCT_DEFINITION_SHAPE ( 'NONE', 'NONE',  #4374 ) ;
#590 = CARTESIAN_POINT ( 'NONE',  ( 40.66116873908136142, 0.000000000000000000, 30.78423877200747327 ) ) ;
#591 = CARTESIAN_POINT ( 'NONE',  ( 0.000000000000000000, 0.09999999999999939493, 0.000000000000000000 ) ) ;
#592 = ORIENTED_EDGE ( 'NONE', *, *, #518, .F. ) ;
#593 = EDGE_CURVE ( 'NONE', #3940, #1596, #3895, .T. ) ;
#594 = AXIS2_PLACEMENT_3D ( 'NONE', #4217, #3357, #2600 ) ;
#595 = CIRCLE ( 'NONE', #3892, 2.000000000000000000 ) ;
#596 = DIRECTION ( 'NONE',  ( 0.000000000000000000, 1.000000000000000000, 0.000000000000000000 ) ) ;
#597 = VERTEX_POINT ( 'NONE', #929 ) ;
#598 = DIRECTION ( 'NONE',  ( 0.000000000000000000, 0.000000000000000000, -1.000000000000000000 ) ) ;
#599 = ADVANCED_FACE ( 'NONE', ( #1616 ), #2305, .F. ) ;
#600 = AXIS2_PLACEMENT_3D ( 'NONE', #4251, #3896, #3569 ) ;
#601 = LINE ( 'NONE', #1532, #2128 ) ;
#602 = LINE ( 'NONE', #4091, #1450 ) ;
#603 = CARTESIAN_POINT ( 'NONE',  ( -36.71255033343739171, 5.099999999999999645, -24.25260085052364190 ) ) ;
#604 = PERSON_AND_ORGANIZATION ( #561, #3796 ) ;
#605 = VERTEX_POINT ( 'NONE', #2921 ) ;
#606 = AXIS2_PLACEMENT_3D ( 'NONE', #4012, #364, #1020 ) ;
#607 = ORIENTED_EDGE ( 'NONE', *, *, #3908, .F. ) ;
#608 = VECTOR ( 'NONE', #4340, 1000.000000000000000 ) ;
#609 = DIRECTION ( 'NONE',  ( -0.6640445320084762404, 0.000000000000000000, 0.7476930249170736786 ) ) ;
#610 = CIRCLE ( 'NONE', #3087, 2.000000000000000000 ) ;
#611 = DIRECTION ( 'NONE',  ( 0.000000000000000000, 1.000000000000000000, 0.000000000000000000 ) ) ;
#612 = ORIENTED_EDGE ( 'NONE', *, *, #3555, .F. ) ;
#613 = ADVANCED_BREP_SHAPE_REPRESENTATION ( '', ( #69, #2593 ), #126 ) ;
#614 = ORIENTED_EDGE ( 'NONE', *, *, #2307, .F. ) ;
#615 = CYLINDRICAL_SURFACE ( 'NONE', #681, 7.758395318950915609 ) ;
#616 = AXIS2_PLACEMENT_3D ( 'NONE', #1946, #1279, #2968 ) ;
#617 = VECTOR ( 'NONE', #1664, 1000.000000000000000 ) ;
#618 = SHAPE_REPRESENTATION ( 'spur gear_am_Metric - Spur gear 1M 10T 20PA 4FW ---S10O10H15L3N', ( #2593 ), #829 ) ;
#619 = DIRECTION ( 'NONE',  ( -1.000000000000000000, 0.000000000000000000, -0.000000000000000000 ) ) ;
#620 = DIRECTION ( 'NONE',  ( -0.9781804873494003294, -0.000000000000000000, 0.2077569112421766839 ) ) ;
#621 = VERTEX_POINT ( 'NONE', #4274 ) ;
#622 = APPROVAL_PERSON_ORGANIZATION ( #4031, #3468, #2350 ) ;
#623 = LOCAL_TIME ( 2, 31, 6.000000000000000000, #2558 ) ;
#624 = DIRECTION ( 'NONE',  ( -1.000000000000000000, 0.000000000000000000, 0.000000000000000000 ) ) ;
#625 = ADVANCED_FACE ( 'NONE', ( #3240 ), #1220, .F. ) ;
#626 = DIRECTION ( 'NONE',  ( 0.000000000000000000, 0.000000000000000000, 1.000000000000000000 ) ) ;
#627 = ORIENTED_EDGE ( 'NONE', *, *, #1278, .F. ) ;
#628 = DIRECTION ( 'NONE',  ( -1.000000000000000000, -0.000000000000000000, -0.000000000000000000 ) ) ;
#629 = VERTEX_POINT ( 'NONE', #2971 ) ;
#630 = CARTESIAN_POINT ( 'NONE',  ( 0.000000000000000000, 0.09999999999999939493, 0.000000000000000000 ) ) ;
#631 = EDGE_CURVE ( 'NONE', #605, #2528, #1169, .T. ) ;
#632 = CARTESIAN_POINT ( 'NONE',  ( 50.85449539127584728, 0.09999999999999939493, 3.849714080123876059 ) ) ;
#633 = DIRECTION ( 'NONE',  ( 0.000000000000000000, 1.000000000000000000, 0.000000000000000000 ) ) ;
#634 = FACE_OUTER_BOUND ( 'NONE', #4004, .T. ) ;
#635 = ADVANCED_FACE ( 'NONE', ( #3660 ), #2617, .F. ) ;
#636 = LINE ( 'NONE', #2276, #2538 ) ;
#637 = ORIENTED_EDGE ( 'NONE', *, *, #137, .T. ) ;
#638 = CARTESIAN_POINT ( 'NONE',  ( -10.68079831663648882, 5.099999999999999645, -35.62493379770926083 ) ) ;
#639 = AXIS2_PLACEMENT_3D ( 'NONE', #2422, #3356, #320 ) ;
#640 = LINE ( 'NONE', #940, #3082 ) ;
#641 = VERTEX_POINT ( 'NONE', #1201 ) ;
#642 = DIRECTION ( 'NONE',  ( 0.000000000000000000, 0.000000000000000000, 1.000000000000000000 ) ) ;
#643 = CARTESIAN_POINT ( 'NONE',  ( 28.37134791950280643, 0.000000000000000000, 33.63133386041257467 ) ) ;
#644 = ORIENTED_EDGE ( 'NONE', *, *, #1684, .T. ) ;
#645 = EDGE_CURVE ( 'NONE', #3182, #1334, #1726, .T. ) ;
#646 = CARTESIAN_POINT ( 'NONE',  ( 7.880614352436555059, 0.000000000000000000, -50.38745793774648263 ) ) ;
#647 = VERTEX_POINT ( 'NONE', #2633 ) ;
#648 = ORIENTED_EDGE ( 'NONE', *, *, #1554, .F. ) ;
#649 = APPLICATION_CONTEXT ( 'configuration controlled 3d designs of mechanical parts and assemblies' ) ;
#650 = DIRECTION ( 'NONE',  ( -1.000000000000000000, 0.000000000000000000, 0.000000000000000000 ) ) ;
#651 = ADVANCED_FACE ( 'NONE', ( #1531 ), #4239, .T. ) ;
#652 = CARTESIAN_POINT ( 'NONE',  ( 0.000000000000000000, -1.240425561619457495, -4.531765657166964445 ) ) ;
#653 = ORIENTED_EDGE ( 'NONE', *, *, #2282, .F. ) ;
#654 = FACE_OUTER_BOUND ( 'NONE', #1565, .T. ) ;
#655 = VERTEX_POINT ( 'NONE', #3595 ) ;
#656 = EDGE_CURVE ( 'NONE', #326, #3105, #185, .T. ) ;
#657 = ORIENTED_EDGE ( 'NONE', *, *, #763, .F. ) ;
#658 = APPROVAL ( #2589, 'UNSPECIFIED' ) ;
#659 = AXIS2_PLACEMENT_3D ( 'NONE', #3890, #506, #3912 ) ;
#660 = DIRECTION ( 'NONE',  ( 0.000000000000000000, 0.000000000000000000, 1.000000000000000000 ) ) ;
#661 = DIRECTION ( 'NONE',  ( -1.000000000000000000, 0.000000000000000000, -0.000000000000000000 ) ) ;
#662 = DIRECTION ( 'NONE',  ( 0.4040392214186250275, 0.000000000000000000, 0.9147416616484849161 ) ) ;
#663 = DIRECTION ( 'NONE',  ( -0.7643484968275752189, -0.000000000000000000, 0.6448033618068585993 ) ) ;
#664 = VERTEX_POINT ( 'NONE', #560 ) ;
#665 = CARTESIAN_POINT ( 'NONE',  ( 14.46416544611106580, 5.099999999999999645, -42.27269200246188063 ) ) ;
#666 = DATE_AND_TIME ( #2412, #416 ) ;
#667 = ORIENTED_EDGE ( 'NONE', *, *, #1034, .T. ) ;
#668 = ORIENTED_EDGE ( 'NONE', *, *, #3057, .F. ) ;
#669 = LINE ( 'NONE', #4056, #3218 ) ;
#670 = CARTESIAN_POINT ( 'NONE',  ( 4.000000000000000000, 0.000000000000000000, 0.000000000000000000 ) ) ;
#671 = DIRECTION ( 'NONE',  ( 2.131628207280300558E-14, 0.000000000000000000, 1.000000000000000000 ) ) ;
#672 = EDGE_CURVE ( 'NONE', #2970, #4281, #740, .T. ) ;
#673 = CIRCLE ( 'NONE', #2368, 2.000000000000000000 ) ;
#674 = AXIS2_PLACEMENT_3D ( 'NONE', #3977, #4327, #3365 ) ;
#675 = CARTESIAN_POINT ( 'NONE',  ( 0.000000000000000000, 4.693277837368736272, -0.2206777892319682632 ) ) ;
#676 = ADVANCED_FACE ( 'NONE', ( #1597 ), #3990, .T. ) ;
#677 = ORIENTED_EDGE ( 'NONE', *, *, #4252, .T. ) ;
#678 = AXIS2_PLACEMENT_3D ( 'NONE', #2519, #3206, #176 ) ;
#679 = VECTOR ( 'NONE', #3610, 1000.000000000000114 ) ;
#680 = PLANE ( 'NONE',  #1523 ) ;
#681 = AXIS2_PLACEMENT_3D ( 'NONE', #2892, #1897, #3256 ) ;
#682 = LINE ( 'NONE', #1678, #96 ) ;
#683 = DIRECTION ( 'NONE',  ( 1.000000000000000000, 0.000000000000000000, 0.000000000000000000 ) ) ;
#684 = EDGE_CURVE ( 'NONE', #1631, #4085, #2365, .T. ) ;
#685 = CARTESIAN_POINT ( 'NONE',  ( 4.000000000000000000, -1.707701112668247756, 3.337477776673821950 ) ) ;
#686 = DIRECTION ( 'NONE',  ( 0.000000000000000000, 1.000000000000000000, -0.000000000000000000 ) ) ;
#687 = LOCAL_TIME ( 2, 31, 6.000000000000000000, #3517 ) ;
#688 = ORIENTED_EDGE ( 'NONE', *, *, #939, .T. ) ;
#689 = PERSON_AND_ORGANIZATION ( #561, #3796 ) ;
#690 = VECTOR ( 'NONE', #3997, 1000.000000000000000 ) ;
#691 = VERTEX_POINT ( 'NONE', #4296 ) ;
#692 = CARTESIAN_POINT ( 'NONE',  ( -18.79615445701803722, 0.000000000000000000, 39.78321979965823374 ) ) ;
#693 = CARTESIAN_POINT ( 'NONE',  ( 0.000000000000000000, 5.099999999999999645, 0.000000000000000000 ) ) ;
#694 = CARTESIAN_POINT ( 'NONE',  ( 4.000000000000000000, 3.701838652623397063, 0.5927829197466784050 ) ) ;
#695 = VERTEX_POINT ( 'NONE', #279 ) ;
#696 = DIRECTION ( 'NONE',  ( -1.000000000000000000, 0.000000000000000000, 0.000000000000000000 ) ) ;
#697 = ORIENTED_EDGE ( 'NONE', *, *, #893, .F. ) ;
#698 = DIRECTION ( 'NONE',  ( 0.000000000000000000, 1.000000000000000000, 0.000000000000000000 ) ) ;
#699 = PRODUCT_DEFINITION ( 'UNKNOWN', '', #2878, #157 ) ;
#700 = AXIS2_PLACEMENT_3D ( 'NONE', #3687, #352, #2999 ) ;
#701 = EDGE_LOOP ( 'NONE', ( #3648, #2144, #1707, #779, #3966 ) ) ;
#702 = ORIENTED_EDGE ( 'NONE', *, *, #1574, .F. ) ;
#704 = EDGE_CURVE ( 'NONE', #326, #1768, #956, .T. ) ;
#703 = DIRECTION ( 'NONE',  ( -1.000000000000000000, -0.000000000000000000, -0.000000000000000000 ) ) ;
#705 = AXIS2_PLACEMENT_3D ( 'NONE', #163, #2247, #238 ) ;
#706 = LINE ( 'NONE', #3641, #3924 ) ;
#707 = CARTESIAN_POINT ( 'NONE',  ( 0.000000000000000000, 0.5801609955211313174, 3.703837769027679361 ) ) ;
#708 = CARTESIAN_POINT ( 'NONE',  ( 0.000000000000000000, 0.09999999999999939493, 0.000000000000000000 ) ) ;
#709 =( LENGTH_UNIT ( ) NAMED_UNIT ( * ) SI_UNIT ( .MILLI., .METRE. ) );
#710 = DIRECTION ( 'NONE',  ( 1.000000000000000000, 0.000000000000000000, 0.000000000000000000 ) ) ;
#711 = DIRECTION ( 'NONE',  ( -0.9352645924553205647, 0.000000000000000000, -0.3539493496241843951 ) ) ;
#712 = ADVANCED_FACE ( 'NONE', ( #1880 ), #2903, .F. ) ;
#713 = APPLICATION_PROTOCOL_DEFINITION ( 'international standard', 'config_control_design', 1994, #3221 ) ;
#714 = ORIENTED_EDGE ( 'NONE', *, *, #2427, .T. ) ;
#715 = ORIENTED_EDGE ( 'NONE', *, *, #2495, .F. ) ;
#716 = CIRCLE ( 'NONE', #2556, 3.749000000000000554 ) ;
#717 = CARTESIAN_POINT ( 'NONE',  ( 0.000000000000000000, 5.099999999999999645, 0.000000000000000000 ) ) ;
#718 = CC_DESIGN_PERSON_AND_ORGANIZATION_ASSIGNMENT ( #1539, #2885, ( #131 ) ) ;
#719 = VERTEX_POINT ( 'NONE', #886 ) ;
#720 = DIRECTION ( 'NONE',  ( 0.000000000000000000, 1.000000000000000000, 0.000000000000000000 ) ) ;
#721 = LINE ( 'NONE', #3754, #2860 ) ;
#722 = VERTEX_POINT ( 'NONE', #3268 ) ;
#723 = ORIENTED_EDGE ( 'NONE', *, *, #3582, .F. ) ;
#724 = DIRECTION ( 'NONE',  ( 0.000000000000000000, 0.000000000000000000, 1.000000000000000000 ) ) ;
#725 = DIRECTION ( 'NONE',  ( -0.9628288983219549513, 0.000000000000000000, 0.2701120370441320029 ) ) ;
#726 = CARTESIAN_POINT ( 'NONE',  ( -43.89771815432407465, 0.000000000000000000, -8.317626586412410816 ) ) ;
#727 = DIRECTION ( 'NONE',  ( 0.8481319371989830547, 0.000000000000000000, -0.5297850668932641005 ) ) ;
#728 = SHAPE_REPRESENTATION ( 'loading_disk', ( #1251, #3944, #3162 ), #2526 ) ;
#729 = EDGE_CURVE ( 'NONE', #2508, #4355, #186, .T. ) ;
#730 = CARTESIAN_POINT ( 'NONE',  ( 2.000000000000000000, 0.1188926102945755126, -5.998821929947355081 ) ) ;
#731 = COORDINATED_UNIVERSAL_TIME_OFFSET ( 7, 0, .AHEAD. ) ;
#732 = ORIENTED_EDGE ( 'NONE', *, *, #645, .F. ) ;
#733 = EDGE_CURVE ( 'NONE', #3883, #1773, #332, .T. ) ;
#734 = CARTESIAN_POINT ( 'NONE',  ( -50.99587120835578702, 0.000000000000000000, -0.6489373627566982217 ) ) ;
#735 = DIRECTION ( 'NONE',  ( -1.000000000000000000, 0.000000000000000000, 0.000000000000000000 ) ) ;
#736 = AXIS2_PLACEMENT_3D ( 'NONE', #3777, #1016, #2359 ) ;
#737 = VERTEX_POINT ( 'NONE', #2007 ) ;
#738 = CARTESIAN_POINT ( 'NONE',  ( 4.000000000000000000, -3.701838652623401504, 0.5927829197466520927 ) ) ;
#739 = ORIENTED_EDGE ( 'NONE', *, *, #3431, .F. ) ;
#740 = CIRCLE ( 'NONE', #2433, 5.000000000000000000 ) ;
#741 = AXIS2_PLACEMENT_3D ( 'NONE', #1806, #466, #1197 ) ;
#742 = PERSON_AND_ORGANIZATION_ROLE ( 'classification_officer' ) ;
#743 = FACE_OUTER_BOUND ( 'NONE', #294, .T. ) ;
#744 = CARTESIAN_POINT ( 'NONE',  ( 17.56921330411507753, 0.000000000000000000, 47.87820740038733192 ) ) ;
#745 = VECTOR ( 'NONE', #1423, 1000.000000000000000 ) ;
#746 = AXIS2_PLACEMENT_3D ( 'NONE', #349, #650, #4036 ) ;
#747 = DIRECTION ( 'NONE',  ( 0.8033277677498520397, 0.000000000000000000, -0.5955371504465861721 ) ) ;
#748 = ORIENTED_EDGE ( 'NONE', *, *, #2554, .F. ) ;
#749 = ORIENTED_EDGE ( 'NONE', *, *, #4119, .T. ) ;
#750 = AXIS2_PLACEMENT_3D ( 'NONE', #3202, #4200, #3476 ) ;
#751 = CARTESIAN_POINT ( 'NONE',  ( 32.88497145215080764, 0.09999999999999939493, 38.98177333820545698 ) ) ;
#752 = CARTESIAN_POINT ( 'NONE',  ( -3.407442633261665410, 0.000000000000000000, -50.88604263156086915 ) ) ;
#753 = SHAPE_REPRESENTATION_RELATIONSHIP ( 'NONE' , 'NONE' ,  #618, #824 ) ;
#754 = AXIS2_PLACEMENT_3D ( 'NONE', #1868, #2165, #2145 ) ;
#755 = FACE_OUTER_BOUND ( 'NONE', #701, .T. ) ;
#756 = CIRCLE ( 'NONE', #1670, 2.000000000000000000 ) ;
#757 = CIRCLE ( 'NONE', #3234, 3.749000000000000554 ) ;
#758 = ADVANCED_FACE ( 'NONE', ( #3426 ), #2060, .F. ) ;
#759 = COORDINATED_UNIVERSAL_TIME_OFFSET ( 7, 0, .AHEAD. ) ;
#760 = VERTEX_POINT ( 'NONE', #383 ) ;
#761 = AXIS2_PLACEMENT_3D ( 'NONE', #2034, #2345, #727 ) ;
#762 = DIRECTION ( 'NONE',  ( -0.000000000000000000, 1.000000000000000000, -0.000000000000000000 ) ) ;
#763 = EDGE_CURVE ( 'NONE', #1277, #1341, #2652, .T. ) ;
#764 = LOCAL_TIME ( 2, 31, 6.000000000000000000, #759 ) ;
#765 = LINE ( 'NONE', #97, #3379 ) ;
#766 = EDGE_LOOP ( 'NONE', ( #1985, #3584, #1563, #3802, #1737, #1122, #3579, #2887, #2458, #3522, #1607, #1408, #4347, #926, #723, #472, #4336, #2398, #1073, #1106, #808, #1879, #195, #36, #739, #2788, #3132, #2979, #3659, #2418, #2670, #3483, #2821, #2349, #2659, #1315, #2353, #480, #1516, #4090, #4269, #627, #3976, #4052, #455 ) ) ;
#767 = CARTESIAN_POINT ( 'NONE',  ( 0.000000000000000000, -3.926652679773718457, 2.580107415946621074 ) ) ;
#768 = EDGE_CURVE ( 'NONE', #3371, #719, #1591, .T. ) ;
#769 = CARTESIAN_POINT ( 'NONE',  ( 44.86591492951423987, 0.000000000000000000, -24.24973561789057186 ) ) ;
#770 = CARTESIAN_POINT ( 'NONE',  ( -41.15164206803405023, 0.000000000000000000, -15.57377138346405765 ) ) ;
#771 = CARTESIAN_POINT ( 'NONE',  ( 22.22330419679812152, 0.09999999999999939493, -40.27560987218661381 ) ) ;
#772 = CARTESIAN_POINT ( 'NONE',  ( 4.000000000000000000, -3.622205203785539229, -4.783265564618898402 ) ) ;
#773 = ORIENTED_EDGE ( 'NONE', *, *, #4146, .T. ) ;
#774 = ORIENTED_EDGE ( 'NONE', *, *, #3878, .T. ) ;
#775 = DIRECTION ( 'NONE',  ( 0.000000000000000000, 1.000000000000000000, 0.000000000000000000 ) ) ;
#776 = DIRECTION ( 'NONE',  ( 1.000000000000000000, 0.000000000000000000, 0.000000000000000000 ) ) ;
#777 = AXIS2_PLACEMENT_3D ( 'NONE', #4329, #3629, #671 ) ;
#778 = PERSON_AND_ORGANIZATION_ROLE ( 'design_supplier' ) ;
#779 = ORIENTED_EDGE ( 'NONE', *, *, #2355, .F. ) ;
#780 = VERTEX_POINT ( 'NONE', #1657 ) ;
#781 = DIRECTION ( 'NONE',  ( 0.8343761439417597403, 0.000000000000000000, 0.5511954738755386884 ) ) ;
#782 = DIRECTION ( 'NONE',  ( -1.000000000000000000, -0.000000000000000000, 0.000000000000000000 ) ) ;
#783 = ORIENTED_EDGE ( 'NONE', *, *, #1814, .F. ) ;
#784 = CIRCLE ( 'NONE', #1076, 7.758387151174702900 ) ;
#785 = EDGE_CURVE ( 'NONE', #223, #963, #2013, .T. ) ;
#786 = ORIENTED_EDGE ( 'NONE', *, *, #3170, .F. ) ;
#787 = DATE_AND_TIME ( #2489, #687 ) ;
#788 = ORIENTED_EDGE ( 'NONE', *, *, #551, .F. ) ;
#789 = EDGE_CURVE ( 'NONE', #3460, #2464, #1302, .T. ) ;
#790 =( REPRESENTATION_RELATIONSHIP ('NONE','NONE', #728, #3620 ) REPRESENTATION_RELATIONSHIP_WITH_TRANSFORMATION ( #3560 )SHAPE_REPRESENTATION_RELATIONSHIP( ) );
#791 = CARTESIAN_POINT ( 'NONE',  ( 4.000000000000000000, 3.622205203785575645, 4.783265564618869092 ) ) ;
#792 = FACE_OUTER_BOUND ( 'NONE', #1165, .T. ) ;
#793 = CARTESIAN_POINT ( 'NONE',  ( 0.000000000000000000, 0.09999999999999939493, 0.000000000000000000 ) ) ;
#794 = DIRECTION ( 'NONE',  ( -3.491481338843133355E-15, -1.000000000000000000, 0.000000000000000000 ) ) ;
#795 = DIRECTION ( 'NONE',  ( -0.6448033618068583772, 0.000000000000000000, -0.7643484968275749969 ) ) ;
#796 = CYLINDRICAL_SURFACE ( 'NONE', #3789, 51.00000000000000000 ) ;
#797 = ORIENTED_EDGE ( 'NONE', *, *, #1425, .F. ) ;
#798 = DIRECTION ( 'NONE',  ( 0.000000000000000000, 1.000000000000000000, 0.000000000000000000 ) ) ;
#799 = DIRECTION ( 'NONE',  ( 0.000000000000000000, 0.000000000000000000, 1.000000000000000000 ) ) ;
#800 = DIRECTION ( 'NONE',  ( -1.000000000000000000, 0.000000000000000000, 0.000000000000000000 ) ) ;
#801 = ORIENTED_EDGE ( 'NONE', *, *, #1060, .T. ) ;
#802 = PERSON_AND_ORGANIZATION ( #561, #3796 ) ;
#803 = FACE_OUTER_BOUND ( 'NONE', #2094, .T. ) ;
#804 = EDGE_CURVE ( 'NONE', #4223, #3883, #1325, .T. ) ;
#805 = ORIENTED_EDGE ( 'NONE', *, *, #1327, .T. ) ;
#806 = DIRECTION ( 'NONE',  ( -1.000000000000000000, 0.000000000000000000, 0.000000000000000000 ) ) ;
#807 = EDGE_LOOP ( 'NONE', ( #3929, #1005, #3227, #3051 ) ) ;
#808 = ORIENTED_EDGE ( 'NONE', *, *, #1094, .F. ) ;
#809 = DIRECTION ( 'NONE',  ( 0.000000000000000000, 0.000000000000000000, 1.000000000000000000 ) ) ;
#810 = TOROIDAL_SURFACE ( 'NONE', #3300, 46.00000000000000000, 5.000000000000000000 ) ;
#811 = CYLINDRICAL_SURFACE ( 'NONE', #3518, 5.999999999999998224 ) ;
#812 = DIRECTION ( 'NONE',  ( -0.000000000000000000, 1.000000000000000000, -0.000000000000000000 ) ) ;
#813 = EDGE_CURVE ( 'NONE', #2254, #4151, #814, .T. ) ;
#814 = CIRCLE ( 'NONE', #3302, 3.749000000000000554 ) ;
#815 = DIRECTION ( 'NONE',  ( -1.000000000000000000, -0.000000000000000000, -0.000000000000000000 ) ) ;
#816 = CARTESIAN_POINT ( 'NONE',  ( -11.03932018347841826, 0.8392722351685533155, 4.463580077526785317 ) ) ;
#817 = AXIS2_PLACEMENT_3D ( 'NONE', #1805, #1480, #3481 ) ;
#818 = VECTOR ( 'NONE', #3114, 999.9999999999998863 ) ;
#819 = ADVANCED_FACE ( 'NONE', ( #1375 ), #1681, .F. ) ;
#820 = AXIS2_PLACEMENT_3D ( 'NONE', #2996, #2374, #3704 ) ;
#821 = VECTOR ( 'NONE', #3719, 1000.000000000000000 ) ;
#822 = ORIENTED_EDGE ( 'NONE', *, *, #3008, .F. ) ;
#823 = DIRECTION ( 'NONE',  ( 0.000000000000000000, 1.000000000000000000, -0.000000000000000000 ) ) ;
#824 = ADVANCED_BREP_SHAPE_REPRESENTATION ( '', ( #1613, #2593 ), #829 ) ;
#825 = AXIS2_PLACEMENT_3D ( 'NONE', #3475, #438, #2023 ) ;
#826 = CARTESIAN_POINT ( 'NONE',  ( 35.01885136591087644, 5.099999999999999645, -27.74657853141030373 ) ) ;
#827 = AXIS2_PLACEMENT_3D ( 'NONE', #451, #782, #2816 ) ;
#828 = DIRECTION ( 'NONE',  ( -0.000000000000000000, 1.000000000000000000, -0.000000000000000000 ) ) ;
#829 =( GEOMETRIC_REPRESENTATION_CONTEXT ( 3 ) GLOBAL_UNCERTAINTY_ASSIGNED_CONTEXT ( ( #3604 ) ) GLOBAL_UNIT_ASSIGNED_CONTEXT ( ( #4048, #3761, #2719 ) ) REPRESENTATION_CONTEXT ( 'NONE', 'WORKASPACE' ) );
#830 = VERTEX_POINT ( 'NONE', #3080 ) ;
#831 = ORIENTED_EDGE ( 'NONE', *, *, #1655, .T. ) ;
#832 = EDGE_LOOP ( 'NONE', ( #2503, #4193, #1380, #3594 ) ) ;
#833 = ORGANIZATION ( 'NAUO-ORG2', 'UNSPECIFIED', 'UNSPECIFIED' ) ;
#834 = PERSON_AND_ORGANIZATION_ROLE ( 'classification_officer' ) ;
#835 = ORIENTED_EDGE ( 'NONE', *, *, #2432, .T. ) ;
#836 = LINE ( 'NONE', #2561, #965 ) ;
#837 = PRODUCT_RELATED_PRODUCT_CATEGORY ( 'detail', '', ( #866 ) ) ;
#838 = CARTESIAN_POINT ( 'NONE',  ( -21.78645175699818992, 0.000000000000000000, 46.11236840414933624 ) ) ;
#839 = LINE ( 'NONE', #132, #3389 ) ;
#840 = CARTESIAN_POINT ( 'NONE',  ( 42.36447152616601386, 5.099999999999999645, -11.88492962994181745 ) ) ;
#841 = DIRECTION ( 'NONE',  ( -0.000000000000000000, -1.000000000000000000, -0.000000000000000000 ) ) ;
#842 = EDGE_CURVE ( 'NONE', #3149, #605, #52, .T. ) ;
#843 = FACE_OUTER_BOUND ( 'NONE', #2755, .T. ) ;
#844 = APPROVAL_STATUS ( 'not_yet_approved' ) ;
#845 = EDGE_LOOP ( 'NONE', ( #1191, #3488, #1236, #317 ) ) ;
#846 = CARTESIAN_POINT ( 'NONE',  ( -21.78645175699818992, 0.000000000000000000, 46.11236840414933624 ) ) ;
#847 = EDGE_CURVE ( 'NONE', #3177, #1635, #1403, .T. ) ;
#848 = AXIS2_PLACEMENT_3D ( 'NONE', #181, #4237, #3901 ) ;
#849 = CARTESIAN_POINT ( 'NONE',  ( 4.000000000000000000, 3.926652679773700250, 2.580107415946648608 ) ) ;
#850 = CIRCLE ( 'NONE', #3828, 1.500000000000000222 ) ;
#851 = CARTESIAN_POINT ( 'NONE',  ( 0.000000000000000000, 4.591200850003427978E-16, -3.749000000000000554 ) ) ;
#852 = DATE_TIME_ROLE ( 'classification_date' ) ;
#853 = DIRECTION ( 'NONE',  ( 0.000000000000000000, 1.000000000000000000, 0.000000000000000000 ) ) ;
#854 = DIRECTION ( 'NONE',  ( -1.000000000000000000, 0.000000000000000000, 0.000000000000000000 ) ) ;
#855 = DIRECTION ( 'NONE',  ( 0.000000000000000000, 0.000000000000000000, 1.000000000000000000 ) ) ;
#856 = VERTEX_POINT ( 'NONE', #685 ) ;
#857 = CIRCLE ( 'NONE', #3346, 2.000000000000000444 ) ;
#858 = DIRECTION ( 'NONE',  ( 0.000000000000000000, 0.000000000000000000, -1.000000000000000000 ) ) ;
#859 = LINE ( 'NONE', #2146, #328 ) ;
#860 = DIRECTION ( 'NONE',  ( 0.000000000000000000, 0.000000000000000000, 1.000000000000000000 ) ) ;
#861 = SECURITY_CLASSIFICATION_LEVEL ( 'unclassified' ) ;
#862 = ADVANCED_FACE ( 'NONE', ( #1702 ), #3762, .F. ) ;
#863 = ORIENTED_EDGE ( 'NONE', *, *, #1760, .T. ) ;
#864 = DIRECTION ( 'NONE',  ( 0.3444943785120617719, 0.000000000000000000, 0.9387883803997514320 ) ) ;
#865 = LINE ( 'NONE', #236, #2826 ) ;
#866 = PRODUCT ( 'loading_disk', 'loading_disk', '', ( #3273 ) ) ;
#867 = EDGE_CURVE ( 'NONE', #2176, #2774, #2142, .T. ) ;
#868 = EDGE_CURVE ( 'NONE', #2414, #4281, #836, .T. ) ;
#869 = EDGE_LOOP ( 'NONE', ( #357, #1056, #688, #2925 ) ) ;
#870 = AXIS2_PLACEMENT_3D ( 'NONE', #2492, #1457, #2863 ) ;
#871 = FACE_OUTER_BOUND ( 'NONE', #3707, .T. ) ;
#872 = ADVANCED_FACE ( 'NONE', ( #2515 ), #2192, .T. ) ;
#873 = EDGE_LOOP ( 'NONE', ( #2003, #3710, #2726, #3063 ) ) ;
#874 = CARTESIAN_POINT ( 'NONE',  ( 4.000000000000000000, -3.667230379735483936, -2.937171579486293815 ) ) ;
#875 = VERTEX_POINT ( 'NONE', #2889 ) ;
#876 = CIRCLE ( 'NONE', #388, 7.758387151172469132 ) ;
#877 = DIRECTION ( 'NONE',  ( 0.000000000000000000, 0.000000000000000000, 1.000000000000000000 ) ) ;
#878 = CARTESIAN_POINT ( 'NONE',  ( 2.000000000000000000, -3.622205203785608951, 4.783265564618843335 ) ) ;
#879 = DIRECTION ( 'NONE',  ( 0.000000000000000000, 1.000000000000000000, 0.000000000000000000 ) ) ;
#880 = EDGE_LOOP ( 'NONE', ( #573, #3665, #1477, #3690, #955 ) ) ;
#881 = DIRECTION ( 'NONE',  ( 0.000000000000000000, 0.000000000000000000, -1.000000000000000000 ) ) ;
#882 = CARTESIAN_POINT ( 'NONE',  ( 2.000000000000000000, 5.668478849484127835, -1.966811514342709621 ) ) ;
#883 = CIRCLE ( 'NONE', #3369, 46.00000000000000000 ) ;
#884 = VECTOR ( 'NONE', #1973, 1000.000000000000000 ) ;
#885 = EDGE_LOOP ( 'NONE', ( #3181, #1705, #420, #2382, #3700 ) ) ;
#886 = CARTESIAN_POINT ( 'NONE',  ( 4.000000000000000000, -3.429832919317894913, 4.923032210494185712 ) ) ;
#887 = CARTESIAN_POINT ( 'NONE',  ( 0.000000000000000000, 5.099999999999999645, 0.000000000000000000 ) ) ;
#888 = EDGE_CURVE ( 'NONE', #1596, #2431, #3984, .T. ) ;
#889 = AXIS2_PLACEMENT_3D ( 'NONE', #1229, #3932, #2707 ) ;
#890 = AXIS2_PLACEMENT_3D ( 'NONE', #3887, #853, #3561 ) ;
#891 = CARTESIAN_POINT ( 'NONE',  ( 0.000000000000000000, 2.646421322368450291, -2.655457622428500475 ) ) ;
#892 = EDGE_LOOP ( 'NONE', ( #4325, #4305, #1121, #4001 ) ) ;
#893 = EDGE_CURVE ( 'NONE', #3471, #2970, #3544, .T. ) ;
#894 = CONTEXT_DEPENDENT_SHAPE_REPRESENTATION ( #790, #4267 ) ;
#895 = VECTOR ( 'NONE', #1871, 1000.000000000000000 ) ;
#896 = VECTOR ( 'NONE', #1287, 1000.000000000000000 ) ;
#897 = DIRECTION ( 'NONE',  ( 0.000000000000000000, 0.000000000000000000, 1.000000000000000000 ) ) ;
#898 = ORIENTED_EDGE ( 'NONE', *, *, #1780, .T. ) ;
#899 = EDGE_CURVE ( 'NONE', #515, #3105, #128, .T. ) ;
#900 = CARTESIAN_POINT ( 'NONE',  ( -47.69849421522129518, 0.000000000000000000, -18.05141683083334669 ) ) ;
#901 = CC_DESIGN_SECURITY_CLASSIFICATION ( #3729, ( #2735 ) ) ;
#902 = CARTESIAN_POINT ( 'NONE',  ( 40.66116873908136142, 5.099999999999999645, 30.78423877200747327 ) ) ;
#903 = ORIENTED_EDGE ( 'NONE', *, *, #4365, .T. ) ;
#904 = APPROVAL ( #844, 'UNSPECIFIED' ) ;
#905 = PERSON_AND_ORGANIZATION ( #561, #3796 ) ;
#906 = CIRCLE ( 'NONE', #848, 2.000000000000000444 ) ;
#907 = VERTEX_POINT ( 'NONE', #2161 ) ;
#908 = DIRECTION ( 'NONE',  ( 0.7035303326244775057, 0.000000000000000000, 0.7106652313693783141 ) ) ;
#909 = CARTESIAN_POINT ( 'NONE',  ( 0.000000000000000000, 1.660179660520964218, 4.395379282859372516 ) ) ;
#910 = DIRECTION ( 'NONE',  ( -0.2945251617771750263, -0.000000000000000000, 0.9556437249729259342 ) ) ;
#911 = CARTESIAN_POINT ( 'NONE',  ( 0.000000000000000000, 0.000000000000000000, 0.000000000000000000 ) ) ;
#912 = CALENDAR_DATE ( 2025, 5, 10 ) ;
#913 = ORIENTED_EDGE ( 'NONE', *, *, #2306, .T. ) ;
#914 = CIRCLE ( 'NONE', #566, 4.999999999999999112 ) ;
#915 = LINE ( 'NONE', #1512, #99 ) ;
#916 = VECTOR ( 'NONE', #2486, 1000.000000000000000 ) ;
#917 = DATE_AND_TIME ( #2603, #63 ) ;
#918 = CYLINDRICAL_SURFACE ( 'NONE', #4174, 2.000000000000000000 ) ;
#919 = CARTESIAN_POINT ( 'NONE',  ( 4.000000000000000000, 0.000000000000000000, 6.000000000000000000 ) ) ;
#920 = EDGE_CURVE ( 'NONE', #4089, #3280, #2567, .T. ) ;
#921 = DIRECTION ( 'NONE',  ( 0.000000000000000000, 0.000000000000000000, -1.000000000000000000 ) ) ;
#922 = ORIENTED_EDGE ( 'NONE', *, *, #1320, .F. ) ;
#923 = CIRCLE ( 'NONE', #4316, 51.00000000000000000 ) ;
#924 = PLANE ( 'NONE',  #2873 ) ;
#925 = EDGE_CURVE ( 'NONE', #3856, #4085, #520, .T. ) ;
#926 = ORIENTED_EDGE ( 'NONE', *, *, #2053, .F. ) ;
#927 = DATE_AND_TIME ( #2967, #4082 ) ;
#928 = EDGE_LOOP ( 'NONE', ( #2861, #2493, #1915, #3942 ) ) ;
#929 = CARTESIAN_POINT ( 'NONE',  ( 4.000000000000000000, 5.668478849484127835, -1.966811514342709621 ) ) ;
#930 = CARTESIAN_POINT ( 'NONE',  ( 4.000000000000000000, 0.5801609955211840530, -3.703837769027670923 ) ) ;
#931 = DIRECTION ( 'NONE',  ( -1.000000000000000000, -0.000000000000000000, 0.000000000000000000 ) ) ;
#932 = CYLINDRICAL_SURFACE ( 'NONE', #3305, 51.00000000000000000 ) ;
#933 = DATE_AND_TIME ( #1284, #2950 ) ;
#934 = FACE_OUTER_BOUND ( 'NONE', #1057, .T. ) ;
#935 = VERTEX_POINT ( 'NONE', #1519 ) ;
#936 = CARTESIAN_POINT ( 'NONE',  ( 0.000000000000000000, -4.693277837368730943, -0.2206777892320714862 ) ) ;
#937 = DIRECTION ( 'NONE',  ( 0.000000000000000000, 0.000000000000000000, 1.000000000000000000 ) ) ;
#938 = ORIENTED_EDGE ( 'NONE', *, *, #3815, .T. ) ;
#939 = EDGE_CURVE ( 'NONE', #4078, #2750, #3433, .T. ) ;
#940 = CARTESIAN_POINT ( 'NONE',  ( -49.88720485481936606, 0.000000000000000000, 10.59560247335098992 ) ) ;
#941 = ORIENTED_EDGE ( 'NONE', *, *, #4335, .F. ) ;
#942 = AXIS2_PLACEMENT_3D ( 'NONE', #591, #1917, #1587 ) ;
#943 = CIRCLE ( 'NONE', #3210, 5.000000000000003553 ) ;
#944 = PERSON_AND_ORGANIZATION ( #561, #3796 ) ;
#945 = EDGE_CURVE ( 'NONE', #3496, #2189, #1013, .T. ) ;
#946 = SHAPE_DEFINITION_REPRESENTATION ( #3915, #618 ) ;
#947 = CARTESIAN_POINT ( 'NONE',  ( 0.000000000000000000, -1.240425561619521888, 4.531765657166947570 ) ) ;
#948 = ORIENTED_EDGE ( 'NONE', *, *, #3431, .T. ) ;
#949 = CARTESIAN_POINT ( 'NONE',  ( 4.000000000000000000, 1.660179660520964218, 4.395379282859372516 ) ) ;
#950 = AXIS2_PLACEMENT_3D ( 'NONE', #2243, #235, #3213 ) ;
#951 = CIRCLE ( 'NONE', #3854, 5.999999999999998224 ) ;
#952 = LINE ( 'NONE', #1951, #433 ) ;
#953 = EDGE_CURVE ( 'NONE', #2910, #605, #2636, .T. ) ;
#954 = CYLINDRICAL_SURFACE ( 'NONE', #2512, 7.758387151172182250 ) ;
#955 = ORIENTED_EDGE ( 'NONE', *, *, #729, .F. ) ;
#956 = CIRCLE ( 'NONE', #1945, 7.758387151170068385 ) ;
#957 = APPLICATION_CONTEXT ( 'configuration controlled 3d designs of mechanical parts and assemblies' ) ;
#958 = VECTOR ( 'NONE', #1991, 1000.000000000000000 ) ;
#959 = DIRECTION ( 'NONE',  ( -0.9781804873494003294, -0.000000000000000000, 0.2077569112421766839 ) ) ;
#960 = CARTESIAN_POINT ( 'NONE',  ( 0.000000000000000000, 0.1188926102944911634, 5.998821929947356857 ) ) ;
#961 = FACE_OUTER_BOUND ( 'NONE', #2948, .T. ) ;
#962 = VECTOR ( 'NONE', #2425, 1000.000000000000000 ) ;
#963 = VERTEX_POINT ( 'NONE', #442 ) ;
#964 = DIRECTION ( 'NONE',  ( -0.000000000000000000, -1.000000000000000000, -0.000000000000000000 ) ) ;
#965 = VECTOR ( 'NONE', #3477, 1000.000000000000000 ) ;
#966 = FACE_OUTER_BOUND ( 'NONE', #3138, .T. ) ;
#967 = ORIENTED_EDGE ( 'NONE', *, *, #1748, .F. ) ;
#968 = AXIS2_PLACEMENT_3D ( 'NONE', #3404, #992, #1654 ) ;
#969 = VECTOR ( 'NONE', #1447, 1000.000000000000000 ) ;
#970 = VECTOR ( 'NONE', #1611, 1000.000000000000000 ) ;
#971 = CARTESIAN_POINT ( 'NONE',  ( 4.000000000000000000, 4.693277837368734495, 2.220677789232036847 ) ) ;
#972 = ORIENTED_EDGE ( 'NONE', *, *, #1066, .F. ) ;
#973 = CIRCLE ( 'NONE', #413, 46.00000000000000000 ) ;
#974 = EDGE_CURVE ( 'NONE', #345, #2612, #3564, .T. ) ;
#975 = LOCAL_TIME ( 2, 31, 6.000000000000000000, #92 ) ;
#976 = DIRECTION ( 'NONE',  ( -0.000000000000000000, 1.000000000000000000, -0.000000000000000000 ) ) ;
#977 = FACE_OUTER_BOUND ( 'NONE', #892, .T. ) ;
#978 = ADVANCED_FACE ( 'NONE', ( #2841 ), #1799, .T. ) ;
#979 = AXIS2_PLACEMENT_3D ( 'NONE', #2911, #4265, #3586 ) ;
#980 = DIRECTION ( 'NONE',  ( -0.2077569112421767117, 0.000000000000000000, -0.9781804873494003294 ) ) ;
#981 = DIRECTION ( 'NONE',  ( 0.000000000000000000, 0.000000000000000000, 1.000000000000000000 ) ) ;
#982 = EDGE_LOOP ( 'NONE', ( #2207, #2738, #3637, #483 ) ) ;
#983 = DIRECTION ( 'NONE',  ( -0.06681260065218953825, -8.890457814381132415E-16, -0.9977655417953112948 ) ) ;
#984 = ADVANCED_FACE ( 'NONE', ( #966 ), #3348, .T. ) ;
#985 = CARTESIAN_POINT ( 'NONE',  ( 0.000000000000000000, 0.000000000000000000, 0.000000000000000000 ) ) ;
#986 = DIRECTION ( 'NONE',  ( -0.9760343945624103679, 0.000000000000000000, -0.2176163151769395232 ) ) ;
#987 = DIRECTION ( 'NONE',  ( 0.8797238221473381303, 1.775381057445013905E-15, -0.4754850121155015374 ) ) ;
#988 = VERTEX_POINT ( 'NONE', #1401 ) ;
#989 = VERTEX_POINT ( 'NONE', #1424 ) ;
#990 = VECTOR ( 'NONE', #3266, 1000.000000000000000 ) ;
#991 = ORIENTED_EDGE ( 'NONE', *, *, #2862, .T. ) ;
#992 = DIRECTION ( 'NONE',  ( 0.000000000000000000, 1.000000000000000000, 0.000000000000000000 ) ) ;
#993 = CARTESIAN_POINT ( 'NONE',  ( 44.86591492951423987, 5.099999999999999645, -24.24973561789057186 ) ) ;
#994 = FACE_OUTER_BOUND ( 'NONE', #4363, .T. ) ;
#995 = DIRECTION ( 'NONE',  ( 0.8481319371989831657, 1.775381057445014102E-15, -0.5297850668932639895 ) ) ;
#996 = DIRECTION ( 'NONE',  ( -0.000000000000000000, 1.000000000000000000, -0.000000000000000000 ) ) ;
#997 = ORIENTED_EDGE ( 'NONE', *, *, #3368, .T. ) ;
#998 = EDGE_CURVE ( 'NONE', #1083, #223, #247, .T. ) ;
#999 = APPROVAL_STATUS ( 'not_yet_approved' ) ;
#1000 = DIRECTION ( 'NONE',  ( -0.1545218500477754386, 0.000000000000000000, 0.9879893713283625090 ) ) ;
#1001 = ORIENTED_EDGE ( 'NONE', *, *, #3734, .F. ) ;
#1002 = LINE ( 'NONE', #2354, #1671 ) ;
#1003 = ADVANCED_FACE ( 'NONE', ( #1087 ), #3463, .F. ) ;
#1004 = EDGE_CURVE ( 'NONE', #1443, #4177, #2000, .T. ) ;
#1005 = ORIENTED_EDGE ( 'NONE', *, *, #4203, .T. ) ;
#1006 = CARTESIAN_POINT ( 'NONE',  ( 0.000000000000000000, 0.000000000000000000, 0.000000000000000000 ) ) ;
#1007 = VERTEX_POINT ( 'NONE', #752 ) ;
#1008 = CARTESIAN_POINT ( 'NONE',  ( 0.000000000000000000, 0.000000000000000000, 0.000000000000000000 ) ) ;
#1009 = EDGE_CURVE ( 'NONE', #1596, #1272, #682, .T. ) ;
#1010 = VECTOR ( 'NONE', #1067, 1000.000000000000000 ) ;
#1011 = CARTESIAN_POINT ( 'NONE',  ( 15.00005080000000035, 0.000000000000000000, 0.000000000000000000 ) ) ;
#1012 = EDGE_LOOP ( 'NONE', ( #4055, #313, #748, #2357 ) ) ;
#1013 = CIRCLE ( 'NONE', #4337, 3.749000000000000554 ) ;
#1014 = DIRECTION ( 'NONE',  ( -0.000000000000000000, -1.000000000000000000, -0.000000000000000000 ) ) ;
#1015 = CARTESIAN_POINT ( 'NONE',  ( 0.000000000000000000, 0.000000000000000000, 0.000000000000000000 ) ) ;
#1016 = DIRECTION ( 'NONE',  ( -1.000000000000000000, 0.000000000000000000, 0.000000000000000000 ) ) ;
#1017 = FACE_OUTER_BOUND ( 'NONE', #1747, .T. ) ;
#1018 = SHAPE_REPRESENTATION_RELATIONSHIP ( 'NONE' , 'NONE' ,  #162, #613 ) ;
#1019 = AXIS2_PLACEMENT_3D ( 'NONE', #3103, #3465, #4074 ) ;
#1020 = DIRECTION ( 'NONE',  ( 0.000000000000000000, 0.000000000000000000, 1.000000000000000000 ) ) ;
#1021 = DIRECTION ( 'NONE',  ( -1.000000000000000000, 0.000000000000000000, -0.000000000000000000 ) ) ;
#1022 = VERTEX_POINT ( 'NONE', #4069 ) ;
#1023 = AXIS2_PLACEMENT_3D ( 'NONE', #3590, #555, #3260 ) ;
#1024 = CALENDAR_DATE ( 2025, 5, 10 ) ;
#1025 = ORIENTED_EDGE ( 'NONE', *, *, #3661, .F. ) ;
#1026 = APPROVAL ( #1955, 'UNSPECIFIED' ) ;
#1027 = DIRECTION ( 'NONE',  ( 0.000000000000000000, 1.000000000000000000, 0.000000000000000000 ) ) ;
#1028 = VECTOR ( 'NONE', #2852, 1000.000000000000000 ) ;
#1029 = VERTEX_POINT ( 'NONE', #4135 ) ;
#1030 = CARTESIAN_POINT ( 'NONE',  ( 0.000000000000000000, 0.000000000000000000, 0.000000000000000000 ) ) ;
#1031 = AXIS2_PLACEMENT_3D ( 'NONE', #446, #2499, #87 ) ;
#1032 = ORIENTED_EDGE ( 'NONE', *, *, #1647, .T. ) ;
#1033 = CIRCLE ( 'NONE', #4353, 46.00000000000000000 ) ;
#1034 = EDGE_CURVE ( 'NONE', #2293, #2688, #3033, .T. ) ;
#1035 = CIRCLE ( 'NONE', #674, 3.749000000000000554 ) ;
#1036 = CARTESIAN_POINT ( 'NONE',  ( 0.000000000000000000, 0.000000000000000000, 0.000000000000000000 ) ) ;
#1037 = ORIENTED_EDGE ( 'NONE', *, *, #4153, .F. ) ;
#1038 = AXIS2_PLACEMENT_3D ( 'NONE', #1275, #619, #3981 ) ;
#1039 = ORIENTED_EDGE ( 'NONE', *, *, #1867, .F. ) ;
#1040 = ORIENTED_EDGE ( 'NONE', *, *, #4026, .F. ) ;
#1041 = ADVANCED_FACE ( 'NONE', ( #3120 ), #3760, .F. ) ;
#1042 = AXIS2_PLACEMENT_3D ( 'NONE', #2690, #1755, #1393 ) ;
#1043 = CARTESIAN_POINT ( 'NONE',  ( 2.000000000000000000, -5.668478849484084314, -1.966811514342834633 ) ) ;
#1044 = VECTOR ( 'NONE', #3693, 1000.000000000000000 ) ;
#1045 = DIRECTION ( 'NONE',  ( 0.000000000000000000, 0.000000000000000000, 1.000000000000000000 ) ) ;
#1046 = DIRECTION ( 'NONE',  ( 0.000000000000000000, 0.000000000000000000, 1.000000000000000000 ) ) ;
#1047 = DIRECTION ( 'NONE',  ( 1.000000000000000000, 0.000000000000000000, 0.000000000000000000 ) ) ;
#1048 = CARTESIAN_POINT ( 'NONE',  ( 0.000000000000000000, 0.000000000000000000, 0.000000000000000000 ) ) ;
#1049 = CARTESIAN_POINT ( 'NONE',  ( 4.000000000000000000, 3.667230379735504808, 2.937171579486269835 ) ) ;
#1050 = CC_DESIGN_APPROVAL ( #658, ( #1448 ) ) ;
#1051 = DATE_AND_TIME ( #2038, #975 ) ;
#1052 = ORIENTED_EDGE ( 'NONE', *, *, #1802, .F. ) ;
#1053 = VERTEX_POINT ( 'NONE', #2783 ) ;
#1054 = CARTESIAN_POINT ( 'NONE',  ( 4.000000000000000000, 3.701838652623397063, 0.5927829197466784050 ) ) ;
#1055 = DIRECTION ( 'NONE',  ( -1.000000000000000000, -0.000000000000000000, -0.000000000000000000 ) ) ;
#1056 = ORIENTED_EDGE ( 'NONE', *, *, #68, .T. ) ;
#1057 = EDGE_LOOP ( 'NONE', ( #3787, #3508, #1092, #3670 ) ) ;
#1058 = AXIS2_PLACEMENT_3D ( 'NONE', #473, #2851, #3150 ) ;
#1059 = DIRECTION ( 'NONE',  ( 0.000000000000000000, 1.000000000000000000, -0.000000000000000000 ) ) ;
#1060 = EDGE_CURVE ( 'NONE', #1787, #12, #3101, .T. ) ;
#1061 = ORIENTED_EDGE ( 'NONE', *, *, #1004, .F. ) ;
#1062 = VERTEX_POINT ( 'NONE', #2407 ) ;
#1063 = VECTOR ( 'NONE', #537, 1000.000000000000000 ) ;
#1064 = CARTESIAN_POINT ( 'NONE',  ( 0.000000000000000000, 5.099999999999999645, 0.000000000000000000 ) ) ;
#1065 = EDGE_CURVE ( 'NONE', #335, #2045, #3490, .T. ) ;
#1066 = EDGE_CURVE ( 'NONE', #691, #3149, #2426, .T. ) ;
#1067 = DIRECTION ( 'NONE',  ( -1.000000000000000000, -0.000000000000000000, 0.000000000000000000 ) ) ;
#1068 = DIRECTION ( 'NONE',  ( 0.000000000000000000, 0.000000000000000000, -1.000000000000000000 ) ) ;
#1069 = DIRECTION ( 'NONE',  ( 0.000000000000000000, 0.000000000000000000, 1.000000000000000000 ) ) ;
#1070 = FACE_BOUND ( 'NONE', #1935, .T. ) ;
#1071 = VECTOR ( 'NONE', #3243, 1000.000000000000000 ) ;
#1072 = PERSON_AND_ORGANIZATION ( #561, #3796 ) ;
#1073 = ORIENTED_EDGE ( 'NONE', *, *, #2601, .F. ) ;
#1074 = ORIENTED_EDGE ( 'NONE', *, *, #1085, .F. ) ;
#1075 = DIRECTION ( 'NONE',  ( -1.000000000000000000, 0.000000000000000000, 0.000000000000000000 ) ) ;
#1076 = AXIS2_PLACEMENT_3D ( 'NONE', #2848, #2429, #3783 ) ;
#1077 = DIRECTION ( 'NONE',  ( 0.000000000000000000, -6.982962677686266711E-15, 1.000000000000000000 ) ) ;
#1078 = ORIENTED_EDGE ( 'NONE', *, *, #893, .T. ) ;
#1079 = ORIENTED_EDGE ( 'NONE', *, *, #1867, .T. ) ;
#1080 = CARTESIAN_POINT ( 'NONE',  ( 4.000000000000000000, 3.343279438444354046, 1.696314710328014064 ) ) ;
#1081 = CYLINDRICAL_SURFACE ( 'NONE', #2723, 5.999999999999998224 ) ;
#1082 = DIRECTION ( 'NONE',  ( -0.000000000000000000, -1.000000000000000000, -0.000000000000000000 ) ) ;
#1083 = VERTEX_POINT ( 'NONE', #1718 ) ;
#1084 = ORIENTED_EDGE ( 'NONE', *, *, #1950, .F. ) ;
#1085 = EDGE_CURVE ( 'NONE', #2163, #2630, #2452, .T. ) ;
#1086 = CARTESIAN_POINT ( 'NONE',  ( 4.000000000000000000, -3.701838652623392623, -0.5927829197467041622 ) ) ;
#1087 = FACE_OUTER_BOUND ( 'NONE', #3148, .T. ) ;
#1088 = VECTOR ( 'NONE', #459, 1000.000000000000000 ) ;
#1089 = DIRECTION ( 'NONE',  ( -0.9352645924553205647, 0.000000000000000000, -0.3539493496241844506 ) ) ;
#1090 = EDGE_CURVE ( 'NONE', #4106, #597, #3838, .T. ) ;
#1091 = PERSON_AND_ORGANIZATION_ROLE ( 'design_supplier' ) ;
#1092 = ORIENTED_EDGE ( 'NONE', *, *, #3661, .T. ) ;
#1093 = CIRCLE ( 'NONE', #4058, 7.758504095267494627 ) ;
#1094 = EDGE_CURVE ( 'NONE', #4188, #1983, #4204, .T. ) ;
#1095 = PLANE ( 'NONE',  #3311 ) ;
#1096 = DIRECTION ( 'NONE',  ( -1.000000000000000000, 0.000000000000000000, 0.000000000000000000 ) ) ;
#1097 = DIRECTION ( 'NONE',  ( -1.000000000000000000, 0.000000000000000000, 0.000000000000000000 ) ) ;
#1098 = VERTEX_POINT ( 'NONE', #707 ) ;
#1099 = CC_DESIGN_PERSON_AND_ORGANIZATION_ASSIGNMENT ( #2838, #834, ( #276 ) ) ;
#1100 = ORIENTED_EDGE ( 'NONE', *, *, #3141, .T. ) ;
#1101 = CIRCLE ( 'NONE', #3076, 7.758387151172476237 ) ;
#1102 = CALENDAR_DATE ( 2025, 5, 10 ) ;
#1103 = CARTESIAN_POINT ( 'NONE',  ( 45.86876054899389032, 5.099999999999999645, 3.472291131092123173 ) ) ;
#1104 = CYLINDRICAL_SURFACE ( 'NONE', #1875, 2.000000000000000000 ) ;
#1105 = CARTESIAN_POINT ( 'NONE',  ( -10.00000000000000000, 0.000000000000000000, 0.000000000000000000 ) ) ;
#1106 = ORIENTED_EDGE ( 'NONE', *, *, #2257, .F. ) ;
#1107 = ORIENTED_EDGE ( 'NONE', *, *, #3145, .F. ) ;
#1108 = CARTESIAN_POINT ( 'NONE',  ( 4.000000000000000000, -1.707701112668200238, -3.337477776673845486 ) ) ;
#1109 = CIRCLE ( 'NONE', #3589, 5.999999999999999112 ) ;
#1110 = VECTOR ( 'NONE', #812, 1000.000000000000000 ) ;
#1111 = CIRCLE ( 'NONE', #197, 51.00000000000000000 ) ;
#1112 = CIRCLE ( 'NONE', #3793, 5.000000000000003553 ) ;
#1113 = PERSON_AND_ORGANIZATION_ROLE ( 'design_owner' ) ;
#1114 = ADVANCED_FACE ( 'NONE', ( #339 ), #4046, .F. ) ;
#1115 = ORIENTED_EDGE ( 'NONE', *, *, #3284, .T. ) ;
#1116 = ORIENTED_EDGE ( 'NONE', *, *, #1708, .F. ) ;
#1117 = DIRECTION ( 'NONE',  ( -0.000000000000000000, 1.000000000000000000, -0.000000000000000000 ) ) ;
#1118 = DIRECTION ( 'NONE',  ( -1.000000000000000000, 0.000000000000000000, 0.000000000000000000 ) ) ;
#1119 = LOCAL_TIME ( 2, 31, 6.000000000000000000, #3236 ) ;
#1120 = EDGE_CURVE ( 'NONE', #2253, #3795, #1939, .T. ) ;
#1121 = ORIENTED_EDGE ( 'NONE', *, *, #4257, .F. ) ;
#1122 = ORIENTED_EDGE ( 'NONE', *, *, #1327, .F. ) ;
#1123 = CARTESIAN_POINT ( 'NONE',  ( -41.42808289262446664, 5.099999999999999645, 16.73040701923762086 ) ) ;
#1124 = VECTOR ( 'NONE', #3852, 1000.000000000000000 ) ;
#1125 = DIRECTION ( 'NONE',  ( 0.000000000000000000, 1.000000000000000000, 0.000000000000000000 ) ) ;
#1126 = ORIENTED_EDGE ( 'NONE', *, *, #2958, .F. ) ;
#1127 = ORIENTED_EDGE ( 'NONE', *, *, #1675, .F. ) ;
#1128 = DIRECTION ( 'NONE',  ( 0.000000000000000000, 1.000000000000000000, 0.000000000000000000 ) ) ;
#1129 = DIRECTION ( 'NONE',  ( 0.000000000000000000, -0.9510565162951499785, -0.3090169943749582204 ) ) ;
#1130 = DIRECTION ( 'NONE',  ( 0.000000000000000000, 0.000000000000000000, -1.000000000000000000 ) ) ;
#1131 = CARTESIAN_POINT ( 'NONE',  ( 5.682895313564866768, 0.000000000000000000, 43.57167555703160389 ) ) ;
#1132 = DIRECTION ( 'NONE',  ( 1.000000000000000000, 0.000000000000000000, 0.000000000000000000 ) ) ;
#1133 = ORIENTED_EDGE ( 'NONE', *, *, #3377, .F. ) ;
#1134 = DIRECTION ( 'NONE',  ( -0.000000000000000000, 1.000000000000000000, -0.000000000000000000 ) ) ;
#1135 = DIRECTION ( 'NONE',  ( 0.000000000000000000, 1.000000000000000000, 0.000000000000000000 ) ) ;
#1136 = ADVANCED_FACE ( 'NONE', ( #2388 ), #3425, .T. ) ;
#1137 = CYLINDRICAL_SURFACE ( 'NONE', #3183, 3.749000000000000554 ) ;
#1138 = ORIENTED_EDGE ( 'NONE', *, *, #2595, .F. ) ;
#1139 = EDGE_CURVE ( 'NONE', #2072, #3471, #2234, .T. ) ;
#1140 = EDGE_CURVE ( 'NONE', #2100, #2714, #1592, .T. ) ;
#1141 = DIRECTION ( 'NONE',  ( -1.000000000000000000, -0.000000000000000000, 0.000000000000000000 ) ) ;
#1142 = DIRECTION ( 'NONE',  ( -1.000000000000000000, -0.000000000000000000, 0.000000000000000000 ) ) ;
#1143 = ORIENTED_EDGE ( 'NONE', *, *, #3791, .T. ) ;
#1144 = EDGE_CURVE ( 'NONE', #3156, #907, #859, .T. ) ;
#1145 = AXIS2_PLACEMENT_3D ( 'NONE', #3743, #3122, #430 ) ;
#1146 = CARTESIAN_POINT ( 'NONE',  ( 4.000000000000000000, -5.741958523657291202, -1.740664330822963457 ) ) ;
#1147 = LINE ( 'NONE', #2498, #1464 ) ;
#1148 = PLANE ( 'NONE',  #1797 ) ;
#1149 = LINE ( 'NONE', #3851, #1452 ) ;
#1150 = CARTESIAN_POINT ( 'NONE',  ( 0.000000000000000000, 0.000000000000000000, 0.000000000000000000 ) ) ;
#1151 = CARTESIAN_POINT ( 'NONE',  ( 0.000000000000000000, 0.000000000000000000, 0.000000000000000000 ) ) ;
#1152 = ORIENTED_EDGE ( 'NONE', *, *, #367, .F. ) ;
#1153 = CARTESIAN_POINT ( 'NONE',  ( 0.000000000000000000, -3.667230379735483936, -2.937171579486293815 ) ) ;
#1154 = CARTESIAN_POINT ( 'NONE',  ( 4.000000000000000000, -3.926652679773682042, -0.5801074159466758084 ) ) ;
#1155 = CARTESIAN_POINT ( 'NONE',  ( 4.000000000000000000, -3.926652679773682042, -2.580107415946675697 ) ) ;
#1156 = ORIENTED_EDGE ( 'NONE', *, *, #2381, .T. ) ;
#1157 = ADVANCED_FACE ( 'NONE', ( #3503 ), #3232, .T. ) ;
#1158 = VERTEX_POINT ( 'NONE', #3208 ) ;
#1159 = CARTESIAN_POINT ( 'NONE',  ( -36.24392679983829879, 0.000000000000000000, 35.88004696384835768 ) ) ;
#1160 = EDGE_LOOP ( 'NONE', ( #2727, #4351, #2116, #500 ) ) ;
#1161 = VECTOR ( 'NONE', #2882, 1000.000000000000000 ) ;
#1162 = CARTESIAN_POINT ( 'NONE',  ( -31.26927018025264715, 5.099999999999999645, 30.95533463547701913 ) ) ;
#1163 = VERTEX_POINT ( 'NONE', #2217 ) ;
#1164 = LINE ( 'NONE', #2956, #2797 ) ;
#1165 = EDGE_LOOP ( 'NONE', ( #2402, #2329, #4328, #2304 ) ) ;
#1166 = CARTESIAN_POINT ( 'NONE',  ( -30.37239467277583671, 5.099999999999999645, -40.96971615524240207 ) ) ;
#1167 = EDGE_CURVE ( 'NONE', #3820, #1083, #208, .T. ) ;
#1168 = EDGE_LOOP ( 'NONE', ( #198, #2516, #4175, #3253 ) ) ;
#1169 = CIRCLE ( 'NONE', #2932, 5.000000000000003553 ) ;
#1170 = CYLINDRICAL_SURFACE ( 'NONE', #4008, 2.000000000000000000 ) ;
#1171 = CIRCLE ( 'NONE', #182, 2.000000000000000444 ) ;
#1172 = VECTOR ( 'NONE', #2982, 1000.000000000000000 ) ;
#1173 = CARTESIAN_POINT ( 'NONE',  ( 0.000000000000000000, 3.701838652623397063, -0.5927829197466779609 ) ) ;
#1174 = EDGE_CURVE ( 'NONE', #3516, #1443, #447, .T. ) ;
#1175 = AXIS2_PLACEMENT_3D ( 'NONE', #3698, #1283, #2310 ) ;
#1176 = CARTESIAN_POINT ( 'NONE',  ( 0.000000000000000000, 5.668478849484127835, -1.966811514342710066 ) ) ;
#1177 = CIRCLE ( 'NONE', #4216, 5.999999999999998224 ) ;
#1178 = CC_DESIGN_PERSON_AND_ORGANIZATION_ASSIGNMENT ( #2749, #1091, ( #2878 ) ) ;
#1179 = ORIENTED_EDGE ( 'NONE', *, *, #287, .T. ) ;
#1180 = CARTESIAN_POINT ( 'NONE',  ( 4.000000000000000000, -0.1188926102945325747, 5.998821929947357745 ) ) ;
#1181 = CIRCLE ( 'NONE', #968, 7.758387151172476237 ) ;
#1182 = AXIS2_PLACEMENT_3D ( 'NONE', #79, #1135, #799 ) ;
#1183 = CARTESIAN_POINT ( 'NONE',  ( 43.87446661208112175, 0.000000000000000000, 3.321321951479422996 ) ) ;
#1184 = AXIS2_PLACEMENT_3D ( 'NONE', #708, #27, #1988 ) ;
#1185 = EDGE_LOOP ( 'NONE', ( #3117, #1510, #3858, #1842 ) ) ;
#1186 = FACE_OUTER_BOUND ( 'NONE', #1585, .T. ) ;
#1187 = ORIENTED_EDGE ( 'NONE', *, *, #3955, .T. ) ;
#1188 = LOCAL_TIME ( 2, 31, 6.000000000000000000, #4053 ) ;
#1189 = CALENDAR_DATE ( 2025, 5, 10 ) ;
#1190 = CYLINDRICAL_SURFACE ( 'NONE', #3654, 2.000000000000000000 ) ;
#1191 = ORIENTED_EDGE ( 'NONE', *, *, #2685, .T. ) ;
#1192 = ORIENTED_EDGE ( 'NONE', *, *, #3284, .F. ) ;
#1194 = EDGE_CURVE ( 'NONE', #443, #1817, #951, .T. ) ;
#1193 = FACE_OUTER_BOUND ( 'NONE', #148, .T. ) ;
#1195 = FACE_OUTER_BOUND ( 'NONE', #21, .T. ) ;
#1196 = LINE ( 'NONE', #900, #199 ) ;
#1197 = DIRECTION ( 'NONE',  ( 0.000000000000000000, 0.000000000000000000, -1.000000000000000000 ) ) ;
#1198 = EDGE_CURVE ( 'NONE', #1796, #1368, #1551, .T. ) ;
#1199 = EDGE_CURVE ( 'NONE', #1353, #2840, #2366, .T. ) ;
#1200 = ORIENTED_EDGE ( 'NONE', *, *, #1250, .F. ) ;
#1201 = CARTESIAN_POINT ( 'NONE',  ( -30.37239467277583671, 0.09999999999999939493, -40.96971615524240207 ) ) ;
#1202 = AXIS2_PLACEMENT_3D ( 'NONE', #2810, #3143, #2784 ) ;
#1203 = DIRECTION ( 'NONE',  ( -0.000000000000000000, -1.000000000000000000, -0.000000000000000000 ) ) ;
#1204 = CARTESIAN_POINT ( 'NONE',  ( 0.000000000000000000, 0.000000000000000000, 0.000000000000000000 ) ) ;
#1205 = VECTOR ( 'NONE', #277, 1000.000000000000227 ) ;
#1206 = EDGE_LOOP ( 'NONE', ( #1948, #4264, #138, #2137 ) ) ;
#1207 = DIRECTION ( 'NONE',  ( -1.000000000000000000, 0.000000000000000000, -0.000000000000000000 ) ) ;
#1208 = SECURITY_CLASSIFICATION_LEVEL ( 'unclassified' ) ;
#1209 = DIRECTION ( 'NONE',  ( 1.000000000000000000, -0.000000000000000000, -0.000000000000000000 ) ) ;
#1210 = ORIENTED_EDGE ( 'NONE', *, *, #1722, .F. ) ;
#1211 = DIRECTION ( 'NONE',  ( 0.9971469684563890601, 8.890457814381138331E-16, 0.07548458980635044946 ) ) ;
#1212 = ORIENTED_EDGE ( 'NONE', *, *, #2984, .T. ) ;
#1213 = DIRECTION ( 'NONE',  ( 0.4754850121155015930, 0.000000000000000000, 0.8797238221473381303 ) ) ;
#1214 = DIRECTION ( 'NONE',  ( -0.000000000000000000, 1.000000000000000000, -0.000000000000000000 ) ) ;
#1215 = DIRECTION ( 'NONE',  ( 0.000000000000000000, 0.000000000000000000, 1.000000000000000000 ) ) ;
#1216 = EDGE_CURVE ( 'NONE', #2576, #3940, #1382, .T. ) ;
#1217 = PERSON_AND_ORGANIZATION_ROLE ( 'creator' ) ;
#1218 = LINE ( 'NONE', #882, #990 ) ;
#1219 = ORIENTED_EDGE ( 'NONE', *, *, #2427, .F. ) ;
#1220 = PLANE ( 'NONE',  #108 ) ;
#1221 = EDGE_CURVE ( 'NONE', #2714, #2773, #2197, .T. ) ;
#1222 = LINE ( 'NONE', #2571, #3827 ) ;
#1223 = DIRECTION ( 'NONE',  ( 0.000000000000000000, 0.000000000000000000, 1.000000000000000000 ) ) ;
#1224 = EDGE_LOOP ( 'NONE', ( #1821, #3397, #3748, #732, #167, #2114, #2993, #3755, #158, #3884, #1839, #105, #3553, #4154, #783, #20, #434, #2507, #677, #3301, #2607, #1777, #3219, #1645, #2699, #4033, #3532, #3069, #2294, #2513, #1212, #2313, #4315, #3542, #2403, #3438, #3474, #547, #997, #2093, #3437, #938, #774, #3160, #3681, #2010, #3283, #487, #3953, #2472 ) ) ;
#1225 = ADVANCED_FACE ( 'NONE', ( #3188 ), #2829, .T. ) ;
#1226 = LINE ( 'NONE', #3909, #220 ) ;
#1227 = ORIENTED_EDGE ( 'NONE', *, *, #4014, .T. ) ;
#1228 = APPROVAL_STATUS ( 'not_yet_approved' ) ;
#1229 = CARTESIAN_POINT ( 'NONE',  ( 39.76328366797952896, 0.000000000000000000, 20.37336111512493630 ) ) ;
#1230 = ORIENTED_EDGE ( 'NONE', *, *, #1391, .F. ) ;
#1231 = CARTESIAN_POINT ( 'NONE',  ( -11.00005080000000035, 0.000000000000000000, 0.000000000000000000 ) ) ;
#1232 = ORIENTED_EDGE ( 'NONE', *, *, #1412, .F. ) ;
#1233 = CC_DESIGN_PERSON_AND_ORGANIZATION_ASSIGNMENT ( #4209, #778, ( #3663 ) ) ;
#1234 = FACE_OUTER_BOUND ( 'NONE', #3570, .T. ) ;
#1235 = FACE_OUTER_BOUND ( 'NONE', #4035, .T. ) ;
#1236 = ORIENTED_EDGE ( 'NONE', *, *, #2432, .F. ) ;
#1237 = AXIS2_PLACEMENT_3D ( 'NONE', #2744, #4301, #1346 ) ;
#1238 = AXIS2_PLACEMENT_3D ( 'NONE', #1351, #2391, #2035 ) ;
#1239 = PERSON_AND_ORGANIZATION_ROLE ( 'design_owner' ) ;
#1240 = ORIENTED_EDGE ( 'NONE', *, *, #3640, .T. ) ;
#1241 = CARTESIAN_POINT ( 'NONE',  ( -32.43616245113830843, 0.000000000000000000, -30.72601400492420964 ) ) ;
#1242 = DIRECTION ( 'NONE',  ( -1.776356839400250465E-15, 0.000000000000000000, 1.000000000000000000 ) ) ;
#1243 = EDGE_CURVE ( 'NONE', #2630, #4304, #2936, .T. ) ;
#1244 = CARTESIAN_POINT ( 'NONE',  ( 5.949224987271553466, 0.09999999999999939493, 45.61366814947931658 ) ) ;
#1245 = COORDINATED_UNIVERSAL_TIME_OFFSET ( 7, 0, .AHEAD. ) ;
#1246 = VERTEX_POINT ( 'NONE', #110 ) ;
#1247 = FACE_OUTER_BOUND ( 'NONE', #214, .T. ) ;
#1248 = COORDINATED_UNIVERSAL_TIME_OFFSET ( 7, 0, .AHEAD. ) ;
#1249 = UNCERTAINTY_MEASURE_WITH_UNIT (LENGTH_MEASURE( 1.000000000000000082E-05 ), #709, 'distance_accuracy_value', 'NONE');
#1250 = EDGE_CURVE ( 'NONE', #988, #2156, #1149, .T. ) ;
#1251 = AXIS2_PLACEMENT_3D ( 'NONE', #2695, #981, #2268 ) ;
#1252 = FACE_OUTER_BOUND ( 'NONE', #832, .T. ) ;
#1253 = DIRECTION ( 'NONE',  ( -1.000000000000000000, 0.000000000000000000, -0.000000000000000000 ) ) ;
#1254 = ORIENTED_EDGE ( 'NONE', *, *, #3089, .T. ) ;
#1255 = LOCAL_TIME ( 2, 31, 6.000000000000000000, #3911 ) ;
#1256 = LINE ( 'NONE', #1572, #970 ) ;
#1257 = FACE_OUTER_BOUND ( 'NONE', #3195, .T. ) ;
#1258 = ORIENTED_EDGE ( 'NONE', *, *, #142, .F. ) ;
#1259 = CALENDAR_DATE ( 2025, 5, 10 ) ;
#1260 = DIRECTION ( 'NONE',  ( 0.8343761439417598513, 0.000000000000000000, 0.5511954738755386884 ) ) ;
#1261 = DIRECTION ( 'NONE',  ( 0.000000000000000000, 0.000000000000000000, 1.000000000000000000 ) ) ;
#1262 = CARTESIAN_POINT ( 'NONE',  ( -10.00000000000000000, 0.000000000000000000, 0.000000000000000000 ) ) ;
#1263 = DIRECTION ( 'NONE',  ( -1.000000000000000000, 0.000000000000000000, 0.000000000000000000 ) ) ;
#1264 = CARTESIAN_POINT ( 'NONE',  ( 0.000000000000000000, 5.099999999999999645, 0.000000000000000000 ) ) ;
#1265 = CARTESIAN_POINT ( 'NONE',  ( -20.60600029234985442, 0.000000000000000000, -46.65182474407273361 ) ) ;
#1266 = ORIENTED_EDGE ( 'NONE', *, *, #415, .T. ) ;
#1267 = CARTESIAN_POINT ( 'NONE',  ( 4.000000000000000000, 3.926652679773700250, -2.580107415946648608 ) ) ;
#1268 = ORIENTED_EDGE ( 'NONE', *, *, #256, .F. ) ;
#1269 = EDGE_CURVE ( 'NONE', #2163, #2627, #2790, .T. ) ;
#1270 = FACE_OUTER_BOUND ( 'NONE', #1168, .T. ) ;
#1271 = CARTESIAN_POINT ( 'NONE',  ( -38.38130262132095538, 0.09999999999999939493, -25.35499179827478144 ) ) ;
#1272 = VERTEX_POINT ( 'NONE', #178 ) ;
#1273 = VECTOR ( 'NONE', #662, 1000.000000000000114 ) ;
#1274 = EDGE_CURVE ( 'NONE', #1874, #629, #4163, .T. ) ;
#1275 = CARTESIAN_POINT ( 'NONE',  ( 4.000000000000000000, 0.000000000000000000, 0.000000000000000000 ) ) ;
#1276 = CARTESIAN_POINT ( 'NONE',  ( -3.407442633261665410, 0.000000000000000000, -50.88604263156086915 ) ) ;
#1277 = VERTEX_POINT ( 'NONE', #1173 ) ;
#1278 = EDGE_CURVE ( 'NONE', #1787, #2311, #1866, .T. ) ;
#1279 = DIRECTION ( 'NONE',  ( -1.000000000000000000, 0.000000000000000000, 0.000000000000000000 ) ) ;
#1280 = FACE_OUTER_BOUND ( 'NONE', #2842, .T. ) ;
#1281 = ORIENTED_EDGE ( 'NONE', *, *, #631, .T. ) ;
#1282 = DIRECTION ( 'NONE',  ( 0.9387883803997515431, -0.000000000000000000, -0.3444943785120618829 ) ) ;
#1283 = DIRECTION ( 'NONE',  ( -0.000000000000000000, -1.000000000000000000, -0.000000000000000000 ) ) ;
#1284 = CALENDAR_DATE ( 2025, 5, 10 ) ;
#1285 = VERTEX_POINT ( 'NONE', #2647 ) ;
#1286 = ORIENTED_EDGE ( 'NONE', *, *, #4357, .F. ) ;
#1287 = DIRECTION ( 'NONE',  ( -0.000000000000000000, 1.000000000000000000, -0.000000000000000000 ) ) ;
#1288 = LINE ( 'NONE', #3322, #3718 ) ;
#1289 = CC_DESIGN_PERSON_AND_ORGANIZATION_ASSIGNMENT ( #3785, #3084, ( #699 ) ) ;
#1290 = ORIENTED_EDGE ( 'NONE', *, *, #3756, .T. ) ;
#1291 = DIRECTION ( 'NONE',  ( -1.000000000000000000, -0.000000000000000000, -0.000000000000000000 ) ) ;
#1292 = VERTEX_POINT ( 'NONE', #971 ) ;
#1293 = PRODUCT_DEFINITION_SHAPE ( 'NONE', 'NONE',  #4376 ) ;
#1294 = CYLINDRICAL_SURFACE ( 'NONE', #3420, 51.00000000000000000 ) ;
#1295 = ADVANCED_FACE ( 'NONE', ( #1257 ), #3282, .F. ) ;
#1296 = CARTESIAN_POINT ( 'NONE',  ( 4.000000000000000000, 1.707701112668270627, -3.337477776673809515 ) ) ;
#1297 = AXIS2_PLACEMENT_3D ( 'NONE', #2226, #1537, #2250 ) ;
#1298 = ORIENTED_EDGE ( 'NONE', *, *, #2608, .T. ) ;
#1299 = EDGE_CURVE ( 'NONE', #3983, #3349, #1986, .T. ) ;
#1300 = CARTESIAN_POINT ( 'NONE',  ( 4.000000000000000000, 0.1188926102944909413, 5.998821929947357745 ) ) ;
#1301 = CARTESIAN_POINT ( 'NONE',  ( 4.000000000000000000, 1.660179660521027722, -4.395379282859348535 ) ) ;
#1302 = LINE ( 'NONE', #3742, #2157 ) ;
#1303 = ORIENTED_EDGE ( 'NONE', *, *, #2844, .T. ) ;
#1304 = APPROVAL ( #2301, 'UNSPECIFIED' ) ;
#1305 = CIRCLE ( 'NONE', #3006, 1.500000000000000222 ) ;
#1306 = CARTESIAN_POINT ( 'NONE',  ( -41.15164206803405023, 5.099999999999999645, -15.57377138346405765 ) ) ;
#1307 = PERSON_AND_ORGANIZATION ( #561, #3796 ) ;
#1308 = AXIS2_PLACEMENT_3D ( 'NONE', #321, #4072, #995 ) ;
#1309 = ORIENTED_EDGE ( 'NONE', *, *, #2463, .F. ) ;
#1310 = VECTOR ( 'NONE', #2400, 1000.000000000000000 ) ;
#1311 = CARTESIAN_POINT ( 'NONE',  ( -32.43616245113830843, 0.000000000000000000, -22.96762685375414392 ) ) ;
#1312 = CARTESIAN_POINT ( 'NONE',  ( -11.00005080000000035, 0.000000000000000000, 0.000000000000000000 ) ) ;
#1313 = VECTOR ( 'NONE', #1626, 1000.000000000000000 ) ;
#1314 = FACE_OUTER_BOUND ( 'NONE', #2298, .T. ) ;
#1315 = ORIENTED_EDGE ( 'NONE', *, *, #1922, .F. ) ;
#1316 = AXIS2_PLACEMENT_3D ( 'NONE', #2807, #2055, #3758 ) ;
#1317 = AXIS2_PLACEMENT_3D ( 'NONE', #1908, #239, #4276 ) ;
#1318 = EDGE_LOOP ( 'NONE', ( #397, #1052, #1494, #1444 ) ) ;
#1319 = AXIS2_PLACEMENT_3D ( 'NONE', #3405, #1402, #2105 ) ;
#1320 = EDGE_CURVE ( 'NONE', #2138, #2916, #1101, .T. ) ;
#1321 = DIRECTION ( 'NONE',  ( 0.000000000000000000, 0.000000000000000000, 1.000000000000000000 ) ) ;
#1322 = CC_DESIGN_APPROVAL ( #3468, ( #2735 ) ) ;
#1323 = CARTESIAN_POINT ( 'NONE',  ( -43.25472879714813956, 0.000000000000000000, 27.01903841155635888 ) ) ;
#1324 = DIRECTION ( 'NONE',  ( 0.000000000000000000, 1.000000000000000000, 0.000000000000000000 ) ) ;
#1325 = LINE ( 'NONE', #2347, #2722 ) ;
#1326 = CARTESIAN_POINT ( 'NONE',  ( 14.46416544611106580, 5.099999999999999645, -34.51430485128940262 ) ) ;
#1327 = EDGE_CURVE ( 'NONE', #4266, #3460, #109, .T. ) ;
#1328 = EDGE_CURVE ( 'NONE', #3891, #2210, #640, .T. ) ;
#1329 = ORIENTED_EDGE ( 'NONE', *, *, #3588, .F. ) ;
#1330 = VECTOR ( 'NONE', #795, 1000.000000000000227 ) ;
#1331 = CARTESIAN_POINT ( 'NONE',  ( 15.15775265453070020, 5.099999999999999645, 41.30668873758922643 ) ) ;
#1332 = COORDINATED_UNIVERSAL_TIME_OFFSET ( 7, 0, .AHEAD. ) ;
#1333 = ORIENTED_EDGE ( 'NONE', *, *, #1513, .F. ) ;
#1334 = VERTEX_POINT ( 'NONE', #2297 ) ;
#1335 = ADVANCED_FACE ( 'NONE', ( #3651 ), #274, .F. ) ;
#1336 = LINE ( 'NONE', #1311, #272 ) ;
#1337 = DIRECTION ( 'NONE',  ( -1.000000000000000000, 0.000000000000000000, -0.000000000000000000 ) ) ;
#1338 = CIRCLE ( 'NONE', #3538, 46.00000000000000000 ) ;
#1339 = VERTEX_POINT ( 'NONE', #2964 ) ;
#1340 = DIRECTION ( 'NONE',  ( -1.065814103640150279E-14, 0.000000000000000000, 1.000000000000000000 ) ) ;
#1341 = VERTEX_POINT ( 'NONE', #297 ) ;
#1342 = ORIENTED_EDGE ( 'NONE', *, *, #2706, .T. ) ;
#1343 = AXIS2_PLACEMENT_3D ( 'NONE', #1680, #747, #4011 ) ;
#1344 = ORIENTED_EDGE ( 'NONE', *, *, #2626, .F. ) ;
#1345 = PERSON ( 'NAUO-PER1', 'UNSPECIFIED', 'UNSPECIFIED', ('UNSPECIFIED'), ('UNSPECIFIED'), ('UNSPECIFIED') ) ;
#1346 = DIRECTION ( 'NONE',  ( -0.2176163151769395232, -4.439807896328143813E-15, 0.9760343945624103679 ) ) ;
#1347 = CARTESIAN_POINT ( 'NONE',  ( -20.60600029234985442, 5.099999999999999645, -46.65182474407273361 ) ) ;
#1348 = DIRECTION ( 'NONE',  ( 0.000000000000000000, 0.000000000000000000, 1.000000000000000000 ) ) ;
#1349 = EDGE_CURVE ( 'NONE', #3177, #4122, #876, .T. ) ;
#1350 = FACE_OUTER_BOUND ( 'NONE', #165, .T. ) ;
#1351 = CARTESIAN_POINT ( 'NONE',  ( 0.000000000000000000, 0.000000000000000000, 0.000000000000000000 ) ) ;
#1352 = CARTESIAN_POINT ( 'NONE',  ( 40.66116873908136142, 0.09999999999999939493, 30.78423877200747327 ) ) ;
#1353 = VERTEX_POINT ( 'NONE', #3352 ) ;
#1354 = DIRECTION ( 'NONE',  ( -1.000000000000000000, 0.000000000000000000, 0.000000000000000000 ) ) ;
#1355 = PERSON_AND_ORGANIZATION_ROLE ( 'design_owner' ) ;
#1356 = EDGE_CURVE ( 'NONE', #4281, #3883, #3572, .T. ) ;
#1357 = EDGE_LOOP ( 'NONE', ( #2465, #2623, #1084, #387, #3112 ) ) ;
#1358 = ORIENTED_EDGE ( 'NONE', *, *, #308, .T. ) ;
#1359 = LINE ( 'NONE', #2067, #3592 ) ;
#1360 = DIRECTION ( 'NONE',  ( -0.000000000000000000, -1.000000000000000000, -0.000000000000000000 ) ) ;
#1361 = EDGE_CURVE ( 'NONE', #267, #1163, #2081, .T. ) ;
#1362 = DIRECTION ( 'NONE',  ( 0.4271853285685922597, 0.000000000000000000, -0.9041640863558694230 ) ) ;
#1363 = EDGE_LOOP ( 'NONE', ( #2446, #1411, #1390, #1127, #2672 ) ) ;
#1364 = CARTESIAN_POINT ( 'NONE',  ( 0.000000000000000000, 0.09999999999999939493, 0.000000000000000000 ) ) ;
#1365 = CC_DESIGN_DATE_AND_TIME_ASSIGNMENT ( #3237, #2849, ( #4231 ) ) ;
#1366 = VECTOR ( 'NONE', #3739, 1000.000000000000114 ) ;
#1367 = ORIENTED_EDGE ( 'NONE', *, *, #4147, .T. ) ;
#1368 = VERTEX_POINT ( 'NONE', #316 ) ;
#1369 = CARTESIAN_POINT ( 'NONE',  ( 33.86627113243231690, 5.099999999999999645, -38.13234427077072297 ) ) ;
#1370 = FACE_OUTER_BOUND ( 'NONE', #3573, .T. ) ;
#1371 = DIRECTION ( 'NONE',  ( 0.000000000000000000, 0.000000000000000000, -1.000000000000000000 ) ) ;
#1372 = CARTESIAN_POINT ( 'NONE',  ( 4.000000000000000000, -4.693277837368735383, 0.2206777892320033740 ) ) ;
#1373 = CARTESIAN_POINT ( 'NONE',  ( 0.000000000000000000, -0.5801609955211061154, -3.703837769027682914 ) ) ;
#1374 = AXIS2_PLACEMENT_3D ( 'NONE', #4362, #1910, #3276 ) ;
#1375 = FACE_OUTER_BOUND ( 'NONE', #2069, .T. ) ;
#1376 = CARTESIAN_POINT ( 'NONE',  ( -43.89771815432407465, 5.099999999999999645, -8.317626586412410816 ) ) ;
#1377 = ORIENTED_EDGE ( 'NONE', *, *, #3684, .T. ) ;
#1378 = CALENDAR_DATE ( 2025, 5, 10 ) ;
#1379 = ORIENTED_EDGE ( 'NONE', *, *, #2977, .F. ) ;
#1380 = ORIENTED_EDGE ( 'NONE', *, *, #672, .F. ) ;
#1381 = VECTOR ( 'NONE', #3903, 1000.000000000000000 ) ;
#1382 = CIRCLE ( 'NONE', #3510, 5.999999999999999112 ) ;
#1383 = CARTESIAN_POINT ( 'NONE',  ( -11.00005080000000035, 4.591200850003427978E-16, -3.749000000000000554 ) ) ;
#1384 = EDGE_CURVE ( 'NONE', #856, #2189, #2940, .T. ) ;
#1385 = AXIS2_PLACEMENT_3D ( 'NONE', #2953, #3759, #3715 ) ;
#1386 = AXIS2_PLACEMENT_3D ( 'NONE', #2547, #3528, #3832 ) ;
#1387 = CARTESIAN_POINT ( 'NONE',  ( 22.22330419679811087, 5.099999999999999645, -40.27560987218661381 ) ) ;
#1388 = ORIENTED_EDGE ( 'NONE', *, *, #3319, .F. ) ;
#1389 = CIRCLE ( 'NONE', #1798, 7.758504095267494627 ) ;
#1390 = ORIENTED_EDGE ( 'NONE', *, *, #1174, .T. ) ;
#1391 = EDGE_CURVE ( 'NONE', #1007, #2183, #4314, .T. ) ;
#1392 = AXIS2_PLACEMENT_3D ( 'NONE', #3757, #2449, #724 ) ;
#1393 = DIRECTION ( 'NONE',  ( 0.000000000000000000, 0.000000000000000000, 1.000000000000000000 ) ) ;
#1394 = AXIS2_PLACEMENT_3D ( 'NONE', #177, #3462, #1130 ) ;
#1395 = ORIENTED_EDGE ( 'NONE', *, *, #4032, .T. ) ;
#1396 = CIRCLE ( 'NONE', #3862, 2.000000000000000000 ) ;
#1397 = AXIS2_PLACEMENT_3D ( 'NONE', #2154, #4103, #3106 ) ;
#1398 = CIRCLE ( 'NONE', #2524, 1.500000000000000222 ) ;
#1399 = CARTESIAN_POINT ( 'NONE',  ( 0.000000000000000000, -5.741958523657315183, 1.740664330822881301 ) ) ;
#1400 = CIRCLE ( 'NONE', #2666, 46.00000000000000000 ) ;
#1401 = CARTESIAN_POINT ( 'NONE',  ( 32.88497145215080764, 0.000000000000000000, 38.98177333820545698 ) ) ;
#1402 = DIRECTION ( 'NONE',  ( 0.2701120370441320029, 0.000000000000000000, 0.9628288983219549513 ) ) ;
#1403 = LINE ( 'NONE', #2362, #821 ) ;
#1404 = LINE ( 'NONE', #730, #3805 ) ;
#1405 = APPROVAL_PERSON_ORGANIZATION ( #3765, #4108, #2012 ) ;
#1406 = PERSON_AND_ORGANIZATION_ROLE ( 'creator' ) ;
#1407 = ORIENTED_EDGE ( 'NONE', *, *, #168, .F. ) ;
#1408 = ORIENTED_EDGE ( 'NONE', *, *, #3786, .F. ) ;
#1409 = FACE_OUTER_BOUND ( 'NONE', #398, .T. ) ;
#1410 = PERSON ( 'NAUO-PER3', 'UNSPECIFIED', 'UNSPECIFIED', ('UNSPECIFIED'), ('UNSPECIFIED'), ('UNSPECIFIED') ) ;
#1411 = ORIENTED_EDGE ( 'NONE', *, *, #2141, .T. ) ;
#1412 = EDGE_CURVE ( 'NONE', #1029, #1631, #4333, .T. ) ;
#1413 = CARTESIAN_POINT ( 'NONE',  ( 0.000000000000000000, 0.5801609955211840530, -3.703837769027670923 ) ) ;
#1414 = VERTEX_POINT ( 'NONE', #1650 ) ;
#1415 = AXIS2_PLACEMENT_3D ( 'NONE', #2153, #3812, #2046 ) ;
#1416 = CARTESIAN_POINT ( 'NONE',  ( 4.000000000000000000, 5.741958523657304525, -1.740664330822923267 ) ) ;
#1417 = DIRECTION ( 'NONE',  ( 0.000000000000000000, 0.000000000000000000, -1.000000000000000000 ) ) ;
#1418 = EDGE_CURVE ( 'NONE', #988, #2293, #4213, .T. ) ;
#1419 = AXIS2_PLACEMENT_3D ( 'NONE', #3625, #3013, #1990 ) ;
#1420 = EDGE_LOOP ( 'NONE', ( #1040, #2440, #587, #2965 ) ) ;
#1421 = AXIS2_PLACEMENT_3D ( 'NONE', #1834, #1712, #3192 ) ;
#1422 = DIRECTION ( 'NONE',  ( 0.000000000000000000, 0.000000000000000000, -1.000000000000000000 ) ) ;
#1423 = DIRECTION ( 'NONE',  ( -1.000000000000000000, -0.000000000000000000, 0.000000000000000000 ) ) ;
#1424 = CARTESIAN_POINT ( 'NONE',  ( 0.000000000000000000, -4.693277837368735383, 2.220677789232003541 ) ) ;
#1425 = EDGE_CURVE ( 'NONE', #4122, #2186, #457, .T. ) ;
#1426 = CARTESIAN_POINT ( 'NONE',  ( -27.39470892054294637, 5.099999999999999645, -36.95307731649320004 ) ) ;
#1427 = COORDINATED_UNIVERSAL_TIME_OFFSET ( 7, 0, .AHEAD. ) ;
#1428 = VERTEX_POINT ( 'NONE', #1573 ) ;
#1429 = LINE ( 'NONE', #59, #2448 ) ;
#1430 = ORIENTED_EDGE ( 'NONE', *, *, #2224, .F. ) ;
#1431 = EDGE_CURVE ( 'NONE', #2311, #1459, #2084, .T. ) ;
#1432 = DIRECTION ( 'NONE',  ( 1.000000000000000000, 0.000000000000000000, 0.000000000000000000 ) ) ;
#1433 = FACE_OUTER_BOUND ( 'NONE', #4039, .T. ) ;
#1434 = CARTESIAN_POINT ( 'NONE',  ( 32.88497145215080764, 5.099999999999999645, 38.98177333820545698 ) ) ;
#1435 = ORIENTED_EDGE ( 'NONE', *, *, #729, .T. ) ;
#1436 = ORIENTED_EDGE ( 'NONE', *, *, #3002, .F. ) ;
#1437 = ADVANCED_FACE ( 'NONE', ( #1235 ), #3965, .F. ) ;
#1438 = CARTESIAN_POINT ( 'NONE',  ( 22.44123636269610245, 0.000000000000000000, 38.63396797768921687 ) ) ;
#1439 = AXIS2_PLACEMENT_3D ( 'NONE', #1762, #2104, #2766 ) ;
#1440 = CARTESIAN_POINT ( 'NONE',  ( 0.000000000000000000, 0.000000000000000000, 0.000000000000000000 ) ) ;
#1441 = EDGE_CURVE ( 'NONE', #3460, #530, #595, .T. ) ;
#1442 = APPROVAL_STATUS ( 'not_yet_approved' ) ;
#1443 = VERTEX_POINT ( 'NONE', #3036 ) ;
#1444 = ORIENTED_EDGE ( 'NONE', *, *, #175, .T. ) ;
#1445 = CARTESIAN_POINT ( 'NONE',  ( -42.55318334102971534, 0.000000000000000000, -28.11096916765241360 ) ) ;
#1446 = CIRCLE ( 'NONE', #1297, 5.999999999999998224 ) ;
#1447 = DIRECTION ( 'NONE',  ( -0.000000000000000000, 1.000000000000000000, -0.000000000000000000 ) ) ;
#1448 = PRODUCT_DEFINITION ( 'UNKNOWN', '', #3596, #116 ) ;
#1449 = ORIENTED_EDGE ( 'NONE', *, *, #3494, .F. ) ;
#1450 = VECTOR ( 'NONE', #2619, 1000.000000000000000 ) ;
#1451 = ORIENTED_EDGE ( 'NONE', *, *, #2601, .T. ) ;
#1452 = VECTOR ( 'NONE', #1462, 1000.000000000000000 ) ;
#1453 = DIRECTION ( 'NONE',  ( 0.000000000000000000, 1.000000000000000000, -0.000000000000000000 ) ) ;
#1454 = AXIS2_PLACEMENT_3D ( 'NONE', #65, #458, #102 ) ;
#1455 = CYLINDRICAL_SURFACE ( 'NONE', #3650, 5.999999999999998224 ) ;
#1456 = AXIS2_PLACEMENT_3D ( 'NONE', #2222, #3971, #2264 ) ;
#1457 = DIRECTION ( 'NONE',  ( -1.000000000000000000, 0.000000000000000000, -0.000000000000000000 ) ) ;
#1458 = ORIENTED_EDGE ( 'NONE', *, *, #2111, .F. ) ;
#1459 = VERTEX_POINT ( 'NONE', #772 ) ;
#1460 = LINE ( 'NONE', #488, #2101 ) ;
#1461 = DIRECTION ( 'NONE',  ( 0.000000000000000000, 1.000000000000000000, 0.000000000000000000 ) ) ;
#1462 = DIRECTION ( 'NONE',  ( -0.000000000000000000, 1.000000000000000000, -0.000000000000000000 ) ) ;
#1463 = DIRECTION ( 'NONE',  ( 1.000000000000000000, 0.000000000000000000, 0.000000000000000000 ) ) ;
#1464 = VECTOR ( 'NONE', #3526, 1000.000000000000000 ) ;
#1465 = EDGE_CURVE ( 'NONE', #2464, #1631, #3547, .T. ) ;
#1466 = VECTOR ( 'NONE', #3790, 1000.000000000000000 ) ;
#1467 = VERTEX_POINT ( 'NONE', #1614 ) ;
#1468 = LINE ( 'NONE', #4169, #1976 ) ;
#1469 = EDGE_CURVE ( 'NONE', #4355, #3860, #1630, .T. ) ;
#1470 = EDGE_CURVE ( 'NONE', #1098, #3630, #4028, .T. ) ;
#1471 = DIRECTION ( 'NONE',  ( 0.000000000000000000, 0.000000000000000000, 1.000000000000000000 ) ) ;
#1472 = COORDINATED_UNIVERSAL_TIME_OFFSET ( 7, 0, .AHEAD. ) ;
#1473 = FACE_OUTER_BOUND ( 'NONE', #4022, .T. ) ;
#1474 = CC_DESIGN_APPROVAL ( #396, ( #3395 ) ) ;
#1475 = LOCAL_TIME ( 2, 31, 6.000000000000000000, #2272 ) ;
#1476 = CARTESIAN_POINT ( 'NONE',  ( 0.000000000000000000, -5.668478849484084314, -1.966811514342835077 ) ) ;
#1477 = ORIENTED_EDGE ( 'NONE', *, *, #3456, .T. ) ;
#1478 = CARTESIAN_POINT ( 'NONE',  ( -17.77772574241948078, 0.000000000000000000, -40.24863311253334075 ) ) ;
#1479 = CARTESIAN_POINT ( 'NONE',  ( 30.54604847238990217, 0.09999999999999939493, -34.39387914618539099 ) ) ;
#1480 = DIRECTION ( 'NONE',  ( 1.000000000000000000, 0.000000000000000000, 0.000000000000000000 ) ) ;
#1481 = CARTESIAN_POINT ( 'NONE',  ( 2.000000000000000000, -5.668478849484112736, 1.966811514342752476 ) ) ;
#1482 = VECTOR ( 'NONE', #1253, 1000.000000000000000 ) ;
#1483 = AXIS2_PLACEMENT_3D ( 'NONE', #1818, #1752, #1495 ) ;
#1484 = VECTOR ( 'NONE', #4270, 1000.000000000000000 ) ;
#1485 = DIRECTION ( 'NONE',  ( 0.000000000000000000, 0.000000000000000000, -1.000000000000000000 ) ) ;
#1486 = ADVANCED_FACE ( 'NONE', ( #994 ), #4027, .T. ) ;
#1487 = APPROVAL_DATE_TIME ( #1505, #213 ) ;
#1488 = ORIENTED_EDGE ( 'NONE', *, *, #2148, .F. ) ;
#1489 = FACE_OUTER_BOUND ( 'NONE', #885, .T. ) ;
#1490 = DIRECTION ( 'NONE',  ( 0.000000000000000000, 0.000000000000000000, 1.000000000000000000 ) ) ;
#1491 = EDGE_CURVE ( 'NONE', #1246, #1467, #4319, .T. ) ;
#1492 = EDGE_LOOP ( 'NONE', ( #3562, #1695 ) ) ;
#1493 = ORIENTED_EDGE ( 'NONE', *, *, #2574, .F. ) ;
#1494 = ORIENTED_EDGE ( 'NONE', *, *, #3141, .F. ) ;
#1495 = DIRECTION ( 'NONE',  ( 0.000000000000000000, 0.000000000000000000, 1.000000000000000000 ) ) ;
#1496 = ORIENTED_EDGE ( 'NONE', *, *, #1802, .T. ) ;
#1497 = ITEM_DEFINED_TRANSFORMATION ( 'NONE', 'NONE', #4080,  #2593 ) ;
#1498 = ADVANCED_FACE ( 'NONE', ( #1350 ), #2551, .T. ) ;
#1499 = DIRECTION ( 'NONE',  ( 0.000000000000000000, 1.000000000000000000, 0.000000000000000000 ) ) ;
#1500 = VERTEX_POINT ( 'NONE', #3313 ) ;
#1501 = ORIENTED_EDGE ( 'NONE', *, *, #415, .F. ) ;
#1502 = CARTESIAN_POINT ( 'NONE',  ( -43.03994144337356431, 0.000000000000000000, 9.141304094655753332 ) ) ;
#1503 = CC_DESIGN_PERSON_AND_ORGANIZATION_ASSIGNMENT ( #2944, #742, ( #2530 ) ) ;
#1504 = LINE ( 'NONE', #3830, #895 ) ;
#1505 = DATE_AND_TIME ( #3855, #1745 ) ;
#1506 = AXIS2_PLACEMENT_3D ( 'NONE', #486, #1125, #1845 ) ;
#1507 = ORIENTED_EDGE ( 'NONE', *, *, #1250, .T. ) ;
#1508 = CARTESIAN_POINT ( 'NONE',  ( 0.000000000000000000, 0.09999999999999939493, 0.000000000000000000 ) ) ;
#1509 = PLANE ( 'NONE',  #705 ) ;
#1510 = ORIENTED_EDGE ( 'NONE', *, *, #1349, .F. ) ;
#1511 = ORIENTED_EDGE ( 'NONE', *, *, #3836, .T. ) ;
#1512 = CARTESIAN_POINT ( 'NONE',  ( 2.000000000000000000, 3.622205203785575645, 4.783265564618869092 ) ) ;
#1513 = EDGE_CURVE ( 'NONE', #3467, #2447, #2202, .T. ) ;
#1514 = PERSON_AND_ORGANIZATION_ROLE ( 'classification_officer' ) ;
#1515 = CARTESIAN_POINT ( 'NONE',  ( 4.000000000000000000, 4.693277837368736272, -0.2206777892319682632 ) ) ;
#1516 = ORIENTED_EDGE ( 'NONE', *, *, #3931, .F. ) ;
#1517 = EDGE_LOOP ( 'NONE', ( #425, #637, #1511, #56, #1407 ) ) ;
#1518 = CARTESIAN_POINT ( 'NONE',  ( 4.000000000000000000, -4.693277837368735383, 2.220677789232003541 ) ) ;
#1519 = CARTESIAN_POINT ( 'NONE',  ( 4.000000000000000000, 5.741958523657304525, 1.740664330822923267 ) ) ;
#1520 = VERTEX_POINT ( 'NONE', #3801 ) ;
#1521 = EDGE_CURVE ( 'NONE', #4132, #3491, #3969, .T. ) ;
#1522 = CARTESIAN_POINT ( 'NONE',  ( 4.000000000000000000, 0.000000000000000000, 0.000000000000000000 ) ) ;
#1523 = AXIS2_PLACEMENT_3D ( 'NONE', #1930, #2056, #725 ) ;
#1524 = CARTESIAN_POINT ( 'NONE',  ( -11.09843207402390064, 0.000000000000000000, 49.77775412268292854 ) ) ;
#1525 = AXIS2_PLACEMENT_3D ( 'NONE', #1638, #29, #4097 ) ;
#1526 = DIRECTION ( 'NONE',  ( -1.000000000000000000, 0.000000000000000000, 0.000000000000000000 ) ) ;
#1527 =( NAMED_UNIT ( * ) SI_UNIT ( $, .STERADIAN. ) SOLID_ANGLE_UNIT ( ) );
#1528 = AXIS2_PLACEMENT_3D ( 'NONE', #1643, #1956, #3724 ) ;
#1529 = AXIS2_PLACEMENT_3D ( 'NONE', #2231, #221, #2578 ) ;
#1530 = EDGE_LOOP ( 'NONE', ( #3628, #2961, #4215, #714 ) ) ;
#1531 = FACE_OUTER_BOUND ( 'NONE', #2099, .T. ) ;
#1532 = CARTESIAN_POINT ( 'NONE',  ( -42.55318334102971534, 0.000000000000000000, -28.11096916765241360 ) ) ;
#1533 = AXIS2_PLACEMENT_3D ( 'NONE', #2703, #1709, #18 ) ;
#1534 = VECTOR ( 'NONE', #976, 1000.000000000000000 ) ;
#1535 = VERTEX_POINT ( 'NONE', #3988 ) ;
#1536 = ORIENTED_EDGE ( 'NONE', *, *, #2358, .F. ) ;
#1537 = DIRECTION ( 'NONE',  ( -1.000000000000000000, -0.000000000000000000, -0.000000000000000000 ) ) ;
#1538 = APPROVAL_PERSON_ORGANIZATION ( #14, #396, #3723 ) ;
#1539 = PERSON_AND_ORGANIZATION ( #1820, #833 ) ;
#1540 = CARTESIAN_POINT ( 'NONE',  ( 4.000000000000000000, -2.646421322368391671, -2.655457622428558651 ) ) ;
#1541 = EDGE_CURVE ( 'NONE', #4112, #1467, #2696, .T. ) ;
#1542 = ORIENTED_EDGE ( 'NONE', *, *, #3323, .F. ) ;
#1543 = CARTESIAN_POINT ( 'NONE',  ( 6.595879877192315277, 5.099999999999999645, 50.57167555703142625 ) ) ;
#1544 = DIRECTION ( 'NONE',  ( -1.000000000000000000, -0.000000000000000000, -0.000000000000000000 ) ) ;
#1545 = ORIENTED_EDGE ( 'NONE', *, *, #371, .T. ) ;
#1546 = DIRECTION ( 'NONE',  ( 0.000000000000000000, 0.000000000000000000, 1.000000000000000000 ) ) ;
#1547 = CYLINDRICAL_SURFACE ( 'NONE', #271, 7.758387151176069807 ) ;
#1548 = AXIS2_PLACEMENT_3D ( 'NONE', #2092, #3449, #2708 ) ;
#1549 = CARTESIAN_POINT ( 'NONE',  ( -43.25472879714813956, 0.000000000000000000, 27.01903841155635888 ) ) ;
#1550 = ADVANCED_FACE ( 'NONE', ( #1280 ), #2632, .F. ) ;
#1551 = LINE ( 'NONE', #2896, #3215 ) ;
#1552 = PERSON_AND_ORGANIZATION ( #561, #3796 ) ;
#1553 = CYLINDRICAL_SURFACE ( 'NONE', #1598, 51.00000000000000000 ) ;
#1554 = EDGE_CURVE ( 'NONE', #81, #1272, #3111, .T. ) ;
#1555 = CIRCLE ( 'NONE', #2044, 5.999999999999998224 ) ;
#1556 = ORIENTED_EDGE ( 'NONE', *, *, #3290, .T. ) ;
#1557 = DIRECTION ( 'NONE',  ( 0.000000000000000000, 0.000000000000000000, 1.000000000000000000 ) ) ;
#1558 = CIRCLE ( 'NONE', #3464, 51.00000000000000000 ) ;
#1559 = CARTESIAN_POINT ( 'NONE',  ( 49.10427381441969885, 5.099999999999999645, -13.77571388925074203 ) ) ;
#1560 = CYLINDRICAL_SURFACE ( 'NONE', #2155, 2.000000000000000000 ) ;
#1561 = CC_DESIGN_PERSON_AND_ORGANIZATION_ASSIGNMENT ( #2227, #1514, ( #2321 ) ) ;
#1562 = CIRCLE ( 'NONE', #2476, 51.00000000000000000 ) ;
#1563 = ORIENTED_EDGE ( 'NONE', *, *, #2980, .F. ) ;
#1564 = CYLINDRICAL_SURFACE ( 'NONE', #1757, 7.758387151172182250 ) ;
#1565 = EDGE_LOOP ( 'NONE', ( #3725, #3446, #3771, #2850 ) ) ;
#1566 = DATE_AND_TIME ( #3603, #2671 ) ;
#1567 = DIRECTION ( 'NONE',  ( 0.000000000000000000, -0.5877852522924802425, 0.8090169943749422332 ) ) ;
#1568 = ORIENTED_EDGE ( 'NONE', *, *, #1278, .T. ) ;
#1569 = VECTOR ( 'NONE', #2223, 1000.000000000000114 ) ;
#1570 = ORIENTED_EDGE ( 'NONE', *, *, #2358, .T. ) ;
#1571 = ORIENTED_EDGE ( 'NONE', *, *, #120, .T. ) ;
#1572 = CARTESIAN_POINT ( 'NONE',  ( 35.01885136591087644, 0.000000000000000000, -19.98819138023783282 ) ) ;
#1573 = CARTESIAN_POINT ( 'NONE',  ( 0.000000000000000000, 5.668478849484098525, 1.966811514342793776 ) ) ;
#1574 = EDGE_CURVE ( 'NONE', #830, #4132, #3185, .T. ) ;
#1575 = PERSON_AND_ORGANIZATION ( #561, #3796 ) ;
#1576 = ORIENTED_EDGE ( 'NONE', *, *, #2278, .F. ) ;
#1577 = DIRECTION ( 'NONE',  ( 0.9971469684563891711, 0.000000000000000000, 0.07548458980635044946 ) ) ;
#1578 = EDGE_CURVE ( 'NONE', #3052, #3859, #3694, .T. ) ;
#1579 = CARTESIAN_POINT ( 'NONE',  ( -32.43616245113830843, 5.099999999999999645, -30.72601400492420964 ) ) ;
#1580 = CARTESIAN_POINT ( 'NONE',  ( 2.000000000000000000, -5.741958523657291202, -1.740664330822961681 ) ) ;
#1581 = PERSON_AND_ORGANIZATION ( #561, #3796 ) ;
#1582 = DIRECTION ( 'NONE',  ( 0.6036125249413142324, -0.000000000000000000, -0.7972778184133629820 ) ) ;
#1583 = DIRECTION ( 'NONE',  ( -0.1545218500477754386, 0.000000000000000000, 0.9879893713283625090 ) ) ;
#1584 = CARTESIAN_POINT ( 'NONE',  ( 0.000000000000000000, -3.926652679773682042, -0.5801074159466758084 ) ) ;
#1585 = EDGE_LOOP ( 'NONE', ( #1754, #612, #1116, #773 ) ) ;
#1586 = CIRCLE ( 'NONE', #2995, 51.00000000000000000 ) ;
#1587 = DIRECTION ( 'NONE',  ( 0.000000000000000000, 0.000000000000000000, 1.000000000000000000 ) ) ;
#1588 = ORIENTED_EDGE ( 'NONE', *, *, #2705, .F. ) ;
#1589 = AXIS2_PLACEMENT_3D ( 'NONE', #3831, #3776, #1761 ) ;
#1590 = FACE_OUTER_BOUND ( 'NONE', #2203, .T. ) ;
#1591 = CIRCLE ( 'NONE', #4140, 5.999999999999999112 ) ;
#1592 = CIRCLE ( 'NONE', #3711, 5.999999999999998224 ) ;
#1593 = CARTESIAN_POINT ( 'NONE',  ( 0.000000000000000000, -3.343279438444365592, 1.696314710327990083 ) ) ;
#1594 = EDGE_CURVE ( 'NONE', #2482, #1368, #2267, .T. ) ;
#1595 = CIRCLE ( 'NONE', #467, 5.000000000000000000 ) ;
#1596 = VERTEX_POINT ( 'NONE', #2986 ) ;
#1597 = FACE_OUTER_BOUND ( 'NONE', #3191, .T. ) ;
#1598 = AXIS2_PLACEMENT_3D ( 'NONE', #4233, #229, #881 ) ;
#1599 = PLANE ( 'NONE',  #2793 ) ;
#1600 = ADVANCED_FACE ( 'NONE', ( #4338 ), #3010, .F. ) ;
#1601 = CARTESIAN_POINT ( 'NONE',  ( 1.836970198721030181E-16, 0.000000000000000000, -1.500000000000000222 ) ) ;
#1602 = ORIENTED_EDGE ( 'NONE', *, *, #318, .T. ) ;
#1603 = CIRCLE ( 'NONE', #2172, 2.000000000000000000 ) ;
#1604 = AXIS2_PLACEMENT_3D ( 'NONE', #3716, #683, #2937 ) ;
#1605 = CARTESIAN_POINT ( 'NONE',  ( 4.000000000000000000, 2.646421322368450291, -2.655457622428500475 ) ) ;
#1606 = ADVANCED_FACE ( 'NONE', ( #977 ), #3270, .T. ) ;
#1607 = ORIENTED_EDGE ( 'NONE', *, *, #3978, .F. ) ;
#1608 = DIRECTION ( 'NONE',  ( 0.000000000000000000, 0.000000000000000000, -1.000000000000000000 ) ) ;
#1609 = VERTEX_POINT ( 'NONE', #2904 ) ;
#1610 = LOCAL_TIME ( 2, 31, 6.000000000000000000, #3992 ) ;
#1611 = DIRECTION ( 'NONE',  ( -0.000000000000000000, 1.000000000000000000, -0.000000000000000000 ) ) ;
#1612 = ORIENTED_EDGE ( 'NONE', *, *, #1140, .T. ) ;
#1613 = MANIFOLD_SOLID_BREP ( 'Bore', #2259 ) ;
#1614 = CARTESIAN_POINT ( 'NONE',  ( 28.37134791950280643, 5.099999999999999645, 33.63133386041257467 ) ) ;
#1615 = ORIENTED_EDGE ( 'NONE', *, *, #3472, .F. ) ;
#1616 = FACE_OUTER_BOUND ( 'NONE', #3540, .T. ) ;
#1617 = CARTESIAN_POINT ( 'NONE',  ( 4.000000000000000000, -3.926652679773718457, 2.580107415946621074 ) ) ;
#1618 = CC_DESIGN_DATE_AND_TIME_ASSIGNMENT ( #933, #3622, ( #3190 ) ) ;
#1619 = AXIS2_PLACEMENT_3D ( 'NONE', #2529, #3509, #3068 ) ;
#1620 = FACE_OUTER_BOUND ( 'NONE', #577, .T. ) ;
#1621 = APPROVAL_DATE_TIME ( #240, #3468 ) ;
#1622 = ORIENTED_EDGE ( 'NONE', *, *, #3217, .F. ) ;
#1623 = DIRECTION ( 'NONE',  ( -0.5955371504465858390, 4.439807896328140657E-15, -0.8033277677498521507 ) ) ;
#1624 = CIRCLE ( 'NONE', #2048, 1.999999999999999778 ) ;
#1625 = EDGE_CURVE ( 'NONE', #3766, #3624, #3819, .T. ) ;
#1626 = DIRECTION ( 'NONE',  ( -1.000000000000000000, 0.000000000000000000, 0.000000000000000000 ) ) ;
#1627 = EDGE_LOOP ( 'NONE', ( #3278, #117, #4202, #1303 ) ) ;
#1628 = CARTESIAN_POINT ( 'NONE',  ( 0.000000000000000000, 5.099999999999999645, 0.000000000000000000 ) ) ;
#1629 = ORIENTED_EDGE ( 'NONE', *, *, #3259, .F. ) ;
#1630 = CIRCLE ( 'NONE', #2620, 2.000000000000000000 ) ;
#1631 = VERTEX_POINT ( 'NONE', #2245 ) ;
#1632 = EDGE_CURVE ( 'NONE', #1022, #2270, #1562, .T. ) ;
#1633 = DIRECTION ( 'NONE',  ( 1.000000000000000000, 0.000000000000000000, 0.000000000000000000 ) ) ;
#1634 = DIRECTION ( 'NONE',  ( 0.000000000000000000, 1.000000000000000000, 0.000000000000000000 ) ) ;
#1635 = VERTEX_POINT ( 'NONE', #4299 ) ;
#1636 = DIRECTION ( 'NONE',  ( 0.4831153086260460139, -0.000000000000000000, -0.8755567363518826918 ) ) ;
#1637 = DIRECTION ( 'NONE',  ( -0.9041640863558694230, -0.000000000000000000, -0.4271853285685923152 ) ) ;
#1638 = CARTESIAN_POINT ( 'NONE',  ( 17.56921330411507753, 0.000000000000000000, 47.87820740038733192 ) ) ;
#1639 = ORIENTED_EDGE ( 'NONE', *, *, #4057, .T. ) ;
#1640 = DIRECTION ( 'NONE',  ( 0.000000000000000000, 0.000000000000000000, 1.000000000000000000 ) ) ;
#1641 = CARTESIAN_POINT ( 'NONE',  ( 4.000000000000000000, 0.000000000000000000, 1.500000000000000222 ) ) ;
#1642 = ORIENTED_EDGE ( 'NONE', *, *, #1139, .T. ) ;
#1643 = CARTESIAN_POINT ( 'NONE',  ( 4.000000000000000000, 3.926652679773700250, -2.580107415946648608 ) ) ;
#1644 = DIRECTION ( 'NONE',  ( 0.000000000000000000, 0.000000000000000000, -1.000000000000000000 ) ) ;
#1645 = ORIENTED_EDGE ( 'NONE', *, *, #1748, .T. ) ;
#1646 = CARTESIAN_POINT ( 'NONE',  ( 0.000000000000000000, 0.09999999999999939493, 0.000000000000000000 ) ) ;
#1647 = EDGE_CURVE ( 'NONE', #737, #1414, #865, .T. ) ;
#1648 = ORIENTED_EDGE ( 'NONE', *, *, #91, .T. ) ;
#1649 = CARTESIAN_POINT ( 'NONE',  ( 0.000000000000000000, 5.099999999999999645, 0.000000000000000000 ) ) ;
#1650 = CARTESIAN_POINT ( 'NONE',  ( -2.938707058645808168, 5.099999999999999645, -43.88604263156086915 ) ) ;
#1651 = EDGE_CURVE ( 'NONE', #3514, #2890, #4247, .T. ) ;
#1652 = VERTEX_POINT ( 'NONE', #2923 ) ;
#1653 = AXIS2_PLACEMENT_3D ( 'NONE', #3306, #3003, #4354 ) ;
#1654 = DIRECTION ( 'NONE',  ( 0.000000000000000000, 0.000000000000000000, 1.000000000000000000 ) ) ;
#1655 = EDGE_CURVE ( 'NONE', #3201, #374, #923, .T. ) ;
#1656 = CARTESIAN_POINT ( 'NONE',  ( -20.60600029234985442, 0.000000000000000000, -46.65182474407273361 ) ) ;
#1657 = CARTESIAN_POINT ( 'NONE',  ( 7.108005102197678227, 5.099999999999999645, -45.44751108110466475 ) ) ;
#1658 = CARTESIAN_POINT ( 'NONE',  ( 0.000000000000000000, 0.000000000000000000, 0.000000000000000000 ) ) ;
#1659 = ORIENTED_EDGE ( 'NONE', *, *, #3683, .T. ) ;
#1660 = CIRCLE ( 'NONE', #2650, 2.000000000000000000 ) ;
#1661 = APPLICATION_PROTOCOL_DEFINITION ( 'international standard', 'config_control_design', 1994, #649 ) ;
#1662 = ORIENTED_EDGE ( 'NONE', *, *, #4252, .F. ) ;
#1663 = VECTOR ( 'NONE', #3158, 1000.000000000000114 ) ;
#1664 = DIRECTION ( 'NONE',  ( -0.5955371504465861721, -0.000000000000000000, -0.8033277677498520397 ) ) ;
#1665 = DIRECTION ( 'NONE',  ( -1.000000000000000000, 0.000000000000000000, 0.000000000000000000 ) ) ;
#1666 = AXIS2_PLACEMENT_3D ( 'NONE', #3167, #135, #1485 ) ;
#1667 = ORIENTED_EDGE ( 'NONE', *, *, #3853, .F. ) ;
#1668 = FACE_OUTER_BOUND ( 'NONE', #2562, .T. ) ;
#1669 = ORIENTED_EDGE ( 'NONE', *, *, #1174, .F. ) ;
#1670 = AXIS2_PLACEMENT_3D ( 'NONE', #3184, #3872, #3546 ) ;
#1671 = VECTOR ( 'NONE', #494, 1000.000000000000000 ) ;
#1672 = EDGE_CURVE ( 'NONE', #1912, #3721, #2265, .T. ) ;
#1673 = ORIENTED_EDGE ( 'NONE', *, *, #3370, .T. ) ;
#1674 = AXIS2_PLACEMENT_3D ( 'NONE', #3035, #7, #1047 ) ;
#1675 = EDGE_CURVE ( 'NONE', #335, #1443, #952, .T. ) ;
#1676 = LOCAL_TIME ( 2, 31, 6.000000000000000000, #2139 ) ;
#1677 = FACE_OUTER_BOUND ( 'NONE', #85, .T. ) ;
#1678 = CARTESIAN_POINT ( 'NONE',  ( 4.000000000000000000, 2.646421322368412099, 2.655457622428539555 ) ) ;
#1679 = CARTESIAN_POINT ( 'NONE',  ( -32.43616245113830843, 0.000000000000000000, -30.72601400492420964 ) ) ;
#1680 = CARTESIAN_POINT ( 'NONE',  ( -30.37239467277583671, 0.000000000000000000, -40.96971615524240207 ) ) ;
#1681 = PLANE ( 'NONE',  #2725 ) ;
#1682 = CARTESIAN_POINT ( 'NONE',  ( 0.000000000000000000, 5.099999999999999645, 0.000000000000000000 ) ) ;
#1683 = VERTEX_POINT ( 'NONE', #4275 ) ;
#1684 = EDGE_CURVE ( 'NONE', #3325, #2371, #2898, .T. ) ;
#1685 = DIRECTION ( 'NONE',  ( 0.000000000000000000, 0.000000000000000000, 1.000000000000000000 ) ) ;
#1686 = PERSON_AND_ORGANIZATION ( #561, #3796 ) ;
#1687 = ORIENTED_EDGE ( 'NONE', *, *, #578, .F. ) ;
#1688 = DIRECTION ( 'NONE',  ( 0.000000000000000000, 0.000000000000000000, 1.000000000000000000 ) ) ;
#1689 = APPROVAL ( #3175, 'UNKNOWN' ) ;
#1690 = CARTESIAN_POINT ( 'NONE',  ( 2.000000000000000000, -0.1188926102945334351, 5.998821929947355969 ) ) ;
#1691 = CARTESIAN_POINT ( 'NONE',  ( 0.000000000000000000, 1.707701112668222887, 3.337477776673833940 ) ) ;
#1692 = DIRECTION ( 'NONE',  ( -1.000000000000000000, -0.000000000000000000, 0.000000000000000000 ) ) ;
#1693 = VECTOR ( 'NONE', #3269, 1000.000000000000000 ) ;
#1694 = APPLICATION_CONTEXT ( 'configuration controlled 3d designs of mechanical parts and assemblies' ) ;
#1695 = ORIENTED_EDGE ( 'NONE', *, *, #1916, .T. ) ;
#1696 = ORIENTED_EDGE ( 'NONE', *, *, #2031, .F. ) ;
#1697 = CARTESIAN_POINT ( 'NONE',  ( -26.20363461964972984, 0.000000000000000000, -35.34642178099343823 ) ) ;
#1698 = DIRECTION ( 'NONE',  ( -1.000000000000000000, -0.000000000000000000, -0.000000000000000000 ) ) ;
#1699 = DIRECTION ( 'NONE',  ( 0.000000000000000000, 0.000000000000000000, -1.000000000000000000 ) ) ;
#1700 = CYLINDRICAL_SURFACE ( 'NONE', #2871, 2.000000000000000000 ) ;
#1701 = CARTESIAN_POINT ( 'NONE',  ( 0.000000000000000000, 0.000000000000000000, 0.000000000000000000 ) ) ;
#1702 = FACE_OUTER_BOUND ( 'NONE', #2532, .T. ) ;
#1703 = EDGE_CURVE ( 'NONE', #3182, #2270, #601, .T. ) ;
#1704 = DIRECTION ( 'NONE',  ( 0.000000000000000000, 0.000000000000000000, -1.000000000000000000 ) ) ;
#1705 = ORIENTED_EDGE ( 'NONE', *, *, #1521, .T. ) ;
#1706 = CALENDAR_DATE ( 2025, 5, 10 ) ;
#1707 = ORIENTED_EDGE ( 'NONE', *, *, #2306, .F. ) ;
#1708 = EDGE_CURVE ( 'NONE', #2292, #2413, #2285, .T. ) ;
#1709 = DIRECTION ( 'NONE',  ( 0.8755567363518828028, 0.000000000000000000, 0.4831153086260460694 ) ) ;
#1710 = CARTESIAN_POINT ( 'NONE',  ( 4.000000000000000000, 0.000000000000000000, 0.000000000000000000 ) ) ;
#1711 = EDGE_LOOP ( 'NONE', ( #1615, #3127, #497, #3329, #2710, #1074, #80, #3537, #222, #3421, #3459, #3706, #4211, #4199, #1061, #1669, #1298, #4291, #559, #3353, #2884, #697, #2751, #2963, #2262, #3794, #715, #2467, #2351, #2065, #3946, #3174, #1751, #2983, #1793, #3810, #2277, #1542, #922, #3085, #991, #1859, #1379, #1488, #2927, #2494, #298, #1824, #3041 ) ) ;
#1712 = DIRECTION ( 'NONE',  ( -0.000000000000000000, 1.000000000000000000, -0.000000000000000000 ) ) ;
#1713 = AXIS2_PLACEMENT_3D ( 'NONE', #1438, #2745, #1045 ) ;
#1714 = ORIENTED_EDGE ( 'NONE', *, *, #3826, .T. ) ;
#1715 = EDGE_LOOP ( 'NONE', ( #3608, #2739, #2221, #2976 ) ) ;
#1716 = DIRECTION ( 'NONE',  ( 0.000000000000000000, 1.000000000000000000, 0.000000000000000000 ) ) ;
#1717 = DIRECTION ( 'NONE',  ( -0.7106652313693783141, 0.000000000000000000, 0.7035303326244776168 ) ) ;
#1718 = CARTESIAN_POINT ( 'NONE',  ( 0.000000000000000000, -3.701838652623392623, -0.5927829197467041622 ) ) ;
#1719 = CARTESIAN_POINT ( 'NONE',  ( 4.000000000000000000, 0.000000000000000000, 0.000000000000000000 ) ) ;
#1720 = DIRECTION ( 'NONE',  ( 1.000000000000000000, 0.000000000000000000, 0.000000000000000000 ) ) ;
#1721 = CARTESIAN_POINT ( 'NONE',  ( -30.37239467277583671, 0.000000000000000000, -40.96971615524240207 ) ) ;
#1722 = EDGE_CURVE ( 'NONE', #1609, #2051, #2879, .T. ) ;
#1723 = DATE_AND_TIME ( #34, #3804 ) ;
#1724 = ORIENTED_EDGE ( 'NONE', *, *, #391, .T. ) ;
#1725 = EDGE_LOOP ( 'NONE', ( #1126, #1576 ) ) ;
#1726 = CIRCLE ( 'NONE', #2088, 51.00000000000000000 ) ;
#1727 = DIRECTION ( 'NONE',  ( -0.000000000000000000, 1.000000000000000000, -0.000000000000000000 ) ) ;
#1728 = CIRCLE ( 'NONE', #4210, 7.758387151172469132 ) ;
#1729 = EDGE_CURVE ( 'NONE', #3109, #335, #3950, .T. ) ;
#1730 = VECTOR ( 'NONE', #2565, 1000.000000000000000 ) ;
#1731 = CIRCLE ( 'NONE', #1031, 2.000000000000000444 ) ;
#1732 = VECTOR ( 'NONE', #1000, 999.9999999999998863 ) ;
#1733 = ORIENTED_EDGE ( 'NONE', *, *, #4352, .T. ) ;
#1734 = CARTESIAN_POINT ( 'NONE',  ( 0.000000000000000000, 0.000000000000000000, 0.000000000000000000 ) ) ;
#1735 = EDGE_CURVE ( 'NONE', #1938, #2138, #3576, .T. ) ;
#1736 = DIRECTION ( 'NONE',  ( 0.000000000000000000, 0.000000000000000000, -1.000000000000000000 ) ) ;
#1737 = ORIENTED_EDGE ( 'NONE', *, *, #1441, .F. ) ;
#1738 = ORIENTED_EDGE ( 'NONE', *, *, #1391, .T. ) ;
#1739 = CARTESIAN_POINT ( 'NONE',  ( 42.36447152616601386, 0.000000000000000000, -11.88492962994181745 ) ) ;
#1740 = FACE_OUTER_BOUND ( 'NONE', #3735, .T. ) ;
#1741 = AXIS2_PLACEMENT_3D ( 'NONE', #1150, #111, #1463 ) ;
#1742 = CARTESIAN_POINT ( 'NONE',  ( 4.000000000000000000, 0.000000000000000000, 0.000000000000000000 ) ) ;
#1743 = LINE ( 'NONE', #3717, #3455 ) ;
#1744 = DIRECTION ( 'NONE',  ( 0.000000000000000000, 1.000000000000000000, 0.000000000000000000 ) ) ;
#1745 = LOCAL_TIME ( 2, 31, 6.000000000000000000, #3211 ) ;
#1746 = APPLICATION_PROTOCOL_DEFINITION ( 'international standard', 'config_control_design', 1994, #2150 ) ;
#1747 = EDGE_LOOP ( 'NONE', ( #657, #2022, #3198, #535, #16 ) ) ;
#1748 = EDGE_CURVE ( 'NONE', #2186, #4126, #1222, .T. ) ;
#1749 = FACE_OUTER_BOUND ( 'NONE', #1363, .T. ) ;
#1750 = ORIENTED_EDGE ( 'NONE', *, *, #1995, .T. ) ;
#1751 = ORIENTED_EDGE ( 'NONE', *, *, #3170, .T. ) ;
#1752 = DIRECTION ( 'NONE',  ( -1.000000000000000000, -0.000000000000000000, -0.000000000000000000 ) ) ;
#1753 = EDGE_CURVE ( 'NONE', #250, #760, #2275, .T. ) ;
#1754 = ORIENTED_EDGE ( 'NONE', *, *, #2651, .T. ) ;
#1755 = DIRECTION ( 'NONE',  ( 0.000000000000000000, 1.000000000000000000, 0.000000000000000000 ) ) ;
#1756 = DIRECTION ( 'NONE',  ( -1.000000000000000000, 0.000000000000000000, 0.000000000000000000 ) ) ;
#1757 = AXIS2_PLACEMENT_3D ( 'NONE', #4261, #996, #3539 ) ;
#1758 = DIRECTION ( 'NONE',  ( -1.000000000000000000, -0.000000000000000000, -0.000000000000000000 ) ) ;
#1759 = ORIENTED_EDGE ( 'NONE', *, *, #3409, .F. ) ;
#1760 = EDGE_CURVE ( 'NONE', #12, #4343, #716, .T. ) ;
#1761 = DIRECTION ( 'NONE',  ( 0.9999190433010951562, 8.890457814381136359E-16, 0.01272426201484068778 ) ) ;
#1762 = CARTESIAN_POINT ( 'NONE',  ( 32.88497145215080764, 0.000000000000000000, 38.98177333820545698 ) ) ;
#1763 = DIRECTION ( 'NONE',  ( -1.000000000000000000, -0.000000000000000000, 0.000000000000000000 ) ) ;
#1764 = CC_DESIGN_DATE_AND_TIME_ASSIGNMENT ( #4262, #852, ( #2321 ) ) ;
#1765 = DIRECTION ( 'NONE',  ( 0.000000000000000000, 0.000000000000000000, -1.000000000000000000 ) ) ;
#1766 = VECTOR ( 'NONE', #2555, 999.9999999999998863 ) ;
#1767 = APPROVAL_STATUS ( 'not_yet_approved' ) ;
#1768 = VERTEX_POINT ( 'NONE', #2988 ) ;
#1769 = CARTESIAN_POINT ( 'NONE',  ( -50.99587120835578702, 0.000000000000000000, -0.6489373627566982217 ) ) ;
#1770 = CARTESIAN_POINT ( 'NONE',  ( 4.000000000000000000, 0.000000000000000000, 0.000000000000000000 ) ) ;
#1771 = VERTEX_POINT ( 'NONE', #32 ) ;
#1772 = CARTESIAN_POINT ( 'NONE',  ( 0.000000000000000000, -1.707701112668200238, -3.337477776673845486 ) ) ;
#1773 = VERTEX_POINT ( 'NONE', #4364 ) ;
#1774 = CARTESIAN_POINT ( 'NONE',  ( 4.000000000000000000, -3.622205203785608507, 4.783265564618846000 ) ) ;
#1775 = ADVANCED_FACE ( 'NONE', ( #1070, #2330 ), #3359, .T. ) ;
#1776 = ORIENTED_EDGE ( 'NONE', *, *, #1465, .T. ) ;
#1777 = ORIENTED_EDGE ( 'NONE', *, *, #1349, .T. ) ;
#1778 = CARTESIAN_POINT ( 'NONE',  ( 0.000000000000000000, 3.622205203785644478, -4.783265564618815802 ) ) ;
#1779 = DIRECTION ( 'NONE',  ( 0.000000000000000000, 1.000000000000000000, 0.000000000000000000 ) ) ;
#1780 = EDGE_CURVE ( 'NONE', #284, #4126, #303, .T. ) ;
#1781 = ADVANCED_FACE ( 'NONE', ( #2981 ), #1294, .T. ) ;
#1782 = CARTESIAN_POINT ( 'NONE',  ( 4.000000000000000000, -3.701838652623392623, -0.5927829197467041622 ) ) ;
#1783 = CARTESIAN_POINT ( 'NONE',  ( 21.25707357954601662, 0.000000000000000000, -38.52449639948284243 ) ) ;
#1784 = EDGE_CURVE ( 'NONE', #1246, #691, #784, .T. ) ;
#1785 = APPROVAL_ROLE ( '' ) ;
#1786 = EDGE_LOOP ( 'NONE', ( #2622, #4043, #2740, #3239, #1629 ) ) ;
#1787 = VERTEX_POINT ( 'NONE', #3123 ) ;
#1788 = CARTESIAN_POINT ( 'NONE',  ( 15.00005080000000035, 0.000000000000000000, 1.500000000000000222 ) ) ;
#1789 = DIRECTION ( 'NONE',  ( -1.000000000000000000, -0.000000000000000000, 0.000000000000000000 ) ) ;
#1790 = ORIENTED_EDGE ( 'NONE', *, *, #2080, .T. ) ;
#1791 = ORIENTED_EDGE ( 'NONE', *, *, #656, .T. ) ;
#1792 = AXIS2_PLACEMENT_3D ( 'NONE', #259, #1698, #2266 ) ;
#1793 = ORIENTED_EDGE ( 'NONE', *, *, #3505, .F. ) ;
#1794 = AXIS2_PLACEMENT_3D ( 'NONE', #1949, #4256, #3315 ) ;
#1795 = LINE ( 'NONE', #4129, #818 ) ;
#1796 = VERTEX_POINT ( 'NONE', #1783 ) ;
#1797 = AXIS2_PLACEMENT_3D ( 'NONE', #509, #4162, #427 ) ;
#1798 = AXIS2_PLACEMENT_3D ( 'NONE', #3798, #1059, #1736 ) ;
#1799 = CYLINDRICAL_SURFACE ( 'NONE', #3567, 51.00000000000000000 ) ;
#1800 = ORIENTED_EDGE ( 'NONE', *, *, #88, .F. ) ;
#1801 = ORIENTED_EDGE ( 'NONE', *, *, #945, .T. ) ;
#1802 = EDGE_CURVE ( 'NONE', #1158, #2713, #857, .T. ) ;
#1803 = AXIS2_PLACEMENT_3D ( 'NONE', #1921, #3675, #3007 ) ;
#1804 = CARTESIAN_POINT ( 'NONE',  ( 44.86591492951423987, 0.000000000000000000, -24.24973561789057186 ) ) ;
#1805 = CARTESIAN_POINT ( 'NONE',  ( 0.000000000000000000, -3.667230379735525680, 2.937171579486243633 ) ) ;
#1806 = CARTESIAN_POINT ( 'NONE',  ( -25.81100948715627652, 5.099999999999999645, 36.46895063532077330 ) ) ;
#1807 = TOROIDAL_SURFACE ( 'NONE', #4288, 46.00000000000000000, 5.000000000000000000 ) ;
#1808 = VECTOR ( 'NONE', #1214, 1000.000000000000000 ) ;
#1809 = EDGE_CURVE ( 'NONE', #4332, #2528, #3900, .T. ) ;
#1810 = APPROVAL_PERSON_ORGANIZATION ( #432, #125, #3124 ) ;
#1811 = ORIENTED_EDGE ( 'NONE', *, *, #3955, .F. ) ;
#1812 = CARTESIAN_POINT ( 'NONE',  ( -38.38130262132096959, 5.099999999999999645, -25.35499179827475658 ) ) ;
#1813 = CC_DESIGN_APPROVAL ( #1026, ( #3729 ) ) ;
#1814 = EDGE_CURVE ( 'NONE', #1683, #3118, #3973, .T. ) ;
#1815 = CARTESIAN_POINT ( 'NONE',  ( -43.03994144337356431, 0.000000000000000000, 9.141304094655753332 ) ) ;
#1816 = EDGE_LOOP ( 'NONE', ( #3876, #3108, #1622, #2734 ) ) ;
#1817 = VERTEX_POINT ( 'NONE', #2675 ) ;
#1818 = CARTESIAN_POINT ( 'NONE',  ( -10.00000000000000000, 0.000000000000000000, 0.000000000000000000 ) ) ;
#1819 = CC_DESIGN_DATE_AND_TIME_ASSIGNMENT ( #917, #4198, ( #276 ) ) ;
#1820 = PERSON ( 'NAUO-PER2', 'UNSPECIFIED', 'UNSPECIFIED', ('UNSPECIFIED'), ('UNSPECIFIED'), ('UNSPECIFIED') ) ;
#1821 = ORIENTED_EDGE ( 'NONE', *, *, #1065, .T. ) ;
#1822 = APPROVAL_DATE_TIME ( #1840, #1689 ) ;
#1823 = DIRECTION ( 'NONE',  ( 0.000000000000000000, 0.000000000000000000, -1.000000000000000000 ) ) ;
#1824 = ORIENTED_EDGE ( 'NONE', *, *, #1594, .F. ) ;
#1825 = DIRECTION ( 'NONE',  ( -1.000000000000000000, 0.000000000000000000, 0.000000000000000000 ) ) ;
#1826 = VERTEX_POINT ( 'NONE', #1697 ) ;
#1827 = DIRECTION ( 'NONE',  ( -0.06681260065218955213, -0.000000000000000000, -0.9977655417953112948 ) ) ;
#1828 = CARTESIAN_POINT ( 'NONE',  ( 0.000000000000000000, 0.000000000000000000, 0.000000000000000000 ) ) ;
#1829 = CARTESIAN_POINT ( 'NONE',  ( 0.000000000000000000, 0.000000000000000000, 0.000000000000000000 ) ) ;
#1830 = VECTOR ( 'NONE', #160, 1000.000000000000114 ) ;
#1831 = ADVANCED_FACE ( 'NONE', ( #3714 ), #3746, .T. ) ;
#1832 = AXIS2_PLACEMENT_3D ( 'NONE', #887, #1203, #3972 ) ;
#1833 = EDGE_LOOP ( 'NONE', ( #151, #702, #244, #3451 ) ) ;
#1834 = CARTESIAN_POINT ( 'NONE',  ( -41.42808289262446664, 0.000000000000000000, 16.73040701923762086 ) ) ;
#1835 = PLANE ( 'NONE',  #258 ) ;
#1836 = EDGE_CURVE ( 'NONE', #1062, #1635, #2343, .T. ) ;
#1837 = VERTEX_POINT ( 'NONE', #123 ) ;
#1838 = DIRECTION ( 'NONE',  ( 0.000000000000000000, 0.000000000000000000, -1.000000000000000000 ) ) ;
#1839 = ORIENTED_EDGE ( 'NONE', *, *, #386, .T. ) ;
#1840 = DATE_AND_TIME ( #3626, #1475 ) ;
#1841 = FACE_OUTER_BOUND ( 'NONE', #1937, .T. ) ;
#1842 = ORIENTED_EDGE ( 'NONE', *, *, #2148, .T. ) ;
#1843 = DIRECTION ( 'NONE',  ( -1.000000000000000000, 0.000000000000000000, 0.000000000000000000 ) ) ;
#1844 = DIRECTION ( 'NONE',  ( 5.329070518200751394E-15, 0.000000000000000000, 1.000000000000000000 ) ) ;
#1845 = DIRECTION ( 'NONE',  ( 0.000000000000000000, 0.000000000000000000, 1.000000000000000000 ) ) ;
#1846 = AXIS2_PLACEMENT_3D ( 'NONE', #74, #1744, #2392 ) ;
#1847 = DIRECTION ( 'NONE',  ( 0.000000000000000000, 0.000000000000000000, 1.000000000000000000 ) ) ;
#1848 = DIRECTION ( 'NONE',  ( 0.000000000000000000, 1.000000000000000000, 0.000000000000000000 ) ) ;
#1849 = CARTESIAN_POINT ( 'NONE',  ( 4.000000000000000000, -3.343279438444340723, -1.696314710328038489 ) ) ;
#1850 = DIRECTION ( 'NONE',  ( -0.000000000000000000, 1.000000000000000000, -0.000000000000000000 ) ) ;
#1851 = FACE_OUTER_BOUND ( 'NONE', #3098, .T. ) ;
#1852 = FACE_OUTER_BOUND ( 'NONE', #3223, .T. ) ;
#1853 = APPROVAL_ROLE ( '' ) ;
#1854 = CARTESIAN_POINT ( 'NONE',  ( -10.68079831663648882, 5.099999999999999645, -43.38332911666017111 ) ) ;
#1855 = ORIENTED_EDGE ( 'NONE', *, *, #2208, .T. ) ;
#1856 = DIRECTION ( 'NONE',  ( 0.9041640863558694230, 0.000000000000000000, 0.4271853285685922597 ) ) ;
#1857 = ADVANCED_FACE ( 'NONE', ( #1473 ), #1137, .T. ) ;
#1858 = EDGE_LOOP ( 'NONE', ( #23, #3545, #4060, #549 ) ) ;
#1859 = ORIENTED_EDGE ( 'NONE', *, *, #4365, .F. ) ;
#1860 = DIRECTION ( 'NONE',  ( 0.000000000000000000, 0.000000000000000000, 1.000000000000000000 ) ) ;
#1861 = ORIENTED_EDGE ( 'NONE', *, *, #358, .T. ) ;
#1862 = EDGE_CURVE ( 'NONE', #4223, #2414, #496, .T. ) ;
#1863 = ORIENTED_EDGE ( 'NONE', *, *, #1004, .T. ) ;
#1864 = CARTESIAN_POINT ( 'NONE',  ( 0.000000000000000000, 5.099999999999999645, 0.000000000000000000 ) ) ;
#1865 = ORIENTED_EDGE ( 'NONE', *, *, #4095, .T. ) ;
#1866 = CIRCLE ( 'NONE', #532, 1.999999999999999778 ) ;
#1867 = EDGE_CURVE ( 'NONE', #1609, #2916, #3882, .T. ) ;
#1868 = CARTESIAN_POINT ( 'NONE',  ( 0.000000000000000000, 4.693277837368734495, 0.2206777892320367918 ) ) ;
#1869 = VECTOR ( 'NONE', #931, 1000.000000000000000 ) ;
#1870 = CIRCLE ( 'NONE', #409, 51.00000000000000000 ) ;
#1871 = DIRECTION ( 'NONE',  ( -1.000000000000000000, 0.000000000000000000, 0.000000000000000000 ) ) ;
#1872 = CARTESIAN_POINT ( 'NONE',  ( -21.78645175699818992, 0.000000000000000000, 46.11236840414933624 ) ) ;
#1873 = DIRECTION ( 'NONE',  ( 0.9999190433010952672, 0.000000000000000000, 0.01272426201484069992 ) ) ;
#1874 = VERTEX_POINT ( 'NONE', #3951 ) ;
#1875 = AXIS2_PLACEMENT_3D ( 'NONE', #3772, #1141, #3436 ) ;
#1876 = APPROVAL ( #2857, 'UNKNOWN' ) ;
#1877 = CIRCLE ( 'NONE', #2864, 51.00000000000000000 ) ;
#1878 = COORDINATED_UNIVERSAL_TIME_OFFSET ( 7, 0, .AHEAD. ) ;
#1879 = ORIENTED_EDGE ( 'NONE', *, *, #3089, .F. ) ;
#1880 = FACE_OUTER_BOUND ( 'NONE', #4245, .T. ) ;
#1881 = TOROIDAL_SURFACE ( 'NONE', #2590, 46.00000000000000000, 5.000000000000000000 ) ;
#1882 = LINE ( 'NONE', #3242, #1693 ) ;
#1883 = DIRECTION ( 'NONE',  ( 0.000000000000000000, 1.000000000000000000, -0.000000000000000000 ) ) ;
#1884 = CIRCLE ( 'NONE', #2872, 1.500000000000000222 ) ;
#1885 = FACE_OUTER_BOUND ( 'NONE', #873, .T. ) ;
#1886 = CARTESIAN_POINT ( 'NONE',  ( -10.68079831663648882, 0.000000000000000000, -35.62493379770926083 ) ) ;
#1887 = APPROVAL_PERSON_ORGANIZATION ( #305, #3779, #2954 ) ;
#1888 = DIRECTION ( 'NONE',  ( 0.4040392214186247499, 8.890457814381132415E-16, 0.9147416616484850271 ) ) ;
#1889 = EDGE_LOOP ( 'NONE', ( #3907, #3159, #1, #3074 ) ) ;
#1890 = CC_DESIGN_APPROVAL ( #904, ( #4231 ) ) ;
#1891 = DIRECTION ( 'NONE',  ( 0.000000000000000000, 0.000000000000000000, 1.000000000000000000 ) ) ;
#1892 = ORIENTED_EDGE ( 'NONE', *, *, #3607, .F. ) ;
#1893 = ADVANCED_FACE ( 'NONE', ( #141 ), #1509, .F. ) ;
#1894 = AXIS2_PLACEMENT_3D ( 'NONE', #3038, #3782, #711 ) ;
#1895 = ORIENTED_EDGE ( 'NONE', *, *, #3290, .F. ) ;
#1896 = ORGANIZATION ( 'NAUO-ORG3', 'UNSPECIFIED', 'UNSPECIFIED' ) ;
#1897 = DIRECTION ( 'NONE',  ( -0.000000000000000000, 1.000000000000000000, -0.000000000000000000 ) ) ;
#1898 = VECTOR ( 'NONE', #4246, 1000.000000000000000 ) ;
#1899 = CARTESIAN_POINT ( 'NONE',  ( 35.08022401018764924, 5.099999999999999645, 26.55895109741814508 ) ) ;
#1900 = DIRECTION ( 'NONE',  ( -1.000000000000000000, -0.000000000000000000, 0.000000000000000000 ) ) ;
#1901 = ADVANCED_FACE ( 'NONE', ( #1885 ), #3598, .T. ) ;
#1902 = DATE_TIME_ROLE ( 'creation_date' ) ;
#1903 = APPROVAL_DATE_TIME ( #3263, #658 ) ;
#1904 = ORIENTED_EDGE ( 'NONE', *, *, #813, .F. ) ;
#1905 = DIRECTION ( 'NONE',  ( -0.7106652313693784251, 4.439807896328140657E-15, 0.7035303326244773947 ) ) ;
#1906 = AXIS2_PLACEMENT_3D ( 'NONE', #3079, #2747, #4094 ) ;
#1907 = FACE_OUTER_BOUND ( 'NONE', #2913, .T. ) ;
#1908 = CARTESIAN_POINT ( 'NONE',  ( -11.00005080000000035, 0.000000000000000000, 0.000000000000000000 ) ) ;
#1909 = COORDINATED_UNIVERSAL_TIME_OFFSET ( 7, 0, .AHEAD. ) ;
#1910 = DIRECTION ( 'NONE',  ( -1.000000000000000000, -0.000000000000000000, -0.000000000000000000 ) ) ;
#1911 = CARTESIAN_POINT ( 'NONE',  ( 0.000000000000000000, 0.000000000000000000, 0.000000000000000000 ) ) ;
#1912 = VERTEX_POINT ( 'NONE', #4260 ) ;
#1913 = CIRCLE ( 'NONE', #19, 2.000000000000000000 ) ;
#1914 = LINE ( 'NONE', #3279, #2462 ) ;
#1915 = ORIENTED_EDGE ( 'NONE', *, *, #115, .T. ) ;
#1916 = EDGE_CURVE ( 'NONE', #3216, #1652, #850, .T. ) ;
#1917 = DIRECTION ( 'NONE',  ( -0.000000000000000000, -1.000000000000000000, -0.000000000000000000 ) ) ;
#1918 = ORIENTED_EDGE ( 'NONE', *, *, #2837, .T. ) ;
#1919 = CIRCLE ( 'NONE', #1925, 2.000000000000000444 ) ;
#1920 = SECURITY_CLASSIFICATION_LEVEL ( 'unclassified' ) ;
#1922 = EDGE_CURVE ( 'NONE', #3846, #3028, #1913, .T. ) ;
#1921 = CARTESIAN_POINT ( 'NONE',  ( 0.000000000000000000, 0.09999999999999939493, 0.000000000000000000 ) ) ;
#1923 = CIRCLE ( 'NONE', #512, 46.00000000000000000 ) ;
#1924 = CARTESIAN_POINT ( 'NONE',  ( -31.26927018025264715, 0.000000000000000000, 30.95533463547701913 ) ) ;
#1925 = AXIS2_PLACEMENT_3D ( 'NONE', #1049, #1021, #4118 ) ;
#1926 = ORIENTED_EDGE ( 'NONE', *, *, #3666, .T. ) ;
#1927 = DIRECTION ( 'NONE',  ( -1.000000000000000000, 0.000000000000000000, -0.000000000000000000 ) ) ;
#1928 = DIRECTION ( 'NONE',  ( 0.000000000000000000, -0.9510565162951565288, 0.3090169943749383474 ) ) ;
#1929 = ADVANCED_FACE ( 'NONE', ( #1907 ), #1560, .T. ) ;
#1930 = CARTESIAN_POINT ( 'NONE',  ( 49.10427381441969885, 0.000000000000000000, -13.77571388925074203 ) ) ;
#1931 = VECTOR ( 'NONE', #3845, 1000.000000000000000 ) ;
#1932 = CARTESIAN_POINT ( 'NONE',  ( 4.000000000000000000, 0.000000000000000000, 0.000000000000000000 ) ) ;
#1933 = CARTESIAN_POINT ( 'NONE',  ( 4.000000000000000000, 1.660179660520964218, 4.395379282859372516 ) ) ;
#1934 = ORIENTED_EDGE ( 'NONE', *, *, #4335, .T. ) ;
#1935 = EDGE_LOOP ( 'NONE', ( #1344, #4180 ) ) ;
#1936 = ORIENTED_EDGE ( 'NONE', *, *, #1320, .T. ) ;
#1937 = EDGE_LOOP ( 'NONE', ( #2073, #1724, #1266, #749 ) ) ;
#1938 = VERTEX_POINT ( 'NONE', #3194 ) ;
#1939 = CIRCLE ( 'NONE', #261, 2.000000000000000000 ) ;
#1940 = DIRECTION ( 'NONE',  ( 0.7972778184133629820, -0.000000000000000000, 0.6036125249413142324 ) ) ;
#1941 = DIRECTION ( 'NONE',  ( 0.000000000000000000, 0.000000000000000000, 1.000000000000000000 ) ) ;
#1942 = VERTEX_POINT ( 'NONE', #2206 ) ;
#1943 = EDGE_CURVE ( 'NONE', #963, #3846, #2572, .T. ) ;
#1944 = CIRCLE ( 'NONE', #1237, 4.999999999999996447 ) ;
#1945 = AXIS2_PLACEMENT_3D ( 'NONE', #536, #3638, #598 ) ;
#1946 = CARTESIAN_POINT ( 'NONE',  ( 0.000000000000000000, 0.000000000000000000, 0.000000000000000000 ) ) ;
#1947 = CIRCLE ( 'NONE', #4066, 7.758387151175177188 ) ;
#1948 = ORIENTED_EDGE ( 'NONE', *, *, #2520, .F. ) ;
#1949 = CARTESIAN_POINT ( 'NONE',  ( 14.46416544611106580, 0.000000000000000000, -42.27269200246188063 ) ) ;
#1950 = EDGE_CURVE ( 'NONE', #2210, #1520, #477, .T. ) ;
#1951 = CARTESIAN_POINT ( 'NONE',  ( -43.99643790524811493, 0.000000000000000000, -0.5598675286528119743 ) ) ;
#1952 = VECTOR ( 'NONE', #400, 1000.000000000000114 ) ;
#1953 = DIRECTION ( 'NONE',  ( -0.000000000000000000, 1.000000000000000000, -0.000000000000000000 ) ) ;
#1954 = FACE_OUTER_BOUND ( 'NONE', #2014, .T. ) ;
#1955 = APPROVAL_STATUS ( 'not_yet_approved' ) ;
#1956 = DIRECTION ( 'NONE',  ( -1.000000000000000000, 0.000000000000000000, 0.000000000000000000 ) ) ;
#1957 = EDGE_LOOP ( 'NONE', ( #3565, #1254, #607, #503 ) ) ;
#1958 = ADVANCED_FACE ( 'NONE', ( #3536 ), #1835, .F. ) ;
#1959 = CIRCLE ( 'NONE', #3722, 51.00000000000000000 ) ;
#1960 = CIRCLE ( 'NONE', #2523, 2.000000000000000000 ) ;
#1961 = LINE ( 'NONE', #289, #1313 ) ;
#1962 = CARTESIAN_POINT ( 'NONE',  ( -18.79615445701803722, 0.000000000000000000, 39.78321979965824085 ) ) ;
#1963 = ORIENTED_EDGE ( 'NONE', *, *, #1655, .F. ) ;
#1964 = CC_DESIGN_APPROVAL ( #4108, ( #2878 ) ) ;
#1965 = CARTESIAN_POINT ( 'NONE',  ( 48.73782997361919200, 0.000000000000000000, 15.02078325063638609 ) ) ;
#1966 = ORIENTED_EDGE ( 'NONE', *, *, #386, .F. ) ;
#1967 = PRODUCT_DEFINITION_SHAPE ( 'NONE', 'NONE',  #3190 ) ;
#1968 = DIRECTION ( 'NONE',  ( -1.000000000000000000, -0.000000000000000000, 0.000000000000000000 ) ) ;
#1969 = AXIS2_PLACEMENT_3D ( 'NONE', #1006, #330, #2178 ) ;
#1970 = DIRECTION ( 'NONE',  ( -1.000000000000000000, 0.000000000000000000, 0.000000000000000000 ) ) ;
#1971 = ORIENTED_EDGE ( 'NONE', *, *, #672, .T. ) ;
#1972 = ADVANCED_FACE ( 'NONE', ( #1740 ), #1599, .F. ) ;
#1973 = DIRECTION ( 'NONE',  ( -1.000000000000000000, 0.000000000000000000, 0.000000000000000000 ) ) ;
#1974 = CIRCLE ( 'NONE', #2712, 5.000000000000001776 ) ;
#1975 = CARTESIAN_POINT ( 'NONE',  ( -27.39470892054296414, 0.09999999999999939493, -36.95307731649319294 ) ) ;
#1976 = VECTOR ( 'NONE', #1134, 1000.000000000000000 ) ;
#1977 = CIRCLE ( 'NONE', #4165, 1.999999999999999556 ) ;
#1978 = DIRECTION ( 'NONE',  ( 0.000000000000000000, 0.000000000000000000, 1.000000000000000000 ) ) ;
#1979 = AXIS2_PLACEMENT_3D ( 'NONE', #2777, #1324, #3335 ) ;
#1980 = EDGE_CURVE ( 'NONE', #3491, #3388, #3780, .T. ) ;
#1981 = ADVANCED_FACE ( 'NONE', ( #1677 ), #680, .F. ) ;
#1982 = DIRECTION ( 'NONE',  ( -1.000000000000000000, -0.000000000000000000, 0.000000000000000000 ) ) ;
#1983 = VERTEX_POINT ( 'NONE', #2692 ) ;
#1984 = CARTESIAN_POINT ( 'NONE',  ( 40.46729581877755777, 0.09999999999999939493, -21.87231055731307805 ) ) ;
#1985 = ORIENTED_EDGE ( 'NONE', *, *, #4146, .F. ) ;
#1986 = LINE ( 'NONE', #902, #2009 ) ;
#1987 = EDGE_LOOP ( 'NONE', ( #2037, #3225, #3314, #2802 ) ) ;
#1988 = DIRECTION ( 'NONE',  ( 6.217248937900876626E-15, 0.000000000000000000, 1.000000000000000000 ) ) ;
#1989 = CARTESIAN_POINT ( 'NONE',  ( 0.000000000000000000, 0.000000000000000000, 0.000000000000000000 ) ) ;
#1990 = DIRECTION ( 'NONE',  ( 0.000000000000000000, 0.9510565162951544194, -0.3090169943749447867 ) ) ;
#1991 = DIRECTION ( 'NONE',  ( -0.000000000000000000, 1.000000000000000000, -0.000000000000000000 ) ) ;
#1992 = APPROVAL_STATUS ( 'not_yet_approved' ) ;
#1993 = ORIENTED_EDGE ( 'NONE', *, *, #2651, .F. ) ;
#1994 = ORIENTED_EDGE ( 'NONE', *, *, #3062, .T. ) ;
#1995 = EDGE_CURVE ( 'NONE', #875, #1053, #4000, .T. ) ;
#1996 = CARTESIAN_POINT ( 'NONE',  ( -26.20363461964972984, 5.099999999999999645, -35.34642178099343823 ) ) ;
#1997 = DIRECTION ( 'NONE',  ( -0.2176163151769394954, 0.000000000000000000, 0.9760343945624102568 ) ) ;
#1998 = CARTESIAN_POINT ( 'NONE',  ( -43.99643790524811493, 0.000000000000000000, -0.5598675286528131956 ) ) ;
#1999 = ORIENTED_EDGE ( 'NONE', *, *, #1060, .F. ) ;
#2000 = CIRCLE ( 'NONE', #2497, 7.758387151172182250 ) ;
#2001 = ADVANCED_FACE ( 'NONE', ( #1370 ), #810, .T. ) ;
#2002 = AXIS2_PLACEMENT_3D ( 'NONE', #2679, #2929, #3558 ) ;
#2003 = ORIENTED_EDGE ( 'NONE', *, *, #2066, .F. ) ;
#2004 = EDGE_CURVE ( 'NONE', #3859, #2630, #3054, .T. ) ;
#2005 = LINE ( 'NONE', #3334, #2451 ) ;
#2006 = CARTESIAN_POINT ( 'NONE',  ( -19.65052511415524705, 0.09999999999999939493, 41.59154797236998746 ) ) ;
#2007 = CARTESIAN_POINT ( 'NONE',  ( -2.938707058645808168, 0.000000000000000000, -43.88604263156086915 ) ) ;
#2008 = DIRECTION ( 'NONE',  ( -1.000000000000000000, 0.000000000000000000, -0.000000000000000000 ) ) ;
#2009 = VECTOR ( 'NONE', #2628, 1000.000000000000000 ) ;
#2010 = ORIENTED_EDGE ( 'NONE', *, *, #2307, .T. ) ;
#2011 = CIRCLE ( 'NONE', #750, 2.000000000000000000 ) ;
#2012 = APPROVAL_ROLE ( '' ) ;
#2013 = CIRCLE ( 'NONE', #465, 2.000000000000000444 ) ;
#2014 = EDGE_LOOP ( 'NONE', ( #2616, #1570, #4181, #1133 ) ) ;
#2015 = ORIENTED_EDGE ( 'NONE', *, *, #4006, .T. ) ;
#2016 = AXIS2_PLACEMENT_3D ( 'NONE', #531, #2149, #3262 ) ;
#2017 = CARTESIAN_POINT ( 'NONE',  ( 0.000000000000000000, -3.343279438444340723, -1.696314710328038489 ) ) ;
#2018 = FACE_OUTER_BOUND ( 'NONE', #378, .T. ) ;
#2019 = AXIS2_PLACEMENT_3D ( 'NONE', #1828, #1848, #2845 ) ;
#2020 = CARTESIAN_POINT ( 'NONE',  ( 4.000000000000000000, 4.693277837368736272, -0.2206777892319682632 ) ) ;
#2021 = ORIENTED_EDGE ( 'NONE', *, *, #3853, .T. ) ;
#2022 = ORIENTED_EDGE ( 'NONE', *, *, #2812, .T. ) ;
#2023 = DIRECTION ( 'NONE',  ( -0.1545218500477753276, -1.775381057445012919E-15, 0.9879893713283622869 ) ) ;
#2024 = EDGE_CURVE ( 'NONE', #254, #322, #2363, .T. ) ;
#2025 = ORIENTED_EDGE ( 'NONE', *, *, #2463, .T. ) ;
#2026 = VECTOR ( 'NONE', #2361, 1000.000000000000000 ) ;
#2027 = LINE ( 'NONE', #3399, #192 ) ;
#2028 = DIRECTION ( 'NONE',  ( 0.000000000000000000, 1.000000000000000000, 0.000000000000000000 ) ) ;
#2029 = APPROVAL_PERSON_ORGANIZATION ( #2227, #1876, #3199 ) ;
#2030 = CARTESIAN_POINT ( 'NONE',  ( -43.89771815432407465, 0.000000000000000000, -0.5592394352402287883 ) ) ;
#2031 = EDGE_CURVE ( 'NONE', #4085, #3674, #3032, .T. ) ;
#2032 = CARTESIAN_POINT ( 'NONE',  ( 0.000000000000000000, 3.926652679773700250, -2.580107415946648608 ) ) ;
#2033 = FACE_OUTER_BOUND ( 'NONE', #3366, .T. ) ;
#2034 = CARTESIAN_POINT ( 'NONE',  ( -43.25472879714813956, 0.000000000000000000, 27.01903841155635888 ) ) ;
#2035 = DIRECTION ( 'NONE',  ( 0.000000000000000000, 0.000000000000000000, 1.000000000000000000 ) ) ;
#2036 = CARTESIAN_POINT ( 'NONE',  ( 0.000000000000000000, 0.000000000000000000, 0.000000000000000000 ) ) ;
#2037 = ORIENTED_EDGE ( 'NONE', *, *, #3873, .F. ) ;
#2038 = CALENDAR_DATE ( 2025, 5, 10 ) ;
#2039 = DIRECTION ( 'NONE',  ( -1.000000000000000000, 0.000000000000000000, 0.000000000000000000 ) ) ;
#2040 = ORIENTED_EDGE ( 'NONE', *, *, #232, .T. ) ;
#2041 = AXIS2_PLACEMENT_3D ( 'NONE', #1646, #611, #2832 ) ;
#2042 = CARTESIAN_POINT ( 'NONE',  ( 0.000000000000000000, 5.099999999999999645, 1.500000000000000222 ) ) ;
#2043 = LINE ( 'NONE', #1690, #2588 ) ;
#2044 = AXIS2_PLACEMENT_3D ( 'NONE', #2606, #1291, #2625 ) ;
#2045 = VERTEX_POINT ( 'NONE', #2030 ) ;
#2046 = DIRECTION ( 'NONE',  ( 0.000000000000000000, 0.000000000000000000, -1.000000000000000000 ) ) ;
#2047 = VECTOR ( 'NONE', #3916, 1000.000000000000114 ) ;
#2048 = AXIS2_PLACEMENT_3D ( 'NONE', #1153, #4061, #2504 ) ;
#2049 = DIRECTION ( 'NONE',  ( -1.000000000000000000, 0.000000000000000000, 0.000000000000000000 ) ) ;
#2050 = AXIS2_PLACEMENT_3D ( 'NONE', #1105, #1758, #4130 ) ;
#2051 = VERTEX_POINT ( 'NONE', #3402 ) ;
#2052 = ORIENTED_EDGE ( 'NONE', *, *, #2984, .F. ) ;
#2053 = EDGE_CURVE ( 'NONE', #1292, #3616, #1171, .T. ) ;
#2054 = DIRECTION ( 'NONE',  ( 0.000000000000000000, 0.000000000000000000, -1.000000000000000000 ) ) ;
#2055 = DIRECTION ( 'NONE',  ( -1.000000000000000000, 0.000000000000000000, 0.000000000000000000 ) ) ;
#2056 = DIRECTION ( 'NONE',  ( -0.2701120370441320029, 0.000000000000000000, -0.9628288983219549513 ) ) ;
#2057 = CARTESIAN_POINT ( 'NONE',  ( 0.000000000000000000, -3.926652679773682042, -2.580107415946675697 ) ) ;
#2058 = FACE_OUTER_BOUND ( 'NONE', #461, .T. ) ;
#2059 = AXIS2_PLACEMENT_3D ( 'NONE', #3922, #581, #1928 ) ;
#2060 = PLANE ( 'NONE',  #1525 ) ;
#2061 = AXIS2_PLACEMENT_3D ( 'NONE', #2946, #3354, #1321 ) ;
#2062 = CARTESIAN_POINT ( 'NONE',  ( -41.15164206803405023, 0.000000000000000000, -15.57377138346405765 ) ) ;
#2063 = EDGE_CURVE ( 'NONE', #1062, #66, #883, .T. ) ;
#2064 = APPROVAL_DATE_TIME ( #1051, #125 ) ;
#2065 = ORIENTED_EDGE ( 'NONE', *, *, #842, .F. ) ;
#2066 = EDGE_CURVE ( 'NONE', #3028, #223, #4114, .T. ) ;
#2067 = CARTESIAN_POINT ( 'NONE',  ( 50.85449539127584728, 0.000000000000000000, 3.849714080123876059 ) ) ;
#2068 = ORIENTED_EDGE ( 'NONE', *, *, #3094, .F. ) ;
#2069 = EDGE_LOOP ( 'NONE', ( #1904, #4107, #1612, #653, #4121 ) ) ;
#2070 = FACE_OUTER_BOUND ( 'NONE', #1517, .T. ) ;
#2071 = LINE ( 'NONE', #770, #3373 ) ;
#2072 = VERTEX_POINT ( 'NONE', #4068 ) ;
#2073 = ORIENTED_EDGE ( 'NONE', *, *, #106, .T. ) ;
#2074 = CIRCLE ( 'NONE', #3770, 4.999999999999999112 ) ;
#2075 = CARTESIAN_POINT ( 'NONE',  ( 0.000000000000000000, 5.741958523657303637, -1.740664330822922157 ) ) ;
#2076 = DIRECTION ( 'NONE',  ( 0.000000000000000000, 0.000000000000000000, 1.000000000000000000 ) ) ;
#2077 = DIRECTION ( 'NONE',  ( 1.000000000000000000, -0.000000000000000000, -0.000000000000000000 ) ) ;
#2078 = CARTESIAN_POINT ( 'NONE',  ( 15.15775265453070020, 0.000000000000000000, 41.30668873758922643 ) ) ;
#2079 = LINE ( 'NONE', #993, #1044 ) ;
#2080 = EDGE_CURVE ( 'NONE', #3388, #830, #1944, .T. ) ;
#2081 = CIRCLE ( 'NONE', #1653, 2.000000000000000000 ) ;
#2082 = DIRECTION ( 'NONE',  ( -0.9556437249729257122, 0.000000000000000000, -0.2945251617771749708 ) ) ;
#2083 = FACE_OUTER_BOUND ( 'NONE', #3557, .T. ) ;
#2084 = CIRCLE ( 'NONE', #2229, 5.999999999999999112 ) ;
#2085 = COORDINATED_UNIVERSAL_TIME_OFFSET ( 7, 0, .AHEAD. ) ;
#2086 = EDGE_CURVE ( 'NONE', #530, #3674, #43, .T. ) ;
#2087 = ORIENTED_EDGE ( 'NONE', *, *, #2434, .T. ) ;
#2088 = AXIS2_PLACEMENT_3D ( 'NONE', #2569, #3289, #2553 ) ;
#2089 = CARTESIAN_POINT ( 'NONE',  ( 4.000000000000000000, 0.1188926102945744301, -5.998821929947356857 ) ) ;
#2090 = AXIS2_PLACEMENT_3D ( 'NONE', #2461, #3814, #3535 ) ;
#2091 = EDGE_CURVE ( 'NONE', #2431, #3000, #602, .T. ) ;
#2092 = CARTESIAN_POINT ( 'NONE',  ( 6.595879877192315277, 0.000000000000000000, 50.57167555703142625 ) ) ;
#2093 = ORIENTED_EDGE ( 'NONE', *, *, #281, .T. ) ;
#2094 = EDGE_LOOP ( 'NONE', ( #1936, #1039, #3593, #3747 ) ) ;
#2095 = AXIS2_PLACEMENT_3D ( 'NONE', #4371, #3668, #3996 ) ;
#2096 = CYLINDRICAL_SURFACE ( 'NONE', #3928, 1.500000000000000222 ) ;
#2097 = CC_DESIGN_PERSON_AND_ORGANIZATION_ASSIGNMENT ( #2369, #2701, ( #3799 ) ) ;
#2098 = DIRECTION ( 'NONE',  ( 0.000000000000000000, 0.000000000000000000, 1.000000000000000000 ) ) ;
#2099 = EDGE_LOOP ( 'NONE', ( #3454, #1001, #1025, #3934 ) ) ;
#2100 = VERTEX_POINT ( 'NONE', #1399 ) ;
#2101 = VECTOR ( 'NONE', #1827, 1000.000000000000000 ) ;
#2102 = AXIS2_PLACEMENT_3D ( 'NONE', #3470, #122, #1471 ) ;
#2103 = DIRECTION ( 'NONE',  ( 0.000000000000000000, 0.000000000000000000, 1.000000000000000000 ) ) ;
#2104 = DIRECTION ( 'NONE',  ( 0.7643484968275751079, 0.000000000000000000, -0.6448033618068584882 ) ) ;
#2105 = DIRECTION ( 'NONE',  ( -0.9628288983219549513, -1.775381057445014102E-15, 0.2701120370441322249 ) ) ;
#2106 = CARTESIAN_POINT ( 'NONE',  ( 2.000000000000000000, -5.741958523657315183, 1.740664330822881078 ) ) ;
#2107 = APPROVAL_PERSON_ORGANIZATION ( #3879, #904, #1853 ) ;
#2108 = PERSON_AND_ORGANIZATION ( #561, #3796 ) ;
#2109 = ORIENTED_EDGE ( 'NONE', *, *, #3323, .T. ) ;
#2110 = CARTESIAN_POINT ( 'NONE',  ( 5.949224987271493070, 5.099999999999999645, 45.61366814947932369 ) ) ;
#2111 = EDGE_CURVE ( 'NONE', #269, #3382, #3974, .T. ) ;
#2112 = VECTOR ( 'NONE', #3867, 1000.000000000000114 ) ;
#2113 = CARTESIAN_POINT ( 'NONE',  ( 24.63888073992833938, 0.000000000000000000, -44.65339355394601739 ) ) ;
#2114 = ORIENTED_EDGE ( 'NONE', *, *, #704, .T. ) ;
#2115 = DIRECTION ( 'NONE',  ( -1.000000000000000000, 0.000000000000000000, 0.000000000000000000 ) ) ;
#2116 = ORIENTED_EDGE ( 'NONE', *, *, #3008, .T. ) ;
#2117 = EDGE_CURVE ( 'NONE', #4144, #3471, #706, .T. ) ;
#2118 = CARTESIAN_POINT ( 'NONE',  ( -21.78645175699818992, 0.09999999999999939493, 46.11236840414933624 ) ) ;
#2119 = CARTESIAN_POINT ( 'NONE',  ( 4.000000000000000000, 0.000000000000000000, 0.000000000000000000 ) ) ;
#2120 = DIRECTION ( 'NONE',  ( -0.8755567363518829138, -0.000000000000000000, -0.4831153086260461249 ) ) ;
#2121 = DIRECTION ( 'NONE',  ( 0.000000000000000000, 0.000000000000000000, 1.000000000000000000 ) ) ;
#2122 = VERTEX_POINT ( 'NONE', #3316 ) ;
#2123 = ORIENTED_EDGE ( 'NONE', *, *, #2404, .T. ) ;
#2124 = VECTOR ( 'NONE', #806, 1000.000000000000000 ) ;
#2125 = LINE ( 'NONE', #1739, #962 ) ;
#2126 = DIRECTION ( 'NONE',  ( 0.000000000000000000, 0.000000000000000000, 1.000000000000000000 ) ) ;
#2127 = CARTESIAN_POINT ( 'NONE',  ( -50.99587120835578702, 5.099999999999999645, -0.6489373627566982217 ) ) ;
#2128 = VECTOR ( 'NONE', #2594, 1000.000000000000000 ) ;
#2129 = PERSON_AND_ORGANIZATION ( #561, #3796 ) ;
#2130 = DIRECTION ( 'NONE',  ( -0.000000000000000000, 1.000000000000000000, -0.000000000000000000 ) ) ;
#2131 = VERTEX_POINT ( 'NONE', #336 ) ;
#2132 = LINE ( 'NONE', #1788, #290 ) ;
#2133 = FACE_OUTER_BOUND ( 'NONE', #2702, .T. ) ;
#2134 = ORIENTED_EDGE ( 'NONE', *, *, #3967, .T. ) ;
#2135 = ORIENTED_EDGE ( 'NONE', *, *, #1672, .F. ) ;
#2136 = EDGE_CURVE ( 'NONE', #3046, #737, #533, .T. ) ;
#2137 = ORIENTED_EDGE ( 'NONE', *, *, #1431, .T. ) ;
#2138 = VERTEX_POINT ( 'NONE', #840 ) ;
#2139 = COORDINATED_UNIVERSAL_TIME_OFFSET ( 7, 0, .AHEAD. ) ;
#2140 = LINE ( 'NONE', #482, #3784 ) ;
#2141 = EDGE_CURVE ( 'NONE', #278, #3516, #3647, .T. ) ;
#2142 = LINE ( 'NONE', #3226, #2866 ) ;
#2143 = ORIENTED_EDGE ( 'NONE', *, *, #4095, .F. ) ;
#2144 = ORIENTED_EDGE ( 'NONE', *, *, #2574, .T. ) ;
#2145 = DIRECTION ( 'NONE',  ( 0.000000000000000000, 0.5877852522924744694, -0.8090169943749465631 ) ) ;
#2146 = CARTESIAN_POINT ( 'NONE',  ( -47.69849421522129518, 5.099999999999999645, -18.05141683083334669 ) ) ;
#2147 =( NAMED_UNIT ( * ) PLANE_ANGLE_UNIT ( ) SI_UNIT ( $, .RADIAN. ) );
#2148 = EDGE_CURVE ( 'NONE', #1635, #2394, #1728, .T. ) ;
#2149 = DIRECTION ( 'NONE',  ( 1.000000000000000000, 0.000000000000000000, 0.000000000000000000 ) ) ;
#2150 = APPLICATION_CONTEXT ( 'configuration controlled 3d designs of mechanical parts and assemblies' ) ;
#2151 = PRODUCT_RELATED_PRODUCT_CATEGORY ( 'detail', '', ( #2843 ) ) ;
#2152 = ORIENTED_EDGE ( 'NONE', *, *, #2542, .F. ) ;
#2153 = CARTESIAN_POINT ( 'NONE',  ( 4.000000000000000000, 3.926652679773700250, -2.580107415946648608 ) ) ;
#2154 = CARTESIAN_POINT ( 'NONE',  ( 0.000000000000000000, 0.000000000000000000, 0.000000000000000000 ) ) ;
#2155 = AXIS2_PLACEMENT_3D ( 'NONE', #849, #4192, #1223 ) ;
#2156 = VERTEX_POINT ( 'NONE', #751 ) ;
#2157 = VECTOR ( 'NONE', #343, 1000.000000000000000 ) ;
#2158 = CARTESIAN_POINT ( 'NONE',  ( -20.60600029234985442, 0.09999999999999939493, -46.65182474407273361 ) ) ;
#2159 = ORIENTED_EDGE ( 'NONE', *, *, #4013, .T. ) ;
#2160 = DIRECTION ( 'NONE',  ( 0.000000000000000000, 0.000000000000000000, 1.000000000000000000 ) ) ;
#2161 = CARTESIAN_POINT ( 'NONE',  ( -43.02217125294476574, 5.099999999999999645, -16.28167008271245209 ) ) ;
#2162 = ORIENTED_EDGE ( 'NONE', *, *, #1034, .F. ) ;
#2163 = VERTEX_POINT ( 'NONE', #2868 ) ;
#2164 = CIRCLE ( 'NONE', #2729, 5.999999999999999112 ) ;
#2166 = EDGE_CURVE ( 'NONE', #2189, #664, #395, .T. ) ;
#2165 = DIRECTION ( 'NONE',  ( -1.000000000000000000, 0.000000000000000000, -0.000000000000000000 ) ) ;
#2167 = VECTOR ( 'NONE', #4049, 1000.000000000000114 ) ;
#2168 = DIRECTION ( 'NONE',  ( 0.000000000000000000, 1.000000000000000000, 0.000000000000000000 ) ) ;
#2169 = LINE ( 'NONE', #2782, #3384 ) ;
#2170 = CARTESIAN_POINT ( 'NONE',  ( 0.000000000000000000, 5.099999999999999645, 0.000000000000000000 ) ) ;
#2171 = DIRECTION ( 'NONE',  ( 0.000000000000000000, 0.000000000000000000, 1.000000000000000000 ) ) ;
#2172 = AXIS2_PLACEMENT_3D ( 'NONE', #675, #1432, #3797 ) ;
#2173 = CIRCLE ( 'NONE', #4360, 5.000000000000000000 ) ;
#2175 = ADVANCED_FACE ( 'NONE', ( #2828, #4185 ), #1148, .F. ) ;
#2174 = DIRECTION ( 'NONE',  ( 0.000000000000000000, 0.000000000000000000, 1.000000000000000000 ) ) ;
#2176 = VERTEX_POINT ( 'NONE', #1849 ) ;
#2177 = LINE ( 'NONE', #3554, #73 ) ;
#2178 = DIRECTION ( 'NONE',  ( 0.000000000000000000, 0.000000000000000000, 1.000000000000000000 ) ) ;
#2179 = DIRECTION ( 'NONE',  ( -1.000000000000000000, -0.000000000000000000, 0.000000000000000000 ) ) ;
#2180 = DIRECTION ( 'NONE',  ( 0.000000000000000000, 1.000000000000000000, 0.000000000000000000 ) ) ;
#2181 = DIRECTION ( 'NONE',  ( 0.000000000000000000, 0.000000000000000000, 1.000000000000000000 ) ) ;
#2182 = ORIENTED_EDGE ( 'NONE', *, *, #33, .T. ) ;
#2183 = VERTEX_POINT ( 'NONE', #3806 ) ;
#2184 = DIRECTION ( 'NONE',  ( -0.000000000000000000, 1.000000000000000000, -0.000000000000000000 ) ) ;
#2185 = DIRECTION ( 'NONE',  ( 0.000000000000000000, 0.000000000000000000, -1.000000000000000000 ) ) ;
#2186 = VERTEX_POINT ( 'NONE', #3119 ) ;
#2187 = CONTEXT_DEPENDENT_SHAPE_REPRESENTATION ( #3083, #1293 ) ;
#2188 = FACE_OUTER_BOUND ( 'NONE', #3479, .T. ) ;
#2189 = VERTEX_POINT ( 'NONE', #153 ) ;
#2190 = VECTOR ( 'NONE', #3646, 1000.000000000000000 ) ;
#2191 = LINE ( 'NONE', #3179, #2112 ) ;
#2192 = CYLINDRICAL_SURFACE ( 'NONE', #452, 5.999999999999998224 ) ;
#2193 = ORIENTED_EDGE ( 'NONE', *, *, #2894, .T. ) ;
#2194 = AXIS2_PLACEMENT_3D ( 'NONE', #846, #1856, #1362 ) ;
#2195 = LINE ( 'NONE', #445, #4150 ) ;
#2196 = DIRECTION ( 'NONE',  ( 0.000000000000000000, 0.000000000000000000, -1.000000000000000000 ) ) ;
#2197 = LINE ( 'NONE', #1481, #179 ) ;
#2198 = EDGE_CURVE ( 'NONE', #719, #856, #1731, .T. ) ;
#2199 = CYLINDRICAL_SURFACE ( 'NONE', #4076, 7.758387151172476237 ) ;
#2200 = FACE_OUTER_BOUND ( 'NONE', #3398, .T. ) ;
#2201 = CARTESIAN_POINT ( 'NONE',  ( 2.000000000000000000, -0.1188926102944495300, -5.998821929947357745 ) ) ;
#2202 = CIRCLE ( 'NONE', #639, 7.758387151172476237 ) ;
#2203 = EDGE_LOOP ( 'NONE', ( #3394, #2881, #3497, #2798, #592 ) ) ;
#2204 = CARTESIAN_POINT ( 'NONE',  ( -43.89771815432407465, 0.000000000000000000, -8.317626586412410816 ) ) ;
#2205 = EDGE_CURVE ( 'NONE', #3616, #935, #45, .T. ) ;
#2206 = CARTESIAN_POINT ( 'NONE',  ( 4.000000000000000000, 1.836970198721030181E-16, -1.500000000000000222 ) ) ;
#2207 = ORIENTED_EDGE ( 'NONE', *, *, #1922, .T. ) ;
#2208 = EDGE_CURVE ( 'NONE', #4151, #989, #3309, .T. ) ;
#2209 = FACE_OUTER_BOUND ( 'NONE', #377, .T. ) ;
#2210 = VERTEX_POINT ( 'NONE', #3500 ) ;
#2211 = DIRECTION ( 'NONE',  ( -1.000000000000000000, 0.000000000000000000, 0.000000000000000000 ) ) ;
#2212 = DIRECTION ( 'NONE',  ( 0.000000000000000000, 0.5877852522924685852, 0.8090169943749508930 ) ) ;
#2213 = DIRECTION ( 'NONE',  ( 0.000000000000000000, 0.000000000000000000, 1.000000000000000000 ) ) ;
#2214 = ORIENTED_EDGE ( 'NONE', *, *, #3338, .T. ) ;
#2215 = DIRECTION ( 'NONE',  ( -1.000000000000000000, 0.000000000000000000, 0.000000000000000000 ) ) ;
#2216 = CARTESIAN_POINT ( 'NONE',  ( 4.000000000000000000, -3.429832919317827855, -4.923032210494231897 ) ) ;
#2217 = CARTESIAN_POINT ( 'NONE',  ( 4.000000000000000000, -3.343279438444365592, 1.696314710327990083 ) ) ;
#2218 = EDGE_CURVE ( 'NONE', #2447, #2482, #2450, .T. ) ;
#2219 = PERSON_AND_ORGANIZATION_ROLE ( 'classification_officer' ) ;
#2220 = LINE ( 'NONE', #72, #1330 ) ;
#2221 = ORIENTED_EDGE ( 'NONE', *, *, #1384, .T. ) ;
#2222 = CARTESIAN_POINT ( 'NONE',  ( 0.000000000000000000, 5.099999999999999645, 0.000000000000000000 ) ) ;
#2223 = DIRECTION ( 'NONE',  ( 0.9999190433010952672, 0.000000000000000000, 0.01272426201484069992 ) ) ;
#2224 = EDGE_CURVE ( 'NONE', #1826, #2890, #2169, .T. ) ;
#2225 = ORIENTED_EDGE ( 'NONE', *, *, #920, .T. ) ;
#2226 = CARTESIAN_POINT ( 'NONE',  ( 0.000000000000000000, 0.000000000000000000, 0.000000000000000000 ) ) ;
#2227 = PERSON_AND_ORGANIZATION ( #1345, #481 ) ;
#2228 = ADVANCED_FACE ( 'NONE', ( #248 ), #2585, .T. ) ;
#2229 = AXIS2_PLACEMENT_3D ( 'NONE', #2915, #4268, #1941 ) ;
#2230 = AXIS2_PLACEMENT_3D ( 'NONE', #3375, #2693, #71 ) ;
#2231 = CARTESIAN_POINT ( 'NONE',  ( 0.000000000000000000, 0.09999999999999939493, 0.000000000000000000 ) ) ;
#2232 = ORIENTED_EDGE ( 'NONE', *, *, #4278, .F. ) ;
#2233 = VERTEX_POINT ( 'NONE', #1872 ) ;
#2234 = CIRCLE ( 'NONE', #741, 7.758387151176069807 ) ;
#2235 = VECTOR ( 'NONE', #959, 1000.000000000000114 ) ;
#2236 = CARTESIAN_POINT ( 'NONE',  ( -10.00000000000000000, 0.000000000000000000, 0.000000000000000000 ) ) ;
#2237 = DIRECTION ( 'NONE',  ( -1.000000000000000000, 0.000000000000000000, 0.000000000000000000 ) ) ;
#2238 = DIRECTION ( 'NONE',  ( 0.000000000000000000, 0.000000000000000000, 1.000000000000000000 ) ) ;
#2239 = AXIS2_PLACEMENT_3D ( 'NONE', #3096, #127, #3134 ) ;
#2240 = DESIGN_CONTEXT ( 'detailed design', #3221, 'design' ) ;
#2241 = CIRCLE ( 'NONE', #1392, 5.999999999999998224 ) ;
#2242 = ORIENTED_EDGE ( 'NONE', *, *, #1836, .T. ) ;
#2243 = CARTESIAN_POINT ( 'NONE',  ( -3.407442633261665410, 0.000000000000000000, -50.88604263156086915 ) ) ;
#2244 = AXIS2_PLACEMENT_3D ( 'NONE', #3257, #3499, #3894 ) ;
#2245 = CARTESIAN_POINT ( 'NONE',  ( 0.000000000000000000, 1.707701112668270627, -3.337477776673809515 ) ) ;
#2246 = VECTOR ( 'NONE', #3599, 999.9999999999998863 ) ;
#2247 = DIRECTION ( 'NONE',  ( -0.9879893713283623979, 0.000000000000000000, -0.1545218500477754386 ) ) ;
#2248 = CARTESIAN_POINT ( 'NONE',  ( -36.24392679983829879, 0.000000000000000000, 35.88004696384835768 ) ) ;
#2249 = CIRCLE ( 'NONE', #1319, 4.999999999999998224 ) ;
#2250 = DIRECTION ( 'NONE',  ( 0.000000000000000000, 0.000000000000000000, 1.000000000000000000 ) ) ;
#2251 = EDGE_CURVE ( 'NONE', #1368, #66, #273, .T. ) ;
#2252 = CC_DESIGN_APPROVAL ( #1304, ( #3596 ) ) ;
#2253 = VERTEX_POINT ( 'NONE', #553 ) ;
#2254 = VERTEX_POINT ( 'NONE', #3258 ) ;
#2255 = LINE ( 'NONE', #3606, #2474 ) ;
#2256 = ORIENTED_EDGE ( 'NONE', *, *, #3166, .T. ) ;
#2257 = EDGE_CURVE ( 'NONE', #1983, #1500, #2943, .T. ) ;
#2258 = EDGE_CURVE ( 'NONE', #3491, #2072, #2564, .T. ) ;
#2259 = CLOSED_SHELL ( 'NONE', ( #1437, #2901, #3986, #62, #1857, #3235, #1486, #2711, #40, #819, #3708, #288, #1958, #4088, #4280, #2917, #3556, #984, #3312, #651, #1157, #2527, #3228, #2411, #872, #2952, #201, #3982, #3264, #1929, #3400, #448, #3200, #3501, #4172, #4195, #1901, #2228, #3877, #2678, #1136, #209, #3039, #3631, #3396, #4230, #3502, #2566, #4306, #4284, #1114 ) ) ;
#2260 = DIRECTION ( 'NONE',  ( 0.000000000000000000, 0.000000000000000000, 1.000000000000000000 ) ) ;
#2261 = CARTESIAN_POINT ( 'NONE',  ( -20.60600029234985442, 0.000000000000000000, -46.65182474407273361 ) ) ;
#2262 = ORIENTED_EDGE ( 'NONE', *, *, #1980, .T. ) ;
#2263 = APPROVAL_ROLE ( '' ) ;
#2264 = DIRECTION ( 'NONE',  ( 0.000000000000000000, 0.000000000000000000, -1.000000000000000000 ) ) ;
#2265 = LINE ( 'NONE', #2973, #2401 ) ;
#2266 = DIRECTION ( 'NONE',  ( 0.000000000000000000, 0.000000000000000000, 1.000000000000000000 ) ) ;
#2267 = CIRCLE ( 'NONE', #3415, 7.758387151172476237 ) ;
#2268 = DIRECTION ( 'NONE',  ( 1.000000000000000000, 0.000000000000000000, 0.000000000000000000 ) ) ;
#2269 = CARTESIAN_POINT ( 'NONE',  ( 29.21795940837298389, 0.000000000000000000, -32.89849309635120278 ) ) ;
#2270 = VERTEX_POINT ( 'NONE', #3327 ) ;
#2271 = CYLINDRICAL_SURFACE ( 'NONE', #3072, 2.000000000000000000 ) ;
#2272 = COORDINATED_UNIVERSAL_TIME_OFFSET ( 7, 0, .AHEAD. ) ;
#2273 = CC_DESIGN_PERSON_AND_ORGANIZATION_ASSIGNMENT ( #604, #3294, ( #3729 ) ) ;
#2274 = CARTESIAN_POINT ( 'NONE',  ( 4.000000000000000000, 4.693277837368734495, 0.2206777892320367918 ) ) ;
#2275 = CIRCLE ( 'NONE', #2059, 2.000000000000000000 ) ;
#2276 = CARTESIAN_POINT ( 'NONE',  ( 6.798961402102129625, 0.000000000000000000, -43.47153233844795039 ) ) ;
#2277 = ORIENTED_EDGE ( 'NONE', *, *, #4278, .T. ) ;
#2278 = EDGE_CURVE ( 'NONE', #1942, #3139, #1398, .T. ) ;
#2279 = DIRECTION ( 'NONE',  ( -0.9556437249729257122, 0.000000000000000000, -0.2945251617771749708 ) ) ;
#2280 = CIRCLE ( 'NONE', #4042, 7.758387151172182250 ) ;
#2281 = PERSON_AND_ORGANIZATION_ROLE ( 'design_supplier' ) ;
#2282 = EDGE_CURVE ( 'NONE', #989, #2714, #410, .T. ) ;
#2283 = ORIENTED_EDGE ( 'NONE', *, *, #1651, .T. ) ;
#2284 = CARTESIAN_POINT ( 'NONE',  ( 15.84674141155484683, 0.09999999999999939493, 43.18426549838856943 ) ) ;
#2285 = LINE ( 'NONE', #930, #1071 ) ;
#2286 = DIRECTION ( 'NONE',  ( 0.000000000000000000, 1.000000000000000000, 0.000000000000000000 ) ) ;
#2287 = CC_DESIGN_PERSON_AND_ORGANIZATION_ASSIGNMENT ( #4271, #1239, ( #3245 ) ) ;
#2288 = AXIS2_PLACEMENT_3D ( 'NONE', #1742, #3077, #660 ) ;
#2289 = DIRECTION ( 'NONE',  ( -0.9781804873494003294, 0.000000000000000000, 0.2077569112421767117 ) ) ;
#2290 = PERSON_AND_ORGANIZATION ( #561, #3796 ) ;
#2291 = DIRECTION ( 'NONE',  ( -0.8033277677498520397, -0.000000000000000000, 0.5955371504465861721 ) ) ;
#2292 = VERTEX_POINT ( 'NONE', #2610 ) ;
#2293 = VERTEX_POINT ( 'NONE', #590 ) ;
#2294 = ORIENTED_EDGE ( 'NONE', *, *, #4063, .F. ) ;
#2295 = CARTESIAN_POINT ( 'NONE',  ( -11.00005080000000035, 0.000000000000000000, 0.000000000000000000 ) ) ;
#2296 = CARTESIAN_POINT ( 'NONE',  ( -21.78645175699818992, 5.099999999999999645, 46.11236840414933624 ) ) ;
#2297 = CARTESIAN_POINT ( 'NONE',  ( -47.69849421522129518, 0.000000000000000000, -18.05141683083334669 ) ) ;
#2298 = EDGE_LOOP ( 'NONE', ( #1309, #3060, #1192, #3910 ) ) ;
#2299 = EDGE_CURVE ( 'NONE', #4122, #2394, #1256, .T. ) ;
#2300 = AXIS2_PLACEMENT_3D ( 'NONE', #4045, #2077, #3075 ) ;
#2301 = APPROVAL_STATUS ( 'not_yet_approved' ) ;
#2302 = CARTESIAN_POINT ( 'NONE',  ( 33.86627113243231690, 0.000000000000000000, -38.13234427077072297 ) ) ;
#2303 = CIRCLE ( 'NONE', #399, 51.00000000000000000 ) ;
#2304 = ORIENTED_EDGE ( 'NONE', *, *, #1221, .T. ) ;
#2305 = PLANE ( 'NONE',  #950 ) ;
#2306 = EDGE_CURVE ( 'NONE', #1334, #1022, #1196, .T. ) ;
#2307 = EDGE_CURVE ( 'NONE', #4223, #621, #3231, .T. ) ;
#2308 = DIRECTION ( 'NONE',  ( -1.243449787580175325E-14, 0.000000000000000000, 1.000000000000000000 ) ) ;
#2309 = CIRCLE ( 'NONE', #3015, 3.749000000000000554 ) ;
#2310 = DIRECTION ( 'NONE',  ( 0.000000000000000000, 0.000000000000000000, 1.000000000000000000 ) ) ;
#2311 = VERTEX_POINT ( 'NONE', #2216 ) ;
#2312 = CARTESIAN_POINT ( 'NONE',  ( -10.68079831663648882, 0.000000000000000000, -43.38332911666017111 ) ) ;
#2313 = ORIENTED_EDGE ( 'NONE', *, *, #2326, .T. ) ;
#2314 = CIRCLE ( 'NONE', #4219, 3.749000000000000110 ) ;
#2315 = AXIS2_PLACEMENT_3D ( 'NONE', #3391, #1027, #4017 ) ;
#2316 = CIRCLE ( 'NONE', #1184, 51.00000000000000000 ) ;
#2317 = CARTESIAN_POINT ( 'NONE',  ( 0.000000000000000000, 4.693277837368734495, 2.220677789232036847 ) ) ;
#2318 = CARTESIAN_POINT ( 'NONE',  ( 0.000000000000000000, 0.000000000000000000, 0.000000000000000000 ) ) ;
#2319 = CARTESIAN_POINT ( 'NONE',  ( 0.000000000000000000, -3.429832919317826523, -4.923032210494231897 ) ) ;
#2320 = EDGE_LOOP ( 'NONE', ( #507, #2438, #1791, #1571 ) ) ;
#2321 = SECURITY_CLASSIFICATION ( '', '', #3250 ) ;
#2322 = FACE_BOUND ( 'NONE', #3871, .T. ) ;
#2323 = CARTESIAN_POINT ( 'NONE',  ( 44.46010528374623760, 5.099999999999999645, -4.414930276423212341 ) ) ;
#2324 = ORIENTED_EDGE ( 'NONE', *, *, #3582, .T. ) ;
#2325 = PLANE ( 'NONE',  #470 ) ;
#2326 = EDGE_CURVE ( 'NONE', #2131, #2293, #3568, .T. ) ;
#2327 = AXIS2_PLACEMENT_3D ( 'NONE', #3324, #3999, #3299 ) ;
#2328 = DIRECTION ( 'NONE',  ( 1.000000000000000000, 0.000000000000000000, 0.000000000000000000 ) ) ;
#2329 = ORIENTED_EDGE ( 'NONE', *, *, #256, .T. ) ;
#2330 = FACE_OUTER_BOUND ( 'NONE', #1711, .T. ) ;
#2331 = PERSON_AND_ORGANIZATION_ROLE ( 'design_owner' ) ;
#2332 = EDGE_CURVE ( 'NONE', #647, #1771, #2895, .T. ) ;
#2333 = ORIENTED_EDGE ( 'NONE', *, *, #3040, .T. ) ;
#2334 = DIRECTION ( 'NONE',  ( -0.000000000000000000, 1.000000000000000000, -0.000000000000000000 ) ) ;
#2335 = AXIS2_PLACEMENT_3D ( 'NONE', #1579, #1883, #3639 ) ;
#2336 = DIRECTION ( 'NONE',  ( 0.000000000000000000, 0.5877852522924744694, -0.8090169943749465631 ) ) ;
#2337 = EDGE_CURVE ( 'NONE', #3371, #4331, #3917, .T. ) ;
#2338 = ORIENTED_EDGE ( 'NONE', *, *, #1784, .F. ) ;
#2339 = LINE ( 'NONE', #1962, #2190 ) ;
#2340 = ORIENTED_EDGE ( 'NONE', *, *, #945, .F. ) ;
#2341 = CC_DESIGN_DATE_AND_TIME_ASSIGNMENT ( #3506, #4167, ( #3799 ) ) ;
#2342 = ORIENTED_EDGE ( 'NONE', *, *, #3653, .F. ) ;
#2343 = LINE ( 'NONE', #1369, #2047 ) ;
#2344 = CYLINDRICAL_SURFACE ( 'NONE', #478, 2.000000000000000000 ) ;
#2345 = DIRECTION ( 'NONE',  ( 0.5297850668932641005, 0.000000000000000000, 0.8481319371989830547 ) ) ;
#2346 = DIRECTION ( 'NONE',  ( 0.4271853285685922041, 0.000000000000000000, -0.9041640863558693120 ) ) ;
#2347 = CARTESIAN_POINT ( 'NONE',  ( -43.25472879714813956, 0.000000000000000000, 27.01903841155635888 ) ) ;
#2348 = LINE ( 'NONE', #1721, #3274 ) ;
#2349 = ORIENTED_EDGE ( 'NONE', *, *, #3666, .F. ) ;
#2350 = APPROVAL_ROLE ( '' ) ;
#2351 = ORIENTED_EDGE ( 'NONE', *, *, #953, .T. ) ;
#2352 = ORIENTED_EDGE ( 'NONE', *, *, #2404, .F. ) ;
#2353 = ORIENTED_EDGE ( 'NONE', *, *, #4352, .F. ) ;
#2354 = CARTESIAN_POINT ( 'NONE',  ( 4.000000000000000000, -2.646421322368430751, 2.655457622428520459 ) ) ;
#2355 = EDGE_CURVE ( 'NONE', #2661, #1334, #4214, .T. ) ;
#2356 = VERTEX_POINT ( 'NONE', #517 ) ;
#2357 = ORIENTED_EDGE ( 'NONE', *, *, #2468, .F. ) ;
#2358 = EDGE_CURVE ( 'NONE', #2045, #4177, #4298, .T. ) ;
#2359 = DIRECTION ( 'NONE',  ( 0.000000000000000000, 0.000000000000000000, 1.000000000000000000 ) ) ;
#2360 = PLANE ( 'NONE',  #1604 ) ;
#2361 = DIRECTION ( 'NONE',  ( -0.000000000000000000, 1.000000000000000000, -0.000000000000000000 ) ) ;
#2362 = CARTESIAN_POINT ( 'NONE',  ( 29.21795940837298033, 0.000000000000000000, -32.89849309635120278 ) ) ;
#2363 = CIRCLE ( 'NONE', #1385, 2.000000000000000000 ) ;
#2364 = PLANE ( 'NONE',  #1894 ) ;
#2365 = CIRCLE ( 'NONE', #3374, 2.000000000000000000 ) ;
#2366 = CIRCLE ( 'NONE', #3303, 51.00000000000000000 ) ;
#2367 = VERTEX_POINT ( 'NONE', #4258 ) ;
#2368 = AXIS2_PLACEMENT_3D ( 'NONE', #4244, #2211, #1567 ) ;
#2369 = PERSON_AND_ORGANIZATION ( #561, #3796 ) ;
#2370 = LINE ( 'NONE', #646, #1732 ) ;
#2371 = VERTEX_POINT ( 'NONE', #562 ) ;
#2372 = ORIENTED_EDGE ( 'NONE', *, *, #804, .T. ) ;
#2373 = CARTESIAN_POINT ( 'NONE',  ( 7.880614352436555059, 0.09999999999999939493, -50.38745793774648263 ) ) ;
#2374 = DIRECTION ( 'NONE',  ( -1.000000000000000000, -0.000000000000000000, 0.000000000000000000 ) ) ;
#2375 = PLANE ( 'NONE',  #1548 ) ;
#2376 = AXIS2_PLACEMENT_3D ( 'NONE', #1036, #393, #3071 ) ;
#2377 = CYLINDRICAL_SURFACE ( 'NONE', #1619, 7.758387151172469132 ) ;
#2378 = EDGE_CURVE ( 'NONE', #3688, #1339, #1882, .T. ) ;
#2379 = CC_DESIGN_APPROVAL ( #3779, ( #3190 ) ) ;
#2380 = DIRECTION ( 'NONE',  ( 0.000000000000000000, 1.000000000000000000, 0.000000000000000000 ) ) ;
#2381 = EDGE_CURVE ( 'NONE', #1272, #722, #3331, .T. ) ;
#2382 = ORIENTED_EDGE ( 'NONE', *, *, #318, .F. ) ;
#2383 = ORIENTED_EDGE ( 'NONE', *, *, #2706, .F. ) ;
#2384 = LOCAL_TIME ( 2, 31, 6.000000000000000000, #2480 ) ;
#2385 = CARTESIAN_POINT ( 'NONE',  ( 4.000000000000000000, 3.926652679773700250, 2.580107415946648608 ) ) ;
#2386 = APPROVAL_PERSON_ORGANIZATION ( #2838, #1689, #3861 ) ;
#2387 = DIRECTION ( 'NONE',  ( 0.000000000000000000, 0.000000000000000000, 1.000000000000000000 ) ) ;
#2388 = FACE_OUTER_BOUND ( 'NONE', #1160, .T. ) ;
#2389 = CYLINDRICAL_SURFACE ( 'NONE', #3523, 7.758387151170064833 ) ;
#2390 = EDGE_CURVE ( 'NONE', #2413, #2508, #4173, .T. ) ;
#2391 = DIRECTION ( 'NONE',  ( -1.000000000000000000, 0.000000000000000000, 0.000000000000000000 ) ) ;
#2392 = DIRECTION ( 'NONE',  ( 0.000000000000000000, 0.000000000000000000, 1.000000000000000000 ) ) ;
#2393 = APPLICATION_PROTOCOL_DEFINITION ( 'international standard', 'config_control_design', 1994, #568 ) ;
#2394 = VERTEX_POINT ( 'NONE', #2820 ) ;
#2395 = TOROIDAL_SURFACE ( 'NONE', #2041, 46.00000000000000000, 5.000000000000000000 ) ;
#2396 = DIRECTION ( 'NONE',  ( -0.9781804873494003294, 3.553472620321240782E-15, 0.2077569112421767394 ) ) ;
#2397 = VECTOR ( 'NONE', #492, 1000.000000000000114 ) ;
#2398 = ORIENTED_EDGE ( 'NONE', *, *, #1216, .F. ) ;
#2399 = CC_DESIGN_PERSON_AND_ORGANIZATION_ASSIGNMENT ( #1581, #2924, ( #2735 ) ) ;
#2400 = DIRECTION ( 'NONE',  ( -0.000000000000000000, 1.000000000000000000, -0.000000000000000000 ) ) ;
#2401 = VECTOR ( 'NONE', #2951, 1000.000000000000000 ) ;
#2402 = ORIENTED_EDGE ( 'NONE', *, *, #2700, .T. ) ;
#2403 = ORIENTED_EDGE ( 'NONE', *, *, #1784, .T. ) ;
#2404 = EDGE_CURVE ( 'NONE', #3726, #3049, #4176, .T. ) ;
#2405 = CARTESIAN_POINT ( 'NONE',  ( 0.000000000000000000, 0.09999999999999939493, 0.000000000000000000 ) ) ;
#2406 = DIRECTION ( 'NONE',  ( 0.000000000000000000, 0.5877852522924744694, -0.8090169943749465631 ) ) ;
#2407 = CARTESIAN_POINT ( 'NONE',  ( 30.54604847238994125, 5.099999999999999645, -34.39387914618535547 ) ) ;
#2408 = FACE_OUTER_BOUND ( 'NONE', #2442, .T. ) ;
#2409 = DIRECTION ( 'NONE',  ( -0.000000000000000000, 1.000000000000000000, -0.000000000000000000 ) ) ;
#2410 = CARTESIAN_POINT ( 'NONE',  ( 0.000000000000000000, 0.000000000000000000, 5.999999999999998224 ) ) ;
#2411 = ADVANCED_FACE ( 'NONE', ( #61 ), #3837, .T. ) ;
#2412 = CALENDAR_DATE ( 2025, 5, 10 ) ;
#2413 = VERTEX_POINT ( 'NONE', #1413 ) ;
#2414 = VERTEX_POINT ( 'NONE', #1159 ) ;
#2415 = CYLINDRICAL_SURFACE ( 'NONE', #827, 2.000000000000000000 ) ;
#2416 = CC_DESIGN_DATE_AND_TIME_ASSIGNMENT ( #787, #3840, ( #2530 ) ) ;
#2417 = CARTESIAN_POINT ( 'NONE',  ( 1.836970198721030181E-16, 0.000000000000000000, -1.500000000000000222 ) ) ;
#2418 = ORIENTED_EDGE ( 'NONE', *, *, #1361, .F. ) ;
#2419 = ORIENTED_EDGE ( 'NONE', *, *, #763, .T. ) ;
#2420 = LINE ( 'NONE', #738, #4310 ) ;
#2421 = FACE_OUTER_BOUND ( 'NONE', #1530, .T. ) ;
#2422 = CARTESIAN_POINT ( 'NONE',  ( 14.46416544611106580, 0.000000000000000000, -42.27269200246188063 ) ) ;
#2423 = ORIENTED_EDGE ( 'NONE', *, *, #2870, .F. ) ;
#2424 = ORIENTED_EDGE ( 'NONE', *, *, #2117, .F. ) ;
#2425 = DIRECTION ( 'NONE',  ( -0.000000000000000000, 1.000000000000000000, -0.000000000000000000 ) ) ;
#2426 = LINE ( 'NONE', #2078, #2704 ) ;
#2427 = EDGE_CURVE ( 'NONE', #4343, #1817, #3411, .T. ) ;
#2428 = DIRECTION ( 'NONE',  ( -1.000000000000000000, 0.000000000000000000, 0.000000000000000000 ) ) ;
#2429 = DIRECTION ( 'NONE',  ( 0.000000000000000000, 1.000000000000000000, -0.000000000000000000 ) ) ;
#2430 = DATE_AND_TIME ( #1706, #764 ) ;
#2431 = VERTEX_POINT ( 'NONE', #1080 ) ;
#2432 = EDGE_CURVE ( 'NONE', #3766, #2254, #2420, .T. ) ;
#2433 = AXIS2_PLACEMENT_3D ( 'NONE', #3947, #908, #1905 ) ;
#2434 = EDGE_CURVE ( 'NONE', #81, #3386, #293, .T. ) ;
#2435 = CARTESIAN_POINT ( 'NONE',  ( 4.000000000000000000, 0.000000000000000000, 0.000000000000000000 ) ) ;
#2436 = AXIS2_PLACEMENT_3D ( 'NONE', #826, #435, #95 ) ;
#2437 = ORIENTED_EDGE ( 'NONE', *, *, #89, .T. ) ;
#2438 = ORIENTED_EDGE ( 'NONE', *, *, #704, .F. ) ;
#2439 = ADVANCED_FACE ( 'NONE', ( #542 ), #1564, .F. ) ;
#2440 = ORIENTED_EDGE ( 'NONE', *, *, #2205, .T. ) ;
#2441 = AXIS2_PLACEMENT_3D ( 'NONE', #771, #2120, #440 ) ;
#2442 = EDGE_LOOP ( 'NONE', ( #2182, #4350, #1999, #1568 ) ) ;
#2443 = AXIS2_PLACEMENT_3D ( 'NONE', #3416, #1337, #2336 ) ;
#2444 = DIRECTION ( 'NONE',  ( 0.000000000000000000, 0.000000000000000000, 1.000000000000000000 ) ) ;
#2445 = DIRECTION ( 'NONE',  ( -0.000000000000000000, 1.000000000000000000, -0.000000000000000000 ) ) ;
#2446 = ORIENTED_EDGE ( 'NONE', *, *, #2922, .T. ) ;
#2447 = VERTEX_POINT ( 'NONE', #3927 ) ;
#2448 = VECTOR ( 'NONE', #1075, 1000.000000000000000 ) ;
#2449 = DIRECTION ( 'NONE',  ( -1.000000000000000000, -0.000000000000000000, -0.000000000000000000 ) ) ;
#2450 = LINE ( 'NONE', #3849, #1110 ) ;
#2451 = VECTOR ( 'NONE', #1636, 1000.000000000000114 ) ;
#2452 = LINE ( 'NONE', #1347, #1366 ) ;
#2453 = FACE_OUTER_BOUND ( 'NONE', #1987, .T. ) ;
#2454 = APPROVAL_PERSON_ORGANIZATION ( #802, #3126, #2736 ) ;
#2455 =( REPRESENTATION_RELATIONSHIP ('NONE','NONE', #728, #162 ) REPRESENTATION_RELATIONSHIP_WITH_TRANSFORMATION ( #3753 )SHAPE_REPRESENTATION_RELATIONSHIP( ) );
#2456 = CARTESIAN_POINT ( 'NONE',  ( 0.000000000000000000, 1.240425561619489470, 4.531765657166956451 ) ) ;
#2457 = EDGE_CURVE ( 'NONE', #2367, #3325, #1226, .T. ) ;
#2458 = ORIENTED_EDGE ( 'NONE', *, *, #489, .F. ) ;
#2459 = ORIENTED_EDGE ( 'NONE', *, *, #2381, .F. ) ;
#2460 = DIRECTION ( 'NONE',  ( 0.000000000000000000, 0.000000000000000000, 1.000000000000000000 ) ) ;
#2461 = CARTESIAN_POINT ( 'NONE',  ( 4.000000000000000000, 0.000000000000000000, 0.000000000000000000 ) ) ;
#2462 = VECTOR ( 'NONE', #2934, 1000.000000000000114 ) ;
#2463 = EDGE_CURVE ( 'NONE', #3363, #2163, #1974, .T. ) ;
#2464 = VERTEX_POINT ( 'NONE', #891 ) ;
#2465 = ORIENTED_EDGE ( 'NONE', *, *, #2817, .T. ) ;
#2466 = CIRCLE ( 'NONE', #2327, 5.999999999999998224 ) ;
#2467 = ORIENTED_EDGE ( 'NONE', *, *, #237, .F. ) ;
#2468 = EDGE_CURVE ( 'NONE', #3386, #722, #1446, .T. ) ;
#2469 = CIRCLE ( 'NONE', #3609, 51.00000000000000000 ) ;
#2470 = CARTESIAN_POINT ( 'NONE',  ( 36.67477964701442517, 5.099999999999999645, 27.76617614730081485 ) ) ;
#2471 = ORIENTED_EDGE ( 'NONE', *, *, #3978, .T. ) ;
#2472 = ORIENTED_EDGE ( 'NONE', *, *, #1729, .T. ) ;
#2473 = CIRCLE ( 'NONE', #3744, 5.999999999999998224 ) ;
#2474 = VECTOR ( 'NONE', #572, 1000.000000000000114 ) ;
#2475 = CC_DESIGN_PERSON_AND_ORGANIZATION_ASSIGNMENT ( #1552, #1217, ( #3596 ) ) ;
#2476 = AXIS2_PLACEMENT_3D ( 'NONE', #630, #3214, #1242 ) ;
#2477 = CARTESIAN_POINT ( 'NONE',  ( 0.000000000000000000, 0.000000000000000000, 0.000000000000000000 ) ) ;
#2478 = DIRECTION ( 'NONE',  ( -0.000000000000000000, 1.000000000000000000, -0.000000000000000000 ) ) ;
#2479 = DIRECTION ( 'NONE',  ( -1.000000000000000000, 0.000000000000000000, 0.000000000000000000 ) ) ;
#2480 = COORDINATED_UNIVERSAL_TIME_OFFSET ( 7, 0, .AHEAD. ) ;
#2481 = LINE ( 'NONE', #2201, #4021 ) ;
#2482 = VERTEX_POINT ( 'NONE', #1326 ) ;
#2483 = CARTESIAN_POINT ( 'NONE',  ( -43.03994144337356431, 5.099999999999999645, 9.141304094655753332 ) ) ;
#2484 = PLANE ( 'NONE',  #1397 ) ;
#2485 = ORIENTED_EDGE ( 'NONE', *, *, #1243, .T. ) ;
#2486 = DIRECTION ( 'NONE',  ( -1.000000000000000000, 0.000000000000000000, 0.000000000000000000 ) ) ;
#2487 = EDGE_CURVE ( 'NONE', #3109, #2210, #1586, .T. ) ;
#2488 = EDGE_LOOP ( 'NONE', ( #2324, #3073, #3020, #418 ) ) ;
#2489 = CALENDAR_DATE ( 2025, 5, 10 ) ;
#2490 = DIRECTION ( 'NONE',  ( -1.000000000000000000, -0.000000000000000000, -0.000000000000000000 ) ) ;
#2491 = ORIENTED_EDGE ( 'NONE', *, *, #3443, .F. ) ;
#2492 = CARTESIAN_POINT ( 'NONE',  ( 4.000000000000000000, 0.000000000000000000, 0.000000000000000000 ) ) ;
#2493 = ORIENTED_EDGE ( 'NONE', *, *, #2786, .T. ) ;
#2494 = ORIENTED_EDGE ( 'NONE', *, *, #2063, .T. ) ;
#2495 = EDGE_CURVE ( 'NONE', #629, #3721, #1093, .T. ) ;
#2496 = DIRECTION ( 'NONE',  ( 0.000000000000000000, 0.000000000000000000, 1.000000000000000000 ) ) ;
#2497 = AXIS2_PLACEMENT_3D ( 'NONE', #4092, #2717, #361 ) ;
#2498 = CARTESIAN_POINT ( 'NONE',  ( 2.000000000000000000, 3.429832919317858497, 4.923032210494209693 ) ) ;
#2499 = DIRECTION ( 'NONE',  ( -1.000000000000000000, 0.000000000000000000, 0.000000000000000000 ) ) ;
#2500 = DIRECTION ( 'NONE',  ( -1.000000000000000000, -0.000000000000000000, 0.000000000000000000 ) ) ;
#2501 = CARTESIAN_POINT ( 'NONE',  ( 4.000000000000000000, 4.693277837368734495, 2.220677789232036847 ) ) ;
#2502 = DIRECTION ( 'NONE',  ( -1.000000000000000000, -0.000000000000000000, -0.000000000000000000 ) ) ;
#2503 = ORIENTED_EDGE ( 'NONE', *, *, #733, .F. ) ;
#2504 = DIRECTION ( 'NONE',  ( 0.000000000000000000, -0.9510565162951565288, 0.3090169943749384029 ) ) ;
#2505 = CARTESIAN_POINT ( 'NONE',  ( 0.000000000000000000, 0.000000000000000000, 0.000000000000000000 ) ) ;
#2506 = AXIS2_PLACEMENT_3D ( 'NONE', #3807, #775, #3548 ) ;
#2507 = ORIENTED_EDGE ( 'NONE', *, *, #3873, .T. ) ;
#2508 = VERTEX_POINT ( 'NONE', #851 ) ;
#2509 = CARTESIAN_POINT ( 'NONE',  ( 0.000000000000000000, -2.646421322368430751, 2.655457622428520459 ) ) ;
#2510 = ADVANCED_FACE ( 'NONE', ( #1247 ), #3197, .F. ) ;
#2511 = ORIENTED_EDGE ( 'NONE', *, *, #3145, .T. ) ;
#2512 = AXIS2_PLACEMENT_3D ( 'NONE', #4322, #3361, #3317 ) ;
#2513 = ORIENTED_EDGE ( 'NONE', *, *, #4153, .T. ) ;
#2514 = CARTESIAN_POINT ( 'NONE',  ( 0.000000000000000000, 0.09999999999999939493, 0.000000000000000000 ) ) ;
#2515 = FACE_OUTER_BOUND ( 'NONE', #3902, .T. ) ;
#2516 = ORIENTED_EDGE ( 'NONE', *, *, #3636, .F. ) ;
#2517 = AXIS2_PLACEMENT_3D ( 'NONE', #1312, #329, #2667 ) ;
#2518 = CARTESIAN_POINT ( 'NONE',  ( -25.81100948715627652, 0.000000000000000000, 36.46895063532077330 ) ) ;
#2519 = CARTESIAN_POINT ( 'NONE',  ( 0.000000000000000000, 0.000000000000000000, 0.000000000000000000 ) ) ;
#2520 = EDGE_CURVE ( 'NONE', #1817, #1459, #567, .T. ) ;
#2521 = CARTESIAN_POINT ( 'NONE',  ( 4.000000000000000000, -3.667230379735483936, -2.937171579486293815 ) ) ;
#2522 = CIRCLE ( 'NONE', #616, 3.749000000000000554 ) ;
#2523 = AXIS2_PLACEMENT_3D ( 'NONE', #414, #1789, #4171 ) ;
#2524 = AXIS2_PLACEMENT_3D ( 'NONE', #2939, #295, #3281 ) ;
#2525 = ORIENTED_EDGE ( 'NONE', *, *, #2764, .T. ) ;
#2526 =( GEOMETRIC_REPRESENTATION_CONTEXT ( 3 ) GLOBAL_UNCERTAINTY_ASSIGNED_CONTEXT ( ( #2535 ) ) GLOBAL_UNIT_ASSIGNED_CONTEXT ( ( #4136, #2147, #3362 ) ) REPRESENTATION_CONTEXT ( 'NONE', 'WORKASPACE' ) );
#2527 = ADVANCED_FACE ( 'NONE', ( #3601 ), #166, .T. ) ;
#2528 = VERTEX_POINT ( 'NONE', #3954 ) ;
#2529 = CARTESIAN_POINT ( 'NONE',  ( 35.01885136591087644, 0.000000000000000000, -27.74657853141030373 ) ) ;
#2530 = SECURITY_CLASSIFICATION ( '', '', #1920 ) ;
#2531 = DIRECTION ( 'NONE',  ( -1.000000000000000000, 0.000000000000000000, 0.000000000000000000 ) ) ;
#2532 = EDGE_LOOP ( 'NONE', ( #797, #2605, #454, #1107 ) ) ;
#2533 = CARTESIAN_POINT ( 'NONE',  ( 36.67477964701469517, 0.09999999999999939493, 27.76617614730045247 ) ) ;
#2534 = ORIENTED_EDGE ( 'NONE', *, *, #2337, .F. ) ;
#2535 = UNCERTAINTY_MEASURE_WITH_UNIT (LENGTH_MEASURE( 1.000000000000000082E-05 ), #4136, 'distance_accuracy_value', 'NONE');
#2536 = DIRECTION ( 'NONE',  ( 0.000000000000000000, 0.000000000000000000, 1.000000000000000000 ) ) ;
#2537 = ORIENTED_EDGE ( 'NONE', *, *, #2166, .F. ) ;
#2538 = VECTOR ( 'NONE', #2669, 1000.000000000000000 ) ;
#2539 = ORIENTED_EDGE ( 'NONE', *, *, #2457, .T. ) ;
#2540 = LINE ( 'NONE', #1518, #2124 ) ;
#2541 = CARTESIAN_POINT ( 'NONE',  ( -42.55318334102971534, 5.099999999999999645, -28.11096916765241360 ) ) ;
#2542 = EDGE_CURVE ( 'NONE', #3349, #2688, #2074, .T. ) ;
#2543 = CIRCLE ( 'NONE', #777, 51.00000000000000000 ) ;
#2544 = DIRECTION ( 'NONE',  ( 1.000000000000000000, -0.000000000000000000, -0.000000000000000000 ) ) ;
#2545 = CYLINDRICAL_SURFACE ( 'NONE', #2244, 2.000000000000000000 ) ;
#2546 = DIRECTION ( 'NONE',  ( -0.000000000000000000, 1.000000000000000000, -0.000000000000000000 ) ) ;
#2547 = CARTESIAN_POINT ( 'NONE',  ( -10.00000000000000000, 0.000000000000000000, 0.000000000000000000 ) ) ;
#2548 = CARTESIAN_POINT ( 'NONE',  ( 731.8150696404222799, -1364.814390266188411, 844.4513958798487465 ) ) ;
#2549 = AXIS2_PLACEMENT_3D ( 'NONE', #3187, #4207, #2960 ) ;
#2550 = ADVANCED_FACE ( 'NONE', ( #2209 ), #218, .F. ) ;
#2551 = TOROIDAL_SURFACE ( 'NONE', #1979, 46.00000000000000000, 5.000000000000000000 ) ;
#2552 = ORIENTED_EDGE ( 'NONE', *, *, #3062, .F. ) ;
#2553 = DIRECTION ( 'NONE',  ( 0.000000000000000000, 0.000000000000000000, 1.000000000000000000 ) ) ;
#2554 = EDGE_CURVE ( 'NONE', #722, #3940, #915, .T. ) ;
#2555 = DIRECTION ( 'NONE',  ( 0.9971469684563891711, -0.000000000000000000, 0.07548458980635046334 ) ) ;
#2556 = AXIS2_PLACEMENT_3D ( 'NONE', #2618, #1354, #1640 ) ;
#2557 = DIRECTION ( 'NONE',  ( -1.000000000000000000, -0.000000000000000000, 0.000000000000000000 ) ) ;
#2558 = COORDINATED_UNIVERSAL_TIME_OFFSET ( 7, 0, .AHEAD. ) ;
#2559 = CARTESIAN_POINT ( 'NONE',  ( -45.99627599185039628, 5.099999999999999645, -0.5853160526824957577 ) ) ;
#2560 = LINE ( 'NONE', #1166, #1898 ) ;
#2561 = CARTESIAN_POINT ( 'NONE',  ( -36.24392679983829879, 0.000000000000000000, 35.88004696384835768 ) ) ;
#2562 = EDGE_LOOP ( 'NONE', ( #292, #1290, #4273, #565 ) ) ;
#2563 = CARTESIAN_POINT ( 'NONE',  ( 0.000000000000000000, -1.660179660520995082, 4.395379282859360970 ) ) ;
#2564 = LINE ( 'NONE', #2296, #4073 ) ;
#2565 = DIRECTION ( 'NONE',  ( -0.000000000000000000, 1.000000000000000000, -0.000000000000000000 ) ) ;
#2566 = ADVANCED_FACE ( 'NONE', ( #1186 ), #2271, .T. ) ;
#2567 = CIRCLE ( 'NONE', #3205, 4.999999999999999112 ) ;
#2568 = ORIENTED_EDGE ( 'NONE', *, *, #1361, .T. ) ;
#2569 = CARTESIAN_POINT ( 'NONE',  ( 0.000000000000000000, 0.000000000000000000, 0.000000000000000000 ) ) ;
#2570 = DIRECTION ( 'NONE',  ( 1.000000000000000000, 0.000000000000000000, 0.000000000000000000 ) ) ;
#2571 = CARTESIAN_POINT ( 'NONE',  ( 44.86591492951423987, 0.000000000000000000, -24.24973561789057186 ) ) ;
#2572 = LINE ( 'NONE', #1580, #1028 ) ;
#2573 = CARTESIAN_POINT ( 'NONE',  ( -20.60600029234985442, 0.000000000000000000, -46.65182474407273361 ) ) ;
#2574 = EDGE_CURVE ( 'NONE', #907, #1022, #4205, .T. ) ;
#2575 = ORIENTED_EDGE ( 'NONE', *, *, #3962, .T. ) ;
#2576 = VERTEX_POINT ( 'NONE', #2768 ) ;
#2577 = DATE_AND_TIME ( #146, #1255 ) ;
#2578 = DIRECTION ( 'NONE',  ( 0.000000000000000000, 0.000000000000000000, 1.000000000000000000 ) ) ;
#2579 = EDGE_CURVE ( 'NONE', #2156, #4112, #943, .T. ) ;
#2580 = ORIENTED_EDGE ( 'NONE', *, *, #1198, .T. ) ;
#2581 = ORIENTED_EDGE ( 'NONE', *, *, #3767, .T. ) ;
#2582 = CARTESIAN_POINT ( 'NONE',  ( 4.000000000000000000, -0.1188926102944482255, -5.998821929947359521 ) ) ;
#2583 = ORIENTED_EDGE ( 'NONE', *, *, #1299, .T. ) ;
#2584 = VECTOR ( 'NONE', #1583, 999.9999999999998863 ) ;
#2585 = CYLINDRICAL_SURFACE ( 'NONE', #3155, 2.000000000000000000 ) ;
#2586 = DIRECTION ( 'NONE',  ( 0.000000000000000000, -0.9510565162951565288, 0.3090169943749384029 ) ) ;
#2587 = ORIENTED_EDGE ( 'NONE', *, *, #593, .T. ) ;
#2588 = VECTOR ( 'NONE', #373, 1000.000000000000000 ) ;
#2589 = APPROVAL_STATUS ( 'not_yet_approved' ) ;
#2590 = AXIS2_PLACEMENT_3D ( 'NONE', #2405, #379, #2076 ) ;
#2591 = ORIENTED_EDGE ( 'NONE', *, *, #3836, .F. ) ;
#2592 = CARTESIAN_POINT ( 'NONE',  ( -36.71255033343739171, 0.000000000000000000, -24.25260085052364190 ) ) ;
#2593 = AXIS2_PLACEMENT_3D ( 'NONE', #1701, #4093, #3102 ) ;
#2594 = DIRECTION ( 'NONE',  ( -0.000000000000000000, 1.000000000000000000, -0.000000000000000000 ) ) ;
#2595 = EDGE_CURVE ( 'NONE', #655, #641, #2348, .T. ) ;
#2596 = DIRECTION ( 'NONE',  ( 0.000000000000000000, 0.000000000000000000, 1.000000000000000000 ) ) ;
#2597 = DIRECTION ( 'NONE',  ( -0.9916014815104199354, -0.000000000000000000, 0.1293309779841642082 ) ) ;
#2598 = CC_DESIGN_SECURITY_CLASSIFICATION ( #131, ( #4375 ) ) ;
#2599 = ORIENTED_EDGE ( 'NONE', *, *, #2004, .T. ) ;
#2600 = DIRECTION ( 'NONE',  ( 0.000000000000000000, 0.000000000000000000, 1.000000000000000000 ) ) ;
#2601 = EDGE_CURVE ( 'NONE', #1500, #2576, #1919, .T. ) ;
#2602 = CC_DESIGN_SECURITY_CLASSIFICATION ( #2321, ( #4374 ) ) ;
#2603 = CALENDAR_DATE ( 2025, 5, 10 ) ;
#2604 = CARTESIAN_POINT ( 'NONE',  ( 4.000000000000000000, -0.5801609955211584069, 3.703837769027674920 ) ) ;
#2605 = ORIENTED_EDGE ( 'NONE', *, *, #2299, .T. ) ;
#2606 = CARTESIAN_POINT ( 'NONE',  ( 0.000000000000000000, 0.000000000000000000, 0.000000000000000000 ) ) ;
#2607 = ORIENTED_EDGE ( 'NONE', *, *, #3607, .T. ) ;
#2608 = EDGE_CURVE ( 'NONE', #3516, #4373, #4191, .T. ) ;
#2609 = FACE_OUTER_BOUND ( 'NONE', #4320, .T. ) ;
#2610 = CARTESIAN_POINT ( 'NONE',  ( 4.000000000000000000, 0.5801609955211840530, -3.703837769027670923 ) ) ;
#2611 = CARTESIAN_POINT ( 'NONE',  ( 4.000000000000000000, 0.000000000000000000, 0.000000000000000000 ) ) ;
#2612 = VERTEX_POINT ( 'NONE', #2410 ) ;
#2613 = CIRCLE ( 'NONE', #700, 7.758395318950915609 ) ;
#2614 = CC_DESIGN_DATE_AND_TIME_ASSIGNMENT ( #196, #169, ( #131 ) ) ;
#2615 = AXIS2_PLACEMENT_3D ( 'NONE', #2757, #4194, #2185 ) ;
#2616 = ORIENTED_EDGE ( 'NONE', *, *, #498, .F. ) ;
#2617 = CYLINDRICAL_SURFACE ( 'NONE', #3994, 7.758387151170064833 ) ;
#2618 = CARTESIAN_POINT ( 'NONE',  ( 0.000000000000000000, 0.000000000000000000, 0.000000000000000000 ) ) ;
#2619 = DIRECTION ( 'NONE',  ( -1.000000000000000000, 0.000000000000000000, 0.000000000000000000 ) ) ;
#2620 = AXIS2_PLACEMENT_3D ( 'NONE', #3116, #2328, #342 ) ;
#2621 = DATE_TIME_ROLE ( 'classification_date' ) ;
#2622 = ORIENTED_EDGE ( 'NONE', *, *, #4257, .T. ) ;
#2623 = ORIENTED_EDGE ( 'NONE', *, *, #2834, .T. ) ;
#2624 = PLANE ( 'NONE',  #2095 ) ;
#2625 = DIRECTION ( 'NONE',  ( 0.000000000000000000, 0.000000000000000000, 1.000000000000000000 ) ) ;
#2626 = EDGE_CURVE ( 'NONE', #2750, #4078, #3627, .T. ) ;
#2627 = VERTEX_POINT ( 'NONE', #1426 ) ;
#2628 = DIRECTION ( 'NONE',  ( 0.7972778184133629820, -0.000000000000000000, 0.6036125249413142324 ) ) ;
#2629 = EDGE_CURVE ( 'NONE', #4177, #3156, #2280, .T. ) ;
#2630 = VERTEX_POINT ( 'NONE', #90 ) ;
#2631 = CARTESIAN_POINT ( 'NONE',  ( 48.73782997361919200, 0.000000000000000000, 15.02078325063638609 ) ) ;
#2632 = PLANE ( 'NONE',  #77 ) ;
#2633 = CARTESIAN_POINT ( 'NONE',  ( 42.04832389880871801, 0.000000000000000000, 12.95910711819616346 ) ) ;
#2634 = CARTESIAN_POINT ( 'NONE',  ( 43.95961134875459209, 0.09999999999999939493, 13.54815744175005143 ) ) ;
#2635 = PRODUCT ( 'spur gear_am_Metric - Spur gear 1M 10T 20PA 4FW ---S10O10H15L3N', 'spur gear_am_Metric - Spur gear 1M 10T 20PA 4FW ---S10O10H15L3N', '', ( #76 ) ) ;
#2636 = CIRCLE ( 'NONE', #2989, 46.00000000000000000 ) ;
#2637 = DIRECTION ( 'NONE',  ( -0.000000000000000000, -1.000000000000000000, -0.000000000000000000 ) ) ;
#2638 = COORDINATED_UNIVERSAL_TIME_OFFSET ( 7, 0, .AHEAD. ) ;
#2639 = ORIENTED_EDGE ( 'NONE', *, *, #3612, .T. ) ;
#2640 = CARTESIAN_POINT ( 'NONE',  ( 4.000000000000000000, -5.741958523657315183, 1.740664330822881967 ) ) ;
#2641 = EDGE_LOOP ( 'NONE', ( #31, #1966, #2599, #2485 ) ) ;
#2642 = CARTESIAN_POINT ( 'NONE',  ( 4.000000000000000000, 0.000000000000000000, 0.000000000000000000 ) ) ;
#2643 = EDGE_LOOP ( 'NONE', ( #1458, #1733, #3752, #3643 ) ) ;
#2644 = AXIS2_PLACEMENT_3D ( 'NONE', #1011, #800, #2181 ) ;
#2645 = FACE_OUTER_BOUND ( 'NONE', #2641, .T. ) ;
#2646 = EDGE_CURVE ( 'NONE', #780, #695, #1923, .T. ) ;
#2647 = CARTESIAN_POINT ( 'NONE',  ( 33.86627113243231690, 0.000000000000000000, -38.13234427077072297 ) ) ;
#2648 = ORIENTED_EDGE ( 'NONE', *, *, #1541, .T. ) ;
#2649 = AXIS2_PLACEMENT_3D ( 'NONE', #2170, #2808, #4208 ) ;
#2650 = AXIS2_PLACEMENT_3D ( 'NONE', #3023, #309, #4326 ) ;
#2651 = EDGE_CURVE ( 'NONE', #2935, #1837, #1404, .T. ) ;
#2652 = CIRCLE ( 'NONE', #606, 3.749000000000000554 ) ;
#2653 = LINE ( 'NONE', #4009, #1534 ) ;
#2654 = CARTESIAN_POINT ( 'NONE',  ( 0.000000000000000000, 0.000000000000000000, 0.000000000000000000 ) ) ;
#2655 = AXIS2_PLACEMENT_3D ( 'NONE', #1267, #2039, #3045 ) ;
#2656 = ADVANCED_FACE ( 'NONE', ( #755 ), #2364, .F. ) ;
#2657 = CIRCLE ( 'NONE', #754, 2.000000000000000444 ) ;
#2658 = DIRECTION ( 'NONE',  ( 0.000000000000000000, 1.000000000000000000, 0.000000000000000000 ) ) ;
#2659 = ORIENTED_EDGE ( 'NONE', *, *, #2765, .F. ) ;
#2660 = CYLINDRICAL_SURFACE ( 'NONE', #1528, 2.000000000000000000 ) ;
#2661 = VERTEX_POINT ( 'NONE', #2062 ) ;
#2662 = CIRCLE ( 'NONE', #4075, 7.758387151176069807 ) ;
#2663 = AXIS2_PLACEMENT_3D ( 'NONE', #4149, #2179, #1490 ) ;
#2664 = VECTOR ( 'NONE', #3938, 1000.000000000000114 ) ;
#2665 = CARTESIAN_POINT ( 'NONE',  ( -44.99630241807241049, 0.09999999999999939493, 9.556817917140127960 ) ) ;
#2666 = AXIS2_PLACEMENT_3D ( 'NONE', #340, #6, #1348 ) ;
#2667 = DIRECTION ( 'NONE',  ( 0.000000000000000000, 0.000000000000000000, 1.000000000000000000 ) ) ;
#2668 = EDGE_LOOP ( 'NONE', ( #2761, #3097, #4111, #2591 ) ) ;
#2669 = DIRECTION ( 'NONE',  ( -0.000000000000000000, 1.000000000000000000, -0.000000000000000000 ) ) ;
#2670 = ORIENTED_EDGE ( 'NONE', *, *, #2700, .F. ) ;
#2671 = LOCAL_TIME ( 2, 31, 6.000000000000000000, #3886 ) ;
#2672 = ORIENTED_EDGE ( 'NONE', *, *, #1729, .F. ) ;
#2673 = CC_DESIGN_PERSON_AND_ORGANIZATION_ASSIGNMENT ( #1307, #283, ( #2735 ) ) ;
#2674 = AXIS2_PLACEMENT_3D ( 'NONE', #505, #854, #2212 ) ;
#2675 = CARTESIAN_POINT ( 'NONE',  ( 0.000000000000000000, -3.622205203785539673, -4.783265564618895738 ) ) ;
#2676 = DIRECTION ( 'NONE',  ( 0.000000000000000000, 0.000000000000000000, 1.000000000000000000 ) ) ;
#2677 = AXIS2_PLACEMENT_3D ( 'NONE', #1628, #964, #1608 ) ;
#2678 = ADVANCED_FACE ( 'NONE', ( #2083 ), #3428, .T. ) ;
#2679 = CARTESIAN_POINT ( 'NONE',  ( 40.66116873908136142, 0.000000000000000000, 30.78423877200747327 ) ) ;
#2680 = ORIENTED_EDGE ( 'NONE', *, *, #3029, .F. ) ;
#2681 = DIRECTION ( 'NONE',  ( 0.000000000000000000, 0.000000000000000000, -1.000000000000000000 ) ) ;
#2682 = PERSON_AND_ORGANIZATION_ROLE ( 'creator' ) ;
#2683 = DIRECTION ( 'NONE',  ( 0.000000000000000000, 0.000000000000000000, 1.000000000000000000 ) ) ;
#2684 = EDGE_LOOP ( 'NONE', ( #3133, #3267, #2134, #1738 ) ) ;
#2685 = EDGE_CURVE ( 'NONE', #3624, #2100, #406, .T. ) ;
#2686 = DIRECTION ( 'NONE',  ( -0.000000000000000000, 1.000000000000000000, -0.000000000000000000 ) ) ;
#2687 = AXIS2_PLACEMENT_3D ( 'NONE', #300, #1082, #424 ) ;
#2688 = VERTEX_POINT ( 'NONE', #1352 ) ;
#2689 = VECTOR ( 'NONE', #4259, 1000.000000000000114 ) ;
#2690 = CARTESIAN_POINT ( 'NONE',  ( 0.000000000000000000, 0.09999999999999939493, 0.000000000000000000 ) ) ;
#2691 = VERTEX_POINT ( 'NONE', #11 ) ;
#2692 = CARTESIAN_POINT ( 'NONE',  ( 4.000000000000000000, 0.5801609955211313174, 3.703837769027679361 ) ) ;
#2693 = DIRECTION ( 'NONE',  ( -1.000000000000000000, 0.000000000000000000, -0.000000000000000000 ) ) ;
#2694 = CARTESIAN_POINT ( 'NONE',  ( 0.000000000000000000, 5.099999999999999645, 0.000000000000000000 ) ) ;
#2695 = CARTESIAN_POINT ( 'NONE',  ( 0.000000000000000000, 0.000000000000000000, 0.000000000000000000 ) ) ;
#2696 = LINE ( 'NONE', #1434, #1205 ) ;
#2697 = DIRECTION ( 'NONE',  ( 0.000000000000000000, 0.000000000000000000, 1.000000000000000000 ) ) ;
#2698 = PLANE ( 'NONE',  #4152 ) ;
#2699 = ORIENTED_EDGE ( 'NONE', *, *, #1780, .F. ) ;
#2700 = EDGE_CURVE ( 'NONE', #2773, #267, #3581, .T. ) ;
#2701 = PERSON_AND_ORGANIZATION_ROLE ( 'creator' ) ;
#2702 = EDGE_LOOP ( 'NONE', ( #3408, #3412, #2957, #3064 ) ) ;
#2703 = CARTESIAN_POINT ( 'NONE',  ( 24.63888073992833938, 0.000000000000000000, -44.65339355394601739 ) ) ;
#2704 = VECTOR ( 'NONE', #403, 1000.000000000000000 ) ;
#2705 = EDGE_CURVE ( 'NONE', #1768, #1826, #3452, .T. ) ;
#2706 = EDGE_CURVE ( 'NONE', #2713, #2612, #2805, .T. ) ;
#2707 = DIRECTION ( 'NONE',  ( 0.000000000000000000, 0.000000000000000000, 1.000000000000000000 ) ) ;
#2708 = DIRECTION ( 'NONE',  ( -0.1293309779841641804, 0.000000000000000000, -0.9916014815104198243 ) ) ;
#2709 = FACE_OUTER_BOUND ( 'NONE', #1185, .T. ) ;
#2710 = ORIENTED_EDGE ( 'NONE', *, *, #1243, .F. ) ;
#2711 = ADVANCED_FACE ( 'NONE', ( #3381 ), #2698, .F. ) ;
#2712 = AXIS2_PLACEMENT_3D ( 'NONE', #2855, #4282, #1888 ) ;
#2713 = VERTEX_POINT ( 'NONE', #3059 ) ;
#2714 = VERTEX_POINT ( 'NONE', #3529 ) ;
#2715 = CARTESIAN_POINT ( 'NONE',  ( 4.000000000000000000, 0.000000000000000000, 0.000000000000000000 ) ) ;
#2716 = DIRECTION ( 'NONE',  ( 0.000000000000000000, 1.000000000000000000, 0.000000000000000000 ) ) ;
#2717 = DIRECTION ( 'NONE',  ( 0.000000000000000000, 1.000000000000000000, -0.000000000000000000 ) ) ;
#2718 = CARTESIAN_POINT ( 'NONE',  ( 4.000000000000000000, -3.926652679773718457, 2.580107415946621074 ) ) ;
#2719 =( NAMED_UNIT ( * ) SI_UNIT ( $, .STERADIAN. ) SOLID_ANGLE_UNIT ( ) );
#2720 = CARTESIAN_POINT ( 'NONE',  ( 4.000000000000000000, 0.000000000000000000, 0.000000000000000000 ) ) ;
#2721 = DIRECTION ( 'NONE',  ( 0.000000000000000000, 0.000000000000000000, -1.000000000000000000 ) ) ;
#2722 = VECTOR ( 'NONE', #2409, 1000.000000000000000 ) ;
#2723 = AXIS2_PLACEMENT_3D ( 'NONE', #394, #2490, #2444 ) ;
#2724 = MECHANICAL_CONTEXT ( 'NONE', #568, 'mechanical' ) ;
#2725 = AXIS2_PLACEMENT_3D ( 'NONE', #1048, #710, #3037 ) ;
#2726 = ORIENTED_EDGE ( 'NONE', *, *, #1167, .T. ) ;
#2727 = ORIENTED_EDGE ( 'NONE', *, *, #3908, .T. ) ;
#2728 = CC_DESIGN_PERSON_AND_ORGANIZATION_ASSIGNMENT ( #1072, #1113, ( #2843 ) ) ;
#2729 = AXIS2_PLACEMENT_3D ( 'NONE', #2715, #2781, #4067 ) ;
#2730 = DIRECTION ( 'NONE',  ( -0.06681260065218955213, -0.000000000000000000, -0.9977655417953112948 ) ) ;
#2731 = CIRCLE ( 'NONE', #825, 5.000000000000001776 ) ;
#2732 = CIRCLE ( 'NONE', #746, 3.749000000000000554 ) ;
#2733 = ADVANCED_FACE ( 'NONE', ( #2453 ), #2199, .F. ) ;
#2734 = ORIENTED_EDGE ( 'NONE', *, *, #2063, .F. ) ;
#2735 = PRODUCT_DEFINITION_FORMATION_WITH_SPECIFIED_SOURCE ( 'ANY', '', #866, .NOT_KNOWN. ) ;
#2736 = APPROVAL_ROLE ( '' ) ;
#2737 = CARTESIAN_POINT ( 'NONE',  ( 35.01885136591087644, 0.000000000000000000, -19.98819138023783282 ) ) ;
#2738 = ORIENTED_EDGE ( 'NONE', *, *, #2066, .T. ) ;
#2739 = ORIENTED_EDGE ( 'NONE', *, *, #2198, .T. ) ;
#2740 = ORIENTED_EDGE ( 'NONE', *, *, #3472, .T. ) ;
#2741 = CC_DESIGN_SECURITY_CLASSIFICATION ( #276, ( #4376 ) ) ;
#2742 = EDGE_CURVE ( 'NONE', #2051, #3280, #1359, .T. ) ;
#2743 = CARTESIAN_POINT ( 'NONE',  ( 4.000000000000000000, 0.000000000000000000, 0.000000000000000000 ) ) ;
#2744 = CARTESIAN_POINT ( 'NONE',  ( -10.01035049813921773, 0.09999999999999939493, 44.89758214987087825 ) ) ;
#2745 = DIRECTION ( 'NONE',  ( -0.000000000000000000, 1.000000000000000000, -0.000000000000000000 ) ) ;
#2746 = CARTESIAN_POINT ( 'NONE',  ( -44.99630241807241759, 5.099999999999999645, 9.556817917140117302 ) ) ;
#2747 = DIRECTION ( 'NONE',  ( -1.000000000000000000, 0.000000000000000000, 0.000000000000000000 ) ) ;
#2748 = CARTESIAN_POINT ( 'NONE',  ( 4.000000000000000000, 3.667230379735504808, 2.937171579486269835 ) ) ;
#2749 = PERSON_AND_ORGANIZATION ( #561, #3796 ) ;
#2750 = VERTEX_POINT ( 'NONE', #2042 ) ;
#2751 = ORIENTED_EDGE ( 'NONE', *, *, #1139, .F. ) ;
#2752 = DIRECTION ( 'NONE',  ( 0.9999190433010952672, 0.000000000000000000, 0.01272426201484069819 ) ) ;
#2753 = AXIS2_PLACEMENT_3D ( 'NONE', #909, #2570, #3597 ) ;
#2754 = CIRCLE ( 'NONE', #75, 7.758395318950915609 ) ;
#2755 = EDGE_LOOP ( 'NONE', ( #1696, #586, #3434, #412 ) ) ;
#2756 = ORIENTED_EDGE ( 'NONE', *, *, #2434, .F. ) ;
#2757 = CARTESIAN_POINT ( 'NONE',  ( 0.000000000000000000, -1.660179660520931355, -4.395379282859384951 ) ) ;
#2758 = ORIENTED_EDGE ( 'NONE', *, *, #4330, .T. ) ;
#2759 = FACE_OUTER_BOUND ( 'NONE', #869, .T. ) ;
#2760 = EDGE_CURVE ( 'NONE', #737, #1007, #669, .T. ) ;
#2761 = ORIENTED_EDGE ( 'NONE', *, *, #161, .F. ) ;
#2762 = VERTEX_POINT ( 'NONE', #692 ) ;
#2763 = DIRECTION ( 'NONE',  ( 1.000000000000000000, -0.000000000000000000, 0.000000000000000000 ) ) ;
#2764 = EDGE_CURVE ( 'NONE', #4126, #3201, #372, .T. ) ;
#2765 = EDGE_CURVE ( 'NONE', #3028, #3820, #1660, .T. ) ;
#2766 = DIRECTION ( 'NONE',  ( -0.6448033618068583772, 0.000000000000000000, -0.7643484968275749969 ) ) ;
#2767 = FACE_OUTER_BOUND ( 'NONE', #4143, .T. ) ;
#2768 = CARTESIAN_POINT ( 'NONE',  ( 4.000000000000000000, 3.429832919317859385, 4.923032210494209693 ) ) ;
#2769 = PERSON_AND_ORGANIZATION ( #561, #3796 ) ;
#2770 = ORIENTED_EDGE ( 'NONE', *, *, #3821, .F. ) ;
#2771 = LINE ( 'NONE', #4123, #1466 ) ;
#2772 = CARTESIAN_POINT ( 'NONE',  ( 2.000000000000000000, 5.741958523657303637, 1.740664330822921935 ) ) ;
#2773 = VERTEX_POINT ( 'NONE', #4081 ) ;
#2774 = VERTEX_POINT ( 'NONE', #2017 ) ;
#2775 = ORIENTED_EDGE ( 'NONE', *, *, #3368, .F. ) ;
#2776 = CYLINDRICAL_SURFACE ( 'NONE', #2239, 7.758387151172476237 ) ;
#2777 = CARTESIAN_POINT ( 'NONE',  ( 0.000000000000000000, 0.09999999999999939493, 0.000000000000000000 ) ) ;
#2778 = EDGE_LOOP ( 'NONE', ( #2525, #831, #1687, #898 ) ) ;
#2779 = EDGE_LOOP ( 'NONE', ( #4309, #3975, #3487, #3866 ) ) ;
#2780 = EDGE_CURVE ( 'NONE', #1826, #655, #3682, .T. ) ;
#2781 = DIRECTION ( 'NONE',  ( -1.000000000000000000, -0.000000000000000000, -0.000000000000000000 ) ) ;
#2782 = CARTESIAN_POINT ( 'NONE',  ( -26.20363461964972984, 0.000000000000000000, -35.34642178099343823 ) ) ;
#2783 = CARTESIAN_POINT ( 'NONE',  ( -11.00005080000000035, 0.000000000000000000, 1.500000000000000222 ) ) ;
#2784 = DIRECTION ( 'NONE',  ( 0.000000000000000000, 0.000000000000000000, -1.000000000000000000 ) ) ;
#2785 = DIRECTION ( 'NONE',  ( -1.000000000000000000, -0.000000000000000000, 0.000000000000000000 ) ) ;
#2786 = EDGE_CURVE ( 'NONE', #3046, #4304, #3364, .T. ) ;
#2787 = COORDINATED_UNIVERSAL_TIME_OFFSET ( 7, 0, .AHEAD. ) ;
#2788 = ORIENTED_EDGE ( 'NONE', *, *, #2198, .F. ) ;
#2789 = LINE ( 'NONE', #4145, #3332 ) ;
#2790 = CIRCLE ( 'NONE', #2649, 46.00000000000000000 ) ;
#2791 = ADVANCED_FACE ( 'NONE', ( #4344 ), #4369, .F. ) ;
#2792 = CYLINDRICAL_SURFACE ( 'NONE', #2663, 2.000000000000000000 ) ;
#2793 = AXIS2_PLACEMENT_3D ( 'NONE', #3621, #380, #1717 ) ;
#2794 = AXIS2_PLACEMENT_3D ( 'NONE', #1911, #3957, #265 ) ;
#2795 = ORIENTED_EDGE ( 'NONE', *, *, #2218, .F. ) ;
#2796 = CARTESIAN_POINT ( 'NONE',  ( 48.73782997361919200, 5.099999999999999645, 15.02078325063638609 ) ) ;
#2797 = VECTOR ( 'NONE', #3800, 1000.000000000000000 ) ;
#2798 = ORIENTED_EDGE ( 'NONE', *, *, #656, .F. ) ;
#2799 = CIRCLE ( 'NONE', #3933, 2.000000000000000000 ) ;
#2800 = DIRECTION ( 'NONE',  ( -1.000000000000000000, -0.000000000000000000, 0.000000000000000000 ) ) ;
#2801 = CARTESIAN_POINT ( 'NONE',  ( -10.00000000000000000, 0.000000000000000000, 0.000000000000000000 ) ) ;
#2802 = ORIENTED_EDGE ( 'NONE', *, *, #1198, .F. ) ;
#2803 = ORIENTED_EDGE ( 'NONE', *, *, #1708, .T. ) ;
#2804 = AXIS2_PLACEMENT_3D ( 'NONE', #2914, #2867, #1129 ) ;
#2805 = CIRCLE ( 'NONE', #3656, 5.999999999999998224 ) ;
#2806 = DIRECTION ( 'NONE',  ( 0.000000000000000000, -0.5877852522924802425, 0.8090169943749422332 ) ) ;
#2807 = CARTESIAN_POINT ( 'NONE',  ( 0.000000000000000000, 0.000000000000000000, 0.000000000000000000 ) ) ;
#2808 = DIRECTION ( 'NONE',  ( 0.000000000000000000, 1.000000000000000000, 0.000000000000000000 ) ) ;
#2809 = DIRECTION ( 'NONE',  ( 0.000000000000000000, 0.000000000000000000, 1.000000000000000000 ) ) ;
#2810 = CARTESIAN_POINT ( 'NONE',  ( 0.000000000000000000, 3.926652679773700250, 2.580107415946648608 ) ) ;
#2811 = LOCAL_TIME ( 2, 31, 6.000000000000000000, #1245 ) ;
#2812 = EDGE_CURVE ( 'NONE', #1277, #2253, #3091, .T. ) ;
#2813 = LINE ( 'NONE', #3125, #353 ) ;
#2814 = VERTEX_POINT ( 'NONE', #1054 ) ;
#2815 = DIRECTION ( 'NONE',  ( -1.000000000000000000, -0.000000000000000000, -0.000000000000000000 ) ) ;
#2816 = DIRECTION ( 'NONE',  ( 0.000000000000000000, 0.000000000000000000, 1.000000000000000000 ) ) ;
#2817 = EDGE_CURVE ( 'NONE', #484, #4373, #3047, .T. ) ;
#2818 = ORIENTED_EDGE ( 'NONE', *, *, #1384, .F. ) ;
#2819 = VERTEX_POINT ( 'NONE', #3667 ) ;
#2820 = CARTESIAN_POINT ( 'NONE',  ( 35.01885136591087644, 5.099999999999999645, -19.98819138023783282 ) ) ;
#2821 = ORIENTED_EDGE ( 'NONE', *, *, #1625, .F. ) ;
#2822 = CARTESIAN_POINT ( 'NONE',  ( 0.000000000000000000, 3.429832919317858497, 4.923032210494209693 ) ) ;
#2823 = ORIENTED_EDGE ( 'NONE', *, *, #4203, .F. ) ;
#2824 = ORIENTED_EDGE ( 'NONE', *, *, #4038, .T. ) ;
#2825 = CARTESIAN_POINT ( 'NONE',  ( 0.000000000000000000, -0.1188926102944495300, -5.998821929947357745 ) ) ;
#2826 = VECTOR ( 'NONE', #280, 1000.000000000000000 ) ;
#2827 = DIRECTION ( 'NONE',  ( 0.7476930249170737897, 0.000000000000000000, 0.6640445320084761294 ) ) ;
#2828 = FACE_BOUND ( 'NONE', #1492, .T. ) ;
#2829 = CYLINDRICAL_SURFACE ( 'NONE', #3372, 51.00000000000000000 ) ;
#2830 = CARTESIAN_POINT ( 'NONE',  ( -9.575117867785323256, 5.099999999999999645, 42.94551336074605530 ) ) ;
#2831 = VERTEX_POINT ( 'NONE', #1383 ) ;
#2832 = DIRECTION ( 'NONE',  ( 0.000000000000000000, 0.000000000000000000, 1.000000000000000000 ) ) ;
#2833 = CARTESIAN_POINT ( 'NONE',  ( 43.87446661208112175, 5.099999999999999645, 3.321321951479422996 ) ) ;
#2834 = EDGE_CURVE ( 'NONE', #4373, #1520, #2173, .T. ) ;
#2835 = CARTESIAN_POINT ( 'NONE',  ( -49.88720485481936606, 0.000000000000000000, 10.59560247335098992 ) ) ;
#2836 = ORIENTED_EDGE ( 'NONE', *, *, #813, .T. ) ;
#2837 = EDGE_CURVE ( 'NONE', #1768, #3514, #1336, .T. ) ;
#2838 = PERSON_AND_ORGANIZATION ( #1410, #1896 ) ;
#2839 = CARTESIAN_POINT ( 'NONE',  ( 33.86627113243231690, 0.000000000000000000, -38.13234427077072297 ) ) ;
#2840 = VERTEX_POINT ( 'NONE', #2373 ) ;
#2841 = FACE_OUTER_BOUND ( 'NONE', #1627, .T. ) ;
#2842 = EDGE_LOOP ( 'NONE', ( #1673, #1395, #2242, #4023, #1892 ) ) ;
#2843 = PRODUCT ( 'driven_loading', 'driven_loading', '', ( #2724 ) ) ;
#2844 = EDGE_CURVE ( 'NONE', #1285, #3688, #3390, .T. ) ;
#2845 = DIRECTION ( 'NONE',  ( 0.000000000000000000, 0.000000000000000000, 1.000000000000000000 ) ) ;
#2846 = CARTESIAN_POINT ( 'NONE',  ( 4.000000000000000000, 0.000000000000000000, 0.000000000000000000 ) ) ;
#2847 = DIRECTION ( 'NONE',  ( 0.000000000000000000, 0.000000000000000000, -1.000000000000000000 ) ) ;
#2848 = CARTESIAN_POINT ( 'NONE',  ( 22.44123636269610245, 0.000000000000000000, 38.63396797768921687 ) ) ;
#2849 = DATE_TIME_ROLE ( 'classification_date' ) ;
#2850 = ORIENTED_EDGE ( 'NONE', *, *, #2626, .T. ) ;
#2851 = DIRECTION ( 'NONE',  ( -1.000000000000000000, 0.000000000000000000, 0.000000000000000000 ) ) ;
#2852 = DIRECTION ( 'NONE',  ( 1.000000000000000000, 0.000000000000000000, -0.000000000000000000 ) ) ;
#2853 = ORIENTED_EDGE ( 'NONE', *, *, #1675, .T. ) ;
#2854 = EDGE_CURVE ( 'NONE', #1652, #3216, #1305, .T. ) ;
#2855 = CARTESIAN_POINT ( 'NONE',  ( -18.58580418525675171, 0.09999999999999939493, -42.07811643583031014 ) ) ;
#2856 = EDGE_LOOP ( 'NONE', ( #903, #1545, #184, #967, #2511 ) ) ;
#2857 = APPROVAL_STATUS ( 'not_yet_approved' ) ;
#2858 = CARTESIAN_POINT ( 'NONE',  ( 6.798961402102127849, 0.000000000000000000, -43.47153233844795039 ) ) ;
#2859 = ORIENTED_EDGE ( 'NONE', *, *, #2780, .F. ) ;
#2860 = VECTOR ( 'NONE', #3176, 1000.000000000000114 ) ;
#2861 = ORIENTED_EDGE ( 'NONE', *, *, #2136, .F. ) ;
#2862 = EDGE_CURVE ( 'NONE', #1938, #1535, #3580, .T. ) ;
#2863 = DIRECTION ( 'NONE',  ( 0.000000000000000000, 0.5877852522924742473, -0.8090169943749466741 ) ) ;
#2864 = AXIS2_PLACEMENT_3D ( 'NONE', #3985, #3330, #252 ) ;
#2865 = CARTESIAN_POINT ( 'NONE',  ( -25.81100948715627652, 0.000000000000000000, 36.46895063532077330 ) ) ;
#2866 = VECTOR ( 'NONE', #1142, 1000.000000000000000 ) ;
#2867 = DIRECTION ( 'NONE',  ( -1.000000000000000000, -0.000000000000000000, 0.000000000000000000 ) ) ;
#2868 = CARTESIAN_POINT ( 'NONE',  ( -18.58580418525673039, 5.099999999999999645, -42.07811643583031724 ) ) ;
#2869 = DIRECTION ( 'NONE',  ( 0.000000000000000000, 0.000000000000000000, 1.000000000000000000 ) ) ;
#2870 = EDGE_CURVE ( 'NONE', #2774, #1083, #2732, .T. ) ;
#2871 = AXIS2_PLACEMENT_3D ( 'NONE', #1372, #3056, #1046 ) ;
#2872 = AXIS2_PLACEMENT_3D ( 'NONE', #2435, #3447, #140 ) ;
#2873 = AXIS2_PLACEMENT_3D ( 'NONE', #2295, #3672, #877 ) ;
#2874 = DIRECTION ( 'NONE',  ( -0.000000000000000000, -1.000000000000000000, -0.000000000000000000 ) ) ;
#2875 = CC_DESIGN_PERSON_AND_ORGANIZATION_ASSIGNMENT ( #2769, #1355, ( #2635 ) ) ;
#2876 = ORIENTED_EDGE ( 'NONE', *, *, #3066, .T. ) ;
#2877 = DIRECTION ( 'NONE',  ( -0.07548458980635044946, 0.000000000000000000, 0.9971469684563891711 ) ) ;
#2878 = PRODUCT_DEFINITION_FORMATION_WITH_SPECIFIED_SOURCE ( 'ANY', '', #2843, .NOT_KNOWN. ) ;
#2879 = LINE ( 'NONE', #4240, #1766 ) ;
#2880 = ORIENTED_EDGE ( 'NONE', *, *, #263, .F. ) ;
#2881 = ORIENTED_EDGE ( 'NONE', *, *, #421, .T. ) ;
#2882 = DIRECTION ( 'NONE',  ( 1.000000000000000000, 0.000000000000000000, -0.000000000000000000 ) ) ;
#2883 = AXIS2_PLACEMENT_3D ( 'NONE', #874, #245, #2160 ) ;
#2884 = ORIENTED_EDGE ( 'NONE', *, *, #469, .T. ) ;
#2885 = PERSON_AND_ORGANIZATION_ROLE ( 'classification_officer' ) ;
#2886 = LINE ( 'NONE', #243, #2584 ) ;
#2887 = ORIENTED_EDGE ( 'NONE', *, *, #1090, .F. ) ;
#2888 = DIRECTION ( 'NONE',  ( -0.1293309779841641804, 0.000000000000000000, -0.9916014815104198243 ) ) ;
#2889 = CARTESIAN_POINT ( 'NONE',  ( -11.00005080000000035, 1.836970198721030181E-16, -1.500000000000000222 ) ) ;
#2890 = VERTEX_POINT ( 'NONE', #1996 ) ;
#2891 = AXIS2_PLACEMENT_3D ( 'NONE', #2020, #1692, #4308 ) ;
#2892 = CARTESIAN_POINT ( 'NONE',  ( -10.68079831663648882, 0.000000000000000000, -43.38332911666017111 ) ) ;
#2894 = EDGE_CURVE ( 'NONE', #86, #3496, #1002, .T. ) ;
#2893 = FACE_OUTER_BOUND ( 'NONE', #1715, .T. ) ;
#2895 = LINE ( 'NONE', #4250, #1808 ) ;
#2896 = CARTESIAN_POINT ( 'NONE',  ( 21.25707357954601662, 0.000000000000000000, -38.52449639948284243 ) ) ;
#2897 = TOROIDAL_SURFACE ( 'NONE', #2549, 46.00000000000000000, 5.000000000000000000 ) ;
#2898 = CIRCLE ( 'NONE', #3473, 5.000000000000003553 ) ;
#2899 = PERSON_AND_ORGANIZATION ( #561, #3796 ) ;
#2900 = EDGE_CURVE ( 'NONE', #1520, #278, #1870, .T. ) ;
#2901 = ADVANCED_FACE ( 'NONE', ( #3152 ), #2415, .T. ) ;
#2902 = ORIENTED_EDGE ( 'NONE', *, *, #3923, .T. ) ;
#2903 = CYLINDRICAL_SURFACE ( 'NONE', #1794, 7.758387151172476237 ) ;
#2904 = CARTESIAN_POINT ( 'NONE',  ( 43.87446661208112175, 0.000000000000000000, 3.321321951479422996 ) ) ;
#2905 = ADVANCED_FACE ( 'NONE', ( #1749 ), #1095, .F. ) ;
#2906 = ORIENTED_EDGE ( 'NONE', *, *, #2031, .T. ) ;
#2907 = DIRECTION ( 'NONE',  ( 0.000000000000000000, 1.000000000000000000, -0.000000000000000000 ) ) ;
#2908 = ORIENTED_EDGE ( 'NONE', *, *, #4138, .F. ) ;
#2909 = FACE_OUTER_BOUND ( 'NONE', #2779, .T. ) ;
#2910 = VERTEX_POINT ( 'NONE', #2110 ) ;
#2911 = CARTESIAN_POINT ( 'NONE',  ( 22.44123636269610245, 5.099999999999999645, 38.63396797768921687 ) ) ;
#2912 = DIRECTION ( 'NONE',  ( -1.000000000000000000, -0.000000000000000000, -0.000000000000000000 ) ) ;
#2913 = EDGE_LOOP ( 'NONE', ( #1659, #3803, #3345, #3358 ) ) ;
#2914 = CARTESIAN_POINT ( 'NONE',  ( 4.000000000000000000, 0.000000000000000000, 0.000000000000000000 ) ) ;
#2915 = CARTESIAN_POINT ( 'NONE',  ( 4.000000000000000000, 0.000000000000000000, 0.000000000000000000 ) ) ;
#2916 = VERTEX_POINT ( 'NONE', #2833 ) ;
#2917 = ADVANCED_FACE ( 'NONE', ( #1409 ), #2484, .F. ) ;
#2918 = MECHANICAL_CONTEXT ( 'NONE', #957, 'mechanical' ) ;
#2919 = CARTESIAN_POINT ( 'NONE',  ( -32.43616245113830843, 5.099999999999999645, -30.72601400492420964 ) ) ;
#2920 = ORIENTED_EDGE ( 'NONE', *, *, #1491, .F. ) ;
#2921 = CARTESIAN_POINT ( 'NONE',  ( 15.84674141155477045, 5.099999999999999645, 43.18426549838858364 ) ) ;
#2922 = EDGE_CURVE ( 'NONE', #3109, #278, #3835, .T. ) ;
#2923 = CARTESIAN_POINT ( 'NONE',  ( 0.000000000000000000, 0.000000000000000000, 1.500000000000000222 ) ) ;
#2924 = PERSON_AND_ORGANIZATION_ROLE ( 'design_supplier' ) ;
#2925 = ORIENTED_EDGE ( 'NONE', *, *, #513, .F. ) ;
#2926 = ORIENTED_EDGE ( 'NONE', *, *, #1167, .F. ) ;
#2927 = ORIENTED_EDGE ( 'NONE', *, *, #1836, .F. ) ;
#2928 = EDGE_CURVE ( 'NONE', #1163, #86, #4220, .T. ) ;
#2929 = DIRECTION ( 'NONE',  ( -0.6036125249413142324, 0.000000000000000000, 0.7972778184133629820 ) ) ;
#2930 = APPROVAL_DATE_TIME ( #1566, #1876 ) ;
#2931 = UNCERTAINTY_MEASURE_WITH_UNIT (LENGTH_MEASURE( 1.000000000000000082E-05 ), #156, 'distance_accuracy_value', 'NONE');
#2932 = AXIS2_PLACEMENT_3D ( 'NONE', #2284, #1282, #864 ) ;
#2933 = CARTESIAN_POINT ( 'NONE',  ( -19.65052511415523284, 5.099999999999999645, 41.59154797236999457 ) ) ;
#2934 = DIRECTION ( 'NONE',  ( -0.2176163151769394954, -0.000000000000000000, 0.9760343945624102568 ) ) ;
#2935 = VERTEX_POINT ( 'NONE', #2089 ) ;
#2936 = CIRCLE ( 'NONE', #2506, 7.758395318950915609 ) ;
#2937 = DIRECTION ( 'NONE',  ( 0.000000000000000000, 0.000000000000000000, -1.000000000000000000 ) ) ;
#2938 = CIRCLE ( 'NONE', #1175, 51.00000000000000000 ) ;
#2939 = CARTESIAN_POINT ( 'NONE',  ( 4.000000000000000000, 0.000000000000000000, 0.000000000000000000 ) ) ;
#2940 = LINE ( 'NONE', #4290, #1172 ) ;
#2941 = ORIENTED_EDGE ( 'NONE', *, *, #920, .F. ) ;
#2942 = AXIS2_PLACEMENT_3D ( 'NONE', #2385, #703, #2054 ) ;
#2943 = CIRCLE ( 'NONE', #1038, 3.749000000000001442 ) ;
#2944 = PERSON_AND_ORGANIZATION ( #561, #3796 ) ;
#2945 = CARTESIAN_POINT ( 'NONE',  ( -42.55318334102971534, 0.000000000000000000, -28.11096916765241360 ) ) ;
#2946 = CARTESIAN_POINT ( 'NONE',  ( 0.000000000000000000, 0.000000000000000000, 0.000000000000000000 ) ) ;
#2947 = TOROIDAL_SURFACE ( 'NONE', #1042, 46.00000000000000000, 5.000000000000000000 ) ;
#2948 = EDGE_LOOP ( 'NONE', ( #2423, #3559, #1143, #3709, #3196 ) ) ;
#2949 = CARTESIAN_POINT ( 'NONE',  ( 0.000000000000000000, 3.667230379735545664, -2.937171579486217432 ) ) ;
#2950 = LOCAL_TIME ( 2, 31, 6.000000000000000000, #1332 ) ;
#2951 = DIRECTION ( 'NONE',  ( -0.000000000000000000, 1.000000000000000000, -0.000000000000000000 ) ) ;
#2952 = ADVANCED_FACE ( 'NONE', ( #2133 ), #3129, .T. ) ;
#2953 = CARTESIAN_POINT ( 'NONE',  ( 4.000000000000000000, 3.926652679773700250, -2.580107415946648608 ) ) ;
#2954 = APPROVAL_ROLE ( '' ) ;
#2955 = CC_DESIGN_APPROVAL ( #528, ( #131 ) ) ;
#2956 = CARTESIAN_POINT ( 'NONE',  ( 15.00005080000000035, 1.836970198721030181E-16, -1.500000000000000222 ) ) ;
#2957 = ORIENTED_EDGE ( 'NONE', *, *, #1221, .F. ) ;
#2958 = EDGE_CURVE ( 'NONE', #3139, #1942, #1884, .T. ) ;
#2959 = CARTESIAN_POINT ( 'NONE',  ( -11.09843207402390064, 0.000000000000000000, 49.77775412268292854 ) ) ;
#2960 = DIRECTION ( 'NONE',  ( 0.000000000000000000, 0.000000000000000000, 1.000000000000000000 ) ) ;
#2961 = ORIENTED_EDGE ( 'NONE', *, *, #3480, .T. ) ;
#2962 = CARTESIAN_POINT ( 'NONE',  ( 0.000000000000000000, 0.09999999999999939493, 0.000000000000000000 ) ) ;
#2963 = ORIENTED_EDGE ( 'NONE', *, *, #2258, .F. ) ;
#2964 = CARTESIAN_POINT ( 'NONE',  ( 24.63888073992833938, 0.09999999999999939493, -44.65339355394601739 ) ) ;
#2965 = ORIENTED_EDGE ( 'NONE', *, *, #422, .F. ) ;
#2966 = AXIS2_PLACEMENT_3D ( 'NONE', #1508, #4212, #3485 ) ;
#2967 = CALENDAR_DATE ( 2025, 5, 10 ) ;
#2968 = DIRECTION ( 'NONE',  ( 0.000000000000000000, 0.000000000000000000, 1.000000000000000000 ) ) ;
#2969 = DIRECTION ( 'NONE',  ( 0.000000000000000000, 0.000000000000000000, -1.000000000000000000 ) ) ;
#2970 = VERTEX_POINT ( 'NONE', #3768 ) ;
#2971 = CARTESIAN_POINT ( 'NONE',  ( 5.682895313564866768, 5.099999999999999645, 43.57167555703160389 ) ) ;
#2972 = VECTOR ( 'NONE', #3578, 1000.000000000000000 ) ;
#2973 = CARTESIAN_POINT ( 'NONE',  ( -9.575117867785323256, 0.000000000000000000, 42.94551336074605530 ) ) ;
#2974 = FACE_OUTER_BOUND ( 'NONE', #1357, .T. ) ;
#2975 = CARTESIAN_POINT ( 'NONE',  ( 0.000000000000000000, 3.701838652623397063, 0.5927829197466784050 ) ) ;
#2976 = ORIENTED_EDGE ( 'NONE', *, *, #2166, .T. ) ;
#2977 = EDGE_CURVE ( 'NONE', #2394, #3605, #3863, .T. ) ;
#2978 = DIRECTION ( 'NONE',  ( -0.000000000000000000, -1.000000000000000000, -0.000000000000000000 ) ) ;
#2979 = ORIENTED_EDGE ( 'NONE', *, *, #308, .F. ) ;
#2980 = EDGE_CURVE ( 'NONE', #3674, #1029, #1960, .T. ) ;
#2981 = FACE_OUTER_BOUND ( 'NONE', #807, .T. ) ;
#2982 = DIRECTION ( 'NONE',  ( -1.000000000000000000, 0.000000000000000000, 0.000000000000000000 ) ) ;
#2983 = ORIENTED_EDGE ( 'NONE', *, *, #1299, .F. ) ;
#2984 = EDGE_CURVE ( 'NONE', #647, #2131, #54, .T. ) ;
#2985 = APPLICATION_PROTOCOL_DEFINITION ( 'international standard', 'config_control_design', 1994, #957 ) ;
#2986 = CARTESIAN_POINT ( 'NONE',  ( 4.000000000000000000, 2.646421322368412099, 2.655457622428539555 ) ) ;
#2987 = DIRECTION ( 'NONE',  ( 0.000000000000000000, 0.000000000000000000, 1.000000000000000000 ) ) ;
#2988 = CARTESIAN_POINT ( 'NONE',  ( -32.43616245113830843, 0.000000000000000000, -22.96762685375414392 ) ) ;
#2989 = AXIS2_PLACEMENT_3D ( 'NONE', #150, #3824, #2213 ) ;
#2990 = CARTESIAN_POINT ( 'NONE',  ( 38.70784817448287640, 0.000000000000000000, -20.92134053308206276 ) ) ;
#2991 = PERSON_AND_ORGANIZATION ( #561, #3796 ) ;
#2992 = CARTESIAN_POINT ( 'NONE',  ( -3.073379630000719231, 0.09999999999999939493, -45.89721492258432534 ) ) ;
#2993 = ORIENTED_EDGE ( 'NONE', *, *, #2705, .T. ) ;
#2994 = CARTESIAN_POINT ( 'NONE',  ( -10.68079831663648882, 0.000000000000000000, -35.62493379770926083 ) ) ;
#2995 = AXIS2_PLACEMENT_3D ( 'NONE', #1658, #3247, #1860 ) ;
#2996 = CARTESIAN_POINT ( 'NONE',  ( 4.000000000000000000, -4.693277837368730943, -0.2206777892320714862 ) ) ;
#2997 = CC_DESIGN_PERSON_AND_ORGANIZATION_ASSIGNMENT ( #2991, #2682, ( #3190 ) ) ;
#2998 = ORIENTED_EDGE ( 'NONE', *, *, #733, .T. ) ;
#2999 = DIRECTION ( 'NONE',  ( 0.000000000000000000, 0.000000000000000000, 1.000000000000000000 ) ) ;
#3000 = VERTEX_POINT ( 'NONE', #3511 ) ;
#3001 = DIRECTION ( 'NONE',  ( -0.000000000000000000, -1.000000000000000000, -0.000000000000000000 ) ) ;
#3002 = EDGE_CURVE ( 'NONE', #254, #1277, #1429, .T. ) ;
#3003 = DIRECTION ( 'NONE',  ( -1.000000000000000000, 0.000000000000000000, 0.000000000000000000 ) ) ;
#3004 = ORIENTED_EDGE ( 'NONE', *, *, #2468, .T. ) ;
#3005 = AXIS2_PLACEMENT_3D ( 'NONE', #2261, #3673, #3939 ) ;
#3006 = AXIS2_PLACEMENT_3D ( 'NONE', #985, #3728, #3749 ) ;
#3007 = DIRECTION ( 'NONE',  ( 0.000000000000000000, 0.000000000000000000, 1.000000000000000000 ) ) ;
#3008 = EDGE_CURVE ( 'NONE', #1983, #1098, #2771, .T. ) ;
#3009 = APPROVAL_DATE_TIME ( #3265, #904 ) ;
#3010 = PLANE ( 'NONE',  #1343 ) ;
#3011 = AXIS2_PLACEMENT_3D ( 'NONE', #665, #2658, #4015 ) ;
#3012 = CARTESIAN_POINT ( 'NONE',  ( 0.000000000000000000, -3.926652679773682042, -2.580107415946675697 ) ) ;
#3013 = DIRECTION ( 'NONE',  ( -1.000000000000000000, 0.000000000000000000, -0.000000000000000000 ) ) ;
#3014 = ORIENTED_EDGE ( 'NONE', *, *, #2980, .T. ) ;
#3015 = AXIS2_PLACEMENT_3D ( 'NONE', #670, #1665, #1077 ) ;
#3016 = CC_DESIGN_PERSON_AND_ORGANIZATION_ASSIGNMENT ( #4254, #4236, ( #3663 ) ) ;
#3017 = DIRECTION ( 'NONE',  ( 0.000000000000000000, 1.000000000000000000, 0.000000000000000000 ) ) ;
#3018 = DATE_AND_TIME ( #4323, #4292 ) ;
#3019 = ORIENTED_EDGE ( 'NONE', *, *, #1274, .T. ) ;
#3020 = ORIENTED_EDGE ( 'NONE', *, *, #137, .F. ) ;
#3021 = VECTOR ( 'NONE', #3847, 1000.000000000000000 ) ;
#3022 = AXIS2_PLACEMENT_3D ( 'NONE', #4030, #980, #2289 ) ;
#3023 = CARTESIAN_POINT ( 'NONE',  ( 4.000000000000000000, -3.926652679773682042, -2.580107415946675697 ) ) ;
#3024 =( GEOMETRIC_REPRESENTATION_CONTEXT ( 3 ) GLOBAL_UNCERTAINTY_ASSIGNED_CONTEXT ( ( #2931 ) ) GLOBAL_UNIT_ASSIGNED_CONTEXT ( ( #156, #3549, #1527 ) ) REPRESENTATION_CONTEXT ( 'NONE', 'WORKASPACE' ) );
#3025 = CARTESIAN_POINT ( 'NONE',  ( 2.000000000000000000, 5.741958523657303637, -1.740664330822921935 ) ) ;
#3026 = CARTESIAN_POINT ( 'NONE',  ( 4.000000000000000000, 3.926652679773700250, -0.5801074159466484970 ) ) ;
#3027 = APPROVAL_PERSON_ORGANIZATION ( #3550, #213, #1785 ) ;
#3028 = VERTEX_POINT ( 'NONE', #1154 ) ;
#3029 = EDGE_CURVE ( 'NONE', #3891, #484, #475, .T. ) ;
#3030 = CIRCLE ( 'NONE', #3602, 7.758387151170068385 ) ;
#3031 = LINE ( 'NONE', #3, #51 ) ;
#3032 = LINE ( 'NONE', #359, #3507 ) ;
#3033 = LINE ( 'NONE', #3441, #3697 ) ;
#3034 = LINE ( 'NONE', #319, #552 ) ;
#3035 = CARTESIAN_POINT ( 'NONE',  ( 0.000000000000000000, 0.000000000000000000, 0.000000000000000000 ) ) ;
#3036 = CARTESIAN_POINT ( 'NONE',  ( -43.99643790524811493, 5.099999999999999645, -0.5598675286528119743 ) ) ;
#3037 = DIRECTION ( 'NONE',  ( 0.000000000000000000, 0.000000000000000000, -1.000000000000000000 ) ) ;
#3038 = CARTESIAN_POINT ( 'NONE',  ( -47.69849421522129518, 0.000000000000000000, -18.05141683083334669 ) ) ;
#3039 = ADVANCED_FACE ( 'NONE', ( #3857 ), #2792, .T. ) ;
#3040 = EDGE_CURVE ( 'NONE', #3726, #1098, #757, .T. ) ;
#3041 = ORIENTED_EDGE ( 'NONE', *, *, #3166, .F. ) ;
#3042 = AXIS2_PLACEMENT_3D ( 'NONE', #2642, #3979, #937 ) ;
#3043 = PLANE ( 'NONE',  #3022 ) ;
#3044 = APPROVAL_STATUS ( 'not_yet_approved' ) ;
#3045 = DIRECTION ( 'NONE',  ( 0.000000000000000000, 0.000000000000000000, 1.000000000000000000 ) ) ;
#3046 = VERTEX_POINT ( 'NONE', #1886 ) ;
#3047 = LINE ( 'NONE', #3993, #2235 ) ;
#3048 = CARTESIAN_POINT ( 'NONE',  ( 4.000000000000000000, 5.668478849484099413, 1.966811514342793332 ) ) ;
#3049 = VERTEX_POINT ( 'NONE', #3246 ) ;
#3050 = LINE ( 'NONE', #4348, #1482 ) ;
#3051 = ORIENTED_EDGE ( 'NONE', *, *, #3350, .T. ) ;
#3052 = VERTEX_POINT ( 'NONE', #2573 ) ;
#3053 = ORIENTED_EDGE ( 'NONE', *, *, #1274, .F. ) ;
#3054 = LINE ( 'NONE', #3737, #331 ) ;
#3055 = DIRECTION ( 'NONE',  ( 0.000000000000000000, 1.000000000000000000, -0.000000000000000000 ) ) ;
#3056 = DIRECTION ( 'NONE',  ( -1.000000000000000000, 0.000000000000000000, 0.000000000000000000 ) ) ;
#3057 = EDGE_CURVE ( 'NONE', #4144, #2414, #3925, .T. ) ;
#3058 = CARTESIAN_POINT ( 'NONE',  ( 35.01885136591087644, 0.000000000000000000, -27.74657853141030373 ) ) ;
#3059 = CARTESIAN_POINT ( 'NONE',  ( 0.000000000000000000, -0.1188926102945336571, 5.998821929947356857 ) ) ;
#3060 = ORIENTED_EDGE ( 'NONE', *, *, #225, .F. ) ;
#3061 = PERSON_AND_ORGANIZATION_ROLE ( 'classification_officer' ) ;
#3062 = EDGE_CURVE ( 'NONE', #2831, #3049, #4002, .T. ) ;
#3063 = ORIENTED_EDGE ( 'NONE', *, *, #998, .T. ) ;
#3064 = ORIENTED_EDGE ( 'NONE', *, *, #1140, .F. ) ;
#3065 = CARTESIAN_POINT ( 'NONE',  ( 0.000000000000000000, 3.926652679773700250, -2.580107415946648608 ) ) ;
#3066 = EDGE_CURVE ( 'NONE', #585, #2910, #1112, .T. ) ;
#3067 = ORIENTED_EDGE ( 'NONE', *, *, #2091, .T. ) ;
#3068 = DIRECTION ( 'NONE',  ( 0.000000000000000000, 0.000000000000000000, 1.000000000000000000 ) ) ;
#3069 = ORIENTED_EDGE ( 'NONE', *, *, #1722, .T. ) ;
#3070 = APPROVAL_STATUS ( 'not_yet_approved' ) ;
#3071 = DIRECTION ( 'NONE',  ( 0.000000000000000000, 0.000000000000000000, -1.000000000000000000 ) ) ;
#3072 = AXIS2_PLACEMENT_3D ( 'NONE', #519, #1207, #4051 ) ;
#3073 = ORIENTED_EDGE ( 'NONE', *, *, #161, .T. ) ;
#3074 = ORIENTED_EDGE ( 'NONE', *, *, #2487, .T. ) ;
#3075 = DIRECTION ( 'NONE',  ( 0.000000000000000000, 0.000000000000000000, 1.000000000000000000 ) ) ;
#3076 = AXIS2_PLACEMENT_3D ( 'NONE', #2323, #249, #3611 ) ;
#3077 = DIRECTION ( 'NONE',  ( -1.000000000000000000, -0.000000000000000000, -0.000000000000000000 ) ) ;
#3078 = DIRECTION ( 'NONE',  ( 0.000000000000000000, 0.000000000000000000, 1.000000000000000000 ) ) ;
#3079 = CARTESIAN_POINT ( 'NONE',  ( 4.000000000000000000, 1.240425561619489470, 4.531765657166956451 ) ) ;
#3080 = CARTESIAN_POINT ( 'NONE',  ( -11.09843207402390064, 0.09999999999999939493, 49.77775412268292854 ) ) ;
#3081 = DIRECTION ( 'NONE',  ( -0.000000000000000000, 1.000000000000000000, -0.000000000000000000 ) ) ;
#3082 = VECTOR ( 'NONE', #620, 1000.000000000000114 ) ;
#3083 =( REPRESENTATION_RELATIONSHIP ('NONE','NONE', #3620, #618 ) REPRESENTATION_RELATIONSHIP_WITH_TRANSFORMATION ( #1497 )SHAPE_REPRESENTATION_RELATIONSHIP( ) );
#3084 = PERSON_AND_ORGANIZATION_ROLE ( 'creator' ) ;
#3085 = ORIENTED_EDGE ( 'NONE', *, *, #1735, .F. ) ;
#3086 = ORIENTED_EDGE ( 'NONE', *, *, #371, .F. ) ;
#3087 = AXIS2_PLACEMENT_3D ( 'NONE', #652, #1982, #4059 ) ;
#3088 = DIRECTION ( 'NONE',  ( -0.000000000000000000, -1.000000000000000000, -0.000000000000000000 ) ) ;
#3089 = EDGE_CURVE ( 'NONE', #345, #4188, #545, .T. ) ;
#3090 = VECTOR ( 'NONE', #3987, 1000.000000000000114 ) ;
#3091 = CIRCLE ( 'NONE', #4139, 2.000000000000000000 ) ;
#3092 = EDGE_LOOP ( 'NONE', ( #1648, #302, #3168, #57 ) ) ;
#3093 = ADVANCED_FACE ( 'NONE', ( #2974 ), #3043, .F. ) ;
#3094 = EDGE_CURVE ( 'NONE', #3052, #3363, #3293, .T. ) ;
#3095 = CIRCLE ( 'NONE', #3870, 5.999999999999999112 ) ;
#3096 = CARTESIAN_POINT ( 'NONE',  ( 44.46010528374623760, 0.000000000000000000, -4.414930276423212341 ) ) ;
#3097 = ORIENTED_EDGE ( 'NONE', *, *, #2053, .T. ) ;
#3098 = EDGE_LOOP ( 'NONE', ( #2340, #2021, #3212, #2537 ) ) ;
#3099 = APPROVAL_PERSON_ORGANIZATION ( #2290, #1026, #3318 ) ;
#3100 = DIRECTION ( 'NONE',  ( 1.000000000000000000, 0.000000000000000000, 0.000000000000000000 ) ) ;
#3101 = LINE ( 'NONE', #1108, #1010 ) ;
#3102 = DIRECTION ( 'NONE',  ( 1.000000000000000000, 0.000000000000000000, 0.000000000000000000 ) ) ;
#3103 = CARTESIAN_POINT ( 'NONE',  ( 4.000000000000000000, -4.693277837368735383, 0.2206777892320033740 ) ) ;
#3104 = CALENDAR_DATE ( 2025, 5, 10 ) ;
#3105 = VERTEX_POINT ( 'NONE', #603 ) ;
#3106 = DIRECTION ( 'NONE',  ( 0.000000000000000000, 0.000000000000000000, -1.000000000000000000 ) ) ;
#3107 = CIRCLE ( 'NONE', #1202, 2.000000000000000000 ) ;
#3108 = ORIENTED_EDGE ( 'NONE', *, *, #3121, .F. ) ;
#3109 = VERTEX_POINT ( 'NONE', #13 ) ;
#3110 = ADVANCED_FACE ( 'NONE', ( #1620 ), #932, .T. ) ;
#3111 = CIRCLE ( 'NONE', #144, 3.749000000000000554 ) ;
#3112 = ORIENTED_EDGE ( 'NONE', *, *, #3029, .T. ) ;
#3113 = LINE ( 'NONE', #64, #474 ) ;
#3114 = DIRECTION ( 'NONE',  ( 0.9971469684563891711, -0.000000000000000000, 0.07548458980635046334 ) ) ;
#3115 = ADVANCED_FACE ( 'NONE', ( #1954 ), #954, .F. ) ;
#3116 = CARTESIAN_POINT ( 'NONE',  ( 0.000000000000000000, 1.240425561619552086, -4.531765657166937800 ) ) ;
#3117 = ORIENTED_EDGE ( 'NONE', *, *, #2299, .F. ) ;
#3118 = VERTEX_POINT ( 'NONE', #282 ) ;
#3119 = CARTESIAN_POINT ( 'NONE',  ( 38.70784817448287640, 0.000000000000000000, -20.92134053308206276 ) ) ;
#3120 = FACE_OUTER_BOUND ( 'NONE', #35, .T. ) ;
#3121 = EDGE_CURVE ( 'NONE', #1339, #356, #2938, .T. ) ;
#3122 = DIRECTION ( 'NONE',  ( 0.000000000000000000, 1.000000000000000000, 0.000000000000000000 ) ) ;
#3123 = CARTESIAN_POINT ( 'NONE',  ( 4.000000000000000000, -1.707701112668200238, -3.337477776673845486 ) ) ;
#3124 = APPROVAL_ROLE ( '' ) ;
#3125 = CARTESIAN_POINT ( 'NONE',  ( -37.31780523675525529, 0.000000000000000000, 23.31054294330350629 ) ) ;
#3126 = APPROVAL ( #3070, 'UNSPECIFIED' ) ;
#3127 = ORIENTED_EDGE ( 'NONE', *, *, #2646, .T. ) ;
#3128 = EDGE_LOOP ( 'NONE', ( #67, #1152, #2152, #786 ) ) ;
#3129 = CYLINDRICAL_SURFACE ( 'NONE', #2102, 5.999999999999998224 ) ;
#3130 = DIRECTION ( 'NONE',  ( 0.000000000000000000, 0.000000000000000000, 1.000000000000000000 ) ) ;
#3131 = ORIENTED_EDGE ( 'NONE', *, *, #2117, .T. ) ;
#3132 = ORIENTED_EDGE ( 'NONE', *, *, #768, .F. ) ;
#3133 = ORIENTED_EDGE ( 'NONE', *, *, #382, .T. ) ;
#3134 = DIRECTION ( 'NONE',  ( 0.000000000000000000, 0.000000000000000000, 1.000000000000000000 ) ) ;
#3135 = EDGE_LOOP ( 'NONE', ( #2109, #2225, #4295, #1210, #1079 ) ) ;
#3136 = AXIS2_PLACEMENT_3D ( 'NONE', #2057, #428, #1371 ) ;
#3137 = DIRECTION ( 'NONE',  ( -0.7106652313693783141, -0.000000000000000000, 0.7035303326244776168 ) ) ;
#3138 = EDGE_LOOP ( 'NONE', ( #1993, #2581, #174, #3696 ) ) ;
#3139 = VERTEX_POINT ( 'NONE', #1641 ) ;
#3141 = EDGE_CURVE ( 'NONE', #42, #1158, #3662, .T. ) ;
#3140 = DIRECTION ( 'NONE',  ( -1.000000000000000000, 0.000000000000000000, 0.000000000000000000 ) ) ;
#3142 = DIRECTION ( 'NONE',  ( -1.000000000000000000, -0.000000000000000000, -0.000000000000000000 ) ) ;
#3143 = DIRECTION ( 'NONE',  ( 1.000000000000000000, 0.000000000000000000, 0.000000000000000000 ) ) ;
#3144 = LINE ( 'NONE', #113, #690 ) ;
#3145 = EDGE_CURVE ( 'NONE', #2186, #3605, #304, .T. ) ;
#3146 = CALENDAR_DATE ( 2025, 5, 10 ) ;
#3147 = VECTOR ( 'NONE', #828, 1000.000000000000000 ) ;
#3148 = EDGE_LOOP ( 'NONE', ( #1507, #3869, #2648, #2920, #1258 ) ) ;
#3149 = VERTEX_POINT ( 'NONE', #1331 ) ;
#3150 = DIRECTION ( 'NONE',  ( 0.000000000000000000, 0.000000000000000000, 1.000000000000000000 ) ) ;
#3151 = VECTOR ( 'NONE', #2500, 1000.000000000000000 ) ;
#3152 = FACE_OUTER_BOUND ( 'NONE', #982, .T. ) ;
#3153 = ORIENTED_EDGE ( 'NONE', *, *, #1632, .T. ) ;
#3154 = VECTOR ( 'NONE', #4124, 1000.000000000000000 ) ;
#3155 = AXIS2_PLACEMENT_3D ( 'NONE', #206, #4229, #2260 ) ;
#3156 = VERTEX_POINT ( 'NONE', #1306 ) ;
#3157 = AXIS2_PLACEMENT_3D ( 'NONE', #3566, #1128, #2496 ) ;
#3158 = DIRECTION ( 'NONE',  ( 0.3444943785120618274, -0.000000000000000000, 0.9387883803997514320 ) ) ;
#3159 = ORIENTED_EDGE ( 'NONE', *, *, #2900, .T. ) ;
#3160 = ORIENTED_EDGE ( 'NONE', *, *, #3057, .T. ) ;
#3161 = ORIENTED_EDGE ( 'NONE', *, *, #1703, .F. ) ;
#3162 = AXIS2_PLACEMENT_3D ( 'NONE', #4164, #860, #794 ) ;
#3163 = DIRECTION ( 'NONE',  ( 0.000000000000000000, 0.000000000000000000, 1.000000000000000000 ) ) ;
#3164 = LOCAL_TIME ( 2, 31, 6.000000000000000000, #4243 ) ;
#3165 = CARTESIAN_POINT ( 'NONE',  ( 4.000000000000000000, 0.000000000000000000, 0.000000000000000000 ) ) ;
#3166 = EDGE_CURVE ( 'NONE', #2122, #2482, #3713, .T. ) ;
#3167 = CARTESIAN_POINT ( 'NONE',  ( 0.000000000000000000, 5.099999999999999645, 0.000000000000000000 ) ) ;
#3168 = ORIENTED_EDGE ( 'NONE', *, *, #4357, .T. ) ;
#3169 = LINE ( 'NONE', #1445, #2 ) ;
#3170 = EDGE_CURVE ( 'NONE', #4112, #3349, #1033, .T. ) ;
#3171 = DIRECTION ( 'NONE',  ( -0.01272426201484069819, 0.000000000000000000, 0.9999190433010952672 ) ) ;
#3172 = EDGE_CURVE ( 'NONE', #2176, #269, #2011, .T. ) ;
#3173 = AXIS2_PLACEMENT_3D ( 'NONE', #1271, #4020, #312 ) ;
#3174 = ORIENTED_EDGE ( 'NONE', *, *, #1541, .F. ) ;
#3175 = APPROVAL_STATUS ( 'not_yet_approved' ) ;
#3176 = DIRECTION ( 'NONE',  ( -0.2176163151769394954, -0.000000000000000000, 0.9760343945624102568 ) ) ;
#3177 = VERTEX_POINT ( 'NONE', #2269 ) ;
#3178 = ORIENTED_EDGE ( 'NONE', *, *, #3343, .T. ) ;
#3179 = CARTESIAN_POINT ( 'NONE',  ( -43.25472879714813956, 5.099999999999999645, 27.01903841155635888 ) ) ;
#3180 = CARTESIAN_POINT ( 'NONE',  ( -10.00000000000000000, 0.000000000000000000, 0.000000000000000000 ) ) ;
#3181 = ORIENTED_EDGE ( 'NONE', *, *, #3898, .T. ) ;
#3182 = VERTEX_POINT ( 'NONE', #3623 ) ;
#3183 = AXIS2_PLACEMENT_3D ( 'NONE', #1770, #1096, #495 ) ;
#3184 = CARTESIAN_POINT ( 'NONE',  ( 0.000000000000000000, 1.660179660521027722, -4.395379282859348535 ) ) ;
#3185 = CIRCLE ( 'NONE', #2687, 51.00000000000000000 ) ;
#3186 = CARTESIAN_POINT ( 'NONE',  ( 35.01885136591087644, 5.099999999999999645, -27.74657853141030373 ) ) ;
#3187 = CARTESIAN_POINT ( 'NONE',  ( 0.000000000000000000, 0.09999999999999939493, 0.000000000000000000 ) ) ;
#3188 = FACE_OUTER_BOUND ( 'NONE', #1889, .T. ) ;
#3189 = DIRECTION ( 'NONE',  ( -0.000000000000000000, -1.000000000000000000, -0.000000000000000000 ) ) ;
#3190 = PRODUCT_DEFINITION ( 'UNKNOWN', '', #2735, #3531 ) ;
#3191 = EDGE_LOOP ( 'NONE', ( #4279, #3320, #2068, #2015 ) ) ;
#3192 = DIRECTION ( 'NONE',  ( 0.000000000000000000, 0.000000000000000000, 1.000000000000000000 ) ) ;
#3193 = EDGE_CURVE ( 'NONE', #1942, #875, #1164, .T. ) ;
#3194 = CARTESIAN_POINT ( 'NONE',  ( 44.29012932280992487, 5.099999999999999645, -12.42515370403008212 ) ) ;
#3195 = EDGE_LOOP ( 'NONE', ( #348, #2025, #3489, #311, #4131 ) ) ;
#3196 = ORIENTED_EDGE ( 'NONE', *, *, #998, .F. ) ;
#3197 = CYLINDRICAL_SURFACE ( 'NONE', #594, 7.758504095267494627 ) ;
#3198 = ORIENTED_EDGE ( 'NONE', *, *, #1120, .T. ) ;
#3199 = APPROVAL_ROLE ( '' ) ;
#3200 = ADVANCED_FACE ( 'NONE', ( #3865 ), #504, .T. ) ;
#3201 = VERTEX_POINT ( 'NONE', #171 ) ;
#3202 = CARTESIAN_POINT ( 'NONE',  ( 4.000000000000000000, -4.693277837368730943, -0.2206777892320714862 ) ) ;
#3203 = CARTESIAN_POINT ( 'NONE',  ( 4.000000000000000000, -4.693277837368735383, 2.220677789232003541 ) ) ;
#3204 = DIRECTION ( 'NONE',  ( 0.000000000000000000, 1.000000000000000000, -0.000000000000000000 ) ) ;
#3205 = AXIS2_PLACEMENT_3D ( 'NONE', #4157, #173, #1211 ) ;
#3206 = DIRECTION ( 'NONE',  ( 0.000000000000000000, 1.000000000000000000, 0.000000000000000000 ) ) ;
#3207 = DIRECTION ( 'NONE',  ( -1.000000000000000000, -0.000000000000000000, -0.000000000000000000 ) ) ;
#3208 = CARTESIAN_POINT ( 'NONE',  ( 0.000000000000000000, -0.5801609955211582959, 3.703837769027674476 ) ) ;
#3209 = CYLINDRICAL_SURFACE ( 'NONE', #3655, 51.00000000000000000 ) ;
#3210 = AXIS2_PLACEMENT_3D ( 'NONE', #384, #663, #3763 ) ;
#3211 = COORDINATED_UNIVERSAL_TIME_OFFSET ( 7, 0, .AHEAD. ) ;
#3212 = ORIENTED_EDGE ( 'NONE', *, *, #551, .T. ) ;
#3213 = DIRECTION ( 'NONE',  ( -0.06681260065218955213, 0.000000000000000000, -0.9977655417953112948 ) ) ;
#3214 = DIRECTION ( 'NONE',  ( -0.000000000000000000, -1.000000000000000000, -0.000000000000000000 ) ) ;
#3215 = VECTOR ( 'NONE', #2478, 1000.000000000000000 ) ;
#3216 = VERTEX_POINT ( 'NONE', #1601 ) ;
#3217 = EDGE_CURVE ( 'NONE', #66, #1339, #189, .T. ) ;
#3218 = VECTOR ( 'NONE', #2730, 1000.000000000000000 ) ;
#3219 = ORIENTED_EDGE ( 'NONE', *, *, #1425, .T. ) ;
#3220 = CONTEXT_DEPENDENT_SHAPE_REPRESENTATION ( #2455, #589 ) ;
#3221 = APPLICATION_CONTEXT ( 'configuration controlled 3d designs of mechanical parts and assemblies' ) ;
#3222 = CARTESIAN_POINT ( 'NONE',  ( 4.000000000000000000, -1.660179660520995082, 4.395379282859360970 ) ) ;
#3223 = EDGE_LOOP ( 'NONE', ( #913, #3153, #3161, #368 ) ) ;
#3224 = CIRCLE ( 'NONE', #538, 7.758387151175177188 ) ;
#3225 = ORIENTED_EDGE ( 'NONE', *, *, #2218, .T. ) ;
#3226 = CARTESIAN_POINT ( 'NONE',  ( 4.000000000000000000, -3.343279438444340723, -1.696314710328038489 ) ) ;
#3227 = ORIENTED_EDGE ( 'NONE', *, *, #575, .F. ) ;
#3228 = ADVANCED_FACE ( 'NONE', ( #103 ), #1455, .T. ) ;
#3229 = AXIS2_PLACEMENT_3D ( 'NONE', #1804, #1213, #4227 ) ;
#3230 = CARTESIAN_POINT ( 'NONE',  ( 4.000000000000000000, -3.667230379735525680, 2.937171579486243633 ) ) ;
#3231 = LINE ( 'NONE', #1549, #2664 ) ;
#3232 = CYLINDRICAL_SURFACE ( 'NONE', #1386, 5.999999999999998224 ) ;
#3233 = AXIS2_PLACEMENT_3D ( 'NONE', #2563, #3525, #3829 ) ;
#3234 = AXIS2_PLACEMENT_3D ( 'NONE', #2505, #1118, #540 ) ;
#3235 = ADVANCED_FACE ( 'NONE', ( #3387 ), #4034, .T. ) ;
#3236 = COORDINATED_UNIVERSAL_TIME_OFFSET ( 7, 0, .AHEAD. ) ;
#3237 = DATE_AND_TIME ( #3146, #4367 ) ;
#3238 = DIRECTION ( 'NONE',  ( 1.000000000000000000, 0.000000000000000000, -0.000000000000000000 ) ) ;
#3239 = ORIENTED_EDGE ( 'NONE', *, *, #358, .F. ) ;
#3240 = FACE_OUTER_BOUND ( 'NONE', #3135, .T. ) ;
#3241 = CC_DESIGN_APPROVAL ( #213, ( #3663 ) ) ;
#3242 = CARTESIAN_POINT ( 'NONE',  ( 24.63888073992833938, 0.000000000000000000, -44.65339355394601739 ) ) ;
#3243 = DIRECTION ( 'NONE',  ( -1.000000000000000000, 0.000000000000000000, -0.000000000000000000 ) ) ;
#3244 = DIRECTION ( 'NONE',  ( 0.000000000000000000, 0.000000000000000000, 1.000000000000000000 ) ) ;
#3245 = PRODUCT ( 'Circle', 'Circle', '', ( #2918 ) ) ;
#3246 = CARTESIAN_POINT ( 'NONE',  ( -11.00005080000000035, 0.000000000000000000, 3.749000000000000554 ) ) ;
#3247 = DIRECTION ( 'NONE',  ( 0.000000000000000000, 1.000000000000000000, 0.000000000000000000 ) ) ;
#3248 = VECTOR ( 'NONE', #2082, 1000.000000000000114 ) ;
#3249 = ORIENTED_EDGE ( 'NONE', *, *, #2554, .T. ) ;
#3250 = SECURITY_CLASSIFICATION_LEVEL ( 'unclassified' ) ;
#3251 = LINE ( 'NONE', #3583, #4071 ) ;
#3252 = ADVANCED_FACE ( 'NONE', ( #325 ), #3341, .F. ) ;
#3253 = ORIENTED_EDGE ( 'NONE', *, *, #3172, .T. ) ;
#3254 = ORIENTED_EDGE ( 'NONE', *, *, #868, .F. ) ;
#3255 = ORIENTED_EDGE ( 'NONE', *, *, #867, .T. ) ;
#3256 = DIRECTION ( 'NONE',  ( 0.000000000000000000, 0.000000000000000000, 1.000000000000000000 ) ) ;
#3257 = CARTESIAN_POINT ( 'NONE',  ( 4.000000000000000000, -4.693277837368735383, 0.2206777892320033740 ) ) ;
#3258 = CARTESIAN_POINT ( 'NONE',  ( 0.000000000000000000, -3.701838652623401504, 0.5927829197466520927 ) ) ;
#3259 = EDGE_CURVE ( 'NONE', #1683, #3467, #2370, .T. ) ;
#3260 = DIRECTION ( 'NONE',  ( 0.000000000000000000, 0.000000000000000000, 1.000000000000000000 ) ) ;
#3261 = AXIS2_PLACEMENT_3D ( 'NONE', #2318, #3850, #2196 ) ;
#3262 = DIRECTION ( 'NONE',  ( 0.000000000000000000, 0.000000000000000000, -1.000000000000000000 ) ) ;
#3263 = DATE_AND_TIME ( #233, #4016 ) ;
#3264 = ADVANCED_FACE ( 'NONE', ( #934 ), #2660, .T. ) ;
#3265 = DATE_AND_TIME ( #471, #2384 ) ;
#3266 = DIRECTION ( 'NONE',  ( 1.000000000000000000, -0.000000000000000000, 0.000000000000000000 ) ) ;
#3267 = ORIENTED_EDGE ( 'NONE', *, *, #3822, .T. ) ;
#3268 = CARTESIAN_POINT ( 'NONE',  ( 0.000000000000000000, 3.622205203785575645, 4.783265564618869092 ) ) ;
#3269 = DIRECTION ( 'NONE',  ( -0.000000000000000000, 1.000000000000000000, -0.000000000000000000 ) ) ;
#3270 = CYLINDRICAL_SURFACE ( 'NONE', #1832, 51.00000000000000000 ) ;
#3271 = AXIS2_PLACEMENT_3D ( 'NONE', #539, #2557, #2596 ) ;
#3272 = CC_DESIGN_PERSON_AND_ORGANIZATION_ASSIGNMENT ( #2129, #2219, ( #4231 ) ) ;
#3273 = MECHANICAL_CONTEXT ( 'NONE', #649, 'mechanical' ) ;
#3274 = VECTOR ( 'NONE', #3081, 1000.000000000000000 ) ;
#3275 = ORIENTED_EDGE ( 'NONE', *, *, #2495, .T. ) ;
#3276 = DIRECTION ( 'NONE',  ( 0.000000000000000000, 0.000000000000000000, 1.000000000000000000 ) ) ;
#3277 = DIRECTION ( 'NONE',  ( 0.000000000000000000, 0.000000000000000000, 1.000000000000000000 ) ) ;
#3278 = ORIENTED_EDGE ( 'NONE', *, *, #2378, .T. ) ;
#3279 = CARTESIAN_POINT ( 'NONE',  ( -11.09843207402390064, 0.000000000000000000, 49.77775412268292854 ) ) ;
#3280 = VERTEX_POINT ( 'NONE', #632 ) ;
#3281 = DIRECTION ( 'NONE',  ( 0.000000000000000000, 0.000000000000000000, 1.000000000000000000 ) ) ;
#3282 = PLANE ( 'NONE',  #3005 ) ;
#3283 = ORIENTED_EDGE ( 'NONE', *, *, #3443, .T. ) ;
#3284 = EDGE_CURVE ( 'NONE', #2627, #641, #1595, .T. ) ;
#3285 = DIRECTION ( 'NONE',  ( 0.000000000000000000, 0.9510565162951523099, 0.3090169943749517256 ) ) ;
#3286 = DIRECTION ( 'NONE',  ( -1.000000000000000000, -0.000000000000000000, 0.000000000000000000 ) ) ;
#3287 = DIRECTION ( 'NONE',  ( 0.000000000000000000, 1.000000000000000000, -0.000000000000000000 ) ) ;
#3288 = VERTEX_POINT ( 'NONE', #2975 ) ;
#3289 = DIRECTION ( 'NONE',  ( 0.000000000000000000, 1.000000000000000000, 0.000000000000000000 ) ) ;
#3290 = EDGE_CURVE ( 'NONE', #695, #2183, #264, .T. ) ;
#3291 = DIRECTION ( 'NONE',  ( -0.000000000000000000, -1.000000000000000000, -0.000000000000000000 ) ) ;
#3292 = DIRECTION ( 'NONE',  ( -0.000000000000000000, 1.000000000000000000, -0.000000000000000000 ) ) ;
#3293 = LINE ( 'NONE', #1265, #958 ) ;
#3294 = PERSON_AND_ORGANIZATION_ROLE ( 'classification_officer' ) ;
#3295 = VERTEX_POINT ( 'NONE', #1176 ) ;
#3296 = ORIENTED_EDGE ( 'NONE', *, *, #953, .F. ) ;
#3297 = AXIS2_PLACEMENT_3D ( 'NONE', #1262, #628, #255 ) ;
#3298 = ORIENTED_EDGE ( 'NONE', *, *, #684, .F. ) ;
#3299 = DIRECTION ( 'NONE',  ( 0.000000000000000000, 0.000000000000000000, 1.000000000000000000 ) ) ;
#3300 = AXIS2_PLACEMENT_3D ( 'NONE', #4, #3440, #47 ) ;
#3301 = ORIENTED_EDGE ( 'NONE', *, *, #2844, .F. ) ;
#3302 = AXIS2_PLACEMENT_3D ( 'NONE', #301, #9, #2697 ) ;
#3303 = AXIS2_PLACEMENT_3D ( 'NONE', #793, #841, #1215 ) ;
#3304 = CARTESIAN_POINT ( 'NONE',  ( 4.000000000000000000, 3.667230379735545664, -2.937171579486217432 ) ) ;
#3305 = AXIS2_PLACEMENT_3D ( 'NONE', #3642, #2637, #2681 ) ;
#3306 = CARTESIAN_POINT ( 'NONE',  ( 4.000000000000000000, -4.693277837368735383, 0.2206777892320033740 ) ) ;
#3307 = ORIENTED_EDGE ( 'NONE', *, *, #1066, .T. ) ;
#3308 = CIRCLE ( 'NONE', #2942, 2.000000000000000000 ) ;
#3309 = CIRCLE ( 'NONE', #1394, 2.000000000000000000 ) ;
#3310 = CIRCLE ( 'NONE', #3157, 7.758387151172476237 ) ;
#3311 = AXIS2_PLACEMENT_3D ( 'NONE', #734, #3171, #2752 ) ;
#3312 = ADVANCED_FACE ( 'NONE', ( #843 ), #1081, .T. ) ;
#3313 = CARTESIAN_POINT ( 'NONE',  ( 4.000000000000000000, 1.707701112668223109, 3.337477776673834384 ) ) ;
#3314 = ORIENTED_EDGE ( 'NONE', *, *, #1594, .T. ) ;
#3315 = DIRECTION ( 'NONE',  ( 0.000000000000000000, 0.000000000000000000, 1.000000000000000000 ) ) ;
#3316 = CARTESIAN_POINT ( 'NONE',  ( 6.798961402102129625, 5.099999999999999645, -43.47153233844795039 ) ) ;
#3317 = DIRECTION ( 'NONE',  ( 0.000000000000000000, 0.000000000000000000, 1.000000000000000000 ) ) ;
#3318 = APPROVAL_ROLE ( '' ) ;
#3319 = EDGE_CURVE ( 'NONE', #3478, #4343, #2140, .T. ) ;
#3320 = ORIENTED_EDGE ( 'NONE', *, *, #225, .T. ) ;
#3321 = CC_DESIGN_APPROVAL ( #3524, ( #699 ) ) ;
#3322 = CARTESIAN_POINT ( 'NONE',  ( 33.86627113243231690, 0.000000000000000000, -38.13234427077072297 ) ) ;
#3323 = EDGE_CURVE ( 'NONE', #2916, #4089, #1795, .T. ) ;
#3324 = CARTESIAN_POINT ( 'NONE',  ( 0.000000000000000000, 0.000000000000000000, 0.000000000000000000 ) ) ;
#3325 = VERTEX_POINT ( 'NONE', #3457 ) ;
#3326 = CYLINDRICAL_SURFACE ( 'NONE', #3392, 2.000000000000000000 ) ;
#3327 = CARTESIAN_POINT ( 'NONE',  ( -42.55318334102971534, 0.09999999999999939493, -28.11096916765241360 ) ) ;
#3328 = DIRECTION ( 'NONE',  ( 0.000000000000000000, -0.5877852522924624790, -0.8090169943749552228 ) ) ;
#3329 = ORIENTED_EDGE ( 'NONE', *, *, #115, .F. ) ;
#3330 = DIRECTION ( 'NONE',  ( -0.000000000000000000, -1.000000000000000000, -0.000000000000000000 ) ) ;
#3331 = CIRCLE ( 'NONE', #2753, 2.000000000000000000 ) ;
#3332 = VECTOR ( 'NONE', #1117, 1000.000000000000000 ) ;
#3333 = AXIS2_PLACEMENT_3D ( 'NONE', #2748, #2428, #1069 ) ;
#3334 = CARTESIAN_POINT ( 'NONE',  ( 24.63888073992833938, 0.000000000000000000, -44.65339355394601739 ) ) ;
#3335 = DIRECTION ( 'NONE',  ( 0.000000000000000000, 0.000000000000000000, 1.000000000000000000 ) ) ;
#3336 = AXIS2_PLACEMENT_3D ( 'NONE', #947, #3458, #2969 ) ;
#3337 = EDGE_LOOP ( 'NONE', ( #2539, #644, #93, #3679, #1037 ) ) ;
#3338 = EDGE_CURVE ( 'NONE', #3721, #3388, #721, .T. ) ;
#3339 = AXIS2_PLACEMENT_3D ( 'NONE', #1989, #1970, #3773 ) ;
#3340 = CARTESIAN_POINT ( 'NONE',  ( 4.000000000000000000, -0.5801609955211584069, 3.703837769027674920 ) ) ;
#3341 = CYLINDRICAL_SURFACE ( 'NONE', #3444, 7.758395318950915609 ) ;
#3342 = DIRECTION ( 'NONE',  ( -0.000000000000000000, 1.000000000000000000, -0.000000000000000000 ) ) ;
#3343 = EDGE_CURVE ( 'NONE', #2691, #484, #3224, .T. ) ;
#3344 = FACE_BOUND ( 'NONE', #1725, .T. ) ;
#3345 = ORIENTED_EDGE ( 'NONE', *, *, #88, .T. ) ;
#3346 = AXIS2_PLACEMENT_3D ( 'NONE', #2456, #2479, #3285 ) ;
#3347 = DIRECTION ( 'NONE',  ( -0.4754850121155017040, -0.000000000000000000, -0.8797238221473382414 ) ) ;
#3348 = CYLINDRICAL_SURFACE ( 'NONE', #3360, 5.999999999999998224 ) ;
#3349 = VERTEX_POINT ( 'NONE', #2470 ) ;
#3350 = EDGE_CURVE ( 'NONE', #2819, #4332, #2303, .T. ) ;
#3351 = DIRECTION ( 'NONE',  ( 0.000000000000000000, -0.000000000000000000, 1.000000000000000000 ) ) ;
#3352 = CARTESIAN_POINT ( 'NONE',  ( 0.000000000000000000, 0.09999999999999939493, -51.00000000000000000 ) ) ;
#3353 = ORIENTED_EDGE ( 'NONE', *, *, #287, .F. ) ;
#3354 = DIRECTION ( 'NONE',  ( 0.000000000000000000, 1.000000000000000000, 0.000000000000000000 ) ) ;
#3355 = DIRECTION ( 'NONE',  ( 0.000000000000000000, 0.000000000000000000, 1.000000000000000000 ) ) ;
#3356 = DIRECTION ( 'NONE',  ( 0.000000000000000000, 1.000000000000000000, 0.000000000000000000 ) ) ;
#3357 = DIRECTION ( 'NONE',  ( -0.000000000000000000, 1.000000000000000000, -0.000000000000000000 ) ) ;
#3358 = ORIENTED_EDGE ( 'NONE', *, *, #168, .T. ) ;
#3359 = PLANE ( 'NONE',  #3618 ) ;
#3360 = AXIS2_PLACEMENT_3D ( 'NONE', #548, #2912, #4286 ) ;
#3361 = DIRECTION ( 'NONE',  ( -0.000000000000000000, 1.000000000000000000, -0.000000000000000000 ) ) ;
#3362 =( NAMED_UNIT ( * ) SI_UNIT ( $, .STERADIAN. ) SOLID_ANGLE_UNIT ( ) );
#3363 = VERTEX_POINT ( 'NONE', #2158 ) ;
#3364 = LINE ( 'NONE', #2994, #896 ) ;
#3365 = DIRECTION ( 'NONE',  ( 0.000000000000000000, -0.9510565162951565288, 0.3090169943749382919 ) ) ;
#3366 = EDGE_LOOP ( 'NONE', ( #1268, #2568, #3450, #1855 ) ) ;
#3367 = CYLINDRICAL_SURFACE ( 'NONE', #2677, 51.00000000000000000 ) ;
#3368 = EDGE_CURVE ( 'NONE', #1874, #1912, #1389, .T. ) ;
#3369 = AXIS2_PLACEMENT_3D ( 'NONE', #1264, #2716, #70 ) ;
#3370 = EDGE_CURVE ( 'NONE', #1285, #356, #4109, .T. ) ;
#3371 = VERTEX_POINT ( 'NONE', #1774 ) ;
#3372 = AXIS2_PLACEMENT_3D ( 'NONE', #4186, #510, #2847 ) ;
#3373 = VECTOR ( 'NONE', #423, 1000.000000000000000 ) ;
#3374 = AXIS2_PLACEMENT_3D ( 'NONE', #2949, #3574, #3921 ) ;
#3375 = CARTESIAN_POINT ( 'NONE',  ( 4.000000000000000000, -1.240425561619521888, 4.531765657166947570 ) ) ;
#3376 = FACE_OUTER_BOUND ( 'NONE', #845, .T. ) ;
#3377 = EDGE_CURVE ( 'NONE', #2661, #3156, #2071, .T. ) ;
#3378 = CARTESIAN_POINT ( 'NONE',  ( 14.46416544611106580, 5.099999999999999645, -42.27269200246188063 ) ) ;
#3379 = VECTOR ( 'NONE', #1097, 1000.000000000000000 ) ;
#3380 = DIRECTION ( 'NONE',  ( -1.000000000000000000, -0.000000000000000000, -0.000000000000000000 ) ) ;
#3381 = FACE_OUTER_BOUND ( 'NONE', #3634, .T. ) ;
#3382 = VERTEX_POINT ( 'NONE', #1476 ) ;
#3383 = VECTOR ( 'NONE', #350, 1000.000000000000000 ) ;
#3384 = VECTOR ( 'NONE', #4134, 1000.000000000000000 ) ;
#3385 = APPROVAL_ROLE ( '' ) ;
#3386 = VERTEX_POINT ( 'NONE', #2822 ) ;
#3387 = FACE_OUTER_BOUND ( 'NONE', #4083, .T. ) ;
#3388 = VERTEX_POINT ( 'NONE', #4179 ) ;
#3389 = VECTOR ( 'NONE', #2215, 1000.000000000000000 ) ;
#3390 = CIRCLE ( 'NONE', #2315, 51.00000000000000000 ) ;
#3391 = CARTESIAN_POINT ( 'NONE',  ( 0.000000000000000000, 0.000000000000000000, 0.000000000000000000 ) ) ;
#3392 = AXIS2_PLACEMENT_3D ( 'NONE', #3304, #270, #1546 ) ;
#3393 = FACE_OUTER_BOUND ( 'NONE', #766, .T. ) ;
#3394 = ORIENTED_EDGE ( 'NONE', *, *, #1703, .T. ) ;
#3395 = SECURITY_CLASSIFICATION ( '', '', #3429 ) ;
#3396 = ADVANCED_FACE ( 'NONE', ( #2421 ), #1104, .T. ) ;
#3397 = ORIENTED_EDGE ( 'NONE', *, *, #498, .T. ) ;
#3398 = EDGE_LOOP ( 'NONE', ( #667, #4255, #1200, #4102 ) ) ;
#3400 = ADVANCED_FACE ( 'NONE', ( #1433 ), #3823, .T. ) ;
#3399 = CARTESIAN_POINT ( 'NONE',  ( 2.000000000000000000, 3.622205203785644478, -4.783265564618815802 ) ) ;
#3401 = DIRECTION ( 'NONE',  ( 0.000000000000000000, 0.000000000000000000, 1.000000000000000000 ) ) ;
#3402 = CARTESIAN_POINT ( 'NONE',  ( 50.85449539127584728, 0.000000000000000000, 3.849714080123876059 ) ) ;
#3403 = DIRECTION ( 'NONE',  ( -1.000000000000000000, -0.000000000000000000, -0.000000000000000000 ) ) ;
#3404 = CARTESIAN_POINT ( 'NONE',  ( 44.46010528374623760, 0.000000000000000000, -4.414930276423212341 ) ) ;
#3405 = CARTESIAN_POINT ( 'NONE',  ( 44.29012932280993198, 0.09999999999999939493, -12.42515370403007147 ) ) ;
#3406 = CARTESIAN_POINT ( 'NONE',  ( 17.56921330411507753, 5.099999999999999645, 47.87820740038733192 ) ) ;
#3407 = DIRECTION ( 'NONE',  ( 1.000000000000000000, 0.000000000000000000, 0.000000000000000000 ) ) ;
#3408 = ORIENTED_EDGE ( 'NONE', *, *, #2685, .F. ) ;
#3409 = EDGE_CURVE ( 'NONE', #691, #4332, #82, .T. ) ;
#3410 = DATE_AND_TIME ( #1378, #3874 ) ;
#3411 = CIRCLE ( 'NONE', #2615, 2.000000000000000000 ) ;
#3412 = ORIENTED_EDGE ( 'NONE', *, *, #436, .T. ) ;
#3413 = CARTESIAN_POINT ( 'NONE',  ( -30.37239467277583671, 0.000000000000000000, -40.96971615524240207 ) ) ;
#3414 = CC_DESIGN_PERSON_AND_ORGANIZATION_ASSIGNMENT ( #1575, #3943, ( #1448 ) ) ;
#3415 = AXIS2_PLACEMENT_3D ( 'NONE', #3378, #8, #2098 ) ;
#3416 = CARTESIAN_POINT ( 'NONE',  ( 4.000000000000000000, 4.693277837368734495, 0.2206777892320367918 ) ) ;
#3417 = ORIENTED_EDGE ( 'NONE', *, *, #3002, .T. ) ;
#3418 = LINE ( 'NONE', #3533, #2397 ) ;
#3419 = DIRECTION ( 'NONE',  ( 0.000000000000000000, 0.000000000000000000, 1.000000000000000000 ) ) ;
#3420 = AXIS2_PLACEMENT_3D ( 'NONE', #1649, #3001, #407 ) ;
#3421 = ORIENTED_EDGE ( 'NONE', *, *, #120, .F. ) ;
#3422 = ORIENTED_EDGE ( 'NONE', *, *, #556, .F. ) ;
#3423 = CARTESIAN_POINT ( 'NONE',  ( 0.000000000000000000, 0.000000000000000000, 0.000000000000000000 ) ) ;
#3424 = DIRECTION ( 'NONE',  ( -1.000000000000000000, 0.000000000000000000, -0.000000000000000000 ) ) ;
#3425 = CYLINDRICAL_SURFACE ( 'NONE', #600, 2.000000000000000000 ) ;
#3426 = FACE_OUTER_BOUND ( 'NONE', #3936, .T. ) ;
#3427 = ADVANCED_FACE ( 'NONE', ( #803 ), #2776, .F. ) ;
#3428 = CYLINDRICAL_SURFACE ( 'NONE', #3333, 2.000000000000000444 ) ;
#3429 = SECURITY_CLASSIFICATION_LEVEL ( 'unclassified' ) ;
#3430 = ORIENTED_EDGE ( 'NONE', *, *, #3680, .T. ) ;
#3431 = EDGE_CURVE ( 'NONE', #856, #42, #4141, .T. ) ;
#3432 = DIRECTION ( 'NONE',  ( 0.2077569112421767117, 0.000000000000000000, 0.9781804873494003294 ) ) ;
#3433 = CIRCLE ( 'NONE', #1506, 1.500000000000000222 ) ;
#3434 = ORIENTED_EDGE ( 'NONE', *, *, #3826, .F. ) ;
#3435 = ORIENTED_EDGE ( 'NONE', *, *, #2390, .T. ) ;
#3436 = DIRECTION ( 'NONE',  ( 0.000000000000000000, 0.000000000000000000, 1.000000000000000000 ) ) ;
#3437 = ORIENTED_EDGE ( 'NONE', *, *, #4057, .F. ) ;
#3438 = ORIENTED_EDGE ( 'NONE', *, *, #3409, .T. ) ;
#3439 = CARTESIAN_POINT ( 'NONE',  ( -21.78645175699818992, 0.000000000000000000, 46.11236840414933624 ) ) ;
#3440 = DIRECTION ( 'NONE',  ( 0.000000000000000000, 1.000000000000000000, 0.000000000000000000 ) ) ;
#3441 = CARTESIAN_POINT ( 'NONE',  ( 40.66116873908136142, 0.000000000000000000, 30.78423877200747327 ) ) ;
#3442 = CARTESIAN_POINT ( 'NONE',  ( -43.02217125294474442, 0.09999999999999939493, -16.28167008271248051 ) ) ;
#3443 = EDGE_CURVE ( 'NONE', #621, #3891, #1947, .T. ) ;
#3444 = AXIS2_PLACEMENT_3D ( 'NONE', #2312, #3664, #306 ) ;
#3445 = SHAPE_DEFINITION_REPRESENTATION ( #210, #3620 ) ;
#3446 = ORIENTED_EDGE ( 'NONE', *, *, #2854, .F. ) ;
#3447 = DIRECTION ( 'NONE',  ( 1.000000000000000000, 0.000000000000000000, 0.000000000000000000 ) ) ;
#3448 = ADVANCED_FACE ( 'NONE', ( #2759 ), #2096, .F. ) ;
#3449 = DIRECTION ( 'NONE',  ( 0.9916014815104199354, 0.000000000000000000, -0.1293309779841642082 ) ) ;
#3450 = ORIENTED_EDGE ( 'NONE', *, *, #4234, .T. ) ;
#3451 = ORIENTED_EDGE ( 'NONE', *, *, #1980, .F. ) ;
#3452 = CIRCLE ( 'NONE', #341, 7.758387151170068385 ) ;
#3453 = DIRECTION ( 'NONE',  ( -1.000000000000000000, -0.000000000000000000, 0.000000000000000000 ) ) ;
#3454 = ORIENTED_EDGE ( 'NONE', *, *, #106, .F. ) ;
#3455 = VECTOR ( 'NONE', #1763, 1000.000000000000000 ) ;
#3456 = EDGE_CURVE ( 'NONE', #1837, #3860, #4283, .T. ) ;
#3457 = CARTESIAN_POINT ( 'NONE',  ( 48.73782997361919200, 0.09999999999999939493, 15.02078325063638609 ) ) ;
#3458 = DIRECTION ( 'NONE',  ( 1.000000000000000000, 0.000000000000000000, 0.000000000000000000 ) ) ;
#3459 = ORIENTED_EDGE ( 'NONE', *, *, #899, .F. ) ;
#3460 = VERTEX_POINT ( 'NONE', #1605 ) ;
#3461 = CC_DESIGN_SECURITY_CLASSIFICATION ( #4231, ( #3663 ) ) ;
#3462 = DIRECTION ( 'NONE',  ( 1.000000000000000000, 0.000000000000000000, 0.000000000000000000 ) ) ;
#3463 = PLANE ( 'NONE',  #1439 ) ;
#3464 = AXIS2_PLACEMENT_3D ( 'NONE', #2514, #200, #1844 ) ;
#3465 = DIRECTION ( 'NONE',  ( -1.000000000000000000, 0.000000000000000000, 0.000000000000000000 ) ) ;
#3466 = DATE_AND_TIME ( #3104, #554 ) ;
#3467 = VERTEX_POINT ( 'NONE', #2858 ) ;
#3468 = APPROVAL ( #999, 'UNSPECIFIED' ) ;
#3469 = CIRCLE ( 'NONE', #3173, 5.000000000000003553 ) ;
#3470 = CARTESIAN_POINT ( 'NONE',  ( -10.00000000000000000, 0.000000000000000000, 0.000000000000000000 ) ) ;
#3471 = VERTEX_POINT ( 'NONE', #1162 ) ;
#3472 = EDGE_CURVE ( 'NONE', #780, #2122, #2886, .T. ) ;
#3473 = AXIS2_PLACEMENT_3D ( 'NONE', #2634, #910, #563 ) ;
#3474 = ORIENTED_EDGE ( 'NONE', *, *, #3350, .F. ) ;
#3475 = CARTESIAN_POINT ( 'NONE',  ( 7.108005102197670233, 0.09999999999999939493, -45.44751108110467186 ) ) ;
#3476 = DIRECTION ( 'NONE',  ( 0.000000000000000000, -0.5877852522924802425, 0.8090169943749422332 ) ) ;
#3477 = DIRECTION ( 'NONE',  ( -0.000000000000000000, 1.000000000000000000, -0.000000000000000000 ) ) ;
#3478 = VERTEX_POINT ( 'NONE', #1540 ) ;
#3479 = EDGE_LOOP ( 'NONE', ( #4019, #1667, #419, #1358 ) ) ;
#3480 = EDGE_CURVE ( 'NONE', #1459, #3478, #673, .T. ) ;
#3481 = DIRECTION ( 'NONE',  ( 0.000000000000000000, 0.000000000000000000, -1.000000000000000000 ) ) ;
#3482 = CARTESIAN_POINT ( 'NONE',  ( 0.000000000000000000, 0.000000000000000000, 0.000000000000000000 ) ) ;
#3483 = ORIENTED_EDGE ( 'NONE', *, *, #436, .F. ) ;
#3484 = ORIENTED_EDGE ( 'NONE', *, *, #4014, .F. ) ;
#3485 = DIRECTION ( 'NONE',  ( 0.000000000000000000, 0.000000000000000000, 1.000000000000000000 ) ) ;
#3486 = CARTESIAN_POINT ( 'NONE',  ( 0.000000000000000000, 0.09999999999999939493, 0.000000000000000000 ) ) ;
#3487 = ORIENTED_EDGE ( 'NONE', *, *, #2834, .F. ) ;
#3488 = ORIENTED_EDGE ( 'NONE', *, *, #10, .F. ) ;
#3489 = ORIENTED_EDGE ( 'NONE', *, *, #1085, .T. ) ;
#3490 = CIRCLE ( 'NONE', #4196, 7.758387151172182250 ) ;
#3491 = VERTEX_POINT ( 'NONE', #2933 ) ;
#3492 = DATE_AND_TIME ( #1102, #1676 ) ;
#3493 = DIRECTION ( 'NONE',  ( 0.000000000000000000, 0.000000000000000000, 1.000000000000000000 ) ) ;
#3494 = EDGE_CURVE ( 'NONE', #664, #719, #3251, .T. ) ;
#3495 = CARTESIAN_POINT ( 'NONE',  ( -10.00000000000000000, 0.000000000000000000, 5.999999999999998224 ) ) ;
#3496 = VERTEX_POINT ( 'NONE', #2509 ) ;
#3497 = ORIENTED_EDGE ( 'NONE', *, *, #899, .T. ) ;
#3498 = PLANE ( 'NONE',  #3229 ) ;
#3499 = DIRECTION ( 'NONE',  ( -1.000000000000000000, 0.000000000000000000, 0.000000000000000000 ) ) ;
#3500 = CARTESIAN_POINT ( 'NONE',  ( -49.88720485481936606, 0.000000000000000000, 10.59560247335098992 ) ) ;
#3501 = ADVANCED_FACE ( 'NONE', ( #2188 ), #1190, .T. ) ;
#3502 = ADVANCED_FACE ( 'NONE', ( #1841 ), #170, .T. ) ;
#3503 = FACE_OUTER_BOUND ( 'NONE', #2643, .T. ) ;
#3504 = FACE_OUTER_BOUND ( 'NONE', #2778, .T. ) ;
#3505 = EDGE_CURVE ( 'NONE', #1771, #3983, #4285, .T. ) ;
#3506 = DATE_AND_TIME ( #1024, #1188 ) ;
#3507 = VECTOR ( 'NONE', #2763, 1000.000000000000000 ) ;
#3508 = ORIENTED_EDGE ( 'NONE', *, *, #489, .T. ) ;
#3509 = DIRECTION ( 'NONE',  ( -0.000000000000000000, 1.000000000000000000, -0.000000000000000000 ) ) ;
#3510 = AXIS2_PLACEMENT_3D ( 'NONE', #3165, #134, #4232 ) ;
#3511 = CARTESIAN_POINT ( 'NONE',  ( 0.000000000000000000, 3.343279438444353158, 1.696314710328013620 ) ) ;
#3512 = AXIS2_PLACEMENT_3D ( 'NONE', #2992, #4342, #983 ) ;
#3513 = DIRECTION ( 'NONE',  ( 0.000000000000000000, 1.000000000000000000, 0.000000000000000000 ) ) ;
#3514 = VERTEX_POINT ( 'NONE', #522 ) ;
#3515 = CIRCLE ( 'NONE', #2443, 2.000000000000000444 ) ;
#3516 = VERTEX_POINT ( 'NONE', #2559 ) ;
#3517 = COORDINATED_UNIVERSAL_TIME_OFFSET ( 7, 0, .AHEAD. ) ;
#3518 = AXIS2_PLACEMENT_3D ( 'NONE', #2236, #226, #4206 ) ;
#3519 = CARTESIAN_POINT ( 'NONE',  ( -41.42808289262446664, 0.000000000000000000, 16.73040701923762086 ) ) ;
#3520 = ORIENTED_EDGE ( 'NONE', *, *, #281, .F. ) ;
#3521 = CARTESIAN_POINT ( 'NONE',  ( 0.000000000000000000, 0.000000000000000000, 0.000000000000000000 ) ) ;
#3522 = ORIENTED_EDGE ( 'NONE', *, *, #2024, .F. ) ;
#3523 = AXIS2_PLACEMENT_3D ( 'NONE', #1679, #3740, #2676 ) ;
#3524 = APPROVAL ( #1442, 'UNSPECIFIED' ) ;
#3525 = DIRECTION ( 'NONE',  ( -1.000000000000000000, 0.000000000000000000, 0.000000000000000000 ) ) ;
#3526 = DIRECTION ( 'NONE',  ( -1.000000000000000000, 0.000000000000000000, 0.000000000000000000 ) ) ;
#3527 = APPROVAL_PERSON_ORGANIZATION ( #1539, #528, #3956 ) ;
#3528 = DIRECTION ( 'NONE',  ( -1.000000000000000000, -0.000000000000000000, -0.000000000000000000 ) ) ;
#3529 = CARTESIAN_POINT ( 'NONE',  ( 0.000000000000000000, -5.668478849484112736, 1.966811514342752920 ) ) ;
#3530 = ADVANCED_FACE ( 'NONE', ( #2909 ), #541, .T. ) ;
#3531 = DESIGN_CONTEXT ( 'detailed design', #1694, 'design' ) ;
#3532 = ORIENTED_EDGE ( 'NONE', *, *, #4178, .T. ) ;
#3533 = CARTESIAN_POINT ( 'NONE',  ( 6.595879877192315277, 0.000000000000000000, 50.57167555703142625 ) ) ;
#3534 = ADVANCED_FACE ( 'NONE', ( #871 ), #4263, .F. ) ;
#3535 = DIRECTION ( 'NONE',  ( 0.000000000000000000, 0.5877852522924685852, 0.8090169943749506709 ) ) ;
#3536 = FACE_OUTER_BOUND ( 'NONE', #3775, .T. ) ;
#3537 = ORIENTED_EDGE ( 'NONE', *, *, #251, .F. ) ;
#3538 = AXIS2_PLACEMENT_3D ( 'NONE', #3834, #798, #2460 ) ;
#3539 = DIRECTION ( 'NONE',  ( 0.000000000000000000, 0.000000000000000000, 1.000000000000000000 ) ) ;
#3540 = EDGE_LOOP ( 'NONE', ( #2902, #1556, #1230, #4079, #1032 ) ) ;
#3541 = AXIS2_PLACEMENT_3D ( 'NONE', #1734, #2049, #456 ) ;
#3542 = ORIENTED_EDGE ( 'NONE', *, *, #142, .T. ) ;
#3543 = DIRECTION ( 'NONE',  ( 0.000000000000000000, 0.000000000000000000, -1.000000000000000000 ) ) ;
#3544 = LINE ( 'NONE', #525, #4050 ) ;
#3545 = ORIENTED_EDGE ( 'NONE', *, *, #2278, .T. ) ;
#3546 = DIRECTION ( 'NONE',  ( 0.000000000000000000, -0.5877852522924624790, -0.8090169943749553338 ) ) ;
#3547 = CIRCLE ( 'NONE', #3339, 3.749000000000000554 ) ;
#3548 = DIRECTION ( 'NONE',  ( 0.000000000000000000, 0.000000000000000000, 1.000000000000000000 ) ) ;
#3549 =( NAMED_UNIT ( * ) PLANE_ANGLE_UNIT ( ) SI_UNIT ( $, .RADIAN. ) );
#3550 = PERSON_AND_ORGANIZATION ( #561, #3796 ) ;
#3551 = ADVANCED_FACE ( 'NONE', ( #2018 ), #3685, .T. ) ;
#3552 = CARTESIAN_POINT ( 'NONE',  ( 42.36447152616600675, 0.000000000000000000, -11.88492962994181568 ) ) ;
#3553 = ORIENTED_EDGE ( 'NONE', *, *, #2760, .T. ) ;
#3554 = CARTESIAN_POINT ( 'NONE',  ( 0.000000000000000000, 0.000000000000000000, 1.500000000000000222 ) ) ;
#3555 = EDGE_CURVE ( 'NONE', #2413, #1837, #610, .T. ) ;
#3556 = ADVANCED_FACE ( 'NONE', ( #3344, #3393 ), #2624, .F. ) ;
#3557 = EDGE_LOOP ( 'NONE', ( #2824, #2756, #3484, #1451 ) ) ;
#3558 = DIRECTION ( 'NONE',  ( 0.7972778184133629820, 0.000000000000000000, 0.6036125249413142324 ) ) ;
#3559 = ORIENTED_EDGE ( 'NONE', *, *, #3636, .T. ) ;
#3560 = ITEM_DEFINED_TRANSFORMATION ( 'NONE', 'NONE', #3162,  #1674 ) ;
#3561 = DIRECTION ( 'NONE',  ( 0.000000000000000000, 0.000000000000000000, 1.000000000000000000 ) ) ;
#3562 = ORIENTED_EDGE ( 'NONE', *, *, #2854, .T. ) ;
#3563 = DIRECTION ( 'NONE',  ( 1.000000000000000000, 0.000000000000000000, 0.000000000000000000 ) ) ;
#3564 = LINE ( 'NONE', #3495, #1088 ) ;
#3565 = ORIENTED_EDGE ( 'NONE', *, *, #974, .F. ) ;
#3566 = CARTESIAN_POINT ( 'NONE',  ( 14.46416544611106580, 0.000000000000000000, -42.27269200246188063 ) ) ;
#3567 = AXIS2_PLACEMENT_3D ( 'NONE', #1864, #202, #921 ) ;
#3568 = LINE ( 'NONE', #3964, #4289 ) ;
#3569 = DIRECTION ( 'NONE',  ( 0.000000000000000000, 0.000000000000000000, 1.000000000000000000 ) ) ;
#3570 = EDGE_LOOP ( 'NONE', ( #2906, #3014, #3818, #101 ) ) ;
#3571 = CARTESIAN_POINT ( 'NONE',  ( 0.000000000000000000, 5.099999999999999645, 0.000000000000000000 ) ) ;
#3572 = CIRCLE ( 'NONE', #942, 51.00000000000000000 ) ;
#3573 = EDGE_LOOP ( 'NONE', ( #460, #2823, #3998, #3296 ) ) ;
#3574 = DIRECTION ( 'NONE',  ( 1.000000000000000000, 0.000000000000000000, 0.000000000000000000 ) ) ;
#3575 = CARTESIAN_POINT ( 'NONE',  ( -47.69849421522129518, 0.000000000000000000, -18.05141683083334669 ) ) ;
#3576 = LINE ( 'NONE', #1559, #2689 ) ;
#3577 = ADVANCED_FACE ( 'NONE', ( #634 ), #3645, .F. ) ;
#3578 = DIRECTION ( 'NONE',  ( -0.000000000000000000, 1.000000000000000000, -0.000000000000000000 ) ) ;
#3579 = ORIENTED_EDGE ( 'NONE', *, *, #391, .F. ) ;
#3580 = CIRCLE ( 'NONE', #3781, 46.00000000000000000 ) ;
#3581 = CIRCLE ( 'NONE', #1019, 2.000000000000000000 ) ;
#3582 = EDGE_CURVE ( 'NONE', #2431, #1292, #3515, .T. ) ;
#3583 = CARTESIAN_POINT ( 'NONE',  ( 2.000000000000000000, -3.429832919317894468, 4.923032210494185712 ) ) ;
#3584 = ORIENTED_EDGE ( 'NONE', *, *, #4013, .F. ) ;
#3585 = AXIS2_PLACEMENT_3D ( 'NONE', #2119, #1756, #3493 ) ;
#3586 = DIRECTION ( 'NONE',  ( 0.000000000000000000, 0.000000000000000000, -1.000000000000000000 ) ) ;
#3587 = ORIENTED_EDGE ( 'NONE', *, *, #2024, .T. ) ;
#3588 = EDGE_CURVE ( 'NONE', #491, #2713, #2043, .T. ) ;
#3589 = AXIS2_PLACEMENT_3D ( 'NONE', #1710, #1055, #3130 ) ;
#3590 = CARTESIAN_POINT ( 'NONE',  ( 35.01885136591087644, 0.000000000000000000, -27.74657853141030373 ) ) ;
#3591 = CIRCLE ( 'NONE', #544, 3.749000000000000554 ) ;
#3592 = VECTOR ( 'NONE', #1727, 1000.000000000000000 ) ;
#3593 = ORIENTED_EDGE ( 'NONE', *, *, #4178, .F. ) ;
#3594 = ORIENTED_EDGE ( 'NONE', *, *, #469, .F. ) ;
#3595 = CARTESIAN_POINT ( 'NONE',  ( -30.37239467277583671, 0.000000000000000000, -40.96971615524240207 ) ) ;
#3596 = PRODUCT_DEFINITION_FORMATION_WITH_SPECIFIED_SOURCE ( 'ANY', '', #3245, .NOT_KNOWN. ) ;
#3597 = DIRECTION ( 'NONE',  ( 0.000000000000000000, 0.000000000000000000, -1.000000000000000000 ) ) ;
#3598 = CYLINDRICAL_SURFACE ( 'NONE', #3271, 2.000000000000000000 ) ;
#3599 = DIRECTION ( 'NONE',  ( -0.7106652313693783141, -0.000000000000000000, 0.7035303326244776168 ) ) ;
#3600 = ORIENTED_EDGE ( 'NONE', *, *, #2812, .F. ) ;
#3601 = FACE_OUTER_BOUND ( 'NONE', #1206, .T. ) ;
#3602 = AXIS2_PLACEMENT_3D ( 'NONE', #2919, #3287, #514 ) ;
#3603 = CALENDAR_DATE ( 2025, 5, 10 ) ;
#3604 = UNCERTAINTY_MEASURE_WITH_UNIT (LENGTH_MEASURE( 1.000000000000000082E-05 ), #4048, 'distance_accuracy_value', 'NONE');
#3605 = VERTEX_POINT ( 'NONE', #4307 ) ;
#3606 = CARTESIAN_POINT ( 'NONE',  ( 49.10427381441969885, 0.000000000000000000, -13.77571388925074203 ) ) ;
#3607 = EDGE_CURVE ( 'NONE', #1285, #3177, #1288, .T. ) ;
#3608 = ORIENTED_EDGE ( 'NONE', *, *, #3494, .T. ) ;
#3609 = AXIS2_PLACEMENT_3D ( 'NONE', #2962, #2978, #1340 ) ;
#3610 = DIRECTION ( 'NONE',  ( 0.4831153086260460139, -0.000000000000000000, -0.8755567363518826918 ) ) ;
#3611 = DIRECTION ( 'NONE',  ( 0.000000000000000000, 0.000000000000000000, 1.000000000000000000 ) ) ;
#3612 = EDGE_CURVE ( 'NONE', #760, #1787, #1035, .T. ) ;
#3613 = ORIENTED_EDGE ( 'NONE', *, *, #575, .T. ) ;
#3614 = CLOSED_SHELL ( 'NONE', ( #3448, #3115, #635, #3252, #2733, #862, #3689, #4166, #676, #1606, #978, #3712, #337, #1781, #3702, #1225, #3551, #3110, #1775, #2175, #3577, #2510, #83, #1972, #3904, #521, #3093, #571, #4334, #2550, #3534, #1335, #758, #1041, #1003, #625, #3427, #1981, #3844, #493, #1550, #2791, #712, #1893, #599, #4312, #1295, #1600, #4222, #3764, #2656, #2439, #2905, #334, #4113, #463, #1831, #1498, #3963, #441, #4084, #3530, #2001, #37, #3738 ) ) ;
#3615 = COORDINATED_UNIVERSAL_TIME_OFFSET ( 7, 0, .AHEAD. ) ;
#3616 = VERTEX_POINT ( 'NONE', #3048 ) ;
#3617 = DIRECTION ( 'NONE',  ( 0.000000000000000000, 0.5877852522924742473, -0.8090169943749465631 ) ) ;
#3618 = AXIS2_PLACEMENT_3D ( 'NONE', #355, #2380, #3351 ) ;
#3619 = DIRECTION ( 'NONE',  ( 0.8797238221473380193, -0.000000000000000000, -0.4754850121155016485 ) ) ;
#3620 = SHAPE_REPRESENTATION ( 'driven_loading', ( #1674, #4080 ), #3024 ) ;
#3621 = CARTESIAN_POINT ( 'NONE',  ( -36.24392679983829879, 0.000000000000000000, 35.88004696384835768 ) ) ;
#3622 = DATE_TIME_ROLE ( 'creation_date' ) ;
#3623 = CARTESIAN_POINT ( 'NONE',  ( -42.55318334102971534, 0.000000000000000000, -28.11096916765241360 ) ) ;
#3624 = VERTEX_POINT ( 'NONE', #2640 ) ;
#3625 = CARTESIAN_POINT ( 'NONE',  ( 0.000000000000000000, 3.667230379735504808, 2.937171579486269835 ) ) ;
#3626 = CALENDAR_DATE ( 2025, 5, 10 ) ;
#3627 = CIRCLE ( 'NONE', #1145, 1.500000000000000222 ) ;
#3628 = ORIENTED_EDGE ( 'NONE', *, *, #2520, .T. ) ;
#3629 = DIRECTION ( 'NONE',  ( -0.000000000000000000, -1.000000000000000000, -0.000000000000000000 ) ) ;
#3630 = VERTEX_POINT ( 'NONE', #960 ) ;
#3631 = ADVANCED_FACE ( 'NONE', ( #1270 ), #310, .T. ) ;
#3632 = CARTESIAN_POINT ( 'NONE',  ( 24.63888073992833938, 5.099999999999999645, -44.65339355394601739 ) ) ;
#3633 = DIRECTION ( 'NONE',  ( 0.000000000000000000, 0.000000000000000000, 1.000000000000000000 ) ) ;
#3634 = EDGE_LOOP ( 'NONE', ( #3774, #4368, #4159, #1219 ) ) ;
#3635 = APPROVAL_ROLE ( '' ) ;
#3636 = EDGE_CURVE ( 'NONE', #2774, #3382, #2799, .T. ) ;
#3637 = ORIENTED_EDGE ( 'NONE', *, *, #785, .T. ) ;
#3638 = DIRECTION ( 'NONE',  ( 0.000000000000000000, 1.000000000000000000, -0.000000000000000000 ) ) ;
#3639 = DIRECTION ( 'NONE',  ( 0.000000000000000000, 0.000000000000000000, -1.000000000000000000 ) ) ;
#3640 = EDGE_CURVE ( 'NONE', #2508, #2831, #1961, .T. ) ;
#3641 = CARTESIAN_POINT ( 'NONE',  ( -31.26927018025264715, 0.000000000000000000, 30.95533463547701913 ) ) ;
#3642 = CARTESIAN_POINT ( 'NONE',  ( 0.000000000000000000, 5.099999999999999645, 0.000000000000000000 ) ) ;
#3643 = ORIENTED_EDGE ( 'NONE', *, *, #3791, .F. ) ;
#3644 = VERTEX_POINT ( 'NONE', #2317 ) ;
#3645 = PLANE ( 'NONE',  #266 ) ;
#3646 = DIRECTION ( 'NONE',  ( -0.000000000000000000, 1.000000000000000000, -0.000000000000000000 ) ) ;
#3647 = CIRCLE ( 'NONE', #1589, 5.000000000000000000 ) ;
#3648 = ORIENTED_EDGE ( 'NONE', *, *, #1144, .T. ) ;
#3649 = DIRECTION ( 'NONE',  ( 0.000000000000000000, 0.000000000000000000, 1.000000000000000000 ) ) ;
#3650 = AXIS2_PLACEMENT_3D ( 'NONE', #2801, #285, #2683 ) ;
#3651 = FACE_OUTER_BOUND ( 'NONE', #3337, .T. ) ;
#3652 = EDGE_LOOP ( 'NONE', ( #1588, #1918, #2283, #1430 ) ) ;
#3653 = EDGE_CURVE ( 'NONE', #3049, #2831, #405, .T. ) ;
#3654 = AXIS2_PLACEMENT_3D ( 'NONE', #3222, #502, #1891 ) ;
#3655 = AXIS2_PLACEMENT_3D ( 'NONE', #180, #2874, #4235 ) ;
#3656 = AXIS2_PLACEMENT_3D ( 'NONE', #1440, #3695, #366 ) ;
#3657 = AXIS2_PLACEMENT_3D ( 'NONE', #574, #1633, #858 ) ;
#3658 = DIRECTION ( 'NONE',  ( -1.000000000000000000, 0.000000000000000000, 0.000000000000000000 ) ) ;
#3659 = ORIENTED_EDGE ( 'NONE', *, *, #2928, .F. ) ;
#3660 = FACE_OUTER_BOUND ( 'NONE', #3652, .T. ) ;
#3661 = EDGE_CURVE ( 'NONE', #4106, #3795, #4018, .T. ) ;
#3662 = LINE ( 'NONE', #3340, #884 ) ;
#3663 = PRODUCT_DEFINITION_FORMATION_WITH_SPECIFIED_SOURCE ( 'ANY', '', #2635, .NOT_KNOWN. ) ;
#3664 = DIRECTION ( 'NONE',  ( -0.000000000000000000, 1.000000000000000000, -0.000000000000000000 ) ) ;
#3665 = ORIENTED_EDGE ( 'NONE', *, *, #3555, .T. ) ;
#3666 = EDGE_CURVE ( 'NONE', #3820, #3766, #2309, .T. ) ;
#3667 = CARTESIAN_POINT ( 'NONE',  ( 6.595879877192315277, 0.000000000000000000, 50.57167555703142625 ) ) ;
#3668 = DIRECTION ( 'NONE',  ( -1.000000000000000000, 0.000000000000000000, -0.000000000000000000 ) ) ;
#3669 = CARTESIAN_POINT ( 'NONE',  ( 33.86627113243231690, 0.09999999999999939493, -38.13234427077072297 ) ) ;
#3670 = ORIENTED_EDGE ( 'NONE', *, *, #1120, .F. ) ;
#3671 = CC_DESIGN_PERSON_AND_ORGANIZATION_ASSIGNMENT ( #1686, #3061, ( #3395 ) ) ;
#3672 = DIRECTION ( 'NONE',  ( -1.000000000000000000, 0.000000000000000000, 0.000000000000000000 ) ) ;
#3673 = DIRECTION ( 'NONE',  ( -0.9147416616484849161, 0.000000000000000000, 0.4040392214186250275 ) ) ;
#3674 = VERTEX_POINT ( 'NONE', #124 ) ;
#3675 = DIRECTION ( 'NONE',  ( 0.000000000000000000, 1.000000000000000000, 0.000000000000000000 ) ) ;
#3676 = CIRCLE ( 'NONE', #1906, 2.000000000000000444 ) ;
#3677 = CARTESIAN_POINT ( 'NONE',  ( 4.000000000000000000, 3.343279438444378027, -1.696314710327964992 ) ) ;
#3678 = DIRECTION ( 'NONE',  ( 0.000000000000000000, -0.5877852522924624790, -0.8090169943749553338 ) ) ;
#3679 = ORIENTED_EDGE ( 'NONE', *, *, #2332, .F. ) ;
#3680 = EDGE_CURVE ( 'NONE', #491, #345, #1109, .T. ) ;
#3681 = ORIENTED_EDGE ( 'NONE', *, *, #1862, .F. ) ;
#3682 = LINE ( 'NONE', #3413, #617 ) ;
#3683 = EDGE_CURVE ( 'NONE', #2356, #935, #3751, .T. ) ;
#3684 = EDGE_CURVE ( 'NONE', #322, #2253, #765, .T. ) ;
#3685 = CYLINDRICAL_SURFACE ( 'NONE', #4005, 51.00000000000000000 ) ;
#3686 = DIRECTION ( 'NONE',  ( 0.000000000000000000, 0.000000000000000000, 1.000000000000000000 ) ) ;
#3687 = CARTESIAN_POINT ( 'NONE',  ( -10.68079831663648882, 0.000000000000000000, -43.38332911666017111 ) ) ;
#3688 = VERTEX_POINT ( 'NONE', #2113 ) ;
#3689 = ADVANCED_FACE ( 'NONE', ( #4253 ), #1553, .T. ) ;
#3690 = ORIENTED_EDGE ( 'NONE', *, *, #1469, .F. ) ;
#3691 = CARTESIAN_POINT ( 'NONE',  ( 0.000000000000000000, 0.09999999999999939493, 0.000000000000000000 ) ) ;
#3692 = CARTESIAN_POINT ( 'NONE',  ( 4.000000000000000000, 1.660179660521027722, -4.395379282859348535 ) ) ;
#3693 = DIRECTION ( 'NONE',  ( 0.8797238221473380193, -0.000000000000000000, -0.4754850121155016485 ) ) ;
#3694 = LINE ( 'NONE', #1656, #1273 ) ;
#3695 = DIRECTION ( 'NONE',  ( -1.000000000000000000, -0.000000000000000000, -0.000000000000000000 ) ) ;
#3696 = ORIENTED_EDGE ( 'NONE', *, *, #3456, .F. ) ;
#3697 = VECTOR ( 'NONE', #48, 1000.000000000000000 ) ;
#3698 = CARTESIAN_POINT ( 'NONE',  ( 0.000000000000000000, 0.09999999999999939493, 0.000000000000000000 ) ) ;
#3699 = APPROVAL_DATE_TIME ( #411, #1026 ) ;
#3700 = ORIENTED_EDGE ( 'NONE', *, *, #3815, .F. ) ;
#3701 = ORIENTED_EDGE ( 'NONE', *, *, #2326, .F. ) ;
#3702 = ADVANCED_FACE ( 'NONE', ( #2200 ), #796, .T. ) ;
#3703 = CARTESIAN_POINT ( 'NONE',  ( 44.86591492951423987, 0.000000000000000000, -24.24973561789057186 ) ) ;
#3704 = DIRECTION ( 'NONE',  ( 0.000000000000000000, 0.000000000000000000, 1.000000000000000000 ) ) ;
#3705 = LINE ( 'NONE', #694, #3817 ) ;
#3706 = ORIENTED_EDGE ( 'NONE', *, *, #4272, .T. ) ;
#3707 = EDGE_LOOP ( 'NONE', ( #3811, #2143, #2052, #4062 ) ) ;
#3708 = ADVANCED_FACE ( 'NONE', ( #1851 ), #3899, .F. ) ;
#3709 = ORIENTED_EDGE ( 'NONE', *, *, #785, .F. ) ;
#3710 = ORIENTED_EDGE ( 'NONE', *, *, #2765, .T. ) ;
#3711 = AXIS2_PLACEMENT_3D ( 'NONE', #3482, #815, #529 ) ;
#3712 = ADVANCED_FACE ( 'NONE', ( #3504 ), #468, .T. ) ;
#3713 = CIRCLE ( 'NONE', #3011, 7.758387151172476237 ) ;
#3714 = FACE_OUTER_BOUND ( 'NONE', #4168, .T. ) ;
#3715 = DIRECTION ( 'NONE',  ( 0.000000000000000000, 0.000000000000000000, -1.000000000000000000 ) ) ;
#3716 = CARTESIAN_POINT ( 'NONE',  ( 0.000000000000000000, 0.000000000000000000, 0.000000000000000000 ) ) ;
#3717 = CARTESIAN_POINT ( 'NONE',  ( 4.000000000000000000, -0.5801609955211061154, -3.703837769027682914 ) ) ;
#3718 = VECTOR ( 'NONE', #609, 1000.000000000000114 ) ;
#3719 = DIRECTION ( 'NONE',  ( -0.000000000000000000, 1.000000000000000000, -0.000000000000000000 ) ) ;
#3720 = CARTESIAN_POINT ( 'NONE',  ( -32.43616245113830843, 0.000000000000000000, -30.72601400492420964 ) ) ;
#3721 = VERTEX_POINT ( 'NONE', #2830 ) ;
#3722 = AXIS2_PLACEMENT_3D ( 'NONE', #2477, #2168, #3163 ) ;
#3723 = APPROVAL_ROLE ( '' ) ;
#3724 = DIRECTION ( 'NONE',  ( 0.000000000000000000, 0.000000000000000000, 1.000000000000000000 ) ) ;
#3725 = ORIENTED_EDGE ( 'NONE', *, *, #68, .F. ) ;
#3726 = VERTEX_POINT ( 'NONE', #4187 ) ;
#3727 = APPROVAL_PERSON_ORGANIZATION ( #2108, #3524, #3385 ) ;
#3728 = DIRECTION ( 'NONE',  ( 0.000000000000000000, 1.000000000000000000, 0.000000000000000000 ) ) ;
#3729 = SECURITY_CLASSIFICATION ( '', '', #4277 ) ;
#3730 = DIRECTION ( 'NONE',  ( 0.000000000000000000, 0.000000000000000000, -1.000000000000000000 ) ) ;
#3731 = DIRECTION ( 'NONE',  ( -1.000000000000000000, 0.000000000000000000, 0.000000000000000000 ) ) ;
#3732 = DIRECTION ( 'NONE',  ( 0.000000000000000000, 0.000000000000000000, 1.000000000000000000 ) ) ;
#3733 = EDGE_LOOP ( 'NONE', ( #3613, #2876, #4324, #3053, #3422 ) ) ;
#3734 = EDGE_CURVE ( 'NONE', #3795, #3295, #1177, .T. ) ;
#3735 = EDGE_LOOP ( 'NONE', ( #1078, #1971, #3254, #668, #3131 ) ) ;
#3736 = CARTESIAN_POINT ( 'NONE',  ( 4.000000000000000000, -3.701838652623401504, 0.5927829197466520927 ) ) ;
#3737 = CARTESIAN_POINT ( 'NONE',  ( -17.77772574241948078, 0.000000000000000000, -40.24863311253334075 ) ) ;
#3738 = ADVANCED_FACE ( 'NONE', ( #4317 ), #4148, .T. ) ;
#3739 = DIRECTION ( 'NONE',  ( 0.4040392214186250275, 0.000000000000000000, 0.9147416616484849161 ) ) ;
#3740 = DIRECTION ( 'NONE',  ( -0.000000000000000000, 1.000000000000000000, -0.000000000000000000 ) ) ;
#3741 = CARTESIAN_POINT ( 'NONE',  ( -11.09843207402390064, 0.000000000000000000, 49.77775412268292854 ) ) ;
#3742 = CARTESIAN_POINT ( 'NONE',  ( 4.000000000000000000, 2.646421322368450291, -2.655457622428500475 ) ) ;
#3743 = CARTESIAN_POINT ( 'NONE',  ( 0.000000000000000000, 5.099999999999999645, 0.000000000000000000 ) ) ;
#3744 = AXIS2_PLACEMENT_3D ( 'NONE', #1030, #2815, #3732 ) ;
#3745 = DATE_TIME_ROLE ( 'classification_date' ) ;
#3746 = TOROIDAL_SURFACE ( 'NONE', #4100, 46.00000000000000000, 5.000000000000000000 ) ;
#3747 = ORIENTED_EDGE ( 'NONE', *, *, #3821, .T. ) ;
#3748 = ORIENTED_EDGE ( 'NONE', *, *, #2355, .T. ) ;
#3749 = DIRECTION ( 'NONE',  ( 0.000000000000000000, 0.000000000000000000, 1.000000000000000000 ) ) ;
#3750 = VECTOR ( 'NONE', #2445, 1000.000000000000000 ) ;
#3751 = LINE ( 'NONE', #2772, #3154 ) ;
#3752 = ORIENTED_EDGE ( 'NONE', *, *, #1943, .F. ) ;
#3753 = ITEM_DEFINED_TRANSFORMATION ( 'NONE', 'NONE', #3944,  #2593 ) ;
#3754 = CARTESIAN_POINT ( 'NONE',  ( -11.09843207402390064, 5.099999999999999645, 49.77775412268292854 ) ) ;
#3755 = ORIENTED_EDGE ( 'NONE', *, *, #2780, .T. ) ;
#3756 = EDGE_CURVE ( 'NONE', #3280, #3325, #1877, .T. ) ;
#3757 = CARTESIAN_POINT ( 'NONE',  ( 0.000000000000000000, 0.000000000000000000, 0.000000000000000000 ) ) ;
#3758 = DIRECTION ( 'NONE',  ( 0.000000000000000000, 0.000000000000000000, 1.000000000000000000 ) ) ;
#3759 = DIRECTION ( 'NONE',  ( -1.000000000000000000, -0.000000000000000000, -0.000000000000000000 ) ) ;
#3760 = CYLINDRICAL_SURFACE ( 'NONE', #1713, 7.758387151174702900 ) ;
#3761 =( NAMED_UNIT ( * ) PLANE_ANGLE_UNIT ( ) SI_UNIT ( $, .RADIAN. ) );
#3762 = CYLINDRICAL_SURFACE ( 'NONE', #194, 7.758387151172469132 ) ;
#3763 = DIRECTION ( 'NONE',  ( -0.6448033618068583772, 0.000000000000000000, -0.7643484968275752189 ) ) ;
#3764 = ADVANCED_FACE ( 'NONE', ( #1590 ), #2325, .F. ) ;
#3765 = PERSON_AND_ORGANIZATION ( #561, #3796 ) ;
#3766 = VERTEX_POINT ( 'NONE', #3736 ) ;
#3767 = EDGE_CURVE ( 'NONE', #2935, #250, #2164, .T. ) ;
#3768 = CARTESIAN_POINT ( 'NONE',  ( -32.69060064299139867, 5.099999999999999645, 32.36239530072596438 ) ) ;
#3769 = FACE_OUTER_BOUND ( 'NONE', #3733, .T. ) ;
#3770 = AXIS2_PLACEMENT_3D ( 'NONE', #2533, #1582, #3885 ) ;
#3771 = ORIENTED_EDGE ( 'NONE', *, *, #513, .T. ) ;
#3772 = CARTESIAN_POINT ( 'NONE',  ( 4.000000000000000000, -1.660179660520931355, -4.395379282859384951 ) ) ;
#3773 = DIRECTION ( 'NONE',  ( 0.000000000000000000, 0.000000000000000000, 1.000000000000000000 ) ) ;
#3774 = ORIENTED_EDGE ( 'NONE', *, *, #1760, .F. ) ;
#3775 = EDGE_LOOP ( 'NONE', ( #648, #2087, #3004, #2459 ) ) ;
#3776 = DIRECTION ( 'NONE',  ( 0.01272426201484069819, -0.000000000000000000, -0.9999190433010952672 ) ) ;
#3777 = CARTESIAN_POINT ( 'NONE',  ( 15.00005080000000035, 0.000000000000000000, 0.000000000000000000 ) ) ;
#3778 = CARTESIAN_POINT ( 'NONE',  ( 0.000000000000000000, -3.622205203785608951, 4.783265564618843335 ) ) ;
#3779 = APPROVAL ( #1992, 'UNSPECIFIED' ) ;
#3780 = CIRCLE ( 'NONE', #4349, 46.00000000000000000 ) ;
#3781 = AXIS2_PLACEMENT_3D ( 'NONE', #717, #633, #1978 ) ;
#3782 = DIRECTION ( 'NONE',  ( 0.3539493496241843951, 0.000000000000000000, -0.9352645924553205647 ) ) ;
#3783 = DIRECTION ( 'NONE',  ( 0.000000000000000000, 0.000000000000000000, -1.000000000000000000 ) ) ;
#3784 = VECTOR ( 'NONE', #2800, 1000.000000000000000 ) ;
#3785 = PERSON_AND_ORGANIZATION ( #561, #3796 ) ;
#3786 = EDGE_CURVE ( 'NONE', #935, #2814, #3308, .T. ) ;
#3787 = ORIENTED_EDGE ( 'NONE', *, *, #3684, .F. ) ;
#3788 = ORIENTED_EDGE ( 'NONE', *, *, #4147, .F. ) ;
#3789 = AXIS2_PLACEMENT_3D ( 'NONE', #3571, #3189, #511 ) ;
#3790 = DIRECTION ( 'NONE',  ( -1.000000000000000000, 0.000000000000000000, 0.000000000000000000 ) ) ;
#3791 = EDGE_CURVE ( 'NONE', #3382, #963, #2241, .T. ) ;
#3792 = CIRCLE ( 'NONE', #1316, 3.749000000000000554 ) ;
#3793 = AXIS2_PLACEMENT_3D ( 'NONE', #1244, #2597, #584 ) ;
#3794 = ORIENTED_EDGE ( 'NONE', *, *, #3338, .F. ) ;
#3795 = VERTEX_POINT ( 'NONE', #2075 ) ;
#3796 = ORGANIZATION ( 'UNSPECIFIED', 'UNSPECIFIED', '' ) ;
#3797 = DIRECTION ( 'NONE',  ( 0.000000000000000000, 0.000000000000000000, -1.000000000000000000 ) ) ;
#3798 = CARTESIAN_POINT ( 'NONE',  ( -2.002551020450932029, 0.000000000000000000, 44.63389043324335859 ) ) ;
#3799 = PRODUCT_DEFINITION ( 'UNKNOWN', '', #3663, #2240 ) ;
#3800 = DIRECTION ( 'NONE',  ( -1.000000000000000000, 0.000000000000000000, 0.000000000000000000 ) ) ;
#3801 = CARTESIAN_POINT ( 'NONE',  ( -49.88720485481936606, 0.09999999999999939493, 10.59560247335098992 ) ) ;
#3802 = ORIENTED_EDGE ( 'NONE', *, *, #2086, .F. ) ;
#3803 = ORIENTED_EDGE ( 'NONE', *, *, #3786, .T. ) ;
#3804 = LOCAL_TIME ( 2, 31, 6.000000000000000000, #731 ) ;
#3805 = VECTOR ( 'NONE', #2008, 1000.000000000000000 ) ;
#3806 = CARTESIAN_POINT ( 'NONE',  ( -3.407442633261665410, 0.09999999999999939493, -50.88604263156086915 ) ) ;
#3807 = CARTESIAN_POINT ( 'NONE',  ( -10.68079831663648882, 5.099999999999999645, -43.38332911666017111 ) ) ;
#3808 = PLANE ( 'NONE',  #360 ) ;
#3809 = VECTOR ( 'NONE', #2888, 1000.000000000000114 ) ;
#3810 = ORIENTED_EDGE ( 'NONE', *, *, #17, .F. ) ;
#3811 = ORIENTED_EDGE ( 'NONE', *, *, #3505, .T. ) ;
#3812 = DIRECTION ( 'NONE',  ( -1.000000000000000000, -0.000000000000000000, -0.000000000000000000 ) ) ;
#3813 = CIRCLE ( 'NONE', #1415, 2.000000000000000000 ) ;
#3814 = DIRECTION ( 'NONE',  ( -1.000000000000000000, 0.000000000000000000, 0.000000000000000000 ) ) ;
#3815 = EDGE_CURVE ( 'NONE', #2233, #2762, #4044, .T. ) ;
#3816 = APPLICATION_CONTEXT ( 'configuration controlled 3d designs of mechanical parts and assemblies' ) ;
#3817 = VECTOR ( 'NONE', #3731, 1000.000000000000000 ) ;
#3818 = ORIENTED_EDGE ( 'NONE', *, *, #1412, .T. ) ;
#3819 = CIRCLE ( 'NONE', #365, 1.999999999999999556 ) ;
#3820 = VERTEX_POINT ( 'NONE', #1086 ) ;
#3821 = EDGE_CURVE ( 'NONE', #118, #2138, #2125, .T. ) ;
#3822 = EDGE_CURVE ( 'NONE', #1353, #3118, #3031, .T. ) ;
#3823 = CYLINDRICAL_SURFACE ( 'NONE', #3585, 3.749000000000000554 ) ;
#3824 = DIRECTION ( 'NONE',  ( 0.000000000000000000, 1.000000000000000000, 0.000000000000000000 ) ) ;
#3825 = ORIENTED_EDGE ( 'NONE', *, *, #1735, .T. ) ;
#3826 = EDGE_CURVE ( 'NONE', #530, #3856, #2027, .T. ) ;
#3827 = VECTOR ( 'NONE', #3619, 1000.000000000000000 ) ;
#3828 = AXIS2_PLACEMENT_3D ( 'NONE', #911, #3513, #3244 ) ;
#3829 = DIRECTION ( 'NONE',  ( 0.000000000000000000, 0.5877852522924685852, 0.8090169943749508930 ) ) ;
#3830 = CARTESIAN_POINT ( 'NONE',  ( 4.000000000000000000, 1.707701112668223109, 3.337477776673834384 ) ) ;
#3831 = CARTESIAN_POINT ( 'NONE',  ( -45.99627599185038207, 0.09999999999999939493, -0.5853160526826721721 ) ) ;
#3832 = DIRECTION ( 'NONE',  ( 0.000000000000000000, 0.000000000000000000, 1.000000000000000000 ) ) ;
#3833 = ORIENTED_EDGE ( 'NONE', *, *, #1809, .F. ) ;
#3834 = CARTESIAN_POINT ( 'NONE',  ( 0.000000000000000000, 5.099999999999999645, 0.000000000000000000 ) ) ;
#3835 = LINE ( 'NONE', #1769, #4010 ) ;
#3836 = EDGE_CURVE ( 'NONE', #3644, #1428, #2657, .T. ) ;
#3837 = CYLINDRICAL_SURFACE ( 'NONE', #1483, 5.999999999999998224 ) ;
#3838 = CIRCLE ( 'NONE', #2288, 5.999999999999999112 ) ;
#3839 = ORIENTED_EDGE ( 'NONE', *, *, #232, .F. ) ;
#3840 = DATE_TIME_ROLE ( 'classification_date' ) ;
#3841 = DIRECTION ( 'NONE',  ( 0.000000000000000000, 0.000000000000000000, 1.000000000000000000 ) ) ;
#3842 = DIRECTION ( 'NONE',  ( 0.000000000000000000, 0.000000000000000000, 1.000000000000000000 ) ) ;
#3843 = LINE ( 'NONE', #1543, #3809 ) ;
#3844 = ADVANCED_FACE ( 'NONE', ( #3893 ), #3498, .F. ) ;
#3845 = DIRECTION ( 'NONE',  ( 0.8343761439417597403, 0.000000000000000000, 0.5511954738755386884 ) ) ;
#3846 = VERTEX_POINT ( 'NONE', #1146 ) ;
#3847 = DIRECTION ( 'NONE',  ( -0.000000000000000000, 1.000000000000000000, -0.000000000000000000 ) ) ;
#3848 = FACE_OUTER_BOUND ( 'NONE', #1420, .T. ) ;
#3849 = CARTESIAN_POINT ( 'NONE',  ( 14.46416544611106580, 0.000000000000000000, -34.51430485128940262 ) ) ;
#3850 = DIRECTION ( 'NONE',  ( 1.000000000000000000, 0.000000000000000000, 0.000000000000000000 ) ) ;
#3851 = CARTESIAN_POINT ( 'NONE',  ( 32.88497145215080764, 0.000000000000000000, 38.98177333820545698 ) ) ;
#3852 = DIRECTION ( 'NONE',  ( -1.000000000000000000, 0.000000000000000000, 0.000000000000000000 ) ) ;
#3853 = EDGE_CURVE ( 'NONE', #3496, #4331, #4358, .T. ) ;
#3854 = AXIS2_PLACEMENT_3D ( 'NONE', #1829, #3142, #2869 ) ;
#3855 = CALENDAR_DATE ( 2025, 5, 10 ) ;
#3856 = VERTEX_POINT ( 'NONE', #1778 ) ;
#3857 = FACE_OUTER_BOUND ( 'NONE', #3092, .T. ) ;
#3858 = ORIENTED_EDGE ( 'NONE', *, *, #847, .T. ) ;
#3859 = VERTEX_POINT ( 'NONE', #1478 ) ;
#3860 = VERTEX_POINT ( 'NONE', #2825 ) ;
#3861 = APPROVAL_ROLE ( '' ) ;
#3862 = AXIS2_PLACEMENT_3D ( 'NONE', #3919, #3286, #253 ) ;
#3863 = CIRCLE ( 'NONE', #2436, 7.758387151172469132 ) ;
#3864 = ORIENTED_EDGE ( 'NONE', *, *, #3040, .F. ) ;
#3865 = FACE_OUTER_BOUND ( 'NONE', #104, .T. ) ;
#3866 = ORIENTED_EDGE ( 'NONE', *, *, #2608, .F. ) ;
#3867 = DIRECTION ( 'NONE',  ( 0.8481319371989830547, 0.000000000000000000, -0.5297850668932641005 ) ) ;
#3868 = DIRECTION ( 'NONE',  ( 0.000000000000000000, 0.000000000000000000, 1.000000000000000000 ) ) ;
#3869 = ORIENTED_EDGE ( 'NONE', *, *, #2579, .T. ) ;
#3870 = AXIS2_PLACEMENT_3D ( 'NONE', #1719, #404, #3078 ) ;
#3871 = EDGE_LOOP ( 'NONE', ( #2040, #1750 ) ) ;
#3873 = EDGE_CURVE ( 'NONE', #2447, #1796, #3310, .T. ) ;
#3872 = DIRECTION ( 'NONE',  ( -1.000000000000000000, -0.000000000000000000, 0.000000000000000000 ) ) ;
#3874 = LOCAL_TIME ( 2, 31, 6.000000000000000000, #2085 ) ;
#3875 = DIRECTION ( 'NONE',  ( -0.9352645924553205647, -0.000000000000000000, -0.3539493496241843951 ) ) ;
#3876 = ORIENTED_EDGE ( 'NONE', *, *, #4032, .F. ) ;
#3877 = ADVANCED_FACE ( 'NONE', ( #2893 ), #1170, .T. ) ;
#3878 = EDGE_CURVE ( 'NONE', #2762, #4144, #2662, .T. ) ;
#3879 = PERSON_AND_ORGANIZATION ( #561, #3796 ) ;
#3880 = ORIENTED_EDGE ( 'NONE', *, *, #1862, .T. ) ;
#3881 = PLANE ( 'NONE',  #2194 ) ;
#3882 = LINE ( 'NONE', #1183, #2972 ) ;
#3883 = VERTEX_POINT ( 'NONE', #4182 ) ;
#3884 = ORIENTED_EDGE ( 'NONE', *, *, #1578, .T. ) ;
#3885 = DIRECTION ( 'NONE',  ( 0.7972778184133626489, -1.775381057445013905E-15, 0.6036125249413147875 ) ) ;
#3886 = COORDINATED_UNIVERSAL_TIME_OFFSET ( 7, 0, .AHEAD. ) ;
#3887 = CARTESIAN_POINT ( 'NONE',  ( 39.76328366797952896, 5.099999999999999645, 20.37336111512493630 ) ) ;
#3888 = ORIENTED_EDGE ( 'NONE', *, *, #4234, .F. ) ;
#3889 = CARTESIAN_POINT ( 'NONE',  ( 4.000000000000000000, -5.668478849484086091, -1.966811514342833744 ) ) ;
#3890 = CARTESIAN_POINT ( 'NONE',  ( 0.000000000000000000, 0.000000000000000000, 0.000000000000000000 ) ) ;
#3891 = VERTEX_POINT ( 'NONE', #1502 ) ;
#3892 = AXIS2_PLACEMENT_3D ( 'NONE', #1301, #84, #3678 ) ;
#3893 = FACE_OUTER_BOUND ( 'NONE', #2856, .T. ) ;
#3894 = DIRECTION ( 'NONE',  ( 0.000000000000000000, 0.000000000000000000, 1.000000000000000000 ) ) ;
#3895 = CIRCLE ( 'NONE', #4345, 2.000000000000000444 ) ;
#3896 = DIRECTION ( 'NONE',  ( -1.000000000000000000, 0.000000000000000000, 0.000000000000000000 ) ) ;
#3897 = DIRECTION ( 'NONE',  ( 1.000000000000000000, 0.000000000000000000, 0.000000000000000000 ) ) ;
#3898 = EDGE_CURVE ( 'NONE', #2233, #4132, #527, .T. ) ;
#3899 = PLANE ( 'NONE',  #2016 ) ;
#3900 = LINE ( 'NONE', #231, #1484 ) ;
#3901 = DIRECTION ( 'NONE',  ( 0.000000000000000000, 0.5877852522924744694, -0.8090169943749465631 ) ) ;
#3902 = EDGE_LOOP ( 'NONE', ( #1449, #788, #2534, #4101 ) ) ;
#3903 = DIRECTION ( 'NONE',  ( -0.000000000000000000, 1.000000000000000000, -0.000000000000000000 ) ) ;
#3904 = ADVANCED_FACE ( 'NONE', ( #1193 ), #1547, .F. ) ;
#3905 = APPLICATION_CONTEXT ( 'configuration controlled 3d designs of mechanical parts and assemblies' ) ;
#3906 = CARTESIAN_POINT ( 'NONE',  ( -50.99587120835578702, 0.000000000000000000, -0.6489373627566982217 ) ) ;
#3907 = ORIENTED_EDGE ( 'NONE', *, *, #1950, .T. ) ;
#3908 = EDGE_CURVE ( 'NONE', #3630, #4188, #2195, .T. ) ;
#3909 = CARTESIAN_POINT ( 'NONE',  ( 48.73782997361919200, 0.000000000000000000, 15.02078325063638609 ) ) ;
#3910 = ORIENTED_EDGE ( 'NONE', *, *, #1269, .F. ) ;
#3911 = COORDINATED_UNIVERSAL_TIME_OFFSET ( 7, 0, .AHEAD. ) ;
#3912 = DIRECTION ( 'NONE',  ( 0.000000000000000000, 0.000000000000000000, 1.000000000000000000 ) ) ;
#3913 = ORIENTED_EDGE ( 'NONE', *, *, #2870, .T. ) ;
#3914 = PRODUCT_RELATED_PRODUCT_CATEGORY ( 'detail', '', ( #2635 ) ) ;
#3915 = PRODUCT_DEFINITION_SHAPE ( 'NONE', 'NONE',  #3799 ) ;
#3916 = DIRECTION ( 'NONE',  ( -0.6640445320084762404, 0.000000000000000000, 0.7476930249170736786 ) ) ;
#3917 = LINE ( 'NONE', #878, #476 ) ;
#3918 = CARTESIAN_POINT ( 'NONE',  ( 0.000000000000000000, 0.000000000000000000, 0.000000000000000000 ) ) ;
#3919 = CARTESIAN_POINT ( 'NONE',  ( 4.000000000000000000, -1.240425561619457495, -4.531765657166964445 ) ) ;
#3920 = ORIENTED_EDGE ( 'NONE', *, *, #868, .T. ) ;
#3921 = DIRECTION ( 'NONE',  ( 0.000000000000000000, 0.000000000000000000, -1.000000000000000000 ) ) ;
#3922 = CARTESIAN_POINT ( 'NONE',  ( 4.000000000000000000, 1.240425561619552086, -4.531765657166937800 ) ) ;
#3923 = EDGE_CURVE ( 'NONE', #1414, #695, #1460, .T. ) ;
#3924 = VECTOR ( 'NONE', #1953, 1000.000000000000000 ) ;
#3925 = LINE ( 'NONE', #2248, #2246 ) ;
#3926 = VECTOR ( 'NONE', #1850, 1000.000000000000000 ) ;
#3927 = CARTESIAN_POINT ( 'NONE',  ( 14.46416544611106580, 0.000000000000000000, -34.51430485128940262 ) ) ;
#3928 = AXIS2_PLACEMENT_3D ( 'NONE', #4156, #570, #3277 ) ;
#3929 = ORIENTED_EDGE ( 'NONE', *, *, #1809, .T. ) ;
#3930 = APPROVAL_DATE_TIME ( #2577, #528 ) ;
#3931 = EDGE_CURVE ( 'NONE', #3478, #2176, #2314, .T. ) ;
#3932 = DIRECTION ( 'NONE',  ( -0.000000000000000000, 1.000000000000000000, -0.000000000000000000 ) ) ;
#3933 = AXIS2_PLACEMENT_3D ( 'NONE', #936, #4037, #4346 ) ;
#3934 = ORIENTED_EDGE ( 'NONE', *, *, #1090, .T. ) ;
#3935 = CARTESIAN_POINT ( 'NONE',  ( 4.000000000000000000, 3.701838652623397063, -0.5927829197466779609 ) ) ;
#3936 = EDGE_LOOP ( 'NONE', ( #4241, #1281, #3833, #1759, #3307 ) ) ;
#3937 = CIRCLE ( 'NONE', #2019, 51.00000000000000000 ) ;
#3938 = DIRECTION ( 'NONE',  ( 0.8481319371989830547, 0.000000000000000000, -0.5297850668932641005 ) ) ;
#3939 = DIRECTION ( 'NONE',  ( 0.4040392214186250275, 0.000000000000000000, 0.9147416616484849161 ) ) ;
#3940 = VERTEX_POINT ( 'NONE', #791 ) ;
#3941 = AXIS2_PLACEMENT_3D ( 'NONE', #1479, #2827, #4184 ) ;
#3942 = ORIENTED_EDGE ( 'NONE', *, *, #1647, .F. ) ;
#3943 = PERSON_AND_ORGANIZATION_ROLE ( 'creator' ) ;
#3944 = AXIS2_PLACEMENT_3D ( 'NONE', #2548, #2809, #3897 ) ;
#3945 = APPLICATION_PROTOCOL_DEFINITION ( 'international standard', 'config_control_design', 1994, #3905 ) ;
#3946 = ORIENTED_EDGE ( 'NONE', *, *, #230, .F. ) ;
#3947 = CARTESIAN_POINT ( 'NONE',  ( -32.69060064299140578, 0.09999999999999939493, 32.36239530072596438 ) ) ;
#3948 = CC_DESIGN_APPROVAL ( #1876, ( #2321 ) ) ;
#3949 = CARTESIAN_POINT ( 'NONE',  ( -43.89771815432407465, 0.000000000000000000, -0.5592394352402287883 ) ) ;
#3950 = LINE ( 'NONE', #3906, #1569 ) ;
#3951 = CARTESIAN_POINT ( 'NONE',  ( 5.682895313564861439, 0.000000000000000000, 43.57167555703159678 ) ) ;
#3952 = APPLICATION_PROTOCOL_DEFINITION ( 'international standard', 'config_control_design', 1994, #1694 ) ;
#3953 = ORIENTED_EDGE ( 'NONE', *, *, #2487, .F. ) ;
#3954 = CARTESIAN_POINT ( 'NONE',  ( 17.56921330411507753, 0.09999999999999939493, 47.87820740038733192 ) ) ;
#3955 = EDGE_CURVE ( 'NONE', #2464, #3856, #756, .T. ) ;
#3956 = APPROVAL_ROLE ( '' ) ;
#3957 = DIRECTION ( 'NONE',  ( -1.000000000000000000, -0.000000000000000000, -0.000000000000000000 ) ) ;
#3958 = FACE_OUTER_BOUND ( 'NONE', #2488, .T. ) ;
#3959 = CIRCLE ( 'NONE', #3042, 5.999999999999999112 ) ;
#3960 = CARTESIAN_POINT ( 'NONE',  ( -36.71255033343738461, 0.000000000000000000, -24.25260085052363834 ) ) ;
#3961 = ORIENTED_EDGE ( 'NONE', *, *, #1199, .F. ) ;
#3962 = EDGE_CURVE ( 'NONE', #3000, #3288, #3792, .T. ) ;
#3963 = ADVANCED_FACE ( 'NONE', ( #4161 ), #1881, .T. ) ;
#3964 = CARTESIAN_POINT ( 'NONE',  ( 40.66116873908136142, 0.000000000000000000, 30.78423877200747327 ) ) ;
#3965 = CYLINDRICAL_SURFACE ( 'NONE', #2644, 1.500000000000000222 ) ;
#3966 = ORIENTED_EDGE ( 'NONE', *, *, #3377, .T. ) ;
#3967 = EDGE_CURVE ( 'NONE', #3118, #1007, #1111, .T. ) ;
#3968 = ORIENTED_EDGE ( 'NONE', *, *, #2928, .T. ) ;
#3969 = CIRCLE ( 'NONE', #4104, 5.000000000000004441 ) ;
#3970 = ORIENTED_EDGE ( 'NONE', *, *, #3931, .T. ) ;
#3971 = DIRECTION ( 'NONE',  ( -0.000000000000000000, -1.000000000000000000, -0.000000000000000000 ) ) ;
#3972 = DIRECTION ( 'NONE',  ( 0.000000000000000000, 0.000000000000000000, -1.000000000000000000 ) ) ;
#3973 = CIRCLE ( 'NONE', #2061, 51.00000000000000000 ) ;
#3974 = LINE ( 'NONE', #1043, #1869 ) ;
#3975 = ORIENTED_EDGE ( 'NONE', *, *, #2900, .F. ) ;
#3976 = ORIENTED_EDGE ( 'NONE', *, *, #3612, .F. ) ;
#3977 = CARTESIAN_POINT ( 'NONE',  ( 4.000000000000000000, 0.000000000000000000, 0.000000000000000000 ) ) ;
#3978 = EDGE_CURVE ( 'NONE', #2814, #254, #3591, .T. ) ;
#3979 = DIRECTION ( 'NONE',  ( -1.000000000000000000, -0.000000000000000000, -0.000000000000000000 ) ) ;
#3980 = ORIENTED_EDGE ( 'NONE', *, *, #3878, .F. ) ;
#3981 = DIRECTION ( 'NONE',  ( 0.000000000000000000, 0.9510565162951544194, -0.3090169943749447312 ) ) ;
#3982 = ADVANCED_FACE ( 'NONE', ( #3848 ), #811, .T. ) ;
#3983 = VERTEX_POINT ( 'NONE', #1899 ) ;
#3984 = CIRCLE ( 'NONE', #870, 3.749000000000000998 ) ;
#3985 = CARTESIAN_POINT ( 'NONE',  ( 0.000000000000000000, 0.09999999999999939493, 0.000000000000000000 ) ) ;
#3986 = ADVANCED_FACE ( 'NONE', ( #792 ), #2545, .T. ) ;
#3987 = DIRECTION ( 'NONE',  ( -0.9556437249729257122, 0.000000000000000000, -0.2945251617771749708 ) ) ;
#3988 = CARTESIAN_POINT ( 'NONE',  ( 40.46729581877755066, 5.099999999999999645, -21.87231055731306739 ) ) ;
#3989 = ORIENTED_EDGE ( 'NONE', *, *, #4330, .F. ) ;
#3990 = CYLINDRICAL_SURFACE ( 'NONE', #1456, 51.00000000000000000 ) ;
#3991 = PRODUCT_RELATED_PRODUCT_CATEGORY ( 'detail', '', ( #3245 ) ) ;
#3992 = COORDINATED_UNIVERSAL_TIME_OFFSET ( 7, 0, .AHEAD. ) ;
#3993 = CARTESIAN_POINT ( 'NONE',  ( -49.88720485481936606, 5.099999999999999645, 10.59560247335098992 ) ) ;
#3994 = AXIS2_PLACEMENT_3D ( 'NONE', #1241, #215, #1557 ) ;
#3995 = VECTOR ( 'NONE', #1873, 1000.000000000000114 ) ;
#3996 = DIRECTION ( 'NONE',  ( -0.000000000000000000, 0.000000000000000000, 1.000000000000000000 ) ) ;
#3997 = DIRECTION ( 'NONE',  ( -1.000000000000000000, -0.000000000000000000, 0.000000000000000000 ) ) ;
#3998 = ORIENTED_EDGE ( 'NONE', *, *, #631, .F. ) ;
#3999 = DIRECTION ( 'NONE',  ( -1.000000000000000000, -0.000000000000000000, -0.000000000000000000 ) ) ;
#4000 = CIRCLE ( 'NONE', #2300, 1.500000000000000222 ) ;
#4001 = ORIENTED_EDGE ( 'NONE', *, *, #1814, .T. ) ;
#4002 = CIRCLE ( 'NONE', #1317, 3.749000000000000554 ) ;
#4003 = CARTESIAN_POINT ( 'NONE',  ( 35.01885136591087644, 0.000000000000000000, -27.74657853141030373 ) ) ;
#4004 = EDGE_LOOP ( 'NONE', ( #2214, #1790, #3989, #3520, #588 ) ) ;
#4005 = AXIS2_PLACEMENT_3D ( 'NONE', #693, #1360, #3730 ) ;
#4006 = EDGE_CURVE ( 'NONE', #3052, #655, #1959, .T. ) ;
#4007 = AXIS2_PLACEMENT_3D ( 'NONE', #2846, #3207, #2103 ) ;
#4008 = AXIS2_PLACEMENT_3D ( 'NONE', #3230, #3140, #1847 ) ;
#4009 = CARTESIAN_POINT ( 'NONE',  ( 7.880614352436555059, 0.000000000000000000, -50.38745793774648263 ) ) ;
#4010 = VECTOR ( 'NONE', #762, 1000.000000000000000 ) ;
#4011 = DIRECTION ( 'NONE',  ( -0.5955371504465861721, 0.000000000000000000, -0.8033277677498520397 ) ) ;
#4012 = CARTESIAN_POINT ( 'NONE',  ( 0.000000000000000000, 0.000000000000000000, 0.000000000000000000 ) ) ;
#4013 = EDGE_CURVE ( 'NONE', #1029, #2292, #338, .T. ) ;
#4014 = EDGE_CURVE ( 'NONE', #1500, #81, #1504, .T. ) ;
#4015 = DIRECTION ( 'NONE',  ( 0.000000000000000000, 0.000000000000000000, 1.000000000000000000 ) ) ;
#4016 = LOCAL_TIME ( 2, 31, 6.000000000000000000, #3615 ) ;
#4017 = DIRECTION ( 'NONE',  ( 0.000000000000000000, 0.000000000000000000, 1.000000000000000000 ) ) ;
#4018 = LINE ( 'NONE', #3025, #3383 ) ;
#4019 = ORIENTED_EDGE ( 'NONE', *, *, #2337, .T. ) ;
#4020 = DIRECTION ( 'NONE',  ( 0.5511954738755386884, -0.000000000000000000, -0.8343761439417598513 ) ) ;
#4021 = VECTOR ( 'NONE', #3238, 1000.000000000000000 ) ;
#4022 = EDGE_LOOP ( 'NONE', ( #3435, #1240, #2342, #2352, #2333, #822, #579, #1227, #4287, #164, #203, #3067, #2575, #1800, #2471, #3417, #2419, #1501, #805, #449, #1776, #1232, #2159, #2803 ) ) ;
#4023 = ORIENTED_EDGE ( 'NONE', *, *, #847, .F. ) ;
#4024 = AXIS2_PLACEMENT_3D ( 'NONE', #1231, #4224, #897 ) ;
#4025 =( NAMED_UNIT ( * ) SI_UNIT ( $, .STERADIAN. ) SOLID_ANGLE_UNIT ( ) );
#4026 = EDGE_CURVE ( 'NONE', #3616, #1428, #839, .T. ) ;
#4027 = CYLINDRICAL_SURFACE ( 'NONE', #2050, 5.999999999999998224 ) ;
#4028 = CIRCLE ( 'NONE', #3336, 2.000000000000000000 ) ;
#4029 = ORIENTED_EDGE ( 'NONE', *, *, #3640, .F. ) ;
#4030 = CARTESIAN_POINT ( 'NONE',  ( -49.88720485481936606, 0.000000000000000000, 10.59560247335098992 ) ) ;
#4031 = PERSON_AND_ORGANIZATION ( #561, #3796 ) ;
#4032 = EDGE_CURVE ( 'NONE', #356, #1062, #408, .T. ) ;
#4033 = ORIENTED_EDGE ( 'NONE', *, *, #263, .T. ) ;
#4034 = CYLINDRICAL_SURFACE ( 'NONE', #2655, 2.000000000000000000 ) ;
#4035 = EDGE_LOOP ( 'NONE', ( #453, #4054, #3839, #286 ) ) ;
#4036 = DIRECTION ( 'NONE',  ( 0.000000000000000000, 0.000000000000000000, 1.000000000000000000 ) ) ;
#4037 = DIRECTION ( 'NONE',  ( -1.000000000000000000, 0.000000000000000000, 0.000000000000000000 ) ) ;
#4038 = EDGE_CURVE ( 'NONE', #2576, #3386, #1147, .T. ) ;
#4039 = EDGE_LOOP ( 'NONE', ( #4029, #1435, #1286, #2639, #801, #863, #1388, #3970, #3255, #3913, #2926, #1926, #835, #2836, #3888, #3968, #2193, #1801, #2818, #948, #1100, #1367, #2123, #2552 ) ) ;
#4040 = CARTESIAN_POINT ( 'NONE',  ( 49.10427381441969885, 0.09999999999999939493, -13.77571388925074203 ) ) ;
#4041 = PLANE ( 'NONE',  #2376 ) ;
#4042 = AXIS2_PLACEMENT_3D ( 'NONE', #1376, #30, #2721 ) ;
#4043 = ORIENTED_EDGE ( 'NONE', *, *, #4138, .T. ) ;
#4044 = LINE ( 'NONE', #3439, #1952 ) ;
#4045 = CARTESIAN_POINT ( 'NONE',  ( -11.00005080000000035, 0.000000000000000000, 0.000000000000000000 ) ) ;
#4046 = CYLINDRICAL_SURFACE ( 'NONE', #736, 1.500000000000000222 ) ;
#4047 = DIRECTION ( 'NONE',  ( 0.000000000000000000, 1.000000000000000000, 0.000000000000000000 ) ) ;
#4048 =( LENGTH_UNIT ( ) NAMED_UNIT ( * ) SI_UNIT ( .MILLI., .METRE. ) );
#4049 = DIRECTION ( 'NONE',  ( 0.3444943785120618274, -0.000000000000000000, 0.9387883803997514320 ) ) ;
#4050 = VECTOR ( 'NONE', #3137, 999.9999999999998863 ) ;
#4051 = DIRECTION ( 'NONE',  ( 0.000000000000000000, 0.000000000000000000, 1.000000000000000000 ) ) ;
#4052 = ORIENTED_EDGE ( 'NONE', *, *, #1753, .F. ) ;
#4053 = COORDINATED_UNIVERSAL_TIME_OFFSET ( 7, 0, .AHEAD. ) ;
#4054 = ORIENTED_EDGE ( 'NONE', *, *, #3193, .T. ) ;
#4055 = ORIENTED_EDGE ( 'NONE', *, *, #4038, .F. ) ;
#4056 = CARTESIAN_POINT ( 'NONE',  ( -3.407442633261665410, 0.000000000000000000, -50.88604263156086915 ) ) ;
#4057 = EDGE_CURVE ( 'NONE', #2233, #4065, #3937, .T. ) ;
#4058 = AXIS2_PLACEMENT_3D ( 'NONE', #499, #2907, #1838 ) ;
#4059 = DIRECTION ( 'NONE',  ( 0.000000000000000000, -0.9510565162951500895, -0.3090169943749583314 ) ) ;
#4060 = ORIENTED_EDGE ( 'NONE', *, *, #543, .T. ) ;
#4061 = DIRECTION ( 'NONE',  ( -1.000000000000000000, 0.000000000000000000, 0.000000000000000000 ) ) ;
#4062 = ORIENTED_EDGE ( 'NONE', *, *, #2332, .T. ) ;
#4063 = EDGE_CURVE ( 'NONE', #2367, #2051, #121, .T. ) ;
#4064 = ORIENTED_EDGE ( 'NONE', *, *, #974, .T. ) ;
#4065 = VERTEX_POINT ( 'NONE', #1524 ) ;
#4066 = AXIS2_PLACEMENT_3D ( 'NONE', #3519, #1453, #1417 ) ;
#4067 = DIRECTION ( 'NONE',  ( 0.000000000000000000, 0.000000000000000000, 1.000000000000000000 ) ) ;
#4068 = CARTESIAN_POINT ( 'NONE',  ( -18.79615445701803722, 5.099999999999999645, 39.78321979965824085 ) ) ;
#4069 = CARTESIAN_POINT ( 'NONE',  ( -47.69849421522129518, 0.09999999999999939493, -18.05141683083334669 ) ) ;
#4070 = DIRECTION ( 'NONE',  ( 0.000000000000000000, 0.000000000000000000, 1.000000000000000000 ) ) ;
#4071 = VECTOR ( 'NONE', #1209, 1000.000000000000000 ) ;
#4072 = DIRECTION ( 'NONE',  ( -0.5297850668932641005, -0.000000000000000000, -0.8481319371989830547 ) ) ;
#4073 = VECTOR ( 'NONE', #227, 1000.000000000000114 ) ;
#4074 = DIRECTION ( 'NONE',  ( 0.000000000000000000, 0.5877852522924685852, 0.8090169943749507819 ) ) ;
#4075 = AXIS2_PLACEMENT_3D ( 'NONE', #2518, #3204, #462 ) ;
#4076 = AXIS2_PLACEMENT_3D ( 'NONE', #327, #2334, #1688 ) ;
#4077 = APPLICATION_PROTOCOL_DEFINITION ( 'international standard', 'config_control_design', 1994, #3816 ) ;
#4078 = VERTEX_POINT ( 'NONE', #4228 ) ;
#4079 = ORIENTED_EDGE ( 'NONE', *, *, #2760, .F. ) ;
#4080 = AXIS2_PLACEMENT_3D ( 'NONE', #816, #2171, #1132 ) ;
#4081 = CARTESIAN_POINT ( 'NONE',  ( 4.000000000000000000, -5.668478849484115401, 1.966811514342751810 ) ) ;
#4082 = LOCAL_TIME ( 2, 31, 6.000000000000000000, #1472 ) ;
#4083 = EDGE_LOOP ( 'NONE', ( #3587, #1377, #3600, #1436 ) ) ;
#4084 = ADVANCED_FACE ( 'NONE', ( #1195 ), #1807, .T. ) ;
#4085 = VERTEX_POINT ( 'NONE', #4128 ) ;
#4086 = SHAPE_DEFINITION_REPRESENTATION ( #130, #162 ) ;
#4087 = DIRECTION ( 'NONE',  ( -0.000000000000000000, 1.000000000000000000, -0.000000000000000000 ) ) ;
#4088 = ADVANCED_FACE ( 'NONE', ( #2070 ), #4041, .F. ) ;
#4089 = VERTEX_POINT ( 'NONE', #1103 ) ;
#4090 = ORIENTED_EDGE ( 'NONE', *, *, #3480, .F. ) ;
#4091 = CARTESIAN_POINT ( 'NONE',  ( 4.000000000000000000, 3.343279438444354046, 1.696314710328014064 ) ) ;
#4092 = CARTESIAN_POINT ( 'NONE',  ( -43.89771815432407465, 5.099999999999999645, -8.317626586412410816 ) ) ;
#4093 = DIRECTION ( 'NONE',  ( 0.000000000000000000, 0.000000000000000000, 1.000000000000000000 ) ) ;
#4094 = DIRECTION ( 'NONE',  ( 0.000000000000000000, 0.9510565162951523099, 0.3090169943749517256 ) ) ;
#4095 = EDGE_CURVE ( 'NONE', #2131, #3983, #3113, .T. ) ;
#4096 = CIRCLE ( 'NONE', #4170, 7.758387151172182250 ) ;
#4097 = DIRECTION ( 'NONE',  ( 0.3444943785120618274, 0.000000000000000000, 0.9387883803997514320 ) ) ;
#4098 = DIRECTION ( 'NONE',  ( 0.000000000000000000, 1.000000000000000000, 0.000000000000000000 ) ) ;
#4099 = DATE_TIME_ROLE ( 'creation_date' ) ;
#4100 = AXIS2_PLACEMENT_3D ( 'NONE', #3691, #2028, #3401 ) ;
#4101 = ORIENTED_EDGE ( 'NONE', *, *, #768, .T. ) ;
#4102 = ORIENTED_EDGE ( 'NONE', *, *, #1418, .T. ) ;
#4103 = DIRECTION ( 'NONE',  ( 1.000000000000000000, 0.000000000000000000, 0.000000000000000000 ) ) ;
#4104 = AXIS2_PLACEMENT_3D ( 'NONE', #2006, #1637, #2346 ) ;
#4105 = LINE ( 'NONE', #2417, #431 ) ;
#4106 = VERTEX_POINT ( 'NONE', #1416 ) ;
#4107 = ORIENTED_EDGE ( 'NONE', *, *, #10, .T. ) ;
#4108 = APPROVAL ( #55, 'UNSPECIFIED' ) ;
#4109 = LINE ( 'NONE', #2839, #1310 ) ;
#4110 = DIRECTION ( 'NONE',  ( -0.7476930249170737897, 0.000000000000000000, -0.6640445320084761294 ) ) ;
#4111 = ORIENTED_EDGE ( 'NONE', *, *, #4026, .T. ) ;
#4112 = VERTEX_POINT ( 'NONE', #41 ) ;
#4113 = ADVANCED_FACE ( 'NONE', ( #743 ), #2947, .T. ) ;
#4114 = LINE ( 'NONE', #582, #745 ) ;
#4115 = DIRECTION ( 'NONE',  ( -1.000000000000000000, 0.000000000000000000, 0.000000000000000000 ) ) ;
#4116 =( NAMED_UNIT ( * ) PLANE_ANGLE_UNIT ( ) SI_UNIT ( $, .RADIAN. ) );
#4117 = CARTESIAN_POINT ( 'NONE',  ( 0.000000000000000000, 0.000000000000000000, 0.000000000000000000 ) ) ;
#4118 = DIRECTION ( 'NONE',  ( 0.000000000000000000, 0.9510565162951544194, -0.3090169943749447867 ) ) ;
#4119 = EDGE_CURVE ( 'NONE', #1341, #3295, #1603, .T. ) ;
#4120 = APPROVAL_DATE_TIME ( #3410, #396 ) ;
#4121 = ORIENTED_EDGE ( 'NONE', *, *, #2208, .F. ) ;
#4122 = VERTEX_POINT ( 'NONE', #2737 ) ;
#4123 = CARTESIAN_POINT ( 'NONE',  ( 4.000000000000000000, 0.5801609955211313174, 3.703837769027679361 ) ) ;
#4124 = DIRECTION ( 'NONE',  ( 1.000000000000000000, -0.000000000000000000, -0.000000000000000000 ) ) ;
#4125 = ORIENTED_EDGE ( 'NONE', *, *, #89, .F. ) ;
#4126 = VERTEX_POINT ( 'NONE', #769 ) ;
#4127 = VECTOR ( 'NONE', #228, 1000.000000000000000 ) ;
#4128 = CARTESIAN_POINT ( 'NONE',  ( 0.000000000000000000, 3.429832919317929552, -4.923032210494160843 ) ) ;
#4129 = CARTESIAN_POINT ( 'NONE',  ( 50.85449539127584728, 5.099999999999999645, 3.849714080123876059 ) ) ;
#4130 = DIRECTION ( 'NONE',  ( 0.000000000000000000, 0.000000000000000000, 1.000000000000000000 ) ) ;
#4131 = ORIENTED_EDGE ( 'NONE', *, *, #1578, .F. ) ;
#4132 = VERTEX_POINT ( 'NONE', #2118 ) ;
#4133 = AXIS2_PLACEMENT_3D ( 'NONE', #3918, #879, #2238 ) ;
#4134 = DIRECTION ( 'NONE',  ( -0.000000000000000000, 1.000000000000000000, -0.000000000000000000 ) ) ;
#4135 = CARTESIAN_POINT ( 'NONE',  ( 4.000000000000000000, 1.707701112668270627, -3.337477776673809515 ) ) ;
#4136 =( LENGTH_UNIT ( ) NAMED_UNIT ( * ) SI_UNIT ( .MILLI., .METRE. ) );
#4137 = FACE_OUTER_BOUND ( 'NONE', #880, .T. ) ;
#4138 = EDGE_CURVE ( 'NONE', #2840, #780, #2731, .T. ) ;
#4139 = AXIS2_PLACEMENT_3D ( 'NONE', #3065, #389, #1644 ) ;
#4140 = AXIS2_PLACEMENT_3D ( 'NONE', #2720, #3380, #2987 ) ;
#4141 = CIRCLE ( 'NONE', #1454, 3.749000000000001886 ) ;
#4142 = CALENDAR_DATE ( 2025, 5, 10 ) ;
#4143 = EDGE_LOOP ( 'NONE', ( #2372, #2998, #1179, #4125, #614 ) ) ;
#4144 = VERTEX_POINT ( 'NONE', #1924 ) ;
#4145 = CARTESIAN_POINT ( 'NONE',  ( 6.595879877192315277, 0.000000000000000000, 50.57167555703142625 ) ) ;
#4146 = EDGE_CURVE ( 'NONE', #2292, #2935, #1396, .T. ) ;
#4147 = EDGE_CURVE ( 'NONE', #1158, #3726, #2522, .T. ) ;
#4148 = TOROIDAL_SURFACE ( 'NONE', #1803, 46.00000000000000000, 5.000000000000000000 ) ;
#4149 = CARTESIAN_POINT ( 'NONE',  ( 4.000000000000000000, 1.240425561619552086, -4.531765657166937800 ) ) ;
#4150 = VECTOR ( 'NONE', #2544, 1000.000000000000000 ) ;
#4151 = VERTEX_POINT ( 'NONE', #1593 ) ;
#4152 = AXIS2_PLACEMENT_3D ( 'NONE', #2036, #3407, #1704 ) ;
#4153 = EDGE_CURVE ( 'NONE', #2367, #647, #4318, .T. ) ;
#4154 = ORIENTED_EDGE ( 'NONE', *, *, #3967, .F. ) ;
#4155 = APPROVAL_PERSON_ORGANIZATION ( #905, #658, #2263 ) ;
#4156 = CARTESIAN_POINT ( 'NONE',  ( 0.000000000000000000, 0.000000000000000000, 0.000000000000000000 ) ) ;
#4157 = CARTESIAN_POINT ( 'NONE',  ( 45.86876054899390454, 0.09999999999999939493, 3.472291131092121397 ) ) ;
#4158 = EDGE_LOOP ( 'NONE', ( #1536, #22, #2853, #1863 ) ) ;
#4159 = ORIENTED_EDGE ( 'NONE', *, *, #1194, .T. ) ;
#4160 = CC_DESIGN_SECURITY_CLASSIFICATION ( #2530, ( #3596 ) ) ;
#4161 = FACE_OUTER_BOUND ( 'NONE', #3128, .T. ) ;
#4162 = DIRECTION ( 'NONE',  ( 0.000000000000000000, 1.000000000000000000, 0.000000000000000000 ) ) ;
#4163 = LINE ( 'NONE', #1131, #3926 ) ;
#4164 = CARTESIAN_POINT ( 'NONE',  ( 730.9757974052488407, -1386.853761249669105, 839.9878158023219612 ) ) ;
#4165 = AXIS2_PLACEMENT_3D ( 'NONE', #767, #2115, #437 ) ;
#4166 = ADVANCED_FACE ( 'NONE', ( #1852 ), #3209, .T. ) ;
#4167 = DATE_TIME_ROLE ( 'creation_date' ) ;
#4168 = EDGE_LOOP ( 'NONE', ( #941, #1963, #3086, #15 ) ) ;
#4169 = CARTESIAN_POINT ( 'NONE',  ( 49.10427381441969885, 0.000000000000000000, -13.77571388925074203 ) ) ;
#4170 = AXIS2_PLACEMENT_3D ( 'NONE', #2204, #823, #516 ) ;
#4171 = DIRECTION ( 'NONE',  ( 0.000000000000000000, -0.9510565162951500895, -0.3090169943749583314 ) ) ;
#4172 = ADVANCED_FACE ( 'NONE', ( #2033 ), #1700, .T. ) ;
#4173 = CIRCLE ( 'NONE', #3541, 3.749000000000000554 ) ;
#4174 = AXIS2_PLACEMENT_3D ( 'NONE', #2274, #735, #3686 ) ;
#4175 = ORIENTED_EDGE ( 'NONE', *, *, #867, .F. ) ;
#4176 = LINE ( 'NONE', #143, #916 ) ;
#4177 = VERTEX_POINT ( 'NONE', #299 ) ;
#4178 = EDGE_CURVE ( 'NONE', #118, #1609, #1181, .T. ) ;
#4179 = CARTESIAN_POINT ( 'NONE',  ( -10.01035049813920352, 5.099999999999999645, 44.89758214987087825 ) ) ;
#4180 = ORIENTED_EDGE ( 'NONE', *, *, #939, .F. ) ;
#4181 = ORIENTED_EDGE ( 'NONE', *, *, #2629, .T. ) ;
#4182 = CARTESIAN_POINT ( 'NONE',  ( -43.25472879714813956, 0.09999999999999939493, 27.01903841155635888 ) ) ;
#4183 = CC_DESIGN_PERSON_AND_ORGANIZATION_ASSIGNMENT ( #2899, #2281, ( #3596 ) ) ;
#4184 = DIRECTION ( 'NONE',  ( -0.6640445320084759073, -8.890457814381136359E-16, 0.7476930249170739007 ) ) ;
#4185 = FACE_OUTER_BOUND ( 'NONE', #1224, .T. ) ;
#4186 = CARTESIAN_POINT ( 'NONE',  ( 0.000000000000000000, 5.099999999999999645, 0.000000000000000000 ) ) ;
#4187 = CARTESIAN_POINT ( 'NONE',  ( 0.000000000000000000, 0.000000000000000000, 3.749000000000000554 ) ) ;
#4188 = VERTEX_POINT ( 'NONE', #1300 ) ;
#4189 = FACE_OUTER_BOUND ( 'NONE', #1816, .T. ) ;
#4190 = DIRECTION ( 'NONE',  ( 0.000000000000000000, 0.000000000000000000, 1.000000000000000000 ) ) ;
#4191 = CIRCLE ( 'NONE', #1846, 46.00000000000000000 ) ;
#4192 = DIRECTION ( 'NONE',  ( -1.000000000000000000, 0.000000000000000000, 0.000000000000000000 ) ) ;
#4193 = ORIENTED_EDGE ( 'NONE', *, *, #1356, .F. ) ;
#4194 = DIRECTION ( 'NONE',  ( 1.000000000000000000, 0.000000000000000000, 0.000000000000000000 ) ) ;
#4195 = ADVANCED_FACE ( 'NONE', ( #3376 ), #362, .T. ) ;
#4196 = AXIS2_PLACEMENT_3D ( 'NONE', #726, #3055, #1699 ) ;
#4197 = ORIENTED_EDGE ( 'NONE', *, *, #789, .F. ) ;
#4198 = DATE_TIME_ROLE ( 'classification_date' ) ;
#4199 = ORIENTED_EDGE ( 'NONE', *, *, #2629, .F. ) ;
#4200 = DIRECTION ( 'NONE',  ( -1.000000000000000000, 0.000000000000000000, 0.000000000000000000 ) ) ;
#4201 = CARTESIAN_POINT ( 'NONE',  ( 0.000000000000000000, 0.000000000000000000, 0.000000000000000000 ) ) ;
#4202 = ORIENTED_EDGE ( 'NONE', *, *, #3370, .F. ) ;
#4203 = EDGE_CURVE ( 'NONE', #2528, #585, #2316, .T. ) ;
#4204 = CIRCLE ( 'NONE', #2230, 2.000000000000000444 ) ;
#4205 = CIRCLE ( 'NONE', #390, 4.999999999999999112 ) ;
#4206 = DIRECTION ( 'NONE',  ( 0.000000000000000000, 0.000000000000000000, 1.000000000000000000 ) ) ;
#4207 = DIRECTION ( 'NONE',  ( 0.000000000000000000, 1.000000000000000000, 0.000000000000000000 ) ) ;
#4208 = DIRECTION ( 'NONE',  ( 0.000000000000000000, 0.000000000000000000, 1.000000000000000000 ) ) ;
#4209 = PERSON_AND_ORGANIZATION ( #561, #3796 ) ;
#4210 = AXIS2_PLACEMENT_3D ( 'NONE', #3186, #1461, #107 ) ;
#4211 = ORIENTED_EDGE ( 'NONE', *, *, #1144, .F. ) ;
#4212 = DIRECTION ( 'NONE',  ( 0.000000000000000000, 1.000000000000000000, 0.000000000000000000 ) ) ;
#4213 = CIRCLE ( 'NONE', #4133, 51.00000000000000000 ) ;
#4214 = LINE ( 'NONE', #3575, #1830 ) ;
#4215 = ORIENTED_EDGE ( 'NONE', *, *, #3319, .T. ) ;
#4216 = AXIS2_PLACEMENT_3D ( 'NONE', #1151, #2502, #2174 ) ;
#4217 = CARTESIAN_POINT ( 'NONE',  ( -2.002551020450932029, 0.000000000000000000, 44.63389043324335859 ) ) ;
#4218 = ORIENTED_EDGE ( 'NONE', *, *, #251, .T. ) ;
#4219 = AXIS2_PLACEMENT_3D ( 'NONE', #1522, #4249, #2806 ) ;
#4220 = CIRCLE ( 'NONE', #2090, 3.749000000000000998 ) ;
#4221 = DIRECTION ( 'NONE',  ( -1.000000000000000000, 0.000000000000000000, -0.000000000000000000 ) ) ;
#4222 = ADVANCED_FACE ( 'NONE', ( #4359 ), #2389, .F. ) ;
#4223 = VERTEX_POINT ( 'NONE', #1323 ) ;
#4224 = DIRECTION ( 'NONE',  ( 1.000000000000000000, -0.000000000000000000, -0.000000000000000000 ) ) ;
#4225 = ORIENTED_EDGE ( 'NONE', *, *, #3653, .T. ) ;
#4226 = LOCAL_TIME ( 2, 31, 6.000000000000000000, #1909 ) ;
#4227 = DIRECTION ( 'NONE',  ( 0.8797238221473380193, 0.000000000000000000, -0.4754850121155015374 ) ) ;
#4228 = CARTESIAN_POINT ( 'NONE',  ( 1.836970198721030181E-16, 5.099999999999999645, -1.500000000000000222 ) ) ;
#4229 = DIRECTION ( 'NONE',  ( -1.000000000000000000, 0.000000000000000000, 0.000000000000000000 ) ) ;
#4230 = ADVANCED_FACE ( 'NONE', ( #2058 ), #2344, .T. ) ;
#4231 = SECURITY_CLASSIFICATION ( '', '', #861 ) ;
#4232 = DIRECTION ( 'NONE',  ( 0.000000000000000000, 0.000000000000000000, 1.000000000000000000 ) ) ;
#4233 = CARTESIAN_POINT ( 'NONE',  ( 0.000000000000000000, 5.099999999999999645, 0.000000000000000000 ) ) ;
#4234 = EDGE_CURVE ( 'NONE', #1163, #4151, #3034, .T. ) ;
#4235 = DIRECTION ( 'NONE',  ( 0.000000000000000000, 0.000000000000000000, -1.000000000000000000 ) ) ;
#4236 = PERSON_AND_ORGANIZATION_ROLE ( 'creator' ) ;
#4237 = DIRECTION ( 'NONE',  ( -1.000000000000000000, 0.000000000000000000, -0.000000000000000000 ) ) ;
#4238 = ORIENTED_EDGE ( 'NONE', *, *, #1009, .T. ) ;
#4239 = CYLINDRICAL_SURFACE ( 'NONE', #3297, 5.999999999999998224 ) ;
#4240 = CARTESIAN_POINT ( 'NONE',  ( 50.85449539127584728, 0.000000000000000000, 3.849714080123876059 ) ) ;
#4241 = ORIENTED_EDGE ( 'NONE', *, *, #842, .T. ) ;
#4242 = DIRECTION ( 'NONE',  ( 1.000000000000000000, -0.000000000000000000, -0.000000000000000000 ) ) ;
#4243 = COORDINATED_UNIVERSAL_TIME_OFFSET ( 7, 0, .AHEAD. ) ;
#4244 = CARTESIAN_POINT ( 'NONE',  ( 4.000000000000000000, -1.660179660520931355, -4.395379282859384951 ) ) ;
#4245 = EDGE_LOOP ( 'NONE', ( #2795, #1333, #1861, #2256 ) ) ;
#4246 = DIRECTION ( 'NONE',  ( -0.5955371504465861721, -0.000000000000000000, -0.8033277677498520397 ) ) ;
#4247 = CIRCLE ( 'NONE', #2335, 7.758387151170068385 ) ;
#4248 = CC_DESIGN_PERSON_AND_ORGANIZATION_ASSIGNMENT ( #260, #2331, ( #866 ) ) ;
#4249 = DIRECTION ( 'NONE',  ( -1.000000000000000000, 0.000000000000000000, 0.000000000000000000 ) ) ;
#4250 = CARTESIAN_POINT ( 'NONE',  ( 42.04832389880871801, 0.000000000000000000, 12.95910711819610661 ) ) ;
#4251 = CARTESIAN_POINT ( 'NONE',  ( 4.000000000000000000, -1.240425561619521888, 4.531765657166947570 ) ) ;
#4252 = EDGE_CURVE ( 'NONE', #1796, #3688, #2005, .T. ) ;
#4253 = FACE_OUTER_BOUND ( 'NONE', #2684, .T. ) ;
#4254 = PERSON_AND_ORGANIZATION ( #561, #3796 ) ;
#4255 = ORIENTED_EDGE ( 'NONE', *, *, #367, .T. ) ;
#4256 = DIRECTION ( 'NONE',  ( -0.000000000000000000, 1.000000000000000000, -0.000000000000000000 ) ) ;
#4257 = EDGE_CURVE ( 'NONE', #1683, #2840, #2653, .T. ) ;
#4258 = CARTESIAN_POINT ( 'NONE',  ( 48.73782997361919200, 0.000000000000000000, 15.02078325063638609 ) ) ;
#4259 = DIRECTION ( 'NONE',  ( -0.9628288983219549513, 0.000000000000000000, 0.2701120370441320029 ) ) ;
#4260 = CARTESIAN_POINT ( 'NONE',  ( -9.575117867785323256, 0.000000000000000000, 42.94551336074605530 ) ) ;
#4261 = CARTESIAN_POINT ( 'NONE',  ( -43.89771815432407465, 0.000000000000000000, -8.317626586412410816 ) ) ;
#4262 = DATE_AND_TIME ( #1189, #623 ) ;
#4263 = CYLINDRICAL_SURFACE ( 'NONE', #889, 7.758387151172787988 ) ;
#4264 = ORIENTED_EDGE ( 'NONE', *, *, #1194, .F. ) ;
#4265 = DIRECTION ( 'NONE',  ( 0.000000000000000000, 1.000000000000000000, -0.000000000000000000 ) ) ;
#4266 = VERTEX_POINT ( 'NONE', #3677 ) ;
#4267 = PRODUCT_DEFINITION_SHAPE ( 'NONE', 'NONE',  #4375 ) ;
#4268 = DIRECTION ( 'NONE',  ( -1.000000000000000000, -0.000000000000000000, -0.000000000000000000 ) ) ;
#4269 = ORIENTED_EDGE ( 'NONE', *, *, #1431, .F. ) ;
#4270 = DIRECTION ( 'NONE',  ( -0.000000000000000000, 1.000000000000000000, -0.000000000000000000 ) ) ;
#4271 = PERSON_AND_ORGANIZATION ( #561, #3796 ) ;
#4272 = EDGE_CURVE ( 'NONE', #515, #907, #1400, .T. ) ;
#4273 = ORIENTED_EDGE ( 'NONE', *, *, #2457, .F. ) ;
#4274 = CARTESIAN_POINT ( 'NONE',  ( -37.31780523675525529, 0.000000000000000000, 23.31054294330351340 ) ) ;
#4275 = CARTESIAN_POINT ( 'NONE',  ( 7.880614352436555059, 0.000000000000000000, -50.38745793774648263 ) ) ;
#4276 = DIRECTION ( 'NONE',  ( 0.000000000000000000, 0.000000000000000000, 1.000000000000000000 ) ) ;
#4277 = SECURITY_CLASSIFICATION_LEVEL ( 'unclassified' ) ;
#4278 = EDGE_CURVE ( 'NONE', #2371, #4089, #973, .T. ) ;
#4279 = ORIENTED_EDGE ( 'NONE', *, *, #2595, .T. ) ;
#4280 = ADVANCED_FACE ( 'NONE', ( #1017 ), #2360, .F. ) ;
#4281 = VERTEX_POINT ( 'NONE', #4313 ) ;
#4282 = DIRECTION ( 'NONE',  ( 0.9147416616484849161, -0.000000000000000000, -0.4040392214186250275 ) ) ;
#4283 = CIRCLE ( 'NONE', #2794, 5.999999999999998224 ) ;
#4284 = ADVANCED_FACE ( 'NONE', ( #2322, #2609 ), #924, .T. ) ;
#4285 = CIRCLE ( 'NONE', #890, 7.758387151172787988 ) ;
#4286 = DIRECTION ( 'NONE',  ( 0.000000000000000000, 0.000000000000000000, 1.000000000000000000 ) ) ;
#4287 = ORIENTED_EDGE ( 'NONE', *, *, #1554, .T. ) ;
#4288 = AXIS2_PLACEMENT_3D ( 'NONE', #1364, #720, #3419 ) ;
#4289 = VECTOR ( 'NONE', #1940, 1000.000000000000000 ) ;
#4290 = CARTESIAN_POINT ( 'NONE',  ( 4.000000000000000000, -1.707701112668247756, 3.337477776673821950 ) ) ;
#4291 = ORIENTED_EDGE ( 'NONE', *, *, #2817, .F. ) ;
#4292 = LOCAL_TIME ( 2, 31, 6.000000000000000000, #2638 ) ;
#4293 = DIRECTION ( 'NONE',  ( -0.5511954738755386884, 0.000000000000000000, 0.8343761439417598513 ) ) ;
#4294 = CC_DESIGN_SECURITY_CLASSIFICATION ( #3395, ( #2878 ) ) ;
#4295 = ORIENTED_EDGE ( 'NONE', *, *, #2742, .F. ) ;
#4296 = CARTESIAN_POINT ( 'NONE',  ( 15.15775265453070020, 0.000000000000000000, 41.30668873758922643 ) ) ;
#4297 = CC_DESIGN_APPROVAL ( #1689, ( #276 ) ) ;
#4298 = LINE ( 'NONE', #3949, #1063 ) ;
#4299 = CARTESIAN_POINT ( 'NONE',  ( 29.21795940837298033, 5.099999999999999645, -32.89849309635120278 ) ) ;
#4300 = CC_DESIGN_DATE_AND_TIME_ASSIGNMENT ( #666, #4099, ( #699 ) ) ;
#4301 = DIRECTION ( 'NONE',  ( 0.9760343945624104789, 0.000000000000000000, 0.2176163151769395232 ) ) ;
#4302 = DIRECTION ( 'NONE',  ( -1.000000000000000000, -0.000000000000000000, -0.000000000000000000 ) ) ;
#4303 = DATE_AND_TIME ( #912, #2811 ) ;
#4304 = VERTEX_POINT ( 'NONE', #638 ) ;
#4305 = ORIENTED_EDGE ( 'NONE', *, *, #1199, .T. ) ;
#4306 = ADVANCED_FACE ( 'NONE', ( #1234 ), #3326, .T. ) ;
#4307 = CARTESIAN_POINT ( 'NONE',  ( 38.70784817448287640, 5.099999999999999645, -20.92134053308206276 ) ) ;
#4308 = DIRECTION ( 'NONE',  ( 0.000000000000000000, -0.5877852522924624790, -0.8090169943749552228 ) ) ;
#4309 = ORIENTED_EDGE ( 'NONE', *, *, #2141, .F. ) ;
#4310 = VECTOR ( 'NONE', #3453, 1000.000000000000000 ) ;
#4311 = ORIENTED_EDGE ( 'NONE', *, *, #804, .F. ) ;
#4312 = ADVANCED_FACE ( 'NONE', ( #2645 ), #615, .F. ) ;
#4313 = CARTESIAN_POINT ( 'NONE',  ( -36.24392679983829879, 0.09999999999999939493, 35.88004696384835768 ) ) ;
#4314 = LINE ( 'NONE', #1276, #1730 ) ;
#4315 = ORIENTED_EDGE ( 'NONE', *, *, #1418, .F. ) ;
#4316 = AXIS2_PLACEMENT_3D ( 'NONE', #257, #3291, #2308 ) ;
#4317 = FACE_OUTER_BOUND ( 'NONE', #1833, .T. ) ;
#4318 = LINE ( 'NONE', #2631, #3090 ) ;
#4319 = LINE ( 'NONE', #643, #3750 ) ;
#4320 = EDGE_LOOP ( 'NONE', ( #4225, #1994 ) ) ;
#4321 = CARTESIAN_POINT ( 'NONE',  ( 50.85449539127584728, 0.000000000000000000, 3.849714080123876059 ) ) ;
#4322 = CARTESIAN_POINT ( 'NONE',  ( -43.89771815432407465, 0.000000000000000000, -8.317626586412410816 ) ) ;
#4323 = CALENDAR_DATE ( 2025, 5, 10 ) ;
#4324 = ORIENTED_EDGE ( 'NONE', *, *, #237, .T. ) ;
#4325 = ORIENTED_EDGE ( 'NONE', *, *, #3822, .F. ) ;
#4326 = DIRECTION ( 'NONE',  ( 0.000000000000000000, -6.938893903907228378E-15, 1.000000000000000000 ) ) ;
#4327 = DIRECTION ( 'NONE',  ( -1.000000000000000000, 0.000000000000000000, 0.000000000000000000 ) ) ;
#4328 = ORIENTED_EDGE ( 'NONE', *, *, #2282, .T. ) ;
#4329 = CARTESIAN_POINT ( 'NONE',  ( 0.000000000000000000, 0.09999999999999939493, 0.000000000000000000 ) ) ;
#4330 = EDGE_CURVE ( 'NONE', #4065, #830, #49, .T. ) ;
#4331 = VERTEX_POINT ( 'NONE', #3778 ) ;
#4332 = VERTEX_POINT ( 'NONE', #381 ) ;
#4333 = LINE ( 'NONE', #1296, #4127 ) ;
#4334 = ADVANCED_FACE ( 'NONE', ( #2767 ), #28, .F. ) ;
#4335 = EDGE_CURVE ( 'NONE', #374, #1938, #2249, .T. ) ;
#4336 = ORIENTED_EDGE ( 'NONE', *, *, #593, .F. ) ;
#4337 = AXIS2_PLACEMENT_3D ( 'NONE', #3521, #1825, #2121 ) ;
#4338 = FACE_OUTER_BOUND ( 'NONE', #234, .T. ) ;
#4339 = DIRECTION ( 'NONE',  ( 0.000000000000000000, 0.000000000000000000, -1.000000000000000000 ) ) ;
#4340 = DIRECTION ( 'NONE',  ( -0.000000000000000000, 1.000000000000000000, -0.000000000000000000 ) ) ;
#4341 = CALENDAR_DATE ( 2025, 5, 10 ) ;
#4342 = DIRECTION ( 'NONE',  ( -0.9977655417953114059, -0.000000000000000000, 0.06681260065218955213 ) ) ;
#4343 = VERTEX_POINT ( 'NONE', #363 ) ;
#4344 = FACE_OUTER_BOUND ( 'NONE', #190, .T. ) ;
#4345 = AXIS2_PLACEMENT_3D ( 'NONE', #949, #1927, #3617 ) ;
#4346 = DIRECTION ( 'NONE',  ( 0.000000000000000000, -0.5877852522924802425, 0.8090169943749422332 ) ) ;
#4347 = ORIENTED_EDGE ( 'NONE', *, *, #2205, .F. ) ;
#4348 = CARTESIAN_POINT ( 'NONE',  ( 4.000000000000000000, 3.343279438444378027, -1.696314710327964992 ) ) ;
#4349 = AXIS2_PLACEMENT_3D ( 'NONE', #1064, #2286, #2387 ) ;
#4350 = ORIENTED_EDGE ( 'NONE', *, *, #550, .F. ) ;
#4351 = ORIENTED_EDGE ( 'NONE', *, *, #1094, .T. ) ;
#4352 = EDGE_CURVE ( 'NONE', #269, #3846, #3095, .T. ) ;
#4353 = AXIS2_PLACEMENT_3D ( 'NONE', #323, #3017, #3842 ) ;
#4354 = DIRECTION ( 'NONE',  ( 0.000000000000000000, 0.5877852522924685852, 0.8090169943749507819 ) ) ;
#4355 = VERTEX_POINT ( 'NONE', #1373 ) ;
#4356 = AXIS2_PLACEMENT_3D ( 'NONE', #1515, #4221, #2536 ) ;
#4357 = EDGE_CURVE ( 'NONE', #760, #4355, #1743, .T. ) ;
#4358 = CIRCLE ( 'NONE', #3233, 2.000000000000000000 ) ;
#4359 = FACE_OUTER_BOUND ( 'NONE', #2320, .T. ) ;
#4360 = AXIS2_PLACEMENT_3D ( 'NONE', #2665, #3432, #2396 ) ;
#4361 = DIRECTION ( 'NONE',  ( -0.6640445320084761294, 0.000000000000000000, 0.7476930249170737897 ) ) ;
#4362 = CARTESIAN_POINT ( 'NONE',  ( -10.00000000000000000, 0.000000000000000000, 0.000000000000000000 ) ) ;
#4363 = EDGE_LOOP ( 'NONE', ( #3430, #4064, #2383, #1329 ) ) ;
#4364 = CARTESIAN_POINT ( 'NONE',  ( -39.01406911115327603, 5.099999999999999645, 24.37011307709006402 ) ) ;
#4365 = EDGE_CURVE ( 'NONE', #3605, #1535, #2079, .T. ) ;
#4366 = APPROVAL_DATE_TIME ( #3018, #3779 ) ;
#4367 = LOCAL_TIME ( 2, 31, 6.000000000000000000, #1878 ) ;
#4368 = ORIENTED_EDGE ( 'NONE', *, *, #550, .T. ) ;
#4369 = PLANE ( 'NONE',  #1533 ) ;
#4370 = CC_DESIGN_DATE_AND_TIME_ASSIGNMENT ( #3466, #3745, ( #3395 ) ) ;
#4371 = CARTESIAN_POINT ( 'NONE',  ( 4.000000000000000000, 0.000000000000000000, 0.000000000000000000 ) ) ;
#4372 = DIRECTION ( 'NONE',  ( -0.000000000000000000, 1.000000000000000000, -0.000000000000000000 ) ) ;
#4373 = VERTEX_POINT ( 'NONE', #2746 ) ;
#4374 = NEXT_ASSEMBLY_USAGE_OCCURRENCE ( 'NAUO1', ' ', ' ', #3190, #1448, $ ) ;
#4375 = NEXT_ASSEMBLY_USAGE_OCCURRENCE ( 'NAUO2', ' ', ' ', #3190, #699, $ ) ;
#4376 = NEXT_ASSEMBLY_USAGE_OCCURRENCE ( 'NAUO3', ' ', ' ', #699, #3799, $ ) ;
ENDSEC;
END-ISO-10303-21;
