ISO-10303-21;
HEADER;
FILE_DESCRIPTION (( 'STEP AP203' ),
    '1' );
FILE_NAME ('PI5_Front_Case.STEP',
    '2025-09-09T16:18:53',
    ( '' ),
    ( '' ),
    'SwSTEP 2.0',
    'SolidWorks 2025',
    '' );
FILE_SCHEMA (( 'CONFIG_CONTROL_DESIGN' ));
ENDSEC;

DATA;
#1 = DIRECTION ( 'NONE',  ( 0.000000000000000000, -0.000000000000000000, -1.000000000000000000 ) ) ;
#2 = CARTESIAN_POINT ( 'NONE',  ( -2.798461419195739541, -29.27719621011705442, 0.000000000000000000 ) ) ;
#3 = CARTESIAN_POINT ( 'NONE',  ( 14.36684778656120542, -23.49354553871626550, 3.000000000000000444 ) ) ;
#4 = EDGE_CURVE ( 'NONE', #2799, #1577, #783, .T. ) ;
#5 = ADVANCED_FACE ( 'NONE', ( #2786 ), #4706, .T. ) ;
#6 = ORIENTED_EDGE ( 'NONE', *, *, #2292, .F. ) ;
#7 = EDGE_LOOP ( 'NONE', ( #3791, #2212, #3630, #1239 ) ) ;
#8 = CARTESIAN_POINT ( 'NONE',  ( -29.37993821265451899, -20.78406109366824950, 0.000000000000000000 ) ) ;
#9 = EDGE_CURVE ( 'NONE', #1368, #1585, #4869, .T. ) ;
#10 = VERTEX_POINT ( 'NONE', #2441 ) ;
#11 = EDGE_LOOP ( 'NONE', ( #2670, #1489, #3469, #3705, #1022, #507, #1743, #831 ) ) ;
#12 = CARTESIAN_POINT ( 'NONE',  ( 17.55266006493680564, -21.59809165966031586, -4.336808689942017736E-16 ) ) ;
#13 = CARTESIAN_POINT ( 'NONE',  ( 15.54582193101515308, -24.46797310791682989, -4.336808689942017736E-16 ) ) ;
#14 = CARTESIAN_POINT ( 'NONE',  ( 20.15983893288863982, -28.87779472403281034, 0.000000000000000000 ) ) ;
#15 = AXIS2_PLACEMENT_3D ( 'NONE', #564, #459, #2061 ) ;
#16 = LINE ( 'NONE', #2832, #1778 ) ;
#17 = CARTESIAN_POINT ( 'NONE',  ( -45.42727272727275079, -5.003413107911174436E-15, 0.000000000000000000 ) ) ;
#18 = CARTESIAN_POINT ( 'NONE',  ( 19.43501665321247174, -21.79917279736223179, 3.000000000000000444 ) ) ;
#19 = FACE_OUTER_BOUND ( 'NONE', #4395, .T. ) ;
#20 = CARTESIAN_POINT ( 'NONE',  ( 6.590900348217458848, -28.92728382100541751, 0.000000000000000000 ) ) ;
#21 = VECTOR ( 'NONE', #3834, 1000.000000000000000 ) ;
#22 = CARTESIAN_POINT ( 'NONE',  ( 13.83817366925052106, -25.73977562477788794, 0.000000000000000000 ) ) ;
#23 = VERTEX_POINT ( 'NONE', #830 ) ;
#24 = LINE ( 'NONE', #2816, #3047 ) ;
#25 = DIRECTION ( 'NONE',  ( 1.000000000000000000, 0.000000000000000000, 0.000000000000000000 ) ) ;
#26 = CARTESIAN_POINT ( 'NONE',  ( 29.39873147688028610, -12.27302812456301950, 0.000000000000000000 ) ) ;
#27 = CARTESIAN_POINT ( 'NONE',  ( -2.687016081744146412, -29.27679681429683711, 0.000000000000000000 ) ) ;
#28 = CARTESIAN_POINT ( 'NONE',  ( 4.436381354153286161, -25.47468343288658232, 3.000000000000000000 ) ) ;
#29 = VERTEX_POINT ( 'NONE', #130 ) ;
#30 = EDGE_LOOP ( 'NONE', ( #1336, #473, #1721, #2813, #3529, #103, #324 ) ) ;
#31 = CARTESIAN_POINT ( 'NONE',  ( 10.17800443509295150, -29.09817345628381702, -4.336808689942017736E-16 ) ) ;
#32 = CARTESIAN_POINT ( 'NONE',  ( 12.69952237979431153, -25.49991213213871788, 0.000000000000000000 ) ) ;
#33 = EDGE_CURVE ( 'NONE', #1482, #5014, #2943, .T. ) ;
#34 = VECTOR ( 'NONE', #1884, 1000.000000000000000 ) ;
#35 = LINE ( 'NONE', #1932, #2317 ) ;
#36 = VERTEX_POINT ( 'NONE', #1736 ) ;
#37 = ORIENTED_EDGE ( 'NONE', *, *, #164, .F. ) ;
#38 = CARTESIAN_POINT ( 'NONE',  ( 13.91066316326208252, -24.66919994463619048, -4.336808689942017736E-16 ) ) ;
#39 = CARTESIAN_POINT ( 'NONE',  ( 15.37975396964703378, -25.03132844517753242, -4.336808689942017736E-16 ) ) ;
#40 = VECTOR ( 'NONE', #41, 1000.000000000000000 ) ;
#41 = DIRECTION ( 'NONE',  ( -0.000000000000000000, -0.000000000000000000, -1.000000000000000000 ) ) ;
#42 = EDGE_CURVE ( 'NONE', #3054, #2117, #1280, .T. ) ;
#43 = ADVANCED_FACE ( 'NONE', ( #1279 ), #102, .F. ) ;
#44 = DIRECTION ( 'NONE',  ( 1.000000000000000000, 0.000000000000000000, 0.000000000000000000 ) ) ;
#45 = VECTOR ( 'NONE', #2322, 1000.000000000000000 ) ;
#46 = VECTOR ( 'NONE', #970, 1000.000000000000000 ) ;
#47 = CARTESIAN_POINT ( 'NONE',  ( 16.65805700265153888, -27.71308199784787973, 3.000000000000000000 ) ) ;
#48 = LINE ( 'NONE', #3229, #1327 ) ;
#49 = CARTESIAN_POINT ( 'NONE',  ( 14.24195110938329734, -23.71221929385012928, 2.999999999999999556 ) ) ;
#50 = CARTESIAN_POINT ( 'NONE',  ( 5.920235953055146716, -28.49111724155866554, 3.000000000000000000 ) ) ;
#51 = EDGE_CURVE ( 'NONE', #1433, #2009, #5165, .T. ) ;
#52 = CARTESIAN_POINT ( 'NONE',  ( 14.28944459158294578, -27.36891682910648882, 3.000000000000000444 ) ) ;
#53 = ORIENTED_EDGE ( 'NONE', *, *, #4455, .F. ) ;
#54 = CARTESIAN_POINT ( 'NONE',  ( 5.341640947990739186, -27.92932543661883216, 0.000000000000000000 ) ) ;
#55 = CARTESIAN_POINT ( 'NONE',  ( 18.93426957470550320, -29.29617257771451833, 3.000000000000000000 ) ) ;
#56 = CARTESIAN_POINT ( 'NONE',  ( -27.62727272727275007, 7.268181818181796316, 0.000000000000000000 ) ) ;
#57 = FACE_OUTER_BOUND ( 'NONE', #2956, .T. ) ;
#58 = CARTESIAN_POINT ( 'NONE',  ( 5.286299372647727424, -23.09546217124258760, 2.999999999999999556 ) ) ;
#59 = VERTEX_POINT ( 'NONE', #1174 ) ;
#60 = ORIENTED_EDGE ( 'NONE', *, *, #719, .T. ) ;
#61 = CARTESIAN_POINT ( 'NONE',  ( 8.857135380163136062, -21.58361890270193584, 0.000000000000000000 ) ) ;
#62 = CARTESIAN_POINT ( 'NONE',  ( 0.000000000000000000, -29.18181818181820475, 3.000000000000000000 ) ) ;
#63 = ORIENTED_EDGE ( 'NONE', *, *, #4440, .T. ) ;
#64 = VERTEX_POINT ( 'NONE', #2735 ) ;
#65 = CARTESIAN_POINT ( 'NONE',  ( 17.83258959906850194, -21.58557717688984212, -4.336808689942017736E-16 ) ) ;
#66 = LINE ( 'NONE', #801, #40 ) ;
#67 = DIRECTION ( 'NONE',  ( 0.000000000000000000, 0.000000000000000000, 1.000000000000000000 ) ) ;
#68 = CARTESIAN_POINT ( 'NONE',  ( 16.36609757842914803, -27.53024330504694106, 3.000000000000000000 ) ) ;
#69 = EDGE_CURVE ( 'NONE', #4520, #4927, #106, .T. ) ;
#70 = ADVANCED_FACE ( 'NONE', ( #710 ), #4815, .T. ) ;
#71 = LINE ( 'NONE', #2466, #4053 ) ;
#72 = LINE ( 'NONE', #856, #3844 ) ;
#73 = CARTESIAN_POINT ( 'NONE',  ( 14.36684778656120542, -23.49354553871626550, 2.999999999999999556 ) ) ;
#74 = CARTESIAN_POINT ( 'NONE',  ( 6.955843750719133745, -29.08863175895966791, 0.000000000000000000 ) ) ;
#75 = DIRECTION ( 'NONE',  ( 0.000000000000000000, 0.000000000000000000, -1.000000000000000000 ) ) ;
#76 = EDGE_CURVE ( 'NONE', #1807, #2368, #24, .T. ) ;
#77 = CARTESIAN_POINT ( 'NONE',  ( 19.78610835249354949, -27.48178885524642112, 4.336808689942017736E-16 ) ) ;
#78 = ORIENTED_EDGE ( 'NONE', *, *, #4839, .T. ) ;
#79 = CARTESIAN_POINT ( 'NONE',  ( 51.27272727272725206, 26.81818181818179525, 3.000000000000000000 ) ) ;
#80 = PLANE ( 'NONE',  #2167 ) ;
#81 = LINE ( 'NONE', #1339, #1527 ) ;
#82 = CARTESIAN_POINT ( 'NONE',  ( 4.437279249196497410, -25.30062652768942044, 2.999999999999999556 ) ) ;
#83 = VERTEX_POINT ( 'NONE', #1923 ) ;
#84 = ORIENTED_EDGE ( 'NONE', *, *, #1487, .F. ) ;
#85 = CARTESIAN_POINT ( 'NONE',  ( 11.18190679581650748, -22.45279880222888025, 0.000000000000000000 ) ) ;
#86 = CARTESIAN_POINT ( 'NONE',  ( -45.42727272727275079, 7.268181818181796316, 0.000000000000000000 ) ) ;
#87 = CARTESIAN_POINT ( 'NONE',  ( 20.22774371775117785, -23.82007945162367690, 3.000000000000000000 ) ) ;
#88 = ORIENTED_EDGE ( 'NONE', *, *, #1418, .F. ) ;
#89 = EDGE_LOOP ( 'NONE', ( #60, #1476, #1147, #1934 ) ) ;
#90 = CARTESIAN_POINT ( 'NONE',  ( 14.83002072805010307, -22.89316163331516307, -4.336808689942017736E-16 ) ) ;
#91 = CARTESIAN_POINT ( 'NONE',  ( 17.31422864670522088, -27.96070757881440016, 0.000000000000000000 ) ) ;
#92 = CARTESIAN_POINT ( 'NONE',  ( -6.577607785534093310, 4.661361474963637619, 3.000000000000000000 ) ) ;
#93 = CARTESIAN_POINT ( 'NONE',  ( -2.965955427744975115, -27.68734295482420649, 3.000000000000000000 ) ) ;
#94 = CARTESIAN_POINT ( 'NONE',  ( -7.440399829073209403, -21.77348484848487331, 0.000000000000000000 ) ) ;
#95 = VECTOR ( 'NONE', #3005, 1000.000000000000000 ) ;
#96 = FACE_BOUND ( 'NONE', #4400, .T. ) ;
#97 = CARTESIAN_POINT ( 'NONE',  ( -23.49772488249200819, -21.77348484848487331, 3.000000000000000000 ) ) ;
#98 = EDGE_CURVE ( 'NONE', #4136, #1186, #3235, .T. ) ;
#99 = CARTESIAN_POINT ( 'NONE',  ( -13.22964428687235383, -29.18181818181820475, 0.000000000000000000 ) ) ;
#100 = VECTOR ( 'NONE', #2002, 1000.000000000000000 ) ;
#101 = AXIS2_PLACEMENT_3D ( 'NONE', #3130, #806, #1573 ) ;
#102 = CYLINDRICAL_SURFACE ( 'NONE', #2118, 2.000000000000001776 ) ;
#103 = ORIENTED_EDGE ( 'NONE', *, *, #5201, .F. ) ;
#104 = CARTESIAN_POINT ( 'NONE',  ( 4.727443299253625497, -26.95698969860304928, 0.000000000000000000 ) ) ;
#105 = LINE ( 'NONE', #1708, #1325 ) ;
#106 = CIRCLE ( 'NONE', #3968, 2.000000000000001776 ) ;
#107 = EDGE_CURVE ( 'NONE', #621, #4009, #4928, .T. ) ;
#108 = DIRECTION ( 'NONE',  ( -0.5774108952109301418, 0.8164537084805923994, 0.000000000000000000 ) ) ;
#109 = CARTESIAN_POINT ( 'NONE',  ( -14.07511920442089171, -5.873091607133155811, 0.000000000000000000 ) ) ;
#110 = ORIENTED_EDGE ( 'NONE', *, *, #618, .F. ) ;
#111 = ORIENTED_EDGE ( 'NONE', *, *, #2451, .F. ) ;
#112 = CARTESIAN_POINT ( 'NONE',  ( 12.02043017235308753, -23.31750833741475759, 3.000000000000000000 ) ) ;
#113 = CARTESIAN_POINT ( 'NONE',  ( 19.43501665321247174, -21.79917279736223179, 3.000000000000000000 ) ) ;
#114 = CARTESIAN_POINT ( 'NONE',  ( -4.349142150120222539, -29.18181818181820475, 0.000000000000000000 ) ) ;
#115 = ORIENTED_EDGE ( 'NONE', *, *, #3858, .T. ) ;
#116 = VERTEX_POINT ( 'NONE', #1738 ) ;
#117 = CARTESIAN_POINT ( 'NONE',  ( -3.403810847204375989, -28.01446746293061452, 3.000000000000000000 ) ) ;
#118 = DIRECTION ( 'NONE',  ( 0.000000000000000000, 0.000000000000000000, -1.000000000000000000 ) ) ;
#119 = VECTOR ( 'NONE', #968, 999.9999999999998863 ) ;
#120 = CARTESIAN_POINT ( 'NONE',  ( -42.87727272727274652, -32.33181818181820688, -4.336808689942017736E-16 ) ) ;
#121 = CARTESIAN_POINT ( 'NONE',  ( -3.293837507947905419, -27.89251255513019245, 3.000000000000000000 ) ) ;
#122 = ORIENTED_EDGE ( 'NONE', *, *, #2182, .T. ) ;
#123 = VECTOR ( 'NONE', #2596, 1000.000000000000000 ) ;
#124 = CARTESIAN_POINT ( 'NONE',  ( -25.25334554221423033, -29.18181818181820475, 3.000000000000000000 ) ) ;
#125 = VECTOR ( 'NONE', #179, 1000.000000000000000 ) ;
#126 = CARTESIAN_POINT ( 'NONE',  ( 4.895133677277172524, -27.29501671756012016, 3.000000000000000000 ) ) ;
#127 = VECTOR ( 'NONE', #2235, 1000.000000000000000 ) ;
#128 = FACE_OUTER_BOUND ( 'NONE', #1058, .T. ) ;
#129 = VECTOR ( 'NONE', #1590, 1000.000000000000000 ) ;
#130 = CARTESIAN_POINT ( 'NONE',  ( -7.177272727272748121, -6.031818181818207059, 0.000000000000000000 ) ) ;
#131 = AXIS2_PLACEMENT_3D ( 'NONE', #3656, #2475, #470 ) ;
#132 = ORIENTED_EDGE ( 'NONE', *, *, #2933, .F. ) ;
#133 = CARTESIAN_POINT ( 'NONE',  ( 12.69952237979431153, -25.49991213213871788, 3.000000000000000000 ) ) ;
#134 = FACE_OUTER_BOUND ( 'NONE', #4484, .T. ) ;
#135 = CARTESIAN_POINT ( 'NONE',  ( -5.980103354714234598, -29.18181818181820475, 0.000000000000000000 ) ) ;
#136 = CYLINDRICAL_SURFACE ( 'NONE', #351, 1.000000000000000000 ) ;
#137 = ORIENTED_EDGE ( 'NONE', *, *, #5031, .T. ) ;
#138 = EDGE_CURVE ( 'NONE', #4826, #4209, #1254, .T. ) ;
#139 = VERTEX_POINT ( 'NONE', #3700 ) ;
#140 = EDGE_CURVE ( 'NONE', #1714, #3998, #5015, .T. ) ;
#141 = CARTESIAN_POINT ( 'NONE',  ( 11.48905725643990650, -22.71903625155653117, 3.000000000000000000 ) ) ;
#142 = CARTESIAN_POINT ( 'NONE',  ( 20.72594382878591546, -22.43084717633179181, 3.000000000000000000 ) ) ;
#143 = CARTESIAN_POINT ( 'NONE',  ( -44.87727272727275363, -32.33181818181820688, -4.336808689942017736E-16 ) ) ;
#144 = ORIENTED_EDGE ( 'NONE', *, *, #3635, .F. ) ;
#145 = EDGE_LOOP ( 'NONE', ( #4566, #3404, #2657, #3772 ) ) ;
#146 = CARTESIAN_POINT ( 'NONE',  ( -5.367086399094604943, 3.804406741937298442, 3.000000000000000000 ) ) ;
#147 = CARTESIAN_POINT ( 'NONE',  ( 16.97713218026791537, -27.85880016653592151, 0.000000000000000000 ) ) ;
#148 = ADVANCED_FACE ( 'NONE', ( #2552 ), #1657, .T. ) ;
#149 = CARTESIAN_POINT ( 'NONE',  ( 15.35892408919602126, -25.46281110382675195, 2.999999999999999556 ) ) ;
#150 = CARTESIAN_POINT ( 'NONE',  ( 6.269364074381780227, -22.23976536102548707, -4.336808689942017736E-16 ) ) ;
#151 = VERTEX_POINT ( 'NONE', #4044 ) ;
#152 = FACE_BOUND ( 'NONE', #5067, .T. ) ;
#153 = FACE_OUTER_BOUND ( 'NONE', #642, .T. ) ;
#154 = CARTESIAN_POINT ( 'NONE',  ( -9.077272727272747588, -9.208513507511140273E-16, 0.000000000000000000 ) ) ;
#155 = ORIENTED_EDGE ( 'NONE', *, *, #266, .T. ) ;
#156 = DIRECTION ( 'NONE',  ( -0.000000000000000000, -0.000000000000000000, -1.000000000000000000 ) ) ;
#157 = CARTESIAN_POINT ( 'NONE',  ( 19.56611085373934245, -29.13804267375025603, 3.000000000000000000 ) ) ;
#158 = CARTESIAN_POINT ( 'NONE',  ( 49.42272727272725774, 22.96818181818179738, 3.000000000000000000 ) ) ;
#159 = CARTESIAN_POINT ( 'NONE',  ( 19.35927295919319846, -27.74684398790558504, 0.000000000000000000 ) ) ;
#160 = ORIENTED_EDGE ( 'NONE', *, *, #4642, .F. ) ;
#161 = ORIENTED_EDGE ( 'NONE', *, *, #834, .T. ) ;
#162 = CARTESIAN_POINT ( 'NONE',  ( 11.18190679581650748, -22.45279880222888025, 3.000000000000000000 ) ) ;
#163 = CARTESIAN_POINT ( 'NONE',  ( 18.18038451081629603, -21.58325706529912935, 3.000000000000000000 ) ) ;
#164 = EDGE_CURVE ( 'NONE', #1065, #4043, #738, .T. ) ;
#165 = EDGE_CURVE ( 'NONE', #4938, #555, #2920, .T. ) ;
#166 = DIRECTION ( 'NONE',  ( -1.000000000000000000, 0.000000000000000000, 0.000000000000000000 ) ) ;
#167 = EDGE_LOOP ( 'NONE', ( #599, #1253, #3549, #4081 ) ) ;
#168 = ORIENTED_EDGE ( 'NONE', *, *, #335, .T. ) ;
#169 = CARTESIAN_POINT ( 'NONE',  ( 27.03684376067037931, -21.77348484848487331, 0.000000000000000000 ) ) ;
#170 = LINE ( 'NONE', #3716, #1467 ) ;
#171 = EDGE_CURVE ( 'NONE', #2823, #1903, #1707, .T. ) ;
#172 = ADVANCED_FACE ( 'NONE', ( #3309 ), #1311, .F. ) ;
#173 = DIRECTION ( 'NONE',  ( 0.000000000000000000, -0.000000000000000000, -1.000000000000000000 ) ) ;
#174 = FACE_BOUND ( 'NONE', #402, .T. ) ;
#175 = CARTESIAN_POINT ( 'NONE',  ( 5.838024105399357566, -22.54736533925386865, -4.336808689942017736E-16 ) ) ;
#176 = ORIENTED_EDGE ( 'NONE', *, *, #5097, .F. ) ;
#177 = FACE_OUTER_BOUND ( 'NONE', #4131, .T. ) ;
#178 = LINE ( 'NONE', #486, #656 ) ;
#179 = DIRECTION ( 'NONE',  ( -0.000000000000000000, -0.000000000000000000, 1.000000000000000000 ) ) ;
#180 = CARTESIAN_POINT ( 'NONE',  ( 12.69952237979431153, -25.49991213213871788, -4.336808689942017736E-16 ) ) ;
#181 = AXIS2_PLACEMENT_3D ( 'NONE', #1293, #4134, #3346 ) ;
#182 = ORIENTED_EDGE ( 'NONE', *, *, #4283, .F. ) ;
#183 = CARTESIAN_POINT ( 'NONE',  ( -7.177272727272749009, -1.456208595729604738E-15, 0.000000000000000000 ) ) ;
#184 = CARTESIAN_POINT ( 'NONE',  ( 0.000000000000000000, -27.85211732711734811, 3.000000000000000000 ) ) ;
#185 = VECTOR ( 'NONE', #315, 1000.000000000000000 ) ;
#186 = DIRECTION ( 'NONE',  ( -0.3560420328517557853, 0.9344699411124947064, 0.000000000000000000 ) ) ;
#187 = CIRCLE ( 'NONE', #1271, 1.000000000000000888 ) ;
#188 = CARTESIAN_POINT ( 'NONE',  ( -44.87727272727275363, -32.33181818181820688, -4.336808689942017736E-16 ) ) ;
#189 = ORIENTED_EDGE ( 'NONE', *, *, #4145, .F. ) ;
#190 = ORIENTED_EDGE ( 'NONE', *, *, #4184, .F. ) ;
#191 = CARTESIAN_POINT ( 'NONE',  ( 12.66465189765477284, -24.84301538441390278, 0.000000000000000000 ) ) ;
#192 = CARTESIAN_POINT ( 'NONE',  ( 18.42059435177620941, -21.59567737243131802, 3.000000000000000000 ) ) ;
#193 = CARTESIAN_POINT ( 'NONE',  ( -25.52727272727274865, 9.068181818181795251, 3.000000000000000000 ) ) ;
#194 = ORIENTED_EDGE ( 'NONE', *, *, #4651, .T. ) ;
#195 = ORIENTED_EDGE ( 'NONE', *, *, #4318, .F. ) ;
#196 = EDGE_LOOP ( 'NONE', ( #5034, #1868 ) ) ;
#197 = LINE ( 'NONE', #146, #2776 ) ;
#198 = AXIS2_PLACEMENT_3D ( 'NONE', #3965, #4809, #3992 ) ;
#199 = FACE_OUTER_BOUND ( 'NONE', #1850, .T. ) ;
#200 = CARTESIAN_POINT ( 'NONE',  ( 18.03761833331995490, -28.04207459207461639, 3.000000000000000000 ) ) ;
#201 = FACE_OUTER_BOUND ( 'NONE', #4407, .T. ) ;
#202 = ORIENTED_EDGE ( 'NONE', *, *, #641, .T. ) ;
#203 = EDGE_CURVE ( 'NONE', #4760, #3342, #519, .T. ) ;
#204 = DIRECTION ( 'NONE',  ( -0.3565322769660528301, -0.9342830060968687622, 0.000000000000000000 ) ) ;
#205 = EDGE_CURVE ( 'NONE', #4243, #2158, #4148, .T. ) ;
#206 = DIRECTION ( 'NONE',  ( -0.000000000000000000, -0.000000000000000000, 1.000000000000000000 ) ) ;
#207 = VECTOR ( 'NONE', #330, 1000.000000000000000 ) ;
#208 = ORIENTED_EDGE ( 'NONE', *, *, #1059, .F. ) ;
#209 = CARTESIAN_POINT ( 'NONE',  ( -9.077272727272749364, 9.068181818181795251, 0.000000000000000000 ) ) ;
#210 = DIRECTION ( 'NONE',  ( 0.000000000000000000, -0.000000000000000000, -1.000000000000000000 ) ) ;
#211 = AXIS2_PLACEMENT_3D ( 'NONE', #3830, #543, #965 ) ;
#212 = FACE_OUTER_BOUND ( 'NONE', #1959, .T. ) ;
#213 = EDGE_CURVE ( 'NONE', #640, #524, #2681, .T. ) ;
#214 = EDGE_CURVE ( 'NONE', #4291, #4565, #2760, .T. ) ;
#215 = CARTESIAN_POINT ( 'NONE',  ( 19.64074542912574017, -27.58168027360233410, 3.000000000000000000 ) ) ;
#216 = VECTOR ( 'NONE', #1055, 1000.000000000000000 ) ;
#217 = ORIENTED_EDGE ( 'NONE', *, *, #2301, .T. ) ;
#218 = VERTEX_POINT ( 'NONE', #209 ) ;
#219 = CARTESIAN_POINT ( 'NONE',  ( 32.74001383278575616, -27.85211732711734811, 0.000000000000000000 ) ) ;
#220 = DIRECTION ( 'NONE',  ( 0.000000000000000000, 0.000000000000000000, 1.000000000000000000 ) ) ;
#221 = CARTESIAN_POINT ( 'NONE',  ( 7.884255080766811474, -29.33623858518740590, 3.000000000000000000 ) ) ;
#222 = ORIENTED_EDGE ( 'NONE', *, *, #1287, .F. ) ;
#223 = ORIENTED_EDGE ( 'NONE', *, *, #1059, .T. ) ;
#224 = ORIENTED_EDGE ( 'NONE', *, *, #4497, .T. ) ;
#225 = FACE_OUTER_BOUND ( 'NONE', #4058, .T. ) ;
#226 = CARTESIAN_POINT ( 'NONE',  ( 13.83926596953789634, -25.46577918609170510, 4.336808689942017736E-16 ) ) ;
#227 = CARTESIAN_POINT ( 'NONE',  ( 17.91354688590662647, -28.04403899778276354, 3.000000000000000000 ) ) ;
#228 = CARTESIAN_POINT ( 'NONE',  ( -1.970105767865760749, -28.92001628084283027, 0.000000000000000000 ) ) ;
#229 = ORIENTED_EDGE ( 'NONE', *, *, #3730, .F. ) ;
#230 = CARTESIAN_POINT ( 'NONE',  ( 18.01090559293533389, -22.91322843822846167, -4.336808689942017736E-16 ) ) ;
#231 = CARTESIAN_POINT ( 'NONE',  ( -33.27013573986380379, -21.77348484848487331, 0.000000000000000000 ) ) ;
#232 = FACE_OUTER_BOUND ( 'NONE', #4696, .T. ) ;
#233 = EDGE_CURVE ( 'NONE', #3659, #497, #4285, .T. ) ;
#234 = EDGE_CURVE ( 'NONE', #3433, #4351, #1362, .T. ) ;
#235 = ORIENTED_EDGE ( 'NONE', *, *, #2998, .F. ) ;
#236 = CARTESIAN_POINT ( 'NONE',  ( -2.687016081744146412, -27.66216006216008338, 0.000000000000000000 ) ) ;
#237 = CARTESIAN_POINT ( 'NONE',  ( -2.687016081744146412, -27.66216006216008338, 0.000000000000000000 ) ) ;
#238 = CARTESIAN_POINT ( 'NONE',  ( 14.04577122699728164, 5.802110575214671329, 3.000000000000000000 ) ) ;
#239 = CIRCLE ( 'NONE', #4270, 2.000000000000001776 ) ;
#240 = DIRECTION ( 'NONE',  ( 0.000000000000000000, 0.000000000000000000, 1.000000000000000000 ) ) ;
#241 = ORIENTED_EDGE ( 'NONE', *, *, #517, .F. ) ;
#242 = VERTEX_POINT ( 'NONE', #4629 ) ;
#243 = CARTESIAN_POINT ( 'NONE',  ( -47.22727272727274794, -38.18181818181820830, 2.378905949460850877 ) ) ;
#244 = CARTESIAN_POINT ( 'NONE',  ( 4.436381354153286161, -25.47468343288658232, 0.000000000000000000 ) ) ;
#245 = LINE ( 'NONE', #1847, #1950 ) ;
#246 = ORIENTED_EDGE ( 'NONE', *, *, #1358, .T. ) ;
#247 = EDGE_LOOP ( 'NONE', ( #3607, #4934, #3766, #502 ) ) ;
#248 = VERTEX_POINT ( 'NONE', #1816 ) ;
#249 = LINE ( 'NONE', #3902, #1046 ) ;
#250 = DIRECTION ( 'NONE',  ( -1.000000000000000000, 0.000000000000000000, 0.000000000000000000 ) ) ;
#251 = LINE ( 'NONE', #4250, #4579 ) ;
#252 = ORIENTED_EDGE ( 'NONE', *, *, #205, .F. ) ;
#253 = PLANE ( 'NONE',  #1411 ) ;
#254 = CARTESIAN_POINT ( 'NONE',  ( -7.177272727272750785, 9.068181818181795251, 0.000000000000000000 ) ) ;
#255 = EDGE_CURVE ( 'NONE', #1730, #3468, #3416, .T. ) ;
#256 = CYLINDRICAL_SURFACE ( 'NONE', #4754, 1.000000000000000888 ) ;
#257 = CIRCLE ( 'NONE', #5050, 1.000000000000000000 ) ;
#258 = ORIENTED_EDGE ( 'NONE', *, *, #4936, .F. ) ;
#259 = CARTESIAN_POINT ( 'NONE',  ( -1.861623312011494891, -28.20046426337813728, 0.000000000000000000 ) ) ;
#260 = CARTESIAN_POINT ( 'NONE',  ( 47.42272727272725774, 22.96818181818179738, 3.000000000000000000 ) ) ;
#261 = EDGE_CURVE ( 'NONE', #1281, #640, #4587, .T. ) ;
#262 = CARTESIAN_POINT ( 'NONE',  ( 19.96228089977059028, -28.97904874808753561, 0.000000000000000000 ) ) ;
#263 = FACE_OUTER_BOUND ( 'NONE', #4158, .T. ) ;
#264 = ORIENTED_EDGE ( 'NONE', *, *, #4416, .T. ) ;
#265 = ORIENTED_EDGE ( 'NONE', *, *, #3030, .T. ) ;
#266 = EDGE_CURVE ( 'NONE', #497, #3267, #3049, .T. ) ;
#267 = VECTOR ( 'NONE', #1779, 1000.000000000000000 ) ;
#268 = CARTESIAN_POINT ( 'NONE',  ( 12.02043017235308753, -23.31750833741475759, 3.000000000000000000 ) ) ;
#269 = LINE ( 'NONE', #1846, #3399 ) ;
#270 = CARTESIAN_POINT ( 'NONE',  ( 16.33560606461194809, -29.10427599548136968, 3.000000000000000000 ) ) ;
#271 = ORIENTED_EDGE ( 'NONE', *, *, #3131, .T. ) ;
#272 = ORIENTED_EDGE ( 'NONE', *, *, #3345, .F. ) ;
#273 = ORIENTED_EDGE ( 'NONE', *, *, #51, .F. ) ;
#274 = CARTESIAN_POINT ( 'NONE',  ( -48.72727272727274794, 26.81818181818179525, 3.000000000000000000 ) ) ;
#275 = AXIS2_PLACEMENT_3D ( 'NONE', #2236, #3779, #210 ) ;
#276 = CALENDAR_DATE ( 2025, 9, 9 ) ;
#277 = AXIS2_PLACEMENT_3D ( 'NONE', #4100, #2496, #2842 ) ;
#278 = CARTESIAN_POINT ( 'NONE',  ( -2.687016081744146412, -27.66216006216008338, 3.000000000000000000 ) ) ;
#279 = CARTESIAN_POINT ( 'NONE',  ( 8.594664607358415864, -29.37177544677546592, 2.999999999999999556 ) ) ;
#280 = ORIENTED_EDGE ( 'NONE', *, *, #261, .T. ) ;
#281 = DIRECTION ( 'NONE',  ( 0.000000000000000000, 0.000000000000000000, 1.000000000000000000 ) ) ;
#282 = FACE_OUTER_BOUND ( 'NONE', #3142, .T. ) ;
#283 = DIRECTION ( 'NONE',  ( 0.000000000000000000, 0.000000000000000000, 1.000000000000000000 ) ) ;
#284 = DIRECTION ( 'NONE',  ( 0.000000000000000000, 1.000000000000000000, -0.000000000000000000 ) ) ;
#285 = ORIENTED_EDGE ( 'NONE', *, *, #3956, .T. ) ;
#286 = CARTESIAN_POINT ( 'NONE',  ( 51.27272727272725206, -36.18181818181820120, 3.000000000000000000 ) ) ;
#287 = CARTESIAN_POINT ( 'NONE',  ( 18.93426957470550320, -29.29617257771451833, 0.000000000000000000 ) ) ;
#288 = VECTOR ( 'NONE', #1107, 1000.000000000000000 ) ;
#289 = PLANE ( 'NONE',  #3788 ) ;
#290 = VERTEX_POINT ( 'NONE', #286 ) ;
#291 = ORIENTED_EDGE ( 'NONE', *, *, #4518, .F. ) ;
#292 = B_SPLINE_SURFACE_WITH_KNOTS ( 'NONE', 3, 1, ( 
 ( #3301, #2934 ),
 ( #2115, #1350 ),
 ( #3717, #2569 ),
 ( #2169, #3274 ),
 ( #3769, #1302 ),
 ( #3377, #1377 ),
 ( #853, #2464 ),
 ( #3666, #4886 ),
 ( #2884, #4498 ),
 ( #880, #4087 ),
 ( #482, #3454 ),
 ( #1908, #3092 ),
 ( #5099, #1829 ),
 ( #3506, #4193 ),
 ( #4301, #3065 ),
 ( #4647, #619 ),
 ( #5121, #2649 ),
 ( #2197, #3848 ),
 ( #4224, #4698 ),
 ( #2224, #693 ),
 ( #1509, #3823 ),
 ( #3431, #3481 ),
 ( #4275, #3797 ),
 ( #589, #227 ),
 ( #1009, #200 ) ),
 .UNSPECIFIED., .F., .F., .F.,
 ( 4, 1, 1, 1, 1, 1, 1, 1, 1, 1, 1, 1, 1, 1, 1, 1, 1, 1, 1, 1, 1, 1, 4 ),
 ( 2, 2 ),
 ( 0.000000000000000000, 0.08775568678357958952, 0.1302544897754718545, 0.1718076674778769575, 0.2125957092729889308, 0.2532670379414711515, 0.2937556223358452900, 0.3342191519107443609, 0.3742242590811638014, 0.4139607071907028812, 0.4536221160360138782, 0.4934032011068728574, 0.5332606903807827203, 0.5736379754379862250, 0.6144213551209768420, 0.6563752887517388945, 0.6984122323152590628, 0.7405350317391540260, 0.7826442866122498287, 0.8247068546484709328, 0.8676522214772887098, 0.9108037178282372137, 1.000000000000000000 ),
 ( 0.000000000000000000, 1.000000000000000000 ),
 .UNSPECIFIED. ) ;
#293 = VECTOR ( 'NONE', #1223, 1000.000000000000000 ) ;
#294 = LINE ( 'NONE', #169, #1854 ) ;
#295 = CARTESIAN_POINT ( 'NONE',  ( -14.74930240653047164, -21.77348484848487331, 3.000000000000000000 ) ) ;
#296 = DIRECTION ( 'NONE',  ( 0.8157578251000283664, -0.5783936123333932589, 0.000000000000000000 ) ) ;
#297 = VECTOR ( 'NONE', #5024, 1000.000000000000000 ) ;
#298 = VECTOR ( 'NONE', #600, 1000.000000000000000 ) ;
#299 = CARTESIAN_POINT ( 'NONE',  ( 16.91640385414966730, -21.71082761646288617, 3.000000000000000444 ) ) ;
#300 = EDGE_CURVE ( 'NONE', #1642, #5142, #4177, .T. ) ;
#301 = ADVANCED_FACE ( 'NONE', ( #991 ), #2179, .T. ) ;
#302 = ORIENTED_EDGE ( 'NONE', *, *, #4867, .F. ) ;
#303 = ORIENTED_EDGE ( 'NONE', *, *, #3440, .T. ) ;
#304 = ORIENTED_EDGE ( 'NONE', *, *, #753, .F. ) ;
#305 = CARTESIAN_POINT ( 'NONE',  ( -13.22964428687235383, -21.77348484848487331, 3.000000000000000000 ) ) ;
#306 = CARTESIAN_POINT ( 'NONE',  ( 19.93520356187562115, -27.36997743680876738, 3.000000000000000444 ) ) ;
#307 = ORIENTED_EDGE ( 'NONE', *, *, #2587, .T. ) ;
#308 = DIRECTION ( 'NONE',  ( -1.000000000000000000, 0.000000000000000000, 0.000000000000000000 ) ) ;
#309 = CARTESIAN_POINT ( 'NONE',  ( -30.59154503909191547, -21.63298675043421682, 0.000000000000000000 ) ) ;
#310 = DIRECTION ( 'NONE',  ( 0.000000000000000000, 0.000000000000000000, 1.000000000000000000 ) ) ;
#311 = DIRECTION ( 'NONE',  ( -0.3817936777328464482, 0.9242475791925165440, 0.000000000000000000 ) ) ;
#312 = EDGE_LOOP ( 'NONE', ( #189, #2976, #4272, #2442 ) ) ;
#313 = CARTESIAN_POINT ( 'NONE',  ( 15.65570047818825472, -24.24654252968909418, 2.999999999999999556 ) ) ;
#314 = CARTESIAN_POINT ( 'NONE',  ( -12.13739001336807810, -29.18181818181820475, 3.000000000000000000 ) ) ;
#315 = DIRECTION ( 'NONE',  ( -1.000000000000000000, -0.000000000000000000, 4.470936793754657754E-18 ) ) ;
#316 = CARTESIAN_POINT ( 'NONE',  ( -0.000000000000000000, -27.66216006216008338, 3.000000000000000000 ) ) ;
#317 = ORIENTED_EDGE ( 'NONE', *, *, #1395, .F. ) ;
#318 = DIRECTION ( 'NONE',  ( 0.000000000000000000, -0.000000000000000000, -1.000000000000000000 ) ) ;
#319 = DIRECTION ( 'NONE',  ( -0.000000000000000000, -0.000000000000000000, 1.000000000000000000 ) ) ;
#320 = AXIS2_PLACEMENT_3D ( 'NONE', #4305, #1514, #4335 ) ;
#321 = PLANE ( 'NONE',  #4977 ) ;
#322 = CARTESIAN_POINT ( 'NONE',  ( -2.687016081744146412, -27.66216006216008338, 3.000000000000000000 ) ) ;
#323 = DIRECTION ( 'NONE',  ( 1.000000000000000000, 0.000000000000000000, 0.000000000000000000 ) ) ;
#324 = ORIENTED_EDGE ( 'NONE', *, *, #4741, .F. ) ;
#325 = VERTEX_POINT ( 'NONE', #2282 ) ;
#326 = ORIENTED_EDGE ( 'NONE', *, *, #2705, .F. ) ;
#327 = DIRECTION ( 'NONE',  ( 1.000000000000000000, 0.000000000000000000, 0.000000000000000000 ) ) ;
#328 = ADVANCED_FACE ( 'NONE', ( #3856 ), #3023, .T. ) ;
#329 = SECURITY_CLASSIFICATION_LEVEL ( 'unclassified' ) ;
#330 = DIRECTION ( 'NONE',  ( 0.000000000000000000, 1.000000000000000000, -0.000000000000000000 ) ) ;
#331 = ORIENTED_EDGE ( 'NONE', *, *, #1348, .F. ) ;
#332 = CARTESIAN_POINT ( 'NONE',  ( 8.272727272727248504, 9.068181818181795251, 3.000000000000000000 ) ) ;
#333 =( NAMED_UNIT ( * ) PLANE_ANGLE_UNIT ( ) SI_UNIT ( $, .RADIAN. ) );
#334 = LINE ( 'NONE', #3435, #5085 ) ;
#335 = EDGE_CURVE ( 'NONE', #2542, #23, #572, .T. ) ;
#336 = CARTESIAN_POINT ( 'NONE',  ( 19.27561112920650643, -23.17671486178612028, 3.000000000000000000 ) ) ;
#337 = CARTESIAN_POINT ( 'NONE',  ( 5.127535217208021301, -23.30093000958925487, 3.000000000000000000 ) ) ;
#338 = FACE_OUTER_BOUND ( 'NONE', #1500, .T. ) ;
#339 = DIRECTION ( 'NONE',  ( 1.000000000000000000, 0.000000000000000000, 0.000000000000000000 ) ) ;
#340 = CARTESIAN_POINT ( 'NONE',  ( 15.62524458028985386, -28.75960386469752450, 0.000000000000000000 ) ) ;
#341 = ORIENTED_EDGE ( 'NONE', *, *, #358, .T. ) ;
#342 = CARTESIAN_POINT ( 'NONE',  ( -30.59151971043662144, -21.63487849756751302, 3.000000000000000000 ) ) ;
#343 = PLANE ( 'NONE',  #431 ) ;
#344 = LINE ( 'NONE', #1953, #1727 ) ;
#345 = CARTESIAN_POINT ( 'NONE',  ( 14.36684778656120542, -23.49354553871626550, -4.336808689942017736E-16 ) ) ;
#346 = ORIENTED_EDGE ( 'NONE', *, *, #2023, .F. ) ;
#347 = ORIENTED_EDGE ( 'NONE', *, *, #4612, .T. ) ;
#348 = AXIS2_PLACEMENT_3D ( 'NONE', #4167, #2489, #173 ) ;
#349 = EDGE_CURVE ( 'NONE', #3925, #3240, #1016, .T. ) ;
#350 = LINE ( 'NONE', #2377, #1181 ) ;
#351 = AXIS2_PLACEMENT_3D ( 'NONE', #4931, #2074, #1314 ) ;
#352 = VECTOR ( 'NONE', #603, 1000.000000000000000 ) ;
#353 = CARTESIAN_POINT ( 'NONE',  ( -30.49349478099628286, -21.77348484848487331, 0.000000000000000000 ) ) ;
#354 = EDGE_LOOP ( 'NONE', ( #4955, #3825, #2796, #1948 ) ) ;
#355 = FACE_OUTER_BOUND ( 'NONE', #1553, .T. ) ;
#356 = CARTESIAN_POINT ( 'NONE',  ( 20.36148420881290377, -28.76336152390959455, 0.000000000000000000 ) ) ;
#357 = CARTESIAN_POINT ( 'NONE',  ( -33.27013573986380379, 0.000000000000000000, 3.000000000000000000 ) ) ;
#358 = EDGE_CURVE ( 'NONE', #1903, #151, #1837, .T. ) ;
#359 = ADVANCED_FACE ( 'NONE', ( #1040 ), #3491, .F. ) ;
#360 = CARTESIAN_POINT ( 'NONE',  ( -1.833124890856517641, -28.36088815180093192, 0.000000000000000000 ) ) ;
#361 = CARTESIAN_POINT ( 'NONE',  ( 18.97257977902017601, -21.67858058195580284, 3.000000000000000444 ) ) ;
#362 = FACE_OUTER_BOUND ( 'NONE', #4752, .T. ) ;
#363 = VERTEX_POINT ( 'NONE', #3389 ) ;
#364 = ORIENTED_EDGE ( 'NONE', *, *, #5161, .T. ) ;
#365 = CARTESIAN_POINT ( 'NONE',  ( 51.27272727272725206, -36.18181818181820120, 0.000000000000000000 ) ) ;
#366 = EDGE_CURVE ( 'NONE', #4070, #325, #5002, .T. ) ;
#367 = DIRECTION ( 'NONE',  ( -0.8157833888561344393, 0.5783575558998093058, 0.000000000000000000 ) ) ;
#368 = EDGE_CURVE ( 'NONE', #5111, #3812, #2629, .T. ) ;
#369 = CARTESIAN_POINT ( 'NONE',  ( -3.293843998856162525, -29.04328981214635874, 3.000000000000000000 ) ) ;
#370 = CARTESIAN_POINT ( 'NONE',  ( 14.24195110938329734, -23.71221929385012928, 3.000000000000000444 ) ) ;
#371 = VERTEX_POINT ( 'NONE', #409 ) ;
#372 = VECTOR ( 'NONE', #1057, 1000.000000000000000 ) ;
#373 = ORIENTED_EDGE ( 'NONE', *, *, #2705, .T. ) ;
#374 = CARTESIAN_POINT ( 'NONE',  ( 9.804279992160477519, -29.22094582063262536, -4.336808689942017736E-16 ) ) ;
#375 = VECTOR ( 'NONE', #1447, 1000.000000000000000 ) ;
#376 = CARTESIAN_POINT ( 'NONE',  ( -12.13739001336807810, -29.18181818181820475, 0.000000000000000000 ) ) ;
#377 = AXIS2_PLACEMENT_3D ( 'NONE', #332, #696, #4334 ) ;
#378 = CARTESIAN_POINT ( 'NONE',  ( -7.177272727272748121, -6.031818181818207059, 0.000000000000000000 ) ) ;
#379 = VECTOR ( 'NONE', #3949, 1000.000000000000000 ) ;
#380 = ORIENTED_EDGE ( 'NONE', *, *, #2630, .T. ) ;
#381 = DIRECTION ( 'NONE',  ( 0.000000000000000000, 1.000000000000000000, -1.239088197126291063E-16 ) ) ;
#382 = FACE_OUTER_BOUND ( 'NONE', #354, .T. ) ;
#383 = CARTESIAN_POINT ( 'NONE',  ( -14.74930240653047164, -29.18181818181820475, 0.000000000000000000 ) ) ;
#384 = CARTESIAN_POINT ( 'NONE',  ( 0.000000000000000000, -29.18181818181820475, 0.000000000000000000 ) ) ;
#385 = DIRECTION ( 'NONE',  ( -0.000000000000000000, -0.000000000000000000, 1.000000000000000000 ) ) ;
#386 = CARTESIAN_POINT ( 'NONE',  ( -1.832208389436457141, -28.46651035596350354, 0.000000000000000000 ) ) ;
#387 = CARTESIAN_POINT ( 'NONE',  ( 18.73819772170884690, -21.63433170521069826, 3.000000000000000444 ) ) ;
#388 = CARTESIAN_POINT ( 'NONE',  ( 53.27272727272725916, -36.18181818181820120, 2.374999999999992895 ) ) ;
#389 = EDGE_CURVE ( 'NONE', #4695, #3173, #5202, .T. ) ;
#390 = CARTESIAN_POINT ( 'NONE',  ( 23.97081478096951912, -29.18181818181820475, 0.000000000000000000 ) ) ;
#391 = EDGE_CURVE ( 'NONE', #1023, #1767, #4364, .T. ) ;
#392 = CARTESIAN_POINT ( 'NONE',  ( 16.33560606461194809, -29.10427599548136968, 3.000000000000000444 ) ) ;
#393 = ORIENTED_EDGE ( 'NONE', *, *, #4151, .T. ) ;
#394 = LINE ( 'NONE', #3577, #4571 ) ;
#395 = CARTESIAN_POINT ( 'NONE',  ( 21.00475742013974312, -23.44639323490115856, 0.000000000000000000 ) ) ;
#396 = FACE_OUTER_BOUND ( 'NONE', #718, .T. ) ;
#397 = CARTESIAN_POINT ( 'NONE',  ( 14.04252431123885714, -24.17500107106741325, 3.000000000000000444 ) ) ;
#398 = ORIENTED_EDGE ( 'NONE', *, *, #2325, .F. ) ;
#399 = PRODUCT_RELATED_PRODUCT_CATEGORY ( 'detail', '', ( #4237 ) ) ;
#400 = EDGE_LOOP ( 'NONE', ( #265, #1029, #2652, #4768 ) ) ;
#401 = CARTESIAN_POINT ( 'NONE',  ( 10.87631019051810810, -28.74434059476724457, -4.336808689942017736E-16 ) ) ;
#402 = EDGE_LOOP ( 'NONE', ( #1627, #2864, #1957, #3283, #3194, #2592, #2593, #5177, #4593, #815, #3048, #2003 ) ) ;
#403 = ORIENTED_EDGE ( 'NONE', *, *, #4964, .F. ) ;
#404 = CARTESIAN_POINT ( 'NONE',  ( 13.85338504134535853, -25.01779686037268746, -4.336808689942017736E-16 ) ) ;
#405 = MECHANICAL_CONTEXT ( 'NONE', #2763, 'mechanical' ) ;
#406 = PLANE ( 'NONE',  #539 ) ;
#407 = DIRECTION ( 'NONE',  ( -0.000000000000000000, -0.000000000000000000, 1.000000000000000000 ) ) ;
#408 = VECTOR ( 'NONE', #4434, 1000.000000000000000 ) ;
#409 = CARTESIAN_POINT ( 'NONE',  ( -47.22727272727274794, -38.18181818181820830, 0.6210940505391644439 ) ) ;
#410 = CARTESIAN_POINT ( 'NONE',  ( -27.62727272727275007, 0.000000000000000000, 0.000000000000000000 ) ) ;
#411 = CARTESIAN_POINT ( 'NONE',  ( 15.64895264508764683, -22.24177409801688654, 2.999999999999999556 ) ) ;
#412 = DIRECTION ( 'NONE',  ( -0.000000000000000000, -0.000000000000000000, 1.000000000000000000 ) ) ;
#413 = CARTESIAN_POINT ( 'NONE',  ( 13.99508418012437083, -26.66276637507308322, 3.000000000000000444 ) ) ;
#414 = ORIENTED_EDGE ( 'NONE', *, *, #3440, .F. ) ;
#415 = EDGE_CURVE ( 'NONE', #1342, #5101, #1918, .T. ) ;
#416 = CARTESIAN_POINT ( 'NONE',  ( 53.27272727272725916, 26.81818181818179525, 2.375000000000000444 ) ) ;
#417 = DIRECTION ( 'NONE',  ( 0.000000000000000000, -1.000000000000000000, 0.000000000000000000 ) ) ;
#418 = DIRECTION ( 'NONE',  ( -0.000000000000000000, -0.000000000000000000, 1.000000000000000000 ) ) ;
#419 = CARTESIAN_POINT ( 'NONE',  ( 18.18038451081629603, -21.58325706529912935, 4.336808689942017736E-16 ) ) ;
#420 = ORIENTED_EDGE ( 'NONE', *, *, #1849, .F. ) ;
#421 = EDGE_CURVE ( 'NONE', #3296, #2126, #5089, .T. ) ;
#422 = ORIENTED_EDGE ( 'NONE', *, *, #1479, .F. ) ;
#423 = EDGE_CURVE ( 'NONE', #4553, #4460, #2312, .T. ) ;
#424 = CARTESIAN_POINT ( 'NONE',  ( 10.53466601660137947, -28.93745516444422705, -4.336808689942017736E-16 ) ) ;
#425 = EDGE_LOOP ( 'NONE', ( #3582, #3945, #4985, #2955 ) ) ;
#426 = ORIENTED_EDGE ( 'NONE', *, *, #3981, .T. ) ;
#427 = CARTESIAN_POINT ( 'NONE',  ( -2.965955427744975115, -27.68734295482420649, 3.000000000000000000 ) ) ;
#428 = CARTESIAN_POINT ( 'NONE',  ( 15.35953210796705370, -25.28944234077962605, -4.336808689942017736E-16 ) ) ;
#429 = CARTESIAN_POINT ( 'NONE',  ( 45.42272727272725064, 22.96818181818179738, -4.336808689942017736E-16 ) ) ;
#430 = AXIS2_PLACEMENT_3D ( 'NONE', #1328, #67, #1272 ) ;
#431 = AXIS2_PLACEMENT_3D ( 'NONE', #26, #4428, #1630 ) ;
#432 = PRODUCT_DEFINITION ( 'UNKNOWN', '', #4853, #1380 ) ;
#433 = CARTESIAN_POINT ( 'NONE',  ( 0.000000000000000000, -27.85211732711734811, 0.000000000000000000 ) ) ;
#434 = CARTESIAN_POINT ( 'NONE',  ( 16.23239389466325377, -27.42812522688377541, 3.000000000000000000 ) ) ;
#435 = CARTESIAN_POINT ( 'NONE',  ( 8.584276319431058511, -21.58352758352760148, -4.336808689942017736E-16 ) ) ;
#436 = CARTESIAN_POINT ( 'NONE',  ( 21.43755656782849428, -23.05866446921137580, 3.000000000000000000 ) ) ;
#437 = CARTESIAN_POINT ( 'NONE',  ( 22.33985357637550351, -29.18181818181820475, 0.000000000000000000 ) ) ;
#438 = DIRECTION ( 'NONE',  ( -0.000000000000000000, -0.000000000000000000, 1.000000000000000000 ) ) ;
#439 = CARTESIAN_POINT ( 'NONE',  ( 14.12311253669013844, -27.02569045971518591, 3.000000000000000444 ) ) ;
#440 = VERTEX_POINT ( 'NONE', #2340 ) ;
#441 = CARTESIAN_POINT ( 'NONE',  ( 20.39724373396097690, -23.99064230040795920, 0.000000000000000000 ) ) ;
#442 = CARTESIAN_POINT ( 'NONE',  ( 16.97853075080897511, -23.09254322853190899, -4.336808689942017736E-16 ) ) ;
#443 = DIRECTION ( 'NONE',  ( -0.000000000000000000, -0.000000000000000000, 1.000000000000000000 ) ) ;
#444 = CARTESIAN_POINT ( 'NONE',  ( -28.62727272727275007, 8.268181818181796316, 3.000000000000000000 ) ) ;
#445 = CARTESIAN_POINT ( 'NONE',  ( 49.77272727272725206, -38.18181818181820830, 2.378905949460850433 ) ) ;
#446 = ORIENTED_EDGE ( 'NONE', *, *, #4932, .F. ) ;
#447 = ORIENTED_EDGE ( 'NONE', *, *, #4537, .T. ) ;
#448 = CARTESIAN_POINT ( 'NONE',  ( 9.262123052412681190, -21.61679765755502203, 3.000000000000000000 ) ) ;
#449 = ADVANCED_FACE ( 'NONE', ( #779 ), #2687, .T. ) ;
#450 = EDGE_CURVE ( 'NONE', #3059, #2271, #4568, .T. ) ;
#451 = AXIS2_PLACEMENT_3D ( 'NONE', #4735, #1834, #2725 ) ;
#452 = FACE_OUTER_BOUND ( 'NONE', #477, .T. ) ;
#453 = ORIENTED_EDGE ( 'NONE', *, *, #3958, .T. ) ;
#454 = ORIENTED_EDGE ( 'NONE', *, *, #1449, .F. ) ;
#455 = DIRECTION ( 'NONE',  ( 0.000000000000000000, -1.000000000000000000, 1.221878638832870080E-16 ) ) ;
#456 = DATE_AND_TIME ( #1694, #476 ) ;
#457 = VECTOR ( 'NONE', #2036, 1000.000000000000000 ) ;
#458 = CARTESIAN_POINT ( 'NONE',  ( 20.39872777509344814, -26.96466072989512597, 0.000000000000000000 ) ) ;
#459 = DIRECTION ( 'NONE',  ( 0.000000000000000000, 0.000000000000000000, -1.000000000000000000 ) ) ;
#460 = VECTOR ( 'NONE', #939, 1000.000000000000000 ) ;
#461 = CARTESIAN_POINT ( 'NONE',  ( 15.36079272428585085, -25.58461953590012072, 3.000000000000000000 ) ) ;
#462 = CARTESIAN_POINT ( 'NONE',  ( 7.506594283671443435, -21.71205613590216288, 3.000000000000000000 ) ) ;
#463 = CARTESIAN_POINT ( 'NONE',  ( -44.87727272727275363, 22.40434628038717690, 3.000000000000000000 ) ) ;
#464 = DIRECTION ( 'NONE',  ( 0.000000000000000000, -1.000000000000000000, 0.000000000000000000 ) ) ;
#465 = CARTESIAN_POINT ( 'NONE',  ( 19.49771070044147692, -27.66913882346345943, 4.336808689942017736E-16 ) ) ;
#466 = ORIENTED_EDGE ( 'NONE', *, *, #3606, .T. ) ;
#467 = CARTESIAN_POINT ( 'NONE',  ( 8.594664607358415864, -29.37177544677546592, 2.999999999999999556 ) ) ;
#468 = CARTESIAN_POINT ( 'NONE',  ( -48.72727272727274794, -36.18181818181820120, 3.000000000000000000 ) ) ;
#469 = CARTESIAN_POINT ( 'NONE',  ( -19.35576608174415014, -27.03589470425410468, 0.000000000000000000 ) ) ;
#470 = DIRECTION ( 'NONE',  ( -1.000000000000000000, 0.000000000000000000, 4.470936793754658524E-18 ) ) ;
#471 = LINE ( 'NONE', #3239, #3292 ) ;
#472 = EDGE_LOOP ( 'NONE', ( #3410, #1213, #4026, #3971 ) ) ;
#473 = ORIENTED_EDGE ( 'NONE', *, *, #2783, .F. ) ;
#474 = CARTESIAN_POINT ( 'NONE',  ( 8.584276319431060287, -21.58352758352760503, 0.000000000000000000 ) ) ;
#475 = DIRECTION ( 'NONE',  ( 1.000000000000000000, 0.000000000000000000, 0.000000000000000000 ) ) ;
#476 = LOCAL_TIME ( 23, 18, 53.00000000000000000, #2537 ) ;
#477 = EDGE_LOOP ( 'NONE', ( #3926, #1353, #2156, #2507 ) ) ;
#478 = ORIENTED_EDGE ( 'NONE', *, *, #3375, .T. ) ;
#479 = CARTESIAN_POINT ( 'NONE',  ( 15.21139753943807627, -22.54674573480384225, -4.336808689942017736E-16 ) ) ;
#480 = EDGE_CURVE ( 'NONE', #371, #3659, #3645, .T. ) ;
#481 = CARTESIAN_POINT ( 'NONE',  ( 16.50787310710831335, -27.62613668987420468, 0.000000000000000000 ) ) ;
#482 = CARTESIAN_POINT ( 'NONE',  ( 15.88417015124322162, -27.07263966247638010, -4.336808689942017736E-16 ) ) ;
#483 = FACE_BOUND ( 'NONE', #2847, .T. ) ;
#484 = CARTESIAN_POINT ( 'NONE',  ( -3.163060660602519114, -27.79117630743206746, 0.000000000000000000 ) ) ;
#485 = ADVANCED_FACE ( 'NONE', ( #3720 ), #2063, .T. ) ;
#486 = CARTESIAN_POINT ( 'NONE',  ( -27.29804908690261200, -10.40081918335111588, 3.000000000000000000 ) ) ;
#487 = B_SPLINE_CURVE_WITH_KNOTS ( 'NONE', 3,
 ( #2682, #2259, #3050, #1838, #3024, #992, #2209, #3857, #237 ),
 .UNSPECIFIED., .F., .F.,
 ( 4, 1, 1, 1, 1, 1, 4 ),
 ( 0.000000000000000000, 0.2438262783357073860, 0.3646584570764321853, 0.4912078054463615562, 0.6193690532975879570, 0.7435630205774187429, 1.000000000000000000 ),
 .UNSPECIFIED. ) ;
#488 = DIRECTION ( 'NONE',  ( -1.000000000000000000, 0.000000000000000000, 0.000000000000000000 ) ) ;
#489 = DIRECTION ( 'NONE',  ( 1.014458173085851845E-16, -1.000000000000000000, 0.000000000000000000 ) ) ;
#490 = CARTESIAN_POINT ( 'NONE',  ( 24.60004822114045808, -27.66216006216008338, 0.000000000000000000 ) ) ;
#491 = ORIENTED_EDGE ( 'NONE', *, *, #4681, .T. ) ;
#492 = CARTESIAN_POINT ( 'NONE',  ( 5.616974082127881296, -28.22222028132510729, 0.000000000000000000 ) ) ;
#493 = DIRECTION ( 'NONE',  ( 1.014458173085851845E-16, -1.000000000000000000, 0.000000000000000000 ) ) ;
#494 = DIRECTION ( 'NONE',  ( 1.000000000000000000, 0.000000000000000000, 0.000000000000000000 ) ) ;
#495 = CARTESIAN_POINT ( 'NONE',  ( 7.506594283671443435, -21.71205613590216288, 2.999999999999999556 ) ) ;
#496 = VERTEX_POINT ( 'NONE', #4501 ) ;
#497 = VERTEX_POINT ( 'NONE', #4471 ) ;
#498 = FACE_OUTER_BOUND ( 'NONE', #4725, .T. ) ;
#499 = AXIS2_PLACEMENT_3D ( 'NONE', #614, #956, #2566 ) ;
#500 = CARTESIAN_POINT ( 'NONE',  ( 0.000000000000000000, -21.77348484848487331, 3.000000000000000000 ) ) ;
#501 = ORIENTED_EDGE ( 'NONE', *, *, #3615, .T. ) ;
#502 = ORIENTED_EDGE ( 'NONE', *, *, #1134, .T. ) ;
#503 = DIRECTION ( 'NONE',  ( 0.000000000000000000, -1.000000000000000000, 0.000000000000000000 ) ) ;
#504 = CARTESIAN_POINT ( 'NONE',  ( 15.54912039799451406, -26.49444713658017747, 0.000000000000000000 ) ) ;
#505 = DIRECTION ( 'NONE',  ( 0.000000000000000000, 0.000000000000000000, -1.000000000000000000 ) ) ;
#506 = CARTESIAN_POINT ( 'NONE',  ( 21.40639170404644176, -27.95748424752333250, 0.000000000000000000 ) ) ;
#507 = ORIENTED_EDGE ( 'NONE', *, *, #3252, .F. ) ;
#508 = CARTESIAN_POINT ( 'NONE',  ( 6.994825539856764252, -21.87589605614900279, -4.336808689942017736E-16 ) ) ;
#509 = VECTOR ( 'NONE', #1594, 1000.000000000000000 ) ;
#510 = DIRECTION ( 'NONE',  ( 1.000000000000000000, 0.000000000000000000, -0.000000000000000000 ) ) ;
#511 = CARTESIAN_POINT ( 'NONE',  ( 29.39873147688028610, -12.27302812456301950, 0.000000000000000000 ) ) ;
#512 = CARTESIAN_POINT ( 'NONE',  ( 4.472316369498125610, -26.11411141875255382, 0.000000000000000000 ) ) ;
#513 = LINE ( 'NONE', #2941, #119 ) ;
#514 = EDGE_CURVE ( 'NONE', #4857, #1749, #71, .T. ) ;
#515 = VECTOR ( 'NONE', #3667, 1000.000000000000000 ) ;
#516 = VECTOR ( 'NONE', #5213, 1000.000000000000000 ) ;
#517 = EDGE_CURVE ( 'NONE', #2873, #3271, #883, .T. ) ;
#518 = VERTEX_POINT ( 'NONE', #94 ) ;
#519 = LINE ( 'NONE', #3728, #2291 ) ;
#520 = CARTESIAN_POINT ( 'NONE',  ( 8.594664607358415864, -29.37177544677546948, 0.000000000000000000 ) ) ;
#521 = VECTOR ( 'NONE', #3522, 1000.000000000000000 ) ;
#522 = CARTESIAN_POINT ( 'NONE',  ( 22.33985357637550351, -29.18181818181820475, 3.000000000000000000 ) ) ;
#523 = CARTESIAN_POINT ( 'NONE',  ( 4.648385941994662929, -24.21193820843942035, 2.999999999999999556 ) ) ;
#524 = VERTEX_POINT ( 'NONE', #4171 ) ;
#525 = ORIENTED_EDGE ( 'NONE', *, *, #1087, .F. ) ;
#526 = ADVANCED_FACE ( 'NONE', ( #177 ), #3827, .F. ) ;
#527 = EDGE_CURVE ( 'NONE', #3719, #3659, #4995, .T. ) ;
#528 = CARTESIAN_POINT ( 'NONE',  ( 20.52924637668424523, -22.29809133473669647, -4.336808689942017736E-16 ) ) ;
#529 = CARTESIAN_POINT ( 'NONE',  ( -14.74930240653047164, -29.18181818181820475, 3.000000000000000000 ) ) ;
#530 = ORIENTED_EDGE ( 'NONE', *, *, #2385, .F. ) ;
#531 = ORIENTED_EDGE ( 'NONE', *, *, #2944, .T. ) ;
#532 = DIRECTION ( 'NONE',  ( -0.000000000000000000, -0.000000000000000000, 1.000000000000000000 ) ) ;
#533 = CARTESIAN_POINT ( 'NONE',  ( 15.44146680141223626, -26.17158415355637757, 0.000000000000000000 ) ) ;
#534 = AXIS2_PLACEMENT_3D ( 'NONE', #4306, #4704, #283 ) ;
#535 = CARTESIAN_POINT ( 'NONE',  ( -48.72727272727274794, 26.81818181818179525, 3.000000000000000000 ) ) ;
#536 = DIRECTION ( 'NONE',  ( 0.000000000000000000, -1.000000000000000000, 0.000000000000000000 ) ) ;
#537 = CARTESIAN_POINT ( 'NONE',  ( 18.03761833331995490, -28.04207459207461639, 3.000000000000000000 ) ) ;
#538 = ORIENTED_EDGE ( 'NONE', *, *, #933, .T. ) ;
#539 = AXIS2_PLACEMENT_3D ( 'NONE', #750, #1987, #5206 ) ;
#540 = FACE_OUTER_BOUND ( 'NONE', #612, .T. ) ;
#541 = EDGE_CURVE ( 'NONE', #2138, #2907, #2599, .T. ) ;
#542 = VECTOR ( 'NONE', #1813, 1000.000000000000000 ) ;
#543 = DIRECTION ( 'NONE',  ( 0.000000000000000000, -1.000000000000000000, 0.000000000000000000 ) ) ;
#544 = AXIS2_PLACEMENT_3D ( 'NONE', #3778, #653, #4258 ) ;
#545 = CARTESIAN_POINT ( 'NONE',  ( -18.57367640492790883, -29.18181818181820830, 3.000000000000000000 ) ) ;
#546 = AXIS2_PLACEMENT_3D ( 'NONE', #2401, #418, #3554 ) ;
#547 = ORIENTED_EDGE ( 'NONE', *, *, #4383, .T. ) ;
#548 = CARTESIAN_POINT ( 'NONE',  ( 1.397065114837045652, -21.77348484848487331, 0.000000000000000000 ) ) ;
#549 = CARTESIAN_POINT ( 'NONE',  ( 0.000000000000000000, -29.18181818181820475, 3.000000000000000000 ) ) ;
#550 = ADVANCED_FACE ( 'NONE', ( #3561 ), #2357, .F. ) ;
#551 = ADVANCED_FACE ( 'NONE', ( #1161 ), #5153, .F. ) ;
#552 = LINE ( 'NONE', #2870, #2626 ) ;
#553 = DIRECTION ( 'NONE',  ( 0.000000000000000000, -1.000000000000000000, 0.000000000000000000 ) ) ;
#554 = ORIENTED_EDGE ( 'NONE', *, *, #4117, .T. ) ;
#555 = VERTEX_POINT ( 'NONE', #1936 ) ;
#556 = ADVANCED_FACE ( 'NONE', ( #3935 ), #3909, .T. ) ;
#557 = ADVANCED_FACE ( 'NONE', ( #1490 ), #4781, .F. ) ;
#558 = CARTESIAN_POINT ( 'NONE',  ( 20.10971143494082725, -22.06643229989806443, 3.000000000000000000 ) ) ;
#559 = LINE ( 'NONE', #3685, #1437 ) ;
#560 = EDGE_LOOP ( 'NONE', ( #258, #3196, #2990, #4459 ) ) ;
#561 = ORIENTED_EDGE ( 'NONE', *, *, #775, .T. ) ;
#562 = CARTESIAN_POINT ( 'NONE',  ( 21.00475742013974312, -23.44639323490115856, 3.000000000000000000 ) ) ;
#563 = CARTESIAN_POINT ( 'NONE',  ( 16.65805700265153888, -27.71308199784787973, 0.000000000000000000 ) ) ;
#564 = CARTESIAN_POINT ( 'NONE',  ( 8.272727272727246728, -6.031818181818207059, 3.000000000000000000 ) ) ;
#565 = FACE_BOUND ( 'NONE', #2479, .T. ) ;
#566 = CARTESIAN_POINT ( 'NONE',  ( 0.000000000000000000, -29.18181818181820475, 0.000000000000000000 ) ) ;
#567 = ORIENTED_EDGE ( 'NONE', *, *, #2802, .T. ) ;
#568 = DIRECTION ( 'NONE',  ( -0.000000000000000000, 0.000000000000000000, -1.000000000000000000 ) ) ;
#569 = DIRECTION ( 'NONE',  ( 0.9228141869502101136, -0.3852453456739258764, 0.000000000000000000 ) ) ;
#570 = CARTESIAN_POINT ( 'NONE',  ( 20.39724373396097690, -23.99064230040795920, 3.000000000000000000 ) ) ;
#571 = ORIENTED_EDGE ( 'NONE', *, *, #4739, .F. ) ;
#572 = LINE ( 'NONE', #2658, #127 ) ;
#573 = CARTESIAN_POINT ( 'NONE',  ( -9.077272727272747588, -6.031818181818207059, 3.000000000000000000 ) ) ;
#574 = CARTESIAN_POINT ( 'NONE',  ( -27.62727272727275007, 7.268181818181796316, 3.000000000000000000 ) ) ;
#575 = CARTESIAN_POINT ( 'NONE',  ( 20.10971143494082725, -22.06643229989806443, 4.336808689942017736E-16 ) ) ;
#576 = EDGE_CURVE ( 'NONE', #1807, #4826, #2774, .T. ) ;
#577 = ORIENTED_EDGE ( 'NONE', *, *, #3899, .F. ) ;
#578 = ORIENTED_EDGE ( 'NONE', *, *, #527, .F. ) ;
#579 = DIRECTION ( 'NONE',  ( 0.000000000000000000, -0.000000000000000000, -1.000000000000000000 ) ) ;
#580 = CARTESIAN_POINT ( 'NONE',  ( 21.43755656782849428, -23.05866446921136870, -4.336808689942017736E-16 ) ) ;
#581 = DIRECTION ( 'NONE',  ( 1.000000000000000000, 0.000000000000000000, 0.000000000000000000 ) ) ;
#582 = EDGE_CURVE ( 'NONE', #1077, #5068, #3096, .T. ) ;
#583 = EDGE_CURVE ( 'NONE', #4980, #1421, #1564, .T. ) ;
#584 = ORIENTED_EDGE ( 'NONE', *, *, #140, .T. ) ;
#585 = ORIENTED_EDGE ( 'NONE', *, *, #3446, .F. ) ;
#586 = VERTEX_POINT ( 'NONE', #3174 ) ;
#587 = CARTESIAN_POINT ( 'NONE',  ( -44.42727272727275079, 8.268181818181796316, 0.000000000000000000 ) ) ;
#588 = CARTESIAN_POINT ( 'NONE',  ( 16.23239389466325377, -27.42812522688377541, 0.000000000000000000 ) ) ;
#589 = CARTESIAN_POINT ( 'NONE',  ( 17.91354688590662647, -28.04403899778276354, -4.336808689942017736E-16 ) ) ;
#590 = FACE_BOUND ( 'NONE', #4897, .T. ) ;
#591 = DIRECTION ( 'NONE',  ( 1.000000000000000000, 0.000000000000000000, 0.000000000000000000 ) ) ;
#592 = ORIENTED_EDGE ( 'NONE', *, *, #2293, .T. ) ;
#593 = FACE_BOUND ( 'NONE', #1316, .T. ) ;
#594 = EDGE_CURVE ( 'NONE', #4967, #59, #1473, .T. ) ;
#595 = DIRECTION ( 'NONE',  ( 1.000000000000000000, 0.000000000000000000, 0.000000000000000000 ) ) ;
#596 = FACE_OUTER_BOUND ( 'NONE', #3348, .T. ) ;
#597 = CARTESIAN_POINT ( 'NONE',  ( 12.53878931553004428, -26.64838692683061794, 3.000000000000000000 ) ) ;
#598 = CIRCLE ( 'NONE', #2875, 0.9999999999999991118 ) ;
#599 = ORIENTED_EDGE ( 'NONE', *, *, #1220, .F. ) ;
#600 = DIRECTION ( 'NONE',  ( -1.000000000000000000, 0.000000000000000000, 0.000000000000000000 ) ) ;
#601 = PLANE ( 'NONE',  #3882 ) ;
#602 = VECTOR ( 'NONE', #3449, 1000.000000000000000 ) ;
#603 = DIRECTION ( 'NONE',  ( -0.3817936777328447273, 0.9242475791925174322, 0.000000000000000000 ) ) ;
#604 = VECTOR ( 'NONE', #2181, 1000.000000000000000 ) ;
#605 = CARTESIAN_POINT ( 'NONE',  ( -2.798461419195739541, -29.27719621011705442, 0.000000000000000000 ) ) ;
#606 = ORIENTED_EDGE ( 'NONE', *, *, #1092, .T. ) ;
#607 = ORIENTED_EDGE ( 'NONE', *, *, #2284, .F. ) ;
#608 = PLANE ( 'NONE',  #1608 ) ;
#609 = CARTESIAN_POINT ( 'NONE',  ( -6.177272727272748121, -7.031818181818207059, 3.000000000000000000 ) ) ;
#610 = CARTESIAN_POINT ( 'NONE',  ( -10.07727272727274936, 9.068181818181795251, 0.000000000000000000 ) ) ;
#611 = VERTEX_POINT ( 'NONE', #749 ) ;
#612 = EDGE_LOOP ( 'NONE', ( #950, #4226, #1294, #1295 ) ) ;
#613 = ORIENTED_EDGE ( 'NONE', *, *, #3218, .F. ) ;
#614 = CARTESIAN_POINT ( 'NONE',  ( 0.000000000000000000, -29.18181818181820475, 0.000000000000000000 ) ) ;
#615 = CARTESIAN_POINT ( 'NONE',  ( 20.39724373396097690, -23.99064230040795920, 0.000000000000000000 ) ) ;
#616 = EDGE_CURVE ( 'NONE', #995, #1180, #2697, .T. ) ;
#617 = CARTESIAN_POINT ( 'NONE',  ( -2.687016081744146412, -29.27679681429683711, 3.000000000000000000 ) ) ;
#618 = EDGE_CURVE ( 'NONE', #2126, #3296, #3071, .T. ) ;
#619 = CARTESIAN_POINT ( 'NONE',  ( 16.50787310710831335, -27.62613668987420468, 3.000000000000000000 ) ) ;
#620 = CYLINDRICAL_SURFACE ( 'NONE', #1038, 1.000000000000000000 ) ;
#621 = VERTEX_POINT ( 'NONE', #2722 ) ;
#622 = DIRECTION ( 'NONE',  ( -0.5773769195031311918, 0.8164777356579141498, 0.000000000000000000 ) ) ;
#623 = ADVANCED_FACE ( 'NONE', ( #355 ), #4804, .F. ) ;
#624 = PLANE ( 'NONE',  #1376 ) ;
#625 = PLANE ( 'NONE',  #211 ) ;
#626 = VECTOR ( 'NONE', #1597, 1000.000000000000114 ) ;
#627 = ORIENTED_EDGE ( 'NONE', *, *, #4318, .T. ) ;
#628 = DIRECTION ( 'NONE',  ( -0.000000000000000000, 0.000000000000000000, 1.000000000000000000 ) ) ;
#629 = CARTESIAN_POINT ( 'NONE',  ( 37.37272727272726058, -6.681818181818204749, -4.336808689942017736E-16 ) ) ;
#630 = VECTOR ( 'NONE', #284, 1000.000000000000000 ) ;
#631 = CARTESIAN_POINT ( 'NONE',  ( 20.15983893288863982, -28.87779472403281034, 0.000000000000000000 ) ) ;
#632 = AXIS2_PLACEMENT_3D ( 'NONE', #3639, #3272, #4884 ) ;
#633 = AXIS2_PLACEMENT_3D ( 'NONE', #3822, #2694, #4298 ) ;
#634 = ORIENTED_EDGE ( 'NONE', *, *, #2669, .T. ) ;
#635 = ORIENTED_EDGE ( 'NONE', *, *, #2400, .F. ) ;
#636 = CARTESIAN_POINT ( 'NONE',  ( 11.77263753712580296, -23.00774704499161771, 3.000000000000000000 ) ) ;
#637 = DIRECTION ( 'NONE',  ( -0.3817936777328447828, 0.9242475791925174322, 0.000000000000000000 ) ) ;
#638 = LINE ( 'NONE', #1027, #4728 ) ;
#639 = VERTEX_POINT ( 'NONE', #1513 ) ;
#640 = VERTEX_POINT ( 'NONE', #3148 ) ;
#641 = EDGE_CURVE ( 'NONE', #2907, #4744, #4670, .T. ) ;
#642 = EDGE_LOOP ( 'NONE', ( #585, #398, #3747, #5046 ) ) ;
#643 = CARTESIAN_POINT ( 'NONE',  ( -10.07727272727274936, 9.068181818181795251, 0.000000000000000000 ) ) ;
#644 = LINE ( 'NONE', #5070, #2701 ) ;
#645 = CARTESIAN_POINT ( 'NONE',  ( 19.49771070044147692, -27.66913882346345943, 3.000000000000000444 ) ) ;
#646 = ORIENTED_EDGE ( 'NONE', *, *, #3860, .T. ) ;
#647 = EDGE_CURVE ( 'NONE', #1667, #1482, #726, .T. ) ;
#648 = CARTESIAN_POINT ( 'NONE',  ( -0.1225930048210713275, 0.000000000000000000, 3.000000000000000000 ) ) ;
#649 = LINE ( 'NONE', #4228, #1718 ) ;
#650 = CARTESIAN_POINT ( 'NONE',  ( 20.39872777509344814, -26.96466072989512597, -0.000000000000000000 ) ) ;
#651 = ADVANCED_FACE ( 'NONE', ( #1139 ), #3535, .T. ) ;
#652 = VERTEX_POINT ( 'NONE', #2801 ) ;
#653 = DIRECTION ( 'NONE',  ( 0.8164537084805923994, 0.5774108952109301418, 0.000000000000000000 ) ) ;
#654 = CARTESIAN_POINT ( 'NONE',  ( -20.14230788195782296, -29.18181818181820475, 0.000000000000000000 ) ) ;
#655 = CARTESIAN_POINT ( 'NONE',  ( 20.36148420881290377, -28.76336152390959455, 0.000000000000000000 ) ) ;
#656 = VECTOR ( 'NONE', #4996, 1000.000000000000000 ) ;
#657 = CARTESIAN_POINT ( 'NONE',  ( 18.55260321773233656, -28.01585985459744066, 0.000000000000000000 ) ) ;
#658 = ORIENTED_EDGE ( 'NONE', *, *, #3997, .T. ) ;
#659 = ORIENTED_EDGE ( 'NONE', *, *, #1758, .T. ) ;
#660 = PLANE ( 'NONE',  #4210 ) ;
#661 = CARTESIAN_POINT ( 'NONE',  ( 34.92452237979430407, -27.85211732711734811, 0.000000000000000000 ) ) ;
#662 = CARTESIAN_POINT ( 'NONE',  ( 4.895133677277172524, -27.29501671756012016, 3.000000000000000000 ) ) ;
#663 = VERTEX_POINT ( 'NONE', #2334 ) ;
#664 = EDGE_LOOP ( 'NONE', ( #690, #839, #5093, #1072 ) ) ;
#665 = ORIENTED_EDGE ( 'NONE', *, *, #915, .F. ) ;
#666 = CYLINDRICAL_SURFACE ( 'NONE', #1978, 0.9999999999999991118 ) ;
#667 = CARTESIAN_POINT ( 'NONE',  ( -10.50642880877406249, -29.18181818181820475, 3.000000000000000000 ) ) ;
#668 = CARTESIAN_POINT ( 'NONE',  ( 47.42272727272725774, -32.33181818181820688, -4.336808689942017736E-16 ) ) ;
#669 = EDGE_LOOP ( 'NONE', ( #347, #4230, #2594, #3658 ) ) ;
#670 = CARTESIAN_POINT ( 'NONE',  ( 0.000000000000000000, -29.18181818181820475, 0.000000000000000000 ) ) ;
#671 = CARTESIAN_POINT ( 'NONE',  ( 16.97853075080897511, -23.09254322853190899, 3.000000000000000000 ) ) ;
#672 = DIRECTION ( 'NONE',  ( -0.000000000000000000, -0.000000000000000000, 1.000000000000000000 ) ) ;
#673 = CARTESIAN_POINT ( 'NONE',  ( 2.439652015760118309E-16, -7.031818181818207059, 0.000000000000000000 ) ) ;
#674 = VERTEX_POINT ( 'NONE', #4083 ) ;
#675 = DIRECTION ( 'NONE',  ( 0.000000000000000000, 0.000000000000000000, -1.000000000000000000 ) ) ;
#676 = DIRECTION ( 'NONE',  ( 1.000000000000000000, 3.469446951953614189E-17, 0.000000000000000000 ) ) ;
#677 = EDGE_CURVE ( 'NONE', #2710, #5204, #894, .T. ) ;
#678 = CARTESIAN_POINT ( 'NONE',  ( 18.39798050777607230, -29.36218958919527466, 3.000000000000000444 ) ) ;
#679 = EDGE_CURVE ( 'NONE', #2598, #524, #1299, .T. ) ;
#680 = CARTESIAN_POINT ( 'NONE',  ( 15.40439706691086386, -26.00205415691349842, 3.000000000000000000 ) ) ;
#681 = ORIENTED_EDGE ( 'NONE', *, *, #5106, .F. ) ;
#682 = ORIENTED_EDGE ( 'NONE', *, *, #3990, .F. ) ;
#683 = AXIS2_PLACEMENT_3D ( 'NONE', #4249, #3016, #4622 ) ;
#684 = DIRECTION ( 'NONE',  ( -0.000000000000000000, -0.000000000000000000, 1.000000000000000000 ) ) ;
#685 = LINE ( 'NONE', #661, #45 ) ;
#686 = CARTESIAN_POINT ( 'NONE',  ( 14.12311253669013844, -27.02569045971518591, 3.000000000000000000 ) ) ;
#687 = ORIENTED_EDGE ( 'NONE', *, *, #140, .F. ) ;
#688 = EDGE_CURVE ( 'NONE', #3478, #2478, #3221, .T. ) ;
#689 = VERTEX_POINT ( 'NONE', #2882 ) ;
#690 = ORIENTED_EDGE ( 'NONE', *, *, #2806, .F. ) ;
#691 = CARTESIAN_POINT ( 'NONE',  ( 20.39872777509344814, -26.96466072989512597, 3.000000000000000000 ) ) ;
#692 = PERSON_AND_ORGANIZATION ( #2227, #4095 ) ;
#693 = CARTESIAN_POINT ( 'NONE',  ( 17.14368110852691274, -27.91461325060808818, 3.000000000000000000 ) ) ;
#694 = DIRECTION ( 'NONE',  ( 0.3562582963608121323, 0.9343875139759155735, 0.000000000000000000 ) ) ;
#695 = ORIENTED_EDGE ( 'NONE', *, *, #744, .T. ) ;
#696 = DIRECTION ( 'NONE',  ( 0.000000000000000000, 0.000000000000000000, -1.000000000000000000 ) ) ;
#697 = CARTESIAN_POINT ( 'NONE',  ( 16.52645777809026484, -23.32382987556870191, -4.336808689942017736E-16 ) ) ;
#698 = LINE ( 'NONE', #4280, #3311 ) ;
#699 = B_SPLINE_CURVE_WITH_KNOTS ( 'NONE', 3,
 ( #1331, #4574, #2991, #2939, #2573, #1383, #4172, #4502, #2600, #4197, #3748, #2491, #3693, #4550, #884, #4090, #3773 ),
 .UNSPECIFIED., .F., .F.,
 ( 4, 1, 1, 1, 1, 1, 1, 1, 1, 1, 1, 1, 1, 1, 4 ),
 ( 0.000000000000000000, 0.1368472313417241626, 0.2017811682291447417, 0.2646978383516463418, 0.3264063801028042611, 0.3875236713622445817, 0.4488753429192631761, 0.5107131055148141918, 0.5722017419844933617, 0.6321679052969794155, 0.6916173110725529760, 0.7508275302536946416, 0.8105907648441200708, 0.8716055069175260295, 1.000000000000000000 ),
 .UNSPECIFIED. ) ;
#700 = AXIS2_PLACEMENT_3D ( 'NONE', #3336, #3361, #3729 ) ;
#701 = LINE ( 'NONE', #357, #630 ) ;
#702 = ORIENTED_EDGE ( 'NONE', *, *, #2195, .T. ) ;
#703 = DIRECTION ( 'NONE',  ( -0.000000000000000000, -0.000000000000000000, 1.000000000000000000 ) ) ;
#704 = DIRECTION ( 'NONE',  ( 1.000000000000000000, 0.000000000000000000, 0.000000000000000000 ) ) ;
#705 = VECTOR ( 'NONE', #3356, 1000.000000000000000 ) ;
#706 = CARTESIAN_POINT ( 'NONE',  ( -14.74930240653047164, -29.18181818181820475, 0.000000000000000000 ) ) ;
#707 = ORIENTED_EDGE ( 'NONE', *, *, #3831, .F. ) ;
#708 = ADVANCED_FACE ( 'NONE', ( #2433 ), #4110, .T. ) ;
#709 = ORIENTED_EDGE ( 'NONE', *, *, #835, .F. ) ;
#710 = FACE_OUTER_BOUND ( 'NONE', #4164, .T. ) ;
#711 = ADVANCED_FACE ( 'NONE', ( #4032 ), #1240, .T. ) ;
#712 = VECTOR ( 'NONE', #2511, 1000.000000000000000 ) ;
#713 = DIRECTION ( 'NONE',  ( -0.000000000000000000, -0.000000000000000000, 1.000000000000000000 ) ) ;
#714 = LINE ( 'NONE', #1203, #1357 ) ;
#715 = DIRECTION ( 'NONE',  ( 0.000000000000000000, 0.000000000000000000, -1.000000000000000000 ) ) ;
#716 = AXIS2_PLACEMENT_3D ( 'NONE', #3815, #296, #3525 ) ;
#717 = CARTESIAN_POINT ( 'NONE',  ( 17.83258959906850194, -21.58557717688984212, -4.336808689942017736E-16 ) ) ;
#718 = EDGE_LOOP ( 'NONE', ( #403, #4588, #547, #5107 ) ) ;
#719 = EDGE_CURVE ( 'NONE', #1186, #3244, #2849, .T. ) ;
#720 = ORIENTED_EDGE ( 'NONE', *, *, #2850, .F. ) ;
#721 = VERTEX_POINT ( 'NONE', #2829 ) ;
#722 = DIRECTION ( 'NONE',  ( 1.000000000000000000, 0.000000000000000000, 0.000000000000000000 ) ) ;
#723 = DIRECTION ( 'NONE',  ( 0.000000000000000000, -0.000000000000000000, -1.000000000000000000 ) ) ;
#724 = LINE ( 'NONE', #1488, #2045 ) ;
#725 = VERTEX_POINT ( 'NONE', #822 ) ;
#726 = LINE ( 'NONE', #3197, #3319 ) ;
#727 = CARTESIAN_POINT ( 'NONE',  ( -13.22964428687235383, -29.18181818181820475, 3.000000000000000000 ) ) ;
#728 = DIRECTION ( 'NONE',  ( -0.000000000000000000, -0.000000000000000000, 1.000000000000000000 ) ) ;
#729 = CARTESIAN_POINT ( 'NONE',  ( 12.02043017235308753, -23.31750833741475759, 0.000000000000000000 ) ) ;
#730 = CARTESIAN_POINT ( 'NONE',  ( 4.437279249196497410, -25.30062652768942044, -4.336808689942017736E-16 ) ) ;
#731 = LINE ( 'NONE', #2341, #3816 ) ;
#732 = EDGE_LOOP ( 'NONE', ( #222, #3427, #3819, #4610 ) ) ;
#733 = LINE ( 'NONE', #2342, #2201 ) ;
#734 = ORIENTED_EDGE ( 'NONE', *, *, #4906, .F. ) ;
#735 = ORIENTED_EDGE ( 'NONE', *, *, #450, .F. ) ;
#736 = LINE ( 'NONE', #416, #4491 ) ;
#737 = VECTOR ( 'NONE', #2335, 999.9999999999998863 ) ;
#738 = B_SPLINE_CURVE_WITH_KNOTS ( 'NONE', 3,
 ( #2523, #3753, #2893, #4949, #2071, #1337, #4125, #832, #492, #54, #3261, #2097, #104, #4451, #4510, #3677, #2127 ),
 .UNSPECIFIED., .F., .F.,
 ( 4, 1, 1, 1, 1, 1, 1, 1, 1, 1, 1, 1, 1, 1, 4 ),
 ( 0.000000000000000000, 0.1355416720072841197, 0.2002156446646917165, 0.2635850947987334880, 0.3260735261329715251, 0.3885181931525809595, 0.4516629128913400293, 0.5159383140328844819, 0.5797912531884910070, 0.6414388593750367518, 0.7016438727979458223, 0.7606226349746103566, 0.8195179037771934683, 0.8783853151392887471, 1.000000000000000000 ),
 .UNSPECIFIED. ) ;
#739 = CARTESIAN_POINT ( 'NONE',  ( -10.07727272727274759, -6.031818181818207059, 0.000000000000000000 ) ) ;
#740 = CARTESIAN_POINT ( 'NONE',  ( -31.75047762020568598, -21.77348484848487331, 0.000000000000000000 ) ) ;
#741 = VERTEX_POINT ( 'NONE', #2035 ) ;
#742 = ORIENTED_EDGE ( 'NONE', *, *, #1320, .T. ) ;
#743 = CARTESIAN_POINT ( 'NONE',  ( 8.584276319431060287, -21.58352758352760503, 0.000000000000000000 ) ) ;
#744 = EDGE_CURVE ( 'NONE', #4723, #3501, #3246, .T. ) ;
#745 = ADVANCED_FACE ( 'NONE', ( #4466 ), #848, .F. ) ;
#746 = DIRECTION ( 'NONE',  ( 0.3850879058484640849, -0.9228798972614176144, 0.000000000000000000 ) ) ;
#747 = LINE ( 'NONE', #2355, #207 ) ;
#748 = VERTEX_POINT ( 'NONE', #2057 ) ;
#749 = CARTESIAN_POINT ( 'NONE',  ( 51.27272727272725206, -36.18181818181820120, 0.000000000000000000 ) ) ;
#750 = CARTESIAN_POINT ( 'NONE',  ( 31.22035571312764546, 0.000000000000000000, 0.000000000000000000 ) ) ;
#751 = CARTESIAN_POINT ( 'NONE',  ( 20.39724373396097690, -23.99064230040794854, 0.000000000000000000 ) ) ;
#752 = FACE_OUTER_BOUND ( 'NONE', #4882, .T. ) ;
#753 = EDGE_CURVE ( 'NONE', #2368, #4209, #928, .T. ) ;
#754 = CARTESIAN_POINT ( 'NONE',  ( 18.01090559293533389, -22.91322843822846167, 3.000000000000000000 ) ) ;
#755 = LINE ( 'NONE', #805, #1634 ) ;
#756 = EDGE_CURVE ( 'NONE', #4486, #821, #257, .T. ) ;
#757 = DIRECTION ( 'NONE',  ( 0.000000000000000000, 0.000000000000000000, -1.000000000000000000 ) ) ;
#758 = DIRECTION ( 'NONE',  ( -1.000000000000000000, 0.000000000000000000, 0.000000000000000000 ) ) ;
#759 = EDGE_LOOP ( 'NONE', ( #2761, #4196, #2970, #3160 ) ) ;
#760 = CARTESIAN_POINT ( 'NONE',  ( 15.35953210796705370, -25.28944234077962605, -4.336808689942017736E-16 ) ) ;
#761 = DIRECTION ( 'NONE',  ( 0.000000000000000000, -0.000000000000000000, -1.000000000000000000 ) ) ;
#762 = DIRECTION ( 'NONE',  ( -0.000000000000000000, -0.000000000000000000, 1.000000000000000000 ) ) ;
#763 = CARTESIAN_POINT ( 'NONE',  ( 16.13638276568141805, -21.98317218120281069, 3.000000000000000444 ) ) ;
#764 = ORIENTED_EDGE ( 'NONE', *, *, #2679, .T. ) ;
#765 = ORIENTED_EDGE ( 'NONE', *, *, #1002, .F. ) ;
#766 = AXIS2_PLACEMENT_3D ( 'NONE', #1753, #505, #2539 ) ;
#767 = CARTESIAN_POINT ( 'NONE',  ( 8.869842300344998876, -29.37105374397029678, -4.336808689942017736E-16 ) ) ;
#768 = LINE ( 'NONE', #3195, #4926 ) ;
#769 = DATE_AND_TIME ( #276, #2591 ) ;
#770 = PLANE ( 'NONE',  #5192 ) ;
#771 = ORIENTED_EDGE ( 'NONE', *, *, #904, .T. ) ;
#772 = EDGE_CURVE ( 'NONE', #640, #1281, #4796, .T. ) ;
#773 = CARTESIAN_POINT ( 'NONE',  ( 31.27272727272725916, 11.81818181818179703, 0.000000000000000000 ) ) ;
#774 = PLANE ( 'NONE',  #4608 ) ;
#775 = EDGE_CURVE ( 'NONE', #4315, #1826, #3349, .T. ) ;
#776 = CARTESIAN_POINT ( 'NONE',  ( 32.74001383278575616, -21.77348484848487331, 0.000000000000000000 ) ) ;
#777 = LINE ( 'NONE', #384, #964 ) ;
#778 = APPLICATION_CONTEXT ( 'configuration controlled 3d designs of mechanical parts and assemblies' ) ;
#779 = FACE_OUTER_BOUND ( 'NONE', #1438, .T. ) ;
#780 = LINE ( 'NONE', #4390, #293 ) ;
#781 = DIRECTION ( 'NONE',  ( -0.000000000000000000, -0.000000000000000000, 1.000000000000000000 ) ) ;
#782 = CARTESIAN_POINT ( 'NONE',  ( -4.349142150120222539, -29.18181818181820475, 0.000000000000000000 ) ) ;
#783 = LINE ( 'NONE', #316, #2375 ) ;
#784 = VERTEX_POINT ( 'NONE', #2166 ) ;
#785 = DIRECTION ( 'NONE',  ( 0.000000000000000000, 1.000000000000000000, 0.000000000000000000 ) ) ;
#786 = AXIS2_PLACEMENT_3D ( 'NONE', #3358, #75, #3776 ) ;
#787 = CARTESIAN_POINT ( 'NONE',  ( -26.99857791400911466, -26.71385777850623811, 0.000000000000000000 ) ) ;
#788 = CARTESIAN_POINT ( 'NONE',  ( -13.22964428687235383, -21.77348484848487331, 0.000000000000000000 ) ) ;
#789 = CARTESIAN_POINT ( 'NONE',  ( 15.21139753943807627, -22.54674573480384225, 3.000000000000000444 ) ) ;
#790 = ORIENTED_EDGE ( 'NONE', *, *, #3574, .T. ) ;
#791 = ORIENTED_EDGE ( 'NONE', *, *, #2503, .F. ) ;
#792 = AXIS2_PLACEMENT_3D ( 'NONE', #1386, #1786, #4575 ) ;
#793 = CARTESIAN_POINT ( 'NONE',  ( 9.804279992160477519, -29.22094582063262536, -4.336808689942017736E-16 ) ) ;
#794 = AXIS2_PLACEMENT_3D ( 'NONE', #1911, #5125, #1188 ) ;
#795 = ADVANCED_FACE ( 'NONE', ( #3767 ), #5113, .F. ) ;
#796 = CIRCLE ( 'NONE', #3820, 2.000000000000001776 ) ;
#797 = ORIENTED_EDGE ( 'NONE', *, *, #3826, .T. ) ;
#798 = ORIENTED_EDGE ( 'NONE', *, *, #2678, .F. ) ;
#799 = CARTESIAN_POINT ( 'NONE',  ( 14.36684778656120542, -23.49354553871626550, -4.336808689942017736E-16 ) ) ;
#800 = DIRECTION ( 'NONE',  ( 0.000000000000000000, -1.000000000000000000, 0.000000000000000000 ) ) ;
#801 = CARTESIAN_POINT ( 'NONE',  ( 53.27272727272725916, -36.18181818181820120, 0.6249999999999916733 ) ) ;
#802 = DIRECTION ( 'NONE',  ( 1.101411730778925047E-16, -1.000000000000000000, 0.000000000000000000 ) ) ;
#803 = EDGE_CURVE ( 'NONE', #3800, #3029, #3373, .T. ) ;
#804 = CARTESIAN_POINT ( 'NONE',  ( 17.22167834379214568, -23.01309177760066405, 2.999999999999999556 ) ) ;
#805 = CARTESIAN_POINT ( 'NONE',  ( -30.56324471422277966, -29.18181818181820475, 0.000000000000000000 ) ) ;
#806 = DIRECTION ( 'NONE',  ( 0.000000000000000000, -1.000000000000000000, 0.000000000000000000 ) ) ;
#807 = EDGE_CURVE ( 'NONE', #1642, #5025, #3793, .T. ) ;
#808 = EDGE_CURVE ( 'NONE', #2009, #3468, #197, .T. ) ;
#809 = ORIENTED_EDGE ( 'NONE', *, *, #2558, .F. ) ;
#810 = VERTEX_POINT ( 'NONE', #1502 ) ;
#811 = CARTESIAN_POINT ( 'NONE',  ( -1.861623312011494891, -28.20046426337813728, 3.000000000000000000 ) ) ;
#812 = FACE_OUTER_BOUND ( 'NONE', #3855, .T. ) ;
#813 = CARTESIAN_POINT ( 'NONE',  ( -3.403926395622535850, -28.92001628084282316, 0.000000000000000000 ) ) ;
#814 = CARTESIAN_POINT ( 'NONE',  ( 17.18596218290736743, -21.65549534974085688, 3.000000000000000444 ) ) ;
#815 = ORIENTED_EDGE ( 'NONE', *, *, #1906, .T. ) ;
#816 = ORIENTED_EDGE ( 'NONE', *, *, #4861, .F. ) ;
#817 = LOCAL_TIME ( 23, 18, 53.00000000000000000, #4727 ) ;
#818 = ADVANCED_FACE ( 'NONE', ( #2957 ), #4567, .F. ) ;
#819 = CARTESIAN_POINT ( 'NONE',  ( 12.69772307162833691, -25.76137530974543921, -4.336808689942017736E-16 ) ) ;
#820 = ORIENTED_EDGE ( 'NONE', *, *, #2960, .T. ) ;
#821 = VERTEX_POINT ( 'NONE', #4716 ) ;
#822 = CARTESIAN_POINT ( 'NONE',  ( -0.1225930048210713275, -21.77348484848487331, 0.000000000000000000 ) ) ;
#823 = DIRECTION ( 'NONE',  ( 1.000000000000000000, 0.000000000000000000, 0.000000000000000000 ) ) ;
#824 = CARTESIAN_POINT ( 'NONE',  ( 49.42272727272725774, -32.33181818181820688, 3.000000000000000000 ) ) ;
#825 = DIRECTION ( 'NONE',  ( 1.000000000000000000, 0.000000000000000000, 0.000000000000000000 ) ) ;
#826 = CARTESIAN_POINT ( 'NONE',  ( 8.401126931400986209, -21.58136352868802987, 3.000000000000000000 ) ) ;
#827 = CARTESIAN_POINT ( 'NONE',  ( 18.01980983973020756, -21.58352758352760503, 2.999999999999999556 ) ) ;
#828 = DIRECTION ( 'NONE',  ( 1.000000000000000000, 0.000000000000000000, 0.000000000000000000 ) ) ;
#829 = CARTESIAN_POINT ( 'NONE',  ( -24.52727272727274155, -7.031818181818207947, 0.000000000000000000 ) ) ;
#830 = CARTESIAN_POINT ( 'NONE',  ( 9.272727272727246728, -6.031818181818207059, 3.000000000000000000 ) ) ;
#831 = ORIENTED_EDGE ( 'NONE', *, *, #3615, .F. ) ;
#832 = CARTESIAN_POINT ( 'NONE',  ( 5.920235953055146716, -28.49111724155866554, 0.000000000000000000 ) ) ;
#833 = CARTESIAN_POINT ( 'NONE',  ( 9.272727272727248504, 9.068181818181795251, 0.000000000000000000 ) ) ;
#834 = EDGE_CURVE ( 'NONE', #4709, #3501, #1170, .T. ) ;
#835 = EDGE_CURVE ( 'NONE', #1081, #1200, #294, .T. ) ;
#836 = DIRECTION ( 'NONE',  ( 0.000000000000000000, 1.000000000000000000, -0.000000000000000000 ) ) ;
#837 = CARTESIAN_POINT ( 'NONE',  ( -3.403926395622535850, -28.92001628084282316, 3.000000000000000000 ) ) ;
#838 = CARTESIAN_POINT ( 'NONE',  ( 19.66414185080420296, -21.87506090674776615, 4.336808689942017736E-16 ) ) ;
#839 = ORIENTED_EDGE ( 'NONE', *, *, #4994, .T. ) ;
#840 = EDGE_LOOP ( 'NONE', ( #4643, #3557, #5170, #4246 ) ) ;
#841 = EDGE_CURVE ( 'NONE', #2484, #1773, #924, .T. ) ;
#842 = DIRECTION ( 'NONE',  ( 2.028916346171703937E-16, -1.000000000000000000, 0.000000000000000000 ) ) ;
#843 = LINE ( 'NONE', #3740, #5060 ) ;
#844 = VECTOR ( 'NONE', #1344, 1000.000000000000000 ) ;
#845 = FACE_OUTER_BOUND ( 'NONE', #3429, .T. ) ;
#846 = ORIENTED_EDGE ( 'NONE', *, *, #1867, .F. ) ;
#847 = ORIENTED_EDGE ( 'NONE', *, *, #368, .F. ) ;
#848 = PLANE ( 'NONE',  #4244 ) ;
#849 = DIRECTION ( 'NONE',  ( 0.000000000000000000, 0.000000000000000000, 1.000000000000000000 ) ) ;
#850 = CARTESIAN_POINT ( 'NONE',  ( 20.56503259806543227, -28.63179113359114680, 0.000000000000000000 ) ) ;
#851 = VECTOR ( 'NONE', #825, 1000.000000000000000 ) ;
#852 = CIRCLE ( 'NONE', #2876, 1.000000000000000000 ) ;
#853 = CARTESIAN_POINT ( 'NONE',  ( 15.54912039799451406, -26.49444713658017747, -4.336808689942017736E-16 ) ) ;
#854 = CARTESIAN_POINT ( 'NONE',  ( 15.44146680141223626, -26.17158415355637757, 3.000000000000000000 ) ) ;
#855 = CARTESIAN_POINT ( 'NONE',  ( 7.506594283671443435, -21.71205613590216288, -4.336808689942017736E-16 ) ) ;
#856 = CARTESIAN_POINT ( 'NONE',  ( 1.345913871854358623, -0.5572924625646961116, 3.000000000000000000 ) ) ;
#857 = DIRECTION ( 'NONE',  ( 0.000000000000000000, -0.000000000000000000, -1.000000000000000000 ) ) ;
#858 = CARTESIAN_POINT ( 'NONE',  ( 19.17781431510661605, -27.83232392098213381, 4.336808689942017736E-16 ) ) ;
#859 = EDGE_LOOP ( 'NONE', ( #2427, #4025, #3944, #1820 ) ) ;
#860 = CARTESIAN_POINT ( 'NONE',  ( 8.869842300344998876, -29.37105374397029678, 2.999999999999999556 ) ) ;
#861 = AXIS2_PLACEMENT_3D ( 'NONE', #2119, #4036, #909 ) ;
#862 = CARTESIAN_POINT ( 'NONE',  ( 20.36148420881290377, -28.76336152390959455, 3.000000000000000000 ) ) ;
#863 = B_SPLINE_CURVE_WITH_KNOTS ( 'NONE', 3,
 ( #1164, #1113, #3489, #1544, #1263, #5105, #1494, #3100, #2726, #4338, #729, #2778, #2337, #1940, #4385, #2927, #3761 ),
 .UNSPECIFIED., .F., .F.,
 ( 4, 1, 1, 1, 1, 1, 1, 1, 1, 1, 1, 1, 1, 1, 4 ),
 ( 0.000000000000000000, 0.1295984303094122880, 0.1920566398244013817, 0.2537931450513873921, 0.3156221093645431020, 0.3777187376031707067, 0.4410784058418155129, 0.5058785979916926578, 0.5705048043947851255, 0.6330243983483035963, 0.6938907263295299721, 0.7539887005207451809, 0.8139036408410939005, 0.8745301077479221696, 1.000000000000000000 ),
 .UNSPECIFIED. ) ;
#864 = CARTESIAN_POINT ( 'NONE',  ( 27.86939083599088818, -27.66216006216008338, 0.000000000000000000 ) ) ;
#865 = CARTESIAN_POINT ( 'NONE',  ( -23.43984727832532755, -29.18181818181821185, 0.000000000000000000 ) ) ;
#866 = LINE ( 'NONE', #109, #3126 ) ;
#867 = EDGE_CURVE ( 'NONE', #2394, #4938, #1373, .T. ) ;
#868 = ORIENTED_EDGE ( 'NONE', *, *, #2255, .T. ) ;
#869 = VERTEX_POINT ( 'NONE', #2595 ) ;
#870 = CARTESIAN_POINT ( 'NONE',  ( 8.584276319431060287, -21.58352758352760503, 3.000000000000000000 ) ) ;
#871 = DIRECTION ( 'NONE',  ( -0.000000000000000000, -0.000000000000000000, -1.000000000000000000 ) ) ;
#872 = VECTOR ( 'NONE', #4123, 1000.000000000000000 ) ;
#873 = CARTESIAN_POINT ( 'NONE',  ( 47.42272727272725774, 22.96818181818179738, -4.336808689942017736E-16 ) ) ;
#874 = EDGE_CURVE ( 'NONE', #524, #2598, #3722, .T. ) ;
#875 = EDGE_LOOP ( 'NONE', ( #1078, #1768, #1663, #3456, #241, #1662 ) ) ;
#876 = VERTEX_POINT ( 'NONE', #4191 ) ;
#877 = VECTOR ( 'NONE', #4307, 1000.000000000000000 ) ;
#878 = CARTESIAN_POINT ( 'NONE',  ( 15.64895264508764683, -22.24177409801688654, -4.336808689942017736E-16 ) ) ;
#879 = DIRECTION ( 'NONE',  ( -0.3825642979791225584, -0.9239288705910975175, 0.000000000000000000 ) ) ;
#880 = CARTESIAN_POINT ( 'NONE',  ( 15.78596509744506093, -26.93874095761875154, -4.336808689942017736E-16 ) ) ;
#881 = AXIS2_PLACEMENT_3D ( 'NONE', #8, #1211, #2769 ) ;
#882 = CARTESIAN_POINT ( 'NONE',  ( -3.512408851476801264, -28.20046426337814793, 3.000000000000000000 ) ) ;
#883 = LINE ( 'NONE', #4089, #3804 ) ;
#884 = CARTESIAN_POINT ( 'NONE',  ( 13.87291691644432312, -26.14441979017244577, 0.000000000000000000 ) ) ;
#885 = CARTESIAN_POINT ( 'NONE',  ( 18.55304654008636689, -22.94478361273728950, 0.000000000000000000 ) ) ;
#886 = CARTESIAN_POINT ( 'NONE',  ( -1.832208389436457141, -28.46651035596350354, 3.000000000000000000 ) ) ;
#887 = ORIENTED_EDGE ( 'NONE', *, *, #3930, .F. ) ;
#888 = CARTESIAN_POINT ( 'NONE',  ( 9.278274578000129225, -29.33973894137351834, 2.999999999999999556 ) ) ;
#889 = CARTESIAN_POINT ( 'NONE',  ( -13.22964428687235383, -21.77348484848487331, 3.000000000000000000 ) ) ;
#890 = LINE ( 'NONE', #2498, #4388 ) ;
#891 = CARTESIAN_POINT ( 'NONE',  ( 6.994825539856764252, -21.87589605614900279, 2.999999999999999556 ) ) ;
#892 = ORIENTED_EDGE ( 'NONE', *, *, #1851, .T. ) ;
#893 = VERTEX_POINT ( 'NONE', #3405 ) ;
#894 = B_SPLINE_CURVE_WITH_KNOTS ( 'NONE', 3,
 ( #1297, #2909, #404, #38, #3663, #2410, #1723, #4522, #799, #4913, #4010, #90, #4409, #479, #1616, #878, #900, #2010, #3688, #2083, #1693, #3612, #12, #65, #2509 ),
 .UNSPECIFIED., .F., .F.,
 ( 4, 1, 1, 1, 1, 1, 1, 1, 1, 1, 1, 1, 1, 1, 1, 1, 1, 1, 1, 1, 1, 1, 4 ),
 ( 0.000000000000000000, 0.08504639580243111840, 0.1259021526808608571, 0.1663360397768396115, 0.2060832989416689909, 0.2458688252561862242, 0.2850785020373755030, 0.3247511710850991551, 0.3644512289307332287, 0.4039949165250978913, 0.4439542316709211289, 0.4840147450506266935, 0.5247005424166525378, 0.5660107107476504140, 0.6082992893723843109, 0.6517309999915859020, 0.6954153732104148000, 0.7388846079940503131, 0.7820892313455268807, 0.8251918425014448388, 0.8683076910763700695, 0.9116968350784143693, 1.000000000000000000 ),
 .UNSPECIFIED. ) ;
#895 = CARTESIAN_POINT ( 'NONE',  ( 9.783694702721183134, -21.73715536193334685, 0.000000000000000000 ) ) ;
#896 = CARTESIAN_POINT ( 'NONE',  ( 0.000000000000000000, -29.18181818181820475, 3.000000000000000000 ) ) ;
#897 = CARTESIAN_POINT ( 'NONE',  ( 20.39724373396097690, -23.99064230040795920, 3.000000000000000000 ) ) ;
#898 = VERTEX_POINT ( 'NONE', #587 ) ;
#899 = ORIENTED_EDGE ( 'NONE', *, *, #2284, .T. ) ;
#900 = CARTESIAN_POINT ( 'NONE',  ( 15.88801084893757398, -22.10639248514466360, -4.336808689942017736E-16 ) ) ;
#901 = CARTESIAN_POINT ( 'NONE',  ( 15.61629578882987346, -26.64965021715582694, 0.000000000000000000 ) ) ;
#902 = ADVANCED_FACE ( 'NONE', ( #4619 ), #3919, .F. ) ;
#903 = VECTOR ( 'NONE', #910, 1000.000000000000000 ) ;
#904 = EDGE_CURVE ( 'NONE', #10, #748, #2711, .T. ) ;
#905 = CARTESIAN_POINT ( 'NONE',  ( 3.581573661845596668, 0.000000000000000000, 0.000000000000000000 ) ) ;
#906 = FACE_BOUND ( 'NONE', #145, .T. ) ;
#907 = DIRECTION ( 'NONE',  ( 3.469446951953613573E-17, -1.000000000000000000, 0.000000000000000000 ) ) ;
#908 = ORIENTED_EDGE ( 'NONE', *, *, #5127, .T. ) ;
#909 = DIRECTION ( 'NONE',  ( 1.000000000000000000, 0.000000000000000000, 0.000000000000000000 ) ) ;
#910 = DIRECTION ( 'NONE',  ( 1.000000000000000000, -0.000000000000000000, -0.000000000000000000 ) ) ;
#911 = DIRECTION ( 'NONE',  ( -0.000000000000000000, -0.000000000000000000, -1.000000000000000000 ) ) ;
#912 = CARTESIAN_POINT ( 'NONE',  ( 5.099017220483188062, -27.61953615292094000, 3.000000000000000000 ) ) ;
#913 = CARTESIAN_POINT ( 'NONE',  ( 12.53878931553004428, -26.64838692683061794, -4.336808689942017736E-16 ) ) ;
#914 = EDGE_CURVE ( 'NONE', #3244, #4104, #2086, .T. ) ;
#915 = EDGE_CURVE ( 'NONE', #4190, #4408, #3625, .T. ) ;
#916 = ORIENTED_EDGE ( 'NONE', *, *, #165, .F. ) ;
#917 = DIRECTION ( 'NONE',  ( 4.057832692343407875E-16, -1.000000000000000000, 0.000000000000000000 ) ) ;
#918 = DIRECTION ( 'NONE',  ( 0.000000000000000000, 0.000000000000000000, 1.000000000000000000 ) ) ;
#919 = CARTESIAN_POINT ( 'NONE',  ( 37.37272727272726058, -6.681818181818204749, -4.336808689942017736E-16 ) ) ;
#920 = CARTESIAN_POINT ( 'NONE',  ( 18.97257977902017601, -21.67858058195580284, 4.336808689942017736E-16 ) ) ;
#921 = ORIENTED_EDGE ( 'NONE', *, *, #4145, .T. ) ;
#922 = EDGE_LOOP ( 'NONE', ( #2768, #252, #3890, #771 ) ) ;
#923 = CARTESIAN_POINT ( 'NONE',  ( 18.01980983973020756, -21.58352758352760503, 3.000000000000000000 ) ) ;
#924 = CIRCLE ( 'NONE', #2525, 1.000000000000000888 ) ;
#925 = CARTESIAN_POINT ( 'NONE',  ( 19.96209367874635277, -23.58240751221184794, 3.000000000000000000 ) ) ;
#926 = ORIENTED_EDGE ( 'NONE', *, *, #998, .T. ) ;
#927 = ORIENTED_EDGE ( 'NONE', *, *, #1320, .F. ) ;
#928 = LINE ( 'NONE', #562, #4627 ) ;
#929 = B_SPLINE_CURVE_WITH_KNOTS ( 'NONE', 3,
 ( #4045, #2044, #4000, #1996, #3601, #1628, #5216, #1602, #3236 ),
 .UNSPECIFIED., .F., .F.,
 ( 4, 1, 1, 1, 1, 1, 4 ),
 ( 0.000000000000000000, 0.2431346283552260901, 0.3646086946283983998, 0.4916483636565102677, 0.6201445122021304046, 0.7439861845790823880, 1.000000000000000000 ),
 .UNSPECIFIED. ) ;
#930 = CARTESIAN_POINT ( 'NONE',  ( -25.52727272727274155, -6.031818181818207947, 0.000000000000000000 ) ) ;
#931 = DIRECTION ( 'NONE',  ( -0.8158293781787828713, 0.5782926816936390102, 0.000000000000000000 ) ) ;
#932 = CARTESIAN_POINT ( 'NONE',  ( 4.436381354153286161, -25.47468343288658232, 3.000000000000000000 ) ) ;
#933 = EDGE_CURVE ( 'NONE', #3081, #586, #1149, .T. ) ;
#934 = EDGE_CURVE ( 'NONE', #4744, #1852, #2396, .T. ) ;
#935 = CARTESIAN_POINT ( 'NONE',  ( 8.401126931400986209, -21.58136352868802987, -4.336808689942017736E-16 ) ) ;
#936 = CIRCLE ( 'NONE', #2621, 1.000000000000000888 ) ;
#937 = LINE ( 'NONE', #2517, #4529 ) ;
#938 = FACE_OUTER_BOUND ( 'NONE', #425, .T. ) ;
#939 = DIRECTION ( 'NONE',  ( -1.000000000000000000, -0.000000000000000000, 4.470936793754657754E-18 ) ) ;
#940 = DIRECTION ( 'NONE',  ( -1.000000000000000000, -1.014458173085851845E-16, 0.000000000000000000 ) ) ;
#941 = EDGE_CURVE ( 'NONE', #3495, #2827, #394, .T. ) ;
#942 = CARTESIAN_POINT ( 'NONE',  ( 15.00054236670410468, -28.28007613751041305, 3.000000000000000444 ) ) ;
#943 = ORIENTED_EDGE ( 'NONE', *, *, #3326, .F. ) ;
#944 = DIRECTION ( 'NONE',  ( -0.000000000000000000, -0.000000000000000000, 1.000000000000000000 ) ) ;
#945 = CARTESIAN_POINT ( 'NONE',  ( -30.56324471422277611, -29.18181818181820475, 0.000000000000000000 ) ) ;
#946 = VECTOR ( 'NONE', #4554, 1000.000000000000000 ) ;
#947 = LINE ( 'NONE', #4456, #1020 ) ;
#948 = CARTESIAN_POINT ( 'NONE',  ( -44.42727272727275079, 8.268181818181796316, 3.000000000000000000 ) ) ;
#949 = ORIENTED_EDGE ( 'NONE', *, *, #4651, .F. ) ;
#950 = ORIENTED_EDGE ( 'NONE', *, *, #998, .F. ) ;
#951 = CARTESIAN_POINT ( 'NONE',  ( -24.52727272727274865, 10.06818181818179525, 3.000000000000000000 ) ) ;
#952 = CARTESIAN_POINT ( 'NONE',  ( -17.34934247063303658, -21.77348484848486976, 0.000000000000000000 ) ) ;
#953 = B_SPLINE_CURVE_WITH_KNOTS ( 'NONE', 3,
 ( #4983, #5091, #221, #4615, #3401, #2613, #1370, #5037, #2981, #3867, #4591, #662, #1426, #3034, #1051, #1481, #4638 ),
 .UNSPECIFIED., .F., .F.,
 ( 4, 1, 1, 1, 1, 1, 1, 1, 1, 1, 1, 1, 1, 1, 4 ),
 ( 0.000000000000000000, 0.1355416720072841197, 0.2002156446646917165, 0.2635850947987334880, 0.3260735261329715251, 0.3885181931525809595, 0.4516629128913400293, 0.5159383140328844819, 0.5797912531884910070, 0.6414388593750367518, 0.7016438727979458223, 0.7606226349746103566, 0.8195179037771934683, 0.8783853151392887471, 1.000000000000000000 ),
 .UNSPECIFIED. ) ;
#954 = VERTEX_POINT ( 'NONE', #4344 ) ;
#955 = ORIENTED_EDGE ( 'NONE', *, *, #1087, .T. ) ;
#956 = DIRECTION ( 'NONE',  ( 0.000000000000000000, -1.000000000000000000, 0.000000000000000000 ) ) ;
#957 = CARTESIAN_POINT ( 'NONE',  ( 1.397065114837045652, 0.000000000000000000, 3.000000000000000000 ) ) ;
#958 = VECTOR ( 'NONE', #5145, 1000.000000000000114 ) ;
#959 = CARTESIAN_POINT ( 'NONE',  ( 9.272727272727246728, -9.406793968614238452E-16, 0.000000000000000000 ) ) ;
#960 = CARTESIAN_POINT ( 'NONE',  ( -3.403810847204375989, -28.01446746293061452, 0.000000000000000000 ) ) ;
#961 = EDGE_LOOP ( 'NONE', ( #4130, #223, #955, #373 ) ) ;
#962 = VECTOR ( 'NONE', #3986, 1000.000000000000000 ) ;
#963 = CARTESIAN_POINT ( 'NONE',  ( -25.52727272727274865, 9.068181818181795251, 0.000000000000000000 ) ) ;
#964 = VECTOR ( 'NONE', #1085, 1000.000000000000000 ) ;
#965 = DIRECTION ( 'NONE',  ( 0.000000000000000000, -0.000000000000000000, -1.000000000000000000 ) ) ;
#966 = VECTOR ( 'NONE', #1416, 1000.000000000000000 ) ;
#967 = EDGE_CURVE ( 'NONE', #4580, #4694, #1122, .T. ) ;
#968 = DIRECTION ( 'NONE',  ( 0.5775330207590764209, -0.8163673253706913435, 0.000000000000000000 ) ) ;
#969 = ORIENTED_EDGE ( 'NONE', *, *, #4811, .F. ) ;
#970 = DIRECTION ( 'NONE',  ( 1.000000000000000000, 0.000000000000000000, 0.000000000000000000 ) ) ;
#971 = CARTESIAN_POINT ( 'NONE',  ( 19.96228089977059028, -28.97904874808753561, 3.000000000000000000 ) ) ;
#972 = EDGE_CURVE ( 'NONE', #5164, #810, #736, .T. ) ;
#973 = CARTESIAN_POINT ( 'NONE',  ( 18.93426957470550320, -29.29617257771451833, 3.000000000000000444 ) ) ;
#974 = EDGE_CURVE ( 'NONE', #721, #1341, #1241, .T. ) ;
#975 = CARTESIAN_POINT ( 'NONE',  ( -47.22727272727274794, -36.18181818181820120, 2.378905949460850877 ) ) ;
#976 = VERTEX_POINT ( 'NONE', #1175 ) ;
#977 = VERTEX_POINT ( 'NONE', #4396 ) ;
#978 = PLANE ( 'NONE',  #3906 ) ;
#979 = CARTESIAN_POINT ( 'NONE',  ( 25.42272727272725419, 11.81818181818179703, 0.000000000000000000 ) ) ;
#980 = CC_DESIGN_PERSON_AND_ORGANIZATION_ASSIGNMENT ( #2084, #1374, ( #432 ) ) ;
#981 = ORIENTED_EDGE ( 'NONE', *, *, #1937, .T. ) ;
#982 = ORIENTED_EDGE ( 'NONE', *, *, #1758, .F. ) ;
#983 = CARTESIAN_POINT ( 'NONE',  ( 42.62272727272725348, -6.681818181818205638, -4.336808689942017736E-16 ) ) ;
#984 = CARTESIAN_POINT ( 'NONE',  ( -21.36070565172278179, -21.77348484848487331, 0.000000000000000000 ) ) ;
#985 = CARTESIAN_POINT ( 'NONE',  ( 4.985160219224513689, -23.51852082240389308, -4.336808689942017736E-16 ) ) ;
#986 = VECTOR ( 'NONE', #1111, 1000.000000000000000 ) ;
#987 = LINE ( 'NONE', #4968, #2251 ) ;
#988 = CARTESIAN_POINT ( 'NONE',  ( -48.72727272727274794, 26.81818181818179525, 2.375000000000000000 ) ) ;
#989 = CARTESIAN_POINT ( 'NONE',  ( 0.000000000000000000, -21.77348484848487331, 0.000000000000000000 ) ) ;
#990 = EDGE_LOOP ( 'NONE', ( #3868, #2908, #3234, #291 ) ) ;
#991 = FACE_OUTER_BOUND ( 'NONE', #3347, .T. ) ;
#992 = CARTESIAN_POINT ( 'NONE',  ( -3.163060660602519114, -27.79117630743206746, 0.000000000000000000 ) ) ;
#993 = CARTESIAN_POINT ( 'NONE',  ( 21.26787026139034964, -28.08520591824257551, 3.000000000000000444 ) ) ;
#994 = CARTESIAN_POINT ( 'NONE',  ( 20.91666030011929323, -22.57177569732646916, 4.336808689942017736E-16 ) ) ;
#995 = VERTEX_POINT ( 'NONE', #3161 ) ;
#996 = EDGE_CURVE ( 'NONE', #151, #4070, #4771, .T. ) ;
#997 = VERTEX_POINT ( 'NONE', #2445 ) ;
#998 = EDGE_CURVE ( 'NONE', #611, #555, #3972, .T. ) ;
#999 = CARTESIAN_POINT ( 'NONE',  ( 0.000000000000000000, -29.18181818181820475, 0.000000000000000000 ) ) ;
#1000 = CARTESIAN_POINT ( 'NONE',  ( -2.210971502885780371, -27.79117630743208167, 3.000000000000000000 ) ) ;
#1001 = CARTESIAN_POINT ( 'NONE',  ( 14.28944459158294578, -27.36891682910648882, 3.000000000000000000 ) ) ;
#1002 = EDGE_CURVE ( 'NONE', #4104, #1737, #929, .T. ) ;
#1003 = VERTEX_POINT ( 'NONE', #4844 ) ;
#1004 = EDGE_LOOP ( 'NONE', ( #1831, #4645, #3003, #3365, #3970, #1750, #208, #2929, #4820, #4379, #4611, #5041 ) ) ;
#1005 = EDGE_LOOP ( 'NONE', ( #908, #2668, #1599, #4031, #1720, #1397 ) ) ;
#1006 = DIRECTION ( 'NONE',  ( -0.7448243343634693980, -0.6672606019689869550, 0.000000000000000000 ) ) ;
#1007 = DIRECTION ( 'NONE',  ( -0.000000000000000000, -0.000000000000000000, 1.000000000000000000 ) ) ;
#1008 = DIRECTION ( 'NONE',  ( 1.000000000000000000, 0.000000000000000000, 0.000000000000000000 ) ) ;
#1009 = CARTESIAN_POINT ( 'NONE',  ( 18.03761833331995490, -28.04207459207461639, -4.336808689942017736E-16 ) ) ;
#1010 = CARTESIAN_POINT ( 'NONE',  ( -50.72727272727275505, -36.18181818181820120, 0.6250000000000077716 ) ) ;
#1011 = EDGE_LOOP ( 'NONE', ( #2379, #3952 ) ) ;
#1012 = CARTESIAN_POINT ( 'NONE',  ( 0.000000000000000000, -21.77348484848487331, 0.000000000000000000 ) ) ;
#1013 = CARTESIAN_POINT ( 'NONE',  ( -7.177272727272748121, -6.031818181818207059, 3.000000000000000000 ) ) ;
#1014 = VECTOR ( 'NONE', #3690, 1000.000000000000000 ) ;
#1015 = ORIENTED_EDGE ( 'NONE', *, *, #3578, .F. ) ;
#1016 = LINE ( 'NONE', #2633, #3069 ) ;
#1017 = CARTESIAN_POINT ( 'NONE',  ( 45.42272727272725064, 22.96818181818179738, 3.000000000000000000 ) ) ;
#1018 = VECTOR ( 'NONE', #4180, 1000.000000000000000 ) ;
#1019 = CARTESIAN_POINT ( 'NONE',  ( 20.56503259806543227, -28.63179113359114680, 0.000000000000000000 ) ) ;
#1020 = VECTOR ( 'NONE', #836, 1000.000000000000000 ) ;
#1021 = CARTESIAN_POINT ( 'NONE',  ( 18.94544219565073817, -27.91687383885171059, 3.000000000000000000 ) ) ;
#1022 = ORIENTED_EDGE ( 'NONE', *, *, #234, .F. ) ;
#1023 = VERTEX_POINT ( 'NONE', #3654 ) ;
#1024 = CARTESIAN_POINT ( 'NONE',  ( 10.51267654793164930, -22.02297523624657316, 3.000000000000000000 ) ) ;
#1025 = CARTESIAN_POINT ( 'NONE',  ( 21.43755656782849428, -23.05866446921137580, 3.000000000000000000 ) ) ;
#1026 = EDGE_CURVE ( 'NONE', #2919, #976, #2804, .T. ) ;
#1027 = CARTESIAN_POINT ( 'NONE',  ( -2.687016081744146412, -27.66216006216008338, 0.000000000000000000 ) ) ;
#1028 = ORIENTED_EDGE ( 'NONE', *, *, #803, .T. ) ;
#1029 = ORIENTED_EDGE ( 'NONE', *, *, #4932, .T. ) ;
#1030 = ORIENTED_EDGE ( 'NONE', *, *, #2503, .T. ) ;
#1031 = DIRECTION ( 'NONE',  ( 0.000000000000000000, 0.000000000000000000, -1.000000000000000000 ) ) ;
#1032 = EDGE_CURVE ( 'NONE', #2734, #5101, #2553, .T. ) ;
#1033 = CARTESIAN_POINT ( 'NONE',  ( 8.272727272727246728, -7.031818181818207059, 0.000000000000000000 ) ) ;
#1034 = ORIENTED_EDGE ( 'NONE', *, *, #996, .T. ) ;
#1035 = DIRECTION ( 'NONE',  ( 0.8164777356579141498, 0.5773769195031311918, 0.000000000000000000 ) ) ;
#1036 = CARTESIAN_POINT ( 'NONE',  ( -6.177272727272750785, 10.06818181818179525, 0.000000000000000000 ) ) ;
#1037 = FACE_OUTER_BOUND ( 'NONE', #922, .T. ) ;
#1038 = AXIS2_PLACEMENT_3D ( 'NONE', #3933, #4277, #5021 ) ;
#1039 = ORIENTED_EDGE ( 'NONE', *, *, #5057, .F. ) ;
#1040 = FACE_OUTER_BOUND ( 'NONE', #3079, .T. ) ;
#1041 = CARTESIAN_POINT ( 'NONE',  ( -45.42727272727275079, 7.268181818181796316, 0.000000000000000000 ) ) ;
#1042 = AXIS2_PLACEMENT_3D ( 'NONE', #1436, #206, #3046 ) ;
#1043 = CARTESIAN_POINT ( 'NONE',  ( 19.56611085373934245, -29.13804267375025603, 0.000000000000000000 ) ) ;
#1044 = AXIS2_PLACEMENT_3D ( 'NONE', #3509, #3983, #381 ) ;
#1045 = CARTESIAN_POINT ( 'NONE',  ( -3.511812411026287162, -28.73271876244334777, 0.000000000000000000 ) ) ;
#1046 = VECTOR ( 'NONE', #327, 1000.000000000000000 ) ;
#1047 = ORIENTED_EDGE ( 'NONE', *, *, #4497, .F. ) ;
#1048 = ORIENTED_EDGE ( 'NONE', *, *, #2451, .T. ) ;
#1049 = PLANE ( 'NONE',  #4384 ) ;
#1050 = LINE ( 'NONE', #3498, #375 ) ;
#1051 = CARTESIAN_POINT ( 'NONE',  ( 4.472316369498125610, -26.11411141875255382, 3.000000000000000000 ) ) ;
#1052 = ORIENTED_EDGE ( 'NONE', *, *, #3224, .T. ) ;
#1053 = ORIENTED_EDGE ( 'NONE', *, *, #4427, .T. ) ;
#1054 = ORIENTED_EDGE ( 'NONE', *, *, #5000, .F. ) ;
#1055 = DIRECTION ( 'NONE',  ( 1.000000000000000000, 0.000000000000000000, 0.000000000000000000 ) ) ;
#1056 = CARTESIAN_POINT ( 'NONE',  ( -31.75047762020568598, -29.18181818181820475, 3.000000000000000000 ) ) ;
#1057 = DIRECTION ( 'NONE',  ( 0.000000000000000000, -1.000000000000000000, 1.221878638832870080E-16 ) ) ;
#1058 = EDGE_LOOP ( 'NONE', ( #606, #2356, #3490, #4264 ) ) ;
#1059 = EDGE_CURVE ( 'NONE', #1511, #4848, #2866, .T. ) ;
#1060 = CARTESIAN_POINT ( 'NONE',  ( -1.832208389436457141, -28.46651035596350354, 0.000000000000000000 ) ) ;
#1061 = EDGE_CURVE ( 'NONE', #1606, #3713, #2894, .T. ) ;
#1062 = CARTESIAN_POINT ( 'NONE',  ( 31.22035571312764546, -29.18181818181820475, 0.000000000000000000 ) ) ;
#1063 = CYLINDRICAL_SURFACE ( 'NONE', #4414, 2.000000000000001776 ) ;
#1064 = CC_DESIGN_SECURITY_CLASSIFICATION ( #2588, ( #4853 ) ) ;
#1065 = VERTEX_POINT ( 'NONE', #520 ) ;
#1066 = DIRECTION ( 'NONE',  ( 0.3852453456739258764, 0.9228141869502101136, 0.000000000000000000 ) ) ;
#1067 = CARTESIAN_POINT ( 'NONE',  ( -48.72727272727274794, -36.18181818181820120, 3.000000000000000000 ) ) ;
#1068 = CARTESIAN_POINT ( 'NONE',  ( 18.71012676627754701, -29.33099540239343028, 0.000000000000000000 ) ) ;
#1069 = EDGE_CURVE ( 'NONE', #4116, #4486, #1338, .T. ) ;
#1070 = CARTESIAN_POINT ( 'NONE',  ( 17.14368110852691274, -27.91461325060808818, 3.000000000000000000 ) ) ;
#1071 = VERTEX_POINT ( 'NONE', #2072 ) ;
#1072 = ORIENTED_EDGE ( 'NONE', *, *, #4139, .F. ) ;
#1073 = CARTESIAN_POINT ( 'NONE',  ( 12.22897574203151905, -23.64341534549127744, 3.000000000000000000 ) ) ;
#1074 = CARTESIAN_POINT ( 'NONE',  ( -1.833124890856517641, -28.36088815180093192, 0.000000000000000000 ) ) ;
#1075 = LINE ( 'NONE', #2666, #2453 ) ;
#1076 = VERTEX_POINT ( 'NONE', #945 ) ;
#1077 = VERTEX_POINT ( 'NONE', #2524 ) ;
#1078 = ORIENTED_EDGE ( 'NONE', *, *, #4182, .F. ) ;
#1079 = CARTESIAN_POINT ( 'NONE',  ( -2.210474734544475961, -29.14653381210548844, 0.000000000000000000 ) ) ;
#1080 = CARTESIAN_POINT ( 'NONE',  ( 19.78610835249354949, -27.48178885524642112, 3.000000000000000444 ) ) ;
#1081 = VERTEX_POINT ( 'NONE', #2180 ) ;
#1082 = DIRECTION ( 'NONE',  ( 0.000000000000000000, -1.000000000000000000, 0.000000000000000000 ) ) ;
#1083 = CARTESIAN_POINT ( 'NONE',  ( 16.74747109734629902, -23.19787740071403448, -4.336808689942017736E-16 ) ) ;
#1084 = CARTESIAN_POINT ( 'NONE',  ( 13.83926596953789634, -25.46577918609170510, 4.336808689942017736E-16 ) ) ;
#1085 = DIRECTION ( 'NONE',  ( 1.000000000000000000, 0.000000000000000000, 0.000000000000000000 ) ) ;
#1086 = EDGE_CURVE ( 'NONE', #1341, #3173, #1363, .T. ) ;
#1087 = EDGE_CURVE ( 'NONE', #4848, #4271, #2153, .T. ) ;
#1088 = ORIENTED_EDGE ( 'NONE', *, *, #4674, .T. ) ;
#1089 = CARTESIAN_POINT ( 'NONE',  ( 15.35892408919602126, -25.46281110382675195, 2.999999999999999556 ) ) ;
#1090 = FACE_OUTER_BOUND ( 'NONE', #1607, .T. ) ;
#1091 = EDGE_CURVE ( 'NONE', #3714, #4795, #2439, .T. ) ;
#1092 = EDGE_CURVE ( 'NONE', #218, #59, #1255, .T. ) ;
#1093 = CARTESIAN_POINT ( 'NONE',  ( 15.48867295576413383, -26.33604884476105923, 3.000000000000000000 ) ) ;
#1094 = ORIENTED_EDGE ( 'NONE', *, *, #3751, .F. ) ;
#1095 = VERTEX_POINT ( 'NONE', #2579 ) ;
#1096 = DIRECTION ( 'NONE',  ( 1.000000000000000000, 0.000000000000000000, 0.000000000000000000 ) ) ;
#1097 = VECTOR ( 'NONE', #4798, 1000.000000000000000 ) ;
#1098 = VECTOR ( 'NONE', #2922, 1000.000000000000000 ) ;
#1099 = FACE_OUTER_BOUND ( 'NONE', #4732, .T. ) ;
#1100 = CARTESIAN_POINT ( 'NONE',  ( 51.27272727272725206, -36.18181818181820120, 0.6249999999999957812 ) ) ;
#1101 = CARTESIAN_POINT ( 'NONE',  ( 14.13448399741666073, -23.94019525153056449, -4.336808689942017736E-16 ) ) ;
#1102 = ORIENTED_EDGE ( 'NONE', *, *, #4319, .T. ) ;
#1103 = VERTEX_POINT ( 'NONE', #573 ) ;
#1104 = ORIENTED_EDGE ( 'NONE', *, *, #941, .F. ) ;
#1105 = CARTESIAN_POINT ( 'NONE',  ( 10.53466601660137947, -28.93745516444422705, -4.336808689942017736E-16 ) ) ;
#1106 = CARTESIAN_POINT ( 'NONE',  ( -2.575570744292555947, -29.27719621011705797, 3.000000000000000000 ) ) ;
#1107 = DIRECTION ( 'NONE',  ( 1.000000000000000000, -0.000000000000000000, -0.000000000000000000 ) ) ;
#1108 = ORIENTED_EDGE ( 'NONE', *, *, #1220, .T. ) ;
#1109 = VECTOR ( 'NONE', #4733, 1000.000000000000000 ) ;
#1110 = DIRECTION ( 'NONE',  ( -0.000000000000000000, 0.000000000000000000, 1.000000000000000000 ) ) ;
#1111 = DIRECTION ( 'NONE',  ( 0.000000000000000000, 1.000000000000000000, -0.000000000000000000 ) ) ;
#1112 = CARTESIAN_POINT ( 'NONE',  ( -10.07727272727274936, 10.06818181818179525, 3.000000000000000000 ) ) ;
#1113 = CARTESIAN_POINT ( 'NONE',  ( 8.857135380163136062, -21.58361890270193584, 0.000000000000000000 ) ) ;
#1114 = CARTESIAN_POINT ( 'NONE',  ( 4.571936938538376793, -24.45440705647794033, -4.336808689942017736E-16 ) ) ;
#1115 = CARTESIAN_POINT ( 'NONE',  ( -14.74930240653047164, -21.77348484848487331, 0.000000000000000000 ) ) ;
#1116 = VECTOR ( 'NONE', #1855, 1000.000000000000000 ) ;
#1117 = CARTESIAN_POINT ( 'NONE',  ( 16.50787310710831335, -27.62613668987420468, 3.000000000000000000 ) ) ;
#1118 = ORIENTED_EDGE ( 'NONE', *, *, #4455, .T. ) ;
#1119 = AXIS2_PLACEMENT_3D ( 'NONE', #4047, #3189, #2047 ) ;
#1120 = VERTEX_POINT ( 'NONE', #4929 ) ;
#1121 = AXIS2_PLACEMENT_3D ( 'NONE', #1802, #1298, #4084 ) ;
#1122 = LINE ( 'NONE', #342, #1543 ) ;
#1123 = ADVANCED_FACE ( 'NONE', ( #1658 ), #3262, .T. ) ;
#1124 = ADVANCED_FACE ( 'NONE', ( #2921 ), #80, .T. ) ;
#1125 = FACE_OUTER_BOUND ( 'NONE', #732, .T. ) ;
#1126 = VECTOR ( 'NONE', #1797, 1000.000000000000000 ) ;
#1127 = CARTESIAN_POINT ( 'NONE',  ( 17.18596218290736743, -21.65549534974085688, -4.336808689942017736E-16 ) ) ;
#1128 = ORIENTED_EDGE ( 'NONE', *, *, #4184, .T. ) ;
#1129 = EDGE_LOOP ( 'NONE', ( #3528, #790, #3845, #1614 ) ) ;
#1130 = ORIENTED_EDGE ( 'NONE', *, *, #3831, .T. ) ;
#1131 = CARTESIAN_POINT ( 'NONE',  ( 0.000000000000000000, -21.77348484848487331, 0.000000000000000000 ) ) ;
#1132 = CARTESIAN_POINT ( 'NONE',  ( -48.72727272727274794, -36.18181818181820120, 0.000000000000000000 ) ) ;
#1133 = APPROVAL_ROLE ( '' ) ;
#1134 = EDGE_CURVE ( 'NONE', #1600, #64, #105, .T. ) ;
#1135 = DIRECTION ( 'NONE',  ( -0.000000000000000000, -0.000000000000000000, 1.000000000000000000 ) ) ;
#1136 = CARTESIAN_POINT ( 'NONE',  ( -2.080188164632133407, -29.04328981214636229, 0.000000000000000000 ) ) ;
#1137 = ADVANCED_FACE ( 'NONE', ( #134, #4126 ), #601, .F. ) ;
#1138 = ORIENTED_EDGE ( 'NONE', *, *, #4994, .F. ) ;
#1139 = FACE_OUTER_BOUND ( 'NONE', #2495, .T. ) ;
#1140 = LINE ( 'NONE', #4438, #1832 ) ;
#1141 = CARTESIAN_POINT ( 'NONE',  ( 51.27272727272725206, -36.18181818181820120, 3.000000000000000000 ) ) ;
#1142 = CARTESIAN_POINT ( 'NONE',  ( 18.01090559293533389, -22.91322843822846167, 3.000000000000000000 ) ) ;
#1143 = CARTESIAN_POINT ( 'NONE',  ( -15.74657804755611323, -21.77348484848487331, 3.000000000000000000 ) ) ;
#1144 = CARTESIAN_POINT ( 'NONE',  ( 6.045544245741792722, -22.38545440359222738, -4.336808689942017736E-16 ) ) ;
#1145 = CARTESIAN_POINT ( 'NONE',  ( 21.33003230392515448, -22.94174059207741934, 3.000000000000000444 ) ) ;
#1146 = DIRECTION ( 'NONE',  ( 0.000000000000000000, -1.000000000000000000, -1.325135988593394253E-16 ) ) ;
#1147 = ORIENTED_EDGE ( 'NONE', *, *, #1002, .T. ) ;
#1148 = ORIENTED_EDGE ( 'NONE', *, *, #5127, .F. ) ;
#1149 = LINE ( 'NONE', #4453, #1458 ) ;
#1150 = VECTOR ( 'NONE', #2653, 1000.000000000000000 ) ;
#1151 = DIRECTION ( 'NONE',  ( 0.000000000000000000, 1.000000000000000000, 0.000000000000000000 ) ) ;
#1152 = LINE ( 'NONE', #3139, #4894 ) ;
#1153 = EDGE_CURVE ( 'NONE', #2327, #4662, #4657, .T. ) ;
#1154 = EDGE_CURVE ( 'NONE', #2478, #893, #2659, .T. ) ;
#1155 = ORIENTED_EDGE ( 'NONE', *, *, #3163, .T. ) ;
#1156 = ORIENTED_EDGE ( 'NONE', *, *, #5000, .T. ) ;
#1157 = CARTESIAN_POINT ( 'NONE',  ( 12.23713781708712744, -27.33945443034852119, -4.336808689942017736E-16 ) ) ;
#1158 = PERSON_AND_ORGANIZATION_ROLE ( 'creator' ) ;
#1159 = CARTESIAN_POINT ( 'NONE',  ( -15.74657804755611323, -21.77348484848487331, 0.000000000000000000 ) ) ;
#1160 = ORIENTED_EDGE ( 'NONE', *, *, #3446, .T. ) ;
#1161 = FACE_OUTER_BOUND ( 'NONE', #312, .T. ) ;
#1162 = CARTESIAN_POINT ( 'NONE',  ( 15.35953210796705370, -25.28944234077962605, 3.000000000000000000 ) ) ;
#1163 = CARTESIAN_POINT ( 'NONE',  ( 19.76480293898980634, -29.06470915750582762, 0.000000000000000000 ) ) ;
#1164 = CARTESIAN_POINT ( 'NONE',  ( 8.584276319431060287, -21.58352758352760503, 0.000000000000000000 ) ) ;
#1165 = DIRECTION ( 'NONE',  ( 1.000000000000000000, 0.000000000000000000, 0.000000000000000000 ) ) ;
#1166 = CARTESIAN_POINT ( 'NONE',  ( 16.74747109734629902, -23.19787740071403448, 2.999999999999999556 ) ) ;
#1167 = DIRECTION ( 'NONE',  ( -0.000000000000000000, -0.000000000000000000, 1.000000000000000000 ) ) ;
#1168 = CARTESIAN_POINT ( 'NONE',  ( -24.52727272727274155, -6.031818181818207947, 3.000000000000000000 ) ) ;
#1169 = DIRECTION ( 'NONE',  ( 0.000000000000000000, -0.000000000000000000, -1.000000000000000000 ) ) ;
#1170 = CIRCLE ( 'NONE', #4118, 2.000000000000001776 ) ;
#1171 = ORIENTED_EDGE ( 'NONE', *, *, #76, .T. ) ;
#1172 = EDGE_LOOP ( 'NONE', ( #2848, #202, #1030, #1187, #2151, #393, #4790, #4814 ) ) ;
#1173 = ORIENTED_EDGE ( 'NONE', *, *, #4050, .F. ) ;
#1174 = CARTESIAN_POINT ( 'NONE',  ( -9.077272727272747588, -6.031818181818207059, 0.000000000000000000 ) ) ;
#1175 = CARTESIAN_POINT ( 'NONE',  ( -42.87727272727274652, 22.40434628038717690, 3.000000000000000000 ) ) ;
#1176 = DIRECTION ( 'NONE',  ( -0.7448243343634693980, -0.6672606019689869550, 0.000000000000000000 ) ) ;
#1177 = FACE_OUTER_BOUND ( 'NONE', #4775, .T. ) ;
#1178 = CARTESIAN_POINT ( 'NONE',  ( 13.85338504134535853, -25.01779686037268746, 3.000000000000000444 ) ) ;
#1179 = ORIENTED_EDGE ( 'NONE', *, *, #1686, .F. ) ;
#1180 = VERTEX_POINT ( 'NONE', #5003 ) ;
#1181 = VECTOR ( 'NONE', #1588, 1000.000000000000000 ) ;
#1182 = CARTESIAN_POINT ( 'NONE',  ( 12.53878931553004428, -26.64838692683061794, -4.336808689942017736E-16 ) ) ;
#1183 = ADVANCED_FACE ( 'NONE', ( #1817 ), #1393, .F. ) ;
#1184 = VECTOR ( 'NONE', #2286, 1000.000000000000000 ) ;
#1185 = DIRECTION ( 'NONE',  ( 0.000000000000000000, 0.000000000000000000, 1.000000000000000000 ) ) ;
#1186 = VERTEX_POINT ( 'NONE', #4286 ) ;
#1187 = ORIENTED_EDGE ( 'NONE', *, *, #3192, .T. ) ;
#1188 = DIRECTION ( 'NONE',  ( 0.3850879058484640849, -0.9228798972614176144, 0.000000000000000000 ) ) ;
#1189 = LINE ( 'NONE', #3588, #2339 ) ;
#1190 = VECTOR ( 'NONE', #2043, 1000.000000000000000 ) ;
#1191 = LINE ( 'NONE', #1669, #2728 ) ;
#1192 = EDGE_CURVE ( 'NONE', #4116, #2907, #1863, .T. ) ;
#1193 = CARTESIAN_POINT ( 'NONE',  ( 30.12810143962337150, -29.18181818181820475, 3.000000000000000000 ) ) ;
#1194 = DIRECTION ( 'NONE',  ( -0.000000000000000000, 1.000000000000000000, 1.325135988593394253E-16 ) ) ;
#1195 = CARTESIAN_POINT ( 'NONE',  ( 20.91666030011929323, -22.57177569732646916, 3.000000000000000444 ) ) ;
#1196 = CARTESIAN_POINT ( 'NONE',  ( 13.96801938776761531, -24.41868162231892825, 2.999999999999999556 ) ) ;
#1197 = LINE ( 'NONE', #2418, #3566 ) ;
#1198 = B_SPLINE_CURVE_WITH_KNOTS ( 'NONE', 3,
 ( #28, #82, #2022, #2048, #4129, #523, #3657, #2923, #2897, #1340, #58, #2426, #1661, #3628, #2949, #1260, #2476, #3265, #891, #2131, #495, #4048, #1632, #2872, #2499 ),
 .UNSPECIFIED., .F., .F.,
 ( 4, 1, 1, 1, 1, 1, 1, 1, 1, 1, 1, 1, 1, 1, 1, 1, 1, 1, 1, 1, 1, 1, 4 ),
 ( 0.000000000000000000, 0.08260631440621407640, 0.1230857595550162303, 0.1632207506898161464, 0.2033804436610660016, 0.2436114122962487194, 0.2842402987831602612, 0.3253491078013090454, 0.3666884596693805176, 0.4075330649031558838, 0.4484490992274256516, 0.4894451745294486900, 0.5305378976661263568, 0.5720408544876433021, 0.6142265050955848515, 0.6571417864635148431, 0.7002856197531249771, 0.7430961425486000138, 0.7854902408633763766, 0.8279207122429955712, 0.8704633539812928200, 0.9131862742790806120, 1.000000000000000000 ),
 .UNSPECIFIED. ) ;
#1199 = ORIENTED_EDGE ( 'NONE', *, *, #677, .T. ) ;
#1200 = VERTEX_POINT ( 'NONE', #2997 ) ;
#1201 = CARTESIAN_POINT ( 'NONE',  ( 0.000000000000000000, -21.77348484848487331, 0.000000000000000000 ) ) ;
#1202 = AXIS2_PLACEMENT_3D ( 'NONE', #17, #1780, #4525 ) ;
#1203 = CARTESIAN_POINT ( 'NONE',  ( 27.86939083599088818, -27.66216006216008338, 0.000000000000000000 ) ) ;
#1204 = DIRECTION ( 'NONE',  ( 0.000000000000000000, 0.000000000000000000, 1.000000000000000000 ) ) ;
#1205 = CARTESIAN_POINT ( 'NONE',  ( 16.39178681569955742, -21.87644034171499641, 3.000000000000000444 ) ) ;
#1206 = VERTEX_POINT ( 'NONE', #654 ) ;
#1207 = VECTOR ( 'NONE', #3202, 1000.000000000000000 ) ;
#1208 = ORIENTED_EDGE ( 'NONE', *, *, #4811, .T. ) ;
#1209 = FACE_OUTER_BOUND ( 'NONE', #5092, .T. ) ;
#1210 = AXIS2_PLACEMENT_3D ( 'NONE', #1115, #4812, #1169 ) ;
#1211 = DIRECTION ( 'NONE',  ( -0.8163746447104717197, -0.5775226744240014032, 0.000000000000000000 ) ) ;
#1212 = VECTOR ( 'NONE', #4581, 1000.000000000000000 ) ;
#1213 = ORIENTED_EDGE ( 'NONE', *, *, #3251, .F. ) ;
#1214 = ORIENTED_EDGE ( 'NONE', *, *, #1586, .T. ) ;
#1215 = CARTESIAN_POINT ( 'NONE',  ( -2.687016081744146412, -27.66216006216008338, 3.000000000000000000 ) ) ;
#1216 = CARTESIAN_POINT ( 'NONE',  ( 18.01980983973020756, -21.58352758352760503, -4.336808689942017736E-16 ) ) ;
#1217 = LINE ( 'NONE', #4468, #3904 ) ;
#1218 = LINE ( 'NONE', #3616, #509 ) ;
#1219 = CARTESIAN_POINT ( 'NONE',  ( -6.177272727272748121, -7.031818181818207059, 3.000000000000000000 ) ) ;
#1220 = EDGE_CURVE ( 'NONE', #3839, #869, #3885, .T. ) ;
#1221 = EDGE_CURVE ( 'NONE', #4136, #5111, #487, .T. ) ;
#1222 = CARTESIAN_POINT ( 'NONE',  ( 6.269364074381780227, -22.23976536102548707, 3.000000000000000000 ) ) ;
#1223 = DIRECTION ( 'NONE',  ( -0.000000000000000000, -0.000000000000000000, 1.000000000000000000 ) ) ;
#1224 = CARTESIAN_POINT ( 'NONE',  ( 13.85338504134535853, -25.01779686037268746, 2.999999999999999556 ) ) ;
#1225 = FACE_OUTER_BOUND ( 'NONE', #1715, .T. ) ;
#1226 = ORIENTED_EDGE ( 'NONE', *, *, #3414, .T. ) ;
#1227 = CARTESIAN_POINT ( 'NONE',  ( 16.52645777809026484, -23.32382987556870191, -4.336808689942017736E-16 ) ) ;
#1228 = DIRECTION ( 'NONE',  ( 0.000000000000000000, -1.000000000000000000, 1.221878638832870080E-16 ) ) ;
#1229 = CYLINDRICAL_SURFACE ( 'NONE', #3738, 1.000000000000000888 ) ;
#1230 = CARTESIAN_POINT ( 'NONE',  ( -10.07727272727274759, -7.031818181818207059, 0.000000000000000000 ) ) ;
#1231 = VERTEX_POINT ( 'NONE', #1017 ) ;
#1232 = EDGE_LOOP ( 'NONE', ( #2081, #3308, #1199, #3676 ) ) ;
#1233 = APPROVAL_PERSON_ORGANIZATION ( #2857, #1916, #5154 ) ;
#1234 = CARTESIAN_POINT ( 'NONE',  ( -31.75047762020568598, 0.000000000000000000, 0.000000000000000000 ) ) ;
#1235 = VECTOR ( 'NONE', #4974, 1000.000000000000000 ) ;
#1236 = DIRECTION ( 'NONE',  ( 0.000000000000000000, 1.000000000000000000, -0.000000000000000000 ) ) ;
#1237 = CARTESIAN_POINT ( 'NONE',  ( -27.62727272727275007, -6.031818181818207947, 3.000000000000000000 ) ) ;
#1238 = ORIENTED_EDGE ( 'NONE', *, *, #4799, .T. ) ;
#1239 = ORIENTED_EDGE ( 'NONE', *, *, #3757, .F. ) ;
#1240 = PLANE ( 'NONE',  #632 ) ;
#1241 = B_SPLINE_CURVE_WITH_KNOTS ( 'NONE', 3,
 ( #3209, #2818, #1580, #2762, #442, #4791, #1227, #1949, #4370, #2843, #4019, #2019, #5166, #2788, #3136, #760, #2369 ),
 .UNSPECIFIED., .F., .F.,
 ( 4, 1, 1, 1, 1, 1, 1, 1, 1, 1, 1, 1, 1, 1, 4 ),
 ( 0.000000000000000000, 0.1315366415987530568, 0.1946231917815616774, 0.2567316290797626577, 0.3182474352592725708, 0.3799797872571920587, 0.4424201553826812572, 0.5062530007567508372, 0.5697003940816643963, 0.6315608293228486270, 0.6919855140712680708, 0.7519995925420044358, 0.8119504190725909121, 0.8730950536038957210, 1.000000000000000000 ),
 .UNSPECIFIED. ) ;
#1242 = CARTESIAN_POINT ( 'NONE',  ( 15.54582193101515308, -24.46797310791682989, 3.000000000000000000 ) ) ;
#1243 = PLANE ( 'NONE',  #5004 ) ;
#1244 = DIRECTION ( 'NONE',  ( 0.000000000000000000, -1.000000000000000000, 0.000000000000000000 ) ) ;
#1245 = CARTESIAN_POINT ( 'NONE',  ( 16.97713218026791537, -27.85880016653592151, 3.000000000000000000 ) ) ;
#1246 = CARTESIAN_POINT ( 'NONE',  ( 6.744928011606639018, -21.97981008432081751, 3.000000000000000000 ) ) ;
#1247 = CARTESIAN_POINT ( 'NONE',  ( 20.52924637668424523, -22.29809133473669647, 3.000000000000000444 ) ) ;
#1248 = CARTESIAN_POINT ( 'NONE',  ( 15.88801084893757398, -22.10639248514466360, 2.999999999999999556 ) ) ;
#1249 = EDGE_CURVE ( 'NONE', #1231, #1585, #1618, .T. ) ;
#1250 = CARTESIAN_POINT ( 'NONE',  ( 20.39724373396097690, -23.99064230040795920, 0.000000000000000000 ) ) ;
#1251 = EDGE_CURVE ( 'NONE', #1600, #2744, #4204, .T. ) ;
#1252 = CARTESIAN_POINT ( 'NONE',  ( 18.55260321773233656, -28.01585985459744066, 4.336808689942017736E-16 ) ) ;
#1253 = ORIENTED_EDGE ( 'NONE', *, *, #3414, .F. ) ;
#1254 = LINE ( 'NONE', #441, #1190 ) ;
#1255 = LINE ( 'NONE', #1764, #3758 ) ;
#1256 = ADVANCED_FACE ( 'NONE', ( #4232 ), #3417, .F. ) ;
#1257 = CARTESIAN_POINT ( 'NONE',  ( -27.62727272727275007, -6.031818181818207947, 0.000000000000000000 ) ) ;
#1258 = CARTESIAN_POINT ( 'NONE',  ( -1.832208389436457141, -28.46651035596350354, 3.000000000000000000 ) ) ;
#1259 = VECTOR ( 'NONE', #3597, 1000.000000000000000 ) ;
#1260 = CARTESIAN_POINT ( 'NONE',  ( 6.269364074381780227, -22.23976536102548707, 2.999999999999999556 ) ) ;
#1261 = ORIENTED_EDGE ( 'NONE', *, *, #1092, .F. ) ;
#1262 = EDGE_LOOP ( 'NONE', ( #331, #4649, #2460, #5022 ) ) ;
#1263 = CARTESIAN_POINT ( 'NONE',  ( 10.15535452983882969, -21.86272297445428592, 0.000000000000000000 ) ) ;
#1264 = PLANE ( 'NONE',  #3621 ) ;
#1265 = CIRCLE ( 'NONE', #2954, 1.000000000000000888 ) ;
#1266 = EDGE_LOOP ( 'NONE', ( #2408, #2420, #3662, #364 ) ) ;
#1267 = ORIENTED_EDGE ( 'NONE', *, *, #967, .F. ) ;
#1268 = DIRECTION ( 'NONE',  ( 1.000000000000000000, 0.000000000000000000, 0.000000000000000000 ) ) ;
#1269 = CARTESIAN_POINT ( 'NONE',  ( 9.272727272727248504, 9.068181818181795251, 3.000000000000000000 ) ) ;
#1270 = VECTOR ( 'NONE', #323, 1000.000000000000000 ) ;
#1271 = AXIS2_PLACEMENT_3D ( 'NONE', #4152, #1284, #4902 ) ;
#1272 = DIRECTION ( 'NONE',  ( 1.000000000000000000, 0.000000000000000000, 0.000000000000000000 ) ) ;
#1273 = FACE_BOUND ( 'NONE', #2184, .T. ) ;
#1274 = CARTESIAN_POINT ( 'NONE',  ( -3.540907272631778291, -28.36088815180092482, 3.000000000000000000 ) ) ;
#1275 = PLANE ( 'NONE',  #1581 ) ;
#1276 = CARTESIAN_POINT ( 'NONE',  ( 18.01980983973020756, -21.58352758352760503, 2.999999999999999556 ) ) ;
#1277 = CARTESIAN_POINT ( 'NONE',  ( 8.594664607358415864, -29.37177544677546948, 0.000000000000000000 ) ) ;
#1278 = LINE ( 'NONE', #4175, #872 ) ;
#1279 = FACE_OUTER_BOUND ( 'NONE', #664, .T. ) ;
#1280 = B_SPLINE_CURVE_WITH_KNOTS ( 'NONE', 3,
 ( #4042, #3650, #1252, #4477, #858, #4069, #465, #2068, #77, #1677, #3282, #2095, #4896 ),
 .UNSPECIFIED., .F., .F.,
 ( 4, 1, 1, 1, 1, 1, 1, 1, 1, 1, 4 ),
 ( 0.000000000000000000, 0.2329951947216881702, 0.3447245844330365516, 0.4542530397534035869, 0.5101826462036309628, 0.5698779195447362111, 0.6324942482326136872, 0.6984630759612932005, 0.7679250391858927216, 0.8417824130804159033, 1.000000000000000000 ),
 .UNSPECIFIED. ) ;
#1281 = VERTEX_POINT ( 'NONE', #629 ) ;
#1282 = CARTESIAN_POINT ( 'NONE',  ( 10.53466601660137947, -28.93745516444422705, 2.999999999999999556 ) ) ;
#1283 = CARTESIAN_POINT ( 'NONE',  ( 18.71012676627754701, -29.33099540239343028, 3.000000000000000000 ) ) ;
#1284 = DIRECTION ( 'NONE',  ( 0.000000000000000000, 0.000000000000000000, -1.000000000000000000 ) ) ;
#1285 = CARTESIAN_POINT ( 'NONE',  ( -3.432800169344752295, -3.484112578453040676, 0.000000000000000000 ) ) ;
#1286 = ORIENTED_EDGE ( 'NONE', *, *, #1154, .T. ) ;
#1287 = EDGE_CURVE ( 'NONE', #1737, #1186, #3135, .T. ) ;
#1288 = ORIENTED_EDGE ( 'NONE', *, *, #3505, .F. ) ;
#1289 = EDGE_CURVE ( 'NONE', #1342, #3765, #1351, .T. ) ;
#1290 = CARTESIAN_POINT ( 'NONE',  ( 10.15535452983882969, -21.86272297445428592, 0.000000000000000000 ) ) ;
#1291 = CARTESIAN_POINT ( 'NONE',  ( -24.52727272727274865, 10.06818181818179525, 0.000000000000000000 ) ) ;
#1292 = VECTOR ( 'NONE', #2601, 1000.000000000000114 ) ;
#1293 = CARTESIAN_POINT ( 'NONE',  ( 0.000000000000000000, -21.77348484848487331, 0.000000000000000000 ) ) ;
#1294 = ORIENTED_EDGE ( 'NONE', *, *, #2960, .F. ) ;
#1295 = ORIENTED_EDGE ( 'NONE', *, *, #3964, .F. ) ;
#1296 = VECTOR ( 'NONE', #3436, 1000.000000000000000 ) ;
#1297 = CARTESIAN_POINT ( 'NONE',  ( 13.83926596953789634, -25.46577918609170510, 4.336808689942017736E-16 ) ) ;
#1298 = DIRECTION ( 'NONE',  ( -0.000000000000000000, -0.000000000000000000, 1.000000000000000000 ) ) ;
#1299 = CIRCLE ( 'NONE', #2144, 5.249999999999997335 ) ;
#1300 = ADVANCED_FACE ( 'NONE', ( #565, #1728, #2170, #3770, #2912, #483, #174, #3378, #906, #4990, #1378, #2988, #3275, #3798, #4596, #4113, #4887, #2540, #590, #1273, #3691 ), #1699, .F. ) ;
#1301 = ADVANCED_FACE ( 'NONE', ( #4916 ), #4546, .F. ) ;
#1302 = CARTESIAN_POINT ( 'NONE',  ( 15.44146680141223626, -26.17158415355637757, 3.000000000000000000 ) ) ;
#1303 = CIRCLE ( 'NONE', #633, 1.000000000000000888 ) ;
#1304 = CARTESIAN_POINT ( 'NONE',  ( 0.000000000000000000, -29.18181818181820475, 0.000000000000000000 ) ) ;
#1305 = CARTESIAN_POINT ( 'NONE',  ( -3.403810847204375989, -28.01446746293061452, 3.000000000000000000 ) ) ;
#1306 = DIRECTION ( 'NONE',  ( 1.000000000000000000, 0.000000000000000000, 0.000000000000000000 ) ) ;
#1307 = FACE_BOUND ( 'NONE', #3951, .T. ) ;
#1308 = CARTESIAN_POINT ( 'NONE',  ( 5.920235953055146716, -28.49111724155866554, 0.000000000000000000 ) ) ;
#1309 = CARTESIAN_POINT ( 'NONE',  ( 11.50595278966956236, -28.25326038370787529, 3.000000000000000000 ) ) ;
#1310 = ORIENTED_EDGE ( 'NONE', *, *, #3541, .T. ) ;
#1311 = PLANE ( 'NONE',  #1619 ) ;
#1312 = CARTESIAN_POINT ( 'NONE',  ( 19.15204808320870455, -29.25430797900631319, 3.000000000000000000 ) ) ;
#1313 = LINE ( 'NONE', #919, #2454 ) ;
#1314 = DIRECTION ( 'NONE',  ( -1.000000000000000000, 0.000000000000000000, 0.000000000000000000 ) ) ;
#1315 = ORIENTED_EDGE ( 'NONE', *, *, #1571, .T. ) ;
#1316 = EDGE_LOOP ( 'NONE', ( #2961, #280 ) ) ;
#1317 = CARTESIAN_POINT ( 'NONE',  ( 12.02043017235308753, -23.31750833741475759, 0.000000000000000000 ) ) ;
#1318 = CARTESIAN_POINT ( 'NONE',  ( 19.88884502780965846, -21.96645332990826560, -4.336808689942017736E-16 ) ) ;
#1319 = EDGE_CURVE ( 'NONE', #4460, #4938, #1613, .T. ) ;
#1320 = EDGE_CURVE ( 'NONE', #2924, #3719, #4801, .T. ) ;
#1321 = LINE ( 'NONE', #3295, #2107 ) ;
#1322 = ORIENTED_EDGE ( 'NONE', *, *, #1841, .F. ) ;
#1323 = VERTEX_POINT ( 'NONE', #4356 ) ;
#1324 = CARTESIAN_POINT ( 'NONE',  ( -3.163060660602519114, -27.79117630743206746, 3.000000000000000000 ) ) ;
#1325 = VECTOR ( 'NONE', #918, 1000.000000000000000 ) ;
#1326 = CARTESIAN_POINT ( 'NONE',  ( 30.77722523403631882, -12.74369482346803828, 3.000000000000000000 ) ) ;
#1327 = VECTOR ( 'NONE', #3569, 999.9999999999998863 ) ;
#1328 = CARTESIAN_POINT ( 'NONE',  ( 47.42272727272725774, -32.33181818181820688, 3.000000000000000000 ) ) ;
#1329 = CARTESIAN_POINT ( 'NONE',  ( -2.965955427744975115, -27.68734295482420649, 0.000000000000000000 ) ) ;
#1330 = ORIENTED_EDGE ( 'NONE', *, *, #841, .T. ) ;
#1331 = CARTESIAN_POINT ( 'NONE',  ( 17.99903326387550706, -29.37177544677546592, 0.000000000000000000 ) ) ;
#1332 = LINE ( 'NONE', #2574, #705 ) ;
#1333 = CARTESIAN_POINT ( 'NONE',  ( 0.000000000000000000, -29.18181818181820475, 3.000000000000000000 ) ) ;
#1334 = CARTESIAN_POINT ( 'NONE',  ( 11.20050013553498758, -28.51405368804022800, 3.000000000000000000 ) ) ;
#1335 = CARTESIAN_POINT ( 'NONE',  ( 14.49009426787461763, -27.69376209504779141, 0.000000000000000000 ) ) ;
#1336 = ORIENTED_EDGE ( 'NONE', *, *, #583, .F. ) ;
#1337 = CARTESIAN_POINT ( 'NONE',  ( 6.590900348217458848, -28.92728382100541751, 0.000000000000000000 ) ) ;
#1338 = LINE ( 'NONE', #4582, #4268 ) ;
#1339 = CARTESIAN_POINT ( 'NONE',  ( 0.000000000000000000, -29.18181818181820475, 3.000000000000000000 ) ) ;
#1340 = CARTESIAN_POINT ( 'NONE',  ( 5.127535217208021301, -23.30093000958925487, 2.999999999999999556 ) ) ;
#1341 = VERTEX_POINT ( 'NONE', #2430 ) ;
#1342 = VERTEX_POINT ( 'NONE', #4029 ) ;
#1343 = LINE ( 'NONE', #2480, #4241 ) ;
#1344 = DIRECTION ( 'NONE',  ( 1.000000000000000000, 0.000000000000000000, 0.000000000000000000 ) ) ;
#1345 = ORIENTED_EDGE ( 'NONE', *, *, #4717, .T. ) ;
#1346 = ORIENTED_EDGE ( 'NONE', *, *, #2214, .T. ) ;
#1347 = DIRECTION ( 'NONE',  ( -0.000000000000000000, 0.000000000000000000, 1.000000000000000000 ) ) ;
#1348 = EDGE_CURVE ( 'NONE', #2250, #2109, #3171, .T. ) ;
#1349 = CARTESIAN_POINT ( 'NONE',  ( 16.36609757842914803, -27.53024330504694106, 0.000000000000000000 ) ) ;
#1350 = CARTESIAN_POINT ( 'NONE',  ( 15.36079272428585085, -25.58461953590012072, 3.000000000000000000 ) ) ;
#1351 = LINE ( 'NONE', #1754, #2260 ) ;
#1352 = CARTESIAN_POINT ( 'NONE',  ( 4.744611842769430154, -23.97551464244209285, -4.336808689942017736E-16 ) ) ;
#1353 = ORIENTED_EDGE ( 'NONE', *, *, #4838, .F. ) ;
#1354 = EDGE_CURVE ( 'NONE', #4465, #1930, #35, .T. ) ;
#1355 = AXIS2_PLACEMENT_3D ( 'NONE', #1234, #4054, #5174 ) ;
#1356 = DIRECTION ( 'NONE',  ( 0.000000000000000000, -0.000000000000000000, -1.000000000000000000 ) ) ;
#1357 = VECTOR ( 'NONE', #2000, 1000.000000000000000 ) ;
#1358 = EDGE_CURVE ( 'NONE', #652, #741, #1640, .T. ) ;
#1359 = CARTESIAN_POINT ( 'NONE',  ( 8.272727272727248504, 10.06818181818179525, 0.000000000000000000 ) ) ;
#1360 = CARTESIAN_POINT ( 'NONE',  ( 2.439652015760118309E-16, -7.031818181818207059, 3.000000000000000000 ) ) ;
#1361 = VERTEX_POINT ( 'NONE', #1237 ) ;
#1362 = LINE ( 'NONE', #4685, #298 ) ;
#1363 = LINE ( 'NONE', #4480, #4946 ) ;
#1364 = CARTESIAN_POINT ( 'NONE',  ( 19.56611085373934245, -29.13804267375025603, 3.000000000000000444 ) ) ;
#1365 = EDGE_CURVE ( 'NONE', #1323, #3062, #5150, .T. ) ;
#1366 = CARTESIAN_POINT ( 'NONE',  ( 18.03761833331995490, -28.04207459207461639, 0.000000000000000000 ) ) ;
#1367 = ORIENTED_EDGE ( 'NONE', *, *, #1735, .F. ) ;
#1368 = VERTEX_POINT ( 'NONE', #4757 ) ;
#1369 = CARTESIAN_POINT ( 'NONE',  ( 20.91666030011929323, -22.57177569732646916, 3.000000000000000000 ) ) ;
#1370 = CARTESIAN_POINT ( 'NONE',  ( 6.246621090473218452, -28.72629635562729433, 3.000000000000000000 ) ) ;
#1371 = ORIENTED_EDGE ( 'NONE', *, *, #1935, .F. ) ;
#1372 = ORIENTED_EDGE ( 'NONE', *, *, #3030, .F. ) ;
#1373 = LINE ( 'NONE', #2985, #4910 ) ;
#1374 = PERSON_AND_ORGANIZATION_ROLE ( 'creator' ) ;
#1375 = CARTESIAN_POINT ( 'NONE',  ( 17.99903326387550706, -29.37177544677546592, 3.000000000000000000 ) ) ;
#1376 = AXIS2_PLACEMENT_3D ( 'NONE', #4652, #3121, #3488 ) ;
#1377 = CARTESIAN_POINT ( 'NONE',  ( 15.48867295576413383, -26.33604884476105923, 3.000000000000000000 ) ) ;
#1378 = FACE_BOUND ( 'NONE', #4802, .T. ) ;
#1379 = CARTESIAN_POINT ( 'NONE',  ( 8.128445106851371449, -21.60068715225417080, -4.336808689942017736E-16 ) ) ;
#1380 = DESIGN_CONTEXT ( 'detailed design', #778, 'design' ) ;
#1381 = EDGE_LOOP ( 'NONE', ( #4170, #1371, #3270, #3010 ) ) ;
#1382 = VECTOR ( 'NONE', #1007, 1000.000000000000000 ) ;
#1383 = CARTESIAN_POINT ( 'NONE',  ( 15.97000837000925344, -28.94951731725938870, 0.000000000000000000 ) ) ;
#1384 = DIRECTION ( 'NONE',  ( -0.3817936777328447273, 0.9242475791925174322, 0.000000000000000000 ) ) ;
#1385 = VECTOR ( 'NONE', #3573, 1000.000000000000000 ) ;
#1386 = CARTESIAN_POINT ( 'NONE',  ( -6.577607785534093310, 4.661361474963637619, 0.000000000000000000 ) ) ;
#1387 = CARTESIAN_POINT ( 'NONE',  ( 12.40565049156200672, -27.00110712971687121, -4.336808689942017736E-16 ) ) ;
#1388 = EDGE_CURVE ( 'NONE', #721, #4695, #2853, .T. ) ;
#1389 = ADVANCED_FACE ( 'NONE', ( #845 ), #770, .T. ) ;
#1390 = AXIS2_PLACEMENT_3D ( 'NONE', #3145, #1185, #3532 ) ;
#1391 = ORIENTED_EDGE ( 'NONE', *, *, #3896, .F. ) ;
#1392 = CARTESIAN_POINT ( 'NONE',  ( -2.576168833897234389, -27.66326889746233775, 0.000000000000000000 ) ) ;
#1393 = PLANE ( 'NONE',  #275 ) ;
#1394 = CARTESIAN_POINT ( 'NONE',  ( -27.29804908690261200, -10.40081918335111588, 0.000000000000000000 ) ) ;
#1395 = EDGE_CURVE ( 'NONE', #2051, #29, #2378, .T. ) ;
#1396 = CARTESIAN_POINT ( 'NONE',  ( -2.965532810222724525, -29.24939289817996269, 0.000000000000000000 ) ) ;
#1397 = ORIENTED_EDGE ( 'NONE', *, *, #775, .F. ) ;
#1398 = EDGE_LOOP ( 'NONE', ( #3437, #4849, #3403, #1947, #4265, #2025 ) ) ;
#1399 = LINE ( 'NONE', #1897, #95 ) ;
#1400 = LINE ( 'NONE', #3056, #2565 ) ;
#1401 = CARTESIAN_POINT ( 'NONE',  ( -6.607852753752693431, -27.66216006216008338, 0.000000000000000000 ) ) ;
#1402 = ORIENTED_EDGE ( 'NONE', *, *, #583, .T. ) ;
#1403 = ORIENTED_EDGE ( 'NONE', *, *, #2069, .F. ) ;
#1404 = VERTEX_POINT ( 'NONE', #353 ) ;
#1405 = DIRECTION ( 'NONE',  ( -0.5782926816936390102, -0.8158293781787828713, 0.000000000000000000 ) ) ;
#1406 = DIRECTION ( 'NONE',  ( -0.000000000000000000, -0.000000000000000000, 1.000000000000000000 ) ) ;
#1407 = DIRECTION ( 'NONE',  ( 0.5783936123333932589, 0.8157578251000282554, 0.000000000000000000 ) ) ;
#1408 = PLANE ( 'NONE',  #683 ) ;
#1409 = CARTESIAN_POINT ( 'NONE',  ( -26.99857791400911466, -26.71385777850623811, 3.000000000000000000 ) ) ;
#1410 = ORIENTED_EDGE ( 'NONE', *, *, #3000, .T. ) ;
#1411 = AXIS2_PLACEMENT_3D ( 'NONE', #1012, #3434, #2723 ) ;
#1412 = FACE_BOUND ( 'NONE', #11, .T. ) ;
#1413 = LINE ( 'NONE', #3020, #3476 ) ;
#1414 = CARTESIAN_POINT ( 'NONE',  ( -19.35576608174415014, -27.03589470425410468, 3.000000000000000000 ) ) ;
#1415 = EDGE_LOOP ( 'NONE', ( #2192, #229, #3241, #1118 ) ) ;
#1416 = DIRECTION ( 'NONE',  ( -0.000000000000000000, -0.000000000000000000, 1.000000000000000000 ) ) ;
#1417 = DIRECTION ( 'NONE',  ( -0.000000000000000000, -0.000000000000000000, 1.000000000000000000 ) ) ;
#1418 = EDGE_CURVE ( 'NONE', #3521, #1744, #1983, .T. ) ;
#1419 = CARTESIAN_POINT ( 'NONE',  ( 21.05832524222992319, -28.26558667268505332, 0.000000000000000000 ) ) ;
#1420 = CARTESIAN_POINT ( 'NONE',  ( 20.14269399720032183, -27.19958831291832979, 3.000000000000000000 ) ) ;
#1421 = VERTEX_POINT ( 'NONE', #2399 ) ;
#1422 = EDGE_LOOP ( 'NONE', ( #1821, #2485, #3782, #3850 ) ) ;
#1423 = ADVANCED_FACE ( 'NONE', ( #1529 ), #4001, .F. ) ;
#1424 = CARTESIAN_POINT ( 'NONE',  ( 12.40373272038964636, -23.98270142607199062, 3.000000000000000000 ) ) ;
#1425 = LINE ( 'NONE', #244, #5173 ) ;
#1426 = CARTESIAN_POINT ( 'NONE',  ( 4.727443299253625497, -26.95698969860304928, 3.000000000000000000 ) ) ;
#1427 = ORIENTED_EDGE ( 'NONE', *, *, #3503, .T. ) ;
#1428 = ORIENTED_EDGE ( 'NONE', *, *, #4992, .F. ) ;
#1429 = ORIENTED_EDGE ( 'NONE', *, *, #1091, .T. ) ;
#1430 = CARTESIAN_POINT ( 'NONE',  ( -1.862219752462009437, -28.73271876244334067, 0.000000000000000000 ) ) ;
#1431 = DIRECTION ( 'NONE',  ( -0.000000000000000000, -0.000000000000000000, 1.000000000000000000 ) ) ;
#1432 = CARTESIAN_POINT ( 'NONE',  ( -7.899334806974215972, 3.011816316703090024, 3.000000000000000000 ) ) ;
#1433 = VERTEX_POINT ( 'NONE', #2712 ) ;
#1434 = CARTESIAN_POINT ( 'NONE',  ( 0.000000000000000000, 0.000000000000000000, 0.000000000000000000 ) ) ;
#1435 = FACE_OUTER_BOUND ( 'NONE', #2392, .T. ) ;
#1436 = CARTESIAN_POINT ( 'NONE',  ( 8.272727272727248504, 9.068181818181795251, 0.000000000000000000 ) ) ;
#1437 = VECTOR ( 'NONE', #4462, 1000.000000000000114 ) ;
#1438 = EDGE_LOOP ( 'NONE', ( #1015, #111, #2270, #4295 ) ) ;
#1439 = DIRECTION ( 'NONE',  ( 1.000000000000000000, 0.000000000000000000, 0.000000000000000000 ) ) ;
#1440 = CARTESIAN_POINT ( 'NONE',  ( -3.293843998856162525, -29.04328981214635874, 3.000000000000000000 ) ) ;
#1441 = VECTOR ( 'NONE', #3363, 1000.000000000000000 ) ;
#1442 = CARTESIAN_POINT ( 'NONE',  ( 20.77165133996866686, -28.48529130744404014, 0.000000000000000000 ) ) ;
#1443 = CARTESIAN_POINT ( 'NONE',  ( -3.403926395622535850, -28.92001628084282316, 0.000000000000000000 ) ) ;
#1444 = VERTEX_POINT ( 'NONE', #787 ) ;
#1445 = ORIENTED_EDGE ( 'NONE', *, *, #4676, .T. ) ;
#1446 = FACE_OUTER_BOUND ( 'NONE', #1451, .T. ) ;
#1447 = DIRECTION ( 'NONE',  ( -0.000000000000000000, -0.000000000000000000, 1.000000000000000000 ) ) ;
#1448 = CARTESIAN_POINT ( 'NONE',  ( 16.72233382315533845, -29.22473384278416475, 3.000000000000000000 ) ) ;
#1449 = EDGE_CURVE ( 'NONE', #29, #621, #852, .T. ) ;
#1450 = ADVANCED_FACE ( 'NONE', ( #4320 ), #2371, .T. ) ;
#1451 = EDGE_LOOP ( 'NONE', ( #2033, #1995, #5001, #5084 ) ) ;
#1452 = ORIENTED_EDGE ( 'NONE', *, *, #582, .T. ) ;
#1453 = ORIENTED_EDGE ( 'NONE', *, *, #2993, .T. ) ;
#1454 = CARTESIAN_POINT ( 'NONE',  ( -1.970105767865760749, -28.92001628084283027, 3.000000000000000000 ) ) ;
#1455 = APPROVAL_STATUS ( 'not_yet_approved' ) ;
#1456 = B_SPLINE_CURVE_WITH_KNOTS ( 'NONE', 3,
 ( #537, #2146, #4331, #3905, #3409, #2302, #645, #3455, #1080, #306, #5071, #1830, #3040 ),
 .UNSPECIFIED., .F., .F.,
 ( 4, 1, 1, 1, 1, 1, 1, 1, 1, 1, 4 ),
 ( 0.000000000000000000, 0.2329951947216881702, 0.3447245844330365516, 0.4542530397534035869, 0.5101826462036309628, 0.5698779195447362111, 0.6324942482326136872, 0.6984630759612932005, 0.7679250391858927216, 0.8417824130804159033, 1.000000000000000000 ),
 .UNSPECIFIED. ) ;
#1457 = DIRECTION ( 'NONE',  ( -0.3817936777328464482, 0.9242475791925165440, 0.000000000000000000 ) ) ;
#1458 = VECTOR ( 'NONE', #3550, 1000.000000000000114 ) ;
#1459 = DIRECTION ( 'NONE',  ( 1.000000000000000000, 0.000000000000000000, 0.000000000000000000 ) ) ;
#1460 = VERTEX_POINT ( 'NONE', #2321 ) ;
#1461 = FACE_BOUND ( 'NONE', #875, .T. ) ;
#1462 = EDGE_CURVE ( 'NONE', #1667, #1003, #714, .T. ) ;
#1463 = CIRCLE ( 'NONE', #2134, 1.000000000000000888 ) ;
#1464 = FACE_OUTER_BOUND ( 'NONE', #2564, .T. ) ;
#1465 = EDGE_CURVE ( 'NONE', #4325, #363, #3708, .T. ) ;
#1466 = CARTESIAN_POINT ( 'NONE',  ( 0.03839270234086599592, -0.01602772269198011676, 0.000000000000000000 ) ) ;
#1467 = VECTOR ( 'NONE', #2168, 1000.000000000000000 ) ;
#1468 = ORIENTED_EDGE ( 'NONE', *, *, #3710, .F. ) ;
#1469 = DIRECTION ( 'NONE',  ( 2.028916346171703937E-16, -1.000000000000000000, 0.000000000000000000 ) ) ;
#1470 = CARTESIAN_POINT ( 'NONE',  ( -2.687016081744146412, -29.27679681429683711, 3.000000000000000000 ) ) ;
#1471 = AXIS2_PLACEMENT_3D ( 'NONE', #2759, #757, #488 ) ;
#1472 = CARTESIAN_POINT ( 'NONE',  ( 18.71012676627754701, -29.33099540239343028, 3.000000000000000444 ) ) ;
#1473 = CIRCLE ( 'NONE', #1975, 1.000000000000000888 ) ;
#1474 = CARTESIAN_POINT ( 'NONE',  ( 20.39872777509345170, -26.96466072989512952, 0.000000000000000000 ) ) ;
#1475 = VECTOR ( 'NONE', #2646, 1000.000000000000000 ) ;
#1476 = ORIENTED_EDGE ( 'NONE', *, *, #914, .T. ) ;
#1477 = ORIENTED_EDGE ( 'NONE', *, *, #1221, .F. ) ;
#1478 = CARTESIAN_POINT ( 'NONE',  ( -27.62727272727275007, 0.000000000000000000, 0.000000000000000000 ) ) ;
#1479 = EDGE_CURVE ( 'NONE', #674, #1368, #3963, .T. ) ;
#1480 = DIRECTION ( 'NONE',  ( 0.5775226744240014032, -0.8163746447104717197, 0.000000000000000000 ) ) ;
#1481 = CARTESIAN_POINT ( 'NONE',  ( 4.434342464842946363, -25.73218551915135777, 3.000000000000000000 ) ) ;
#1482 = VERTEX_POINT ( 'NONE', #4792 ) ;
#1483 = VERTEX_POINT ( 'NONE', #1925 ) ;
#1484 = ORIENTED_EDGE ( 'NONE', *, *, #1622, .F. ) ;
#1485 = ADVANCED_FACE ( 'NONE', ( #3602 ), #321, .T. ) ;
#1486 = LINE ( 'NONE', #2620, #216 ) ;
#1487 = EDGE_CURVE ( 'NONE', #1585, #1231, #4201, .T. ) ;
#1488 = CARTESIAN_POINT ( 'NONE',  ( -48.72727272727274794, 26.81818181818179525, 0.000000000000000000 ) ) ;
#1489 = ORIENTED_EDGE ( 'NONE', *, *, #2669, .F. ) ;
#1490 = FACE_OUTER_BOUND ( 'NONE', #4478, .T. ) ;
#1491 = CARTESIAN_POINT ( 'NONE',  ( 32.74001383278575616, 0.000000000000000000, 3.000000000000000000 ) ) ;
#1492 = CARTESIAN_POINT ( 'NONE',  ( 53.27272727272725916, 26.81818181818179525, 0.6250000000000000000 ) ) ;
#1493 = ADVANCED_FACE ( 'NONE', ( #4346 ), #1603, .T. ) ;
#1494 = CARTESIAN_POINT ( 'NONE',  ( 10.85440022078999966, -22.22103023182257431, 0.000000000000000000 ) ) ;
#1495 = EDGE_LOOP ( 'NONE', ( #3443, #1391, #37, #720 ) ) ;
#1496 = CARTESIAN_POINT ( 'NONE',  ( 4.510217583376977757, -24.70152719299022337, 3.000000000000000000 ) ) ;
#1497 = AXIS2_PLACEMENT_3D ( 'NONE', #4532, #4072, #2128 ) ;
#1498 = LINE ( 'NONE', #5185, #1259 ) ;
#1499 = CARTESIAN_POINT ( 'NONE',  ( 17.72990506178024717, -28.03114075347657064, 3.000000000000000000 ) ) ;
#1500 = EDGE_LOOP ( 'NONE', ( #1888, #2815, #4005, #1524 ) ) ;
#1501 = ORIENTED_EDGE ( 'NONE', *, *, #2580, .T. ) ;
#1502 = CARTESIAN_POINT ( 'NONE',  ( 51.27272727272725206, 26.81818181818179525, 2.374999999999996891 ) ) ;
#1503 = CARTESIAN_POINT ( 'NONE',  ( -1.861623312011494891, -28.20046426337813728, 3.000000000000000000 ) ) ;
#1504 = CARTESIAN_POINT ( 'NONE',  ( 17.55266006493680564, -21.59809165966031586, 3.000000000000000444 ) ) ;
#1505 = ORIENTED_EDGE ( 'NONE', *, *, #1354, .F. ) ;
#1506 = ORIENTED_EDGE ( 'NONE', *, *, #480, .F. ) ;
#1507 = CARTESIAN_POINT ( 'NONE',  ( -1.832856217871351223, -28.57227334229920501, 3.000000000000000000 ) ) ;
#1508 = PERSON_AND_ORGANIZATION_ROLE ( 'design_supplier' ) ;
#1509 = CARTESIAN_POINT ( 'NONE',  ( 17.31422864670522088, -27.96070757881440016, -4.336808689942017736E-16 ) ) ;
#1510 = LINE ( 'NONE', #3117, #4824 ) ;
#1511 = VERTEX_POINT ( 'NONE', #2819 ) ;
#1512 = ADVANCED_FACE ( 'NONE', ( #1555 ), #343, .T. ) ;
#1513 = CARTESIAN_POINT ( 'NONE',  ( 25.43259529646097761, -21.77348484848487331, 3.000000000000000000 ) ) ;
#1514 = DIRECTION ( 'NONE',  ( -0.000000000000000000, -0.000000000000000000, 1.000000000000000000 ) ) ;
#1515 = CARTESIAN_POINT ( 'NONE',  ( 18.97071886944855379, -23.05997569458741481, 3.000000000000000000 ) ) ;
#1516 = ADVANCED_FACE ( 'NONE', ( #812 ), #1976, .F. ) ;
#1517 = ADVANCED_FACE ( 'NONE', ( #3237 ), #5167, .T. ) ;
#1518 = ORIENTED_EDGE ( 'NONE', *, *, #5191, .T. ) ;
#1519 = CARTESIAN_POINT ( 'NONE',  ( 4.855305645551164062, -23.74329322181462487, 3.000000000000000000 ) ) ;
#1520 = LINE ( 'NONE', #2731, #4066 ) ;
#1521 = VECTOR ( 'NONE', #2162, 1000.000000000000000 ) ;
#1522 = CARTESIAN_POINT ( 'NONE',  ( -24.52727272727274155, -7.031818181818207947, 3.000000000000000000 ) ) ;
#1523 = CARTESIAN_POINT ( 'NONE',  ( 16.72233382315533845, -29.22473384278416475, 3.000000000000000444 ) ) ;
#1524 = ORIENTED_EDGE ( 'NONE', *, *, #3710, .T. ) ;
#1525 = CARTESIAN_POINT ( 'NONE',  ( -2.210971502885780371, -27.79117630743208167, 3.000000000000000000 ) ) ;
#1526 = VECTOR ( 'NONE', #3787, 1000.000000000000000 ) ;
#1527 = VECTOR ( 'NONE', #2948, 1000.000000000000000 ) ;
#1528 = CC_DESIGN_PERSON_AND_ORGANIZATION_ASSIGNMENT ( #3116, #3559, ( #2588 ) ) ;
#1529 = FACE_OUTER_BOUND ( 'NONE', #2428, .T. ) ;
#1530 = EDGE_CURVE ( 'NONE', #2459, #1095, #5193, .T. ) ;
#1531 = DIRECTION ( 'NONE',  ( 0.000000000000000000, 0.000000000000000000, 1.000000000000000000 ) ) ;
#1532 = CARTESIAN_POINT ( 'NONE',  ( 13.84148923332833725, -25.28548572389118476, -4.336808689942017736E-16 ) ) ;
#1533 = VERTEX_POINT ( 'NONE', #1740 ) ;
#1534 = ORIENTED_EDGE ( 'NONE', *, *, #677, .F. ) ;
#1535 = ORIENTED_EDGE ( 'NONE', *, *, #233, .F. ) ;
#1536 = LINE ( 'NONE', #3217, #1812 ) ;
#1537 = COORDINATED_UNIVERSAL_TIME_OFFSET ( 7, 0, .AHEAD. ) ;
#1538 = CARTESIAN_POINT ( 'NONE',  ( -13.22964428687235383, -29.18181818181820475, 3.000000000000000000 ) ) ;
#1539 = ORIENTED_EDGE ( 'NONE', *, *, #4427, .F. ) ;
#1540 = DIRECTION ( 'NONE',  ( 0.000000000000000000, -1.000000000000000000, 0.000000000000000000 ) ) ;
#1541 = CARTESIAN_POINT ( 'NONE',  ( 15.46314520338147425, -24.70197117806425524, -4.336808689942017736E-16 ) ) ;
#1542 = LINE ( 'NONE', #1062, #34 ) ;
#1543 = VECTOR ( 'NONE', #2422, 1000.000000000000114 ) ;
#1544 = CARTESIAN_POINT ( 'NONE',  ( 9.783694702721183134, -21.73715536193334685, 0.000000000000000000 ) ) ;
#1545 = CARTESIAN_POINT ( 'NONE',  ( -45.42727272727275079, -5.003413107911174436E-15, 3.000000000000000000 ) ) ;
#1546 = CARTESIAN_POINT ( 'NONE',  ( 5.641125131644399993, -22.71804888200396277, -4.336808689942017736E-16 ) ) ;
#1547 = EDGE_CURVE ( 'NONE', #3478, #1533, #947, .T. ) ;
#1548 = LINE ( 'NONE', #2811, #5065 ) ;
#1549 = EDGE_CURVE ( 'NONE', #1065, #3998, #2447, .T. ) ;
#1550 = AXIS2_PLACEMENT_3D ( 'NONE', #154, #940, #489 ) ;
#1551 = CARTESIAN_POINT ( 'NONE',  ( 15.62524458028985386, -28.75960386469752450, 3.000000000000000444 ) ) ;
#1552 = AXIS2_PLACEMENT_3D ( 'NONE', #673, #5181, #4281 ) ;
#1553 = EDGE_LOOP ( 'NONE', ( #2642, #4436, #607, #658 ) ) ;
#1554 = DIRECTION ( 'NONE',  ( -0.000000000000000000, 0.000000000000000000, -1.000000000000000000 ) ) ;
#1555 = FACE_OUTER_BOUND ( 'NONE', #4423, .T. ) ;
#1556 = DIRECTION ( 'NONE',  ( -0.000000000000000000, -0.000000000000000000, 1.000000000000000000 ) ) ;
#1557 = CIRCLE ( 'NONE', #4247, 1.000000000000000000 ) ;
#1558 = LINE ( 'NONE', #1230, #3042 ) ;
#1559 = EDGE_LOOP ( 'NONE', ( #2880, #137, #3792, #3207 ) ) ;
#1560 = VERTEX_POINT ( 'NONE', #469 ) ;
#1561 = LINE ( 'NONE', #2406, #3157 ) ;
#1562 = APPROVAL_DATE_TIME ( #3144, #3940 ) ;
#1563 = ORIENTED_EDGE ( 'NONE', *, *, #1869, .F. ) ;
#1564 = LINE ( 'NONE', #4359, #3991 ) ;
#1565 = CARTESIAN_POINT ( 'NONE',  ( 15.37975396964703378, -25.03132844517753242, 3.000000000000000000 ) ) ;
#1566 = CARTESIAN_POINT ( 'NONE',  ( 0.000000000000000000, 10.06818181818179525, 0.000000000000000000 ) ) ;
#1567 = CARTESIAN_POINT ( 'NONE',  ( 18.22799572452803218, -22.91278985233034504, 0.000000000000000000 ) ) ;
#1568 = LINE ( 'NONE', #2779, #5143 ) ;
#1569 = CARTESIAN_POINT ( 'NONE',  ( 15.94333825740025112, -23.83334117810854380, 2.999999999999999556 ) ) ;
#1570 = LINE ( 'NONE', #1652, #5030 ) ;
#1571 = EDGE_CURVE ( 'NONE', #784, #1404, #2526, .T. ) ;
#1572 = CARTESIAN_POINT ( 'NONE',  ( 14.13448399741666073, -23.94019525153056449, 2.999999999999999556 ) ) ;
#1573 = DIRECTION ( 'NONE',  ( 0.000000000000000000, -0.000000000000000000, -1.000000000000000000 ) ) ;
#1574 = CC_DESIGN_APPROVAL ( #1916, ( #432 ) ) ;
#1575 = EDGE_LOOP ( 'NONE', ( #1980, #4435, #2508, #3364, #1372, #1052, #1706, #1330 ) ) ;
#1576 = CARTESIAN_POINT ( 'NONE',  ( 15.00054236670410468, -28.28007613751041305, 0.000000000000000000 ) ) ;
#1577 = VERTEX_POINT ( 'NONE', #4128 ) ;
#1578 = DIRECTION ( 'NONE',  ( -0.000000000000000000, -0.000000000000000000, 1.000000000000000000 ) ) ;
#1579 = EDGE_CURVE ( 'NONE', #1744, #4714, #3312, .T. ) ;
#1580 = CARTESIAN_POINT ( 'NONE',  ( 17.56427028380022648, -22.93386817770707964, -4.336808689942017736E-16 ) ) ;
#1581 = AXIS2_PLACEMENT_3D ( 'NONE', #2915, #510, #568 ) ;
#1582 = CARTESIAN_POINT ( 'NONE',  ( -50.72727272727275505, 26.81818181818179525, 2.375000000000000000 ) ) ;
#1583 = DIRECTION ( 'NONE',  ( -1.000000000000000000, 0.000000000000000000, 0.000000000000000000 ) ) ;
#1584 = CARTESIAN_POINT ( 'NONE',  ( 14.83002072805010307, -22.89316163331516307, -4.336808689942017736E-16 ) ) ;
#1585 = VERTEX_POINT ( 'NONE', #158 ) ;
#1586 = EDGE_CURVE ( 'NONE', #3444, #3402, #552, .T. ) ;
#1587 = ORIENTED_EDGE ( 'NONE', *, *, #3511, .F. ) ;
#1588 = DIRECTION ( 'NONE',  ( 0.000000000000000000, 1.000000000000000000, -0.000000000000000000 ) ) ;
#1589 = ORIENTED_EDGE ( 'NONE', *, *, #874, .F. ) ;
#1590 = DIRECTION ( 'NONE',  ( -0.000000000000000000, -0.000000000000000000, -1.000000000000000000 ) ) ;
#1591 = DIRECTION ( 'NONE',  ( 1.000000000000000000, 0.000000000000000000, 0.000000000000000000 ) ) ;
#1592 = CARTESIAN_POINT ( 'NONE',  ( -27.90532704595354474, -25.43313028117717778, 3.000000000000000000 ) ) ;
#1593 = CARTESIAN_POINT ( 'NONE',  ( 18.22799572452803218, -22.91278985233034504, 3.000000000000000000 ) ) ;
#1594 = DIRECTION ( 'NONE',  ( 0.000000000000000000, 1.000000000000000000, 0.000000000000000000 ) ) ;
#1595 = CARTESIAN_POINT ( 'NONE',  ( -28.74826240920140563, -29.18181818181820475, 0.000000000000000000 ) ) ;
#1596 = CARTESIAN_POINT ( 'NONE',  ( -18.57367640492790883, -29.18181818181820830, 0.000000000000000000 ) ) ;
#1597 = DIRECTION ( 'NONE',  ( -0.5773769195031311918, 0.8164777356579141498, 0.000000000000000000 ) ) ;
#1598 = LINE ( 'NONE', #3183, #1939 ) ;
#1599 = ORIENTED_EDGE ( 'NONE', *, *, #4701, .T. ) ;
#1600 = VERTEX_POINT ( 'NONE', #2474 ) ;
#1601 = DIRECTION ( 'NONE',  ( 0.000000000000000000, 0.000000000000000000, 1.000000000000000000 ) ) ;
#1602 = CARTESIAN_POINT ( 'NONE',  ( -2.575570744292555947, -29.27719621011705797, 3.000000000000000000 ) ) ;
#1603 = PLANE ( 'NONE',  #3370 ) ;
#1604 = CARTESIAN_POINT ( 'NONE',  ( -3.511812411026287162, -28.73271876244334777, 0.000000000000000000 ) ) ;
#1605 = CARTESIAN_POINT ( 'NONE',  ( 14.04252431123885714, -24.17500107106741325, -4.336808689942017736E-16 ) ) ;
#1606 = VERTEX_POINT ( 'NONE', #522 ) ;
#1607 = EDGE_LOOP ( 'NONE', ( #2178, #4052, #4751, #4813 ) ) ;
#1608 = AXIS2_PLACEMENT_3D ( 'NONE', #2215, #1244, #3178 ) ;
#1609 = CARTESIAN_POINT ( 'NONE',  ( 9.278274578000129225, -29.33973894137351834, -4.336808689942017736E-16 ) ) ;
#1610 = FACE_OUTER_BOUND ( 'NONE', #1691, .T. ) ;
#1611 = EDGE_CURVE ( 'NONE', #1281, #2598, #1313, .T. ) ;
#1612 = ADVANCED_FACE ( 'NONE', ( #2130 ), #4481, .T. ) ;
#1613 = LINE ( 'NONE', #4825, #5209 ) ;
#1614 = ORIENTED_EDGE ( 'NONE', *, *, #3757, .T. ) ;
#1615 = ORIENTED_EDGE ( 'NONE', *, *, #98, .F. ) ;
#1616 = CARTESIAN_POINT ( 'NONE',  ( 15.42277354373205434, -22.38875660985511118, -4.336808689942017736E-16 ) ) ;
#1617 = PERSON_AND_ORGANIZATION ( #2227, #4095 ) ;
#1618 = CIRCLE ( 'NONE', #4563, 2.000000000000001776 ) ;
#1619 = AXIS2_PLACEMENT_3D ( 'NONE', #1679, #4531, #917 ) ;
#1620 = CARTESIAN_POINT ( 'NONE',  ( 19.36220189962222804, -29.19983828312887297, 0.000000000000000000 ) ) ;
#1621 = FACE_OUTER_BOUND ( 'NONE', #5187, .T. ) ;
#1622 = EDGE_CURVE ( 'NONE', #4465, #663, #2073, .T. ) ;
#1623 = CARTESIAN_POINT ( 'NONE',  ( 7.769265748203652677, -21.65271578114744244, 3.000000000000000000 ) ) ;
#1624 = CARTESIAN_POINT ( 'NONE',  ( 19.88884502780965846, -21.96645332990826560, 3.000000000000000444 ) ) ;
#1625 = CARTESIAN_POINT ( 'NONE',  ( -30.59154503909191547, -21.63298675043421682, 0.000000000000000000 ) ) ;
#1626 = CARTESIAN_POINT ( 'NONE',  ( 5.341640947990739186, -27.92932543661883216, 0.000000000000000000 ) ) ;
#1627 = ORIENTED_EDGE ( 'NONE', *, *, #967, .T. ) ;
#1628 = CARTESIAN_POINT ( 'NONE',  ( -2.210474734544475961, -29.14653381210548844, 3.000000000000000000 ) ) ;
#1629 = AXIS2_PLACEMENT_3D ( 'NONE', #3072, #672, #3512 ) ;
#1630 = DIRECTION ( 'NONE',  ( 0.3852453456739262649, 0.9228141869502098915, 0.000000000000000000 ) ) ;
#1631 = CARTESIAN_POINT ( 'NONE',  ( -3.541823774051843010, -28.46651035596350354, 0.000000000000000000 ) ) ;
#1632 = CARTESIAN_POINT ( 'NONE',  ( 8.128445106851371449, -21.60068715225417080, 2.999999999999999556 ) ) ;
#1633 = EDGE_LOOP ( 'NONE', ( #5039, #2522, #1452, #2741 ) ) ;
#1634 = VECTOR ( 'NONE', #1167, 1000.000000000000000 ) ;
#1635 = ORIENTED_EDGE ( 'NONE', *, *, #4028, .T. ) ;
#1636 = CARTESIAN_POINT ( 'NONE',  ( -45.42727272727275079, -6.031818181818208835, 3.000000000000000000 ) ) ;
#1637 = VECTOR ( 'NONE', #438, 1000.000000000000000 ) ;
#1638 = CARTESIAN_POINT ( 'NONE',  ( 11.20050013553498758, -28.51405368804022800, -4.336808689942017736E-16 ) ) ;
#1639 = LINE ( 'NONE', #3243, #2869 ) ;
#1640 = CIRCLE ( 'NONE', #1390, 2.000000000000001776 ) ;
#1641 = VERTEX_POINT ( 'NONE', #56 ) ;
#1642 = VERTEX_POINT ( 'NONE', #4951 ) ;
#1643 = EDGE_CURVE ( 'NONE', #36, #1767, #81, .T. ) ;
#1644 = DIRECTION ( 'NONE',  ( -0.000000000000000000, 0.000000000000000000, 1.000000000000000000 ) ) ;
#1645 = PERSON_AND_ORGANIZATION_ROLE ( 'design_owner' ) ;
#1646 = EDGE_CURVE ( 'NONE', #2945, #2734, #4557, .T. ) ;
#1647 = CARTESIAN_POINT ( 'NONE',  ( 21.40639170404644176, -27.95748424752333250, 0.000000000000000000 ) ) ;
#1648 = LINE ( 'NONE', #3249, #1860 ) ;
#1649 = CARTESIAN_POINT ( 'NONE',  ( 17.99903326387550706, -29.37177544677546592, 0.000000000000000000 ) ) ;
#1650 = EDGE_CURVE ( 'NONE', #64, #4219, #187, .T. ) ;
#1651 = CARTESIAN_POINT ( 'NONE',  ( 30.77722523403631882, -12.74369482346803828, 0.000000000000000000 ) ) ;
#1652 = CARTESIAN_POINT ( 'NONE',  ( -13.22964428687235383, -21.77348484848487331, 0.000000000000000000 ) ) ;
#1653 = CARTESIAN_POINT ( 'NONE',  ( 16.13638276568141805, -21.98317218120281069, 2.999999999999999556 ) ) ;
#1654 = CARTESIAN_POINT ( 'NONE',  ( -47.22727272727274794, -36.18181818181820120, 2.378905949460850877 ) ) ;
#1655 = CARTESIAN_POINT ( 'NONE',  ( 13.83817366925052106, -25.73977562477788794, 3.000000000000000444 ) ) ;
#1656 = ORIENTED_EDGE ( 'NONE', *, *, #3064, .F. ) ;
#1657 = PLANE ( 'NONE',  #277 ) ;
#1658 = FACE_OUTER_BOUND ( 'NONE', #4147, .T. ) ;
#1659 = FACE_OUTER_BOUND ( 'NONE', #560, .T. ) ;
#1660 = CARTESIAN_POINT ( 'NONE',  ( -1.832208389436457141, -28.46651035596350354, 0.000000000000000000 ) ) ;
#1661 = CARTESIAN_POINT ( 'NONE',  ( 5.641125131644399993, -22.71804888200396277, 2.999999999999999556 ) ) ;
#1662 = ORIENTED_EDGE ( 'NONE', *, *, #5191, .F. ) ;
#1663 = ORIENTED_EDGE ( 'NONE', *, *, #688, .T. ) ;
#1664 = VECTOR ( 'NONE', #2252, 1000.000000000000000 ) ;
#1665 = CARTESIAN_POINT ( 'NONE',  ( -31.75047762020568598, -21.77348484848487331, 3.000000000000000000 ) ) ;
#1666 = ORIENTED_EDGE ( 'NONE', *, *, #415, .T. ) ;
#1667 = VERTEX_POINT ( 'NONE', #864 ) ;
#1668 = CARTESIAN_POINT ( 'NONE',  ( -3.540907272631778291, -28.36088815180092482, 3.000000000000000000 ) ) ;
#1669 = CARTESIAN_POINT ( 'NONE',  ( -50.72727272727275505, 26.81818181818179525, 0.6250000000000001110 ) ) ;
#1670 = LINE ( 'NONE', #4989, #1014 ) ;
#1671 = CARTESIAN_POINT ( 'NONE',  ( 16.81579300446939484, -27.78958228189738833, 3.000000000000000000 ) ) ;
#1672 = CARTESIAN_POINT ( 'NONE',  ( 51.27272727272725206, 26.81818181818179525, 0.6249999999999957812 ) ) ;
#1673 = CARTESIAN_POINT ( 'NONE',  ( 6.246621090473218452, -28.72629635562729433, 3.000000000000000000 ) ) ;
#1674 = CARTESIAN_POINT ( 'NONE',  ( 12.66554781668998686, -26.15012984510012473, -4.336808689942017736E-16 ) ) ;
#1675 = ADVANCED_FACE ( 'NONE', ( #1659 ), #1681, .T. ) ;
#1676 = EDGE_CURVE ( 'NONE', #995, #3495, #3288, .T. ) ;
#1677 = CARTESIAN_POINT ( 'NONE',  ( 19.93520356187562115, -27.36997743680876738, 4.336808689942017736E-16 ) ) ;
#1678 = ORIENTED_EDGE ( 'NONE', *, *, #4681, .F. ) ;
#1679 = CARTESIAN_POINT ( 'NONE',  ( -25.52727272727274510, -1.035854018190936097E-14, 0.000000000000000000 ) ) ;
#1680 = CARTESIAN_POINT ( 'NONE',  ( 18.16003079994551328, -29.37285344355629846, 3.000000000000000000 ) ) ;
#1681 = PLANE ( 'NONE',  #3127 ) ;
#1682 = FACE_OUTER_BOUND ( 'NONE', #1866, .T. ) ;
#1683 = VERTEX_POINT ( 'NONE', #1257 ) ;
#1684 = EDGE_LOOP ( 'NONE', ( #3068, #5058 ) ) ;
#1685 = CC_DESIGN_PERSON_AND_ORGANIZATION_ASSIGNMENT ( #1617, #1645, ( #4237 ) ) ;
#1686 = EDGE_CURVE ( 'NONE', #2042, #3027, #1765, .T. ) ;
#1687 = CARTESIAN_POINT ( 'NONE',  ( 11.48905725643990650, -22.71903625155653117, 0.000000000000000000 ) ) ;
#1688 = CARTESIAN_POINT ( 'NONE',  ( 21.43755656782849428, -23.05866446921136870, 3.000000000000000000 ) ) ;
#1689 = LINE ( 'NONE', #4490, #4299 ) ;
#1690 = AXIS2_PLACEMENT_3D ( 'NONE', #2987, #931, #4915 ) ;
#1691 = EDGE_LOOP ( 'NONE', ( #4284, #4108, #3334, #531 ) ) ;
#1692 = ORIENTED_EDGE ( 'NONE', *, *, #679, .T. ) ;
#1693 = CARTESIAN_POINT ( 'NONE',  ( 16.91640385414966730, -21.71082761646288617, -4.336808689942017736E-16 ) ) ;
#1694 = CALENDAR_DATE ( 2025, 9, 9 ) ;
#1695 = CARTESIAN_POINT ( 'NONE',  ( 17.48840376312566391, -27.99844097853330638, 0.000000000000000000 ) ) ;
#1696 = AXIS2_PLACEMENT_3D ( 'NONE', #1285, #4952, #4024 ) ;
#1697 = VECTOR ( 'NONE', #3337, 1000.000000000000000 ) ;
#1698 = LINE ( 'NONE', #92, #3205 ) ;
#1699 = PLANE ( 'NONE',  #4954 ) ;
#1700 = CARTESIAN_POINT ( 'NONE',  ( -2.797863329591060655, -27.66326889746233419, 0.000000000000000000 ) ) ;
#1701 = FACE_BOUND ( 'NONE', #3790, .T. ) ;
#1702 = LINE ( 'NONE', #4600, #4238 ) ;
#1703 = CARTESIAN_POINT ( 'NONE',  ( 7.338292243337525278, -29.21817856118432388, 0.000000000000000000 ) ) ;
#1704 = DIRECTION ( 'NONE',  ( 1.000000000000000000, 0.000000000000000000, 0.000000000000000000 ) ) ;
#1705 = DIRECTION ( 'NONE',  ( -0.000000000000000000, -0.000000000000000000, 1.000000000000000000 ) ) ;
#1706 = ORIENTED_EDGE ( 'NONE', *, *, #3511, .T. ) ;
#1707 = LINE ( 'NONE', #2946, #946 ) ;
#1708 = CARTESIAN_POINT ( 'NONE',  ( -44.42727272727275079, -7.031818181818208835, 3.000000000000000000 ) ) ;
#1709 = EDGE_CURVE ( 'NONE', #1433, #1730, #2844, .T. ) ;
#1710 = EDGE_CURVE ( 'NONE', #2299, #3260, #890, .T. ) ;
#1711 = CARTESIAN_POINT ( 'NONE',  ( -25.89713448228638271, -9.866618354644353772, 0.000000000000000000 ) ) ;
#1712 = B_SPLINE_CURVE_WITH_KNOTS ( 'NONE', 3,
 ( #2198, #2116, #3330, #2513, #1755, #4991, #1352, #2597, #985, #4499, #4597, #4917, #2171, #175, #3692, #150, #4088, #3771, #4114, #4966, #2989, #2959, #1379, #4195, #4888 ),
 .UNSPECIFIED., .F., .F.,
 ( 4, 1, 1, 1, 1, 1, 1, 1, 1, 1, 1, 1, 1, 1, 1, 1, 1, 1, 1, 1, 1, 1, 4 ),
 ( 0.000000000000000000, 0.08260631440621407640, 0.1230857595550162303, 0.1632207506898161464, 0.2033804436610660016, 0.2436114122962487194, 0.2842402987831602612, 0.3253491078013090454, 0.3666884596693805176, 0.4075330649031558838, 0.4484490992274256516, 0.4894451745294486900, 0.5305378976661263568, 0.5720408544876433021, 0.6142265050955848515, 0.6571417864635148431, 0.7002856197531249771, 0.7430961425486000138, 0.7854902408633763766, 0.8279207122429955712, 0.8704633539812928200, 0.9131862742790806120, 1.000000000000000000 ),
 .UNSPECIFIED. ) ;
#1713 = DIRECTION ( 'NONE',  ( -0.000000000000000000, -0.000000000000000000, 1.000000000000000000 ) ) ;
#1714 = VERTEX_POINT ( 'NONE', #3703 ) ;
#1715 = EDGE_LOOP ( 'NONE', ( #176, #2164, #5215, #2034 ) ) ;
#1716 = VECTOR ( 'NONE', #3093, 1000.000000000000000 ) ;
#1717 = CARTESIAN_POINT ( 'NONE',  ( 19.43501665321247174, -21.79917279736223179, -4.336808689942017736E-16 ) ) ;
#1718 = VECTOR ( 'NONE', #2336, 1000.000000000000000 ) ;
#1719 = CARTESIAN_POINT ( 'NONE',  ( -14.74930240653047164, -29.18181818181820475, 0.000000000000000000 ) ) ;
#1720 = ORIENTED_EDGE ( 'NONE', *, *, #2932, .T. ) ;
#1721 = ORIENTED_EDGE ( 'NONE', *, *, #2645, .T. ) ;
#1722 = AXIS2_PLACEMENT_3D ( 'NONE', #4447, #2205, #2233 ) ;
#1723 = CARTESIAN_POINT ( 'NONE',  ( 14.13448399741666073, -23.94019525153056449, -4.336808689942017736E-16 ) ) ;
#1724 = CARTESIAN_POINT ( 'NONE',  ( -2.687016081744146412, -29.27679681429683711, 0.000000000000000000 ) ) ;
#1725 = AXIS2_PLACEMENT_3D ( 'NONE', #773, #1110, #4380 ) ;
#1726 = LINE ( 'NONE', #959, #3875 ) ;
#1727 = VECTOR ( 'NONE', #1556, 1000.000000000000000 ) ;
#1728 = FACE_BOUND ( 'NONE', #2673, .T. ) ;
#1729 = CARTESIAN_POINT ( 'NONE',  ( -3.163060660602519114, -27.79117630743206746, 3.000000000000000000 ) ) ;
#1730 = VERTEX_POINT ( 'NONE', #3809 ) ;
#1731 = CARTESIAN_POINT ( 'NONE',  ( 8.128445106851371449, -21.60068715225417080, -4.336808689942017736E-16 ) ) ;
#1732 = LINE ( 'NONE', #4944, #2926 ) ;
#1733 = CARTESIAN_POINT ( 'NONE',  ( 4.434342464842946363, -25.73218551915135777, 3.000000000000000000 ) ) ;
#1734 = FACE_OUTER_BOUND ( 'NONE', #3982, .T. ) ;
#1735 = EDGE_CURVE ( 'NONE', #3759, #83, #3441, .T. ) ;
#1736 = CARTESIAN_POINT ( 'NONE',  ( -30.56324471422277966, -29.18181818181820475, 3.000000000000000000 ) ) ;
#1737 = VERTEX_POINT ( 'NONE', #1864 ) ;
#1738 = CARTESIAN_POINT ( 'NONE',  ( 49.77272727272725206, -38.18181818181820830, 0.6210940505391644439 ) ) ;
#1739 = DIRECTION ( 'NONE',  ( 0.000000000000000000, -1.000000000000000000, 0.000000000000000000 ) ) ;
#1740 = CARTESIAN_POINT ( 'NONE',  ( 31.22035571312764546, -21.77348484848487331, 0.000000000000000000 ) ) ;
#1741 = CARTESIAN_POINT ( 'NONE',  ( -47.22727272727274794, -36.18181818181820120, 0.6210940505391644439 ) ) ;
#1742 = EDGE_CURVE ( 'NONE', #4099, #2158, #4976, .T. ) ;
#1743 = ORIENTED_EDGE ( 'NONE', *, *, #1354, .T. ) ;
#1744 = VERTEX_POINT ( 'NONE', #1791 ) ;
#1745 = CARTESIAN_POINT ( 'NONE',  ( 45.42272727272725064, -32.33181818181820688, 3.000000000000000000 ) ) ;
#1746 = CARTESIAN_POINT ( 'NONE',  ( 19.56963972739677970, -23.33235528793338887, 3.000000000000000000 ) ) ;
#1747 = ADVANCED_FACE ( 'NONE', ( #2660 ), #2607, .T. ) ;
#1748 = ADVANCED_FACE ( 'NONE', ( #3780 ), #2210, .T. ) ;
#1749 = VERTEX_POINT ( 'NONE', #4179 ) ;
#1750 = ORIENTED_EDGE ( 'NONE', *, *, #2679, .F. ) ;
#1751 = DIRECTION ( 'NONE',  ( -0.000000000000000000, -0.000000000000000000, 1.000000000000000000 ) ) ;
#1752 = CARTESIAN_POINT ( 'NONE',  ( 16.81579300446939484, -27.78958228189738833, 0.000000000000000000 ) ) ;
#1753 = CARTESIAN_POINT ( 'NONE',  ( -10.07727272727274936, 9.068181818181795251, 3.000000000000000000 ) ) ;
#1754 = CARTESIAN_POINT ( 'NONE',  ( -13.22964428687235383, -29.18181818181820475, 0.000000000000000000 ) ) ;
#1755 = CARTESIAN_POINT ( 'NONE',  ( 4.571936938538376793, -24.45440705647794033, -4.336808689942017736E-16 ) ) ;
#1756 = ORIENTED_EDGE ( 'NONE', *, *, #5158, .F. ) ;
#1757 = CARTESIAN_POINT ( 'NONE',  ( -50.72727272727275505, -36.18181818181820120, 0.6250000000000077716 ) ) ;
#1758 = EDGE_CURVE ( 'NONE', #2042, #1003, #5005, .T. ) ;
#1759 = LINE ( 'NONE', #4174, #2393 ) ;
#1760 = CARTESIAN_POINT ( 'NONE',  ( -20.14230788195782296, -29.18181818181820475, 3.000000000000000000 ) ) ;
#1761 = PRODUCT_DEFINITION_SHAPE ( 'NONE', 'NONE',  #432 ) ;
#1762 = ORIENTED_EDGE ( 'NONE', *, *, #3125, .F. ) ;
#1763 = CARTESIAN_POINT ( 'NONE',  ( 12.02950583411936236, -27.66093842029706806, 2.999999999999999556 ) ) ;
#1764 = CARTESIAN_POINT ( 'NONE',  ( -9.077272727272747588, -9.208513507511140273E-16, 0.000000000000000000 ) ) ;
#1765 = LINE ( 'NONE', #4102, #5149 ) ;
#1766 = CARTESIAN_POINT ( 'NONE',  ( 20.29711581081063798, -27.06223862741112640, 3.000000000000000000 ) ) ;
#1767 = VERTEX_POINT ( 'NONE', #4260 ) ;
#1768 = ORIENTED_EDGE ( 'NONE', *, *, #1547, .F. ) ;
#1769 = CARTESIAN_POINT ( 'NONE',  ( 12.22897574203151905, -23.64341534549127744, 0.000000000000000000 ) ) ;
#1770 = CARTESIAN_POINT ( 'NONE',  ( -29.38023472169937023, -20.78482955173271307, 0.000000000000000000 ) ) ;
#1771 = CARTESIAN_POINT ( 'NONE',  ( 17.27579017539268946, -29.34150138546977615, 3.000000000000000000 ) ) ;
#1772 = ORIENTED_EDGE ( 'NONE', *, *, #3419, .T. ) ;
#1773 = VERTEX_POINT ( 'NONE', #574 ) ;
#1774 = DIRECTION ( 'NONE',  ( 0.000000000000000000, 0.000000000000000000, -1.000000000000000000 ) ) ;
#1775 = CARTESIAN_POINT ( 'NONE',  ( 15.78596509744506093, -26.93874095761875154, 0.000000000000000000 ) ) ;
#1776 = ADVANCED_FACE ( 'NONE', ( #212 ), #3025, .F. ) ;
#1777 = ADVANCED_FACE ( 'NONE', ( #3418 ), #2557, .T. ) ;
#1778 = VECTOR ( 'NONE', #1964, 1000.000000000000000 ) ;
#1779 = DIRECTION ( 'NONE',  ( 1.000000000000000000, 0.000000000000000000, 0.000000000000000000 ) ) ;
#1780 = DIRECTION ( 'NONE',  ( -1.000000000000000000, -1.101411730778925047E-16, 0.000000000000000000 ) ) ;
#1781 = ORIENTED_EDGE ( 'NONE', *, *, #4549, .F. ) ;
#1782 = DIRECTION ( 'NONE',  ( -0.000000000000000000, -0.000000000000000000, 1.000000000000000000 ) ) ;
#1783 = AXIS2_PLACEMENT_3D ( 'NONE', #873, #2137, #2106 ) ;
#1784 = FACE_BOUND ( 'NONE', #5118, .T. ) ;
#1785 = AXIS2_PLACEMENT_3D ( 'NONE', #3524, #2738, #5138 ) ;
#1786 = DIRECTION ( 'NONE',  ( 0.8158944205563970486, -0.5782009118852555751, 0.000000000000000000 ) ) ;
#1787 = FACE_OUTER_BOUND ( 'NONE', #2828, .T. ) ;
#1788 = VERTEX_POINT ( 'NONE', #2784 ) ;
#1789 = DIRECTION ( 'NONE',  ( -0.000000000000000000, -0.000000000000000000, 1.000000000000000000 ) ) ;
#1790 = DIRECTION ( 'NONE',  ( 0.000000000000000000, 0.000000000000000000, 1.000000000000000000 ) ) ;
#1791 = CARTESIAN_POINT ( 'NONE',  ( -25.52727272727274155, -6.031818181818207947, 3.000000000000000000 ) ) ;
#1792 = CARTESIAN_POINT ( 'NONE',  ( -2.687016081744146412, -29.27679681429683711, 0.000000000000000000 ) ) ;
#1793 = AXIS2_PLACEMENT_3D ( 'NONE', #1809, #1782, #3382 ) ;
#1794 = ORIENTED_EDGE ( 'NONE', *, *, #2400, .T. ) ;
#1795 = ORIENTED_EDGE ( 'NONE', *, *, #3318, .T. ) ;
#1796 = CARTESIAN_POINT ( 'NONE',  ( 12.66465189765477284, -24.84301538441390278, 3.000000000000000000 ) ) ;
#1797 = DIRECTION ( 'NONE',  ( -0.000000000000000000, 1.000000000000000000, -1.239088197126290817E-16 ) ) ;
#1798 = CARTESIAN_POINT ( 'NONE',  ( 14.49009426787461763, -27.69376209504779141, 3.000000000000000000 ) ) ;
#1799 = ORIENTED_EDGE ( 'NONE', *, *, #421, .F. ) ;
#1800 = ORIENTED_EDGE ( 'NONE', *, *, #1907, .T. ) ;
#1801 = CARTESIAN_POINT ( 'NONE',  ( 31.27272727272725916, 11.81818181818179703, 0.000000000000000000 ) ) ;
#1802 = CARTESIAN_POINT ( 'NONE',  ( 47.42272727272725774, 22.96818181818179738, -4.336808689942017736E-16 ) ) ;
#1803 = VECTOR ( 'NONE', #4169, 1000.000000000000000 ) ;
#1804 = CARTESIAN_POINT ( 'NONE',  ( -44.42727272727275079, 7.268181818181796316, 3.000000000000000000 ) ) ;
#1805 = CARTESIAN_POINT ( 'NONE',  ( -33.27013573986380379, -29.18181818181820475, 3.000000000000000000 ) ) ;
#1806 = VECTOR ( 'NONE', #762, 1000.000000000000000 ) ;
#1807 = VERTEX_POINT ( 'NONE', #3517 ) ;
#1808 = EDGE_CURVE ( 'NONE', #4460, #5164, #4422, .T. ) ;
#1809 = CARTESIAN_POINT ( 'NONE',  ( 47.42272727272725774, -32.33181818181820688, -4.336808689942017736E-16 ) ) ;
#1810 = PLANE ( 'NONE',  #3258 ) ;
#1811 = LINE ( 'NONE', #2916, #3898 ) ;
#1812 = VECTOR ( 'NONE', #2797, 1000.000000000000000 ) ;
#1813 = DIRECTION ( 'NONE',  ( 0.7123327799523870851, -0.7018418700856369208, 0.000000000000000000 ) ) ;
#1814 = ADVANCED_FACE ( 'NONE', ( #362 ), #4366, .F. ) ;
#1815 = ORIENTED_EDGE ( 'NONE', *, *, #1388, .F. ) ;
#1816 = CARTESIAN_POINT ( 'NONE',  ( -17.34934247063303658, -21.77348484848486976, 3.000000000000000000 ) ) ;
#1817 = FACE_OUTER_BOUND ( 'NONE', #3101, .T. ) ;
#1818 = DIRECTION ( 'NONE',  ( -1.000000000000000000, 0.000000000000000000, 0.000000000000000000 ) ) ;
#1819 = CARTESIAN_POINT ( 'NONE',  ( -3.541823774051843010, -28.46651035596350354, 0.000000000000000000 ) ) ;
#1820 = ORIENTED_EDGE ( 'NONE', *, *, #205, .T. ) ;
#1821 = ORIENTED_EDGE ( 'NONE', *, *, #2090, .F. ) ;
#1822 = CARTESIAN_POINT ( 'NONE',  ( 8.584276319431060287, -21.58352758352760503, 3.000000000000000000 ) ) ;
#1823 = DIRECTION ( 'NONE',  ( -0.000000000000000000, 1.000000000000000000, -0.000000000000000000 ) ) ;
#1824 = DIRECTION ( 'NONE',  ( -0.000000000000000000, -0.000000000000000000, 1.000000000000000000 ) ) ;
#1825 = ORIENTED_EDGE ( 'NONE', *, *, #1643, .T. ) ;
#1826 = VERTEX_POINT ( 'NONE', #3996 ) ;
#1827 = CARTESIAN_POINT ( 'NONE',  ( -47.22727272727274794, -38.18181818181820830, 0.6210940505391644439 ) ) ;
#1828 = CARTESIAN_POINT ( 'NONE',  ( 0.000000000000000000, -29.18181818181820475, 0.000000000000000000 ) ) ;
#1829 = CARTESIAN_POINT ( 'NONE',  ( 16.10691310229740836, -27.31805767285768383, 3.000000000000000000 ) ) ;
#1830 = CARTESIAN_POINT ( 'NONE',  ( 20.29711581081063798, -27.06223862741112640, 3.000000000000000444 ) ) ;
#1831 = ORIENTED_EDGE ( 'NONE', *, *, #3964, .T. ) ;
#1832 = VECTOR ( 'NONE', #2381, 1000.000000000000000 ) ;
#1833 = FACE_BOUND ( 'NONE', #3556, .T. ) ;
#1834 = DIRECTION ( 'NONE',  ( 0.000000000000000000, 0.000000000000000000, -1.000000000000000000 ) ) ;
#1835 = PLANE ( 'NONE',  #5007 ) ;
#1836 = ORIENTED_EDGE ( 'NONE', *, *, #107, .T. ) ;
#1837 = LINE ( 'NONE', #4231, #3735 ) ;
#1838 = CARTESIAN_POINT ( 'NONE',  ( -3.403810847204375989, -28.01446746293061452, 0.000000000000000000 ) ) ;
#1839 = ADVANCED_FACE ( 'NONE', ( #4392 ), #1969, .F. ) ;
#1840 = CARTESIAN_POINT ( 'NONE',  ( 0.000000000000000000, 8.268181818181796316, 0.000000000000000000 ) ) ;
#1841 = EDGE_CURVE ( 'NONE', #2350, #4190, #1548, .T. ) ;
#1842 = DIRECTION ( 'NONE',  ( 1.000000000000000000, 0.000000000000000000, 0.000000000000000000 ) ) ;
#1843 = ORIENTED_EDGE ( 'NONE', *, *, #4355, .F. ) ;
#1844 = EDGE_LOOP ( 'NONE', ( #1138, #1994, #3900, #2311 ) ) ;
#1845 = CARTESIAN_POINT ( 'NONE',  ( 8.857135380163136062, -21.58361890270193584, 3.000000000000000000 ) ) ;
#1846 = CARTESIAN_POINT ( 'NONE',  ( -2.687016081744146412, -29.27679681429683711, 0.000000000000000000 ) ) ;
#1847 = CARTESIAN_POINT ( 'NONE',  ( -27.62727272727275007, -6.031818181818207947, 3.000000000000000000 ) ) ;
#1848 = ORIENTED_EDGE ( 'NONE', *, *, #3316, .F. ) ;
#1849 = EDGE_CURVE ( 'NONE', #1071, #3713, #2315, .T. ) ;
#1850 = EDGE_LOOP ( 'NONE', ( #422, #1088, #4352, #3477 ) ) ;
#1851 = EDGE_CURVE ( 'NONE', #2281, #4408, #1498, .T. ) ;
#1852 = VERTEX_POINT ( 'NONE', #3103 ) ;
#1853 = CARTESIAN_POINT ( 'NONE',  ( -2.080188164632133407, -29.04328981214636229, 0.000000000000000000 ) ) ;
#1854 = VECTOR ( 'NONE', #5137, 1000.000000000000000 ) ;
#1855 = DIRECTION ( 'NONE',  ( -0.000000000000000000, -0.000000000000000000, 1.000000000000000000 ) ) ;
#1856 = ORIENTED_EDGE ( 'NONE', *, *, #841, .F. ) ;
#1857 = CARTESIAN_POINT ( 'NONE',  ( 17.83116511418380412, -22.91419093338411272, -4.336808689942017736E-16 ) ) ;
#1858 = DIRECTION ( 'NONE',  ( -0.3565322769660528301, -0.9342830060968687622, 0.000000000000000000 ) ) ;
#1859 = CARTESIAN_POINT ( 'NONE',  ( -24.52727272727274865, 9.068181818181795251, 0.000000000000000000 ) ) ;
#1860 = VECTOR ( 'NONE', #4363, 1000.000000000000000 ) ;
#1861 = ORIENTED_EDGE ( 'NONE', *, *, #3251, .T. ) ;
#1862 = CARTESIAN_POINT ( 'NONE',  ( 53.27272727272725916, -36.18181818181820120, 2.374999999999992895 ) ) ;
#1863 = LINE ( 'NONE', #2283, #21 ) ;
#1864 = CARTESIAN_POINT ( 'NONE',  ( -2.687016081744146412, -29.27679681429683711, 3.000000000000000000 ) ) ;
#1865 = CARTESIAN_POINT ( 'NONE',  ( 19.17781431510661605, -27.83232392098213381, 0.000000000000000000 ) ) ;
#1866 = EDGE_LOOP ( 'NONE', ( #155, #635, #2717, #4876 ) ) ;
#1867 = EDGE_CURVE ( 'NONE', #586, #1433, #1598, .T. ) ;
#1868 = ORIENTED_EDGE ( 'NONE', *, *, #2195, .F. ) ;
#1869 = EDGE_CURVE ( 'NONE', #4257, #1606, #5160, .T. ) ;
#1870 = VECTOR ( 'NONE', #4605, 1000.000000000000000 ) ;
#1871 = CARTESIAN_POINT ( 'NONE',  ( 12.53545183065554092, -24.34041749189145420, 3.000000000000000000 ) ) ;
#1872 = CARTESIAN_POINT ( 'NONE',  ( -1.833124890856517641, -28.36088815180093192, 3.000000000000000000 ) ) ;
#1873 = CARTESIAN_POINT ( 'NONE',  ( 15.30039926650464643, -28.53673739756180794, 3.000000000000000000 ) ) ;
#1874 = ORIENTED_EDGE ( 'NONE', *, *, #1479, .T. ) ;
#1875 = VERTEX_POINT ( 'NONE', #4788 ) ;
#1876 = ORIENTED_EDGE ( 'NONE', *, *, #4, .F. ) ;
#1877 = CARTESIAN_POINT ( 'NONE',  ( 0.000000000000000000, -29.18181818181820475, 0.000000000000000000 ) ) ;
#1878 = CARTESIAN_POINT ( 'NONE',  ( 8.584276319431060287, -21.58352758352760503, 3.000000000000000000 ) ) ;
#1879 = LINE ( 'NONE', #1432, #3060 ) ;
#1880 = ORIENTED_EDGE ( 'NONE', *, *, #3544, .F. ) ;
#1881 = DIRECTION ( 'NONE',  ( 0.000000000000000000, 0.000000000000000000, -1.000000000000000000 ) ) ;
#1882 = LINE ( 'NONE', #648, #986 ) ;
#1883 = VECTOR ( 'NONE', #4572, 1000.000000000000000 ) ;
#1884 = DIRECTION ( 'NONE',  ( -0.000000000000000000, -0.000000000000000000, 1.000000000000000000 ) ) ;
#1885 = CARTESIAN_POINT ( 'NONE',  ( 19.27561112920650643, -23.17671486178612028, 0.000000000000000000 ) ) ;
#1886 = B_SPLINE_SURFACE_WITH_KNOTS ( 'NONE', 3, 1, ( 
 ( #5115, #322 ),
 ( #3006, #1898 ),
 ( #2295, #4614 ),
 ( #4692, #1000 ),
 ( #3866, #3424 ),
 ( #5062, #2267 ),
 ( #3894, #1503 ),
 ( #1074, #1872 ),
 ( #2612, #1926 ) ),
 .UNSPECIFIED., .F., .F., .F.,
 ( 4, 1, 1, 1, 1, 1, 4 ),
 ( 2, 2 ),
 ( 0.000000000000000000, 0.2564369794225768162, 0.3806309467024081017, 0.5087921945536371116, 0.6353415429235669265, 0.7561737216642919757, 1.000000000000000000 ),
 ( 0.000000000000000000, 1.000000000000000000 ),
 .UNSPECIFIED. ) ;
#1887 = VECTOR ( 'NONE', #4255, 1000.000000000000000 ) ;
#1888 = ORIENTED_EDGE ( 'NONE', *, *, #867, .T. ) ;
#1889 = CARTESIAN_POINT ( 'NONE',  ( 47.87272727272725348, -6.681818181818205638, -4.336808689942017736E-16 ) ) ;
#1890 = VECTOR ( 'NONE', #3987, 1000.000000000000000 ) ;
#1891 = VECTOR ( 'NONE', #4785, 1000.000000000000000 ) ;
#1892 = CARTESIAN_POINT ( 'NONE',  ( 18.16003079994551328, -29.37285344355629846, 3.000000000000000444 ) ) ;
#1893 = CARTESIAN_POINT ( 'NONE',  ( 15.88417015124322162, -27.07263966247638010, 3.000000000000000000 ) ) ;
#1894 = ORIENTED_EDGE ( 'NONE', *, *, #2838, .T. ) ;
#1895 = ORIENTED_EDGE ( 'NONE', *, *, #1622, .T. ) ;
#1896 = CARTESIAN_POINT ( 'NONE',  ( -28.62727272727275007, 7.268181818181796316, 3.000000000000000000 ) ) ;
#1897 = CARTESIAN_POINT ( 'NONE',  ( -48.72727272727274794, -36.18181818181820120, 0.000000000000000000 ) ) ;
#1898 = CARTESIAN_POINT ( 'NONE',  ( -2.576168833897234389, -27.66326889746233775, 3.000000000000000000 ) ) ;
#1899 = ADVANCED_FACE ( 'NONE', ( #1090 ), #3204, .T. ) ;
#1900 = CARTESIAN_POINT ( 'NONE',  ( 15.64895264508764683, -22.24177409801688654, -4.336808689942017736E-16 ) ) ;
#1901 = VERTEX_POINT ( 'NONE', #3492 ) ;
#1902 = ORIENTED_EDGE ( 'NONE', *, *, #3375, .F. ) ;
#1903 = VERTEX_POINT ( 'NONE', #314 ) ;
#1904 = FACE_OUTER_BOUND ( 'NONE', #472, .T. ) ;
#1905 = SHAPE_DEFINITION_REPRESENTATION ( #1761, #4750 ) ;
#1906 = EDGE_CURVE ( 'NONE', #4077, #1767, #1197, .T. ) ;
#1907 = EDGE_CURVE ( 'NONE', #2577, #1342, #4016, .T. ) ;
#1908 = CARTESIAN_POINT ( 'NONE',  ( 15.99134090592589352, -27.19902314728471637, -4.336808689942017736E-16 ) ) ;
#1909 = DIRECTION ( 'NONE',  ( -1.000000000000000000, 0.000000000000000000, -0.000000000000000000 ) ) ;
#1910 = ORIENTED_EDGE ( 'NONE', *, *, #647, .F. ) ;
#1911 = CARTESIAN_POINT ( 'NONE',  ( 15.28940100927233203, 6.379772095816158561, 0.000000000000000000 ) ) ;
#1912 = CARTESIAN_POINT ( 'NONE',  ( 53.27272727272725916, 26.81818181818179525, 2.375000000000000444 ) ) ;
#1913 = DIRECTION ( 'NONE',  ( 0.000000000000000000, -1.000000000000000000, 0.000000000000000000 ) ) ;
#1914 = CARTESIAN_POINT ( 'NONE',  ( 31.27272727272725916, 11.81818181818179703, 3.000000000000000000 ) ) ;
#1915 = APPROVAL_PERSON_ORGANIZATION ( #692, #3940, #3980 ) ;
#1916 = APPROVAL ( #3536, 'UNSPECIFIED' ) ;
#1917 = ORIENTED_EDGE ( 'NONE', *, *, #772, .F. ) ;
#1918 = LINE ( 'NONE', #3102, #1891 ) ;
#1919 = CARTESIAN_POINT ( 'NONE',  ( -13.22964428687235383, -21.77348484848487331, 0.000000000000000000 ) ) ;
#1920 = LINE ( 'NONE', #2732, #4475 ) ;
#1921 = CARTESIAN_POINT ( 'NONE',  ( 17.27579017539268946, -29.34150138546977615, 3.000000000000000444 ) ) ;
#1922 = ORIENTED_EDGE ( 'NONE', *, *, #3028, .F. ) ;
#1923 = CARTESIAN_POINT ( 'NONE',  ( -10.07727272727274759, -7.031818181818207059, 3.000000000000000000 ) ) ;
#1924 = CARTESIAN_POINT ( 'NONE',  ( -2.687016081744146412, -27.66216006216008338, 3.000000000000000000 ) ) ;
#1925 = CARTESIAN_POINT ( 'NONE',  ( -9.077272727272749364, 9.068181818181795251, 3.000000000000000000 ) ) ;
#1926 = CARTESIAN_POINT ( 'NONE',  ( -1.832208389436457141, -28.46651035596350354, 3.000000000000000000 ) ) ;
#1927 = CARTESIAN_POINT ( 'NONE',  ( 18.01980983973020756, -21.58352758352760503, -4.336808689942017736E-16 ) ) ;
#1928 = ORIENTED_EDGE ( 'NONE', *, *, #3318, .F. ) ;
#1929 = ORIENTED_EDGE ( 'NONE', *, *, #2678, .T. ) ;
#1930 = VERTEX_POINT ( 'NONE', #782 ) ;
#1931 = CALENDAR_DATE ( 2025, 9, 9 ) ;
#1932 = CARTESIAN_POINT ( 'NONE',  ( 0.000000000000000000, -29.18181818181820475, 0.000000000000000000 ) ) ;
#1933 = CARTESIAN_POINT ( 'NONE',  ( -0.1225930048210713275, -21.77348484848487331, 3.000000000000000000 ) ) ;
#1934 = ORIENTED_EDGE ( 'NONE', *, *, #1287, .T. ) ;
#1935 = EDGE_CURVE ( 'NONE', #139, #151, #5133, .T. ) ;
#1936 = CARTESIAN_POINT ( 'NONE',  ( 51.27272727272725206, 26.81818181818179525, 0.000000000000000000 ) ) ;
#1937 = EDGE_CURVE ( 'NONE', #1081, #1788, #1520, .T. ) ;
#1938 = CARTESIAN_POINT ( 'NONE',  ( 53.27272727272725916, 26.81818181818179525, 2.375000000000000444 ) ) ;
#1939 = VECTOR ( 'NONE', #4740, 1000.000000000000000 ) ;
#1940 = CARTESIAN_POINT ( 'NONE',  ( 12.53545183065554092, -24.34041749189145420, 0.000000000000000000 ) ) ;
#1941 = DIRECTION ( 'NONE',  ( -0.000000000000000000, -0.000000000000000000, 1.000000000000000000 ) ) ;
#1942 = EDGE_CURVE ( 'NONE', #4243, #10, #731, .T. ) ;
#1943 = CARTESIAN_POINT ( 'NONE',  ( 5.286299372647727424, -23.09546217124258760, 3.000000000000000000 ) ) ;
#1944 = DIRECTION ( 'NONE',  ( 0.000000000000000000, -1.000000000000000000, 0.000000000000000000 ) ) ;
#1945 = CIRCLE ( 'NONE', #4889, 1.000000000000000888 ) ;
#1946 = FACE_OUTER_BOUND ( 'NONE', #400, .T. ) ;
#1947 = ORIENTED_EDGE ( 'NONE', *, *, #582, .F. ) ;
#1948 = ORIENTED_EDGE ( 'NONE', *, *, #2482, .T. ) ;
#1949 = CARTESIAN_POINT ( 'NONE',  ( 16.31819781442415263, -23.47540610615153156, -4.336808689942017736E-16 ) ) ;
#1950 = VECTOR ( 'NONE', #3058, 1000.000000000000000 ) ;
#1951 = AXIS2_PLACEMENT_3D ( 'NONE', #395, #4817, #1176 ) ;
#1952 = DIRECTION ( 'NONE',  ( 0.000000000000000000, 0.000000000000000000, -1.000000000000000000 ) ) ;
#1953 = CARTESIAN_POINT ( 'NONE',  ( -27.90532704595354474, -25.43313028117718133, 0.000000000000000000 ) ) ;
#1954 = CARTESIAN_POINT ( 'NONE',  ( 14.50558768017336497, -23.28251074444569824, -4.336808689942017736E-16 ) ) ;
#1955 = ORIENTED_EDGE ( 'NONE', *, *, #2839, .T. ) ;
#1956 = CLOSED_SHELL ( 'NONE', ( #4708, #4350, #1256, #43, #4808, #902, #1137, #3057, #2488, #2360, #4252, #1300, #5090, #3124, #1839, #3233, #3796, #359, #1485, #4206, #2228, #172, #4448, #3889, #3871, #1748, #2942, #2674, #4056, #3664, #1776, #2549, #2627, #2159, #550, #551, #1516, #2031, #2548, #449, #2868, #4213, #2030, #1512, #3104, #651, #557, #2455, #711, #485, #1183, #2060, #5130, #1389, #1423, #2238, #1123, #1675, #2059, #1899, #4021, #4115, #4578, #301, #3709, #2114, #5203, #3162, #2962, #3922, #2412, #2615, #2515, #1747, #1997, #1612, #4454, #1517, #2481, #818, #328, #70, #2800, #2094, #148, #3170, #2278, #1814, #5098, #1493, #1301, #2419, #4606, #3344, #3280, #708, #1124, #2968, #2256, #5190, #3223, #3697, #1777, #5, #3553, #2324, #1450, #3668, #556, #4963, #2867, #2736, #2688, #795, #2188, #526, #4377, #745, #623, #4262, #1965, #4831, #4446, #3600, #2614, #4971, #2906, #4901 ) ) ;
#1957 = ORIENTED_EDGE ( 'NONE', *, *, #2352, .T. ) ;
#1958 = CARTESIAN_POINT ( 'NONE',  ( -28.62727272727275007, -7.031818181818207947, 0.000000000000000000 ) ) ;
#1959 = EDGE_LOOP ( 'NONE', ( #454, #317, #2287, #2147 ) ) ;
#1960 = DIRECTION ( 'NONE',  ( 1.000000000000000000, 0.000000000000000000, 0.000000000000000000 ) ) ;
#1961 = CARTESIAN_POINT ( 'NONE',  ( 15.46314520338147425, -24.70197117806425524, 3.000000000000000000 ) ) ;
#1962 = LINE ( 'NONE', #2777, #3400 ) ;
#1963 = CARTESIAN_POINT ( 'NONE',  ( -21.36070565172278179, -21.77348484848487331, 3.000000000000000000 ) ) ;
#1964 = DIRECTION ( 'NONE',  ( 0.000000000000000000, 1.000000000000000000, 0.000000000000000000 ) ) ;
#1965 = ADVANCED_FACE ( 'NONE', ( #338 ), #2365, .F. ) ;
#1966 = CARTESIAN_POINT ( 'NONE',  ( 15.46314520338147425, -24.70197117806425524, 2.999999999999999556 ) ) ;
#1967 = LINE ( 'NONE', #1596, #1207 ) ;
#1968 = CARTESIAN_POINT ( 'NONE',  ( 13.84148923332833725, -25.28548572389118476, 2.999999999999999556 ) ) ;
#1969 = CYLINDRICAL_SURFACE ( 'NONE', #2790, 5.850000000000001421 ) ;
#1970 = EDGE_CURVE ( 'NONE', #1361, #4278, #4667, .T. ) ;
#1971 = ORIENTED_EDGE ( 'NONE', *, *, #389, .T. ) ;
#1972 = VECTOR ( 'NONE', #5087, 1000.000000000000000 ) ;
#1973 = VERTEX_POINT ( 'NONE', #829 ) ;
#1974 = CARTESIAN_POINT ( 'NONE',  ( -1.832208389436457141, -28.46651035596350354, 3.000000000000000000 ) ) ;
#1975 = AXIS2_PLACEMENT_3D ( 'NONE', #3957, #5205, #3587 ) ;
#1976 = CYLINDRICAL_SURFACE ( 'NONE', #3293, 1.000000000000000888 ) ;
#1977 = CARTESIAN_POINT ( 'NONE',  ( -3.541175945616944709, -28.57227334229919791, 3.000000000000000000 ) ) ;
#1978 = AXIS2_PLACEMENT_3D ( 'NONE', #643, #1031, #3928 ) ;
#1979 = LINE ( 'NONE', #3499, #100 ) ;
#1980 = ORIENTED_EDGE ( 'NONE', *, *, #2838, .F. ) ;
#1981 = ORIENTED_EDGE ( 'NONE', *, *, #3731, .F. ) ;
#1982 = LINE ( 'NONE', #3143, #4037 ) ;
#1983 = LINE ( 'NONE', #3585, #4345 ) ;
#1984 = ORIENTED_EDGE ( 'NONE', *, *, #2933, .T. ) ;
#1985 = CARTESIAN_POINT ( 'NONE',  ( 21.00475742013974312, -23.44639323490115856, 0.000000000000000000 ) ) ;
#1986 = DIRECTION ( 'NONE',  ( 0.000000000000000000, -0.000000000000000000, -1.000000000000000000 ) ) ;
#1987 = DIRECTION ( 'NONE',  ( 1.000000000000000000, 0.000000000000000000, 0.000000000000000000 ) ) ;
#1988 = CARTESIAN_POINT ( 'NONE',  ( -6.607852753752693431, -27.66216006216008338, 0.000000000000000000 ) ) ;
#1989 = CARTESIAN_POINT ( 'NONE',  ( -18.57367640492790883, -29.18181818181820475, 0.000000000000000000 ) ) ;
#1990 = CARTESIAN_POINT ( 'NONE',  ( 53.27272727272725916, 26.81818181818179525, 0.6250000000000000000 ) ) ;
#1991 = PLANE ( 'NONE',  #1998 ) ;
#1992 = LINE ( 'NONE', #4841, #3985 ) ;
#1993 = DIRECTION ( 'NONE',  ( -0.000000000000000000, -0.000000000000000000, 1.000000000000000000 ) ) ;
#1994 = ORIENTED_EDGE ( 'NONE', *, *, #69, .F. ) ;
#1995 = ORIENTED_EDGE ( 'NONE', *, *, #5124, .F. ) ;
#1996 = CARTESIAN_POINT ( 'NONE',  ( -1.970105767865760749, -28.92001628084283027, 3.000000000000000000 ) ) ;
#1997 = ADVANCED_FACE ( 'NONE', ( #3694 ), #4039, .T. ) ;
#1998 = AXIS2_PLACEMENT_3D ( 'NONE', #4365, #2782, #1356 ) ;
#1999 = EDGE_CURVE ( 'NONE', #4826, #721, #3004, .T. ) ;
#2000 = DIRECTION ( 'NONE',  ( -0.000000000000000000, -0.000000000000000000, 1.000000000000000000 ) ) ;
#2001 = CARTESIAN_POINT ( 'NONE',  ( 3.581573661845596668, -27.85211732711734811, 0.000000000000000000 ) ) ;
#2002 = DIRECTION ( 'NONE',  ( -0.000000000000000000, -0.000000000000000000, 1.000000000000000000 ) ) ;
#2003 = ORIENTED_EDGE ( 'NONE', *, *, #2292, .T. ) ;
#2004 = ORIENTED_EDGE ( 'NONE', *, *, #2780, .T. ) ;
#2005 = LINE ( 'NONE', #5198, #958 ) ;
#2006 = DIRECTION ( 'NONE',  ( 1.000000000000000000, 0.000000000000000000, 0.000000000000000000 ) ) ;
#2007 = EDGE_CURVE ( 'NONE', #725, #4099, #2440, .T. ) ;
#2008 = ORIENTED_EDGE ( 'NONE', *, *, #974, .F. ) ;
#2009 = VERTEX_POINT ( 'NONE', #97 ) ;
#2010 = CARTESIAN_POINT ( 'NONE',  ( 16.13638276568141805, -21.98317218120281069, -4.336808689942017736E-16 ) ) ;
#2011 = CARTESIAN_POINT ( 'NONE',  ( 21.26787026139034964, -28.08520591824257551, 0.000000000000000000 ) ) ;
#2012 = DIRECTION ( 'NONE',  ( -1.000000000000000000, 0.000000000000000000, 0.000000000000000000 ) ) ;
#2013 = CARTESIAN_POINT ( 'NONE',  ( 4.510217583376977757, -24.70152719299022337, -4.336808689942017736E-16 ) ) ;
#2014 = CARTESIAN_POINT ( 'NONE',  ( 31.22035571312764546, -21.77348484848487331, 3.000000000000000000 ) ) ;
#2015 = CARTESIAN_POINT ( 'NONE',  ( 14.83002072805010307, -22.89316163331516307, 2.999999999999999556 ) ) ;
#2016 = CARTESIAN_POINT ( 'NONE',  ( 6.955843750719133745, -29.08863175895966791, 3.000000000000000000 ) ) ;
#2017 = EDGE_LOOP ( 'NONE', ( #6, #816, #2787, #2632 ) ) ;
#2018 = DIRECTION ( 'NONE',  ( 0.000000000000000000, -1.000000000000000000, 0.000000000000000000 ) ) ;
#2019 = CARTESIAN_POINT ( 'NONE',  ( 15.65570047818825472, -24.24654252968909418, -4.336808689942017736E-16 ) ) ;
#2020 = CARTESIAN_POINT ( 'NONE',  ( 0.000000000000000000, 10.06818181818179525, 0.000000000000000000 ) ) ;
#2021 = DIRECTION ( 'NONE',  ( 1.000000000000000000, 0.000000000000000000, 0.000000000000000000 ) ) ;
#2022 = CARTESIAN_POINT ( 'NONE',  ( 4.452601816780982880, -25.04101754217555964, 2.999999999999999556 ) ) ;
#2023 = EDGE_CURVE ( 'NONE', #3267, #3719, #2519, .T. ) ;
#2024 = EDGE_CURVE ( 'NONE', #4018, #3266, #4551, .T. ) ;
#2025 = ORIENTED_EDGE ( 'NONE', *, *, #1942, .F. ) ;
#2026 = ORIENTED_EDGE ( 'NONE', *, *, #4936, .T. ) ;
#2027 = VECTOR ( 'NONE', #802, 1000.000000000000000 ) ;
#2028 = AXIS2_PLACEMENT_3D ( 'NONE', #2791, #2764, #761 ) ;
#2029 = DIRECTION ( 'NONE',  ( 1.000000000000000000, 0.000000000000000000, 0.000000000000000000 ) ) ;
#2030 = ADVANCED_FACE ( 'NONE', ( #2468 ), #2727, .T. ) ;
#2031 = ADVANCED_FACE ( 'NONE', ( #1225 ), #2837, .F. ) ;
#2032 = CARTESIAN_POINT ( 'NONE',  ( -47.22727272727274794, -38.18181818181820830, 2.378905949460850877 ) ) ;
#2033 = ORIENTED_EDGE ( 'NONE', *, *, #233, .T. ) ;
#2034 = ORIENTED_EDGE ( 'NONE', *, *, #1153, .F. ) ;
#2035 = CARTESIAN_POINT ( 'NONE',  ( 45.42272727272725064, -32.33181818181820688, -4.336808689942017736E-16 ) ) ;
#2036 = DIRECTION ( 'NONE',  ( -0.000000000000000000, -0.000000000000000000, 1.000000000000000000 ) ) ;
#2037 = CARTESIAN_POINT ( 'NONE',  ( 15.54912039799451406, -26.49444713658017747, 3.000000000000000000 ) ) ;
#2038 = DIRECTION ( 'NONE',  ( 0.000000000000000000, 1.000000000000000000, -0.000000000000000000 ) ) ;
#2039 = CARTESIAN_POINT ( 'NONE',  ( 14.50558768017336497, -23.28251074444569824, 2.999999999999999556 ) ) ;
#2040 = CARTESIAN_POINT ( 'NONE',  ( 8.307641981748991711, -29.37378494699596487, 0.000000000000000000 ) ) ;
#2041 = CARTESIAN_POINT ( 'NONE',  ( 13.83926596953789634, -25.46577918609170510, 0.000000000000000000 ) ) ;
#2042 = VERTEX_POINT ( 'NONE', #3803 ) ;
#2043 = DIRECTION ( 'NONE',  ( -0.000000000000000000, -0.000000000000000000, 1.000000000000000000 ) ) ;
#2044 = CARTESIAN_POINT ( 'NONE',  ( -1.832856217871351223, -28.57227334229920501, 3.000000000000000000 ) ) ;
#2045 = VECTOR ( 'NONE', #2249, 1000.000000000000000 ) ;
#2046 = DIRECTION ( 'NONE',  ( -0.000000000000000000, -0.000000000000000000, 1.000000000000000000 ) ) ;
#2047 = DIRECTION ( 'NONE',  ( -0.3565322769660528301, -0.9342830060968687622, 0.000000000000000000 ) ) ;
#2048 = CARTESIAN_POINT ( 'NONE',  ( 4.510217583376977757, -24.70152719299022337, 2.999999999999999556 ) ) ;
#2049 = ORIENTED_EDGE ( 'NONE', *, *, #2510, .F. ) ;
#2050 = VECTOR ( 'NONE', #3641, 1000.000000000000000 ) ;
#2051 = VERTEX_POINT ( 'NONE', #1013 ) ;
#2052 = AXIS2_PLACEMENT_3D ( 'NONE', #3775, #4256, #2575 ) ;
#2053 = DIRECTION ( 'NONE',  ( 0.000000000000000000, 0.000000000000000000, 1.000000000000000000 ) ) ;
#2054 = VECTOR ( 'NONE', #4463, 1000.000000000000000 ) ;
#2055 = ORIENTED_EDGE ( 'NONE', *, *, #2771, .T. ) ;
#2056 = ORIENTED_EDGE ( 'NONE', *, *, #3384, .T. ) ;
#2057 = CARTESIAN_POINT ( 'NONE',  ( 1.397065114837045652, -27.85211732711734811, 3.000000000000000000 ) ) ;
#2058 = CARTESIAN_POINT ( 'NONE',  ( -7.440399829073209403, -21.77348484848487331, 0.000000000000000000 ) ) ;
#2059 = ADVANCED_FACE ( 'NONE', ( #4969 ), #625, .F. ) ;
#2060 = ADVANCED_FACE ( 'NONE', ( #232 ), #1835, .T. ) ;
#2061 = DIRECTION ( 'NONE',  ( -1.000000000000000000, 0.000000000000000000, 0.000000000000000000 ) ) ;
#2062 = CARTESIAN_POINT ( 'NONE',  ( 15.36789589962640434, -25.76593120478492693, 3.000000000000000000 ) ) ;
#2063 = PLANE ( 'NONE',  #2296 ) ;
#2064 = CARTESIAN_POINT ( 'NONE',  ( 19.20537228344645087, -21.73099467072225721, 3.000000000000000444 ) ) ;
#2065 = CARTESIAN_POINT ( 'NONE',  ( 13.83926596953789634, -25.46577918609170510, 3.000000000000000444 ) ) ;
#2066 = CARTESIAN_POINT ( 'NONE',  ( 7.884255080766811474, -29.33623858518740590, 3.000000000000000000 ) ) ;
#2067 = EDGE_CURVE ( 'NONE', #1003, #5014, #4229, .T. ) ;
#2068 = CARTESIAN_POINT ( 'NONE',  ( 19.64074542912574017, -27.58168027360233410, 4.336808689942017736E-16 ) ) ;
#2069 = EDGE_CURVE ( 'NONE', #440, #1095, #3749, .T. ) ;
#2070 = ORIENTED_EDGE ( 'NONE', *, *, #3338, .T. ) ;
#2071 = CARTESIAN_POINT ( 'NONE',  ( 6.955843750719133745, -29.08863175895966791, 0.000000000000000000 ) ) ;
#2072 = CARTESIAN_POINT ( 'NONE',  ( 23.97081478096951912, -29.18181818181820475, -0.000000000000000000 ) ) ;
#2073 = LINE ( 'NONE', #135, #1697 ) ;
#2074 = DIRECTION ( 'NONE',  ( 0.000000000000000000, 0.000000000000000000, -1.000000000000000000 ) ) ;
#2075 = EDGE_LOOP ( 'NONE', ( #1267, #3018, #1315, #3107 ) ) ;
#2076 = EDGE_LOOP ( 'NONE', ( #304, #2585, #3934, #4618 ) ) ;
#2077 = CARTESIAN_POINT ( 'NONE',  ( 10.51267654793164930, -22.02297523624657316, 0.000000000000000000 ) ) ;
#2078 = CARTESIAN_POINT ( 'NONE',  ( 18.97257977902017601, -21.67858058195580284, -4.336808689942017736E-16 ) ) ;
#2079 = B_SPLINE_CURVE_WITH_KNOTS ( 'NONE', 3,
 ( #32, #819, #5146, #1182, #4376, #1157, #2456, #4755, #4027, #1638, #401, #424, #4404, #793, #3558, #2851, #3633 ),
 .UNSPECIFIED., .F., .F.,
 ( 4, 1, 1, 1, 1, 1, 1, 1, 1, 1, 1, 1, 1, 1, 4 ),
 ( 0.000000000000000000, 0.1249433514720557636, 0.1851546275688351617, 0.2449530597302929658, 0.3046370852439636567, 0.3653094530028209719, 0.4273206974333891295, 0.4914658579467119370, 0.5557986235221399340, 0.6188444898864642330, 0.6810443935384538072, 0.7428975313692780524, 0.8053431801292691983, 0.8685490246257749902, 1.000000000000000000 ),
 .UNSPECIFIED. ) ;
#2080 = CARTESIAN_POINT ( 'NONE',  ( 25.42272727272725419, 11.81818181818179703, 0.000000000000000000 ) ) ;
#2081 = ORIENTED_EDGE ( 'NONE', *, *, #4261, .F. ) ;
#2082 = ORIENTED_EDGE ( 'NONE', *, *, #3578, .T. ) ;
#2083 = CARTESIAN_POINT ( 'NONE',  ( 16.65197706682996426, -21.78582921536085593, -4.336808689942017736E-16 ) ) ;
#2084 = PERSON_AND_ORGANIZATION ( #2227, #4095 ) ;
#2085 = CARTESIAN_POINT ( 'NONE',  ( 17.14368110852691274, -27.91461325060808818, 0.000000000000000000 ) ) ;
#2086 = B_SPLINE_CURVE_WITH_KNOTS ( 'NONE', 3,
 ( #1924, #3523, #2931, #1525, #5189, #2345, #811, #4426, #1974 ),
 .UNSPECIFIED., .F., .F.,
 ( 4, 1, 1, 1, 1, 1, 4 ),
 ( 0.000000000000000000, 0.2564369794225768162, 0.3806309467024081017, 0.5087921945536371116, 0.6353415429235669265, 0.7561737216642919757, 1.000000000000000000 ),
 .UNSPECIFIED. ) ;
#2087 = LINE ( 'NONE', #4140, #267 ) ;
#2088 = DIRECTION ( 'NONE',  ( 1.000000000000000000, 3.469446951953613573E-17, 0.000000000000000000 ) ) ;
#2089 = EDGE_CURVE ( 'NONE', #3219, #4857, #5049, .T. ) ;
#2090 = EDGE_CURVE ( 'NONE', #1852, #2138, #2140, .T. ) ;
#2091 = CARTESIAN_POINT ( 'NONE',  ( 3.581573661845596668, -29.18181818181820475, -0.000000000000000000 ) ) ;
#2092 = CARTESIAN_POINT ( 'NONE',  ( 20.22774371775117785, -23.82007945162367690, 0.000000000000000000 ) ) ;
#2093 = CARTESIAN_POINT ( 'NONE',  ( 12.02950583411936236, -27.66093842029706806, -4.336808689942017736E-16 ) ) ;
#2094 = ADVANCED_FACE ( 'NONE', ( #596 ), #4654, .T. ) ;
#2095 = CARTESIAN_POINT ( 'NONE',  ( 20.29711581081063798, -27.06223862741112640, 4.336808689942017736E-16 ) ) ;
#2096 = EDGE_LOOP ( 'NONE', ( #4535, #1506, #2767, #742 ) ) ;
#2097 = CARTESIAN_POINT ( 'NONE',  ( 4.895133677277172524, -27.29501671756012016, 0.000000000000000000 ) ) ;
#2098 = CARTESIAN_POINT ( 'NONE',  ( 21.40639170404644176, -27.95748424752333250, 3.000000000000000000 ) ) ;
#2099 = VECTOR ( 'NONE', #3743, 1000.000000000000000 ) ;
#2100 = DIRECTION ( 'NONE',  ( -0.000000000000000000, -0.000000000000000000, 1.000000000000000000 ) ) ;
#2101 = CARTESIAN_POINT ( 'NONE',  ( -50.72727272727275505, -36.18181818181820120, 2.375000000000007550 ) ) ;
#2102 = ORIENTED_EDGE ( 'NONE', *, *, #1849, .T. ) ;
#2103 = ORIENTED_EDGE ( 'NONE', *, *, #3731, .T. ) ;
#2104 = CARTESIAN_POINT ( 'NONE',  ( 11.77263753712580296, -23.00774704499161771, 3.000000000000000000 ) ) ;
#2105 = CARTESIAN_POINT ( 'NONE',  ( 18.01980983973020756, -21.58352758352760503, -4.336808689942017736E-16 ) ) ;
#2106 = DIRECTION ( 'NONE',  ( 1.000000000000000000, 0.000000000000000000, 0.000000000000000000 ) ) ;
#2107 = VECTOR ( 'NONE', #2905, 1000.000000000000000 ) ;
#2108 = ORIENTED_EDGE ( 'NONE', *, *, #138, .F. ) ;
#2109 = VERTEX_POINT ( 'NONE', #1414 ) ;
#2110 = DIRECTION ( 'NONE',  ( 1.000000000000000000, 0.000000000000000000, 0.000000000000000000 ) ) ;
#2111 = LINE ( 'NONE', #4111, #2980 ) ;
#2112 = AXIS2_PLACEMENT_3D ( 'NONE', #188, #240, #1842 ) ;
#2113 = VECTOR ( 'NONE', #1993, 1000.000000000000000 ) ;
#2114 = ADVANCED_FACE ( 'NONE', ( #1037 ), #2656, .T. ) ;
#2115 = CARTESIAN_POINT ( 'NONE',  ( 15.36079272428585085, -25.58461953590012072, -4.336808689942017736E-16 ) ) ;
#2116 = CARTESIAN_POINT ( 'NONE',  ( 4.437279249196497410, -25.30062652768942044, -4.336808689942017736E-16 ) ) ;
#2117 = VERTEX_POINT ( 'NONE', #650 ) ;
#2118 = AXIS2_PLACEMENT_3D ( 'NONE', #4097, #2891, #4507 ) ;
#2119 = CARTESIAN_POINT ( 'NONE',  ( 47.42272727272725774, -32.33181818181820688, 3.000000000000000000 ) ) ;
#2120 = DIRECTION ( 'NONE',  ( 0.000000000000000000, -0.000000000000000000, -1.000000000000000000 ) ) ;
#2121 = LINE ( 'NONE', #511, #1292 ) ;
#2122 = CARTESIAN_POINT ( 'NONE',  ( 4.472316369498125610, -26.11411141875255382, 3.000000000000000000 ) ) ;
#2123 = EDGE_CURVE ( 'NONE', #1973, #4967, #1759, .T. ) ;
#2124 = DIRECTION ( 'NONE',  ( 1.000000000000000000, 3.469446951953614189E-17, 0.000000000000000000 ) ) ;
#2125 = CARTESIAN_POINT ( 'NONE',  ( 13.99508418012437083, -26.66276637507308322, 0.000000000000000000 ) ) ;
#2126 = VERTEX_POINT ( 'NONE', #3074 ) ;
#2127 = CARTESIAN_POINT ( 'NONE',  ( 4.436381354153286161, -25.47468343288658232, 0.000000000000000000 ) ) ;
#2128 = DIRECTION ( 'NONE',  ( 0.000000000000000000, -0.000000000000000000, 1.000000000000000000 ) ) ;
#2129 = EDGE_CURVE ( 'NONE', #2117, #496, #2174, .T. ) ;
#2130 = FACE_OUTER_BOUND ( 'NONE', #1262, .T. ) ;
#2131 = CARTESIAN_POINT ( 'NONE',  ( 7.247582606475948097, -21.78329273544525080, 2.999999999999999556 ) ) ;
#2132 = ORIENTED_EDGE ( 'NONE', *, *, #2262, .T. ) ;
#2133 = ORIENTED_EDGE ( 'NONE', *, *, #3419, .F. ) ;
#2134 = AXIS2_PLACEMENT_3D ( 'NONE', #1168, #4865, #5184 ) ;
#2135 = DIRECTION ( 'NONE',  ( 0.5775330207590764209, -0.8163673253706912325, 0.000000000000000000 ) ) ;
#2136 = VECTOR ( 'NONE', #2435, 1000.000000000000000 ) ;
#2137 = DIRECTION ( 'NONE',  ( 0.000000000000000000, 0.000000000000000000, 1.000000000000000000 ) ) ;
#2138 = VERTEX_POINT ( 'NONE', #1359 ) ;
#2139 = ORIENTED_EDGE ( 'NONE', *, *, #3958, .F. ) ;
#2140 = CIRCLE ( 'NONE', #1042, 1.000000000000000000 ) ;
#2141 = DIRECTION ( 'NONE',  ( 1.000000000000000000, 0.000000000000000000, 0.000000000000000000 ) ) ;
#2142 = VECTOR ( 'NONE', #703, 1000.000000000000000 ) ;
#2143 = CARTESIAN_POINT ( 'NONE',  ( 15.69697056006905456, -26.79730007540882042, 0.000000000000000000 ) ) ;
#2144 = AXIS2_PLACEMENT_3D ( 'NONE', #3298, #1644, #1268 ) ;
#2145 = PLANE ( 'NONE',  #3538 ) ;
#2146 = CARTESIAN_POINT ( 'NONE',  ( 18.24486385793268894, -28.04111685975073698, 3.000000000000000444 ) ) ;
#2147 = ORIENTED_EDGE ( 'NONE', *, *, #2444, .F. ) ;
#2148 = FACE_BOUND ( 'NONE', #4188, .T. ) ;
#2149 = CARTESIAN_POINT ( 'NONE',  ( -0.000000000000000000, -27.66216006216008338, 3.000000000000000000 ) ) ;
#2150 = CARTESIAN_POINT ( 'NONE',  ( 10.87631019051810810, -28.74434059476724457, 3.000000000000000000 ) ) ;
#2151 = ORIENTED_EDGE ( 'NONE', *, *, #803, .F. ) ;
#2152 = CARTESIAN_POINT ( 'NONE',  ( 12.69772307162833691, -25.76137530974543921, 2.999999999999999556 ) ) ;
#2153 = LINE ( 'NONE', #468, #4013 ) ;
#2154 = CARTESIAN_POINT ( 'NONE',  ( 1.345913871854358623, -0.5572924625646961116, 0.000000000000000000 ) ) ;
#2155 = CARTESIAN_POINT ( 'NONE',  ( 20.32289132291698408, -22.17797479935931548, 4.336808689942017736E-16 ) ) ;
#2156 = ORIENTED_EDGE ( 'NONE', *, *, #4182, .T. ) ;
#2157 = EDGE_CURVE ( 'NONE', #741, #2271, #3412, .T. ) ;
#2158 = VERTEX_POINT ( 'NONE', #3854 ) ;
#2159 = ADVANCED_FACE ( 'NONE', ( #153 ), #256, .F. ) ;
#2160 = CARTESIAN_POINT ( 'NONE',  ( 10.85440022078999966, -22.22103023182257431, 0.000000000000000000 ) ) ;
#2161 = CARTESIAN_POINT ( 'NONE',  ( 20.32289132291698408, -22.17797479935931548, 3.000000000000000000 ) ) ;
#2162 = DIRECTION ( 'NONE',  ( -0.000000000000000000, -0.000000000000000000, 1.000000000000000000 ) ) ;
#2163 = CC_DESIGN_APPROVAL ( #3940, ( #2588 ) ) ;
#2164 = ORIENTED_EDGE ( 'NONE', *, *, #2293, .F. ) ;
#2165 = VERTEX_POINT ( 'NONE', #5075 ) ;
#2166 = CARTESIAN_POINT ( 'NONE',  ( -27.90532704595354474, -25.43313028117718133, 0.000000000000000000 ) ) ;
#2167 = AXIS2_PLACEMENT_3D ( 'NONE', #4872, #3701, #3285 ) ;
#2168 = DIRECTION ( 'NONE',  ( -0.000000000000000000, -0.000000000000000000, 1.000000000000000000 ) ) ;
#2169 = CARTESIAN_POINT ( 'NONE',  ( 15.40439706691086386, -26.00205415691349842, -4.336808689942017736E-16 ) ) ;
#2170 = FACE_BOUND ( 'NONE', #4972, .T. ) ;
#2171 = CARTESIAN_POINT ( 'NONE',  ( 5.641125131644399993, -22.71804888200396277, -4.336808689942017736E-16 ) ) ;
#2172 = EDGE_LOOP ( 'NONE', ( #2529, #4905, #3291, #5152 ) ) ;
#2173 = DIRECTION ( 'NONE',  ( 1.101411730778925047E-16, -1.000000000000000000, 0.000000000000000000 ) ) ;
#2174 = LINE ( 'NONE', #4199, #542 ) ;
#2175 = AXIS2_PLACEMENT_3D ( 'NONE', #1304, #536, #2772 ) ;
#2176 = DIRECTION ( 'NONE',  ( 0.000000000000000000, -0.000000000000000000, 1.000000000000000000 ) ) ;
#2177 = B_SPLINE_SURFACE_WITH_KNOTS ( 'NONE', 3, 1, ( 
 ( #743, #870 ),
 ( #61, #4956 ),
 ( #2530, #448 ),
 ( #895, #4907 ),
 ( #1290, #4078 ),
 ( #2077, #4159 ),
 ( #2160, #3683 ),
 ( #85, #162 ),
 ( #1687, #141 ),
 ( #2504, #2104 ),
 ( #1317, #112 ),
 ( #1769, #3366 ),
 ( #3447, #1424 ),
 ( #3110, #3785 ),
 ( #191, #1796 ),
 ( #3814, #2266 ),
 ( #5114, #4211 ) ),
 .UNSPECIFIED., .F., .F., .F.,
 ( 4, 1, 1, 1, 1, 1, 1, 1, 1, 1, 1, 1, 1, 1, 4 ),
 ( 2, 2 ),
 ( 0.000000000000000000, 0.1295984303094122880, 0.1920566398244013817, 0.2537931450513873921, 0.3156221093645431020, 0.3777187376031707067, 0.4410784058418155129, 0.5058785979916926578, 0.5705048043947851255, 0.6330243983483035963, 0.6938907263295299721, 0.7539887005207451809, 0.8139036408410939005, 0.8745301077479221696, 1.000000000000000000 ),
 ( 0.000000000000000000, 1.000000000000000000 ),
 .UNSPECIFIED. ) ;
#2178 = ORIENTED_EDGE ( 'NONE', *, *, #1646, .F. ) ;
#2179 = PLANE ( 'NONE',  #2395 ) ;
#2180 = CARTESIAN_POINT ( 'NONE',  ( 27.03684376067037931, -21.77348484848487331, 0.000000000000000000 ) ) ;
#2181 = DIRECTION ( 'NONE',  ( 1.000000000000000000, 0.000000000000000000, 0.000000000000000000 ) ) ;
#2182 = EDGE_CURVE ( 'NONE', #821, #29, #4626, .T. ) ;
#2183 = CARTESIAN_POINT ( 'NONE',  ( 18.24486385793268894, -28.04111685975073698, 3.000000000000000000 ) ) ;
#2184 = EDGE_LOOP ( 'NONE', ( #4008, #2404, #3475, #1108, #1955, #2242 ) ) ;
#2185 = ORIENTED_EDGE ( 'NONE', *, *, #300, .F. ) ;
#2186 = CARTESIAN_POINT ( 'NONE',  ( 9.262123052412681190, -21.61679765755502203, 3.000000000000000000 ) ) ;
#2187 = DIRECTION ( 'NONE',  ( 0.5783936123333932589, 0.8157578251000282554, 0.000000000000000000 ) ) ;
#2188 = ADVANCED_FACE ( 'NONE', ( #3357 ), #1063, .F. ) ;
#2189 = EDGE_CURVE ( 'NONE', #4257, #1071, #777, .T. ) ;
#2190 = CARTESIAN_POINT ( 'NONE',  ( -25.31122314638090032, -21.77348484848487331, 0.000000000000000000 ) ) ;
#2191 = ORIENTED_EDGE ( 'NONE', *, *, #450, .T. ) ;
#2192 = ORIENTED_EDGE ( 'NONE', *, *, #2214, .F. ) ;
#2193 = DIRECTION ( 'NONE',  ( -1.000000000000000000, 0.000000000000000000, 0.000000000000000000 ) ) ;
#2194 = LINE ( 'NONE', #1326, #2391 ) ;
#2195 = EDGE_CURVE ( 'NONE', #363, #4325, #3067, .T. ) ;
#2196 = CIRCLE ( 'NONE', #3122, 2.000000000000001776 ) ;
#2197 = CARTESIAN_POINT ( 'NONE',  ( 16.81579300446939484, -27.78958228189738833, -4.336808689942017736E-16 ) ) ;
#2198 = CARTESIAN_POINT ( 'NONE',  ( 4.436381354153286161, -25.47468343288658232, 0.000000000000000000 ) ) ;
#2199 = ORIENTED_EDGE ( 'NONE', *, *, #2423, .T. ) ;
#2200 = CARTESIAN_POINT ( 'NONE',  ( -47.22727272727274794, -36.18181818181820120, 0.6210940505391644439 ) ) ;
#2201 = VECTOR ( 'NONE', #339, 1000.000000000000000 ) ;
#2202 = LINE ( 'NONE', #3801, #3674 ) ;
#2203 = AXIS2_PLACEMENT_3D ( 'NONE', #1394, #4205, #186 ) ;
#2204 = DIRECTION ( 'NONE',  ( -0.3825642979791262221, -0.9239288705910960742, 0.000000000000000000 ) ) ;
#2205 = DIRECTION ( 'NONE',  ( 0.000000000000000000, 0.000000000000000000, 1.000000000000000000 ) ) ;
#2206 = CARTESIAN_POINT ( 'NONE',  ( 12.02950583411936236, -27.66093842029706806, 3.000000000000000000 ) ) ;
#2207 = ORIENTED_EDGE ( 'NONE', *, *, #1032, .F. ) ;
#2208 = CARTESIAN_POINT ( 'NONE',  ( 0.000000000000000000, -29.18181818181820475, 0.000000000000000000 ) ) ;
#2209 = CARTESIAN_POINT ( 'NONE',  ( -2.965955427744975115, -27.68734295482420649, 0.000000000000000000 ) ) ;
#2210 = PLANE ( 'NONE',  #3459 ) ;
#2211 = CARTESIAN_POINT ( 'NONE',  ( -3.541175945616944709, -28.57227334229919791, 0.000000000000000000 ) ) ;
#2212 = ORIENTED_EDGE ( 'NONE', *, *, #1579, .F. ) ;
#2213 = ORIENTED_EDGE ( 'NONE', *, *, #4992, .T. ) ;
#2214 = EDGE_CURVE ( 'NONE', #4018, #3444, #701, .T. ) ;
#2215 = CARTESIAN_POINT ( 'NONE',  ( 0.000000000000000000, -29.18181818181820475, 0.000000000000000000 ) ) ;
#2216 = PLANE ( 'NONE',  #2313 ) ;
#2217 = CARTESIAN_POINT ( 'NONE',  ( 17.70725705886847123, -29.36998418713300651, 3.000000000000000000 ) ) ;
#2218 = ORIENTED_EDGE ( 'NONE', *, *, #2647, .F. ) ;
#2219 = ORIENTED_EDGE ( 'NONE', *, *, #5161, .F. ) ;
#2220 = CARTESIAN_POINT ( 'NONE',  ( 42.62272727272725348, -6.681818181818205638, -4.336808689942017736E-16 ) ) ;
#2221 = CARTESIAN_POINT ( 'NONE',  ( 0.03839270234086599592, -0.01602772269198011676, 0.000000000000000000 ) ) ;
#2222 = B_SPLINE_SURFACE_WITH_KNOTS ( 'NONE', 3, 1, ( 
 ( #3718, #4943 ),
 ( #3353, #1274 ),
 ( #2885, #882 ),
 ( #960, #1305 ),
 ( #2490, #121 ),
 ( #484, #1729 ),
 ( #1329, #93 ),
 ( #1700, #2936 ),
 ( #4547, #2571 ) ),
 .UNSPECIFIED., .F., .F., .F.,
 ( 4, 1, 1, 1, 1, 1, 4 ),
 ( 2, 2 ),
 ( 0.000000000000000000, 0.2438262783357073860, 0.3646584570764321853, 0.4912078054463615562, 0.6193690532975879570, 0.7435630205774187429, 1.000000000000000000 ),
 ( 0.000000000000000000, 1.000000000000000000 ),
 .UNSPECIFIED. ) ;
#2223 = AXIS2_PLACEMENT_3D ( 'NONE', #4503, #3182, #2836 ) ;
#2224 = CARTESIAN_POINT ( 'NONE',  ( 17.14368110852691274, -27.91461325060808818, -4.336808689942017736E-16 ) ) ;
#2225 = CARTESIAN_POINT ( 'NONE',  ( 30.12810143962337150, -29.18181818181820475, 0.000000000000000000 ) ) ;
#2226 = VECTOR ( 'NONE', #412, 1000.000000000000000 ) ;
#2227 = PERSON ( 'UNSPECIFIED', 'UNSPECIFIED', 'UNSPECIFIED', ('UNSPECIFIED'), ('UNSPECIFIED'), ('UNSPECIFIED') ) ;
#2228 = ADVANCED_FACE ( 'NONE', ( #4736 ), #4784, .F. ) ;
#2229 = DIRECTION ( 'NONE',  ( -0.000000000000000000, -0.000000000000000000, 1.000000000000000000 ) ) ;
#2230 = EDGE_CURVE ( 'NONE', #5068, #1826, #2361, .T. ) ;
#2231 = PLANE ( 'NONE',  #534 ) ;
#2232 = VECTOR ( 'NONE', #1008, 1000.000000000000000 ) ;
#2233 = DIRECTION ( 'NONE',  ( 1.000000000000000000, 0.000000000000000000, 0.000000000000000000 ) ) ;
#2234 = VERTEX_POINT ( 'NONE', #4763 ) ;
#2235 = DIRECTION ( 'NONE',  ( 0.000000000000000000, 0.000000000000000000, 1.000000000000000000 ) ) ;
#2236 = CARTESIAN_POINT ( 'NONE',  ( 0.000000000000000000, -29.18181818181820475, 0.000000000000000000 ) ) ;
#2237 = CARTESIAN_POINT ( 'NONE',  ( 20.15983893288863982, -28.87779472403281034, 3.000000000000000444 ) ) ;
#2238 = ADVANCED_FACE ( 'NONE', ( #3268 ), #2700, .T. ) ;
#2239 = EDGE_CURVE ( 'NONE', #3433, #2799, #2308, .T. ) ;
#2240 = CARTESIAN_POINT ( 'NONE',  ( 53.27272727272725916, -36.18181818181820120, 0.6249999999999916733 ) ) ;
#2241 = ORIENTED_EDGE ( 'NONE', *, *, #3956, .F. ) ;
#2242 = ORIENTED_EDGE ( 'NONE', *, *, #2301, .F. ) ;
#2243 = CARTESIAN_POINT ( 'NONE',  ( -47.22727272727274794, -38.18181818181820830, 0.6210940505391644439 ) ) ;
#2244 = FACE_OUTER_BOUND ( 'NONE', #4251, .T. ) ;
#2245 = CARTESIAN_POINT ( 'NONE',  ( -46.87727272727275363, -32.33181818181820688, 3.000000000000000000 ) ) ;
#2246 = ORIENTED_EDGE ( 'NONE', *, *, #2255, .F. ) ;
#2247 = ORIENTED_EDGE ( 'NONE', *, *, #3572, .F. ) ;
#2248 = LINE ( 'NONE', #1877, #3073 ) ;
#2249 = DIRECTION ( 'NONE',  ( -1.000000000000000000, -0.000000000000000000, -0.000000000000000000 ) ) ;
#2250 = VERTEX_POINT ( 'NONE', #1963 ) ;
#2251 = VECTOR ( 'NONE', #2173, 1000.000000000000000 ) ;
#2252 = DIRECTION ( 'NONE',  ( 0.000000000000000000, -1.000000000000000000, 0.000000000000000000 ) ) ;
#2253 = CARTESIAN_POINT ( 'NONE',  ( -42.87727272727274652, 22.40434628038717690, -4.336808689942017736E-16 ) ) ;
#2254 = CARTESIAN_POINT ( 'NONE',  ( 45.42272727272725064, -32.33181818181820688, -4.336808689942017736E-16 ) ) ;
#2255 = EDGE_CURVE ( 'NONE', #248, #3062, #4705, .T. ) ;
#2256 = ADVANCED_FACE ( 'NONE', ( #3938 ), #3154, .T. ) ;
#2257 = ORIENTED_EDGE ( 'NONE', *, *, #2090, .T. ) ;
#2258 = CARTESIAN_POINT ( 'NONE',  ( -2.210971502885780371, -27.79117630743208167, 0.000000000000000000 ) ) ;
#2259 = CARTESIAN_POINT ( 'NONE',  ( -3.540907272631778291, -28.36088815180092482, 0.000000000000000000 ) ) ;
#2260 = VECTOR ( 'NONE', #4168, 1000.000000000000000 ) ;
#2261 = CARTESIAN_POINT ( 'NONE',  ( 21.40639170404644176, -27.95748424752333250, 0.000000000000000000 ) ) ;
#2262 = EDGE_CURVE ( 'NONE', #2299, #977, #863, .T. ) ;
#2263 = CARTESIAN_POINT ( 'NONE',  ( 19.49771070044147692, -27.66913882346345943, 0.000000000000000000 ) ) ;
#2264 = ORIENTED_EDGE ( 'NONE', *, *, #2900, .F. ) ;
#2265 = ORIENTED_EDGE ( 'NONE', *, *, #4417, .F. ) ;
#2266 = CARTESIAN_POINT ( 'NONE',  ( 12.69868080053708326, -25.23588238228885672, 3.000000000000000000 ) ) ;
#2267 = CARTESIAN_POINT ( 'NONE',  ( -1.970221316283921276, -28.01446746293061807, 3.000000000000000000 ) ) ;
#2268 = CARTESIAN_POINT ( 'NONE',  ( 13.83817366925052106, -25.73977562477788794, 3.000000000000000000 ) ) ;
#2269 = EDGE_LOOP ( 'NONE', ( #4690, #2975, #3082, #2643 ) ) ;
#2270 = ORIENTED_EDGE ( 'NONE', *, *, #3896, .T. ) ;
#2271 = VERTEX_POINT ( 'NONE', #1745 ) ;
#2272 = DIRECTION ( 'NONE',  ( 1.000000000000000000, 0.000000000000000000, 0.000000000000000000 ) ) ;
#2273 = CARTESIAN_POINT ( 'NONE',  ( -45.42727272727275079, -6.031818181818208835, 0.000000000000000000 ) ) ;
#2274 = ORIENTED_EDGE ( 'NONE', *, *, #3413, .F. ) ;
#2275 = DIRECTION ( 'NONE',  ( 0.000000000000000000, 0.000000000000000000, -1.000000000000000000 ) ) ;
#2276 = LINE ( 'NONE', #3411, #1150 ) ;
#2277 = DIRECTION ( 'NONE',  ( -0.3817936777328464482, 0.9242475791925165440, 0.000000000000000000 ) ) ;
#2278 = ADVANCED_FACE ( 'NONE', ( #498 ), #978, .T. ) ;
#2279 = CARTESIAN_POINT ( 'NONE',  ( 19.96209367874635277, -23.58240751221184794, 0.000000000000000000 ) ) ;
#2280 = CIRCLE ( 'NONE', #15, 1.000000000000000000 ) ;
#2281 = VERTEX_POINT ( 'NONE', #951 ) ;
#2282 = CARTESIAN_POINT ( 'NONE',  ( -4.349142150120222539, -29.18181818181820475, 3.000000000000000000 ) ) ;
#2283 = CARTESIAN_POINT ( 'NONE',  ( -0.000000000000000000, 10.06818181818179525, 3.000000000000000000 ) ) ;
#2284 = EDGE_CURVE ( 'NONE', #2693, #2459, #3367, .T. ) ;
#2285 = CARTESIAN_POINT ( 'NONE',  ( 18.16003079994551328, -29.37285344355629846, 0.000000000000000000 ) ) ;
#2286 = DIRECTION ( 'NONE',  ( 1.014458173085851845E-16, -1.000000000000000000, 0.000000000000000000 ) ) ;
#2287 = ORIENTED_EDGE ( 'NONE', *, *, #4151, .F. ) ;
#2288 = ORIENTED_EDGE ( 'NONE', *, *, #1999, .F. ) ;
#2289 = DIRECTION ( 'NONE',  ( -0.000000000000000000, -0.000000000000000000, 1.000000000000000000 ) ) ;
#2290 = VECTOR ( 'NONE', #1790, 1000.000000000000000 ) ;
#2291 = VECTOR ( 'NONE', #944, 1000.000000000000000 ) ;
#2292 = EDGE_CURVE ( 'NONE', #36, #4580, #2589, .T. ) ;
#2293 = EDGE_CURVE ( 'NONE', #3699, #898, #1343, .T. ) ;
#2294 = DIRECTION ( 'NONE',  ( -0.3825642979791225584, -0.9239288705910975175, 0.000000000000000000 ) ) ;
#2295 = CARTESIAN_POINT ( 'NONE',  ( -2.408076735743323482, -27.68734295482419938, 0.000000000000000000 ) ) ;
#2296 = AXIS2_PLACEMENT_3D ( 'NONE', #1651, #3253, #4863 ) ;
#2297 = CARTESIAN_POINT ( 'NONE',  ( -24.52727272727274865, 9.068181818181795251, 0.000000000000000000 ) ) ;
#2298 = ORIENTED_EDGE ( 'NONE', *, *, #3795, .F. ) ;
#2299 = VERTEX_POINT ( 'NONE', #474 ) ;
#2300 = CARTESIAN_POINT ( 'NONE',  ( -2.687016081744146412, -29.27679681429683711, 0.000000000000000000 ) ) ;
#2301 = EDGE_CURVE ( 'NONE', #4672, #893, #4106, .T. ) ;
#2302 = CARTESIAN_POINT ( 'NONE',  ( 19.35927295919319846, -27.74684398790558504, 3.000000000000000444 ) ) ;
#2303 = ORIENTED_EDGE ( 'NONE', *, *, #3634, .F. ) ;
#2304 = DIRECTION ( 'NONE',  ( -1.000000000000000000, 0.000000000000000000, 0.000000000000000000 ) ) ;
#2305 = LINE ( 'NONE', #4703, #737 ) ;
#2306 = VECTOR ( 'NONE', #1704, 1000.000000000000000 ) ;
#2307 = LINE ( 'NONE', #1938, #3232 ) ;
#2308 = LINE ( 'NONE', #1988, #5088 ) ;
#2309 = B_SPLINE_SURFACE_WITH_KNOTS ( 'NONE', 3, 1, ( 
 ( #180, #4998 ),
 ( #3387, #3333 ),
 ( #1674, #4552 ),
 ( #913, #597 ),
 ( #1387, #2994 ),
 ( #4602, #4947 ),
 ( #2093, #2206 ),
 ( #2494, #3695 ),
 ( #4924, #1309 ),
 ( #2520, #1334 ),
 ( #4146, #2150 ),
 ( #1105, #3953 ),
 ( #31, #4375 ),
 ( #374, #3608 ),
 ( #1609, #4353 ),
 ( #767, #4403 ),
 ( #4006, #3631 ) ),
 .UNSPECIFIED., .F., .F., .F.,
 ( 4, 1, 1, 1, 1, 1, 1, 1, 1, 1, 1, 1, 1, 1, 4 ),
 ( 2, 2 ),
 ( 0.000000000000000000, 0.1249433514720557636, 0.1851546275688351617, 0.2449530597302929658, 0.3046370852439636567, 0.3653094530028209719, 0.4273206974333891295, 0.4914658579467119370, 0.5557986235221399340, 0.6188444898864642330, 0.6810443935384538072, 0.7428975313692780524, 0.8053431801292691983, 0.8685490246257749902, 1.000000000000000000 ),
 ( 0.000000000000000000, 1.000000000000000000 ),
 .UNSPECIFIED. ) ;
#2310 = VECTOR ( 'NONE', #2858, 1000.000000000000000 ) ;
#2311 = ORIENTED_EDGE ( 'NONE', *, *, #4900, .T. ) ;
#2312 = LINE ( 'NONE', #1990, #4738 ) ;
#2313 = AXIS2_PLACEMENT_3D ( 'NONE', #4293, #4321, #715 ) ;
#2314 = VECTOR ( 'NONE', #1789, 1000.000000000000000 ) ;
#2315 = LINE ( 'NONE', #390, #516 ) ;
#2316 = LINE ( 'NONE', #4062, #1184 ) ;
#2317 = VECTOR ( 'NONE', #4854, 1000.000000000000000 ) ;
#2318 = ORIENTED_EDGE ( 'NONE', *, *, #3009, .T. ) ;
#2319 = ORIENTED_EDGE ( 'NONE', *, *, #2833, .F. ) ;
#2320 = CARTESIAN_POINT ( 'NONE',  ( -6.177272727272750785, 9.068181818181795251, 0.000000000000000000 ) ) ;
#2321 = CARTESIAN_POINT ( 'NONE',  ( -28.62727272727275007, 8.268181818181796316, 0.000000000000000000 ) ) ;
#2322 = DIRECTION ( 'NONE',  ( -0.000000000000000000, -0.000000000000000000, 1.000000000000000000 ) ) ;
#2323 = CARTESIAN_POINT ( 'NONE',  ( 17.83258959906850194, -21.58557717688984212, 3.000000000000000444 ) ) ;
#2324 = ADVANCED_FACE ( 'NONE', ( #4982 ), #2977, .T. ) ;
#2325 = EDGE_CURVE ( 'NONE', #2281, #2350, #4489, .T. ) ;
#2326 = ORIENTED_EDGE ( 'NONE', *, *, #756, .T. ) ;
#2327 = VERTEX_POINT ( 'NONE', #86 ) ;
#2328 = ORIENTED_EDGE ( 'NONE', *, *, #1549, .T. ) ;
#2329 = DIRECTION ( 'NONE',  ( 0.000000000000000000, 0.000000000000000000, -1.000000000000000000 ) ) ;
#2330 = CARTESIAN_POINT ( 'NONE',  ( -2.575570744292555947, -29.27719621011705797, 0.000000000000000000 ) ) ;
#2331 = VECTOR ( 'NONE', #2354, 1000.000000000000000 ) ;
#2332 = LINE ( 'NONE', #2225, #1116 ) ;
#2333 = EDGE_LOOP ( 'NONE', ( #2139, #2709, #4135, #1861 ) ) ;
#2334 = CARTESIAN_POINT ( 'NONE',  ( -5.980103354714234598, -29.18181818181820475, 3.000000000000000000 ) ) ;
#2335 = DIRECTION ( 'NONE',  ( 0.5775330207590764209, -0.8163673253706913435, 0.000000000000000000 ) ) ;
#2336 = DIRECTION ( 'NONE',  ( -0.000000000000000000, -0.000000000000000000, 1.000000000000000000 ) ) ;
#2337 = CARTESIAN_POINT ( 'NONE',  ( 12.40373272038964636, -23.98270142607199062, 0.000000000000000000 ) ) ;
#2338 = CARTESIAN_POINT ( 'NONE',  ( -20.14230788195782296, -29.18181818181820475, 0.000000000000000000 ) ) ;
#2339 = VECTOR ( 'NONE', #4381, 1000.000000000000000 ) ;
#2340 = CARTESIAN_POINT ( 'NONE',  ( -48.72727272727274794, -36.18181818181820120, 2.375000000000003997 ) ) ;
#2341 = CARTESIAN_POINT ( 'NONE',  ( 1.397065114837045652, 0.000000000000000000, 0.000000000000000000 ) ) ;
#2342 = CARTESIAN_POINT ( 'NONE',  ( 0.000000000000000000, -21.77348484848487331, 0.000000000000000000 ) ) ;
#2343 = CARTESIAN_POINT ( 'NONE',  ( 15.97000837000925344, -28.94951731725938870, 3.000000000000000444 ) ) ;
#2344 = ORIENTED_EDGE ( 'NONE', *, *, #4288, .F. ) ;
#2345 = CARTESIAN_POINT ( 'NONE',  ( -1.970221316283921276, -28.01446746293061807, 3.000000000000000000 ) ) ;
#2346 = CARTESIAN_POINT ( 'NONE',  ( -6.177272727272748121, -6.031818181818207059, 0.000000000000000000 ) ) ;
#2347 = DIRECTION ( 'NONE',  ( 1.000000000000000000, 0.000000000000000000, 0.000000000000000000 ) ) ;
#2348 = CARTESIAN_POINT ( 'NONE',  ( 13.91066316326208252, -24.66919994463619048, -4.336808689942017736E-16 ) ) ;
#2349 = ORIENTED_EDGE ( 'NONE', *, *, #4770, .T. ) ;
#2350 = VERTEX_POINT ( 'NONE', #1291 ) ;
#2351 = CARTESIAN_POINT ( 'NONE',  ( 8.272727272727246728, -6.031818181818207059, 0.000000000000000000 ) ) ;
#2352 = EDGE_CURVE ( 'NONE', #3342, #1901, #2904, .T. ) ;
#2353 = DATE_AND_TIME ( #1931, #817 ) ;
#2354 = DIRECTION ( 'NONE',  ( -0.000000000000000000, -0.000000000000000000, -1.000000000000000000 ) ) ;
#2355 = CARTESIAN_POINT ( 'NONE',  ( -0.1225930048210713275, 0.000000000000000000, 0.000000000000000000 ) ) ;
#2356 = ORIENTED_EDGE ( 'NONE', *, *, #4518, .T. ) ;
#2357 = CYLINDRICAL_SURFACE ( 'NONE', #2966, 1.000000000000000888 ) ;
#2358 = DATE_AND_TIME ( #4360, #3590 ) ;
#2359 = CARTESIAN_POINT ( 'NONE',  ( 53.27272727272725916, -36.18181818181820120, 0.6249999999999916733 ) ) ;
#2360 = ADVANCED_FACE ( 'NONE', ( #2244 ), #2216, .F. ) ;
#2361 = LINE ( 'NONE', #3881, #1890 ) ;
#2362 = PLANE ( 'NONE',  #348 ) ;
#2363 = CARTESIAN_POINT ( 'NONE',  ( 17.83116511418380412, -22.91419093338411272, 2.999999999999999556 ) ) ;
#2364 = DIRECTION ( 'NONE',  ( 1.000000000000000000, 0.000000000000000000, 0.000000000000000000 ) ) ;
#2365 = PLANE ( 'NONE',  #3314 ) ;
#2366 = AXIS2_PLACEMENT_3D ( 'NONE', #2746, #4433, #3169 ) ;
#2367 = EDGE_LOOP ( 'NONE', ( #3147, #1848, #2584, #2937 ) ) ;
#2368 = VERTEX_POINT ( 'NONE', #1025 ) ;
#2369 = CARTESIAN_POINT ( 'NONE',  ( 15.35892408919602126, -25.46281110382675195, -4.336808689942017736E-16 ) ) ;
#2370 = VECTOR ( 'NONE', #4693, 1000.000000000000000 ) ;
#2371 = PLANE ( 'NONE',  #1951 ) ;
#2372 = DIRECTION ( 'NONE',  ( -1.014458173085851969E-16, -1.000000000000000000, 0.000000000000000000 ) ) ;
#2373 = LINE ( 'NONE', #3526, #1270 ) ;
#2374 = ORIENTED_EDGE ( 'NONE', *, *, #2802, .F. ) ;
#2375 = VECTOR ( 'NONE', #758, 1000.000000000000000 ) ;
#2376 = ORIENTED_EDGE ( 'NONE', *, *, #3572, .T. ) ;
#2377 = CARTESIAN_POINT ( 'NONE',  ( -27.62727272727275007, 0.000000000000000000, 3.000000000000000000 ) ) ;
#2378 = LINE ( 'NONE', #378, #2331 ) ;
#2379 = ORIENTED_EDGE ( 'NONE', *, *, #4900, .F. ) ;
#2380 = CARTESIAN_POINT ( 'NONE',  ( -24.52727272727274155, -6.031818181818207947, 0.000000000000000000 ) ) ;
#2381 = DIRECTION ( 'NONE',  ( 0.3562582963608121323, 0.9343875139759155735, 0.000000000000000000 ) ) ;
#2382 = LINE ( 'NONE', #1566, #2310 ) ;
#2383 = DIRECTION ( 'NONE',  ( 1.000000000000000000, 0.000000000000000000, 0.000000000000000000 ) ) ;
#2384 = LINE ( 'NONE', #2338, #2533 ) ;
#2385 = EDGE_CURVE ( 'NONE', #1560, #2109, #1400, .T. ) ;
#2386 = EDGE_CURVE ( 'NONE', #3271, #869, #685, .T. ) ;
#2387 = CIRCLE ( 'NONE', #2978, 2.000000000000001776 ) ;
#2388 = CARTESIAN_POINT ( 'NONE',  ( 5.641125131644399993, -22.71804888200396277, 3.000000000000000000 ) ) ;
#2389 = CARTESIAN_POINT ( 'NONE',  ( -48.72727272727274794, 26.81818181818179525, 3.000000000000000000 ) ) ;
#2390 = CARTESIAN_POINT ( 'NONE',  ( 17.99903326387550706, -29.37177544677546592, 3.000000000000000444 ) ) ;
#2391 = VECTOR ( 'NONE', #879, 1000.000000000000114 ) ;
#2392 = EDGE_LOOP ( 'NONE', ( #2241, #530, #2535, #2432 ) ) ;
#2393 = VECTOR ( 'NONE', #2602, 1000.000000000000000 ) ;
#2394 = VERTEX_POINT ( 'NONE', #1100 ) ;
#2395 = AXIS2_PLACEMENT_3D ( 'NONE', #3464, #2605, #675 ) ;
#2396 = LINE ( 'NONE', #833, #4743 ) ;
#2397 = VECTOR ( 'NONE', #1082, 1000.000000000000000 ) ;
#2398 = EDGE_CURVE ( 'NONE', #4789, #1737, #269, .T. ) ;
#2399 = CARTESIAN_POINT ( 'NONE',  ( -21.36070565172278179, -21.77348484848487331, 0.000000000000000000 ) ) ;
#2400 = EDGE_CURVE ( 'NONE', #997, #3267, #3084, .T. ) ;
#2401 = CARTESIAN_POINT ( 'NONE',  ( -44.42727272727275079, -6.031818181818208835, 0.000000000000000000 ) ) ;
#2402 = CARTESIAN_POINT ( 'NONE',  ( 15.42277354373205434, -22.38875660985511118, 3.000000000000000444 ) ) ;
#2403 = ORIENTED_EDGE ( 'NONE', *, *, #4261, .T. ) ;
#2404 = ORIENTED_EDGE ( 'NONE', *, *, #2770, .T. ) ;
#2405 = B_SPLINE_CURVE_WITH_KNOTS ( 'NONE', 3,
 ( #4880, #2217, #1771, #1448, #270, #4242, #2691, #1873, #4214, #3007, #1798, #1001, #686, #3817, #4294, #2268, #3368 ),
 .UNSPECIFIED., .F., .F.,
 ( 4, 1, 1, 1, 1, 1, 1, 1, 1, 1, 1, 1, 1, 1, 4 ),
 ( 0.000000000000000000, 0.1368472313417241626, 0.2017811682291447417, 0.2646978383516463418, 0.3264063801028042611, 0.3875236713622445817, 0.4488753429192631761, 0.5107131055148141918, 0.5722017419844933617, 0.6321679052969794155, 0.6916173110725529760, 0.7508275302536946416, 0.8105907648441200708, 0.8716055069175260295, 1.000000000000000000 ),
 .UNSPECIFIED. ) ;
#2406 = CARTESIAN_POINT ( 'NONE',  ( -27.29804908690261200, -10.40081918335111588, 0.000000000000000000 ) ) ;
#2407 = DIRECTION ( 'NONE',  ( 0.3560282033151483394, -0.9344752101817295209, 0.000000000000000000 ) ) ;
#2408 = ORIENTED_EDGE ( 'NONE', *, *, #914, .F. ) ;
#2409 = EDGE_LOOP ( 'NONE', ( #646, #3245, #1047, #2686 ) ) ;
#2410 = CARTESIAN_POINT ( 'NONE',  ( 14.04252431123885714, -24.17500107106741325, -4.336808689942017736E-16 ) ) ;
#2411 = CARTESIAN_POINT ( 'NONE',  ( -25.52727272727274510, -1.035854018190936097E-14, 0.000000000000000000 ) ) ;
#2412 = ADVANCED_FACE ( 'NONE', ( #3471 ), #1886, .T. ) ;
#2413 = LINE ( 'NONE', #4034, #4556 ) ;
#2414 = CARTESIAN_POINT ( 'NONE',  ( 16.52645777809026484, -23.32382987556870191, 2.999999999999999556 ) ) ;
#2415 = CARTESIAN_POINT ( 'NONE',  ( 19.66414185080420296, -21.87506090674776615, 3.000000000000000444 ) ) ;
#2416 = CARTESIAN_POINT ( 'NONE',  ( 13.91066316326208252, -24.66919994463619048, 2.999999999999999556 ) ) ;
#2417 = EDGE_CURVE ( 'NONE', #4271, #440, #2640, .T. ) ;
#2418 = CARTESIAN_POINT ( 'NONE',  ( -5.363637010085140489, 3.802602546536611783, 3.000000000000000000 ) ) ;
#2419 = ADVANCED_FACE ( 'NONE', ( #3111 ), #2690, .T. ) ;
#2420 = ORIENTED_EDGE ( 'NONE', *, *, #3487, .F. ) ;
#2421 = ORIENTED_EDGE ( 'NONE', *, *, #3932, .T. ) ;
#2422 = DIRECTION ( 'NONE',  ( -0.5774108952109301418, 0.8164537084805923994, 0.000000000000000000 ) ) ;
#2423 = EDGE_CURVE ( 'NONE', #4351, #1577, #1050, .T. ) ;
#2424 = CARTESIAN_POINT ( 'NONE',  ( -44.42727272727275079, -6.031818181818208835, 0.000000000000000000 ) ) ;
#2425 = DIRECTION ( 'NONE',  ( -0.000000000000000000, 0.000000000000000000, 1.000000000000000000 ) ) ;
#2426 = CARTESIAN_POINT ( 'NONE',  ( 5.456735650293810025, -22.90060314001530273, 2.999999999999999556 ) ) ;
#2427 = ORIENTED_EDGE ( 'NONE', *, *, #1742, .F. ) ;
#2428 = EDGE_LOOP ( 'NONE', ( #4769, #3924, #1505, #1895 ) ) ;
#2429 = CARTESIAN_POINT ( 'NONE',  ( -7.177272727272749009, -1.456208595729604738E-15, 3.000000000000000000 ) ) ;
#2430 = CARTESIAN_POINT ( 'NONE',  ( 15.35892408919602126, -25.46281110382675195, -4.336808689942017736E-16 ) ) ;
#2431 = VERTEX_POINT ( 'NONE', #4212 ) ;
#2432 = ORIENTED_EDGE ( 'NONE', *, *, #3413, .T. ) ;
#2433 = FACE_OUTER_BOUND ( 'NONE', #167, .T. ) ;
#2434 = CARTESIAN_POINT ( 'NONE',  ( 15.35892408919602126, -25.46281110382675195, -4.336808689942017736E-16 ) ) ;
#2435 = DIRECTION ( 'NONE',  ( -0.000000000000000000, -0.000000000000000000, 1.000000000000000000 ) ) ;
#2436 = CARTESIAN_POINT ( 'NONE',  ( 0.000000000000000000, -29.18181818181820475, 0.000000000000000000 ) ) ;
#2437 = CARTESIAN_POINT ( 'NONE',  ( 8.584276319431058511, -21.58352758352760148, 3.000000000000000000 ) ) ;
#2438 = CARTESIAN_POINT ( 'NONE',  ( 20.10971143494082725, -22.06643229989806443, 3.000000000000000444 ) ) ;
#2439 = B_SPLINE_CURVE_WITH_KNOTS ( 'NONE', 3,
 ( #2098, #4899, #4178, #3310, #2972, #862, #4511, #971, #3754, #157, #2472, #1312, #55, #1283, #2497, #1680, #4101 ),
 .UNSPECIFIED., .F., .F.,
 ( 4, 1, 1, 1, 1, 1, 1, 1, 1, 1, 1, 1, 1, 1, 4 ),
 ( 0.000000000000000000, 0.1490375848538822157, 0.2185348239973460838, 0.2856287703758465524, 0.3493423083896623482, 0.4101553628377651028, 0.4689535931473927666, 0.5248551352576829032, 0.5803167174177098486, 0.6363864506466456739, 0.6933286850164632753, 0.7519574112603580884, 0.8117241633569335368, 0.8726968835422423965, 1.000000000000000000 ),
 .UNSPECIFIED. ) ;
#2440 = LINE ( 'NONE', #3620, #1637 ) ;
#2441 = CARTESIAN_POINT ( 'NONE',  ( 1.397065114837045652, -27.85211732711734811, 0.000000000000000000 ) ) ;
#2442 = ORIENTED_EDGE ( 'NONE', *, *, #3503, .F. ) ;
#2443 = DIRECTION ( 'NONE',  ( 1.000000000000000000, 3.469446951953614189E-17, 0.000000000000000000 ) ) ;
#2444 = EDGE_CURVE ( 'NONE', #621, #3800, #5036, .T. ) ;
#2445 = CARTESIAN_POINT ( 'NONE',  ( 49.77272727272725206, -38.18181818181820830, 2.378905949460850433 ) ) ;
#2446 = VECTOR ( 'NONE', #4161, 1000.000000000000000 ) ;
#2447 = LINE ( 'NONE', #3655, #4729 ) ;
#2448 = CARTESIAN_POINT ( 'NONE',  ( -22.96495411593218350, -21.77348484848487331, 0.000000000000000000 ) ) ;
#2449 = CARTESIAN_POINT ( 'NONE',  ( 19.88884502780965846, -21.96645332990826560, 4.336808689942017736E-16 ) ) ;
#2450 = ORIENTED_EDGE ( 'NONE', *, *, #4770, .F. ) ;
#2451 = EDGE_CURVE ( 'NONE', #4043, #3901, #1425, .T. ) ;
#2452 = EDGE_LOOP ( 'NONE', ( #426, #115, #4157, #3371 ) ) ;
#2453 = VECTOR ( 'NONE', #581, 1000.000000000000000 ) ;
#2454 = VECTOR ( 'NONE', #443, 1000.000000000000000 ) ;
#2455 = ADVANCED_FACE ( 'NONE', ( #4637 ), #3842, .T. ) ;
#2456 = CARTESIAN_POINT ( 'NONE',  ( 12.02950583411936236, -27.66093842029706806, -4.336808689942017736E-16 ) ) ;
#2457 = CARTESIAN_POINT ( 'NONE',  ( 32.74001383278575616, 0.000000000000000000, 0.000000000000000000 ) ) ;
#2458 = CARTESIAN_POINT ( 'NONE',  ( -14.07511920442089171, -5.873091607133155811, 0.000000000000000000 ) ) ;
#2459 = VERTEX_POINT ( 'NONE', #4267 ) ;
#2460 = ORIENTED_EDGE ( 'NONE', *, *, #4741, .T. ) ;
#2461 = CARTESIAN_POINT ( 'NONE',  ( -50.72727272727275505, 26.81818181818179525, 0.6250000000000001110 ) ) ;
#2462 = LINE ( 'NONE', #458, #457 ) ;
#2463 = CC_DESIGN_PERSON_AND_ORGANIZATION_ASSIGNMENT ( #5120, #1158, ( #4853 ) ) ;
#2464 = CARTESIAN_POINT ( 'NONE',  ( 15.54912039799451406, -26.49444713658017747, 3.000000000000000000 ) ) ;
#2465 = CARTESIAN_POINT ( 'NONE',  ( 25.43259529646097761, -21.77348484848487331, 0.000000000000000000 ) ) ;
#2466 = CARTESIAN_POINT ( 'NONE',  ( -31.75047762020568598, 0.000000000000000000, 0.000000000000000000 ) ) ;
#2467 = CARTESIAN_POINT ( 'NONE',  ( 0.000000000000000000, -38.18181818181820830, 0.000000000000000000 ) ) ;
#2468 = FACE_OUTER_BOUND ( 'NONE', #3742, .T. ) ;
#2469 = CARTESIAN_POINT ( 'NONE',  ( 14.28944459158294578, -27.36891682910648882, 0.000000000000000000 ) ) ;
#2470 = ORIENTED_EDGE ( 'NONE', *, *, #834, .F. ) ;
#2471 = CARTESIAN_POINT ( 'NONE',  ( 10.17800443509295150, -29.09817345628381702, 2.999999999999999556 ) ) ;
#2472 = CARTESIAN_POINT ( 'NONE',  ( 19.36220189962222804, -29.19983828312887297, 3.000000000000000000 ) ) ;
#2473 = AXIS2_PLACEMENT_3D ( 'NONE', #4327, #722, #2329 ) ;
#2474 = CARTESIAN_POINT ( 'NONE',  ( -44.42727272727275079, -7.031818181818208835, 0.000000000000000000 ) ) ;
#2475 = DIRECTION ( 'NONE',  ( -4.470936793754658524E-18, 0.000000000000000000, -1.000000000000000000 ) ) ;
#2476 = CARTESIAN_POINT ( 'NONE',  ( 6.502818201292053679, -22.10345283806526950, 2.999999999999999556 ) ) ;
#2477 = AXIS2_PLACEMENT_3D ( 'NONE', #1914, #2754, #2383 ) ;
#2478 = VERTEX_POINT ( 'NONE', #2713 ) ;
#2479 = EDGE_LOOP ( 'NONE', ( #84, #3913 ) ) ;
#2480 = CARTESIAN_POINT ( 'NONE',  ( -44.42727272727275079, 8.268181818181796316, 0.000000000000000000 ) ) ;
#2481 = ADVANCED_FACE ( 'NONE', ( #396 ), #4773, .T. ) ;
#2482 = EDGE_CURVE ( 'NONE', #1077, #4235, #5168, .T. ) ;
#2483 = LINE ( 'NONE', #114, #1521 ) ;
#2484 = VERTEX_POINT ( 'NONE', #444 ) ;
#2485 = ORIENTED_EDGE ( 'NONE', *, *, #934, .F. ) ;
#2486 = CARTESIAN_POINT ( 'NONE',  ( 0.000000000000000000, -27.85211732711734811, 0.000000000000000000 ) ) ;
#2487 = LINE ( 'NONE', #957, #712 ) ;
#2488 = ADVANCED_FACE ( 'NONE', ( #4457 ), #4002, .F. ) ;
#2489 = DIRECTION ( 'NONE',  ( 0.000000000000000000, -1.000000000000000000, 0.000000000000000000 ) ) ;
#2490 = CARTESIAN_POINT ( 'NONE',  ( -3.293837507947905419, -27.89251255513019245, 0.000000000000000000 ) ) ;
#2491 = CARTESIAN_POINT ( 'NONE',  ( 14.28944459158294578, -27.36891682910648882, 0.000000000000000000 ) ) ;
#2492 = CARTESIAN_POINT ( 'NONE',  ( 14.04252431123885714, -24.17500107106741325, 2.999999999999999556 ) ) ;
#2493 = CARTESIAN_POINT ( 'NONE',  ( 18.22799572452803218, -22.91278985233034504, 0.000000000000000000 ) ) ;
#2494 = CARTESIAN_POINT ( 'NONE',  ( 11.78402748333366645, -27.96638695051469625, -4.336808689942017736E-16 ) ) ;
#2495 = EDGE_LOOP ( 'NONE', ( #4493, #709, #981, #3907 ) ) ;
#2496 = DIRECTION ( 'NONE',  ( 0.000000000000000000, -1.000000000000000000, 0.000000000000000000 ) ) ;
#2497 = CARTESIAN_POINT ( 'NONE',  ( 18.39798050777607230, -29.36218958919527466, 3.000000000000000000 ) ) ;
#2498 = CARTESIAN_POINT ( 'NONE',  ( 8.584276319431060287, -21.58352758352760503, 0.000000000000000000 ) ) ;
#2499 = CARTESIAN_POINT ( 'NONE',  ( 8.584276319431060287, -21.58352758352760503, 3.000000000000000000 ) ) ;
#2500 = ORIENTED_EDGE ( 'NONE', *, *, #1134, .F. ) ;
#2501 = ORIENTED_EDGE ( 'NONE', *, *, #1449, .T. ) ;
#2502 = VECTOR ( 'NONE', #4473, 1000.000000000000000 ) ;
#2503 = EDGE_CURVE ( 'NONE', #4744, #23, #2765, .T. ) ;
#2504 = CARTESIAN_POINT ( 'NONE',  ( 11.77263753712580296, -23.00774704499161771, 0.000000000000000000 ) ) ;
#2505 = CARTESIAN_POINT ( 'NONE',  ( -50.72727272727275505, 26.81818181818179525, 2.375000000000000000 ) ) ;
#2506 = CARTESIAN_POINT ( 'NONE',  ( -28.67999651710739428, -21.77348484848487331, 3.000000000000000000 ) ) ;
#2507 = ORIENTED_EDGE ( 'NONE', *, *, #3505, .T. ) ;
#2508 = ORIENTED_EDGE ( 'NONE', *, *, #4162, .F. ) ;
#2509 = CARTESIAN_POINT ( 'NONE',  ( 18.01980983973020756, -21.58352758352760503, -4.336808689942017736E-16 ) ) ;
#2510 = EDGE_CURVE ( 'NONE', #290, #1511, #2820, .T. ) ;
#2511 = DIRECTION ( 'NONE',  ( 0.000000000000000000, -1.000000000000000000, 0.000000000000000000 ) ) ;
#2512 = DIRECTION ( 'NONE',  ( 0.5782009118852555751, 0.8158944205563970486, 0.000000000000000000 ) ) ;
#2513 = CARTESIAN_POINT ( 'NONE',  ( 4.510217583376977757, -24.70152719299022337, -4.336808689942017736E-16 ) ) ;
#2514 = ORIENTED_EDGE ( 'NONE', *, *, #42, .F. ) ;
#2515 = ADVANCED_FACE ( 'NONE', ( #1125 ), #4756, .T. ) ;
#2516 = CARTESIAN_POINT ( 'NONE',  ( -47.22727272727274794, -38.18181818181820830, 0.6210940505391644439 ) ) ;
#2517 = CARTESIAN_POINT ( 'NONE',  ( -27.62727272727275007, 7.268181818181796316, 0.000000000000000000 ) ) ;
#2518 = FACE_OUTER_BOUND ( 'NONE', #2367, .T. ) ;
#2519 = LINE ( 'NONE', #1654, #460 ) ;
#2520 = CARTESIAN_POINT ( 'NONE',  ( 11.20050013553498758, -28.51405368804022800, -4.336808689942017736E-16 ) ) ;
#2521 = CARTESIAN_POINT ( 'NONE',  ( 14.72813412642179465, -27.99860959574430552, 3.000000000000000444 ) ) ;
#2522 = ORIENTED_EDGE ( 'NONE', *, *, #2482, .F. ) ;
#2523 = CARTESIAN_POINT ( 'NONE',  ( 8.594664607358415864, -29.37177544677546948, 0.000000000000000000 ) ) ;
#2524 = CARTESIAN_POINT ( 'NONE',  ( 3.581573661845596668, -27.85211732711734811, 0.000000000000000000 ) ) ;
#2525 = AXIS2_PLACEMENT_3D ( 'NONE', #1896, #1774, #4986 ) ;
#2526 = LINE ( 'NONE', #4930, #4641 ) ;
#2527 = DIRECTION ( 'NONE',  ( -0.000000000000000000, -0.000000000000000000, -1.000000000000000000 ) ) ;
#2528 = ORIENTED_EDGE ( 'NONE', *, *, #744, .F. ) ;
#2529 = ORIENTED_EDGE ( 'NONE', *, *, #2067, .F. ) ;
#2530 = CARTESIAN_POINT ( 'NONE',  ( 9.262123052412681190, -21.61679765755502203, 0.000000000000000000 ) ) ;
#2531 = CARTESIAN_POINT ( 'NONE',  ( 20.10971143494082725, -22.06643229989806443, -4.336808689942017736E-16 ) ) ;
#2532 = CARTESIAN_POINT ( 'NONE',  ( 19.27561112920650643, -23.17671486178612028, 3.000000000000000000 ) ) ;
#2533 = VECTOR ( 'NONE', #1941, 1000.000000000000000 ) ;
#2534 = ORIENTED_EDGE ( 'NONE', *, *, #1586, .F. ) ;
#2535 = ORIENTED_EDGE ( 'NONE', *, *, #5201, .T. ) ;
#2536 = DIRECTION ( 'NONE',  ( 1.000000000000000000, 0.000000000000000000, 0.000000000000000000 ) ) ;
#2537 = COORDINATED_UNIVERSAL_TIME_OFFSET ( 7, 0, .AHEAD. ) ;
#2538 = DIRECTION ( 'NONE',  ( -0.000000000000000000, -0.000000000000000000, 1.000000000000000000 ) ) ;
#2539 = DIRECTION ( 'NONE',  ( -1.000000000000000000, 0.000000000000000000, 0.000000000000000000 ) ) ;
#2540 = FACE_BOUND ( 'NONE', #1005, .T. ) ;
#2541 = CARTESIAN_POINT ( 'NONE',  ( -10.50642880877406249, -29.18181818181820475, 0.000000000000000000 ) ) ;
#2542 = VERTEX_POINT ( 'NONE', #5194 ) ;
#2543 = VECTOR ( 'NONE', #4630, 1000.000000000000000 ) ;
#2544 = AXIS2_PLACEMENT_3D ( 'NONE', #1201, #2018, #318 ) ;
#2545 = FACE_BOUND ( 'NONE', #5214, .T. ) ;
#2546 = DIRECTION ( 'NONE',  ( 1.000000000000000000, 0.000000000000000000, 0.000000000000000000 ) ) ;
#2547 = CARTESIAN_POINT ( 'NONE',  ( -6.177272727272750785, 10.06818181818179525, 3.000000000000000000 ) ) ;
#2548 = ADVANCED_FACE ( 'NONE', ( #1177 ), #2792, .F. ) ;
#2549 = ADVANCED_FACE ( 'NONE', ( #4398 ), #1229, .F. ) ;
#2550 = DIRECTION ( 'NONE',  ( -0.000000000000000000, -0.000000000000000000, 1.000000000000000000 ) ) ;
#2551 = ORIENTED_EDGE ( 'NONE', *, *, #941, .T. ) ;
#2552 = FACE_OUTER_BOUND ( 'NONE', #2269, .T. ) ;
#2553 = LINE ( 'NONE', #889, #3340 ) ;
#2554 = DIRECTION ( 'NONE',  ( 1.000000000000000000, 0.000000000000000000, 0.000000000000000000 ) ) ;
#2555 = FACE_OUTER_BOUND ( 'NONE', #859, .T. ) ;
#2556 = ORIENTED_EDGE ( 'NONE', *, *, #2417, .F. ) ;
#2557 = B_SPLINE_SURFACE_WITH_KNOTS ( 'NONE', 3, 1, ( 
 ( #2261, #4287 ),
 ( #5029, #993 ),
 ( #1419, #4631 ),
 ( #1442, #3051 ),
 ( #1019, #3886 ),
 ( #655, #4233 ),
 ( #631, #2237 ),
 ( #262, #4658 ),
 ( #3859, #3835 ),
 ( #1043, #1364 ),
 ( #5054, #3078 ),
 ( #3466, #5079 ),
 ( #287, #973 ),
 ( #1068, #1472 ),
 ( #2683, #678 ),
 ( #2285, #1892 ),
 ( #2973, #2390 ) ),
 .UNSPECIFIED., .F., .F., .F.,
 ( 4, 1, 1, 1, 1, 1, 1, 1, 1, 1, 1, 1, 1, 1, 4 ),
 ( 2, 2 ),
 ( 0.000000000000000000, 0.1490375848538822157, 0.2185348239973460838, 0.2856287703758465524, 0.3493423083896623482, 0.4101553628377651028, 0.4689535931473927666, 0.5248551352576829032, 0.5803167174177098486, 0.6363864506466456739, 0.6933286850164632753, 0.7519574112603580884, 0.8117241633569335368, 0.8726968835422423965, 1.000000000000000000 ),
 ( 0.000000000000000000, 1.000000000000000000 ),
 .UNSPECIFIED. ) ;
#2558 = EDGE_CURVE ( 'NONE', #3501, #4709, #796, .T. ) ;
#2559 = VECTOR ( 'NONE', #3724, 1000.000000000000000 ) ;
#2560 = CARTESIAN_POINT ( 'NONE',  ( 18.18038451081629603, -21.58325706529912935, -4.336808689942017736E-16 ) ) ;
#2561 = AXIS2_PLACEMENT_3D ( 'NONE', #5211, #3646, #4766 ) ;
#2562 = DIRECTION ( 'NONE',  ( -0.000000000000000000, -0.000000000000000000, 1.000000000000000000 ) ) ;
#2563 = ORIENTED_EDGE ( 'NONE', *, *, #2417, .T. ) ;
#2564 = EDGE_LOOP ( 'NONE', ( #2610, #3394, #224, #194 ) ) ;
#2565 = VECTOR ( 'NONE', #4719, 1000.000000000000000 ) ;
#2566 = DIRECTION ( 'NONE',  ( 0.000000000000000000, -0.000000000000000000, -1.000000000000000000 ) ) ;
#2567 = VECTOR ( 'NONE', #3076, 1000.000000000000000 ) ;
#2568 = CYLINDRICAL_SURFACE ( 'NONE', #1121, 2.000000000000001776 ) ;
#2569 = CARTESIAN_POINT ( 'NONE',  ( 15.36789589962640434, -25.76593120478492693, 3.000000000000000000 ) ) ;
#2570 = CARTESIAN_POINT ( 'NONE',  ( -3.511812411026287162, -28.73271876244334777, 3.000000000000000000 ) ) ;
#2571 = CARTESIAN_POINT ( 'NONE',  ( -2.687016081744146412, -27.66216006216008338, 3.000000000000000000 ) ) ;
#2572 = ORIENTED_EDGE ( 'NONE', *, *, #2129, .F. ) ;
#2573 = CARTESIAN_POINT ( 'NONE',  ( 16.33560606461194809, -29.10427599548136968, 0.000000000000000000 ) ) ;
#2574 = CARTESIAN_POINT ( 'NONE',  ( 0.000000000000000000, -21.77348484848487331, 0.000000000000000000 ) ) ;
#2575 = DIRECTION ( 'NONE',  ( -0.000000000000000000, 0.000000000000000000, 1.000000000000000000 ) ) ;
#2576 = DIRECTION ( 'NONE',  ( -0.000000000000000000, -0.000000000000000000, 1.000000000000000000 ) ) ;
#2577 = VERTEX_POINT ( 'NONE', #788 ) ;
#2578 = CARTESIAN_POINT ( 'NONE',  ( -26.09182878206465972, -25.43313028117718133, 0.000000000000000000 ) ) ;
#2579 = CARTESIAN_POINT ( 'NONE',  ( -48.72727272727274794, 26.81818181818179525, 2.375000000000003997 ) ) ;
#2580 = EDGE_CURVE ( 'NONE', #3976, #1600, #2821, .T. ) ;
#2581 = EDGE_CURVE ( 'NONE', #4980, #2234, #3627, .T. ) ;
#2582 = DIRECTION ( 'NONE',  ( 0.000000000000000000, -1.000000000000000000, 0.000000000000000000 ) ) ;
#2583 = CARTESIAN_POINT ( 'NONE',  ( 19.49771070044147692, -27.66913882346345943, 3.000000000000000000 ) ) ;
#2584 = ORIENTED_EDGE ( 'NONE', *, *, #9, .T. ) ;
#2585 = ORIENTED_EDGE ( 'NONE', *, *, #76, .F. ) ;
#2586 = EDGE_CURVE ( 'NONE', #784, #4580, #344, .T. ) ;
#2587 = EDGE_CURVE ( 'NONE', #5142, #954, #3165, .T. ) ;
#2588 = SECURITY_CLASSIFICATION ( '', '', #329 ) ;
#2589 = LINE ( 'NONE', #4590, #4835 ) ;
#2590 = CARTESIAN_POINT ( 'NONE',  ( 31.22035571312764546, -29.18181818181820475, 0.000000000000000000 ) ) ;
#2591 = LOCAL_TIME ( 23, 18, 53.00000000000000000, #2747 ) ;
#2592 = ORIENTED_EDGE ( 'NONE', *, *, #808, .T. ) ;
#2593 = ORIENTED_EDGE ( 'NONE', *, *, #4153, .T. ) ;
#2594 = ORIENTED_EDGE ( 'NONE', *, *, #3763, .F. ) ;
#2595 = CARTESIAN_POINT ( 'NONE',  ( 34.92452237979430407, -27.85211732711734811, 3.000000000000000000 ) ) ;
#2596 = DIRECTION ( 'NONE',  ( -0.000000000000000000, -0.000000000000000000, 1.000000000000000000 ) ) ;
#2597 = CARTESIAN_POINT ( 'NONE',  ( 4.855305645551164062, -23.74329322181462487, -4.336808689942017736E-16 ) ) ;
#2598 = VERTEX_POINT ( 'NONE', #4482 ) ;
#2599 = LINE ( 'NONE', #3878, #4488 ) ;
#2600 = CARTESIAN_POINT ( 'NONE',  ( 15.00054236670410468, -28.28007613751041305, 0.000000000000000000 ) ) ;
#2601 = DIRECTION ( 'NONE',  ( 0.3852453456739262649, 0.9228141869502098915, 0.000000000000000000 ) ) ;
#2602 = DIRECTION ( 'NONE',  ( 1.000000000000000000, 3.469446951953614189E-17, 0.000000000000000000 ) ) ;
#2603 = DIRECTION ( 'NONE',  ( 0.000000000000000000, 1.000000000000000000, 0.000000000000000000 ) ) ;
#2604 = ORIENTED_EDGE ( 'NONE', *, *, #3696, .F. ) ;
#2605 = DIRECTION ( 'NONE',  ( 1.000000000000000000, 0.000000000000000000, 0.000000000000000000 ) ) ;
#2606 = DIRECTION ( 'NONE',  ( 1.000000000000000000, 0.000000000000000000, 0.000000000000000000 ) ) ;
#2607 = PLANE ( 'NONE',  #2203 ) ;
#2608 = CARTESIAN_POINT ( 'NONE',  ( 18.55260321773233656, -28.01585985459744066, 3.000000000000000000 ) ) ;
#2609 = ORIENTED_EDGE ( 'NONE', *, *, #1086, .F. ) ;
#2610 = ORIENTED_EDGE ( 'NONE', *, *, #423, .T. ) ;
#2611 = FACE_OUTER_BOUND ( 'NONE', #3752, .T. ) ;
#2612 = CARTESIAN_POINT ( 'NONE',  ( -1.832208389436457141, -28.46651035596350354, 0.000000000000000000 ) ) ;
#2613 = CARTESIAN_POINT ( 'NONE',  ( 6.590900348217458848, -28.92728382100541751, 3.000000000000000000 ) ) ;
#2614 = ADVANCED_FACE ( 'NONE', ( #4874 ), #2871, .F. ) ;
#2615 = ADVANCED_FACE ( 'NONE', ( #57 ), #3946, .T. ) ;
#2616 = ORIENTED_EDGE ( 'NONE', *, *, #214, .T. ) ;
#2617 = ORIENTED_EDGE ( 'NONE', *, *, #4839, .F. ) ;
#2618 = DIRECTION ( 'NONE',  ( 1.000000000000000000, 0.000000000000000000, 0.000000000000000000 ) ) ;
#2619 = LINE ( 'NONE', #3014, #1382 ) ;
#2620 = CARTESIAN_POINT ( 'NONE',  ( 0.000000000000000000, -21.77348484848487331, 0.000000000000000000 ) ) ;
#2621 = AXIS2_PLACEMENT_3D ( 'NONE', #3225, #385, #3152 ) ;
#2622 = CARTESIAN_POINT ( 'NONE',  ( -1.832208389436457141, -28.46651035596350354, 0.000000000000000000 ) ) ;
#2623 = ORIENTED_EDGE ( 'NONE', *, *, #203, .T. ) ;
#2624 = AXIS2_PLACEMENT_3D ( 'NONE', #445, #4103, #3734 ) ;
#2625 = FACE_OUTER_BOUND ( 'NONE', #1381, .T. ) ;
#2626 = VECTOR ( 'NONE', #494, 1000.000000000000000 ) ;
#2627 = ADVANCED_FACE ( 'NONE', ( #2671 ), #666, .F. ) ;
#2628 = CARTESIAN_POINT ( 'NONE',  ( 37.12272727272726058, 11.81818181818179703, 3.000000000000000000 ) ) ;
#2629 = B_SPLINE_CURVE_WITH_KNOTS ( 'NONE', 3,
 ( #236, #1392, #5052, #2258, #2996, #4604, #259, #360, #386 ),
 .UNSPECIFIED., .F., .F.,
 ( 4, 1, 1, 1, 1, 1, 4 ),
 ( 0.000000000000000000, 0.2564369794225768162, 0.3806309467024081017, 0.5087921945536371116, 0.6353415429235669265, 0.7561737216642919757, 1.000000000000000000 ),
 .UNSPECIFIED. ) ;
#2630 = EDGE_CURVE ( 'NONE', #1076, #1023, #249, .T. ) ;
#2631 = DIRECTION ( 'NONE',  ( 0.3852453456739258764, 0.9228141869502101136, 0.000000000000000000 ) ) ;
#2632 = ORIENTED_EDGE ( 'NONE', *, *, #2586, .T. ) ;
#2633 = CARTESIAN_POINT ( 'NONE',  ( -10.50642880877406249, -29.18181818181820475, 0.000000000000000000 ) ) ;
#2634 = DIRECTION ( 'NONE',  ( 0.000000000000000000, 0.000000000000000000, 1.000000000000000000 ) ) ;
#2635 = DIRECTION ( 'NONE',  ( 0.000000000000000000, -0.000000000000000000, -1.000000000000000000 ) ) ;
#2636 = CARTESIAN_POINT ( 'NONE',  ( 0.000000000000000000, -21.77348484848487331, 0.000000000000000000 ) ) ;
#2637 = ORIENTED_EDGE ( 'NONE', *, *, #4223, .T. ) ;
#2638 = ORIENTED_EDGE ( 'NONE', *, *, #4707, .F. ) ;
#2639 = CARTESIAN_POINT ( 'NONE',  ( 12.40373272038964636, -23.98270142607199062, 3.000000000000000000 ) ) ;
#2640 = LINE ( 'NONE', #3448, #1972 ) ;
#2641 = DIRECTION ( 'NONE',  ( -0.000000000000000000, -0.000000000000000000, 1.000000000000000000 ) ) ;
#2642 = ORIENTED_EDGE ( 'NONE', *, *, #2069, .T. ) ;
#2643 = ORIENTED_EDGE ( 'NONE', *, *, #51, .T. ) ;
#2644 = ORIENTED_EDGE ( 'NONE', *, *, #1935, .T. ) ;
#2645 = EDGE_CURVE ( 'NONE', #1206, #3053, #2248, .T. ) ;
#2646 = DIRECTION ( 'NONE',  ( 0.3852453456739258764, 0.9228141869502101136, 0.000000000000000000 ) ) ;
#2647 = EDGE_CURVE ( 'NONE', #1076, #784, #3407, .T. ) ;
#2648 = AXIS2_PLACEMENT_3D ( 'NONE', #3482, #1909, #2650 ) ;
#2649 = CARTESIAN_POINT ( 'NONE',  ( 16.65805700265153888, -27.71308199784787973, 3.000000000000000000 ) ) ;
#2650 = DIRECTION ( 'NONE',  ( -0.000000000000000000, 0.000000000000000000, 1.000000000000000000 ) ) ;
#2651 = VECTOR ( 'NONE', #871, 1000.000000000000000 ) ;
#2652 = ORIENTED_EDGE ( 'NONE', *, *, #5028, .F. ) ;
#2653 = DIRECTION ( 'NONE',  ( -0.000000000000000000, 1.000000000000000000, -0.000000000000000000 ) ) ;
#2654 = LINE ( 'NONE', #1141, #1887 ) ;
#2655 = AXIS2_PLACEMENT_3D ( 'NONE', #4846, #2425, #2021 ) ;
#2656 = PLANE ( 'NONE',  #2052 ) ;
#2657 = ORIENTED_EDGE ( 'NONE', *, *, #4086, .T. ) ;
#2658 = CARTESIAN_POINT ( 'NONE',  ( 9.272727272727246728, -6.031818181818207059, 0.000000000000000000 ) ) ;
#2659 = LINE ( 'NONE', #5078, #2543 ) ;
#2660 = FACE_OUTER_BOUND ( 'NONE', #4592, .T. ) ;
#2661 = CARTESIAN_POINT ( 'NONE',  ( 21.43755656782849428, -23.05866446921137580, 0.000000000000000000 ) ) ;
#2662 = ORIENTED_EDGE ( 'NONE', *, *, #2123, .T. ) ;
#2663 = ORIENTED_EDGE ( 'NONE', *, *, #3513, .T. ) ;
#2664 = CARTESIAN_POINT ( 'NONE',  ( 3.581573661845596668, 0.000000000000000000, 3.000000000000000000 ) ) ;
#2665 = DIRECTION ( 'NONE',  ( 0.9242475791925174322, 0.3817936777328447828, 0.000000000000000000 ) ) ;
#2666 = CARTESIAN_POINT ( 'NONE',  ( -0.000000000000000000, 8.268181818181796316, 3.000000000000000000 ) ) ;
#2667 = ORIENTED_EDGE ( 'NONE', *, *, #3028, .T. ) ;
#2668 = ORIENTED_EDGE ( 'NONE', *, *, #1742, .T. ) ;
#2669 = EDGE_CURVE ( 'NONE', #2823, #139, #3452, .T. ) ;
#2670 = ORIENTED_EDGE ( 'NONE', *, *, #4349, .F. ) ;
#2671 = FACE_OUTER_BOUND ( 'NONE', #3186, .T. ) ;
#2672 = LINE ( 'NONE', #4648, #288 ) ;
#2673 = EDGE_LOOP ( 'NONE', ( #735, #613 ) ) ;
#2674 = ADVANCED_FACE ( 'NONE', ( #3479 ), #2719, .F. ) ;
#2675 = CARTESIAN_POINT ( 'NONE',  ( 17.22167834379214568, -23.01309177760066405, 3.000000000000000000 ) ) ;
#2676 = CARTESIAN_POINT ( 'NONE',  ( 18.03761833331995490, -28.04207459207461639, 3.000000000000000000 ) ) ;
#2677 = CARTESIAN_POINT ( 'NONE',  ( -44.87727272727275363, -32.33181818181820688, -4.336808689942017736E-16 ) ) ;
#2678 = EDGE_CURVE ( 'NONE', #1641, #1460, #1303, .T. ) ;
#2679 = EDGE_CURVE ( 'NONE', #4848, #1095, #3504, .T. ) ;
#2680 = VERTEX_POINT ( 'NONE', #691 ) ;
#2681 = LINE ( 'NONE', #1889, #1212 ) ;
#2682 = CARTESIAN_POINT ( 'NONE',  ( -3.541823774051843010, -28.46651035596350354, 0.000000000000000000 ) ) ;
#2683 = CARTESIAN_POINT ( 'NONE',  ( 18.39798050777607230, -29.36218958919527466, 0.000000000000000000 ) ) ;
#2684 = CARTESIAN_POINT ( 'NONE',  ( 29.39873147688028610, -12.27302812456301950, 3.000000000000000000 ) ) ;
#2685 = EDGE_LOOP ( 'NONE', ( #4514, #4617, #2070, #5094 ) ) ;
#2686 = ORIENTED_EDGE ( 'NONE', *, *, #972, .T. ) ;
#2687 = B_SPLINE_SURFACE_WITH_KNOTS ( 'NONE', 3, 1, ( 
 ( #3594, #2808 ),
 ( #730, #3568 ),
 ( #4014, #4419 ),
 ( #2013, #1496 ),
 ( #1114, #2704 ),
 ( #4389, #4309 ),
 ( #3914, #3516 ),
 ( #5132, #1519 ),
 ( #3129, #2729 ),
 ( #5182, #337 ),
 ( #4339, #1943 ),
 ( #3545, #5159 ),
 ( #1546, #2388 ),
 ( #3155, #4765 ),
 ( #1144, #2757 ),
 ( #2938, #1222 ),
 ( #4443, #4119 ),
 ( #3617, #1246 ),
 ( #508, #2914 ),
 ( #3669, #2860 ),
 ( #855, #462 ),
 ( #4064, #1623 ),
 ( #1731, #3228 ),
 ( #935, #826 ),
 ( #435, #2437 ) ),
 .UNSPECIFIED., .F., .F., .F.,
 ( 4, 1, 1, 1, 1, 1, 1, 1, 1, 1, 1, 1, 1, 1, 1, 1, 1, 1, 1, 1, 1, 1, 4 ),
 ( 2, 2 ),
 ( 0.000000000000000000, 0.08260631440621407640, 0.1230857595550162303, 0.1632207506898161464, 0.2033804436610660016, 0.2436114122962487194, 0.2842402987831602612, 0.3253491078013090454, 0.3666884596693805176, 0.4075330649031558838, 0.4484490992274256516, 0.4894451745294486900, 0.5305378976661263568, 0.5720408544876433021, 0.6142265050955848515, 0.6571417864635148431, 0.7002856197531249771, 0.7430961425486000138, 0.7854902408633763766, 0.8279207122429955712, 0.8704633539812928200, 0.9131862742790806120, 1.000000000000000000 ),
 ( 0.000000000000000000, 1.000000000000000000 ),
 .UNSPECIFIED. ) ;
#2688 = ADVANCED_FACE ( 'NONE', ( #5096 ), #4646, .F. ) ;
#2689 = CARTESIAN_POINT ( 'NONE',  ( -26.99709387287662210, -24.15240278384812100, 0.000000000000000000 ) ) ;
#2690 = PLANE ( 'NONE',  #716 ) ;
#2691 = CARTESIAN_POINT ( 'NONE',  ( 15.62524458028985386, -28.75960386469752450, 3.000000000000000000 ) ) ;
#2692 = VERTEX_POINT ( 'NONE', #3430 ) ;
#2693 = VERTEX_POINT ( 'NONE', #3063 ) ;
#2694 = DIRECTION ( 'NONE',  ( -0.000000000000000000, -0.000000000000000000, 1.000000000000000000 ) ) ;
#2695 = DIRECTION ( 'NONE',  ( 0.000000000000000000, -1.000000000000000000, 0.000000000000000000 ) ) ;
#2696 = ORIENTED_EDGE ( 'NONE', *, *, #719, .F. ) ;
#2697 = LINE ( 'NONE', #4304, #129 ) ;
#2698 = CARTESIAN_POINT ( 'NONE',  ( 16.74747109734629902, -23.19787740071403448, 3.000000000000000000 ) ) ;
#2699 = CARTESIAN_POINT ( 'NONE',  ( -6.492155229659545945, 2.477475102664551176, 0.000000000000000000 ) ) ;
#2700 = PLANE ( 'NONE',  #3153 ) ;
#2701 = VECTOR ( 'NONE', #1457, 1000.000000000000114 ) ;
#2702 = AXIS2_PLACEMENT_3D ( 'NONE', #4845, #3164, #4772 ) ;
#2703 = ORIENTED_EDGE ( 'NONE', *, *, #4254, .T. ) ;
#2704 = CARTESIAN_POINT ( 'NONE',  ( 4.571936938538376793, -24.45440705647794033, 3.000000000000000000 ) ) ;
#2705 = EDGE_CURVE ( 'NONE', #4271, #290, #5042, .T. ) ;
#2706 = CARTESIAN_POINT ( 'NONE',  ( 31.27272727272725916, 11.81818181818179703, 0.000000000000000000 ) ) ;
#2707 = EDGE_CURVE ( 'NONE', #1404, #4760, #1486, .T. ) ;
#2708 = CARTESIAN_POINT ( 'NONE',  ( 18.03761833331995490, -28.04207459207461639, 3.000000000000000000 ) ) ;
#2709 = ORIENTED_EDGE ( 'NONE', *, *, #3551, .F. ) ;
#2710 = VERTEX_POINT ( 'NONE', #226 ) ;
#2711 = LINE ( 'NONE', #4317, #3305 ) ;
#2712 = CARTESIAN_POINT ( 'NONE',  ( -23.49772488249200819, -21.77348484848487331, 0.000000000000000000 ) ) ;
#2713 = CARTESIAN_POINT ( 'NONE',  ( 34.92452237979430407, -29.18181818181820475, -0.000000000000000000 ) ) ;
#2714 = VECTOR ( 'NONE', #4598, 1000.000000000000000 ) ;
#2715 = CARTESIAN_POINT ( 'NONE',  ( 15.21139753943807627, -22.54674573480384225, -4.336808689942017736E-16 ) ) ;
#2716 = EDGE_LOOP ( 'NONE', ( #2133, #3041, #4373, #3315 ) ) ;
#2717 = ORIENTED_EDGE ( 'NONE', *, *, #3981, .F. ) ;
#2718 = EDGE_LOOP ( 'NONE', ( #2207, #734, #1800, #1666 ) ) ;
#2719 = CYLINDRICAL_SURFACE ( 'NONE', #4421, 1.000000000000000888 ) ;
#2720 = FACE_OUTER_BOUND ( 'NONE', #3955, .T. ) ;
#2721 = ORIENTED_EDGE ( 'NONE', *, *, #974, .T. ) ;
#2722 = CARTESIAN_POINT ( 'NONE',  ( -6.177272727272748121, -7.031818181818207059, 0.000000000000000000 ) ) ;
#2723 = DIRECTION ( 'NONE',  ( 0.000000000000000000, -0.000000000000000000, -1.000000000000000000 ) ) ;
#2724 = CIRCLE ( 'NONE', #451, 1.000000000000000000 ) ;
#2725 = DIRECTION ( 'NONE',  ( -1.000000000000000000, 0.000000000000000000, 0.000000000000000000 ) ) ;
#2726 = CARTESIAN_POINT ( 'NONE',  ( 11.48905725643990650, -22.71903625155653117, 0.000000000000000000 ) ) ;
#2727 = B_SPLINE_SURFACE_WITH_KNOTS ( 'NONE', 3, 1, ( 
 ( #1277, #2889 ),
 ( #2040, #4144 ),
 ( #4866, #2066 ),
 ( #1703, #4527 ),
 ( #74, #2016 ),
 ( #20, #3306 ),
 ( #4923, #1673 ),
 ( #1308, #50 ),
 ( #3648, #3279 ),
 ( #1626, #4892 ),
 ( #2917, #912 ),
 ( #4505, #126 ),
 ( #3231, #4842 ),
 ( #4093, #4122 ),
 ( #512, #2122 ),
 ( #3723, #1733 ),
 ( #3332, #4945 ) ),
 .UNSPECIFIED., .F., .F., .F.,
 ( 4, 1, 1, 1, 1, 1, 1, 1, 1, 1, 1, 1, 1, 1, 4 ),
 ( 2, 2 ),
 ( 0.000000000000000000, 0.1355416720072841197, 0.2002156446646917165, 0.2635850947987334880, 0.3260735261329715251, 0.3885181931525809595, 0.4516629128913400293, 0.5159383140328844819, 0.5797912531884910070, 0.6414388593750367518, 0.7016438727979458223, 0.7606226349746103566, 0.8195179037771934683, 0.8783853151392887471, 1.000000000000000000 ),
 ( 0.000000000000000000, 1.000000000000000000 ),
 .UNSPECIFIED. ) ;
#2728 = VECTOR ( 'NONE', #2831, 1000.000000000000000 ) ;
#2729 = CARTESIAN_POINT ( 'NONE',  ( 4.985160219224513689, -23.51852082240389308, 3.000000000000000000 ) ) ;
#2730 = AXIS2_PLACEMENT_3D ( 'NONE', #4240, #2665, #637 ) ;
#2731 = CARTESIAN_POINT ( 'NONE',  ( 15.28940100927233203, 6.379772095816158561, 0.000000000000000000 ) ) ;
#2732 = CARTESIAN_POINT ( 'NONE',  ( 51.27272727272725206, 26.81818181818179525, 2.375000000000000444 ) ) ;
#2733 = EDGE_LOOP ( 'NONE', ( #1155, #168, #791, #4644 ) ) ;
#2734 = VERTEX_POINT ( 'NONE', #305 ) ;
#2735 = CARTESIAN_POINT ( 'NONE',  ( -44.42727272727275079, -7.031818181818208835, 3.000000000000000000 ) ) ;
#2736 = ADVANCED_FACE ( 'NONE', ( #1904 ), #5119, .F. ) ;
#2737 = DIRECTION ( 'NONE',  ( 0.000000000000000000, 0.000000000000000000, 1.000000000000000000 ) ) ;
#2738 = DIRECTION ( 'NONE',  ( 0.000000000000000000, 0.000000000000000000, 1.000000000000000000 ) ) ;
#2739 = CARTESIAN_POINT ( 'NONE',  ( -3.511812411026287162, -28.73271876244334777, 3.000000000000000000 ) ) ;
#2740 = CARTESIAN_POINT ( 'NONE',  ( 16.65197706682996426, -21.78582921536085593, -4.336808689942017736E-16 ) ) ;
#2741 = ORIENTED_EDGE ( 'NONE', *, *, #2230, .T. ) ;
#2742 = EDGE_CURVE ( 'NONE', #2692, #2051, #3979, .T. ) ;
#2743 = ORIENTED_EDGE ( 'NONE', *, *, #3035, .T. ) ;
#2744 = VERTEX_POINT ( 'NONE', #1958 ) ;
#2745 = DIRECTION ( 'NONE',  ( 1.000000000000000000, 0.000000000000000000, 0.000000000000000000 ) ) ;
#2746 = CARTESIAN_POINT ( 'NONE',  ( -44.87727272727275363, 22.40434628038717690, -4.336808689942017736E-16 ) ) ;
#2747 = COORDINATED_UNIVERSAL_TIME_OFFSET ( 7, 0, .AHEAD. ) ;
#2748 = DIRECTION ( 'NONE',  ( -0.9228798972614176144, -0.3850879058484640849, 0.000000000000000000 ) ) ;
#2749 = CARTESIAN_POINT ( 'NONE',  ( -2.687016081744146412, -29.27679681429683711, 0.000000000000000000 ) ) ;
#2750 = EDGE_LOOP ( 'NONE', ( #1346, #1214, #453, #3087 ) ) ;
#2751 = DIRECTION ( 'NONE',  ( 0.000000000000000000, 0.000000000000000000, -1.000000000000000000 ) ) ;
#2752 = COORDINATED_UNIVERSAL_TIME_OFFSET ( 7, 0, .AHEAD. ) ;
#2753 = DIRECTION ( 'NONE',  ( 1.000000000000000000, 0.000000000000000000, 0.000000000000000000 ) ) ;
#2754 = DIRECTION ( 'NONE',  ( -0.000000000000000000, 0.000000000000000000, 1.000000000000000000 ) ) ;
#2755 = CARTESIAN_POINT ( 'NONE',  ( -26.99709387287662210, -24.15240278384812100, 0.000000000000000000 ) ) ;
#2756 =( GEOMETRIC_REPRESENTATION_CONTEXT ( 3 ) GLOBAL_UNCERTAINTY_ASSIGNED_CONTEXT ( ( #4722 ) ) GLOBAL_UNIT_ASSIGNED_CONTEXT ( ( #4830, #333, #3984 ) ) REPRESENTATION_CONTEXT ( 'NONE', 'WORKASPACE' ) );
#2757 = CARTESIAN_POINT ( 'NONE',  ( 6.045544245741792722, -22.38545440359222738, 3.000000000000000000 ) ) ;
#2758 = FACE_OUTER_BOUND ( 'NONE', #5081, .T. ) ;
#2759 = CARTESIAN_POINT ( 'NONE',  ( -28.62727272727275007, -6.031818181818207947, 3.000000000000000000 ) ) ;
#2760 = LINE ( 'NONE', #1862, #2567 ) ;
#2761 = ORIENTED_EDGE ( 'NONE', *, *, #1192, .F. ) ;
#2762 = CARTESIAN_POINT ( 'NONE',  ( 17.22167834379214568, -23.01309177760066405, -4.336808689942017736E-16 ) ) ;
#2763 = APPLICATION_CONTEXT ( 'configuration controlled 3d designs of mechanical parts and assemblies' ) ;
#2764 = DIRECTION ( 'NONE',  ( 0.000000000000000000, -1.000000000000000000, 0.000000000000000000 ) ) ;
#2765 = LINE ( 'NONE', #4818, #4504 ) ;
#2766 = CARTESIAN_POINT ( 'NONE',  ( 15.64895264508764683, -22.24177409801688654, 3.000000000000000444 ) ) ;
#2767 = ORIENTED_EDGE ( 'NONE', *, *, #4800, .F. ) ;
#2768 = ORIENTED_EDGE ( 'NONE', *, *, #4701, .F. ) ;
#2769 = DIRECTION ( 'NONE',  ( 0.5775226744240014032, -0.8163746447104717197, 0.000000000000000000 ) ) ;
#2770 = EDGE_CURVE ( 'NONE', #4911, #4004, #768, .T. ) ;
#2771 = EDGE_CURVE ( 'NONE', #1460, #2484, #1536, .T. ) ;
#2772 = DIRECTION ( 'NONE',  ( 0.000000000000000000, -0.000000000000000000, -1.000000000000000000 ) ) ;
#2773 = ORIENTED_EDGE ( 'NONE', *, *, #1676, .F. ) ;
#2774 = LINE ( 'NONE', #1985, #1109 ) ;
#2775 = CARTESIAN_POINT ( 'NONE',  ( 15.35892408919602126, -25.46281110382675195, 3.000000000000000000 ) ) ;
#2776 = VECTOR ( 'NONE', #1405, 1000.000000000000000 ) ;
#2777 = CARTESIAN_POINT ( 'NONE',  ( -14.74930240653047164, -21.77348484848487331, 0.000000000000000000 ) ) ;
#2778 = CARTESIAN_POINT ( 'NONE',  ( 12.22897574203151905, -23.64341534549127744, 0.000000000000000000 ) ) ;
#2779 = CARTESIAN_POINT ( 'NONE',  ( 49.42272727272725774, -32.33181818181820688, -4.336808689942017736E-16 ) ) ;
#2780 = EDGE_CURVE ( 'NONE', #5025, #954, #3609, .T. ) ;
#2781 = CARTESIAN_POINT ( 'NONE',  ( 15.54582193101515308, -24.46797310791682989, 2.999999999999999556 ) ) ;
#2782 = DIRECTION ( 'NONE',  ( 0.000000000000000000, -1.000000000000000000, 0.000000000000000000 ) ) ;
#2783 = EDGE_CURVE ( 'NONE', #1206, #4980, #1561, .T. ) ;
#2784 = CARTESIAN_POINT ( 'NONE',  ( 30.12810143962337150, -29.18181818181820475, 0.000000000000000000 ) ) ;
#2785 = VECTOR ( 'NONE', #2928, 1000.000000000000000 ) ;
#2786 = FACE_OUTER_BOUND ( 'NONE', #2716, .T. ) ;
#2787 = ORIENTED_EDGE ( 'NONE', *, *, #2647, .T. ) ;
#2788 = CARTESIAN_POINT ( 'NONE',  ( 15.46314520338147425, -24.70197117806425524, -4.336808689942017736E-16 ) ) ;
#2789 = VECTOR ( 'NONE', #4688, 1000.000000000000114 ) ;
#2790 = AXIS2_PLACEMENT_3D ( 'NONE', #2706, #3915, #4312 ) ;
#2791 = CARTESIAN_POINT ( 'NONE',  ( 0.000000000000000000, -29.18181818181820475, 0.000000000000000000 ) ) ;
#2792 = CYLINDRICAL_SURFACE ( 'NONE', #2655, 1.000000000000000888 ) ;
#2793 = CARTESIAN_POINT ( 'NONE',  ( 14.13448399741666073, -23.94019525153056449, 3.000000000000000444 ) ) ;
#2794 = ORIENTED_EDGE ( 'NONE', *, *, #3696, .T. ) ;
#2795 = VECTOR ( 'NONE', #1578, 1000.000000000000000 ) ;
#2796 = ORIENTED_EDGE ( 'NONE', *, *, #3095, .T. ) ;
#2797 = DIRECTION ( 'NONE',  ( -0.000000000000000000, 0.000000000000000000, 1.000000000000000000 ) ) ;
#2798 = ORIENTED_EDGE ( 'NONE', *, *, #2587, .F. ) ;
#2799 = VERTEX_POINT ( 'NONE', #4461 ) ;
#2800 = ADVANCED_FACE ( 'NONE', ( #1610 ), #4823, .T. ) ;
#2801 = CARTESIAN_POINT ( 'NONE',  ( 49.42272727272725774, -32.33181818181820688, -4.336808689942017736E-16 ) ) ;
#2802 = EDGE_CURVE ( 'NONE', #4009, #2542, #1557, .T. ) ;
#2803 = LINE ( 'NONE', #2411, #2050 ) ;
#2804 = CIRCLE ( 'NONE', #700, 2.000000000000001776 ) ;
#2805 = CARTESIAN_POINT ( 'NONE',  ( -25.52727272727274865, 9.068181818181795251, 0.000000000000000000 ) ) ;
#2806 = EDGE_CURVE ( 'NONE', #4927, #4520, #3453, .T. ) ;
#2807 = AXIS2_PLACEMENT_3D ( 'NONE', #4173, #4198, #595 ) ;
#2808 = CARTESIAN_POINT ( 'NONE',  ( 4.436381354153286161, -25.47468343288658232, 3.000000000000000000 ) ) ;
#2809 = CARTESIAN_POINT ( 'NONE',  ( 21.16078607548115187, -22.77393435538328959, 3.000000000000000444 ) ) ;
#2810 = CARTESIAN_POINT ( 'NONE',  ( 16.91640385414966730, -21.71082761646288617, 2.999999999999999556 ) ) ;
#2811 = CARTESIAN_POINT ( 'NONE',  ( 0.000000000000000000, 10.06818181818179525, 0.000000000000000000 ) ) ;
#2812 = VECTOR ( 'NONE', #3959, 1000.000000000000000 ) ;
#2813 = ORIENTED_EDGE ( 'NONE', *, *, #4383, .F. ) ;
#2814 = VECTOR ( 'NONE', #3398, 1000.000000000000000 ) ;
#2815 = ORIENTED_EDGE ( 'NONE', *, *, #1319, .F. ) ;
#2816 = CARTESIAN_POINT ( 'NONE',  ( 21.43755656782849428, -23.05866446921137580, 0.000000000000000000 ) ) ;
#2817 = VECTOR ( 'NONE', #3807, 1000.000000000000000 ) ;
#2818 = CARTESIAN_POINT ( 'NONE',  ( 17.83116511418380412, -22.91419093338411272, -4.336808689942017736E-16 ) ) ;
#2819 = CARTESIAN_POINT ( 'NONE',  ( 51.27272727272725206, 26.81818181818179525, 3.000000000000000000 ) ) ;
#2820 = LINE ( 'NONE', #4371, #4508 ) ;
#2821 = CIRCLE ( 'NONE', #546, 1.000000000000000888 ) ;
#2822 = CARTESIAN_POINT ( 'NONE',  ( 16.65197706682996426, -21.78582921536085593, 3.000000000000000444 ) ) ;
#2823 = VERTEX_POINT ( 'NONE', #376 ) ;
#2824 = ORIENTED_EDGE ( 'NONE', *, *, #1154, .F. ) ;
#2825 = PLANE ( 'NONE',  #2473 ) ;
#2826 = DIRECTION ( 'NONE',  ( -0.000000000000000000, -0.000000000000000000, 1.000000000000000000 ) ) ;
#2827 = VERTEX_POINT ( 'NONE', #1132 ) ;
#2828 = EDGE_LOOP ( 'NONE', ( #2901, #3213, #4948, #1795 ) ) ;
#2829 = CARTESIAN_POINT ( 'NONE',  ( 18.01090559293533389, -22.91322843822846167, 0.000000000000000000 ) ) ;
#2830 = APPLICATION_PROTOCOL_DEFINITION ( 'international standard', 'config_control_design', 1994, #2763 ) ;
#2831 = DIRECTION ( 'NONE',  ( 1.000000000000000000, -0.000000000000000000, -0.000000000000000000 ) ) ;
#2832 = CARTESIAN_POINT ( 'NONE',  ( -14.74930240653047164, -29.18181818181820475, 3.000000000000000000 ) ) ;
#2833 = EDGE_CURVE ( 'NONE', #1511, #810, #1982, .T. ) ;
#2834 = CARTESIAN_POINT ( 'NONE',  ( 15.35892408919602126, -25.46281110382675195, 2.999999999999999556 ) ) ;
#2835 = CARTESIAN_POINT ( 'NONE',  ( 18.42059435177620941, -21.59567737243131802, 3.000000000000000444 ) ) ;
#2836 = DIRECTION ( 'NONE',  ( -0.000000000000000000, 0.000000000000000000, -1.000000000000000000 ) ) ;
#2837 = CYLINDRICAL_SURFACE ( 'NONE', #1722, 1.000000000000000888 ) ;
#2838 = EDGE_CURVE ( 'NONE', #1361, #1773, #350, .T. ) ;
#2839 = EDGE_CURVE ( 'NONE', #869, #893, #4778, .T. ) ;
#2840 = CARTESIAN_POINT ( 'NONE',  ( 14.49009426787461763, -27.69376209504779141, 3.000000000000000444 ) ) ;
#2841 = ORIENTED_EDGE ( 'NONE', *, *, #1465, .T. ) ;
#2842 = DIRECTION ( 'NONE',  ( 0.000000000000000000, -0.000000000000000000, -1.000000000000000000 ) ) ;
#2843 = CARTESIAN_POINT ( 'NONE',  ( 15.94333825740025112, -23.83334117810854380, -4.336808689942017736E-16 ) ) ;
#2844 = LINE ( 'NONE', #3362, #4881 ) ;
#2845 = DIRECTION ( 'NONE',  ( 1.000000000000000000, 0.000000000000000000, 0.000000000000000000 ) ) ;
#2846 = CARTESIAN_POINT ( 'NONE',  ( 19.20537228344645087, -21.73099467072225721, 4.336808689942017736E-16 ) ) ;
#2847 = EDGE_LOOP ( 'NONE', ( #1772, #2403, #78, #4959, #3518, #1971, #1130, #2421, #3534, #1429 ) ) ;
#2848 = ORIENTED_EDGE ( 'NONE', *, *, #1192, .T. ) ;
#2849 = B_SPLINE_CURVE_WITH_KNOTS ( 'NONE', 3,
 ( #3715, #1668, #4494, #117, #4939, #1324, #427, #4437, #1215 ),
 .UNSPECIFIED., .F., .F.,
 ( 4, 1, 1, 1, 1, 1, 4 ),
 ( 0.000000000000000000, 0.2438262783357073860, 0.3646584570764321853, 0.4912078054463615562, 0.6193690532975879570, 0.7435630205774187429, 1.000000000000000000 ),
 .UNSPECIFIED. ) ;
#2850 = EDGE_CURVE ( 'NONE', #977, #1065, #2079, .T. ) ;
#2851 = CARTESIAN_POINT ( 'NONE',  ( 8.869842300344998876, -29.37105374397029678, -4.336808689942017736E-16 ) ) ;
#2852 = CARTESIAN_POINT ( 'NONE',  ( 34.92452237979430407, -27.85211732711734811, 0.000000000000000000 ) ) ;
#2853 = LINE ( 'NONE', #4378, #2054 ) ;
#2854 = ORIENTED_EDGE ( 'NONE', *, *, #1906, .F. ) ;
#2855 = ORIENTED_EDGE ( 'NONE', *, *, #3351, .T. ) ;
#2856 = DIRECTION ( 'NONE',  ( -0.000000000000000000, -0.000000000000000000, 1.000000000000000000 ) ) ;
#2857 = PERSON_AND_ORGANIZATION ( #2227, #4095 ) ;
#2858 = DIRECTION ( 'NONE',  ( 1.000000000000000000, 0.000000000000000000, 0.000000000000000000 ) ) ;
#2859 = LINE ( 'NONE', #1649, #515 ) ;
#2860 = CARTESIAN_POINT ( 'NONE',  ( 7.247582606475948097, -21.78329273544525080, 3.000000000000000000 ) ) ;
#2861 = CARTESIAN_POINT ( 'NONE',  ( 20.72594382878591546, -22.43084717633179181, 3.000000000000000444 ) ) ;
#2862 = CARTESIAN_POINT ( 'NONE',  ( -29.37993821265451899, -20.78406109366824950, 0.000000000000000000 ) ) ;
#2863 = CARTESIAN_POINT ( 'NONE',  ( 18.97071886944855379, -23.05997569458741481, 0.000000000000000000 ) ) ;
#2864 = ORIENTED_EDGE ( 'NONE', *, *, #4642, .T. ) ;
#2865 = CARTESIAN_POINT ( 'NONE',  ( 11.50595278966956236, -28.25326038370787529, 2.999999999999999556 ) ) ;
#2866 = LINE ( 'NONE', #4555, #1235 ) ;
#2867 = ADVANCED_FACE ( 'NONE', ( #4851 ), #3242, .T. ) ;
#2868 = ADVANCED_FACE ( 'NONE', ( #4354 ), #2177, .T. ) ;
#2869 = VECTOR ( 'NONE', #3269, 1000.000000000000000 ) ;
#2870 = CARTESIAN_POINT ( 'NONE',  ( 0.000000000000000000, -21.77348484848487331, 3.000000000000000000 ) ) ;
#2871 = PLANE ( 'NONE',  #131 ) ;
#2872 = CARTESIAN_POINT ( 'NONE',  ( 8.401126931400986209, -21.58136352868802987, 2.999999999999999556 ) ) ;
#2873 = VERTEX_POINT ( 'NONE', #219 ) ;
#2874 = ORIENTED_EDGE ( 'NONE', *, *, #4276, .F. ) ;
#2875 = AXIS2_PLACEMENT_3D ( 'NONE', #610, #1824, #4668 ) ;
#2876 = AXIS2_PLACEMENT_3D ( 'NONE', #2346, #4397, #4747 ) ;
#2877 = DIRECTION ( 'NONE',  ( -0.8163673253706913435, -0.5775330207590765319, 0.000000000000000000 ) ) ;
#2878 = DIRECTION ( 'NONE',  ( -1.000000000000000000, 0.000000000000000000, -0.000000000000000000 ) ) ;
#2879 = VECTOR ( 'NONE', #1705, 1000.000000000000000 ) ;
#2880 = ORIENTED_EDGE ( 'NONE', *, *, #4676, .F. ) ;
#2881 = EDGE_LOOP ( 'NONE', ( #3415, #5008, #4431, #132, #1910, #195, #3322, #3623 ) ) ;
#2882 = CARTESIAN_POINT ( 'NONE',  ( 28.49714023502934879, -29.18181818181820475, 0.000000000000000000 ) ) ;
#2883 = CARTESIAN_POINT ( 'NONE',  ( 15.35892408919602126, -25.46281110382675195, -4.336808689942017736E-16 ) ) ;
#2884 = CARTESIAN_POINT ( 'NONE',  ( 15.69697056006905456, -26.79730007540882042, -4.336808689942017736E-16 ) ) ;
#2885 = CARTESIAN_POINT ( 'NONE',  ( -3.512408851476801264, -28.20046426337814793, 0.000000000000000000 ) ) ;
#2886 = DIRECTION ( 'NONE',  ( 0.000000000000000000, -1.000000000000000000, 0.000000000000000000 ) ) ;
#2887 = LINE ( 'NONE', #1757, #903 ) ;
#2888 = CARTESIAN_POINT ( 'NONE',  ( 15.42277354373205434, -22.38875660985511118, 2.999999999999999556 ) ) ;
#2889 = CARTESIAN_POINT ( 'NONE',  ( 8.594664607358415864, -29.37177544677546948, 3.000000000000000000 ) ) ;
#2890 = CARTESIAN_POINT ( 'NONE',  ( -10.07727272727274936, 10.06818181818179525, 0.000000000000000000 ) ) ;
#2891 = DIRECTION ( 'NONE',  ( -0.000000000000000000, -0.000000000000000000, 1.000000000000000000 ) ) ;
#2892 = VERTEX_POINT ( 'NONE', #3032 ) ;
#2893 = CARTESIAN_POINT ( 'NONE',  ( 7.884255080766811474, -29.33623858518740590, 0.000000000000000000 ) ) ;
#2894 = LINE ( 'NONE', #549, #4441 ) ;
#2895 = VECTOR ( 'NONE', #591, 1000.000000000000000 ) ;
#2896 = DIRECTION ( 'NONE',  ( 1.000000000000000000, 0.000000000000000000, 0.000000000000000000 ) ) ;
#2897 = CARTESIAN_POINT ( 'NONE',  ( 4.985160219224513689, -23.51852082240389308, 2.999999999999999556 ) ) ;
#2898 = VECTOR ( 'NONE', #3461, 1000.000000000000000 ) ;
#2899 = MANIFOLD_SOLID_BREP ( 'Boss-Extrude5', #1956 ) ;
#2900 = EDGE_CURVE ( 'NONE', #3260, #1714, #4925, .T. ) ;
#2901 = ORIENTED_EDGE ( 'NONE', *, *, #4086, .F. ) ;
#2902 = ORIENTED_EDGE ( 'NONE', *, *, #1388, .T. ) ;
#2903 = AXIS2_PLACEMENT_3D ( 'NONE', #1828, #4726, #723 ) ;
#2904 = LINE ( 'NONE', #4516, #4586 ) ;
#2905 = DIRECTION ( 'NONE',  ( 1.000000000000000000, 0.000000000000000000, 0.000000000000000000 ) ) ;
#2906 = ADVANCED_FACE ( 'NONE', ( #1446 ), #1049, .F. ) ;
#2907 = VERTEX_POINT ( 'NONE', #3841 ) ;
#2908 = ORIENTED_EDGE ( 'NONE', *, *, #3574, .F. ) ;
#2909 = CARTESIAN_POINT ( 'NONE',  ( 13.84148923332833725, -25.28548572389118476, -4.336808689942017736E-16 ) ) ;
#2910 = CARTESIAN_POINT ( 'NONE',  ( 15.36789589962640434, -25.76593120478492693, 0.000000000000000000 ) ) ;
#2911 = FACE_OUTER_BOUND ( 'NONE', #1633, .T. ) ;
#2912 = FACE_BOUND ( 'NONE', #4856, .T. ) ;
#2913 = FACE_OUTER_BOUND ( 'NONE', #247, .T. ) ;
#2914 = CARTESIAN_POINT ( 'NONE',  ( 6.994825539856764252, -21.87589605614900279, 3.000000000000000000 ) ) ;
#2915 = CARTESIAN_POINT ( 'NONE',  ( -47.22727272727274794, -38.18181818181820830, 0.6210940505391644439 ) ) ;
#2916 = CARTESIAN_POINT ( 'NONE',  ( 51.27272727272725206, -36.18181818181820120, 3.000000000000000000 ) ) ;
#2917 = CARTESIAN_POINT ( 'NONE',  ( 5.099017220483188062, -27.61953615292094000, 0.000000000000000000 ) ) ;
#2918 = LINE ( 'NONE', #3281, #2559 ) ;
#2919 = VERTEX_POINT ( 'NONE', #4292 ) ;
#2920 = LINE ( 'NONE', #79, #3214 ) ;
#2921 = FACE_OUTER_BOUND ( 'NONE', #3086, .T. ) ;
#2922 = DIRECTION ( 'NONE',  ( 1.000000000000000000, -0.000000000000000000, -0.000000000000000000 ) ) ;
#2923 = CARTESIAN_POINT ( 'NONE',  ( 4.855305645551164062, -23.74329322181462487, 2.999999999999999556 ) ) ;
#2924 = VERTEX_POINT ( 'NONE', #243 ) ;
#2925 = ORIENTED_EDGE ( 'NONE', *, *, #2707, .T. ) ;
#2926 = VECTOR ( 'NONE', #2963, 1000.000000000000000 ) ;
#2927 = CARTESIAN_POINT ( 'NONE',  ( 12.69868080053708326, -25.23588238228885672, 0.000000000000000000 ) ) ;
#2928 = DIRECTION ( 'NONE',  ( 1.000000000000000000, 0.000000000000000000, 0.000000000000000000 ) ) ;
#2929 = ORIENTED_EDGE ( 'NONE', *, *, #2833, .T. ) ;
#2930 = ORIENTED_EDGE ( 'NONE', *, *, #1676, .T. ) ;
#2931 = CARTESIAN_POINT ( 'NONE',  ( -2.408076735743323482, -27.68734295482419938, 3.000000000000000000 ) ) ;
#2932 = EDGE_CURVE ( 'NONE', #4235, #1826, #5061, .T. ) ;
#2933 = EDGE_CURVE ( 'NONE', #1482, #1071, #5086, .T. ) ;
#2934 = CARTESIAN_POINT ( 'NONE',  ( 15.35892408919602126, -25.46281110382675195, 3.000000000000000000 ) ) ;
#2935 = DIRECTION ( 'NONE',  ( -1.000000000000000000, 0.000000000000000000, -0.000000000000000000 ) ) ;
#2936 = CARTESIAN_POINT ( 'NONE',  ( -2.797863329591060655, -27.66326889746233419, 3.000000000000000000 ) ) ;
#2937 = ORIENTED_EDGE ( 'NONE', *, *, #1487, .T. ) ;
#2938 = CARTESIAN_POINT ( 'NONE',  ( 6.269364074381780227, -22.23976536102548707, -4.336808689942017736E-16 ) ) ;
#2939 = CARTESIAN_POINT ( 'NONE',  ( 16.72233382315533845, -29.22473384278416475, 0.000000000000000000 ) ) ;
#2940 = CARTESIAN_POINT ( 'NONE',  ( 0.000000000000000000, -21.77348484848487331, 0.000000000000000000 ) ) ;
#2941 = CARTESIAN_POINT ( 'NONE',  ( -29.38023472169937023, -20.78482955173271307, 3.000000000000000000 ) ) ;
#2942 = ADVANCED_FACE ( 'NONE', ( #1099 ), #660, .F. ) ;
#2943 = LINE ( 'NONE', #490, #4393 ) ;
#2944 = EDGE_CURVE ( 'NONE', #3081, #1901, #4691, .T. ) ;
#2945 = VERTEX_POINT ( 'NONE', #295 ) ;
#2946 = CARTESIAN_POINT ( 'NONE',  ( -12.13739001336807810, -29.18181818181820475, 0.000000000000000000 ) ) ;
#2947 = DIRECTION ( 'NONE',  ( 1.000000000000000000, 0.000000000000000000, 0.000000000000000000 ) ) ;
#2948 = DIRECTION ( 'NONE',  ( 1.000000000000000000, 0.000000000000000000, 0.000000000000000000 ) ) ;
#2949 = CARTESIAN_POINT ( 'NONE',  ( 6.045544245741792722, -22.38545440359222738, 2.999999999999999556 ) ) ;
#2950 = ORIENTED_EDGE ( 'NONE', *, *, #358, .F. ) ;
#2951 = EDGE_LOOP ( 'NONE', ( #3777, #4142, #2218, #380, #3184, #2874, #4369, #681, #3605, #846, #3140, #2344 ) ) ;
#2952 = CARTESIAN_POINT ( 'NONE',  ( 21.16078607548115187, -22.77393435538328959, -4.336808689942017736E-16 ) ) ;
#2953 = LINE ( 'NONE', #1719, #2446 ) ;
#2954 = AXIS2_PLACEMENT_3D ( 'NONE', #1804, #3408, #250 ) ;
#2955 = ORIENTED_EDGE ( 'NONE', *, *, #3000, .F. ) ;
#2956 = EDGE_LOOP ( 'NONE', ( #765, #2219, #3193, #4401 ) ) ;
#2957 = FACE_OUTER_BOUND ( 'NONE', #3599, .T. ) ;
#2958 = FACE_OUTER_BOUND ( 'NONE', #1004, .T. ) ;
#2959 = CARTESIAN_POINT ( 'NONE',  ( 7.769265748203652677, -21.65271578114744244, -4.336808689942017736E-16 ) ) ;
#2960 = EDGE_CURVE ( 'NONE', #1180, #2827, #1399, .T. ) ;
#2961 = ORIENTED_EDGE ( 'NONE', *, *, #772, .T. ) ;
#2962 = ADVANCED_FACE ( 'NONE', ( #3497 ), #4613, .F. ) ;
#2963 = DIRECTION ( 'NONE',  ( 0.000000000000000000, 1.000000000000000000, -0.000000000000000000 ) ) ;
#2964 = CARTESIAN_POINT ( 'NONE',  ( -0.1225930048210713275, -29.18181818181820475, 3.000000000000000000 ) ) ;
#2965 = DIRECTION ( 'NONE',  ( 2.028916346171703937E-16, -1.000000000000000000, 0.000000000000000000 ) ) ;
#2966 = AXIS2_PLACEMENT_3D ( 'NONE', #2380, #1881, #5178 ) ;
#2967 = CARTESIAN_POINT ( 'NONE',  ( -28.62727272727275007, -6.031818181818207947, 0.000000000000000000 ) ) ;
#2968 = ADVANCED_FACE ( 'NONE', ( #2611 ), #608, .F. ) ;
#2969 = AXIS2_PLACEMENT_3D ( 'NONE', #3013, #4220, #3496 ) ;
#2970 = ORIENTED_EDGE ( 'NONE', *, *, #4558, .T. ) ;
#2971 = CARTESIAN_POINT ( 'NONE',  ( 42.62272727272725348, -6.681818181818205638, -4.336808689942017736E-16 ) ) ;
#2972 = CARTESIAN_POINT ( 'NONE',  ( 20.56503259806543227, -28.63179113359114680, 3.000000000000000000 ) ) ;
#2973 = CARTESIAN_POINT ( 'NONE',  ( 17.99903326387550706, -29.37177544677546592, 0.000000000000000000 ) ) ;
#2974 = CARTESIAN_POINT ( 'NONE',  ( 19.35927295919319846, -27.74684398790558504, 3.000000000000000000 ) ) ;
#2975 = ORIENTED_EDGE ( 'NONE', *, *, #3513, .F. ) ;
#2976 = ORIENTED_EDGE ( 'NONE', *, *, #3286, .F. ) ;
#2977 = B_SPLINE_SURFACE_WITH_KNOTS ( 'NONE', 3, 1, ( 
 ( #2105, #923 ),
 ( #2560, #163 ),
 ( #3711, #192 ),
 ( #3786, #4160 ),
 ( #2078, #4186 ),
 ( #5011, #4079 ),
 ( #1717, #113 ),
 ( #3320, #4935 ),
 ( #1318, #3343 ),
 ( #2531, #558 ),
 ( #4132, #2161 ),
 ( #528, #3739 ),
 ( #3294, #142 ),
 ( #4957, #1369 ),
 ( #2952, #4562 ),
 ( #2979, #3684 ),
 ( #580, #1688 ) ),
 .UNSPECIFIED., .F., .F., .F.,
 ( 4, 1, 1, 1, 1, 1, 1, 1, 1, 1, 1, 1, 1, 1, 4 ),
 ( 2, 2 ),
 ( 0.000000000000000000, 0.1257374078250387273, 0.1882175899547718356, 0.2504630304325459744, 0.3124994693555943059, 0.3750396997280448508, 0.4380225077790834698, 0.5014862209087210809, 0.5649499340383574708, 0.6278623775438000321, 0.6898661341717050588, 0.7518759443760574257, 0.8136419333356694761, 0.8755584528375319753, 1.000000000000000000 ),
 ( 0.000000000000000000, 1.000000000000000000 ),
 .UNSPECIFIED. ) ;
#2978 = AXIS2_PLACEMENT_3D ( 'NONE', #668, #3507, #1459 ) ;
#2979 = CARTESIAN_POINT ( 'NONE',  ( 21.33003230392515448, -22.94174059207741934, -4.336808689942017736E-16 ) ) ;
#2980 = VECTOR ( 'NONE', #2538, 1000.000000000000000 ) ;
#2981 = CARTESIAN_POINT ( 'NONE',  ( 5.616974082127881296, -28.22222028132510729, 3.000000000000000000 ) ) ;
#2982 = ORIENTED_EDGE ( 'NONE', *, *, #366, .F. ) ;
#2983 = ORIENTED_EDGE ( 'NONE', *, *, #2023, .T. ) ;
#2984 = VECTOR ( 'NONE', #1823, 1000.000000000000000 ) ;
#2985 = CARTESIAN_POINT ( 'NONE',  ( 51.27272727272725206, 26.81818181818179525, 0.6250000000000000000 ) ) ;
#2986 = LINE ( 'NONE', #984, #123 ) ;
#2987 = CARTESIAN_POINT ( 'NONE',  ( -5.367086399094604943, 3.804406741937298442, 0.000000000000000000 ) ) ;
#2988 = FACE_OUTER_BOUND ( 'NONE', #961, .T. ) ;
#2989 = CARTESIAN_POINT ( 'NONE',  ( 7.506594283671443435, -21.71205613590216288, -4.336808689942017736E-16 ) ) ;
#2990 = ORIENTED_EDGE ( 'NONE', *, *, #4330, .T. ) ;
#2991 = CARTESIAN_POINT ( 'NONE',  ( 17.27579017539268946, -29.34150138546977615, 0.000000000000000000 ) ) ;
#2992 = DIRECTION ( 'NONE',  ( -0.000000000000000000, -0.000000000000000000, 1.000000000000000000 ) ) ;
#2993 = EDGE_CURVE ( 'NONE', #2892, #1081, #2413, .T. ) ;
#2994 = CARTESIAN_POINT ( 'NONE',  ( 12.40565049156200672, -27.00110712971687121, 3.000000000000000000 ) ) ;
#2995 = EDGE_LOOP ( 'NONE', ( #982, #182, #627, #5009 ) ) ;
#2996 = CARTESIAN_POINT ( 'NONE',  ( -2.080194655540391402, -27.89251255513018179, 0.000000000000000000 ) ) ;
#2997 = CARTESIAN_POINT ( 'NONE',  ( 27.03684376067037931, -21.77348484848487331, 3.000000000000000000 ) ) ;
#2998 = EDGE_CURVE ( 'NONE', #3297, #2945, #16, .T. ) ;
#2999 = DIRECTION ( 'NONE',  ( 0.000000000000000000, 0.000000000000000000, -1.000000000000000000 ) ) ;
#3000 = EDGE_CURVE ( 'NONE', #652, #3059, #1568, .T. ) ;
#3001 = CARTESIAN_POINT ( 'NONE',  ( 19.93520356187562115, -27.36997743680876738, 3.000000000000000000 ) ) ;
#3002 = ORIENTED_EDGE ( 'NONE', *, *, #2645, .F. ) ;
#3003 = ORIENTED_EDGE ( 'NONE', *, *, #4653, .F. ) ;
#3004 = B_SPLINE_CURVE_WITH_KNOTS ( 'NONE', 3,
 ( #1250, #2092, #3257, #4474, #4067, #2863, #885, #2493, #3673 ),
 .UNSPECIFIED., .F., .F.,
 ( 4, 1, 1, 1, 1, 1, 4 ),
 ( 0.000000000000000000, 0.2683958208652608701, 0.3948764351316761401, 0.5179314339857136185, 0.6385462467544803511, 0.7579871802043269824, 1.000000000000000000 ),
 .UNSPECIFIED. ) ;
#3005 = DIRECTION ( 'NONE',  ( -0.000000000000000000, -1.000000000000000000, -0.000000000000000000 ) ) ;
#3006 = CARTESIAN_POINT ( 'NONE',  ( -2.576168833897234389, -27.66326889746233775, 0.000000000000000000 ) ) ;
#3007 = CARTESIAN_POINT ( 'NONE',  ( 14.72813412642179465, -27.99860959574430552, 3.000000000000000000 ) ) ;
#3008 = VECTOR ( 'NONE', #3304, 1000.000000000000000 ) ;
#3009 = EDGE_CURVE ( 'NONE', #1103, #83, #1945, .T. ) ;
#3010 = ORIENTED_EDGE ( 'NONE', *, *, #4549, .T. ) ;
#3011 = EDGE_CURVE ( 'NONE', #371, #116, #4469, .T. ) ;
#3012 = ORIENTED_EDGE ( 'NONE', *, *, #2239, .T. ) ;
#3013 = CARTESIAN_POINT ( 'NONE',  ( 42.62272727272725348, -6.681818181818205638, 3.000000000000000000 ) ) ;
#3014 = CARTESIAN_POINT ( 'NONE',  ( -42.87727272727274652, -32.33181818181820688, -4.336808689942017736E-16 ) ) ;
#3015 = DIRECTION ( 'NONE',  ( -0.000000000000000000, -0.000000000000000000, 1.000000000000000000 ) ) ;
#3016 = DIRECTION ( 'NONE',  ( -1.000000000000000000, 1.014458173085851969E-16, 0.000000000000000000 ) ) ;
#3017 = LINE ( 'NONE', #5100, #1716 ) ;
#3018 = ORIENTED_EDGE ( 'NONE', *, *, #2586, .F. ) ;
#3019 = FACE_BOUND ( 'NONE', #3494, .T. ) ;
#3020 = CARTESIAN_POINT ( 'NONE',  ( 14.04577122699728164, 5.802110575214671329, 0.000000000000000000 ) ) ;
#3021 = DIRECTION ( 'NONE',  ( 0.000000000000000000, 0.000000000000000000, 1.000000000000000000 ) ) ;
#3022 = ORIENTED_EDGE ( 'NONE', *, *, #4867, .T. ) ;
#3023 = PLANE ( 'NONE',  #544 ) ;
#3024 = CARTESIAN_POINT ( 'NONE',  ( -3.293837507947905419, -27.89251255513019245, 0.000000000000000000 ) ) ;
#3025 = CYLINDRICAL_SURFACE ( 'NONE', #3044, 1.000000000000000000 ) ;
#3026 = CARTESIAN_POINT ( 'NONE',  ( 18.03761833331995490, -28.04207459207461639, 3.000000000000000000 ) ) ;
#3027 = VERTEX_POINT ( 'NONE', #1193 ) ;
#3028 = EDGE_CURVE ( 'NONE', #1206, #4124, #2384, .T. ) ;
#3029 = VERTEX_POINT ( 'NONE', #3939 ) ;
#3030 = EDGE_CURVE ( 'NONE', #4662, #4219, #5157, .T. ) ;
#3031 = AXIS2_PLACEMENT_3D ( 'NONE', #983, #1347, #2141 ) ;
#3032 = CARTESIAN_POINT ( 'NONE',  ( 25.43259529646097761, -21.77348484848487331, 0.000000000000000000 ) ) ;
#3033 = DIRECTION ( 'NONE',  ( -0.000000000000000000, -0.000000000000000000, 1.000000000000000000 ) ) ;
#3034 = CARTESIAN_POINT ( 'NONE',  ( 4.595898717433057890, -26.60617683321545712, 3.000000000000000000 ) ) ;
#3035 = EDGE_CURVE ( 'NONE', #4714, #1973, #936, .T. ) ;
#3036 = ORIENTED_EDGE ( 'NONE', *, *, #1221, .T. ) ;
#3037 = ORIENTED_EDGE ( 'NONE', *, *, #2386, .F. ) ;
#3038 = DIRECTION ( 'NONE',  ( 0.000000000000000000, 0.000000000000000000, 1.000000000000000000 ) ) ;
#3039 = CIRCLE ( 'NONE', #766, 0.9999999999999991118 ) ;
#3040 = CARTESIAN_POINT ( 'NONE',  ( 20.39872777509344814, -26.96466072989512597, 3.000000000000000000 ) ) ;
#3041 = ORIENTED_EDGE ( 'NONE', *, *, #3826, .F. ) ;
#3042 = VECTOR ( 'NONE', #2527, 1000.000000000000000 ) ;
#3043 = FACE_BOUND ( 'NONE', #30, .T. ) ;
#3044 = AXIS2_PLACEMENT_3D ( 'NONE', #4687, #2999, #1818 ) ;
#3045 = DIRECTION ( 'NONE',  ( 1.000000000000000000, 0.000000000000000000, 0.000000000000000000 ) ) ;
#3046 = DIRECTION ( 'NONE',  ( -1.000000000000000000, 0.000000000000000000, 0.000000000000000000 ) ) ;
#3047 = VECTOR ( 'NONE', #3624, 1000.000000000000000 ) ;
#3048 = ORIENTED_EDGE ( 'NONE', *, *, #1643, .F. ) ;
#3049 = LINE ( 'NONE', #3884, #2314 ) ;
#3050 = CARTESIAN_POINT ( 'NONE',  ( -3.512408851476801264, -28.20046426337814793, 0.000000000000000000 ) ) ;
#3051 = CARTESIAN_POINT ( 'NONE',  ( 20.77165133996866686, -28.48529130744404014, 3.000000000000000444 ) ) ;
#3052 = LINE ( 'NONE', #4660, #1018 ) ;
#3053 = VERTEX_POINT ( 'NONE', #1989 ) ;
#3054 = VERTEX_POINT ( 'NONE', #3592 ) ;
#3055 = CARTESIAN_POINT ( 'NONE',  ( 11.18190679581650748, -22.45279880222888025, 3.000000000000000000 ) ) ;
#3056 = CARTESIAN_POINT ( 'NONE',  ( -19.35576608174415014, -27.03589470425410468, 0.000000000000000000 ) ) ;
#3057 = ADVANCED_FACE ( 'NONE', ( #5208 ), #4834, .F. ) ;
#3058 = DIRECTION ( 'NONE',  ( -0.000000000000000000, 0.000000000000000000, 1.000000000000000000 ) ) ;
#3059 = VERTEX_POINT ( 'NONE', #824 ) ;
#3060 = VECTOR ( 'NONE', #694, 1000.000000000000000 ) ;
#3061 = ORIENTED_EDGE ( 'NONE', *, *, #5059, .T. ) ;
#3062 = VERTEX_POINT ( 'NONE', #1143 ) ;
#3063 = CARTESIAN_POINT ( 'NONE',  ( -50.72727272727275505, -36.18181818181820120, 2.375000000000007550 ) ) ;
#3064 = EDGE_CURVE ( 'NONE', #3765, #876, #1218, .T. ) ;
#3065 = CARTESIAN_POINT ( 'NONE',  ( 16.36609757842914803, -27.53024330504694106, 3.000000000000000000 ) ) ;
#3066 = DIRECTION ( 'NONE',  ( 1.000000000000000000, 0.000000000000000000, 0.000000000000000000 ) ) ;
#3067 = CIRCLE ( 'NONE', #2477, 5.850000000000001421 ) ;
#3068 = ORIENTED_EDGE ( 'NONE', *, *, #69, .T. ) ;
#3069 = VECTOR ( 'NONE', #4656, 1000.000000000000000 ) ;
#3070 = CARTESIAN_POINT ( 'NONE',  ( 18.01090559293533389, -22.91322843822846167, 3.000000000000000000 ) ) ;
#3071 = CIRCLE ( 'NONE', #1725, 5.850000000000001421 ) ;
#3072 = CARTESIAN_POINT ( 'NONE',  ( 47.42272727272725774, 22.96818181818179738, -4.336808689942017736E-16 ) ) ;
#3073 = VECTOR ( 'NONE', #2272, 1000.000000000000000 ) ;
#3074 = CARTESIAN_POINT ( 'NONE',  ( 37.12272727272726058, 11.81818181818179703, 0.000000000000000000 ) ) ;
#3075 = VERTEX_POINT ( 'NONE', #2805 ) ;
#3076 = DIRECTION ( 'NONE',  ( -1.000000000000000000, -0.000000000000000000, -0.000000000000000000 ) ) ;
#3077 = CARTESIAN_POINT ( 'NONE',  ( -3.403926395622535850, -28.92001628084282316, 3.000000000000000000 ) ) ;
#3078 = CARTESIAN_POINT ( 'NONE',  ( 19.36220189962222804, -29.19983828312887297, 3.000000000000000444 ) ) ;
#3079 = EDGE_LOOP ( 'NONE', ( #4057, #1053, #4308, #4541 ) ) ;
#3080 = CARTESIAN_POINT ( 'NONE',  ( 20.39872777509345170, -26.96466072989512952, 3.000000000000000000 ) ) ;
#3081 = VERTEX_POINT ( 'NONE', #2755 ) ;
#3082 = ORIENTED_EDGE ( 'NONE', *, *, #1867, .T. ) ;
#3083 = DIRECTION ( 'NONE',  ( 0.000000000000000000, 0.000000000000000000, -1.000000000000000000 ) ) ;
#3084 = LINE ( 'NONE', #3921, #2984 ) ;
#3085 = CARTESIAN_POINT ( 'NONE',  ( -48.72727272727274794, -36.18181818181820120, 0.6250000000000077716 ) ) ;
#3086 = EDGE_LOOP ( 'NONE', ( #3760, #3037, #466, #1286 ) ) ;
#3087 = ORIENTED_EDGE ( 'NONE', *, *, #2024, .F. ) ;
#3088 = EDGE_LOOP ( 'NONE', ( #577, #491, #797, #4492 ) ) ;
#3089 = CARTESIAN_POINT ( 'NONE',  ( -1.862219752462009437, -28.73271876244334067, 3.000000000000000000 ) ) ;
#3090 = PERSON_AND_ORGANIZATION ( #2227, #4095 ) ;
#3091 = APPROVAL_PERSON_ORGANIZATION ( #3299, #3392, #1133 ) ;
#3092 = CARTESIAN_POINT ( 'NONE',  ( 15.99134090592589352, -27.19902314728471637, 3.000000000000000000 ) ) ;
#3093 = DIRECTION ( 'NONE',  ( -0.000000000000000000, -0.000000000000000000, 1.000000000000000000 ) ) ;
#3094 = EDGE_LOOP ( 'NONE', ( #1825, #4904, #5033, #4540 ) ) ;
#3095 = EDGE_CURVE ( 'NONE', #10, #1077, #4413, .T. ) ;
#3096 = LINE ( 'NONE', #4702, #2397 ) ;
#3097 = FACE_OUTER_BOUND ( 'NONE', #3862, .T. ) ;
#3098 = EDGE_CURVE ( 'NONE', #242, #4315, #1648, .T. ) ;
#3099 = LINE ( 'NONE', #3853, #3396 ) ;
#3100 = CARTESIAN_POINT ( 'NONE',  ( 11.18190679581650748, -22.45279880222888025, 0.000000000000000000 ) ) ;
#3101 = EDGE_LOOP ( 'NONE', ( #3969, #420, #3359, #4843 ) ) ;
#3102 = CARTESIAN_POINT ( 'NONE',  ( -13.22964428687235383, -29.18181818181820475, 0.000000000000000000 ) ) ;
#3103 = CARTESIAN_POINT ( 'NONE',  ( 9.272727272727248504, 9.068181818181795251, 0.000000000000000000 ) ) ;
#3104 = ADVANCED_FACE ( 'NONE', ( #752 ), #2362, .T. ) ;
#3105 = CARTESIAN_POINT ( 'NONE',  ( 17.91354688590662647, -28.04403899778276354, 3.000000000000000000 ) ) ;
#3106 = CARTESIAN_POINT ( 'NONE',  ( 17.70725705886847123, -29.36998418713300651, 0.000000000000000000 ) ) ;
#3107 = ORIENTED_EDGE ( 'NONE', *, *, #4739, .T. ) ;
#3108 = B_SPLINE_SURFACE_WITH_KNOTS ( 'NONE', 3, 1, ( 
 ( #1366, #3026 ),
 ( #3442, #2183 ),
 ( #657, #2608 ),
 ( #4263, #1021 ),
 ( #1865, #3861 ),
 ( #159, #2974 ),
 ( #2263, #2583 ),
 ( #3756, #215 ),
 ( #3810, #4154 ),
 ( #3393, #3001 ),
 ( #5032, #1420 ),
 ( #3467, #1766 ),
 ( #1474, #3080 ) ),
 .UNSPECIFIED., .F., .F., .F.,
 ( 4, 1, 1, 1, 1, 1, 1, 1, 1, 1, 4 ),
 ( 2, 2 ),
 ( 0.000000000000000000, 0.2329951947216881702, 0.3447245844330365516, 0.4542530397534035869, 0.5101826462036309628, 0.5698779195447362111, 0.6324942482326136872, 0.6984630759612932005, 0.7679250391858927216, 0.8417824130804159033, 1.000000000000000000 ),
 ( 0.000000000000000000, 1.000000000000000000 ),
 .UNSPECIFIED. ) ;
#3109 = CARTESIAN_POINT ( 'NONE',  ( -25.25334554221423033, -29.18181818181820475, 0.000000000000000000 ) ) ;
#3110 = CARTESIAN_POINT ( 'NONE',  ( 12.53545183065554092, -24.34041749189145420, 0.000000000000000000 ) ) ;
#3111 = FACE_OUTER_BOUND ( 'NONE', #2017, .T. ) ;
#3112 = CARTESIAN_POINT ( 'NONE',  ( 13.96801938776761531, -24.41868162231892825, 3.000000000000000444 ) ) ;
#3113 = EDGE_LOOP ( 'NONE', ( #3463, #273, #4323, #5056 ) ) ;
#3114 = EDGE_LOOP ( 'NONE', ( #3610, #3783, #926, #916 ) ) ;
#3115 = CARTESIAN_POINT ( 'NONE',  ( -2.408499353265572740, -29.24939289817996624, 3.000000000000000000 ) ) ;
#3116 = PERSON_AND_ORGANIZATION ( #2227, #4095 ) ;
#3117 = CARTESIAN_POINT ( 'NONE',  ( 0.000000000000000000, -21.77348484848487331, 3.000000000000000000 ) ) ;
#3118 = ORIENTED_EDGE ( 'NONE', *, *, #1611, .T. ) ;
#3119 = DIRECTION ( 'NONE',  ( 0.000000000000000000, -0.000000000000000000, -1.000000000000000000 ) ) ;
#3120 = CARTESIAN_POINT ( 'NONE',  ( 16.31819781442415263, -23.47540610615153156, 3.000000000000000000 ) ) ;
#3121 = DIRECTION ( 'NONE',  ( 0.9343875139759155735, -0.3562582963608121323, 0.000000000000000000 ) ) ;
#3122 = AXIS2_PLACEMENT_3D ( 'NONE', #143, #2053, #475 ) ;
#3123 = CARTESIAN_POINT ( 'NONE',  ( 18.01090559293533389, -22.91322843822846167, 0.000000000000000000 ) ) ;
#3124 = ADVANCED_FACE ( 'NONE', ( #2958 ), #4545, .F. ) ;
#3125 = EDGE_CURVE ( 'NONE', #242, #5068, #2087, .T. ) ;
#3126 = VECTOR ( 'NONE', #3704, 999.9999999999998863 ) ;
#3127 = AXIS2_PLACEMENT_3D ( 'NONE', #2154, #3263, #3755 ) ;
#3128 = ORIENTED_EDGE ( 'NONE', *, *, #42, .T. ) ;
#3129 = CARTESIAN_POINT ( 'NONE',  ( 4.985160219224513689, -23.51852082240389308, -4.336808689942017736E-16 ) ) ;
#3130 = CARTESIAN_POINT ( 'NONE',  ( 0.000000000000000000, -29.18181818181820475, 0.000000000000000000 ) ) ;
#3131 = EDGE_CURVE ( 'NONE', #2459, #1120, #1670, .T. ) ;
#3132 = LINE ( 'NONE', #2436, #851 ) ;
#3133 = CARTESIAN_POINT ( 'NONE',  ( 15.97000837000925344, -28.94951731725938870, 0.000000000000000000 ) ) ;
#3134 = VERTEX_POINT ( 'NONE', #120 ) ;
#3135 = B_SPLINE_CURVE_WITH_KNOTS ( 'NONE', 3,
 ( #1470, #3439, #3465, #5053, #1440, #3077, #2570, #3329, #4194 ),
 .UNSPECIFIED., .F., .F.,
 ( 4, 1, 1, 1, 1, 1, 4 ),
 ( 0.000000000000000000, 0.2560138154209219419, 0.3798554877978735367, 0.5083516363434911201, 0.6353913053716025994, 0.7568653716447744095, 1.000000000000000000 ),
 .UNSPECIFIED. ) ;
#3136 = CARTESIAN_POINT ( 'NONE',  ( 15.37975396964703378, -25.03132844517753242, -4.336808689942017736E-16 ) ) ;
#3137 = DIRECTION ( 'NONE',  ( 1.000000000000000000, 0.000000000000000000, 0.000000000000000000 ) ) ;
#3138 = CARTESIAN_POINT ( 'NONE',  ( -44.87727272727275363, -32.33181818181820688, 3.000000000000000000 ) ) ;
#3139 = CARTESIAN_POINT ( 'NONE',  ( -9.077272727272749364, 9.068181818181795251, 0.000000000000000000 ) ) ;
#3140 = ORIENTED_EDGE ( 'NONE', *, *, #933, .F. ) ;
#3141 = ORIENTED_EDGE ( 'NONE', *, *, #3381, .T. ) ;
#3142 = EDGE_LOOP ( 'NONE', ( #943, #4634, #4297, #1310 ) ) ;
#3143 = CARTESIAN_POINT ( 'NONE',  ( 51.27272727272725206, 26.81818181818179525, 3.000000000000000000 ) ) ;
#3144 = DATE_AND_TIME ( #5147, #3254 ) ;
#3145 = CARTESIAN_POINT ( 'NONE',  ( 47.42272727272725774, -32.33181818181820688, -4.336808689942017736E-16 ) ) ;
#3146 = DIRECTION ( 'NONE',  ( -1.000000000000000000, 0.000000000000000000, 0.000000000000000000 ) ) ;
#3147 = ORIENTED_EDGE ( 'NONE', *, *, #4674, .F. ) ;
#3148 = CARTESIAN_POINT ( 'NONE',  ( 47.87272727272725348, -6.681818181818205638, -4.336808689942017736E-16 ) ) ;
#3149 = AXIS2_PLACEMENT_3D ( 'NONE', #3379, #907, #2088 ) ;
#3150 = DIRECTION ( 'NONE',  ( -0.000000000000000000, -0.000000000000000000, 1.000000000000000000 ) ) ;
#3151 = CARTESIAN_POINT ( 'NONE',  ( 0.000000000000000000, -21.77348484848487331, 3.000000000000000000 ) ) ;
#3152 = DIRECTION ( 'NONE',  ( -1.000000000000000000, 0.000000000000000000, 0.000000000000000000 ) ) ;
#3153 = AXIS2_PLACEMENT_3D ( 'NONE', #3177, #5129, #311 ) ;
#3154 = B_SPLINE_SURFACE_WITH_KNOTS ( 'NONE', 3, 1, ( 
 ( #751, #3961 ),
 ( #3912, #4879 ),
 ( #2279, #5207 ),
 ( #5156, #3565 ),
 ( #1885, #336 ),
 ( #3514, #1515 ),
 ( #3539, #4362 ),
 ( #1567, #1593 ),
 ( #3123, #1142 ) ),
 .UNSPECIFIED., .F., .F., .F.,
 ( 4, 1, 1, 1, 1, 1, 4 ),
 ( 2, 2 ),
 ( 0.000000000000000000, 0.2683958208652608701, 0.3948764351316761401, 0.5179314339857136185, 0.6385462467544803511, 0.7579871802043269824, 1.000000000000000000 ),
 ( 0.000000000000000000, 1.000000000000000000 ),
 .UNSPECIFIED. ) ;
#3155 = CARTESIAN_POINT ( 'NONE',  ( 5.838024105399357566, -22.54736533925386865, -4.336808689942017736E-16 ) ) ;
#3156 = B_SPLINE_CURVE_WITH_KNOTS ( 'NONE', 3,
 ( #2883, #4495, #2910, #3689, #533, #4523, #504, #901, #2143, #1775, #3350, #3744, #4192, #588, #1349, #481, #563, #1752, #147, #2085, #91, #1695, #3768, #4595, #4962 ),
 .UNSPECIFIED., .F., .F.,
 ( 4, 1, 1, 1, 1, 1, 1, 1, 1, 1, 1, 1, 1, 1, 1, 1, 1, 1, 1, 1, 1, 1, 4 ),
 ( 0.000000000000000000, 0.08775568678357958952, 0.1302544897754718545, 0.1718076674778769575, 0.2125957092729889308, 0.2532670379414711515, 0.2937556223358452900, 0.3342191519107443609, 0.3742242590811638014, 0.4139607071907028812, 0.4536221160360138782, 0.4934032011068728574, 0.5332606903807827203, 0.5736379754379862250, 0.6144213551209768420, 0.6563752887517388945, 0.6984122323152590628, 0.7405350317391540260, 0.7826442866122498287, 0.8247068546484709328, 0.8676522214772887098, 0.9108037178282372137, 1.000000000000000000 ),
 .UNSPECIFIED. ) ;
#3157 = VECTOR ( 'NONE', #5199, 1000.000000000000000 ) ;
#3158 = CARTESIAN_POINT ( 'NONE',  ( -9.044648293282609330, -21.77348484848487331, 0.000000000000000000 ) ) ;
#3159 = CARTESIAN_POINT ( 'NONE',  ( 15.30039926650464643, -28.53673739756180794, 0.000000000000000000 ) ) ;
#3160 = ORIENTED_EDGE ( 'NONE', *, *, #541, .T. ) ;
#3161 = CARTESIAN_POINT ( 'NONE',  ( -48.72727272727274794, 26.81818181818179525, 0.6250000000000039968 ) ) ;
#3162 = ADVANCED_FACE ( 'NONE', ( #2911 ), #2145, .T. ) ;
#3163 = EDGE_CURVE ( 'NONE', #1852, #2542, #1726, .T. ) ;
#3164 = DIRECTION ( 'NONE',  ( 0.000000000000000000, -1.000000000000000000, 0.000000000000000000 ) ) ;
#3165 = LINE ( 'NONE', #865, #4673 ) ;
#3166 = CARTESIAN_POINT ( 'NONE',  ( 14.83002072805010307, -22.89316163331516307, 3.000000000000000444 ) ) ;
#3167 = ORIENTED_EDGE ( 'NONE', *, *, #5028, .T. ) ;
#3168 = ORIENTED_EDGE ( 'NONE', *, *, #4283, .T. ) ;
#3169 = DIRECTION ( 'NONE',  ( 1.000000000000000000, 0.000000000000000000, 0.000000000000000000 ) ) ;
#3170 = ADVANCED_FACE ( 'NONE', ( #4061 ), #4112, .T. ) ;
#3171 = LINE ( 'NONE', #3636, #4452 ) ;
#3172 = EDGE_CURVE ( 'NONE', #1901, #3354, #1698, .T. ) ;
#3173 = VERTEX_POINT ( 'NONE', #149 ) ;
#3174 = CARTESIAN_POINT ( 'NONE',  ( -25.31122314638090032, -21.77348484848487331, 0.000000000000000000 ) ) ;
#3175 = CARTESIAN_POINT ( 'NONE',  ( 15.94333825740025112, -23.83334117810854380, -4.336808689942017736E-16 ) ) ;
#3176 = DIRECTION ( 'NONE',  ( 1.000000000000000000, -0.000000000000000000, 0.000000000000000000 ) ) ;
#3177 = CARTESIAN_POINT ( 'NONE',  ( -15.40584825671891700, -6.363939270109479018, 0.000000000000000000 ) ) ;
#3178 = DIRECTION ( 'NONE',  ( 0.000000000000000000, -0.000000000000000000, -1.000000000000000000 ) ) ;
#3179 = AXIS2_PLACEMENT_3D ( 'NONE', #2467, #4444, #5183 ) ;
#3180 = CARTESIAN_POINT ( 'NONE',  ( 16.97853075080897511, -23.09254322853190899, 2.999999999999999556 ) ) ;
#3181 = CARTESIAN_POINT ( 'NONE',  ( 17.99903326387550706, -29.37177544677546592, 0.000000000000000000 ) ) ;
#3182 = DIRECTION ( 'NONE',  ( 1.000000000000000000, 0.000000000000000000, -0.000000000000000000 ) ) ;
#3183 = CARTESIAN_POINT ( 'NONE',  ( 0.000000000000000000, -21.77348484848487331, 0.000000000000000000 ) ) ;
#3184 = ORIENTED_EDGE ( 'NONE', *, *, #4223, .F. ) ;
#3185 = ORIENTED_EDGE ( 'NONE', *, *, #33, .F. ) ;
#3186 = EDGE_LOOP ( 'NONE', ( #414, #1880, #4603, #665 ) ) ;
#3187 = DIRECTION ( 'NONE',  ( -0.000000000000000000, -0.000000000000000000, -1.000000000000000000 ) ) ;
#3188 = CARTESIAN_POINT ( 'NONE',  ( 47.42272727272725774, 22.96818181818179738, -4.336808689942017736E-16 ) ) ;
#3189 = DIRECTION ( 'NONE',  ( -0.9342830060968688732, 0.3565322769660528857, 0.000000000000000000 ) ) ;
#3190 = CARTESIAN_POINT ( 'NONE',  ( 13.83926596953789812, -25.46577918609170865, 3.000000000000000444 ) ) ;
#3191 = EDGE_CURVE ( 'NONE', #4408, #1483, #3039, .T. ) ;
#3192 = EDGE_CURVE ( 'NONE', #23, #3029, #2280, .T. ) ;
#3193 = ORIENTED_EDGE ( 'NONE', *, *, #4085, .T. ) ;
#3194 = ORIENTED_EDGE ( 'NONE', *, *, #4049, .T. ) ;
#3195 = CARTESIAN_POINT ( 'NONE',  ( 0.000000000000000000, -21.77348484848487331, 3.000000000000000000 ) ) ;
#3196 = ORIENTED_EDGE ( 'NONE', *, *, #2423, .F. ) ;
#3197 = CARTESIAN_POINT ( 'NONE',  ( 0.000000000000000000, -27.66216006216008338, 0.000000000000000000 ) ) ;
#3198 = VECTOR ( 'NONE', #532, 1000.000000000000000 ) ;
#3199 = LINE ( 'NONE', #4806, #4411 ) ;
#3200 = DIRECTION ( 'NONE',  ( 0.000000000000000000, 0.000000000000000000, 1.000000000000000000 ) ) ;
#3201 = CARTESIAN_POINT ( 'NONE',  ( 15.37975396964703378, -25.03132844517753242, 2.999999999999999556 ) ) ;
#3202 = DIRECTION ( 'NONE',  ( -0.000000000000000000, -0.000000000000000000, 1.000000000000000000 ) ) ;
#3203 = CARTESIAN_POINT ( 'NONE',  ( 15.01359525648243398, -22.71421199630935206, 2.999999999999999556 ) ) ;
#3204 = PLANE ( 'NONE',  #1210 ) ;
#3205 = VECTOR ( 'NONE', #2512, 1000.000000000000114 ) ;
#3206 = CARTESIAN_POINT ( 'NONE',  ( 17.27579017539268946, -29.34150138546977615, 0.000000000000000000 ) ) ;
#3207 = ORIENTED_EDGE ( 'NONE', *, *, #1579, .T. ) ;
#3208 = DIRECTION ( 'NONE',  ( 1.000000000000000000, 0.000000000000000000, 0.000000000000000000 ) ) ;
#3209 = CARTESIAN_POINT ( 'NONE',  ( 18.01090559293533389, -22.91322843822846167, 0.000000000000000000 ) ) ;
#3210 = CARTESIAN_POINT ( 'NONE',  ( -5.363637010085140489, 3.802602546536611783, 0.000000000000000000 ) ) ;
#3211 = CARTESIAN_POINT ( 'NONE',  ( -2.965532810222724525, -29.24939289817996269, 3.000000000000000000 ) ) ;
#3212 = CARTESIAN_POINT ( 'NONE',  ( 15.88801084893757398, -22.10639248514466360, 3.000000000000000444 ) ) ;
#3213 = ORIENTED_EDGE ( 'NONE', *, *, #415, .F. ) ;
#3214 = VECTOR ( 'NONE', #156, 1000.000000000000000 ) ;
#3215 = ORIENTED_EDGE ( 'NONE', *, *, #3774, .T. ) ;
#3216 = CARTESIAN_POINT ( 'NONE',  ( 3.581573661845596668, -27.85211732711734811, 3.000000000000000000 ) ) ;
#3217 = CARTESIAN_POINT ( 'NONE',  ( -28.62727272727275007, 8.268181818181796316, 0.000000000000000000 ) ) ;
#3218 = EDGE_CURVE ( 'NONE', #2271, #3059, #4975, .T. ) ;
#3219 = VERTEX_POINT ( 'NONE', #4570 ) ;
#3220 = ORIENTED_EDGE ( 'NONE', *, *, #915, .T. ) ;
#3221 = LINE ( 'NONE', #3324, #4418 ) ;
#3222 = CARTESIAN_POINT ( 'NONE',  ( 18.93426957470550320, -29.29617257771451833, 0.000000000000000000 ) ) ;
#3223 = ADVANCED_FACE ( 'NONE', ( #3352 ), #292, .T. ) ;
#3224 = EDGE_CURVE ( 'NONE', #4662, #3699, #1265, .T. ) ;
#3225 = CARTESIAN_POINT ( 'NONE',  ( -24.52727272727274155, -6.031818181818207947, 0.000000000000000000 ) ) ;
#3226 = DIRECTION ( 'NONE',  ( 3.469446951953613573E-17, -1.000000000000000000, 0.000000000000000000 ) ) ;
#3227 = VECTOR ( 'NONE', #2745, 1000.000000000000000 ) ;
#3228 = CARTESIAN_POINT ( 'NONE',  ( 8.128445106851371449, -21.60068715225417080, 3.000000000000000000 ) ) ;
#3229 = CARTESIAN_POINT ( 'NONE',  ( 15.28940100927233203, 6.379772095816158561, 3.000000000000000000 ) ) ;
#3230 = DIRECTION ( 'NONE',  ( 0.5775226744240014032, -0.8163746447104717197, 0.000000000000000000 ) ) ;
#3231 = CARTESIAN_POINT ( 'NONE',  ( 4.727443299253625497, -26.95698969860304928, 0.000000000000000000 ) ) ;
#3232 = VECTOR ( 'NONE', #3911, 1000.000000000000000 ) ;
#3233 = ADVANCED_FACE ( 'NONE', ( #5020 ), #1408, .T. ) ;
#3234 = ORIENTED_EDGE ( 'NONE', *, *, #3009, .F. ) ;
#3235 = LINE ( 'NONE', #4425, #521 ) ;
#3236 = CARTESIAN_POINT ( 'NONE',  ( -2.687016081744146412, -29.27679681429683711, 3.000000000000000000 ) ) ;
#3237 = FACE_OUTER_BOUND ( 'NONE', #4183, .T. ) ;
#3238 = CARTESIAN_POINT ( 'NONE',  ( -3.163557428943824412, -29.14653381210548488, 0.000000000000000000 ) ) ;
#3239 = CARTESIAN_POINT ( 'NONE',  ( 0.000000000000000000, -21.77348484848487331, 3.000000000000000000 ) ) ;
#3240 = VERTEX_POINT ( 'NONE', #667 ) ;
#3241 = ORIENTED_EDGE ( 'NONE', *, *, #5040, .T. ) ;
#3242 = PLANE ( 'NONE',  #1355 ) ;
#3243 = CARTESIAN_POINT ( 'NONE',  ( 32.74001383278575616, -27.85211732711734811, 0.000000000000000000 ) ) ;
#3244 = VERTEX_POINT ( 'NONE', #278 ) ;
#3245 = ORIENTED_EDGE ( 'NONE', *, *, #214, .F. ) ;
#3246 = LINE ( 'NONE', #4858, #3567 ) ;
#3247 = CARTESIAN_POINT ( 'NONE',  ( 0.000000000000000000, 0.000000000000000000, 0.000000000000000000 ) ) ;
#3248 = CARTESIAN_POINT ( 'NONE',  ( 21.05832524222992319, -28.26558667268505332, 0.000000000000000000 ) ) ;
#3249 = CARTESIAN_POINT ( 'NONE',  ( -0.1225930048210713275, -29.18181818181820475, 0.000000000000000000 ) ) ;
#3250 = CARTESIAN_POINT ( 'NONE',  ( -24.52727272727274155, -7.031818181818207947, 3.000000000000000000 ) ) ;
#3251 = EDGE_CURVE ( 'NONE', #1749, #3266, #5044, .T. ) ;
#3252 = EDGE_CURVE ( 'NONE', #4465, #3433, #644, .T. ) ;
#3253 = DIRECTION ( 'NONE',  ( -0.9239288705910976285, 0.3825642979791225584, 0.000000000000000000 ) ) ;
#3254 = LOCAL_TIME ( 23, 18, 53.00000000000000000, #1537 ) ;
#3255 = DIRECTION ( 'NONE',  ( -0.000000000000000000, -0.000000000000000000, 1.000000000000000000 ) ) ;
#3256 = CARTESIAN_POINT ( 'NONE',  ( 14.66143383000506795, -23.08298680555481752, 2.999999999999999556 ) ) ;
#3257 = CARTESIAN_POINT ( 'NONE',  ( 19.96209367874635277, -23.58240751221184794, 0.000000000000000000 ) ) ;
#3258 = AXIS2_PLACEMENT_3D ( 'NONE', #309, #1035, #622 ) ;
#3259 = CARTESIAN_POINT ( 'NONE',  ( 13.83926596953789634, -25.46577918609170510, 3.000000000000000444 ) ) ;
#3260 = VERTEX_POINT ( 'NONE', #1878 ) ;
#3261 = CARTESIAN_POINT ( 'NONE',  ( 5.099017220483188062, -27.61953615292094000, 0.000000000000000000 ) ) ;
#3262 = PLANE ( 'NONE',  #1497 ) ;
#3263 = DIRECTION ( 'NONE',  ( -0.9239288705910960742, 0.3825642979791262221, 0.000000000000000000 ) ) ;
#3264 = CARTESIAN_POINT ( 'NONE',  ( -1.832856217871351223, -28.57227334229920501, 0.000000000000000000 ) ) ;
#3265 = CARTESIAN_POINT ( 'NONE',  ( 6.744928011606639018, -21.97981008432081751, 2.999999999999999556 ) ) ;
#3266 = VERTEX_POINT ( 'NONE', #1056 ) ;
#3267 = VERTEX_POINT ( 'NONE', #4564 ) ;
#3268 = FACE_OUTER_BOUND ( 'NONE', #3323, .T. ) ;
#3269 = DIRECTION ( 'NONE',  ( -0.000000000000000000, -0.000000000000000000, 1.000000000000000000 ) ) ;
#3270 = ORIENTED_EDGE ( 'NONE', *, *, #4349, .T. ) ;
#3271 = VERTEX_POINT ( 'NONE', #2852 ) ;
#3272 = DIRECTION ( 'NONE',  ( 0.000000000000000000, 1.000000000000000000, 0.000000000000000000 ) ) ;
#3273 = CARTESIAN_POINT ( 'NONE',  ( 31.22035571312764546, -29.18181818181820475, 3.000000000000000000 ) ) ;
#3274 = CARTESIAN_POINT ( 'NONE',  ( 15.40439706691086386, -26.00205415691349842, 3.000000000000000000 ) ) ;
#3275 = FACE_BOUND ( 'NONE', #196, .T. ) ;
#3276 = PLANE ( 'NONE',  #3149 ) ;
#3277 = DIRECTION ( 'NONE',  ( 0.000000000000000000, 0.000000000000000000, 1.000000000000000000 ) ) ;
#3278 = CARTESIAN_POINT ( 'NONE',  ( 17.18596218290736743, -21.65549534974085688, 2.999999999999999556 ) ) ;
#3279 = CARTESIAN_POINT ( 'NONE',  ( 5.616974082127881296, -28.22222028132510729, 3.000000000000000000 ) ) ;
#3280 = ADVANCED_FACE ( 'NONE', ( #4539 ), #1264, .T. ) ;
#3281 = CARTESIAN_POINT ( 'NONE',  ( -42.87727272727274652, 22.40434628038717690, -4.336808689942017736E-16 ) ) ;
#3282 = CARTESIAN_POINT ( 'NONE',  ( 20.14269399720032183, -27.19958831291832979, 4.336808689942017736E-16 ) ) ;
#3283 = ORIENTED_EDGE ( 'NONE', *, *, #3172, .T. ) ;
#3284 = CARTESIAN_POINT ( 'NONE',  ( 12.23713781708712744, -27.33945443034852119, 2.999999999999999556 ) ) ;
#3285 = DIRECTION ( 'NONE',  ( -0.000000000000000000, 0.000000000000000000, 1.000000000000000000 ) ) ;
#3286 = EDGE_CURVE ( 'NONE', #4278, #2744, #1689, .T. ) ;
#3287 = AXIS2_PLACEMENT_3D ( 'NONE', #535, #4524, #3328 ) ;
#3288 = LINE ( 'NONE', #4873, #3789 ) ;
#3289 = PLANE ( 'NONE',  #2624 ) ;
#3290 = ORIENTED_EDGE ( 'NONE', *, *, #4517, .F. ) ;
#3291 = ORIENTED_EDGE ( 'NONE', *, *, #647, .T. ) ;
#3292 = VECTOR ( 'NONE', #3313, 1000.000000000000000 ) ;
#3293 = AXIS2_PLACEMENT_3D ( 'NONE', #2424, #1952, #4022 ) ;
#3294 = CARTESIAN_POINT ( 'NONE',  ( 20.72594382878591546, -22.43084717633179181, -4.336808689942017736E-16 ) ) ;
#3295 = CARTESIAN_POINT ( 'NONE',  ( 0.000000000000000000, -29.18181818181820475, 0.000000000000000000 ) ) ;
#3296 = VERTEX_POINT ( 'NONE', #2080 ) ;
#3297 = VERTEX_POINT ( 'NONE', #529 ) ;
#3298 = CARTESIAN_POINT ( 'NONE',  ( 42.62272727272725348, -6.681818181818205638, 3.000000000000000000 ) ) ;
#3299 = PERSON_AND_ORGANIZATION ( #2227, #4095 ) ;
#3300 = CARTESIAN_POINT ( 'NONE',  ( -25.89713448228638271, -9.866618354644353772, 0.000000000000000000 ) ) ;
#3301 = CARTESIAN_POINT ( 'NONE',  ( 15.35892408919602126, -25.46281110382675195, -4.336808689942017736E-16 ) ) ;
#3302 = CARTESIAN_POINT ( 'NONE',  ( 0.000000000000000000, 0.000000000000000000, 3.000000000000000000 ) ) ;
#3303 = LINE ( 'NONE', #566, #2895 ) ;
#3304 = DIRECTION ( 'NONE',  ( -0.000000000000000000, -0.000000000000000000, 1.000000000000000000 ) ) ;
#3305 = VECTOR ( 'NONE', #319, 1000.000000000000000 ) ;
#3306 = CARTESIAN_POINT ( 'NONE',  ( 6.590900348217458848, -28.92728382100541751, 3.000000000000000000 ) ) ;
#3307 = CARTESIAN_POINT ( 'NONE',  ( 18.03761833331995490, -28.04207459207461639, 0.000000000000000000 ) ) ;
#3308 = ORIENTED_EDGE ( 'NONE', *, *, #4496, .F. ) ;
#3309 = FACE_OUTER_BOUND ( 'NONE', #1559, .T. ) ;
#3310 = CARTESIAN_POINT ( 'NONE',  ( 20.77165133996866686, -28.48529130744404014, 3.000000000000000000 ) ) ;
#3311 = VECTOR ( 'NONE', #2277, 1000.000000000000114 ) ;
#3312 = LINE ( 'NONE', #4533, #4041 ) ;
#3313 = DIRECTION ( 'NONE',  ( 1.000000000000000000, 0.000000000000000000, 0.000000000000000000 ) ) ;
#3314 = AXIS2_PLACEMENT_3D ( 'NONE', #3546, #4767, #1146 ) ;
#3315 = ORIENTED_EDGE ( 'NONE', *, *, #4496, .T. ) ;
#3316 = EDGE_CURVE ( 'NONE', #1368, #674, #3369, .T. ) ;
#3317 = ORIENTED_EDGE ( 'NONE', *, *, #594, .T. ) ;
#3318 = EDGE_CURVE ( 'NONE', #3765, #3297, #2953, .T. ) ;
#3319 = VECTOR ( 'NONE', #2304, 1000.000000000000000 ) ;
#3320 = CARTESIAN_POINT ( 'NONE',  ( 19.66414185080420296, -21.87506090674776615, -4.336808689942017736E-16 ) ) ;
#3321 = CARTESIAN_POINT ( 'NONE',  ( 18.97071886944855379, -23.05997569458741481, 3.000000000000000000 ) ) ;
#3322 = ORIENTED_EDGE ( 'NONE', *, *, #3891, .T. ) ;
#3323 = EDGE_LOOP ( 'NONE', ( #5135, #1484, #4163, #3012 ) ) ;
#3324 = CARTESIAN_POINT ( 'NONE',  ( 0.000000000000000000, -29.18181818181820475, 0.000000000000000000 ) ) ;
#3325 = CARTESIAN_POINT ( 'NONE',  ( 18.01090559293533389, -22.91322843822846167, 3.000000000000000000 ) ) ;
#3326 = EDGE_CURVE ( 'NONE', #5025, #4077, #559, .T. ) ;
#3327 = EDGE_CURVE ( 'NONE', #4209, #4695, #4981, .T. ) ;
#3328 = DIRECTION ( 'NONE',  ( 0.000000000000000000, -0.000000000000000000, -1.000000000000000000 ) ) ;
#3329 = CARTESIAN_POINT ( 'NONE',  ( -3.541175945616944709, -28.57227334229919791, 3.000000000000000000 ) ) ;
#3330 = CARTESIAN_POINT ( 'NONE',  ( 4.452601816780982880, -25.04101754217555964, -4.336808689942017736E-16 ) ) ;
#3331 = FACE_OUTER_BOUND ( 'NONE', #2096, .T. ) ;
#3332 = CARTESIAN_POINT ( 'NONE',  ( 4.436381354153286161, -25.47468343288658232, 0.000000000000000000 ) ) ;
#3333 = CARTESIAN_POINT ( 'NONE',  ( 12.69772307162833691, -25.76137530974543921, 3.000000000000000000 ) ) ;
#3334 = ORIENTED_EDGE ( 'NONE', *, *, #4288, .T. ) ;
#3335 = CARTESIAN_POINT ( 'NONE',  ( 11.78402748333366645, -27.96638695051469625, 2.999999999999999556 ) ) ;
#3336 = CARTESIAN_POINT ( 'NONE',  ( -44.87727272727275363, 22.40434628038717690, 3.000000000000000000 ) ) ;
#3337 = DIRECTION ( 'NONE',  ( -0.000000000000000000, -0.000000000000000000, 1.000000000000000000 ) ) ;
#3338 = EDGE_CURVE ( 'NONE', #2165, #1749, #1321, .T. ) ;
#3339 = PLANE ( 'NONE',  #1696 ) ;
#3340 = VECTOR ( 'NONE', #1739, 1000.000000000000000 ) ;
#3341 = ORIENTED_EDGE ( 'NONE', *, *, #2007, .T. ) ;
#3342 = VERTEX_POINT ( 'NONE', #2506 ) ;
#3343 = CARTESIAN_POINT ( 'NONE',  ( 19.88884502780965846, -21.96645332990826560, 3.000000000000000000 ) ) ;
#3344 = ADVANCED_FACE ( 'NONE', ( #452 ), #4107, .T. ) ;
#3345 = EDGE_CURVE ( 'NONE', #4672, #4911, #843, .T. ) ;
#3346 = DIRECTION ( 'NONE',  ( 0.000000000000000000, -0.000000000000000000, -1.000000000000000000 ) ) ;
#3347 = EDGE_LOOP ( 'NONE', ( #1148, #4509, #4217, #3341 ) ) ;
#3348 = EDGE_LOOP ( 'NONE', ( #3451, #4953, #538, #2663 ) ) ;
#3349 = LINE ( 'NONE', #4542, #3864 ) ;
#3350 = CARTESIAN_POINT ( 'NONE',  ( 15.88417015124322162, -27.07263966247638010, 0.000000000000000000 ) ) ;
#3351 = EDGE_CURVE ( 'NONE', #1930, #325, #2483, .T. ) ;
#3352 = FACE_OUTER_BOUND ( 'NONE', #3372, .T. ) ;
#3353 = CARTESIAN_POINT ( 'NONE',  ( -3.540907272631778291, -28.36088815180092482, 0.000000000000000000 ) ) ;
#3354 = VERTEX_POINT ( 'NONE', #4080 ) ;
#3355 = CARTESIAN_POINT ( 'NONE',  ( 18.01980983973020756, -21.58352758352760503, 2.999999999999999556 ) ) ;
#3356 = DIRECTION ( 'NONE',  ( 1.000000000000000000, 0.000000000000000000, 0.000000000000000000 ) ) ;
#3357 = FACE_OUTER_BOUND ( 'NONE', #4017, .T. ) ;
#3358 = CARTESIAN_POINT ( 'NONE',  ( -6.177272727272748121, -6.031818181818207059, 3.000000000000000000 ) ) ;
#3359 = ORIENTED_EDGE ( 'NONE', *, *, #2189, .F. ) ;
#3360 = CARTESIAN_POINT ( 'NONE',  ( 9.804279992160477519, -29.22094582063262536, 2.999999999999999556 ) ) ;
#3361 = DIRECTION ( 'NONE',  ( 0.000000000000000000, 0.000000000000000000, 1.000000000000000000 ) ) ;
#3362 = CARTESIAN_POINT ( 'NONE',  ( -5.367086399094604943, 3.804406741937298442, 0.000000000000000000 ) ) ;
#3363 = DIRECTION ( 'NONE',  ( -1.000000000000000000, -0.000000000000000000, -0.000000000000000000 ) ) ;
#3364 = ORIENTED_EDGE ( 'NONE', *, *, #1650, .T. ) ;
#3365 = ORIENTED_EDGE ( 'NONE', *, *, #3131, .F. ) ;
#3366 = CARTESIAN_POINT ( 'NONE',  ( 12.22897574203151905, -23.64341534549127744, 3.000000000000000000 ) ) ;
#3367 = LINE ( 'NONE', #2505, #1126 ) ;
#3368 = CARTESIAN_POINT ( 'NONE',  ( 13.83926596953789634, -25.46577918609170510, 3.000000000000000444 ) ) ;
#3369 = CIRCLE ( 'NONE', #1783, 2.000000000000001776 ) ;
#3370 = AXIS2_PLACEMENT_3D ( 'NONE', #3210, #367, #3626 ) ;
#3371 = ORIENTED_EDGE ( 'NONE', *, *, #3011, .T. ) ;
#3372 = EDGE_LOOP ( 'NONE', ( #707, #2609, #2349, #1128 ) ) ;
#3373 = LINE ( 'NONE', #3892, #2099 ) ;
#3374 = DATE_TIME_ROLE ( 'creation_date' ) ;
#3375 = EDGE_CURVE ( 'NONE', #4723, #3134, #2196, .T. ) ;
#3376 = CARTESIAN_POINT ( 'NONE',  ( -24.52727272727274865, 9.068181818181795251, 3.000000000000000000 ) ) ;
#3377 = CARTESIAN_POINT ( 'NONE',  ( 15.48867295576413383, -26.33604884476105923, -4.336808689942017736E-16 ) ) ;
#3378 = FACE_BOUND ( 'NONE', #89, .T. ) ;
#3379 = CARTESIAN_POINT ( 'NONE',  ( 2.439652015760118309E-16, -7.031818181818207059, 0.000000000000000000 ) ) ;
#3380 = ORIENTED_EDGE ( 'NONE', *, *, #4707, .T. ) ;
#3381 = EDGE_CURVE ( 'NONE', #2234, #2250, #4519, .T. ) ;
#3382 = DIRECTION ( 'NONE',  ( 1.000000000000000000, 0.000000000000000000, 0.000000000000000000 ) ) ;
#3383 = CARTESIAN_POINT ( 'NONE',  ( 24.60004822114045808, -27.66216006216008338, 3.000000000000000000 ) ) ;
#3384 = EDGE_CURVE ( 'NONE', #4124, #4181, #4958, .T. ) ;
#3385 = CARTESIAN_POINT ( 'NONE',  ( 0.000000000000000000, -21.77348484848487331, 0.000000000000000000 ) ) ;
#3386 = AXIS2_PLACEMENT_3D ( 'NONE', #3485, #2751, #308 ) ;
#3387 = CARTESIAN_POINT ( 'NONE',  ( 12.69772307162833691, -25.76137530974543921, -4.336808689942017736E-16 ) ) ;
#3388 = EDGE_LOOP ( 'NONE', ( #1902, #695, #4051, #969 ) ) ;
#3389 = CARTESIAN_POINT ( 'NONE',  ( 25.42272727272725419, 11.81818181818179703, 3.000000000000000000 ) ) ;
#3390 = DIRECTION ( 'NONE',  ( 0.000000000000000000, 1.000000000000000000, 0.000000000000000000 ) ) ;
#3391 = DIRECTION ( 'NONE',  ( 1.000000000000000000, 3.469446951953614189E-17, 0.000000000000000000 ) ) ;
#3392 = APPROVAL ( #3874, 'UNSPECIFIED' ) ;
#3393 = CARTESIAN_POINT ( 'NONE',  ( 19.93520356187562115, -27.36997743680876738, 0.000000000000000000 ) ) ;
#3394 = ORIENTED_EDGE ( 'NONE', *, *, #1808, .T. ) ;
#3395 = ORIENTED_EDGE ( 'NONE', *, *, #3541, .F. ) ;
#3396 = VECTOR ( 'NONE', #3937, 1000.000000000000000 ) ;
#3397 = DIRECTION ( 'NONE',  ( -0.000000000000000000, 0.000000000000000000, 1.000000000000000000 ) ) ;
#3398 = DIRECTION ( 'NONE',  ( 1.000000000000000000, 0.000000000000000000, 0.000000000000000000 ) ) ;
#3399 = VECTOR ( 'NONE', #4666, 1000.000000000000000 ) ;
#3400 = VECTOR ( 'NONE', #2753, 1000.000000000000000 ) ;
#3401 = CARTESIAN_POINT ( 'NONE',  ( 6.955843750719133745, -29.08863175895966791, 3.000000000000000000 ) ) ;
#3402 = VERTEX_POINT ( 'NONE', #1665 ) ;
#3403 = ORIENTED_EDGE ( 'NONE', *, *, #3125, .T. ) ;
#3404 = ORIENTED_EDGE ( 'NONE', *, *, #1032, .T. ) ;
#3405 = CARTESIAN_POINT ( 'NONE',  ( 34.92452237979430407, -29.18181818181820475, 3.000000000000000000 ) ) ;
#3406 = LINE ( 'NONE', #3300, #4583 ) ;
#3407 = LINE ( 'NONE', #5019, #5176 ) ;
#3408 = DIRECTION ( 'NONE',  ( 0.000000000000000000, 0.000000000000000000, -1.000000000000000000 ) ) ;
#3409 = CARTESIAN_POINT ( 'NONE',  ( 19.17781431510661605, -27.83232392098213381, 3.000000000000000444 ) ) ;
#3410 = ORIENTED_EDGE ( 'NONE', *, *, #2024, .T. ) ;
#3411 = CARTESIAN_POINT ( 'NONE',  ( 49.77272727272725206, -38.18181818181820830, 0.6210940505391644439 ) ) ;
#3412 = LINE ( 'NONE', #2254, #125 ) ;
#3413 = EDGE_CURVE ( 'NONE', #1875, #248, #3762, .T. ) ;
#3414 = EDGE_CURVE ( 'NONE', #2873, #3839, #1639, .T. ) ;
#3415 = ORIENTED_EDGE ( 'NONE', *, *, #2993, .F. ) ;
#3416 = LINE ( 'NONE', #2578, #966 ) ;
#3417 = CYLINDRICAL_SURFACE ( 'NONE', #3851, 2.000000000000001776 ) ;
#3418 = FACE_OUTER_BOUND ( 'NONE', #3088, .T. ) ;
#3419 = EDGE_CURVE ( 'NONE', #4795, #2431, #2405, .T. ) ;
#3420 = LINE ( 'NONE', #3250, #5064 ) ;
#3421 = ORIENTED_EDGE ( 'NONE', *, *, #3163, .F. ) ;
#3422 = ORIENTED_EDGE ( 'NONE', *, *, #2581, .T. ) ;
#3423 = CARTESIAN_POINT ( 'NONE',  ( 9.783694702721183134, -21.73715536193334685, 3.000000000000000000 ) ) ;
#3424 = CARTESIAN_POINT ( 'NONE',  ( -2.080194655540391402, -27.89251255513018179, 3.000000000000000000 ) ) ;
#3425 = DIRECTION ( 'NONE',  ( -0.000000000000000000, -0.000000000000000000, 1.000000000000000000 ) ) ;
#3426 = VECTOR ( 'NONE', #2229, 1000.000000000000000 ) ;
#3427 = ORIENTED_EDGE ( 'NONE', *, *, #2398, .F. ) ;
#3428 = EDGE_LOOP ( 'NONE', ( #2983, #927, #4424, #1794 ) ) ;
#3429 = EDGE_LOOP ( 'NONE', ( #2982, #1781, #501, #2855 ) ) ;
#3430 = CARTESIAN_POINT ( 'NONE',  ( -7.177272727272750785, 9.068181818181795251, 3.000000000000000000 ) ) ;
#3431 = CARTESIAN_POINT ( 'NONE',  ( 17.48840376312566391, -27.99844097853330638, -4.336808689942017736E-16 ) ) ;
#3432 = CARTESIAN_POINT ( 'NONE',  ( 32.74001383278575616, -21.77348484848487331, 3.000000000000000000 ) ) ;
#3433 = VERTEX_POINT ( 'NONE', #1401 ) ;
#3434 = DIRECTION ( 'NONE',  ( 0.000000000000000000, -1.000000000000000000, 0.000000000000000000 ) ) ;
#3435 = CARTESIAN_POINT ( 'NONE',  ( 0.000000000000000000, -29.18181818181820475, 3.000000000000000000 ) ) ;
#3436 = DIRECTION ( 'NONE',  ( -1.000000000000000000, 0.000000000000000000, 0.000000000000000000 ) ) ;
#3437 = ORIENTED_EDGE ( 'NONE', *, *, #3869, .F. ) ;
#3438 = CARTESIAN_POINT ( 'NONE',  ( -14.07511920442089171, -5.873091607133155811, 3.000000000000000000 ) ) ;
#3439 = CARTESIAN_POINT ( 'NONE',  ( -2.798461419195739541, -29.27719621011705442, 3.000000000000000000 ) ) ;
#3440 = EDGE_CURVE ( 'NONE', #218, #4190, #598, .T. ) ;
#3441 = LINE ( 'NONE', #4584, #4476 ) ;
#3442 = CARTESIAN_POINT ( 'NONE',  ( 18.24486385793268894, -28.04111685975073698, 0.000000000000000000 ) ) ;
#3443 = ORIENTED_EDGE ( 'NONE', *, *, #2262, .F. ) ;
#3444 = VERTEX_POINT ( 'NONE', #3472 ) ;
#3445 = AXIS2_PLACEMENT_3D ( 'NONE', #5017, #1751, #2536 ) ;
#3446 = EDGE_CURVE ( 'NONE', #2350, #3075, #5148, .T. ) ;
#3447 = CARTESIAN_POINT ( 'NONE',  ( 12.40373272038964636, -23.98270142607199062, 0.000000000000000000 ) ) ;
#3448 = CARTESIAN_POINT ( 'NONE',  ( -48.72727272727274794, -36.18181818181820120, 3.000000000000000000 ) ) ;
#3449 = DIRECTION ( 'NONE',  ( -0.000000000000000000, -0.000000000000000000, 1.000000000000000000 ) ) ;
#3450 = ORIENTED_EDGE ( 'NONE', *, *, #2771, .F. ) ;
#3451 = ORIENTED_EDGE ( 'NONE', *, *, #3172, .F. ) ;
#3452 = LINE ( 'NONE', #2221, #1475 ) ;
#3453 = CIRCLE ( 'NONE', #2366, 2.000000000000001776 ) ;
#3454 = CARTESIAN_POINT ( 'NONE',  ( 15.88417015124322162, -27.07263966247638010, 3.000000000000000000 ) ) ;
#3455 = CARTESIAN_POINT ( 'NONE',  ( 19.64074542912574017, -27.58168027360233410, 3.000000000000000444 ) ) ;
#3456 = ORIENTED_EDGE ( 'NONE', *, *, #3606, .F. ) ;
#3457 = VECTOR ( 'NONE', #4035, 1000.000000000000000 ) ;
#3458 = CARTESIAN_POINT ( 'NONE',  ( 17.56427028380022648, -22.93386817770707964, -4.336808689942017736E-16 ) ) ;
#3459 = AXIS2_PLACEMENT_3D ( 'NONE', #1840, #2582, #2635 ) ;
#3460 = FACE_OUTER_BOUND ( 'NONE', #3888, .T. ) ;
#3461 = DIRECTION ( 'NONE',  ( 1.000000000000000000, 0.000000000000000000, 0.000000000000000000 ) ) ;
#3462 = VECTOR ( 'NONE', #2443, 1000.000000000000000 ) ;
#3463 = ORIENTED_EDGE ( 'NONE', *, *, #808, .F. ) ;
#3464 = CARTESIAN_POINT ( 'NONE',  ( -0.1225930048210713275, 0.000000000000000000, 0.000000000000000000 ) ) ;
#3465 = CARTESIAN_POINT ( 'NONE',  ( -2.965532810222724525, -29.24939289817996269, 3.000000000000000000 ) ) ;
#3466 = CARTESIAN_POINT ( 'NONE',  ( 19.15204808320870455, -29.25430797900631319, 0.000000000000000000 ) ) ;
#3467 = CARTESIAN_POINT ( 'NONE',  ( 20.29711581081063798, -27.06223862741112640, 0.000000000000000000 ) ) ;
#3468 = VERTEX_POINT ( 'NONE', #5063 ) ;
#3469 = ORIENTED_EDGE ( 'NONE', *, *, #3763, .T. ) ;
#3470 = DIRECTION ( 'NONE',  ( 0.000000000000000000, -1.000000000000000000, 0.000000000000000000 ) ) ;
#3471 = FACE_OUTER_BOUND ( 'NONE', #1266, .T. ) ;
#3472 = CARTESIAN_POINT ( 'NONE',  ( -33.27013573986380379, -21.77348484848487331, 3.000000000000000000 ) ) ;
#3473 = EDGE_CURVE ( 'NONE', #3998, #3901, #953, .T. ) ;
#3474 = EDGE_CURVE ( 'NONE', #3296, #363, #3843, .T. ) ;
#3475 = ORIENTED_EDGE ( 'NONE', *, *, #5158, .T. ) ;
#3476 = VECTOR ( 'NONE', #1384, 1000.000000000000000 ) ;
#3477 = ORIENTED_EDGE ( 'NONE', *, *, #9, .F. ) ;
#3478 = VERTEX_POINT ( 'NONE', #2590 ) ;
#3479 = FACE_OUTER_BOUND ( 'NONE', #3611, .T. ) ;
#3480 = VECTOR ( 'NONE', #310, 1000.000000000000000 ) ;
#3481 = CARTESIAN_POINT ( 'NONE',  ( 17.48840376312566391, -27.99844097853330638, 3.000000000000000000 ) ) ;
#3482 = CARTESIAN_POINT ( 'NONE',  ( -13.22964428687235383, -21.77348484848487331, 0.000000000000000000 ) ) ;
#3483 = VECTOR ( 'NONE', #2965, 1000.000000000000000 ) ;
#3484 = ORIENTED_EDGE ( 'NONE', *, *, #3764, .F. ) ;
#3485 = CARTESIAN_POINT ( 'NONE',  ( -28.62727272727275007, -6.031818181818207947, 0.000000000000000000 ) ) ;
#3486 = CARTESIAN_POINT ( 'NONE',  ( -23.43984727832532755, -29.18181818181821185, 0.000000000000000000 ) ) ;
#3487 = EDGE_CURVE ( 'NONE', #5111, #3244, #638, .T. ) ;
#3488 = DIRECTION ( 'NONE',  ( 0.3562582963608121323, 0.9343875139759155735, 0.000000000000000000 ) ) ;
#3489 = CARTESIAN_POINT ( 'NONE',  ( 9.262123052412681190, -21.61679765755502203, 0.000000000000000000 ) ) ;
#3490 = ORIENTED_EDGE ( 'NONE', *, *, #3774, .F. ) ;
#3491 = PLANE ( 'NONE',  #4156 ) ;
#3492 = CARTESIAN_POINT ( 'NONE',  ( -26.99709387287662210, -24.15240278384812100, 3.000000000000000000 ) ) ;
#3493 = CARTESIAN_POINT ( 'NONE',  ( 17.48840376312566391, -27.99844097853330638, 3.000000000000000000 ) ) ;
#3494 = EDGE_LOOP ( 'NONE', ( #3515, #3872, #1656, #4273 ) ) ;
#3495 = VERTEX_POINT ( 'NONE', #3085 ) ;
#3496 = DIRECTION ( 'NONE',  ( 1.000000000000000000, 0.000000000000000000, 0.000000000000000000 ) ) ;
#3497 = FACE_OUTER_BOUND ( 'NONE', #3917, .T. ) ;
#3498 = CARTESIAN_POINT ( 'NONE',  ( -9.877195368603121750, -27.66216006216008338, 0.000000000000000000 ) ) ;
#3499 = CARTESIAN_POINT ( 'NONE',  ( -26.99857791400911466, -26.71385777850623811, 0.000000000000000000 ) ) ;
#3500 = ORIENTED_EDGE ( 'NONE', *, *, #2900, .T. ) ;
#3501 = VERTEX_POINT ( 'NONE', #2245 ) ;
#3502 = ORIENTED_EDGE ( 'NONE', *, *, #2067, .T. ) ;
#3503 = EDGE_CURVE ( 'NONE', #1683, #1361, #245, .T. ) ;
#3504 = LINE ( 'NONE', #274, #3995 ) ;
#3505 = EDGE_CURVE ( 'NONE', #4589, #4004, #5012, .T. ) ;
#3506 = CARTESIAN_POINT ( 'NONE',  ( 16.23239389466325377, -27.42812522688377541, -4.336808689942017736E-16 ) ) ;
#3507 = DIRECTION ( 'NONE',  ( 0.000000000000000000, 0.000000000000000000, 1.000000000000000000 ) ) ;
#3508 = ORIENTED_EDGE ( 'NONE', *, *, #3634, .T. ) ;
#3509 = CARTESIAN_POINT ( 'NONE',  ( -50.72727272727275505, 26.81818181818179525, 2.375000000000000000 ) ) ;
#3510 = CARTESIAN_POINT ( 'NONE',  ( 16.52645777809026484, -23.32382987556870191, 3.000000000000000000 ) ) ;
#3511 = EDGE_CURVE ( 'NONE', #3699, #2484, #1075, .T. ) ;
#3512 = DIRECTION ( 'NONE',  ( 1.000000000000000000, 0.000000000000000000, 0.000000000000000000 ) ) ;
#3513 = EDGE_CURVE ( 'NONE', #586, #3354, #4269, .T. ) ;
#3514 = CARTESIAN_POINT ( 'NONE',  ( 18.97071886944855379, -23.05997569458741481, 0.000000000000000000 ) ) ;
#3515 = ORIENTED_EDGE ( 'NONE', *, *, #1907, .F. ) ;
#3516 = CARTESIAN_POINT ( 'NONE',  ( 4.744611842769430154, -23.97551464244209285, 3.000000000000000000 ) ) ;
#3517 = CARTESIAN_POINT ( 'NONE',  ( 21.43755656782849428, -23.05866446921137580, 0.000000000000000000 ) ) ;
#3518 = ORIENTED_EDGE ( 'NONE', *, *, #3327, .T. ) ;
#3519 = CARTESIAN_POINT ( 'NONE',  ( -47.22727272727274794, -38.18181818181820830, 2.378905949460850877 ) ) ;
#3520 = CARTESIAN_POINT ( 'NONE',  ( 16.33560606461194809, -29.10427599548136968, 0.000000000000000000 ) ) ;
#3521 = VERTEX_POINT ( 'NONE', #193 ) ;
#3522 = DIRECTION ( 'NONE',  ( -0.000000000000000000, -0.000000000000000000, 1.000000000000000000 ) ) ;
#3523 = CARTESIAN_POINT ( 'NONE',  ( -2.576168833897234389, -27.66326889746233775, 3.000000000000000000 ) ) ;
#3524 = CARTESIAN_POINT ( 'NONE',  ( 47.42272727272725774, 22.96818181818179738, 3.000000000000000000 ) ) ;
#3525 = DIRECTION ( 'NONE',  ( 0.5783936123333932589, 0.8157578251000283664, 0.000000000000000000 ) ) ;
#3526 = CARTESIAN_POINT ( 'NONE',  ( 0.000000000000000000, 8.268181818181796316, 0.000000000000000000 ) ) ;
#3527 = ORIENTED_EDGE ( 'NONE', *, *, #261, .F. ) ;
#3528 = ORIENTED_EDGE ( 'NONE', *, *, #1735, .T. ) ;
#3529 = ORIENTED_EDGE ( 'NONE', *, *, #4254, .F. ) ;
#3530 = CARTESIAN_POINT ( 'NONE',  ( 0.000000000000000000, -29.18181818181820475, 3.000000000000000000 ) ) ;
#3531 = DATE_TIME_ROLE ( 'classification_date' ) ;
#3532 = DIRECTION ( 'NONE',  ( 1.000000000000000000, 0.000000000000000000, 0.000000000000000000 ) ) ;
#3533 = CARTESIAN_POINT ( 'NONE',  ( -2.210474734544475961, -29.14653381210548844, 0.000000000000000000 ) ) ;
#3534 = ORIENTED_EDGE ( 'NONE', *, *, #4487, .T. ) ;
#3535 = PLANE ( 'NONE',  #794 ) ;
#3536 = APPROVAL_STATUS ( 'not_yet_approved' ) ;
#3537 = LINE ( 'NONE', #4762, #3480 ) ;
#3538 = AXIS2_PLACEMENT_3D ( 'NONE', #905, #4941, #3745 ) ;
#3539 = CARTESIAN_POINT ( 'NONE',  ( 18.55304654008636689, -22.94478361273728950, 0.000000000000000000 ) ) ;
#3540 = DIRECTION ( 'NONE',  ( 1.000000000000000000, 0.000000000000000000, 0.000000000000000000 ) ) ;
#3541 = EDGE_CURVE ( 'NONE', #1444, #4077, #1979, .T. ) ;
#3542 = VECTOR ( 'NONE', #4372, 1000.000000000000000 ) ;
#3543 = AXIS2_PLACEMENT_3D ( 'NONE', #1711, #3733, #4073 ) ;
#3544 = EDGE_CURVE ( 'NONE', #1483, #218, #1152, .T. ) ;
#3545 = CARTESIAN_POINT ( 'NONE',  ( 5.456735650293810025, -22.90060314001530273, -4.336808689942017736E-16 ) ) ;
#3546 = CARTESIAN_POINT ( 'NONE',  ( 53.27272727272725916, 26.81818181818179525, 0.6250000000000000000 ) ) ;
#3547 = PLANE ( 'NONE',  #1202 ) ;
#3548 = EDGE_LOOP ( 'NONE', ( #2617, #2265, #2794, #1171 ) ) ;
#3549 = ORIENTED_EDGE ( 'NONE', *, *, #517, .T. ) ;
#3550 = DIRECTION ( 'NONE',  ( 0.5782009118852555751, 0.8158944205563970486, 0.000000000000000000 ) ) ;
#3551 = EDGE_CURVE ( 'NONE', #4857, #3402, #5140, .T. ) ;
#3552 = CARTESIAN_POINT ( 'NONE',  ( 31.27272727272725916, 11.81818181818179703, 3.000000000000000000 ) ) ;
#3553 = ADVANCED_FACE ( 'NONE', ( #4348 ), #3903, .T. ) ;
#3554 = DIRECTION ( 'NONE',  ( -1.000000000000000000, 0.000000000000000000, 0.000000000000000000 ) ) ;
#3555 = CARTESIAN_POINT ( 'NONE',  ( 14.50558768017336497, -23.28251074444569824, 3.000000000000000444 ) ) ;
#3556 = EDGE_LOOP ( 'NONE', ( #1534, #1039, #1678, #2572, #2514, #2450, #2008, #2288, #4753, #2604 ) ) ;
#3557 = ORIENTED_EDGE ( 'NONE', *, *, #4543, .F. ) ;
#3558 = CARTESIAN_POINT ( 'NONE',  ( 9.278274578000129225, -29.33973894137351834, -4.336808689942017736E-16 ) ) ;
#3559 = PERSON_AND_ORGANIZATION_ROLE ( 'classification_officer' ) ;
#3560 = ORIENTED_EDGE ( 'NONE', *, *, #4653, .T. ) ;
#3561 = FACE_OUTER_BOUND ( 'NONE', #7, .T. ) ;
#3562 = APPROVAL_DATE_TIME ( #2358, #1916 ) ;
#3563 = VECTOR ( 'NONE', #781, 1000.000000000000000 ) ;
#3564 = CARTESIAN_POINT ( 'NONE',  ( 19.15204808320870455, -29.25430797900631319, 0.000000000000000000 ) ) ;
#3565 = CARTESIAN_POINT ( 'NONE',  ( 19.56963972739677970, -23.33235528793338887, 3.000000000000000000 ) ) ;
#3566 = VECTOR ( 'NONE', #5109, 1000.000000000000114 ) ;
#3567 = VECTOR ( 'NONE', #2856, 1000.000000000000000 ) ;
#3568 = CARTESIAN_POINT ( 'NONE',  ( 4.437279249196497410, -25.30062652768942044, 3.000000000000000000 ) ) ;
#3569 = DIRECTION ( 'NONE',  ( 0.3850879058484640294, -0.9228798972614176144, 0.000000000000000000 ) ) ;
#3570 = CARTESIAN_POINT ( 'NONE',  ( 16.39178681569955742, -21.87644034171499641, 2.999999999999999556 ) ) ;
#3571 = AXIS2_PLACEMENT_3D ( 'NONE', #4621, #3015, #5069 ) ;
#3572 = EDGE_CURVE ( 'NONE', #898, #1460, #2373, .T. ) ;
#3573 = DIRECTION ( 'NONE',  ( -0.000000000000000000, -0.000000000000000000, 1.000000000000000000 ) ) ;
#3574 = EDGE_CURVE ( 'NONE', #83, #4967, #1558, .T. ) ;
#3575 = CARTESIAN_POINT ( 'NONE',  ( 17.99903326387551061, -29.37177544677546948, 0.000000000000000000 ) ) ;
#3576 = ORIENTED_EDGE ( 'NONE', *, *, #3384, .F. ) ;
#3577 = CARTESIAN_POINT ( 'NONE',  ( -48.72727272727274794, -36.18181818181820120, 3.000000000000000000 ) ) ;
#3578 = EDGE_CURVE ( 'NONE', #3901, #3260, #1198, .T. ) ;
#3579 = DIRECTION ( 'NONE',  ( 4.057832692343407875E-16, -1.000000000000000000, 0.000000000000000000 ) ) ;
#3580 = CARTESIAN_POINT ( 'NONE',  ( -3.541823774051843010, -28.46651035596350354, 3.000000000000000000 ) ) ;
#3581 = CARTESIAN_POINT ( 'NONE',  ( 13.83926596953789812, -25.46577918609170865, -4.336808689942017736E-16 ) ) ;
#3582 = ORIENTED_EDGE ( 'NONE', *, *, #4028, .F. ) ;
#3583 = ORIENTED_EDGE ( 'NONE', *, *, #3474, .F. ) ;
#3584 = DIRECTION ( 'NONE',  ( -0.000000000000000000, -0.000000000000000000, -1.000000000000000000 ) ) ;
#3585 = CARTESIAN_POINT ( 'NONE',  ( -25.52727272727274510, -1.035854018190936097E-14, 3.000000000000000000 ) ) ;
#3586 = ORIENTED_EDGE ( 'NONE', *, *, #3860, .F. ) ;
#3587 = DIRECTION ( 'NONE',  ( -1.000000000000000000, 0.000000000000000000, 0.000000000000000000 ) ) ;
#3588 = CARTESIAN_POINT ( 'NONE',  ( 32.74001383278575616, 0.000000000000000000, 0.000000000000000000 ) ) ;
#3589 = FACE_OUTER_BOUND ( 'NONE', #5197, .T. ) ;
#3590 = LOCAL_TIME ( 23, 18, 53.00000000000000000, #2752 ) ;
#3591 = DIRECTION ( 'NONE',  ( -0.000000000000000000, -0.000000000000000000, 1.000000000000000000 ) ) ;
#3592 = CARTESIAN_POINT ( 'NONE',  ( 18.03761833331995490, -28.04207459207461639, 0.000000000000000000 ) ) ;
#3593 = AXIS2_PLACEMENT_3D ( 'NONE', #1434, #4253, #3852 ) ;
#3594 = CARTESIAN_POINT ( 'NONE',  ( 4.436381354153286161, -25.47468343288658232, -4.336808689942017736E-16 ) ) ;
#3595 = FACE_OUTER_BOUND ( 'NONE', #2409, .T. ) ;
#3596 = PLANE ( 'NONE',  #2223 ) ;
#3597 = DIRECTION ( 'NONE',  ( 1.000000000000000000, 0.000000000000000000, 0.000000000000000000 ) ) ;
#3598 = EDGE_LOOP ( 'NONE', ( #2264, #3918, #2132, #4548 ) ) ;
#3599 = EDGE_LOOP ( 'NONE', ( #2056, #4358, #3002, #2667 ) ) ;
#3600 = ADVANCED_FACE ( 'NONE', ( #1682 ), #3289, .F. ) ;
#3601 = CARTESIAN_POINT ( 'NONE',  ( -2.080188164632133407, -29.04328981214636229, 3.000000000000000000 ) ) ;
#3602 = FACE_OUTER_BOUND ( 'NONE', #759, .T. ) ;
#3603 = CARTESIAN_POINT ( 'NONE',  ( 51.27272727272725206, -36.18181818181820120, 3.000000000000000000 ) ) ;
#3604 = CARTESIAN_POINT ( 'NONE',  ( 13.96801938776761531, -24.41868162231892825, -4.336808689942017736E-16 ) ) ;
#3605 = ORIENTED_EDGE ( 'NONE', *, *, #1709, .F. ) ;
#3606 = EDGE_CURVE ( 'NONE', #3271, #2478, #4483, .T. ) ;
#3607 = ORIENTED_EDGE ( 'NONE', *, *, #4162, .T. ) ;
#3608 = CARTESIAN_POINT ( 'NONE',  ( 9.804279992160477519, -29.22094582063262536, 3.000000000000000000 ) ) ;
#3609 = LINE ( 'NONE', #3530, #4759 ) ;
#3610 = ORIENTED_EDGE ( 'NONE', *, *, #867, .F. ) ;
#3611 = EDGE_LOOP ( 'NONE', ( #2374, #887, #4303, #3863 ) ) ;
#3612 = CARTESIAN_POINT ( 'NONE',  ( 17.18596218290736743, -21.65549534974085688, -4.336808689942017736E-16 ) ) ;
#3613 = CARTESIAN_POINT ( 'NONE',  ( 15.78655436079173846, -24.03385591072905925, -4.336808689942017736E-16 ) ) ;
#3614 = CARTESIAN_POINT ( 'NONE',  ( -45.42727272727275079, 7.268181818181796316, 3.000000000000000000 ) ) ;
#3615 = EDGE_CURVE ( 'NONE', #518, #1930, #866, .T. ) ;
#3616 = CARTESIAN_POINT ( 'NONE',  ( -14.74930240653047164, -29.18181818181820475, 0.000000000000000000 ) ) ;
#3617 = CARTESIAN_POINT ( 'NONE',  ( 6.744928011606639018, -21.97981008432081751, -4.336808689942017736E-16 ) ) ;
#3618 = LINE ( 'NONE', #3671, #2502 ) ;
#3619 = CARTESIAN_POINT ( 'NONE',  ( 17.83258959906850194, -21.58557717688984212, 2.999999999999999556 ) ) ;
#3620 = CARTESIAN_POINT ( 'NONE',  ( -0.1225930048210713275, -21.77348484848487331, 0.000000000000000000 ) ) ;
#3621 = AXIS2_PLACEMENT_3D ( 'NONE', #2457, #2878, #4055 ) ;
#3622 = CARTESIAN_POINT ( 'NONE',  ( 14.72813412642179465, -27.99860959574430552, 0.000000000000000000 ) ) ;
#3623 = ORIENTED_EDGE ( 'NONE', *, *, #1937, .F. ) ;
#3624 = DIRECTION ( 'NONE',  ( -0.000000000000000000, -0.000000000000000000, 1.000000000000000000 ) ) ;
#3625 = LINE ( 'NONE', #4816, #3978 ) ;
#3626 = DIRECTION ( 'NONE',  ( -0.5783575558998093058, -0.8157833888561344393, 0.000000000000000000 ) ) ;
#3627 = LINE ( 'NONE', #2448, #379 ) ;
#3628 = CARTESIAN_POINT ( 'NONE',  ( 5.838024105399357566, -22.54736533925386865, 2.999999999999999556 ) ) ;
#3629 = ORIENTED_EDGE ( 'NONE', *, *, #1547, .T. ) ;
#3630 = ORIENTED_EDGE ( 'NONE', *, *, #4282, .F. ) ;
#3631 = CARTESIAN_POINT ( 'NONE',  ( 8.594664607358415864, -29.37177544677546592, 3.000000000000000000 ) ) ;
#3632 = AXIS2_PLACEMENT_3D ( 'NONE', #5102, #1960, #2275 ) ;
#3633 = CARTESIAN_POINT ( 'NONE',  ( 8.594664607358415864, -29.37177544677546948, 0.000000000000000000 ) ) ;
#3634 = EDGE_CURVE ( 'NONE', #4082, #2693, #4559, .T. ) ;
#3635 = EDGE_CURVE ( 'NONE', #639, #1200, #471, .T. ) ;
#3636 = CARTESIAN_POINT ( 'NONE',  ( -25.89713448228638271, -9.866618354644353772, 3.000000000000000000 ) ) ;
#3637 = ORIENTED_EDGE ( 'NONE', *, *, #213, .F. ) ;
#3638 = ORIENTED_EDGE ( 'NONE', *, *, #1086, .T. ) ;
#3639 = CARTESIAN_POINT ( 'NONE',  ( 0.000000000000000000, -27.66216006216008338, 0.000000000000000000 ) ) ;
#3640 = CARTESIAN_POINT ( 'NONE',  ( 15.78655436079173846, -24.03385591072905925, 3.000000000000000000 ) ) ;
#3641 = DIRECTION ( 'NONE',  ( 4.057832692343407875E-16, -1.000000000000000000, 0.000000000000000000 ) ) ;
#3642 = DIRECTION ( 'NONE',  ( 0.000000000000000000, 0.000000000000000000, -1.000000000000000000 ) ) ;
#3643 = CARTESIAN_POINT ( 'NONE',  ( 15.99134090592589352, -27.19902314728471637, 3.000000000000000000 ) ) ;
#3644 = AXIS2_PLACEMENT_3D ( 'NONE', #5128, #1913, #4682 ) ;
#3645 = LINE ( 'NONE', #2516, #4987 ) ;
#3646 = DIRECTION ( 'NONE',  ( 0.000000000000000000, 1.170249963952608117E-16, -1.000000000000000000 ) ) ;
#3647 = CARTESIAN_POINT ( 'NONE',  ( -28.62727272727275007, -7.031818181818207947, 3.000000000000000000 ) ) ;
#3648 = CARTESIAN_POINT ( 'NONE',  ( 5.616974082127881296, -28.22222028132510729, 0.000000000000000000 ) ) ;
#3649 = VECTOR ( 'NONE', #5018, 1000.000000000000000 ) ;
#3650 = CARTESIAN_POINT ( 'NONE',  ( 18.24486385793268894, -28.04111685975073698, 4.336808689942017736E-16 ) ) ;
#3651 = VECTOR ( 'NONE', #220, 1000.000000000000000 ) ;
#3652 = ORIENTED_EDGE ( 'NONE', *, *, #4537, .F. ) ;
#3653 = CARTESIAN_POINT ( 'NONE',  ( 10.87631019051810810, -28.74434059476724457, 2.999999999999999556 ) ) ;
#3654 = CARTESIAN_POINT ( 'NONE',  ( -28.74826240920140563, -29.18181818181820475, 0.000000000000000000 ) ) ;
#3655 = CARTESIAN_POINT ( 'NONE',  ( 8.594664607358415864, -29.37177544677546592, -4.336808689942017736E-16 ) ) ;
#3656 = CARTESIAN_POINT ( 'NONE',  ( -47.22727272727274794, -38.18181818181820830, 2.378905949460850877 ) ) ;
#3657 = CARTESIAN_POINT ( 'NONE',  ( 4.744611842769430154, -23.97551464244209285, 2.999999999999999556 ) ) ;
#3658 = ORIENTED_EDGE ( 'NONE', *, *, #171, .T. ) ;
#3659 = VERTEX_POINT ( 'NONE', #1741 ) ;
#3660 = DIRECTION ( 'NONE',  ( -0.000000000000000000, -0.000000000000000000, -1.000000000000000000 ) ) ;
#3661 = ORIENTED_EDGE ( 'NONE', *, *, #391, .T. ) ;
#3662 = ORIENTED_EDGE ( 'NONE', *, *, #368, .T. ) ;
#3663 = CARTESIAN_POINT ( 'NONE',  ( 13.96801938776761531, -24.41868162231892825, -4.336808689942017736E-16 ) ) ;
#3664 = ADVANCED_FACE ( 'NONE', ( #4875 ), #136, .F. ) ;
#3665 = FACE_OUTER_BOUND ( 'NONE', #4432, .T. ) ;
#3666 = CARTESIAN_POINT ( 'NONE',  ( 15.61629578882987346, -26.64965021715582694, -4.336808689942017736E-16 ) ) ;
#3667 = DIRECTION ( 'NONE',  ( -0.000000000000000000, -0.000000000000000000, 1.000000000000000000 ) ) ;
#3668 = ADVANCED_FACE ( 'NONE', ( #4534 ), #3339, .T. ) ;
#3669 = CARTESIAN_POINT ( 'NONE',  ( 7.247582606475948097, -21.78329273544525080, -4.336808689942017736E-16 ) ) ;
#3670 = CC_DESIGN_APPROVAL ( #3392, ( #4853 ) ) ;
#3671 = CARTESIAN_POINT ( 'NONE',  ( -45.42727272727275079, -6.031818181818208835, 0.000000000000000000 ) ) ;
#3672 = CARTESIAN_POINT ( 'NONE',  ( 16.65197706682996426, -21.78582921536085593, 2.999999999999999556 ) ) ;
#3673 = CARTESIAN_POINT ( 'NONE',  ( 18.01090559293533389, -22.91322843822846167, 0.000000000000000000 ) ) ;
#3674 = VECTOR ( 'NONE', #204, 1000.000000000000114 ) ;
#3675 = CARTESIAN_POINT ( 'NONE',  ( 14.12311253669013844, -27.02569045971518591, 0.000000000000000000 ) ) ;
#3676 = ORIENTED_EDGE ( 'NONE', *, *, #4417, .T. ) ;
#3677 = CARTESIAN_POINT ( 'NONE',  ( 4.434342464842946363, -25.73218551915135777, 0.000000000000000000 ) ) ;
#3678 = DIRECTION ( 'NONE',  ( -0.000000000000000000, -0.000000000000000000, 1.000000000000000000 ) ) ;
#3679 = CARTESIAN_POINT ( 'NONE',  ( -14.74930240653047164, -21.77348484848487331, 3.000000000000000000 ) ) ;
#3680 = CARTESIAN_POINT ( 'NONE',  ( 18.01980983973020756, -21.58352758352760503, -4.336808689942017736E-16 ) ) ;
#3681 = ORIENTED_EDGE ( 'NONE', *, *, #4868, .T. ) ;
#3682 = EDGE_LOOP ( 'NONE', ( #2638, #3185, #1984, #2102 ) ) ;
#3683 = CARTESIAN_POINT ( 'NONE',  ( 10.85440022078999966, -22.22103023182257431, 3.000000000000000000 ) ) ;
#3684 = CARTESIAN_POINT ( 'NONE',  ( 21.33003230392515448, -22.94174059207741934, 3.000000000000000000 ) ) ;
#3685 = CARTESIAN_POINT ( 'NONE',  ( -30.59154503909191547, -21.63298675043421682, 3.000000000000000000 ) ) ;
#3686 = ORIENTED_EDGE ( 'NONE', *, *, #3064, .T. ) ;
#3687 = ORIENTED_EDGE ( 'NONE', *, *, #4085, .F. ) ;
#3688 = CARTESIAN_POINT ( 'NONE',  ( 16.39178681569955742, -21.87644034171499641, -4.336808689942017736E-16 ) ) ;
#3689 = CARTESIAN_POINT ( 'NONE',  ( 15.40439706691086386, -26.00205415691349842, 0.000000000000000000 ) ) ;
#3690 = DIRECTION ( 'NONE',  ( -0.000000000000000000, -0.000000000000000000, -1.000000000000000000 ) ) ;
#3691 = FACE_BOUND ( 'NONE', #2750, .T. ) ;
#3692 = CARTESIAN_POINT ( 'NONE',  ( 6.045544245741792722, -22.38545440359222738, -4.336808689942017736E-16 ) ) ;
#3693 = CARTESIAN_POINT ( 'NONE',  ( 14.12311253669013844, -27.02569045971518591, 0.000000000000000000 ) ) ;
#3694 = FACE_OUTER_BOUND ( 'NONE', #4821, .T. ) ;
#3695 = CARTESIAN_POINT ( 'NONE',  ( 11.78402748333366645, -27.96638695051469625, 3.000000000000000000 ) ) ;
#3696 = EDGE_CURVE ( 'NONE', #5204, #1807, #4091, .T. ) ;
#3697 = ADVANCED_FACE ( 'NONE', ( #263 ), #3108, .T. ) ;
#3698 = CARTESIAN_POINT ( 'NONE',  ( 13.87291691644432312, -26.14441979017244577, 0.000000000000000000 ) ) ;
#3699 = VERTEX_POINT ( 'NONE', #948 ) ;
#3700 = CARTESIAN_POINT ( 'NONE',  ( -9.044648293282609330, -21.77348484848487331, 0.000000000000000000 ) ) ;
#3701 = DIRECTION ( 'NONE',  ( -1.000000000000000000, 0.000000000000000000, -0.000000000000000000 ) ) ;
#3702 = VECTOR ( 'NONE', #1431, 1000.000000000000000 ) ;
#3703 = CARTESIAN_POINT ( 'NONE',  ( 12.69952237979431153, -25.49991213213871788, 3.000000000000000000 ) ) ;
#3704 = DIRECTION ( 'NONE',  ( 0.3850879058484640294, -0.9228798972614176144, 0.000000000000000000 ) ) ;
#3705 = ORIENTED_EDGE ( 'NONE', *, *, #4330, .F. ) ;
#3706 = ORIENTED_EDGE ( 'NONE', *, *, #3473, .F. ) ;
#3707 = AXIS2_PLACEMENT_3D ( 'NONE', #2636, #553, #4234 ) ;
#3708 = CIRCLE ( 'NONE', #4895, 5.850000000000001421 ) ;
#3709 = ADVANCED_FACE ( 'NONE', ( #2555 ), #4207, .T. ) ;
#3710 = EDGE_CURVE ( 'NONE', #4553, #2394, #3837, .T. ) ;
#3711 = CARTESIAN_POINT ( 'NONE',  ( 18.42059435177620941, -21.59567737243131802, -4.336808689942017736E-16 ) ) ;
#3712 = CARTESIAN_POINT ( 'NONE',  ( 18.55304654008636689, -22.94478361273728950, 3.000000000000000000 ) ) ;
#3713 = VERTEX_POINT ( 'NONE', #4978 ) ;
#3714 = VERTEX_POINT ( 'NONE', #4585 ) ;
#3715 = CARTESIAN_POINT ( 'NONE',  ( -3.541823774051843010, -28.46651035596350354, 3.000000000000000000 ) ) ;
#3716 = CARTESIAN_POINT ( 'NONE',  ( -30.49349478099628286, -21.77348484848487331, 0.000000000000000000 ) ) ;
#3717 = CARTESIAN_POINT ( 'NONE',  ( 15.36789589962640434, -25.76593120478492693, -4.336808689942017736E-16 ) ) ;
#3718 = CARTESIAN_POINT ( 'NONE',  ( -3.541823774051843010, -28.46651035596350354, 0.000000000000000000 ) ) ;
#3719 = VERTEX_POINT ( 'NONE', #975 ) ;
#3720 = FACE_OUTER_BOUND ( 'NONE', #3682, .T. ) ;
#3721 = LINE ( 'NONE', #4599, #3008 ) ;
#3722 = CIRCLE ( 'NONE', #2969, 5.249999999999997335 ) ;
#3723 = CARTESIAN_POINT ( 'NONE',  ( 4.434342464842946363, -25.73218551915135777, 0.000000000000000000 ) ) ;
#3724 = DIRECTION ( 'NONE',  ( -0.000000000000000000, -0.000000000000000000, 1.000000000000000000 ) ) ;
#3725 = AXIS2_PLACEMENT_3D ( 'NONE', #99, #2603, #2176 ) ;
#3726 = CARTESIAN_POINT ( 'NONE',  ( 49.42272727272725774, 22.96818181818179738, -4.336808689942017736E-16 ) ) ;
#3727 = ORIENTED_EDGE ( 'NONE', *, *, #1549, .F. ) ;
#3728 = CARTESIAN_POINT ( 'NONE',  ( -28.67999651710739428, -21.77348484848487331, 0.000000000000000000 ) ) ;
#3729 = DIRECTION ( 'NONE',  ( 1.000000000000000000, 0.000000000000000000, 0.000000000000000000 ) ) ;
#3730 = EDGE_CURVE ( 'NONE', #2165, #4018, #3052, .T. ) ;
#3731 = EDGE_CURVE ( 'NONE', #3134, #4723, #4387, .T. ) ;
#3732 = VECTOR ( 'NONE', #728, 1000.000000000000000 ) ;
#3733 = DIRECTION ( 'NONE',  ( -0.9344752101817295209, -0.3560282033151483394, 0.000000000000000000 ) ) ;
#3734 = DIRECTION ( 'NONE',  ( -0.000000000000000000, 0.000000000000000000, 1.000000000000000000 ) ) ;
#3735 = VECTOR ( 'NONE', #1066, 1000.000000000000000 ) ;
#3736 = ORIENTED_EDGE ( 'NONE', *, *, #2850, .T. ) ;
#3737 = EDGE_LOOP ( 'NONE', ( #2930, #1428, #1173, #3560 ) ) ;
#3738 = AXIS2_PLACEMENT_3D ( 'NONE', #739, #1531, #2845 ) ;
#3739 = CARTESIAN_POINT ( 'NONE',  ( 20.52924637668424523, -22.29809133473669647, 3.000000000000000000 ) ) ;
#3740 = CARTESIAN_POINT ( 'NONE',  ( 31.22035571312764546, 0.000000000000000000, 3.000000000000000000 ) ) ;
#3741 = ORIENTED_EDGE ( 'NONE', *, *, #3316, .T. ) ;
#3742 = EDGE_LOOP ( 'NONE', ( #3706, #3727, #4689, #1048 ) ) ;
#3743 = DIRECTION ( 'NONE',  ( 1.000000000000000000, 3.469446951953614189E-17, 0.000000000000000000 ) ) ;
#3744 = CARTESIAN_POINT ( 'NONE',  ( 15.99134090592589352, -27.19902314728471637, 0.000000000000000000 ) ) ;
#3745 = DIRECTION ( 'NONE',  ( -0.000000000000000000, 0.000000000000000000, 1.000000000000000000 ) ) ;
#3746 = LINE ( 'NONE', #4141, #1803 ) ;
#3747 = ORIENTED_EDGE ( 'NONE', *, *, #4776, .F. ) ;
#3748 = CARTESIAN_POINT ( 'NONE',  ( 14.49009426787461763, -27.69376209504779141, 0.000000000000000000 ) ) ;
#3749 = LINE ( 'NONE', #988, #297 ) ;
#3750 = LINE ( 'NONE', #3307, #4500 ) ;
#3751 = EDGE_CURVE ( 'NONE', #4789, #4136, #4730, .T. ) ;
#3752 = EDGE_LOOP ( 'NONE', ( #217, #2824, #4655, #63 ) ) ;
#3753 = CARTESIAN_POINT ( 'NONE',  ( 8.307641981748991711, -29.37378494699596487, 0.000000000000000000 ) ) ;
#3754 = CARTESIAN_POINT ( 'NONE',  ( 19.76480293898980634, -29.06470915750582762, 3.000000000000000000 ) ) ;
#3755 = DIRECTION ( 'NONE',  ( -0.3825642979791262221, -0.9239288705910960742, 0.000000000000000000 ) ) ;
#3756 = CARTESIAN_POINT ( 'NONE',  ( 19.64074542912574017, -27.58168027360233410, 0.000000000000000000 ) ) ;
#3757 = EDGE_CURVE ( 'NONE', #1973, #3759, #3420, .T. ) ;
#3758 = VECTOR ( 'NONE', #493, 1000.000000000000000 ) ;
#3759 = VERTEX_POINT ( 'NONE', #1522 ) ;
#3760 = ORIENTED_EDGE ( 'NONE', *, *, #2839, .F. ) ;
#3761 = CARTESIAN_POINT ( 'NONE',  ( 12.69952237979431153, -25.49991213213871788, 0.000000000000000000 ) ) ;
#3762 = LINE ( 'NONE', #952, #4472 ) ;
#3763 = EDGE_CURVE ( 'NONE', #2823, #3925, #3132, .T. ) ;
#3764 = EDGE_CURVE ( 'NONE', #2892, #639, #4470, .T. ) ;
#3765 = VERTEX_POINT ( 'NONE', #706 ) ;
#3766 = ORIENTED_EDGE ( 'NONE', *, *, #1251, .F. ) ;
#3767 = FACE_OUTER_BOUND ( 'NONE', #1844, .T. ) ;
#3768 = CARTESIAN_POINT ( 'NONE',  ( 17.72990506178024717, -28.03114075347657064, 0.000000000000000000 ) ) ;
#3769 = CARTESIAN_POINT ( 'NONE',  ( 15.44146680141223626, -26.17158415355637757, -4.336808689942017736E-16 ) ) ;
#3770 = FACE_BOUND ( 'NONE', #1011, .T. ) ;
#3771 = CARTESIAN_POINT ( 'NONE',  ( 6.744928011606639018, -21.97981008432081751, -4.336808689942017736E-16 ) ) ;
#3772 = ORIENTED_EDGE ( 'NONE', *, *, #2998, .T. ) ;
#3773 = CARTESIAN_POINT ( 'NONE',  ( 13.83926596953789634, -25.46577918609170510, 4.336808689942017736E-16 ) ) ;
#3774 = EDGE_CURVE ( 'NONE', #1483, #1103, #2316, .T. ) ;
#3775 = CARTESIAN_POINT ( 'NONE',  ( 1.397065114837045652, 0.000000000000000000, 0.000000000000000000 ) ) ;
#3776 = DIRECTION ( 'NONE',  ( -1.000000000000000000, 0.000000000000000000, 0.000000000000000000 ) ) ;
#3777 = ORIENTED_EDGE ( 'NONE', *, *, #2707, .F. ) ;
#3778 = CARTESIAN_POINT ( 'NONE',  ( -30.59151971043662144, -21.63487849756751302, 0.000000000000000000 ) ) ;
#3779 = DIRECTION ( 'NONE',  ( 0.000000000000000000, -1.000000000000000000, 0.000000000000000000 ) ) ;
#3780 = FACE_OUTER_BOUND ( 'NONE', #5076, .T. ) ;
#3781 = CARTESIAN_POINT ( 'NONE',  ( 21.16078607548115187, -22.77393435538328959, 4.336808689942017736E-16 ) ) ;
#3782 = ORIENTED_EDGE ( 'NONE', *, *, #641, .F. ) ;
#3783 = ORIENTED_EDGE ( 'NONE', *, *, #4355, .T. ) ;
#3784 = VECTOR ( 'NONE', #684, 1000.000000000000000 ) ;
#3785 = CARTESIAN_POINT ( 'NONE',  ( 12.53545183065554092, -24.34041749189145420, 3.000000000000000000 ) ) ;
#3786 = CARTESIAN_POINT ( 'NONE',  ( 18.73819772170884690, -21.63433170521069826, -4.336808689942017736E-16 ) ) ;
#3787 = DIRECTION ( 'NONE',  ( -0.000000000000000000, -0.000000000000000000, 1.000000000000000000 ) ) ;
#3788 = AXIS2_PLACEMENT_3D ( 'NONE', #4742, #3226, #4713 ) ;
#3789 = VECTOR ( 'NONE', #1228, 1000.000000000000000 ) ;
#3790 = EDGE_LOOP ( 'NONE', ( #3870, #4326 ) ) ;
#3791 = ORIENTED_EDGE ( 'NONE', *, *, #3035, .F. ) ;
#3792 = ORIENTED_EDGE ( 'NONE', *, *, #1418, .T. ) ;
#3793 = LINE ( 'NONE', #3109, #3198 ) ;
#3794 = CARTESIAN_POINT ( 'NONE',  ( 17.99903326387550706, -29.37177544677546592, 0.000000000000000000 ) ) ;
#3795 = EDGE_CURVE ( 'NONE', #1606, #639, #5134, .T. ) ;
#3796 = ADVANCED_FACE ( 'NONE', ( #1621 ), #289, .F. ) ;
#3797 = CARTESIAN_POINT ( 'NONE',  ( 17.72990506178024717, -28.03114075347657064, 3.000000000000000000 ) ) ;
#3798 = FACE_BOUND ( 'NONE', #1172, .T. ) ;
#3799 = LINE ( 'NONE', #506, #1883 ) ;
#3800 = VERTEX_POINT ( 'NONE', #1219 ) ;
#3801 = CARTESIAN_POINT ( 'NONE',  ( -6.492155229659545945, 2.477475102664551176, 3.000000000000000000 ) ) ;
#3802 = CARTESIAN_POINT ( 'NONE',  ( -9.877195368603121750, -27.66216006216008338, 0.000000000000000000 ) ) ;
#3803 = CARTESIAN_POINT ( 'NONE',  ( 28.49714023502934879, -29.18181818181820475, 3.000000000000000000 ) ) ;
#3804 = VECTOR ( 'NONE', #1306, 1000.000000000000000 ) ;
#3805 = AXIS2_PLACEMENT_3D ( 'NONE', #1801, #2289, #2618 ) ;
#3806 = ORIENTED_EDGE ( 'NONE', *, *, #3764, .T. ) ;
#3807 = DIRECTION ( 'NONE',  ( -0.000000000000000000, -0.000000000000000000, 1.000000000000000000 ) ) ;
#3808 = CARTESIAN_POINT ( 'NONE',  ( 2.439652015760118309E-16, -7.031818181818207059, 0.000000000000000000 ) ) ;
#3809 = CARTESIAN_POINT ( 'NONE',  ( -26.09182878206465972, -25.43313028117718133, 0.000000000000000000 ) ) ;
#3810 = CARTESIAN_POINT ( 'NONE',  ( 19.78610835249354949, -27.48178885524642112, 0.000000000000000000 ) ) ;
#3811 = EDGE_LOOP ( 'NONE', ( #2082, #3500, #584, #4208 ) ) ;
#3812 = VERTEX_POINT ( 'NONE', #4442 ) ;
#3813 = CIRCLE ( 'NONE', #786, 1.000000000000000000 ) ;
#3814 = CARTESIAN_POINT ( 'NONE',  ( 12.69868080053708326, -25.23588238228885672, 0.000000000000000000 ) ) ;
#3815 = CARTESIAN_POINT ( 'NONE',  ( -6.569810716854044053, 4.658167456011717000, 0.000000000000000000 ) ) ;
#3816 = VECTOR ( 'NONE', #3942, 1000.000000000000000 ) ;
#3817 = CARTESIAN_POINT ( 'NONE',  ( 13.99508418012437083, -26.66276637507308322, 3.000000000000000000 ) ) ;
#3818 = ORIENTED_EDGE ( 'NONE', *, *, #389, .F. ) ;
#3819 = ORIENTED_EDGE ( 'NONE', *, *, #3751, .T. ) ;
#3820 = AXIS2_PLACEMENT_3D ( 'NONE', #3138, #4023, #2347 ) ;
#3821 = DIRECTION ( 'NONE',  ( 1.000000000000000000, 0.000000000000000000, 0.000000000000000000 ) ) ;
#3822 = CARTESIAN_POINT ( 'NONE',  ( -28.62727272727275007, 7.268181818181796316, 0.000000000000000000 ) ) ;
#3823 = CARTESIAN_POINT ( 'NONE',  ( 17.31422864670522088, -27.96070757881440016, 3.000000000000000000 ) ) ;
#3824 = CARTESIAN_POINT ( 'NONE',  ( -1.862219752462009437, -28.73271876244334067, 0.000000000000000000 ) ) ;
#3825 = ORIENTED_EDGE ( 'NONE', *, *, #904, .F. ) ;
#3826 = EDGE_CURVE ( 'NONE', #4877, #4795, #2859, .T. ) ;
#3827 = CYLINDRICAL_SURFACE ( 'NONE', #1793, 2.000000000000001776 ) ;
#3828 = FACE_BOUND ( 'NONE', #1398, .T. ) ;
#3829 = LINE ( 'NONE', #2699, #4918 ) ;
#3830 = CARTESIAN_POINT ( 'NONE',  ( 0.000000000000000000, -29.18181818181820475, 0.000000000000000000 ) ) ;
#3831 = EDGE_CURVE ( 'NONE', #3173, #4450, #3840, .T. ) ;
#3832 = EDGE_LOOP ( 'NONE', ( #1756, #1288, #1518, #1226 ) ) ;
#3833 = DIRECTION ( 'NONE',  ( 0.3850879058484640294, -0.9228798972614176144, 0.000000000000000000 ) ) ;
#3834 = DIRECTION ( 'NONE',  ( 1.000000000000000000, 0.000000000000000000, 0.000000000000000000 ) ) ;
#3835 = CARTESIAN_POINT ( 'NONE',  ( 19.76480293898980634, -29.06470915750582762, 3.000000000000000444 ) ) ;
#3836 = B_SPLINE_CURVE_WITH_KNOTS ( 'NONE', 3,
 ( #1647, #2011, #3248, #4860, #850, #356, #14, #4060, #1163, #4885, #1620, #3564, #3222, #4361, #5180, #4569, #3794 ),
 .UNSPECIFIED., .F., .F.,
 ( 4, 1, 1, 1, 1, 1, 1, 1, 1, 1, 1, 1, 1, 1, 4 ),
 ( 0.000000000000000000, 0.1490375848538822157, 0.2185348239973460838, 0.2856287703758465524, 0.3493423083896623482, 0.4101553628377651028, 0.4689535931473927666, 0.5248551352576829032, 0.5803167174177098486, 0.6363864506466456739, 0.6933286850164632753, 0.7519574112603580884, 0.8117241633569335368, 0.8726968835422423965, 1.000000000000000000 ),
 .UNSPECIFIED. ) ;
#3837 = LINE ( 'NONE', #2240, #1441 ) ;
#3838 = EDGE_LOOP ( 'NONE', ( #847, #1477, #1094, #3687 ) ) ;
#3839 = VERTEX_POINT ( 'NONE', #4313 ) ;
#3840 = B_SPLINE_CURVE_WITH_KNOTS ( 'NONE', 3,
 ( #2834, #461, #2062, #680, #854, #1093, #2037, #4862, #5110, #4837, #1893, #3643, #3916, #434, #68, #1117, #47, #1671, #1245, #1070, #4289, #3493, #1499, #3105, #2708 ),
 .UNSPECIFIED., .F., .F.,
 ( 4, 1, 1, 1, 1, 1, 1, 1, 1, 1, 1, 1, 1, 1, 1, 1, 1, 1, 1, 1, 1, 1, 4 ),
 ( 0.000000000000000000, 0.08775568678357958952, 0.1302544897754718545, 0.1718076674778769575, 0.2125957092729889308, 0.2532670379414711515, 0.2937556223358452900, 0.3342191519107443609, 0.3742242590811638014, 0.4139607071907028812, 0.4536221160360138782, 0.4934032011068728574, 0.5332606903807827203, 0.5736379754379862250, 0.6144213551209768420, 0.6563752887517388945, 0.6984122323152590628, 0.7405350317391540260, 0.7826442866122498287, 0.8247068546484709328, 0.8676522214772887098, 0.9108037178282372137, 1.000000000000000000 ),
 .UNSPECIFIED. ) ;
#3841 = CARTESIAN_POINT ( 'NONE',  ( 8.272727272727248504, 10.06818181818179525, 3.000000000000000000 ) ) ;
#3842 = PLANE ( 'NONE',  #2730 ) ;
#3843 = LINE ( 'NONE', #979, #602 ) ;
#3844 = VECTOR ( 'NONE', #3993, 1000.000000000000000 ) ;
#3845 = ORIENTED_EDGE ( 'NONE', *, *, #2123, .F. ) ;
#3846 = ORIENTED_EDGE ( 'NONE', *, *, #3891, .F. ) ;
#3847 = CARTESIAN_POINT ( 'NONE',  ( -2.210474734544475961, -29.14653381210548844, 3.000000000000000000 ) ) ;
#3848 = CARTESIAN_POINT ( 'NONE',  ( 16.81579300446939484, -27.78958228189738833, 3.000000000000000000 ) ) ;
#3849 = CARTESIAN_POINT ( 'NONE',  ( -14.74930240653047164, -21.77348484848487331, 0.000000000000000000 ) ) ;
#3850 = ORIENTED_EDGE ( 'NONE', *, *, #541, .F. ) ;
#3851 = AXIS2_PLACEMENT_3D ( 'NONE', #5027, #1417, #4686 ) ;
#3852 = DIRECTION ( 'NONE',  ( -1.000000000000000000, 0.000000000000000000, -0.000000000000000000 ) ) ;
#3853 = CARTESIAN_POINT ( 'NONE',  ( -3.432800169344752295, -3.484112578453040676, 3.000000000000000000 ) ) ;
#3854 = CARTESIAN_POINT ( 'NONE',  ( 1.397065114837045652, -21.77348484848487331, 3.000000000000000000 ) ) ;
#3855 = EDGE_LOOP ( 'NONE', ( #5051, #446, #4561, #2500 ) ) ;
#3856 = FACE_OUTER_BOUND ( 'NONE', #2075, .T. ) ;
#3857 = CARTESIAN_POINT ( 'NONE',  ( -2.797863329591060655, -27.66326889746233419, 0.000000000000000000 ) ) ;
#3858 = EDGE_CURVE ( 'NONE', #997, #2924, #3943, .T. ) ;
#3859 = CARTESIAN_POINT ( 'NONE',  ( 19.76480293898980634, -29.06470915750582762, 0.000000000000000000 ) ) ;
#3860 = EDGE_CURVE ( 'NONE', #810, #4565, #1920, .T. ) ;
#3861 = CARTESIAN_POINT ( 'NONE',  ( 19.17781431510661605, -27.83232392098213381, 3.000000000000000000 ) ) ;
#3862 = EDGE_LOOP ( 'NONE', ( #3818, #1815, #2721, #3638 ) ) ;
#3863 = ORIENTED_EDGE ( 'NONE', *, *, #335, .F. ) ;
#3864 = VECTOR ( 'NONE', #4961, 1000.000000000000000 ) ;
#3865 = CARTESIAN_POINT ( 'NONE',  ( 12.69868080053708326, -25.23588238228885672, 3.000000000000000000 ) ) ;
#3866 = CARTESIAN_POINT ( 'NONE',  ( -2.080194655540391402, -27.89251255513018179, 0.000000000000000000 ) ) ;
#3867 = CARTESIAN_POINT ( 'NONE',  ( 5.341640947990739186, -27.92932543661883216, 3.000000000000000000 ) ) ;
#3868 = ORIENTED_EDGE ( 'NONE', *, *, #594, .F. ) ;
#3869 = EDGE_CURVE ( 'NONE', #725, #4243, #733, .T. ) ;
#3870 = ORIENTED_EDGE ( 'NONE', *, *, #618, .T. ) ;
#3871 = ADVANCED_FACE ( 'NONE', ( #1946 ), #3547, .F. ) ;
#3872 = ORIENTED_EDGE ( 'NONE', *, *, #4639, .F. ) ;
#3873 = DIRECTION ( 'NONE',  ( 1.000000000000000000, 0.000000000000000000, 0.000000000000000000 ) ) ;
#3874 = APPROVAL_STATUS ( 'not_yet_approved' ) ;
#3875 = VECTOR ( 'NONE', #4965, 1000.000000000000000 ) ;
#3876 = CARTESIAN_POINT ( 'NONE',  ( -7.440399829073209403, -21.77348484848487331, 3.000000000000000000 ) ) ;
#3877 = ORIENTED_EDGE ( 'NONE', *, *, #3551, .T. ) ;
#3878 = CARTESIAN_POINT ( 'NONE',  ( 8.272727272727248504, 10.06818181818179525, 3.000000000000000000 ) ) ;
#3879 = FACE_BOUND ( 'NONE', #2685, .T. ) ;
#3880 = DIRECTION ( 'NONE',  ( 0.000000000000000000, 0.000000000000000000, 1.000000000000000000 ) ) ;
#3881 = CARTESIAN_POINT ( 'NONE',  ( 3.581573661845596668, -29.18181818181820475, 0.000000000000000000 ) ) ;
#3882 = AXIS2_PLACEMENT_3D ( 'NONE', #1067, #3390, #4259 ) ;
#3883 = ORIENTED_EDGE ( 'NONE', *, *, #1348, .T. ) ;
#3884 = CARTESIAN_POINT ( 'NONE',  ( 49.77272727272725206, -36.18181818181820120, 2.378905949460850433 ) ) ;
#3885 = LINE ( 'NONE', #184, #1870 ) ;
#3886 = CARTESIAN_POINT ( 'NONE',  ( 20.56503259806543227, -28.63179113359114680, 3.000000000000000444 ) ) ;
#3887 = DIRECTION ( 'NONE',  ( 0.000000000000000000, 0.000000000000000000, 1.000000000000000000 ) ) ;
#3888 = EDGE_LOOP ( 'NONE', ( #4530, #3220, #4661, #4721 ) ) ;
#3889 = ADVANCED_FACE ( 'NONE', ( #2913 ), #3276, .F. ) ;
#3890 = ORIENTED_EDGE ( 'NONE', *, *, #1942, .T. ) ;
#3891 = EDGE_CURVE ( 'NONE', #689, #1788, #3303, .T. ) ;
#3892 = CARTESIAN_POINT ( 'NONE',  ( 2.439652015760118309E-16, -7.031818181818207059, 3.000000000000000000 ) ) ;
#3893 = DIRECTION ( 'NONE',  ( 1.000000000000000000, 0.000000000000000000, 0.000000000000000000 ) ) ;
#3894 = CARTESIAN_POINT ( 'NONE',  ( -1.861623312011494891, -28.20046426337813728, 0.000000000000000000 ) ) ;
#3895 = CARTESIAN_POINT ( 'NONE',  ( 13.91066316326208252, -24.66919994463619048, 3.000000000000000444 ) ) ;
#3896 = EDGE_CURVE ( 'NONE', #4043, #2299, #1712, .T. ) ;
#3897 = ORIENTED_EDGE ( 'NONE', *, *, #3474, .T. ) ;
#3898 = VECTOR ( 'NONE', #911, 1000.000000000000000 ) ;
#3899 = EDGE_CURVE ( 'NONE', #496, #3714, #3799, .T. ) ;
#3900 = ORIENTED_EDGE ( 'NONE', *, *, #4139, .T. ) ;
#3901 = VERTEX_POINT ( 'NONE', #932 ) ;
#3902 = CARTESIAN_POINT ( 'NONE',  ( 0.000000000000000000, -29.18181818181820475, 0.000000000000000000 ) ) ;
#3903 = B_SPLINE_SURFACE_WITH_KNOTS ( 'NONE', 3, 1, ( 
 ( #3581, #3190 ),
 ( #1532, #4794 ),
 ( #4720, #1178 ),
 ( #2348, #3895 ),
 ( #3604, #3112 ),
 ( #1605, #397 ),
 ( #1101, #2793 ),
 ( #3950, #370 ),
 ( #345, #3 ),
 ( #1954, #3555 ),
 ( #5195, #4003 ),
 ( #1584, #3166 ),
 ( #4749, #4399 ),
 ( #2715, #789 ),
 ( #4322, #2402 ),
 ( #1900, #2766 ),
 ( #5169, #3212 ),
 ( #4774, #763 ),
 ( #4819, #1205 ),
 ( #2740, #2822 ),
 ( #4430, #299 ),
 ( #1127, #814 ),
 ( #5116, #1504 ),
 ( #717, #2323 ),
 ( #1927, #3923 ) ),
 .UNSPECIFIED., .F., .F., .F.,
 ( 4, 1, 1, 1, 1, 1, 1, 1, 1, 1, 1, 1, 1, 1, 1, 1, 1, 1, 1, 1, 1, 1, 4 ),
 ( 2, 2 ),
 ( 0.000000000000000000, 0.08504639580243111840, 0.1259021526808608571, 0.1663360397768396115, 0.2060832989416689909, 0.2458688252561862242, 0.2850785020373755030, 0.3247511710850991551, 0.3644512289307332287, 0.4039949165250978913, 0.4439542316709211289, 0.4840147450506266935, 0.5247005424166525378, 0.5660107107476504140, 0.6082992893723843109, 0.6517309999915859020, 0.6954153732104148000, 0.7388846079940503131, 0.7820892313455268807, 0.8251918425014448388, 0.8683076910763700695, 0.9116968350784143693, 1.000000000000000000 ),
 ( 0.000000000000000000, 1.000000000000000000 ),
 .UNSPECIFIED. ) ;
#3904 = VECTOR ( 'NONE', #4783, 1000.000000000000000 ) ;
#3905 = CARTESIAN_POINT ( 'NONE',  ( 18.94544219565073817, -27.91687383885171059, 3.000000000000000444 ) ) ;
#3906 = AXIS2_PLACEMENT_3D ( 'NONE', #1770, #2877, #2135 ) ;
#3907 = ORIENTED_EDGE ( 'NONE', *, *, #3990, .T. ) ;
#3908 = VECTOR ( 'NONE', #1439, 1000.000000000000000 ) ;
#3909 = PLANE ( 'NONE',  #3632 ) ;
#3910 = CARTESIAN_POINT ( 'NONE',  ( 17.56427028380022648, -22.93386817770707964, 3.000000000000000000 ) ) ;
#3911 = DIRECTION ( 'NONE',  ( 0.000000000000000000, -1.000000000000000000, -1.170249963952608117E-16 ) ) ;
#3912 = CARTESIAN_POINT ( 'NONE',  ( 20.22774371775117785, -23.82007945162367690, 0.000000000000000000 ) ) ;
#3913 = ORIENTED_EDGE ( 'NONE', *, *, #1249, .F. ) ;
#3914 = CARTESIAN_POINT ( 'NONE',  ( 4.744611842769430154, -23.97551464244209285, -4.336808689942017736E-16 ) ) ;
#3915 = DIRECTION ( 'NONE',  ( -0.000000000000000000, -0.000000000000000000, 1.000000000000000000 ) ) ;
#3916 = CARTESIAN_POINT ( 'NONE',  ( 16.10691310229740836, -27.31805767285768383, 3.000000000000000000 ) ) ;
#3917 = EDGE_LOOP ( 'NONE', ( #561, #4464, #1762, #4745 ) ) ;
#3918 = ORIENTED_EDGE ( 'NONE', *, *, #1710, .F. ) ;
#3919 = CYLINDRICAL_SURFACE ( 'NONE', #3805, 5.850000000000001421 ) ;
#3920 = DIRECTION ( 'NONE',  ( 1.000000000000000000, 0.000000000000000000, 0.000000000000000000 ) ) ;
#3921 = CARTESIAN_POINT ( 'NONE',  ( 49.77272727272725206, -38.18181818181820830, 2.378905949460850433 ) ) ;
#3922 = ADVANCED_FACE ( 'NONE', ( #201 ), #2222, .T. ) ;
#3923 = CARTESIAN_POINT ( 'NONE',  ( 18.01980983973020756, -21.58352758352760503, 3.000000000000000444 ) ) ;
#3924 = ORIENTED_EDGE ( 'NONE', *, *, #3351, .F. ) ;
#3925 = VERTEX_POINT ( 'NONE', #2541 ) ;
#3926 = ORIENTED_EDGE ( 'NONE', *, *, #2770, .F. ) ;
#3927 = LINE ( 'NONE', #1131, #3227 ) ;
#3928 = DIRECTION ( 'NONE',  ( -1.000000000000000000, 0.000000000000000000, 0.000000000000000000 ) ) ;
#3929 = APPROVAL_DATE_TIME ( #769, #3392 ) ;
#3930 = EDGE_CURVE ( 'NONE', #3029, #4009, #3746, .T. ) ;
#3931 = CIRCLE ( 'NONE', #320, 1.000000000000000888 ) ;
#3932 = EDGE_CURVE ( 'NONE', #4450, #2680, #1456, .T. ) ;
#3933 = CARTESIAN_POINT ( 'NONE',  ( -6.177272727272750785, 9.068181818181795251, 0.000000000000000000 ) ) ;
#3934 = ORIENTED_EDGE ( 'NONE', *, *, #576, .T. ) ;
#3935 = FACE_OUTER_BOUND ( 'NONE', #1415, .T. ) ;
#3936 = CARTESIAN_POINT ( 'NONE',  ( -2.687016081744146412, -27.66216006216008338, 0.000000000000000000 ) ) ;
#3937 = DIRECTION ( 'NONE',  ( 0.7123327799523870851, -0.7018418700856369208, 0.000000000000000000 ) ) ;
#3938 = FACE_OUTER_BOUND ( 'NONE', #4367, .T. ) ;
#3939 = CARTESIAN_POINT ( 'NONE',  ( 8.272727272727246728, -7.031818181818207059, 3.000000000000000000 ) ) ;
#3940 = APPROVAL ( #1455, 'UNSPECIFIED' ) ;
#3941 = CARTESIAN_POINT ( 'NONE',  ( 16.12233335210716234, -23.64606538506214761, 2.999999999999999556 ) ) ;
#3942 = DIRECTION ( 'NONE',  ( 0.000000000000000000, -1.000000000000000000, 0.000000000000000000 ) ) ;
#3943 = LINE ( 'NONE', #3519, #185 ) ;
#3944 = ORIENTED_EDGE ( 'NONE', *, *, #3869, .T. ) ;
#3945 = ORIENTED_EDGE ( 'NONE', *, *, #2157, .T. ) ;
#3946 = B_SPLINE_SURFACE_WITH_KNOTS ( 'NONE', 3, 1, ( 
 ( #1660, #1258 ),
 ( #3264, #1507 ),
 ( #1430, #3089 ),
 ( #4675, #1454 ),
 ( #1853, #4222 ),
 ( #1079, #3847 ),
 ( #4274, #3115 ),
 ( #2330, #1106 ),
 ( #2300, #617 ) ),
 .UNSPECIFIED., .F., .F., .F.,
 ( 4, 1, 1, 1, 1, 1, 4 ),
 ( 2, 2 ),
 ( 0.000000000000000000, 0.2431346283552260901, 0.3646086946283983998, 0.4916483636565102677, 0.6201445122021304046, 0.7439861845790823880, 1.000000000000000000 ),
 ( 0.000000000000000000, 1.000000000000000000 ),
 .UNSPECIFIED. ) ;
#3947 = DIRECTION ( 'NONE',  ( -1.000000000000000000, -0.000000000000000000, -0.000000000000000000 ) ) ;
#3948 = DIRECTION ( 'NONE',  ( -0.000000000000000000, 0.000000000000000000, 1.000000000000000000 ) ) ;
#3949 = DIRECTION ( 'NONE',  ( -0.000000000000000000, -0.000000000000000000, 1.000000000000000000 ) ) ;
#3950 = CARTESIAN_POINT ( 'NONE',  ( 14.24195110938329734, -23.71221929385012928, -4.336808689942017736E-16 ) ) ;
#3951 = EDGE_LOOP ( 'NONE', ( #3741, #1874 ) ) ;
#3952 = ORIENTED_EDGE ( 'NONE', *, *, #1026, .F. ) ;
#3953 = CARTESIAN_POINT ( 'NONE',  ( 10.53466601660137947, -28.93745516444422705, 3.000000000000000000 ) ) ;
#3954 = DIRECTION ( 'NONE',  ( -1.000000000000000000, 0.000000000000000000, 0.000000000000000000 ) ) ;
#3955 = EDGE_LOOP ( 'NONE', ( #4993, #4780, #4343, #1539 ) ) ;
#3956 = EDGE_CURVE ( 'NONE', #2109, #248, #1879, .T. ) ;
#3957 = CARTESIAN_POINT ( 'NONE',  ( -10.07727272727274759, -6.031818181818207059, 0.000000000000000000 ) ) ;
#3958 = EDGE_CURVE ( 'NONE', #3402, #3266, #251, .T. ) ;
#3959 = DIRECTION ( 'NONE',  ( -0.000000000000000000, -0.000000000000000000, 1.000000000000000000 ) ) ;
#3960 = VECTOR ( 'NONE', #3540, 1000.000000000000000 ) ;
#3961 = CARTESIAN_POINT ( 'NONE',  ( 20.39724373396097690, -23.99064230040794854, 3.000000000000000000 ) ) ;
#3962 = AXIS2_PLACEMENT_3D ( 'NONE', #2297, #3425, #166 ) ;
#3963 = CIRCLE ( 'NONE', #4300, 2.000000000000001776 ) ;
#3964 = EDGE_CURVE ( 'NONE', #555, #1180, #724, .T. ) ;
#3965 = CARTESIAN_POINT ( 'NONE',  ( 31.27272727272725916, 11.81818181818179703, 0.000000000000000000 ) ) ;
#3966 = FACE_OUTER_BOUND ( 'NONE', #2452, .T. ) ;
#3967 = CARTESIAN_POINT ( 'NONE',  ( 53.27272727272725916, 26.81818181818179525, 1.500000000000000000 ) ) ;
#3968 = AXIS2_PLACEMENT_3D ( 'NONE', #4316, #1601, #3208 ) ;
#3969 = ORIENTED_EDGE ( 'NONE', *, *, #1061, .T. ) ;
#3970 = ORIENTED_EDGE ( 'NONE', *, *, #1530, .T. ) ;
#3971 = ORIENTED_EDGE ( 'NONE', *, *, #3730, .T. ) ;
#3972 = LINE ( 'NONE', #365, #4402 ) ;
#3973 = DIRECTION ( 'NONE',  ( 0.000000000000000000, 0.000000000000000000, 1.000000000000000000 ) ) ;
#3974 = CARTESIAN_POINT ( 'NONE',  ( -3.293843998856162525, -29.04328981214635874, 0.000000000000000000 ) ) ;
#3975 = DIRECTION ( 'NONE',  ( -0.000000000000000000, -0.000000000000000000, -1.000000000000000000 ) ) ;
#3976 = VERTEX_POINT ( 'NONE', #2273 ) ;
#3977 = ORIENTED_EDGE ( 'NONE', *, *, #1999, .T. ) ;
#3978 = VECTOR ( 'NONE', #2737, 1000.000000000000000 ) ;
#3979 = LINE ( 'NONE', #2429, #5095 ) ;
#3980 = APPROVAL_ROLE ( '' ) ;
#3981 = EDGE_CURVE ( 'NONE', #116, #997, #3017, .T. ) ;
#3982 = EDGE_LOOP ( 'NONE', ( #687, #4296, #3736, #2328 ) ) ;
#3983 = DIRECTION ( 'NONE',  ( 0.000000000000000000, -1.239088197126291063E-16, -1.000000000000000000 ) ) ;
#3984 =( NAMED_UNIT ( * ) SI_UNIT ( $, .STERADIAN. ) SOLID_ANGLE_UNIT ( ) );
#3985 = VECTOR ( 'NONE', #828, 1000.000000000000000 ) ;
#3986 = DIRECTION ( 'NONE',  ( -0.000000000000000000, -0.000000000000000000, 1.000000000000000000 ) ) ;
#3987 = DIRECTION ( 'NONE',  ( -0.000000000000000000, -0.000000000000000000, 1.000000000000000000 ) ) ;
#3988 = DIRECTION ( 'NONE',  ( -1.000000000000000000, 0.000000000000000000, 0.000000000000000000 ) ) ;
#3989 = AXIS2_PLACEMENT_3D ( 'NONE', #3603, #1583, #1204 ) ;
#3990 = EDGE_CURVE ( 'NONE', #1788, #3027, #2332, .T. ) ;
#3991 = VECTOR ( 'NONE', #4761, 1000.000000000000000 ) ;
#3992 = DIRECTION ( 'NONE',  ( 1.000000000000000000, 0.000000000000000000, 0.000000000000000000 ) ) ;
#3993 = DIRECTION ( 'NONE',  ( -0.3825642979791262221, -0.9239288705910960742, 0.000000000000000000 ) ) ;
#3994 = CARTESIAN_POINT ( 'NONE',  ( 15.21139753943807627, -22.54674573480384225, 2.999999999999999556 ) ) ;
#3995 = VECTOR ( 'NONE', #4248, 1000.000000000000000 ) ;
#3996 = CARTESIAN_POINT ( 'NONE',  ( 3.581573661845596668, -29.18181818181820475, 3.000000000000000000 ) ) ;
#3997 = EDGE_CURVE ( 'NONE', #2693, #440, #2672, .T. ) ;
#3998 = VERTEX_POINT ( 'NONE', #279 ) ;
#3999 = ORIENTED_EDGE ( 'NONE', *, *, #3487, .T. ) ;
#4000 = CARTESIAN_POINT ( 'NONE',  ( -1.862219752462009437, -28.73271876244334067, 3.000000000000000000 ) ) ;
#4001 = PLANE ( 'NONE',  #2028 ) ;
#4002 = PLANE ( 'NONE',  #3989 ) ;
#4003 = CARTESIAN_POINT ( 'NONE',  ( 14.66143383000506795, -23.08298680555481752, 3.000000000000000444 ) ) ;
#4004 = VERTEX_POINT ( 'NONE', #3432 ) ;
#4005 = ORIENTED_EDGE ( 'NONE', *, *, #423, .F. ) ;
#4006 = CARTESIAN_POINT ( 'NONE',  ( 8.594664607358415864, -29.37177544677546592, -4.336808689942017736E-16 ) ) ;
#4007 = CARTESIAN_POINT ( 'NONE',  ( 34.92452237979430407, 0.000000000000000000, 3.000000000000000000 ) ) ;
#4008 = ORIENTED_EDGE ( 'NONE', *, *, #3345, .T. ) ;
#4009 = VERTEX_POINT ( 'NONE', #1033 ) ;
#4010 = CARTESIAN_POINT ( 'NONE',  ( 14.66143383000506795, -23.08298680555481752, -4.336808689942017736E-16 ) ) ;
#4011 = LINE ( 'NONE', #429, #2136 ) ;
#4012 = CARTESIAN_POINT ( 'NONE',  ( -10.07727272727274759, -6.031818181818207059, 3.000000000000000000 ) ) ;
#4013 = VECTOR ( 'NONE', #4149, 1000.000000000000000 ) ;
#4014 = CARTESIAN_POINT ( 'NONE',  ( 4.452601816780982880, -25.04101754217555964, -4.336808689942017736E-16 ) ) ;
#4015 = LINE ( 'NONE', #410, #4329 ) ;
#4016 = LINE ( 'NONE', #1919, #4922 ) ;
#4017 = EDGE_LOOP ( 'NONE', ( #2528, #1981, #1208, #161 ) ) ;
#4018 = VERTEX_POINT ( 'NONE', #1805 ) ;
#4019 = CARTESIAN_POINT ( 'NONE',  ( 15.78655436079173846, -24.03385591072905925, -4.336808689942017736E-16 ) ) ;
#4020 = EDGE_CURVE ( 'NONE', #876, #2945, #4623, .T. ) ;
#4021 = ADVANCED_FACE ( 'NONE', ( #4699 ), #4302, .T. ) ;
#4022 = DIRECTION ( 'NONE',  ( -1.000000000000000000, 0.000000000000000000, 0.000000000000000000 ) ) ;
#4023 = DIRECTION ( 'NONE',  ( 0.000000000000000000, 0.000000000000000000, 1.000000000000000000 ) ) ;
#4024 = DIRECTION ( 'NONE',  ( 0.7123327799523870851, -0.7018418700856369208, 0.000000000000000000 ) ) ;
#4025 = ORIENTED_EDGE ( 'NONE', *, *, #2007, .F. ) ;
#4026 = ORIENTED_EDGE ( 'NONE', *, *, #3338, .F. ) ;
#4027 = CARTESIAN_POINT ( 'NONE',  ( 11.50595278966956236, -28.25326038370787529, -4.336808689942017736E-16 ) ) ;
#4028 = EDGE_CURVE ( 'NONE', #741, #652, #2387, .T. ) ;
#4029 = CARTESIAN_POINT ( 'NONE',  ( -13.22964428687235383, -29.18181818181820475, 0.000000000000000000 ) ) ;
#4030 = ORIENTED_EDGE ( 'NONE', *, *, #2581, .F. ) ;
#4031 = ORIENTED_EDGE ( 'NONE', *, *, #4311, .T. ) ;
#4032 = FACE_OUTER_BOUND ( 'NONE', #2172, .T. ) ;
#4033 = CARTESIAN_POINT ( 'NONE',  ( 12.69952237979431153, -25.49991213213871788, 0.000000000000000000 ) ) ;
#4034 = CARTESIAN_POINT ( 'NONE',  ( 0.000000000000000000, -21.77348484848487331, 0.000000000000000000 ) ) ;
#4035 = DIRECTION ( 'NONE',  ( -0.000000000000000000, -0.000000000000000000, 1.000000000000000000 ) ) ;
#4036 = DIRECTION ( 'NONE',  ( 0.000000000000000000, 0.000000000000000000, 1.000000000000000000 ) ) ;
#4037 = VECTOR ( 'NONE', #3584, 1000.000000000000000 ) ;
#4038 = PLANE ( 'NONE',  #2561 ) ;
#4039 = PLANE ( 'NONE',  #4155 ) ;
#4040 = VECTOR ( 'NONE', #3470, 1000.000000000000000 ) ;
#4041 = VECTOR ( 'NONE', #4046, 1000.000000000000000 ) ;
#4042 = CARTESIAN_POINT ( 'NONE',  ( 18.03761833331995490, -28.04207459207461639, 0.000000000000000000 ) ) ;
#4043 = VERTEX_POINT ( 'NONE', #5122 ) ;
#4044 = CARTESIAN_POINT ( 'NONE',  ( -9.044648293282609330, -21.77348484848487331, 3.000000000000000000 ) ) ;
#4045 = CARTESIAN_POINT ( 'NONE',  ( -1.832208389436457141, -28.46651035596350354, 3.000000000000000000 ) ) ;
#4046 = DIRECTION ( 'NONE',  ( -0.000000000000000000, -0.000000000000000000, -1.000000000000000000 ) ) ;
#4047 = CARTESIAN_POINT ( 'NONE',  ( -6.492155229659545945, 2.477475102664551176, 0.000000000000000000 ) ) ;
#4048 = CARTESIAN_POINT ( 'NONE',  ( 7.769265748203652677, -21.65271578114744244, 2.999999999999999556 ) ) ;
#4049 = EDGE_CURVE ( 'NONE', #3354, #2009, #1510, .T. ) ;
#4050 = EDGE_CURVE ( 'NONE', #1120, #4082, #4731, .T. ) ;
#4051 = ORIENTED_EDGE ( 'NONE', *, *, #2558, .T. ) ;
#4052 = ORIENTED_EDGE ( 'NONE', *, *, #4020, .F. ) ;
#4053 = VECTOR ( 'NONE', #2886, 1000.000000000000000 ) ;
#4054 = DIRECTION ( 'NONE',  ( -1.000000000000000000, 0.000000000000000000, -0.000000000000000000 ) ) ;
#4055 = DIRECTION ( 'NONE',  ( -0.000000000000000000, 0.000000000000000000, 1.000000000000000000 ) ) ;
#4056 = ADVANCED_FACE ( 'NONE', ( #2720 ), #620, .F. ) ;
#4057 = ORIENTED_EDGE ( 'NONE', *, *, #2182, .F. ) ;
#4058 = EDGE_LOOP ( 'NONE', ( #3527, #3118, #1692, #3637 ) ) ;
#4059 = DIRECTION ( 'NONE',  ( 0.000000000000000000, 1.221878638832870080E-16, 1.000000000000000000 ) ) ;
#4060 = CARTESIAN_POINT ( 'NONE',  ( 19.96228089977059028, -28.97904874808753561, 0.000000000000000000 ) ) ;
#4061 = FACE_OUTER_BOUND ( 'NONE', #3113, .T. ) ;
#4062 = CARTESIAN_POINT ( 'NONE',  ( -9.077272727272747588, -9.208513507511140273E-16, 3.000000000000000000 ) ) ;
#4063 = VECTOR ( 'NONE', #5045, 1000.000000000000000 ) ;
#4064 = CARTESIAN_POINT ( 'NONE',  ( 7.769265748203652677, -21.65271578114744244, -4.336808689942017736E-16 ) ) ;
#4065 = PLANE ( 'NONE',  #3179 ) ;
#4066 = VECTOR ( 'NONE', #4340, 999.9999999999998863 ) ;
#4067 = CARTESIAN_POINT ( 'NONE',  ( 19.27561112920650643, -23.17671486178612028, 0.000000000000000000 ) ) ;
#4068 = AXIS2_PLACEMENT_3D ( 'NONE', #3376, #118, #4988 ) ;
#4069 = CARTESIAN_POINT ( 'NONE',  ( 19.35927295919319846, -27.74684398790558504, 4.336808689942017736E-16 ) ) ;
#4070 = VERTEX_POINT ( 'NONE', #3876 ) ;
#4071 = CARTESIAN_POINT ( 'NONE',  ( 2.439652015760118309E-16, -7.031818181818207059, 0.000000000000000000 ) ) ;
#4072 = DIRECTION ( 'NONE',  ( 0.000000000000000000, 1.000000000000000000, 0.000000000000000000 ) ) ;
#4073 = DIRECTION ( 'NONE',  ( 0.3560282033151482839, -0.9344752101817294099, 0.000000000000000000 ) ) ;
#4074 = DIRECTION ( 'NONE',  ( -0.000000000000000000, -0.000000000000000000, 1.000000000000000000 ) ) ;
#4075 = CARTESIAN_POINT ( 'NONE',  ( 34.92452237979430407, 0.000000000000000000, 0.000000000000000000 ) ) ;
#4076 = ORIENTED_EDGE ( 'NONE', *, *, #4050, .T. ) ;
#4077 = VERTEX_POINT ( 'NONE', #1409 ) ;
#4078 = CARTESIAN_POINT ( 'NONE',  ( 10.15535452983882969, -21.86272297445428592, 3.000000000000000000 ) ) ;
#4079 = CARTESIAN_POINT ( 'NONE',  ( 19.20537228344645087, -21.73099467072225721, 3.000000000000000000 ) ) ;
#4080 = CARTESIAN_POINT ( 'NONE',  ( -25.31122314638090032, -21.77348484848487331, 3.000000000000000000 ) ) ;
#4081 = ORIENTED_EDGE ( 'NONE', *, *, #2386, .T. ) ;
#4082 = VERTEX_POINT ( 'NONE', #1010 ) ;
#4083 = CARTESIAN_POINT ( 'NONE',  ( 45.42272727272725064, 22.96818181818179738, -4.336808689942017736E-16 ) ) ;
#4084 = DIRECTION ( 'NONE',  ( 1.000000000000000000, 0.000000000000000000, 0.000000000000000000 ) ) ;
#4085 = EDGE_CURVE ( 'NONE', #3812, #4789, #4855, .T. ) ;
#4086 = EDGE_CURVE ( 'NONE', #5101, #3297, #4357, .T. ) ;
#4087 = CARTESIAN_POINT ( 'NONE',  ( 15.78596509744506093, -26.93874095761875154, 3.000000000000000000 ) ) ;
#4088 = CARTESIAN_POINT ( 'NONE',  ( 6.502818201292053679, -22.10345283806526950, -4.336808689942017736E-16 ) ) ;
#4089 = CARTESIAN_POINT ( 'NONE',  ( 0.000000000000000000, -27.85211732711734811, 0.000000000000000000 ) ) ;
#4090 = CARTESIAN_POINT ( 'NONE',  ( 13.83817366925052106, -25.73977562477788794, 0.000000000000000000 ) ) ;
#4091 = B_SPLINE_CURVE_WITH_KNOTS ( 'NONE', 3,
 ( #3680, #419, #4847, #4513, #920, #2846, #4458, #838, #2449, #575, #2155, #5082, #5006, #994, #3781, #4632, #2661 ),
 .UNSPECIFIED., .F., .F.,
 ( 4, 1, 1, 1, 1, 1, 1, 1, 1, 1, 1, 1, 1, 1, 4 ),
 ( 0.000000000000000000, 0.1257374078250387273, 0.1882175899547718356, 0.2504630304325459744, 0.3124994693555943059, 0.3750396997280448508, 0.4380225077790834698, 0.5014862209087210809, 0.5649499340383574708, 0.6278623775438000321, 0.6898661341717050588, 0.7518759443760574257, 0.8136419333356694761, 0.8755584528375319753, 1.000000000000000000 ),
 .UNSPECIFIED. ) ;
#4092 = CARTESIAN_POINT ( 'NONE',  ( -48.72727272727274794, -36.18181818181820120, 3.000000000000000000 ) ) ;
#4093 = CARTESIAN_POINT ( 'NONE',  ( 4.595898717433057890, -26.60617683321545712, 0.000000000000000000 ) ) ;
#4094 = PLANE ( 'NONE',  #3725 ) ;
#4095 = ORGANIZATION ( 'UNSPECIFIED', 'UNSPECIFIED', '' ) ;
#4096 = CC_DESIGN_PERSON_AND_ORGANIZATION_ASSIGNMENT ( #3090, #1508, ( #4853 ) ) ;
#4097 = CARTESIAN_POINT ( 'NONE',  ( -44.87727272727275363, 22.40434628038717690, -4.336808689942017736E-16 ) ) ;
#4098 = EDGE_CURVE ( 'NONE', #242, #725, #747, .T. ) ;
#4099 = VERTEX_POINT ( 'NONE', #1933 ) ;
#4100 = CARTESIAN_POINT ( 'NONE',  ( 0.000000000000000000, -21.77348484848487331, 0.000000000000000000 ) ) ;
#4101 = CARTESIAN_POINT ( 'NONE',  ( 17.99903326387550706, -29.37177544677546592, 3.000000000000000000 ) ) ;
#4102 = CARTESIAN_POINT ( 'NONE',  ( 0.000000000000000000, -29.18181818181820475, 3.000000000000000000 ) ) ;
#4103 = DIRECTION ( 'NONE',  ( -1.000000000000000000, 0.000000000000000000, -0.000000000000000000 ) ) ;
#4104 = VERTEX_POINT ( 'NONE', #886 ) ;
#4105 = ORIENTED_EDGE ( 'NONE', *, *, #3381, .F. ) ;
#4106 = LINE ( 'NONE', #896, #2814 ) ;
#4107 = PLANE ( 'NONE',  #181 ) ;
#4108 = ORIENTED_EDGE ( 'NONE', *, *, #203, .F. ) ;
#4109 = ORIENTED_EDGE ( 'NONE', *, *, #1365, .T. ) ;
#4110 = PLANE ( 'NONE',  #5175 ) ;
#4111 = CARTESIAN_POINT ( 'NONE',  ( 37.12272727272726058, 11.81818181818179703, 0.000000000000000000 ) ) ;
#4112 = PLANE ( 'NONE',  #1690 ) ;
#4113 = FACE_BOUND ( 'NONE', #3811, .T. ) ;
#4114 = CARTESIAN_POINT ( 'NONE',  ( 6.994825539856764252, -21.87589605614900279, -4.336808689942017736E-16 ) ) ;
#4115 = ADVANCED_FACE ( 'NONE', ( #1787 ), #4094, .T. ) ;
#4116 = VERTEX_POINT ( 'NONE', #2547 ) ;
#4117 = EDGE_CURVE ( 'NONE', #2827, #611, #1278, .T. ) ;
#4118 = AXIS2_PLACEMENT_3D ( 'NONE', #4137, #4165, #1096 ) ;
#4119 = CARTESIAN_POINT ( 'NONE',  ( 6.502818201292053679, -22.10345283806526950, 3.000000000000000000 ) ) ;
#4120 = CARTESIAN_POINT ( 'NONE',  ( -10.07727272727274759, -7.031818181818207059, 0.000000000000000000 ) ) ;
#4121 = CYLINDRICAL_SURFACE ( 'NONE', #1629, 2.000000000000001776 ) ;
#4122 = CARTESIAN_POINT ( 'NONE',  ( 4.595898717433057890, -26.60617683321545712, 3.000000000000000000 ) ) ;
#4123 = DIRECTION ( 'NONE',  ( 1.000000000000000000, 0.000000000000000000, 0.000000000000000000 ) ) ;
#4124 = VERTEX_POINT ( 'NONE', #1760 ) ;
#4125 = CARTESIAN_POINT ( 'NONE',  ( 6.246621090473218452, -28.72629635562729433, 0.000000000000000000 ) ) ;
#4126 = FACE_BOUND ( 'NONE', #4960, .T. ) ;
#4127 = AXIS2_PLACEMENT_3D ( 'NONE', #999, #4185, #579 ) ;
#4128 = CARTESIAN_POINT ( 'NONE',  ( -9.877195368603121750, -27.66216006216008338, 3.000000000000000000 ) ) ;
#4129 = CARTESIAN_POINT ( 'NONE',  ( 4.571936938538376793, -24.45440705647794033, 2.999999999999999556 ) ) ;
#4130 = ORIENTED_EDGE ( 'NONE', *, *, #2510, .T. ) ;
#4131 = EDGE_LOOP ( 'NONE', ( #4984, #4624, #1410, #2191 ) ) ;
#4132 = CARTESIAN_POINT ( 'NONE',  ( 20.32289132291698408, -22.17797479935931548, -4.336808689942017736E-16 ) ) ;
#4133 = VECTOR ( 'NONE', #676, 1000.000000000000000 ) ;
#4134 = DIRECTION ( 'NONE',  ( 0.000000000000000000, -1.000000000000000000, 0.000000000000000000 ) ) ;
#4135 = ORIENTED_EDGE ( 'NONE', *, *, #514, .T. ) ;
#4136 = VERTEX_POINT ( 'NONE', #4970 ) ;
#4137 = CARTESIAN_POINT ( 'NONE',  ( -44.87727272727275363, -32.33181818181820688, 3.000000000000000000 ) ) ;
#4138 = CARTESIAN_POINT ( 'NONE',  ( -46.87727272727275363, -32.33181818181820688, -4.336808689942017736E-16 ) ) ;
#4139 = EDGE_CURVE ( 'NONE', #4520, #976, #2918, .T. ) ;
#4140 = CARTESIAN_POINT ( 'NONE',  ( 0.000000000000000000, -29.18181818181820475, 0.000000000000000000 ) ) ;
#4141 = CARTESIAN_POINT ( 'NONE',  ( 8.272727272727246728, -7.031818181818207059, 0.000000000000000000 ) ) ;
#4142 = ORIENTED_EDGE ( 'NONE', *, *, #1571, .F. ) ;
#4143 = FACE_BOUND ( 'NONE', #1684, .T. ) ;
#4144 = CARTESIAN_POINT ( 'NONE',  ( 8.307641981748991711, -29.37378494699596487, 3.000000000000000000 ) ) ;
#4145 = EDGE_CURVE ( 'NONE', #2744, #1683, #5080, .T. ) ;
#4146 = CARTESIAN_POINT ( 'NONE',  ( 10.87631019051810810, -28.74434059476724457, -4.336808689942017736E-16 ) ) ;
#4147 = EDGE_LOOP ( 'NONE', ( #1876, #5144, #4870, #2199 ) ) ;
#4148 = LINE ( 'NONE', #548, #2817 ) ;
#4149 = DIRECTION ( 'NONE',  ( -0.000000000000000000, -1.000000000000000000, -0.000000000000000000 ) ) ;
#4150 = AXIS2_PLACEMENT_3D ( 'NONE', #2220, #1406, #3821 ) ;
#4151 = EDGE_CURVE ( 'NONE', #3800, #2051, #3813, .T. ) ;
#4152 = CARTESIAN_POINT ( 'NONE',  ( -44.42727272727275079, -6.031818181818208835, 3.000000000000000000 ) ) ;
#4153 = EDGE_CURVE ( 'NONE', #3468, #954, #513, .T. ) ;
#4154 = CARTESIAN_POINT ( 'NONE',  ( 19.78610835249354949, -27.48178885524642112, 3.000000000000000000 ) ) ;
#4155 = AXIS2_PLACEMENT_3D ( 'NONE', #2940, #464, #857 ) ;
#4156 = AXIS2_PLACEMENT_3D ( 'NONE', #183, #5077, #1469 ) ;
#4157 = ORIENTED_EDGE ( 'NONE', *, *, #4800, .T. ) ;
#4158 = EDGE_LOOP ( 'NONE', ( #4374, #190, #3128, #4245 ) ) ;
#4159 = CARTESIAN_POINT ( 'NONE',  ( 10.51267654793164930, -22.02297523624657316, 3.000000000000000000 ) ) ;
#4160 = CARTESIAN_POINT ( 'NONE',  ( 18.73819772170884690, -21.63433170521069826, 3.000000000000000000 ) ) ;
#4161 = DIRECTION ( 'NONE',  ( -0.000000000000000000, -0.000000000000000000, 1.000000000000000000 ) ) ;
#4162 = EDGE_CURVE ( 'NONE', #64, #4278, #4200, .T. ) ;
#4163 = ORIENTED_EDGE ( 'NONE', *, *, #3252, .T. ) ;
#4164 = EDGE_LOOP ( 'NONE', ( #160, #571, #2925, #2623 ) ) ;
#4165 = DIRECTION ( 'NONE',  ( 0.000000000000000000, 0.000000000000000000, 1.000000000000000000 ) ) ;
#4166 = CARTESIAN_POINT ( 'NONE',  ( -28.67999651710739428, -21.77348484848487331, 0.000000000000000000 ) ) ;
#4167 = CARTESIAN_POINT ( 'NONE',  ( 0.000000000000000000, -21.77348484848487331, 0.000000000000000000 ) ) ;
#4168 = DIRECTION ( 'NONE',  ( -1.000000000000000000, 0.000000000000000000, 0.000000000000000000 ) ) ;
#4169 = DIRECTION ( 'NONE',  ( -0.000000000000000000, -0.000000000000000000, -1.000000000000000000 ) ) ;
#4170 = ORIENTED_EDGE ( 'NONE', *, *, #996, .F. ) ;
#4171 = CARTESIAN_POINT ( 'NONE',  ( 47.87272727272725348, -6.681818181818205638, 3.000000000000000000 ) ) ;
#4172 = CARTESIAN_POINT ( 'NONE',  ( 15.62524458028985386, -28.75960386469752450, 0.000000000000000000 ) ) ;
#4173 = CARTESIAN_POINT ( 'NONE',  ( 47.42272727272725774, -32.33181818181820688, -4.336808689942017736E-16 ) ) ;
#4174 = CARTESIAN_POINT ( 'NONE',  ( 2.439652015760118309E-16, -7.031818181818207059, 0.000000000000000000 ) ) ;
#4175 = CARTESIAN_POINT ( 'NONE',  ( -48.72727272727274794, -36.18181818181820120, 0.000000000000000000 ) ) ;
#4176 = ORIENTED_EDGE ( 'NONE', *, *, #4558, .F. ) ;
#4177 = LINE ( 'NONE', #2208, #46 ) ;
#4178 = CARTESIAN_POINT ( 'NONE',  ( 21.05832524222992319, -28.26558667268505332, 3.000000000000000000 ) ) ;
#4179 = CARTESIAN_POINT ( 'NONE',  ( -31.75047762020568598, -29.18181818181820475, 0.000000000000000000 ) ) ;
#4180 = DIRECTION ( 'NONE',  ( -0.000000000000000000, -0.000000000000000000, 1.000000000000000000 ) ) ;
#4181 = VERTEX_POINT ( 'NONE', #545 ) ;
#4182 = EDGE_CURVE ( 'NONE', #1533, #4589, #4576, .T. ) ;
#4183 = EDGE_LOOP ( 'NONE', ( #2246, #2274, #2703, #4109 ) ) ;
#4184 = EDGE_CURVE ( 'NONE', #3054, #4450, #3750, .T. ) ;
#4185 = DIRECTION ( 'NONE',  ( 0.000000000000000000, -1.000000000000000000, 0.000000000000000000 ) ) ;
#4186 = CARTESIAN_POINT ( 'NONE',  ( 18.97257977902017601, -21.67858058195580284, 3.000000000000000000 ) ) ;
#4187 = CARTESIAN_POINT ( 'NONE',  ( 32.74001383278575616, -21.77348484848487331, 0.000000000000000000 ) ) ;
#4188 = EDGE_LOOP ( 'NONE', ( #122, #2501, #1836, #567, #3421, #2257, #4176, #2326 ) ) ;
#4189 = ORIENTED_EDGE ( 'NONE', *, *, #807, .T. ) ;
#4190 = VERTEX_POINT ( 'NONE', #2890 ) ;
#4191 = CARTESIAN_POINT ( 'NONE',  ( -14.74930240653047164, -21.77348484848487331, 0.000000000000000000 ) ) ;
#4192 = CARTESIAN_POINT ( 'NONE',  ( 16.10691310229740836, -27.31805767285768383, 0.000000000000000000 ) ) ;
#4193 = CARTESIAN_POINT ( 'NONE',  ( 16.23239389466325377, -27.42812522688377541, 3.000000000000000000 ) ) ;
#4194 = CARTESIAN_POINT ( 'NONE',  ( -3.541823774051843010, -28.46651035596350354, 3.000000000000000000 ) ) ;
#4195 = CARTESIAN_POINT ( 'NONE',  ( 8.401126931400986209, -21.58136352868802987, -4.336808689942017736E-16 ) ) ;
#4196 = ORIENTED_EDGE ( 'NONE', *, *, #1069, .T. ) ;
#4197 = CARTESIAN_POINT ( 'NONE',  ( 14.72813412642179465, -27.99860959574430552, 0.000000000000000000 ) ) ;
#4198 = DIRECTION ( 'NONE',  ( -0.000000000000000000, -0.000000000000000000, 1.000000000000000000 ) ) ;
#4199 = CARTESIAN_POINT ( 'NONE',  ( -3.432800169344752295, -3.484112578453040676, 0.000000000000000000 ) ) ;
#4200 = LINE ( 'NONE', #1360, #4999 ) ;
#4202 = ORIENTED_EDGE ( 'NONE', *, *, #1061, .F. ) ;
#4201 = CIRCLE ( 'NONE', #1785, 2.000000000000001776 ) ;
#4203 = CARTESIAN_POINT ( 'NONE',  ( -47.22727272727274794, -36.18181818181820120, 0.6210940505391644439 ) ) ;
#4204 = LINE ( 'NONE', #3808, #4133 ) ;
#4205 = DIRECTION ( 'NONE',  ( 0.9344699411124947064, 0.3560420328517557853, 0.000000000000000000 ) ) ;
#4206 = ADVANCED_FACE ( 'NONE', ( #128 ), #4506, .T. ) ;
#4207 = PLANE ( 'NONE',  #3707 ) ;
#4208 = ORIENTED_EDGE ( 'NONE', *, *, #3473, .T. ) ;
#4209 = VERTEX_POINT ( 'NONE', #570 ) ;
#4210 = AXIS2_PLACEMENT_3D ( 'NONE', #1478, #3893, #3083 ) ;
#4211 = CARTESIAN_POINT ( 'NONE',  ( 12.69952237979431153, -25.49991213213871788, 3.000000000000000000 ) ) ;
#4212 = CARTESIAN_POINT ( 'NONE',  ( 13.83926596953789634, -25.46577918609170510, 3.000000000000000444 ) ) ;
#4213 = ADVANCED_FACE ( 'NONE', ( #1734 ), #2309, .T. ) ;
#4214 = CARTESIAN_POINT ( 'NONE',  ( 15.00054236670410468, -28.28007613751041305, 3.000000000000000000 ) ) ;
#4215 = VECTOR ( 'NONE', #4903, 1000.000000000000000 ) ;
#4216 = VECTOR ( 'NONE', #2554, 1000.000000000000000 ) ;
#4217 = ORIENTED_EDGE ( 'NONE', *, *, #4098, .T. ) ;
#4218 = EDGE_LOOP ( 'NONE', ( #3583, #110, #1345, #2841 ) ) ;
#4219 = VERTEX_POINT ( 'NONE', #1636 ) ;
#4220 = DIRECTION ( 'NONE',  ( -0.000000000000000000, 0.000000000000000000, 1.000000000000000000 ) ) ;
#4221 = CYLINDRICAL_SURFACE ( 'NONE', #4150, 5.249999999999997335 ) ;
#4222 = CARTESIAN_POINT ( 'NONE',  ( -2.080188164632133407, -29.04328981214636229, 3.000000000000000000 ) ) ;
#4223 = EDGE_CURVE ( 'NONE', #1444, #1023, #2005, .T. ) ;
#4224 = CARTESIAN_POINT ( 'NONE',  ( 16.97713218026791537, -27.85880016653592151, -4.336808689942017736E-16 ) ) ;
#4225 = CARTESIAN_POINT ( 'NONE',  ( -1.832856217871351223, -28.57227334229920501, 0.000000000000000000 ) ) ;
#4226 = ORIENTED_EDGE ( 'NONE', *, *, #4117, .F. ) ;
#4227 = LINE ( 'NONE', #1491, #1664 ) ;
#4228 = CARTESIAN_POINT ( 'NONE',  ( 18.01980983973020756, -21.58352758352760503, -4.336808689942017736E-16 ) ) ;
#4229 = LINE ( 'NONE', #2149, #1296 ) ;
#4230 = ORIENTED_EDGE ( 'NONE', *, *, #349, .F. ) ;
#4231 = CARTESIAN_POINT ( 'NONE',  ( 0.03839270234086599592, -0.01602772269198011676, 3.000000000000000000 ) ) ;
#4232 = FACE_OUTER_BOUND ( 'NONE', #3388, .T. ) ;
#4233 = CARTESIAN_POINT ( 'NONE',  ( 20.36148420881290377, -28.76336152390959455, 3.000000000000000444 ) ) ;
#4234 = DIRECTION ( 'NONE',  ( 0.000000000000000000, -0.000000000000000000, -1.000000000000000000 ) ) ;
#4235 = VERTEX_POINT ( 'NONE', #3216 ) ;
#4236 = ORIENTED_EDGE ( 'NONE', *, *, #4, .T. ) ;
#4237 = PRODUCT ( 'PI5_Front_Case', 'PI5_Front_Case', '', ( #405 ) ) ;
#4238 = VECTOR ( 'NONE', #2204, 1000.000000000000000 ) ;
#4239 = CARTESIAN_POINT ( 'NONE',  ( 12.69952237979431153, -25.49991213213871788, 3.000000000000000000 ) ) ;
#4240 = CARTESIAN_POINT ( 'NONE',  ( 14.04577122699728164, 5.802110575214671329, 0.000000000000000000 ) ) ;
#4241 = VECTOR ( 'NONE', #4538, 1000.000000000000000 ) ;
#4242 = CARTESIAN_POINT ( 'NONE',  ( 15.97000837000925344, -28.94951731725938870, 3.000000000000000000 ) ) ;
#4243 = VERTEX_POINT ( 'NONE', #4822 ) ;
#4244 = AXIS2_PLACEMENT_3D ( 'NONE', #2461, #4059, #455 ) ;
#4245 = ORIENTED_EDGE ( 'NONE', *, *, #4543, .T. ) ;
#4246 = ORIENTED_EDGE ( 'NONE', *, *, #3899, .T. ) ;
#4247 = AXIS2_PLACEMENT_3D ( 'NONE', #2351, #2826, #3954 ) ;
#4248 = DIRECTION ( 'NONE',  ( -0.000000000000000000, -0.000000000000000000, -1.000000000000000000 ) ) ;
#4249 = CARTESIAN_POINT ( 'NONE',  ( 9.272727272727246728, -9.406793968614238452E-16, 0.000000000000000000 ) ) ;
#4250 = CARTESIAN_POINT ( 'NONE',  ( -31.75047762020568598, 0.000000000000000000, 3.000000000000000000 ) ) ;
#4251 = EDGE_LOOP ( 'NONE', ( #1403, #2556, #525, #764 ) ) ;
#4252 = ADVANCED_FACE ( 'NONE', ( #1209 ), #2825, .F. ) ;
#4253 = DIRECTION ( 'NONE',  ( 0.000000000000000000, 0.000000000000000000, -1.000000000000000000 ) ) ;
#4254 = EDGE_CURVE ( 'NONE', #1875, #1323, #3927, .T. ) ;
#4255 = DIRECTION ( 'NONE',  ( -0.000000000000000000, -0.000000000000000000, -1.000000000000000000 ) ) ;
#4256 = DIRECTION ( 'NONE',  ( -1.000000000000000000, 0.000000000000000000, -0.000000000000000000 ) ) ;
#4257 = VERTEX_POINT ( 'NONE', #437 ) ;
#4258 = DIRECTION ( 'NONE',  ( -0.5774108952109301418, 0.8164537084805923994, 0.000000000000000000 ) ) ;
#4259 = DIRECTION ( 'NONE',  ( 0.000000000000000000, -0.000000000000000000, 1.000000000000000000 ) ) ;
#4260 = CARTESIAN_POINT ( 'NONE',  ( -28.74826240920140563, -29.18181818181820475, 3.000000000000000000 ) ) ;
#4261 = EDGE_CURVE ( 'NONE', #2431, #5016, #4850, .T. ) ;
#4262 = ADVANCED_FACE ( 'NONE', ( #19 ), #3596, .F. ) ;
#4263 = CARTESIAN_POINT ( 'NONE',  ( 18.94544219565073817, -27.91687383885171059, 0.000000000000000000 ) ) ;
#4264 = ORIENTED_EDGE ( 'NONE', *, *, #3544, .T. ) ;
#4265 = ORIENTED_EDGE ( 'NONE', *, *, #3095, .F. ) ;
#4266 = CARTESIAN_POINT ( 'NONE',  ( 12.66465189765477284, -24.84301538441390278, 3.000000000000000000 ) ) ;
#4267 = CARTESIAN_POINT ( 'NONE',  ( -50.72727272727275505, 26.81818181818179525, 2.375000000000000000 ) ) ;
#4268 = VECTOR ( 'NONE', #4950, 1000.000000000000000 ) ;
#4269 = LINE ( 'NONE', #2190, #1526 ) ;
#4270 = AXIS2_PLACEMENT_3D ( 'NONE', #463, #4786, #2364 ) ;
#4271 = VERTEX_POINT ( 'NONE', #4092 ) ;
#4272 = ORIENTED_EDGE ( 'NONE', *, *, #1970, .F. ) ;
#4273 = ORIENTED_EDGE ( 'NONE', *, *, #1289, .F. ) ;
#4274 = CARTESIAN_POINT ( 'NONE',  ( -2.408499353265572740, -29.24939289817996624, 0.000000000000000000 ) ) ;
#4275 = CARTESIAN_POINT ( 'NONE',  ( 17.72990506178024717, -28.03114075347657064, -4.336808689942017736E-16 ) ) ;
#4276 = EDGE_CURVE ( 'NONE', #1642, #1444, #4445, .T. ) ;
#4277 = DIRECTION ( 'NONE',  ( 0.000000000000000000, 0.000000000000000000, 1.000000000000000000 ) ) ;
#4278 = VERTEX_POINT ( 'NONE', #3647 ) ;
#4279 = CARTESIAN_POINT ( 'NONE',  ( 16.97853075080897511, -23.09254322853190899, -4.336808689942017736E-16 ) ) ;
#4280 = CARTESIAN_POINT ( 'NONE',  ( -15.40584825671891700, -6.363939270109479018, 3.000000000000000000 ) ) ;
#4281 = DIRECTION ( 'NONE',  ( 1.000000000000000000, 3.469446951953613573E-17, 0.000000000000000000 ) ) ;
#4282 = EDGE_CURVE ( 'NONE', #3759, #1744, #1463, .T. ) ;
#4283 = EDGE_CURVE ( 'NONE', #689, #2042, #4787, .T. ) ;
#4284 = ORIENTED_EDGE ( 'NONE', *, *, #2352, .F. ) ;
#4285 = LINE ( 'NONE', #4203, #3908 ) ;
#4286 = CARTESIAN_POINT ( 'NONE',  ( -3.541823774051843010, -28.46651035596350354, 3.000000000000000000 ) ) ;
#4287 = CARTESIAN_POINT ( 'NONE',  ( 21.40639170404644176, -27.95748424752333250, 3.000000000000000444 ) ) ;
#4288 = EDGE_CURVE ( 'NONE', #4760, #3081, #5212, .T. ) ;
#4289 = CARTESIAN_POINT ( 'NONE',  ( 17.31422864670522088, -27.96070757881440016, 3.000000000000000000 ) ) ;
#4290 = ORIENTED_EDGE ( 'NONE', *, *, #616, .T. ) ;
#4291 = VERTEX_POINT ( 'NONE', #388 ) ;
#4292 = CARTESIAN_POINT ( 'NONE',  ( -46.87727272727275363, 22.40434628038717690, 3.000000000000000000 ) ) ;
#4293 = CARTESIAN_POINT ( 'NONE',  ( -48.72727272727274794, -36.18181818181820120, 3.000000000000000000 ) ) ;
#4294 = CARTESIAN_POINT ( 'NONE',  ( 13.87291691644432312, -26.14441979017244577, 3.000000000000000000 ) ) ;
#4295 = ORIENTED_EDGE ( 'NONE', *, *, #1710, .T. ) ;
#4296 = ORIENTED_EDGE ( 'NONE', *, *, #4577, .F. ) ;
#4297 = ORIENTED_EDGE ( 'NONE', *, *, #4276, .T. ) ;
#4298 = DIRECTION ( 'NONE',  ( -1.000000000000000000, 0.000000000000000000, 0.000000000000000000 ) ) ;
#4299 = VECTOR ( 'NONE', #3660, 1000.000000000000000 ) ;
#4300 = AXIS2_PLACEMENT_3D ( 'NONE', #3188, #3973, #3920 ) ;
#4301 = CARTESIAN_POINT ( 'NONE',  ( 16.36609757842914803, -27.53024330504694106, -4.336808689942017736E-16 ) ) ;
#4302 = PLANE ( 'NONE',  #2648 ) ;
#4303 = ORIENTED_EDGE ( 'NONE', *, *, #3192, .F. ) ;
#4304 = CARTESIAN_POINT ( 'NONE',  ( -48.72727272727274794, 26.81818181818179525, 3.000000000000000000 ) ) ;
#4305 = CARTESIAN_POINT ( 'NONE',  ( -44.42727272727275079, 7.268181818181796316, 0.000000000000000000 ) ) ;
#4306 = CARTESIAN_POINT ( 'NONE',  ( 53.27272727272725916, 0.000000000000000000, 0.000000000000000000 ) ) ;
#4307 = DIRECTION ( 'NONE',  ( 1.000000000000000000, 0.000000000000000000, 0.000000000000000000 ) ) ;
#4308 = ORIENTED_EDGE ( 'NONE', *, *, #2742, .T. ) ;
#4309 = CARTESIAN_POINT ( 'NONE',  ( 4.648385941994662929, -24.21193820843942035, 3.000000000000000000 ) ) ;
#4310 = AXIS2_PLACEMENT_3D ( 'NONE', #670, #1540, #3119 ) ;
#4311 = EDGE_CURVE ( 'NONE', #748, #4235, #1992, .T. ) ;
#4312 = DIRECTION ( 'NONE',  ( 1.000000000000000000, 0.000000000000000000, 0.000000000000000000 ) ) ;
#4313 = CARTESIAN_POINT ( 'NONE',  ( 32.74001383278575616, -27.85211732711734811, 3.000000000000000000 ) ) ;
#4314 = ORIENTED_EDGE ( 'NONE', *, *, #3327, .F. ) ;
#4315 = VERTEX_POINT ( 'NONE', #2964 ) ;
#4316 = CARTESIAN_POINT ( 'NONE',  ( -44.87727272727275363, 22.40434628038717690, -4.336808689942017736E-16 ) ) ;
#4317 = CARTESIAN_POINT ( 'NONE',  ( 1.397065114837045652, -27.85211732711734811, 0.000000000000000000 ) ) ;
#4318 = EDGE_CURVE ( 'NONE', #689, #1667, #1413, .T. ) ;
#4319 = EDGE_CURVE ( 'NONE', #4257, #2892, #2121, .T. ) ;
#4320 = FACE_OUTER_BOUND ( 'NONE', #2076, .T. ) ;
#4321 = DIRECTION ( 'NONE',  ( 1.000000000000000000, 0.000000000000000000, 0.000000000000000000 ) ) ;
#4322 = CARTESIAN_POINT ( 'NONE',  ( 15.42277354373205434, -22.38875660985511118, -4.336808689942017736E-16 ) ) ;
#4323 = ORIENTED_EDGE ( 'NONE', *, *, #1709, .T. ) ;
#4324 = VECTOR ( 'NONE', #3150, 1000.000000000000000 ) ;
#4325 = VERTEX_POINT ( 'NONE', #2628 ) ;
#4326 = ORIENTED_EDGE ( 'NONE', *, *, #421, .T. ) ;
#4327 = CARTESIAN_POINT ( 'NONE',  ( -48.72727272727274794, -36.18181818181820120, 3.000000000000000000 ) ) ;
#4328 = CARTESIAN_POINT ( 'NONE',  ( 8.272727272727246728, -6.031818181818207059, 0.000000000000000000 ) ) ;
#4329 = VECTOR ( 'NONE', #2038, 1000.000000000000000 ) ;
#4330 = EDGE_CURVE ( 'NONE', #4351, #3925, #1702, .T. ) ;
#4331 = CARTESIAN_POINT ( 'NONE',  ( 18.55260321773233656, -28.01585985459744066, 3.000000000000000444 ) ) ;
#4332 = VECTOR ( 'NONE', #2546, 1000.000000000000000 ) ;
#4333 = ORIENTED_EDGE ( 'NONE', *, *, #4964, .T. ) ;
#4334 = DIRECTION ( 'NONE',  ( -1.000000000000000000, 0.000000000000000000, 0.000000000000000000 ) ) ;
#4335 = DIRECTION ( 'NONE',  ( -1.000000000000000000, 0.000000000000000000, 0.000000000000000000 ) ) ;
#4336 = LINE ( 'NONE', #1084, #3732 ) ;
#4337 = VECTOR ( 'NONE', #1135, 1000.000000000000000 ) ;
#4338 = CARTESIAN_POINT ( 'NONE',  ( 11.77263753712580296, -23.00774704499161771, 0.000000000000000000 ) ) ;
#4339 = CARTESIAN_POINT ( 'NONE',  ( 5.286299372647727424, -23.09546217124258760, -4.336808689942017736E-16 ) ) ;
#4340 = DIRECTION ( 'NONE',  ( 0.3850879058484640294, -0.9228798972614176144, 0.000000000000000000 ) ) ;
#4341 = DIRECTION ( 'NONE',  ( 0.000000000000000000, -1.000000000000000000, -1.170249963952608117E-16 ) ) ;
#4342 = CARTESIAN_POINT ( 'NONE',  ( 16.72233382315533845, -29.22473384278416475, 0.000000000000000000 ) ) ;
#4343 = ORIENTED_EDGE ( 'NONE', *, *, #4485, .F. ) ;
#4344 = CARTESIAN_POINT ( 'NONE',  ( -23.43984727832532755, -29.18181818181821185, 3.000000000000000000 ) ) ;
#4345 = VECTOR ( 'NONE', #3579, 1000.000000000000000 ) ;
#4346 = FACE_OUTER_BOUND ( 'NONE', #4536, .T. ) ;
#4347 = CARTESIAN_POINT ( 'NONE',  ( -3.541175945616944709, -28.57227334229919791, 0.000000000000000000 ) ) ;
#4348 = FACE_OUTER_BOUND ( 'NONE', #1232, .T. ) ;
#4349 = EDGE_CURVE ( 'NONE', #139, #518, #1332, .T. ) ;
#4350 = ADVANCED_FACE ( 'NONE', ( #938 ), #4921, .F. ) ;
#4351 = VERTEX_POINT ( 'NONE', #3802 ) ;
#4352 = ORIENTED_EDGE ( 'NONE', *, *, #1249, .T. ) ;
#4353 = CARTESIAN_POINT ( 'NONE',  ( 9.278274578000129225, -29.33973894137351834, 3.000000000000000000 ) ) ;
#4354 = FACE_OUTER_BOUND ( 'NONE', #3598, .T. ) ;
#4355 = EDGE_CURVE ( 'NONE', #2394, #611, #1811, .T. ) ;
#4356 = CARTESIAN_POINT ( 'NONE',  ( -15.74657804755611323, -21.77348484848487331, 0.000000000000000000 ) ) ;
#4357 = LINE ( 'NONE', #1538, #5171 ) ;
#4358 = ORIENTED_EDGE ( 'NONE', *, *, #4828, .F. ) ;
#4359 = CARTESIAN_POINT ( 'NONE',  ( 0.000000000000000000, -21.77348484848487331, 0.000000000000000000 ) ) ;
#4360 = CALENDAR_DATE ( 2025, 9, 9 ) ;
#4361 = CARTESIAN_POINT ( 'NONE',  ( 18.71012676627754701, -29.33099540239343028, 0.000000000000000000 ) ) ;
#4362 = CARTESIAN_POINT ( 'NONE',  ( 18.55304654008636689, -22.94478361273728950, 3.000000000000000000 ) ) ;
#4363 = DIRECTION ( 'NONE',  ( -0.000000000000000000, -0.000000000000000000, 1.000000000000000000 ) ) ;
#4364 = LINE ( 'NONE', #1595, #2142 ) ;
#4365 = CARTESIAN_POINT ( 'NONE',  ( 0.000000000000000000, -21.77348484848487331, 0.000000000000000000 ) ) ;
#4366 = PLANE ( 'NONE',  #101 ) ;
#4367 = EDGE_LOOP ( 'NONE', ( #4314, #2108, #3977, #2902 ) ) ;
#4368 = CARTESIAN_POINT ( 'NONE',  ( 15.30039926650464643, -28.53673739756180794, 3.000000000000000444 ) ) ;
#4369 = ORIENTED_EDGE ( 'NONE', *, *, #300, .T. ) ;
#4370 = CARTESIAN_POINT ( 'NONE',  ( 16.12233335210716234, -23.64606538506214761, -4.336808689942017736E-16 ) ) ;
#4371 = CARTESIAN_POINT ( 'NONE',  ( 51.27272727272725206, -36.18181818181820120, 3.000000000000000000 ) ) ;
#4372 = DIRECTION ( 'NONE',  ( -0.000000000000000000, -0.000000000000000000, 1.000000000000000000 ) ) ;
#4373 = ORIENTED_EDGE ( 'NONE', *, *, #5057, .T. ) ;
#4374 = ORIENTED_EDGE ( 'NONE', *, *, #3932, .F. ) ;
#4375 = CARTESIAN_POINT ( 'NONE',  ( 10.17800443509295150, -29.09817345628381702, 3.000000000000000000 ) ) ;
#4376 = CARTESIAN_POINT ( 'NONE',  ( 12.40565049156200672, -27.00110712971687121, -4.336808689942017736E-16 ) ) ;
#4377 = ADVANCED_FACE ( 'NONE', ( #2518 ), #4121, .F. ) ;
#4378 = CARTESIAN_POINT ( 'NONE',  ( 18.01090559293533389, -22.91322843822846167, 0.000000000000000000 ) ) ;
#4379 = ORIENTED_EDGE ( 'NONE', *, *, #1808, .F. ) ;
#4380 = DIRECTION ( 'NONE',  ( 1.000000000000000000, 0.000000000000000000, 0.000000000000000000 ) ) ;
#4381 = DIRECTION ( 'NONE',  ( 0.000000000000000000, -1.000000000000000000, 0.000000000000000000 ) ) ;
#4382 = LINE ( 'NONE', #4033, #2812 ) ;
#4383 = EDGE_CURVE ( 'NONE', #1323, #3053, #3829, .T. ) ;
#4384 = AXIS2_PLACEMENT_3D ( 'NONE', #2243, #3397, #4718 ) ;
#4385 = CARTESIAN_POINT ( 'NONE',  ( 12.66465189765477284, -24.84301538441390278, 0.000000000000000000 ) ) ;
#4386 = CARTESIAN_POINT ( 'NONE',  ( -47.22727272727274794, -38.18181818181820830, 0.6210940505391644439 ) ) ;
#4387 = CIRCLE ( 'NONE', #2112, 2.000000000000001776 ) ;
#4388 = VECTOR ( 'NONE', #2100, 1000.000000000000000 ) ;
#4389 = CARTESIAN_POINT ( 'NONE',  ( 4.648385941994662929, -24.21193820843942035, -4.336808689942017736E-16 ) ) ;
#4390 = CARTESIAN_POINT ( 'NONE',  ( 31.22035571312764546, -21.77348484848487331, 0.000000000000000000 ) ) ;
#4391 = CARTESIAN_POINT ( 'NONE',  ( 28.49714023502934879, -29.18181818181820475, 0.000000000000000000 ) ) ;
#4392 = FACE_OUTER_BOUND ( 'NONE', #4218, .T. ) ;
#4393 = VECTOR ( 'NONE', #2550, 1000.000000000000000 ) ;
#4394 = ORIENTED_EDGE ( 'NONE', *, *, #3635, .T. ) ;
#4395 = EDGE_LOOP ( 'NONE', ( #271, #4076, #3508, #899 ) ) ;
#4396 = CARTESIAN_POINT ( 'NONE',  ( 12.69952237979431153, -25.49991213213871788, 0.000000000000000000 ) ) ;
#4397 = DIRECTION ( 'NONE',  ( -0.000000000000000000, -0.000000000000000000, 1.000000000000000000 ) ) ;
#4398 = FACE_OUTER_BOUND ( 'NONE', #990, .T. ) ;
#4399 = CARTESIAN_POINT ( 'NONE',  ( 15.01359525648243398, -22.71421199630935206, 3.000000000000000444 ) ) ;
#4400 = EDGE_LOOP ( 'NONE', ( #3167, #1501, #4521, #921, #3022, #1929, #2247, #4560 ) ) ;
#4401 = ORIENTED_EDGE ( 'NONE', *, *, #2398, .T. ) ;
#4402 = VECTOR ( 'NONE', #785, 1000.000000000000000 ) ;
#4403 = CARTESIAN_POINT ( 'NONE',  ( 8.869842300344998876, -29.37105374397029678, 3.000000000000000000 ) ) ;
#4404 = CARTESIAN_POINT ( 'NONE',  ( 10.17800443509295150, -29.09817345628381702, -4.336808689942017736E-16 ) ) ;
#4405 = VECTOR ( 'NONE', #3230, 1000.000000000000000 ) ;
#4406 = DIRECTION ( 'NONE',  ( -1.000000000000000000, -0.000000000000000000, -0.000000000000000000 ) ) ;
#4407 = EDGE_LOOP ( 'NONE', ( #2696, #1615, #3036, #3999 ) ) ;
#4408 = VERTEX_POINT ( 'NONE', #1112 ) ;
#4409 = CARTESIAN_POINT ( 'NONE',  ( 15.01359525648243398, -22.71421199630935206, -4.336808689942017736E-16 ) ) ;
#4410 = CARTESIAN_POINT ( 'NONE',  ( 0.000000000000000000, -27.85211732711734811, 0.000000000000000000 ) ) ;
#4411 = VECTOR ( 'NONE', #823, 1000.000000000000000 ) ;
#4412 = LINE ( 'NONE', #2058, #962 ) ;
#4413 = LINE ( 'NONE', #433, #4635 ) ;
#4414 = AXIS2_PLACEMENT_3D ( 'NONE', #2677, #2992, #4601 ) ;
#4415 = VECTOR ( 'NONE', #3833, 999.9999999999998863 ) ;
#4416 = EDGE_CURVE ( 'NONE', #663, #2799, #698, .T. ) ;
#4417 = EDGE_CURVE ( 'NONE', #5204, #5016, #649, .T. ) ;
#4418 = VECTOR ( 'NONE', #2110, 1000.000000000000000 ) ;
#4419 = CARTESIAN_POINT ( 'NONE',  ( 4.452601816780982880, -25.04101754217555964, 3.000000000000000000 ) ) ;
#4420 = CARTESIAN_POINT ( 'NONE',  ( -31.75047762020568598, -21.77348484848487331, 0.000000000000000000 ) ) ;
#4421 = AXIS2_PLACEMENT_3D ( 'NONE', #4328, #3038, #3873 ) ;
#4422 = LINE ( 'NONE', #3967, #2113 ) ;
#4423 = EDGE_LOOP ( 'NONE', ( #2298, #1563, #1102, #3806 ) ) ;
#4424 = ORIENTED_EDGE ( 'NONE', *, *, #3858, .F. ) ;
#4425 = CARTESIAN_POINT ( 'NONE',  ( -3.541823774051843010, -28.46651035596350354, 0.000000000000000000 ) ) ;
#4426 = CARTESIAN_POINT ( 'NONE',  ( -1.833124890856517641, -28.36088815180093192, 3.000000000000000000 ) ) ;
#4427 = EDGE_CURVE ( 'NONE', #821, #2692, #5074, .T. ) ;
#4428 = DIRECTION ( 'NONE',  ( 0.9228141869502100025, -0.3852453456739263205, 0.000000000000000000 ) ) ;
#4429 = CARTESIAN_POINT ( 'NONE',  ( -2.687016081744146412, -29.27679681429683711, 3.000000000000000000 ) ) ;
#4430 = CARTESIAN_POINT ( 'NONE',  ( 16.91640385414966730, -21.71082761646288617, -4.336808689942017736E-16 ) ) ;
#4431 = ORIENTED_EDGE ( 'NONE', *, *, #2189, .T. ) ;
#4432 = EDGE_LOOP ( 'NONE', ( #235, #1928, #3686, #5172 ) ) ;
#4433 = DIRECTION ( 'NONE',  ( 0.000000000000000000, 0.000000000000000000, 1.000000000000000000 ) ) ;
#4434 = DIRECTION ( 'NONE',  ( -0.000000000000000000, 1.000000000000000000, -0.000000000000000000 ) ) ;
#4435 = ORIENTED_EDGE ( 'NONE', *, *, #1970, .T. ) ;
#4436 = ORIENTED_EDGE ( 'NONE', *, *, #1530, .F. ) ;
#4437 = CARTESIAN_POINT ( 'NONE',  ( -2.797863329591060655, -27.66326889746233419, 3.000000000000000000 ) ) ;
#4438 = CARTESIAN_POINT ( 'NONE',  ( -7.899334806974215972, 3.011816316703090024, 0.000000000000000000 ) ) ;
#4439 = DIRECTION ( 'NONE',  ( 0.000000000000000000, 0.000000000000000000, -1.000000000000000000 ) ) ;
#4440 = EDGE_CURVE ( 'NONE', #3478, #4672, #1542, .T. ) ;
#4441 = VECTOR ( 'NONE', #2947, 1000.000000000000000 ) ;
#4442 = CARTESIAN_POINT ( 'NONE',  ( -1.832208389436457141, -28.46651035596350354, 0.000000000000000000 ) ) ;
#4443 = CARTESIAN_POINT ( 'NONE',  ( 6.502818201292053679, -22.10345283806526950, -4.336808689942017736E-16 ) ) ;
#4444 = DIRECTION ( 'NONE',  ( 0.000000000000000000, -1.000000000000000000, 0.000000000000000000 ) ) ;
#4445 = LINE ( 'NONE', #1625, #626 ) ;
#4446 = ADVANCED_FACE ( 'NONE', ( #1464 ), #2231, .F. ) ;
#4447 = CARTESIAN_POINT ( 'NONE',  ( -44.42727272727275079, 7.268181818181796316, 0.000000000000000000 ) ) ;
#4448 = ADVANCED_FACE ( 'NONE', ( #3460 ), #5048, .T. ) ;
#4449 = CARTESIAN_POINT ( 'NONE',  ( 13.87291691644432312, -26.14441979017244577, 3.000000000000000444 ) ) ;
#4450 = VERTEX_POINT ( 'NONE', #2676 ) ;
#4451 = CARTESIAN_POINT ( 'NONE',  ( 4.595898717433057890, -26.60617683321545712, 0.000000000000000000 ) ) ;
#4452 = VECTOR ( 'NONE', #2407, 999.9999999999998863 ) ;
#4453 = CARTESIAN_POINT ( 'NONE',  ( -6.577607785534093310, 4.661361474963637619, 0.000000000000000000 ) ) ;
#4454 = ADVANCED_FACE ( 'NONE', ( #1435 ), #624, .T. ) ;
#4455 = EDGE_CURVE ( 'NONE', #3219, #3444, #5104, .T. ) ;
#4456 = CARTESIAN_POINT ( 'NONE',  ( 31.22035571312764546, 0.000000000000000000, 0.000000000000000000 ) ) ;
#4457 = FACE_OUTER_BOUND ( 'NONE', #5083, .T. ) ;
#4458 = CARTESIAN_POINT ( 'NONE',  ( 19.43501665321247174, -21.79917279736223179, 4.336808689942017736E-16 ) ) ;
#4459 = ORIENTED_EDGE ( 'NONE', *, *, #349, .T. ) ;
#4460 = VERTEX_POINT ( 'NONE', #1492 ) ;
#4461 = CARTESIAN_POINT ( 'NONE',  ( -6.607852753752693431, -27.66216006216008338, 3.000000000000000000 ) ) ;
#4462 = DIRECTION ( 'NONE',  ( -0.5773769195031311918, 0.8164777356579141498, 0.000000000000000000 ) ) ;
#4463 = DIRECTION ( 'NONE',  ( -0.000000000000000000, -0.000000000000000000, 1.000000000000000000 ) ) ;
#4464 = ORIENTED_EDGE ( 'NONE', *, *, #2230, .F. ) ;
#4465 = VERTEX_POINT ( 'NONE', #5155 ) ;
#4466 = FACE_OUTER_BOUND ( 'NONE', #3737, .T. ) ;
#4467 = CARTESIAN_POINT ( 'NONE',  ( 15.94333825740025112, -23.83334117810854380, 3.000000000000000000 ) ) ;
#4468 = CARTESIAN_POINT ( 'NONE',  ( 0.000000000000000000, -29.18181818181820475, 3.000000000000000000 ) ) ;
#4469 = LINE ( 'NONE', #4386, #3960 ) ;
#4470 = LINE ( 'NONE', #2465, #3457 ) ;
#4471 = CARTESIAN_POINT ( 'NONE',  ( 49.77272727272725206, -36.18181818181820120, 0.6210940505391644439 ) ) ;
#4472 = VECTOR ( 'NONE', #2562, 1000.000000000000000 ) ;
#4473 = DIRECTION ( 'NONE',  ( -0.000000000000000000, -0.000000000000000000, -1.000000000000000000 ) ) ;
#4474 = CARTESIAN_POINT ( 'NONE',  ( 19.56963972739677970, -23.33235528793338887, 0.000000000000000000 ) ) ;
#4475 = VECTOR ( 'NONE', #4341, 1000.000000000000000 ) ;
#4476 = VECTOR ( 'NONE', #3391, 1000.000000000000000 ) ;
#4477 = CARTESIAN_POINT ( 'NONE',  ( 18.94544219565073817, -27.91687383885171059, 4.336808689942017736E-16 ) ) ;
#4478 = EDGE_LOOP ( 'NONE', ( #4633, #682, #3846, #3168 ) ) ;
#4479 = CARTESIAN_POINT ( 'NONE',  ( 11.20050013553498758, -28.51405368804022800, 2.999999999999999556 ) ) ;
#4480 = CARTESIAN_POINT ( 'NONE',  ( 15.35892408919602126, -25.46281110382675195, -4.336808689942017736E-16 ) ) ;
#4481 = PLANE ( 'NONE',  #3543 ) ;
#4482 = CARTESIAN_POINT ( 'NONE',  ( 37.37272727272726058, -6.681818181818204749, 3.000000000000000000 ) ) ;
#4483 = LINE ( 'NONE', #4075, #4215 ) ;
#4484 = EDGE_LOOP ( 'NONE', ( #554, #1843, #1468, #949, #2616, #3652, #326, #2563, #4679, #2303, #2213, #2551 ) ) ;
#4485 = EDGE_CURVE ( 'NONE', #2692, #4116, #2724, .T. ) ;
#4486 = VERTEX_POINT ( 'NONE', #1036 ) ;
#4487 = EDGE_CURVE ( 'NONE', #2680, #3714, #3099, .T. ) ;
#4488 = VECTOR ( 'NONE', #281, 1000.000000000000000 ) ;
#4489 = LINE ( 'NONE', #4908, #2651 ) ;
#4490 = CARTESIAN_POINT ( 'NONE',  ( -28.62727272727275007, -7.031818181818207947, 0.000000000000000000 ) ) ;
#4491 = VECTOR ( 'NONE', #3947, 1000.000000000000000 ) ;
#4492 = ORIENTED_EDGE ( 'NONE', *, *, #1091, .F. ) ;
#4493 = ORIENTED_EDGE ( 'NONE', *, *, #4868, .F. ) ;
#4494 = CARTESIAN_POINT ( 'NONE',  ( -3.512408851476801264, -28.20046426337814793, 3.000000000000000000 ) ) ;
#4495 = CARTESIAN_POINT ( 'NONE',  ( 15.36079272428585085, -25.58461953590012072, 0.000000000000000000 ) ) ;
#4496 = EDGE_CURVE ( 'NONE', #2710, #2431, #4336, .T. ) ;
#4497 = EDGE_CURVE ( 'NONE', #5164, #4291, #2307, .T. ) ;
#4498 = CARTESIAN_POINT ( 'NONE',  ( 15.69697056006905456, -26.79730007540882042, 3.000000000000000000 ) ) ;
#4499 = CARTESIAN_POINT ( 'NONE',  ( 5.127535217208021301, -23.30093000958925487, -4.336808689942017736E-16 ) ) ;
#4500 = VECTOR ( 'NONE', #2576, 1000.000000000000000 ) ;
#4501 = CARTESIAN_POINT ( 'NONE',  ( 21.40639170404644176, -27.95748424752333250, 0.000000000000000000 ) ) ;
#4502 = CARTESIAN_POINT ( 'NONE',  ( 15.30039926650464643, -28.53673739756180794, 0.000000000000000000 ) ) ;
#4503 = CARTESIAN_POINT ( 'NONE',  ( -50.72727272727275505, 0.000000000000000000, 0.000000000000000000 ) ) ;
#4504 = VECTOR ( 'NONE', #2372, 1000.000000000000000 ) ;
#4505 = CARTESIAN_POINT ( 'NONE',  ( 4.895133677277172524, -27.29501671756012016, 0.000000000000000000 ) ) ;
#4506 = PLANE ( 'NONE',  #1550 ) ;
#4507 = DIRECTION ( 'NONE',  ( 1.000000000000000000, 0.000000000000000000, 0.000000000000000000 ) ) ;
#4508 = VECTOR ( 'NONE', #1151, 1000.000000000000000 ) ;
#4509 = ORIENTED_EDGE ( 'NONE', *, *, #3098, .F. ) ;
#4510 = CARTESIAN_POINT ( 'NONE',  ( 4.472316369498125610, -26.11411141875255382, 0.000000000000000000 ) ) ;
#4511 = CARTESIAN_POINT ( 'NONE',  ( 20.15983893288863982, -28.87779472403281034, 3.000000000000000000 ) ) ;
#4512 = DIRECTION ( 'NONE',  ( -0.5782926816936390102, -0.8158293781787828713, 0.000000000000000000 ) ) ;
#4513 = CARTESIAN_POINT ( 'NONE',  ( 18.73819772170884690, -21.63433170521069826, 4.336808689942017736E-16 ) ) ;
#4514 = ORIENTED_EDGE ( 'NONE', *, *, #2089, .F. ) ;
#4515 = ORIENTED_EDGE ( 'NONE', *, *, #3795, .T. ) ;
#4516 = CARTESIAN_POINT ( 'NONE',  ( -29.37993821265451899, -20.78406109366824950, 3.000000000000000000 ) ) ;
#4517 = EDGE_CURVE ( 'NONE', #663, #325, #334, .T. ) ;
#4518 = EDGE_CURVE ( 'NONE', #59, #1103, #3537, .T. ) ;
#4519 = LINE ( 'NONE', #500, #2785 ) ;
#4520 = VERTEX_POINT ( 'NONE', #2253 ) ;
#4521 = ORIENTED_EDGE ( 'NONE', *, *, #1251, .T. ) ;
#4522 = CARTESIAN_POINT ( 'NONE',  ( 14.24195110938329734, -23.71221929385012928, -4.336808689942017736E-16 ) ) ;
#4523 = CARTESIAN_POINT ( 'NONE',  ( 15.48867295576413383, -26.33604884476105923, 0.000000000000000000 ) ) ;
#4524 = DIRECTION ( 'NONE',  ( 0.000000000000000000, -1.000000000000000000, 0.000000000000000000 ) ) ;
#4525 = DIRECTION ( 'NONE',  ( 1.101411730778925047E-16, -1.000000000000000000, 0.000000000000000000 ) ) ;
#4526 = CARTESIAN_POINT ( 'NONE',  ( -22.96495411593218350, -21.77348484848487331, 0.000000000000000000 ) ) ;
#4527 = CARTESIAN_POINT ( 'NONE',  ( 7.338292243337525278, -29.21817856118432388, 3.000000000000000000 ) ) ;
#4528 = DIRECTION ( 'NONE',  ( -0.000000000000000000, -0.000000000000000000, 1.000000000000000000 ) ) ;
#4529 = VECTOR ( 'NONE', #2120, 1000.000000000000000 ) ;
#4530 = ORIENTED_EDGE ( 'NONE', *, *, #1841, .T. ) ;
#4531 = DIRECTION ( 'NONE',  ( -1.000000000000000000, -4.057832692343407875E-16, 0.000000000000000000 ) ) ;
#4532 = CARTESIAN_POINT ( 'NONE',  ( 0.000000000000000000, -27.66216006216008338, 0.000000000000000000 ) ) ;
#4533 = CARTESIAN_POINT ( 'NONE',  ( -25.52727272727274155, -6.031818181818207947, 0.000000000000000000 ) ) ;
#4534 = FACE_OUTER_BOUND ( 'NONE', #840, .T. ) ;
#4535 = ORIENTED_EDGE ( 'NONE', *, *, #527, .T. ) ;
#4536 = EDGE_LOOP ( 'NONE', ( #2854, #3395, #2637, #3661 ) ) ;
#4537 = EDGE_CURVE ( 'NONE', #290, #4565, #2654, .T. ) ;
#4538 = DIRECTION ( 'NONE',  ( -0.000000000000000000, -0.000000000000000000, -1.000000000000000000 ) ) ;
#4539 = FACE_OUTER_BOUND ( 'NONE', #3832, .T. ) ;
#4540 = ORIENTED_EDGE ( 'NONE', *, *, #4861, .T. ) ;
#4541 = ORIENTED_EDGE ( 'NONE', *, *, #1395, .T. ) ;
#4542 = CARTESIAN_POINT ( 'NONE',  ( 0.000000000000000000, -29.18181818181820475, 3.000000000000000000 ) ) ;
#4543 = EDGE_CURVE ( 'NONE', #2117, #2680, #2462, .T. ) ;
#4544 = CARTESIAN_POINT ( 'NONE',  ( -42.87727272727274652, -32.33181818181820688, 3.000000000000000000 ) ) ;
#4545 = PLANE ( 'NONE',  #3287 ) ;
#4546 = PLANE ( 'NONE',  #2175 ) ;
#4547 = CARTESIAN_POINT ( 'NONE',  ( -2.687016081744146412, -27.66216006216008338, 0.000000000000000000 ) ) ;
#4548 = ORIENTED_EDGE ( 'NONE', *, *, #4577, .T. ) ;
#4549 = EDGE_CURVE ( 'NONE', #518, #4070, #4412, .T. ) ;
#4550 = CARTESIAN_POINT ( 'NONE',  ( 13.99508418012437083, -26.66276637507308322, 0.000000000000000000 ) ) ;
#4551 = LINE ( 'NONE', #1333, #4332 ) ;
#4552 = CARTESIAN_POINT ( 'NONE',  ( 12.66554781668998686, -26.15012984510012473, 3.000000000000000000 ) ) ;
#4553 = VERTEX_POINT ( 'NONE', #2359 ) ;
#4554 = DIRECTION ( 'NONE',  ( -0.000000000000000000, -0.000000000000000000, 1.000000000000000000 ) ) ;
#4555 = CARTESIAN_POINT ( 'NONE',  ( -48.72727272727274794, 26.81818181818179525, 3.000000000000000000 ) ) ;
#4556 = VECTOR ( 'NONE', #1165, 1000.000000000000000 ) ;
#4557 = LINE ( 'NONE', #3679, #4216 ) ;
#4558 = EDGE_CURVE ( 'NONE', #4486, #2138, #2382, .T. ) ;
#4559 = LINE ( 'NONE', #2101, #4640 ) ;
#4560 = ORIENTED_EDGE ( 'NONE', *, *, #5097, .T. ) ;
#4561 = ORIENTED_EDGE ( 'NONE', *, *, #1650, .F. ) ;
#4562 = CARTESIAN_POINT ( 'NONE',  ( 21.16078607548115187, -22.77393435538328959, 3.000000000000000000 ) ) ;
#4563 = AXIS2_PLACEMENT_3D ( 'NONE', #260, #2634, #2606 ) ;
#4564 = CARTESIAN_POINT ( 'NONE',  ( 49.77272727272725206, -36.18181818181820120, 2.378905949460850433 ) ) ;
#4565 = VERTEX_POINT ( 'NONE', #4833 ) ;
#4566 = ORIENTED_EDGE ( 'NONE', *, *, #1646, .T. ) ;
#4567 = PLANE ( 'NONE',  #499 ) ;
#4568 = CIRCLE ( 'NONE', #861, 2.000000000000001776 ) ;
#4569 = CARTESIAN_POINT ( 'NONE',  ( 18.16003079994551328, -29.37285344355629846, 0.000000000000000000 ) ) ;
#4570 = CARTESIAN_POINT ( 'NONE',  ( -33.27013573986380379, -21.77348484848487331, 0.000000000000000000 ) ) ;
#4571 = VECTOR ( 'NONE', #3187, 1000.000000000000000 ) ;
#4572 = DIRECTION ( 'NONE',  ( -0.000000000000000000, -0.000000000000000000, 1.000000000000000000 ) ) ;
#4573 = ORIENTED_EDGE ( 'NONE', *, *, #4717, .F. ) ;
#4574 = CARTESIAN_POINT ( 'NONE',  ( 17.70725705886847123, -29.36998418713300651, 0.000000000000000000 ) ) ;
#4575 = DIRECTION ( 'NONE',  ( 0.5782009118852555751, 0.8158944205563970486, 0.000000000000000000 ) ) ;
#4576 = LINE ( 'NONE', #989, #2306 ) ;
#4577 = EDGE_CURVE ( 'NONE', #977, #1714, #4382, .T. ) ;
#4578 = ADVANCED_FACE ( 'NONE', ( #3665 ), #1243, .T. ) ;
#4579 = VECTOR ( 'NONE', #2695, 1000.000000000000000 ) ;
#4580 = VERTEX_POINT ( 'NONE', #1592 ) ;
#4581 = DIRECTION ( 'NONE',  ( -0.000000000000000000, -0.000000000000000000, 1.000000000000000000 ) ) ;
#4582 = CARTESIAN_POINT ( 'NONE',  ( -6.177272727272750785, 10.06818181818179525, 0.000000000000000000 ) ) ;
#4583 = VECTOR ( 'NONE', #4914, 999.9999999999998863 ) ;
#4584 = CARTESIAN_POINT ( 'NONE',  ( 2.439652015760118309E-16, -7.031818181818207059, 3.000000000000000000 ) ) ;
#4585 = CARTESIAN_POINT ( 'NONE',  ( 21.40639170404644176, -27.95748424752333250, 3.000000000000000000 ) ) ;
#4586 = VECTOR ( 'NONE', #1480, 1000.000000000000000 ) ;
#4587 = CIRCLE ( 'NONE', #4836, 5.249999999999997335 ) ;
#4588 = ORIENTED_EDGE ( 'NONE', *, *, #1365, .F. ) ;
#4589 = VERTEX_POINT ( 'NONE', #776 ) ;
#4590 = CARTESIAN_POINT ( 'NONE',  ( -6.569810716854044053, 4.658167456011717000, 3.000000000000000000 ) ) ;
#4591 = CARTESIAN_POINT ( 'NONE',  ( 5.099017220483188062, -27.61953615292094000, 3.000000000000000000 ) ) ;
#4592 = EDGE_LOOP ( 'NONE', ( #4979, #1922, #4669, #3422 ) ) ;
#4593 = ORIENTED_EDGE ( 'NONE', *, *, #3326, .T. ) ;
#4594 = DIRECTION ( 'NONE',  ( -0.000000000000000000, 1.000000000000000000, 1.325135988593394253E-16 ) ) ;
#4595 = CARTESIAN_POINT ( 'NONE',  ( 17.91354688590662647, -28.04403899778276354, 0.000000000000000000 ) ) ;
#4596 = FACE_BOUND ( 'NONE', #1575, .T. ) ;
#4597 = CARTESIAN_POINT ( 'NONE',  ( 5.286299372647727424, -23.09546217124258760, -4.336808689942017736E-16 ) ) ;
#4598 = DIRECTION ( 'NONE',  ( -0.000000000000000000, -0.000000000000000000, -1.000000000000000000 ) ) ;
#4599 = CARTESIAN_POINT ( 'NONE',  ( -46.87727272727275363, 22.40434628038717690, -4.336808689942017736E-16 ) ) ;
#4600 = CARTESIAN_POINT ( 'NONE',  ( 1.345913871854358623, -0.5572924625646961116, 0.000000000000000000 ) ) ;
#4601 = DIRECTION ( 'NONE',  ( 1.000000000000000000, 0.000000000000000000, 0.000000000000000000 ) ) ;
#4602 = CARTESIAN_POINT ( 'NONE',  ( 12.23713781708712744, -27.33945443034852119, -4.336808689942017736E-16 ) ) ;
#4603 = ORIENTED_EDGE ( 'NONE', *, *, #3191, .F. ) ;
#4604 = CARTESIAN_POINT ( 'NONE',  ( -1.970221316283921276, -28.01446746293061807, 0.000000000000000000 ) ) ;
#4605 = DIRECTION ( 'NONE',  ( 1.000000000000000000, 0.000000000000000000, 0.000000000000000000 ) ) ;
#4606 = ADVANCED_FACE ( 'NONE', ( #3589 ), #406, .T. ) ;
#4607 = CARTESIAN_POINT ( 'NONE',  ( 0.000000000000000000, -21.77348484848487331, 3.000000000000000000 ) ) ;
#4608 = AXIS2_PLACEMENT_3D ( 'NONE', #4410, #800, #1986 ) ;
#4609 = CARTESIAN_POINT ( 'NONE',  ( -3.293843998856162525, -29.04328981214635874, 0.000000000000000000 ) ) ;
#4610 = ORIENTED_EDGE ( 'NONE', *, *, #98, .T. ) ;
#4611 = ORIENTED_EDGE ( 'NONE', *, *, #1319, .T. ) ;
#4612 = EDGE_CURVE ( 'NONE', #1903, #3240, #1217, .T. ) ;
#4613 = PLANE ( 'NONE',  #4127 ) ;
#4614 = CARTESIAN_POINT ( 'NONE',  ( -2.408076735743323482, -27.68734295482419938, 3.000000000000000000 ) ) ;
#4615 = CARTESIAN_POINT ( 'NONE',  ( 7.338292243337525278, -29.21817856118432388, 3.000000000000000000 ) ) ;
#4616 = ORIENTED_EDGE ( 'NONE', *, *, #4612, .F. ) ;
#4617 = ORIENTED_EDGE ( 'NONE', *, *, #5040, .F. ) ;
#4618 = ORIENTED_EDGE ( 'NONE', *, *, #138, .T. ) ;
#4619 = FACE_OUTER_BOUND ( 'NONE', #4797, .T. ) ;
#4620 = LINE ( 'NONE', #1827, #3649 ) ;
#4621 = CARTESIAN_POINT ( 'NONE',  ( 42.62272727272725348, -6.681818181818205638, -4.336808689942017736E-16 ) ) ;
#4622 = DIRECTION ( 'NONE',  ( -1.014458173085851969E-16, -1.000000000000000000, 0.000000000000000000 ) ) ;
#4623 = LINE ( 'NONE', #3849, #4063 ) ;
#4624 = ORIENTED_EDGE ( 'NONE', *, *, #1358, .F. ) ;
#4625 = FACE_BOUND ( 'NONE', #3838, .T. ) ;
#4626 = LINE ( 'NONE', #4683, #3483 ) ;
#4627 = VECTOR ( 'NONE', #1006, 1000.000000000000000 ) ;
#4628 = ORIENTED_EDGE ( 'NONE', *, *, #4838, .T. ) ;
#4629 = CARTESIAN_POINT ( 'NONE',  ( -0.1225930048210713275, -29.18181818181820475, 0.000000000000000000 ) ) ;
#4630 = DIRECTION ( 'NONE',  ( -0.000000000000000000, -0.000000000000000000, 1.000000000000000000 ) ) ;
#4631 = CARTESIAN_POINT ( 'NONE',  ( 21.05832524222992319, -28.26558667268505332, 3.000000000000000444 ) ) ;
#4632 = CARTESIAN_POINT ( 'NONE',  ( 21.33003230392515448, -22.94174059207741934, 4.336808689942017736E-16 ) ) ;
#4633 = ORIENTED_EDGE ( 'NONE', *, *, #1686, .T. ) ;
#4634 = ORIENTED_EDGE ( 'NONE', *, *, #807, .F. ) ;
#4635 = VECTOR ( 'NONE', #44, 1000.000000000000000 ) ;
#4636 = CARTESIAN_POINT ( 'NONE',  ( 10.15535452983882969, -21.86272297445428592, 3.000000000000000000 ) ) ;
#4637 = FACE_OUTER_BOUND ( 'NONE', #2995, .T. ) ;
#4638 = CARTESIAN_POINT ( 'NONE',  ( 4.436381354153286161, -25.47468343288658232, 3.000000000000000000 ) ) ;
#4639 = EDGE_CURVE ( 'NONE', #876, #2577, #1962, .T. ) ;
#4640 = VECTOR ( 'NONE', #1713, 1000.000000000000000 ) ;
#4641 = VECTOR ( 'NONE', #108, 1000.000000000000114 ) ;
#4642 = EDGE_CURVE ( 'NONE', #4694, #3342, #3199, .T. ) ;
#4643 = ORIENTED_EDGE ( 'NONE', *, *, #4487, .F. ) ;
#4644 = ORIENTED_EDGE ( 'NONE', *, *, #934, .T. ) ;
#4645 = ORIENTED_EDGE ( 'NONE', *, *, #616, .F. ) ;
#4646 = CYLINDRICAL_SURFACE ( 'NONE', #3571, 5.249999999999997335 ) ;
#4647 = CARTESIAN_POINT ( 'NONE',  ( 16.50787310710831335, -27.62613668987420468, -4.336808689942017736E-16 ) ) ;
#4648 = CARTESIAN_POINT ( 'NONE',  ( -50.72727272727275505, -36.18181818181820120, 2.375000000000007550 ) ) ;
#4649 = ORIENTED_EDGE ( 'NONE', *, *, #4799, .F. ) ;
#4650 = FACE_BOUND ( 'NONE', #2951, .T. ) ;
#4651 = EDGE_CURVE ( 'NONE', #4291, #4553, #66, .T. ) ;
#4652 = CARTESIAN_POINT ( 'NONE',  ( -7.899334806974215972, 3.011816316703090024, 0.000000000000000000 ) ) ;
#4653 = EDGE_CURVE ( 'NONE', #1120, #995, #1191, .T. ) ;
#4654 = PLANE ( 'NONE',  #792 ) ;
#4655 = ORIENTED_EDGE ( 'NONE', *, *, #688, .F. ) ;
#4656 = DIRECTION ( 'NONE',  ( -0.000000000000000000, -0.000000000000000000, 1.000000000000000000 ) ) ;
#4657 = LINE ( 'NONE', #1041, #2290 ) ;
#4658 = CARTESIAN_POINT ( 'NONE',  ( 19.96228089977059028, -28.97904874808753561, 3.000000000000000444 ) ) ;
#4659 = AXIS2_PLACEMENT_3D ( 'NONE', #2967, #4528, #4893 ) ;
#4660 = CARTESIAN_POINT ( 'NONE',  ( -33.27013573986380379, -29.18181818181820475, 0.000000000000000000 ) ) ;
#4661 = ORIENTED_EDGE ( 'NONE', *, *, #1851, .F. ) ;
#4662 = VERTEX_POINT ( 'NONE', #3614 ) ;
#4663 = VECTOR ( 'NONE', #3880, 1000.000000000000000 ) ;
#4664 = CARTESIAN_POINT ( 'NONE',  ( 11.48905725643990650, -22.71903625155653117, 3.000000000000000000 ) ) ;
#4665 = B_SPLINE_CURVE_WITH_KNOTS ( 'NONE', 3,
 ( #827, #4840, #2835, #387, #361, #2064, #18, #2415, #1624, #2438, #4810, #1247, #2861, #1195, #2809, #1145, #436 ),
 .UNSPECIFIED., .F., .F.,
 ( 4, 1, 1, 1, 1, 1, 1, 1, 1, 1, 1, 1, 1, 1, 4 ),
 ( 0.000000000000000000, 0.1257374078250387273, 0.1882175899547718356, 0.2504630304325459744, 0.3124994693555943059, 0.3750396997280448508, 0.4380225077790834698, 0.5014862209087210809, 0.5649499340383574708, 0.6278623775438000321, 0.6898661341717050588, 0.7518759443760574257, 0.8136419333356694761, 0.8755584528375319753, 1.000000000000000000 ),
 .UNSPECIFIED. ) ;
#4666 = DIRECTION ( 'NONE',  ( -0.000000000000000000, -0.000000000000000000, 1.000000000000000000 ) ) ;
#4667 = CIRCLE ( 'NONE', #1471, 1.000000000000000888 ) ;
#4668 = DIRECTION ( 'NONE',  ( -1.000000000000000000, 0.000000000000000000, 0.000000000000000000 ) ) ;
#4669 = ORIENTED_EDGE ( 'NONE', *, *, #2783, .T. ) ;
#4670 = CIRCLE ( 'NONE', #377, 1.000000000000000000 ) ;
#4671 = ORIENTED_EDGE ( 'NONE', *, *, #213, .T. ) ;
#4672 = VERTEX_POINT ( 'NONE', #3273 ) ;
#4673 = VECTOR ( 'NONE', #4074, 1000.000000000000000 ) ;
#4674 = EDGE_CURVE ( 'NONE', #674, #1231, #4011, .T. ) ;
#4675 = CARTESIAN_POINT ( 'NONE',  ( -1.970105767865760749, -28.92001628084283027, 0.000000000000000000 ) ) ;
#4676 = EDGE_CURVE ( 'NONE', #3075, #4714, #2803, .T. ) ;
#4677 = CARTESIAN_POINT ( 'NONE',  ( -31.75047762020568598, -29.18181818181820475, 0.000000000000000000 ) ) ;
#4678 = CARTESIAN_POINT ( 'NONE',  ( -50.72727272727275505, 26.81818181818179525, 0.6250000000000001110 ) ) ;
#4679 = ORIENTED_EDGE ( 'NONE', *, *, #3997, .F. ) ;
#4680 = CARTESIAN_POINT ( 'NONE',  ( 17.22167834379214568, -23.01309177760066405, -4.336808689942017736E-16 ) ) ;
#4681 = EDGE_CURVE ( 'NONE', #496, #4877, #3836, .T. ) ;
#4682 = DIRECTION ( 'NONE',  ( 0.000000000000000000, -0.000000000000000000, -1.000000000000000000 ) ) ;
#4683 = CARTESIAN_POINT ( 'NONE',  ( -7.177272727272749009, -1.456208595729604738E-15, 0.000000000000000000 ) ) ;
#4684 = ORIENTED_EDGE ( 'NONE', *, *, #4282, .T. ) ;
#4685 = CARTESIAN_POINT ( 'NONE',  ( 0.000000000000000000, -27.66216006216008338, 0.000000000000000000 ) ) ;
#4686 = DIRECTION ( 'NONE',  ( 1.000000000000000000, 0.000000000000000000, 0.000000000000000000 ) ) ;
#4687 = CARTESIAN_POINT ( 'NONE',  ( -6.177272727272748121, -6.031818181818207059, 0.000000000000000000 ) ) ;
#4688 = DIRECTION ( 'NONE',  ( 0.3852453456739262649, 0.9228141869502098915, 0.000000000000000000 ) ) ;
#4689 = ORIENTED_EDGE ( 'NONE', *, *, #164, .T. ) ;
#4690 = ORIENTED_EDGE ( 'NONE', *, *, #4049, .F. ) ;
#4691 = LINE ( 'NONE', #2689, #3784 ) ;
#4692 = CARTESIAN_POINT ( 'NONE',  ( -2.210971502885780371, -27.79117630743208167, 0.000000000000000000 ) ) ;
#4693 = DIRECTION ( 'NONE',  ( -0.000000000000000000, -0.000000000000000000, 1.000000000000000000 ) ) ;
#4694 = VERTEX_POINT ( 'NONE', #4940 ) ;
#4695 = VERTEX_POINT ( 'NONE', #3325 ) ;
#4696 = EDGE_LOOP ( 'NONE', ( #2950, #4715, #634, #2644 ) ) ;
#4697 = CARTESIAN_POINT ( 'NONE',  ( -48.72727272727274794, -36.18181818181820120, 3.000000000000000000 ) ) ;
#4698 = CARTESIAN_POINT ( 'NONE',  ( 16.97713218026791537, -27.85880016653592151, 3.000000000000000000 ) ) ;
#4699 = FACE_OUTER_BOUND ( 'NONE', #2718, .T. ) ;
#4700 = EDGE_LOOP ( 'NONE', ( #4515, #4394, #3681, #1179, #659, #3502, #3380, #4202 ) ) ;
#4701 = EDGE_CURVE ( 'NONE', #2158, #748, #2487, .T. ) ;
#4702 = CARTESIAN_POINT ( 'NONE',  ( 3.581573661845596668, 0.000000000000000000, 0.000000000000000000 ) ) ;
#4703 = CARTESIAN_POINT ( 'NONE',  ( -29.38023472169937023, -20.78482955173271307, 0.000000000000000000 ) ) ;
#4704 = DIRECTION ( 'NONE',  ( -1.000000000000000000, -0.000000000000000000, 0.000000000000000000 ) ) ;
#4705 = LINE ( 'NONE', #3151, #877 ) ;
#4706 = B_SPLINE_SURFACE_WITH_KNOTS ( 'NONE', 3, 1, ( 
 ( #3575, #5163 ),
 ( #3106, #5186 ),
 ( #3206, #1921 ),
 ( #4342, #1523 ),
 ( #3520, #392 ),
 ( #3133, #2343 ),
 ( #340, #1551 ),
 ( #3159, #4368 ),
 ( #1576, #942 ),
 ( #3622, #2521 ),
 ( #1335, #2840 ),
 ( #2469, #52 ),
 ( #3675, #439 ),
 ( #2125, #413 ),
 ( #3698, #4449 ),
 ( #22, #1655 ),
 ( #2041, #3259 ) ),
 .UNSPECIFIED., .F., .F., .F.,
 ( 4, 1, 1, 1, 1, 1, 1, 1, 1, 1, 1, 1, 1, 1, 4 ),
 ( 2, 2 ),
 ( 0.000000000000000000, 0.1368472313417241626, 0.2017811682291447417, 0.2646978383516463418, 0.3264063801028042611, 0.3875236713622445817, 0.4488753429192631761, 0.5107131055148141918, 0.5722017419844933617, 0.6321679052969794155, 0.6916173110725529760, 0.7508275302536946416, 0.8105907648441200708, 0.8716055069175260295, 1.000000000000000000 ),
 ( 0.000000000000000000, 1.000000000000000000 ),
 .UNSPECIFIED. ) ;
#4707 = EDGE_CURVE ( 'NONE', #5014, #3713, #2194, .T. ) ;
#4708 = ADVANCED_FACE ( 'NONE', ( #199 ), #2568, .F. ) ;
#4709 = VERTEX_POINT ( 'NONE', #4544 ) ;
#4710 = CARTESIAN_POINT ( 'NONE',  ( 15.35953210796705370, -25.28944234077962605, 2.999999999999999556 ) ) ;
#4711 = CARTESIAN_POINT ( 'NONE',  ( 22.33985357637550351, -29.18181818181820475, 0.000000000000000000 ) ) ;
#4712 = ORIENTED_EDGE ( 'NONE', *, *, #2089, .T. ) ;
#4713 = DIRECTION ( 'NONE',  ( 1.000000000000000000, 3.469446951953613573E-17, 0.000000000000000000 ) ) ;
#4714 = VERTEX_POINT ( 'NONE', #930 ) ;
#4715 = ORIENTED_EDGE ( 'NONE', *, *, #171, .F. ) ;
#4716 = CARTESIAN_POINT ( 'NONE',  ( -7.177272727272750785, 9.068181818181795251, 0.000000000000000000 ) ) ;
#4717 = EDGE_CURVE ( 'NONE', #2126, #4325, #2111, .T. ) ;
#4718 = DIRECTION ( 'NONE',  ( 1.000000000000000000, 0.000000000000000000, 0.000000000000000000 ) ) ;
#4719 = DIRECTION ( 'NONE',  ( -0.000000000000000000, -0.000000000000000000, 1.000000000000000000 ) ) ;
#4720 = CARTESIAN_POINT ( 'NONE',  ( 13.85338504134535853, -25.01779686037268746, -4.336808689942017736E-16 ) ) ;
#4721 = ORIENTED_EDGE ( 'NONE', *, *, #2325, .T. ) ;
#4722 = UNCERTAINTY_MEASURE_WITH_UNIT (LENGTH_MEASURE( 1.000000000000000082E-05 ), #4830, 'distance_accuracy_value', 'NONE');
#4723 = VERTEX_POINT ( 'NONE', #4138 ) ;
#4724 = AXIS2_PLACEMENT_3D ( 'NONE', #4764, #2012, #3200 ) ;
#4725 = EDGE_LOOP ( 'NONE', ( #5196, #4937, #5117, #307 ) ) ;
#4726 = DIRECTION ( 'NONE',  ( 0.000000000000000000, -1.000000000000000000, 0.000000000000000000 ) ) ;
#4727 = COORDINATED_UNIVERSAL_TIME_OFFSET ( 7, 0, .AHEAD. ) ;
#4728 = VECTOR ( 'NONE', #2641, 1000.000000000000000 ) ;
#4729 = VECTOR ( 'NONE', #2046, 1000.000000000000000 ) ;
#4730 = B_SPLINE_CURVE_WITH_KNOTS ( 'NONE', 3,
 ( #1792, #605, #1396, #5055, #4609, #1443, #1045, #2211, #1819 ),
 .UNSPECIFIED., .F., .F.,
 ( 4, 1, 1, 1, 1, 1, 4 ),
 ( 0.000000000000000000, 0.2560138154209219419, 0.3798554877978735367, 0.5083516363434911201, 0.6353913053716025994, 0.7568653716447744095, 1.000000000000000000 ),
 .UNSPECIFIED. ) ;
#4731 = LINE ( 'NONE', #4678, #372 ) ;
#4732 = EDGE_LOOP ( 'NONE', ( #302, #1427, #1894, #1156 ) ) ;
#4733 = DIRECTION ( 'NONE',  ( -0.7448243343634693980, -0.6672606019689869550, 0.000000000000000000 ) ) ;
#4734 = CARTESIAN_POINT ( 'NONE',  ( 16.12233335210716234, -23.64606538506214761, -4.336808689942017736E-16 ) ) ;
#4735 = CARTESIAN_POINT ( 'NONE',  ( -6.177272727272750785, 9.068181818181795251, 3.000000000000000000 ) ) ;
#4736 = FACE_OUTER_BOUND ( 'NONE', #1129, .T. ) ;
#4737 = CARTESIAN_POINT ( 'NONE',  ( 17.56427028380022648, -22.93386817770707964, 2.999999999999999556 ) ) ;
#4738 = VECTOR ( 'NONE', #1194, 1000.000000000000000 ) ;
#4739 = EDGE_CURVE ( 'NONE', #1404, #4694, #170, .T. ) ;
#4740 = DIRECTION ( 'NONE',  ( 1.000000000000000000, 0.000000000000000000, 0.000000000000000000 ) ) ;
#4741 = EDGE_CURVE ( 'NONE', #1421, #1560, #3406, .T. ) ;
#4742 = CARTESIAN_POINT ( 'NONE',  ( 2.439652015760118309E-16, -7.031818181818207059, 0.000000000000000000 ) ) ;
#4743 = VECTOR ( 'NONE', #1554, 1000.000000000000000 ) ;
#4744 = VERTEX_POINT ( 'NONE', #1269 ) ;
#4745 = ORIENTED_EDGE ( 'NONE', *, *, #3098, .T. ) ;
#4746 = CARTESIAN_POINT ( 'NONE',  ( 0.000000000000000000, -21.77348484848487331, 3.000000000000000000 ) ) ;
#4747 = DIRECTION ( 'NONE',  ( -1.000000000000000000, 0.000000000000000000, 0.000000000000000000 ) ) ;
#4748 = CARTESIAN_POINT ( 'NONE',  ( -3.163557428943824412, -29.14653381210548488, 3.000000000000000000 ) ) ;
#4749 = CARTESIAN_POINT ( 'NONE',  ( 15.01359525648243398, -22.71421199630935206, -4.336808689942017736E-16 ) ) ;
#4750 = ADVANCED_BREP_SHAPE_REPRESENTATION ( 'PI5_Front_Case', ( #2899, #4779 ), #2756 ) ;
#4751 = ORIENTED_EDGE ( 'NONE', *, *, #4639, .T. ) ;
#4752 = EDGE_LOOP ( 'NONE', ( #2004, #2798, #2185, #4189 ) ) ;
#4753 = ORIENTED_EDGE ( 'NONE', *, *, #576, .F. ) ;
#4754 = AXIS2_PLACEMENT_3D ( 'NONE', #1859, #3021, #4997 ) ;
#4755 = CARTESIAN_POINT ( 'NONE',  ( 11.78402748333366645, -27.96638695051469625, -4.336808689942017736E-16 ) ) ;
#4756 = B_SPLINE_SURFACE_WITH_KNOTS ( 'NONE', 3, 1, ( 
 ( #27, #4429 ),
 ( #2, #4793 ),
 ( #5139, #3211 ),
 ( #3238, #4748 ),
 ( #3974, #369 ),
 ( #813, #837 ),
 ( #1604, #2739 ),
 ( #4347, #1977 ),
 ( #1631, #3580 ) ),
 .UNSPECIFIED., .F., .F., .F.,
 ( 4, 1, 1, 1, 1, 1, 4 ),
 ( 2, 2 ),
 ( 0.000000000000000000, 0.2560138154209219419, 0.3798554877978735367, 0.5083516363434911201, 0.6353913053716025994, 0.7568653716447744095, 1.000000000000000000 ),
 ( 0.000000000000000000, 1.000000000000000000 ),
 .UNSPECIFIED. ) ;
#4757 = CARTESIAN_POINT ( 'NONE',  ( 49.42272727272725774, 22.96818181818179738, -4.336808689942017736E-16 ) ) ;
#4758 = CARTESIAN_POINT ( 'NONE',  ( -2.408499353265572740, -29.24939289817996624, 0.000000000000000000 ) ) ;
#4759 = VECTOR ( 'NONE', #2029, 1000.000000000000000 ) ;
#4760 = VERTEX_POINT ( 'NONE', #4166 ) ;
#4761 = DIRECTION ( 'NONE',  ( 1.000000000000000000, 0.000000000000000000, 0.000000000000000000 ) ) ;
#4762 = CARTESIAN_POINT ( 'NONE',  ( -9.077272727272747588, -6.031818181818207059, 0.000000000000000000 ) ) ;
#4763 = CARTESIAN_POINT ( 'NONE',  ( -22.96495411593218350, -21.77348484848487331, 3.000000000000000000 ) ) ;
#4764 = CARTESIAN_POINT ( 'NONE',  ( 51.27272727272725206, -36.18181818181820120, 3.000000000000000000 ) ) ;
#4765 = CARTESIAN_POINT ( 'NONE',  ( 5.838024105399357566, -22.54736533925386865, 3.000000000000000000 ) ) ;
#4766 = DIRECTION ( 'NONE',  ( 0.000000000000000000, 1.000000000000000000, 1.170249963952608117E-16 ) ) ;
#4767 = DIRECTION ( 'NONE',  ( 0.000000000000000000, -1.325135988593394253E-16, 1.000000000000000000 ) ) ;
#4768 = ORIENTED_EDGE ( 'NONE', *, *, #1153, .T. ) ;
#4769 = ORIENTED_EDGE ( 'NONE', *, *, #4517, .T. ) ;
#4770 = EDGE_CURVE ( 'NONE', #1341, #3054, #3156, .T. ) ;
#4771 = LINE ( 'NONE', #4746, #5162 ) ;
#4772 = DIRECTION ( 'NONE',  ( 0.000000000000000000, -0.000000000000000000, -1.000000000000000000 ) ) ;
#4773 = PLANE ( 'NONE',  #1119 ) ;
#4774 = CARTESIAN_POINT ( 'NONE',  ( 16.13638276568141805, -21.98317218120281069, -4.336808689942017736E-16 ) ) ;
#4775 = EDGE_LOOP ( 'NONE', ( #798, #1054, #1856, #3450 ) ) ;
#4776 = EDGE_CURVE ( 'NONE', #3521, #2281, #4832, .T. ) ;
#4777 = EDGE_LOOP ( 'NONE', ( #341, #1034, #5072, #3290, #264, #4236, #2026, #4616 ) ) ;
#4778 = LINE ( 'NONE', #4007, #1097 ) ;
#4779 = AXIS2_PLACEMENT_3D ( 'NONE', #3247, #849, #1591 ) ;
#4780 = ORIENTED_EDGE ( 'NONE', *, *, #1069, .F. ) ;
#4781 = PLANE ( 'NONE',  #4310 ) ;
#4782 = CARTESIAN_POINT ( 'NONE',  ( 15.65570047818825472, -24.24654252968909418, -4.336808689942017736E-16 ) ) ;
#4783 = DIRECTION ( 'NONE',  ( 1.000000000000000000, 0.000000000000000000, 0.000000000000000000 ) ) ;
#4784 = PLANE ( 'NONE',  #1552 ) ;
#4785 = DIRECTION ( 'NONE',  ( -0.000000000000000000, -0.000000000000000000, 1.000000000000000000 ) ) ;
#4786 = DIRECTION ( 'NONE',  ( 0.000000000000000000, 0.000000000000000000, 1.000000000000000000 ) ) ;
#4787 = LINE ( 'NONE', #4391, #3563 ) ;
#4788 = CARTESIAN_POINT ( 'NONE',  ( -17.34934247063303658, -21.77348484848486976, 0.000000000000000000 ) ) ;
#4789 = VERTEX_POINT ( 'NONE', #1724 ) ;
#4790 = ORIENTED_EDGE ( 'NONE', *, *, #2742, .F. ) ;
#4791 = CARTESIAN_POINT ( 'NONE',  ( 16.74747109734629902, -23.19787740071403448, -4.336808689942017736E-16 ) ) ;
#4792 = CARTESIAN_POINT ( 'NONE',  ( 24.60004822114045808, -27.66216006216008338, 0.000000000000000000 ) ) ;
#4793 = CARTESIAN_POINT ( 'NONE',  ( -2.798461419195739541, -29.27719621011705442, 3.000000000000000000 ) ) ;
#4794 = CARTESIAN_POINT ( 'NONE',  ( 13.84148923332833725, -25.28548572389118476, 3.000000000000000444 ) ) ;
#4795 = VERTEX_POINT ( 'NONE', #1375 ) ;
#4796 = CIRCLE ( 'NONE', #3031, 5.249999999999997335 ) ;
#4797 = EDGE_LOOP ( 'NONE', ( #1799, #3897, #702, #4573 ) ) ;
#4798 = DIRECTION ( 'NONE',  ( 0.000000000000000000, -1.000000000000000000, 0.000000000000000000 ) ) ;
#4799 = EDGE_CURVE ( 'NONE', #1421, #2250, #2986, .T. ) ;
#4800 = EDGE_CURVE ( 'NONE', #2924, #371, #4620, .T. ) ;
#4801 = LINE ( 'NONE', #2032, #408 ) ;
#4802 = EDGE_LOOP ( 'NONE', ( #892, #5123, #3215, #2318, #1367, #4684, #88, #5112 ) ) ;
#4803 = ORIENTED_EDGE ( 'NONE', *, *, #107, .F. ) ;
#4804 = PLANE ( 'NONE',  #1044 ) ;
#4805 = CARTESIAN_POINT ( 'NONE',  ( 16.12233335210716234, -23.64606538506214761, 3.000000000000000000 ) ) ;
#4806 = CARTESIAN_POINT ( 'NONE',  ( 0.000000000000000000, -21.77348484848487331, 3.000000000000000000 ) ) ;
#4807 = VECTOR ( 'NONE', #2294, 1000.000000000000114 ) ;
#4808 = ADVANCED_FACE ( 'NONE', ( #225 ), #4221, .F. ) ;
#4809 = DIRECTION ( 'NONE',  ( -0.000000000000000000, 0.000000000000000000, 1.000000000000000000 ) ) ;
#4810 = CARTESIAN_POINT ( 'NONE',  ( 20.32289132291698408, -22.17797479935931548, 3.000000000000000444 ) ) ;
#4811 = EDGE_CURVE ( 'NONE', #3134, #4709, #2619, .T. ) ;
#4812 = DIRECTION ( 'NONE',  ( 0.000000000000000000, -1.000000000000000000, 0.000000000000000000 ) ) ;
#4813 = ORIENTED_EDGE ( 'NONE', *, *, #4906, .T. ) ;
#4814 = ORIENTED_EDGE ( 'NONE', *, *, #4485, .T. ) ;
#4815 = PLANE ( 'NONE',  #2544 ) ;
#4816 = CARTESIAN_POINT ( 'NONE',  ( -10.07727272727274936, 10.06818181818179525, 3.000000000000000000 ) ) ;
#4817 = DIRECTION ( 'NONE',  ( -0.6672606019689869550, 0.7448243343634693980, 0.000000000000000000 ) ) ;
#4818 = CARTESIAN_POINT ( 'NONE',  ( 9.272727272727246728, -9.406793968614238452E-16, 3.000000000000000000 ) ) ;
#4819 = CARTESIAN_POINT ( 'NONE',  ( 16.39178681569955742, -21.87644034171499641, -4.336808689942017736E-16 ) ) ;
#4820 = ORIENTED_EDGE ( 'NONE', *, *, #972, .F. ) ;
#4821 = EDGE_LOOP ( 'NONE', ( #4105, #4030, #1402, #1238 ) ) ;
#4822 = CARTESIAN_POINT ( 'NONE',  ( 1.397065114837045652, -21.77348484848487331, 0.000000000000000000 ) ) ;
#4823 = PLANE ( 'NONE',  #881 ) ;
#4824 = VECTOR ( 'NONE', #3066, 1000.000000000000000 ) ;
#4825 = CARTESIAN_POINT ( 'NONE',  ( 53.27272727272725916, 26.81818181818179525, 0.6250000000000000000 ) ) ;
#4826 = VERTEX_POINT ( 'NONE', #615 ) ;
#4827 = ORIENTED_EDGE ( 'NONE', *, *, #679, .F. ) ;
#4828 = EDGE_CURVE ( 'NONE', #3053, #4181, #1967, .T. ) ;
#4829 = DIRECTION ( 'NONE',  ( 0.000000000000000000, -0.000000000000000000, -1.000000000000000000 ) ) ;
#4830 =( LENGTH_UNIT ( ) NAMED_UNIT ( * ) SI_UNIT ( .MILLI., .METRE. ) );
#4831 = ADVANCED_FACE ( 'NONE', ( #3595 ), #4038, .F. ) ;
#4832 = CIRCLE ( 'NONE', #4068, 1.000000000000000888 ) ;
#4833 = CARTESIAN_POINT ( 'NONE',  ( 51.27272727272725206, -36.18181818181820120, 2.374999999999992895 ) ) ;
#4834 = PLANE ( 'NONE',  #4724 ) ;
#4835 = VECTOR ( 'NONE', #2187, 1000.000000000000000 ) ;
#4836 = AXIS2_PLACEMENT_3D ( 'NONE', #2971, #628, #5026 ) ;
#4837 = CARTESIAN_POINT ( 'NONE',  ( 15.78596509744506093, -26.93874095761875154, 3.000000000000000000 ) ) ;
#4838 = EDGE_CURVE ( 'NONE', #1533, #4911, #780, .T. ) ;
#4839 = EDGE_CURVE ( 'NONE', #5016, #2368, #4665, .T. ) ;
#4840 = CARTESIAN_POINT ( 'NONE',  ( 18.18038451081629603, -21.58325706529912935, 3.000000000000000444 ) ) ;
#4841 = CARTESIAN_POINT ( 'NONE',  ( 0.000000000000000000, -27.85211732711734811, 3.000000000000000000 ) ) ;
#4842 = CARTESIAN_POINT ( 'NONE',  ( 4.727443299253625497, -26.95698969860304928, 3.000000000000000000 ) ) ;
#4843 = ORIENTED_EDGE ( 'NONE', *, *, #1869, .T. ) ;
#4844 = CARTESIAN_POINT ( 'NONE',  ( 27.86939083599088818, -27.66216006216008338, 3.000000000000000000 ) ) ;
#4845 = CARTESIAN_POINT ( 'NONE',  ( 0.000000000000000000, -21.77348484848487331, 0.000000000000000000 ) ) ;
#4846 = CARTESIAN_POINT ( 'NONE',  ( -28.62727272727275007, 7.268181818181796316, 0.000000000000000000 ) ) ;
#4847 = CARTESIAN_POINT ( 'NONE',  ( 18.42059435177620941, -21.59567737243131802, 4.336808689942017736E-16 ) ) ;
#4848 = VERTEX_POINT ( 'NONE', #2389 ) ;
#4849 = ORIENTED_EDGE ( 'NONE', *, *, #4098, .F. ) ;
#4850 = B_SPLINE_CURVE_WITH_KNOTS ( 'NONE', 3,
 ( #2065, #1968, #1224, #2416, #1196, #2492, #1572, #49, #73, #2039, #3256, #2015, #3203, #3994, #2888, #411, #1248, #1653, #3570, #3672, #2810, #3278, #4891, #3619, #1276 ),
 .UNSPECIFIED., .F., .F.,
 ( 4, 1, 1, 1, 1, 1, 1, 1, 1, 1, 1, 1, 1, 1, 1, 1, 1, 1, 1, 1, 1, 1, 4 ),
 ( 0.000000000000000000, 0.08504639580243111840, 0.1259021526808608571, 0.1663360397768396115, 0.2060832989416689909, 0.2458688252561862242, 0.2850785020373755030, 0.3247511710850991551, 0.3644512289307332287, 0.4039949165250978913, 0.4439542316709211289, 0.4840147450506266935, 0.5247005424166525378, 0.5660107107476504140, 0.6082992893723843109, 0.6517309999915859020, 0.6954153732104148000, 0.7388846079940503131, 0.7820892313455268807, 0.8251918425014448388, 0.8683076910763700695, 0.9116968350784143693, 1.000000000000000000 ),
 .UNSPECIFIED. ) ;
#4851 = FACE_OUTER_BOUND ( 'NONE', #2333, .T. ) ;
#4852 = CARTESIAN_POINT ( 'NONE',  ( 18.01090559293533389, -22.91322843822846167, 3.000000000000000000 ) ) ;
#4853 = PRODUCT_DEFINITION_FORMATION_WITH_SPECIFIED_SOURCE ( 'ANY', '', #4237, .NOT_KNOWN. ) ;
#4854 = DIRECTION ( 'NONE',  ( 1.000000000000000000, 0.000000000000000000, 0.000000000000000000 ) ) ;
#4855 = B_SPLINE_CURVE_WITH_KNOTS ( 'NONE', 3,
 ( #2622, #4225, #3824, #228, #1136, #3533, #4758, #5151, #2749 ),
 .UNSPECIFIED., .F., .F.,
 ( 4, 1, 1, 1, 1, 1, 4 ),
 ( 0.000000000000000000, 0.2431346283552260901, 0.3646086946283983998, 0.4916483636565102677, 0.6201445122021304046, 0.7439861845790823880, 1.000000000000000000 ),
 .UNSPECIFIED. ) ;
#4856 = EDGE_LOOP ( 'NONE', ( #1589, #4827 ) ) ;
#4857 = VERTEX_POINT ( 'NONE', #4420 ) ;
#4858 = CARTESIAN_POINT ( 'NONE',  ( -46.87727272727275363, -32.33181818181820688, -4.336808689942017736E-16 ) ) ;
#4859 = APPLICATION_PROTOCOL_DEFINITION ( 'international standard', 'config_control_design', 1994, #778 ) ;
#4860 = CARTESIAN_POINT ( 'NONE',  ( 20.77165133996866686, -28.48529130744404014, 0.000000000000000000 ) ) ;
#4861 = EDGE_CURVE ( 'NONE', #1076, #36, #755, .T. ) ;
#4862 = CARTESIAN_POINT ( 'NONE',  ( 15.61629578882987346, -26.64965021715582694, 3.000000000000000000 ) ) ;
#4863 = DIRECTION ( 'NONE',  ( -0.3825642979791225029, -0.9239288705910975175, 0.000000000000000000 ) ) ;
#4864 = CARTESIAN_POINT ( 'NONE',  ( -46.87727272727275363, 22.40434628038717690, -4.336808689942017736E-16 ) ) ;
#4865 = DIRECTION ( 'NONE',  ( 0.000000000000000000, 0.000000000000000000, -1.000000000000000000 ) ) ;
#4866 = CARTESIAN_POINT ( 'NONE',  ( 7.884255080766811474, -29.33623858518740590, 0.000000000000000000 ) ) ;
#4867 = EDGE_CURVE ( 'NONE', #1683, #1641, #4015, .T. ) ;
#4868 = EDGE_CURVE ( 'NONE', #1200, #3027, #48, .T. ) ;
#4869 = LINE ( 'NONE', #3726, #2879 ) ;
#4870 = ORIENTED_EDGE ( 'NONE', *, *, #234, .T. ) ;
#4871 = CARTESIAN_POINT ( 'NONE',  ( 12.40565049156200672, -27.00110712971687121, 2.999999999999999556 ) ) ;
#4872 = CARTESIAN_POINT ( 'NONE',  ( 34.92452237979430407, 0.000000000000000000, 0.000000000000000000 ) ) ;
#4873 = CARTESIAN_POINT ( 'NONE',  ( -48.72727272727274794, 26.81818181818179525, 0.6250000000000001110 ) ) ;
#4874 = FACE_OUTER_BOUND ( 'NONE', #3428, .T. ) ;
#4875 = FACE_OUTER_BOUND ( 'NONE', #1422, .T. ) ;
#4876 = ORIENTED_EDGE ( 'NONE', *, *, #5124, .T. ) ;
#4877 = VERTEX_POINT ( 'NONE', #3181 ) ;
#4878 = CC_DESIGN_DATE_AND_TIME_ASSIGNMENT ( #2353, #3531, ( #2588 ) ) ;
#4879 = CARTESIAN_POINT ( 'NONE',  ( 20.22774371775117785, -23.82007945162367690, 3.000000000000000000 ) ) ;
#4880 = CARTESIAN_POINT ( 'NONE',  ( 17.99903326387550706, -29.37177544677546592, 3.000000000000000000 ) ) ;
#4881 = VECTOR ( 'NONE', #4512, 1000.000000000000000 ) ;
#4882 = EDGE_LOOP ( 'NONE', ( #144, #3484, #1453, #4933 ) ) ;
#4883 = ORIENTED_EDGE ( 'NONE', *, *, #2444, .T. ) ;
#4884 = DIRECTION ( 'NONE',  ( 0.000000000000000000, -0.000000000000000000, 1.000000000000000000 ) ) ;
#4885 = CARTESIAN_POINT ( 'NONE',  ( 19.56611085373934245, -29.13804267375025603, 0.000000000000000000 ) ) ;
#4886 = CARTESIAN_POINT ( 'NONE',  ( 15.61629578882987346, -26.64965021715582694, 3.000000000000000000 ) ) ;
#4887 = FACE_BOUND ( 'NONE', #4777, .T. ) ;
#4888 = CARTESIAN_POINT ( 'NONE',  ( 8.584276319431060287, -21.58352758352760503, 0.000000000000000000 ) ) ;
#4889 = AXIS2_PLACEMENT_3D ( 'NONE', #4012, #3642, #3988 ) ;
#4890 = LINE ( 'NONE', #963, #5200 ) ;
#4891 = CARTESIAN_POINT ( 'NONE',  ( 17.55266006493680564, -21.59809165966031586, 2.999999999999999556 ) ) ;
#4892 = CARTESIAN_POINT ( 'NONE',  ( 5.341640947990739186, -27.92932543661883216, 3.000000000000000000 ) ) ;
#4893 = DIRECTION ( 'NONE',  ( -1.000000000000000000, 0.000000000000000000, 0.000000000000000000 ) ) ;
#4894 = VECTOR ( 'NONE', #3975, 1000.000000000000000 ) ;
#4895 = AXIS2_PLACEMENT_3D ( 'NONE', #3552, #3948, #3137 ) ;
#4896 = CARTESIAN_POINT ( 'NONE',  ( 20.39872777509344814, -26.96466072989512597, -0.000000000000000000 ) ) ;
#4897 = EDGE_LOOP ( 'NONE', ( #3061, #3141, #3883, #285, #868, #4333, #3576 ) ) ;
#4898 = CARTESIAN_POINT ( 'NONE',  ( 12.53878931553004428, -26.64838692683061794, 2.999999999999999556 ) ) ;
#4899 = CARTESIAN_POINT ( 'NONE',  ( 21.26787026139034964, -28.08520591824257551, 3.000000000000000000 ) ) ;
#4900 = EDGE_CURVE ( 'NONE', #976, #2919, #239, .T. ) ;
#4901 = ADVANCED_FACE ( 'NONE', ( #3966 ), #4065, .T. ) ;
#4902 = DIRECTION ( 'NONE',  ( -1.000000000000000000, 0.000000000000000000, 0.000000000000000000 ) ) ;
#4903 = DIRECTION ( 'NONE',  ( 0.000000000000000000, -1.000000000000000000, 0.000000000000000000 ) ) ;
#4904 = ORIENTED_EDGE ( 'NONE', *, *, #391, .F. ) ;
#4905 = ORIENTED_EDGE ( 'NONE', *, *, #1462, .F. ) ;
#4906 = EDGE_CURVE ( 'NONE', #2577, #2734, #1570, .T. ) ;
#4907 = CARTESIAN_POINT ( 'NONE',  ( 9.783694702721183134, -21.73715536193334685, 3.000000000000000000 ) ) ;
#4908 = CARTESIAN_POINT ( 'NONE',  ( -24.52727272727274865, 10.06818181818179525, 0.000000000000000000 ) ) ;
#4909 = CARTESIAN_POINT ( 'NONE',  ( 18.22799572452803218, -22.91278985233034504, 3.000000000000000000 ) ) ;
#4910 = VECTOR ( 'NONE', #4594, 1000.000000000000000 ) ;
#4911 = VERTEX_POINT ( 'NONE', #2014 ) ;
#4912 = ORIENTED_EDGE ( 'NONE', *, *, #1611, .F. ) ;
#4913 = CARTESIAN_POINT ( 'NONE',  ( 14.50558768017336497, -23.28251074444569824, -4.336808689942017736E-16 ) ) ;
#4914 = DIRECTION ( 'NONE',  ( 0.3560282033151483394, -0.9344752101817295209, 0.000000000000000000 ) ) ;
#4915 = DIRECTION ( 'NONE',  ( -0.5782926816936390102, -0.8158293781787828713, 0.000000000000000000 ) ) ;
#4916 = FACE_OUTER_BOUND ( 'NONE', #3094, .T. ) ;
#4917 = CARTESIAN_POINT ( 'NONE',  ( 5.456735650293810025, -22.90060314001530273, -4.336808689942017736E-16 ) ) ;
#4918 = VECTOR ( 'NONE', #1858, 1000.000000000000114 ) ;
#4919 = DIRECTION ( 'NONE',  ( -0.000000000000000000, 1.000000000000000000, -0.000000000000000000 ) ) ;
#4920 = FACE_BOUND ( 'NONE', #1495, .T. ) ;
#4921 = CYLINDRICAL_SURFACE ( 'NONE', #2807, 2.000000000000001776 ) ;
#4922 = VECTOR ( 'NONE', #1944, 1000.000000000000000 ) ;
#4923 = CARTESIAN_POINT ( 'NONE',  ( 6.246621090473218452, -28.72629635562729433, 0.000000000000000000 ) ) ;
#4924 = CARTESIAN_POINT ( 'NONE',  ( 11.50595278966956236, -28.25326038370787529, -4.336808689942017736E-16 ) ) ;
#4925 = B_SPLINE_CURVE_WITH_KNOTS ( 'NONE', 3,
 ( #1822, #1845, #2186, #3423, #4636, #1024, #5035, #3055, #4664, #636, #268, #1073, #2639, #1871, #4266, #3865, #4239 ),
 .UNSPECIFIED., .F., .F.,
 ( 4, 1, 1, 1, 1, 1, 1, 1, 1, 1, 1, 1, 1, 1, 4 ),
 ( 0.000000000000000000, 0.1295984303094122880, 0.1920566398244013817, 0.2537931450513873921, 0.3156221093645431020, 0.3777187376031707067, 0.4410784058418155129, 0.5058785979916926578, 0.5705048043947851255, 0.6330243983483035963, 0.6938907263295299721, 0.7539887005207451809, 0.8139036408410939005, 0.8745301077479221696, 1.000000000000000000 ),
 .UNSPECIFIED. ) ;
#4926 = VECTOR ( 'NONE', #2006, 1000.000000000000000 ) ;
#4927 = VERTEX_POINT ( 'NONE', #4864 ) ;
#4928 = LINE ( 'NONE', #4071, #3462 ) ;
#4929 = CARTESIAN_POINT ( 'NONE',  ( -50.72727272727275505, 26.81818181818179525, 0.6250000000000001110 ) ) ;
#4930 = CARTESIAN_POINT ( 'NONE',  ( -30.59151971043662144, -21.63487849756751302, 0.000000000000000000 ) ) ;
#4931 = CARTESIAN_POINT ( 'NONE',  ( 8.272727272727248504, 9.068181818181795251, 0.000000000000000000 ) ) ;
#4932 = EDGE_CURVE ( 'NONE', #4219, #3976, #3618, .T. ) ;
#4933 = ORIENTED_EDGE ( 'NONE', *, *, #835, .T. ) ;
#4934 = ORIENTED_EDGE ( 'NONE', *, *, #3286, .T. ) ;
#4935 = CARTESIAN_POINT ( 'NONE',  ( 19.66414185080420296, -21.87506090674776615, 3.000000000000000000 ) ) ;
#4936 = EDGE_CURVE ( 'NONE', #1577, #3240, #72, .T. ) ;
#4937 = ORIENTED_EDGE ( 'NONE', *, *, #255, .F. ) ;
#4938 = VERTEX_POINT ( 'NONE', #1672 ) ;
#4939 = CARTESIAN_POINT ( 'NONE',  ( -3.293837507947905419, -27.89251255513019245, 3.000000000000000000 ) ) ;
#4940 = CARTESIAN_POINT ( 'NONE',  ( -30.49349478099628286, -21.77348484848487331, 3.000000000000000000 ) ) ;
#4941 = DIRECTION ( 'NONE',  ( -1.000000000000000000, 0.000000000000000000, -0.000000000000000000 ) ) ;
#4942 = DIRECTION ( 'NONE',  ( 0.000000000000000000, 0.000000000000000000, -1.000000000000000000 ) ) ;
#4943 = CARTESIAN_POINT ( 'NONE',  ( -3.541823774051843010, -28.46651035596350354, 3.000000000000000000 ) ) ;
#4944 = CARTESIAN_POINT ( 'NONE',  ( -33.27013573986380379, 0.000000000000000000, 0.000000000000000000 ) ) ;
#4945 = CARTESIAN_POINT ( 'NONE',  ( 4.436381354153286161, -25.47468343288658232, 3.000000000000000000 ) ) ;
#4946 = VECTOR ( 'NONE', #3678, 1000.000000000000000 ) ;
#4947 = CARTESIAN_POINT ( 'NONE',  ( 12.23713781708712744, -27.33945443034852119, 3.000000000000000000 ) ) ;
#4948 = ORIENTED_EDGE ( 'NONE', *, *, #1289, .T. ) ;
#4949 = CARTESIAN_POINT ( 'NONE',  ( 7.338292243337525278, -29.21817856118432388, 0.000000000000000000 ) ) ;
#4950 = DIRECTION ( 'NONE',  ( -0.000000000000000000, -0.000000000000000000, -1.000000000000000000 ) ) ;
#4951 = CARTESIAN_POINT ( 'NONE',  ( -25.25334554221423033, -29.18181818181820475, 0.000000000000000000 ) ) ;
#4952 = DIRECTION ( 'NONE',  ( -0.7018418700856369208, -0.7123327799523870851, 0.000000000000000000 ) ) ;
#4953 = ORIENTED_EDGE ( 'NONE', *, *, #2944, .F. ) ;
#4954 = AXIS2_PLACEMENT_3D ( 'NONE', #3302, #4942, #2935 ) ;
#4955 = ORIENTED_EDGE ( 'NONE', *, *, #4311, .F. ) ;
#4956 = CARTESIAN_POINT ( 'NONE',  ( 8.857135380163136062, -21.58361890270193584, 3.000000000000000000 ) ) ;
#4957 = CARTESIAN_POINT ( 'NONE',  ( 20.91666030011929323, -22.57177569732646916, -4.336808689942017736E-16 ) ) ;
#4958 = LINE ( 'NONE', #62, #844 ) ;
#4959 = ORIENTED_EDGE ( 'NONE', *, *, #753, .T. ) ;
#4960 = EDGE_LOOP ( 'NONE', ( #5136, #1535, #578, #346 ) ) ;
#4961 = DIRECTION ( 'NONE',  ( 1.000000000000000000, 0.000000000000000000, 0.000000000000000000 ) ) ;
#4962 = CARTESIAN_POINT ( 'NONE',  ( 18.03761833331995490, -28.04207459207461639, 0.000000000000000000 ) ) ;
#4963 = ADVANCED_FACE ( 'NONE', ( #2758 ), #1991, .T. ) ;
#4964 = EDGE_CURVE ( 'NONE', #3062, #4181, #2202, .T. ) ;
#4965 = DIRECTION ( 'NONE',  ( -1.014458173085851969E-16, -1.000000000000000000, 0.000000000000000000 ) ) ;
#4966 = CARTESIAN_POINT ( 'NONE',  ( 7.247582606475948097, -21.78329273544525080, -4.336808689942017736E-16 ) ) ;
#4967 = VERTEX_POINT ( 'NONE', #4120 ) ;
#4968 = CARTESIAN_POINT ( 'NONE',  ( -45.42727272727275079, -5.003413107911174436E-15, 0.000000000000000000 ) ) ;
#4969 = FACE_OUTER_BOUND ( 'NONE', #669, .T. ) ;
#4970 = CARTESIAN_POINT ( 'NONE',  ( -3.541823774051843010, -28.46651035596350354, 0.000000000000000000 ) ) ;
#4971 = ADVANCED_FACE ( 'NONE', ( #3331 ), #1275, .F. ) ;
#4972 = EDGE_LOOP ( 'NONE', ( #2470, #809 ) ) ;
#4973 = CARTESIAN_POINT ( 'NONE',  ( 12.66554781668998686, -26.15012984510012473, 2.999999999999999556 ) ) ;
#4974 = DIRECTION ( 'NONE',  ( -1.000000000000000000, -0.000000000000000000, -0.000000000000000000 ) ) ;
#4975 = CIRCLE ( 'NONE', #430, 2.000000000000001776 ) ;
#4976 = LINE ( 'NONE', #4607, #604 ) ;
#4977 = AXIS2_PLACEMENT_3D ( 'NONE', #2020, #417, #1 ) ;
#4978 = CARTESIAN_POINT ( 'NONE',  ( 23.97081478096951912, -29.18181818181820475, 3.000000000000000000 ) ) ;
#4979 = ORIENTED_EDGE ( 'NONE', *, *, #5059, .F. ) ;
#4980 = VERTEX_POINT ( 'NONE', #4526 ) ;
#4981 = B_SPLINE_CURVE_WITH_KNOTS ( 'NONE', 3,
 ( #897, #87, #925, #1746, #2532, #3321, #3712, #4909, #4852 ),
 .UNSPECIFIED., .F., .F.,
 ( 4, 1, 1, 1, 1, 1, 4 ),
 ( 0.000000000000000000, 0.2683958208652608701, 0.3948764351316761401, 0.5179314339857136185, 0.6385462467544803511, 0.7579871802043269824, 1.000000000000000000 ),
 .UNSPECIFIED. ) ;
#4982 = FACE_OUTER_BOUND ( 'NONE', #3548, .T. ) ;
#4983 = CARTESIAN_POINT ( 'NONE',  ( 8.594664607358415864, -29.37177544677546592, 2.999999999999999556 ) ) ;
#4984 = ORIENTED_EDGE ( 'NONE', *, *, #2157, .F. ) ;
#4985 = ORIENTED_EDGE ( 'NONE', *, *, #3218, .T. ) ;
#4986 = DIRECTION ( 'NONE',  ( -1.000000000000000000, 0.000000000000000000, 0.000000000000000000 ) ) ;
#4987 = VECTOR ( 'NONE', #4919, 1000.000000000000000 ) ;
#4988 = DIRECTION ( 'NONE',  ( -1.000000000000000000, 0.000000000000000000, 0.000000000000000000 ) ) ;
#4989 = CARTESIAN_POINT ( 'NONE',  ( -50.72727272727275505, 26.81818181818179525, 0.6250000000000001110 ) ) ;
#4990 = FACE_BOUND ( 'NONE', #4700, .T. ) ;
#4991 = CARTESIAN_POINT ( 'NONE',  ( 4.648385941994662929, -24.21193820843942035, -4.336808689942017736E-16 ) ) ;
#4992 = EDGE_CURVE ( 'NONE', #4082, #3495, #2887, .T. ) ;
#4993 = ORIENTED_EDGE ( 'NONE', *, *, #756, .F. ) ;
#4994 = EDGE_CURVE ( 'NONE', #4927, #2919, #3721, .T. ) ;
#4995 = LINE ( 'NONE', #2200, #2714 ) ;
#4996 = DIRECTION ( 'NONE',  ( -0.3560420328517558408, 0.9344699411124947064, 0.000000000000000000 ) ) ;
#4997 = DIRECTION ( 'NONE',  ( 1.000000000000000000, 0.000000000000000000, 0.000000000000000000 ) ) ;
#4998 = CARTESIAN_POINT ( 'NONE',  ( 12.69952237979431153, -25.49991213213871788, 3.000000000000000000 ) ) ;
#4999 = VECTOR ( 'NONE', #2124, 1000.000000000000000 ) ;
#5000 = EDGE_CURVE ( 'NONE', #1773, #1641, #937, .T. ) ;
#5001 = ORIENTED_EDGE ( 'NONE', *, *, #3011, .F. ) ;
#5002 = LINE ( 'NONE', #3438, #4415 ) ;
#5003 = CARTESIAN_POINT ( 'NONE',  ( -48.72727272727274794, 26.81818181818179525, 0.000000000000000000 ) ) ;
#5004 = AXIS2_PLACEMENT_3D ( 'NONE', #383, #3176, #4439 ) ;
#5005 = LINE ( 'NONE', #238, #352 ) ;
#5006 = CARTESIAN_POINT ( 'NONE',  ( 20.72594382878591546, -22.43084717633179181, 4.336808689942017736E-16 ) ) ;
#5007 = AXIS2_PLACEMENT_3D ( 'NONE', #1466, #569, #2631 ) ;
#5008 = ORIENTED_EDGE ( 'NONE', *, *, #4319, .F. ) ;
#5009 = ORIENTED_EDGE ( 'NONE', *, *, #1462, .T. ) ;
#5010 = CARTESIAN_POINT ( 'NONE',  ( 30.77722523403631882, -12.74369482346803828, 0.000000000000000000 ) ) ;
#5011 = CARTESIAN_POINT ( 'NONE',  ( 19.20537228344645087, -21.73099467072225721, -4.336808689942017736E-16 ) ) ;
#5012 = LINE ( 'NONE', #4187, #2370 ) ;
#5013 = ORIENTED_EDGE ( 'NONE', *, *, #874, .T. ) ;
#5014 = VERTEX_POINT ( 'NONE', #3383 ) ;
#5015 = B_SPLINE_CURVE_WITH_KNOTS ( 'NONE', 3,
 ( #133, #2152, #4973, #4898, #4871, #3284, #1763, #3335, #2865, #4479, #3653, #1282, #2471, #3360, #888, #860, #467 ),
 .UNSPECIFIED., .F., .F.,
 ( 4, 1, 1, 1, 1, 1, 1, 1, 1, 1, 1, 1, 1, 1, 4 ),
 ( 0.000000000000000000, 0.1249433514720557636, 0.1851546275688351617, 0.2449530597302929658, 0.3046370852439636567, 0.3653094530028209719, 0.4273206974333891295, 0.4914658579467119370, 0.5557986235221399340, 0.6188444898864642330, 0.6810443935384538072, 0.7428975313692780524, 0.8053431801292691983, 0.8685490246257749902, 1.000000000000000000 ),
 .UNSPECIFIED. ) ;
#5016 = VERTEX_POINT ( 'NONE', #3355 ) ;
#5017 = CARTESIAN_POINT ( 'NONE',  ( -44.87727272727275363, 22.40434628038717690, -4.336808689942017736E-16 ) ) ;
#5018 = DIRECTION ( 'NONE',  ( -0.000000000000000000, -0.000000000000000000, -1.000000000000000000 ) ) ;
#5019 = CARTESIAN_POINT ( 'NONE',  ( -6.569810716854044053, 4.658167456011717000, 0.000000000000000000 ) ) ;
#5020 = FACE_OUTER_BOUND ( 'NONE', #2733, .T. ) ;
#5021 = DIRECTION ( 'NONE',  ( 1.000000000000000000, 0.000000000000000000, 0.000000000000000000 ) ) ;
#5022 = ORIENTED_EDGE ( 'NONE', *, *, #2385, .T. ) ;
#5023 = PLANE ( 'NONE',  #3593 ) ;
#5024 = DIRECTION ( 'NONE',  ( -0.000000000000000000, 1.000000000000000000, -1.239088197126290817E-16 ) ) ;
#5025 = VERTEX_POINT ( 'NONE', #124 ) ;
#5026 = DIRECTION ( 'NONE',  ( 1.000000000000000000, 0.000000000000000000, 0.000000000000000000 ) ) ;
#5027 = CARTESIAN_POINT ( 'NONE',  ( -44.87727272727275363, -32.33181818181820688, -4.336808689942017736E-16 ) ) ;
#5028 = EDGE_CURVE ( 'NONE', #2327, #3976, #987, .T. ) ;
#5029 = CARTESIAN_POINT ( 'NONE',  ( 21.26787026139034964, -28.08520591824257551, 0.000000000000000000 ) ) ;
#5030 = VECTOR ( 'NONE', #3255, 1000.000000000000000 ) ;
#5031 = EDGE_CURVE ( 'NONE', #3075, #3521, #4890, .T. ) ;
#5032 = CARTESIAN_POINT ( 'NONE',  ( 20.14269399720032183, -27.19958831291832979, 0.000000000000000000 ) ) ;
#5033 = ORIENTED_EDGE ( 'NONE', *, *, #2630, .F. ) ;
#5034 = ORIENTED_EDGE ( 'NONE', *, *, #1465, .F. ) ;
#5035 = CARTESIAN_POINT ( 'NONE',  ( 10.85440022078999966, -22.22103023182257431, 3.000000000000000000 ) ) ;
#5036 = LINE ( 'NONE', #609, #3651 ) ;
#5037 = CARTESIAN_POINT ( 'NONE',  ( 5.920235953055146716, -28.49111724155866554, 3.000000000000000000 ) ) ;
#5038 = CC_DESIGN_DATE_AND_TIME_ASSIGNMENT ( #456, #3374, ( #432 ) ) ;
#5039 = ORIENTED_EDGE ( 'NONE', *, *, #2932, .F. ) ;
#5040 = EDGE_CURVE ( 'NONE', #2165, #3219, #1732, .T. ) ;
#5041 = ORIENTED_EDGE ( 'NONE', *, *, #165, .T. ) ;
#5042 = LINE ( 'NONE', #4697, #2232 ) ;
#5043 = B_SPLINE_SURFACE_WITH_KNOTS ( 'NONE', 3, 1, ( 
 ( #230, #3070 ),
 ( #1857, #5047 ),
 ( #3458, #3910 ),
 ( #4680, #2675 ),
 ( #4279, #671 ),
 ( #1083, #2698 ),
 ( #697, #3510 ),
 ( #5126, #3120 ),
 ( #4734, #4805 ),
 ( #3175, #4467 ),
 ( #3613, #3640 ),
 ( #4782, #5179 ),
 ( #13, #1242 ),
 ( #1541, #1961 ),
 ( #39, #1565 ),
 ( #428, #1162 ),
 ( #2434, #2775 ) ),
 .UNSPECIFIED., .F., .F., .F.,
 ( 4, 1, 1, 1, 1, 1, 1, 1, 1, 1, 1, 1, 1, 1, 4 ),
 ( 2, 2 ),
 ( 0.000000000000000000, 0.1315366415987530568, 0.1946231917815616774, 0.2567316290797626577, 0.3182474352592725708, 0.3799797872571920587, 0.4424201553826812572, 0.5062530007567508372, 0.5697003940816643963, 0.6315608293228486270, 0.6919855140712680708, 0.7519995925420044358, 0.8119504190725909121, 0.8730950536038957210, 1.000000000000000000 ),
 ( 0.000000000000000000, 1.000000000000000000 ),
 .UNSPECIFIED. ) ;
#5044 = LINE ( 'NONE', #4677, #3702 ) ;
#5045 = DIRECTION ( 'NONE',  ( -0.000000000000000000, -0.000000000000000000, 1.000000000000000000 ) ) ;
#5046 = ORIENTED_EDGE ( 'NONE', *, *, #5031, .F. ) ;
#5047 = CARTESIAN_POINT ( 'NONE',  ( 17.83116511418380412, -22.91419093338411272, 3.000000000000000000 ) ) ;
#5048 = PLANE ( 'NONE',  #3644 ) ;
#5049 = LINE ( 'NONE', #3385, #2898 ) ;
#5050 = AXIS2_PLACEMENT_3D ( 'NONE', #2320, #713, #2193 ) ;
#5051 = ORIENTED_EDGE ( 'NONE', *, *, #2580, .F. ) ;
#5052 = CARTESIAN_POINT ( 'NONE',  ( -2.408076735743323482, -27.68734295482419938, 0.000000000000000000 ) ) ;
#5053 = CARTESIAN_POINT ( 'NONE',  ( -3.163557428943824412, -29.14653381210548488, 3.000000000000000000 ) ) ;
#5054 = CARTESIAN_POINT ( 'NONE',  ( 19.36220189962222804, -29.19983828312887297, 0.000000000000000000 ) ) ;
#5055 = CARTESIAN_POINT ( 'NONE',  ( -3.163557428943824412, -29.14653381210548488, 0.000000000000000000 ) ) ;
#5056 = ORIENTED_EDGE ( 'NONE', *, *, #255, .T. ) ;
#5057 = EDGE_CURVE ( 'NONE', #4877, #2710, #699, .T. ) ;
#5058 = ORIENTED_EDGE ( 'NONE', *, *, #2806, .T. ) ;
#5059 = EDGE_CURVE ( 'NONE', #4124, #2234, #178, .T. ) ;
#5060 = VECTOR ( 'NONE', #1236, 1000.000000000000000 ) ;
#5061 = LINE ( 'NONE', #2664, #4040 ) ;
#5062 = CARTESIAN_POINT ( 'NONE',  ( -1.970221316283921276, -28.01446746293061807, 0.000000000000000000 ) ) ;
#5063 = CARTESIAN_POINT ( 'NONE',  ( -26.09182878206465972, -25.43313028117718133, 3.000000000000000000 ) ) ;
#5064 = VECTOR ( 'NONE', #3887, 1000.000000000000000 ) ;
#5065 = VECTOR ( 'NONE', #704, 1000.000000000000000 ) ;
#5066 = ORIENTED_EDGE ( 'NONE', *, *, #3930, .T. ) ;
#5067 = EDGE_LOOP ( 'NONE', ( #1445, #2743, #2662, #3317, #1261, #303, #1322, #1160 ) ) ;
#5068 = VERTEX_POINT ( 'NONE', #2091 ) ;
#5069 = DIRECTION ( 'NONE',  ( 1.000000000000000000, 0.000000000000000000, 0.000000000000000000 ) ) ;
#5070 = CARTESIAN_POINT ( 'NONE',  ( -15.40584825671891700, -6.363939270109479018, 0.000000000000000000 ) ) ;
#5071 = CARTESIAN_POINT ( 'NONE',  ( 20.14269399720032183, -27.19958831291832979, 3.000000000000000444 ) ) ;
#5072 = ORIENTED_EDGE ( 'NONE', *, *, #366, .T. ) ;
#5073 = FACE_BOUND ( 'NONE', #2881, .T. ) ;
#5074 = LINE ( 'NONE', #254, #4663 ) ;
#5075 = CARTESIAN_POINT ( 'NONE',  ( -33.27013573986380379, -29.18181818181820475, 0.000000000000000000 ) ) ;
#5076 = EDGE_LOOP ( 'NONE', ( #1587, #592, #2376, #2055 ) ) ;
#5077 = DIRECTION ( 'NONE',  ( -1.000000000000000000, -2.028916346171703937E-16, 0.000000000000000000 ) ) ;
#5078 = CARTESIAN_POINT ( 'NONE',  ( 34.92452237979430407, -29.18181818181820475, 0.000000000000000000 ) ) ;
#5079 = CARTESIAN_POINT ( 'NONE',  ( 19.15204808320870455, -29.25430797900631319, 3.000000000000000444 ) ) ;
#5080 = CIRCLE ( 'NONE', #4659, 1.000000000000000888 ) ;
#5081 = EDGE_LOOP ( 'NONE', ( #2534, #53, #4712, #3877 ) ) ;
#5082 = CARTESIAN_POINT ( 'NONE',  ( 20.52924637668424523, -22.29809133473669647, 4.336808689942017736E-16 ) ) ;
#5083 = EDGE_LOOP ( 'NONE', ( #3586, #2319, #2049, #447 ) ) ;
#5084 = ORIENTED_EDGE ( 'NONE', *, *, #480, .T. ) ;
#5085 = VECTOR ( 'NONE', #3045, 1000.000000000000000 ) ;
#5086 = LINE ( 'NONE', #5010, #4807 ) ;
#5087 = DIRECTION ( 'NONE',  ( -0.000000000000000000, -0.000000000000000000, -1.000000000000000000 ) ) ;
#5088 = VECTOR ( 'NONE', #3591, 1000.000000000000000 ) ;
#5089 = CIRCLE ( 'NONE', #198, 5.850000000000001421 ) ;
#5090 = ADVANCED_FACE ( 'NONE', ( #1307, #2545, #1784, #4143, #593, #96, #1701, #540, #2148, #152, #4920, #5073, #1412, #3019, #3828, #4625, #3043, #4650, #1461, #1833, #3879 ), #5023, .T. ) ;
#5091 = CARTESIAN_POINT ( 'NONE',  ( 8.307641981748991711, -29.37378494699596487, 3.000000000000000000 ) ) ;
#5092 = EDGE_LOOP ( 'NONE', ( #2773, #4290, #820, #1104 ) ) ;
#5093 = ORIENTED_EDGE ( 'NONE', *, *, #1026, .T. ) ;
#5094 = ORIENTED_EDGE ( 'NONE', *, *, #514, .F. ) ;
#5095 = VECTOR ( 'NONE', #842, 1000.000000000000000 ) ;
#5096 = FACE_OUTER_BOUND ( 'NONE', #5141, .T. ) ;
#5097 = EDGE_CURVE ( 'NONE', #898, #2327, #3931, .T. ) ;
#5098 = ADVANCED_FACE ( 'NONE', ( #282 ), #1810, .T. ) ;
#5099 = CARTESIAN_POINT ( 'NONE',  ( 16.10691310229740836, -27.31805767285768383, -4.336808689942017736E-16 ) ) ;
#5100 = CARTESIAN_POINT ( 'NONE',  ( 49.77272727272725206, -38.18181818181820830, 2.378905949460850433 ) ) ;
#5101 = VERTEX_POINT ( 'NONE', #727 ) ;
#5102 = CARTESIAN_POINT ( 'NONE',  ( -33.27013573986380379, 0.000000000000000000, 0.000000000000000000 ) ) ;
#5103 = LINE ( 'NONE', #1060, #3426 ) ;
#5104 = LINE ( 'NONE', #231, #4324 ) ;
#5105 = CARTESIAN_POINT ( 'NONE',  ( 10.51267654793164930, -22.02297523624657316, 0.000000000000000000 ) ) ;
#5106 = EDGE_CURVE ( 'NONE', #1730, #5142, #2305, .T. ) ;
#5107 = ORIENTED_EDGE ( 'NONE', *, *, #4828, .T. ) ;
#5108 = CARTESIAN_POINT ( 'NONE',  ( 15.78655436079173846, -24.03385591072905925, 2.999999999999999556 ) ) ;
#5109 = DIRECTION ( 'NONE',  ( -0.5783575558998093058, -0.8157833888561343283, 0.000000000000000000 ) ) ;
#5110 = CARTESIAN_POINT ( 'NONE',  ( 15.69697056006905456, -26.79730007540882042, 3.000000000000000000 ) ) ;
#5111 = VERTEX_POINT ( 'NONE', #3936 ) ;
#5112 = ORIENTED_EDGE ( 'NONE', *, *, #4776, .T. ) ;
#5113 = CYLINDRICAL_SURFACE ( 'NONE', #3445, 2.000000000000001776 ) ;
#5114 = CARTESIAN_POINT ( 'NONE',  ( 12.69952237979431153, -25.49991213213871788, 0.000000000000000000 ) ) ;
#5115 = CARTESIAN_POINT ( 'NONE',  ( -2.687016081744146412, -27.66216006216008338, 0.000000000000000000 ) ) ;
#5116 = CARTESIAN_POINT ( 'NONE',  ( 17.55266006493680564, -21.59809165966031586, -4.336808689942017736E-16 ) ) ;
#5117 = ORIENTED_EDGE ( 'NONE', *, *, #5106, .T. ) ;
#5118 = EDGE_LOOP ( 'NONE', ( #2103, #478 ) ) ;
#5119 = PLANE ( 'NONE',  #2903 ) ;
#5120 = PERSON_AND_ORGANIZATION ( #2227, #4095 ) ;
#5121 = CARTESIAN_POINT ( 'NONE',  ( 16.65805700265153888, -27.71308199784787973, -4.336808689942017736E-16 ) ) ;
#5122 = CARTESIAN_POINT ( 'NONE',  ( 4.436381354153286161, -25.47468343288658232, 0.000000000000000000 ) ) ;
#5123 = ORIENTED_EDGE ( 'NONE', *, *, #3191, .T. ) ;
#5124 = EDGE_CURVE ( 'NONE', #116, #497, #2276, .T. ) ;
#5125 = DIRECTION ( 'NONE',  ( -0.9228798972614176144, -0.3850879058484640849, 0.000000000000000000 ) ) ;
#5126 = CARTESIAN_POINT ( 'NONE',  ( 16.31819781442415263, -23.47540610615153156, -4.336808689942017736E-16 ) ) ;
#5127 = EDGE_CURVE ( 'NONE', #4315, #4099, #1882, .T. ) ;
#5128 = CARTESIAN_POINT ( 'NONE',  ( 0.000000000000000000, 10.06818181818179525, 0.000000000000000000 ) ) ;
#5129 = DIRECTION ( 'NONE',  ( 0.9242475791925166551, 0.3817936777328465037, 0.000000000000000000 ) ) ;
#5130 = ADVANCED_FACE ( 'NONE', ( #2625 ), #253, .T. ) ;
#5131 = ORIENTED_EDGE ( 'NONE', *, *, #4440, .F. ) ;
#5132 = CARTESIAN_POINT ( 'NONE',  ( 4.855305645551164062, -23.74329322181462487, -4.336808689942017736E-16 ) ) ;
#5133 = LINE ( 'NONE', #3158, #2226 ) ;
#5134 = LINE ( 'NONE', #2684, #2789 ) ;
#5135 = ORIENTED_EDGE ( 'NONE', *, *, #4416, .F. ) ;
#5136 = ORIENTED_EDGE ( 'NONE', *, *, #266, .F. ) ;
#5137 = DIRECTION ( 'NONE',  ( -0.000000000000000000, -0.000000000000000000, 1.000000000000000000 ) ) ;
#5138 = DIRECTION ( 'NONE',  ( 1.000000000000000000, 0.000000000000000000, 0.000000000000000000 ) ) ;
#5139 = CARTESIAN_POINT ( 'NONE',  ( -2.965532810222724525, -29.24939289817996269, 0.000000000000000000 ) ) ;
#5140 = LINE ( 'NONE', #740, #3542 ) ;
#5141 = EDGE_LOOP ( 'NONE', ( #4912, #1917, #4671, #5013 ) ) ;
#5142 = VERTEX_POINT ( 'NONE', #3486 ) ;
#5143 = VECTOR ( 'NONE', #407, 1000.000000000000000 ) ;
#5144 = ORIENTED_EDGE ( 'NONE', *, *, #2239, .F. ) ;
#5145 = DIRECTION ( 'NONE',  ( -0.5783575558998093058, -0.8157833888561343283, 0.000000000000000000 ) ) ;
#5146 = CARTESIAN_POINT ( 'NONE',  ( 12.66554781668998686, -26.15012984510012473, -4.336808689942017736E-16 ) ) ;
#5147 = CALENDAR_DATE ( 2025, 9, 9 ) ;
#5148 = CIRCLE ( 'NONE', #3962, 1.000000000000000888 ) ;
#5149 = VECTOR ( 'NONE', #2896, 1000.000000000000000 ) ;
#5150 = LINE ( 'NONE', #1159, #4337 ) ;
#5151 = CARTESIAN_POINT ( 'NONE',  ( -2.575570744292555947, -29.27719621011705797, 0.000000000000000000 ) ) ;
#5152 = ORIENTED_EDGE ( 'NONE', *, *, #33, .T. ) ;
#5153 = CYLINDRICAL_SURFACE ( 'NONE', #3386, 1.000000000000000888 ) ;
#5154 = APPROVAL_ROLE ( '' ) ;
#5155 = CARTESIAN_POINT ( 'NONE',  ( -5.980103354714234598, -29.18181818181820475, 0.000000000000000000 ) ) ;
#5156 = CARTESIAN_POINT ( 'NONE',  ( 19.56963972739677970, -23.33235528793338887, 0.000000000000000000 ) ) ;
#5157 = LINE ( 'NONE', #1545, #2027 ) ;
#5158 = EDGE_CURVE ( 'NONE', #4004, #3839, #4227, .T. ) ;
#5159 = CARTESIAN_POINT ( 'NONE',  ( 5.456735650293810025, -22.90060314001530273, 3.000000000000000000 ) ) ;
#5160 = LINE ( 'NONE', #4711, #1385 ) ;
#5161 = EDGE_CURVE ( 'NONE', #3812, #4104, #5103, .T. ) ;
#5162 = VECTOR ( 'NONE', #25, 1000.000000000000000 ) ;
#5163 = CARTESIAN_POINT ( 'NONE',  ( 17.99903326387551061, -29.37177544677546948, 3.000000000000000444 ) ) ;
#5164 = VERTEX_POINT ( 'NONE', #1912 ) ;
#5165 = LINE ( 'NONE', #5188, #2795 ) ;
#5166 = CARTESIAN_POINT ( 'NONE',  ( 15.54582193101515308, -24.46797310791682989, -4.336808689942017736E-16 ) ) ;
#5167 = PLANE ( 'NONE',  #2702 ) ;
#5168 = LINE ( 'NONE', #2001, #1806 ) ;
#5169 = CARTESIAN_POINT ( 'NONE',  ( 15.88801084893757398, -22.10639248514466360, -4.336808689942017736E-16 ) ) ;
#5170 = ORIENTED_EDGE ( 'NONE', *, *, #2129, .T. ) ;
#5171 = VECTOR ( 'NONE', #3146, 1000.000000000000000 ) ;
#5172 = ORIENTED_EDGE ( 'NONE', *, *, #4020, .T. ) ;
#5173 = VECTOR ( 'NONE', #3033, 1000.000000000000000 ) ;
#5174 = DIRECTION ( 'NONE',  ( -0.000000000000000000, 0.000000000000000000, 1.000000000000000000 ) ) ;
#5175 = AXIS2_PLACEMENT_3D ( 'NONE', #2486, #503, #4829 ) ;
#5176 = VECTOR ( 'NONE', #1407, 1000.000000000000000 ) ;
#5177 = ORIENTED_EDGE ( 'NONE', *, *, #2780, .F. ) ;
#5178 = DIRECTION ( 'NONE',  ( -1.000000000000000000, 0.000000000000000000, 0.000000000000000000 ) ) ;
#5179 = CARTESIAN_POINT ( 'NONE',  ( 15.65570047818825472, -24.24654252968909418, 3.000000000000000000 ) ) ;
#5180 = CARTESIAN_POINT ( 'NONE',  ( 18.39798050777607230, -29.36218958919527466, 0.000000000000000000 ) ) ;
#5181 = DIRECTION ( 'NONE',  ( 3.469446951953613573E-17, -1.000000000000000000, 0.000000000000000000 ) ) ;
#5182 = CARTESIAN_POINT ( 'NONE',  ( 5.127535217208021301, -23.30093000958925487, -4.336808689942017736E-16 ) ) ;
#5183 = DIRECTION ( 'NONE',  ( 0.000000000000000000, -0.000000000000000000, -1.000000000000000000 ) ) ;
#5184 = DIRECTION ( 'NONE',  ( -1.000000000000000000, 0.000000000000000000, 0.000000000000000000 ) ) ;
#5185 = CARTESIAN_POINT ( 'NONE',  ( -0.000000000000000000, 10.06818181818179525, 3.000000000000000000 ) ) ;
#5186 = CARTESIAN_POINT ( 'NONE',  ( 17.70725705886847123, -29.36998418713300651, 3.000000000000000444 ) ) ;
#5187 = EDGE_LOOP ( 'NONE', ( #1028, #5066, #4803, #4883 ) ) ;
#5188 = CARTESIAN_POINT ( 'NONE',  ( -23.49772488249200819, -21.77348484848487331, 0.000000000000000000 ) ) ;
#5189 = CARTESIAN_POINT ( 'NONE',  ( -2.080194655540391402, -27.89251255513018179, 3.000000000000000000 ) ) ;
#5190 = ADVANCED_FACE ( 'NONE', ( #3097 ), #5043, .T. ) ;
#5191 = EDGE_CURVE ( 'NONE', #4589, #2873, #1189, .T. ) ;
#5192 = AXIS2_PLACEMENT_3D ( 'NONE', #2458, #2748, #746 ) ;
#5193 = LINE ( 'NONE', #1582, #1098 ) ;
#5194 = CARTESIAN_POINT ( 'NONE',  ( 9.272727272727246728, -6.031818181818207059, 0.000000000000000000 ) ) ;
#5195 = CARTESIAN_POINT ( 'NONE',  ( 14.66143383000506795, -23.08298680555481752, -4.336808689942017736E-16 ) ) ;
#5196 = ORIENTED_EDGE ( 'NONE', *, *, #4153, .F. ) ;
#5197 = EDGE_LOOP ( 'NONE', ( #272, #5131, #3629, #4628 ) ) ;
#5198 = CARTESIAN_POINT ( 'NONE',  ( -5.363637010085140489, 3.802602546536611783, 0.000000000000000000 ) ) ;
#5199 = DIRECTION ( 'NONE',  ( -0.3560420328517558408, 0.9344699411124947064, 0.000000000000000000 ) ) ;
#5200 = VECTOR ( 'NONE', #3277, 1000.000000000000000 ) ;
#5201 = EDGE_CURVE ( 'NONE', #1560, #1875, #1140, .T. ) ;
#5202 = B_SPLINE_CURVE_WITH_KNOTS ( 'NONE', 3,
 ( #754, #2363, #4737, #804, #3180, #1166, #2414, #5210, #3941, #1569, #5108, #313, #2781, #1966, #3201, #4710, #1089 ),
 .UNSPECIFIED., .F., .F.,
 ( 4, 1, 1, 1, 1, 1, 1, 1, 1, 1, 1, 1, 1, 1, 4 ),
 ( 0.000000000000000000, 0.1315366415987530568, 0.1946231917815616774, 0.2567316290797626577, 0.3182474352592725708, 0.3799797872571920587, 0.4424201553826812572, 0.5062530007567508372, 0.5697003940816643963, 0.6315608293228486270, 0.6919855140712680708, 0.7519995925420044358, 0.8119504190725909121, 0.8730950536038957210, 1.000000000000000000 ),
 .UNSPECIFIED. ) ;
#5203 = ADVANCED_FACE ( 'NONE', ( #382 ), #774, .T. ) ;
#5204 = VERTEX_POINT ( 'NONE', #1216 ) ;
#5205 = DIRECTION ( 'NONE',  ( -0.000000000000000000, -0.000000000000000000, 1.000000000000000000 ) ) ;
#5206 = DIRECTION ( 'NONE',  ( 0.000000000000000000, 0.000000000000000000, -1.000000000000000000 ) ) ;
#5207 = CARTESIAN_POINT ( 'NONE',  ( 19.96209367874635277, -23.58240751221184794, 3.000000000000000000 ) ) ;
#5208 = FACE_OUTER_BOUND ( 'NONE', #3114, .T. ) ;
#5209 = VECTOR ( 'NONE', #4406, 1000.000000000000000 ) ;
#5210 = CARTESIAN_POINT ( 'NONE',  ( 16.31819781442415263, -23.47540610615153156, 2.999999999999999556 ) ) ;
#5211 = CARTESIAN_POINT ( 'NONE',  ( 53.27272727272725916, 26.81818181818179525, 2.375000000000000444 ) ) ;
#5212 = LINE ( 'NONE', #2862, #4405 ) ;
#5213 = DIRECTION ( 'NONE',  ( -0.000000000000000000, -0.000000000000000000, 1.000000000000000000 ) ) ;
#5214 = EDGE_LOOP ( 'NONE', ( #246, #1635 ) ) ;
#5215 = ORIENTED_EDGE ( 'NONE', *, *, #3224, .F. ) ;
#5216 = CARTESIAN_POINT ( 'NONE',  ( -2.408499353265572740, -29.24939289817996624, 3.000000000000000000 ) ) ;
ENDSEC;
END-ISO-10303-21;
