# WaveFront *.obj file (generated by Autodesk ATF)

mtllib 5a0f69d4-3db4-4687-8dfb-62d9cee60efc.mtl

g body

v 2.100000 3.300000 -6.050000
v 2.100000 3.300000 -6.650000
v -2.100000 3.300000 -6.650000
v -2.100000 3.300000 -6.050000
v -2.100000 5.300000 -6.650000
v 2.100000 5.300000 -6.650000
v -2.100000 5.300000 -6.050000
v 2.100000 5.300000 -6.050000
v 0.750000 -7.500000 0.500000
v 0.724444 -7.694114 0.500000
v 0.649519 -7.875000 0.500000
v 0.530330 -8.030330 0.500000
v 0.375000 -8.149519 0.500000
v 0.194114 -8.224444 0.500000
v 0.000000 -8.250000 0.500000
v -0.194114 -8.224444 0.500000
v -0.375000 -8.149519 0.500000
v -0.530330 -8.030330 0.500000
v -0.649519 -7.875000 0.500000
v -0.724444 -7.694114 0.500000
v -0.750000 -7.500000 0.500000
v -0.724444 -7.305886 0.500000
v -0.649519 -7.125000 0.500000
v -0.530330 -6.969670 0.500000
v -0.375000 -6.850481 0.500000
v -0.194114 -6.775555 0.500000
v 0.000000 -6.750000 0.500000
v 0.194114 -6.775555 0.500000
v 0.375000 -6.850481 0.500000
v 0.530330 -6.969670 0.500000
v 0.649519 -7.125000 0.500000
v 0.724444 -7.305886 0.500000
v 0.750000 -7.500000 1.000000
v 0.724444 -7.305886 1.000000
v 0.649519 -7.125000 1.000000
v 0.530330 -6.969670 1.000000
v 0.375000 -6.850481 1.000000
v 0.194114 -6.775555 1.000000
v 0.000000 -6.750000 1.000000
v -0.194114 -6.775555 1.000000
v -0.375000 -6.850481 1.000000
v -0.530330 -6.969670 1.000000
v -0.649519 -7.125000 1.000000
v -0.724444 -7.305886 1.000000
v -0.750000 -7.500000 1.000000
v -0.724444 -7.694114 1.000000
v -0.649519 -7.875000 1.000000
v -0.530330 -8.030330 1.000000
v -0.375000 -8.149519 1.000000
v -0.194114 -8.224444 1.000000
v 0.000000 -8.250000 1.000000
v 0.194114 -8.224444 1.000000
v 0.375000 -8.149519 1.000000
v 0.530330 -8.030330 1.000000
v 0.649519 -7.875000 1.000000
v 0.724444 -7.694114 1.000000
v -0.750000 -7.500000 8.200000
v -0.724444 -7.694114 8.200000
v -0.649519 -7.875000 8.200000
v -0.530330 -8.030330 8.200000
v -0.375000 -8.149519 8.200000
v -0.194114 -8.224444 8.200000
v 0.000000 -8.250000 8.200000
v 0.194114 -8.224444 8.200000
v 0.375000 -8.149519 8.200000
v 0.530330 -8.030330 8.200000
v 0.649519 -7.875000 8.200000
v 0.724444 -7.694114 8.200000
v 0.750000 -7.500000 8.200000
v 0.724444 -7.305886 8.200000
v 0.649519 -7.125000 8.200000
v 0.530330 -6.969670 8.200000
v 0.375000 -6.850481 8.200000
v 0.194114 -6.775555 8.200000
v 0.000000 -6.750000 8.200000
v -0.194114 -6.775555 8.200000
v -0.375000 -6.850481 8.200000
v -0.530330 -6.969670 8.200000
v -0.649519 -7.125000 8.200000
v -0.724444 -7.305886 8.200000
v 0.750000 -7.500000 7.700000
v 0.724444 -7.694114 7.700000
v 0.649519 -7.875000 7.700000
v 0.530330 -8.030330 7.700000
v 0.375000 -8.149519 7.700000
v 0.194114 -8.224444 7.700000
v 0.000000 -8.250000 7.700000
v -0.194114 -8.224444 7.700000
v -0.375000 -8.149519 7.700000
v -0.530330 -8.030330 7.700000
v -0.649519 -7.875000 7.700000
v -0.724444 -7.694114 7.700000
v -0.750000 -7.500000 7.700000
v -0.724444 -7.305886 7.700000
v -0.649519 -7.125000 7.700000
v -0.530330 -6.969670 7.700000
v -0.375000 -6.850481 7.700000
v -0.194114 -6.775555 7.700000
v 0.000000 -6.750000 7.700000
v 0.194114 -6.775555 7.700000
v 0.375000 -6.850481 7.700000
v 0.530330 -6.969670 7.700000
v 0.649519 -7.125000 7.700000
v 0.724444 -7.305886 7.700000
v 0.750000 -7.500000 -7.800000
v 0.724444 -7.305886 -7.800000
v 0.649519 -7.125000 -7.800000
v 0.530330 -6.969670 -7.800000
v 0.375000 -6.850481 -7.800000
v 0.194114 -6.775555 -7.800000
v -0.000000 -6.750000 -7.800000
v -0.194114 -6.775555 -7.800000
v -0.375000 -6.850481 -7.800000
v -0.530330 -6.969670 -7.800000
v -0.649519 -7.125000 -7.800000
v -0.724444 -7.305886 -7.800000
v -0.750000 -7.500000 -7.800000
v -0.724444 -7.694114 -7.800000
v -0.649519 -7.875000 -7.800000
v -0.530330 -8.030330 -7.800000
v -0.375000 -8.149519 -7.800000
v -0.194114 -8.224444 -7.800000
v -0.000000 -8.250000 -7.800000
v 0.194114 -8.224444 -7.800000
v 0.375000 -8.149519 -7.800000
v 0.530330 -8.030330 -7.800000
v 0.649519 -7.875000 -7.800000
v 0.724444 -7.694114 -7.800000
v 0.750000 -7.500000 -8.300000
v 0.724444 -7.694114 -8.300000
v 0.649519 -7.875000 -8.300000
v 0.530330 -8.030330 -8.300000
v 0.375000 -8.149519 -8.300000
v 0.194114 -8.224444 -8.300000
v -0.000000 -8.250000 -8.300000
v -0.194114 -8.224444 -8.300000
v -0.375000 -8.149519 -8.300000
v -0.530330 -8.030330 -8.300000
v -0.649519 -7.875000 -8.300000
v -0.724444 -7.694114 -8.300000
v -0.750000 -7.500000 -8.300000
v -0.724444 -7.305886 -8.300000
v -0.649519 -7.125000 -8.300000
v -0.530330 -6.969670 -8.300000
v -0.375000 -6.850481 -8.300000
v -0.194114 -6.775555 -8.300000
v -0.000000 -6.750000 -8.300000
v 0.194114 -6.775555 -8.300000
v 0.375000 -6.850481 -8.300000
v 0.530330 -6.969670 -8.300000
v 0.649519 -7.125000 -8.300000
v 0.724444 -7.305886 -8.300000
v 1.150000 -8.900000 7.700000
v 1.650000 -8.400000 7.700000
v 1.650000 -8.400000 8.200000
v 1.150000 -8.900000 8.200000
v -1.150000 -8.900000 8.200000
v -1.150000 -8.900000 7.700000
v 1.650000 -4.800000 8.200000
v -1.650000 -4.800000 8.200000
v -1.650000 -8.400000 8.200000
v 1.150000 -8.900000 0.500000
v 1.650000 -8.400000 0.500000
v 1.650000 -8.400000 1.000000
v 1.150000 -8.900000 1.000000
v -1.150000 -8.900000 1.000000
v -1.150000 -8.900000 0.500000
v 1.650000 -4.800000 1.000000
v -1.650000 -4.800000 1.000000
v -1.650000 -8.400000 1.000000
v 1.150000 -8.900000 -8.300000
v 1.650000 -8.400000 -8.300000
v 1.650000 -8.400000 -7.800000
v 1.150000 -8.900000 -7.800000
v -1.150000 -8.900000 -7.800000
v -1.150000 -8.900000 -8.300000
v 1.650000 -4.800000 -7.800000
v -1.650000 -4.800000 -7.800000
v -1.650000 -8.400000 -7.800000
v -1.650000 -8.400000 7.700000
v -1.650000 -4.800000 7.700000
v -1.650000 -8.400000 0.500000
v -1.650000 -4.800000 0.500000
v -1.650000 -8.400000 -8.300000
v -1.650000 -4.800000 -8.300000
v 1.650000 -4.800000 7.700000
v 1.650000 -4.800000 0.500000
v 1.650000 -4.800000 -8.300000
v 2.100000 5.500000 -1.600000
v 2.100000 5.300000 -1.600000
v 2.100000 5.300000 -3.600000
v 2.100000 5.500000 -3.600000
v 2.100000 5.758819 -3.565926
v 2.100000 6.000000 -3.466025
v 2.100000 6.207107 -3.307107
v 2.100000 6.366025 -3.100000
v 2.100000 6.465926 -2.858819
v 2.100000 6.500000 -2.600000
v 2.100000 6.465926 -2.341181
v 2.100000 6.366025 -2.100000
v 2.100000 6.207107 -1.892893
v 2.100000 6.000000 -1.733975
v 2.100000 5.758819 -1.634074
v -2.100000 5.300000 -3.600000
v -2.100000 5.500000 -3.600000
v -2.100000 5.758819 -3.565926
v -2.100000 6.000000 -3.466025
v -2.100000 6.207107 -3.307107
v -2.100000 6.366025 -3.100000
v -2.100000 6.465926 -2.858819
v -2.100000 6.500000 -2.600000
v -2.100000 6.465926 -2.341181
v -2.100000 6.366025 -2.100000
v -2.100000 6.207107 -1.892893
v -2.100000 6.000000 -1.733975
v -2.100000 5.758819 -1.634074
v -2.100000 5.500000 -1.600000
v -2.100000 5.300000 -1.600000
v 3.000000 -4.800000 6.603714
v 3.000000 -2.600032 6.603714
v 3.000000 -2.147099 6.544084
v 3.000000 -1.725032 6.369259
v 3.000000 -1.362595 6.091151
v 3.000000 -1.084488 5.728714
v 3.000000 -0.909662 5.306647
v 3.000000 -0.850032 4.853714
v 3.000000 -0.909662 4.400781
v 3.000000 -1.084488 3.978714
v 3.000000 -1.362595 3.616277
v 3.000000 -1.725032 3.338170
v 3.000000 -2.147099 3.163344
v 3.000000 -2.600032 3.103714
v 3.000000 -4.800000 3.103714
v 3.000000 -4.800000 -2.896286
v 3.000000 -2.600032 -2.896286
v 3.000000 -2.147099 -2.955916
v 3.000000 -1.725032 -3.130741
v 3.000000 -1.362595 -3.408849
v 3.000000 -1.084488 -3.771286
v 3.000000 -0.909662 -4.193353
v 3.000000 -0.850032 -4.646286
v 3.000000 -0.909662 -5.099219
v 3.000000 -1.084488 -5.521286
v 3.000000 -1.362595 -5.883723
v 3.000000 -1.725032 -6.161830
v 3.000000 -2.147099 -6.336656
v 3.000000 -2.600032 -6.396286
v 3.000000 -4.800000 -6.396286
v 3.000000 -4.800000 -8.850000
v 3.000000 -4.765926 -9.108819
v 3.000000 -4.666025 -9.350000
v 3.000000 -4.507107 -9.557107
v 3.000000 -4.300000 -9.716025
v 3.000000 -4.058819 -9.815926
v 3.000000 -3.800000 -9.850000
v 3.000000 4.300000 -9.850000
v 3.000000 4.558819 -9.815926
v 3.000000 4.800000 -9.716025
v 3.000000 5.007107 -9.557107
v 3.000000 5.166025 -9.350000
v 3.000000 5.265926 -9.108819
v 3.000000 5.300000 -8.850000
v 3.000000 5.300000 -0.705687
v 3.000000 4.550000 0.044313
v 3.000000 4.550000 8.850000
v 3.000000 4.515926 9.108819
v 3.000000 4.416025 9.350000
v 3.000000 4.257107 9.557107
v 3.000000 4.050000 9.716025
v 3.000000 3.808819 9.815926
v 3.000000 3.550000 9.850000
v 3.000000 -3.800000 9.850000
v 3.000000 -4.058819 9.815926
v 3.000000 -4.300000 9.716025
v 3.000000 -4.507107 9.557107
v 3.000000 -4.666025 9.350000
v 3.000000 -4.765926 9.108819
v 3.000000 -4.800000 8.850000
v -3.000000 -4.800000 3.103714
v -3.000000 -4.800000 -2.896286
v -3.000000 -4.800000 -6.396286
v -3.000000 -4.800000 -8.850000
v -3.000000 -4.765926 -9.108819
v -3.000000 -4.666025 -9.350000
v -3.000000 -4.507107 -9.557107
v -3.000000 -4.300000 -9.716025
v -3.000000 -4.058819 -9.815926
v -3.000000 -3.800000 -9.850000
v -3.000000 4.300000 -9.850000
v -3.000000 4.558819 -9.815926
v -3.000000 4.800000 -9.716025
v -3.000000 5.007107 -9.557107
v -3.000000 5.166025 -9.350000
v -3.000000 5.265926 -9.108819
v -3.000000 5.300000 -8.850000
v -3.000000 5.300000 -0.705687
v -3.000000 4.550000 0.044313
v -3.000000 4.550000 8.850000
v -3.000000 4.515926 9.108819
v -3.000000 4.416025 9.350000
v -3.000000 4.257107 9.557107
v -3.000000 4.050000 9.716025
v -3.000000 3.808819 9.815926
v -3.000000 3.550000 9.850000
v -3.000000 -3.800000 9.850000
v -3.000000 -4.058819 9.815926
v -3.000000 -4.300000 9.716025
v -3.000000 -4.507107 9.557107
v -3.000000 -4.666025 9.350000
v -3.000000 -4.765926 9.108819
v -3.000000 -4.800000 8.850000
v -3.000000 -4.800000 6.603714
v -3.000000 -2.600032 6.603714
v -3.000000 -2.600032 -6.396286
v -3.000000 -2.147099 -6.336656
v -3.000000 -1.725032 -6.161830
v -3.000000 -1.362595 -5.883723
v -3.000000 -1.084488 -5.521286
v -3.000000 -0.909662 -5.099219
v -3.000000 -0.850032 -4.646286
v -3.000000 -0.909662 -4.193353
v -3.000000 -1.084488 -3.771286
v -3.000000 -1.362595 -3.408849
v -3.000000 -1.725032 -3.130741
v -3.000000 -2.147099 -2.955916
v -3.000000 -2.600032 -2.896286
v -3.000000 -2.600032 3.103714
v -3.000000 -2.147099 3.163344
v -3.000000 -1.725032 3.338170
v -3.000000 -1.362595 3.616277
v -3.000000 -1.084488 3.978714
v -3.000000 -0.909662 4.400781
v -3.000000 -0.850032 4.853714
v -3.000000 -0.909662 5.306647
v -3.000000 -1.084488 5.728714
v -3.000000 -1.362595 6.091151
v -3.000000 -1.725032 6.369259
v -3.000000 -2.147099 6.544084
v 3.100000 -4.800000 6.603714
v 3.100000 -2.600032 6.603714
v -3.100000 -2.600032 6.603714
v -3.100000 -4.800000 6.603714
v 3.100000 -2.147099 6.544084
v 3.100000 -1.725032 6.369259
v 3.100000 -1.362595 6.091151
v 3.100000 -1.084488 5.728714
v 3.100000 -0.909662 5.306647
v 3.100000 -0.850032 4.853714
v 3.100000 -0.909662 4.400781
v 3.100000 -1.084488 3.978714
v 3.100000 -1.362595 3.616277
v 3.100000 -1.725032 3.338170
v 3.100000 -2.147099 3.163344
v 3.100000 -2.600032 3.103714
v -3.100000 -2.600032 3.103714
v -3.100000 -2.147099 3.163344
v -3.100000 -1.725032 3.338170
v -3.100000 -1.362595 3.616277
v -3.100000 -1.084488 3.978714
v -3.100000 -0.909662 4.400781
v -3.100000 -0.850032 4.853714
v -3.100000 -0.909662 5.306647
v -3.100000 -1.084488 5.728714
v -3.100000 -1.362595 6.091151
v -3.100000 -1.725032 6.369259
v -3.100000 -2.147099 6.544084
v 3.100000 -4.800000 3.103714
v -3.100000 -4.800000 3.103714
v 3.100000 -2.600032 3.603714
v 3.100000 -2.923556 3.646307
v 3.100000 -3.225032 3.771182
v 3.100000 -3.483915 3.969831
v 3.100000 -3.682564 4.228714
v 3.100000 -3.807439 4.530190
v 3.100000 -3.850032 4.853714
v 3.100000 -3.807439 5.177238
v 3.100000 -3.682564 5.478714
v 3.100000 -3.483915 5.737598
v 3.100000 -3.225032 5.936246
v 3.100000 -2.923556 6.061121
v 3.100000 -2.600032 6.103714
v 3.100000 -2.276508 6.061121
v 3.100000 -1.975032 5.936246
v 3.100000 -1.716149 5.737598
v 3.100000 -1.517500 5.478714
v 3.100000 -1.392625 5.177238
v 3.100000 -1.350032 4.853714
v 3.100000 -1.392625 4.530190
v 3.100000 -1.517500 4.228714
v 3.100000 -1.716149 3.969831
v 3.100000 -1.975032 3.771182
v 3.100000 -2.276508 3.646307
v 3.100000 -5.300000 6.103714
v 3.100000 -5.300000 3.603714
v -3.100000 -2.600032 3.603714
v -3.100000 -2.923556 3.646307
v -3.100000 -3.225032 3.771182
v -3.100000 -3.483915 3.969831
v -3.100000 -3.682564 4.228714
v -3.100000 -3.807439 4.530190
v -3.100000 -3.850032 4.853714
v -3.100000 -3.807439 5.177238
v -3.100000 -3.682564 5.478714
v -3.100000 -3.483915 5.737598
v -3.100000 -3.225032 5.936246
v -3.100000 -2.923556 6.061121
v -3.100000 -2.600032 6.103714
v -3.100000 -2.276508 6.061121
v -3.100000 -1.975032 5.936246
v -3.100000 -1.716149 5.737598
v -3.100000 -1.517500 5.478714
v -3.100000 -1.392625 5.177238
v -3.100000 -1.350032 4.853714
v -3.100000 -1.392625 4.530190
v -3.100000 -1.517500 4.228714
v -3.100000 -1.716149 3.969831
v -3.100000 -1.975032 3.771182
v -3.100000 -2.276508 3.646307
v -3.100000 -5.300000 6.103714
v -3.100000 -5.300000 3.603714
v 3.100000 -4.800000 -2.896286
v 3.100000 -2.600032 -2.896286
v -3.100000 -2.600032 -2.896286
v -3.100000 -4.800000 -2.896286
v 3.100000 -2.147099 -2.955916
v 3.100000 -1.725032 -3.130741
v 3.100000 -1.362595 -3.408849
v 3.100000 -1.084488 -3.771286
v 3.100000 -0.909662 -4.193353
v 3.100000 -0.850032 -4.646286
v 3.100000 -0.909662 -5.099219
v 3.100000 -1.084488 -5.521286
v 3.100000 -1.362595 -5.883723
v 3.100000 -1.725032 -6.161830
v 3.100000 -2.147099 -6.336656
v 3.100000 -2.600032 -6.396286
v -3.100000 -2.600032 -6.396286
v -3.100000 -2.147099 -6.336656
v -3.100000 -1.725032 -6.161830
v -3.100000 -1.362595 -5.883723
v -3.100000 -1.084488 -5.521286
v -3.100000 -0.909662 -5.099219
v -3.100000 -0.850032 -4.646286
v -3.100000 -0.909662 -4.193353
v -3.100000 -1.084488 -3.771286
v -3.100000 -1.362595 -3.408849
v -3.100000 -1.725032 -3.130741
v -3.100000 -2.147099 -2.955916
v 3.100000 -4.800000 -6.396286
v -3.100000 -4.800000 -6.396286
v 3.100000 -2.600032 -5.896286
v 3.100000 -2.923556 -5.853693
v 3.100000 -3.225032 -5.728818
v 3.100000 -3.483915 -5.530169
v 3.100000 -3.682564 -5.271286
v 3.100000 -3.807439 -4.969810
v 3.100000 -3.850032 -4.646286
v 3.100000 -3.807439 -4.322762
v 3.100000 -3.682564 -4.021286
v 3.100000 -3.483915 -3.762402
v 3.100000 -3.225032 -3.563754
v 3.100000 -2.923556 -3.438879
v 3.100000 -2.600032 -3.396286
v 3.100000 -2.276508 -3.438879
v 3.100000 -1.975032 -3.563754
v 3.100000 -1.716149 -3.762402
v 3.100000 -1.517500 -4.021286
v 3.100000 -1.392625 -4.322762
v 3.100000 -1.350032 -4.646286
v 3.100000 -1.392625 -4.969810
v 3.100000 -1.517500 -5.271286
v 3.100000 -1.716149 -5.530169
v 3.100000 -1.975032 -5.728818
v 3.100000 -2.276508 -5.853693
v 3.100000 -5.300000 -3.396286
v 3.100000 -5.300000 -5.896286
v -3.100000 -2.600032 -5.896286
v -3.100000 -2.923556 -5.853693
v -3.100000 -3.225032 -5.728818
v -3.100000 -3.483915 -5.530169
v -3.100000 -3.682564 -5.271286
v -3.100000 -3.807439 -4.969810
v -3.100000 -3.850032 -4.646286
v -3.100000 -3.807439 -4.322762
v -3.100000 -3.682564 -4.021286
v -3.100000 -3.483915 -3.762402
v -3.100000 -3.225032 -3.563754
v -3.100000 -2.923556 -3.438879
v -3.100000 -2.600032 -3.396286
v -3.100000 -2.276508 -3.438879
v -3.100000 -1.975032 -3.563754
v -3.100000 -1.716149 -3.762402
v -3.100000 -1.517500 -4.021286
v -3.100000 -1.392625 -4.322762
v -3.100000 -1.350032 -4.646286
v -3.100000 -1.392625 -4.969810
v -3.100000 -1.517500 -5.271286
v -3.100000 -1.716149 -5.530169
v -3.100000 -1.975032 -5.728818
v -3.100000 -2.276508 -5.853693
v -3.100000 -5.300000 -3.396286
v -3.100000 -5.300000 -5.896286
vt -0.210000 -0.030000 0.000000
vt 0.210000 -0.030000 0.000000
vt -0.210000 0.030000 0.000000
vt 0.210000 0.030000 0.000000
vt -0.100000 -0.210000 0.000000
vt 0.100000 -0.210000 0.000000
vt -0.100000 0.210000 0.000000
vt 0.100000 0.210000 0.000000
vt 0.100000 0.030000 0.000000
vt -0.100000 0.030000 0.000000
vt 0.100000 -0.030000 0.000000
vt -0.100000 -0.030000 0.000000
vt 0.100000 0.210000 0.000000
vt -0.100000 0.210000 0.000000
vt 0.100000 -0.210000 0.000000
vt -0.100000 -0.210000 0.000000
vt -0.100000 -0.030000 0.000000
vt 0.100000 -0.030000 0.000000
vt -0.100000 0.030000 0.000000
vt 0.100000 0.030000 0.000000
vt -1.230000 -0.215984 0.000000
vt -1.280000 -0.215984 0.000000
vt -1.230000 -0.235619 0.000000
vt -1.280000 -0.235619 0.000000
vt -1.230000 0.235619 0.000000
vt -1.280000 0.235619 0.000000
vt -1.230000 0.215984 0.000000
vt -1.280000 0.215984 0.000000
vt -1.230000 0.196350 0.000000
vt -1.280000 0.196350 0.000000
vt -1.230000 0.176715 0.000000
vt -1.280000 0.176715 0.000000
vt -1.230000 0.157080 0.000000
vt -1.280000 0.157080 0.000000
vt -1.230000 0.137445 0.000000
vt -1.280000 0.137445 0.000000
vt -1.230000 0.117810 0.000000
vt -1.280000 0.117810 0.000000
vt -1.230000 0.098175 0.000000
vt -1.280000 0.098175 0.000000
vt -1.230000 0.078540 0.000000
vt -1.280000 0.078540 0.000000
vt -1.230000 0.058905 0.000000
vt -1.280000 0.058905 0.000000
vt -1.230000 0.039270 0.000000
vt -1.280000 0.039270 0.000000
vt -1.230000 0.019635 0.000000
vt -1.280000 0.019635 0.000000
vt -1.230000 -0.000000 0.000000
vt -1.280000 -0.000000 0.000000
vt -1.230000 -0.019635 0.000000
vt -1.280000 -0.019635 0.000000
vt -1.230000 -0.039270 0.000000
vt -1.280000 -0.039270 0.000000
vt -1.230000 -0.058905 0.000000
vt -1.280000 -0.058905 0.000000
vt -1.230000 -0.078540 0.000000
vt -1.280000 -0.078540 0.000000
vt -1.230000 -0.098175 0.000000
vt -1.280000 -0.098175 0.000000
vt -1.230000 -0.117810 0.000000
vt -1.280000 -0.117810 0.000000
vt -1.230000 -0.137445 0.000000
vt -1.280000 -0.137445 0.000000
vt -1.230000 -0.157080 0.000000
vt -1.280000 -0.157080 0.000000
vt -1.230000 -0.176715 0.000000
vt -1.280000 -0.176715 0.000000
vt -1.230000 -0.196350 0.000000
vt -1.280000 -0.196350 0.000000
vt -2.000000 -0.019635 0.000000
vt -1.950000 -0.019635 0.000000
vt -2.000000 -0.000000 0.000000
vt -1.950000 -0.000000 0.000000
vt -2.000000 0.019635 0.000000
vt -1.950000 0.019635 0.000000
vt -2.000000 0.039270 0.000000
vt -1.950000 0.039270 0.000000
vt -2.000000 0.058905 0.000000
vt -1.950000 0.058905 0.000000
vt -2.000000 0.078540 0.000000
vt -1.950000 0.078540 0.000000
vt -2.000000 0.098175 0.000000
vt -1.950000 0.098175 0.000000
vt -2.000000 0.117810 0.000000
vt -1.950000 0.117810 0.000000
vt -2.000000 0.137445 0.000000
vt -1.950000 0.137445 0.000000
vt -2.000000 0.157080 0.000000
vt -1.950000 0.157080 0.000000
vt -2.000000 0.176715 0.000000
vt -1.950000 0.176715 0.000000
vt -2.000000 0.196350 0.000000
vt -1.950000 0.196350 0.000000
vt -2.000000 0.215984 0.000000
vt -1.950000 0.215984 0.000000
vt -2.000000 0.235619 0.000000
vt -1.950000 0.235619 0.000000
vt -2.000000 -0.235619 0.000000
vt -1.950000 -0.235619 0.000000
vt -2.000000 -0.215984 0.000000
vt -1.950000 -0.215984 0.000000
vt -2.000000 -0.196350 0.000000
vt -1.950000 -0.196350 0.000000
vt -2.000000 -0.176715 0.000000
vt -1.950000 -0.176715 0.000000
vt -2.000000 -0.157080 0.000000
vt -1.950000 -0.157080 0.000000
vt -2.000000 -0.137445 0.000000
vt -1.950000 -0.137445 0.000000
vt -2.000000 -0.117810 0.000000
vt -1.950000 -0.117810 0.000000
vt -2.000000 -0.098175 0.000000
vt -1.950000 -0.098175 0.000000
vt -2.000000 -0.078540 0.000000
vt -1.950000 -0.078540 0.000000
vt -2.000000 -0.058905 0.000000
vt -1.950000 -0.058905 0.000000
vt -2.000000 -0.039270 0.000000
vt -1.950000 -0.039270 0.000000
vt -0.400000 0.215984 0.000000
vt -0.350000 0.215984 0.000000
vt -0.400000 0.235619 0.000000
vt -0.350000 0.235619 0.000000
vt -0.400000 -0.235619 0.000000
vt -0.350000 -0.235619 0.000000
vt -0.400000 -0.215984 0.000000
vt -0.350000 -0.215984 0.000000
vt -0.400000 -0.196350 0.000000
vt -0.350000 -0.196350 0.000000
vt -0.400000 -0.176715 0.000000
vt -0.350000 -0.176715 0.000000
vt -0.400000 -0.157080 0.000000
vt -0.350000 -0.157080 0.000000
vt -0.400000 -0.137445 0.000000
vt -0.350000 -0.137445 0.000000
vt -0.400000 -0.117810 0.000000
vt -0.350000 -0.117810 0.000000
vt -0.400000 -0.098175 0.000000
vt -0.350000 -0.098175 0.000000
vt -0.400000 -0.078540 0.000000
vt -0.350000 -0.078540 0.000000
vt -0.400000 -0.058905 0.000000
vt -0.350000 -0.058905 0.000000
vt -0.400000 -0.039270 0.000000
vt -0.350000 -0.039270 0.000000
vt -0.400000 -0.019635 0.000000
vt -0.350000 -0.019635 0.000000
vt -0.400000 -0.000000 0.000000
vt -0.350000 -0.000000 0.000000
vt -0.400000 0.019635 0.000000
vt -0.350000 0.019635 0.000000
vt -0.400000 0.039270 0.000000
vt -0.350000 0.039270 0.000000
vt -0.400000 0.058905 0.000000
vt -0.350000 0.058905 0.000000
vt -0.400000 0.078540 0.000000
vt -0.350000 0.078540 0.000000
vt -0.400000 0.098175 0.000000
vt -0.350000 0.098175 0.000000
vt -0.400000 0.117810 0.000000
vt -0.350000 0.117810 0.000000
vt -0.400000 0.137445 0.000000
vt -0.350000 0.137445 0.000000
vt -0.400000 0.157080 0.000000
vt -0.350000 0.157080 0.000000
vt -0.400000 0.176715 0.000000
vt -0.350000 0.176715 0.000000
vt -0.400000 0.196350 0.000000
vt -0.350000 0.196350 0.000000
vt -0.012500 -0.035355 0.000000
vt 0.037500 -0.035355 0.000000
vt -0.012500 0.035355 0.000000
vt 0.037500 0.035355 0.000000
vt 0.000000 -0.115000 0.000000
vt 0.050000 -0.115000 0.000000
vt -0.000000 0.115000 0.000000
vt 0.050000 0.115000 0.000000
vt 0.120589 0.072444 0.000000
vt 0.140000 0.075000 0.000000
vt 0.050000 0.165000 0.000000
vt 0.159411 0.072444 0.000000
vt 0.410000 0.165000 0.000000
vt 0.177500 0.064952 0.000000
vt 0.193033 0.053033 0.000000
vt 0.204952 0.037500 0.000000
vt 0.212444 0.019411 0.000000
vt 0.215000 0.000000 0.000000
vt 0.410000 -0.165000 0.000000
vt 0.212444 -0.019411 0.000000
vt 0.204952 -0.037500 0.000000
vt 0.193033 -0.053033 0.000000
vt 0.177500 -0.064952 0.000000
vt 0.159411 -0.072444 0.000000
vt 0.050000 -0.165000 0.000000
vt 0.140000 -0.075000 0.000000
vt 0.120589 -0.072444 0.000000
vt 0.102500 -0.064952 0.000000
vt 0.000000 -0.115000 0.000000
vt 0.086967 -0.053033 0.000000
vt 0.075048 -0.037500 0.000000
vt 0.067556 -0.019411 0.000000
vt 0.065000 -0.000000 0.000000
vt -0.000000 0.115000 0.000000
vt 0.067556 0.019411 0.000000
vt 0.075048 0.037500 0.000000
vt 0.086967 0.053033 0.000000
vt 0.102500 0.064952 0.000000
vt -0.012500 -0.035355 0.000000
vt 0.037500 -0.035355 0.000000
vt -0.012500 0.035355 0.000000
vt 0.037500 0.035355 0.000000
vt -0.000000 -0.115000 0.000000
vt 0.050000 -0.115000 0.000000
vt 0.000000 0.115000 0.000000
vt 0.050000 0.115000 0.000000
vt 0.159411 -0.072444 0.000000
vt 0.140000 -0.075000 0.000000
vt 0.050000 -0.165000 0.000000
vt 0.120589 -0.072444 0.000000
vt 0.102500 -0.064952 0.000000
vt 0.000000 -0.115000 0.000000
vt 0.086967 -0.053033 0.000000
vt 0.075048 -0.037500 0.000000
vt 0.067556 -0.019411 0.000000
vt 0.065000 0.000000 0.000000
vt -0.000000 0.115000 0.000000
vt 0.067556 0.019411 0.000000
vt 0.075048 0.037500 0.000000
vt 0.086967 0.053033 0.000000
vt 0.102500 0.064952 0.000000
vt 0.050000 0.165000 0.000000
vt 0.120589 0.072444 0.000000
vt 0.140000 0.075000 0.000000
vt 0.159411 0.072444 0.000000
vt 0.410000 0.165000 0.000000
vt 0.177500 0.064952 0.000000
vt 0.193033 0.053033 0.000000
vt 0.204952 0.037500 0.000000
vt 0.212444 0.019411 0.000000
vt 0.215000 0.000000 0.000000
vt 0.410000 -0.165000 0.000000
vt 0.212444 -0.019411 0.000000
vt 0.204952 -0.037500 0.000000
vt 0.193033 -0.053033 0.000000
vt 0.177500 -0.064952 0.000000
vt -0.012500 -0.035355 0.000000
vt 0.037500 -0.035355 0.000000
vt -0.012500 0.035355 0.000000
vt 0.037500 0.035355 0.000000
vt 0.000000 -0.115000 0.000000
vt 0.050000 -0.115000 0.000000
vt -0.000000 0.115000 0.000000
vt 0.050000 0.115000 0.000000
vt 0.159411 -0.072444 0.000000
vt 0.140000 -0.075000 0.000000
vt 0.050000 -0.165000 0.000000
vt 0.120589 -0.072444 0.000000
vt 0.102500 -0.064952 0.000000
vt 0.000000 -0.115000 0.000000
vt 0.086967 -0.053033 0.000000
vt 0.075048 -0.037500 0.000000
vt 0.067556 -0.019411 0.000000
vt 0.065000 0.000000 0.000000
vt -0.000000 0.115000 0.000000
vt 0.067556 0.019411 0.000000
vt 0.075048 0.037500 0.000000
vt 0.086967 0.053033 0.000000
vt 0.102500 0.064952 0.000000
vt 0.050000 0.165000 0.000000
vt 0.120589 0.072444 0.000000
vt 0.140000 0.075000 0.000000
vt 0.159411 0.072444 0.000000
vt 0.410000 0.165000 0.000000
vt 0.177500 0.064952 0.000000
vt 0.193033 0.053033 0.000000
vt 0.204952 0.037500 0.000000
vt 0.212444 0.019411 0.000000
vt 0.215000 0.000000 0.000000
vt 0.410000 -0.165000 0.000000
vt 0.212444 -0.019411 0.000000
vt 0.204952 -0.037500 0.000000
vt 0.193033 -0.053033 0.000000
vt 0.177500 -0.064952 0.000000
vt 0.037500 0.035355 0.000000
vt -0.012500 0.035355 0.000000
vt 0.037500 -0.035355 0.000000
vt -0.012500 -0.035355 0.000000
vt 0.155000 0.025000 0.000000
vt -0.205000 0.025000 0.000000
vt 0.155000 -0.025000 0.000000
vt -0.205000 -0.025000 0.000000
vt 0.037500 0.035355 0.000000
vt -0.012500 0.035355 0.000000
vt 0.037500 -0.035355 0.000000
vt -0.012500 -0.035355 0.000000
vt 0.155000 0.025000 0.000000
vt -0.205000 0.025000 0.000000
vt 0.155000 -0.025000 0.000000
vt -0.205000 -0.025000 0.000000
vt 0.037500 0.035355 0.000000
vt -0.012500 0.035355 0.000000
vt 0.037500 -0.035355 0.000000
vt -0.012500 -0.035355 0.000000
vt 0.155000 0.025000 0.000000
vt -0.205000 0.025000 0.000000
vt 0.155000 -0.025000 0.000000
vt -0.205000 -0.025000 0.000000
vt -0.155000 -0.025000 0.000000
vt 0.205000 -0.025000 0.000000
vt -0.155000 0.025000 0.000000
vt 0.205000 0.025000 0.000000
vt 0.289411 -0.072444 0.000000
vt 0.270000 -0.075000 0.000000
vt 0.360000 -0.165000 0.000000
vt 0.250589 -0.072444 0.000000
vt -0.000000 -0.165000 0.000000
vt 0.232500 -0.064952 0.000000
vt 0.216967 -0.053033 0.000000
vt 0.205048 -0.037500 0.000000
vt 0.197556 -0.019411 0.000000
vt 0.195000 0.000000 0.000000
vt 0.000000 0.165000 0.000000
vt 0.197556 0.019411 0.000000
vt 0.205048 0.037500 0.000000
vt 0.216967 0.053033 0.000000
vt 0.232500 0.064952 0.000000
vt 0.250589 0.072444 0.000000
vt 0.360000 0.165000 0.000000
vt 0.270000 0.075000 0.000000
vt 0.289411 0.072444 0.000000
vt 0.307500 0.064952 0.000000
vt 0.410000 0.115000 0.000000
vt 0.323033 0.053033 0.000000
vt 0.334952 0.037500 0.000000
vt 0.342444 0.019411 0.000000
vt 0.345000 0.000000 0.000000
vt 0.410000 -0.115000 0.000000
vt 0.342444 -0.019411 0.000000
vt 0.334952 -0.037500 0.000000
vt 0.323033 -0.053033 0.000000
vt 0.307500 -0.064952 0.000000
vt -0.155000 -0.025000 0.000000
vt 0.205000 -0.025000 0.000000
vt -0.155000 0.025000 0.000000
vt 0.205000 0.025000 0.000000
vt 0.289411 -0.072444 0.000000
vt 0.270000 -0.075000 0.000000
vt 0.360000 -0.165000 0.000000
vt 0.250589 -0.072444 0.000000
vt -0.000000 -0.165000 0.000000
vt 0.232500 -0.064952 0.000000
vt 0.216967 -0.053033 0.000000
vt 0.205048 -0.037500 0.000000
vt 0.197556 -0.019411 0.000000
vt 0.195000 0.000000 0.000000
vt 0.000000 0.165000 0.000000
vt 0.197556 0.019411 0.000000
vt 0.205048 0.037500 0.000000
vt 0.216967 0.053033 0.000000
vt 0.232500 0.064952 0.000000
vt 0.250589 0.072444 0.000000
vt 0.360000 0.165000 0.000000
vt 0.270000 0.075000 0.000000
vt 0.289411 0.072444 0.000000
vt 0.307500 0.064952 0.000000
vt 0.410000 0.115000 0.000000
vt 0.323033 0.053033 0.000000
vt 0.334952 0.037500 0.000000
vt 0.342444 0.019411 0.000000
vt 0.345000 0.000000 0.000000
vt 0.410000 -0.115000 0.000000
vt 0.342444 -0.019411 0.000000
vt 0.334952 -0.037500 0.000000
vt 0.323033 -0.053033 0.000000
vt 0.307500 -0.064952 0.000000
vt -0.155000 -0.025000 0.000000
vt 0.205000 -0.025000 0.000000
vt -0.155000 0.025000 0.000000
vt 0.205000 0.025000 0.000000
vt 0.289411 -0.072444 0.000000
vt 0.270000 -0.075000 0.000000
vt 0.360000 -0.165000 0.000000
vt 0.250589 -0.072444 0.000000
vt -0.000000 -0.165000 0.000000
vt 0.232500 -0.064952 0.000000
vt 0.216967 -0.053033 0.000000
vt 0.205048 -0.037500 0.000000
vt 0.197556 -0.019411 0.000000
vt 0.195000 0.000000 0.000000
vt 0.000000 0.165000 0.000000
vt 0.197556 0.019411 0.000000
vt 0.205048 0.037500 0.000000
vt 0.216967 0.053033 0.000000
vt 0.232500 0.064952 0.000000
vt 0.250589 0.072444 0.000000
vt 0.360000 0.165000 0.000000
vt 0.270000 0.075000 0.000000
vt 0.289411 0.072444 0.000000
vt 0.307500 0.064952 0.000000
vt 0.410000 0.115000 0.000000
vt 0.323033 0.053033 0.000000
vt 0.334952 0.037500 0.000000
vt 0.342444 0.019411 0.000000
vt 0.345000 0.000000 0.000000
vt 0.410000 -0.115000 0.000000
vt 0.342444 -0.019411 0.000000
vt 0.334952 -0.037500 0.000000
vt 0.323033 -0.053033 0.000000
vt 0.307500 -0.064952 0.000000
vt -0.100000 -0.060000 0.000000
vt 0.100000 -0.060000 0.000000
vt -0.100000 -0.040000 0.000000
vt 0.100000 -0.040000 0.000000
vt -0.096593 -0.014118 0.000000
vt 0.096593 -0.014118 0.000000
vt -0.086603 0.010000 0.000000
vt 0.086603 0.010000 0.000000
vt -0.070711 0.030711 0.000000
vt 0.070711 0.030711 0.000000
vt -0.050000 0.046603 0.000000
vt 0.050000 0.046603 0.000000
vt -0.025882 0.056593 0.000000
vt 0.025882 0.056593 0.000000
vt -0.000000 0.060000 0.000000
vt 0.020000 0.210000 0.000000
vt 0.000000 0.210000 0.000000
vt 0.020000 -0.210000 0.000000
vt -0.000000 -0.210000 0.000000
vt 0.210000 -0.314159 0.000000
vt -0.210000 -0.314159 0.000000
vt 0.210000 -0.340339 0.000000
vt -0.210000 -0.340339 0.000000
vt 0.210000 -0.366519 0.000000
vt -0.210000 -0.366519 0.000000
vt 0.210000 -0.392699 0.000000
vt -0.210000 -0.392699 0.000000
vt 0.210000 -0.418879 0.000000
vt -0.210000 -0.418879 0.000000
vt 0.210000 -0.445059 0.000000
vt -0.210000 -0.445059 0.000000
vt 0.210000 -0.471239 0.000000
vt -0.210000 -0.471239 0.000000
vt 0.210000 -0.497419 0.000000
vt -0.210000 -0.497419 0.000000
vt 0.210000 -0.523599 0.000000
vt -0.210000 -0.523599 0.000000
vt 0.210000 -0.549779 0.000000
vt -0.210000 -0.549779 0.000000
vt 0.210000 -0.575959 0.000000
vt -0.210000 -0.575959 0.000000
vt 0.210000 -0.602139 0.000000
vt -0.210000 -0.602139 0.000000
vt 0.210000 -0.628319 0.000000
vt -0.210000 -0.628319 0.000000
vt 0.020000 0.210000 0.000000
vt -0.000000 0.210000 0.000000
vt 0.020000 -0.210000 0.000000
vt 0.000000 -0.210000 0.000000
vt -0.100000 -0.060000 0.000000
vt 0.100000 -0.060000 0.000000
vt -0.100000 -0.040000 0.000000
vt 0.100000 -0.040000 0.000000
vt -0.096593 -0.014118 0.000000
vt 0.096593 -0.014118 0.000000
vt -0.086603 0.010000 0.000000
vt 0.086603 0.010000 0.000000
vt -0.070711 0.030711 0.000000
vt 0.070711 0.030711 0.000000
vt -0.050000 0.046603 0.000000
vt 0.050000 0.046603 0.000000
vt -0.025882 0.056593 0.000000
vt 0.025882 0.056593 0.000000
vt 0.000000 0.060000 0.000000
vt -0.660371 -0.285003 0.000000
vt -0.985000 -0.405000 0.000000
vt -0.660371 -0.505000 0.000000
vt -0.981593 -0.430882 0.000000
vt -0.885000 -0.505000 0.000000
vt -0.971603 -0.455000 0.000000
vt -0.955711 -0.475711 0.000000
vt -0.654408 -0.239710 0.000000
vt -0.636926 -0.197503 0.000000
vt -0.985000 0.330000 0.000000
vt -0.609115 -0.161260 0.000000
vt -0.572871 -0.133449 0.000000
vt -0.530665 -0.115966 0.000000
vt -0.485371 -0.110003 0.000000
vt -0.004431 0.430000 0.000000
vt -0.440078 -0.115966 0.000000
vt -0.397871 -0.133449 0.000000
vt -0.361628 -0.161260 0.000000
vt 0.340885 -0.161260 0.000000
vt 0.377129 -0.133449 0.000000
vt 0.419335 -0.115966 0.000000
vt 0.464629 -0.110003 0.000000
vt 0.313074 -0.197503 0.000000
vt -0.333817 -0.197503 0.000000
vt 0.295592 -0.239710 0.000000
vt -0.316334 -0.239710 0.000000
vt 0.289629 -0.285003 0.000000
vt -0.310371 -0.285003 0.000000
vt 0.289629 -0.505000 0.000000
vt -0.310371 -0.505000 0.000000
vt 0.985000 0.405000 0.000000
vt 0.509922 -0.115966 0.000000
vt 0.552129 -0.133449 0.000000
vt 0.588372 -0.161260 0.000000
vt 0.985000 -0.405000 0.000000
vt 0.616183 -0.197503 0.000000
vt 0.633666 -0.239710 0.000000
vt 0.639629 -0.285003 0.000000
vt 0.639629 -0.505000 0.000000
vt 0.981593 -0.430882 0.000000
vt 0.885000 -0.505000 0.000000
vt 0.971603 -0.455000 0.000000
vt 0.955711 -0.475711 0.000000
vt 0.935000 -0.491603 0.000000
vt 0.910882 -0.501593 0.000000
vt 0.885000 0.505000 0.000000
vt 0.981593 0.430882 0.000000
vt 0.971603 0.455000 0.000000
vt 0.955711 0.475711 0.000000
vt 0.935000 0.491603 0.000000
vt 0.910882 0.501593 0.000000
vt 0.070569 0.505000 0.000000
vt -0.885000 0.430000 0.000000
vt -0.981593 0.355882 0.000000
vt -0.971603 0.380000 0.000000
vt -0.955711 0.400711 0.000000
vt -0.935000 0.416603 0.000000
vt -0.910882 0.426593 0.000000
vt -0.935000 -0.491603 0.000000
vt -0.910882 -0.501593 0.000000
vt 0.389629 0.165000 0.000000
vt 0.389629 -0.165000 0.000000
vt 0.600000 -0.300000 0.000000
vt 0.339629 -0.165000 0.000000
vt -0.000000 -0.300000 0.000000
vt 0.339629 0.165000 0.000000
vt -0.000000 0.300000 0.000000
vt 0.600000 0.300000 0.000000
vt 0.055000 -0.165000 0.000000
vt -0.000000 -0.300000 0.000000
vt 0.105000 -0.165000 0.000000
vt 0.245371 -0.300000 0.000000
vt 0.105000 0.165000 0.000000
vt 0.245371 0.300000 0.000000
vt 0.000000 0.300000 0.000000
vt 0.055000 0.165000 0.000000
vt 0.300000 0.157080 0.000000
vt -0.300000 0.157080 0.000000
vt 0.300000 0.130900 0.000000
vt -0.300000 0.130900 0.000000
vt 0.300000 0.104720 0.000000
vt -0.300000 0.104720 0.000000
vt 0.300000 0.078540 0.000000
vt -0.300000 0.078540 0.000000
vt 0.300000 0.052360 0.000000
vt -0.300000 0.052360 0.000000
vt 0.300000 0.026180 0.000000
vt -0.300000 0.026180 0.000000
vt 0.300000 -0.000000 0.000000
vt -0.300000 -0.000000 0.000000
vt 0.810000 0.300000 0.000000
vt 0.000000 0.300000 0.000000
vt 0.810000 -0.300000 0.000000
vt 0.000000 -0.300000 0.000000
vt 0.300000 0.157080 0.000000
vt -0.300000 0.157080 0.000000
vt 0.300000 0.130900 0.000000
vt -0.300000 0.130900 0.000000
vt 0.300000 0.104720 0.000000
vt -0.300000 0.104720 0.000000
vt 0.300000 0.078540 0.000000
vt -0.300000 0.078540 0.000000
vt 0.300000 0.052360 0.000000
vt -0.300000 0.052360 0.000000
vt 0.300000 0.026180 0.000000
vt -0.300000 0.026180 0.000000
vt 0.300000 0.000000 0.000000
vt -0.300000 -0.000000 0.000000
vt 0.594431 -0.210000 0.000000
vt 0.814431 -0.300000 0.000000
vt 0.594431 0.210000 0.000000
vt 0.814431 0.300000 0.000000
vt 0.534431 0.210000 0.000000
vt 0.289431 0.210000 0.000000
vt 0.289431 -0.210000 0.000000
vt 0.534431 -0.210000 0.000000
vt 0.000000 -0.300000 0.000000
vt 0.089431 -0.210000 0.000000
vt 0.089431 0.210000 0.000000
vt -0.000000 0.300000 0.000000
vt 0.106066 0.300000 0.000000
vt -0.000000 0.300000 0.000000
vt 0.106066 -0.300000 0.000000
vt 0.000000 -0.300000 0.000000
vt 0.880569 0.300000 0.000000
vt -0.000000 0.300000 0.000000
vt 0.880569 -0.300000 0.000000
vt 0.000000 -0.300000 0.000000
vt 0.300000 0.157080 0.000000
vt -0.300000 0.157080 0.000000
vt 0.300000 0.130900 0.000000
vt -0.300000 0.130900 0.000000
vt 0.300000 0.104720 0.000000
vt -0.300000 0.104720 0.000000
vt 0.300000 0.078540 0.000000
vt -0.300000 0.078540 0.000000
vt 0.300000 0.052360 0.000000
vt -0.300000 0.052360 0.000000
vt 0.300000 0.026180 0.000000
vt -0.300000 0.026180 0.000000
vt 0.300000 -0.000000 0.000000
vt -0.300000 -0.000000 0.000000
vt 0.735000 0.300000 0.000000
vt -0.000000 0.300000 0.000000
vt 0.735000 -0.300000 0.000000
vt 0.000000 -0.300000 0.000000
vt 0.300000 0.157080 0.000000
vt -0.300000 0.157080 0.000000
vt 0.300000 0.130900 0.000000
vt -0.300000 0.130900 0.000000
vt 0.300000 0.104720 0.000000
vt -0.300000 0.104720 0.000000
vt 0.300000 0.078540 0.000000
vt -0.300000 0.078540 0.000000
vt 0.300000 0.052360 0.000000
vt -0.300000 0.052360 0.000000
vt 0.300000 0.026180 0.000000
vt -0.300000 0.026180 0.000000
vt 0.300000 -0.000000 0.000000
vt -0.300000 0.000000 0.000000
vt 0.159629 0.165000 0.000000
vt 0.159629 -0.165000 0.000000
vt 0.224629 -0.300000 0.000000
vt 0.109629 -0.165000 0.000000
vt -0.000000 -0.300000 0.000000
vt 0.109629 0.165000 0.000000
vt 0.000000 0.300000 0.000000
vt 0.224629 0.300000 0.000000
vt 0.654408 -0.239710 0.000000
vt 0.660371 -0.285003 0.000000
vt 0.985000 -0.405000 0.000000
vt 0.660371 -0.505000 0.000000
vt 0.981593 -0.430882 0.000000
vt 0.885000 -0.505000 0.000000
vt 0.971603 -0.455000 0.000000
vt 0.955711 -0.475711 0.000000
vt 0.935000 -0.491603 0.000000
vt 0.910882 -0.501593 0.000000
vt 0.636926 -0.197503 0.000000
vt 0.985000 0.330000 0.000000
vt 0.609115 -0.161260 0.000000
vt 0.572871 -0.133449 0.000000
vt 0.530665 -0.115966 0.000000
vt 0.485371 -0.110003 0.000000
vt 0.004431 0.430000 0.000000
vt 0.440078 -0.115966 0.000000
vt 0.397871 -0.133449 0.000000
vt -0.377129 -0.133449 0.000000
vt 0.361628 -0.161260 0.000000
vt -0.340885 -0.161260 0.000000
vt 0.333817 -0.197503 0.000000
vt -0.313074 -0.197503 0.000000
vt 0.316334 -0.239710 0.000000
vt -0.295592 -0.239710 0.000000
vt 0.310371 -0.285003 0.000000
vt -0.289629 -0.285003 0.000000
vt 0.310371 -0.505000 0.000000
vt -0.289629 -0.505000 0.000000
vt 0.885000 0.430000 0.000000
vt 0.981593 0.355882 0.000000
vt 0.971603 0.380000 0.000000
vt 0.955711 0.400711 0.000000
vt 0.935000 0.416603 0.000000
vt 0.910882 0.426593 0.000000
vt -0.070569 0.505000 0.000000
vt -0.885000 0.505000 0.000000
vt -0.985000 0.405000 0.000000
vt -0.464629 -0.110003 0.000000
vt -0.509922 -0.115966 0.000000
vt -0.552129 -0.133449 0.000000
vt -0.588372 -0.161260 0.000000
vt -0.985000 -0.405000 0.000000
vt -0.616183 -0.197503 0.000000
vt -0.633666 -0.239710 0.000000
vt -0.639629 -0.285003 0.000000
vt -0.639629 -0.505000 0.000000
vt -0.981593 -0.430882 0.000000
vt -0.885000 -0.505000 0.000000
vt -0.971603 -0.455000 0.000000
vt -0.955711 -0.475711 0.000000
vt -0.910882 0.501593 0.000000
vt -0.935000 0.491603 0.000000
vt -0.955711 0.475711 0.000000
vt -0.971603 0.455000 0.000000
vt -0.981593 0.430882 0.000000
vt -0.935000 -0.491603 0.000000
vt -0.910882 -0.501593 0.000000
vt -0.419335 -0.115966 0.000000
vt 0.219997 -0.300000 0.000000
vt 0.000000 -0.300000 0.000000
vt 0.219997 -0.310000 0.000000
vt 0.000000 -0.310000 0.000000
vt -0.000000 0.300000 0.000000
vt 0.219997 0.300000 0.000000
vt -0.000000 0.310000 0.000000
vt 0.219997 0.310000 0.000000
vt 0.310000 -0.549779 0.000000
vt 0.300000 -0.549779 0.000000
vt 0.310000 -0.595594 0.000000
vt 0.300000 -0.595594 0.000000
vt 0.310000 -0.641408 0.000000
vt 0.300000 -0.641408 0.000000
vt 0.310000 -0.687223 0.000000
vt 0.300000 -0.687223 0.000000
vt 0.310000 -0.733038 0.000000
vt 0.300000 -0.733038 0.000000
vt 0.310000 -0.778853 0.000000
vt 0.300000 -0.778853 0.000000
vt 0.310000 -0.824668 0.000000
vt 0.300000 -0.824668 0.000000
vt 0.310000 -0.870483 0.000000
vt 0.300000 -0.870483 0.000000
vt 0.310000 -0.916298 0.000000
vt 0.300000 -0.916298 0.000000
vt 0.310000 -0.962113 0.000000
vt 0.300000 -0.962113 0.000000
vt 0.310000 -1.007928 0.000000
vt 0.300000 -1.007928 0.000000
vt 0.310000 -1.053743 0.000000
vt 0.300000 -1.053743 0.000000
vt 0.310000 -1.099557 0.000000
vt 0.300000 -1.099557 0.000000
vt -0.310000 0.000000 0.000000
vt -0.300000 0.000000 0.000000
vt -0.310000 0.045815 0.000000
vt -0.300000 0.045815 0.000000
vt -0.310000 0.091630 0.000000
vt -0.300000 0.091630 0.000000
vt -0.310000 0.137445 0.000000
vt -0.300000 0.137445 0.000000
vt -0.310000 0.183260 0.000000
vt -0.300000 0.183260 0.000000
vt -0.310000 0.229074 0.000000
vt -0.300000 0.229074 0.000000
vt -0.310000 0.274889 0.000000
vt -0.300000 0.274889 0.000000
vt -0.310000 0.320704 0.000000
vt -0.300000 0.320704 0.000000
vt -0.310000 0.366519 0.000000
vt -0.300000 0.366519 0.000000
vt -0.310000 0.412334 0.000000
vt -0.300000 0.412334 0.000000
vt -0.310000 0.458149 0.000000
vt -0.300000 0.458149 0.000000
vt -0.310000 0.503964 0.000000
vt -0.300000 0.503964 0.000000
vt -0.310000 0.549779 0.000000
vt -0.300000 0.549779 0.000000
vt 0.219997 -0.300000 0.000000
vt -0.000000 -0.300000 0.000000
vt 0.219997 -0.310000 0.000000
vt -0.000000 -0.310000 0.000000
vt -0.000000 0.300000 0.000000
vt 0.219997 0.300000 0.000000
vt -0.000000 0.310000 0.000000
vt 0.219997 0.310000 0.000000
vt 0.120741 0.015146 0.000000
vt 0.175000 0.047498 0.000000
vt 0.125000 0.047498 0.000000
vt 0.169037 0.092792 0.000000
vt 0.120741 0.079851 0.000000
vt 0.151554 0.134998 0.000000
vt 0.108253 0.109998 0.000000
vt 0.123744 0.171242 0.000000
vt 0.088388 0.135887 0.000000
vt 0.087500 0.199053 0.000000
vt 0.062500 0.155752 0.000000
vt 0.045293 0.216535 0.000000
vt 0.032352 0.168239 0.000000
vt 0.000000 0.222498 0.000000
vt -0.000000 0.172498 0.000000
vt -0.032352 0.168239 0.000000
vt -0.045293 0.216535 0.000000
vt -0.062500 0.155752 0.000000
vt -0.087500 0.199053 0.000000
vt -0.088388 0.135887 0.000000
vt -0.123744 0.171242 0.000000
vt -0.108253 0.109998 0.000000
vt -0.151554 0.134998 0.000000
vt -0.120741 0.079851 0.000000
vt -0.169037 0.092792 0.000000
vt -0.125000 0.047498 0.000000
vt -0.175000 0.047498 0.000000
vt -0.120741 0.015146 0.000000
vt -0.108253 -0.015002 0.000000
vt -0.175000 -0.172498 0.000000
vt -0.088388 -0.040890 0.000000
vt -0.062500 -0.060755 0.000000
vt -0.125000 -0.222498 0.000000
vt -0.032352 -0.073242 0.000000
vt 0.000000 -0.077502 0.000000
vt 0.125000 -0.222498 0.000000
vt 0.032352 -0.073242 0.000000
vt 0.062500 -0.060755 0.000000
vt 0.175000 -0.172498 0.000000
vt 0.088388 -0.040890 0.000000
vt 0.108253 -0.015002 0.000000
vt -0.310000 0.359974 0.000000
vt 0.310000 0.359974 0.000000
vt -0.310000 0.392699 0.000000
vt 0.310000 0.392699 0.000000
vt -0.310000 -0.392699 0.000000
vt 0.310000 -0.392699 0.000000
vt -0.310000 -0.359974 0.000000
vt 0.310000 -0.359974 0.000000
vt -0.310000 -0.327249 0.000000
vt 0.310000 -0.327249 0.000000
vt -0.310000 -0.294524 0.000000
vt 0.310000 -0.294524 0.000000
vt -0.310000 -0.261799 0.000000
vt 0.310000 -0.261799 0.000000
vt -0.310000 -0.229074 0.000000
vt 0.310000 -0.229074 0.000000
vt -0.310000 -0.196350 0.000000
vt 0.310000 -0.196350 0.000000
vt -0.310000 -0.163625 0.000000
vt 0.310000 -0.163625 0.000000
vt -0.310000 -0.130900 0.000000
vt 0.310000 -0.130900 0.000000
vt -0.310000 -0.098175 0.000000
vt 0.310000 -0.098175 0.000000
vt -0.310000 -0.065450 0.000000
vt 0.310000 -0.065450 0.000000
vt -0.310000 -0.032725 0.000000
vt 0.310000 -0.032725 0.000000
vt -0.310000 0.000000 0.000000
vt 0.310000 0.000000 0.000000
vt -0.310000 0.032725 0.000000
vt 0.310000 0.032725 0.000000
vt -0.310000 0.065450 0.000000
vt 0.310000 0.065450 0.000000
vt -0.310000 0.098175 0.000000
vt 0.310000 0.098175 0.000000
vt -0.310000 0.130900 0.000000
vt 0.310000 0.130900 0.000000
vt -0.310000 0.163625 0.000000
vt 0.310000 0.163625 0.000000
vt -0.310000 0.196350 0.000000
vt 0.310000 0.196350 0.000000
vt -0.310000 0.229074 0.000000
vt 0.310000 0.229074 0.000000
vt -0.310000 0.261799 0.000000
vt 0.310000 0.261799 0.000000
vt -0.310000 0.294524 0.000000
vt 0.310000 0.294524 0.000000
vt -0.310000 0.327249 0.000000
vt 0.310000 0.327249 0.000000
vt 0.070711 -0.310000 0.000000
vt 0.070711 -0.300000 0.000000
vt -0.000000 -0.310000 0.000000
vt 0.070711 0.300000 0.000000
vt 0.000000 0.310000 0.000000
vt 0.070711 0.310000 0.000000
vt 0.250000 0.310000 0.000000
vt -0.000000 0.310000 0.000000
vt 0.250000 -0.310000 0.000000
vt 0.000000 -0.310000 0.000000
vt 0.070711 0.310000 0.000000
vt -0.000000 0.300000 0.000000
vt 0.070711 -0.310000 0.000000
vt -0.000000 -0.300000 0.000000
vt 0.000000 -0.310000 0.000000
vt -0.000000 0.310000 0.000000
vt -0.120741 0.079851 0.000000
vt -0.169037 0.092792 0.000000
vt -0.125000 0.047498 0.000000
vt -0.175000 0.047498 0.000000
vt -0.120741 0.015146 0.000000
vt -0.108253 -0.015002 0.000000
vt -0.175000 -0.172498 0.000000
vt -0.088388 -0.040890 0.000000
vt -0.062500 -0.060755 0.000000
vt -0.125000 -0.222498 0.000000
vt -0.032352 -0.073242 0.000000
vt -0.000000 -0.077502 0.000000
vt 0.125000 -0.222498 0.000000
vt 0.032352 -0.073242 0.000000
vt 0.062500 -0.060755 0.000000
vt 0.175000 -0.172498 0.000000
vt 0.088388 -0.040890 0.000000
vt 0.108253 -0.015002 0.000000
vt 0.175000 0.047498 0.000000
vt 0.120741 0.015146 0.000000
vt 0.125000 0.047498 0.000000
vt 0.169037 0.092792 0.000000
vt 0.120741 0.079851 0.000000
vt 0.151554 0.134998 0.000000
vt 0.108253 0.109998 0.000000
vt 0.123744 0.171242 0.000000
vt 0.088388 0.135887 0.000000
vt 0.087500 0.199053 0.000000
vt 0.062500 0.155752 0.000000
vt 0.045293 0.216535 0.000000
vt 0.032352 0.168239 0.000000
vt -0.000000 0.222498 0.000000
vt 0.000000 0.172498 0.000000
vt -0.032352 0.168239 0.000000
vt -0.045293 0.216535 0.000000
vt -0.062500 0.155752 0.000000
vt -0.087500 0.199053 0.000000
vt -0.088388 0.135887 0.000000
vt -0.123744 0.171242 0.000000
vt -0.108253 0.109998 0.000000
vt -0.151554 0.134998 0.000000
vt 0.219997 -0.300000 0.000000
vt 0.000000 -0.300000 0.000000
vt 0.219997 -0.310000 0.000000
vt 0.000000 -0.310000 0.000000
vt -0.000000 0.300000 0.000000
vt 0.219997 0.300000 0.000000
vt -0.000000 0.310000 0.000000
vt 0.219997 0.310000 0.000000
vt 0.310000 -0.549779 0.000000
vt 0.300000 -0.549779 0.000000
vt 0.310000 -0.595594 0.000000
vt 0.300000 -0.595594 0.000000
vt 0.310000 -0.641408 0.000000
vt 0.300000 -0.641408 0.000000
vt 0.310000 -0.687223 0.000000
vt 0.300000 -0.687223 0.000000
vt 0.310000 -0.733038 0.000000
vt 0.300000 -0.733038 0.000000
vt 0.310000 -0.778853 0.000000
vt 0.300000 -0.778853 0.000000
vt 0.310000 -0.824668 0.000000
vt 0.300000 -0.824668 0.000000
vt 0.310000 -0.870483 0.000000
vt 0.300000 -0.870483 0.000000
vt 0.310000 -0.916298 0.000000
vt 0.300000 -0.916298 0.000000
vt 0.310000 -0.962113 0.000000
vt 0.300000 -0.962113 0.000000
vt 0.310000 -1.007928 0.000000
vt 0.300000 -1.007928 0.000000
vt 0.310000 -1.053743 0.000000
vt 0.300000 -1.053743 0.000000
vt 0.310000 -1.099557 0.000000
vt 0.300000 -1.099557 0.000000
vt -0.310000 0.000000 0.000000
vt -0.300000 0.000000 0.000000
vt -0.310000 0.045815 0.000000
vt -0.300000 0.045815 0.000000
vt -0.310000 0.091630 0.000000
vt -0.300000 0.091630 0.000000
vt -0.310000 0.137445 0.000000
vt -0.300000 0.137445 0.000000
vt -0.310000 0.183260 0.000000
vt -0.300000 0.183260 0.000000
vt -0.310000 0.229074 0.000000
vt -0.300000 0.229074 0.000000
vt -0.310000 0.274889 0.000000
vt -0.300000 0.274889 0.000000
vt -0.310000 0.320704 0.000000
vt -0.300000 0.320704 0.000000
vt -0.310000 0.366519 0.000000
vt -0.300000 0.366519 0.000000
vt -0.310000 0.412334 0.000000
vt -0.300000 0.412334 0.000000
vt -0.310000 0.458149 0.000000
vt -0.300000 0.458149 0.000000
vt -0.310000 0.503964 0.000000
vt -0.300000 0.503964 0.000000
vt -0.310000 0.549779 0.000000
vt -0.300000 0.549779 0.000000
vt 0.219997 -0.300000 0.000000
vt -0.000000 -0.300000 0.000000
vt 0.219997 -0.310000 0.000000
vt -0.000000 -0.310000 0.000000
vt 0.000000 0.300000 0.000000
vt 0.219997 0.300000 0.000000
vt 0.000000 0.310000 0.000000
vt 0.219997 0.310000 0.000000
vt 0.120741 0.015146 0.000000
vt 0.175000 0.047498 0.000000
vt 0.125000 0.047498 0.000000
vt 0.169037 0.092792 0.000000
vt 0.120741 0.079851 0.000000
vt 0.151554 0.134998 0.000000
vt 0.108253 0.109998 0.000000
vt 0.123744 0.171242 0.000000
vt 0.088388 0.135887 0.000000
vt 0.087500 0.199053 0.000000
vt 0.062500 0.155752 0.000000
vt 0.045293 0.216535 0.000000
vt 0.032352 0.168239 0.000000
vt 0.000000 0.222498 0.000000
vt -0.000000 0.172498 0.000000
vt -0.032352 0.168239 0.000000
vt -0.045293 0.216535 0.000000
vt -0.062500 0.155752 0.000000
vt -0.087500 0.199053 0.000000
vt -0.088388 0.135887 0.000000
vt -0.123744 0.171242 0.000000
vt -0.108253 0.109998 0.000000
vt -0.151554 0.134998 0.000000
vt -0.120741 0.079851 0.000000
vt -0.169037 0.092792 0.000000
vt -0.125000 0.047498 0.000000
vt -0.175000 0.047498 0.000000
vt -0.120741 0.015146 0.000000
vt -0.108253 -0.015002 0.000000
vt -0.175000 -0.172498 0.000000
vt -0.088388 -0.040890 0.000000
vt -0.062500 -0.060755 0.000000
vt -0.125000 -0.222498 0.000000
vt -0.032352 -0.073242 0.000000
vt 0.000000 -0.077502 0.000000
vt 0.125000 -0.222498 0.000000
vt 0.032352 -0.073242 0.000000
vt 0.062500 -0.060755 0.000000
vt 0.175000 -0.172498 0.000000
vt 0.088388 -0.040890 0.000000
vt 0.108253 -0.015002 0.000000
vt -0.310000 0.359974 0.000000
vt 0.310000 0.359974 0.000000
vt -0.310000 0.392699 0.000000
vt 0.310000 0.392699 0.000000
vt -0.310000 -0.392699 0.000000
vt 0.310000 -0.392699 0.000000
vt -0.310000 -0.359974 0.000000
vt 0.310000 -0.359974 0.000000
vt -0.310000 -0.327249 0.000000
vt 0.310000 -0.327249 0.000000
vt -0.310000 -0.294524 0.000000
vt 0.310000 -0.294524 0.000000
vt -0.310000 -0.261799 0.000000
vt 0.310000 -0.261799 0.000000
vt -0.310000 -0.229074 0.000000
vt 0.310000 -0.229074 0.000000
vt -0.310000 -0.196350 0.000000
vt 0.310000 -0.196350 0.000000
vt -0.310000 -0.163625 0.000000
vt 0.310000 -0.163625 0.000000
vt -0.310000 -0.130900 0.000000
vt 0.310000 -0.130900 0.000000
vt -0.310000 -0.098175 0.000000
vt 0.310000 -0.098175 0.000000
vt -0.310000 -0.065450 0.000000
vt 0.310000 -0.065450 0.000000
vt -0.310000 -0.032725 0.000000
vt 0.310000 -0.032725 0.000000
vt -0.310000 0.000000 0.000000
vt 0.310000 0.000000 0.000000
vt -0.310000 0.032725 0.000000
vt 0.310000 0.032725 0.000000
vt -0.310000 0.065450 0.000000
vt 0.310000 0.065450 0.000000
vt -0.310000 0.098175 0.000000
vt 0.310000 0.098175 0.000000
vt -0.310000 0.130900 0.000000
vt 0.310000 0.130900 0.000000
vt -0.310000 0.163625 0.000000
vt 0.310000 0.163625 0.000000
vt -0.310000 0.196350 0.000000
vt 0.310000 0.196350 0.000000
vt -0.310000 0.229074 0.000000
vt 0.310000 0.229074 0.000000
vt -0.310000 0.261799 0.000000
vt 0.310000 0.261799 0.000000
vt -0.310000 0.294524 0.000000
vt 0.310000 0.294524 0.000000
vt -0.310000 0.327249 0.000000
vt 0.310000 0.327249 0.000000
vt 0.070711 -0.310000 0.000000
vt 0.070711 -0.300000 0.000000
vt 0.000000 -0.310000 0.000000
vt 0.070711 0.300000 0.000000
vt -0.000000 0.310000 0.000000
vt 0.070711 0.310000 0.000000
vt 0.250000 0.310000 0.000000
vt 0.000000 0.310000 0.000000
vt 0.250000 -0.310000 0.000000
vt -0.000000 -0.310000 0.000000
vt 0.070711 0.310000 0.000000
vt 0.000000 0.300000 0.000000
vt 0.070711 -0.310000 0.000000
vt -0.000000 -0.300000 0.000000
vt -0.000000 -0.310000 0.000000
vt 0.000000 0.310000 0.000000
vt -0.120741 0.079851 0.000000
vt -0.169037 0.092792 0.000000
vt -0.125000 0.047498 0.000000
vt -0.175000 0.047498 0.000000
vt -0.120741 0.015146 0.000000
vt -0.108253 -0.015002 0.000000
vt -0.175000 -0.172498 0.000000
vt -0.088388 -0.040890 0.000000
vt -0.062500 -0.060755 0.000000
vt -0.125000 -0.222498 0.000000
vt -0.032352 -0.073242 0.000000
vt -0.000000 -0.077502 0.000000
vt 0.125000 -0.222498 0.000000
vt 0.032352 -0.073242 0.000000
vt 0.062500 -0.060755 0.000000
vt 0.175000 -0.172498 0.000000
vt 0.088388 -0.040890 0.000000
vt 0.108253 -0.015002 0.000000
vt 0.175000 0.047498 0.000000
vt 0.120741 0.015146 0.000000
vt 0.125000 0.047498 0.000000
vt 0.169037 0.092792 0.000000
vt 0.120741 0.079851 0.000000
vt 0.151554 0.134998 0.000000
vt 0.108253 0.109998 0.000000
vt 0.123744 0.171242 0.000000
vt 0.088388 0.135887 0.000000
vt 0.087500 0.199053 0.000000
vt 0.062500 0.155752 0.000000
vt 0.045293 0.216535 0.000000
vt 0.032352 0.168239 0.000000
vt -0.000000 0.222498 0.000000
vt 0.000000 0.172498 0.000000
vt -0.032352 0.168239 0.000000
vt -0.045293 0.216535 0.000000
vt -0.062500 0.155752 0.000000
vt -0.087500 0.199053 0.000000
vt -0.088388 0.135887 0.000000
vt -0.123744 0.171242 0.000000
vt -0.108253 0.109998 0.000000
vt -0.151554 0.134998 0.000000
vn 0.000000 0.100000 -0.000000
vn 0.000000 0.100000 -0.000000
vn 0.000000 0.100000 -0.000000
vn 0.000000 0.100000 -0.000000
vn 0.000000 0.000000 0.100000
vn 0.000000 0.000000 0.100000
vn 0.000000 0.000000 0.100000
vn 0.000000 0.000000 0.100000
vn 0.100000 -0.000000 -0.000000
vn 0.100000 -0.000000 -0.000000
vn 0.100000 -0.000000 -0.000000
vn 0.100000 -0.000000 -0.000000
vn -0.000000 -0.000000 -0.100000
vn -0.000000 -0.000000 -0.100000
vn -0.000000 -0.000000 -0.100000
vn -0.000000 -0.000000 -0.100000
vn -0.100000 0.000000 0.000000
vn -0.100000 0.000000 0.000000
vn -0.100000 0.000000 0.000000
vn -0.100000 0.000000 0.000000
vn -0.096593 0.025882 0.000000
vn -0.096593 0.025882 0.000000
vn -0.100000 0.000000 0.000000
vn -0.100000 0.000000 0.000000
vn -0.096593 -0.025882 0.000000
vn -0.096593 -0.025882 0.000000
vn -0.086603 -0.050000 0.000000
vn -0.086603 -0.050000 0.000000
vn -0.070711 -0.070711 0.000000
vn -0.070711 -0.070711 0.000000
vn -0.050000 -0.086603 0.000000
vn -0.050000 -0.086603 0.000000
vn -0.025882 -0.096593 0.000000
vn -0.025882 -0.096593 0.000000
vn 0.000000 -0.100000 -0.000000
vn 0.000000 -0.100000 -0.000000
vn 0.025882 -0.096593 -0.000000
vn 0.025882 -0.096593 -0.000000
vn 0.050000 -0.086603 -0.000000
vn 0.050000 -0.086603 -0.000000
vn 0.070711 -0.070711 -0.000000
vn 0.070711 -0.070711 -0.000000
vn 0.086603 -0.050000 -0.000000
vn 0.086603 -0.050000 -0.000000
vn 0.096593 -0.025882 -0.000000
vn 0.096593 -0.025882 -0.000000
vn 0.100000 0.000000 -0.000000
vn 0.100000 0.000000 -0.000000
vn 0.096593 0.025882 -0.000000
vn 0.096593 0.025882 -0.000000
vn 0.086603 0.050000 -0.000000
vn 0.086603 0.050000 -0.000000
vn 0.070711 0.070711 -0.000000
vn 0.070711 0.070711 -0.000000
vn 0.050000 0.086603 -0.000000
vn 0.050000 0.086603 -0.000000
vn 0.025882 0.096593 -0.000000
vn 0.025882 0.096593 -0.000000
vn 0.000000 0.100000 -0.000000
vn 0.000000 0.100000 -0.000000
vn -0.025882 0.096593 0.000000
vn -0.025882 0.096593 0.000000
vn -0.050000 0.086603 0.000000
vn -0.050000 0.086603 0.000000
vn -0.070711 0.070711 0.000000
vn -0.070711 0.070711 0.000000
vn -0.086603 0.050000 0.000000
vn -0.086603 0.050000 0.000000
vn 0.096593 0.025882 -0.000000
vn 0.096593 0.025882 -0.000000
vn 0.100000 0.000000 -0.000000
vn 0.100000 0.000000 -0.000000
vn 0.096593 -0.025882 -0.000000
vn 0.096593 -0.025882 -0.000000
vn 0.086603 -0.050000 -0.000000
vn 0.086603 -0.050000 -0.000000
vn 0.070711 -0.070711 -0.000000
vn 0.070711 -0.070711 -0.000000
vn 0.050000 -0.086603 -0.000000
vn 0.050000 -0.086603 -0.000000
vn 0.025882 -0.096593 -0.000000
vn 0.025882 -0.096593 -0.000000
vn 0.000000 -0.100000 -0.000000
vn 0.000000 -0.100000 -0.000000
vn -0.025882 -0.096593 0.000000
vn -0.025882 -0.096593 0.000000
vn -0.050000 -0.086603 0.000000
vn -0.050000 -0.086603 0.000000
vn -0.070711 -0.070711 0.000000
vn -0.070711 -0.070711 0.000000
vn -0.086603 -0.050000 0.000000
vn -0.086603 -0.050000 0.000000
vn -0.096593 -0.025882 0.000000
vn -0.096593 -0.025882 0.000000
vn -0.100000 -0.000000 0.000000
vn -0.100000 -0.000000 0.000000
vn -0.096593 0.025882 0.000000
vn -0.096593 0.025882 0.000000
vn -0.086603 0.050000 0.000000
vn -0.086603 0.050000 0.000000
vn -0.070711 0.070711 0.000000
vn -0.070711 0.070711 0.000000
vn -0.050000 0.086603 0.000000
vn -0.050000 0.086603 0.000000
vn -0.025882 0.096593 0.000000
vn -0.025882 0.096593 0.000000
vn -0.000000 0.100000 0.000000
vn 0.000000 0.100000 -0.000000
vn 0.025882 0.096593 -0.000000
vn 0.025882 0.096593 -0.000000
vn 0.050000 0.086603 -0.000000
vn 0.050000 0.086603 -0.000000
vn 0.070711 0.070711 -0.000000
vn 0.070711 0.070711 -0.000000
vn 0.086603 0.050000 -0.000000
vn 0.086603 0.050000 -0.000000
vn -0.096593 -0.025882 0.000000
vn -0.096593 -0.025882 0.000000
vn -0.100000 -0.000000 0.000000
vn -0.100000 -0.000000 0.000000
vn -0.096593 0.025882 0.000000
vn -0.096593 0.025882 0.000000
vn -0.086603 0.050000 0.000000
vn -0.086603 0.050000 0.000000
vn -0.070711 0.070711 0.000000
vn -0.070711 0.070711 0.000000
vn -0.050000 0.086603 0.000000
vn -0.050000 0.086603 0.000000
vn -0.025882 0.096593 0.000000
vn -0.025882 0.096593 0.000000
vn 0.000000 0.100000 -0.000000
vn 0.000000 0.100000 -0.000000
vn 0.025882 0.096593 -0.000000
vn 0.025882 0.096593 -0.000000
vn 0.050000 0.086603 -0.000000
vn 0.050000 0.086603 -0.000000
vn 0.070711 0.070711 -0.000000
vn 0.070711 0.070711 -0.000000
vn 0.086603 0.050000 -0.000000
vn 0.086603 0.050000 -0.000000
vn 0.096593 0.025882 -0.000000
vn 0.096593 0.025882 -0.000000
vn 0.100000 0.000000 -0.000000
vn 0.100000 0.000000 -0.000000
vn 0.096593 -0.025882 -0.000000
vn 0.096593 -0.025882 -0.000000
vn 0.086603 -0.050000 -0.000000
vn 0.086603 -0.050000 -0.000000
vn 0.070711 -0.070711 -0.000000
vn 0.070711 -0.070711 -0.000000
vn 0.050000 -0.086603 -0.000000
vn 0.050000 -0.086603 -0.000000
vn 0.025882 -0.096593 -0.000000
vn 0.025882 -0.096593 -0.000000
vn 0.000000 -0.100000 -0.000000
vn 0.000000 -0.100000 -0.000000
vn -0.025882 -0.096593 0.000000
vn -0.025882 -0.096593 0.000000
vn -0.050000 -0.086603 0.000000
vn -0.050000 -0.086603 0.000000
vn -0.070711 -0.070711 0.000000
vn -0.070711 -0.070711 0.000000
vn -0.086603 -0.050000 0.000000
vn -0.086603 -0.050000 0.000000
vn 0.070711 -0.070711 -0.000000
vn 0.070711 -0.070711 -0.000000
vn 0.070711 -0.070711 -0.000000
vn 0.070711 -0.070711 -0.000000
vn -0.000000 -0.100000 0.000000
vn -0.000000 -0.100000 0.000000
vn -0.000000 -0.100000 0.000000
vn -0.000000 -0.100000 0.000000
vn 0.000000 0.000000 0.100000
vn 0.000000 0.000000 0.100000
vn 0.000000 0.000000 0.100000
vn 0.000000 0.000000 0.100000
vn 0.000000 0.000000 0.100000
vn 0.000000 0.000000 0.100000
vn 0.000000 0.000000 0.100000
vn 0.000000 0.000000 0.100000
vn 0.000000 0.000000 0.100000
vn 0.000000 0.000000 0.100000
vn 0.000000 0.000000 0.100000
vn 0.000000 0.000000 0.100000
vn 0.000000 0.000000 0.100000
vn 0.000000 0.000000 0.100000
vn 0.000000 0.000000 0.100000
vn 0.000000 0.000000 0.100000
vn 0.000000 0.000000 0.100000
vn 0.000000 0.000000 0.100000
vn 0.000000 0.000000 0.100000
vn 0.000000 0.000000 0.100000
vn 0.000000 0.000000 0.100000
vn 0.000000 0.000000 0.100000
vn 0.000000 0.000000 0.100000
vn 0.000000 0.000000 0.100000
vn 0.000000 0.000000 0.100000
vn 0.000000 0.000000 0.100000
vn 0.000000 0.000000 0.100000
vn 0.000000 0.000000 0.100000
vn 0.000000 0.000000 0.100000
vn 0.000000 0.000000 0.100000
vn 0.070711 -0.070711 -0.000000
vn 0.070711 -0.070711 -0.000000
vn 0.070711 -0.070711 -0.000000
vn 0.070711 -0.070711 -0.000000
vn -0.000000 -0.100000 0.000000
vn -0.000000 -0.100000 0.000000
vn -0.000000 -0.100000 0.000000
vn -0.000000 -0.100000 0.000000
vn 0.000000 0.000000 0.100000
vn 0.000000 0.000000 0.100000
vn 0.000000 0.000000 0.100000
vn 0.000000 0.000000 0.100000
vn 0.000000 0.000000 0.100000
vn 0.000000 0.000000 0.100000
vn 0.000000 0.000000 0.100000
vn 0.000000 0.000000 0.100000
vn 0.000000 0.000000 0.100000
vn 0.000000 0.000000 0.100000
vn 0.000000 0.000000 0.100000
vn 0.000000 0.000000 0.100000
vn 0.000000 0.000000 0.100000
vn 0.000000 0.000000 0.100000
vn 0.000000 0.000000 0.100000
vn 0.000000 0.000000 0.100000
vn 0.000000 0.000000 0.100000
vn 0.000000 0.000000 0.100000
vn 0.000000 0.000000 0.100000
vn 0.000000 0.000000 0.100000
vn 0.000000 0.000000 0.100000
vn 0.000000 0.000000 0.100000
vn 0.000000 0.000000 0.100000
vn 0.000000 0.000000 0.100000
vn 0.000000 0.000000 0.100000
vn 0.000000 0.000000 0.100000
vn 0.000000 0.000000 0.100000
vn 0.000000 0.000000 0.100000
vn 0.000000 0.000000 0.100000
vn 0.000000 0.000000 0.100000
vn 0.070711 -0.070711 -0.000000
vn 0.070711 -0.070711 -0.000000
vn 0.070711 -0.070711 -0.000000
vn 0.070711 -0.070711 -0.000000
vn -0.000000 -0.100000 0.000000
vn -0.000000 -0.100000 0.000000
vn -0.000000 -0.100000 0.000000
vn -0.000000 -0.100000 0.000000
vn 0.000000 0.000000 0.100000
vn 0.000000 0.000000 0.100000
vn 0.000000 0.000000 0.100000
vn 0.000000 0.000000 0.100000
vn 0.000000 0.000000 0.100000
vn 0.000000 0.000000 0.100000
vn 0.000000 0.000000 0.100000
vn 0.000000 0.000000 0.100000
vn 0.000000 0.000000 0.100000
vn 0.000000 0.000000 0.100000
vn 0.000000 0.000000 0.100000
vn 0.000000 0.000000 0.100000
vn 0.000000 0.000000 0.100000
vn 0.000000 0.000000 0.100000
vn 0.000000 0.000000 0.100000
vn 0.000000 0.000000 0.100000
vn 0.000000 0.000000 0.100000
vn 0.000000 0.000000 0.100000
vn 0.000000 0.000000 0.100000
vn 0.000000 0.000000 0.100000
vn 0.000000 0.000000 0.100000
vn 0.000000 0.000000 0.100000
vn 0.000000 0.000000 0.100000
vn 0.000000 0.000000 0.100000
vn 0.000000 0.000000 0.100000
vn 0.000000 0.000000 0.100000
vn 0.000000 0.000000 0.100000
vn 0.000000 0.000000 0.100000
vn 0.000000 0.000000 0.100000
vn 0.000000 0.000000 0.100000
vn -0.070711 -0.070711 0.000000
vn -0.070711 -0.070711 0.000000
vn -0.070711 -0.070711 0.000000
vn -0.070711 -0.070711 0.000000
vn -0.100000 0.000000 0.000000
vn -0.100000 0.000000 0.000000
vn -0.100000 0.000000 0.000000
vn -0.100000 0.000000 0.000000
vn -0.070711 -0.070711 0.000000
vn -0.070711 -0.070711 0.000000
vn -0.070711 -0.070711 0.000000
vn -0.070711 -0.070711 0.000000
vn -0.100000 0.000000 0.000000
vn -0.100000 0.000000 0.000000
vn -0.100000 0.000000 0.000000
vn -0.100000 0.000000 0.000000
vn -0.070711 -0.070711 0.000000
vn -0.070711 -0.070711 0.000000
vn -0.070711 -0.070711 0.000000
vn -0.070711 -0.070711 0.000000
vn -0.100000 0.000000 0.000000
vn -0.100000 0.000000 0.000000
vn -0.100000 0.000000 0.000000
vn -0.100000 0.000000 0.000000
vn 0.100000 -0.000000 -0.000000
vn 0.100000 -0.000000 -0.000000
vn 0.100000 -0.000000 -0.000000
vn 0.100000 -0.000000 -0.000000
vn -0.000000 -0.000000 -0.100000
vn -0.000000 -0.000000 -0.100000
vn -0.000000 -0.000000 -0.100000
vn -0.000000 -0.000000 -0.100000
vn -0.000000 -0.000000 -0.100000
vn -0.000000 -0.000000 -0.100000
vn -0.000000 -0.000000 -0.100000
vn -0.000000 -0.000000 -0.100000
vn -0.000000 -0.000000 -0.100000
vn -0.000000 -0.000000 -0.100000
vn -0.000000 -0.000000 -0.100000
vn -0.000000 -0.000000 -0.100000
vn -0.000000 -0.000000 -0.100000
vn -0.000000 -0.000000 -0.100000
vn -0.000000 -0.000000 -0.100000
vn -0.000000 -0.000000 -0.100000
vn -0.000000 -0.000000 -0.100000
vn -0.000000 -0.000000 -0.100000
vn -0.000000 -0.000000 -0.100000
vn -0.000000 -0.000000 -0.100000
vn -0.000000 -0.000000 -0.100000
vn -0.000000 -0.000000 -0.100000
vn -0.000000 -0.000000 -0.100000
vn -0.000000 -0.000000 -0.100000
vn -0.000000 -0.000000 -0.100000
vn -0.000000 -0.000000 -0.100000
vn -0.000000 -0.000000 -0.100000
vn -0.000000 -0.000000 -0.100000
vn -0.000000 -0.000000 -0.100000
vn -0.000000 -0.000000 -0.100000
vn 0.100000 -0.000000 -0.000000
vn 0.100000 -0.000000 -0.000000
vn 0.100000 -0.000000 -0.000000
vn 0.100000 -0.000000 -0.000000
vn -0.000000 -0.000000 -0.100000
vn -0.000000 -0.000000 -0.100000
vn -0.000000 -0.000000 -0.100000
vn -0.000000 -0.000000 -0.100000
vn -0.000000 -0.000000 -0.100000
vn -0.000000 -0.000000 -0.100000
vn -0.000000 -0.000000 -0.100000
vn -0.000000 -0.000000 -0.100000
vn -0.000000 -0.000000 -0.100000
vn -0.000000 -0.000000 -0.100000
vn -0.000000 -0.000000 -0.100000
vn -0.000000 -0.000000 -0.100000
vn -0.000000 -0.000000 -0.100000
vn -0.000000 -0.000000 -0.100000
vn -0.000000 -0.000000 -0.100000
vn -0.000000 -0.000000 -0.100000
vn -0.000000 -0.000000 -0.100000
vn -0.000000 -0.000000 -0.100000
vn -0.000000 -0.000000 -0.100000
vn -0.000000 -0.000000 -0.100000
vn -0.000000 -0.000000 -0.100000
vn -0.000000 -0.000000 -0.100000
vn -0.000000 -0.000000 -0.100000
vn -0.000000 -0.000000 -0.100000
vn -0.000000 -0.000000 -0.100000
vn -0.000000 -0.000000 -0.100000
vn -0.000000 -0.000000 -0.100000
vn -0.000000 -0.000000 -0.100000
vn -0.000000 -0.000000 -0.100000
vn -0.000000 -0.000000 -0.100000
vn 0.100000 -0.000000 -0.000000
vn 0.100000 -0.000000 -0.000000
vn 0.100000 -0.000000 -0.000000
vn 0.100000 -0.000000 -0.000000
vn -0.000000 -0.000000 -0.100000
vn -0.000000 -0.000000 -0.100000
vn -0.000000 -0.000000 -0.100000
vn -0.000000 -0.000000 -0.100000
vn -0.000000 -0.000000 -0.100000
vn -0.000000 -0.000000 -0.100000
vn -0.000000 -0.000000 -0.100000
vn -0.000000 -0.000000 -0.100000
vn -0.000000 -0.000000 -0.100000
vn -0.000000 -0.000000 -0.100000
vn -0.000000 -0.000000 -0.100000
vn -0.000000 -0.000000 -0.100000
vn -0.000000 -0.000000 -0.100000
vn -0.000000 -0.000000 -0.100000
vn -0.000000 -0.000000 -0.100000
vn -0.000000 -0.000000 -0.100000
vn -0.000000 -0.000000 -0.100000
vn -0.000000 -0.000000 -0.100000
vn -0.000000 -0.000000 -0.100000
vn -0.000000 -0.000000 -0.100000
vn -0.000000 -0.000000 -0.100000
vn -0.000000 -0.000000 -0.100000
vn -0.000000 -0.000000 -0.100000
vn -0.000000 -0.000000 -0.100000
vn -0.000000 -0.000000 -0.100000
vn -0.000000 -0.000000 -0.100000
vn -0.000000 -0.000000 -0.100000
vn -0.000000 -0.000000 -0.100000
vn -0.000000 -0.000000 -0.100000
vn -0.000000 -0.000000 -0.100000
vn 0.100000 -0.000000 -0.000000
vn 0.100000 -0.000000 -0.000000
vn 0.100000 -0.000000 -0.000000
vn 0.100000 -0.000000 -0.000000
vn 0.100000 -0.000000 -0.000000
vn 0.100000 -0.000000 -0.000000
vn 0.100000 -0.000000 -0.000000
vn 0.100000 -0.000000 -0.000000
vn 0.100000 -0.000000 -0.000000
vn 0.100000 -0.000000 -0.000000
vn 0.100000 -0.000000 -0.000000
vn 0.100000 -0.000000 -0.000000
vn 0.100000 -0.000000 -0.000000
vn 0.100000 -0.000000 -0.000000
vn 0.100000 -0.000000 -0.000000
vn -0.000000 -0.000000 -0.100000
vn -0.000000 -0.000000 -0.100000
vn -0.000000 -0.000000 -0.100000
vn -0.000000 -0.000000 -0.100000
vn -0.000000 0.025882 -0.096593
vn -0.000000 0.025882 -0.096593
vn -0.000000 0.050000 -0.086603
vn -0.000000 0.050000 -0.086603
vn -0.000000 0.070711 -0.070711
vn -0.000000 0.070711 -0.070711
vn -0.000000 0.086603 -0.050000
vn -0.000000 0.086603 -0.050000
vn -0.000000 0.096593 -0.025882
vn -0.000000 0.096593 -0.025882
vn -0.000000 0.100000 -0.000000
vn -0.000000 0.100000 -0.000000
vn 0.000000 0.096593 0.025882
vn 0.000000 0.096593 0.025882
vn 0.000000 0.086603 0.050000
vn 0.000000 0.086603 0.050000
vn 0.000000 0.070711 0.070711
vn 0.000000 0.070711 0.070711
vn 0.000000 0.050000 0.086603
vn 0.000000 0.050000 0.086603
vn 0.000000 0.025882 0.096593
vn 0.000000 0.025882 0.096593
vn 0.000000 0.000000 0.100000
vn 0.000000 0.000000 0.100000
vn 0.000000 0.000000 0.100000
vn 0.000000 0.000000 0.100000
vn -0.100000 0.000000 0.000000
vn -0.100000 0.000000 0.000000
vn -0.100000 0.000000 0.000000
vn -0.100000 0.000000 0.000000
vn -0.100000 0.000000 0.000000
vn -0.100000 0.000000 0.000000
vn -0.100000 0.000000 0.000000
vn -0.100000 0.000000 0.000000
vn -0.100000 0.000000 0.000000
vn -0.100000 0.000000 0.000000
vn -0.100000 0.000000 0.000000
vn -0.100000 0.000000 0.000000
vn -0.100000 0.000000 0.000000
vn -0.100000 0.000000 0.000000
vn -0.100000 0.000000 0.000000
vn 0.100000 -0.000000 -0.000000
vn 0.100000 -0.000000 -0.000000
vn 0.100000 -0.000000 -0.000000
vn 0.100000 -0.000000 -0.000000
vn 0.100000 -0.000000 -0.000000
vn 0.100000 -0.000000 -0.000000
vn 0.100000 -0.000000 -0.000000
vn 0.100000 -0.000000 -0.000000
vn 0.100000 -0.000000 -0.000000
vn 0.100000 -0.000000 -0.000000
vn 0.100000 -0.000000 -0.000000
vn 0.100000 -0.000000 -0.000000
vn 0.100000 -0.000000 -0.000000
vn 0.100000 -0.000000 -0.000000
vn 0.100000 -0.000000 -0.000000
vn 0.100000 -0.000000 -0.000000
vn 0.100000 -0.000000 -0.000000
vn 0.100000 -0.000000 -0.000000
vn 0.100000 -0.000000 -0.000000
vn 0.100000 -0.000000 -0.000000
vn 0.100000 -0.000000 -0.000000
vn 0.100000 -0.000000 -0.000000
vn 0.100000 -0.000000 -0.000000
vn 0.100000 -0.000000 -0.000000
vn 0.100000 -0.000000 -0.000000
vn 0.100000 -0.000000 -0.000000
vn 0.100000 -0.000000 -0.000000
vn 0.100000 -0.000000 -0.000000
vn 0.100000 -0.000000 -0.000000
vn 0.100000 -0.000000 -0.000000
vn 0.100000 -0.000000 -0.000000
vn 0.100000 -0.000000 -0.000000
vn 0.100000 -0.000000 -0.000000
vn 0.100000 -0.000000 -0.000000
vn 0.100000 -0.000000 -0.000000
vn 0.100000 -0.000000 -0.000000
vn 0.100000 -0.000000 -0.000000
vn 0.100000 -0.000000 -0.000000
vn 0.100000 -0.000000 -0.000000
vn 0.100000 -0.000000 -0.000000
vn 0.100000 -0.000000 -0.000000
vn 0.100000 -0.000000 -0.000000
vn 0.100000 -0.000000 -0.000000
vn 0.100000 -0.000000 -0.000000
vn 0.100000 -0.000000 -0.000000
vn 0.100000 -0.000000 -0.000000
vn 0.100000 -0.000000 -0.000000
vn 0.100000 -0.000000 -0.000000
vn 0.100000 -0.000000 -0.000000
vn 0.100000 -0.000000 -0.000000
vn 0.100000 -0.000000 -0.000000
vn 0.100000 -0.000000 -0.000000
vn 0.100000 -0.000000 -0.000000
vn 0.100000 -0.000000 -0.000000
vn 0.100000 -0.000000 -0.000000
vn 0.100000 -0.000000 -0.000000
vn 0.100000 -0.000000 -0.000000
vn 0.100000 -0.000000 -0.000000
vn 0.100000 -0.000000 -0.000000
vn 0.100000 -0.000000 -0.000000
vn -0.000000 -0.100000 0.000000
vn -0.000000 -0.100000 0.000000
vn -0.000000 -0.100000 0.000000
vn -0.000000 -0.100000 0.000000
vn -0.000000 -0.100000 0.000000
vn -0.000000 -0.100000 0.000000
vn -0.000000 -0.100000 0.000000
vn -0.000000 -0.100000 0.000000
vn 0.000000 -0.100000 0.000000
vn 0.000000 -0.100000 0.000000
vn 0.000000 -0.100000 0.000000
vn 0.000000 -0.100000 0.000000
vn 0.000000 -0.100000 0.000000
vn 0.000000 -0.100000 0.000000
vn 0.000000 -0.100000 0.000000
vn 0.000000 -0.100000 0.000000
vn -0.000000 -0.096593 -0.025882
vn -0.000000 -0.096593 -0.025882
vn -0.000000 -0.086603 -0.050000
vn -0.000000 -0.086603 -0.050000
vn -0.000000 -0.070711 -0.070711
vn -0.000000 -0.070711 -0.070711
vn -0.000000 -0.050000 -0.086603
vn -0.000000 -0.050000 -0.086603
vn -0.000000 -0.025882 -0.096593
vn -0.000000 -0.025882 -0.096593
vn -0.000000 0.000000 -0.100000
vn -0.000000 -0.000000 -0.100000
vn -0.000000 -0.000000 -0.100000
vn -0.000000 -0.000000 -0.100000
vn -0.000000 0.025882 -0.096593
vn -0.000000 0.025882 -0.096593
vn -0.000000 0.050000 -0.086603
vn -0.000000 0.050000 -0.086603
vn -0.000000 0.070711 -0.070711
vn -0.000000 0.070711 -0.070711
vn -0.000000 0.086603 -0.050000
vn -0.000000 0.086603 -0.050000
vn -0.000000 0.096593 -0.025882
vn -0.000000 0.096593 -0.025882
vn -0.000000 0.100000 -0.000000
vn 0.000000 0.100000 0.000000
vn 0.000000 0.100000 -0.000000
vn 0.000000 0.100000 -0.000000
vn 0.000000 0.100000 -0.000000
vn 0.000000 0.100000 -0.000000
vn 0.000000 0.100000 -0.000000
vn 0.000000 0.100000 -0.000000
vn 0.000000 0.100000 -0.000000
vn 0.000000 0.100000 -0.000000
vn 0.000000 0.100000 -0.000000
vn 0.000000 0.100000 -0.000000
vn 0.000000 0.070711 0.070711
vn 0.000000 0.070711 0.070711
vn 0.000000 0.070711 0.070711
vn 0.000000 0.070711 0.070711
vn 0.000000 0.100000 -0.000000
vn 0.000000 0.100000 -0.000000
vn 0.000000 0.100000 -0.000000
vn 0.000000 0.100000 -0.000000
vn 0.000000 0.096593 0.025882
vn 0.000000 0.096593 0.025882
vn 0.000000 0.086603 0.050000
vn 0.000000 0.086603 0.050000
vn 0.000000 0.070711 0.070711
vn 0.000000 0.070711 0.070711
vn 0.000000 0.050000 0.086603
vn 0.000000 0.050000 0.086603
vn 0.000000 0.025882 0.096593
vn 0.000000 0.025882 0.096593
vn 0.000000 -0.000000 0.100000
vn 0.000000 -0.000000 0.100000
vn 0.000000 0.000000 0.100000
vn 0.000000 0.000000 0.100000
vn 0.000000 -0.025882 0.096593
vn 0.000000 -0.025882 0.096593
vn 0.000000 -0.050000 0.086603
vn 0.000000 -0.050000 0.086603
vn 0.000000 -0.070711 0.070711
vn 0.000000 -0.070711 0.070711
vn 0.000000 -0.086603 0.050000
vn 0.000000 -0.086603 0.050000
vn 0.000000 -0.096593 0.025882
vn 0.000000 -0.096593 0.025882
vn 0.000000 -0.100000 0.000000
vn 0.000000 -0.100000 0.000000
vn -0.000000 -0.100000 0.000000
vn -0.000000 -0.100000 0.000000
vn -0.000000 -0.100000 0.000000
vn -0.000000 -0.100000 0.000000
vn -0.000000 -0.100000 0.000000
vn -0.000000 -0.100000 0.000000
vn -0.100000 0.000000 0.000000
vn -0.100000 0.000000 0.000000
vn -0.100000 0.000000 0.000000
vn -0.100000 0.000000 0.000000
vn -0.100000 0.000000 0.000000
vn -0.100000 0.000000 0.000000
vn -0.100000 0.000000 0.000000
vn -0.100000 0.000000 0.000000
vn -0.100000 0.000000 0.000000
vn -0.100000 0.000000 0.000000
vn -0.100000 0.000000 0.000000
vn -0.100000 0.000000 0.000000
vn -0.100000 0.000000 0.000000
vn -0.100000 0.000000 0.000000
vn -0.100000 0.000000 0.000000
vn -0.100000 0.000000 0.000000
vn -0.100000 0.000000 0.000000
vn -0.100000 0.000000 0.000000
vn -0.100000 0.000000 0.000000
vn -0.100000 0.000000 0.000000
vn -0.100000 0.000000 0.000000
vn -0.100000 0.000000 0.000000
vn -0.100000 0.000000 0.000000
vn -0.100000 0.000000 0.000000
vn -0.100000 0.000000 0.000000
vn -0.100000 0.000000 0.000000
vn -0.100000 0.000000 0.000000
vn -0.100000 0.000000 0.000000
vn -0.100000 0.000000 0.000000
vn -0.100000 0.000000 0.000000
vn -0.100000 0.000000 0.000000
vn -0.100000 0.000000 0.000000
vn -0.100000 0.000000 0.000000
vn -0.100000 0.000000 0.000000
vn -0.100000 0.000000 0.000000
vn -0.100000 0.000000 0.000000
vn -0.100000 0.000000 0.000000
vn -0.100000 0.000000 0.000000
vn -0.100000 0.000000 0.000000
vn -0.100000 0.000000 0.000000
vn -0.100000 0.000000 0.000000
vn -0.100000 0.000000 0.000000
vn -0.100000 0.000000 0.000000
vn -0.100000 0.000000 0.000000
vn -0.100000 0.000000 0.000000
vn -0.100000 0.000000 0.000000
vn -0.100000 0.000000 0.000000
vn -0.100000 0.000000 0.000000
vn -0.100000 0.000000 0.000000
vn -0.100000 0.000000 0.000000
vn -0.100000 0.000000 0.000000
vn -0.100000 0.000000 0.000000
vn -0.100000 0.000000 0.000000
vn -0.100000 0.000000 0.000000
vn -0.100000 0.000000 0.000000
vn -0.100000 0.000000 0.000000
vn -0.100000 0.000000 0.000000
vn -0.100000 0.000000 0.000000
vn -0.100000 0.000000 0.000000
vn -0.100000 0.000000 0.000000
vn 0.000000 0.000000 0.100000
vn 0.000000 0.000000 0.100000
vn 0.000000 0.000000 0.100000
vn 0.000000 0.000000 0.100000
vn 0.000000 0.000000 0.100000
vn 0.000000 0.000000 0.100000
vn 0.000000 0.000000 0.100000
vn 0.000000 0.000000 0.100000
vn -0.000000 -0.000000 -0.100000
vn -0.000000 -0.000000 -0.100000
vn -0.000000 0.025882 -0.096593
vn -0.000000 0.025882 -0.096593
vn -0.000000 0.050000 -0.086603
vn -0.000000 0.050000 -0.086603
vn -0.000000 0.070711 -0.070711
vn -0.000000 0.070711 -0.070711
vn -0.000000 0.086603 -0.050000
vn -0.000000 0.086603 -0.050000
vn -0.000000 0.096593 -0.025882
vn -0.000000 0.096593 -0.025882
vn -0.000000 0.100000 -0.000000
vn -0.000000 0.100000 -0.000000
vn 0.000000 0.096593 0.025882
vn 0.000000 0.096593 0.025882
vn 0.000000 0.086603 0.050000
vn 0.000000 0.086603 0.050000
vn 0.000000 0.070711 0.070711
vn 0.000000 0.070711 0.070711
vn 0.000000 0.050000 0.086603
vn 0.000000 0.050000 0.086603
vn 0.000000 0.025882 0.096593
vn 0.000000 0.025882 0.096593
vn 0.000000 0.025882 0.096593
vn 0.000000 0.025882 0.096593
vn 0.000000 0.050000 0.086603
vn 0.000000 0.050000 0.086603
vn 0.000000 0.070711 0.070711
vn 0.000000 0.070711 0.070711
vn 0.000000 0.086603 0.050000
vn 0.000000 0.086603 0.050000
vn 0.000000 0.096593 0.025882
vn 0.000000 0.096593 0.025882
vn -0.000000 0.100000 -0.000000
vn -0.000000 0.100000 -0.000000
vn -0.000000 0.096593 -0.025882
vn -0.000000 0.096593 -0.025882
vn -0.000000 0.086603 -0.050000
vn -0.000000 0.086603 -0.050000
vn -0.000000 0.070711 -0.070711
vn -0.000000 0.070711 -0.070711
vn -0.000000 0.050000 -0.086603
vn -0.000000 0.050000 -0.086603
vn -0.000000 0.025882 -0.096593
vn -0.000000 0.025882 -0.096593
vn -0.000000 -0.000000 -0.100000
vn -0.000000 -0.000000 -0.100000
vn -0.000000 -0.000000 -0.100000
vn -0.000000 -0.000000 -0.100000
vn -0.000000 -0.000000 -0.100000
vn -0.000000 -0.000000 -0.100000
vn 0.100000 -0.000000 -0.000000
vn 0.100000 -0.000000 -0.000000
vn 0.100000 -0.000000 -0.000000
vn 0.100000 -0.000000 -0.000000
vn 0.100000 -0.000000 -0.000000
vn 0.100000 -0.000000 -0.000000
vn 0.100000 -0.000000 -0.000000
vn 0.100000 -0.000000 -0.000000
vn 0.100000 -0.000000 -0.000000
vn 0.100000 -0.000000 -0.000000
vn 0.100000 -0.000000 -0.000000
vn 0.100000 -0.000000 -0.000000
vn 0.100000 -0.000000 -0.000000
vn 0.100000 -0.000000 -0.000000
vn 0.100000 -0.000000 -0.000000
vn 0.100000 -0.000000 -0.000000
vn 0.100000 -0.000000 -0.000000
vn 0.100000 -0.000000 -0.000000
vn 0.100000 -0.000000 -0.000000
vn 0.100000 -0.000000 -0.000000
vn 0.100000 -0.000000 -0.000000
vn 0.100000 -0.000000 -0.000000
vn 0.100000 -0.000000 -0.000000
vn 0.100000 -0.000000 -0.000000
vn 0.100000 -0.000000 -0.000000
vn 0.100000 -0.000000 -0.000000
vn 0.100000 -0.000000 -0.000000
vn 0.100000 -0.000000 -0.000000
vn 0.100000 -0.000000 -0.000000
vn 0.100000 -0.000000 -0.000000
vn 0.100000 -0.000000 -0.000000
vn 0.100000 -0.000000 -0.000000
vn 0.100000 -0.000000 -0.000000
vn 0.100000 -0.000000 -0.000000
vn 0.100000 -0.000000 -0.000000
vn 0.100000 -0.000000 -0.000000
vn 0.100000 -0.000000 -0.000000
vn 0.100000 -0.000000 -0.000000
vn 0.100000 -0.000000 -0.000000
vn 0.100000 -0.000000 -0.000000
vn 0.100000 -0.000000 -0.000000
vn 0.000000 -0.025882 0.096593
vn 0.000000 -0.025882 0.096593
vn 0.000000 0.000000 0.100000
vn 0.000000 0.000000 0.100000
vn 0.000000 0.025882 0.096593
vn 0.000000 0.025882 0.096593
vn 0.000000 0.050000 0.086603
vn 0.000000 0.050000 0.086603
vn 0.000000 0.070711 0.070711
vn 0.000000 0.070711 0.070711
vn 0.000000 0.086603 0.050000
vn 0.000000 0.086603 0.050000
vn 0.000000 0.096593 0.025882
vn 0.000000 0.096593 0.025882
vn 0.000000 0.100000 -0.000000
vn 0.000000 0.100000 0.000000
vn -0.000000 0.096593 -0.025882
vn -0.000000 0.096593 -0.025882
vn -0.000000 0.086603 -0.050000
vn -0.000000 0.086603 -0.050000
vn -0.000000 0.070711 -0.070711
vn -0.000000 0.070711 -0.070711
vn -0.000000 0.050000 -0.086603
vn -0.000000 0.050000 -0.086603
vn -0.000000 0.025882 -0.096593
vn -0.000000 0.025882 -0.096593
vn -0.000000 -0.000000 -0.100000
vn -0.000000 -0.000000 -0.100000
vn -0.000000 -0.025882 -0.096593
vn -0.000000 -0.025882 -0.096593
vn -0.000000 -0.050000 -0.086603
vn -0.000000 -0.050000 -0.086603
vn -0.000000 -0.070711 -0.070711
vn -0.000000 -0.070711 -0.070711
vn -0.000000 -0.086603 -0.050000
vn -0.000000 -0.086603 -0.050000
vn -0.000000 -0.096593 -0.025882
vn -0.000000 -0.096593 -0.025882
vn -0.000000 -0.100000 -0.000000
vn -0.000000 -0.100000 0.000000
vn 0.000000 -0.096593 0.025882
vn 0.000000 -0.096593 0.025882
vn 0.000000 -0.086603 0.050000
vn 0.000000 -0.086603 0.050000
vn 0.000000 -0.070711 0.070711
vn 0.000000 -0.070711 0.070711
vn 0.000000 -0.050000 0.086603
vn 0.000000 -0.050000 0.086603
vn 0.000000 -0.070711 0.070711
vn 0.000000 -0.070711 0.070711
vn 0.000000 -0.070711 0.070711
vn 0.000000 -0.070711 0.070711
vn 0.000000 -0.070711 0.070711
vn 0.000000 -0.070711 0.070711
vn -0.000000 -0.100000 0.000000
vn -0.000000 -0.100000 0.000000
vn -0.000000 -0.100000 0.000000
vn -0.000000 -0.100000 0.000000
vn -0.000000 -0.070711 -0.070711
vn -0.000000 -0.070711 -0.070711
vn -0.000000 -0.070711 -0.070711
vn -0.000000 -0.070711 -0.070711
vn -0.000000 -0.070711 -0.070711
vn -0.000000 -0.070711 -0.070711
vn -0.100000 0.000000 0.000000
vn -0.100000 0.000000 0.000000
vn -0.100000 0.000000 0.000000
vn -0.100000 0.000000 0.000000
vn -0.100000 0.000000 0.000000
vn -0.100000 0.000000 0.000000
vn -0.100000 0.000000 0.000000
vn -0.100000 0.000000 0.000000
vn -0.100000 0.000000 0.000000
vn -0.100000 0.000000 0.000000
vn -0.100000 0.000000 0.000000
vn -0.100000 0.000000 0.000000
vn -0.100000 0.000000 0.000000
vn -0.100000 0.000000 0.000000
vn -0.100000 0.000000 0.000000
vn -0.100000 0.000000 0.000000
vn -0.100000 0.000000 0.000000
vn -0.100000 0.000000 0.000000
vn -0.100000 0.000000 0.000000
vn -0.100000 0.000000 0.000000
vn -0.100000 0.000000 0.000000
vn -0.100000 0.000000 0.000000
vn -0.100000 0.000000 0.000000
vn -0.100000 0.000000 0.000000
vn -0.100000 0.000000 0.000000
vn -0.100000 0.000000 0.000000
vn -0.100000 0.000000 0.000000
vn -0.100000 0.000000 0.000000
vn -0.100000 0.000000 0.000000
vn -0.100000 0.000000 0.000000
vn -0.100000 0.000000 0.000000
vn -0.100000 0.000000 0.000000
vn -0.100000 0.000000 0.000000
vn -0.100000 0.000000 0.000000
vn -0.100000 0.000000 0.000000
vn -0.100000 0.000000 0.000000
vn -0.100000 0.000000 0.000000
vn -0.100000 0.000000 0.000000
vn -0.100000 0.000000 0.000000
vn -0.100000 0.000000 0.000000
vn -0.100000 0.000000 0.000000
vn 0.000000 0.000000 0.100000
vn 0.000000 0.000000 0.100000
vn 0.000000 0.000000 0.100000
vn 0.000000 0.000000 0.100000
vn 0.000000 0.000000 0.100000
vn 0.000000 0.000000 0.100000
vn 0.000000 0.000000 0.100000
vn 0.000000 0.000000 0.100000
vn -0.000000 -0.000000 -0.100000
vn -0.000000 -0.000000 -0.100000
vn -0.000000 0.025882 -0.096593
vn -0.000000 0.025882 -0.096593
vn -0.000000 0.050000 -0.086603
vn -0.000000 0.050000 -0.086603
vn -0.000000 0.070711 -0.070711
vn -0.000000 0.070711 -0.070711
vn -0.000000 0.086603 -0.050000
vn -0.000000 0.086603 -0.050000
vn -0.000000 0.096593 -0.025882
vn -0.000000 0.096593 -0.025882
vn -0.000000 0.100000 -0.000000
vn -0.000000 0.100000 -0.000000
vn 0.000000 0.096593 0.025882
vn 0.000000 0.096593 0.025882
vn 0.000000 0.086603 0.050000
vn 0.000000 0.086603 0.050000
vn 0.000000 0.070711 0.070711
vn 0.000000 0.070711 0.070711
vn 0.000000 0.050000 0.086603
vn 0.000000 0.050000 0.086603
vn 0.000000 0.025882 0.096593
vn 0.000000 0.025882 0.096593
vn 0.000000 0.025882 0.096593
vn 0.000000 0.025882 0.096593
vn 0.000000 0.050000 0.086603
vn 0.000000 0.050000 0.086603
vn 0.000000 0.070711 0.070711
vn 0.000000 0.070711 0.070711
vn 0.000000 0.086603 0.050000
vn 0.000000 0.086603 0.050000
vn 0.000000 0.096593 0.025882
vn 0.000000 0.096593 0.025882
vn -0.000000 0.100000 -0.000000
vn -0.000000 0.100000 -0.000000
vn -0.000000 0.096593 -0.025882
vn -0.000000 0.096593 -0.025882
vn -0.000000 0.086603 -0.050000
vn -0.000000 0.086603 -0.050000
vn -0.000000 0.070711 -0.070711
vn -0.000000 0.070711 -0.070711
vn -0.000000 0.050000 -0.086603
vn -0.000000 0.050000 -0.086603
vn -0.000000 0.025882 -0.096593
vn -0.000000 0.025882 -0.096593
vn -0.000000 -0.000000 -0.100000
vn -0.000000 -0.000000 -0.100000
vn -0.000000 -0.000000 -0.100000
vn -0.000000 -0.000000 -0.100000
vn -0.000000 -0.000000 -0.100000
vn -0.000000 -0.000000 -0.100000
vn 0.100000 -0.000000 -0.000000
vn 0.100000 -0.000000 -0.000000
vn 0.100000 -0.000000 -0.000000
vn 0.100000 -0.000000 -0.000000
vn 0.100000 -0.000000 -0.000000
vn 0.100000 -0.000000 -0.000000
vn 0.100000 -0.000000 -0.000000
vn 0.100000 -0.000000 -0.000000
vn 0.100000 -0.000000 -0.000000
vn 0.100000 -0.000000 -0.000000
vn 0.100000 -0.000000 -0.000000
vn 0.100000 -0.000000 -0.000000
vn 0.100000 -0.000000 -0.000000
vn 0.100000 -0.000000 -0.000000
vn 0.100000 -0.000000 -0.000000
vn 0.100000 -0.000000 -0.000000
vn 0.100000 -0.000000 -0.000000
vn 0.100000 -0.000000 -0.000000
vn 0.100000 -0.000000 -0.000000
vn 0.100000 -0.000000 -0.000000
vn 0.100000 -0.000000 -0.000000
vn 0.100000 -0.000000 -0.000000
vn 0.100000 -0.000000 -0.000000
vn 0.100000 -0.000000 -0.000000
vn 0.100000 -0.000000 -0.000000
vn 0.100000 -0.000000 -0.000000
vn 0.100000 -0.000000 -0.000000
vn 0.100000 -0.000000 -0.000000
vn 0.100000 -0.000000 -0.000000
vn 0.100000 -0.000000 -0.000000
vn 0.100000 -0.000000 -0.000000
vn 0.100000 -0.000000 -0.000000
vn 0.100000 -0.000000 -0.000000
vn 0.100000 -0.000000 -0.000000
vn 0.100000 -0.000000 -0.000000
vn 0.100000 -0.000000 -0.000000
vn 0.100000 -0.000000 -0.000000
vn 0.100000 -0.000000 -0.000000
vn 0.100000 -0.000000 -0.000000
vn 0.100000 -0.000000 -0.000000
vn 0.100000 -0.000000 -0.000000
vn 0.000000 -0.025882 0.096593
vn 0.000000 -0.025882 0.096593
vn 0.000000 0.000000 0.100000
vn 0.000000 0.000000 0.100000
vn 0.000000 0.025882 0.096593
vn 0.000000 0.025882 0.096593
vn 0.000000 0.050000 0.086603
vn 0.000000 0.050000 0.086603
vn 0.000000 0.070711 0.070711
vn 0.000000 0.070711 0.070711
vn 0.000000 0.086603 0.050000
vn 0.000000 0.086603 0.050000
vn 0.000000 0.096593 0.025882
vn 0.000000 0.096593 0.025882
vn 0.000000 0.100000 -0.000000
vn 0.000000 0.100000 0.000000
vn -0.000000 0.096593 -0.025882
vn -0.000000 0.096593 -0.025882
vn -0.000000 0.086603 -0.050000
vn -0.000000 0.086603 -0.050000
vn -0.000000 0.070711 -0.070711
vn -0.000000 0.070711 -0.070711
vn -0.000000 0.050000 -0.086603
vn -0.000000 0.050000 -0.086603
vn -0.000000 0.025882 -0.096593
vn -0.000000 0.025882 -0.096593
vn -0.000000 -0.000000 -0.100000
vn -0.000000 -0.000000 -0.100000
vn -0.000000 -0.025882 -0.096593
vn -0.000000 -0.025882 -0.096593
vn -0.000000 -0.050000 -0.086603
vn -0.000000 -0.050000 -0.086603
vn -0.000000 -0.070711 -0.070711
vn -0.000000 -0.070711 -0.070711
vn -0.000000 -0.086603 -0.050000
vn -0.000000 -0.086603 -0.050000
vn -0.000000 -0.096593 -0.025882
vn -0.000000 -0.096593 -0.025882
vn -0.000000 -0.100000 -0.000000
vn -0.000000 -0.100000 0.000000
vn 0.000000 -0.096593 0.025882
vn 0.000000 -0.096593 0.025882
vn 0.000000 -0.086603 0.050000
vn 0.000000 -0.086603 0.050000
vn 0.000000 -0.070711 0.070711
vn 0.000000 -0.070711 0.070711
vn 0.000000 -0.050000 0.086603
vn 0.000000 -0.050000 0.086603
vn 0.000000 -0.070711 0.070711
vn 0.000000 -0.070711 0.070711
vn 0.000000 -0.070711 0.070711
vn 0.000000 -0.070711 0.070711
vn 0.000000 -0.070711 0.070711
vn 0.000000 -0.070711 0.070711
vn -0.000000 -0.100000 0.000000
vn -0.000000 -0.100000 0.000000
vn -0.000000 -0.100000 0.000000
vn -0.000000 -0.100000 0.000000
vn -0.000000 -0.070711 -0.070711
vn -0.000000 -0.070711 -0.070711
vn -0.000000 -0.070711 -0.070711
vn -0.000000 -0.070711 -0.070711
vn -0.000000 -0.070711 -0.070711
vn -0.000000 -0.070711 -0.070711
vn -0.100000 0.000000 0.000000
vn -0.100000 0.000000 0.000000
vn -0.100000 0.000000 0.000000
vn -0.100000 0.000000 0.000000
vn -0.100000 0.000000 0.000000
vn -0.100000 0.000000 0.000000
vn -0.100000 0.000000 0.000000
vn -0.100000 0.000000 0.000000
vn -0.100000 0.000000 0.000000
vn -0.100000 0.000000 0.000000
vn -0.100000 0.000000 0.000000
vn -0.100000 0.000000 0.000000
vn -0.100000 0.000000 0.000000
vn -0.100000 0.000000 0.000000
vn -0.100000 0.000000 0.000000
vn -0.100000 0.000000 0.000000
vn -0.100000 0.000000 0.000000
vn -0.100000 0.000000 0.000000
vn -0.100000 0.000000 0.000000
vn -0.100000 0.000000 0.000000
vn -0.100000 0.000000 0.000000
vn -0.100000 0.000000 0.000000
vn -0.100000 0.000000 0.000000
vn -0.100000 0.000000 0.000000
vn -0.100000 0.000000 0.000000
vn -0.100000 0.000000 0.000000
vn -0.100000 0.000000 0.000000
vn -0.100000 0.000000 0.000000
vn -0.100000 0.000000 0.000000
vn -0.100000 0.000000 0.000000
vn -0.100000 0.000000 0.000000
vn -0.100000 0.000000 0.000000
vn -0.100000 0.000000 0.000000
vn -0.100000 0.000000 0.000000
vn -0.100000 0.000000 0.000000
vn -0.100000 0.000000 0.000000
vn -0.100000 0.000000 0.000000
vn -0.100000 0.000000 0.000000
vn -0.100000 0.000000 0.000000
vn -0.100000 0.000000 0.000000
vn -0.100000 0.000000 0.000000
usemtl Plastic_-_Matte_(Black)
f 2/1/1 3/2/2 1/3/3
f 1/3/3 3/2/2 4/4/4
f 5/5/5 3/6/6 6/7/7
f 6/7/7 3/6/6 2/8/8
f 7/9/9 4/10/10 5/11/11
f 5/11/11 4/10/10 3/12/12
f 8/13/13 1/14/14 7/15/15
f 7/15/15 1/14/14 4/16/16
f 6/17/17 2/18/18 8/19/19
f 8/19/19 2/18/18 1/20/20
usemtl Nickel_-_Satin
f 10/21/21 56/22/22 9/23/23
f 9/23/23 56/22/22 33/24/24
f 9/25/23 33/26/24 32/27/25
f 32/27/25 33/26/24 34/28/26
f 32/27/25 34/28/26 31/29/27
f 31/29/27 34/28/26 35/30/28
f 31/29/27 35/30/28 30/31/29
f 30/31/29 35/30/28 36/32/30
f 30/31/29 36/32/30 29/33/31
f 29/33/31 36/32/30 37/34/32
f 29/33/31 37/34/32 28/35/33
f 28/35/33 37/34/32 38/36/34
f 28/35/33 38/36/34 27/37/35
f 27/37/35 38/36/34 39/38/36
f 27/37/35 39/38/36 26/39/37
f 26/39/37 39/38/36 40/40/38
f 26/39/37 40/40/38 25/41/39
f 25/41/39 40/40/38 41/42/40
f 25/41/39 41/42/40 24/43/41
f 24/43/41 41/42/40 42/44/42
f 24/43/41 42/44/42 23/45/43
f 23/45/43 42/44/42 43/46/44
f 23/45/43 43/46/44 22/47/45
f 22/47/45 43/46/44 44/48/46
f 22/47/45 44/48/46 21/49/47
f 21/49/47 44/48/46 45/50/48
f 21/49/47 45/50/48 20/51/49
f 20/51/49 45/50/48 46/52/50
f 20/51/49 46/52/50 19/53/51
f 19/53/51 46/52/50 47/54/52
f 19/53/51 47/54/52 18/55/53
f 18/55/53 47/54/52 48/56/54
f 18/55/53 48/56/54 17/57/55
f 17/57/55 48/56/54 49/58/56
f 17/57/55 49/58/56 16/59/57
f 16/59/57 49/58/56 50/60/58
f 16/59/57 50/60/58 15/61/59
f 15/61/59 50/60/58 51/62/60
f 15/61/59 51/62/60 14/63/61
f 14/63/61 51/62/60 52/64/62
f 14/63/61 52/64/62 13/65/63
f 13/65/63 52/64/62 53/66/64
f 13/65/63 53/66/64 12/67/65
f 12/67/65 53/66/64 54/68/66
f 12/67/65 54/68/66 11/69/67
f 11/69/67 54/68/66 55/70/68
f 11/69/67 55/70/68 10/21/21
f 10/21/21 55/70/68 56/22/22
f 58/71/69 92/72/70 57/73/71
f 57/73/71 92/72/70 93/74/72
f 57/73/71 93/74/72 80/75/73
f 80/75/73 93/74/72 94/76/74
f 80/75/73 94/76/74 79/77/75
f 79/77/75 94/76/74 95/78/76
f 79/77/75 95/78/76 78/79/77
f 78/79/77 95/78/76 96/80/78
f 78/79/77 96/80/78 77/81/79
f 77/81/79 96/80/78 97/82/80
f 77/81/79 97/82/80 76/83/81
f 76/83/81 97/82/80 98/84/82
f 76/83/81 98/84/82 75/85/83
f 75/85/83 98/84/82 99/86/84
f 75/85/83 99/86/84 74/87/85
f 74/87/85 99/86/84 100/88/86
f 74/87/85 100/88/86 73/89/87
f 73/89/87 100/88/86 101/90/88
f 73/89/87 101/90/88 72/91/89
f 72/91/89 101/90/88 102/92/90
f 72/91/89 102/92/90 71/93/91
f 71/93/91 102/92/90 103/94/92
f 71/93/91 103/94/92 70/95/93
f 70/95/93 103/94/92 104/96/94
f 70/95/93 104/96/94 69/97/95
f 69/97/95 104/96/94 81/98/96
f 69/99/95 81/100/96 68/101/97
f 68/101/97 81/100/96 82/102/98
f 68/101/97 82/102/98 67/103/99
f 67/103/99 82/102/98 83/104/100
f 67/103/99 83/104/100 66/105/101
f 66/105/101 83/104/100 84/106/102
f 66/105/101 84/106/102 65/107/103
f 65/107/103 84/106/102 85/108/104
f 65/107/103 85/108/104 64/109/105
f 64/109/105 85/108/104 86/110/106
f 64/109/105 86/110/106 63/111/107
f 63/111/107 86/110/106 87/112/108
f 63/111/107 87/112/108 62/113/109
f 62/113/109 87/112/108 88/114/110
f 62/113/109 88/114/110 61/115/111
f 61/115/111 88/114/110 89/116/112
f 61/115/111 89/116/112 60/117/113
f 60/117/113 89/116/112 90/118/114
f 60/117/113 90/118/114 59/119/115
f 59/119/115 90/118/114 91/120/116
f 59/119/115 91/120/116 58/71/69
f 58/71/69 91/120/116 92/72/70
f 106/121/117 152/122/118 105/123/119
f 105/123/119 152/122/118 129/124/120
f 105/125/119 129/126/120 128/127/121
f 128/127/121 129/126/120 130/128/122
f 128/127/121 130/128/122 127/129/123
f 127/129/123 130/128/122 131/130/124
f 127/129/123 131/130/124 126/131/125
f 126/131/125 131/130/124 132/132/126
f 126/131/125 132/132/126 125/133/127
f 125/133/127 132/132/126 133/134/128
f 125/133/127 133/134/128 124/135/129
f 124/135/129 133/134/128 134/136/130
f 124/135/129 134/136/130 123/137/131
f 123/137/131 134/136/130 135/138/132
f 123/137/131 135/138/132 122/139/133
f 122/139/133 135/138/132 136/140/134
f 122/139/133 136/140/134 121/141/135
f 121/141/135 136/140/134 137/142/136
f 121/141/135 137/142/136 120/143/137
f 120/143/137 137/142/136 138/144/138
f 120/143/137 138/144/138 119/145/139
f 119/145/139 138/144/138 139/146/140
f 119/145/139 139/146/140 118/147/141
f 118/147/141 139/146/140 140/148/142
f 118/147/141 140/148/142 117/149/143
f 117/149/143 140/148/142 141/150/144
f 117/149/143 141/150/144 116/151/145
f 116/151/145 141/150/144 142/152/146
f 116/151/145 142/152/146 115/153/147
f 115/153/147 142/152/146 143/154/148
f 115/153/147 143/154/148 114/155/149
f 114/155/149 143/154/148 144/156/150
f 114/155/149 144/156/150 113/157/151
f 113/157/151 144/156/150 145/158/152
f 113/157/151 145/158/152 112/159/153
f 112/159/153 145/158/152 146/160/154
f 112/159/153 146/160/154 111/161/155
f 111/161/155 146/160/154 147/162/156
f 111/161/155 147/162/156 110/163/157
f 110/163/157 147/162/156 148/164/158
f 110/163/157 148/164/158 109/165/159
f 109/165/159 148/164/158 149/166/160
f 109/165/159 149/166/160 108/167/161
f 108/167/161 149/166/160 150/168/162
f 108/167/161 150/168/162 107/169/163
f 107/169/163 150/168/162 151/170/164
f 107/169/163 151/170/164 106/121/117
f 106/121/117 151/170/164 152/122/118
f 154/171/165 155/172/166 153/173/167
f 153/173/167 155/172/166 156/174/168
f 153/175/169 156/176/170 158/177/171
f 158/177/171 156/176/170 157/178/172
f 58/179/173 57/180/174 161/181/175
f 161/181/175 57/180/174 80/182/176
f 161/181/175 80/182/176 160/183/177
f 160/183/177 80/182/176 79/184/178
f 160/183/177 79/184/178 78/185/179
f 78/185/179 77/186/180 160/183/177
f 160/183/177 77/186/180 76/187/181
f 160/183/177 76/187/181 75/188/182
f 160/183/177 75/188/182 159/189/183
f 159/189/183 75/188/182 74/190/184
f 159/189/183 74/190/184 73/191/185
f 73/191/185 72/192/186 159/189/183
f 159/189/183 72/192/186 71/193/187
f 159/189/183 71/193/187 70/194/188
f 159/189/183 70/194/188 155/195/189
f 155/195/189 70/194/188 69/196/190
f 155/195/189 69/196/190 68/197/191
f 68/197/191 67/198/192 155/195/189
f 155/195/189 67/198/192 156/199/193
f 156/199/193 67/198/192 66/200/194
f 156/199/193 66/200/194 65/201/195
f 65/201/195 64/202/196 156/199/193
f 156/199/193 64/202/196 63/203/197
f 156/199/193 63/203/197 157/204/198
f 157/204/198 63/203/197 62/205/199
f 157/204/198 62/205/199 61/206/200
f 61/206/200 60/207/201 157/204/198
f 157/204/198 60/207/201 59/208/202
f 157/204/198 59/208/202 161/181/175
f 161/181/175 59/208/202 58/179/173
f 163/209/203 164/210/204 162/211/205
f 162/211/205 164/210/204 165/212/206
f 162/213/207 165/214/208 167/215/209
f 167/215/209 165/214/208 166/216/210
f 34/217/211 33/218/212 164/219/213
f 164/219/213 33/218/212 56/220/214
f 164/219/213 56/220/214 55/221/215
f 164/219/213 55/221/215 165/222/216
f 165/222/216 55/221/215 54/223/217
f 165/222/216 54/223/217 53/224/218
f 53/224/218 52/225/219 165/222/216
f 165/222/216 52/225/219 51/226/220
f 165/222/216 51/226/220 166/227/221
f 166/227/221 51/226/220 50/228/222
f 166/227/221 50/228/222 49/229/223
f 49/229/223 48/230/224 166/227/221
f 166/227/221 48/230/224 47/231/225
f 166/227/221 47/231/225 170/232/226
f 170/232/226 47/231/225 46/233/227
f 170/232/226 46/233/227 45/234/228
f 45/234/228 44/235/229 170/232/226
f 170/232/226 44/235/229 169/236/230
f 169/236/230 44/235/229 43/237/231
f 169/236/230 43/237/231 42/238/232
f 42/238/232 41/239/233 169/236/230
f 169/236/230 41/239/233 40/240/234
f 169/236/230 40/240/234 39/241/235
f 169/236/230 39/241/235 168/242/236
f 168/242/236 39/241/235 38/243/237
f 168/242/236 38/243/237 37/244/238
f 37/244/238 36/245/239 168/242/236
f 168/242/236 36/245/239 35/246/240
f 168/242/236 35/246/240 34/217/211
f 168/242/236 34/217/211 164/219/213
f 172/247/241 173/248/242 171/249/243
f 171/249/243 173/248/242 174/250/244
f 171/251/245 174/252/246 176/253/247
f 176/253/247 174/252/246 175/254/248
f 106/255/249 105/256/250 173/257/251
f 173/257/251 105/256/250 128/258/252
f 173/257/251 128/258/252 127/259/253
f 173/257/251 127/259/253 174/260/254
f 174/260/254 127/259/253 126/261/255
f 174/260/254 126/261/255 125/262/256
f 125/262/256 124/263/257 174/260/254
f 174/260/254 124/263/257 123/264/258
f 174/260/254 123/264/258 175/265/259
f 175/265/259 123/264/258 122/266/260
f 175/265/259 122/266/260 121/267/261
f 121/267/261 120/268/262 175/265/259
f 175/265/259 120/268/262 119/269/263
f 175/265/259 119/269/263 179/270/264
f 179/270/264 119/269/263 118/271/265
f 179/270/264 118/271/265 117/272/266
f 117/272/266 116/273/267 179/270/264
f 179/270/264 116/273/267 178/274/268
f 178/274/268 116/273/267 115/275/269
f 178/274/268 115/275/269 114/276/270
f 114/276/270 113/277/271 178/274/268
f 178/274/268 113/277/271 112/278/272
f 178/274/268 112/278/272 111/279/273
f 178/274/268 111/279/273 177/280/274
f 177/280/274 111/279/273 110/281/275
f 177/280/274 110/281/275 109/282/276
f 109/282/276 108/283/277 177/280/274
f 177/280/274 108/283/277 107/284/278
f 177/280/274 107/284/278 106/255/249
f 177/280/274 106/255/249 173/257/251
f 161/285/279 180/286/280 157/287/281
f 157/287/281 180/286/280 158/288/282
f 161/289/283 160/290/284 180/291/285
f 180/291/285 160/290/284 181/292/286
f 170/293/287 182/294/288 166/295/289
f 166/295/289 182/294/288 167/296/290
f 170/297/291 169/298/292 182/299/293
f 182/299/293 169/298/292 183/300/294
f 179/301/295 184/302/296 175/303/297
f 175/303/297 184/302/296 176/304/298
f 179/305/299 178/306/300 184/307/301
f 184/307/301 178/306/300 185/308/302
f 154/309/303 186/310/304 155/311/305
f 155/311/305 186/310/304 159/312/306
f 82/313/307 81/314/308 154/315/309
f 154/315/309 81/314/308 104/316/310
f 154/315/309 104/316/310 186/317/311
f 186/317/311 104/316/310 103/318/312
f 186/317/311 103/318/312 102/319/313
f 102/319/313 101/320/314 186/317/311
f 186/317/311 101/320/314 100/321/315
f 186/317/311 100/321/315 99/322/316
f 186/317/311 99/322/316 181/323/317
f 181/323/317 99/322/316 98/324/318
f 181/323/317 98/324/318 97/325/319
f 97/325/319 96/326/320 181/323/317
f 181/323/317 96/326/320 95/327/321
f 181/323/317 95/327/321 94/328/322
f 181/323/317 94/328/322 180/329/323
f 180/329/323 94/328/322 93/330/324
f 180/329/323 93/330/324 92/331/325
f 92/331/325 91/332/326 180/329/323
f 180/329/323 91/332/326 158/333/327
f 158/333/327 91/332/326 90/334/328
f 158/333/327 90/334/328 89/335/329
f 89/335/329 88/336/330 158/333/327
f 158/333/327 88/336/330 87/337/331
f 158/333/327 87/337/331 153/338/332
f 153/338/332 87/337/331 86/339/333
f 153/338/332 86/339/333 85/340/334
f 85/340/334 84/341/335 153/338/332
f 153/338/332 84/341/335 83/342/336
f 153/338/332 83/342/336 154/315/309
f 154/315/309 83/342/336 82/313/307
f 163/343/337 187/344/338 164/345/339
f 164/345/339 187/344/338 168/346/340
f 10/347/341 9/348/342 163/349/343
f 163/349/343 9/348/342 32/350/344
f 163/349/343 32/350/344 187/351/345
f 187/351/345 32/350/344 31/352/346
f 187/351/345 31/352/346 30/353/347
f 30/353/347 29/354/348 187/351/345
f 187/351/345 29/354/348 28/355/349
f 187/351/345 28/355/349 27/356/350
f 187/351/345 27/356/350 183/357/351
f 183/357/351 27/356/350 26/358/352
f 183/357/351 26/358/352 25/359/353
f 25/359/353 24/360/354 183/357/351
f 183/357/351 24/360/354 23/361/355
f 183/357/351 23/361/355 22/362/356
f 183/357/351 22/362/356 182/363/357
f 182/363/357 22/362/356 21/364/358
f 182/363/357 21/364/358 20/365/359
f 20/365/359 19/366/360 182/363/357
f 182/363/357 19/366/360 167/367/361
f 167/367/361 19/366/360 18/368/362
f 167/367/361 18/368/362 17/369/363
f 17/369/363 16/370/364 167/367/361
f 167/367/361 16/370/364 15/371/365
f 167/367/361 15/371/365 162/372/366
f 162/372/366 15/371/365 14/373/367
f 162/372/366 14/373/367 13/374/368
f 13/374/368 12/375/369 162/372/366
f 162/372/366 12/375/369 11/376/370
f 162/372/366 11/376/370 163/349/343
f 163/349/343 11/376/370 10/347/341
f 172/377/371 188/378/372 173/379/373
f 173/379/373 188/378/372 177/380/374
f 130/381/375 129/382/376 172/383/377
f 172/383/377 129/382/376 152/384/378
f 172/383/377 152/384/378 188/385/379
f 188/385/379 152/384/378 151/386/380
f 188/385/379 151/386/380 150/387/381
f 150/387/381 149/388/382 188/385/379
f 188/385/379 149/388/382 148/389/383
f 188/385/379 148/389/383 147/390/384
f 188/385/379 147/390/384 185/391/385
f 185/391/385 147/390/384 146/392/386
f 185/391/385 146/392/386 145/393/387
f 145/393/387 144/394/388 185/391/385
f 185/391/385 144/394/388 143/395/389
f 185/391/385 143/395/389 142/396/390
f 185/391/385 142/396/390 184/397/391
f 184/397/391 142/396/390 141/398/392
f 184/397/391 141/398/392 140/399/393
f 140/399/393 139/400/394 184/397/391
f 184/397/391 139/400/394 176/401/395
f 176/401/395 139/400/394 138/402/396
f 176/401/395 138/402/396 137/403/397
f 137/403/397 136/404/398 176/401/395
f 176/401/395 136/404/398 135/405/399
f 176/401/395 135/405/399 171/406/400
f 171/406/400 135/405/399 134/407/401
f 171/406/400 134/407/401 133/408/402
f 133/408/402 132/409/403 171/406/400
f 171/406/400 132/409/403 131/410/404
f 171/406/400 131/410/404 172/383/377
f 172/383/377 131/410/404 130/381/375
usemtl Plastic_-_Matte_(Black)
f 190/411/405 191/412/406 189/413/407
f 189/413/407 191/412/406 192/414/408
f 189/413/407 192/414/408 203/415/409
f 203/415/409 192/414/408 193/416/410
f 203/415/409 193/416/410 202/417/411
f 202/417/411 193/416/410 194/418/412
f 202/417/411 194/418/412 201/419/413
f 201/419/413 194/418/412 195/420/414
f 201/419/413 195/420/414 200/421/415
f 200/421/415 195/420/414 196/422/416
f 200/421/415 196/422/416 199/423/417
f 199/423/417 196/422/416 197/424/418
f 199/423/417 197/424/418 198/425/419
f 204/426/420 205/427/421 191/428/422
f 191/428/422 205/427/421 192/429/423
f 192/430/423 205/431/421 193/432/424
f 193/432/424 205/431/421 206/433/425
f 193/432/424 206/433/425 194/434/426
f 194/434/426 206/433/425 207/435/427
f 194/434/426 207/435/427 195/436/428
f 195/436/428 207/435/427 208/437/429
f 195/436/428 208/437/429 196/438/430
f 196/438/430 208/437/429 209/439/431
f 196/438/430 209/439/431 197/440/432
f 197/440/432 209/439/431 210/441/433
f 197/440/432 210/441/433 198/442/434
f 198/442/434 210/441/433 211/443/435
f 198/442/434 211/443/435 199/444/436
f 199/444/436 211/443/435 212/445/437
f 199/444/436 212/445/437 200/446/438
f 200/446/438 212/445/437 213/447/439
f 200/446/438 213/447/439 201/448/440
f 201/448/440 213/447/439 214/449/441
f 201/448/440 214/449/441 202/450/442
f 202/450/442 214/449/441 215/451/443
f 202/450/442 215/451/443 203/452/444
f 203/452/444 215/451/443 216/453/445
f 203/452/444 216/453/445 189/454/446
f 189/454/446 216/453/445 217/455/447
f 217/456/447 218/457/448 189/458/446
f 189/458/446 218/457/448 190/459/449
f 204/460/450 218/461/451 205/462/452
f 205/462/452 218/461/451 217/463/453
f 205/462/452 217/463/453 206/464/454
f 206/464/454 217/463/453 216/465/455
f 206/464/454 216/465/455 207/466/456
f 207/466/456 216/465/455 215/467/457
f 207/466/456 215/467/457 208/468/458
f 208/468/458 215/467/457 214/469/459
f 208/468/458 214/469/459 209/470/460
f 209/470/460 214/469/459 213/471/461
f 209/470/460 213/471/461 210/472/462
f 210/472/462 213/471/461 212/473/463
f 210/472/462 212/473/463 211/474/464
f 220/475/465 272/476/466 219/477/467
f 219/477/467 272/476/466 273/478/468
f 219/477/467 273/478/468 278/479/469
f 278/479/469 273/478/468 274/480/470
f 278/479/469 274/480/470 275/481/471
f 220/475/465 221/482/472 272/476/466
f 272/476/466 221/482/472 222/483/473
f 272/476/466 222/483/473 271/484/474
f 271/484/474 222/483/473 223/485/475
f 271/484/474 223/485/475 224/486/476
f 224/486/476 225/487/477 271/484/474
f 271/484/474 225/487/477 226/488/478
f 271/484/474 226/488/478 264/489/479
f 264/489/479 226/488/478 227/490/480
f 264/489/479 227/490/480 228/491/481
f 229/492/482 238/493/483 228/491/481
f 228/491/481 238/493/483 239/494/484
f 228/491/481 239/494/484 264/489/479
f 264/489/479 239/494/484 240/495/485
f 264/489/479 240/495/485 241/496/486
f 238/493/483 229/492/482 237/497/487
f 237/497/487 229/492/482 230/498/488
f 237/497/487 230/498/488 236/499/489
f 236/499/489 230/498/488 231/500/490
f 236/499/489 231/500/490 235/501/491
f 235/501/491 231/500/490 232/502/492
f 235/501/491 232/502/492 234/503/493
f 234/503/493 232/502/492 233/504/494
f 264/489/479 241/496/486 256/505/495
f 256/505/495 241/496/486 242/506/496
f 256/505/495 242/506/496 243/507/497
f 243/507/497 244/508/498 256/505/495
f 256/505/495 244/508/498 255/509/499
f 255/509/499 244/508/498 245/510/500
f 255/509/499 245/510/500 246/511/501
f 246/511/501 247/512/502 255/509/499
f 255/509/499 247/512/502 248/513/503
f 255/509/499 248/513/503 254/514/504
f 254/514/504 248/513/503 249/515/505
f 254/514/504 249/515/505 253/516/506
f 253/516/506 249/515/505 252/517/507
f 252/517/507 249/515/505 251/518/508
f 251/518/508 249/515/505 250/519/509
f 264/489/479 256/505/495 262/520/510
f 262/520/510 256/505/495 257/521/511
f 262/520/510 257/521/511 258/522/512
f 258/522/512 259/523/513 262/520/510
f 262/520/510 259/523/513 260/524/514
f 262/520/510 260/524/514 261/525/515
f 262/520/510 263/526/516 264/489/479
f 264/489/479 265/527/517 271/484/474
f 271/484/474 265/527/517 270/528/518
f 270/528/518 265/527/517 269/529/519
f 269/529/519 265/527/517 268/530/520
f 268/530/520 265/527/517 267/531/521
f 267/531/521 265/527/517 266/532/522
f 275/481/471 276/533/523 278/479/469
f 278/479/469 276/533/523 277/534/524
f 169/535/525 168/536/526 233/537/527
f 233/537/527 168/536/526 187/538/528
f 233/537/527 187/538/528 234/539/529
f 234/539/529 187/538/528 183/540/530
f 234/539/529 183/540/530 280/541/531
f 280/541/531 183/540/530 279/542/532
f 279/542/532 183/540/530 169/535/525
f 279/542/532 169/535/525 233/537/527
f 188/543/533 249/544/534 177/545/535
f 177/545/535 249/544/534 248/546/536
f 177/545/535 248/546/536 178/547/537
f 178/547/537 248/546/536 281/548/538
f 178/547/537 281/548/538 282/549/539
f 188/543/533 185/550/540 249/544/534
f 249/544/534 185/550/540 282/549/539
f 282/549/539 185/550/540 178/547/537
f 249/551/534 282/552/539 250/553/541
f 250/553/541 282/552/539 283/554/542
f 250/553/541 283/554/542 251/555/543
f 251/555/543 283/554/542 284/556/544
f 251/555/543 284/556/544 252/557/545
f 252/557/545 284/556/544 285/558/546
f 252/557/545 285/558/546 253/559/547
f 253/559/547 285/558/546 286/560/548
f 253/559/547 286/560/548 254/561/549
f 254/561/549 286/560/548 287/562/550
f 254/561/549 287/562/550 255/563/551
f 255/563/551 287/562/550 288/564/552
f 288/565/552 289/566/553 255/567/551
f 255/567/551 289/566/553 256/568/554
f 256/569/554 289/570/553 257/571/555
f 257/571/555 289/570/553 290/572/556
f 257/571/555 290/572/556 258/573/557
f 258/573/557 290/572/556 291/574/558
f 258/573/557 291/574/558 259/575/559
f 259/575/559 291/574/558 292/576/560
f 259/575/559 292/576/560 260/577/561
f 260/577/561 292/576/560 293/578/562
f 260/577/561 293/578/562 261/579/563
f 261/579/563 293/578/562 294/580/564
f 261/579/563 294/580/564 262/581/565
f 262/581/565 294/580/564 295/582/566
f 6/583/567 262/584/565 5/585/568
f 5/585/568 262/584/565 295/586/566
f 5/585/568 295/586/566 7/587/569
f 7/587/569 295/586/566 204/588/570
f 7/587/569 204/588/570 191/589/571
f 6/583/567 8/590/572 262/584/565
f 262/584/565 8/590/572 191/589/571
f 262/584/565 191/589/571 263/591/573
f 263/591/573 191/589/571 190/592/574
f 263/591/573 190/592/574 218/593/575
f 8/590/572 7/587/569 191/589/571
f 263/591/573 218/593/575 296/594/576
f 296/594/576 218/593/575 204/588/570
f 296/594/576 204/588/570 295/586/566
f 296/595/577 297/596/578 263/597/579
f 263/597/579 297/596/578 264/598/580
f 297/599/581 298/600/582 264/601/583
f 264/601/583 298/600/582 265/602/584
f 265/603/584 298/604/582 266/605/585
f 266/605/585 298/604/582 299/606/586
f 266/605/585 299/606/586 267/607/587
f 267/607/587 299/606/586 300/608/588
f 267/607/587 300/608/588 268/609/589
f 268/609/589 300/608/588 301/610/590
f 268/609/589 301/610/590 269/611/591
f 269/611/591 301/610/590 302/612/592
f 269/611/591 302/612/592 270/613/593
f 270/613/593 302/612/592 303/614/594
f 270/613/593 303/614/594 271/615/595
f 271/615/595 303/614/594 304/616/596
f 304/617/596 305/618/597 271/619/595
f 271/619/595 305/618/597 272/620/598
f 272/621/598 305/622/597 273/623/599
f 273/623/599 305/622/597 306/624/600
f 273/623/599 306/624/600 274/625/601
f 274/625/601 306/624/600 307/626/602
f 274/625/601 307/626/602 275/627/603
f 275/627/603 307/626/602 308/628/604
f 275/627/603 308/628/604 276/629/605
f 276/629/605 308/628/604 309/630/606
f 276/629/605 309/630/606 277/631/607
f 277/631/607 309/630/606 310/632/608
f 277/631/607 310/632/608 278/633/609
f 278/633/609 310/632/608 311/634/610
f 160/635/611 159/636/612 278/637/609
f 278/637/609 159/636/612 186/638/613
f 278/637/609 186/638/613 219/639/614
f 219/639/614 186/638/613 181/640/615
f 219/639/614 181/640/615 312/641/616
f 312/641/616 181/640/615 311/642/610
f 311/642/610 181/640/615 160/635/611
f 311/642/610 160/635/611 278/637/609
f 338/643/617 313/644/618 305/645/619
f 305/645/619 313/644/618 312/646/620
f 305/645/619 312/646/620 306/647/621
f 306/647/621 312/646/620 311/648/622
f 306/647/621 311/648/622 307/649/623
f 307/649/623 311/648/622 308/650/624
f 308/650/624 311/648/622 309/651/625
f 309/651/625 311/648/622 310/652/626
f 338/643/617 305/645/619 337/653/627
f 337/653/627 305/645/619 304/654/628
f 337/653/627 304/654/628 336/655/629
f 336/655/629 304/654/628 335/656/630
f 335/656/630 304/654/628 334/657/631
f 334/657/631 304/654/628 333/658/632
f 333/658/632 304/654/628 297/659/633
f 333/658/632 297/659/633 332/660/634
f 332/660/634 297/659/633 331/661/635
f 331/661/635 297/659/633 322/662/636
f 331/661/635 322/662/636 330/663/637
f 330/663/637 322/662/636 323/664/638
f 330/663/637 323/664/638 329/665/639
f 329/665/639 323/664/638 324/666/640
f 329/665/639 324/666/640 328/667/641
f 328/667/641 324/666/640 325/668/642
f 328/667/641 325/668/642 327/669/643
f 327/669/643 325/668/642 326/670/644
f 327/669/643 326/670/644 279/671/645
f 279/671/645 326/670/644 280/672/646
f 297/659/633 304/654/628 298/673/647
f 298/673/647 304/654/628 303/674/648
f 298/673/647 303/674/648 302/675/649
f 302/675/649 301/676/650 298/673/647
f 298/673/647 301/676/650 300/677/651
f 298/673/647 300/677/651 299/678/652
f 296/679/653 295/680/654 297/659/633
f 297/659/633 295/680/654 289/681/655
f 297/659/633 289/681/655 320/682/656
f 320/682/656 289/681/655 319/683/657
f 319/683/657 289/681/655 318/684/658
f 318/684/658 289/681/655 317/685/659
f 317/685/659 289/681/655 288/686/660
f 317/685/659 288/686/660 316/687/661
f 316/687/661 288/686/660 315/688/662
f 315/688/662 288/686/660 314/689/663
f 314/689/663 288/686/660 281/690/664
f 281/690/664 288/686/660 287/691/665
f 281/690/664 287/691/665 282/692/666
f 282/692/666 287/691/665 286/693/667
f 282/692/666 286/693/667 285/694/668
f 294/695/669 293/696/670 295/680/654
f 295/680/654 293/696/670 292/697/671
f 295/680/654 292/697/671 291/698/672
f 291/698/672 290/699/673 295/680/654
f 295/680/654 290/699/673 289/681/655
f 285/694/668 284/700/674 282/692/666
f 282/692/666 284/700/674 283/701/675
f 320/682/656 321/702/676 297/659/633
f 297/659/633 321/702/676 322/662/636
f 220/703/677 219/704/678 340/705/679
f 340/705/679 219/704/678 339/706/680
f 312/707/681 313/708/682 342/709/683
f 342/709/683 313/708/682 341/710/684
f 354/711/685 232/712/686 353/713/687
f 353/713/687 232/712/686 231/714/688
f 353/713/687 231/714/688 352/715/689
f 352/715/689 231/714/688 230/716/690
f 352/715/689 230/716/690 351/717/691
f 351/717/691 230/716/690 229/718/692
f 351/717/691 229/718/692 350/719/693
f 350/719/693 229/718/692 228/720/694
f 350/719/693 228/720/694 349/721/695
f 349/721/695 228/720/694 227/722/696
f 349/721/695 227/722/696 348/723/697
f 348/723/697 227/722/696 226/724/698
f 348/723/697 226/724/698 347/725/699
f 347/725/699 226/724/698 225/726/700
f 347/725/699 225/726/700 346/727/701
f 346/727/701 225/726/700 224/728/702
f 346/727/701 224/728/702 345/729/703
f 345/729/703 224/728/702 223/730/704
f 345/729/703 223/730/704 344/731/705
f 344/731/705 223/730/704 222/732/706
f 344/731/705 222/732/706 343/733/707
f 343/733/707 222/732/706 221/734/708
f 343/733/707 221/734/708 340/735/679
f 340/735/679 221/734/708 220/736/677
f 341/737/684 313/738/682 366/739/709
f 366/739/709 313/738/682 338/740/710
f 366/739/709 338/740/710 365/741/711
f 365/741/711 338/740/710 337/742/712
f 365/741/711 337/742/712 364/743/713
f 364/743/713 337/742/712 336/744/714
f 364/743/713 336/744/714 363/745/715
f 363/745/715 336/744/714 335/746/716
f 363/745/715 335/746/716 362/747/717
f 362/747/717 335/746/716 334/748/718
f 362/747/717 334/748/718 361/749/719
f 361/749/719 334/748/718 333/750/720
f 361/749/719 333/750/720 360/751/721
f 360/751/721 333/750/720 332/752/722
f 360/751/721 332/752/722 359/753/723
f 359/753/723 332/752/722 331/754/724
f 359/753/723 331/754/724 358/755/725
f 358/755/725 331/754/724 330/756/726
f 358/755/725 330/756/726 357/757/727
f 357/757/727 330/756/726 329/758/728
f 357/757/727 329/758/728 356/759/729
f 356/759/729 329/758/728 328/760/730
f 356/759/729 328/760/730 355/761/731
f 355/761/731 328/760/730 327/762/732
f 233/763/733 232/764/686 367/765/734
f 367/765/734 232/764/686 354/766/685
f 327/767/732 279/768/735 355/769/731
f 355/769/731 279/768/735 368/770/736
f 370/771/737 354/772/738 369/773/739
f 369/773/739 354/772/738 353/774/740
f 369/773/739 353/774/740 392/775/741
f 392/775/741 353/774/740 352/776/742
f 392/775/741 352/776/742 391/777/743
f 391/777/743 352/776/742 351/778/744
f 391/777/743 351/778/744 390/779/745
f 390/779/745 351/778/744 350/780/746
f 390/779/745 350/780/746 389/781/747
f 389/781/747 350/780/746 349/782/748
f 389/781/747 349/782/748 388/783/749
f 388/783/749 349/782/748 348/784/750
f 388/783/749 348/784/750 387/785/751
f 387/785/751 348/784/750 386/786/752
f 386/786/752 348/784/750 347/787/753
f 386/786/752 347/787/753 385/788/754
f 385/788/754 347/787/753 346/789/755
f 385/788/754 346/789/755 384/790/756
f 384/790/756 346/789/755 345/791/757
f 384/790/756 345/791/757 383/792/758
f 383/792/758 345/791/757 344/793/759
f 383/792/758 344/793/759 382/794/760
f 382/794/760 344/793/759 343/795/761
f 382/794/760 343/795/761 381/796/762
f 381/796/762 343/795/761 340/797/763
f 381/796/762 340/797/763 380/798/764
f 380/798/764 340/797/763 379/799/765
f 379/799/765 340/797/763 339/800/766
f 379/799/765 339/800/766 378/801/767
f 378/801/767 339/800/766 377/802/768
f 377/802/768 339/800/766 393/803/769
f 377/802/768 393/803/769 376/804/770
f 376/804/770 393/803/769 375/805/771
f 375/805/771 393/803/769 394/806/772
f 375/805/771 394/806/772 374/807/773
f 374/807/773 394/806/772 373/808/774
f 373/808/774 394/806/772 367/809/775
f 373/808/774 367/809/775 372/810/776
f 372/810/776 367/809/775 371/811/777
f 371/811/777 367/809/775 354/772/738
f 371/811/777 354/772/738 370/771/737
f 392/812/778 418/813/779 369/814/780
f 369/814/780 418/813/779 395/815/781
f 369/816/780 395/817/781 370/818/782
f 370/818/782 395/817/781 396/819/783
f 370/818/782 396/819/783 371/820/784
f 371/820/784 396/819/783 397/821/785
f 371/820/784 397/821/785 372/822/786
f 372/822/786 397/821/785 398/823/787
f 372/822/786 398/823/787 373/824/788
f 373/824/788 398/823/787 399/825/789
f 373/824/788 399/825/789 374/826/790
f 374/826/790 399/825/789 400/827/791
f 374/826/790 400/827/791 375/828/792
f 375/828/792 400/827/791 401/829/793
f 375/828/792 401/829/793 376/830/794
f 376/830/794 401/829/793 402/831/795
f 376/830/794 402/831/795 377/832/796
f 377/832/796 402/831/795 403/833/797
f 377/832/796 403/833/797 378/834/798
f 378/834/798 403/833/797 404/835/799
f 378/834/798 404/835/799 379/836/800
f 379/836/800 404/835/799 405/837/801
f 379/836/800 405/837/801 380/838/802
f 380/838/802 405/837/801 406/839/803
f 380/838/802 406/839/803 381/840/804
f 381/840/804 406/839/803 407/841/805
f 381/840/804 407/841/805 382/842/806
f 382/842/806 407/841/805 408/843/807
f 382/842/806 408/843/807 383/844/808
f 383/844/808 408/843/807 409/845/809
f 383/844/808 409/845/809 384/846/810
f 384/846/810 409/845/809 410/847/811
f 384/846/810 410/847/811 385/848/812
f 385/848/812 410/847/811 411/849/813
f 385/848/812 411/849/813 386/850/814
f 386/850/814 411/849/813 412/851/815
f 386/850/814 412/851/815 387/852/816
f 387/852/816 412/851/815 413/853/817
f 387/852/816 413/853/817 388/854/818
f 388/854/818 413/853/817 414/855/819
f 388/854/818 414/855/819 389/856/820
f 389/856/820 414/855/819 415/857/821
f 389/856/820 415/857/821 390/858/822
f 390/858/822 415/857/821 416/859/823
f 390/858/822 416/859/823 391/860/824
f 391/860/824 416/859/823 417/861/825
f 391/860/824 417/861/825 392/812/778
f 392/812/778 417/861/825 418/813/779
f 339/862/826 219/863/827 393/864/828
f 393/864/828 219/863/827 312/865/829
f 393/864/828 312/865/829 419/866/830
f 419/866/830 312/865/829 342/867/831
f 419/868/832 420/869/833 393/870/834
f 393/870/834 420/869/833 394/871/835
f 420/872/836 279/873/837 394/874/838
f 394/874/838 279/873/837 233/875/839
f 394/874/838 233/875/839 367/876/840
f 420/872/836 368/877/841 279/873/837
f 418/878/842 356/879/843 395/880/844
f 395/880/844 356/879/843 355/881/845
f 395/880/844 355/881/845 396/882/846
f 396/882/846 355/881/845 397/883/847
f 397/883/847 355/881/845 368/884/848
f 397/883/847 368/884/848 398/885/849
f 398/885/849 368/884/848 399/886/850
f 399/886/850 368/884/848 420/887/851
f 399/886/850 420/887/851 400/888/852
f 400/888/852 420/887/851 401/889/853
f 401/889/853 420/887/851 419/890/854
f 401/889/853 419/890/854 402/891/855
f 402/891/855 419/890/854 403/892/856
f 403/892/856 419/890/854 342/893/857
f 403/892/856 342/893/857 404/894/858
f 404/894/858 342/893/857 405/895/859
f 405/895/859 342/893/857 341/896/860
f 405/895/859 341/896/860 406/897/861
f 406/897/861 341/896/860 407/898/862
f 407/898/862 341/896/860 366/899/863
f 407/898/862 366/899/863 408/900/864
f 408/900/864 366/899/863 365/901/865
f 408/900/864 365/901/865 409/902/866
f 409/902/866 365/901/865 364/903/867
f 409/902/866 364/903/867 410/904/868
f 410/904/868 364/903/867 363/905/869
f 410/904/868 363/905/869 411/906/870
f 411/906/870 363/905/869 362/907/871
f 411/906/870 362/907/871 412/908/872
f 412/908/872 362/907/871 361/909/873
f 412/908/872 361/909/873 413/910/874
f 413/910/874 361/909/873 414/911/875
f 414/911/875 361/909/873 360/912/876
f 414/911/875 360/912/876 415/913/877
f 415/913/877 360/912/876 359/914/878
f 415/913/877 359/914/878 416/915/879
f 416/915/879 359/914/878 358/916/880
f 416/915/879 358/916/880 417/917/881
f 417/917/881 358/916/880 357/918/882
f 417/917/881 357/918/882 418/878/842
f 418/878/842 357/918/882 356/879/843
f 235/919/883 234/920/884 422/921/885
f 422/921/885 234/920/884 421/922/886
f 280/923/887 326/924/888 424/925/889
f 424/925/889 326/924/888 423/926/890
f 436/927/891 247/928/892 435/929/893
f 435/929/893 247/928/892 246/930/894
f 435/929/893 246/930/894 434/931/895
f 434/931/895 246/930/894 245/932/896
f 434/931/895 245/932/896 433/933/897
f 433/933/897 245/932/896 244/934/898
f 433/933/897 244/934/898 432/935/899
f 432/935/899 244/934/898 243/936/900
f 432/935/899 243/936/900 431/937/901
f 431/937/901 243/936/900 242/938/902
f 431/937/901 242/938/902 430/939/903
f 430/939/903 242/938/902 241/940/904
f 430/939/903 241/940/904 429/941/905
f 429/941/905 241/940/904 240/942/906
f 429/941/905 240/942/906 428/943/907
f 428/943/907 240/942/906 239/944/908
f 428/943/907 239/944/908 427/945/909
f 427/945/909 239/944/908 238/946/910
f 427/945/909 238/946/910 426/947/911
f 426/947/911 238/946/910 237/948/912
f 426/947/911 237/948/912 425/949/913
f 425/949/913 237/948/912 236/950/914
f 425/949/913 236/950/914 422/951/885
f 422/951/885 236/950/914 235/952/883
f 423/953/890 326/954/888 448/955/915
f 448/955/915 326/954/888 325/956/916
f 448/955/915 325/956/916 447/957/917
f 447/957/917 325/956/916 324/958/918
f 447/957/917 324/958/918 446/959/919
f 446/959/919 324/958/918 323/960/920
f 446/959/919 323/960/920 445/961/921
f 445/961/921 323/960/920 322/962/922
f 445/961/921 322/962/922 444/963/923
f 444/963/923 322/962/922 321/964/924
f 444/963/923 321/964/924 443/965/925
f 443/965/925 321/964/924 320/966/926
f 443/965/925 320/966/926 442/967/927
f 442/967/927 320/966/926 319/968/928
f 442/967/927 319/968/928 441/969/929
f 441/969/929 319/968/928 318/970/930
f 441/969/929 318/970/930 440/971/931
f 440/971/931 318/970/930 317/972/932
f 440/971/931 317/972/932 439/973/933
f 439/973/933 317/972/932 316/974/934
f 439/973/933 316/974/934 438/975/935
f 438/975/935 316/974/934 315/976/936
f 438/975/935 315/976/936 437/977/937
f 437/977/937 315/976/936 314/978/938
f 248/979/939 247/980/892 449/981/940
f 449/981/940 247/980/892 436/982/891
f 314/983/938 281/984/941 437/985/937
f 437/985/937 281/984/941 450/986/942
f 452/987/943 436/988/944 451/989/945
f 451/989/945 436/988/944 435/990/946
f 451/989/945 435/990/946 474/991/947
f 474/991/947 435/990/946 434/992/948
f 474/991/947 434/992/948 473/993/949
f 473/993/949 434/992/948 433/994/950
f 473/993/949 433/994/950 472/995/951
f 472/995/951 433/994/950 432/996/952
f 472/995/951 432/996/952 471/997/953
f 471/997/953 432/996/952 431/998/954
f 471/997/953 431/998/954 470/999/955
f 470/999/955 431/998/954 430/1000/956
f 470/999/955 430/1000/956 469/1001/957
f 469/1001/957 430/1000/956 468/1002/958
f 468/1002/958 430/1000/956 429/1003/959
f 468/1002/958 429/1003/959 467/1004/960
f 467/1004/960 429/1003/959 428/1005/961
f 467/1004/960 428/1005/961 466/1006/962
f 466/1006/962 428/1005/961 427/1007/963
f 466/1006/962 427/1007/963 465/1008/964
f 465/1008/964 427/1007/963 426/1009/965
f 465/1008/964 426/1009/965 464/1010/966
f 464/1010/966 426/1009/965 425/1011/967
f 464/1010/966 425/1011/967 463/1012/968
f 463/1012/968 425/1011/967 422/1013/969
f 463/1012/968 422/1013/969 462/1014/970
f 462/1014/970 422/1013/969 461/1015/971
f 461/1015/971 422/1013/969 421/1016/972
f 461/1015/971 421/1016/972 460/1017/973
f 460/1017/973 421/1016/972 459/1018/974
f 459/1018/974 421/1016/972 475/1019/975
f 459/1018/974 475/1019/975 458/1020/976
f 458/1020/976 475/1019/975 457/1021/977
f 457/1021/977 475/1019/975 476/1022/978
f 457/1021/977 476/1022/978 456/1023/979
f 456/1023/979 476/1022/978 455/1024/980
f 455/1024/980 476/1022/978 449/1025/981
f 455/1024/980 449/1025/981 454/1026/982
f 454/1026/982 449/1025/981 453/1027/983
f 453/1027/983 449/1025/981 436/988/944
f 453/1027/983 436/988/944 452/987/943
f 474/1028/984 500/1029/985 451/1030/986
f 451/1030/986 500/1029/985 477/1031/987
f 451/1032/986 477/1033/987 452/1034/988
f 452/1034/988 477/1033/987 478/1035/989
f 452/1034/988 478/1035/989 453/1036/990
f 453/1036/990 478/1035/989 479/1037/991
f 453/1036/990 479/1037/991 454/1038/992
f 454/1038/992 479/1037/991 480/1039/993
f 454/1038/992 480/1039/993 455/1040/994
f 455/1040/994 480/1039/993 481/1041/995
f 455/1040/994 481/1041/995 456/1042/996
f 456/1042/996 481/1041/995 482/1043/997
f 456/1042/996 482/1043/997 457/1044/998
f 457/1044/998 482/1043/997 483/1045/999
f 457/1044/998 483/1045/999 458/1046/1000
f 458/1046/1000 483/1045/999 484/1047/1001
f 458/1046/1000 484/1047/1001 459/1048/1002
f 459/1048/1002 484/1047/1001 485/1049/1003
f 459/1048/1002 485/1049/1003 460/1050/1004
f 460/1050/1004 485/1049/1003 486/1051/1005
f 460/1050/1004 486/1051/1005 461/1052/1006
f 461/1052/1006 486/1051/1005 487/1053/1007
f 461/1052/1006 487/1053/1007 462/1054/1008
f 462/1054/1008 487/1053/1007 488/1055/1009
f 462/1054/1008 488/1055/1009 463/1056/1010
f 463/1056/1010 488/1055/1009 489/1057/1011
f 463/1056/1010 489/1057/1011 464/1058/1012
f 464/1058/1012 489/1057/1011 490/1059/1013
f 464/1058/1012 490/1059/1013 465/1060/1014
f 465/1060/1014 490/1059/1013 491/1061/1015
f 465/1060/1014 491/1061/1015 466/1062/1016
f 466/1062/1016 491/1061/1015 492/1063/1017
f 466/1062/1016 492/1063/1017 467/1064/1018
f 467/1064/1018 492/1063/1017 493/1065/1019
f 467/1064/1018 493/1065/1019 468/1066/1020
f 468/1066/1020 493/1065/1019 494/1067/1021
f 468/1066/1020 494/1067/1021 469/1068/1022
f 469/1068/1022 494/1067/1021 495/1069/1023
f 469/1068/1022 495/1069/1023 470/1070/1024
f 470/1070/1024 495/1069/1023 496/1071/1025
f 470/1070/1024 496/1071/1025 471/1072/1026
f 471/1072/1026 496/1071/1025 497/1073/1027
f 471/1072/1026 497/1073/1027 472/1074/1028
f 472/1074/1028 497/1073/1027 498/1075/1029
f 472/1074/1028 498/1075/1029 473/1076/1030
f 473/1076/1030 498/1075/1029 499/1077/1031
f 473/1076/1030 499/1077/1031 474/1028/984
f 474/1028/984 499/1077/1031 500/1029/985
f 421/1078/1032 234/1079/1033 475/1080/1034
f 475/1080/1034 234/1079/1033 280/1081/1035
f 475/1080/1034 280/1081/1035 501/1082/1036
f 501/1082/1036 280/1081/1035 424/1083/1037
f 501/1084/1038 502/1085/1039 475/1086/1040
f 475/1086/1040 502/1085/1039 476/1087/1041
f 502/1088/1042 281/1089/1043 476/1090/1044
f 476/1090/1044 281/1089/1043 248/1091/1045
f 476/1090/1044 248/1091/1045 449/1092/1046
f 502/1088/1042 450/1093/1047 281/1089/1043
f 500/1094/1048 438/1095/1049 477/1096/1050
f 477/1096/1050 438/1095/1049 437/1097/1051
f 477/1096/1050 437/1097/1051 478/1098/1052
f 478/1098/1052 437/1097/1051 479/1099/1053
f 479/1099/1053 437/1097/1051 450/1100/1054
f 479/1099/1053 450/1100/1054 480/1101/1055
f 480/1101/1055 450/1100/1054 481/1102/1056
f 481/1102/1056 450/1100/1054 502/1103/1057
f 481/1102/1056 502/1103/1057 482/1104/1058
f 482/1104/1058 502/1103/1057 483/1105/1059
f 483/1105/1059 502/1103/1057 501/1106/1060
f 483/1105/1059 501/1106/1060 484/1107/1061
f 484/1107/1061 501/1106/1060 485/1108/1062
f 485/1108/1062 501/1106/1060 424/1109/1063
f 485/1108/1062 424/1109/1063 486/1110/1064
f 486/1110/1064 424/1109/1063 487/1111/1065
f 487/1111/1065 424/1109/1063 423/1112/1066
f 487/1111/1065 423/1112/1066 488/1113/1067
f 488/1113/1067 423/1112/1066 489/1114/1068
f 489/1114/1068 423/1112/1066 448/1115/1069
f 489/1114/1068 448/1115/1069 490/1116/1070
f 490/1116/1070 448/1115/1069 447/1117/1071
f 490/1116/1070 447/1117/1071 491/1118/1072
f 491/1118/1072 447/1117/1071 446/1119/1073
f 491/1118/1072 446/1119/1073 492/1120/1074
f 492/1120/1074 446/1119/1073 445/1121/1075
f 492/1120/1074 445/1121/1075 493/1122/1076
f 493/1122/1076 445/1121/1075 444/1123/1077
f 493/1122/1076 444/1123/1077 494/1124/1078
f 494/1124/1078 444/1123/1077 443/1125/1079
f 494/1124/1078 443/1125/1079 495/1126/1080
f 495/1126/1080 443/1125/1079 496/1127/1081
f 496/1127/1081 443/1125/1079 442/1128/1082
f 496/1127/1081 442/1128/1082 497/1129/1083
f 497/1129/1083 442/1128/1082 441/1130/1084
f 497/1129/1083 441/1130/1084 498/1131/1085
f 498/1131/1085 441/1130/1084 440/1132/1086
f 498/1131/1085 440/1132/1086 499/1133/1087
f 499/1133/1087 440/1132/1086 439/1134/1088
f 499/1133/1087 439/1134/1088 500/1094/1048
f 500/1094/1048 439/1134/1088 438/1095/1049
g shortarm

v 1.350000 8.591547 8.964520
v 2.100000 8.461310 8.225915
v 2.100000 8.805993 8.165138
v 1.350000 8.936229 8.903743
v -1.350000 8.936229 8.903743
v -1.350000 8.591547 8.964520
v 2.100000 6.296777 -6.065334
v -2.100000 6.296777 -6.065334
v -2.100000 8.805993 8.165138
v -2.100000 8.461310 8.225915
v 2.100000 5.952094 -6.004558
v 2.100000 5.928544 -6.079249
v 2.100000 5.886465 -6.145299
v 2.100000 5.828725 -6.198209
v 2.100000 5.759258 -6.234371
v 2.100000 5.682799 -6.251321
v 2.100000 5.604558 -6.247905
v 2.100000 3.437980 -5.865879
v 2.100000 3.377204 -6.210562
v 2.100000 5.543781 -6.592588
v 2.100000 5.713303 -6.599990
v 2.100000 5.878965 -6.563263
v 2.100000 6.029477 -6.484912
v 2.100000 6.154581 -6.370275
v 2.100000 6.245752 -6.227165
v -2.100000 5.952094 -6.004558
v -2.100000 6.245752 -6.227165
v -2.100000 6.154581 -6.370275
v -2.100000 6.029477 -6.484912
v -2.100000 5.878965 -6.563263
v -2.100000 5.713303 -6.599990
v -2.100000 5.543781 -6.592588
v -2.100000 3.377204 -6.210562
v -2.100000 3.437980 -5.865879
v -2.100000 5.604558 -6.247905
v -2.100000 5.682799 -6.251321
v -2.100000 5.759258 -6.234371
v -2.100000 5.828725 -6.198209
v -2.100000 5.886465 -6.145299
v -2.100000 5.928544 -6.079249
vt 0.059098 0.045349 0.000000
vt 0.063428 0.080080 0.000000
vt -0.046153 0.058472 0.000000
vt -0.041823 0.093203 0.000000
vt 0.135000 0.035000 0.000000
vt -0.135000 0.035000 0.000000
vt 0.135000 0.000000 0.000000
vt -0.135000 0.000000 0.000000
vt 1.275000 -0.210000 0.000000
vt 2.720000 -0.210000 0.000000
vt 1.200000 -0.135000 0.000000
vt 1.200000 0.135000 0.000000
vt 2.720000 0.210000 0.000000
vt 1.275000 0.210000 0.000000
vt 0.041823 0.093203 0.000000
vt -0.063428 0.080080 0.000000
vt 0.046153 0.058472 0.000000
vt -0.059098 0.045349 0.000000
vt -0.107526 0.160739 0.000000
vt -0.113604 0.126270 0.000000
vt 1.315521 -0.090183 0.000000
vt 1.309443 -0.124651 0.000000
vt 1.331704 -0.095285 0.000000
vt 1.346015 -0.104402 0.000000
vt 1.357479 -0.116913 0.000000
vt 1.316912 -0.127006 0.000000
vt 1.323517 -0.131214 0.000000
vt 1.365314 -0.131964 0.000000
vt 1.328808 -0.136988 0.000000
vt 1.332425 -0.143935 0.000000
vt 1.368986 -0.148530 0.000000
vt 1.334120 -0.151581 0.000000
vt 1.333778 -0.159405 0.000000
vt 1.368246 -0.165482 0.000000
vt 1.295575 -0.376063 0.000000
vt 1.330044 -0.382140 0.000000
vt 1.445000 -0.210000 0.000000
vt 1.520000 -0.135000 0.000000
vt 0.000000 -0.210000 0.000000
vt 1.520000 0.135000 0.000000
vt -0.000000 0.210000 0.000000
vt 1.445000 0.210000 0.000000
vt 0.107526 0.160739 0.000000
vt -1.315521 -0.090183 0.000000
vt 0.113604 0.126270 0.000000
vt -1.309443 -0.124651 0.000000
vt -1.331704 -0.095285 0.000000
vt -1.346015 -0.104402 0.000000
vt -1.357479 -0.116913 0.000000
vt -1.316912 -0.127006 0.000000
vt -1.323517 -0.131214 0.000000
vt -1.365314 -0.131964 0.000000
vt -1.328808 -0.136988 0.000000
vt -1.332425 -0.143935 0.000000
vt -1.368986 -0.148530 0.000000
vt -1.334120 -0.151581 0.000000
vt -1.333778 -0.159405 0.000000
vt -1.368246 -0.165482 0.000000
vt -1.295575 -0.376063 0.000000
vt -1.330044 -0.382140 0.000000
vt -0.210000 -0.000000 0.000000
vt 0.210000 0.000000 0.000000
vt -0.210000 0.007854 0.000000
vt 0.210000 0.007854 0.000000
vt -0.210000 0.015708 0.000000
vt 0.210000 0.015708 0.000000
vt -0.210000 0.023562 0.000000
vt 0.210000 0.023562 0.000000
vt -0.210000 0.031416 0.000000
vt 0.210000 0.031416 0.000000
vt -0.210000 0.039270 0.000000
vt 0.210000 0.039270 0.000000
vt -0.210000 0.047124 0.000000
vt 0.210000 0.047124 0.000000
vt 0.220000 0.210000 0.000000
vt 0.000000 0.210000 0.000000
vt 0.220000 -0.210000 0.000000
vt -0.000000 -0.210000 0.000000
vt 0.035000 0.210000 0.000000
vt -0.000000 0.210000 0.000000
vt 0.035000 -0.210000 0.000000
vt 0.000000 -0.210000 0.000000
vt 0.220000 0.210000 0.000000
vt -0.000000 0.210000 0.000000
vt 0.220000 -0.210000 0.000000
vt 0.000000 -0.210000 0.000000
vt 0.210000 0.102102 0.000000
vt -0.210000 0.102102 0.000000
vt 0.210000 0.085085 0.000000
vt -0.210000 0.085085 0.000000
vt 0.210000 0.068068 0.000000
vt -0.210000 0.068068 0.000000
vt 0.210000 0.051051 0.000000
vt -0.210000 0.051051 0.000000
vt 0.210000 0.034034 0.000000
vt -0.210000 0.034034 0.000000
vt 0.210000 0.017017 0.000000
vt -0.210000 0.017017 0.000000
vt 0.210000 -0.000000 0.000000
vt -0.210000 0.000000 0.000000
vn 0.070711 0.012279 0.069636
vn 0.070711 0.012279 0.069636
vn 0.070711 0.012279 0.069636
vn 0.070711 0.012279 0.069636
vn 0.000000 0.017365 0.098481
vn 0.000000 0.017365 0.098481
vn 0.000000 0.017365 0.098481
vn 0.000000 0.017365 0.098481
vn -0.000000 0.098481 -0.017365
vn -0.000000 0.098481 -0.017365
vn -0.000000 0.098481 -0.017365
vn -0.000000 0.098481 -0.017365
vn -0.000000 0.098481 -0.017365
vn -0.000000 0.098481 -0.017365
vn -0.070711 0.012279 0.069636
vn -0.070711 0.012279 0.069636
vn -0.070711 0.012279 0.069636
vn -0.070711 0.012279 0.069636
vn 0.100000 -0.000000 -0.000000
vn 0.100000 -0.000000 -0.000000
vn 0.100000 -0.000000 -0.000000
vn 0.100000 -0.000000 -0.000000
vn 0.100000 -0.000000 -0.000000
vn 0.100000 -0.000000 -0.000000
vn 0.100000 -0.000000 -0.000000
vn 0.100000 -0.000000 -0.000000
vn 0.100000 -0.000000 -0.000000
vn 0.100000 -0.000000 -0.000000
vn 0.100000 -0.000000 -0.000000
vn 0.100000 -0.000000 -0.000000
vn 0.100000 -0.000000 -0.000000
vn 0.100000 -0.000000 -0.000000
vn 0.100000 -0.000000 -0.000000
vn 0.100000 -0.000000 -0.000000
vn 0.100000 -0.000000 -0.000000
vn 0.100000 -0.000000 -0.000000
vn 0.000000 -0.098481 0.017365
vn 0.000000 -0.098481 0.017365
vn 0.000000 -0.098481 0.017365
vn 0.000000 -0.098481 0.017365
vn 0.000000 -0.098481 0.017365
vn 0.000000 -0.098481 0.017365
vn -0.100000 0.000000 0.000000
vn -0.100000 0.000000 0.000000
vn -0.100000 0.000000 0.000000
vn -0.100000 0.000000 0.000000
vn -0.100000 0.000000 0.000000
vn -0.100000 0.000000 0.000000
vn -0.100000 0.000000 0.000000
vn -0.100000 0.000000 0.000000
vn -0.100000 0.000000 0.000000
vn -0.100000 0.000000 0.000000
vn -0.100000 0.000000 0.000000
vn -0.100000 0.000000 0.000000
vn -0.100000 0.000000 0.000000
vn -0.100000 0.000000 0.000000
vn -0.100000 0.000000 0.000000
vn -0.100000 0.000000 0.000000
vn -0.100000 0.000000 0.000000
vn -0.100000 0.000000 0.000000
vn 0.000000 -0.090631 0.042262
vn 0.000000 -0.090631 0.042262
vn 0.000000 -0.076604 0.064279
vn 0.000000 -0.076604 0.064279
vn 0.000000 -0.057358 0.081915
vn 0.000000 -0.057358 0.081915
vn 0.000000 -0.034202 0.093969
vn 0.000000 -0.034202 0.093969
vn 0.000000 -0.008716 0.099619
vn 0.000000 -0.008716 0.099619
vn 0.000000 0.017365 0.098481
vn 0.000000 0.017365 0.098481
vn 0.000000 0.017365 0.098481
vn 0.000000 0.017365 0.098481
vn 0.000000 -0.098481 0.017365
vn 0.000000 -0.098481 0.017365
vn 0.000000 -0.098481 0.017365
vn 0.000000 -0.098481 0.017365
vn -0.000000 -0.017365 -0.098481
vn -0.000000 -0.017365 -0.098481
vn -0.000000 -0.017365 -0.098481
vn -0.000000 -0.017365 -0.098481
vn -0.000000 0.008716 -0.099619
vn -0.000000 0.008716 -0.099619
vn -0.000000 0.034202 -0.093969
vn -0.000000 0.034202 -0.093969
vn -0.000000 0.057358 -0.081915
vn -0.000000 0.057358 -0.081915
vn -0.000000 0.076604 -0.064279
vn -0.000000 0.076604 -0.064279
vn -0.000000 0.090631 -0.042262
vn -0.000000 0.090631 -0.042262
usemtl Nickel_-_Satin
f 504/1135/1089 505/1136/1090 503/1137/1091
f 503/1137/1091 505/1136/1090 506/1138/1092
f 506/1139/1093 507/1140/1094 503/1141/1095
f 503/1141/1095 507/1140/1094 508/1142/1096
f 505/1143/1097 509/1144/1098 506/1145/1099
f 506/1145/1099 509/1144/1098 507/1146/1100
f 507/1146/1100 509/1144/1098 510/1147/1101
f 507/1146/1100 510/1147/1101 511/1148/1102
f 507/1149/1103 511/1150/1104 508/1151/1105
f 508/1151/1105 511/1150/1104 512/1152/1106
f 505/1153/1107 504/1154/1108 509/1155/1109
f 509/1155/1109 504/1154/1108 513/1156/1110
f 509/1155/1109 513/1156/1110 527/1157/1111
f 527/1157/1111 513/1156/1110 526/1158/1112
f 526/1158/1112 513/1156/1110 525/1159/1113
f 525/1159/1113 513/1156/1110 514/1160/1114
f 525/1159/1113 514/1160/1114 515/1161/1115
f 525/1159/1113 515/1161/1115 524/1162/1116
f 524/1162/1116 515/1161/1115 516/1163/1117
f 524/1162/1116 516/1163/1117 517/1164/1118
f 524/1162/1116 517/1164/1118 523/1165/1119
f 523/1165/1119 517/1164/1118 518/1166/1120
f 523/1165/1119 518/1166/1120 519/1167/1121
f 523/1165/1119 519/1167/1121 522/1168/1122
f 522/1168/1122 519/1167/1121 520/1169/1123
f 522/1168/1122 520/1169/1123 521/1170/1124
f 504/1171/1125 503/1172/1126 513/1173/1127
f 513/1173/1127 503/1172/1126 508/1174/1128
f 513/1173/1127 508/1174/1128 528/1175/1129
f 528/1175/1129 508/1174/1128 512/1176/1130
f 511/1177/1131 510/1178/1132 512/1179/1133
f 512/1179/1133 510/1178/1132 528/1180/1134
f 528/1180/1134 510/1178/1132 529/1181/1135
f 528/1180/1134 529/1181/1135 530/1182/1136
f 530/1182/1136 531/1183/1137 528/1180/1134
f 528/1180/1134 531/1183/1137 542/1184/1138
f 542/1184/1138 531/1183/1137 541/1185/1139
f 541/1185/1139 531/1183/1137 532/1186/1140
f 541/1185/1139 532/1186/1140 540/1187/1141
f 540/1187/1141 532/1186/1140 539/1188/1142
f 539/1188/1142 532/1186/1140 533/1189/1143
f 539/1188/1142 533/1189/1143 538/1190/1144
f 538/1190/1144 533/1189/1143 537/1191/1145
f 537/1191/1145 533/1189/1143 534/1192/1146
f 537/1191/1145 534/1192/1146 536/1193/1147
f 536/1193/1147 534/1192/1146 535/1194/1148
f 513/1195/1127 528/1196/1129 514/1197/1149
f 514/1197/1149 528/1196/1129 542/1198/1150
f 514/1197/1149 542/1198/1150 515/1199/1151
f 515/1199/1151 542/1198/1150 541/1200/1152
f 515/1199/1151 541/1200/1152 516/1201/1153
f 516/1201/1153 541/1200/1152 540/1202/1154
f 516/1201/1153 540/1202/1154 517/1203/1155
f 517/1203/1155 540/1202/1154 539/1204/1156
f 517/1203/1155 539/1204/1156 518/1205/1157
f 518/1205/1157 539/1204/1156 538/1206/1158
f 518/1205/1157 538/1206/1158 519/1207/1159
f 519/1207/1159 538/1206/1158 537/1208/1160
f 537/1209/1160 536/1210/1161 519/1211/1159
f 519/1211/1159 536/1210/1161 520/1212/1162
f 536/1213/1163 535/1214/1164 520/1215/1165
f 520/1215/1165 535/1214/1164 521/1216/1166
f 535/1217/1167 534/1218/1168 521/1219/1169
f 521/1219/1169 534/1218/1168 522/1220/1170
f 522/1221/1170 534/1222/1168 523/1223/1171
f 523/1223/1171 534/1222/1168 533/1224/1172
f 523/1223/1171 533/1224/1172 524/1225/1173
f 524/1225/1173 533/1224/1172 532/1226/1174
f 524/1225/1173 532/1226/1174 525/1227/1175
f 525/1227/1175 532/1226/1174 531/1228/1176
f 525/1227/1175 531/1228/1176 526/1229/1177
f 526/1229/1177 531/1228/1176 530/1230/1178
f 526/1229/1177 530/1230/1178 527/1231/1179
f 527/1231/1179 530/1230/1178 529/1232/1180
f 527/1231/1179 529/1232/1180 509/1233/1098
f 509/1233/1098 529/1232/1180 510/1234/1101
g longarm

v -1.350000 11.020007 20.721436
v -2.100000 10.889771 19.982831
v -2.100000 10.545089 20.043608
v -1.350000 10.675325 20.782213
v -2.100000 6.296777 -6.065334
v -2.100000 6.245752 -6.227165
v -2.100000 6.154581 -6.370275
v -2.100000 6.029477 -6.484912
v -2.100000 5.878965 -6.563263
v -2.100000 5.713303 -6.599990
v -2.100000 5.543781 -6.592588
v -2.100000 3.377204 -6.210562
v -2.100000 3.437980 -5.865879
v -2.100000 5.604558 -6.247905
v -2.100000 5.682799 -6.251321
v -2.100000 5.759258 -6.234371
v -2.100000 5.828725 -6.198209
v -2.100000 5.886465 -6.145299
v -2.100000 5.928544 -6.079249
v -2.100000 5.952094 -6.004558
v 1.350000 11.020007 20.721436
v 2.100000 10.889771 19.982831
v 2.100000 6.296777 -6.065334
v 1.350000 10.675325 20.782213
v 2.100000 10.545089 20.043608
v 2.100000 5.952094 -6.004558
v 2.100000 5.928544 -6.079249
v 2.100000 5.886465 -6.145299
v 2.100000 5.828725 -6.198209
v 2.100000 5.759258 -6.234371
v 2.100000 5.682799 -6.251321
v 2.100000 5.604558 -6.247905
v 2.100000 3.437980 -5.865879
v 2.100000 3.377204 -6.210562
v 2.100000 5.543781 -6.592588
v 2.100000 5.713303 -6.599990
v 2.100000 5.878965 -6.563263
v 2.100000 6.029477 -6.484912
v 2.100000 6.154581 -6.370275
v 2.100000 6.245752 -6.227165
vt 0.087313 0.053033 0.000000
vt 0.052313 0.053033 0.000000
vt 0.087313 -0.053033 0.000000
vt 0.052313 -0.053033 0.000000
vt 1.289296 0.369117 0.000000
vt -1.315521 -0.090183 0.000000
vt 1.295373 0.334648 0.000000
vt -1.309443 -0.124651 0.000000
vt -1.331704 -0.095285 0.000000
vt -1.346015 -0.104402 0.000000
vt -1.357479 -0.116913 0.000000
vt -1.316912 -0.127006 0.000000
vt -1.365314 -0.131964 0.000000
vt -1.323517 -0.131214 0.000000
vt -1.328808 -0.136988 0.000000
vt -1.332425 -0.143935 0.000000
vt -1.368986 -0.148530 0.000000
vt -1.334120 -0.151581 0.000000
vt -1.333778 -0.159405 0.000000
vt -1.368246 -0.165482 0.000000
vt -1.295575 -0.376063 0.000000
vt -1.330044 -0.382140 0.000000
vt 0.075000 0.210000 0.000000
vt 0.000000 0.135000 0.000000
vt 2.720000 0.210000 0.000000
vt 2.720000 -0.210000 0.000000
vt -0.000000 -0.135000 0.000000
vt 0.075000 -0.210000 0.000000
vt 0.052313 -0.053033 0.000000
vt 0.087313 -0.053033 0.000000
vt 0.052313 0.053033 0.000000
vt 0.087313 0.053033 0.000000
vt -1.289296 0.369117 0.000000
vt -1.295373 0.334648 0.000000
vt 1.315521 -0.090183 0.000000
vt 1.309443 -0.124651 0.000000
vt 1.331704 -0.095285 0.000000
vt 1.346015 -0.104402 0.000000
vt 1.357479 -0.116913 0.000000
vt 1.316912 -0.127006 0.000000
vt 1.365314 -0.131964 0.000000
vt 1.323517 -0.131214 0.000000
vt 1.328808 -0.136988 0.000000
vt 1.332425 -0.143935 0.000000
vt 1.368986 -0.148530 0.000000
vt 1.334120 -0.151581 0.000000
vt 1.333778 -0.159405 0.000000
vt 1.368246 -0.165482 0.000000
vt 1.295575 -0.376063 0.000000
vt 1.330044 -0.382140 0.000000
vt 0.035000 0.135000 0.000000
vt 0.000000 0.135000 0.000000
vt 0.035000 -0.135000 0.000000
vt -0.000000 -0.135000 0.000000
vt 2.645000 0.210000 0.000000
vt -0.000000 0.210000 0.000000
vt 2.720000 0.135000 0.000000
vt 0.000000 -0.210000 0.000000
vt 2.720000 -0.135000 0.000000
vt 2.645000 -0.210000 0.000000
vt -0.210000 -0.000000 0.000000
vt 0.210000 0.000000 0.000000
vt -0.210000 0.007854 0.000000
vt 0.210000 0.007854 0.000000
vt -0.210000 0.015708 0.000000
vt 0.210000 0.015708 0.000000
vt -0.210000 0.023562 0.000000
vt 0.210000 0.023562 0.000000
vt -0.210000 0.031416 0.000000
vt 0.210000 0.031416 0.000000
vt -0.210000 0.039270 0.000000
vt 0.210000 0.039270 0.000000
vt -0.210000 0.047124 0.000000
vt 0.210000 0.047124 0.000000
vt 0.220000 0.210000 0.000000
vt 0.000000 0.210000 0.000000
vt 0.220000 -0.210000 0.000000
vt -0.000000 -0.210000 0.000000
vt 0.035000 0.210000 0.000000
vt -0.000000 0.210000 0.000000
vt 0.035000 -0.210000 0.000000
vt 0.000000 -0.210000 0.000000
vt 0.220000 0.210000 0.000000
vt -0.000000 0.210000 0.000000
vt 0.220000 -0.210000 0.000000
vt 0.000000 -0.210000 0.000000
vt 0.210000 0.102102 0.000000
vt -0.210000 0.102102 0.000000
vt 0.210000 0.085085 0.000000
vt -0.210000 0.085085 0.000000
vt 0.210000 0.068068 0.000000
vt -0.210000 0.068068 0.000000
vt 0.210000 0.051051 0.000000
vt -0.210000 0.051051 0.000000
vt 0.210000 0.034034 0.000000
vt -0.210000 0.034034 0.000000
vt 0.210000 0.017017 0.000000
vt -0.210000 0.017017 0.000000
vt 0.210000 -0.000000 0.000000
vt -0.210000 0.000000 0.000000
vn -0.070711 0.012279 0.069636
vn -0.070711 0.012279 0.069636
vn -0.070711 0.012279 0.069636
vn -0.070711 0.012279 0.069636
vn -0.100000 0.000000 0.000000
vn -0.100000 0.000000 0.000000
vn -0.100000 0.000000 0.000000
vn -0.100000 0.000000 0.000000
vn -0.100000 0.000000 0.000000
vn -0.100000 0.000000 0.000000
vn -0.100000 0.000000 0.000000
vn -0.100000 0.000000 0.000000
vn -0.100000 0.000000 0.000000
vn -0.100000 0.000000 0.000000
vn -0.100000 0.000000 0.000000
vn -0.100000 0.000000 0.000000
vn -0.100000 0.000000 0.000000
vn -0.100000 0.000000 0.000000
vn -0.100000 0.000000 0.000000
vn -0.100000 0.000000 0.000000
vn -0.100000 0.000000 0.000000
vn -0.100000 0.000000 0.000000
vn -0.000000 0.098481 -0.017365
vn -0.000000 0.098481 -0.017365
vn -0.000000 0.098481 -0.017365
vn -0.000000 0.098481 -0.017365
vn -0.000000 0.098481 -0.017365
vn -0.000000 0.098481 -0.017365
vn 0.070711 0.012279 0.069636
vn 0.070711 0.012279 0.069636
vn 0.070711 0.012279 0.069636
vn 0.070711 0.012279 0.069636
vn 0.100000 -0.000000 -0.000000
vn 0.100000 -0.000000 -0.000000
vn 0.100000 -0.000000 -0.000000
vn 0.100000 -0.000000 -0.000000
vn 0.100000 -0.000000 -0.000000
vn 0.100000 -0.000000 -0.000000
vn 0.100000 -0.000000 -0.000000
vn 0.100000 -0.000000 -0.000000
vn 0.100000 -0.000000 -0.000000
vn 0.100000 -0.000000 -0.000000
vn 0.100000 -0.000000 -0.000000
vn 0.100000 -0.000000 -0.000000
vn 0.100000 -0.000000 -0.000000
vn 0.100000 -0.000000 -0.000000
vn 0.100000 -0.000000 -0.000000
vn 0.100000 -0.000000 -0.000000
vn 0.100000 -0.000000 -0.000000
vn 0.100000 -0.000000 -0.000000
vn 0.000000 0.017365 0.098481
vn 0.000000 0.017365 0.098481
vn 0.000000 0.017365 0.098481
vn 0.000000 0.017365 0.098481
vn 0.000000 -0.098481 0.017365
vn 0.000000 -0.098481 0.017365
vn 0.000000 -0.098481 0.017365
vn 0.000000 -0.098481 0.017365
vn 0.000000 -0.098481 0.017365
vn 0.000000 -0.098481 0.017365
vn 0.000000 -0.090631 0.042262
vn 0.000000 -0.090631 0.042262
vn 0.000000 -0.076604 0.064279
vn 0.000000 -0.076604 0.064279
vn 0.000000 -0.057358 0.081915
vn 0.000000 -0.057358 0.081915
vn 0.000000 -0.034202 0.093969
vn 0.000000 -0.034202 0.093969
vn 0.000000 -0.008716 0.099619
vn 0.000000 -0.008716 0.099619
vn 0.000000 0.017365 0.098481
vn 0.000000 0.017365 0.098481
vn 0.000000 0.017365 0.098481
vn 0.000000 0.017365 0.098481
vn 0.000000 -0.098481 0.017365
vn 0.000000 -0.098481 0.017365
vn 0.000000 -0.098481 0.017365
vn 0.000000 -0.098481 0.017365
vn -0.000000 -0.017365 -0.098481
vn -0.000000 -0.017365 -0.098481
vn -0.000000 -0.017365 -0.098481
vn -0.000000 -0.017365 -0.098481
vn -0.000000 0.008716 -0.099619
vn -0.000000 0.008716 -0.099619
vn -0.000000 0.034202 -0.093969
vn -0.000000 0.034202 -0.093969
vn -0.000000 0.057358 -0.081915
vn -0.000000 0.057358 -0.081915
vn -0.000000 0.076604 -0.064279
vn -0.000000 0.076604 -0.064279
vn -0.000000 0.090631 -0.042262
vn -0.000000 0.090631 -0.042262
f 544/1235/1181 545/1236/1182 543/1237/1183
f 543/1237/1183 545/1236/1182 546/1238/1184
f 544/1239/1185 547/1240/1186 545/1241/1187
f 545/1241/1187 547/1240/1186 562/1242/1188
f 562/1242/1188 547/1240/1186 548/1243/1189
f 562/1242/1188 548/1243/1189 549/1244/1190
f 549/1244/1190 550/1245/1191 562/1242/1188
f 562/1242/1188 550/1245/1191 561/1246/1192
f 561/1246/1192 550/1245/1191 551/1247/1193
f 561/1246/1192 551/1247/1193 560/1248/1194
f 560/1248/1194 551/1247/1193 559/1249/1195
f 559/1249/1195 551/1247/1193 558/1250/1196
f 558/1250/1196 551/1247/1193 552/1251/1197
f 558/1250/1196 552/1251/1197 557/1252/1198
f 557/1252/1198 552/1251/1197 556/1253/1199
f 556/1253/1199 552/1251/1197 553/1254/1200
f 556/1253/1199 553/1254/1200 555/1255/1201
f 555/1255/1201 553/1254/1200 554/1256/1202
f 544/1257/1203 543/1258/1204 547/1259/1205
f 547/1259/1205 543/1258/1204 565/1260/1206
f 565/1260/1206 543/1258/1204 563/1261/1207
f 565/1260/1206 563/1261/1207 564/1262/1208
f 567/1263/1209 564/1264/1210 566/1265/1211
f 566/1265/1211 564/1264/1210 563/1266/1212
f 564/1267/1213 567/1268/1214 565/1269/1215
f 565/1269/1215 567/1268/1214 568/1270/1216
f 565/1269/1215 568/1270/1216 582/1271/1217
f 582/1271/1217 568/1270/1216 581/1272/1218
f 581/1272/1218 568/1270/1216 580/1273/1219
f 580/1273/1219 568/1270/1216 569/1274/1220
f 580/1273/1219 569/1274/1220 579/1275/1221
f 579/1275/1221 569/1274/1220 570/1276/1222
f 579/1275/1221 570/1276/1222 571/1277/1223
f 571/1277/1223 572/1278/1224 579/1275/1221
f 579/1275/1221 572/1278/1224 578/1279/1225
f 578/1279/1225 572/1278/1224 573/1280/1226
f 578/1279/1225 573/1280/1226 574/1281/1227
f 578/1279/1225 574/1281/1227 577/1282/1228
f 577/1282/1228 574/1281/1227 575/1283/1229
f 577/1282/1228 575/1283/1229 576/1284/1230
f 543/1285/1231 546/1286/1232 563/1287/1233
f 563/1287/1233 546/1286/1232 566/1288/1234
f 545/1289/1235 562/1290/1236 546/1291/1237
f 546/1291/1237 562/1290/1236 568/1292/1238
f 546/1291/1237 568/1292/1238 566/1293/1239
f 566/1293/1239 568/1292/1238 567/1294/1240
f 568/1295/1238 562/1296/1236 569/1297/1241
f 569/1297/1241 562/1296/1236 561/1298/1242
f 569/1297/1241 561/1298/1242 570/1299/1243
f 570/1299/1243 561/1298/1242 560/1300/1244
f 570/1299/1243 560/1300/1244 571/1301/1245
f 571/1301/1245 560/1300/1244 559/1302/1246
f 571/1301/1245 559/1302/1246 572/1303/1247
f 572/1303/1247 559/1302/1246 558/1304/1248
f 572/1303/1247 558/1304/1248 573/1305/1249
f 573/1305/1249 558/1304/1248 557/1306/1250
f 573/1305/1249 557/1306/1250 574/1307/1251
f 574/1307/1251 557/1306/1250 556/1308/1252
f 556/1309/1252 555/1310/1253 574/1311/1251
f 574/1311/1251 555/1310/1253 575/1312/1254
f 555/1313/1255 554/1314/1256 575/1315/1257
f 575/1315/1257 554/1314/1256 576/1316/1258
f 554/1317/1259 553/1318/1260 576/1319/1261
f 576/1319/1261 553/1318/1260 577/1320/1262
f 577/1321/1262 553/1322/1260 578/1323/1263
f 578/1323/1263 553/1322/1260 552/1324/1264
f 578/1323/1263 552/1324/1264 579/1325/1265
f 579/1325/1265 552/1324/1264 551/1326/1266
f 579/1325/1265 551/1326/1266 580/1327/1267
f 580/1327/1267 551/1326/1266 550/1328/1268
f 580/1327/1267 550/1328/1268 581/1329/1269
f 581/1329/1269 550/1328/1268 549/1330/1270
f 581/1329/1269 549/1330/1270 582/1331/1271
f 582/1331/1271 549/1330/1270 548/1332/1272
f 582/1331/1271 548/1332/1272 565/1333/1206
f 565/1333/1206 548/1332/1272 547/1334/1205
# 582 vertices
# 1334 texture params
# 1272 normals
# 1172 facets

# 3 groups
