ISO-10303-21;
HEADER;
FILE_DESCRIPTION (( 'STEP AP203' ),
    '1' );
FILE_NAME ('gear_driven_witharm.STEP',
    '2025-10-02T16:28:04',
    ( '' ),
    ( '' ),
    'SwSTEP 2.0',
    'SolidWorks 2025',
    '' );
FILE_SCHEMA (( 'CONFIG_CONTROL_DESIGN' ));
ENDSEC;

DATA;
#1 = DIRECTION ( 'NONE',  ( 0.000000000000000000, 0.9510565162951523099, 0.3090169943749515591 ) ) ;
#2 = AXIS2_PLACEMENT_3D ( 'NONE', #573, #1812, #126 ) ;
#3 =( NAMED_UNIT ( * ) SI_UNIT ( $, .STERADIAN. ) SOLID_ANGLE_UNIT ( ) );
#4 = AXIS2_PLACEMENT_3D ( 'NONE', #1785, #1716, #562 ) ;
#5 = AXIS2_PLACEMENT_3D ( 'NONE', #842, #146, #2638 ) ;
#6 = CARTESIAN_POINT ( 'NONE',  ( -7.583587757566561116, -14.18318054969946829, -2.042369564474411980 ) ) ;
#7 = CARTESIAN_POINT ( 'NONE',  ( -7.583587757566561116, 4.303450538714072238, 1.341911707413601107 ) ) ;
#8 = ORIENTED_EDGE ( 'NONE', *, *, #2737, .T. ) ;
#9 = DIRECTION ( 'NONE',  ( -1.000000000000000000, 0.000000000000000000, 0.000000000000000000 ) ) ;
#10 = AXIS2_PLACEMENT_3D ( 'NONE', #2483, #2717, #2193 ) ;
#11 = ORIENTED_EDGE ( 'NONE', *, *, #292, .T. ) ;
#12 = DIRECTION ( 'NONE',  ( -1.000000000000000000, 0.000000000000000000, -0.000000000000000000 ) ) ;
#13 = CARTESIAN_POINT ( 'NONE',  ( -7.583587757566561116, 22.93108192645258114, 11.83595212586901724 ) ) ;
#14 = ORIENTED_EDGE ( 'NONE', *, *, #1076, .T. ) ;
#15 = DIRECTION ( 'NONE',  ( 0.000000000000000000, 0.000000000000000000, 1.000000000000000000 ) ) ;
#16 = FACE_OUTER_BOUND ( 'NONE', #1222, .T. ) ;
#17 = DIRECTION ( 'NONE',  ( -1.000000000000000000, 0.000000000000000000, 0.000000000000000000 ) ) ;
#18 = AXIS2_PLACEMENT_3D ( 'NONE', #1084, #389, #2776 ) ;
#19 = VECTOR ( 'NONE', #990, 1000.000000000000000 ) ;
#20 = DATE_TIME_ROLE ( 'creation_date' ) ;
#21 = CIRCLE ( 'NONE', #3042, 8.000000000000000000 ) ;
#22 = CARTESIAN_POINT ( 'NONE',  ( -7.583587757566561116, -5.168027480741170798, 16.05605813617311384 ) ) ;
#23 = CARTESIAN_POINT ( 'NONE',  ( -7.583587757566561116, -8.663317559327504469, 14.94602188845672330 ) ) ;
#24 = ORIENTED_EDGE ( 'NONE', *, *, #2580, .T. ) ;
#25 = LINE ( 'NONE', #987, #969 ) ;
#26 = VECTOR ( 'NONE', #2398, 1000.000000000000000 ) ;
#27 = AXIS2_PLACEMENT_3D ( 'NONE', #1842, #368, #1308 ) ;
#28 = ORIENTED_EDGE ( 'NONE', *, *, #207, .T. ) ;
#29 = LINE ( 'NONE', #2651, #379 ) ;
#30 = CARTESIAN_POINT ( 'NONE',  ( -12.58358775756656023, 4.303450538714072238, 1.341911707413601107 ) ) ;
#31 = ORIENTED_EDGE ( 'NONE', *, *, #499, .F. ) ;
#32 = CARTESIAN_POINT ( 'NONE',  ( -12.58358775756656023, -3.824777516924653842, -15.60331763307858743 ) ) ;
#33 = EDGE_CURVE ( 'NONE', #1957, #848, #494, .T. ) ;
#34 = DIRECTION ( 'NONE',  ( 0.000000000000000000, 0.000000000000000000, 1.000000000000000000 ) ) ;
#35 = CARTESIAN_POINT ( 'NONE',  ( -7.583587757566561116, 17.90756071975742358, -11.62485639062772869 ) ) ;
#36 = EDGE_CURVE ( 'NONE', #2702, #596, #1421, .T. ) ;
#37 = EDGE_CURVE ( 'NONE', #2691, #2653, #2729, .T. ) ;
#38 = EDGE_CURVE ( 'NONE', #1139, #836, #1111, .T. ) ;
#39 = DATE_AND_TIME ( #2643, #2249 ) ;
#40 = DIRECTION ( 'NONE',  ( -1.000000000000000000, 0.000000000000000000, 0.000000000000000000 ) ) ;
#41 = CARTESIAN_POINT ( 'NONE',  ( -12.58358775756656023, 4.303450538714072238, 1.341911707413601107 ) ) ;
#42 = VERTEX_POINT ( 'NONE', #984 ) ;
#43 = DIRECTION ( 'NONE',  ( -1.000000000000000000, 0.000000000000000000, 0.000000000000000000 ) ) ;
#44 = AXIS2_PLACEMENT_3D ( 'NONE', #2494, #109, #1824 ) ;
#45 = VERTEX_POINT ( 'NONE', #22 ) ;
#46 = CARTESIAN_POINT ( 'NONE',  ( -10.08358775756656023, 23.65718524310405613, -9.119108940309580191 ) ) ;
#47 = DIRECTION ( 'NONE',  ( -1.000000000000000000, -0.000000000000000000, -0.000000000000000000 ) ) ;
#48 = AXIS2_PLACEMENT_3D ( 'NONE', #2383, #683, #1605 ) ;
#49 = ORIENTED_EDGE ( 'NONE', *, *, #1602, .T. ) ;
#50 = DIRECTION ( 'NONE',  ( -1.000000000000000000, 0.000000000000000000, 0.000000000000000000 ) ) ;
#51 = CARTESIAN_POINT ( 'NONE',  ( -7.583587757566561116, -2.033348882625852561, 17.65325665789841025 ) ) ;
#52 = CARTESIAN_POINT ( 'NONE',  ( 37.41646304243343479, 4.303450538714072238, 1.341911707413601107 ) ) ;
#53 = ORIENTED_EDGE ( 'NONE', *, *, #57, .F. ) ;
#54 = PERSON_AND_ORGANIZATION_ROLE ( 'creator' ) ;
#55 = CIRCLE ( 'NONE', #1356, 17.49900000000000233 ) ;
#56 = ADVANCED_FACE ( 'NONE', ( #1946 ), #259, .T. ) ;
#57 = EDGE_CURVE ( 'NONE', #1620, #2457, #2272, .T. ) ;
#58 = DIRECTION ( 'NONE',  ( -1.000000000000000000, -0.000000000000000000, -0.000000000000000000 ) ) ;
#59 = CARTESIAN_POINT ( 'NONE',  ( -7.583587757566561116, 17.90756071975724240, 14.30867980545512808 ) ) ;
#60 = ORIENTED_EDGE ( 'NONE', *, *, #2215, .F. ) ;
#61 = CARTESIAN_POINT ( 'NONE',  ( -7.583587757566561116, 4.303450538714072238, 1.341911707413601107 ) ) ;
#62 = EDGE_CURVE ( 'NONE', #833, #1578, #2530, .T. ) ;
#63 = ORIENTED_EDGE ( 'NONE', *, *, #712, .T. ) ;
#64 = DIRECTION ( 'NONE',  ( -1.000000000000000000, 0.000000000000000000, -0.000000000000000000 ) ) ;
#65 = DIRECTION ( 'NONE',  ( 1.000000000000000000, 0.000000000000000000, 0.000000000000000000 ) ) ;
#66 = AXIS2_PLACEMENT_3D ( 'NONE', #1418, #2397, #192 ) ;
#67 = ORIENTED_EDGE ( 'NONE', *, *, #1606, .T. ) ;
#68 = CARTESIAN_POINT ( 'NONE',  ( -12.58358775756656023, -2.033348882625622522, -14.96943324307128975 ) ) ;
#69 = DIRECTION ( 'NONE',  ( 0.000000000000000000, 0.3090169943749412340, 0.9510565162951555296 ) ) ;
#70 = CARTESIAN_POINT ( 'NONE',  ( -7.583587757566561116, 20.61479548919898619, -4.994887713926035921 ) ) ;
#71 = APPROVAL_DATE_TIME ( #561, #2642 ) ;
#72 = DIRECTION ( 'NONE',  ( 0.000000000000000000, 0.000000000000000000, -1.000000000000000000 ) ) ;
#73 = EDGE_CURVE ( 'NONE', #1164, #312, #2783, .T. ) ;
#74 = DIRECTION ( 'NONE',  ( 0.000000000000000000, -0.8090169943749531134, 0.5877852522924652545 ) ) ;
#75 = EDGE_LOOP ( 'NONE', ( #2942, #2186, #168, #436 ) ) ;
#76 = DIRECTION ( 'NONE',  ( -1.000000000000000000, 0.000000000000000000, -0.000000000000000000 ) ) ;
#77 = EDGE_CURVE ( 'NONE', #45, #2357, #2893, .T. ) ;
#78 = EDGE_LOOP ( 'NONE', ( #2968, #989, #1662, #2408 ) ) ;
#79 = CIRCLE ( 'NONE', #1429, 7.999999999999999112 ) ;
#80 = DIRECTION ( 'NONE',  ( 0.000000000000000000, -0.8090169943749403458, -0.5877852522924830181 ) ) ;
#81 = DIRECTION ( 'NONE',  ( 0.000000000000000000, 0.000000000000000000, 1.000000000000000000 ) ) ;
#82 = AXIS2_PLACEMENT_3D ( 'NONE', #3074, #476, #1650 ) ;
#83 = ORIENTED_EDGE ( 'NONE', *, *, #37, .T. ) ;
#84 = CARTESIAN_POINT ( 'NONE',  ( -12.58358775756656023, 24.14243385725092850, 10.85057832723030913 ) ) ;
#85 = FACE_OUTER_BOUND ( 'NONE', #1840, .T. ) ;
#86 = ORIENTED_EDGE ( 'NONE', *, *, #669, .F. ) ;
#87 = DIRECTION ( 'NONE',  ( 0.000000000000000000, 0.000000000000000000, 1.000000000000000000 ) ) ;
#88 = DIRECTION ( 'NONE',  ( -1.000000000000000000, 0.000000000000000000, 0.000000000000000000 ) ) ;
#89 = ORIENTED_EDGE ( 'NONE', *, *, #752, .F. ) ;
#90 = DIRECTION ( 'NONE',  ( -1.000000000000000000, 0.000000000000000000, -0.000000000000000000 ) ) ;
#91 = ORIENTED_EDGE ( 'NONE', *, *, #726, .F. ) ;
#92 = CARTESIAN_POINT ( 'NONE',  ( -12.58358775756656023, 4.303450538714072238, 1.341911707413601107 ) ) ;
#93 = FACE_BOUND ( 'NONE', #2152, .T. ) ;
#94 = EDGE_CURVE ( 'NONE', #1370, #814, #2369, .T. ) ;
#95 = VECTOR ( 'NONE', #837, 1000.000000000000000 ) ;
#96 = EDGE_CURVE ( 'NONE', #1493, #1370, #1238, .T. ) ;
#97 = ORIENTED_EDGE ( 'NONE', *, *, #919, .T. ) ;
#98 = DIRECTION ( 'NONE',  ( 0.000000000000000000, 0.000000000000000000, -1.000000000000000000 ) ) ;
#99 = DIRECTION ( 'NONE',  ( -1.000000000000000000, 0.000000000000000000, 0.000000000000000000 ) ) ;
#100 = ORIENTED_EDGE ( 'NONE', *, *, #2001, .F. ) ;
#101 = CIRCLE ( 'NONE', #1913, 8.000000000000000000 ) ;
#102 = DIRECTION ( 'NONE',  ( -1.000000000000000000, -0.000000000000000000, 0.000000000000000000 ) ) ;
#103 = LINE ( 'NONE', #2988, #477 ) ;
#104 = ORIENTED_EDGE ( 'NONE', *, *, #1518, .F. ) ;
#105 = DIRECTION ( 'NONE',  ( -1.000000000000000000, 0.000000000000000000, 0.000000000000000000 ) ) ;
#106 = CIRCLE ( 'NONE', #2576, 8.000000000000000000 ) ;
#107 = ORIENTED_EDGE ( 'NONE', *, *, #1961, .T. ) ;
#108 = LINE ( 'NONE', #1052, #1229 ) ;
#109 = DIRECTION ( 'NONE',  ( -1.000000000000000000, -0.000000000000000000, 0.000000000000000000 ) ) ;
#110 = ORIENTED_EDGE ( 'NONE', *, *, #918, .T. ) ;
#111 = CYLINDRICAL_SURFACE ( 'NONE', #2162, 17.49900000000000233 ) ;
#112 = DIRECTION ( 'NONE',  ( 0.000000000000000000, 0.000000000000000000, 1.000000000000000000 ) ) ;
#113 = ADVANCED_FACE ( 'NONE', ( #1191 ), #211, .T. ) ;
#114 = CIRCLE ( 'NONE', #667, 7.999999999999999112 ) ;
#115 = VERTEX_POINT ( 'NONE', #2878 ) ;
#116 = CARTESIAN_POINT ( 'NONE',  ( -7.583587757566561116, -17.33567812519734019, 5.310300633248319357 ) ) ;
#117 = CARTESIAN_POINT ( 'NONE',  ( -7.583587757566561116, -6.763686634218417204, 14.89674390097084711 ) ) ;
#118 = ORIENTED_EDGE ( 'NONE', *, *, #2525, .F. ) ;
#119 = CARTESIAN_POINT ( 'NONE',  ( -7.583587757566561116, 8.303450538714074014, 22.90626762070102984 ) ) ;
#120 = DIRECTION ( 'NONE',  ( -1.000000000000000000, 0.000000000000000000, -0.000000000000000000 ) ) ;
#121 = ORIENTED_EDGE ( 'NONE', *, *, #2605, .T. ) ;
#122 = CYLINDRICAL_SURFACE ( 'NONE', #648, 7.999999999999996447 ) ;
#123 = AXIS2_PLACEMENT_3D ( 'NONE', #1743, #12, #721 ) ;
#124 = AXIS2_PLACEMENT_3D ( 'NONE', #7, #2894, #2420 ) ;
#125 = VERTEX_POINT ( 'NONE', #715 ) ;
#126 = DIRECTION ( 'NONE',  ( 0.000000000000000000, 0.000000000000000000, 1.000000000000000000 ) ) ;
#127 = CARTESIAN_POINT ( 'NONE',  ( -7.583587757566561116, 6.797490957169692649, -17.28571968032487050 ) ) ;
#128 = VECTOR ( 'NONE', #1530, 1000.000000000000000 ) ;
#129 = ORIENTED_EDGE ( 'NONE', *, *, #2580, .F. ) ;
#130 = AXIS2_PLACEMENT_3D ( 'NONE', #127, #2302, #143 ) ;
#131 = EDGE_CURVE ( 'NONE', #1581, #473, #412, .T. ) ;
#132 = ADVANCED_FACE ( 'NONE', ( #309 ), #1520, .T. ) ;
#133 = EDGE_CURVE ( 'NONE', #2597, #2885, #1254, .T. ) ;
#134 = ORGANIZATION ( 'UNSPECIFIED', 'UNSPECIFIED', '' ) ;
#135 = DIRECTION ( 'NONE',  ( 0.000000000000000000, 0.000000000000000000, -1.000000000000000000 ) ) ;
#136 = ORIENTED_EDGE ( 'NONE', *, *, #2829, .T. ) ;
#137 = DIRECTION ( 'NONE',  ( -1.000000000000000000, -0.000000000000000000, -0.000000000000000000 ) ) ;
#138 = VERTEX_POINT ( 'NONE', #116 ) ;
#139 = DIRECTION ( 'NONE',  ( 1.000000000000000000, 0.000000000000000000, 0.000000000000000000 ) ) ;
#140 = FACE_OUTER_BOUND ( 'NONE', #215, .T. ) ;
#141 = ORIENTED_EDGE ( 'NONE', *, *, #1573, .F. ) ;
#142 = CARTESIAN_POINT ( 'NONE',  ( -22.58358775756656200, 4.303450538714072238, 1.341911707413601107 ) ) ;
#143 = DIRECTION ( 'NONE',  ( 0.000000000000000000, 0.000000000000000000, 1.000000000000000000 ) ) ;
#144 = VECTOR ( 'NONE', #2713, 1000.000000000000000 ) ;
#145 = ORIENTED_EDGE ( 'NONE', *, *, #2234, .F. ) ;
#146 = DIRECTION ( 'NONE',  ( 1.000000000000000000, 0.000000000000000000, 0.000000000000000000 ) ) ;
#147 = AXIS2_PLACEMENT_3D ( 'NONE', #201, #2389, #3048 ) ;
#148 = ORIENTED_EDGE ( 'NONE', *, *, #2562, .T. ) ;
#149 = DIRECTION ( 'NONE',  ( -1.000000000000000000, -0.000000000000000000, 0.000000000000000000 ) ) ;
#150 = ADVANCED_FACE ( 'NONE', ( #1753 ), #1014, .T. ) ;
#151 = ORIENTED_EDGE ( 'NONE', *, *, #493, .T. ) ;
#152 = CARTESIAN_POINT ( 'NONE',  ( -12.58358775756656023, 25.94257920262550599, -2.626477218420976811 ) ) ;
#153 = ORIENTED_EDGE ( 'NONE', *, *, #617, .T. ) ;
#154 = DIRECTION ( 'NONE',  ( 1.000000000000000000, -0.000000000000000000, -0.000000000000000000 ) ) ;
#155 = EDGE_CURVE ( 'NONE', #1758, #2874, #2925, .T. ) ;
#156 = VERTEX_POINT ( 'NONE', #1029 ) ;
#157 = CARTESIAN_POINT ( 'NONE',  ( -7.583587757566561116, 19.01759696747361872, 10.81338972686879529 ) ) ;
#158 = DIRECTION ( 'NONE',  ( 0.000000000000000000, -6.938893903907228378E-15, 1.000000000000000000 ) ) ;
#159 = VECTOR ( 'NONE', #1470, 1000.000000000000000 ) ;
#160 = ORIENTED_EDGE ( 'NONE', *, *, #669, .T. ) ;
#161 = CIRCLE ( 'NONE', #867, 7.999999999999998224 ) ;
#162 = ORIENTED_EDGE ( 'NONE', *, *, #264, .F. ) ;
#163 = CARTESIAN_POINT ( 'NONE',  ( -12.58358775756656023, 4.303450538714072238, 1.341911707413601107 ) ) ;
#164 = EDGE_CURVE ( 'NONE', #2781, #1119, #613, .T. ) ;
#165 = VERTEX_POINT ( 'NONE', #294 ) ;
#166 = DIRECTION ( 'NONE',  ( -1.000000000000000000, 0.000000000000000000, -0.000000000000000000 ) ) ;
#167 = VECTOR ( 'NONE', #43, 1000.000000000000000 ) ;
#168 = ORIENTED_EDGE ( 'NONE', *, *, #978, .F. ) ;
#169 = DIRECTION ( 'NONE',  ( 0.000000000000000000, 0.000000000000000000, -1.000000000000000000 ) ) ;
#170 = ADVANCED_FACE ( 'NONE', ( #1504 ), #2500, .F. ) ;
#171 = ORIENTED_EDGE ( 'NONE', *, *, #328, .F. ) ;
#172 = CIRCLE ( 'NONE', #1986, 1.500000000000000444 ) ;
#173 = DIRECTION ( 'NONE',  ( -1.000000000000000000, 0.000000000000000000, -0.000000000000000000 ) ) ;
#174 = FACE_OUTER_BOUND ( 'NONE', #2285, .T. ) ;
#175 = VECTOR ( 'NONE', #1422, 1000.000000000000000 ) ;
#176 = VERTEX_POINT ( 'NONE', #355 ) ;
#177 = DIRECTION ( 'NONE',  ( 0.000000000000000000, 0.000000000000000000, 1.000000000000000000 ) ) ;
#178 = DIRECTION ( 'NONE',  ( -1.000000000000000000, 0.000000000000000000, 0.000000000000000000 ) ) ;
#179 = CIRCLE ( 'NONE', #1331, 22.00000000000000000 ) ;
#180 = CIRCLE ( 'NONE', #933, 22.00000000000000000 ) ;
#181 = ORIENTED_EDGE ( 'NONE', *, *, #916, .T. ) ;
#182 = LINE ( 'NONE', #935, #2212 ) ;
#183 = ORIENTED_EDGE ( 'NONE', *, *, #1766, .T. ) ;
#184 = CARTESIAN_POINT ( 'NONE',  ( -12.58358775756656023, -9.251381654843131130, -9.725225465518942514 ) ) ;
#185 = ORIENTED_EDGE ( 'NONE', *, *, #2385, .T. ) ;
#186 = DIRECTION ( 'NONE',  ( -1.000000000000000000, -0.000000000000000000, 0.000000000000000000 ) ) ;
#187 = ORIENTED_EDGE ( 'NONE', *, *, #1397, .T. ) ;
#188 = CARTESIAN_POINT ( 'NONE',  ( -7.583587757566561116, 0.3350616128794175475, -20.29721695649781665 ) ) ;
#189 = DIRECTION ( 'NONE',  ( 1.000000000000000000, -0.000000000000000000, -0.000000000000000000 ) ) ;
#190 = ADVANCED_FACE ( 'NONE', ( #1063 ), #2722, .T. ) ;
#191 = VERTEX_POINT ( 'NONE', #2259 ) ;
#192 = DIRECTION ( 'NONE',  ( 0.000000000000000000, 0.000000000000000000, 1.000000000000000000 ) ) ;
#193 = LINE ( 'NONE', #1201, #2338 ) ;
#194 = EDGE_CURVE ( 'NONE', #2221, #2236, #530, .T. ) ;
#195 = VECTOR ( 'NONE', #1276, 1000.000000000000000 ) ;
#196 = AXIS2_PLACEMENT_3D ( 'NONE', #2351, #2804, #655 ) ;
#197 = DIRECTION ( 'NONE',  ( -1.000000000000000000, -0.000000000000000000, -0.000000000000000000 ) ) ;
#198 = ORIENTED_EDGE ( 'NONE', *, *, #2505, .T. ) ;
#199 = CARTESIAN_POINT ( 'NONE',  ( -12.58358775756656023, 17.85828273227151897, -9.725225465518642309 ) ) ;
#200 = ORIENTED_EDGE ( 'NONE', *, *, #1601, .F. ) ;
#201 = CARTESIAN_POINT ( 'NONE',  ( -7.583587757566561116, 4.303450538714072238, 1.341911707413601107 ) ) ;
#202 = ORIENTED_EDGE ( 'NONE', *, *, #2274, .F. ) ;
#203 = CARTESIAN_POINT ( 'NONE',  ( -7.583587757566561116, 0.9191692668263908850, -17.14471938099999804 ) ) ;
#204 = DIRECTION ( 'NONE',  ( 0.000000000000000000, 0.000000000000000000, 1.000000000000000000 ) ) ;
#205 = VERTEX_POINT ( 'NONE', #764 ) ;
#206 = DIRECTION ( 'NONE',  ( 1.000000000000000000, 0.000000000000000000, 0.000000000000000000 ) ) ;
#207 = EDGE_CURVE ( 'NONE', #2018, #2432, #860, .T. ) ;
#208 = DIRECTION ( 'NONE',  ( 0.000000000000000000, 0.000000000000000000, 1.000000000000000000 ) ) ;
#209 = AXIS2_PLACEMENT_3D ( 'NONE', #3073, #475, #1402 ) ;
#210 = CARTESIAN_POINT ( 'NONE',  ( -12.58358775756656023, 15.37058771164666204, -12.21292048614356496 ) ) ;
#211 = CYLINDRICAL_SURFACE ( 'NONE', #1815, 17.49900000000000233 ) ;
#212 = DIRECTION ( 'NONE',  ( 0.000000000000000000, 0.5877852522924743583, -0.8090169943749466741 ) ) ;
#213 = ORIENTED_EDGE ( 'NONE', *, *, #456, .F. ) ;
#214 = CARTESIAN_POINT ( 'NONE',  ( -12.58358775756656023, -9.300659642329193844, 14.30867980545502860 ) ) ;
#215 = EDGE_LOOP ( 'NONE', ( #2276, #2512, #2050, #2105 ) ) ;
#216 = DIRECTION ( 'NONE',  ( 0.000000000000000000, -0.9510565162951500895, -0.3090169943749583870 ) ) ;
#217 = DIRECTION ( 'NONE',  ( -1.000000000000000000, 0.000000000000000000, -0.000000000000000000 ) ) ;
#218 = VECTOR ( 'NONE', #2504, 1000.000000000000000 ) ;
#219 = ORIENTED_EDGE ( 'NONE', *, *, #2293, .T. ) ;
#220 = LINE ( 'NONE', #1633, #2979 ) ;
#221 = LINE ( 'NONE', #2145, #1434 ) ;
#222 = CIRCLE ( 'NONE', #2239, 7.999999999999998224 ) ;
#223 = AXIS2_PLACEMENT_3D ( 'NONE', #1637, #3034, #1622 ) ;
#224 = EDGE_CURVE ( 'NONE', #2097, #891, #1656, .T. ) ;
#225 = CARTESIAN_POINT ( 'NONE',  ( -12.58358775756656023, -8.663317559327504469, 14.94602188845672330 ) ) ;
#226 = AXIS2_PLACEMENT_3D ( 'NONE', #680, #1218, #2365 ) ;
#227 = EDGE_CURVE ( 'NONE', #1056, #251, #2987, .T. ) ;
#228 = EDGE_CURVE ( 'NONE', #2243, #2107, #1215, .T. ) ;
#229 = DIRECTION ( 'NONE',  ( 0.000000000000000000, 0.3090169943749478954, -0.9510565162951534202 ) ) ;
#230 = CYLINDRICAL_SURFACE ( 'NONE', #2946, 17.49900000000000233 ) ;
#231 = ORIENTED_EDGE ( 'NONE', *, *, #2468, .T. ) ;
#232 = DIRECTION ( 'NONE',  ( -1.000000000000000000, 0.000000000000000000, 0.000000000000000000 ) ) ;
#233 = ORIENTED_EDGE ( 'NONE', *, *, #3077, .F. ) ;
#234 = DIRECTION ( 'NONE',  ( 0.000000000000000000, -0.000000000000000000, -1.000000000000000000 ) ) ;
#235 = CARTESIAN_POINT ( 'NONE',  ( -7.583587757566561116, 4.303450538714072238, 1.341911707413601107 ) ) ;
#236 = ORIENTED_EDGE ( 'NONE', *, *, #981, .F. ) ;
#237 = DIRECTION ( 'NONE',  ( -1.000000000000000000, -0.000000000000000000, -0.000000000000000000 ) ) ;
#238 = DIRECTION ( 'NONE',  ( 0.000000000000000000, 0.000000000000000000, -1.000000000000000000 ) ) ;
#239 = DIRECTION ( 'NONE',  ( -1.000000000000000000, 0.000000000000000000, 0.000000000000000000 ) ) ;
#240 = PERSON_AND_ORGANIZATION ( #2612, #134 ) ;
#241 = VERTEX_POINT ( 'NONE', #1312 ) ;
#242 = ADVANCED_FACE ( 'NONE', ( #2924 ), #1269, .T. ) ;
#243 = AXIS2_PLACEMENT_3D ( 'NONE', #2524, #3036, #3023 ) ;
#244 = CARTESIAN_POINT ( 'NONE',  ( -12.58358775756656023, 22.93108192645258114, 11.83595212586901724 ) ) ;
#245 = ORIENTED_EDGE ( 'NONE', *, *, #1745, .F. ) ;
#246 = LINE ( 'NONE', #1207, #3117 ) ;
#247 = VERTEX_POINT ( 'NONE', #2689 ) ;
#248 = EDGE_CURVE ( 'NONE', #1578, #1075, #1608, .T. ) ;
#249 = CARTESIAN_POINT ( 'NONE',  ( -12.58358775756656023, -12.00789441177070849, -4.994887713926379647 ) ) ;
#250 = CARTESIAN_POINT ( 'NONE',  ( -12.58358775756656023, -6.157570109009175674, -18.01182299697634548 ) ) ;
#251 = VERTEX_POINT ( 'NONE', #2045 ) ;
#252 = DIRECTION ( 'NONE',  ( 0.000000000000000000, 0.000000000000000000, 1.000000000000000000 ) ) ;
#253 = DIRECTION ( 'NONE',  ( -1.000000000000000000, 0.000000000000000000, 0.000000000000000000 ) ) ;
#254 = FACE_OUTER_BOUND ( 'NONE', #2608, .T. ) ;
#255 = AXIS2_PLACEMENT_3D ( 'NONE', #588, #1307, #2543 ) ;
#256 = PERSON_AND_ORGANIZATION_ROLE ( 'creator' ) ;
#257 = AXIS2_PLACEMENT_3D ( 'NONE', #1769, #1737, #2230 ) ;
#258 = AXIS2_PLACEMENT_3D ( 'NONE', #2414, #505, #1925 ) ;
#259 = CYLINDRICAL_SURFACE ( 'NONE', #1708, 7.999999999999998224 ) ;
#260 = LINE ( 'NONE', #1980, #1933 ) ;
#261 = ORIENTED_EDGE ( 'NONE', *, *, #1357, .F. ) ;
#262 = DIRECTION ( 'NONE',  ( -1.000000000000000000, 0.000000000000000000, 0.000000000000000000 ) ) ;
#263 = AXIS2_PLACEMENT_3D ( 'NONE', #1009, #319, #1691 ) ;
#264 = EDGE_CURVE ( 'NONE', #1415, #640, #1865, .T. ) ;
#265 = VERTEX_POINT ( 'NONE', #3014 ) ;
#266 = EDGE_CURVE ( 'NONE', #1551, #546, #1067, .T. ) ;
#267 = DIRECTION ( 'NONE',  ( -1.000000000000000000, 0.000000000000000000, -0.000000000000000000 ) ) ;
#268 = CARTESIAN_POINT ( 'NONE',  ( -7.583587757566561116, -5.205216081102430614, -18.49707161112334930 ) ) ;
#269 = EDGE_CURVE ( 'NONE', #402, #3062, #1184, .T. ) ;
#270 = ADVANCED_FACE ( 'NONE', ( #1648 ), #1663, .T. ) ;
#271 = ORIENTED_EDGE ( 'NONE', *, *, #1574, .F. ) ;
#272 = CARTESIAN_POINT ( 'NONE',  ( -12.58358775756656023, 22.93108192645258114, 3.835952125869019458 ) ) ;
#273 = DIRECTION ( 'NONE',  ( -1.000000000000000000, -0.000000000000000000, 0.000000000000000000 ) ) ;
#274 = CARTESIAN_POINT ( 'NONE',  ( -7.583587757566561116, 17.27021863675573599, -12.26219847362943582 ) ) ;
#275 = CALENDAR_DATE ( 2025, 2, 10 ) ;
#276 = VECTOR ( 'NONE', #595, 1000.000000000000000 ) ;
#277 = DIRECTION ( 'NONE',  ( -1.000000000000000000, -0.000000000000000000, -0.000000000000000000 ) ) ;
#278 = CARTESIAN_POINT ( 'NONE',  ( -12.58358775756656023, 21.22428305136732263, 5.802901292554624391 ) ) ;
#279 = ORIENTED_EDGE ( 'NONE', *, *, #1554, .T. ) ;
#280 = DIRECTION ( 'NONE',  ( -1.000000000000000000, 0.000000000000000000, -0.000000000000000000 ) ) ;
#281 = AXIS2_PLACEMENT_3D ( 'NONE', #2656, #2845, #2380 ) ;
#282 = CIRCLE ( 'NONE', #682, 17.49900000000000233 ) ;
#283 = ORIENTED_EDGE ( 'NONE', *, *, #164, .F. ) ;
#284 = LINE ( 'NONE', #549, #1883 ) ;
#285 = FACE_OUTER_BOUND ( 'NONE', #1965, .T. ) ;
#286 = ORIENTED_EDGE ( 'NONE', *, *, #1322, .T. ) ;
#287 = CARTESIAN_POINT ( 'NONE',  ( -7.583587757566561116, 4.303450538714072238, 1.341911707413601107 ) ) ;
#288 = LINE ( 'NONE', #51, #317 ) ;
#289 = DIRECTION ( 'NONE',  ( -1.000000000000000000, -0.000000000000000000, -0.000000000000000000 ) ) ;
#290 = ORIENTED_EDGE ( 'NONE', *, *, #1435, .F. ) ;
#291 = EDGE_CURVE ( 'NONE', #392, #2584, #2532, .T. ) ;
#292 = EDGE_CURVE ( 'NONE', #2332, #924, #220, .T. ) ;
#293 = APPROVAL_DATE_TIME ( #39, #2923 ) ;
#294 = CARTESIAN_POINT ( 'NONE',  ( -12.58358775756656023, -17.33567812519727624, -2.626477218421428894 ) ) ;
#295 = CARTESIAN_POINT ( 'NONE',  ( -12.58358775756656023, 4.303450538714072238, 1.341911707413601107 ) ) ;
#296 = ORIENTED_EDGE ( 'NONE', *, *, #1554, .F. ) ;
#297 = CARTESIAN_POINT ( 'NONE',  ( -7.583587757566561116, 4.303450538714072238, 1.341911707413601107 ) ) ;
#298 = AXIS2_PLACEMENT_3D ( 'NONE', #2479, #1227, #805 ) ;
#299 = CIRCLE ( 'NONE', #1799, 17.49900000000000233 ) ;
#300 = CIRCLE ( 'NONE', #2770, 7.999999999999998224 ) ;
#301 = ORIENTED_EDGE ( 'NONE', *, *, #1170, .F. ) ;
#302 = CARTESIAN_POINT ( 'NONE',  ( -10.08358775756656023, -10.87041180788963324, -14.58774307498272904 ) ) ;
#303 = LINE ( 'NONE', #2033, #348 ) ;
#304 = EDGE_LOOP ( 'NONE', ( #583, #2126, #889, #535 ) ) ;
#305 = CARTESIAN_POINT ( 'NONE',  ( -12.58358775756656023, 4.303450538714072238, 1.341911707413601107 ) ) ;
#306 = DIRECTION ( 'NONE',  ( -1.000000000000000000, 0.000000000000000000, 0.000000000000000000 ) ) ;
#307 = FACE_OUTER_BOUND ( 'NONE', #1718, .T. ) ;
#308 = EDGE_CURVE ( 'NONE', #1814, #1747, #474, .T. ) ;
#309 = FACE_OUTER_BOUND ( 'NONE', #3031, .T. ) ;
#310 = AXIS2_PLACEMENT_3D ( 'NONE', #1284, #2455, #87 ) ;
#311 = CARTESIAN_POINT ( 'NONE',  ( -7.583587757566561116, 7.687731810602139504, -17.14471938099992698 ) ) ;
#312 = VERTEX_POINT ( 'NONE', #2363 ) ;
#313 = CARTESIAN_POINT ( 'NONE',  ( -7.583587757566561116, 26.10978447984854611, -1.570784646092295622 ) ) ;
#314 = VERTEX_POINT ( 'NONE', #2625 ) ;
#315 = DIRECTION ( 'NONE',  ( 0.000000000000000000, 0.000000000000000000, 1.000000000000000000 ) ) ;
#316 = CARTESIAN_POINT ( 'NONE',  ( -10.08358775756656200, 0.3350616128794193238, -20.29721695649782021 ) ) ;
#317 = VECTOR ( 'NONE', #2904, 1000.000000000000000 ) ;
#318 = ORIENTED_EDGE ( 'NONE', *, *, #419, .T. ) ;
#319 = DIRECTION ( 'NONE',  ( 1.000000000000000000, 0.000000000000000000, 0.000000000000000000 ) ) ;
#320 = DIRECTION ( 'NONE',  ( 0.000000000000000000, 0.000000000000000000, 1.000000000000000000 ) ) ;
#321 = ORIENTED_EDGE ( 'NONE', *, *, #2676, .F. ) ;
#322 = AXIS2_PLACEMENT_3D ( 'NONE', #1772, #3016, #1098 ) ;
#323 = AXIS2_PLACEMENT_3D ( 'NONE', #2537, #2742, #1047 ) ;
#324 = CARTESIAN_POINT ( 'NONE',  ( -12.58358775756656023, 7.687731810602139504, -17.14471938099992698 ) ) ;
#325 = CARTESIAN_POINT ( 'NONE',  ( -7.583587757566561116, 10.64024996005410983, -14.96943324307115830 ) ) ;
#326 = ORIENTED_EDGE ( 'NONE', *, *, #1208, .T. ) ;
#327 = CARTESIAN_POINT ( 'NONE',  ( -7.583587757566561116, 21.22428305136732973, 5.802901292554626167 ) ) ;
#328 = EDGE_CURVE ( 'NONE', #2950, #2236, #2370, .T. ) ;
#329 = EDGE_CURVE ( 'NONE', #3041, #2634, #1768, .T. ) ;
#330 = AXIS2_PLACEMENT_3D ( 'NONE', #1069, #601, #1567 ) ;
#331 = ORIENTED_EDGE ( 'NONE', *, *, #1305, .T. ) ;
#332 = AXIS2_PLACEMENT_3D ( 'NONE', #2774, #178, #813 ) ;
#333 = CARTESIAN_POINT ( 'NONE',  ( -7.583587757566561116, 4.303450538714072238, 1.341911707413601107 ) ) ;
#334 = DIRECTION ( 'NONE',  ( -1.000000000000000000, 0.000000000000000000, 0.000000000000000000 ) ) ;
#335 = AXIS2_PLACEMENT_3D ( 'NONE', #1990, #99, #2953 ) ;
#336 = EDGE_LOOP ( 'NONE', ( #1474, #1654, #504, #2164 ) ) ;
#337 = CARTESIAN_POINT ( 'NONE',  ( -12.58358775756656023, -15.05028416567583349, 11.80293235513692807 ) ) ;
#338 = VERTEX_POINT ( 'NONE', #1878 ) ;
#339 = DIRECTION ( 'NONE',  ( 1.000000000000000000, 0.000000000000000000, 0.000000000000000000 ) ) ;
#340 = DIRECTION ( 'NONE',  ( 0.000000000000000000, 0.8090169943749445647, 0.5877852522924770229 ) ) ;
#341 = ORIENTED_EDGE ( 'NONE', *, *, #2889, .T. ) ;
#342 = DIRECTION ( 'NONE',  ( 0.000000000000000000, 0.000000000000000000, 1.000000000000000000 ) ) ;
#343 = EDGE_CURVE ( 'NONE', #3000, #338, #2844, .T. ) ;
#344 = ORIENTED_EDGE ( 'NONE', *, *, #1476, .T. ) ;
#345 = DIRECTION ( 'NONE',  ( -1.000000000000000000, -0.000000000000000000, -0.000000000000000000 ) ) ;
#346 = ORIENTED_EDGE ( 'NONE', *, *, #1539, .T. ) ;
#347 = CARTESIAN_POINT ( 'NONE',  ( -7.583587757566561116, 22.79008162712763763, 5.957630435525721246 ) ) ;
#348 = VECTOR ( 'NONE', #154, 1000.000000000000000 ) ;
#349 = ADVANCED_FACE ( 'NONE', ( #2058 ), #624, .T. ) ;
#350 = ORIENTED_EDGE ( 'NONE', *, *, #1640, .T. ) ;
#351 = DIRECTION ( 'NONE',  ( 0.000000000000000000, 0.000000000000000000, -1.000000000000000000 ) ) ;
#352 = CIRCLE ( 'NONE', #855, 7.999999999999998224 ) ;
#353 = DIRECTION ( 'NONE',  ( -1.000000000000000000, 0.000000000000000000, -0.000000000000000000 ) ) ;
#354 = VERTEX_POINT ( 'NONE', #2549 ) ;
#355 = CARTESIAN_POINT ( 'NONE',  ( -12.58358775756656023, 3.317278947405430056, -16.12927790842240228 ) ) ;
#356 = CARTESIAN_POINT ( 'NONE',  ( -12.58358775756656023, 8.303450538714072238, 1.341911707413601107 ) ) ;
#357 = VERTEX_POINT ( 'NONE', #1107 ) ;
#358 = DIRECTION ( 'NONE',  ( 0.000000000000000000, 0.5877852522924685852, 0.8090169943749507819 ) ) ;
#359 = AXIS2_PLACEMENT_3D ( 'NONE', #3108, #2438, #685 ) ;
#360 = ORIENTED_EDGE ( 'NONE', *, *, #1746, .T. ) ;
#361 = LINE ( 'NONE', #584, #1619 ) ;
#362 = ORIENTED_EDGE ( 'NONE', *, *, #1539, .F. ) ;
#363 = CARTESIAN_POINT ( 'NONE',  ( -12.58358775756656023, -14.32418084902444910, 11.83595212586888579 ) ) ;
#364 = AXIS2_PLACEMENT_3D ( 'NONE', #2935, #2903, #741 ) ;
#365 = PRODUCT_DEFINITION ( 'UNKNOWN', '', #2754, #2618 ) ;
#366 = ORIENTED_EDGE ( 'NONE', *, *, #1251, .F. ) ;
#367 = CARTESIAN_POINT ( 'NONE',  ( -7.583587757566561116, -15.53553277982271297, -8.166754912403252575 ) ) ;
#368 = DIRECTION ( 'NONE',  ( -1.000000000000000000, -0.000000000000000000, -0.000000000000000000 ) ) ;
#369 = EDGE_CURVE ( 'NONE', #1415, #1035, #1972, .T. ) ;
#370 = ADVANCED_FACE ( 'NONE', ( #2861 ), #458, .T. ) ;
#371 = ORIENTED_EDGE ( 'NONE', *, *, #2133, .F. ) ;
#372 = CARTESIAN_POINT ( 'NONE',  ( -7.583587757566560228, 0.3034505387140718491, 1.341911707413601107 ) ) ;
#373 = ORIENTED_EDGE ( 'NONE', *, *, #133, .F. ) ;
#374 = CARTESIAN_POINT ( 'NONE',  ( -12.58358775756656023, 21.24867987920617196, 9.470139763052513260 ) ) ;
#375 = AXIS2_PLACEMENT_3D ( 'NONE', #2973, #105, #815 ) ;
#376 = ORIENTED_EDGE ( 'NONE', *, *, #1455, .T. ) ;
#377 = DIRECTION ( 'NONE',  ( 0.000000000000000000, 0.000000000000000000, 1.000000000000000000 ) ) ;
#378 = CARTESIAN_POINT ( 'NONE',  ( -7.583587757566561116, 19.01759696747375017, -8.129566312041374587 ) ) ;
#379 = VECTOR ( 'NONE', #1984, 1000.000000000000000 ) ;
#380 = VECTOR ( 'NONE', #1770, 1000.000000000000000 ) ;
#381 = VERTEX_POINT ( 'NONE', #2654 ) ;
#382 = FACE_OUTER_BOUND ( 'NONE', #1613, .T. ) ;
#383 = CYLINDRICAL_SURFACE ( 'NONE', #130, 7.999999999999998224 ) ;
#384 = AXIS2_PLACEMENT_3D ( 'NONE', #1467, #2209, #2005 ) ;
#385 = ORIENTED_EDGE ( 'NONE', *, *, #787, .F. ) ;
#386 = CIRCLE ( 'NONE', #3095, 7.999999999999999112 ) ;
#387 = EDGE_CURVE ( 'NONE', #1398, #2757, #1266, .T. ) ;
#388 = ORIENTED_EDGE ( 'NONE', *, *, #461, .T. ) ;
#389 = DIRECTION ( 'NONE',  ( -1.000000000000000000, -0.000000000000000000, 0.000000000000000000 ) ) ;
#390 = ORIENTED_EDGE ( 'NONE', *, *, #2869, .T. ) ;
#391 = CYLINDRICAL_SURFACE ( 'NONE', #1673, 1.599999999999997202 ) ;
#392 = VERTEX_POINT ( 'NONE', #974 ) ;
#393 = DIRECTION ( 'NONE',  ( -1.000000000000000000, 0.000000000000000000, 0.000000000000000000 ) ) ;
#394 = ORIENTED_EDGE ( 'NONE', *, *, #1623, .T. ) ;
#395 = CYLINDRICAL_SURFACE ( 'NONE', #1789, 7.999999999999998224 ) ;
#396 = CIRCLE ( 'NONE', #1253, 22.00000000000000000 ) ;
#397 = ORIENTED_EDGE ( 'NONE', *, *, #2367, .F. ) ;
#398 = AXIS2_PLACEMENT_3D ( 'NONE', #2343, #688, #407 ) ;
#399 = ADVANCED_FACE ( 'NONE', ( #1448 ), #993, .T. ) ;
#400 = ADVANCED_FACE ( 'NONE', ( #523 ), #1483, .T. ) ;
#401 = AXIS2_PLACEMENT_3D ( 'NONE', #1901, #232, #660 ) ;
#402 = VERTEX_POINT ( 'NONE', #552 ) ;
#403 = CARTESIAN_POINT ( 'NONE',  ( -7.583587757566561116, 3.317278947405429612, -16.12927790842240583 ) ) ;
#404 = ORIENTED_EDGE ( 'NONE', *, *, #1189, .T. ) ;
#405 = DIRECTION ( 'NONE',  ( 0.000000000000000000, 0.5877852522924685852, 0.8090169943749507819 ) ) ;
#406 = ORIENTED_EDGE ( 'NONE', *, *, #2562, .F. ) ;
#407 = DIRECTION ( 'NONE',  ( 0.000000000000000000, 0.000000000000000000, 1.000000000000000000 ) ) ;
#408 = AXIS2_PLACEMENT_3D ( 'NONE', #2376, #1614, #1906 ) ;
#409 = ORIENTED_EDGE ( 'NONE', *, *, #617, .F. ) ;
#410 = CARTESIAN_POINT ( 'NONE',  ( -7.583587757566561116, 20.83948107293613461, -7.589414224251049390 ) ) ;
#411 = LINE ( 'NONE', #1337, #1736 ) ;
#412 = CIRCLE ( 'NONE', #1918, 7.999999999999999112 ) ;
#413 = EDGE_LOOP ( 'NONE', ( #2110, #2989, #2560, #3064 ) ) ;
#414 = DIRECTION ( 'NONE',  ( 0.000000000000000000, 0.000000000000000000, 1.000000000000000000 ) ) ;
#415 = AXIS2_PLACEMENT_3D ( 'NONE', #2875, #2827, #710 ) ;
#416 = VERTEX_POINT ( 'NONE', #794 ) ;
#417 = CARTESIAN_POINT ( 'NONE',  ( -7.583587757566561116, 4.303450538714072238, 1.341911707413601107 ) ) ;
#418 = EDGE_LOOP ( 'NONE', ( #2118, #1460, #679, #2600 ) ) ;
#419 = EDGE_CURVE ( 'NONE', #2724, #1900, #1872, .T. ) ;
#420 = CARTESIAN_POINT ( 'NONE',  ( -10.08358775756656200, 25.94257920262550599, -2.626477218420976811 ) ) ;
#421 = EDGE_CURVE ( 'NONE', #1258, #1035, #1216, .T. ) ;
#422 = CIRCLE ( 'NONE', #1475, 22.00000000000000000 ) ;
#423 = ORIENTED_EDGE ( 'NONE', *, *, #62, .F. ) ;
#424 = CARTESIAN_POINT ( 'NONE',  ( -7.583587757566561116, 22.79008162712759145, 4.726192979301734098 ) ) ;
#425 = ORIENTED_EDGE ( 'NONE', *, *, #3021, .F. ) ;
#426 = VECTOR ( 'NONE', #2051, 1000.000000000000000 ) ;
#427 = ADVANCED_FACE ( 'NONE', ( #2176 ), #1973, .T. ) ;
#428 = DIRECTION ( 'NONE',  ( 0.000000000000000000, 0.5877852522924684742, 0.8090169943749508930 ) ) ;
#429 = DIRECTION ( 'NONE',  ( 0.000000000000000000, 0.5877852522924684742, 0.8090169943749506709 ) ) ;
#430 = CIRCLE ( 'NONE', #124, 17.49900000000000233 ) ;
#431 = ORIENTED_EDGE ( 'NONE', *, *, #1157, .F. ) ;
#432 = CYLINDRICAL_SURFACE ( 'NONE', #335, 7.999999999999998224 ) ;
#433 = CIRCLE ( 'NONE', #834, 7.999999999999998224 ) ;
#434 = CIRCLE ( 'NONE', #27, 22.00000000000000000 ) ;
#435 = CARTESIAN_POINT ( 'NONE',  ( -22.58358775756656200, 4.303450538714072238, 1.341911707413601107 ) ) ;
#436 = ORIENTED_EDGE ( 'NONE', *, *, #2857, .F. ) ;
#437 = CARTESIAN_POINT ( 'NONE',  ( -12.58358775756656023, -12.61738197393914618, -3.119077877727542081 ) ) ;
#438 = ORIENTED_EDGE ( 'NONE', *, *, #1944, .T. ) ;
#439 = CARTESIAN_POINT ( 'NONE',  ( -12.58358775756656023, 8.303450538714074014, 22.90626762070102984 ) ) ;
#440 = ORIENTED_EDGE ( 'NONE', *, *, #2402, .F. ) ;
#441 = CARTESIAN_POINT ( 'NONE',  ( -7.583587757566561116, 8.764440123855274933, -15.57892080523960310 ) ) ;
#442 = DIRECTION ( 'NONE',  ( -1.000000000000000000, 0.000000000000000000, 0.000000000000000000 ) ) ;
#443 = ORIENTED_EDGE ( 'NONE', *, *, #478, .F. ) ;
#444 = CARTESIAN_POINT ( 'NONE',  ( -7.583587757566561116, 15.37058771164646309, 14.89674390097092704 ) ) ;
#445 = CARTESIAN_POINT ( 'NONE',  ( -7.583587757566561116, 4.303450538714072238, 1.341911707413601107 ) ) ;
#446 = AXIS2_PLACEMENT_3D ( 'NONE', #1725, #65, #1969 ) ;
#447 = CIRCLE ( 'NONE', #2815, 1.599999999999997202 ) ;
#448 = CARTESIAN_POINT ( 'NONE',  ( -7.583587757566561116, -12.00789441177070849, -4.994887713926379647 ) ) ;
#449 = DIRECTION ( 'NONE',  ( -1.000000000000000000, -0.000000000000000000, -0.000000000000000000 ) ) ;
#450 = CYLINDRICAL_SURFACE ( 'NONE', #223, 17.49900000000000233 ) ;
#451 = EDGE_LOOP ( 'NONE', ( #148, #425, #2835, #2624 ) ) ;
#452 = CARTESIAN_POINT ( 'NONE',  ( -12.58358775756656023, -15.53553277982271297, -8.166754912403252575 ) ) ;
#453 = ORIENTED_EDGE ( 'NONE', *, *, #2720, .F. ) ;
#454 = DIRECTION ( 'NONE',  ( 0.000000000000000000, 0.000000000000000000, -1.000000000000000000 ) ) ;
#455 = DIRECTION ( 'NONE',  ( 0.000000000000000000, 0.000000000000000000, 1.000000000000000000 ) ) ;
#456 = EDGE_CURVE ( 'NONE', #1721, #2268, #1710, .T. ) ;
#457 = ORIENTED_EDGE ( 'NONE', *, *, #1019, .T. ) ;
#458 = CYLINDRICAL_SURFACE ( 'NONE', #1118, 8.000000000000000000 ) ;
#459 = FACE_OUTER_BOUND ( 'NONE', #451, .T. ) ;
#460 = CARTESIAN_POINT ( 'NONE',  ( -7.583587757566561116, -17.50288340242041940, 4.254608060919346180 ) ) ;
#461 = EDGE_CURVE ( 'NONE', #1739, #2432, #2117, .T. ) ;
#462 = EDGE_CURVE ( 'NONE', #473, #1139, #571, .T. ) ;
#463 = AXIS2_PLACEMENT_3D ( 'NONE', #2640, #1910, #177 ) ;
#464 = DIRECTION ( 'NONE',  ( 1.000000000000000000, 0.000000000000000000, 0.000000000000000000 ) ) ;
#465 = ORIENTED_EDGE ( 'NONE', *, *, #1076, .F. ) ;
#466 = DIRECTION ( 'NONE',  ( 0.000000000000000000, 0.000000000000000000, 1.000000000000000000 ) ) ;
#467 = EDGE_LOOP ( 'NONE', ( #2761, #2510, #431, #2514 ) ) ;
#468 = CARTESIAN_POINT ( 'NONE',  ( -12.58358775756656023, 4.303450538714072238, 42.94191170741360253 ) ) ;
#469 = ORIENTED_EDGE ( 'NONE', *, *, #1373, .F. ) ;
#470 = DIRECTION ( 'NONE',  ( 0.000000000000000000, 0.000000000000000000, 1.000000000000000000 ) ) ;
#471 = LINE ( 'NONE', #1907, #785 ) ;
#472 = AXIS2_PLACEMENT_3D ( 'NONE', #1458, #1017, #1442 ) ;
#473 = VERTEX_POINT ( 'NONE', #1988 ) ;
#474 = LINE ( 'NONE', #372, #2577 ) ;
#475 = DIRECTION ( 'NONE',  ( -1.000000000000000000, -0.000000000000000000, -0.000000000000000000 ) ) ;
#476 = DIRECTION ( 'NONE',  ( -1.000000000000000000, 0.000000000000000000, 0.000000000000000000 ) ) ;
#477 = VECTOR ( 'NONE', #1313, 1000.000000000000000 ) ;
#478 = EDGE_CURVE ( 'NONE', #854, #1490, #114, .T. ) ;
#479 = CARTESIAN_POINT ( 'NONE',  ( -7.583587757566561116, -10.41069589004540141, -8.129566312041699661 ) ) ;
#480 = DIRECTION ( 'NONE',  ( -1.000000000000000000, 0.000000000000000000, 0.000000000000000000 ) ) ;
#481 = ORIENTED_EDGE ( 'NONE', *, *, #264, .T. ) ;
#482 = CARTESIAN_POINT ( 'NONE',  ( -12.58358775756656023, 20.23310532111045745, -13.83195063919004753 ) ) ;
#483 = ORIENTED_EDGE ( 'NONE', *, *, #1979, .F. ) ;
#484 = CARTESIAN_POINT ( 'NONE',  ( -7.583587757566561116, 13.77492855816921136, 16.05605813617318134 ) ) ;
#485 = DIRECTION ( 'NONE',  ( 1.000000000000000000, 0.000000000000000000, 0.000000000000000000 ) ) ;
#486 = ORIENTED_EDGE ( 'NONE', *, *, #227, .F. ) ;
#487 = DIRECTION ( 'NONE',  ( 0.000000000000000000, 0.000000000000000000, -1.000000000000000000 ) ) ;
#488 = CARTESIAN_POINT ( 'NONE',  ( -7.583587757566561116, 13.23477647037889504, -15.19411882680836712 ) ) ;
#489 = DIRECTION ( 'NONE',  ( -1.000000000000000000, -0.000000000000000000, -0.000000000000000000 ) ) ;
#490 = APPROVAL_ROLE ( '' ) ;
#491 = EDGE_CURVE ( 'NONE', #2659, #1042, #1874, .T. ) ;
#492 = CIRCLE ( 'NONE', #2257, 7.999999999999999112 ) ;
#493 = EDGE_CURVE ( 'NONE', #964, #1338, #2734, .T. ) ;
#494 = LINE ( 'NONE', #479, #510 ) ;
#495 = AXIS2_PLACEMENT_3D ( 'NONE', #626, #2551, #1344 ) ;
#496 = CARTESIAN_POINT ( 'NONE',  ( -12.58358775756656023, 17.85828273227136265, 12.40904888034604525 ) ) ;
#497 = ORIENTED_EDGE ( 'NONE', *, *, #2984, .T. ) ;
#498 = DIRECTION ( 'NONE',  ( -1.000000000000000000, 0.000000000000000000, 0.000000000000000000 ) ) ;
#499 = EDGE_CURVE ( 'NONE', #2080, #1987, #1661, .T. ) ;
#500 = ADVANCED_FACE ( 'NONE', ( #2226 ), #1497, .T. ) ;
#501 = VERTEX_POINT ( 'NONE', #68 ) ;
#502 = FACE_OUTER_BOUND ( 'NONE', #2014, .T. ) ;
#503 = DIRECTION ( 'NONE',  ( 0.000000000000000000, -0.3090169943749350168, -0.9510565162951576390 ) ) ;
#504 = ORIENTED_EDGE ( 'NONE', *, *, #2402, .T. ) ;
#505 = DIRECTION ( 'NONE',  ( -1.000000000000000000, 0.000000000000000000, 0.000000000000000000 ) ) ;
#506 = CARTESIAN_POINT ( 'NONE',  ( -7.583587757566561116, 1.809410120258860166, -17.28571968032492734 ) ) ;
#507 = CYLINDRICAL_SURFACE ( 'NONE', #784, 1.500000000000000444 ) ;
#508 = VECTOR ( 'NONE', #2177, 1000.000000000000000 ) ;
#509 = AXIS2_PLACEMENT_3D ( 'NONE', #709, #3002, #1416 ) ;
#510 = VECTOR ( 'NONE', #1220, 1000.000000000000000 ) ;
#511 = CARTESIAN_POINT ( 'NONE',  ( -7.583587757566561116, -5.168027480741170798, 16.05605813617311384 ) ) ;
#512 = CARTESIAN_POINT ( 'NONE',  ( -10.08358775756656023, -11.62620424368219929, 16.51577405401737053 ) ) ;
#513 = ORIENTED_EDGE ( 'NONE', *, *, #2043, .T. ) ;
#514 = CARTESIAN_POINT ( 'NONE',  ( -12.58358775756656023, -15.05028416567568073, -9.119108940310004741 ) ) ;
#515 = CIRCLE ( 'NONE', #2834, 1.599999999999997202 ) ;
#516 = EDGE_CURVE ( 'NONE', #312, #115, #2122, .T. ) ;
#517 = ORIENTED_EDGE ( 'NONE', *, *, #1640, .F. ) ;
#518 = ADVANCED_FACE ( 'NONE', ( #1199 ), #3119, .T. ) ;
#519 = CYLINDRICAL_SURFACE ( 'NONE', #2693, 7.999999999999998224 ) ;
#520 = LINE ( 'NONE', #316, #195 ) ;
#521 = EDGE_CURVE ( 'NONE', #2849, #944, #2682, .T. ) ;
#522 = ORIENTED_EDGE ( 'NONE', *, *, #2765, .F. ) ;
#523 = FACE_OUTER_BOUND ( 'NONE', #304, .T. ) ;
#524 = DIRECTION ( 'NONE',  ( -1.000000000000000000, -0.000000000000000000, -0.000000000000000000 ) ) ;
#525 = CARTESIAN_POINT ( 'NONE',  ( -7.583587757566560228, 0.3034505387140718491, 41.34191170741360111 ) ) ;
#526 = CIRCLE ( 'NONE', #2180, 7.999999999999998224 ) ;
#527 = AXIS2_PLACEMENT_3D ( 'NONE', #770, #1259, #315 ) ;
#528 = APPROVAL_STATUS ( 'not_yet_approved' ) ;
#529 = VECTOR ( 'NONE', #480, 1000.000000000000000 ) ;
#530 = LINE ( 'NONE', #2472, #1358 ) ;
#531 = LINE ( 'NONE', #1489, #2695 ) ;
#532 = ORIENTED_EDGE ( 'NONE', *, *, #941, .T. ) ;
#533 = CARTESIAN_POINT ( 'NONE',  ( -10.08358775756656023, 1.390754185208402660, -20.46442223372090297 ) ) ;
#534 = AXIS2_PLACEMENT_3D ( 'NONE', #2876, #711, #1926 ) ;
#535 = ORIENTED_EDGE ( 'NONE', *, *, #1357, .T. ) ;
#536 = CARTESIAN_POINT ( 'NONE',  ( -10.08358775756656023, -15.53553277982271297, -8.166754912403252575 ) ) ;
#537 = DIRECTION ( 'NONE',  ( 0.000000000000000000, 1.000000000000000000, -4.336808689942017736E-17 ) ) ;
#538 = EDGE_CURVE ( 'NONE', #2101, #2378, #2982, .T. ) ;
#539 = VERTEX_POINT ( 'NONE', #2364 ) ;
#540 = DIRECTION ( 'NONE',  ( 0.000000000000000000, 0.000000000000000000, 1.000000000000000000 ) ) ;
#541 = CARTESIAN_POINT ( 'NONE',  ( -12.58358775756656023, 23.65718524310390336, 11.80293235513706485 ) ) ;
#542 = CARTESIAN_POINT ( 'NONE',  ( -7.583587757566561116, -14.32418084902444910, 11.83595212586888579 ) ) ;
#543 = MECHANICAL_CONTEXT ( 'NONE', #1445, 'mechanical' ) ;
#544 = CARTESIAN_POINT ( 'NONE',  ( -7.583587757566561116, -14.32418084902440647, -1.152128711041954245 ) ) ;
#545 = DIRECTION ( 'NONE',  ( 0.000000000000000000, 0.000000000000000000, 1.000000000000000000 ) ) ;
#546 = VERTEX_POINT ( 'NONE', #2102 ) ;
#547 = CARTESIAN_POINT ( 'NONE',  ( -12.58358775756656023, -0.1575390464267755752, -15.57892080523969724 ) ) ;
#548 = ORIENTED_EDGE ( 'NONE', *, *, #1437, .F. ) ;
#549 = CARTESIAN_POINT ( 'NONE',  ( -7.583587757566561116, -0.1575390464270140789, 18.26274422006684262 ) ) ;
#550 = CARTESIAN_POINT ( 'NONE',  ( -7.583587757566561116, 4.303450538714072238, 1.341911707413601107 ) ) ;
#551 = VERTEX_POINT ( 'NONE', #1879 ) ;
#552 = CARTESIAN_POINT ( 'NONE',  ( -7.583587757566562892, 4.303450538714072238, 2.841911707413601551 ) ) ;
#553 = AXIS2_PLACEMENT_3D ( 'NONE', #2838, #1887, #2854 ) ;
#554 = DIRECTION ( 'NONE',  ( 0.000000000000000000, 0.3090169943749412340, 0.9510565162951556406 ) ) ;
#555 = CARTESIAN_POINT ( 'NONE',  ( -7.583587757566561116, 22.79008162712763763, -2.042369564474276977 ) ) ;
#556 = AXIS2_PLACEMENT_3D ( 'NONE', #2346, #2810, #2620 ) ;
#557 = ADVANCED_FACE ( 'NONE', ( #3055 ), #697, .T. ) ;
#558 = ORIENTED_EDGE ( 'NONE', *, *, #690, .T. ) ;
#559 = ADVANCED_FACE ( 'NONE', ( #459 ), #2349, .T. ) ;
#560 = EDGE_CURVE ( 'NONE', #1441, #966, #1013, .T. ) ;
#561 = DATE_AND_TIME ( #2008, #590 ) ;
#562 = DIRECTION ( 'NONE',  ( 0.000000000000000000, 0.000000000000000000, 1.000000000000000000 ) ) ;
#563 = AXIS2_PLACEMENT_3D ( 'NONE', #2739, #58, #2279 ) ;
#564 = CARTESIAN_POINT ( 'NONE',  ( -7.583587757566561116, 19.47731288531812766, -14.58774307498239864 ) ) ;
#565 = VERTEX_POINT ( 'NONE', #3104 ) ;
#566 = CARTESIAN_POINT ( 'NONE',  ( -12.58358775756656023, 12.43167859435317091, -15.60331763307840802 ) ) ;
#567 = AXIS2_PLACEMENT_3D ( 'NONE', #1342, #2772, #871 ) ;
#568 = ORIENTED_EDGE ( 'NONE', *, *, #560, .T. ) ;
#569 = CYLINDRICAL_SURFACE ( 'NONE', #2037, 22.00000000000000000 ) ;
#570 = CARTESIAN_POINT ( 'NONE',  ( -12.58358775756656023, -5.168027480741170798, 16.05605813617311384 ) ) ;
#571 = CIRCLE ( 'NONE', #1714, 17.49900000000000233 ) ;
#572 = ORIENTED_EDGE ( 'NONE', *, *, #2199, .T. ) ;
#573 = CARTESIAN_POINT ( 'NONE',  ( -7.583587757566561116, 0.9191692668263908850, -17.14471938099999804 ) ) ;
#574 = DIRECTION ( 'NONE',  ( 0.000000000000000000, 0.000000000000000000, 1.000000000000000000 ) ) ;
#575 = EDGE_LOOP ( 'NONE', ( #1604, #2975, #1423, #28 ) ) ;
#576 = EDGE_CURVE ( 'NONE', #2584, #392, #515, .T. ) ;
#577 = AXIS2_PLACEMENT_3D ( 'NONE', #2188, #1509, #80 ) ;
#578 = DIRECTION ( 'NONE',  ( -1.000000000000000000, 0.000000000000000000, 0.000000000000000000 ) ) ;
#579 = CARTESIAN_POINT ( 'NONE',  ( -7.583587757566561116, -12.64177880177796887, -6.786316348225438944 ) ) ;
#580 = ORIENTED_EDGE ( 'NONE', *, *, #194, .F. ) ;
#581 = CARTESIAN_POINT ( 'NONE',  ( -7.583587757566560228, 8.303450538714074014, 41.34191170741360111 ) ) ;
#582 = ADVANCED_FACE ( 'NONE', ( #1200 ), #2158, .T. ) ;
#583 = ORIENTED_EDGE ( 'NONE', *, *, #1157, .T. ) ;
#584 = CARTESIAN_POINT ( 'NONE',  ( -7.583587757566561116, -5.168027480740955859, -13.37223472134604663 ) ) ;
#585 = DIRECTION ( 'NONE',  ( -1.000000000000000000, -0.000000000000000000, -0.000000000000000000 ) ) ;
#586 = VECTOR ( 'NONE', #2796, 1000.000000000000000 ) ;
#587 = ORIENTED_EDGE ( 'NONE', *, *, #2507, .T. ) ;
#588 = CARTESIAN_POINT ( 'NONE',  ( -7.583587757566561116, 0.9191692668261272070, 19.82854279582715407 ) ) ;
#589 = FACE_OUTER_BOUND ( 'NONE', #1354, .T. ) ;
#590 = LOCAL_TIME ( 23, 28, 4.000000000000000000, #1735 ) ;
#591 = ORIENTED_EDGE ( 'NONE', *, *, #194, .T. ) ;
#592 =( GEOMETRIC_REPRESENTATION_CONTEXT ( 3 ) GLOBAL_UNCERTAINTY_ASSIGNED_CONTEXT ( ( #1794 ) ) GLOBAL_UNIT_ASSIGNED_CONTEXT ( ( #1977, #2673, #3 ) ) REPRESENTATION_CONTEXT ( 'NONE', 'WORKASPACE' ) );
#593 = DIRECTION ( 'NONE',  ( -0.000000000000000000, -0.000000000000000000, -1.000000000000000000 ) ) ;
#594 = ADVANCED_FACE ( 'NONE', ( #2704 ), #1484, .T. ) ;
#595 = DIRECTION ( 'NONE',  ( 1.000000000000000000, 0.000000000000000000, 0.000000000000000000 ) ) ;
#596 = VERTEX_POINT ( 'NONE', #742 ) ;
#597 = FACE_OUTER_BOUND ( 'NONE', #611, .T. ) ;
#598 = EDGE_CURVE ( 'NONE', #2107, #1176, #161, .T. ) ;
#599 = EDGE_LOOP ( 'NONE', ( #1835, #1795, #736, #659 ) ) ;
#600 = EDGE_CURVE ( 'NONE', #165, #640, #2633, .T. ) ;
#601 = DIRECTION ( 'NONE',  ( 1.000000000000000000, 0.000000000000000000, 0.000000000000000000 ) ) ;
#602 = ADVANCED_FACE ( 'NONE', ( #1263 ), #795, .T. ) ;
#603 = VERTEX_POINT ( 'NONE', #1466 ) ;
#604 = CARTESIAN_POINT ( 'NONE',  ( -10.08358775756656023, 13.81211715853099165, -18.49707161112315035 ) ) ;
#605 = CIRCLE ( 'NONE', #745, 7.999999999999998224 ) ;
#606 = ORIENTED_EDGE ( 'NONE', *, *, #1939, .T. ) ;
#607 = DIRECTION ( 'NONE',  ( -1.000000000000000000, -0.000000000000000000, 0.000000000000000000 ) ) ;
#608 = CYLINDRICAL_SURFACE ( 'NONE', #1237, 7.999999999999998224 ) ;
#609 = ORIENTED_EDGE ( 'NONE', *, *, #521, .F. ) ;
#610 = CARTESIAN_POINT ( 'NONE',  ( -7.583587757566561116, 20.23310532111023718, 16.51577405401748067 ) ) ;
#611 = EDGE_LOOP ( 'NONE', ( #1390, #171, #2319, #572 ) ) ;
#612 = CARTESIAN_POINT ( 'NONE',  ( -12.58358775756656023, 4.303450538714072238, 41.34191170741360111 ) ) ;
#613 = CIRCLE ( 'NONE', #2166, 7.999999999999996447 ) ;
#614 = ORIENTED_EDGE ( 'NONE', *, *, #1383, .F. ) ;
#615 = FACE_OUTER_BOUND ( 'NONE', #3043, .T. ) ;
#616 = LINE ( 'NONE', #2808, #1908 ) ;
#617 = EDGE_CURVE ( 'NONE', #314, #2292, #2076, .T. ) ;
#618 = ADVANCED_FACE ( 'NONE', ( #16 ), #1749, .T. ) ;
#619 = ORIENTED_EDGE ( 'NONE', *, *, #2657, .F. ) ;
#620 = AXIS2_PLACEMENT_3D ( 'NONE', #2684, #2464, #2951 ) ;
#621 = DIRECTION ( 'NONE',  ( 0.000000000000000000, 0.000000000000000000, 1.000000000000000000 ) ) ;
#622 = EDGE_CURVE ( 'NONE', #1297, #2683, #288, .T. ) ;
#623 = ORIENTED_EDGE ( 'NONE', *, *, #1340, .T. ) ;
#624 = CYLINDRICAL_SURFACE ( 'NONE', #2482, 7.999999999999998224 ) ;
#625 = ORIENTED_EDGE ( 'NONE', *, *, #2168, .F. ) ;
#626 = CARTESIAN_POINT ( 'NONE',  ( -12.58358775756656023, -14.18318054969946829, -2.042369564474411980 ) ) ;
#627 = EDGE_LOOP ( 'NONE', ( #1877, #2972, #86, #360 ) ) ;
#628 = CARTESIAN_POINT ( 'NONE',  ( -7.583587757566561116, 25.94257920262550599, -2.626477218420975035 ) ) ;
#629 = CARTESIAN_POINT ( 'NONE',  ( -12.58358775756656023, 4.303450538714072238, 1.341911707413601107 ) ) ;
#630 = CIRCLE ( 'NONE', #1576, 4.000000000000003553 ) ;
#631 = AXIS2_PLACEMENT_3D ( 'NONE', #1360, #1885, #2615 ) ;
#632 = VERTEX_POINT ( 'NONE', #541 ) ;
#633 = CYLINDRICAL_SURFACE ( 'NONE', #2340, 7.999999999999996447 ) ;
#634 = EDGE_CURVE ( 'NONE', #657, #1411, #2430, .T. ) ;
#635 = AXIS2_PLACEMENT_3D ( 'NONE', #2255, #1249, #574 ) ;
#636 = APPROVAL ( #1436, 'UNSPECIFIED' ) ;
#637 = ORIENTED_EDGE ( 'NONE', *, *, #133, .T. ) ;
#638 = ORIENTED_EDGE ( 'NONE', *, *, #2267, .F. ) ;
#639 = DIRECTION ( 'NONE',  ( 0.000000000000000000, -0.3090169943749548898, 0.9510565162951511997 ) ) ;
#640 = VERTEX_POINT ( 'NONE', #2465 ) ;
#641 = LINE ( 'NONE', #2119, #175 ) ;
#642 = ORIENTED_EDGE ( 'NONE', *, *, #96, .T. ) ;
#643 = CARTESIAN_POINT ( 'NONE',  ( -7.583587757566561116, -9.300659642329193844, 14.30867980545502860 ) ) ;
#644 = EDGE_LOOP ( 'NONE', ( #591, #587, #1347, #2256 ) ) ;
#645 = CARTESIAN_POINT ( 'NONE',  ( -7.583587757566561116, 13.77492855816942274, -13.37223472134584057 ) ) ;
#646 = CARTESIAN_POINT ( 'NONE',  ( -7.583587757566561116, -4.627875392950405065, -15.19411882680855541 ) ) ;
#647 = CIRCLE ( 'NONE', #1550, 7.999999999999998224 ) ;
#648 = AXIS2_PLACEMENT_3D ( 'NONE', #2557, #334, #1102 ) ;
#649 = ORIENTED_EDGE ( 'NONE', *, *, #2197, .F. ) ;
#650 = CIRCLE ( 'NONE', #1001, 17.49900000000000233 ) ;
#651 = EDGE_CURVE ( 'NONE', #539, #1790, #1519, .T. ) ;
#652 = ADVANCED_FACE ( 'NONE', ( #1025 ), #1232, .T. ) ;
#653 = VECTOR ( 'NONE', #1135, 1000.000000000000000 ) ;
#654 = EDGE_LOOP ( 'NONE', ( #803, #145, #1588, #2788 ) ) ;
#655 = DIRECTION ( 'NONE',  ( 0.000000000000000000, 0.000000000000000000, -1.000000000000000000 ) ) ;
#656 = AXIS2_PLACEMENT_3D ( 'NONE', #410, #1629, #454 ) ;
#657 = VERTEX_POINT ( 'NONE', #1989 ) ;
#658 = CARTESIAN_POINT ( 'NONE',  ( -12.58358775756656023, 22.79008162712763763, 5.957630435525721246 ) ) ;
#659 = ORIENTED_EDGE ( 'NONE', *, *, #1829, .T. ) ;
#660 = DIRECTION ( 'NONE',  ( 0.000000000000000000, -0.3090169943749551118, 0.9510565162951510887 ) ) ;
#661 = VECTOR ( 'NONE', #1121, 1000.000000000000000 ) ;
#662 = ORIENTED_EDGE ( 'NONE', *, *, #1034, .F. ) ;
#663 = DIRECTION ( 'NONE',  ( -1.000000000000000000, 0.000000000000000000, -0.000000000000000000 ) ) ;
#664 = CARTESIAN_POINT ( 'NONE',  ( -7.583587757566561116, 4.303450538714072238, 1.341911707413601107 ) ) ;
#665 = ORIENTED_EDGE ( 'NONE', *, *, #33, .F. ) ;
#666 = DIRECTION ( 'NONE',  ( 0.000000000000000000, 0.8090169943749447867, 0.5877852522924769119 ) ) ;
#667 = AXIS2_PLACEMENT_3D ( 'NONE', #272, #773, #758 ) ;
#668 = DIRECTION ( 'NONE',  ( 0.000000000000000000, 0.000000000000000000, 1.000000000000000000 ) ) ;
#669 = EDGE_CURVE ( 'NONE', #3094, #1441, #2952, .T. ) ;
#670 = EDGE_LOOP ( 'NONE', ( #185, #1638, #67, #1443 ) ) ;
#671 = FACE_OUTER_BOUND ( 'NONE', #2263, .T. ) ;
#672 = ORIENTED_EDGE ( 'NONE', *, *, #977, .T. ) ;
#673 = CARTESIAN_POINT ( 'NONE',  ( -7.583587757566561116, 26.10978447984854611, 4.254608060919498058 ) ) ;
#674 = ORIENTED_EDGE ( 'NONE', *, *, #2561, .F. ) ;
#675 = AXIS2_PLACEMENT_3D ( 'NONE', #2299, #3020, #863 ) ;
#676 = DIRECTION ( 'NONE',  ( 0.000000000000000000, 0.8090169943749486725, -0.5877852522924713607 ) ) ;
#677 = CARTESIAN_POINT ( 'NONE',  ( -7.583587757566561116, -13.16773907712191516, 0.3557401161046517268 ) ) ;
#678 = VECTOR ( 'NONE', #3046, 1000.000000000000000 ) ;
#679 = ORIENTED_EDGE ( 'NONE', *, *, #2798, .F. ) ;
#680 = CARTESIAN_POINT ( 'NONE',  ( -22.58358775756656200, 4.303450538714072238, 1.341911707413601107 ) ) ;
#681 = AXIS2_PLACEMENT_3D ( 'NONE', #2467, #743, #2686 ) ;
#682 = AXIS2_PLACEMENT_3D ( 'NONE', #1321, #2330, #2544 ) ;
#683 = DIRECTION ( 'NONE',  ( -1.000000000000000000, -0.000000000000000000, 0.000000000000000000 ) ) ;
#684 = APPROVAL_PERSON_ORGANIZATION ( #1945, #636, #490 ) ;
#685 = DIRECTION ( 'NONE',  ( 0.000000000000000000, -0.8090169943749403458, -0.5877852522924830181 ) ) ;
#686 = CARTESIAN_POINT ( 'NONE',  ( -7.583587757566561116, 4.303450538714072238, 1.341911707413601107 ) ) ;
#687 = ORIENTED_EDGE ( 'NONE', *, *, #36, .T. ) ;
#688 = DIRECTION ( 'NONE',  ( -1.000000000000000000, -0.000000000000000000, -0.000000000000000000 ) ) ;
#689 = PRODUCT_RELATED_PRODUCT_CATEGORY ( 'detail', '', ( #1043 ) ) ;
#690 = EDGE_CURVE ( 'NONE', #138, #1800, #963, .T. ) ;
#691 = ORIENTED_EDGE ( 'NONE', *, *, #1696, .T. ) ;
#692 = ADVANCED_FACE ( 'NONE', ( #1712 ), #1217, .T. ) ;
#693 = CARTESIAN_POINT ( 'NONE',  ( -7.583587757566561116, -11.62620424368198080, -13.83195063919040102 ) ) ;
#694 = DIRECTION ( 'NONE',  ( -1.000000000000000000, -0.000000000000000000, -0.000000000000000000 ) ) ;
#695 = VERTEX_POINT ( 'NONE', #84 ) ;
#696 = CARTESIAN_POINT ( 'NONE',  ( -12.58358775756656023, 0.9191692668263908850, -17.14471938099999804 ) ) ;
#697 = CYLINDRICAL_SURFACE ( 'NONE', #2375, 7.999999999999998224 ) ;
#698 = CARTESIAN_POINT ( 'NONE',  ( -10.08358775756656023, -15.05028416567583349, 11.80293235513692807 ) ) ;
#699 = CIRCLE ( 'NONE', #1751, 22.00000000000000000 ) ;
#700 = DIRECTION ( 'NONE',  ( -1.000000000000000000, 0.000000000000000000, 0.000000000000000000 ) ) ;
#701 = DIRECTION ( 'NONE',  ( 0.000000000000000000, -0.9510565162951499785, -0.3090169943749581649 ) ) ;
#702 = DIRECTION ( 'NONE',  ( -1.000000000000000000, 0.000000000000000000, 0.000000000000000000 ) ) ;
#703 = EDGE_LOOP ( 'NONE', ( #687, #532, #3097, #1496 ) ) ;
#704 = FACE_OUTER_BOUND ( 'NONE', #627, .T. ) ;
#705 = CARTESIAN_POINT ( 'NONE',  ( -7.583587757566561116, 4.303450538714072238, 1.341911707413601107 ) ) ;
#706 = CARTESIAN_POINT ( 'NONE',  ( -7.583587757566561116, -14.32418084902440647, -1.152128711041954245 ) ) ;
#707 = CIRCLE ( 'NONE', #2476, 7.999999999999998224 ) ;
#708 = ORIENTED_EDGE ( 'NONE', *, *, #1138, .T. ) ;
#709 = CARTESIAN_POINT ( 'NONE',  ( -12.58358775756656023, -12.23257999550792796, -7.589414224251165741 ) ) ;
#710 = DIRECTION ( 'NONE',  ( 0.000000000000000000, 0.000000000000000000, -1.000000000000000000 ) ) ;
#711 = DIRECTION ( 'NONE',  ( -1.000000000000000000, -0.000000000000000000, -0.000000000000000000 ) ) ;
#712 = EDGE_CURVE ( 'NONE', #1075, #1805, #1071, .T. ) ;
#713 = AXIS2_PLACEMENT_3D ( 'NONE', #1262, #1938, #540 ) ;
#714 = COORDINATED_UNIVERSAL_TIME_OFFSET ( 7, 0, .AHEAD. ) ;
#715 = CARTESIAN_POINT ( 'NONE',  ( -7.583587757566561116, 10.64024996005387713, 17.65325665789845289 ) ) ;
#716 = DIRECTION ( 'NONE',  ( 1.000000000000000000, -0.000000000000000000, -0.000000000000000000 ) ) ;
#717 = ORIENTED_EDGE ( 'NONE', *, *, #981, .T. ) ;
#718 = CARTESIAN_POINT ( 'NONE',  ( -7.583587757566561116, -12.61738197393921546, 5.802901292554500046 ) ) ;
#719 = VERTEX_POINT ( 'NONE', #2004 ) ;
#720 = AXIS2_PLACEMENT_3D ( 'NONE', #374, #90, #2013 ) ;
#721 = DIRECTION ( 'NONE',  ( 0.000000000000000000, 0.5877852522924742473, -0.8090169943749466741 ) ) ;
#722 = LINE ( 'NONE', #1675, #1048 ) ;
#723 = AXIS2_PLACEMENT_3D ( 'NONE', #1687, #267, #2665 ) ;
#724 = ORIENTED_EDGE ( 'NONE', *, *, #622, .T. ) ;
#725 = CARTESIAN_POINT ( 'NONE',  ( -12.58358775756656023, 4.303450538714072238, 1.341911707413601107 ) ) ;
#726 = EDGE_CURVE ( 'NONE', #2243, #3033, #2965, .T. ) ;
#727 = FACE_OUTER_BOUND ( 'NONE', #2225, .T. ) ;
#728 = CC_DESIGN_PERSON_AND_ORGANIZATION_ASSIGNMENT ( #1715, #2454, ( #1043 ) ) ;
#729 = CIRCLE ( 'NONE', #2892, 7.999999999999998224 ) ;
#730 = PERSON_AND_ORGANIZATION_ROLE ( 'classification_officer' ) ;
#731 = CIRCLE ( 'NONE', #1679, 17.49899999999999878 ) ;
#732 = ORIENTED_EDGE ( 'NONE', *, *, #916, .F. ) ;
#733 = DIRECTION ( 'NONE',  ( -1.000000000000000000, 0.000000000000000000, 0.000000000000000000 ) ) ;
#734 = ORIENTED_EDGE ( 'NONE', *, *, #2561, .T. ) ;
#735 = DIRECTION ( 'NONE',  ( 0.000000000000000000, 0.000000000000000000, 1.000000000000000000 ) ) ;
#736 = ORIENTED_EDGE ( 'NONE', *, *, #1019, .F. ) ;
#737 = LOCAL_TIME ( 23, 28, 4.000000000000000000, #1011 ) ;
#738 = CARTESIAN_POINT ( 'NONE',  ( -7.583587757566561116, -10.41069589004553997, 10.81338972686869049 ) ) ;
#739 = CARTESIAN_POINT ( 'NONE',  ( -7.583587757566561116, 17.27021863675573599, -12.26219847362943582 ) ) ;
#740 = ORIENTED_EDGE ( 'NONE', *, *, #2720, .T. ) ;
#741 = DIRECTION ( 'NONE',  ( 0.000000000000000000, 0.000000000000000000, -1.000000000000000000 ) ) ;
#742 = CARTESIAN_POINT ( 'NONE',  ( -7.583587757566561116, 14.76447118643746492, 20.69564641180347309 ) ) ;
#743 = DIRECTION ( 'NONE',  ( -1.000000000000000000, 0.000000000000000000, 0.000000000000000000 ) ) ;
#744 = ADVANCED_FACE ( 'NONE', ( #975 ), #111, .T. ) ;
#745 = AXIS2_PLACEMENT_3D ( 'NONE', #2636, #2824, #1892 ) ;
#746 = EDGE_CURVE ( 'NONE', #2395, #1900, #2826, .T. ) ;
#747 = DIRECTION ( 'NONE',  ( -1.000000000000000000, -0.000000000000000000, 0.000000000000000000 ) ) ;
#748 = CIRCLE ( 'NONE', #2258, 17.49900000000000233 ) ;
#749 = CYLINDRICAL_SURFACE ( 'NONE', #1329, 22.00000000000000000 ) ;
#750 = ORIENTED_EDGE ( 'NONE', *, *, #1080, .T. ) ;
#751 = CARTESIAN_POINT ( 'NONE',  ( -7.583587757566561116, 10.64024996005387713, 17.65325665789845289 ) ) ;
#752 = EDGE_CURVE ( 'NONE', #1195, #265, #106, .T. ) ;
#753 = VERTEX_POINT ( 'NONE', #2980 ) ;
#754 = CIRCLE ( 'NONE', #1459, 22.00000000000000000 ) ;
#755 = DIRECTION ( 'NONE',  ( 0.000000000000000000, -1.000000000000000000, -1.040834085586084414E-14 ) ) ;
#756 = CARTESIAN_POINT ( 'NONE',  ( -12.58358775756656023, -17.33567812519734019, 5.310300633248319357 ) ) ;
#757 = VERTEX_POINT ( 'NONE', #367 ) ;
#758 = DIRECTION ( 'NONE',  ( 0.000000000000000000, 0.5877852522924743583, -0.8090169943749466741 ) ) ;
#759 = CARTESIAN_POINT ( 'NONE',  ( -7.583587757566561116, -14.18318054969946829, -2.042369564474411980 ) ) ;
#760 = CARTESIAN_POINT ( 'NONE',  ( -10.08358775756656200, 7.216146892220201892, -20.46442223372084612 ) ) ;
#761 = EDGE_LOOP ( 'NONE', ( #1997, #1142, #1243, #2555 ) ) ;
#762 = AXIS2_PLACEMENT_3D ( 'NONE', #2487, #578, #1978 ) ;
#763 = SECURITY_CLASSIFICATION_LEVEL ( 'unclassified' ) ;
#764 = CARTESIAN_POINT ( 'NONE',  ( -7.583587757566561116, -10.87041180788986416, 17.27156648980971099 ) ) ;
#765 = ADVANCED_FACE ( 'NONE', ( #2767 ), #1571, .T. ) ;
#766 = CARTESIAN_POINT ( 'NONE',  ( -12.58358775756656023, 12.43167859435292577, 18.28714104790573103 ) ) ;
#767 = ORIENTED_EDGE ( 'NONE', *, *, #2833, .F. ) ;
#768 = LINE ( 'NONE', #533, #2890 ) ;
#769 = ORIENTED_EDGE ( 'NONE', *, *, #329, .F. ) ;
#770 = CARTESIAN_POINT ( 'NONE',  ( -22.58358775756656200, 4.303450538714072238, 1.341911707413601107 ) ) ;
#771 = CARTESIAN_POINT ( 'NONE',  ( -12.58358775756656023, 4.303450538714072238, 1.341911707413601107 ) ) ;
#772 = ORIENTED_EDGE ( 'NONE', *, *, #1939, .F. ) ;
#773 = DIRECTION ( 'NONE',  ( -1.000000000000000000, 0.000000000000000000, -0.000000000000000000 ) ) ;
#774 = CARTESIAN_POINT ( 'NONE',  ( -7.583587757566561116, 4.303450538714072238, 1.341911707413601107 ) ) ;
#775 = DIRECTION ( 'NONE',  ( -1.000000000000000000, 0.000000000000000000, -0.000000000000000000 ) ) ;
#776 = EDGE_LOOP ( 'NONE', ( #2447, #2034, #406, #83 ) ) ;
#777 = AXIS2_PLACEMENT_3D ( 'NONE', #1996, #280, #1702 ) ;
#778 = CIRCLE ( 'NONE', #330, 7.999999999999996447 ) ;
#779 = APPROVAL_ROLE ( '' ) ;
#780 = DIRECTION ( 'NONE',  ( 0.000000000000000000, 0.000000000000000000, 1.000000000000000000 ) ) ;
#781 = DIRECTION ( 'NONE',  ( -1.000000000000000000, 0.000000000000000000, 0.000000000000000000 ) ) ;
#782 = VERTEX_POINT ( 'NONE', #1778 ) ;
#783 = CARTESIAN_POINT ( 'NONE',  ( -7.583587757566561116, -14.32418084902444910, 3.835952125868887563 ) ) ;
#784 = AXIS2_PLACEMENT_3D ( 'NONE', #52, #2498, #2905 ) ;
#785 = VECTOR ( 'NONE', #1615, 1000.000000000000000 ) ;
#786 = ORIENTED_EDGE ( 'NONE', *, *, #1746, .F. ) ;
#787 = EDGE_CURVE ( 'NONE', #2934, #2694, #2270, .T. ) ;
#788 = CARTESIAN_POINT ( 'NONE',  ( -12.58358775756656023, -4.627875392950405065, -15.19411882680855541 ) ) ;
#789 = CYLINDRICAL_SURFACE ( 'NONE', #298, 7.999999999999996447 ) ;
#790 = ADVANCED_FACE ( 'NONE', ( #382 ), #1336, .T. ) ;
#791 = EDGE_CURVE ( 'NONE', #2451, #2395, #1863, .T. ) ;
#792 = LOCAL_TIME ( 23, 28, 4.000000000000000000, #714 ) ;
#793 = ORIENTED_EDGE ( 'NONE', *, *, #269, .T. ) ;
#794 = CARTESIAN_POINT ( 'NONE',  ( -7.583587757566561116, 13.81211715853070920, 21.18089502595049112 ) ) ;
#795 = CYLINDRICAL_SURFACE ( 'NONE', #915, 17.49900000000000233 ) ;
#796 = DIRECTION ( 'NONE',  ( -1.000000000000000000, 0.000000000000000000, 0.000000000000000000 ) ) ;
#797 = DIRECTION ( 'NONE',  ( 0.000000000000000000, 0.000000000000000000, -1.000000000000000000 ) ) ;
#798 = CARTESIAN_POINT ( 'NONE',  ( -7.583587757566561116, 4.303450538714072238, 1.341911707413601107 ) ) ;
#799 = EDGE_LOOP ( 'NONE', ( #2489, #1609, #2860, #1363 ) ) ;
#800 = CARTESIAN_POINT ( 'NONE',  ( -12.58358775756656023, -6.763686634218219140, -12.21292048614380654 ) ) ;
#801 = AXIS2_PLACEMENT_3D ( 'NONE', #2932, #537, #1495 ) ;
#802 = CIRCLE ( 'NONE', #2063, 22.00000000000000000 ) ;
#803 = ORIENTED_EDGE ( 'NONE', *, *, #726, .T. ) ;
#804 = CARTESIAN_POINT ( 'NONE',  ( -12.58358775756656023, 13.77492855816942097, -13.37223472134583702 ) ) ;
#805 = DIRECTION ( 'NONE',  ( 0.000000000000000000, 0.000000000000000000, 1.000000000000000000 ) ) ;
#806 = VECTOR ( 'NONE', #1871, 1000.000000000000000 ) ;
#807 = ORIENTED_EDGE ( 'NONE', *, *, #2657, .T. ) ;
#808 = CARTESIAN_POINT ( 'NONE',  ( -10.08358775756656023, -5.205216081102432391, -18.49707161112334930 ) ) ;
#809 = DIRECTION ( 'NONE',  ( -1.000000000000000000, 0.000000000000000000, -0.000000000000000000 ) ) ;
#810 = ADVANCED_FACE ( 'NONE', ( #2269 ), #2035, .T. ) ;
#811 = ORIENTED_EDGE ( 'NONE', *, *, #1606, .F. ) ;
#812 = CARTESIAN_POINT ( 'NONE',  ( -12.58358775756656023, 4.303450538714072238, 41.34191170741360111 ) ) ;
#813 = DIRECTION ( 'NONE',  ( 0.000000000000000000, -0.9510565162951565288, 0.3090169943749384585 ) ) ;
#814 = VERTEX_POINT ( 'NONE', #2054 ) ;
#815 = DIRECTION ( 'NONE',  ( 0.000000000000000000, -6.988856795037709442E-15, 1.000000000000000000 ) ) ;
#816 = ORIENTED_EDGE ( 'NONE', *, *, #2198, .T. ) ;
#817 = DIRECTION ( 'NONE',  ( 0.000000000000000000, -0.5877852522924802425, 0.8090169943749421222 ) ) ;
#818 = FACE_OUTER_BOUND ( 'NONE', #2322, .T. ) ;
#819 = ORIENTED_EDGE ( 'NONE', *, *, #1601, .T. ) ;
#820 = FACE_OUTER_BOUND ( 'NONE', #78, .T. ) ;
#821 = EDGE_CURVE ( 'NONE', #205, #1709, #1213, .T. ) ;
#822 = EDGE_LOOP ( 'NONE', ( #366, #2303, #2753, #2175 ) ) ;
#823 = VECTOR ( 'NONE', #2441, 1000.000000000000000 ) ;
#824 = ADVANCED_FACE ( 'NONE', ( #1827 ), #1529, .F. ) ;
#825 = EDGE_CURVE ( 'NONE', #1139, #854, #2315, .T. ) ;
#826 = EDGE_CURVE ( 'NONE', #753, #2805, #2623, .T. ) ;
#827 = AXIS2_PLACEMENT_3D ( 'NONE', #1317, #2779, #2251 ) ;
#828 = CARTESIAN_POINT ( 'NONE',  ( -7.583587757566561116, 13.77492855816921136, 16.05605813617318134 ) ) ;
#829 = CARTESIAN_POINT ( 'NONE',  ( -12.58358775756656023, 4.303450538714072238, 1.341911707413601107 ) ) ;
#830 = ORIENTED_EDGE ( 'NONE', *, *, #1476, .F. ) ;
#831 = DIRECTION ( 'NONE',  ( 0.000000000000000000, -0.3090169943749349613, -0.9510565162951576390 ) ) ;
#832 = CIRCLE ( 'NONE', #1234, 7.999999999999999112 ) ;
#833 = VERTEX_POINT ( 'NONE', #1165 ) ;
#834 = AXIS2_PLACEMENT_3D ( 'NONE', #1664, #1185, #2626 ) ;
#835 = LINE ( 'NONE', #2727, #426 ) ;
#836 = VERTEX_POINT ( 'NONE', #2124 ) ;
#837 = DIRECTION ( 'NONE',  ( -1.000000000000000000, 0.000000000000000000, -0.000000000000000000 ) ) ;
#838 = CIRCLE ( 'NONE', #2706, 17.49900000000000233 ) ;
#839 = ORIENTED_EDGE ( 'NONE', *, *, #1500, .F. ) ;
#840 = DIRECTION ( 'NONE',  ( -1.000000000000000000, 0.000000000000000000, -0.000000000000000000 ) ) ;
#841 = ORIENTED_EDGE ( 'NONE', *, *, #2602, .T. ) ;
#842 = CARTESIAN_POINT ( 'NONE',  ( -12.58358775756656023, 4.303450538714072238, 41.34191170741360111 ) ) ;
#843 = CARTESIAN_POINT ( 'NONE',  ( -7.583587757566561116, 4.303450538714072238, 1.341911707413601107 ) ) ;
#844 = ORIENTED_EDGE ( 'NONE', *, *, #1289, .T. ) ;
#845 = DIRECTION ( 'NONE',  ( -1.000000000000000000, 0.000000000000000000, 0.000000000000000000 ) ) ;
#846 = ADVANCED_FACE ( 'NONE', ( #894 ), #2606, .T. ) ;
#847 = EDGE_CURVE ( 'NONE', #1493, #2790, #2015, .T. ) ;
#848 = VERTEX_POINT ( 'NONE', #2098 ) ;
#849 = DIRECTION ( 'NONE',  ( 1.000000000000000000, 0.000000000000000000, 0.000000000000000000 ) ) ;
#850 = ORIENTED_EDGE ( 'NONE', *, *, #1905, .T. ) ;
#851 = CYLINDRICAL_SURFACE ( 'NONE', #2911, 7.999999999999998224 ) ;
#852 = EDGE_CURVE ( 'NONE', #2432, #2542, #1412, .T. ) ;
#853 = AXIS2_PLACEMENT_3D ( 'NONE', #1413, #2112, #2652 ) ;
#854 = VERTEX_POINT ( 'NONE', #908 ) ;
#855 = AXIS2_PLACEMENT_3D ( 'NONE', #2308, #149, #1109 ) ;
#856 = CARTESIAN_POINT ( 'NONE',  ( -7.583587757566561116, 4.303450538714072238, 1.341911707413601107 ) ) ;
#857 = EDGE_LOOP ( 'NONE', ( #3037, #1274, #121, #1335 ) ) ;
#858 = ORIENTED_EDGE ( 'NONE', *, *, #1055, .F. ) ;
#859 = CARTESIAN_POINT ( 'NONE',  ( -12.58358775756656023, -14.32418084902440647, -1.152128711041954245 ) ) ;
#860 = CIRCLE ( 'NONE', #3027, 7.999999999999998224 ) ;
#861 = EDGE_CURVE ( 'NONE', #2781, #501, #2417, .T. ) ;
#862 = ORIENTED_EDGE ( 'NONE', *, *, #1113, .F. ) ;
#863 = DIRECTION ( 'NONE',  ( 0.000000000000000000, 0.5877852522924684742, 0.8090169943749506709 ) ) ;
#864 = ORIENTED_EDGE ( 'NONE', *, *, #826, .T. ) ;
#865 = FACE_OUTER_BOUND ( 'NONE', #1277, .T. ) ;
#866 = VERTEX_POINT ( 'NONE', #693 ) ;
#867 = AXIS2_PLACEMENT_3D ( 'NONE', #506, #2732, #1974 ) ;
#868 = DIRECTION ( 'NONE',  ( -1.000000000000000000, 0.000000000000000000, 0.000000000000000000 ) ) ;
#869 = FACE_OUTER_BOUND ( 'NONE', #1130, .T. ) ;
#870 = VERTEX_POINT ( 'NONE', #3050 ) ;
#871 = DIRECTION ( 'NONE',  ( 0.000000000000000000, 0.3090169943749483394, -0.9510565162951534202 ) ) ;
#872 = ORIENTED_EDGE ( 'NONE', *, *, #461, .F. ) ;
#873 = CARTESIAN_POINT ( 'NONE',  ( -12.58358775756656023, -5.205216081102432391, -18.49707161112334930 ) ) ;
#874 = ORIENTED_EDGE ( 'NONE', *, *, #2082, .F. ) ;
#875 = CARTESIAN_POINT ( 'NONE',  ( -12.58358775756656023, 4.303450538714072238, 1.341911707413601107 ) ) ;
#876 = VERTEX_POINT ( 'NONE', #441 ) ;
#877 = DIRECTION ( 'NONE',  ( 0.000000000000000000, 0.000000000000000000, 1.000000000000000000 ) ) ;
#878 = VECTOR ( 'NONE', #1759, 1000.000000000000000 ) ;
#879 = CIRCLE ( 'NONE', #1378, 17.49900000000000233 ) ;
#880 = ORIENTED_EDGE ( 'NONE', *, *, #1158, .F. ) ;
#881 = DIRECTION ( 'NONE',  ( 0.000000000000000000, 0.000000000000000000, 1.000000000000000000 ) ) ;
#882 = CARTESIAN_POINT ( 'NONE',  ( -10.08358775756656023, -11.62620424368198080, -13.83195063919039924 ) ) ;
#883 = CIRCLE ( 'NONE', #2595, 7.999999999999998224 ) ;
#884 = EDGE_CURVE ( 'NONE', #2064, #1581, #754, .T. ) ;
#885 = EDGE_CURVE ( 'NONE', #115, #1551, #101, .T. ) ;
#886 = VERTEX_POINT ( 'NONE', #645 ) ;
#887 = ORIENTED_EDGE ( 'NONE', *, *, #690, .F. ) ;
#888 = CARTESIAN_POINT ( 'NONE',  ( -12.58358775756656023, 8.764440123855035125, 18.26274422006687459 ) ) ;
#889 = ORIENTED_EDGE ( 'NONE', *, *, #343, .F. ) ;
#890 = DIRECTION ( 'NONE',  ( -1.000000000000000000, -0.000000000000000000, -0.000000000000000000 ) ) ;
#891 = VERTEX_POINT ( 'NONE', #1395 ) ;
#892 = CARTESIAN_POINT ( 'NONE',  ( -7.583587757566561116, -3.824777516924900311, 18.28714104790567063 ) ) ;
#893 = EDGE_LOOP ( 'NONE', ( #2604, #2003, #2301, #1271 ) ) ;
#894 = FACE_OUTER_BOUND ( 'NONE', #2089, .T. ) ;
#895 = DIRECTION ( 'NONE',  ( -1.000000000000000000, 0.000000000000000000, 0.000000000000000000 ) ) ;
#896 = VECTOR ( 'NONE', #1396, 1000.000000000000000 ) ;
#897 = ORIENTED_EDGE ( 'NONE', *, *, #94, .F. ) ;
#898 = CIRCLE ( 'NONE', #48, 7.999999999999997335 ) ;
#899 = EDGE_CURVE ( 'NONE', #1392, #2181, #2574, .T. ) ;
#900 = DIRECTION ( 'NONE',  ( -1.000000000000000000, -0.000000000000000000, 0.000000000000000000 ) ) ;
#901 = CIRCLE ( 'NONE', #947, 17.49900000000000233 ) ;
#902 = DIRECTION ( 'NONE',  ( -1.000000000000000000, 0.000000000000000000, -0.000000000000000000 ) ) ;
#903 = ORIENTED_EDGE ( 'NONE', *, *, #1252, .T. ) ;
#904 = LINE ( 'NONE', #2836, #678 ) ;
#905 = ORIENTED_EDGE ( 'NONE', *, *, #1435, .T. ) ;
#906 = DIRECTION ( 'NONE',  ( -1.000000000000000000, 0.000000000000000000, 0.000000000000000000 ) ) ;
#907 = ORIENTED_EDGE ( 'NONE', *, *, #1516, .T. ) ;
#908 = CARTESIAN_POINT ( 'NONE',  ( -12.58358775756656023, 19.01759696747361161, 10.81338972686879174 ) ) ;
#909 = CARTESIAN_POINT ( 'NONE',  ( -7.583587757566561116, -17.33567812519727624, -2.626477218421429782 ) ) ;
#910 = VECTOR ( 'NONE', #1008, 1000.000000000000000 ) ;
#911 = AXIS2_PLACEMENT_3D ( 'NONE', #1954, #2703, #15 ) ;
#912 = ORIENTED_EDGE ( 'NONE', *, *, #2797, .F. ) ;
#913 = DIRECTION ( 'NONE',  ( -1.000000000000000000, -0.000000000000000000, 0.000000000000000000 ) ) ;
#914 = FACE_OUTER_BOUND ( 'NONE', #418, .T. ) ;
#915 = AXIS2_PLACEMENT_3D ( 'NONE', #1449, #1248, #2918 ) ;
#916 = EDGE_CURVE ( 'NONE', #876, #565, #707, .T. ) ;
#917 = DIRECTION ( 'NONE',  ( -1.000000000000000000, -0.000000000000000000, -0.000000000000000000 ) ) ;
#918 = EDGE_CURVE ( 'NONE', #2809, #156, #55, .T. ) ;
#919 = EDGE_CURVE ( 'NONE', #2492, #205, #3069, .T. ) ;
#920 = EDGE_LOOP ( 'NONE', ( #2477, #2533, #665, #2071 ) ) ;
#921 = CARTESIAN_POINT ( 'NONE',  ( -22.58358775756656200, 4.303450538714072238, 1.341911707413601107 ) ) ;
#922 = ORIENTED_EDGE ( 'NONE', *, *, #224, .T. ) ;
#923 = FACE_OUTER_BOUND ( 'NONE', #2912, .T. ) ;
#924 = VERTEX_POINT ( 'NONE', #1180 ) ;
#925 = CIRCLE ( 'NONE', #2546, 22.00000000000000000 ) ;
#926 = CARTESIAN_POINT ( 'NONE',  ( -12.58358775756656023, 4.303450538714072238, 1.341911707413601107 ) ) ;
#927 = CYLINDRICAL_SURFACE ( 'NONE', #2057, 22.00000000000000000 ) ;
#928 = CIRCLE ( 'NONE', #979, 7.999999999999998224 ) ;
#929 = ORIENTED_EDGE ( 'NONE', *, *, #491, .T. ) ;
#930 = DIRECTION ( 'NONE',  ( -1.000000000000000000, 0.000000000000000000, 0.000000000000000000 ) ) ;
#931 = CARTESIAN_POINT ( 'NONE',  ( -7.583587757566561116, -8.663317559327504469, 14.94602188845672330 ) ) ;
#932 = CARTESIAN_POINT ( 'NONE',  ( -7.583587757566561116, -13.16773907712191516, 0.3557401161046517268 ) ) ;
#933 = AXIS2_PLACEMENT_3D ( 'NONE', #829, #2971, #414 ) ;
#934 = AXIS2_PLACEMENT_3D ( 'NONE', #1136, #1385, #2621 ) ;
#935 = CARTESIAN_POINT ( 'NONE',  ( -7.583587757566561116, 21.77464015455006674, 2.328083298722428474 ) ) ;
#936 = ORIENTED_EDGE ( 'NONE', *, *, #600, .T. ) ;
#937 = ADVANCED_FACE ( 'NONE', ( #3100 ), #942, .T. ) ;
#938 = FACE_OUTER_BOUND ( 'NONE', #1409, .T. ) ;
#939 = ORIENTED_EDGE ( 'NONE', *, *, #2545, .F. ) ;
#940 = CARTESIAN_POINT ( 'NONE',  ( -7.583587757566561116, 4.303450538714072238, 1.341911707413601107 ) ) ;
#941 = EDGE_CURVE ( 'NONE', #596, #1056, #2334, .T. ) ;
#942 = CYLINDRICAL_SURFACE ( 'NONE', #1372, 17.49900000000000233 ) ;
#943 = DIRECTION ( 'NONE',  ( -1.000000000000000000, -0.000000000000000000, 0.000000000000000000 ) ) ;
#944 = VERTEX_POINT ( 'NONE', #188 ) ;
#945 = CARTESIAN_POINT ( 'NONE',  ( -12.58358775756656023, -12.00789441177079730, 7.678711128753342940 ) ) ;
#946 = CIRCLE ( 'NONE', #1645, 17.49900000000000233 ) ;
#947 = AXIS2_PLACEMENT_3D ( 'NONE', #940, #186, #1362 ) ;
#948 = CIRCLE ( 'NONE', #2313, 8.000000000000000000 ) ;
#949 = CARTESIAN_POINT ( 'NONE',  ( -7.583587757566561116, 4.303450538714072238, 1.341911707413601107 ) ) ;
#950 = FACE_OUTER_BOUND ( 'NONE', #1832, .T. ) ;
#951 = ORIENTED_EDGE ( 'NONE', *, *, #1190, .F. ) ;
#952 = CYLINDRICAL_SURFACE ( 'NONE', #2360, 8.000000000000000000 ) ;
#953 = EDGE_CURVE ( 'NONE', #3113, #2378, #2891, .T. ) ;
#954 = EDGE_LOOP ( 'NONE', ( #880, #1545, #1524, #1318 ) ) ;
#955 = ADVANCED_FACE ( 'NONE', ( #1658 ), #2111, .T. ) ;
#956 = DIRECTION ( 'NONE',  ( 0.000000000000000000, 0.3090169943749483394, -0.9510565162951534202 ) ) ;
#957 = CARTESIAN_POINT ( 'NONE',  ( -12.58358775756656023, 19.47731288531790028, 17.27156648980982112 ) ) ;
#958 = EDGE_CURVE ( 'NONE', #2694, #3041, #1196, .T. ) ;
#959 = ORIENTED_EDGE ( 'NONE', *, *, #576, .T. ) ;
#960 = AXIS2_PLACEMENT_3D ( 'NONE', #544, #102, #780 ) ;
#961 = CARTESIAN_POINT ( 'NONE',  ( -7.583587757566561116, -12.64177880177808255, 9.470139763052394244 ) ) ;
#962 = DIRECTION ( 'NONE',  ( 0.000000000000000000, 0.9510565162951521989, 0.3090169943749516146 ) ) ;
#963 = CIRCLE ( 'NONE', #1364, 7.999999999999998224 ) ;
#964 = VERTEX_POINT ( 'NONE', #249 ) ;
#965 = DIRECTION ( 'NONE',  ( -1.000000000000000000, -0.000000000000000000, -0.000000000000000000 ) ) ;
#966 = VERTEX_POINT ( 'NONE', #1021 ) ;
#967 = FACE_OUTER_BOUND ( 'NONE', #1797, .T. ) ;
#968 = EDGE_LOOP ( 'NONE', ( #469, #440 ) ) ;
#969 = VECTOR ( 'NONE', #2710, 1000.000000000000000 ) ;
#970 = DIRECTION ( 'NONE',  ( 1.000000000000000000, 0.000000000000000000, -0.000000000000000000 ) ) ;
#971 = DIRECTION ( 'NONE',  ( -1.000000000000000000, 0.000000000000000000, 0.000000000000000000 ) ) ;
#972 = AXIS2_PLACEMENT_3D ( 'NONE', #2358, #2858, #1149 ) ;
#973 = ORIENTED_EDGE ( 'NONE', *, *, #2401, .F. ) ;
#974 = CARTESIAN_POINT ( 'NONE',  ( -12.58358775756656023, 4.303450538714072238, 39.74191170741360679 ) ) ;
#975 = FACE_OUTER_BOUND ( 'NONE', #1295, .T. ) ;
#976 = CARTESIAN_POINT ( 'NONE',  ( -12.58358775756656023, 25.94257920262545269, 5.310300633248478341 ) ) ;
#977 = EDGE_CURVE ( 'NONE', #2934, #2909, #29, .T. ) ;
#978 = EDGE_CURVE ( 'NONE', #1411, #1376, #2495, .T. ) ;
#979 = AXIS2_PLACEMENT_3D ( 'NONE', #766, #1239, #2148 ) ;
#980 = CIRCLE ( 'NONE', #281, 8.000000000000000000 ) ;
#981 = EDGE_CURVE ( 'NONE', #176, #2032, #222, .T. ) ;
#982 = DATE_TIME_ROLE ( 'classification_date' ) ;
#983 = AXIS2_PLACEMENT_3D ( 'NONE', #1366, #2055, #112 ) ;
#984 = CARTESIAN_POINT ( 'NONE',  ( -7.583587757566561116, -0.1575390464267755752, -15.57892080523969724 ) ) ;
#985 = DIRECTION ( 'NONE',  ( 0.000000000000000000, 0.3090169943749412340, 0.9510565162951556406 ) ) ;
#986 = ORIENTED_EDGE ( 'NONE', *, *, #2525, .T. ) ;
#987 = CARTESIAN_POINT ( 'NONE',  ( -7.583587757566561116, 21.22428305136738658, -3.119077877727187253 ) ) ;
#988 = CC_DESIGN_APPROVAL ( #2923, ( #365 ) ) ;
#989 = ORIENTED_EDGE ( 'NONE', *, *, #2949, .F. ) ;
#990 = DIRECTION ( 'NONE',  ( 1.000000000000000000, -0.000000000000000000, 0.000000000000000000 ) ) ;
#991 = CYLINDRICAL_SURFACE ( 'NONE', #1553, 17.49900000000000233 ) ;
#992 = EDGE_LOOP ( 'NONE', ( #290, #486, #1705, #1826 ) ) ;
#993 = CYLINDRICAL_SURFACE ( 'NONE', #258, 7.999999999999998224 ) ;
#994 = CARTESIAN_POINT ( 'NONE',  ( -10.08358775756656023, -6.157570109009457227, 20.69564641180339848 ) ) ;
#995 = CARTESIAN_POINT ( 'NONE',  ( -7.583587757566561116, 13.77492855816942274, -13.37223472134584057 ) ) ;
#996 = ORIENTED_EDGE ( 'NONE', *, *, #1190, .T. ) ;
#997 = PERSON_AND_ORGANIZATION ( #2612, #134 ) ;
#998 = CIRCLE ( 'NONE', #3059, 22.00000000000000000 ) ;
#999 = ORIENTED_EDGE ( 'NONE', *, *, #1722, .T. ) ;
#1000 = AXIS2_PLACEMENT_3D ( 'NONE', #225, #3032, #2337 ) ;
#1001 = AXIS2_PLACEMENT_3D ( 'NONE', #2881, #1163, #2570 ) ;
#1002 = DIRECTION ( 'NONE',  ( -1.000000000000000000, -0.000000000000000000, 0.000000000000000000 ) ) ;
#1003 = ORIENTED_EDGE ( 'NONE', *, *, #1808, .F. ) ;
#1004 = CARTESIAN_POINT ( 'NONE',  ( -7.583587757566561116, -3.824777516924653842, -15.60331763307858743 ) ) ;
#1005 = DIRECTION ( 'NONE',  ( -1.000000000000000000, -0.000000000000000000, 0.000000000000000000 ) ) ;
#1006 = PLANE ( 'NONE',  #801 ) ;
#1007 = ORIENTED_EDGE ( 'NONE', *, *, #164, .T. ) ;
#1008 = DIRECTION ( 'NONE',  ( -1.000000000000000000, -0.000000000000000000, 0.000000000000000000 ) ) ;
#1009 = CARTESIAN_POINT ( 'NONE',  ( -12.58358775756656023, 1.809410120258860166, -17.28571968032492734 ) ) ;
#1010 = DIRECTION ( 'NONE',  ( -1.000000000000000000, -0.000000000000000000, -0.000000000000000000 ) ) ;
#1011 = COORDINATED_UNIVERSAL_TIME_OFFSET ( 7, 0, .AHEAD. ) ;
#1012 = EDGE_CURVE ( 'NONE', #886, #2080, #1127, .T. ) ;
#1013 = CIRCLE ( 'NONE', #66, 22.00000000000000000 ) ;
#1014 = CYLINDRICAL_SURFACE ( 'NONE', #762, 7.999999999999998224 ) ;
#1015 = DIRECTION ( 'NONE',  ( -1.000000000000000000, 0.000000000000000000, -0.000000000000000000 ) ) ;
#1016 = ORIENTED_EDGE ( 'NONE', *, *, #2738, .T. ) ;
#1017 = DIRECTION ( 'NONE',  ( -1.000000000000000000, 0.000000000000000000, 0.000000000000000000 ) ) ;
#1018 = EDGE_CURVE ( 'NONE', #2983, #2839, #2204, .T. ) ;
#1019 = EDGE_CURVE ( 'NONE', #2874, #1314, #2883, .T. ) ;
#1020 = ORIENTED_EDGE ( 'NONE', *, *, #2963, .F. ) ;
#1021 = CARTESIAN_POINT ( 'NONE',  ( -12.58358775756656023, -5.205216081102708614, 21.18089502595041651 ) ) ;
#1022 = CYLINDRICAL_SURFACE ( 'NONE', #3107, 7.999999999999996447 ) ;
#1023 = ORIENTED_EDGE ( 'NONE', *, *, #2367, .T. ) ;
#1024 = DIRECTION ( 'NONE',  ( -1.000000000000000000, 0.000000000000000000, 0.000000000000000000 ) ) ;
#1025 = FACE_OUTER_BOUND ( 'NONE', #2902, .T. ) ;
#1026 = CARTESIAN_POINT ( 'NONE',  ( -7.583587757566561116, 4.303450538714072238, 1.341911707413601107 ) ) ;
#1027 = CIRCLE ( 'NONE', #1280, 17.49900000000000233 ) ;
#1028 = AXIS2_PLACEMENT_3D ( 'NONE', #333, #1807, #2993 ) ;
#1029 = CARTESIAN_POINT ( 'NONE',  ( -7.583587757566561116, -12.00789441177080086, 7.678711128753344717 ) ) ;
#1030 = LINE ( 'NONE', #1045, #380 ) ;
#1031 = ORIENTED_EDGE ( 'NONE', *, *, #131, .F. ) ;
#1032 = CARTESIAN_POINT ( 'NONE',  ( -7.583587757566561116, -10.41069589004553997, 10.81338972686869049 ) ) ;
#1033 = CIRCLE ( 'NONE', #2190, 8.000000000000000000 ) ;
#1034 = EDGE_CURVE ( 'NONE', #1447, #854, #2592, .T. ) ;
#1035 = VERTEX_POINT ( 'NONE', #2913 ) ;
#1036 = CARTESIAN_POINT ( 'NONE',  ( -7.583587757566560228, 4.303450538714072238, 41.34191170741360111 ) ) ;
#1037 = CARTESIAN_POINT ( 'NONE',  ( -7.583587757566561116, -17.50288340242038387, -1.570784646092451720 ) ) ;
#1038 = EDGE_CURVE ( 'NONE', #251, #2702, #1179, .T. ) ;
#1039 = ORIENTED_EDGE ( 'NONE', *, *, #941, .F. ) ;
#1040 = DIRECTION ( 'NONE',  ( 0.000000000000000000, 0.000000000000000000, 1.000000000000000000 ) ) ;
#1041 = CYLINDRICAL_SURFACE ( 'NONE', #2598, 7.999999999999998224 ) ;
#1042 = VERTEX_POINT ( 'NONE', #1724 ) ;
#1043 = PRODUCT ( 'gear_driven_witharm', 'gear_driven_witharm', '', ( #543 ) ) ;
#1044 = DIRECTION ( 'NONE',  ( -1.000000000000000000, -0.000000000000000000, 0.000000000000000000 ) ) ;
#1045 = CARTESIAN_POINT ( 'NONE',  ( -12.58358775756656023, 8.303450538714074014, 41.34191170741360111 ) ) ;
#1046 = ORIENTED_EDGE ( 'NONE', *, *, #2700, .T. ) ;
#1047 = DIRECTION ( 'NONE',  ( 0.000000000000000000, 0.000000000000000000, 1.000000000000000000 ) ) ;
#1048 = VECTOR ( 'NONE', #485, 1000.000000000000000 ) ;
#1049 = CIRCLE ( 'NONE', #2771, 7.999999999999996447 ) ;
#1050 = CIRCLE ( 'NONE', #1854, 17.49900000000000233 ) ;
#1051 = ORIENTED_EDGE ( 'NONE', *, *, #1383, .T. ) ;
#1052 = CARTESIAN_POINT ( 'NONE',  ( -12.58358775756656023, 0.3034505387140718491, 41.34191170741360111 ) ) ;
#1053 = CARTESIAN_POINT ( 'NONE',  ( -7.583587757566561116, 20.83948107293613461, 10.27323763907825160 ) ) ;
#1054 = EDGE_CURVE ( 'NONE', #2328, #501, #1706, .T. ) ;
#1055 = EDGE_CURVE ( 'NONE', #402, #1787, #172, .T. ) ;
#1056 = VERTEX_POINT ( 'NONE', #484 ) ;
#1057 = DIRECTION ( 'NONE',  ( -1.000000000000000000, 0.000000000000000000, -0.000000000000000000 ) ) ;
#1058 = FACE_OUTER_BOUND ( 'NONE', #1134, .T. ) ;
#1059 = ADVANCED_FACE ( 'NONE', ( #502 ), #519, .T. ) ;
#1060 = EDGE_CURVE ( 'NONE', #2565, #757, #2169, .T. ) ;
#1061 = ORIENTED_EDGE ( 'NONE', *, *, #1544, .T. ) ;
#1062 = AXIS2_PLACEMENT_3D ( 'NONE', #3038, #1559, #98 ) ;
#1063 = FACE_OUTER_BOUND ( 'NONE', #920, .T. ) ;
#1064 = CARTESIAN_POINT ( 'NONE',  ( -7.583587757566561116, -3.824777516924653842, -15.60331763307858743 ) ) ;
#1065 = ORIENTED_EDGE ( 'NONE', *, *, #2235, .F. ) ;
#1066 = FACE_OUTER_BOUND ( 'NONE', #2825, .T. ) ;
#1067 = CIRCLE ( 'NONE', #567, 8.000000000000000000 ) ;
#1068 = ORIENTED_EDGE ( 'NONE', *, *, #1829, .F. ) ;
#1069 = CARTESIAN_POINT ( 'NONE',  ( -12.58358775756656023, 13.23477647037889504, -15.19411882680836712 ) ) ;
#1070 = DIRECTION ( 'NONE',  ( 1.000000000000000000, -0.000000000000000000, 0.000000000000000000 ) ) ;
#1071 = CIRCLE ( 'NONE', #1603, 22.00000000000000000 ) ;
#1072 = ORIENTED_EDGE ( 'NONE', *, *, #1646, .F. ) ;
#1073 = DIRECTION ( 'NONE',  ( -1.000000000000000000, 0.000000000000000000, 0.000000000000000000 ) ) ;
#1074 = DIRECTION ( 'NONE',  ( -1.000000000000000000, 0.000000000000000000, 0.000000000000000000 ) ) ;
#1075 = VERTEX_POINT ( 'NONE', #1934 ) ;
#1076 = EDGE_CURVE ( 'NONE', #2805, #2451, #2900, .T. ) ;
#1077 = EDGE_CURVE ( 'NONE', #833, #191, #1325, .T. ) ;
#1078 = CIRCLE ( 'NONE', #2287, 7.999999999999997335 ) ;
#1079 = VECTOR ( 'NONE', #1674, 1000.000000000000000 ) ;
#1080 = EDGE_CURVE ( 'NONE', #2421, #1361, #2222, .T. ) ;
#1081 = DIRECTION ( 'NONE',  ( -1.000000000000000000, -0.000000000000000000, 0.000000000000000000 ) ) ;
#1082 = CARTESIAN_POINT ( 'NONE',  ( -12.58358775756656023, 4.303450538714072238, 1.341911707413601107 ) ) ;
#1083 = ORIENTED_EDGE ( 'NONE', *, *, #1077, .F. ) ;
#1084 = CARTESIAN_POINT ( 'NONE',  ( -12.58358775756656023, 6.797490957169692649, -17.28571968032487050 ) ) ;
#1085 = AXIS2_PLACEMENT_3D ( 'NONE', #2136, #2806, #1851 ) ;
#1086 = ORIENTED_EDGE ( 'NONE', *, *, #919, .F. ) ;
#1087 = CIRCLE ( 'NONE', #1626, 7.999999999999997335 ) ;
#1088 = CARTESIAN_POINT ( 'NONE',  ( -7.583587757566561116, 20.61479548919898619, -4.994887713926035921 ) ) ;
#1089 = CARTESIAN_POINT ( 'NONE',  ( -12.58358775756656023, -10.41069589004553997, 10.81338972686869049 ) ) ;
#1090 = VECTOR ( 'NONE', #1975, 1000.000000000000000 ) ;
#1091 = ORIENTED_EDGE ( 'NONE', *, *, #2602, .F. ) ;
#1092 = CARTESIAN_POINT ( 'NONE',  ( -7.583587757566561116, 4.303450538714072238, 1.341911707413601107 ) ) ;
#1093 = LINE ( 'NONE', #882, #586 ) ;
#1094 = ORIENTED_EDGE ( 'NONE', *, *, #73, .F. ) ;
#1095 = EDGE_CURVE ( 'NONE', #357, #2950, #284, .T. ) ;
#1096 = DIRECTION ( 'NONE',  ( -1.000000000000000000, 0.000000000000000000, 0.000000000000000000 ) ) ;
#1097 = ORIENTED_EDGE ( 'NONE', *, *, #2797, .T. ) ;
#1098 = DIRECTION ( 'NONE',  ( 0.000000000000000000, 0.000000000000000000, 1.000000000000000000 ) ) ;
#1099 = ORIENTED_EDGE ( 'NONE', *, *, #2294, .F. ) ;
#1100 = AXIS2_PLACEMENT_3D ( 'NONE', #706, #895, #1857 ) ;
#1101 = FACE_OUTER_BOUND ( 'NONE', #992, .T. ) ;
#1102 = DIRECTION ( 'NONE',  ( 0.000000000000000000, 0.000000000000000000, 1.000000000000000000 ) ) ;
#1103 = ORIENTED_EDGE ( 'NONE', *, *, #94, .T. ) ;
#1104 = DIRECTION ( 'NONE',  ( 1.000000000000000000, 0.000000000000000000, 0.000000000000000000 ) ) ;
#1105 = CYLINDRICAL_SURFACE ( 'NONE', #1893, 17.49900000000000233 ) ;
#1106 = ORIENTED_EDGE ( 'NONE', *, *, #1722, .F. ) ;
#1107 = CARTESIAN_POINT ( 'NONE',  ( -7.583587757566561116, -0.1575390464270140789, 18.26274422006684262 ) ) ;
#1108 = ORIENTED_EDGE ( 'NONE', *, *, #3093, .F. ) ;
#1109 = DIRECTION ( 'NONE',  ( 0.000000000000000000, -1.000000000000000000, -1.040834085586084414E-14 ) ) ;
#1110 = ADVANCED_FACE ( 'NONE', ( #1244 ), #1968, .T. ) ;
#1111 = CIRCLE ( 'NONE', #1311, 7.999999999999999112 ) ;
#1112 = ORIENTED_EDGE ( 'NONE', *, *, #2737, .F. ) ;
#1113 = EDGE_CURVE ( 'NONE', #42, #2781, #1275, .T. ) ;
#1114 = DIRECTION ( 'NONE',  ( 0.000000000000000000, 0.000000000000000000, -1.000000000000000000 ) ) ;
#1115 = EDGE_CURVE ( 'NONE', #964, #2565, #2496, .T. ) ;
#1116 = VERTEX_POINT ( 'NONE', #628 ) ;
#1117 = DIRECTION ( 'NONE',  ( 0.000000000000000000, 0.000000000000000000, -1.000000000000000000 ) ) ;
#1118 = AXIS2_PLACEMENT_3D ( 'NONE', #961, #2157, #2192 ) ;
#1119 = VERTEX_POINT ( 'NONE', #2493 ) ;
#1120 = AXIS2_PLACEMENT_3D ( 'NONE', #1498, #2227, #1940 ) ;
#1121 = DIRECTION ( 'NONE',  ( -1.000000000000000000, 0.000000000000000000, 0.000000000000000000 ) ) ;
#1122 = CARTESIAN_POINT ( 'NONE',  ( -12.58358775756656023, 4.303450538714072238, 1.341911707413601107 ) ) ;
#1123 = ORIENTED_EDGE ( 'NONE', *, *, #2832, .F. ) ;
#1124 = AXIS2_PLACEMENT_3D ( 'NONE', #1801, #1298, #2262 ) ;
#1125 = EDGE_LOOP ( 'NONE', ( #3082, #649, #341, #2870 ) ) ;
#1126 = CARTESIAN_POINT ( 'NONE',  ( -7.583587757566560228, 4.303450538714072238, 41.34191170741360111 ) ) ;
#1127 = CIRCLE ( 'NONE', #577, 7.999999999999998224 ) ;
#1128 = ORIENTED_EDGE ( 'NONE', *, *, #712, .F. ) ;
#1129 = CYLINDRICAL_SURFACE ( 'NONE', #2444, 22.00000000000000000 ) ;
#1130 = EDGE_LOOP ( 'NONE', ( #2645, #465, #2485, #11 ) ) ;
#1131 = DIRECTION ( 'NONE',  ( 0.000000000000000000, 0.9510565162951544194, -0.3090169943749447312 ) ) ;
#1132 = AXIS2_PLACEMENT_3D ( 'NONE', #1899, #1610, #2583 ) ;
#1133 = VECTOR ( 'NONE', #1375, 1000.000000000000000 ) ;
#1134 = EDGE_LOOP ( 'NONE', ( #198, #183, #346, #1386 ) ) ;
#1135 = DIRECTION ( 'NONE',  ( 1.000000000000000000, -0.000000000000000000, -0.000000000000000000 ) ) ;
#1136 = CARTESIAN_POINT ( 'NONE',  ( -7.583587757566561116, 22.93108192645258114, 3.835952125869019458 ) ) ;
#1137 = CIRCLE ( 'NONE', #1992, 22.00000000000000000 ) ;
#1138 = EDGE_CURVE ( 'NONE', #2909, #1814, #630, .T. ) ;
#1139 = VERTEX_POINT ( 'NONE', #1556 ) ;
#1140 = DIRECTION ( 'NONE',  ( -1.000000000000000000, 0.000000000000000000, 0.000000000000000000 ) ) ;
#1141 = LOCAL_TIME ( 23, 28, 4.000000000000000000, #2160 ) ;
#1142 = ORIENTED_EDGE ( 'NONE', *, *, #1602, .F. ) ;
#1143 = FACE_OUTER_BOUND ( 'NONE', #761, .T. ) ;
#1144 = ORIENTED_EDGE ( 'NONE', *, *, #1660, .F. ) ;
#1145 = DIRECTION ( 'NONE',  ( -1.000000000000000000, -0.000000000000000000, -0.000000000000000000 ) ) ;
#1146 = ORIENTED_EDGE ( 'NONE', *, *, #2639, .T. ) ;
#1147 = LINE ( 'NONE', #1393, #806 ) ;
#1148 = ORIENTED_EDGE ( 'NONE', *, *, #36, .F. ) ;
#1149 = DIRECTION ( 'NONE',  ( 0.000000000000000000, 0.000000000000000000, 1.000000000000000000 ) ) ;
#1150 = CARTESIAN_POINT ( 'NONE',  ( -12.58358775756656023, -14.18318054969946829, 5.957630435525586243 ) ) ;
#1151 = EDGE_CURVE ( 'NONE', #2221, #1814, #108, .T. ) ;
#1152 = ADVANCED_FACE ( 'NONE', ( #1101 ), #1542, .T. ) ;
#1153 = ORIENTED_EDGE ( 'NONE', *, *, #2061, .F. ) ;
#1154 = VECTOR ( 'NONE', #1881, 1000.000000000000000 ) ;
#1155 = DIRECTION ( 'NONE',  ( 1.000000000000000000, 0.000000000000000000, 0.000000000000000000 ) ) ;
#1156 = CARTESIAN_POINT ( 'NONE',  ( -7.583587757566561116, -6.763686634218417204, 14.89674390097084711 ) ) ;
#1157 = EDGE_CURVE ( 'NONE', #2064, #2097, #2959, .T. ) ;
#1158 = EDGE_CURVE ( 'NONE', #1042, #1620, #835, .T. ) ;
#1159 = CARTESIAN_POINT ( 'NONE',  ( -12.58358775756656023, 22.93108192645260957, -1.152128711041546572 ) ) ;
#1160 = ORIENTED_EDGE ( 'NONE', *, *, #2198, .F. ) ;
#1161 = DIRECTION ( 'NONE',  ( 0.000000000000000000, 0.000000000000000000, 1.000000000000000000 ) ) ;
#1162 = ORIENTED_EDGE ( 'NONE', *, *, #598, .F. ) ;
#1163 = DIRECTION ( 'NONE',  ( -1.000000000000000000, -0.000000000000000000, 0.000000000000000000 ) ) ;
#1164 = VERTEX_POINT ( 'NONE', #1791 ) ;
#1165 = CARTESIAN_POINT ( 'NONE',  ( -12.58358775756656023, 10.64024996005410983, -14.96943324307115830 ) ) ;
#1166 = DIRECTION ( 'NONE',  ( 0.000000000000000000, 0.000000000000000000, 1.000000000000000000 ) ) ;
#1167 = VECTOR ( 'NONE', #1096, 1000.000000000000000 ) ;
#1168 = ORIENTED_EDGE ( 'NONE', *, *, #155, .T. ) ;
#1169 = CYLINDRICAL_SURFACE ( 'NONE', #82, 7.999999999999996447 ) ;
#1170 = EDGE_CURVE ( 'NONE', #2080, #2474, #1774, .T. ) ;
#1171 = CARTESIAN_POINT ( 'NONE',  ( -12.58358775756656023, 4.303450538714072238, 2.841911707413601551 ) ) ;
#1172 = EDGE_CURVE ( 'NONE', #1847, #2181, #2789, .T. ) ;
#1173 = ORIENTED_EDGE ( 'NONE', *, *, #2888, .T. ) ;
#1174 = FACE_OUTER_BOUND ( 'NONE', #776, .T. ) ;
#1175 = AXIS2_PLACEMENT_3D ( 'NONE', #61, #9, #1982 ) ;
#1176 = VERTEX_POINT ( 'NONE', #2508 ) ;
#1177 = LINE ( 'NONE', #2374, #1752 ) ;
#1178 = ORIENTED_EDGE ( 'NONE', *, *, #2385, .F. ) ;
#1179 = CIRCLE ( 'NONE', #1831, 7.999999999999998224 ) ;
#1180 = CARTESIAN_POINT ( 'NONE',  ( -12.58358775756656023, -9.251381654843291003, 12.40904888034594578 ) ) ;
#1181 = CARTESIAN_POINT ( 'NONE',  ( -10.08358775756656023, -17.33567812519727624, -2.626477218421428894 ) ) ;
#1182 = VECTOR ( 'NONE', #2740, 1000.000000000000000 ) ;
#1183 = ORIENTED_EDGE ( 'NONE', *, *, #291, .T. ) ;
#1184 = LINE ( 'NONE', #1400, #3075 ) ;
#1185 = DIRECTION ( 'NONE',  ( -1.000000000000000000, -0.000000000000000000, 0.000000000000000000 ) ) ;
#1186 = AXIS2_PLACEMENT_3D ( 'NONE', #1763, #289, #1499 ) ;
#1187 = AXIS2_PLACEMENT_3D ( 'NONE', #856, #1351, #2768 ) ;
#1188 = APPROVAL_STATUS ( 'not_yet_approved' ) ;
#1189 = EDGE_CURVE ( 'NONE', #3049, #1198, #2384, .T. ) ;
#1190 = EDGE_CURVE ( 'NONE', #603, #1805, #778, .T. ) ;
#1191 = FACE_OUTER_BOUND ( 'NONE', #2373, .T. ) ;
#1192 = DIRECTION ( 'NONE',  ( 0.000000000000000000, 0.000000000000000000, 1.000000000000000000 ) ) ;
#1193 = ORIENTED_EDGE ( 'NONE', *, *, #861, .F. ) ;
#1194 = CARTESIAN_POINT ( 'NONE',  ( -7.583587757566561116, -9.251381654843131130, -9.725225465518942514 ) ) ;
#1195 = VERTEX_POINT ( 'NONE', #2522 ) ;
#1196 = LINE ( 'NONE', #3115, #2995 ) ;
#1197 = DIRECTION ( 'NONE',  ( -1.000000000000000000, -0.000000000000000000, 0.000000000000000000 ) ) ;
#1198 = VERTEX_POINT ( 'NONE', #804 ) ;
#1199 = FACE_OUTER_BOUND ( 'NONE', #1343, .T. ) ;
#1200 = FACE_OUTER_BOUND ( 'NONE', #1555, .T. ) ;
#1201 = CARTESIAN_POINT ( 'NONE',  ( -7.583587757566561116, 8.303450538714074014, 22.90626762070102629 ) ) ;
#1202 = AXIS2_PLACEMENT_3D ( 'NONE', #1985, #2698, #1478 ) ;
#1203 = CALENDAR_DATE ( 2025, 2, 10 ) ;
#1204 = CARTESIAN_POINT ( 'NONE',  ( -10.08358775756656023, 14.76447118643746492, 20.69564641180346953 ) ) ;
#1205 = CARTESIAN_POINT ( 'NONE',  ( -22.58358775756656200, 4.303450538714072238, 1.341911707413601107 ) ) ;
#1206 = ORIENTED_EDGE ( 'NONE', *, *, #2043, .F. ) ;
#1207 = CARTESIAN_POINT ( 'NONE',  ( -10.08358775756656023, 23.65718524310390336, 11.80293235513706485 ) ) ;
#1208 = EDGE_CURVE ( 'NONE', #1176, #314, #361, .T. ) ;
#1209 = ORIENTED_EDGE ( 'NONE', *, *, #2062, .F. ) ;
#1210 = ADVANCED_FACE ( 'NONE', ( #615 ), #569, .T. ) ;
#1211 = DIRECTION ( 'NONE',  ( 1.000000000000000000, 0.000000000000000000, 0.000000000000000000 ) ) ;
#1212 = DIRECTION ( 'NONE',  ( -1.000000000000000000, 0.000000000000000000, 0.000000000000000000 ) ) ;
#1213 = CIRCLE ( 'NONE', #2974, 7.999999999999998224 ) ;
#1214 = ORIENTED_EDGE ( 'NONE', *, *, #2526, .F. ) ;
#1215 = CIRCLE ( 'NONE', #4, 22.00000000000000000 ) ;
#1216 = LINE ( 'NONE', #2886, #910 ) ;
#1217 = CYLINDRICAL_SURFACE ( 'NONE', #1468, 22.00000000000000000 ) ;
#1218 = DIRECTION ( 'NONE',  ( -1.000000000000000000, -0.000000000000000000, -0.000000000000000000 ) ) ;
#1219 = DIRECTION ( 'NONE',  ( 0.000000000000000000, 0.000000000000000000, 1.000000000000000000 ) ) ;
#1220 = DIRECTION ( 'NONE',  ( -1.000000000000000000, -0.000000000000000000, 0.000000000000000000 ) ) ;
#1221 = DIRECTION ( 'NONE',  ( 0.000000000000000000, 0.000000000000000000, -1.000000000000000000 ) ) ;
#1222 = EDGE_LOOP ( 'NONE', ( #423, #362, #2253, #2775 ) ) ;
#1223 = DIRECTION ( 'NONE',  ( -1.000000000000000000, 0.000000000000000000, 0.000000000000000000 ) ) ;
#1224 = ORIENTED_EDGE ( 'NONE', *, *, #1012, .F. ) ;
#1225 = AXIS2_PLACEMENT_3D ( 'NONE', #2758, #1288, #831 ) ;
#1226 = DIRECTION ( 'NONE',  ( -1.000000000000000000, 0.000000000000000000, 0.000000000000000000 ) ) ;
#1227 = DIRECTION ( 'NONE',  ( -1.000000000000000000, 0.000000000000000000, 0.000000000000000000 ) ) ;
#1228 = EDGE_CURVE ( 'NONE', #265, #2702, #925, .T. ) ;
#1229 = VECTOR ( 'NONE', #139, 1000.000000000000000 ) ;
#1230 = ORIENTED_EDGE ( 'NONE', *, *, #1080, .F. ) ;
#1231 = DIRECTION ( 'NONE',  ( 0.000000000000000000, 0.000000000000000000, 1.000000000000000000 ) ) ;
#1232 = CYLINDRICAL_SURFACE ( 'NONE', #10, 8.000000000000000000 ) ;
#1233 = DIRECTION ( 'NONE',  ( 0.000000000000000000, 0.000000000000000000, 1.000000000000000000 ) ) ;
#1234 = AXIS2_PLACEMENT_3D ( 'NONE', #1535, #2333, #1798 ) ;
#1235 = AXIS2_PLACEMENT_3D ( 'NONE', #445, #489, #208 ) ;
#1236 = PERSON_AND_ORGANIZATION ( #2612, #134 ) ;
#1237 = AXIS2_PLACEMENT_3D ( 'NONE', #1560, #1547, #2529 ) ;
#1238 = LINE ( 'NONE', #2200, #1265 ) ;
#1239 = DIRECTION ( 'NONE',  ( 1.000000000000000000, 0.000000000000000000, 0.000000000000000000 ) ) ;
#1240 = ORIENTED_EDGE ( 'NONE', *, *, #499, .T. ) ;
#1241 = CARTESIAN_POINT ( 'NONE',  ( -7.583587757566561116, 4.303450538714072238, 1.341911707413601107 ) ) ;
#1242 = VECTOR ( 'NONE', #1503, 1000.000000000000000 ) ;
#1243 = ORIENTED_EDGE ( 'NONE', *, *, #2832, .T. ) ;
#1244 = FACE_OUTER_BOUND ( 'NONE', #954, .T. ) ;
#1245 = DIRECTION ( 'NONE',  ( -1.000000000000000000, 0.000000000000000000, 0.000000000000000000 ) ) ;
#1246 = ORIENTED_EDGE ( 'NONE', *, *, #958, .F. ) ;
#1247 = DIRECTION ( 'NONE',  ( 0.000000000000000000, 0.000000000000000000, 1.000000000000000000 ) ) ;
#1248 = DIRECTION ( 'NONE',  ( -1.000000000000000000, 0.000000000000000000, -0.000000000000000000 ) ) ;
#1249 = DIRECTION ( 'NONE',  ( -1.000000000000000000, 0.000000000000000000, -0.000000000000000000 ) ) ;
#1250 = CC_DESIGN_DATE_AND_TIME_ASSIGNMENT ( #2418, #982, ( #1492 ) ) ;
#1251 = EDGE_CURVE ( 'NONE', #1398, #848, #1531, .T. ) ;
#1252 = EDGE_CURVE ( 'NONE', #2474, #191, #2944, .T. ) ;
#1253 = AXIS2_PLACEMENT_3D ( 'NONE', #771, #2205, #1760 ) ;
#1254 = LINE ( 'NONE', #1488, #1970 ) ;
#1255 = DIRECTION ( 'NONE',  ( -1.000000000000000000, -0.000000000000000000, -0.000000000000000000 ) ) ;
#1256 = ORIENTED_EDGE ( 'NONE', *, *, #2603, .T. ) ;
#1257 = FACE_OUTER_BOUND ( 'NONE', #1981, .T. ) ;
#1258 = VERTEX_POINT ( 'NONE', #1332 ) ;
#1259 = DIRECTION ( 'NONE',  ( -1.000000000000000000, -0.000000000000000000, -0.000000000000000000 ) ) ;
#1260 = DIRECTION ( 'NONE',  ( -1.000000000000000000, -0.000000000000000000, 0.000000000000000000 ) ) ;
#1261 = ORIENTED_EDGE ( 'NONE', *, *, #787, .T. ) ;
#1262 = CARTESIAN_POINT ( 'NONE',  ( -22.58358775756656200, 4.303450538714072238, 1.341911707413601107 ) ) ;
#1263 = FACE_OUTER_BOUND ( 'NONE', #3035, .T. ) ;
#1264 = DIRECTION ( 'NONE',  ( 0.000000000000000000, -0.5877852522924625900, -0.8090169943749551118 ) ) ;
#1265 = VECTOR ( 'NONE', #40, 1000.000000000000000 ) ;
#1266 = CIRCLE ( 'NONE', #3028, 8.000000000000000000 ) ;
#1267 = EDGE_CURVE ( 'NONE', #2451, #924, #1426, .T. ) ;
#1268 = AXIS2_PLACEMENT_3D ( 'NONE', #2208, #1513, #2415 ) ;
#1269 = CYLINDRICAL_SURFACE ( 'NONE', #257, 7.999999999999998224 ) ;
#1270 = DIRECTION ( 'NONE',  ( 0.000000000000000000, -0.9510565162951565288, 0.3090169943749384029 ) ) ;
#1271 = ORIENTED_EDGE ( 'NONE', *, *, #2793, .T. ) ;
#1272 = DIRECTION ( 'NONE',  ( 0.000000000000000000, 0.000000000000000000, 1.000000000000000000 ) ) ;
#1273 = ADVANCED_FACE ( 'NONE', ( #1822 ), #391, .F. ) ;
#1274 = ORIENTED_EDGE ( 'NONE', *, *, #57, .T. ) ;
#1275 = LINE ( 'NONE', #2237, #2185 ) ;
#1276 = DIRECTION ( 'NONE',  ( 1.000000000000000000, 0.000000000000000000, -0.000000000000000000 ) ) ;
#1277 = EDGE_LOOP ( 'NONE', ( #2143, #1430, #1668, #2786 ) ) ;
#1278 = CARTESIAN_POINT ( 'NONE',  ( -22.58358775756656200, 4.303450538714072238, 1.341911707413601107 ) ) ;
#1279 = FACE_OUTER_BOUND ( 'NONE', #336, .T. ) ;
#1280 = AXIS2_PLACEMENT_3D ( 'NONE', #2282, #2048, #1328 ) ;
#1281 = VERTEX_POINT ( 'NONE', #2372 ) ;
#1282 = VECTOR ( 'NONE', #120, 1000.000000000000000 ) ;
#1283 = AXIS2_PLACEMENT_3D ( 'NONE', #295, #1255, #2217 ) ;
#1284 = CARTESIAN_POINT ( 'NONE',  ( -12.58358775756656023, 4.303450538714072238, 1.341911707413601107 ) ) ;
#1285 = ADVANCED_FACE ( 'NONE', ( #2324 ), #2568, .T. ) ;
#1286 = DIRECTION ( 'NONE',  ( 0.000000000000000000, -0.5877852522924803536, 0.8090169943749422332 ) ) ;
#1287 = EDGE_LOOP ( 'NONE', ( #3029, #2481, #200, #1809 ) ) ;
#1288 = DIRECTION ( 'NONE',  ( -1.000000000000000000, -0.000000000000000000, 0.000000000000000000 ) ) ;
#1289 = EDGE_CURVE ( 'NONE', #2332, #2492, #2442, .T. ) ;
#1290 = ORIENTED_EDGE ( 'NONE', *, *, #1544, .F. ) ;
#1291 = CARTESIAN_POINT ( 'NONE',  ( -12.58358775756656023, -8.663317559327305517, -12.26219847362970938 ) ) ;
#1292 = CARTESIAN_POINT ( 'NONE',  ( -12.58358775756656023, 4.303450538714072238, 1.341911707413601107 ) ) ;
#1293 = ORIENTED_EDGE ( 'NONE', *, *, #155, .F. ) ;
#1294 = DIRECTION ( 'NONE',  ( -1.000000000000000000, -0.000000000000000000, 0.000000000000000000 ) ) ;
#1295 = EDGE_LOOP ( 'NONE', ( #662, #2629, #2307, #1320 ) ) ;
#1296 = DIRECTION ( 'NONE',  ( 0.000000000000000000, 0.9510565162951546414, -0.3090169943749446202 ) ) ;
#1297 = VERTEX_POINT ( 'NONE', #2106 ) ;
#1298 = DIRECTION ( 'NONE',  ( -1.000000000000000000, 0.000000000000000000, 0.000000000000000000 ) ) ;
#1299 = AXIS2_PLACEMENT_3D ( 'NONE', #859, #2787, #1819 ) ;
#1300 = ORIENTED_EDGE ( 'NONE', *, *, #2719, .F. ) ;
#1301 = DIRECTION ( 'NONE',  ( -1.000000000000000000, -0.000000000000000000, 0.000000000000000000 ) ) ;
#1302 = ORIENTED_EDGE ( 'NONE', *, *, #2986, .T. ) ;
#1303 = CYLINDRICAL_SURFACE ( 'NONE', #44, 7.999999999999998224 ) ;
#1304 = EDGE_CURVE ( 'NONE', #2790, #814, #1869, .T. ) ;
#1305 = EDGE_CURVE ( 'NONE', #2647, #1398, #904, .T. ) ;
#1306 = ORIENTED_EDGE ( 'NONE', *, *, #2930, .F. ) ;
#1307 = DIRECTION ( 'NONE',  ( -1.000000000000000000, 0.000000000000000000, -0.000000000000000000 ) ) ;
#1308 = DIRECTION ( 'NONE',  ( 0.000000000000000000, 0.000000000000000000, 1.000000000000000000 ) ) ;
#1309 = ADVANCED_FACE ( 'NONE', ( #671 ), #450, .T. ) ;
#1310 = ORIENTED_EDGE ( 'NONE', *, *, #752, .T. ) ;
#1311 = AXIS2_PLACEMENT_3D ( 'NONE', #1898, #1439, #2419 ) ;
#1312 = CARTESIAN_POINT ( 'NONE',  ( -12.58358775756656023, -11.62620424368219929, 16.51577405401737053 ) ) ;
#1313 = DIRECTION ( 'NONE',  ( 1.000000000000000000, -0.000000000000000000, -0.000000000000000000 ) ) ;
#1314 = VERTEX_POINT ( 'NONE', #199 ) ;
#1315 = CARTESIAN_POINT ( 'NONE',  ( -7.583587757566561116, 1.390754185208400884, -20.46442223372090652 ) ) ;
#1316 = ORIENTED_EDGE ( 'NONE', *, *, #3114, .T. ) ;
#1317 = CARTESIAN_POINT ( 'NONE',  ( -12.58358775756656023, 4.303450538714072238, 1.341911707413601107 ) ) ;
#1318 = ORIENTED_EDGE ( 'NONE', *, *, #2153, .T. ) ;
#1319 = DIRECTION ( 'NONE',  ( -1.000000000000000000, -0.000000000000000000, -0.000000000000000000 ) ) ;
#1320 = ORIENTED_EDGE ( 'NONE', *, *, #825, .T. ) ;
#1321 = CARTESIAN_POINT ( 'NONE',  ( -7.583587757566561116, 4.303450538714072238, 1.341911707413601107 ) ) ;
#1322 = EDGE_CURVE ( 'NONE', #2506, #2357, #2040, .T. ) ;
#1323 = ORIENTED_EDGE ( 'NONE', *, *, #3021, .T. ) ;
#1324 = ADVANCED_BREP_SHAPE_REPRESENTATION ( 'gear_driven_witharm', ( #1846, #2399 ), #592 ) ;
#1325 = CIRCLE ( 'NONE', #2846, 7.999999999999998224 ) ;
#1326 = DIRECTION ( 'NONE',  ( -1.000000000000000000, 0.000000000000000000, 0.000000000000000000 ) ) ;
#1327 = ORIENTED_EDGE ( 'NONE', *, *, #2869, .F. ) ;
#1328 = DIRECTION ( 'NONE',  ( 0.000000000000000000, -0.8090169943749531134, 0.5877852522924653655 ) ) ;
#1329 = AXIS2_PLACEMENT_3D ( 'NONE', #1205, #965, #545 ) ;
#1330 = EDGE_LOOP ( 'NONE', ( #2459, #3087, #1950, #60 ) ) ;
#1331 = AXIS2_PLACEMENT_3D ( 'NONE', #1419, #2128, #2887 ) ;
#1332 = CARTESIAN_POINT ( 'NONE',  ( -7.583587757566561116, -13.16773907712192937, 2.328083298722304573 ) ) ;
#1333 = FACE_OUTER_BOUND ( 'NONE', #1353, .T. ) ;
#1334 = VECTOR ( 'NONE', #1828, 1000.000000000000000 ) ;
#1335 = ORIENTED_EDGE ( 'NONE', *, *, #2930, .T. ) ;
#1336 = CYLINDRICAL_SURFACE ( 'NONE', #2020, 22.00000000000000000 ) ;
#1337 = CARTESIAN_POINT ( 'NONE',  ( -7.583587757566561116, 5.289622130023082569, -16.12927790842238451 ) ) ;
#1338 = VERTEX_POINT ( 'NONE', #437 ) ;
#1339 = ADVANCED_FACE ( 'NONE', ( #2851 ), #1837, .T. ) ;
#1340 = EDGE_CURVE ( 'NONE', #1490, #632, #79, .T. ) ;
#1341 = ADVANCED_FACE ( 'NONE', ( #1174 ), #1129, .T. ) ;
#1342 = CARTESIAN_POINT ( 'NONE',  ( -7.583587757566561116, 22.79008162712763763, -2.042369564474276977 ) ) ;
#1343 = EDGE_LOOP ( 'NONE', ( #2766, #1845, #874, #1097 ) ) ;
#1344 = DIRECTION ( 'NONE',  ( 0.000000000000000000, 0.000000000000000000, -1.000000000000000000 ) ) ;
#1345 = ORIENTED_EDGE ( 'NONE', *, *, #1621, .T. ) ;
#1346 = CARTESIAN_POINT ( 'NONE',  ( -12.58358775756656023, 4.303450538714072238, 41.34191170741360111 ) ) ;
#1347 = ORIENTED_EDGE ( 'NONE', *, *, #308, .F. ) ;
#1348 = DIRECTION ( 'NONE',  ( -1.000000000000000000, -0.000000000000000000, -0.000000000000000000 ) ) ;
#1349 = VERTEX_POINT ( 'NONE', #152 ) ;
#1350 = DIRECTION ( 'NONE',  ( 0.000000000000000000, 0.8090169943749446757, 0.5877852522924769119 ) ) ;
#1351 = DIRECTION ( 'NONE',  ( -1.000000000000000000, -0.000000000000000000, 0.000000000000000000 ) ) ;
#1352 = AXIS2_PLACEMENT_3D ( 'NONE', #2406, #2943, #2896 ) ;
#1353 = EDGE_LOOP ( 'NONE', ( #376, #2503, #724, #24 ) ) ;
#1354 = EDGE_LOOP ( 'NONE', ( #2028, #2059, #326, #153 ) ) ;
#1355 = DIRECTION ( 'NONE',  ( -1.000000000000000000, 0.000000000000000000, -0.000000000000000000 ) ) ;
#1356 = AXIS2_PLACEMENT_3D ( 'NONE', #1598, #3067, #2393 ) ;
#1357 = EDGE_CURVE ( 'NONE', #3000, #2064, #2801, .T. ) ;
#1358 = VECTOR ( 'NONE', #593, 1000.000000000000000 ) ;
#1359 = ORIENTED_EDGE ( 'NONE', *, *, #1540, .T. ) ;
#1360 = CARTESIAN_POINT ( 'NONE',  ( -12.58358775756656023, 4.303450538714072238, 1.341911707413601107 ) ) ;
#1361 = VERTEX_POINT ( 'NONE', #1391 ) ;
#1362 = DIRECTION ( 'NONE',  ( 0.000000000000000000, -0.3090169943749349057, -0.9510565162951575280 ) ) ;
#1363 = ORIENTED_EDGE ( 'NONE', *, *, #3040, .T. ) ;
#1364 = AXIS2_PLACEMENT_3D ( 'NONE', #759, #253, #554 ) ;
#1365 = CARTESIAN_POINT ( 'NONE',  ( -7.583587757566561116, 4.303450538714072238, 1.341911707413601107 ) ) ;
#1366 = CARTESIAN_POINT ( 'NONE',  ( -12.58358775756656023, 4.303450538714072238, 1.341911707413601107 ) ) ;
#1367 = ORIENTED_EDGE ( 'NONE', *, *, #2963, .T. ) ;
#1368 = DIRECTION ( 'NONE',  ( -1.000000000000000000, -0.000000000000000000, 0.000000000000000000 ) ) ;
#1369 = CIRCLE ( 'NONE', #18, 7.999999999999998224 ) ;
#1370 = VERTEX_POINT ( 'NONE', #2866 ) ;
#1371 = DIRECTION ( 'NONE',  ( 0.000000000000000000, 0.8090169943749487835, -0.5877852522924713607 ) ) ;
#1372 = AXIS2_PLACEMENT_3D ( 'NONE', #705, #2587, #2871 ) ;
#1373 = EDGE_CURVE ( 'NONE', #3062, #1682, #1834, .T. ) ;
#1374 = ORIENTED_EDGE ( 'NONE', *, *, #2153, .F. ) ;
#1375 = DIRECTION ( 'NONE',  ( 1.000000000000000000, -0.000000000000000000, 0.000000000000000000 ) ) ;
#1376 = VERTEX_POINT ( 'NONE', #658 ) ;
#1377 = CARTESIAN_POINT ( 'NONE',  ( -7.583587757566561116, -12.00789441177070849, -4.994887713926379647 ) ) ;
#1378 = AXIS2_PLACEMENT_3D ( 'NONE', #41, #1002, #1717 ) ;
#1379 = CC_DESIGN_PERSON_AND_ORGANIZATION_ASSIGNMENT ( #997, #730, ( #1492 ) ) ;
#1380 = AXIS2_PLACEMENT_3D ( 'NONE', #579, #1140, #74 ) ;
#1381 = ADVANCED_FACE ( 'NONE', ( #938 ), #2354, .T. ) ;
#1382 = ORIENTED_EDGE ( 'NONE', *, *, #1698, .F. ) ;
#1383 = EDGE_CURVE ( 'NONE', #1800, #2101, #641, .T. ) ;
#1384 = CARTESIAN_POINT ( 'NONE',  ( -7.583587757566561116, 6.797490957169422643, 19.96954309515211179 ) ) ;
#1385 = DIRECTION ( 'NONE',  ( -1.000000000000000000, 0.000000000000000000, 0.000000000000000000 ) ) ;
#1386 = ORIENTED_EDGE ( 'NONE', *, *, #1077, .T. ) ;
#1387 = DIRECTION ( 'NONE',  ( 0.000000000000000000, 0.000000000000000000, 1.000000000000000000 ) ) ;
#1388 = CARTESIAN_POINT ( 'NONE',  ( -7.583587757566561116, 1.809410120258591270, 19.96954309515209047 ) ) ;
#1389 = DIRECTION ( 'NONE',  ( 0.000000000000000000, 0.000000000000000000, 1.000000000000000000 ) ) ;
#1390 = ORIENTED_EDGE ( 'NONE', *, *, #2507, .F. ) ;
#1391 = CARTESIAN_POINT ( 'NONE',  ( -12.58358775756656023, -10.87041180788963324, -14.58774307498272904 ) ) ;
#1392 = VERTEX_POINT ( 'NONE', #1653 ) ;
#1393 = CARTESIAN_POINT ( 'NONE',  ( -7.583587757566561116, 15.37058771164666204, -12.21292048614356496 ) ) ;
#1394 = ORIENTED_EDGE ( 'NONE', *, *, #2985, .F. ) ;
#1395 = CARTESIAN_POINT ( 'NONE',  ( -12.58358775756656023, 20.23310532111023718, 16.51577405401748067 ) ) ;
#1396 = DIRECTION ( 'NONE',  ( -1.000000000000000000, -0.000000000000000000, 0.000000000000000000 ) ) ;
#1397 = EDGE_CURVE ( 'NONE', #1349, #1116, #2341, .T. ) ;
#1398 = VERTEX_POINT ( 'NONE', #184 ) ;
#1399 = AXIS2_PLACEMENT_3D ( 'NONE', #2579, #2817, #1389 ) ;
#1400 = CARTESIAN_POINT ( 'NONE',  ( 37.41646304243343479, 4.303450538714072238, 2.841911707413601551 ) ) ;
#1401 = CIRCLE ( 'NONE', #1960, 22.00000000000000000 ) ;
#1402 = DIRECTION ( 'NONE',  ( 0.000000000000000000, 0.000000000000000000, 1.000000000000000000 ) ) ;
#1403 = CARTESIAN_POINT ( 'NONE',  ( -12.58358775756656023, 4.303450538714072238, -0.1580882925863991428 ) ) ;
#1404 = ADVANCED_FACE ( 'NONE', ( #950 ), #749, .T. ) ;
#1405 = AXIS2_PLACEMENT_3D ( 'NONE', #3111, #2601, #169 ) ;
#1406 = DIRECTION ( 'NONE',  ( -1.000000000000000000, -0.000000000000000000, -0.000000000000000000 ) ) ;
#1407 = CARTESIAN_POINT ( 'NONE',  ( -12.58358775756656023, 20.83948107293613461, -7.589414224251049390 ) ) ;
#1408 = DIRECTION ( 'NONE',  ( -1.000000000000000000, 0.000000000000000000, -0.000000000000000000 ) ) ;
#1409 = EDGE_LOOP ( 'NONE', ( #2344, #2837, #1919, #642 ) ) ;
#1410 = CARTESIAN_POINT ( 'NONE',  ( -7.583587757566561116, -6.763686634218219140, -12.21292048614380654 ) ) ;
#1411 = VERTEX_POINT ( 'NONE', #278 ) ;
#1412 = LINE ( 'NONE', #1856, #653 ) ;
#1413 = CARTESIAN_POINT ( 'NONE',  ( -7.583587757566561116, 7.687731810601882820, 19.82854279582717894 ) ) ;
#1414 = AXIS2_PLACEMENT_3D ( 'NONE', #305, #2448, #1711 ) ;
#1415 = VERTEX_POINT ( 'NONE', #1915 ) ;
#1416 = DIRECTION ( 'NONE',  ( 0.000000000000000000, 0.000000000000000000, -1.000000000000000000 ) ) ;
#1417 = EDGE_CURVE ( 'NONE', #156, #2691, #2847, .T. ) ;
#1418 = CARTESIAN_POINT ( 'NONE',  ( -12.58358775756656023, 4.303450538714072238, 1.341911707413601107 ) ) ;
#1419 = CARTESIAN_POINT ( 'NONE',  ( -7.583587757566561116, 4.303450538714072238, 1.341911707413601107 ) ) ;
#1420 = CARTESIAN_POINT ( 'NONE',  ( -7.583587757566561116, 20.23310532111045745, -13.83195063919004753 ) ) ;
#1421 = LINE ( 'NONE', #1204, #2224 ) ;
#1422 = DIRECTION ( 'NONE',  ( -1.000000000000000000, 0.000000000000000000, 0.000000000000000000 ) ) ;
#1423 = ORIENTED_EDGE ( 'NONE', *, *, #3079, .T. ) ;
#1424 = CYLINDRICAL_SURFACE ( 'NONE', #1757, 7.999999999999998224 ) ;
#1425 = ORIENTED_EDGE ( 'NONE', *, *, #885, .F. ) ;
#1426 = CIRCLE ( 'NONE', #675, 17.49900000000000233 ) ;
#1427 = DIRECTION ( 'NONE',  ( 0.000000000000000000, -1.000000000000000000, 0.000000000000000000 ) ) ;
#1428 = FACE_OUTER_BOUND ( 'NONE', #467, .T. ) ;
#1429 = AXIS2_PLACEMENT_3D ( 'NONE', #2599, #1408, #212 ) ;
#1430 = ORIENTED_EDGE ( 'NONE', *, *, #1862, .T. ) ;
#1431 = DIRECTION ( 'NONE',  ( -1.000000000000000000, 0.000000000000000000, 0.000000000000000000 ) ) ;
#1432 = CARTESIAN_POINT ( 'NONE',  ( -12.58358775756656023, 4.303450538714072238, 41.34191170741360111 ) ) ;
#1433 = CARTESIAN_POINT ( 'NONE',  ( -7.583587757566561116, 19.01759696747375017, -8.129566312041374587 ) ) ;
#1434 = VECTOR ( 'NONE', #3105, 1000.000000000000000 ) ;
#1435 = EDGE_CURVE ( 'NONE', #251, #338, #2593, .T. ) ;
#1436 = APPROVAL_STATUS ( 'not_yet_approved' ) ;
#1437 = EDGE_CURVE ( 'NONE', #1800, #2809, #729, .T. ) ;
#1438 = EDGE_CURVE ( 'NONE', #312, #657, #2908, .T. ) ;
#1439 = DIRECTION ( 'NONE',  ( -1.000000000000000000, 0.000000000000000000, -0.000000000000000000 ) ) ;
#1440 = FACE_BOUND ( 'NONE', #1564, .T. ) ;
#1441 = VERTEX_POINT ( 'NONE', #1700 ) ;
#1442 = DIRECTION ( 'NONE',  ( 0.000000000000000000, 0.9510565162951521989, 0.3090169943749516146 ) ) ;
#1443 = ORIENTED_EDGE ( 'NONE', *, *, #2294, .T. ) ;
#1444 = CARTESIAN_POINT ( 'NONE',  ( -7.583587757566561116, -12.64177880177796887, -6.786316348225438944 ) ) ;
#1445 = APPLICATION_CONTEXT ( 'configuration controlled 3d designs of mechanical parts and assemblies' ) ;
#1446 = DIRECTION ( 'NONE',  ( -1.000000000000000000, -0.000000000000000000, 0.000000000000000000 ) ) ;
#1447 = VERTEX_POINT ( 'NONE', #496 ) ;
#1448 = FACE_OUTER_BOUND ( 'NONE', #1689, .T. ) ;
#1449 = CARTESIAN_POINT ( 'NONE',  ( -7.583587757566561116, 4.303450538714072238, 1.341911707413601107 ) ) ;
#1450 = CYLINDRICAL_SURFACE ( 'NONE', #226, 22.00000000000000000 ) ;
#1451 = VECTOR ( 'NONE', #2052, 1000.000000000000000 ) ;
#1452 = CIRCLE ( 'NONE', #495, 7.999999999999998224 ) ;
#1453 = PERSON_AND_ORGANIZATION_ROLE ( 'design_supplier' ) ;
#1454 = DIRECTION ( 'NONE',  ( 1.000000000000000000, -0.000000000000000000, -0.000000000000000000 ) ) ;
#1455 = EDGE_CURVE ( 'NONE', #966, #381, #260, .T. ) ;
#1456 = CARTESIAN_POINT ( 'NONE',  ( -7.583587757566561116, 3.317278947405429612, -16.12927790842240583 ) ) ;
#1457 = EDGE_LOOP ( 'NONE', ( #638, #1506, #1046, #2711 ) ) ;
#1458 = CARTESIAN_POINT ( 'NONE',  ( -12.58358775756656023, 4.303450538714072238, 1.341911707413601107 ) ) ;
#1459 = AXIS2_PLACEMENT_3D ( 'NONE', #2154, #2840, #470 ) ;
#1460 = ORIENTED_EDGE ( 'NONE', *, *, #2044, .F. ) ;
#1461 = DIRECTION ( 'NONE',  ( 0.000000000000000000, 0.000000000000000000, -1.000000000000000000 ) ) ;
#1462 = LINE ( 'NONE', #2170, #144 ) ;
#1463 = AXIS2_PLACEMENT_3D ( 'NONE', #1092, #607, #2289 ) ;
#1464 = ORIENTED_EDGE ( 'NONE', *, *, #3052, .F. ) ;
#1465 = DIRECTION ( 'NONE',  ( -1.000000000000000000, -0.000000000000000000, -0.000000000000000000 ) ) ;
#1466 = CARTESIAN_POINT ( 'NONE',  ( -12.58358775756656023, 5.289622130023082569, -16.12927790842238451 ) ) ;
#1467 = CARTESIAN_POINT ( 'NONE',  ( -12.58358775756656023, 4.303450538714072238, 1.341911707413601107 ) ) ;
#1468 = AXIS2_PLACEMENT_3D ( 'NONE', #1278, #2241, #2685 ) ;
#1469 = CARTESIAN_POINT ( 'NONE',  ( 0.000000000000000000, 0.000000000000000000, 0.000000000000000000 ) ) ;
#1470 = DIRECTION ( 'NONE',  ( -1.000000000000000000, 0.000000000000000000, 0.000000000000000000 ) ) ;
#1471 = PLANE ( 'NONE',  #2091 ) ;
#1472 = ORIENTED_EDGE ( 'NONE', *, *, #1417, .F. ) ;
#1473 = CARTESIAN_POINT ( 'NONE',  ( -7.583587757566561116, -12.61738197393914973, -3.119077877727542969 ) ) ;
#1474 = ORIENTED_EDGE ( 'NONE', *, *, #1055, .T. ) ;
#1475 = AXIS2_PLACEMENT_3D ( 'NONE', #1241, #1966, #1272 ) ;
#1476 = EDGE_CURVE ( 'NONE', #2492, #241, #1947, .T. ) ;
#1477 = DIRECTION ( 'NONE',  ( 0.000000000000000000, 0.000000000000000000, 1.000000000000000000 ) ) ;
#1478 = DIRECTION ( 'NONE',  ( 0.000000000000000000, 0.000000000000000000, 1.000000000000000000 ) ) ;
#1479 = ADVANCED_FACE ( 'NONE', ( #2387 ), #1669, .T. ) ;
#1480 = ADVANCED_FACE ( 'NONE', ( #2708, #2926, #1440 ), #1471, .F. ) ;
#1481 = VECTOR ( 'NONE', #970, 1000.000000000000000 ) ;
#1482 = ORIENTED_EDGE ( 'NONE', *, *, #1540, .F. ) ;
#1483 = CYLINDRICAL_SURFACE ( 'NONE', #2277, 8.000000000000000000 ) ;
#1484 = CYLINDRICAL_SURFACE ( 'NONE', #2278, 7.999999999999998224 ) ;
#1485 = FACE_OUTER_BOUND ( 'NONE', #1886, .T. ) ;
#1486 = AXIS2_PLACEMENT_3D ( 'NONE', #23, #1738, #2201 ) ;
#1487 = AXIS2_PLACEMENT_3D ( 'NONE', #35, #809, #2672 ) ;
#1488 = CARTESIAN_POINT ( 'NONE',  ( -7.583587757566561116, -6.763686634218219140, -12.21292048614380654 ) ) ;
#1489 = CARTESIAN_POINT ( 'NONE',  ( -7.583587757566561116, 10.64024996005410983, -14.96943324307115830 ) ) ;
#1490 = VERTEX_POINT ( 'NONE', #244 ) ;
#1491 = CARTESIAN_POINT ( 'NONE',  ( -7.583587757566561116, -15.53553277982285152, 10.85057832723016347 ) ) ;
#1492 = SECURITY_CLASSIFICATION ( '', '', #763 ) ;
#1493 = VERTEX_POINT ( 'NONE', #1683 ) ;
#1494 = DIRECTION ( 'NONE',  ( 1.000000000000000000, 0.000000000000000000, 0.000000000000000000 ) ) ;
#1495 = DIRECTION ( 'NONE',  ( 0.000000000000000000, 4.336808689942017736E-17, 1.000000000000000000 ) ) ;
#1496 = ORIENTED_EDGE ( 'NONE', *, *, #1038, .T. ) ;
#1497 = CYLINDRICAL_SURFACE ( 'NONE', #2933, 17.49900000000000233 ) ;
#1498 = CARTESIAN_POINT ( 'NONE',  ( -12.58358775756656023, 4.303450538714072238, 1.341911707413601107 ) ) ;
#1499 = DIRECTION ( 'NONE',  ( 0.000000000000000000, 0.000000000000000000, 1.000000000000000000 ) ) ;
#1500 = EDGE_CURVE ( 'NONE', #1447, #891, #928, .T. ) ;
#1501 = VECTOR ( 'NONE', #189, 1000.000000000000000 ) ;
#1502 = ADVANCED_FACE ( 'NONE', ( #2941 ), #230, .T. ) ;
#1503 = DIRECTION ( 'NONE',  ( 1.000000000000000000, -0.000000000000000000, -0.000000000000000000 ) ) ;
#1504 = FACE_OUTER_BOUND ( 'NONE', #1330, .T. ) ;
#1505 = LINE ( 'NONE', #2518, #1733 ) ;
#1506 = ORIENTED_EDGE ( 'NONE', *, *, #1573, .T. ) ;
#1507 = LINE ( 'NONE', #2203, #2541 ) ;
#1508 = ORIENTED_EDGE ( 'NONE', *, *, #131, .T. ) ;
#1509 = DIRECTION ( 'NONE',  ( -1.000000000000000000, -0.000000000000000000, 0.000000000000000000 ) ) ;
#1510 = DIRECTION ( 'NONE',  ( -1.000000000000000000, 0.000000000000000000, 0.000000000000000000 ) ) ;
#1511 = VERTEX_POINT ( 'NONE', #1456 ) ;
#1512 = CARTESIAN_POINT ( 'NONE',  ( -12.58358775756656023, 4.303450538714072238, 1.341911707413601107 ) ) ;
#1513 = DIRECTION ( 'NONE',  ( -1.000000000000000000, -0.000000000000000000, -0.000000000000000000 ) ) ;
#1514 = DIRECTION ( 'NONE',  ( 0.000000000000000000, 0.000000000000000000, 1.000000000000000000 ) ) ;
#1515 = AXIS2_PLACEMENT_3D ( 'NONE', #949, #449, #1928 ) ;
#1516 = EDGE_CURVE ( 'NONE', #42, #2328, #430, .T. ) ;
#1517 = ORIENTED_EDGE ( 'NONE', *, *, #2813, .T. ) ;
#1518 = EDGE_CURVE ( 'NONE', #603, #176, #879, .T. ) ;
#1519 = CIRCLE ( 'NONE', #1923, 17.49900000000000233 ) ;
#1520 = CYLINDRICAL_SURFACE ( 'NONE', #563, 22.00000000000000000 ) ;
#1521 = CARTESIAN_POINT ( 'NONE',  ( -12.58358775756656023, -12.64177880177796887, -6.786316348225438944 ) ) ;
#1522 = ORIENTED_EDGE ( 'NONE', *, *, #248, .T. ) ;
#1523 = FACE_OUTER_BOUND ( 'NONE', #703, .T. ) ;
#1524 = ORIENTED_EDGE ( 'NONE', *, *, #2213, .F. ) ;
#1525 = CARTESIAN_POINT ( 'NONE',  ( -10.08358775756656023, 19.47731288531790028, 17.27156648980982112 ) ) ;
#1526 = CARTESIAN_POINT ( 'NONE',  ( -7.583587757566560228, 4.303450538714072238, 39.74191170741360679 ) ) ;
#1527 = CIRCLE ( 'NONE', #375, 17.49900000000000233 ) ;
#1528 = ORIENTED_EDGE ( 'NONE', *, *, #2267, .T. ) ;
#1529 = CYLINDRICAL_SURFACE ( 'NONE', #3071, 1.500000000000000444 ) ;
#1530 = DIRECTION ( 'NONE',  ( -1.000000000000000000, 0.000000000000000000, 0.000000000000000000 ) ) ;
#1531 = CIRCLE ( 'NONE', #2088, 17.49900000000000233 ) ;
#1532 = ORIENTED_EDGE ( 'NONE', *, *, #2229, .F. ) ;
#1533 = VECTOR ( 'NONE', #1964, 1000.000000000000000 ) ;
#1534 = CIRCLE ( 'NONE', #1784, 7.999999999999998224 ) ;
#1535 = CARTESIAN_POINT ( 'NONE',  ( -7.583587757566561116, 22.93108192645258114, 3.835952125869019458 ) ) ;
#1536 = ORIENTED_EDGE ( 'NONE', *, *, #3099, .T. ) ;
#1537 = CYLINDRICAL_SURFACE ( 'NONE', #1124, 8.000000000000000000 ) ;
#1538 = CIRCLE ( 'NONE', #1836, 22.00000000000000000 ) ;
#1539 = EDGE_CURVE ( 'NONE', #1548, #833, #531, .T. ) ;
#1540 = EDGE_CURVE ( 'NONE', #814, #1349, #2649, .T. ) ;
#1541 = ORIENTED_EDGE ( 'NONE', *, *, #2041, .F. ) ;
#1542 = CYLINDRICAL_SURFACE ( 'NONE', #1028, 17.49900000000000233 ) ;
#1543 = CARTESIAN_POINT ( 'NONE',  ( -12.58358775756656023, -6.763686634218417204, 14.89674390097084711 ) ) ;
#1544 = EDGE_CURVE ( 'NONE', #125, #416, #21, .T. ) ;
#1545 = ORIENTED_EDGE ( 'NONE', *, *, #491, .F. ) ;
#1546 = CARTESIAN_POINT ( 'NONE',  ( -12.58358775756656023, -14.32418084902444910, 3.835952125868887563 ) ) ;
#1547 = DIRECTION ( 'NONE',  ( -1.000000000000000000, -0.000000000000000000, 0.000000000000000000 ) ) ;
#1548 = VERTEX_POINT ( 'NONE', #325 ) ;
#1549 = DIRECTION ( 'NONE',  ( -1.000000000000000000, 0.000000000000000000, 0.000000000000000000 ) ) ;
#1550 = AXIS2_PLACEMENT_3D ( 'NONE', #2611, #2090, #639 ) ;
#1551 = VERTEX_POINT ( 'NONE', #2280 ) ;
#1552 = DIRECTION ( 'NONE',  ( 0.000000000000000000, 0.000000000000000000, -1.000000000000000000 ) ) ;
#1553 = AXIS2_PLACEMENT_3D ( 'NONE', #550, #971, #2948 ) ;
#1554 = EDGE_CURVE ( 'NONE', #1709, #45, #2139, .T. ) ;
#1555 = EDGE_LOOP ( 'NONE', ( #1838, #1345, #3015, #1007 ) ) ;
#1556 = CARTESIAN_POINT ( 'NONE',  ( -7.583587757566561116, 19.01759696747361872, 10.81338972686879529 ) ) ;
#1557 = LINE ( 'NONE', #378, #95 ) ;
#1558 = EDGE_LOOP ( 'NONE', ( #1600, #1246, #734, #740 ) ) ;
#1559 = DIRECTION ( 'NONE',  ( 1.000000000000000000, 0.000000000000000000, 0.000000000000000000 ) ) ;
#1560 = CARTESIAN_POINT ( 'NONE',  ( -7.583587757566561116, -12.23257999550792796, -7.589414224251165741 ) ) ;
#1561 = ORIENTED_EDGE ( 'NONE', *, *, #2798, .T. ) ;
#1562 = AXIS2_PLACEMENT_3D ( 'NONE', #2707, #1044, #2970 ) ;
#1563 = CYLINDRICAL_SURFACE ( 'NONE', #3091, 22.00000000000000000 ) ;
#1564 = EDGE_LOOP ( 'NONE', ( #1183, #959 ) ) ;
#1565 = DIRECTION ( 'NONE',  ( 0.000000000000000000, 0.000000000000000000, -1.000000000000000000 ) ) ;
#1566 = ORIENTED_EDGE ( 'NONE', *, *, #1034, .T. ) ;
#1567 = DIRECTION ( 'NONE',  ( 0.000000000000000000, 0.000000000000000000, -1.000000000000000000 ) ) ;
#1568 = DIRECTION ( 'NONE',  ( 1.000000000000000000, -0.000000000000000000, -0.000000000000000000 ) ) ;
#1569 = EDGE_CURVE ( 'NONE', #876, #1578, #1754, .T. ) ;
#1570 = ORIENTED_EDGE ( 'NONE', *, *, #538, .T. ) ;
#1571 = CYLINDRICAL_SURFACE ( 'NONE', #1463, 17.49900000000000233 ) ;
#1572 = CARTESIAN_POINT ( 'NONE',  ( -7.583587757566561116, -12.00789441177080086, 7.678711128753344717 ) ) ;
#1573 = EDGE_CURVE ( 'NONE', #836, #719, #832, .T. ) ;
#1574 = EDGE_CURVE ( 'NONE', #2328, #2243, #2996, .T. ) ;
#1575 = ORIENTED_EDGE ( 'NONE', *, *, #1696, .F. ) ;
#1576 = AXIS2_PLACEMENT_3D ( 'NONE', #1036, #2310, #2284 ) ;
#1577 = DIRECTION ( 'NONE',  ( 0.000000000000000000, 0.000000000000000000, 1.000000000000000000 ) ) ;
#1578 = VERTEX_POINT ( 'NONE', #2231 ) ;
#1579 = CYLINDRICAL_SURFACE ( 'NONE', #322, 7.999999999999996447 ) ;
#1580 = CIRCLE ( 'NONE', #2752, 7.999999999999998224 ) ;
#1581 = VERTEX_POINT ( 'NONE', #610 ) ;
#1582 = AXIS2_PLACEMENT_3D ( 'NONE', #1713, #1294, #1233 ) ;
#1583 = DIRECTION ( 'NONE',  ( -1.000000000000000000, 0.000000000000000000, 0.000000000000000000 ) ) ;
#1584 = FACE_BOUND ( 'NONE', #2210, .T. ) ;
#1585 = ORIENTED_EDGE ( 'NONE', *, *, #3077, .T. ) ;
#1586 = DIRECTION ( 'NONE',  ( -1.000000000000000000, 0.000000000000000000, 0.000000000000000000 ) ) ;
#1587 = DIRECTION ( 'NONE',  ( 0.000000000000000000, -0.5877852522924624790, -0.8090169943749550008 ) ) ;
#1588 = ORIENTED_EDGE ( 'NONE', *, *, #1054, .F. ) ;
#1589 = ADVANCED_FACE ( 'NONE', ( #2260 ), #1563, .T. ) ;
#1590 = EDGE_CURVE ( 'NONE', #2584, #1721, #3056, .T. ) ;
#1591 = ORIENTED_EDGE ( 'NONE', *, *, #462, .F. ) ;
#1592 = CARTESIAN_POINT ( 'NONE',  ( -12.58358775756656023, 23.65718524310405613, -9.119108940309580191 ) ) ;
#1593 = CARTESIAN_POINT ( 'NONE',  ( -7.583587757566561116, -3.824777516924900311, 18.28714104790567063 ) ) ;
#1594 = ORIENTED_EDGE ( 'NONE', *, *, #622, .F. ) ;
#1595 = DIRECTION ( 'NONE',  ( -1.000000000000000000, 0.000000000000000000, 0.000000000000000000 ) ) ;
#1596 = CIRCLE ( 'NONE', #1299, 7.999999999999997335 ) ;
#1597 = ORIENTED_EDGE ( 'NONE', *, *, #3058, .T. ) ;
#1598 = CARTESIAN_POINT ( 'NONE',  ( -7.583587757566561116, 4.303450538714072238, 1.341911707413601107 ) ) ;
#1599 = FACE_OUTER_BOUND ( 'NONE', #1930, .T. ) ;
#1600 = ORIENTED_EDGE ( 'NONE', *, *, #2173, .F. ) ;
#1601 = EDGE_CURVE ( 'NONE', #1671, #3113, #1505, .T. ) ;
#1602 = EDGE_CURVE ( 'NONE', #782, #2909, #1030, .T. ) ;
#1603 = AXIS2_PLACEMENT_3D ( 'NONE', #2449, #524, #1040 ) ;
#1604 = ORIENTED_EDGE ( 'NONE', *, *, #852, .T. ) ;
#1605 = DIRECTION ( 'NONE',  ( 0.000000000000000000, -0.3090169943749350168, -0.9510565162951576390 ) ) ;
#1606 = EDGE_CURVE ( 'NONE', #1709, #2506, #1994, .T. ) ;
#1607 = EDGE_CURVE ( 'NONE', #866, #2647, #1580, .T. ) ;
#1608 = CIRCLE ( 'NONE', #2023, 7.999999999999998224 ) ;
#1609 = ORIENTED_EDGE ( 'NONE', *, *, #291, .F. ) ;
#1610 = DIRECTION ( 'NONE',  ( -1.000000000000000000, 0.000000000000000000, 0.000000000000000000 ) ) ;
#1611 = ORIENTED_EDGE ( 'NONE', *, *, #228, .F. ) ;
#1612 = DIRECTION ( 'NONE',  ( 0.000000000000000000, 0.000000000000000000, 1.000000000000000000 ) ) ;
#1613 = EDGE_LOOP ( 'NONE', ( #830, #97, #1178, #2309 ) ) ;
#1614 = DIRECTION ( 'NONE',  ( -1.000000000000000000, -0.000000000000000000, 0.000000000000000000 ) ) ;
#1615 = DIRECTION ( 'NONE',  ( -1.000000000000000000, -0.000000000000000000, 0.000000000000000000 ) ) ;
#1616 = EDGE_LOOP ( 'NONE', ( #1627, #1302, #793, #2339 ) ) ;
#1617 = FACE_OUTER_BOUND ( 'NONE', #2800, .T. ) ;
#1618 = LINE ( 'NONE', #2863, #1154 ) ;
#1619 = VECTOR ( 'NONE', #1301, 1000.000000000000000 ) ;
#1620 = VERTEX_POINT ( 'NONE', #564 ) ;
#1621 = EDGE_CURVE ( 'NONE', #944, #42, #1534, .T. ) ;
#1622 = DIRECTION ( 'NONE',  ( 0.000000000000000000, 0.000000000000000000, 1.000000000000000000 ) ) ;
#1623 = EDGE_CURVE ( 'NONE', #891, #1581, #103, .T. ) ;
#1624 = VERTEX_POINT ( 'NONE', #2955 ) ;
#1625 = DIRECTION ( 'NONE',  ( -1.000000000000000000, 0.000000000000000000, -0.000000000000000000 ) ) ;
#1626 = AXIS2_PLACEMENT_3D ( 'NONE', #2966, #2937, #1264 ) ;
#1627 = ORIENTED_EDGE ( 'NONE', *, *, #1703, .F. ) ;
#1628 = EDGE_CURVE ( 'NONE', #2784, #2565, #1538, .T. ) ;
#1629 = DIRECTION ( 'NONE',  ( -1.000000000000000000, -0.000000000000000000, -0.000000000000000000 ) ) ;
#1630 = LINE ( 'NONE', #677, #2864 ) ;
#1631 = CIRCLE ( 'NONE', #983, 22.00000000000000000 ) ;
#1632 = ORIENTED_EDGE ( 'NONE', *, *, #2986, .F. ) ;
#1633 = CARTESIAN_POINT ( 'NONE',  ( -7.583587757566561116, -9.251381654843292779, 12.40904888034594755 ) ) ;
#1634 = CARTESIAN_POINT ( 'NONE',  ( -12.58358775756656023, 24.14243385725105284, -8.166754912402831579 ) ) ;
#1635 = DIRECTION ( 'NONE',  ( 0.000000000000000000, 0.000000000000000000, -1.000000000000000000 ) ) ;
#1636 = CARTESIAN_POINT ( 'NONE',  ( -7.583587757566561116, 17.27021863675555124, 14.94602188845682100 ) ) ;
#1637 = CARTESIAN_POINT ( 'NONE',  ( -7.583587757566561116, 4.303450538714072238, 1.341911707413601107 ) ) ;
#1638 = ORIENTED_EDGE ( 'NONE', *, *, #821, .T. ) ;
#1639 = DIRECTION ( 'NONE',  ( 1.000000000000000000, 0.000000000000000000, 0.000000000000000000 ) ) ;
#1640 = EDGE_CURVE ( 'NONE', #3033, #2292, #180, .T. ) ;
#1641 = VECTOR ( 'NONE', #1070, 1000.000000000000000 ) ;
#1642 = ORIENTED_EDGE ( 'NONE', *, *, #2002, .T. ) ;
#1643 = CARTESIAN_POINT ( 'NONE',  ( -7.583587757566561116, -14.32418084902444910, 3.835952125868887563 ) ) ;
#1644 = DIRECTION ( 'NONE',  ( 0.000000000000000000, 0.9510565162951544194, -0.3090169943749447312 ) ) ;
#1645 = AXIS2_PLACEMENT_3D ( 'NONE', #2859, #2155, #1644 ) ;
#1646 = EDGE_CURVE ( 'NONE', #2597, #2421, #1936, .T. ) ;
#1647 = ORIENTED_EDGE ( 'NONE', *, *, #634, .F. ) ;
#1648 = FACE_OUTER_BOUND ( 'NONE', #599, .T. ) ;
#1649 = DIRECTION ( 'NONE',  ( -1.000000000000000000, 0.000000000000000000, 0.000000000000000000 ) ) ;
#1650 = DIRECTION ( 'NONE',  ( 0.000000000000000000, 0.000000000000000000, 1.000000000000000000 ) ) ;
#1651 = CARTESIAN_POINT ( 'NONE',  ( -10.08358775756656023, 24.14243385725105284, -8.166754912402831579 ) ) ;
#1652 = CARTESIAN_POINT ( 'NONE',  ( -7.583587757566561116, 4.303450538714072238, 1.341911707413601107 ) ) ;
#1653 = CARTESIAN_POINT ( 'NONE',  ( -12.58358775756656023, 21.22428305136738658, -3.119077877727187253 ) ) ;
#1654 = ORIENTED_EDGE ( 'NONE', *, *, #1703, .T. ) ;
#1655 = CARTESIAN_POINT ( 'NONE',  ( -7.583587757566561116, 4.303450538714072238, 1.341911707413601107 ) ) ;
#1656 = CIRCLE ( 'NONE', #310, 22.00000000000000000 ) ;
#1657 = ORIENTED_EDGE ( 'NONE', *, *, #2132, .F. ) ;
#1658 = FACE_OUTER_BOUND ( 'NONE', #644, .T. ) ;
#1659 = DIRECTION ( 'NONE',  ( -1.000000000000000000, 0.000000000000000000, 0.000000000000000000 ) ) ;
#1660 = EDGE_CURVE ( 'NONE', #2885, #1361, #2391, .T. ) ;
#1661 = CIRCLE ( 'NONE', #620, 22.00000000000000000 ) ;
#1662 = ORIENTED_EDGE ( 'NONE', *, *, #1922, .F. ) ;
#1663 = CYLINDRICAL_SURFACE ( 'NONE', #2275, 7.999999999999998224 ) ;
#1664 = CARTESIAN_POINT ( 'NONE',  ( -7.583587757566561116, 17.90756071975742358, -11.62485639062772869 ) ) ;
#1665 = EDGE_CURVE ( 'NONE', #2634, #782, #2011, .T. ) ;
#1666 = ADVANCED_FACE ( 'NONE', ( #2046 ), #3003, .T. ) ;
#1667 = DIRECTION ( 'NONE',  ( 1.000000000000000000, 0.000000000000000000, 0.000000000000000000 ) ) ;
#1668 = ORIENTED_EDGE ( 'NONE', *, *, #746, .T. ) ;
#1669 = CYLINDRICAL_SURFACE ( 'NONE', #2748, 17.49900000000000233 ) ;
#1670 = AXIS2_PLACEMENT_3D ( 'NONE', #297, #2662, #735 ) ;
#1671 = VERTEX_POINT ( 'NONE', #460 ) ;
#1672 = CARTESIAN_POINT ( 'NONE',  ( -12.58358775756656023, 1.809410120258591270, 19.96954309515209047 ) ) ;
#1673 = AXIS2_PLACEMENT_3D ( 'NONE', #1346, #2630, #3081 ) ;
#1674 = DIRECTION ( 'NONE',  ( -1.000000000000000000, -0.000000000000000000, 0.000000000000000000 ) ) ;
#1675 = CARTESIAN_POINT ( 'NONE',  ( -12.58358775756656023, 4.303450538714072238, 39.74191170741360679 ) ) ;
#1676 = ORIENTED_EDGE ( 'NONE', *, *, #2167, .F. ) ;
#1677 = DIRECTION ( 'NONE',  ( 1.000000000000000000, 0.000000000000000000, 0.000000000000000000 ) ) ;
#1678 = CARTESIAN_POINT ( 'NONE',  ( -7.583587757566561116, -9.300659642329193844, 14.30867980545502860 ) ) ;
#1679 = AXIS2_PLACEMENT_3D ( 'NONE', #1911, #1880, #962 ) ;
#1680 = CALENDAR_DATE ( 2025, 2, 10 ) ;
#1681 = EDGE_CURVE ( 'NONE', #381, #1297, #1033, .T. ) ;
#1682 = VERTEX_POINT ( 'NONE', #1403 ) ;
#1683 = CARTESIAN_POINT ( 'NONE',  ( -7.583587757566561116, 21.77464015455006674, 0.3557401161047757387 ) ) ;
#1684 = ORIENTED_EDGE ( 'NONE', *, *, #826, .F. ) ;
#1685 = CYLINDRICAL_SURFACE ( 'NONE', #2842, 7.999999999999996447 ) ;
#1686 = ORIENTED_EDGE ( 'NONE', *, *, #1621, .F. ) ;
#1687 = CARTESIAN_POINT ( 'NONE',  ( -12.58358775756656023, 22.79008162712763763, -2.042369564474276977 ) ) ;
#1688 = DIRECTION ( 'NONE',  ( -1.000000000000000000, 0.000000000000000000, 0.000000000000000000 ) ) ;
#1689 = EDGE_LOOP ( 'NONE', ( #558, #1051, #1570, #1316 ) ) ;
#1690 = CARTESIAN_POINT ( 'NONE',  ( -7.583587757566561116, 4.303450538714072238, 1.341911707413601107 ) ) ;
#1691 = DIRECTION ( 'NONE',  ( 0.000000000000000000, 0.000000000000000000, -1.000000000000000000 ) ) ;
#1692 = LINE ( 'NONE', #542, #128 ) ;
#1693 = CIRCLE ( 'NONE', #446, 7.999999999999998224 ) ;
#1694 = CIRCLE ( 'NONE', #1399, 1.500000000000000444 ) ;
#1695 = CIRCLE ( 'NONE', #2010, 22.00000000000000000 ) ;
#1696 = EDGE_CURVE ( 'NONE', #719, #1164, #179, .T. ) ;
#1697 = AXIS2_PLACEMENT_3D ( 'NONE', #926, #2823, #2141 ) ;
#1698 = EDGE_CURVE ( 'NONE', #45, #3094, #883, .T. ) ;
#1699 = DIRECTION ( 'NONE',  ( -1.000000000000000000, 0.000000000000000000, -0.000000000000000000 ) ) ;
#1700 = CARTESIAN_POINT ( 'NONE',  ( -12.58358775756656023, -6.157570109009457227, 20.69564641180339848 ) ) ;
#1701 = ORIENTED_EDGE ( 'NONE', *, *, #1228, .F. ) ;
#1702 = DIRECTION ( 'NONE',  ( 0.000000000000000000, 0.000000000000000000, 1.000000000000000000 ) ) ;
#1703 = EDGE_CURVE ( 'NONE', #1787, #1682, #3089, .T. ) ;
#1704 = ADVANCED_FACE ( 'NONE', ( #727 ), #1169, .T. ) ;
#1705 = ORIENTED_EDGE ( 'NONE', *, *, #3017, .T. ) ;
#1706 = LINE ( 'NONE', #2680, #1079 ) ;
#1707 = CARTESIAN_POINT ( 'NONE',  ( -12.58358775756656023, 0.3034505387140718491, 22.90626762070137801 ) ) ;
#1708 = AXIS2_PLACEMENT_3D ( 'NONE', #6, #2613, #2907 ) ;
#1709 = VERTEX_POINT ( 'NONE', #1156 ) ;
#1710 = CIRCLE ( 'NONE', #364, 1.599999999999997202 ) ;
#1711 = DIRECTION ( 'NONE',  ( 0.000000000000000000, -0.3090169943749548898, 0.9510565162951511997 ) ) ;
#1712 = FACE_OUTER_BOUND ( 'NONE', #2571, .T. ) ;
#1713 = CARTESIAN_POINT ( 'NONE',  ( -7.583587757566561116, -14.18318054969951270, 4.726192979301346853 ) ) ;
#1714 = AXIS2_PLACEMENT_3D ( 'NONE', #1690, #2433, #2670 ) ;
#1715 = PERSON_AND_ORGANIZATION ( #2612, #134 ) ;
#1716 = DIRECTION ( 'NONE',  ( -1.000000000000000000, -0.000000000000000000, -0.000000000000000000 ) ) ;
#1717 = DIRECTION ( 'NONE',  ( 0.000000000000000000, -1.000000000000000000, -1.047089360249444147E-14 ) ) ;
#1718 = EDGE_LOOP ( 'NONE', ( #1852, #2362, #2619, #2386 ) ) ;
#1719 = CARTESIAN_POINT ( 'NONE',  ( -12.58358775756656023, 14.76447118643746492, 20.69564641180346953 ) ) ;
#1720 = EDGE_CURVE ( 'NONE', #1297, #357, #731, .T. ) ;
#1721 = VERTEX_POINT ( 'NONE', #2350 ) ;
#1722 = EDGE_CURVE ( 'NONE', #1376, #1739, #980, .T. ) ;
#1723 = CIRCLE ( 'NONE', #2589, 4.000000000000003553 ) ;
#1724 = CARTESIAN_POINT ( 'NONE',  ( -12.58358775756656023, 19.47731288531812766, -14.58774307498239509 ) ) ;
#1725 = CARTESIAN_POINT ( 'NONE',  ( -12.58358775756656023, -12.64177880177808255, 9.470139763052394244 ) ) ;
#1726 = AXIS2_PLACEMENT_3D ( 'NONE', #1384, #173, #676 ) ;
#1727 = ADVANCED_FACE ( 'NONE', ( #914 ), #1450, .T. ) ;
#1728 = ORIENTED_EDGE ( 'NONE', *, *, #2486, .F. ) ;
#1729 = CARTESIAN_POINT ( 'NONE',  ( -7.583587757566561116, 21.24867987920617196, 9.470139763052513260 ) ) ;
#1730 = DIRECTION ( 'NONE',  ( 0.000000000000000000, 0.000000000000000000, 1.000000000000000000 ) ) ;
#1731 = FACE_OUTER_BOUND ( 'NONE', #1792, .T. ) ;
#1732 = ORIENTED_EDGE ( 'NONE', *, *, #1607, .F. ) ;
#1733 = VECTOR ( 'NONE', #900, 1000.000000000000000 ) ;
#1734 = VECTOR ( 'NONE', #17, 1000.000000000000000 ) ;
#1735 = COORDINATED_UNIVERSAL_TIME_OFFSET ( 7, 0, .AHEAD. ) ;
#1736 = VECTOR ( 'NONE', #353, 1000.000000000000000 ) ;
#1737 = DIRECTION ( 'NONE',  ( -1.000000000000000000, 0.000000000000000000, -0.000000000000000000 ) ) ;
#1738 = DIRECTION ( 'NONE',  ( -1.000000000000000000, 0.000000000000000000, 0.000000000000000000 ) ) ;
#1739 = VERTEX_POINT ( 'NONE', #976 ) ;
#1740 = DIRECTION ( 'NONE',  ( 0.000000000000000000, 0.000000000000000000, 1.000000000000000000 ) ) ;
#1741 = APPROVAL_PERSON_ORGANIZATION ( #2436, #2923, #2179 ) ;
#1742 = VERTEX_POINT ( 'NONE', #1634 ) ;
#1743 = CARTESIAN_POINT ( 'NONE',  ( -12.58358775756656023, 4.303450538714072238, 1.341911707413601107 ) ) ;
#1744 = DIRECTION ( 'NONE',  ( 0.000000000000000000, 0.000000000000000000, 1.000000000000000000 ) ) ;
#1745 = EDGE_CURVE ( 'NONE', #2934, #2634, #193, .T. ) ;
#1746 = EDGE_CURVE ( 'NONE', #3094, #381, #1889, .T. ) ;
#1747 = VERTEX_POINT ( 'NONE', #2178 ) ;
#1748 = DIRECTION ( 'NONE',  ( -1.000000000000000000, 0.000000000000000000, -0.000000000000000000 ) ) ;
#1749 = CYLINDRICAL_SURFACE ( 'NONE', #2025, 17.49900000000000233 ) ;
#1750 = DIRECTION ( 'NONE',  ( -1.000000000000000000, 0.000000000000000000, -0.000000000000000000 ) ) ;
#1751 = AXIS2_PLACEMENT_3D ( 'NONE', #235, #694, #455 ) ;
#1752 = VECTOR ( 'NONE', #1595, 1000.000000000000000 ) ;
#1753 = FACE_OUTER_BOUND ( 'NONE', #75, .T. ) ;
#1754 = LINE ( 'NONE', #2828, #2548 ) ;
#1755 = VERTEX_POINT ( 'NONE', #932 ) ;
#1756 = DIRECTION ( 'NONE',  ( -1.000000000000000000, -0.000000000000000000, 0.000000000000000000 ) ) ;
#1757 = AXIS2_PLACEMENT_3D ( 'NONE', #424, #2096, #2108 ) ;
#1758 = VERTEX_POINT ( 'NONE', #1433 ) ;
#1759 = DIRECTION ( 'NONE',  ( -1.000000000000000000, 0.000000000000000000, -0.000000000000000000 ) ) ;
#1760 = DIRECTION ( 'NONE',  ( 0.000000000000000000, 0.000000000000000000, 1.000000000000000000 ) ) ;
#1761 = ORIENTED_EDGE ( 'NONE', *, *, #387, .T. ) ;
#1762 = DIRECTION ( 'NONE',  ( 0.000000000000000000, 0.000000000000000000, 1.000000000000000000 ) ) ;
#1763 = CARTESIAN_POINT ( 'NONE',  ( -22.58358775756656200, 4.303450538714072238, 1.341911707413601107 ) ) ;
#1764 = ORIENTED_EDGE ( 'NONE', *, *, #292, .F. ) ;
#1765 = EDGE_CURVE ( 'NONE', #1900, #2653, #1896, .T. ) ;
#1766 = EDGE_CURVE ( 'NONE', #1987, #1548, #433, .T. ) ;
#1767 = APPLICATION_CONTEXT ( 'configuration controlled 3d designs of mechanical parts and assemblies' ) ;
#1768 = CIRCLE ( 'NONE', #1817, 7.999999999999998224 ) ;
#1769 = CARTESIAN_POINT ( 'NONE',  ( -7.583587757566561116, 21.24867987920628920, -6.786316348225067685 ) ) ;
#1770 = DIRECTION ( 'NONE',  ( 1.000000000000000000, 0.000000000000000000, 0.000000000000000000 ) ) ;
#1771 = ORIENTED_EDGE ( 'NONE', *, *, #791, .F. ) ;
#1772 = CARTESIAN_POINT ( 'NONE',  ( -7.583587757566561116, 6.797490957169422643, 19.96954309515211179 ) ) ;
#1773 = ORIENTED_EDGE ( 'NONE', *, *, #478, .T. ) ;
#1774 = LINE ( 'NONE', #2065, #1282 ) ;
#1775 = CYLINDRICAL_SURFACE ( 'NONE', #243, 7.999999999999996447 ) ;
#1776 = CIRCLE ( 'NONE', #1225, 7.999999999999999112 ) ;
#1777 = EDGE_LOOP ( 'NONE', ( #3010, #580, #1123, #2024, #769, #2191, #1310, #3006, #2232, #905, #1173, #922, #839, #1566, #1773, #623, #2803, #2855, #2047, #2135, #999, #388, #2730, #1536, #1103, #1359, #202, #2616, #3080, #986, #1870, #3045, #1517, #929, #1306, #404, #2664, #903, #1083, #2288, #1522, #63, #951, #2575, #717, #1830, #283, #2867, #2590, #350, #409, #3004, #1916, #219, #1890, #2240, #2281, #2527, #2352, #151, #1146, #936, #162, #2499, #807, #2816, #3110, #1020, #2392, #1323, #318, #2569, #1771, #2927, #3018, #2843, #1099, #286, #2586, #568, #129, #2865 ) ) ;
#1778 = CARTESIAN_POINT ( 'NONE',  ( -12.58358775756656023, 8.303450538714074014, 41.34191170741360111 ) ) ;
#1779 = CARTESIAN_POINT ( 'NONE',  ( -7.583587757566561116, 1.809410120258860166, -17.28571968032492734 ) ) ;
#1780 = AXIS2_PLACEMENT_3D ( 'NONE', #1291, #849, #2762 ) ;
#1781 = ORIENTED_EDGE ( 'NONE', *, *, #2197, .T. ) ;
#1782 = AXIS2_PLACEMENT_3D ( 'NONE', #798, #88, #340 ) ;
#1783 = EDGE_CURVE ( 'NONE', #416, #265, #221, .T. ) ;
#1784 = AXIS2_PLACEMENT_3D ( 'NONE', #311, #1549, #1270 ) ;
#1785 = CARTESIAN_POINT ( 'NONE',  ( -7.583587757566561116, 4.303450538714072238, 1.341911707413601107 ) ) ;
#1786 = DIRECTION ( 'NONE',  ( 0.000000000000000000, -0.8090169943749531134, 0.5877852522924652545 ) ) ;
#1787 = VERTEX_POINT ( 'NONE', #2159 ) ;
#1788 = DIRECTION ( 'NONE',  ( 0.000000000000000000, -0.5877852522924625900, -0.8090169943749551118 ) ) ;
#1789 = AXIS2_PLACEMENT_3D ( 'NONE', #1779, #1813, #2021 ) ;
#1790 = VERTEX_POINT ( 'NONE', #945 ) ;
#1791 = CARTESIAN_POINT ( 'NONE',  ( -7.583587757566561116, 24.14243385725092850, 10.85057832723030558 ) ) ;
#1792 = EDGE_LOOP ( 'NONE', ( #973, #2012, #1811, #1106 ) ) ;
#1793 = LINE ( 'NONE', #347, #1802 ) ;
#1794 = UNCERTAINTY_MEASURE_WITH_UNIT (LENGTH_MEASURE( 1.000000000000000082E-05 ), #1977, 'distance_accuracy_value', 'NONE');
#1795 = ORIENTED_EDGE ( 'NONE', *, *, #2813, .F. ) ;
#1796 = DIRECTION ( 'NONE',  ( -1.000000000000000000, 0.000000000000000000, 0.000000000000000000 ) ) ;
#1797 = EDGE_LOOP ( 'NONE', ( #2899, #864, #14, #2637 ) ) ;
#1798 = DIRECTION ( 'NONE',  ( 0.000000000000000000, 0.5877852522924743583, -0.8090169943749466741 ) ) ;
#1799 = AXIS2_PLACEMENT_3D ( 'NONE', #163, #917, #1635 ) ;
#1800 = VERTEX_POINT ( 'NONE', #1941 ) ;
#1801 = CARTESIAN_POINT ( 'NONE',  ( -7.583587757566561116, 7.687731810601882820, 19.82854279582717894 ) ) ;
#1802 = VECTOR ( 'NONE', #2511, 1000.000000000000000 ) ;
#1803 = ADVANCED_FACE ( 'NONE', ( #1617 ), #2591, .T. ) ;
#1804 = VECTOR ( 'NONE', #1355, 1000.000000000000000 ) ;
#1805 = VERTEX_POINT ( 'NONE', #2416 ) ;
#1806 = ADVANCED_FACE ( 'NONE', ( #254 ), #432, .T. ) ;
#1807 = DIRECTION ( 'NONE',  ( -1.000000000000000000, 0.000000000000000000, 0.000000000000000000 ) ) ;
#1808 = EDGE_CURVE ( 'NONE', #632, #695, #2093, .T. ) ;
#1809 = ORIENTED_EDGE ( 'NONE', *, *, #2985, .T. ) ;
#1810 = DIRECTION ( 'NONE',  ( 0.000000000000000000, 0.000000000000000000, 1.000000000000000000 ) ) ;
#1811 = ORIENTED_EDGE ( 'NONE', *, *, #2509, .T. ) ;
#1812 = DIRECTION ( 'NONE',  ( -1.000000000000000000, 0.000000000000000000, -0.000000000000000000 ) ) ;
#1813 = DIRECTION ( 'NONE',  ( -1.000000000000000000, -0.000000000000000000, 0.000000000000000000 ) ) ;
#1814 = VERTEX_POINT ( 'NONE', #525 ) ;
#1815 = AXIS2_PLACEMENT_3D ( 'NONE', #1652, #2147, #1914 ) ;
#1816 = CARTESIAN_POINT ( 'NONE',  ( -7.583587757566561116, 12.43167859435317091, -15.60331763307840802 ) ) ;
#1817 = AXIS2_PLACEMENT_3D ( 'NONE', #3103, #206, #135 ) ;
#1818 = ORIENTED_EDGE ( 'NONE', *, *, #37, .F. ) ;
#1819 = DIRECTION ( 'NONE',  ( 0.000000000000000000, -0.5877852522924802425, 0.8090169943749422332 ) ) ;
#1820 = AXIS2_PLACEMENT_3D ( 'NONE', #725, #1465, #2917 ) ;
#1821 = ORIENTED_EDGE ( 'NONE', *, *, #1681, .F. ) ;
#1822 = FACE_OUTER_BOUND ( 'NONE', #799, .T. ) ;
#1823 = ORIENTED_EDGE ( 'NONE', *, *, #96, .F. ) ;
#1824 = DIRECTION ( 'NONE',  ( 0.000000000000000000, 0.000000000000000000, 1.000000000000000000 ) ) ;
#1825 = ADVANCED_FACE ( 'NONE', ( #1731 ), #2705, .T. ) ;
#1826 = ORIENTED_EDGE ( 'NONE', *, *, #343, .T. ) ;
#1827 = FACE_OUTER_BOUND ( 'NONE', #1616, .T. ) ;
#1828 = DIRECTION ( 'NONE',  ( -1.000000000000000000, 0.000000000000000000, 0.000000000000000000 ) ) ;
#1829 = EDGE_CURVE ( 'NONE', #2874, #3066, #1087, .T. ) ;
#1830 = ORIENTED_EDGE ( 'NONE', *, *, #2044, .T. ) ;
#1831 = AXIS2_PLACEMENT_3D ( 'NONE', #2427, #1494, #2445 ) ;
#1832 = EDGE_LOOP ( 'NONE', ( #1971, #1597, #2083, #118 ) ) ;
#1833 = CYLINDRICAL_SURFACE ( 'NONE', #196, 4.000000000000003553 ) ;
#1834 = CIRCLE ( 'NONE', #2187, 1.500000000000000222 ) ;
#1835 = ORIENTED_EDGE ( 'NONE', *, *, #2213, .T. ) ;
#1836 = AXIS2_PLACEMENT_3D ( 'NONE', #1082, #2488, #2535 ) ;
#1837 = CYLINDRICAL_SURFACE ( 'NONE', #2390, 17.49900000000000233 ) ;
#1838 = ORIENTED_EDGE ( 'NONE', *, *, #2304, .T. ) ;
#1839 = LINE ( 'NONE', #2066, #1451 ) ;
#1840 = EDGE_LOOP ( 'NONE', ( #1561, #236, #233, #2558 ) ) ;
#1841 = CARTESIAN_POINT ( 'NONE',  ( 37.41646304243343479, 4.303450538714072238, 1.341911707413601107 ) ) ;
#1842 = CARTESIAN_POINT ( 'NONE',  ( -7.583587757566561116, 4.303450538714072238, 1.341911707413601107 ) ) ;
#1843 = EDGE_CURVE ( 'NONE', #2653, #753, #2999, .T. ) ;
#1844 = ADVANCED_FACE ( 'NONE', ( #1058 ), #1956, .T. ) ;
#1845 = ORIENTED_EDGE ( 'NONE', *, *, #1628, .F. ) ;
#1846 = MANIFOLD_SOLID_BREP ( 'Boss-Extrude1', #2480 ) ;
#1847 = VERTEX_POINT ( 'NONE', #70 ) ;
#1848 = FACE_OUTER_BOUND ( 'NONE', #1287, .T. ) ;
#1849 = ORIENTED_EDGE ( 'NONE', *, *, #1962, .F. ) ;
#1850 = CIRCLE ( 'NONE', #3013, 17.49900000000000233 ) ;
#1851 = DIRECTION ( 'NONE',  ( 0.000000000000000000, 0.8090169943749487835, -0.5877852522924712497 ) ) ;
#1852 = ORIENTED_EDGE ( 'NONE', *, *, #2229, .T. ) ;
#1853 = CYLINDRICAL_SURFACE ( 'NONE', #147, 17.49900000000000233 ) ;
#1854 = AXIS2_PLACEMENT_3D ( 'NONE', #2868, #1625, #1131 ) ;
#1855 = ORIENTED_EDGE ( 'NONE', *, *, #600, .F. ) ;
#1856 = CARTESIAN_POINT ( 'NONE',  ( -10.08358775756656023, 26.10978447984854611, 4.254608060919498946 ) ) ;
#1857 = DIRECTION ( 'NONE',  ( 0.000000000000000000, -0.5877852522924802425, 0.8090169943749422332 ) ) ;
#1858 = ORIENTED_EDGE ( 'NONE', *, *, #1843, .F. ) ;
#1859 = DIRECTION ( 'NONE',  ( -1.000000000000000000, 0.000000000000000000, -0.000000000000000000 ) ) ;
#1860 = DIRECTION ( 'NONE',  ( 0.000000000000000000, 0.000000000000000000, 1.000000000000000000 ) ) ;
#1861 = ADVANCED_FACE ( 'NONE', ( #2484 ), #2718, .T. ) ;
#1862 = EDGE_CURVE ( 'NONE', #753, #2395, #1692, .T. ) ;
#1863 = CIRCLE ( 'NONE', #2675, 7.999999999999998224 ) ;
#1864 = LINE ( 'NONE', #448, #2466 ) ;
#1865 = CIRCLE ( 'NONE', #509, 7.999999999999998224 ) ;
#1866 = ADVANCED_FACE ( 'NONE', ( #1279 ), #507, .F. ) ;
#1867 = AXIS2_PLACEMENT_3D ( 'NONE', #812, #339, #72 ) ;
#1868 = ORIENTED_EDGE ( 'NONE', *, *, #847, .F. ) ;
#1869 = LINE ( 'NONE', #3063, #1991 ) ;
#1870 = ORIENTED_EDGE ( 'NONE', *, *, #3019, .F. ) ;
#1871 = DIRECTION ( 'NONE',  ( -1.000000000000000000, 0.000000000000000000, -0.000000000000000000 ) ) ;
#1872 = CIRCLE ( 'NONE', #911, 22.00000000000000000 ) ;
#1873 = ORIENTED_EDGE ( 'NONE', *, *, #1698, .T. ) ;
#1874 = CIRCLE ( 'NONE', #3030, 22.00000000000000000 ) ;
#1875 = DIRECTION ( 'NONE',  ( -1.000000000000000000, -0.000000000000000000, -0.000000000000000000 ) ) ;
#1876 = LINE ( 'NONE', #2377, #2515 ) ;
#1877 = ORIENTED_EDGE ( 'NONE', *, *, #1455, .F. ) ;
#1878 = CARTESIAN_POINT ( 'NONE',  ( -12.58358775756656023, 15.37058771164646309, 14.89674390097092704 ) ) ;
#1879 = CARTESIAN_POINT ( 'NONE',  ( -7.583587757566561116, -15.05028416567568783, -9.119108940310004741 ) ) ;
#1880 = DIRECTION ( 'NONE',  ( -1.000000000000000000, 0.000000000000000000, 0.000000000000000000 ) ) ;
#1881 = DIRECTION ( 'NONE',  ( 1.000000000000000000, 0.000000000000000000, -0.000000000000000000 ) ) ;
#1882 = ADVANCED_FACE ( 'NONE', ( #1485 ), #2435, .T. ) ;
#1883 = VECTOR ( 'NONE', #2478, 1000.000000000000000 ) ;
#1884 = ORIENTED_EDGE ( 'NONE', *, *, #1783, .T. ) ;
#1885 = DIRECTION ( 'NONE',  ( -1.000000000000000000, 0.000000000000000000, 0.000000000000000000 ) ) ;
#1886 = EDGE_LOOP ( 'NONE', ( #1464, #517, #91, #2348 ) ) ;
#1887 = DIRECTION ( 'NONE',  ( -1.000000000000000000, -0.000000000000000000, -0.000000000000000000 ) ) ;
#1888 = AXIS2_PLACEMENT_3D ( 'NONE', #2646, #2163, #2690 ) ;
#1889 = CIRCLE ( 'NONE', #1235, 22.00000000000000000 ) ;
#1890 = ORIENTED_EDGE ( 'NONE', *, *, #387, .F. ) ;
#1891 = DIRECTION ( 'NONE',  ( 0.000000000000000000, 0.000000000000000000, 1.000000000000000000 ) ) ;
#1892 = DIRECTION ( 'NONE',  ( 0.000000000000000000, -1.000000000000000000, -1.040834085586084414E-14 ) ) ;
#1893 = AXIS2_PLACEMENT_3D ( 'NONE', #3026, #442, #204 ) ;
#1894 = ORIENTED_EDGE ( 'NONE', *, *, #918, .F. ) ;
#1895 = DIRECTION ( 'NONE',  ( -0.000000000000000000, -0.000000000000000000, -1.000000000000000000 ) ) ;
#1896 = LINE ( 'NONE', #698, #26 ) ;
#1897 = CARTESIAN_POINT ( 'NONE',  ( -7.583587757566561116, -6.157570109009457227, 20.69564641180340203 ) ) ;
#1898 = CARTESIAN_POINT ( 'NONE',  ( -7.583587757566561116, 22.93108192645258114, 3.835952125869019458 ) ) ;
#1899 = CARTESIAN_POINT ( 'NONE',  ( -7.583587757566561116, 4.303450538714072238, 1.341911707413601107 ) ) ;
#1900 = VERTEX_POINT ( 'NONE', #337 ) ;
#1901 = CARTESIAN_POINT ( 'NONE',  ( -12.58358775756656023, -14.18318054969951270, 4.726192979301346853 ) ) ;
#1902 = ADVANCED_FACE ( 'NONE', ( #307 ), #2450, .T. ) ;
#1903 = ADVANCED_FACE ( 'NONE', ( #2733 ), #2228, .T. ) ;
#1904 = VECTOR ( 'NONE', #1510, 1000.000000000000000 ) ;
#1905 = EDGE_CURVE ( 'NONE', #546, #2542, #1137, .T. ) ;
#1906 = DIRECTION ( 'NONE',  ( 0.000000000000000000, -0.3090169943749349057, -0.9510565162951575280 ) ) ;
#1907 = CARTESIAN_POINT ( 'NONE',  ( -10.08358775756656023, -15.05028416567568073, -9.119108940310004741 ) ) ;
#1908 = VECTOR ( 'NONE', #1568, 1000.000000000000000 ) ;
#1909 = EDGE_LOOP ( 'NONE', ( #160, #2678, #3084, #1873 ) ) ;
#1910 = DIRECTION ( 'NONE',  ( -1.000000000000000000, -0.000000000000000000, -0.000000000000000000 ) ) ;
#1911 = CARTESIAN_POINT ( 'NONE',  ( -7.583587757566561116, 4.303450538714072238, 1.341911707413601107 ) ) ;
#1912 = CIRCLE ( 'NONE', #401, 7.999999999999999112 ) ;
#1913 = AXIS2_PLACEMENT_3D ( 'NONE', #3085, #663, #956 ) ;
#1914 = DIRECTION ( 'NONE',  ( 0.000000000000000000, 0.000000000000000000, 1.000000000000000000 ) ) ;
#1915 = CARTESIAN_POINT ( 'NONE',  ( -12.58358775756656023, -13.16773907712191516, 0.3557401161046517268 ) ) ;
#1916 = ORIENTED_EDGE ( 'NONE', *, *, #1660, .T. ) ;
#1917 = DIRECTION ( 'NONE',  ( 0.000000000000000000, 0.000000000000000000, 1.000000000000000000 ) ) ;
#1918 = AXIS2_PLACEMENT_3D ( 'NONE', #2755, #2216, #2517 ) ;
#1919 = ORIENTED_EDGE ( 'NONE', *, *, #2658, .T. ) ;
#1920 = DIRECTION ( 'NONE',  ( -1.000000000000000000, -0.000000000000000000, 0.000000000000000000 ) ) ;
#1921 = LINE ( 'NONE', #2884, #1501 ) ;
#1922 = EDGE_CURVE ( 'NONE', #886, #1198, #2242, .T. ) ;
#1923 = AXIS2_PLACEMENT_3D ( 'NONE', #2434, #306, #69 ) ;
#1924 = ORIENTED_EDGE ( 'NONE', *, *, #2505, .F. ) ;
#1925 = DIRECTION ( 'NONE',  ( 0.000000000000000000, 0.000000000000000000, 1.000000000000000000 ) ) ;
#1926 = DIRECTION ( 'NONE',  ( 0.000000000000000000, 0.000000000000000000, 1.000000000000000000 ) ) ;
#1927 = APPLICATION_PROTOCOL_DEFINITION ( 'international standard', 'config_control_design', 1994, #1445 ) ;
#1928 = DIRECTION ( 'NONE',  ( 0.000000000000000000, 0.000000000000000000, 1.000000000000000000 ) ) ;
#1929 = DIRECTION ( 'NONE',  ( 1.000000000000000000, 0.000000000000000000, 0.000000000000000000 ) ) ;
#1930 = EDGE_LOOP ( 'NONE', ( #1884, #89, #453, #1061 ) ) ;
#1931 = CARTESIAN_POINT ( 'NONE',  ( -12.58358775756656023, -2.033348882625852561, 17.65325665789841025 ) ) ;
#1932 = ORIENTED_EDGE ( 'NONE', *, *, #1438, .F. ) ;
#1933 = VECTOR ( 'NONE', #716, 1000.000000000000000 ) ;
#1934 = CARTESIAN_POINT ( 'NONE',  ( -12.58358775756656023, 8.271839464549177734, -20.29721695649773849 ) ) ;
#1935 = DIRECTION ( 'NONE',  ( 1.000000000000000000, 0.000000000000000000, 0.000000000000000000 ) ) ;
#1936 = CIRCLE ( 'NONE', #1380, 7.999999999999998224 ) ;
#1937 = EDGE_LOOP ( 'NONE', ( #394, #1508, #231, #2095 ) ) ;
#1938 = DIRECTION ( 'NONE',  ( -1.000000000000000000, -0.000000000000000000, -0.000000000000000000 ) ) ;
#1939 = EDGE_CURVE ( 'NONE', #1805, #2078, #2919, .T. ) ;
#1940 = DIRECTION ( 'NONE',  ( 0.000000000000000000, 0.3090169943749481174, -0.9510565162951533091 ) ) ;
#1941 = CARTESIAN_POINT ( 'NONE',  ( -7.583587757566561116, -14.18318054969946829, 5.957630435525586243 ) ) ;
#1942 = CC_DESIGN_PERSON_AND_ORGANIZATION_ASSIGNMENT ( #2146, #54, ( #365 ) ) ;
#1943 = ADVANCED_FACE ( 'NONE', ( #85 ), #1041, .T. ) ;
#1944 = EDGE_CURVE ( 'NONE', #156, #1790, #2782, .T. ) ;
#1945 = PERSON_AND_ORGANIZATION ( #2612, #134 ) ;
#1946 = FACE_OUTER_BOUND ( 'NONE', #2763, .T. ) ;
#1947 = LINE ( 'NONE', #512, #529 ) ;
#1948 = ORIENTED_EDGE ( 'NONE', *, *, #1783, .F. ) ;
#1949 = FACE_OUTER_BOUND ( 'NONE', #2497, .T. ) ;
#1950 = ORIENTED_EDGE ( 'NONE', *, *, #456, .T. ) ;
#1951 = CARTESIAN_POINT ( 'NONE',  ( -7.583587757566561116, 17.85828273227151897, -9.725225465518642309 ) ) ;
#1952 = CARTESIAN_POINT ( 'NONE',  ( -7.583587757566561116, -2.033348882625622522, -14.96943324307128975 ) ) ;
#1953 = ORIENTED_EDGE ( 'NONE', *, *, #2509, .F. ) ;
#1954 = CARTESIAN_POINT ( 'NONE',  ( -12.58358775756656023, 4.303450538714072238, 1.341911707413601107 ) ) ;
#1955 = DIRECTION ( 'NONE',  ( -1.000000000000000000, 0.000000000000000000, 0.000000000000000000 ) ) ;
#1956 = CYLINDRICAL_SURFACE ( 'NONE', #1487, 7.999999999999998224 ) ;
#1957 = VERTEX_POINT ( 'NONE', #2316 ) ;
#1958 = VECTOR ( 'NONE', #1212, 1000.000000000000000 ) ;
#1959 = AXIS2_PLACEMENT_3D ( 'NONE', #3078, #1406, #3044 ) ;
#1960 = AXIS2_PLACEMENT_3D ( 'NONE', #2821, #2150, #1917 ) ;
#1961 = EDGE_CURVE ( 'NONE', #1258, #1671, #2196, .T. ) ;
#1962 = EDGE_CURVE ( 'NONE', #1548, #876, #2552, .T. ) ;
#1963 = DIRECTION ( 'NONE',  ( -1.000000000000000000, 0.000000000000000000, 0.000000000000000000 ) ) ;
#1964 = DIRECTION ( 'NONE',  ( -1.000000000000000000, 0.000000000000000000, 0.000000000000000000 ) ) ;
#1965 = EDGE_LOOP ( 'NONE', ( #2156, #2631, #2056, #49 ) ) ;
#1966 = DIRECTION ( 'NONE',  ( -1.000000000000000000, -0.000000000000000000, -0.000000000000000000 ) ) ;
#1967 = ADVANCED_FACE ( 'NONE', ( #174 ), #608, .T. ) ;
#1968 = CYLINDRICAL_SURFACE ( 'NONE', #527, 22.00000000000000000 ) ;
#1969 = DIRECTION ( 'NONE',  ( 0.000000000000000000, 0.000000000000000000, -1.000000000000000000 ) ) ;
#1970 = VECTOR ( 'NONE', #2954, 1000.000000000000000 ) ;
#1971 = ORIENTED_EDGE ( 'NONE', *, *, #2984, .F. ) ;
#1972 = CIRCLE ( 'NONE', #2171, 17.49900000000000233 ) ;
#1973 = CYLINDRICAL_SURFACE ( 'NONE', #713, 22.00000000000000000 ) ;
#1974 = DIRECTION ( 'NONE',  ( 0.000000000000000000, -0.8090169943749532244, 0.5877852522924652545 ) ) ;
#1975 = DIRECTION ( 'NONE',  ( 1.000000000000000000, -0.000000000000000000, 0.000000000000000000 ) ) ;
#1976 = AXIS2_PLACEMENT_3D ( 'NONE', #931, #1649, #2655 ) ;
#1977 =( LENGTH_UNIT ( ) NAMED_UNIT ( * ) SI_UNIT ( .MILLI., .METRE. ) );
#1978 = DIRECTION ( 'NONE',  ( 0.000000000000000000, 0.000000000000000000, 1.000000000000000000 ) ) ;
#1979 = EDGE_CURVE ( 'NONE', #1624, #1314, #838, .T. ) ;
#1980 = CARTESIAN_POINT ( 'NONE',  ( -10.08358775756656023, -5.205216081102708614, 21.18089502595041651 ) ) ;
#1981 = EDGE_LOOP ( 'NONE', ( #2523, #2715, #331, #1761 ) ) ;
#1982 = DIRECTION ( 'NONE',  ( 0.000000000000000000, -0.8090169943749531134, 0.5877852522924653655 ) ) ;
#1983 = ORIENTED_EDGE ( 'NONE', *, *, #1438, .T. ) ;
#1984 = DIRECTION ( 'NONE',  ( 0.000000000000000000, 4.336808689942017736E-17, 1.000000000000000000 ) ) ;
#1985 = CARTESIAN_POINT ( 'NONE',  ( -7.583587757566561116, 20.83948107293613461, 10.27323763907825160 ) ) ;
#1986 = AXIS2_PLACEMENT_3D ( 'NONE', #2697, #1211, #2931 ) ;
#1987 = VERTEX_POINT ( 'NONE', #3039 ) ;
#1988 = CARTESIAN_POINT ( 'NONE',  ( -7.583587757566561116, 17.85828273227136265, 12.40904888034604525 ) ) ;
#1989 = CARTESIAN_POINT ( 'NONE',  ( -12.58358775756656023, 20.61479548919890092, 7.678711128753466397 ) ) ;
#1990 = CARTESIAN_POINT ( 'NONE',  ( -7.583587757566561116, 20.83948107293613461, -7.589414224251049390 ) ) ;
#1991 = VECTOR ( 'NONE', #702, 1000.000000000000000 ) ;
#1992 = AXIS2_PLACEMENT_3D ( 'NONE', #1026, #1010, #2194 ) ;
#1993 = CARTESIAN_POINT ( 'NONE',  ( -12.58358775756656023, 20.83948107293613461, 10.27323763907825160 ) ) ;
#1994 = LINE ( 'NONE', #117, #1182 ) ;
#1995 = ORIENTED_EDGE ( 'NONE', *, *, #2765, .T. ) ;
#1996 = CARTESIAN_POINT ( 'NONE',  ( -7.583587757566561116, 4.303450538714072238, 1.341911707413601107 ) ) ;
#1997 = ORIENTED_EDGE ( 'NONE', *, *, #1138, .F. ) ;
#1998 = CC_DESIGN_DATE_AND_TIME_ASSIGNMENT ( #2922, #20, ( #365 ) ) ;
#1999 = DIRECTION ( 'NONE',  ( 0.000000000000000000, 0.000000000000000000, 1.000000000000000000 ) ) ;
#2000 = CYLINDRICAL_SURFACE ( 'NONE', #1202, 7.999999999999998224 ) ;
#2001 = EDGE_CURVE ( 'NONE', #2757, #866, #1093, .T. ) ;
#2002 = EDGE_CURVE ( 'NONE', #565, #2078, #434, .T. ) ;
#2003 = ORIENTED_EDGE ( 'NONE', *, *, #3112, .F. ) ;
#2004 = CARTESIAN_POINT ( 'NONE',  ( -7.583587757566561116, 23.65718524310390336, 11.80293235513706485 ) ) ;
#2005 = DIRECTION ( 'NONE',  ( 0.000000000000000000, 0.000000000000000000, 1.000000000000000000 ) ) ;
#2006 = ORIENTED_EDGE ( 'NONE', *, *, #1172, .F. ) ;
#2007 = AXIS2_PLACEMENT_3D ( 'NONE', #2764, #2994, #3009 ) ;
#2008 = CALENDAR_DATE ( 2025, 2, 10 ) ;
#2009 = VECTOR ( 'NONE', #902, 1000.000000000000000 ) ;
#2010 = AXIS2_PLACEMENT_3D ( 'NONE', #1655, #2138, #1612 ) ;
#2011 = LINE ( 'NONE', #356, #2802 ) ;
#2012 = ORIENTED_EDGE ( 'NONE', *, *, #266, .T. ) ;
#2013 = DIRECTION ( 'NONE',  ( 0.000000000000000000, 0.8090169943749487835, -0.5877852522924712497 ) ) ;
#2014 = EDGE_LOOP ( 'NONE', ( #750, #1144, #373, #2443 ) ) ;
#2015 = CIRCLE ( 'NONE', #656, 7.999999999999998224 ) ;
#2016 = DIRECTION ( 'NONE',  ( -1.000000000000000000, -0.000000000000000000, -0.000000000000000000 ) ) ;
#2017 = FACE_OUTER_BOUND ( 'NONE', #2736, .T. ) ;
#2018 = VERTEX_POINT ( 'NONE', #3011 ) ;
#2019 = CARTESIAN_POINT ( 'NONE',  ( -7.583587757566561116, 4.303450538714072238, 1.341911707413601107 ) ) ;
#2020 = AXIS2_PLACEMENT_3D ( 'NONE', #142, #2069, #2750 ) ;
#2021 = DIRECTION ( 'NONE',  ( 0.000000000000000000, 0.000000000000000000, 1.000000000000000000 ) ) ;
#2022 = ADVANCED_FACE ( 'NONE', ( #589 ), #395, .T. ) ;
#2023 = AXIS2_PLACEMENT_3D ( 'NONE', #696, #1081, #2396 ) ;
#2024 = ORIENTED_EDGE ( 'NONE', *, *, #1665, .F. ) ;
#2025 = AXIS2_PLACEMENT_3D ( 'NONE', #774, #2671, #1730 ) ;
#2026 = DIRECTION ( 'NONE',  ( 1.000000000000000000, 0.000000000000000000, 0.000000000000000000 ) ) ;
#2027 = DIRECTION ( 'NONE',  ( -1.000000000000000000, 0.000000000000000000, -0.000000000000000000 ) ) ;
#2028 = ORIENTED_EDGE ( 'NONE', *, *, #3052, .T. ) ;
#2029 = CARTESIAN_POINT ( 'NONE',  ( -7.583587757566561116, 23.65718524310405613, -9.119108940309580191 ) ) ;
#2030 = EDGE_LOOP ( 'NONE', ( #3070, #1482, #2137, #2183 ) ) ;
#2031 = DIRECTION ( 'NONE',  ( -1.000000000000000000, -0.000000000000000000, 0.000000000000000000 ) ) ;
#2032 = VERTEX_POINT ( 'NONE', #2290 ) ;
#2033 = CARTESIAN_POINT ( 'NONE',  ( -10.08358775756656023, -10.87041180788986416, 17.27156648980971099 ) ) ;
#2034 = ORIENTED_EDGE ( 'NONE', *, *, #419, .F. ) ;
#2035 = CYLINDRICAL_SURFACE ( 'NONE', #2, 7.999999999999998224 ) ;
#2036 = DIRECTION ( 'NONE',  ( 0.000000000000000000, -6.938893903907229955E-15, 1.000000000000000000 ) ) ;
#2037 = AXIS2_PLACEMENT_3D ( 'NONE', #2264, #2554, #1999 ) ;
#2038 = ADVANCED_FACE ( 'NONE', ( #1599 ), #633, .T. ) ;
#2039 = ORIENTED_EDGE ( 'NONE', *, *, #2605, .F. ) ;
#2040 = CIRCLE ( 'NONE', #631, 17.49899999999999878 ) ;
#2041 = EDGE_CURVE ( 'NONE', #870, #2086, #386, .T. ) ;
#2042 = AXIS2_PLACEMENT_3D ( 'NONE', #555, #796, #1514 ) ;
#2043 = EDGE_CURVE ( 'NONE', #354, #603, #411, .T. ) ;
#2044 = EDGE_CURVE ( 'NONE', #2032, #1119, #1631, .T. ) ;
#2045 = CARTESIAN_POINT ( 'NONE',  ( -12.58358775756656023, 13.77492855816921136, 16.05605813617318134 ) ) ;
#2046 = FACE_OUTER_BOUND ( 'NONE', #1125, .T. ) ;
#2047 = ORIENTED_EDGE ( 'NONE', *, *, #634, .T. ) ;
#2048 = DIRECTION ( 'NONE',  ( -1.000000000000000000, 0.000000000000000000, 0.000000000000000000 ) ) ;
#2049 = AXIS2_PLACEMENT_3D ( 'NONE', #2271, #1796, #158 ) ;
#2050 = ORIENTED_EDGE ( 'NONE', *, *, #3112, .T. ) ;
#2051 = DIRECTION ( 'NONE',  ( 1.000000000000000000, -0.000000000000000000, 0.000000000000000000 ) ) ;
#2052 = DIRECTION ( 'NONE',  ( -1.000000000000000000, 0.000000000000000000, 0.000000000000000000 ) ) ;
#2053 = ORIENTED_EDGE ( 'NONE', *, *, #1961, .F. ) ;
#2054 = CARTESIAN_POINT ( 'NONE',  ( -12.58358775756656023, 26.10978447984854611, -1.570784646092296288 ) ) ;
#2055 = DIRECTION ( 'NONE',  ( -1.000000000000000000, -0.000000000000000000, -0.000000000000000000 ) ) ;
#2056 = ORIENTED_EDGE ( 'NONE', *, *, #1665, .T. ) ;
#2057 = AXIS2_PLACEMENT_3D ( 'NONE', #2588, #3086, #1166 ) ;
#2058 = FACE_OUTER_BOUND ( 'NONE', #2326, .T. ) ;
#2059 = ORIENTED_EDGE ( 'NONE', *, *, #598, .T. ) ;
#2060 = CARTESIAN_POINT ( 'NONE',  ( -7.583587757566561116, 4.303450538714072238, 1.341911707413601107 ) ) ;
#2061 = EDGE_CURVE ( 'NONE', #2538, #870, #282, .T. ) ;
#2062 = EDGE_CURVE ( 'NONE', #2311, #1755, #2452, .T. ) ;
#2063 = AXIS2_PLACEMENT_3D ( 'NONE', #629, #1348, #877 ) ;
#2064 = VERTEX_POINT ( 'NONE', #2998 ) ;
#2065 = CARTESIAN_POINT ( 'NONE',  ( -10.08358775756656023, 14.76447118643774559, -18.01182299697611811 ) ) ;
#2066 = CARTESIAN_POINT ( 'NONE',  ( -7.583587757566561116, 17.85828273227136265, 12.40904888034604525 ) ) ;
#2067 = ADVANCED_FACE ( 'NONE', ( #820 ), #383, .T. ) ;
#2068 = ORIENTED_EDGE ( 'NONE', *, *, #73, .T. ) ;
#2069 = DIRECTION ( 'NONE',  ( -1.000000000000000000, -0.000000000000000000, -0.000000000000000000 ) ) ;
#2070 = CARTESIAN_POINT ( 'NONE',  ( -7.583587757566561116, 17.90756071975724240, 14.30867980545512808 ) ) ;
#2071 = ORIENTED_EDGE ( 'NONE', *, *, #2132, .T. ) ;
#2072 = VECTOR ( 'NONE', #1963, 1000.000000000000000 ) ;
#2073 = DIRECTION ( 'NONE',  ( -1.000000000000000000, 0.000000000000000000, 0.000000000000000000 ) ) ;
#2074 = ORIENTED_EDGE ( 'NONE', *, *, #847, .T. ) ;
#2075 = CARTESIAN_POINT ( 'NONE',  ( -7.583587757566561116, 4.303450538714072238, 1.341911707413601107 ) ) ;
#2076 = CIRCLE ( 'NONE', #263, 8.000000000000000000 ) ;
#2077 = ADVANCED_FACE ( 'NONE', ( #869 ), #1105, .T. ) ;
#2078 = VERTEX_POINT ( 'NONE', #3051 ) ;
#2079 = DIRECTION ( 'NONE',  ( 0.000000000000000000, 0.000000000000000000, 1.000000000000000000 ) ) ;
#2080 = VERTEX_POINT ( 'NONE', #3101 ) ;
#2081 = DIRECTION ( 'NONE',  ( 0.000000000000000000, 0.000000000000000000, -1.000000000000000000 ) ) ;
#2082 = EDGE_CURVE ( 'NONE', #551, #2784, #471, .T. ) ;
#2083 = ORIENTED_EDGE ( 'NONE', *, *, #1018, .F. ) ;
#2084 = DIRECTION ( 'NONE',  ( 0.000000000000000000, 0.000000000000000000, 1.000000000000000000 ) ) ;
#2085 = AXIS2_PLACEMENT_3D ( 'NONE', #2248, #845, #358 ) ;
#2086 = VERTEX_POINT ( 'NONE', #909 ) ;
#2087 = CIRCLE ( 'NONE', #2743, 7.999999999999998224 ) ;
#2088 = AXIS2_PLACEMENT_3D ( 'NONE', #2539, #2976, #817 ) ;
#2089 = EDGE_LOOP ( 'NONE', ( #1948, #8, #1148, #1701 ) ) ;
#2090 = DIRECTION ( 'NONE',  ( -1.000000000000000000, 0.000000000000000000, 0.000000000000000000 ) ) ;
#2091 = AXIS2_PLACEMENT_3D ( 'NONE', #2404, #1929, #1221 ) ;
#2092 = ORIENTED_EDGE ( 'NONE', *, *, #329, .T. ) ;
#2093 = CIRCLE ( 'NONE', #384, 22.00000000000000000 ) ;
#2094 = CARTESIAN_POINT ( 'NONE',  ( -22.58358775756656200, 4.303450538714072238, 1.341911707413601107 ) ) ;
#2095 = ORIENTED_EDGE ( 'NONE', *, *, #1500, .T. ) ;
#2096 = DIRECTION ( 'NONE',  ( -1.000000000000000000, 0.000000000000000000, -0.000000000000000000 ) ) ;
#2097 = VERTEX_POINT ( 'NONE', #957 ) ;
#2098 = CARTESIAN_POINT ( 'NONE',  ( -12.58358775756656023, -10.41069589004540141, -8.129566312041699661 ) ) ;
#2099 = CARTESIAN_POINT ( 'NONE',  ( -7.583587757566561116, -6.157570109009175674, -18.01182299697634548 ) ) ;
#2100 = ADVANCED_FACE ( 'NONE', ( #2410 ), #2125, .T. ) ;
#2101 = VERTEX_POINT ( 'NONE', #1150 ) ;
#2102 = CARTESIAN_POINT ( 'NONE',  ( -7.583587757566561116, 25.94257920262545269, 5.310300633248481006 ) ) ;
#2103 = DIRECTION ( 'NONE',  ( -1.000000000000000000, -0.000000000000000000, -0.000000000000000000 ) ) ;
#2104 = LINE ( 'NONE', #403, #1804 ) ;
#2105 = ORIENTED_EDGE ( 'NONE', *, *, #1115, .T. ) ;
#2106 = CARTESIAN_POINT ( 'NONE',  ( -7.583587757566561116, -2.033348882625852561, 17.65325665789841025 ) ) ;
#2107 = VERTEX_POINT ( 'NONE', #2099 ) ;
#2108 = DIRECTION ( 'NONE',  ( 0.000000000000000000, 0.000000000000000000, 1.000000000000000000 ) ) ;
#2109 = AXIS2_PLACEMENT_3D ( 'NONE', #214, #1639, #3098 ) ;
#2110 = ORIENTED_EDGE ( 'NONE', *, *, #1018, .T. ) ;
#2111 = PLANE ( 'NONE',  #2747 ) ;
#2112 = DIRECTION ( 'NONE',  ( -1.000000000000000000, 0.000000000000000000, 0.000000000000000000 ) ) ;
#2113 = ORIENTED_EDGE ( 'NONE', *, *, #1569, .F. ) ;
#2114 = CARTESIAN_POINT ( 'NONE',  ( -7.583587757566561116, 7.687731810602139504, -17.14471938099992698 ) ) ;
#2115 = DIRECTION ( 'NONE',  ( -1.000000000000000000, 0.000000000000000000, 0.000000000000000000 ) ) ;
#2116 = DIRECTION ( 'NONE',  ( -1.000000000000000000, 0.000000000000000000, -0.000000000000000000 ) ) ;
#2117 = CIRCLE ( 'NONE', #1820, 22.00000000000000000 ) ;
#2118 = ORIENTED_EDGE ( 'NONE', *, *, #2304, .F. ) ;
#2119 = CARTESIAN_POINT ( 'NONE',  ( -7.583587757566561116, -14.18318054969946829, 5.957630435525586243 ) ) ;
#2120 = ORIENTED_EDGE ( 'NONE', *, *, #516, .T. ) ;
#2121 = CARTESIAN_POINT ( 'NONE',  ( -12.58358775756656023, -12.23257999550805231, 10.27323763907813436 ) ) ;
#2122 = CIRCLE ( 'NONE', #2581, 17.49900000000000588 ) ;
#2123 = ORIENTED_EDGE ( 'NONE', *, *, #2967, .F. ) ;
#2124 = CARTESIAN_POINT ( 'NONE',  ( -7.583587757566561116, 22.93108192645258114, 11.83595212586901724 ) ) ;
#2125 = CYLINDRICAL_SURFACE ( 'NONE', #934, 7.999999999999996447 ) ;
#2126 = ORIENTED_EDGE ( 'NONE', *, *, #2888, .F. ) ;
#2127 = CARTESIAN_POINT ( 'NONE',  ( -12.58358775756656023, 4.303450538714072238, 1.341911707413601107 ) ) ;
#2128 = DIRECTION ( 'NONE',  ( -1.000000000000000000, -0.000000000000000000, -0.000000000000000000 ) ) ;
#2129 = AXIS2_PLACEMENT_3D ( 'NONE', #2060, #137, #342 ) ;
#2130 = ADVANCED_FACE ( 'NONE', ( #1428 ), #927, .T. ) ;
#2131 = DIRECTION ( 'NONE',  ( 0.000000000000000000, 0.000000000000000000, 1.000000000000000000 ) ) ;
#2132 = EDGE_CURVE ( 'NONE', #1957, #551, #2462, .T. ) ;
#2133 = EDGE_CURVE ( 'NONE', #1511, #2849, #605, .T. ) ;
#2134 = VECTOR ( 'NONE', #1226, 1000.000000000000000 ) ;
#2135 = ORIENTED_EDGE ( 'NONE', *, *, #978, .T. ) ;
#2136 = CARTESIAN_POINT ( 'NONE',  ( -7.583587757566561116, 21.24867987920617196, 9.470139763052513260 ) ) ;
#2137 = ORIENTED_EDGE ( 'NONE', *, *, #1304, .F. ) ;
#2138 = DIRECTION ( 'NONE',  ( -1.000000000000000000, -0.000000000000000000, -0.000000000000000000 ) ) ;
#2139 = CIRCLE ( 'NONE', #1782, 17.49899999999999878 ) ;
#2140 = EDGE_LOOP ( 'NONE', ( #104, #1206, #2749, #1585 ) ) ;
#2141 = DIRECTION ( 'NONE',  ( 0.000000000000000000, -0.9510565162951565288, 0.3090169943749382364 ) ) ;
#2142 = DIRECTION ( 'NONE',  ( 0.000000000000000000, -0.5877852522924625900, -0.8090169943749551118 ) ) ;
#2143 = ORIENTED_EDGE ( 'NONE', *, *, #1843, .T. ) ;
#2144 = DIRECTION ( 'NONE',  ( -1.000000000000000000, 0.000000000000000000, -0.000000000000000000 ) ) ;
#2145 = CARTESIAN_POINT ( 'NONE',  ( -10.08358775756656023, 13.81211715853070920, 21.18089502595049112 ) ) ;
#2146 = PERSON_AND_ORGANIZATION ( #2612, #134 ) ;
#2147 = DIRECTION ( 'NONE',  ( -1.000000000000000000, 0.000000000000000000, 0.000000000000000000 ) ) ;
#2148 = DIRECTION ( 'NONE',  ( 0.000000000000000000, 0.000000000000000000, -1.000000000000000000 ) ) ;
#2149 = ORIENTED_EDGE ( 'NONE', *, *, #2967, .T. ) ;
#2150 = DIRECTION ( 'NONE',  ( -1.000000000000000000, -0.000000000000000000, -0.000000000000000000 ) ) ;
#2151 = AXIS2_PLACEMENT_3D ( 'NONE', #739, #1260, #503 ) ;
#2152 = EDGE_LOOP ( 'NONE', ( #2818, #213 ) ) ;
#2153 = EDGE_CURVE ( 'NONE', #3066, #1620, #699, .T. ) ;
#2154 = CARTESIAN_POINT ( 'NONE',  ( -7.583587757566561116, 4.303450538714072238, 1.341911707413601107 ) ) ;
#2155 = DIRECTION ( 'NONE',  ( -1.000000000000000000, 0.000000000000000000, -0.000000000000000000 ) ) ;
#2156 = ORIENTED_EDGE ( 'NONE', *, *, #977, .F. ) ;
#2157 = DIRECTION ( 'NONE',  ( -1.000000000000000000, 0.000000000000000000, 0.000000000000000000 ) ) ;
#2158 = CYLINDRICAL_SURFACE ( 'NONE', #2174, 7.999999999999998224 ) ;
#2159 = CARTESIAN_POINT ( 'NONE',  ( -7.583587757566562892, 4.303450538714072238, -0.1580882925863991428 ) ) ;
#2160 = COORDINATED_UNIVERSAL_TIME_OFFSET ( 7, 0, .AHEAD. ) ;
#2161 = ORIENTED_EDGE ( 'NONE', *, *, #3017, .F. ) ;
#2162 = AXIS2_PLACEMENT_3D ( 'NONE', #2019, #1073, #2254 ) ;
#2163 = DIRECTION ( 'NONE',  ( -1.000000000000000000, 0.000000000000000000, -0.000000000000000000 ) ) ;
#2164 = ORIENTED_EDGE ( 'NONE', *, *, #269, .F. ) ;
#2165 = DIRECTION ( 'NONE',  ( -1.000000000000000000, 0.000000000000000000, -0.000000000000000000 ) ) ;
#2166 = AXIS2_PLACEMENT_3D ( 'NONE', #324, #2940, #797 ) ;
#2167 = EDGE_CURVE ( 'NONE', #2805, #2332, #2353, .T. ) ;
#2168 = EDGE_CURVE ( 'NONE', #354, #1511, #1850, .T. ) ;
#2169 = LINE ( 'NONE', #536, #1481 ) ;
#2170 = CARTESIAN_POINT ( 'NONE',  ( -10.08358775756656023, -17.50288340242038387, -1.570784646092450831 ) ) ;
#2171 = AXIS2_PLACEMENT_3D ( 'NONE', #2127, #2073, #3088 ) ;
#2172 = EDGE_CURVE ( 'NONE', #2839, #1758, #492, .T. ) ;
#2173 = EDGE_CURVE ( 'NONE', #3041, #1195, #946, .T. ) ;
#2174 = AXIS2_PLACEMENT_3D ( 'NONE', #2114, #913, #1762 ) ;
#2175 = ORIENTED_EDGE ( 'NONE', *, *, #33, .T. ) ;
#2176 = FACE_OUTER_BOUND ( 'NONE', #2030, .T. ) ;
#2177 = DIRECTION ( 'NONE',  ( -1.000000000000000000, -0.000000000000000000, 0.000000000000000000 ) ) ;
#2178 = CARTESIAN_POINT ( 'NONE',  ( -7.583587757566561116, 0.3034505387140718491, 22.90626762070137801 ) ) ;
#2179 = APPROVAL_ROLE ( '' ) ;
#2180 = AXIS2_PLACEMENT_3D ( 'NONE', #1672, #498, #2184 ) ;
#2181 = VERTEX_POINT ( 'NONE', #3116 ) ;
#2182 = DIRECTION ( 'NONE',  ( 0.000000000000000000, 0.000000000000000000, 1.000000000000000000 ) ) ;
#2183 = ORIENTED_EDGE ( 'NONE', *, *, #2526, .T. ) ;
#2184 = DIRECTION ( 'NONE',  ( 0.000000000000000000, 0.8090169943749447867, 0.5877852522924769119 ) ) ;
#2185 = VECTOR ( 'NONE', #2031, 1000.000000000000000 ) ;
#2186 = ORIENTED_EDGE ( 'NONE', *, *, #2401, .T. ) ;
#2187 = AXIS2_PLACEMENT_3D ( 'NONE', #875, #3096, #1114 ) ;
#2188 = CARTESIAN_POINT ( 'NONE',  ( -7.583587757566561116, 6.797490957169692649, -17.28571968032487050 ) ) ;
#2189 = FACE_OUTER_BOUND ( 'NONE', #2726, .T. ) ;
#2190 = AXIS2_PLACEMENT_3D ( 'NONE', #1678, #2115, #1 ) ;
#2191 = ORIENTED_EDGE ( 'NONE', *, *, #2173, .T. ) ;
#2192 = DIRECTION ( 'NONE',  ( 0.000000000000000000, 0.000000000000000000, 1.000000000000000000 ) ) ;
#2193 = DIRECTION ( 'NONE',  ( 0.000000000000000000, 0.000000000000000000, 1.000000000000000000 ) ) ;
#2194 = DIRECTION ( 'NONE',  ( 0.000000000000000000, 0.000000000000000000, 1.000000000000000000 ) ) ;
#2195 = ORIENTED_EDGE ( 'NONE', *, *, #38, .F. ) ;
#2196 = CIRCLE ( 'NONE', #2049, 8.000000000000000000 ) ;
#2197 = EDGE_CURVE ( 'NONE', #1755, #1415, #1630, .T. ) ;
#2198 = EDGE_CURVE ( 'NONE', #695, #1164, #1921, .T. ) ;
#2199 = EDGE_CURVE ( 'NONE', #357, #1747, #2407, .T. ) ;
#2200 = CARTESIAN_POINT ( 'NONE',  ( -7.583587757566561116, 21.77464015455006674, 0.3557401161047757387 ) ) ;
#2201 = DIRECTION ( 'NONE',  ( 0.000000000000000000, 0.3090169943749412895, 0.9510565162951556406 ) ) ;
#2202 = VERTEX_POINT ( 'NONE', #3068 ) ;
#2203 = CARTESIAN_POINT ( 'NONE',  ( -10.08358775756656023, 8.271839464549177734, -20.29721695649773849 ) ) ;
#2204 = LINE ( 'NONE', #46, #19 ) ;
#2205 = DIRECTION ( 'NONE',  ( -1.000000000000000000, -0.000000000000000000, -0.000000000000000000 ) ) ;
#2206 = ORIENTED_EDGE ( 'NONE', *, *, #899, .F. ) ;
#2207 = CARTESIAN_POINT ( 'NONE',  ( -7.583587757566561116, 4.303450538714072238, 1.341911707413601107 ) ) ;
#2208 = CARTESIAN_POINT ( 'NONE',  ( -12.58358775756656023, 4.303450538714072238, 1.341911707413601107 ) ) ;
#2209 = DIRECTION ( 'NONE',  ( -1.000000000000000000, -0.000000000000000000, -0.000000000000000000 ) ) ;
#2210 = EDGE_LOOP ( 'NONE', ( #858, #1632 ) ) ;
#2211 = AXIS2_PLACEMENT_3D ( 'NONE', #1292, #1319, #1117 ) ;
#2212 = VECTOR ( 'NONE', #700, 1000.000000000000000 ) ;
#2213 = EDGE_CURVE ( 'NONE', #3066, #2659, #1876, .T. ) ;
#2214 = CARTESIAN_POINT ( 'NONE',  ( -10.08358775756656023, -17.33567812519734019, 5.310300633248319357 ) ) ;
#2215 = EDGE_CURVE ( 'NONE', #392, #2268, #722, .T. ) ;
#2216 = DIRECTION ( 'NONE',  ( -1.000000000000000000, 0.000000000000000000, -0.000000000000000000 ) ) ;
#2217 = DIRECTION ( 'NONE',  ( 0.000000000000000000, 0.000000000000000000, 1.000000000000000000 ) ) ;
#2218 = ORIENTED_EDGE ( 'NONE', *, *, #1905, .F. ) ;
#2219 = DIRECTION ( 'NONE',  ( 0.000000000000000000, 0.000000000000000000, 1.000000000000000000 ) ) ;
#2220 = AXIS2_PLACEMENT_3D ( 'NONE', #1365, #1875, #1891 ) ;
#2221 = VERTEX_POINT ( 'NONE', #2841 ) ;
#2222 = LINE ( 'NONE', #302, #3090 ) ;
#2223 = DIRECTION ( 'NONE',  ( 0.000000000000000000, -0.9510565162951565288, 0.3090169943749384585 ) ) ;
#2224 = VECTOR ( 'NONE', #1454, 1000.000000000000000 ) ;
#2225 = EDGE_LOOP ( 'NONE', ( #245, #1261, #2440, #2092 ) ) ;
#2226 = FACE_OUTER_BOUND ( 'NONE', #2650, .T. ) ;
#2227 = DIRECTION ( 'NONE',  ( -1.000000000000000000, 0.000000000000000000, -0.000000000000000000 ) ) ;
#2228 = CYLINDRICAL_SURFACE ( 'NONE', #635, 7.999999999999998224 ) ;
#2229 = EDGE_CURVE ( 'NONE', #2086, #165, #2607, .T. ) ;
#2230 = DIRECTION ( 'NONE',  ( 0.000000000000000000, 0.000000000000000000, 1.000000000000000000 ) ) ;
#2231 = CARTESIAN_POINT ( 'NONE',  ( -12.58358775756656023, 8.764440123855274933, -15.57892080523959955 ) ) ;
#2232 = ORIENTED_EDGE ( 'NONE', *, *, #1038, .F. ) ;
#2233 = CARTESIAN_POINT ( 'NONE',  ( -12.58358775756656023, -11.62620424368198080, -13.83195063919039924 ) ) ;
#2234 = EDGE_CURVE ( 'NONE', #501, #3033, #2614, .T. ) ;
#2235 = EDGE_CURVE ( 'NONE', #640, #2311, #1462, .T. ) ;
#2236 = VERTEX_POINT ( 'NONE', #1707 ) ;
#2237 = CARTESIAN_POINT ( 'NONE',  ( -7.583587757566561116, -0.1575390464267755752, -15.57892080523969724 ) ) ;
#2238 = CARTESIAN_POINT ( 'NONE',  ( -7.583587757566561116, 1.809410120258591270, 19.96954309515209047 ) ) ;
#2239 = AXIS2_PLACEMENT_3D ( 'NONE', #788, #1920, #755 ) ;
#2240 = ORIENTED_EDGE ( 'NONE', *, *, #1251, .T. ) ;
#2241 = DIRECTION ( 'NONE',  ( -1.000000000000000000, -0.000000000000000000, -0.000000000000000000 ) ) ;
#2242 = LINE ( 'NONE', #995, #3001 ) ;
#2243 = VERTEX_POINT ( 'NONE', #268 ) ;
#2244 = AXIS2_PLACEMENT_3D ( 'NONE', #843, #1368, #2641 ) ;
#2245 = DIRECTION ( 'NONE',  ( 0.000000000000000000, 0.000000000000000000, -1.000000000000000000 ) ) ;
#2246 = DIRECTION ( 'NONE',  ( -1.000000000000000000, 0.000000000000000000, 0.000000000000000000 ) ) ;
#2247 = ORIENTED_EDGE ( 'NONE', *, *, #1304, .T. ) ;
#2248 = CARTESIAN_POINT ( 'NONE',  ( -12.58358775756656023, -3.824777516924900311, 18.28714104790567063 ) ) ;
#2249 = LOCAL_TIME ( 23, 28, 4.000000000000000000, #2877 ) ;
#2250 = EDGE_LOOP ( 'NONE', ( #1953, #850, #2582, #872 ) ) ;
#2251 = DIRECTION ( 'NONE',  ( 0.000000000000000000, -0.8090169943749402348, -0.5877852522924830181 ) ) ;
#2252 = PLANE ( 'NONE',  #2007 ) ;
#2253 = ORIENTED_EDGE ( 'NONE', *, *, #1962, .T. ) ;
#2254 = DIRECTION ( 'NONE',  ( 0.000000000000000000, 0.000000000000000000, 1.000000000000000000 ) ) ;
#2255 = CARTESIAN_POINT ( 'NONE',  ( -7.583587757566561116, 22.93108192645260957, -1.152128711041546572 ) ) ;
#2256 = ORIENTED_EDGE ( 'NONE', *, *, #1151, .F. ) ;
#2257 = AXIS2_PLACEMENT_3D ( 'NONE', #2872, #1446, #2142 ) ;
#2258 = AXIS2_PLACEMENT_3D ( 'NONE', #417, #2116, #1371 ) ;
#2259 = CARTESIAN_POINT ( 'NONE',  ( -12.58358775756656023, 13.81211715853099165, -18.49707161112315035 ) ) ;
#2260 = FACE_OUTER_BOUND ( 'NONE', #2250, .T. ) ;
#2261 = ORIENTED_EDGE ( 'NONE', *, *, #2889, .F. ) ;
#2262 = DIRECTION ( 'NONE',  ( 0.000000000000000000, 0.000000000000000000, 1.000000000000000000 ) ) ;
#2263 = EDGE_LOOP ( 'NONE', ( #1193, #862, #907, #2744 ) ) ;
#2264 = CARTESIAN_POINT ( 'NONE',  ( -22.58358775756656200, 4.303450538714072238, 1.341911707413601107 ) ) ;
#2265 = CARTESIAN_POINT ( 'NONE',  ( -7.583587757566561116, 15.37058771164666204, -12.21292048614356496 ) ) ;
#2266 = ADVANCED_FACE ( 'NONE', ( #2189 ), #991, .T. ) ;
#2267 = EDGE_CURVE ( 'NONE', #836, #1490, #2428, .T. ) ;
#2268 = VERTEX_POINT ( 'NONE', #1526 ) ;
#2269 = FACE_OUTER_BOUND ( 'NONE', #2567, .T. ) ;
#2270 = CIRCLE ( 'NONE', #255, 7.999999999999999112 ) ;
#2271 = CARTESIAN_POINT ( 'NONE',  ( -7.583587757566561116, -12.23257999550805231, 10.27323763907813436 ) ) ;
#2272 = CIRCLE ( 'NONE', #359, 7.999999999999998224 ) ;
#2273 = ADVANCED_FACE ( 'NONE', ( #2681 ), #789, .T. ) ;
#2274 = EDGE_CURVE ( 'NONE', #1392, #1349, #2305, .T. ) ;
#2275 = AXIS2_PLACEMENT_3D ( 'NONE', #1816, #2144, #2379 ) ;
#2276 = ORIENTED_EDGE ( 'NONE', *, *, #1060, .T. ) ;
#2277 = AXIS2_PLACEMENT_3D ( 'NONE', #1729, #1024, #252 ) ;
#2278 = AXIS2_PLACEMENT_3D ( 'NONE', #2936, #273, #34 ) ;
#2279 = DIRECTION ( 'NONE',  ( 0.000000000000000000, 0.000000000000000000, 1.000000000000000000 ) ) ;
#2280 = CARTESIAN_POINT ( 'NONE',  ( -7.583587757566561116, 22.79008162712763763, 5.957630435525721246 ) ) ;
#2281 = ORIENTED_EDGE ( 'NONE', *, *, #2961, .T. ) ;
#2282 = CARTESIAN_POINT ( 'NONE',  ( -12.58358775756656023, 4.303450538714072238, 1.341911707413601107 ) ) ;
#2283 = ORIENTED_EDGE ( 'NONE', *, *, #1189, .F. ) ;
#2284 = DIRECTION ( 'NONE',  ( 0.000000000000000000, 0.000000000000000000, -1.000000000000000000 ) ) ;
#2285 = EDGE_LOOP ( 'NONE', ( #2547, #2880, #1781, #481 ) ) ;
#2286 = CARTESIAN_POINT ( 'NONE',  ( -7.583587757566561116, -10.87041180788962969, -14.58774307498272904 ) ) ;
#2287 = AXIS2_PLACEMENT_3D ( 'NONE', #566, #1756, #1788 ) ;
#2288 = ORIENTED_EDGE ( 'NONE', *, *, #62, .T. ) ;
#2289 = DIRECTION ( 'NONE',  ( 0.000000000000000000, 0.000000000000000000, 1.000000000000000000 ) ) ;
#2290 = CARTESIAN_POINT ( 'NONE',  ( -12.58358775756656023, 1.390754185208402660, -20.46442223372090297 ) ) ;
#2291 = VECTOR ( 'NONE', #1583, 1000.000000000000000 ) ;
#2292 = VERTEX_POINT ( 'NONE', #250 ) ;
#2293 = EDGE_CURVE ( 'NONE', #1361, #2757, #998, .T. ) ;
#2294 = EDGE_CURVE ( 'NONE', #2506, #2778, #1693, .T. ) ;
#2295 = DIRECTION ( 'NONE',  ( 0.000000000000000000, 0.9510565162951523099, 0.3090169943749514481 ) ) ;
#2296 = ORIENTED_EDGE ( 'NONE', *, *, #1766, .F. ) ;
#2297 = CARTESIAN_POINT ( 'NONE',  ( -12.58358775756656023, -0.1575390464270123581, 18.26274422006683551 ) ) ;
#2298 = ORIENTED_EDGE ( 'NONE', *, *, #2172, .F. ) ;
#2299 = CARTESIAN_POINT ( 'NONE',  ( -12.58358775756656023, 4.303450538714072238, 1.341911707413601107 ) ) ;
#2300 = CARTESIAN_POINT ( 'NONE',  ( -10.08358775756656023, 25.94257920262545269, 5.310300633248478341 ) ) ;
#2301 = ORIENTED_EDGE ( 'NONE', *, *, #2061, .T. ) ;
#2302 = DIRECTION ( 'NONE',  ( -1.000000000000000000, 0.000000000000000000, -0.000000000000000000 ) ) ;
#2303 = ORIENTED_EDGE ( 'NONE', *, *, #1305, .F. ) ;
#2304 = EDGE_CURVE ( 'NONE', #1119, #944, #520, .T. ) ;
#2305 = CIRCLE ( 'NONE', #2563, 7.999999999999998224 ) ;
#2306 = ADVANCED_FACE ( 'NONE', ( #2901 ), #1022, .T. ) ;
#2307 = ORIENTED_EDGE ( 'NONE', *, *, #462, .T. ) ;
#2308 = CARTESIAN_POINT ( 'NONE',  ( -7.583587757566561116, 13.23477647037889504, -15.19411882680836712 ) ) ;
#2309 = ORIENTED_EDGE ( 'NONE', *, *, #2323, .F. ) ;
#2310 = DIRECTION ( 'NONE',  ( 1.000000000000000000, 0.000000000000000000, 0.000000000000000000 ) ) ;
#2311 = VERTEX_POINT ( 'NONE', #1037 ) ;
#2312 = CARTESIAN_POINT ( 'NONE',  ( -12.58358775756656023, 14.76447118643774559, -18.01182299697611811 ) ) ;
#2313 = AXIS2_PLACEMENT_3D ( 'NONE', #2121, #906, #3083 ) ;
#2314 = ORIENTED_EDGE ( 'NONE', *, *, #2002, .F. ) ;
#2315 = LINE ( 'NONE', #157, #661 ) ;
#2316 = CARTESIAN_POINT ( 'NONE',  ( -7.583587757566561116, -10.41069589004540141, -8.129566312041699661 ) ) ;
#2317 = ORIENTED_EDGE ( 'NONE', *, *, #2701, .F. ) ;
#2318 = AXIS2_PLACEMENT_3D ( 'NONE', #1407, #277, #2371 ) ;
#2319 = ORIENTED_EDGE ( 'NONE', *, *, #1095, .F. ) ;
#2320 = DIRECTION ( 'NONE',  ( 1.000000000000000000, 0.000000000000000000, 0.000000000000000000 ) ) ;
#2321 = VECTOR ( 'NONE', #1955, 1000.000000000000000 ) ;
#2322 = EDGE_LOOP ( 'NONE', ( #2964, #1528, #443, #2956 ) ) ;
#2323 = EDGE_CURVE ( 'NONE', #241, #2778, #396, .T. ) ;
#2324 = FACE_OUTER_BOUND ( 'NONE', #2355, .T. ) ;
#2325 = ADVANCED_FACE ( 'NONE', ( #2728 ), #2000, .T. ) ;
#2326 = EDGE_LOOP ( 'NONE', ( #816, #2068, #1983, #1256 ) ) ;
#2327 = FACE_OUTER_BOUND ( 'NONE', #3054, .T. ) ;
#2328 = VERTEX_POINT ( 'NONE', #1952 ) ;
#2329 = DIRECTION ( 'NONE',  ( -1.000000000000000000, 0.000000000000000000, 0.000000000000000000 ) ) ;
#2330 = DIRECTION ( 'NONE',  ( -1.000000000000000000, 0.000000000000000000, 0.000000000000000000 ) ) ;
#2331 = CIRCLE ( 'NONE', #2129, 22.00000000000000000 ) ;
#2332 = VERTEX_POINT ( 'NONE', #2666 ) ;
#2333 = DIRECTION ( 'NONE',  ( -1.000000000000000000, 0.000000000000000000, -0.000000000000000000 ) ) ;
#2334 = CIRCLE ( 'NONE', #1726, 7.999999999999997335 ) ;
#2335 = AXIS2_PLACEMENT_3D ( 'NONE', #921, #1145, #2079 ) ;
#2336 = ORIENTED_EDGE ( 'NONE', *, *, #2366, .F. ) ;
#2337 = DIRECTION ( 'NONE',  ( 0.000000000000000000, 0.3090169943749412895, 0.9510565162951556406 ) ) ;
#2338 = VECTOR ( 'NONE', #2610, 1000.000000000000000 ) ;
#2339 = ORIENTED_EDGE ( 'NONE', *, *, #1373, .T. ) ;
#2340 = AXIS2_PLACEMENT_3D ( 'NONE', #2070, #2559, #621 ) ;
#2341 = LINE ( 'NONE', #420, #1133 ) ;
#2342 = EDGE_LOOP ( 'NONE', ( #497, #2741, #2006, #2853 ) ) ;
#2343 = CARTESIAN_POINT ( 'NONE',  ( -22.58358775756656200, 4.303450538714072238, 1.341911707413601107 ) ) ;
#2344 = ORIENTED_EDGE ( 'NONE', *, *, #3099, .F. ) ;
#2345 = CC_DESIGN_SECURITY_CLASSIFICATION ( #1492, ( #2754 ) ) ;
#2346 = CARTESIAN_POINT ( 'NONE',  ( -22.58358775756656200, 4.303450538714072238, 1.341911707413601107 ) ) ;
#2347 = DIRECTION ( 'NONE',  ( 0.000000000000000000, -1.000000000000000000, -1.047089360249444147E-14 ) ) ;
#2348 = ORIENTED_EDGE ( 'NONE', *, *, #228, .T. ) ;
#2349 = CYLINDRICAL_SURFACE ( 'NONE', #1976, 7.999999999999998224 ) ;
#2350 = CARTESIAN_POINT ( 'NONE',  ( -7.583587757566560228, 4.303450538714072238, 42.94191170741360253 ) ) ;
#2351 = CARTESIAN_POINT ( 'NONE',  ( -12.58358775756656023, 4.303450538714072238, 41.34191170741360111 ) ) ;
#2352 = ORIENTED_EDGE ( 'NONE', *, *, #1115, .F. ) ;
#2353 = CIRCLE ( 'NONE', #2714, 17.49900000000000233 ) ;
#2354 = CYLINDRICAL_SURFACE ( 'NONE', #1132, 17.49900000000000233 ) ;
#2355 = EDGE_LOOP ( 'NONE', ( #2920, #691, #1160, #1003 ) ) ;
#2356 = DIRECTION ( 'NONE',  ( -1.000000000000000000, 0.000000000000000000, 0.000000000000000000 ) ) ;
#2357 = VERTEX_POINT ( 'NONE', #570 ) ;
#2358 = CARTESIAN_POINT ( 'NONE',  ( -12.58358775756656023, 4.303450538714072238, 1.341911707413601107 ) ) ;
#2359 = CARTESIAN_POINT ( 'NONE',  ( -12.58358775756656023, -9.300659642329010879, -11.62485639062801468 ) ) ;
#2360 = AXIS2_PLACEMENT_3D ( 'NONE', #892, #2356, #2632 ) ;
#2361 = CC_DESIGN_PERSON_AND_ORGANIZATION_ASSIGNMENT ( #240, #1453, ( #2754 ) ) ;
#2362 = ORIENTED_EDGE ( 'NONE', *, *, #2639, .F. ) ;
#2363 = CARTESIAN_POINT ( 'NONE',  ( -7.583587757566561116, 20.61479548919890092, 7.678711128753466397 ) ) ;
#2364 = CARTESIAN_POINT ( 'NONE',  ( -12.58358775756656023, -12.61738197393921546, 5.802901292554500046 ) ) ;
#2365 = DIRECTION ( 'NONE',  ( 0.000000000000000000, 0.000000000000000000, 1.000000000000000000 ) ) ;
#2366 = EDGE_CURVE ( 'NONE', #1847, #2202, #2814, .T. ) ;
#2367 = EDGE_CURVE ( 'NONE', #2809, #539, #2446, .T. ) ;
#2368 = DIRECTION ( 'NONE',  ( -1.000000000000000000, -0.000000000000000000, 0.000000000000000000 ) ) ;
#2369 = CIRCLE ( 'NONE', #2318, 7.999999999999998224 ) ;
#2370 = CIRCLE ( 'NONE', #2731, 7.999999999999999112 ) ;
#2371 = DIRECTION ( 'NONE',  ( 0.000000000000000000, 0.000000000000000000, -1.000000000000000000 ) ) ;
#2372 = CARTESIAN_POINT ( 'NONE',  ( -7.583587757566561116, 21.77464015455006674, 2.328083298722428474 ) ) ;
#2373 = EDGE_LOOP ( 'NONE', ( #3024, #397, #110, #438 ) ) ;
#2374 = CARTESIAN_POINT ( 'NONE',  ( -10.08358775756656023, -15.53553277982285152, 10.85057832723016347 ) ) ;
#2375 = AXIS2_PLACEMENT_3D ( 'NONE', #488, #1859, #1387 ) ;
#2376 = CARTESIAN_POINT ( 'NONE',  ( -12.58358775756656023, 4.303450538714072238, 1.341911707413601107 ) ) ;
#2377 = CARTESIAN_POINT ( 'NONE',  ( -10.08358775756656023, 20.23310532111045745, -13.83195063919004753 ) ) ;
#2378 = VERTEX_POINT ( 'NONE', #756 ) ;
#2379 = DIRECTION ( 'NONE',  ( 0.000000000000000000, 0.000000000000000000, 1.000000000000000000 ) ) ;
#2380 = DIRECTION ( 'NONE',  ( 0.000000000000000000, 0.3090169943749483394, -0.9510565162951534202 ) ) ;
#2381 = ADVANCED_FACE ( 'NONE', ( #285 ), #1006, .T. ) ;
#2382 = CIRCLE ( 'NONE', #1175, 17.49900000000000233 ) ;
#2383 = CARTESIAN_POINT ( 'NONE',  ( -12.58358775756656023, 17.27021863675573599, -12.26219847362943582 ) ) ;
#2384 = CIRCLE ( 'NONE', #827, 17.49900000000000233 ) ;
#2385 = EDGE_CURVE ( 'NONE', #2778, #205, #303, .T. ) ;
#2386 = ORIENTED_EDGE ( 'NONE', *, *, #2041, .T. ) ;
#2387 = FACE_OUTER_BOUND ( 'NONE', #2140, .T. ) ;
#2388 = ORIENTED_EDGE ( 'NONE', *, *, #1922, .T. ) ;
#2389 = DIRECTION ( 'NONE',  ( -1.000000000000000000, -0.000000000000000000, 0.000000000000000000 ) ) ;
#2390 = AXIS2_PLACEMENT_3D ( 'NONE', #686, #166, #1161 ) ;
#2391 = CIRCLE ( 'NONE', #2699, 7.999999999999998224 ) ;
#2392 = ORIENTED_EDGE ( 'NONE', *, *, #651, .T. ) ;
#2393 = DIRECTION ( 'NONE',  ( 0.000000000000000000, 0.3090169943749412340, 0.9510565162951555296 ) ) ;
#2394 = CARTESIAN_POINT ( 'NONE',  ( -7.583587757566561116, 4.303450538714072238, 1.341911707413601107 ) ) ;
#2395 = VERTEX_POINT ( 'NONE', #363 ) ;
#2396 = DIRECTION ( 'NONE',  ( 0.000000000000000000, -0.9510565162951500895, -0.3090169943749583870 ) ) ;
#2397 = DIRECTION ( 'NONE',  ( -1.000000000000000000, -0.000000000000000000, -0.000000000000000000 ) ) ;
#2398 = DIRECTION ( 'NONE',  ( 1.000000000000000000, -0.000000000000000000, -0.000000000000000000 ) ) ;
#2399 = AXIS2_PLACEMENT_3D ( 'NONE', #1469, #1219, #1667 ) ;
#2400 = LINE ( 'NONE', #2214, #1242 ) ;
#2401 = EDGE_CURVE ( 'NONE', #1551, #1376, #1793, .T. ) ;
#2402 = EDGE_CURVE ( 'NONE', #1682, #3062, #2962, .T. ) ;
#2403 = CARTESIAN_POINT ( 'NONE',  ( -12.58358775756656023, 4.303450538714072238, 1.341911707413601107 ) ) ;
#2404 = CARTESIAN_POINT ( 'NONE',  ( -12.58358775756656023, 4.303450538714072238, 1.341911707413601107 ) ) ;
#2405 = ORIENTED_EDGE ( 'NONE', *, *, #1516, .F. ) ;
#2406 = CARTESIAN_POINT ( 'NONE',  ( -7.583587757566561116, 4.303450538714072238, 1.341911707413601107 ) ) ;
#2407 = CIRCLE ( 'NONE', #853, 7.999999999999999112 ) ;
#2408 = ORIENTED_EDGE ( 'NONE', *, *, #1012, .T. ) ;
#2409 = DIRECTION ( 'NONE',  ( -1.000000000000000000, -0.000000000000000000, 0.000000000000000000 ) ) ;
#2410 = FACE_OUTER_BOUND ( 'NONE', #1457, .T. ) ;
#2411 = AXIS2_PLACEMENT_3D ( 'NONE', #2075, #197, #2131 ) ;
#2412 = VECTOR ( 'NONE', #393, 1000.000000000000000 ) ;
#2413 = ORIENTED_EDGE ( 'NONE', *, *, #1095, .T. ) ;
#2414 = CARTESIAN_POINT ( 'NONE',  ( -7.583587757566561116, -14.18318054969946829, -2.042369564474411980 ) ) ;
#2415 = DIRECTION ( 'NONE',  ( 0.000000000000000000, 0.000000000000000000, 1.000000000000000000 ) ) ;
#2416 = CARTESIAN_POINT ( 'NONE',  ( -12.58358775756656023, 7.216146892220201892, -20.46442223372084612 ) ) ;
#2417 = CIRCLE ( 'NONE', #1697, 17.49900000000000233 ) ;
#2418 = DATE_AND_TIME ( #1680, #1141 ) ;
#2419 = DIRECTION ( 'NONE',  ( 0.000000000000000000, 0.5877852522924743583, -0.8090169943749466741 ) ) ;
#2420 = DIRECTION ( 'NONE',  ( 0.000000000000000000, -0.9510565162951565288, 0.3090169943749382364 ) ) ;
#2421 = VERTEX_POINT ( 'NONE', #2286 ) ;
#2422 = CYLINDRICAL_SURFACE ( 'NONE', #2437, 7.999999999999998224 ) ;
#2423 = AXIS2_PLACEMENT_3D ( 'NONE', #1636, #1699, #229 ) ;
#2424 = ADVANCED_FACE ( 'NONE', ( #140 ), #1303, .T. ) ;
#2425 = ORIENTED_EDGE ( 'NONE', *, *, #1252, .F. ) ;
#2426 = ADVANCED_FACE ( 'NONE', ( #865 ), #122, .T. ) ;
#2427 = CARTESIAN_POINT ( 'NONE',  ( -12.58358775756656023, 6.797490957169422643, 19.96954309515211179 ) ) ;
#2428 = LINE ( 'NONE', #13, #1904 ) ;
#2429 = PRODUCT_DEFINITION_SHAPE ( 'NONE', 'NONE',  #365 ) ;
#2430 = CIRCLE ( 'NONE', #1120, 17.49900000000000588 ) ;
#2431 = ADVANCED_FACE ( 'NONE', ( #2017, #1584, #93 ), #2252, .F. ) ;
#2432 = VERTEX_POINT ( 'NONE', #2977 ) ;
#2433 = DIRECTION ( 'NONE',  ( -1.000000000000000000, 0.000000000000000000, -0.000000000000000000 ) ) ;
#2434 = CARTESIAN_POINT ( 'NONE',  ( -12.58358775756656023, 4.303450538714072238, 1.341911707413601107 ) ) ;
#2435 = CYLINDRICAL_SURFACE ( 'NONE', #1186, 22.00000000000000000 ) ;
#2436 = PERSON_AND_ORGANIZATION ( #2612, #134 ) ;
#2437 = AXIS2_PLACEMENT_3D ( 'NONE', #1004, #2928, #2219 ) ;
#2438 = DIRECTION ( 'NONE',  ( -1.000000000000000000, -0.000000000000000000, 0.000000000000000000 ) ) ;
#2439 = CARTESIAN_POINT ( 'NONE',  ( -7.583587757566561116, 4.303450538714072238, 1.341911707413601107 ) ) ;
#2440 = ORIENTED_EDGE ( 'NONE', *, *, #958, .T. ) ;
#2441 = DIRECTION ( 'NONE',  ( -1.000000000000000000, -0.000000000000000000, 0.000000000000000000 ) ) ;
#2442 = CIRCLE ( 'NONE', #2897, 7.999999999999998224 ) ;
#2443 = ORIENTED_EDGE ( 'NONE', *, *, #1646, .T. ) ;
#2444 = AXIS2_PLACEMENT_3D ( 'NONE', #2094, #890, #466 ) ;
#2445 = DIRECTION ( 'NONE',  ( 0.000000000000000000, 0.000000000000000000, -1.000000000000000000 ) ) ;
#2446 = LINE ( 'NONE', #2960, #1958 ) ;
#2447 = ORIENTED_EDGE ( 'NONE', *, *, #1765, .F. ) ;
#2448 = DIRECTION ( 'NONE',  ( -1.000000000000000000, 0.000000000000000000, 0.000000000000000000 ) ) ;
#2449 = CARTESIAN_POINT ( 'NONE',  ( -12.58358775756656023, 4.303450538714072238, 1.341911707413601107 ) ) ;
#2450 = CYLINDRICAL_SURFACE ( 'NONE', #1582, 7.999999999999998224 ) ;
#2451 = VERTEX_POINT ( 'NONE', #1089 ) ;
#2452 = CIRCLE ( 'NONE', #2850, 7.999999999999998224 ) ;
#2453 = CC_DESIGN_APPROVAL ( #636, ( #2754 ) ) ;
#2454 = PERSON_AND_ORGANIZATION_ROLE ( 'design_owner' ) ;
#2455 = DIRECTION ( 'NONE',  ( -1.000000000000000000, -0.000000000000000000, -0.000000000000000000 ) ) ;
#2456 = DIRECTION ( 'NONE',  ( -1.000000000000000000, 0.000000000000000000, -0.000000000000000000 ) ) ;
#2457 = VERTEX_POINT ( 'NONE', #2265 ) ;
#2458 = LINE ( 'NONE', #1473, #823 ) ;
#2459 = ORIENTED_EDGE ( 'NONE', *, *, #576, .F. ) ;
#2460 = CARTESIAN_POINT ( 'NONE',  ( -12.58358775756656023, 17.90756071975742358, -11.62485639062772869 ) ) ;
#2461 = CARTESIAN_POINT ( 'NONE',  ( -12.58358775756656023, 22.79008162712759145, 4.726192979301734098 ) ) ;
#2462 = CIRCLE ( 'NONE', #1100, 7.999999999999997335 ) ;
#2463 = ORIENTED_EDGE ( 'NONE', *, *, #2545, .T. ) ;
#2464 = DIRECTION ( 'NONE',  ( -1.000000000000000000, -0.000000000000000000, -0.000000000000000000 ) ) ;
#2465 = CARTESIAN_POINT ( 'NONE',  ( -12.58358775756656023, -17.50288340242038387, -1.570784646092450831 ) ) ;
#2466 = VECTOR ( 'NONE', #2368, 1000.000000000000000 ) ;
#2467 = CARTESIAN_POINT ( 'NONE',  ( -7.583587757566561116, -14.32418084902444910, 3.835952125868887563 ) ) ;
#2468 = EDGE_CURVE ( 'NONE', #473, #1447, #1839, .T. ) ;
#2469 = EDGE_CURVE ( 'NONE', #1758, #1624, #1557, .T. ) ;
#2470 = ADVANCED_FACE ( 'NONE', ( #1333 ), #851, .T. ) ;
#2471 = APPLICATION_PROTOCOL_DEFINITION ( 'international standard', 'config_control_design', 1994, #1767 ) ;
#2472 = CARTESIAN_POINT ( 'NONE',  ( -12.58358775756656023, 0.3034505387140718491, 1.341911707413601107 ) ) ;
#2473 = DIRECTION ( 'NONE',  ( -1.000000000000000000, 0.000000000000000000, 0.000000000000000000 ) ) ;
#2474 = VERTEX_POINT ( 'NONE', #2312 ) ;
#2475 = LINE ( 'NONE', #751, #167 ) ;
#2476 = AXIS2_PLACEMENT_3D ( 'NONE', #203, #2572, #216 ) ;
#2477 = ORIENTED_EDGE ( 'NONE', *, *, #2082, .T. ) ;
#2478 = DIRECTION ( 'NONE',  ( -1.000000000000000000, 0.000000000000000000, 0.000000000000000000 ) ) ;
#2479 = CARTESIAN_POINT ( 'NONE',  ( -7.583587757566561116, 12.43167859435292577, 18.28714104790573103 ) ) ;
#2480 = CLOSED_SHELL ( 'NONE', ( #170, #1866, #2501, #2426, #399, #150, #2431, #846, #1285, #2130, #790, #1341, #3053, #1210, #2564, #132, #1882, #1727, #518, #692, #1110, #1404, #427, #1803, #1480, #1589, #1806, #2325, #1381, #1825, #349, #2266, #1943, #557, #1479, #810, #1844, #618, #270, #1903, #2777, #1861, #2622, #1339, #2067, #242, #602, #190, #2735, #765, #1902, #2424, #937, #594, #582, #1309, #1059, #2022, #2627, #2306, #370, #2852, #2929, #2470, #500, #652, #1967, #1666, #559, #56, #113, #2596, #2760, #2077, #400, #2830, #1152, #2100, #2273, #744, #2038, #1704, #1502, #824, #955, #3057, #2381, #1273 ) ) ;
#2481 = ORIENTED_EDGE ( 'NONE', *, *, #953, .F. ) ;
#2482 = AXIS2_PLACEMENT_3D ( 'NONE', #2785, #1431, #1577 ) ;
#2483 = CARTESIAN_POINT ( 'NONE',  ( -7.583587757566561116, -12.23257999550805231, 10.27323763907813436 ) ) ;
#2484 = FACE_OUTER_BOUND ( 'NONE', #2342, .T. ) ;
#2485 = ORIENTED_EDGE ( 'NONE', *, *, #2167, .T. ) ;
#2486 = EDGE_CURVE ( 'NONE', #2542, #1281, #300, .T. ) ;
#2487 = CARTESIAN_POINT ( 'NONE',  ( -7.583587757566561116, 22.79008162712763763, -2.042369564474276977 ) ) ;
#2488 = DIRECTION ( 'NONE',  ( -1.000000000000000000, -0.000000000000000000, -0.000000000000000000 ) ) ;
#2489 = ORIENTED_EDGE ( 'NONE', *, *, #1590, .F. ) ;
#2490 = LINE ( 'NONE', #327, #218 ) ;
#2491 = CIRCLE ( 'NONE', #1670, 22.00000000000000000 ) ;
#2492 = VERTEX_POINT ( 'NONE', #2791 ) ;
#2493 = CARTESIAN_POINT ( 'NONE',  ( -12.58358775756656023, 0.3350616128794193238, -20.29721695649782021 ) ) ;
#2494 = CARTESIAN_POINT ( 'NONE',  ( -7.583587757566561116, -8.663317559327305517, -12.26219847362970938 ) ) ;
#2495 = CIRCLE ( 'NONE', #723, 8.000000000000000000 ) ;
#2496 = CIRCLE ( 'NONE', #1780, 7.999999999999998224 ) ;
#2497 = EDGE_LOOP ( 'NONE', ( #483, #2916, #1168, #457 ) ) ;
#2498 = DIRECTION ( 'NONE',  ( -1.000000000000000000, 0.000000000000000000, 0.000000000000000000 ) ) ;
#2499 = ORIENTED_EDGE ( 'NONE', *, *, #369, .T. ) ;
#2500 = CYLINDRICAL_SURFACE ( 'NONE', #1867, 1.599999999999997202 ) ;
#2501 = ADVANCED_FACE ( 'NONE', ( #818 ), #1775, .T. ) ;
#2502 = DIRECTION ( 'NONE',  ( 0.000000000000000000, 4.336808689942017736E-17, 1.000000000000000000 ) ) ;
#2503 = ORIENTED_EDGE ( 'NONE', *, *, #1681, .T. ) ;
#2504 = DIRECTION ( 'NONE',  ( -1.000000000000000000, 0.000000000000000000, 0.000000000000000000 ) ) ;
#2505 = EDGE_CURVE ( 'NONE', #191, #1987, #2780, .T. ) ;
#2506 = VERTEX_POINT ( 'NONE', #1543 ) ;
#2507 = EDGE_CURVE ( 'NONE', #2236, #1747, #616, .T. ) ;
#2508 = CARTESIAN_POINT ( 'NONE',  ( -7.583587757566561116, -5.168027480740955859, -13.37223472134604663 ) ) ;
#2509 = EDGE_CURVE ( 'NONE', #546, #1739, #2540, .T. ) ;
#2510 = ORIENTED_EDGE ( 'NONE', *, *, #224, .F. ) ;
#2511 = DIRECTION ( 'NONE',  ( -1.000000000000000000, 0.000000000000000000, 0.000000000000000000 ) ) ;
#2512 = ORIENTED_EDGE ( 'NONE', *, *, #3093, .T. ) ;
#2513 = DIRECTION ( 'NONE',  ( -1.000000000000000000, 0.000000000000000000, 0.000000000000000000 ) ) ;
#2514 = ORIENTED_EDGE ( 'NONE', *, *, #884, .T. ) ;
#2515 = VECTOR ( 'NONE', #217, 1000.000000000000000 ) ;
#2516 = CIRCLE ( 'NONE', #1959, 22.00000000000000000 ) ;
#2517 = DIRECTION ( 'NONE',  ( 0.000000000000000000, 0.5877852522924743583, -0.8090169943749466741 ) ) ;
#2518 = CARTESIAN_POINT ( 'NONE',  ( -10.08358775756656200, -17.50288340242042651, 4.254608060919347956 ) ) ;
#2519 = ORIENTED_EDGE ( 'NONE', *, *, #2658, .F. ) ;
#2520 = CARTESIAN_POINT ( 'NONE',  ( -12.58358775756656023, 21.24867987920628920, -6.786316348225067685 ) ) ;
#2521 = ORIENTED_EDGE ( 'NONE', *, *, #2719, .T. ) ;
#2522 = CARTESIAN_POINT ( 'NONE',  ( -12.58358775756656023, 10.64024996005387536, 17.65325665789844933 ) ) ;
#2523 = ORIENTED_EDGE ( 'NONE', *, *, #2001, .T. ) ;
#2524 = CARTESIAN_POINT ( 'NONE',  ( -7.583587757566561116, 22.93108192645258114, 3.835952125869019458 ) ) ;
#2525 = EDGE_CURVE ( 'NONE', #1742, #2983, #802, .T. ) ;
#2526 = EDGE_CURVE ( 'NONE', #2790, #1116, #1695, .T. ) ;
#2527 = ORIENTED_EDGE ( 'NONE', *, *, #1628, .T. ) ;
#2528 = CARTESIAN_POINT ( 'NONE',  ( -12.58358775756656023, 17.90756071975724240, 14.30867980545512808 ) ) ;
#2529 = DIRECTION ( 'NONE',  ( 0.000000000000000000, 0.000000000000000000, 1.000000000000000000 ) ) ;
#2530 = CIRCLE ( 'NONE', #3072, 17.49900000000000233 ) ;
#2531 = EDGE_CURVE ( 'NONE', #2086, #2311, #1401, .T. ) ;
#2532 = CIRCLE ( 'NONE', #5, 1.599999999999997202 ) ;
#2533 = ORIENTED_EDGE ( 'NONE', *, *, #2961, .F. ) ;
#2534 = DIRECTION ( 'NONE',  ( -1.000000000000000000, 0.000000000000000000, 0.000000000000000000 ) ) ;
#2535 = DIRECTION ( 'NONE',  ( 0.000000000000000000, 0.000000000000000000, 1.000000000000000000 ) ) ;
#2536 = ORIENTED_EDGE ( 'NONE', *, *, #308, .T. ) ;
#2537 = CARTESIAN_POINT ( 'NONE',  ( -7.583587757566561116, 4.303450538714072238, 1.341911707413601107 ) ) ;
#2538 = VERTEX_POINT ( 'NONE', #1377 ) ;
#2539 = CARTESIAN_POINT ( 'NONE',  ( -12.58358775756656023, 4.303450538714072238, 1.341911707413601107 ) ) ;
#2540 = LINE ( 'NONE', #2300, #2412 ) ;
#2541 = VECTOR ( 'NONE', #2165, 1000.000000000000000 ) ;
#2542 = VERTEX_POINT ( 'NONE', #673 ) ;
#2543 = DIRECTION ( 'NONE',  ( 0.000000000000000000, 0.9510565162951544194, -0.3090169943749448977 ) ) ;
#2544 = DIRECTION ( 'NONE',  ( 0.000000000000000000, -0.3090169943749548898, 0.9510565162951511997 ) ) ;
#2545 = EDGE_CURVE ( 'NONE', #2457, #886, #650, .T. ) ;
#2546 = AXIS2_PLACEMENT_3D ( 'NONE', #92, #2016, #3007 ) ;
#2547 = ORIENTED_EDGE ( 'NONE', *, *, #2235, .T. ) ;
#2548 = VECTOR ( 'NONE', #2027, 1000.000000000000000 ) ;
#2549 = CARTESIAN_POINT ( 'NONE',  ( -7.583587757566561116, 5.289622130023082569, -16.12927790842238451 ) ) ;
#2550 = ORIENTED_EDGE ( 'NONE', *, *, #421, .F. ) ;
#2551 = DIRECTION ( 'NONE',  ( 1.000000000000000000, 0.000000000000000000, 0.000000000000000000 ) ) ;
#2552 = CIRCLE ( 'NONE', #1187, 17.49900000000000233 ) ;
#2553 = ORIENTED_EDGE ( 'NONE', *, *, #1437, .T. ) ;
#2554 = DIRECTION ( 'NONE',  ( -1.000000000000000000, -0.000000000000000000, -0.000000000000000000 ) ) ;
#2555 = ORIENTED_EDGE ( 'NONE', *, *, #1151, .T. ) ;
#2556 = APPROVAL_PERSON_ORGANIZATION ( #2688, #2642, #779 ) ;
#2557 = CARTESIAN_POINT ( 'NONE',  ( -7.583587757566561116, -14.32418084902444910, 3.835952125868887563 ) ) ;
#2558 = ORIENTED_EDGE ( 'NONE', *, *, #2133, .T. ) ;
#2559 = DIRECTION ( 'NONE',  ( -1.000000000000000000, 0.000000000000000000, 0.000000000000000000 ) ) ;
#2560 = ORIENTED_EDGE ( 'NONE', *, *, #2469, .T. ) ;
#2561 = EDGE_CURVE ( 'NONE', #2694, #125, #1050, .T. ) ;
#2562 = EDGE_CURVE ( 'NONE', #2691, #2724, #1177, .T. ) ;
#2563 = AXIS2_PLACEMENT_3D ( 'NONE', #2461, #1935, #2914 ) ;
#2564 = ADVANCED_FACE ( 'NONE', ( #704 ), #2585, .T. ) ;
#2565 = VERTEX_POINT ( 'NONE', #452 ) ;
#2566 = CARTESIAN_POINT ( 'NONE',  ( -7.583587757566561116, 15.37058771164646309, 14.89674390097092704 ) ) ;
#2567 = EDGE_LOOP ( 'NONE', ( #2521, #3012, #2113, #181 ) ) ;
#2568 = CYLINDRICAL_SURFACE ( 'NONE', #2335, 22.00000000000000000 ) ;
#2569 = ORIENTED_EDGE ( 'NONE', *, *, #746, .F. ) ;
#2570 = DIRECTION ( 'NONE',  ( 0.000000000000000000, -0.8090169943749402348, -0.5877852522924830181 ) ) ;
#2571 = EDGE_LOOP ( 'NONE', ( #301, #1240, #1924, #2425 ) ) ;
#2572 = DIRECTION ( 'NONE',  ( -1.000000000000000000, -0.000000000000000000, 0.000000000000000000 ) ) ;
#2573 = DIRECTION ( 'NONE',  ( 0.000000000000000000, -0.3090169943749551118, 0.9510565162951510887 ) ) ;
#2574 = CIRCLE ( 'NONE', #408, 17.49900000000000233 ) ;
#2575 = ORIENTED_EDGE ( 'NONE', *, *, #1518, .T. ) ;
#2576 = AXIS2_PLACEMENT_3D ( 'NONE', #2528, #1057, #2795 ) ;
#2577 = VECTOR ( 'NONE', #1895, 1000.000000000000000 ) ;
#2578 = ORIENTED_EDGE ( 'NONE', *, *, #1720, .T. ) ;
#2579 = CARTESIAN_POINT ( 'NONE',  ( -7.583587757566562892, 4.303450538714072238, 1.341911707413601107 ) ) ;
#2580 = EDGE_CURVE ( 'NONE', #2683, #966, #2668, .T. ) ;
#2581 = AXIS2_PLACEMENT_3D ( 'NONE', #2207, #1748, #2716 ) ;
#2582 = ORIENTED_EDGE ( 'NONE', *, *, #852, .F. ) ;
#2583 = DIRECTION ( 'NONE',  ( 0.000000000000000000, 0.000000000000000000, 1.000000000000000000 ) ) ;
#2584 = VERTEX_POINT ( 'NONE', #468 ) ;
#2585 = CYLINDRICAL_SURFACE ( 'NONE', #398, 22.00000000000000000 ) ;
#2586 = ORIENTED_EDGE ( 'NONE', *, *, #2759, .T. ) ;
#2587 = DIRECTION ( 'NONE',  ( -1.000000000000000000, -0.000000000000000000, 0.000000000000000000 ) ) ;
#2588 = CARTESIAN_POINT ( 'NONE',  ( -22.58358775756656200, 4.303450538714072238, 1.341911707413601107 ) ) ;
#2589 = AXIS2_PLACEMENT_3D ( 'NONE', #612, #3005, #1565 ) ;
#2590 = ORIENTED_EDGE ( 'NONE', *, *, #2234, .T. ) ;
#2591 = CYLINDRICAL_SURFACE ( 'NONE', #534, 22.00000000000000000 ) ;
#2592 = CIRCLE ( 'NONE', #123, 17.49900000000000233 ) ;
#2593 = CIRCLE ( 'NONE', #1888, 17.49900000000000233 ) ;
#2594 = CYLINDRICAL_SURFACE ( 'NONE', #2667, 22.00000000000000000 ) ;
#2595 = AXIS2_PLACEMENT_3D ( 'NONE', #1388, #239, #666 ) ;
#2596 = ADVANCED_FACE ( 'NONE', ( #923 ), #952, .T. ) ;
#2597 = VERTEX_POINT ( 'NONE', #1410 ) ;
#2598 = AXIS2_PLACEMENT_3D ( 'NONE', #646, #840, #2084 ) ;
#2599 = CARTESIAN_POINT ( 'NONE',  ( -12.58358775756656023, 22.93108192645258114, 3.835952125869019458 ) ) ;
#2600 = ORIENTED_EDGE ( 'NONE', *, *, #521, .T. ) ;
#2601 = DIRECTION ( 'NONE',  ( 1.000000000000000000, 0.000000000000000000, 0.000000000000000000 ) ) ;
#2602 = EDGE_CURVE ( 'NONE', #247, #1847, #901, .T. ) ;
#2603 = EDGE_CURVE ( 'NONE', #657, #695, #2773, .T. ) ;
#2604 = ORIENTED_EDGE ( 'NONE', *, *, #493, .F. ) ;
#2605 = EDGE_CURVE ( 'NONE', #2457, #3049, #1147, .T. ) ;
#2606 = CYLINDRICAL_SURFACE ( 'NONE', #556, 22.00000000000000000 ) ;
#2607 = LINE ( 'NONE', #1181, #896 ) ;
#2608 = EDGE_LOOP ( 'NONE', ( #2247, #897, #1823, #2074 ) ) ;
#2609 = CARTESIAN_POINT ( 'NONE',  ( -12.58358775756656023, 7.687731810601882820, 19.82854279582717894 ) ) ;
#2610 = DIRECTION ( 'NONE',  ( -1.000000000000000000, 0.000000000000000000, 0.000000000000000000 ) ) ;
#2611 = CARTESIAN_POINT ( 'NONE',  ( -7.583587757566561116, -8.663317559327305517, -12.26219847362970938 ) ) ;
#2612 = PERSON ( 'UNSPECIFIED', 'UNSPECIFIED', 'UNSPECIFIED', ('UNSPECIFIED'), ('UNSPECIFIED'), ('UNSPECIFIED') ) ;
#2613 = DIRECTION ( 'NONE',  ( -1.000000000000000000, 0.000000000000000000, 0.000000000000000000 ) ) ;
#2614 = CIRCLE ( 'NONE', #2663, 7.999999999999997335 ) ;
#2615 = DIRECTION ( 'NONE',  ( 0.000000000000000000, 0.8090169943749445647, 0.5877852522924770229 ) ) ;
#2616 = ORIENTED_EDGE ( 'NONE', *, *, #899, .T. ) ;
#2617 = FACE_OUTER_BOUND ( 'NONE', #2882, .T. ) ;
#2618 = DESIGN_CONTEXT ( 'detailed design', #1767, 'design' ) ;
#2619 = ORIENTED_EDGE ( 'NONE', *, *, #2793, .F. ) ;
#2620 = DIRECTION ( 'NONE',  ( 0.000000000000000000, 0.000000000000000000, 1.000000000000000000 ) ) ;
#2621 = DIRECTION ( 'NONE',  ( 0.000000000000000000, 0.000000000000000000, 1.000000000000000000 ) ) ;
#2622 = ADVANCED_FACE ( 'NONE', ( #2327 ), #1424, .T. ) ;
#2623 = CIRCLE ( 'NONE', #2921, 7.999999999999998224 ) ;
#2624 = ORIENTED_EDGE ( 'NONE', *, *, #1417, .T. ) ;
#2625 = CARTESIAN_POINT ( 'NONE',  ( -12.58358775756656023, -5.168027480740955859, -13.37223472134604663 ) ) ;
#2626 = DIRECTION ( 'NONE',  ( 0.000000000000000000, -0.9510565162951500895, -0.3090169943749581649 ) ) ;
#2627 = ADVANCED_FACE ( 'NONE', ( #2617 ), #1853, .T. ) ;
#2628 = CARTESIAN_POINT ( 'NONE',  ( -12.58358775756656023, -17.50288340242042651, 4.254608060919347956 ) ) ;
#2629 = ORIENTED_EDGE ( 'NONE', *, *, #2468, .F. ) ;
#2630 = DIRECTION ( 'NONE',  ( 1.000000000000000000, 0.000000000000000000, 0.000000000000000000 ) ) ;
#2631 = ORIENTED_EDGE ( 'NONE', *, *, #1745, .T. ) ;
#2632 = DIRECTION ( 'NONE',  ( 0.000000000000000000, 0.000000000000000000, 1.000000000000000000 ) ) ;
#2633 = CIRCLE ( 'NONE', #1268, 22.00000000000000000 ) ;
#2634 = VERTEX_POINT ( 'NONE', #439 ) ;
#2635 = CARTESIAN_POINT ( 'NONE',  ( -12.58358775756656023, 0.3034505387140718491, 1.341911707413601107 ) ) ;
#2636 = CARTESIAN_POINT ( 'NONE',  ( -7.583587757566561116, -4.627875392950405065, -15.19411882680855541 ) ) ;
#2637 = ORIENTED_EDGE ( 'NONE', *, *, #791, .T. ) ;
#2638 = DIRECTION ( 'NONE',  ( 0.000000000000000000, 0.000000000000000000, -1.000000000000000000 ) ) ;
#2639 = EDGE_CURVE ( 'NONE', #1338, #165, #1912, .T. ) ;
#2640 = CARTESIAN_POINT ( 'NONE',  ( -22.58358775756656200, 4.303450538714072238, 1.341911707413601107 ) ) ;
#2641 = DIRECTION ( 'NONE',  ( 0.000000000000000000, 0.000000000000000000, 1.000000000000000000 ) ) ;
#2642 = APPROVAL ( #528, 'UNSPECIFIED' ) ;
#2643 = CALENDAR_DATE ( 2025, 2, 10 ) ;
#2644 = VECTOR ( 'NONE', #64, 1000.000000000000000 ) ;
#2645 = ORIENTED_EDGE ( 'NONE', *, *, #1267, .F. ) ;
#2646 = CARTESIAN_POINT ( 'NONE',  ( -12.58358775756656023, 4.303450538714072238, 1.341911707413601107 ) ) ;
#2647 = VERTEX_POINT ( 'NONE', #1194 ) ;
#2648 = CARTESIAN_POINT ( 'NONE',  ( -7.583587757566561116, 8.764440123855035125, 18.26274422006687459 ) ) ;
#2649 = CIRCLE ( 'NONE', #1283, 22.00000000000000000 ) ;
#2650 = EDGE_LOOP ( 'NONE', ( #2317, #1594, #2578, #2413 ) ) ;
#2651 = CARTESIAN_POINT ( 'NONE',  ( -7.583587757566560228, 8.303450538714072238, 1.341911707413601107 ) ) ;
#2652 = DIRECTION ( 'NONE',  ( 0.000000000000000000, 0.9510565162951523099, 0.3090169943749514481 ) ) ;
#2653 = VERTEX_POINT ( 'NONE', #3065 ) ;
#2654 = CARTESIAN_POINT ( 'NONE',  ( -7.583587757566561116, -5.205216081102711279, 21.18089502595042006 ) ) ;
#2655 = DIRECTION ( 'NONE',  ( 0.000000000000000000, 0.000000000000000000, 1.000000000000000000 ) ) ;
#2656 = CARTESIAN_POINT ( 'NONE',  ( -12.58358775756656023, 22.79008162712763763, -2.042369564474276977 ) ) ;
#2657 = EDGE_CURVE ( 'NONE', #1035, #3113, #948, .T. ) ;
#2658 = EDGE_CURVE ( 'NONE', #1281, #1493, #2873, .T. ) ;
#2659 = VERTEX_POINT ( 'NONE', #482 ) ;
#2660 = CARTESIAN_POINT ( 'NONE',  ( -7.583587757566561116, 4.303450538714072238, 1.341911707413601107 ) ) ;
#2661 = EDGE_LOOP ( 'NONE', ( #606, #2149, #513, #996 ) ) ;
#2662 = DIRECTION ( 'NONE',  ( -1.000000000000000000, -0.000000000000000000, -0.000000000000000000 ) ) ;
#2663 = AXIS2_PLACEMENT_3D ( 'NONE', #2359, #1245, #2223 ) ;
#2664 = ORIENTED_EDGE ( 'NONE', *, *, #2949, .T. ) ;
#2665 = DIRECTION ( 'NONE',  ( 0.000000000000000000, 0.3090169943749483394, -0.9510565162951534202 ) ) ;
#2666 = CARTESIAN_POINT ( 'NONE',  ( -7.583587757566561116, -9.251381654843292779, 12.40904888034594755 ) ) ;
#2667 = AXIS2_PLACEMENT_3D ( 'NONE', #435, #2848, #668 ) ;
#2668 = CIRCLE ( 'NONE', #2109, 7.999999999999998224 ) ;
#2669 = ORIENTED_EDGE ( 'NONE', *, *, #2906, .F. ) ;
#2670 = DIRECTION ( 'NONE',  ( 0.000000000000000000, 0.5877852522924742473, -0.8090169943749466741 ) ) ;
#2671 = DIRECTION ( 'NONE',  ( -1.000000000000000000, 0.000000000000000000, -0.000000000000000000 ) ) ;
#2672 = DIRECTION ( 'NONE',  ( 0.000000000000000000, 0.000000000000000000, 1.000000000000000000 ) ) ;
#2673 =( NAMED_UNIT ( * ) PLANE_ANGLE_UNIT ( ) SI_UNIT ( $, .RADIAN. ) );
#2674 = ORIENTED_EDGE ( 'NONE', *, *, #1322, .F. ) ;
#2675 = AXIS2_PLACEMENT_3D ( 'NONE', #1546, #1104, #351 ) ;
#2676 = EDGE_CURVE ( 'NONE', #2647, #1957, #2721, .T. ) ;
#2677 = CARTESIAN_POINT ( 'NONE',  ( -7.583587757566561116, 20.61479548919890092, 7.678711128753466397 ) ) ;
#2678 = ORIENTED_EDGE ( 'NONE', *, *, #2759, .F. ) ;
#2679 = CARTESIAN_POINT ( 'NONE',  ( -12.58358775756656023, -10.87041180788986416, 17.27156648980971099 ) ) ;
#2680 = CARTESIAN_POINT ( 'NONE',  ( -7.583587757566561116, -2.033348882625622522, -14.96943324307128975 ) ) ;
#2681 = FACE_OUTER_BOUND ( 'NONE', #1937, .T. ) ;
#2682 = CIRCLE ( 'NONE', #209, 22.00000000000000000 ) ;
#2683 = VERTEX_POINT ( 'NONE', #1931 ) ;
#2684 = CARTESIAN_POINT ( 'NONE',  ( -7.583587757566561116, 4.303450538714072238, 1.341911707413601107 ) ) ;
#2685 = DIRECTION ( 'NONE',  ( 0.000000000000000000, 0.000000000000000000, 1.000000000000000000 ) ) ;
#2686 = DIRECTION ( 'NONE',  ( 0.000000000000000000, 0.5877852522924684742, 0.8090169943749508930 ) ) ;
#2687 = ORIENTED_EDGE ( 'NONE', *, *, #2531, .T. ) ;
#2688 = PERSON_AND_ORGANIZATION ( #2612, #134 ) ;
#2689 = CARTESIAN_POINT ( 'NONE',  ( -7.583587757566561116, 21.22428305136738658, -3.119077877727187253 ) ) ;
#2690 = DIRECTION ( 'NONE',  ( 0.000000000000000000, 0.8090169943749487835, -0.5877852522924713607 ) ) ;
#2691 = VERTEX_POINT ( 'NONE', #1491 ) ;
#2692 = CARTESIAN_POINT ( 'NONE',  ( -12.58358775756656023, -15.53553277982285152, 10.85057832723016347 ) ) ;
#2693 = AXIS2_PLACEMENT_3D ( 'NONE', #1444, #2409, #1477 ) ;
#2694 = VERTEX_POINT ( 'NONE', #2648 ) ;
#2695 = VECTOR ( 'NONE', #2456, 1000.000000000000000 ) ;
#2696 = CC_DESIGN_PERSON_AND_ORGANIZATION_ASSIGNMENT ( #1236, #256, ( #2754 ) ) ;
#2697 = CARTESIAN_POINT ( 'NONE',  ( -7.583587757566562892, 4.303450538714072238, 1.341911707413601107 ) ) ;
#2698 = DIRECTION ( 'NONE',  ( -1.000000000000000000, 0.000000000000000000, 0.000000000000000000 ) ) ;
#2699 = AXIS2_PLACEMENT_3D ( 'NONE', #1521, #2246, #1786 ) ;
#2700 = EDGE_CURVE ( 'NONE', #719, #632, #246, .T. ) ;
#2701 = EDGE_CURVE ( 'NONE', #2683, #2950, #2991, .T. ) ;
#2702 = VERTEX_POINT ( 'NONE', #1719 ) ;
#2703 = DIRECTION ( 'NONE',  ( -1.000000000000000000, -0.000000000000000000, -0.000000000000000000 ) ) ;
#2704 = FACE_OUTER_BOUND ( 'NONE', #654, .T. ) ;
#2705 = CYLINDRICAL_SURFACE ( 'NONE', #2042, 7.999999999999998224 ) ;
#2706 = AXIS2_PLACEMENT_3D ( 'NONE', #1122, #2751, #1587 ) ;
#2707 = CARTESIAN_POINT ( 'NONE',  ( -7.583587757566561116, 4.303450538714072238, 1.341911707413601107 ) ) ;
#2708 = FACE_OUTER_BOUND ( 'NONE', #1777, .T. ) ;
#2709 = ORIENTED_EDGE ( 'NONE', *, *, #821, .F. ) ;
#2710 = DIRECTION ( 'NONE',  ( -1.000000000000000000, 0.000000000000000000, -0.000000000000000000 ) ) ;
#2711 = ORIENTED_EDGE ( 'NONE', *, *, #1340, .F. ) ;
#2712 = DIRECTION ( 'NONE',  ( 1.000000000000000000, 0.000000000000000000, 0.000000000000000000 ) ) ;
#2713 = DIRECTION ( 'NONE',  ( 1.000000000000000000, 0.000000000000000000, -0.000000000000000000 ) ) ;
#2714 = AXIS2_PLACEMENT_3D ( 'NONE', #664, #1659, #429 ) ;
#2715 = ORIENTED_EDGE ( 'NONE', *, *, #1607, .T. ) ;
#2716 = DIRECTION ( 'NONE',  ( 0.000000000000000000, 0.3090169943749481174, -0.9510565162951533091 ) ) ;
#2717 = DIRECTION ( 'NONE',  ( -1.000000000000000000, -0.000000000000000000, 0.000000000000000000 ) ) ;
#2718 = CYLINDRICAL_SURFACE ( 'NONE', #2898, 7.999999999999998224 ) ;
#2719 = EDGE_CURVE ( 'NONE', #565, #1075, #1507, .T. ) ;
#2720 = EDGE_CURVE ( 'NONE', #125, #1195, #2475, .T. ) ;
#2721 = CIRCLE ( 'NONE', #1352, 17.49900000000000233 ) ;
#2722 = CYLINDRICAL_SURFACE ( 'NONE', #960, 7.999999999999998224 ) ;
#2723 = CARTESIAN_POINT ( 'NONE',  ( -22.58358775756656200, 4.303450538714072238, 1.341911707413601107 ) ) ;
#2724 = VERTEX_POINT ( 'NONE', #2692 ) ;
#2725 = CYLINDRICAL_SURFACE ( 'NONE', #323, 17.49900000000000233 ) ;
#2726 = EDGE_LOOP ( 'NONE', ( #1647, #1932, #2120, #3022 ) ) ;
#2727 = CARTESIAN_POINT ( 'NONE',  ( -10.08358775756656023, 19.47731288531812766, -14.58774307498239509 ) ) ;
#2728 = FACE_OUTER_BOUND ( 'NONE', #575, .T. ) ;
#2729 = CIRCLE ( 'NONE', #1515, 22.00000000000000000 ) ;
#2730 = ORIENTED_EDGE ( 'NONE', *, *, #207, .F. ) ;
#2731 = AXIS2_PLACEMENT_3D ( 'NONE', #2609, #1326, #2295 ) ;
#2732 = DIRECTION ( 'NONE',  ( -1.000000000000000000, 0.000000000000000000, 0.000000000000000000 ) ) ;
#2733 = FACE_OUTER_BOUND ( 'NONE', #413, .T. ) ;
#2734 = CIRCLE ( 'NONE', #1414, 17.49900000000000233 ) ;
#2735 = ADVANCED_FACE ( 'NONE', ( #1257 ), #2422, .T. ) ;
#2736 = EDGE_LOOP ( 'NONE', ( #2536, #3047, #2769, #1821, #786, #1382, #296, #2709, #1086, #2978, #1676, #1684, #1858, #1818, #1472, #1894, #548, #887, #1394, #2053, #2261, #1209, #2895, #1541, #1153, #1108, #912, #1657, #321, #1732, #2812, #1072, #3118, #1162, #1611, #271, #2405, #1686, #609, #371, #625, #2123, #2314, #732, #1849, #2296, #31, #1224, #939, #53, #1374, #1068, #1293, #2298, #2794, #2336, #1091, #1327, #1214, #1868, #2519, #1728, #2218, #3102, #1425, #2807, #1094, #1575, #141, #2195, #1591, #1031, #2992, #261, #2161, #1039, #1112, #1290, #674, #385, #672, #708 ) ) ;
#2737 = EDGE_CURVE ( 'NONE', #416, #596, #2491, .T. ) ;
#2738 = EDGE_CURVE ( 'NONE', #1176, #2597, #2382, .T. ) ;
#2739 = CARTESIAN_POINT ( 'NONE',  ( -22.58358775756656200, 4.303450538714072238, 1.341911707413601107 ) ) ;
#2740 = DIRECTION ( 'NONE',  ( -1.000000000000000000, 0.000000000000000000, 0.000000000000000000 ) ) ;
#2741 = ORIENTED_EDGE ( 'NONE', *, *, #3076, .F. ) ;
#2742 = DIRECTION ( 'NONE',  ( -1.000000000000000000, 0.000000000000000000, 0.000000000000000000 ) ) ;
#2743 = AXIS2_PLACEMENT_3D ( 'NONE', #2520, #2990, #1552 ) ;
#2744 = ORIENTED_EDGE ( 'NONE', *, *, #1054, .T. ) ;
#2745 = CARTESIAN_POINT ( 'NONE',  ( -12.58358775756656023, 4.303450538714072238, 1.341911707413601107 ) ) ;
#2746 = DIRECTION ( 'NONE',  ( -1.000000000000000000, 0.000000000000000000, 0.000000000000000000 ) ) ;
#2747 = AXIS2_PLACEMENT_3D ( 'NONE', #2635, #1427, #234 ) ;
#2748 = AXIS2_PLACEMENT_3D ( 'NONE', #2660, #2879, #1192 ) ;
#2749 = ORIENTED_EDGE ( 'NONE', *, *, #2168, .T. ) ;
#2750 = DIRECTION ( 'NONE',  ( 0.000000000000000000, 0.000000000000000000, 1.000000000000000000 ) ) ;
#2751 = DIRECTION ( 'NONE',  ( -1.000000000000000000, -0.000000000000000000, 0.000000000000000000 ) ) ;
#2752 = AXIS2_PLACEMENT_3D ( 'NONE', #1064, #2473, #1286 ) ;
#2753 = ORIENTED_EDGE ( 'NONE', *, *, #2676, .T. ) ;
#2754 = PRODUCT_DEFINITION_FORMATION_WITH_SPECIFIED_SOURCE ( 'ANY', '', #1043, .NOT_KNOWN. ) ;
#2755 = CARTESIAN_POINT ( 'NONE',  ( -7.583587757566561116, 12.43167859435292577, 18.28714104790573103 ) ) ;
#2756 = CARTESIAN_POINT ( 'NONE',  ( -12.58358775756656023, 4.303450538714072238, 42.94191170741360253 ) ) ;
#2757 = VERTEX_POINT ( 'NONE', #2233 ) ;
#2758 = CARTESIAN_POINT ( 'NONE',  ( -7.583587757566561116, 22.79008162712759145, 4.726192979301734098 ) ) ;
#2759 = EDGE_CURVE ( 'NONE', #2357, #1441, #526, .T. ) ;
#2760 = ADVANCED_FACE ( 'NONE', ( #967 ), #1685, .T. ) ;
#2761 = ORIENTED_EDGE ( 'NONE', *, *, #1623, .F. ) ;
#2762 = DIRECTION ( 'NONE',  ( 0.000000000000000000, 0.000000000000000000, -1.000000000000000000 ) ) ;
#2763 = EDGE_LOOP ( 'NONE', ( #614, #2553, #1023, #1367 ) ) ;
#2764 = CARTESIAN_POINT ( 'NONE',  ( -7.583587757566560228, 4.303450538714072238, 1.341911707413601107 ) ) ;
#2765 = EDGE_CURVE ( 'NONE', #247, #1392, #25, .T. ) ;
#2766 = ORIENTED_EDGE ( 'NONE', *, *, #1060, .F. ) ;
#2767 = FACE_OUTER_BOUND ( 'NONE', #822, .T. ) ;
#2768 = DIRECTION ( 'NONE',  ( 0.000000000000000000, -0.9510565162951499785, -0.3090169943749581649 ) ) ;
#2769 = ORIENTED_EDGE ( 'NONE', *, *, #1720, .F. ) ;
#2770 = AXIS2_PLACEMENT_3D ( 'NONE', #1053, #585, #2081 ) ;
#2771 = AXIS2_PLACEMENT_3D ( 'NONE', #1159, #464, #3061 ) ;
#2772 = DIRECTION ( 'NONE',  ( -1.000000000000000000, 0.000000000000000000, -0.000000000000000000 ) ) ;
#2773 = CIRCLE ( 'NONE', #1405, 7.999999999999998224 ) ;
#2774 = CARTESIAN_POINT ( 'NONE',  ( -7.583587757566561116, -9.300659642329010879, -11.62485639062801468 ) ) ;
#2775 = ORIENTED_EDGE ( 'NONE', *, *, #1569, .T. ) ;
#2776 = DIRECTION ( 'NONE',  ( 0.000000000000000000, -0.8090169943749403458, -0.5877852522924830181 ) ) ;
#2777 = ADVANCED_FACE ( 'NONE', ( #1949 ), #2910, .T. ) ;
#2778 = VERTEX_POINT ( 'NONE', #2679 ) ;
#2779 = DIRECTION ( 'NONE',  ( -1.000000000000000000, -0.000000000000000000, 0.000000000000000000 ) ) ;
#2780 = LINE ( 'NONE', #604, #1641 ) ;
#2781 = VERTEX_POINT ( 'NONE', #547 ) ;
#2782 = LINE ( 'NONE', #1572, #1334 ) ;
#2783 = CIRCLE ( 'NONE', #2423, 8.000000000000000000 ) ;
#2784 = VERTEX_POINT ( 'NONE', #514 ) ;
#2785 = CARTESIAN_POINT ( 'NONE',  ( -7.583587757566561116, 17.27021863675555124, 14.94602188845682100 ) ) ;
#2786 = ORIENTED_EDGE ( 'NONE', *, *, #1765, .T. ) ;
#2787 = DIRECTION ( 'NONE',  ( -1.000000000000000000, 0.000000000000000000, 0.000000000000000000 ) ) ;
#2788 = ORIENTED_EDGE ( 'NONE', *, *, #1574, .T. ) ;
#2789 = LINE ( 'NONE', #1088, #878 ) ;
#2790 = VERTEX_POINT ( 'NONE', #313 ) ;
#2791 = CARTESIAN_POINT ( 'NONE',  ( -7.583587757566561116, -11.62620424368219929, 16.51577405401737053 ) ) ;
#2792 = CIRCLE ( 'NONE', #720, 8.000000000000000000 ) ;
#2793 = EDGE_CURVE ( 'NONE', #870, #1338, #2458, .T. ) ;
#2794 = ORIENTED_EDGE ( 'NONE', *, *, #3058, .F. ) ;
#2795 = DIRECTION ( 'NONE',  ( 0.000000000000000000, 0.9510565162951546414, -0.3090169943749446202 ) ) ;
#2796 = DIRECTION ( 'NONE',  ( 1.000000000000000000, 0.000000000000000000, -0.000000000000000000 ) ) ;
#2797 = EDGE_CURVE ( 'NONE', #551, #757, #422, .T. ) ;
#2798 = EDGE_CURVE ( 'NONE', #2849, #2032, #768, .T. ) ;
#2799 = AXIS2_PLACEMENT_3D ( 'NONE', #2745, #345, #377 ) ;
#2800 = EDGE_LOOP ( 'NONE', ( #1300, #1642, #772, #1128 ) ) ;
#2801 = CIRCLE ( 'NONE', #1085, 8.000000000000000000 ) ;
#2802 = VECTOR ( 'NONE', #2502, 1000.000000000000000 ) ;
#2803 = ORIENTED_EDGE ( 'NONE', *, *, #1808, .T. ) ;
#2804 = DIRECTION ( 'NONE',  ( 1.000000000000000000, 0.000000000000000000, 0.000000000000000000 ) ) ;
#2805 = VERTEX_POINT ( 'NONE', #1032 ) ;
#2806 = DIRECTION ( 'NONE',  ( -1.000000000000000000, 0.000000000000000000, -0.000000000000000000 ) ) ;
#2807 = ORIENTED_EDGE ( 'NONE', *, *, #516, .F. ) ;
#2808 = CARTESIAN_POINT ( 'NONE',  ( -7.583587757566561116, 0.3034505387140718491, 22.90626762070137801 ) ) ;
#2809 = VERTEX_POINT ( 'NONE', #718 ) ;
#2810 = DIRECTION ( 'NONE',  ( -1.000000000000000000, -0.000000000000000000, -0.000000000000000000 ) ) ;
#2811 = CARTESIAN_POINT ( 'NONE',  ( -7.583587757566561116, -14.18318054969951270, 4.726192979301346853 ) ) ;
#2812 = ORIENTED_EDGE ( 'NONE', *, *, #2829, .F. ) ;
#2813 = EDGE_CURVE ( 'NONE', #1314, #2659, #1078, .T. ) ;
#2814 = CIRCLE ( 'NONE', #2151, 7.999999999999997335 ) ;
#2815 = AXIS2_PLACEMENT_3D ( 'NONE', #1126, #2320, #3092 ) ;
#2816 = ORIENTED_EDGE ( 'NONE', *, *, #953, .T. ) ;
#2817 = DIRECTION ( 'NONE',  ( 1.000000000000000000, 0.000000000000000000, 0.000000000000000000 ) ) ;
#2818 = ORIENTED_EDGE ( 'NONE', *, *, #3040, .F. ) ;
#2819 = DIRECTION ( 'NONE',  ( -1.000000000000000000, 0.000000000000000000, 0.000000000000000000 ) ) ;
#2820 = ORIENTED_EDGE ( 'NONE', *, *, #2274, .T. ) ;
#2821 = CARTESIAN_POINT ( 'NONE',  ( -7.583587757566561116, 4.303450538714072238, 1.341911707413601107 ) ) ;
#2822 = ORIENTED_EDGE ( 'NONE', *, *, #77, .T. ) ;
#2823 = DIRECTION ( 'NONE',  ( -1.000000000000000000, 0.000000000000000000, 0.000000000000000000 ) ) ;
#2824 = DIRECTION ( 'NONE',  ( -1.000000000000000000, -0.000000000000000000, 0.000000000000000000 ) ) ;
#2825 = EDGE_LOOP ( 'NONE', ( #2674, #811, #279, #2822 ) ) ;
#2826 = CIRCLE ( 'NONE', #1062, 7.999999999999998224 ) ;
#2827 = DIRECTION ( 'NONE',  ( 1.000000000000000000, 0.000000000000000000, 0.000000000000000000 ) ) ;
#2828 = CARTESIAN_POINT ( 'NONE',  ( -7.583587757566561116, 8.764440123855274933, -15.57892080523960310 ) ) ;
#2829 = EDGE_CURVE ( 'NONE', #2421, #866, #2331, .T. ) ;
#2830 = ADVANCED_FACE ( 'NONE', ( #1523 ), #1579, .T. ) ;
#2831 = LINE ( 'NONE', #1651, #2009 ) ;
#2832 = EDGE_CURVE ( 'NONE', #782, #2221, #1723, .T. ) ;
#2833 = EDGE_CURVE ( 'NONE', #924, #241, #2939, .T. ) ;
#2834 = AXIS2_PLACEMENT_3D ( 'NONE', #1432, #1155, #238 ) ;
#2835 = ORIENTED_EDGE ( 'NONE', *, *, #1944, .F. ) ;
#2836 = CARTESIAN_POINT ( 'NONE',  ( -7.583587757566561116, -9.251381654843131130, -9.725225465518942514 ) ) ;
#2837 = ORIENTED_EDGE ( 'NONE', *, *, #3079, .F. ) ;
#2838 = CARTESIAN_POINT ( 'NONE',  ( -7.583587757566561116, 4.303450538714072238, 1.341911707413601107 ) ) ;
#2839 = VERTEX_POINT ( 'NONE', #2029 ) ;
#2840 = DIRECTION ( 'NONE',  ( -1.000000000000000000, -0.000000000000000000, -0.000000000000000000 ) ) ;
#2841 = CARTESIAN_POINT ( 'NONE',  ( -12.58358775756656023, 0.3034505387140718491, 41.34191170741360111 ) ) ;
#2842 = AXIS2_PLACEMENT_3D ( 'NONE', #783, #1223, #1740 ) ;
#2843 = ORIENTED_EDGE ( 'NONE', *, *, #2323, .T. ) ;
#2844 = LINE ( 'NONE', #444, #1167 ) ;
#2845 = DIRECTION ( 'NONE',  ( -1.000000000000000000, 0.000000000000000000, -0.000000000000000000 ) ) ;
#2846 = AXIS2_PLACEMENT_3D ( 'NONE', #2460, #2712, #1461 ) ;
#2847 = CIRCLE ( 'NONE', #1486, 7.999999999999997335 ) ;
#2848 = DIRECTION ( 'NONE',  ( -1.000000000000000000, -0.000000000000000000, -0.000000000000000000 ) ) ;
#2849 = VERTEX_POINT ( 'NONE', #1315 ) ;
#2850 = AXIS2_PLACEMENT_3D ( 'NONE', #2981, #1074, #2036 ) ;
#2851 = FACE_OUTER_BOUND ( 'NONE', #3008, .T. ) ;
#2852 = ADVANCED_FACE ( 'NONE', ( #1066 ), #2725, .T. ) ;
#2853 = ORIENTED_EDGE ( 'NONE', *, *, #2366, .T. ) ;
#2854 = DIRECTION ( 'NONE',  ( 0.000000000000000000, 0.000000000000000000, -1.000000000000000000 ) ) ;
#2855 = ORIENTED_EDGE ( 'NONE', *, *, #2603, .F. ) ;
#2856 = CC_DESIGN_APPROVAL ( #2642, ( #1492 ) ) ;
#2857 = EDGE_CURVE ( 'NONE', #115, #1411, #2490, .T. ) ;
#2858 = DIRECTION ( 'NONE',  ( -1.000000000000000000, -0.000000000000000000, -0.000000000000000000 ) ) ;
#2859 = CARTESIAN_POINT ( 'NONE',  ( -12.58358775756656023, 4.303450538714072238, 1.341911707413601107 ) ) ;
#2860 = ORIENTED_EDGE ( 'NONE', *, *, #2215, .T. ) ;
#2861 = FACE_OUTER_BOUND ( 'NONE', #670, .T. ) ;
#2862 = CARTESIAN_POINT ( 'NONE',  ( 37.41646304243343479, 4.303450538714072238, -0.1580882925863991428 ) ) ;
#2863 = CARTESIAN_POINT ( 'NONE',  ( -10.08358775756656023, -6.157570109009175674, -18.01182299697634548 ) ) ;
#2864 = VECTOR ( 'NONE', #943, 1000.000000000000000 ) ;
#2865 = ORIENTED_EDGE ( 'NONE', *, *, #2701, .T. ) ;
#2866 = CARTESIAN_POINT ( 'NONE',  ( -12.58358775756656023, 21.77464015455006674, 0.3557401161047759608 ) ) ;
#2867 = ORIENTED_EDGE ( 'NONE', *, *, #861, .T. ) ;
#2868 = CARTESIAN_POINT ( 'NONE',  ( -7.583587757566561116, 4.303450538714072238, 1.341911707413601107 ) ) ;
#2869 = EDGE_CURVE ( 'NONE', #1116, #247, #1776, .T. ) ;
#2870 = ORIENTED_EDGE ( 'NONE', *, *, #421, .T. ) ;
#2871 = DIRECTION ( 'NONE',  ( 0.000000000000000000, 0.000000000000000000, 1.000000000000000000 ) ) ;
#2872 = CARTESIAN_POINT ( 'NONE',  ( -7.583587757566561116, 22.93108192645260957, -1.152128711041546572 ) ) ;
#2873 = CIRCLE ( 'NONE', #553, 17.49900000000000233 ) ;
#2874 = VERTEX_POINT ( 'NONE', #2957 ) ;
#2875 = CARTESIAN_POINT ( 'NONE',  ( -12.58358775756656023, -14.18318054969946829, -2.042369564474411980 ) ) ;
#2876 = CARTESIAN_POINT ( 'NONE',  ( -22.58358775756656200, 4.303450538714072238, 1.341911707413601107 ) ) ;
#2877 = COORDINATED_UNIVERSAL_TIME_OFFSET ( 7, 0, .AHEAD. ) ;
#2878 = CARTESIAN_POINT ( 'NONE',  ( -7.583587757566561116, 21.22428305136732973, 5.802901292554626167 ) ) ;
#2879 = DIRECTION ( 'NONE',  ( -1.000000000000000000, 0.000000000000000000, -0.000000000000000000 ) ) ;
#2880 = ORIENTED_EDGE ( 'NONE', *, *, #2062, .T. ) ;
#2881 = CARTESIAN_POINT ( 'NONE',  ( -7.583587757566561116, 4.303450538714072238, 1.341911707413601107 ) ) ;
#2882 = EDGE_LOOP ( 'NONE', ( #2669, #2945, #1016, #637 ) ) ;
#2883 = LINE ( 'NONE', #1951, #2644 ) ;
#2884 = CARTESIAN_POINT ( 'NONE',  ( -10.08358775756656023, 24.14243385725092850, 10.85057832723030913 ) ) ;
#2885 = VERTEX_POINT ( 'NONE', #800 ) ;
#2886 = CARTESIAN_POINT ( 'NONE',  ( -7.583587757566561116, -13.16773907712192937, 2.328083298722304573 ) ) ;
#2887 = DIRECTION ( 'NONE',  ( 0.000000000000000000, 0.000000000000000000, 1.000000000000000000 ) ) ;
#2888 = EDGE_CURVE ( 'NONE', #338, #2097, #2792, .T. ) ;
#2889 = EDGE_CURVE ( 'NONE', #1755, #1258, #1527, .T. ) ;
#2890 = VECTOR ( 'NONE', #76, 1000.000000000000000 ) ;
#2891 = CIRCLE ( 'NONE', #972, 22.00000000000000000 ) ;
#2892 = AXIS2_PLACEMENT_3D ( 'NONE', #3109, #733, #985 ) ;
#2893 = LINE ( 'NONE', #511, #159 ) ;
#2894 = DIRECTION ( 'NONE',  ( -1.000000000000000000, 0.000000000000000000, 0.000000000000000000 ) ) ;
#2895 = ORIENTED_EDGE ( 'NONE', *, *, #2531, .F. ) ;
#2896 = DIRECTION ( 'NONE',  ( 0.000000000000000000, -0.5877852522924802425, 0.8090169943749421222 ) ) ;
#2897 = AXIS2_PLACEMENT_3D ( 'NONE', #1593, #2819, #405 ) ;
#2898 = AXIS2_PLACEMENT_3D ( 'NONE', #274, #1750, #320 ) ;
#2899 = ORIENTED_EDGE ( 'NONE', *, *, #1862, .F. ) ;
#2900 = LINE ( 'NONE', #738, #2134 ) ;
#2901 = FACE_OUTER_BOUND ( 'NONE', #1909, .T. ) ;
#2902 = EDGE_LOOP ( 'NONE', ( #819, #619, #2550, #107 ) ) ;
#2903 = DIRECTION ( 'NONE',  ( 1.000000000000000000, 0.000000000000000000, 0.000000000000000000 ) ) ;
#2904 = DIRECTION ( 'NONE',  ( -1.000000000000000000, 0.000000000000000000, 0.000000000000000000 ) ) ;
#2905 = DIRECTION ( 'NONE',  ( 0.000000000000000000, 0.000000000000000000, 1.000000000000000000 ) ) ;
#2906 = EDGE_CURVE ( 'NONE', #314, #2885, #1027, .T. ) ;
#2907 = DIRECTION ( 'NONE',  ( 0.000000000000000000, 0.000000000000000000, 1.000000000000000000 ) ) ;
#2908 = LINE ( 'NONE', #2677, #1533 ) ;
#2909 = VERTEX_POINT ( 'NONE', #581 ) ;
#2910 = CYLINDRICAL_SURFACE ( 'NONE', #777, 17.49900000000000233 ) ;
#2911 = AXIS2_PLACEMENT_3D ( 'NONE', #643, #2746, #1810 ) ;
#2912 = EDGE_LOOP ( 'NONE', ( #344, #767, #1764, #844 ) ) ;
#2913 = CARTESIAN_POINT ( 'NONE',  ( -12.58358775756656023, -13.16773907712192937, 2.328083298722304573 ) ) ;
#2914 = DIRECTION ( 'NONE',  ( 0.000000000000000000, 0.000000000000000000, -1.000000000000000000 ) ) ;
#2915 = CIRCLE ( 'NONE', #1000, 7.999999999999997335 ) ;
#2916 = ORIENTED_EDGE ( 'NONE', *, *, #2469, .F. ) ;
#2917 = DIRECTION ( 'NONE',  ( 0.000000000000000000, 0.000000000000000000, 1.000000000000000000 ) ) ;
#2918 = DIRECTION ( 'NONE',  ( 0.000000000000000000, 0.000000000000000000, 1.000000000000000000 ) ) ;
#2919 = LINE ( 'NONE', #760, #1090 ) ;
#2920 = ORIENTED_EDGE ( 'NONE', *, *, #2700, .F. ) ;
#2921 = AXIS2_PLACEMENT_3D ( 'NONE', #1643, #2329, #428 ) ;
#2922 = DATE_AND_TIME ( #275, #792 ) ;
#2923 = APPROVAL ( #1188, 'UNSPECIFIED' ) ;
#2924 = FACE_OUTER_BOUND ( 'NONE', #857, .T. ) ;
#2925 = CIRCLE ( 'NONE', #1562, 17.49900000000000233 ) ;
#2926 = FACE_BOUND ( 'NONE', #968, .T. ) ;
#2927 = ORIENTED_EDGE ( 'NONE', *, *, #1267, .T. ) ;
#2928 = DIRECTION ( 'NONE',  ( -1.000000000000000000, -0.000000000000000000, 0.000000000000000000 ) ) ;
#2929 = ADVANCED_FACE ( 'NONE', ( #597 ), #1537, .T. ) ;
#2930 = EDGE_CURVE ( 'NONE', #3049, #1042, #2087, .T. ) ;
#2931 = DIRECTION ( 'NONE',  ( 0.000000000000000000, 0.000000000000000000, 1.000000000000000000 ) ) ;
#2932 = CARTESIAN_POINT ( 'NONE',  ( -12.58358775756656023, 8.303450538714072238, 1.341911707413601107 ) ) ;
#2933 = AXIS2_PLACEMENT_3D ( 'NONE', #287, #50, #1247 ) ;
#2934 = VERTEX_POINT ( 'NONE', #119 ) ;
#2935 = CARTESIAN_POINT ( 'NONE',  ( -7.583587757566560228, 4.303450538714072238, 41.34191170741360111 ) ) ;
#2936 = CARTESIAN_POINT ( 'NONE',  ( -7.583587757566561116, -9.300659642329010879, -11.62485639062801468 ) ) ;
#2937 = DIRECTION ( 'NONE',  ( -1.000000000000000000, -0.000000000000000000, 0.000000000000000000 ) ) ;
#2938 = DATE_AND_TIME ( #1203, #737 ) ;
#2939 = CIRCLE ( 'NONE', #2085, 7.999999999999998224 ) ;
#2940 = DIRECTION ( 'NONE',  ( 1.000000000000000000, 0.000000000000000000, 0.000000000000000000 ) ) ;
#2941 = FACE_OUTER_BOUND ( 'NONE', #1558, .T. ) ;
#2942 = ORIENTED_EDGE ( 'NONE', *, *, #885, .T. ) ;
#2943 = DIRECTION ( 'NONE',  ( -1.000000000000000000, 0.000000000000000000, 0.000000000000000000 ) ) ;
#2944 = CIRCLE ( 'NONE', #2799, 22.00000000000000000 ) ;
#2945 = ORIENTED_EDGE ( 'NONE', *, *, #1208, .F. ) ;
#2946 = AXIS2_PLACEMENT_3D ( 'NONE', #2439, #781, #2182 ) ;
#2947 = DIRECTION ( 'NONE',  ( -1.000000000000000000, 0.000000000000000000, 0.000000000000000000 ) ) ;
#2948 = DIRECTION ( 'NONE',  ( 0.000000000000000000, 0.000000000000000000, 1.000000000000000000 ) ) ;
#2949 = EDGE_CURVE ( 'NONE', #1198, #2474, #1369, .T. ) ;
#2950 = VERTEX_POINT ( 'NONE', #2297 ) ;
#2951 = DIRECTION ( 'NONE',  ( 0.000000000000000000, 0.000000000000000000, 1.000000000000000000 ) ) ;
#2952 = LINE ( 'NONE', #994, #2321 ) ;
#2953 = DIRECTION ( 'NONE',  ( 0.000000000000000000, 0.000000000000000000, 1.000000000000000000 ) ) ;
#2954 = DIRECTION ( 'NONE',  ( -1.000000000000000000, -0.000000000000000000, 0.000000000000000000 ) ) ;
#2955 = CARTESIAN_POINT ( 'NONE',  ( -12.58358775756656023, 19.01759696747375017, -8.129566312041374587 ) ) ;
#2956 = ORIENTED_EDGE ( 'NONE', *, *, #825, .F. ) ;
#2957 = CARTESIAN_POINT ( 'NONE',  ( -7.583587757566561116, 17.85828273227151897, -9.725225465518642309 ) ) ;
#2958 = ORIENTED_EDGE ( 'NONE', *, *, #1172, .T. ) ;
#2959 = LINE ( 'NONE', #1525, #2291 ) ;
#2960 = CARTESIAN_POINT ( 'NONE',  ( -7.583587757566561116, -12.61738197393921546, 5.802901292554500046 ) ) ;
#2961 = EDGE_CURVE ( 'NONE', #848, #2784, #1596, .T. ) ;
#2962 = CIRCLE ( 'NONE', #2211, 1.500000000000000222 ) ;
#2963 = EDGE_CURVE ( 'NONE', #539, #2101, #1452, .T. ) ;
#2964 = ORIENTED_EDGE ( 'NONE', *, *, #38, .T. ) ;
#2965 = LINE ( 'NONE', #808, #508 ) ;
#2966 = CARTESIAN_POINT ( 'NONE',  ( -7.583587757566561116, 12.43167859435317091, -15.60331763307840802 ) ) ;
#2967 = EDGE_CURVE ( 'NONE', #2078, #354, #352, .T. ) ;
#2968 = ORIENTED_EDGE ( 'NONE', *, *, #1170, .T. ) ;
#2969 = SHAPE_DEFINITION_REPRESENTATION ( #2429, #1324 ) ;
#2970 = DIRECTION ( 'NONE',  ( 0.000000000000000000, -0.5877852522924624790, -0.8090169943749550008 ) ) ;
#2971 = DIRECTION ( 'NONE',  ( -1.000000000000000000, -0.000000000000000000, -0.000000000000000000 ) ) ;
#2972 = ORIENTED_EDGE ( 'NONE', *, *, #560, .F. ) ;
#2973 = CARTESIAN_POINT ( 'NONE',  ( -7.583587757566561116, 4.303450538714072238, 1.341911707413601107 ) ) ;
#2974 = AXIS2_PLACEMENT_3D ( 'NONE', #3025, #868, #1350 ) ;
#2975 = ORIENTED_EDGE ( 'NONE', *, *, #2486, .T. ) ;
#2976 = DIRECTION ( 'NONE',  ( -1.000000000000000000, 0.000000000000000000, 0.000000000000000000 ) ) ;
#2977 = CARTESIAN_POINT ( 'NONE',  ( -12.58358775756656023, 26.10978447984854611, 4.254608060919498946 ) ) ;
#2978 = ORIENTED_EDGE ( 'NONE', *, *, #1289, .F. ) ;
#2979 = VECTOR ( 'NONE', #930, 1000.000000000000000 ) ;
#2980 = CARTESIAN_POINT ( 'NONE',  ( -7.583587757566561116, -14.32418084902444910, 11.83595212586888579 ) ) ;
#2981 = CARTESIAN_POINT ( 'NONE',  ( -7.583587757566561116, -12.23257999550792796, -7.589414224251165741 ) ) ;
#2982 = CIRCLE ( 'NONE', #415, 7.999999999999998224 ) ;
#2983 = VERTEX_POINT ( 'NONE', #1592 ) ;
#2984 = EDGE_CURVE ( 'NONE', #2202, #1742, #2831, .T. ) ;
#2985 = EDGE_CURVE ( 'NONE', #1671, #138, #3060, .T. ) ;
#2986 = EDGE_CURVE ( 'NONE', #1787, #402, #1694, .T. ) ;
#2987 = LINE ( 'NONE', #828, #2072 ) ;
#2988 = CARTESIAN_POINT ( 'NONE',  ( -10.08358775756656023, 20.23310532111023718, 16.51577405401748067 ) ) ;
#2989 = ORIENTED_EDGE ( 'NONE', *, *, #2172, .T. ) ;
#2990 = DIRECTION ( 'NONE',  ( 1.000000000000000000, 0.000000000000000000, 0.000000000000000000 ) ) ;
#2991 = CIRCLE ( 'NONE', #472, 17.49899999999999878 ) ;
#2992 = ORIENTED_EDGE ( 'NONE', *, *, #884, .F. ) ;
#2993 = DIRECTION ( 'NONE',  ( 0.000000000000000000, 0.000000000000000000, 1.000000000000000000 ) ) ;
#2994 = DIRECTION ( 'NONE',  ( -1.000000000000000000, 0.000000000000000000, -0.000000000000000000 ) ) ;
#2995 = VECTOR ( 'NONE', #2947, 1000.000000000000000 ) ;
#2996 = CIRCLE ( 'NONE', #332, 7.999999999999997335 ) ;
#2997 = ORIENTED_EDGE ( 'NONE', *, *, #2293, .F. ) ;
#2998 = CARTESIAN_POINT ( 'NONE',  ( -7.583587757566561116, 19.47731288531790028, 17.27156648980982112 ) ) ;
#2999 = CIRCLE ( 'NONE', #681, 7.999999999999998224 ) ;
#3000 = VERTEX_POINT ( 'NONE', #2566 ) ;
#3001 = VECTOR ( 'NONE', #775, 1000.000000000000000 ) ;
#3002 = DIRECTION ( 'NONE',  ( 1.000000000000000000, 0.000000000000000000, 0.000000000000000000 ) ) ;
#3003 = CYLINDRICAL_SURFACE ( 'NONE', #2244, 17.49900000000000233 ) ;
#3004 = ORIENTED_EDGE ( 'NONE', *, *, #2906, .T. ) ;
#3005 = DIRECTION ( 'NONE',  ( 1.000000000000000000, 0.000000000000000000, 0.000000000000000000 ) ) ;
#3006 = ORIENTED_EDGE ( 'NONE', *, *, #1228, .T. ) ;
#3007 = DIRECTION ( 'NONE',  ( 0.000000000000000000, 0.000000000000000000, 1.000000000000000000 ) ) ;
#3008 = EDGE_LOOP ( 'NONE', ( #2206, #522, #841, #2958 ) ) ;
#3009 = DIRECTION ( 'NONE',  ( -0.000000000000000000, 0.000000000000000000, 1.000000000000000000 ) ) ;
#3010 = ORIENTED_EDGE ( 'NONE', *, *, #328, .T. ) ;
#3011 = CARTESIAN_POINT ( 'NONE',  ( -12.58358775756656023, 21.77464015455006674, 2.328083298722428474 ) ) ;
#3012 = ORIENTED_EDGE ( 'NONE', *, *, #248, .F. ) ;
#3013 = AXIS2_PLACEMENT_3D ( 'NONE', #2394, #1197, #2347 ) ;
#3014 = CARTESIAN_POINT ( 'NONE',  ( -12.58358775756656023, 13.81211715853070920, 21.18089502595049112 ) ) ;
#3015 = ORIENTED_EDGE ( 'NONE', *, *, #1113, .T. ) ;
#3016 = DIRECTION ( 'NONE',  ( -1.000000000000000000, 0.000000000000000000, 0.000000000000000000 ) ) ;
#3017 = EDGE_CURVE ( 'NONE', #1056, #3000, #748, .T. ) ;
#3018 = ORIENTED_EDGE ( 'NONE', *, *, #2833, .T. ) ;
#3019 = EDGE_CURVE ( 'NONE', #1624, #2983, #1049, .T. ) ;
#3020 = DIRECTION ( 'NONE',  ( -1.000000000000000000, 0.000000000000000000, 0.000000000000000000 ) ) ;
#3021 = EDGE_CURVE ( 'NONE', #1790, #2724, #2915, .T. ) ;
#3022 = ORIENTED_EDGE ( 'NONE', *, *, #2857, .T. ) ;
#3023 = DIRECTION ( 'NONE',  ( 0.000000000000000000, 0.000000000000000000, 1.000000000000000000 ) ) ;
#3024 = ORIENTED_EDGE ( 'NONE', *, *, #651, .F. ) ;
#3025 = CARTESIAN_POINT ( 'NONE',  ( -7.583587757566561116, -12.64177880177808255, 9.470139763052394244 ) ) ;
#3026 = CARTESIAN_POINT ( 'NONE',  ( -7.583587757566561116, 4.303450538714072238, 1.341911707413601107 ) ) ;
#3027 = AXIS2_PLACEMENT_3D ( 'NONE', #1993, #2026, #2245 ) ;
#3028 = AXIS2_PLACEMENT_3D ( 'NONE', #32, #1677, #487 ) ;
#3029 = ORIENTED_EDGE ( 'NONE', *, *, #3114, .F. ) ;
#3030 = AXIS2_PLACEMENT_3D ( 'NONE', #1512, #237, #1231 ) ;
#3031 = EDGE_LOOP ( 'NONE', ( #1230, #136, #100, #2997 ) ) ;
#3032 = DIRECTION ( 'NONE',  ( -1.000000000000000000, 0.000000000000000000, 0.000000000000000000 ) ) ;
#3033 = VERTEX_POINT ( 'NONE', #873 ) ;
#3034 = DIRECTION ( 'NONE',  ( -1.000000000000000000, -0.000000000000000000, 0.000000000000000000 ) ) ;
#3035 = EDGE_LOOP ( 'NONE', ( #2283, #2039, #2463, #2388 ) ) ;
#3036 = DIRECTION ( 'NONE',  ( -1.000000000000000000, 0.000000000000000000, 0.000000000000000000 ) ) ;
#3037 = ORIENTED_EDGE ( 'NONE', *, *, #1158, .T. ) ;
#3038 = CARTESIAN_POINT ( 'NONE',  ( -12.58358775756656023, -14.32418084902444910, 3.835952125868887563 ) ) ;
#3039 = CARTESIAN_POINT ( 'NONE',  ( -7.583587757566561116, 13.81211715853099165, -18.49707161112315035 ) ) ;
#3040 = EDGE_CURVE ( 'NONE', #2268, #1721, #447, .T. ) ;
#3041 = VERTEX_POINT ( 'NONE', #888 ) ;
#3042 = AXIS2_PLACEMENT_3D ( 'NONE', #59, #1015, #1296 ) ;
#3043 = EDGE_LOOP ( 'NONE', ( #1065, #1855, #1532, #2687 ) ) ;
#3044 = DIRECTION ( 'NONE',  ( 0.000000000000000000, 0.000000000000000000, 1.000000000000000000 ) ) ;
#3045 = ORIENTED_EDGE ( 'NONE', *, *, #1979, .T. ) ;
#3046 = DIRECTION ( 'NONE',  ( -1.000000000000000000, -0.000000000000000000, 0.000000000000000000 ) ) ;
#3047 = ORIENTED_EDGE ( 'NONE', *, *, #2199, .F. ) ;
#3048 = DIRECTION ( 'NONE',  ( 0.000000000000000000, 0.000000000000000000, 1.000000000000000000 ) ) ;
#3049 = VERTEX_POINT ( 'NONE', #210 ) ;
#3050 = CARTESIAN_POINT ( 'NONE',  ( -7.583587757566561116, -12.61738197393914973, -3.119077877727542969 ) ) ;
#3051 = CARTESIAN_POINT ( 'NONE',  ( -7.583587757566561116, 7.216146892220200115, -20.46442223372084257 ) ) ;
#3052 = EDGE_CURVE ( 'NONE', #2292, #2107, #1618, .T. ) ;
#3053 = ADVANCED_FACE ( 'NONE', ( #1848 ), #2594, .T. ) ;
#3054 = EDGE_LOOP ( 'NONE', ( #187, #390, #1995, #2820 ) ) ;
#3055 = FACE_OUTER_BOUND ( 'NONE', #2661, .T. ) ;
#3056 = LINE ( 'NONE', #2756, #276 ) ;
#3057 = ADVANCED_FACE ( 'NONE', ( #1143 ), #1833, .T. ) ;
#3058 = EDGE_CURVE ( 'NONE', #2202, #2839, #2516, .T. ) ;
#3059 = AXIS2_PLACEMENT_3D ( 'NONE', #30, #47, #1744 ) ;
#3060 = CIRCLE ( 'NONE', #2411, 22.00000000000000000 ) ;
#3061 = DIRECTION ( 'NONE',  ( 0.000000000000000000, 0.000000000000000000, -1.000000000000000000 ) ) ;
#3062 = VERTEX_POINT ( 'NONE', #1171 ) ;
#3063 = CARTESIAN_POINT ( 'NONE',  ( -10.08358775756656023, 26.10978447984854611, -1.570784646092296288 ) ) ;
#3064 = ORIENTED_EDGE ( 'NONE', *, *, #3019, .T. ) ;
#3065 = CARTESIAN_POINT ( 'NONE',  ( -7.583587757566561116, -15.05028416567583349, 11.80293235513692807 ) ) ;
#3066 = VERTEX_POINT ( 'NONE', #1420 ) ;
#3067 = DIRECTION ( 'NONE',  ( -1.000000000000000000, 0.000000000000000000, 0.000000000000000000 ) ) ;
#3068 = CARTESIAN_POINT ( 'NONE',  ( -7.583587757566561116, 24.14243385725105995, -8.166754912402831579 ) ) ;
#3069 = CIRCLE ( 'NONE', #2220, 22.00000000000000000 ) ;
#3070 = ORIENTED_EDGE ( 'NONE', *, *, #1397, .F. ) ;
#3071 = AXIS2_PLACEMENT_3D ( 'NONE', #1841, #1586, #881 ) ;
#3072 = AXIS2_PLACEMENT_3D ( 'NONE', #2403, #747, #701 ) ;
#3073 = CARTESIAN_POINT ( 'NONE',  ( -7.583587757566561116, 4.303450538714072238, 1.341911707413601107 ) ) ;
#3074 = CARTESIAN_POINT ( 'NONE',  ( -7.583587757566561116, 0.9191692668261272070, 19.82854279582715407 ) ) ;
#3075 = VECTOR ( 'NONE', #2534, 1000.000000000000000 ) ;
#3076 = EDGE_CURVE ( 'NONE', #2181, #1742, #898, .T. ) ;
#3077 = EDGE_CURVE ( 'NONE', #1511, #176, #2104, .T. ) ;
#3078 = CARTESIAN_POINT ( 'NONE',  ( -7.583587757566561116, 4.303450538714072238, 1.341911707413601107 ) ) ;
#3079 = EDGE_CURVE ( 'NONE', #1281, #2018, #182, .T. ) ;
#3080 = ORIENTED_EDGE ( 'NONE', *, *, #3076, .T. ) ;
#3081 = DIRECTION ( 'NONE',  ( 0.000000000000000000, 0.000000000000000000, -1.000000000000000000 ) ) ;
#3082 = ORIENTED_EDGE ( 'NONE', *, *, #369, .F. ) ;
#3083 = DIRECTION ( 'NONE',  ( 0.000000000000000000, -6.938893903907228378E-15, 1.000000000000000000 ) ) ;
#3084 = ORIENTED_EDGE ( 'NONE', *, *, #77, .F. ) ;
#3085 = CARTESIAN_POINT ( 'NONE',  ( -7.583587757566561116, 22.79008162712763763, -2.042369564474276977 ) ) ;
#3086 = DIRECTION ( 'NONE',  ( -1.000000000000000000, -0.000000000000000000, -0.000000000000000000 ) ) ;
#3087 = ORIENTED_EDGE ( 'NONE', *, *, #1590, .T. ) ;
#3088 = DIRECTION ( 'NONE',  ( 0.000000000000000000, -6.988856795037709442E-15, 1.000000000000000000 ) ) ;
#3089 = LINE ( 'NONE', #2862, #1734 ) ;
#3090 = VECTOR ( 'NONE', #1005, 1000.000000000000000 ) ;
#3091 = AXIS2_PLACEMENT_3D ( 'NONE', #2723, #2103, #1860 ) ;
#3092 = DIRECTION ( 'NONE',  ( 0.000000000000000000, 0.000000000000000000, -1.000000000000000000 ) ) ;
#3093 = EDGE_CURVE ( 'NONE', #757, #2538, #647, .T. ) ;
#3094 = VERTEX_POINT ( 'NONE', #1897 ) ;
#3095 = AXIS2_PLACEMENT_3D ( 'NONE', #2811, #2513, #2573 ) ;
#3096 = DIRECTION ( 'NONE',  ( -1.000000000000000000, -0.000000000000000000, -0.000000000000000000 ) ) ;
#3097 = ORIENTED_EDGE ( 'NONE', *, *, #227, .T. ) ;
#3098 = DIRECTION ( 'NONE',  ( 0.000000000000000000, 0.000000000000000000, -1.000000000000000000 ) ) ;
#3099 = EDGE_CURVE ( 'NONE', #2018, #1370, #299, .T. ) ;
#3100 = FACE_OUTER_BOUND ( 'NONE', #893, .T. ) ;
#3101 = CARTESIAN_POINT ( 'NONE',  ( -7.583587757566561116, 14.76447118643774559, -18.01182299697611811 ) ) ;
#3102 = ORIENTED_EDGE ( 'NONE', *, *, #266, .F. ) ;
#3103 = CARTESIAN_POINT ( 'NONE',  ( -12.58358775756656023, 0.9191692668261272070, 19.82854279582715407 ) ) ;
#3104 = CARTESIAN_POINT ( 'NONE',  ( -7.583587757566561116, 8.271839464549177734, -20.29721695649773849 ) ) ;
#3105 = DIRECTION ( 'NONE',  ( -1.000000000000000000, 0.000000000000000000, 0.000000000000000000 ) ) ;
#3106 = APPROVAL_DATE_TIME ( #2938, #636 ) ;
#3107 = AXIS2_PLACEMENT_3D ( 'NONE', #2238, #1688, #81 ) ;
#3108 = CARTESIAN_POINT ( 'NONE',  ( -7.583587757566561116, 21.24867987920628920, -6.786316348225067685 ) ) ;
#3109 = CARTESIAN_POINT ( 'NONE',  ( -7.583587757566561116, -14.18318054969946829, -2.042369564474411980 ) ) ;
#3110 = ORIENTED_EDGE ( 'NONE', *, *, #538, .F. ) ;
#3111 = CARTESIAN_POINT ( 'NONE',  ( -12.58358775756656023, 17.27021863675555124, 14.94602188845682100 ) ) ;
#3112 = EDGE_CURVE ( 'NONE', #2538, #964, #1864, .T. ) ;
#3113 = VERTEX_POINT ( 'NONE', #2628 ) ;
#3114 = EDGE_CURVE ( 'NONE', #2378, #138, #2400, .T. ) ;
#3115 = CARTESIAN_POINT ( 'NONE',  ( -7.583587757566561116, 8.764440123855035125, 18.26274422006687459 ) ) ;
#3116 = CARTESIAN_POINT ( 'NONE',  ( -12.58358775756656023, 20.61479548919898619, -4.994887713926034145 ) ) ;
#3117 = VECTOR ( 'NONE', #262, 1000.000000000000000 ) ;
#3118 = ORIENTED_EDGE ( 'NONE', *, *, #2738, .F. ) ;
#3119 = CYLINDRICAL_SURFACE ( 'NONE', #463, 22.00000000000000000 ) ;
ENDSEC;
END-ISO-10303-21;
