ISO-10303-21;
HEADER;
FILE_DESCRIPTION (( 'STEP AP203' ),
    '1' );
FILE_NAME ('S.1.STEP',
    '2025-10-01T14:16:46',
    ( '' ),
    ( '' ),
    'SwSTEP 2.0',
    'SolidWorks 2025',
    '' );
FILE_SCHEMA (( 'CONFIG_CONTROL_DESIGN' ));
ENDSEC;

DATA;
#1 = LINE ( 'NONE', #1202, #167 ) ;
#2 = EDGE_LOOP ( 'NONE', ( #1311, #1287, #1496, #1711 ) ) ;
#3 = CIRCLE ( 'NONE', #1085, 1.250000000000001110 ) ;
#4 = EDGE_CURVE ( 'NONE', #419, #1439, #630, .T. ) ;
#5 = CIRCLE ( 'NONE', #97, 1.249999999999997558 ) ;
#6 = DIRECTION ( 'NONE',  ( 0.000000000000000000, -0.000000000000000000, 1.000000000000000000 ) ) ;
#7 = CIRCLE ( 'NONE', #1609, 10.00000000000000178 ) ;
#8 = CARTESIAN_POINT ( 'NONE',  ( 0.000000000000000000, -16.00000000000000355, 0.000000000000000000 ) ) ;
#9 = VERTEX_POINT ( 'NONE', #944 ) ;
#10 = CARTESIAN_POINT ( 'NONE',  ( -24.13018215910741304, -0.9316521351822766306, -55.02069142940469959 ) ) ;
#11 = CARTESIAN_POINT ( 'NONE',  ( 30.00000000000000000, 5.000000000000000000, -30.02069142940470314 ) ) ;
#12 = ORIENTED_EDGE ( 'NONE', *, *, #1736, .T. ) ;
#13 = CARTESIAN_POINT ( 'NONE',  ( 0.000000000000000000, 5.000000000000000000, -52.02069142940469959 ) ) ;
#14 = EDGE_CURVE ( 'NONE', #1192, #610, #458, .T. ) ;
#15 = ORIENTED_EDGE ( 'NONE', *, *, #1196, .T. ) ;
#16 = EDGE_CURVE ( 'NONE', #1903, #786, #316, .T. ) ;
#17 = CARTESIAN_POINT ( 'NONE',  ( 0.000000000000000000, 0.000000000000000000, 0.000000000000000000 ) ) ;
#18 = DIRECTION ( 'NONE',  ( -0.000000000000000000, -1.000000000000000000, -0.000000000000000000 ) ) ;
#19 = ORIENTED_EDGE ( 'NONE', *, *, #657, .F. ) ;
#20 = CYLINDRICAL_SURFACE ( 'NONE', #1030, 2.999999999999999112 ) ;
#21 = EDGE_LOOP ( 'NONE', ( #1360, #156, #766, #1010 ) ) ;
#22 = ORIENTED_EDGE ( 'NONE', *, *, #235, .T. ) ;
#23 = ADVANCED_FACE ( 'NONE', ( #803 ), #640, .T. ) ;
#24 = CARTESIAN_POINT ( 'NONE',  ( -11.00000000000000000, 5.000000000000000888, -40.02069142940470670 ) ) ;
#25 = DIRECTION ( 'NONE',  ( 0.000000000000000000, 0.000000000000000000, -1.000000000000000000 ) ) ;
#26 = EDGE_CURVE ( 'NONE', #1349, #888, #1218, .T. ) ;
#27 = AXIS2_PLACEMENT_3D ( 'NONE', #756, #430, #878 ) ;
#28 = EDGE_LOOP ( 'NONE', ( #181, #79, #190, #1721 ) ) ;
#29 = CARTESIAN_POINT ( 'NONE',  ( 49.99999999999999289, 0.000000000000000000, -60.00000000000000000 ) ) ;
#30 = ORIENTED_EDGE ( 'NONE', *, *, #1889, .T. ) ;
#31 = DIRECTION ( 'NONE',  ( -0.000000000000000000, -0.000000000000000000, -1.000000000000000000 ) ) ;
#32 = ORIENTED_EDGE ( 'NONE', *, *, #1249, .T. ) ;
#33 = AXIS2_PLACEMENT_3D ( 'NONE', #1651, #64, #1074 ) ;
#34 = ORIENTED_EDGE ( 'NONE', *, *, #552, .T. ) ;
#35 = CARTESIAN_POINT ( 'NONE',  ( -10.00000000000000000, 0.000000000000000000, -30.02069142940468893 ) ) ;
#36 = LINE ( 'NONE', #1650, #1206 ) ;
#37 = VECTOR ( 'NONE', #983, 1000.000000000000000 ) ;
#38 = EDGE_CURVE ( 'NONE', #835, #935, #1459, .T. ) ;
#39 = DIRECTION ( 'NONE',  ( 1.000000000000000000, 0.000000000000000000, 1.982541115402065110E-16 ) ) ;
#40 = CIRCLE ( 'NONE', #407, 2.500000000000002220 ) ;
#41 = DIRECTION ( 'NONE',  ( 0.000000000000000000, 0.000000000000000000, -1.000000000000000000 ) ) ;
#42 = ORIENTED_EDGE ( 'NONE', *, *, #747, .T. ) ;
#43 = LINE ( 'NONE', #776, #830 ) ;
#44 = ORIENTED_EDGE ( 'NONE', *, *, #1574, .F. ) ;
#45 = DIRECTION ( 'NONE',  ( 0.000000000000000000, 1.000000000000000000, 0.000000000000000000 ) ) ;
#46 = DIRECTION ( 'NONE',  ( 0.000000000000000000, 0.000000000000000000, 1.000000000000000000 ) ) ;
#47 = ORIENTED_EDGE ( 'NONE', *, *, #353, .F. ) ;
#48 = DIRECTION ( 'NONE',  ( 0.000000000000000000, -1.000000000000000000, 0.000000000000000000 ) ) ;
#49 = VERTEX_POINT ( 'NONE', #1238 ) ;
#50 = EDGE_CURVE ( 'NONE', #854, #1884, #987, .T. ) ;
#51 = LINE ( 'NONE', #654, #1544 ) ;
#52 = ORIENTED_EDGE ( 'NONE', *, *, #1647, .F. ) ;
#53 = LINE ( 'NONE', #603, #1053 ) ;
#54 = AXIS2_PLACEMENT_3D ( 'NONE', #790, #371, #1387 ) ;
#55 = CARTESIAN_POINT ( 'NONE',  ( 0.000000000000000000, 8.000000000000000000, -37.02069142940469959 ) ) ;
#56 = LINE ( 'NONE', #1086, #933 ) ;
#57 = AXIS2_PLACEMENT_3D ( 'NONE', #1156, #985, #1720 ) ;
#58 = ORIENTED_EDGE ( 'NONE', *, *, #1585, .T. ) ;
#59 = DIRECTION ( 'NONE',  ( -0.000000000000000000, -1.000000000000000000, -0.000000000000000000 ) ) ;
#60 = EDGE_CURVE ( 'NONE', #1900, #699, #762, .T. ) ;
#61 = ORIENTED_EDGE ( 'NONE', *, *, #14, .T. ) ;
#62 = PERSON_AND_ORGANIZATION ( #1714, #573 ) ;
#63 = DIRECTION ( 'NONE',  ( -0.000000000000000000, 1.000000000000000000, -0.000000000000000000 ) ) ;
#64 = DIRECTION ( 'NONE',  ( -0.000000000000000000, -0.000000000000000000, 1.000000000000000000 ) ) ;
#65 = AXIS2_PLACEMENT_3D ( 'NONE', #859, #1698, #257 ) ;
#66 = CARTESIAN_POINT ( 'NONE',  ( 19.99999999999999645, 3.000000000000000000, -30.02069142940470314 ) ) ;
#67 = ORIENTED_EDGE ( 'NONE', *, *, #146, .F. ) ;
#68 = AXIS2_PLACEMENT_3D ( 'NONE', #66, #937, #1102 ) ;
#69 = DIRECTION ( 'NONE',  ( 0.000000000000000000, -0.000000000000000000, 1.000000000000000000 ) ) ;
#70 = CARTESIAN_POINT ( 'NONE',  ( -25.48021415178936167, -16.00000000000000355, -51.02349987313248647 ) ) ;
#71 = ORIENTED_EDGE ( 'NONE', *, *, #909, .F. ) ;
#72 = EDGE_CURVE ( 'NONE', #786, #1447, #397, .T. ) ;
#73 = CARTESIAN_POINT ( 'NONE',  ( 60.00000000000000000, 0.000000000000000000, 0.000000000000000000 ) ) ;
#74 = ADVANCED_FACE ( 'NONE', ( #617 ), #496, .F. ) ;
#75 = CARTESIAN_POINT ( 'NONE',  ( -11.00000000000000000, 0.000000000000000000, -20.02069142940469959 ) ) ;
#76 = AXIS2_PLACEMENT_3D ( 'NONE', #1485, #729, #1350 ) ;
#77 = DIRECTION ( 'NONE',  ( 0.000000000000000000, 0.000000000000000000, 1.000000000000000000 ) ) ;
#78 = DIRECTION ( 'NONE',  ( -0.000000000000000000, -1.000000000000000000, -0.000000000000000000 ) ) ;
#79 = ORIENTED_EDGE ( 'NONE', *, *, #1342, .F. ) ;
#80 = DIRECTION ( 'NONE',  ( 1.000000000000000000, 0.000000000000000000, -0.000000000000000000 ) ) ;
#81 = FACE_OUTER_BOUND ( 'NONE', #1315, .T. ) ;
#82 = VERTEX_POINT ( 'NONE', #1199 ) ;
#83 = CARTESIAN_POINT ( 'NONE',  ( 0.000000000000000000, 8.000000000000000000, -37.02069142940469959 ) ) ;
#84 = AXIS2_PLACEMENT_3D ( 'NONE', #942, #962, #1537 ) ;
#85 = DIRECTION ( 'NONE',  ( -1.000000000000000000, -0.000000000000000000, -0.000000000000000000 ) ) ;
#86 = ADVANCED_FACE ( 'NONE', ( #456 ), #979, .F. ) ;
#87 = CARTESIAN_POINT ( 'NONE',  ( 71.00000000000000000, 5.000000000000000000, -40.02069142940470670 ) ) ;
#88 = EDGE_LOOP ( 'NONE', ( #589, #890 ) ) ;
#89 = CYLINDRICAL_SURFACE ( 'NONE', #1629, 1.250000000000001110 ) ;
#90 = CYLINDRICAL_SURFACE ( 'NONE', #1272, 2.499999999999995115 ) ;
#91 = FACE_BOUND ( 'NONE', #426, .T. ) ;
#92 = PLANE ( 'NONE',  #161 ) ;
#93 = COORDINATED_UNIVERSAL_TIME_OFFSET ( 7, 0, .AHEAD. ) ;
#94 = CARTESIAN_POINT ( 'NONE',  ( 30.00000000000000000, 3.000000000000000000, -20.02069142940470314 ) ) ;
#95 = EDGE_CURVE ( 'NONE', #1672, #1467, #3, .T. ) ;
#96 = ORIENTED_EDGE ( 'NONE', *, *, #722, .F. ) ;
#97 = AXIS2_PLACEMENT_3D ( 'NONE', #1584, #675, #1859 ) ;
#98 = DIRECTION ( 'NONE',  ( 0.000000000000000000, 0.000000000000000000, -1.000000000000000000 ) ) ;
#99 = EDGE_CURVE ( 'NONE', #1072, #468, #812, .T. ) ;
#100 = CIRCLE ( 'NONE', #429, 5.000000000000000888 ) ;
#101 = ORIENTED_EDGE ( 'NONE', *, *, #367, .T. ) ;
#102 = VECTOR ( 'NONE', #78, 1000.000000000000000 ) ;
#103 = DIRECTION ( 'NONE',  ( 0.000000000000000000, 0.000000000000000000, 1.000000000000000000 ) ) ;
#104 = CARTESIAN_POINT ( 'NONE',  ( 30.00000000000000000, 5.000000000000000000, -40.02069142940470670 ) ) ;
#105 = DATE_AND_TIME ( #1275, #541 ) ;
#106 = DIRECTION ( 'NONE',  ( -0.000000000000000000, -1.000000000000000000, -0.000000000000000000 ) ) ;
#107 = ORIENTED_EDGE ( 'NONE', *, *, #162, .F. ) ;
#108 = FACE_OUTER_BOUND ( 'NONE', #1505, .T. ) ;
#109 = ORIENTED_EDGE ( 'NONE', *, *, #38, .F. ) ;
#110 = CC_DESIGN_PERSON_AND_ORGANIZATION_ASSIGNMENT ( #62, #1184, ( #1039 ) ) ;
#111 = FACE_BOUND ( 'NONE', #130, .T. ) ;
#112 = ORIENTED_EDGE ( 'NONE', *, *, #1282, .F. ) ;
#113 = EDGE_CURVE ( 'NONE', #571, #847, #253, .T. ) ;
#114 = VECTOR ( 'NONE', #389, 1000.000000000000000 ) ;
#115 = CC_DESIGN_SECURITY_CLASSIFICATION ( #1039, ( #1719 ) ) ;
#116 = APPROVAL_DATE_TIME ( #1734, #591 ) ;
#117 = DIRECTION ( 'NONE',  ( -0.000000000000000000, -1.000000000000000000, -0.000000000000000000 ) ) ;
#118 = ORIENTED_EDGE ( 'NONE', *, *, #1898, .F. ) ;
#119 = CARTESIAN_POINT ( 'NONE',  ( 30.00000000000000000, 5.000000000000000000, -27.52069142940469959 ) ) ;
#120 = ORIENTED_EDGE ( 'NONE', *, *, #14, .F. ) ;
#121 = LINE ( 'NONE', #856, #1393 ) ;
#122 = AXIS2_PLACEMENT_3D ( 'NONE', #1758, #1330, #461 ) ;
#123 = ADVANCED_FACE ( 'NONE', ( #544 ), #246, .F. ) ;
#124 = CARTESIAN_POINT ( 'NONE',  ( 0.000000000000000000, 0.000000000000000000, 0.000000000000000000 ) ) ;
#125 = LINE ( 'NONE', #751, #625 ) ;
#126 = ORIENTED_EDGE ( 'NONE', *, *, #1183, .F. ) ;
#127 = CYLINDRICAL_SURFACE ( 'NONE', #1179, 3.000000000000000000 ) ;
#128 = EDGE_LOOP ( 'NONE', ( #107, #612, #1886, #188 ) ) ;
#129 = CARTESIAN_POINT ( 'NONE',  ( 0.000000000000000000, 0.000000000000000000, -20.02069142940469959 ) ) ;
#130 = EDGE_LOOP ( 'NONE', ( #1385, #266 ) ) ;
#131 = VECTOR ( 'NONE', #557, 1000.000000000000000 ) ;
#132 = VECTOR ( 'NONE', #1133, 1000.000000000000000 ) ;
#133 = AXIS2_PLACEMENT_3D ( 'NONE', #1807, #1240, #476 ) ;
#134 = ADVANCED_FACE ( 'NONE', ( #398 ), #92, .F. ) ;
#135 = DIRECTION ( 'NONE',  ( 0.000000000000000000, 0.000000000000000000, -1.000000000000000000 ) ) ;
#136 = CARTESIAN_POINT ( 'NONE',  ( 0.000000000000000000, 0.000000000000000000, -40.02069142940470670 ) ) ;
#137 = LINE ( 'NONE', #1186, #228 ) ;
#138 = ORIENTED_EDGE ( 'NONE', *, *, #1788, .F. ) ;
#139 = DIRECTION ( 'NONE',  ( -1.000000000000000000, 0.000000000000000000, 0.000000000000000000 ) ) ;
#140 = CARTESIAN_POINT ( 'NONE',  ( 30.00000000000000000, 0.000000000000000000, -42.52069142940470670 ) ) ;
#141 = ORIENTED_EDGE ( 'NONE', *, *, #95, .F. ) ;
#142 = DIRECTION ( 'NONE',  ( 0.000000000000000000, -1.000000000000000000, 0.000000000000000000 ) ) ;
#143 = AXIS2_PLACEMENT_3D ( 'NONE', #1378, #1637, #46 ) ;
#144 = CARTESIAN_POINT ( 'NONE',  ( -21.63018215910740949, -0.9316521351822765196, 0.000000000000000000 ) ) ;
#145 = CARTESIAN_POINT ( 'NONE',  ( -10.00000000000000000, 5.000000000000000000, -32.52069142940469249 ) ) ;
#146 = EDGE_CURVE ( 'NONE', #1528, #716, #513, .T. ) ;
#147 = VERTEX_POINT ( 'NONE', #1415 ) ;
#148 = PLANE ( 'NONE',  #286 ) ;
#149 = DIRECTION ( 'NONE',  ( -0.000000000000000000, 0.000000000000000000, 1.000000000000000000 ) ) ;
#150 = CIRCLE ( 'NONE', #211, 2.500000000000002220 ) ;
#151 = VERTEX_POINT ( 'NONE', #615 ) ;
#152 = DIRECTION ( 'NONE',  ( -0.000000000000000000, 1.000000000000000000, 0.000000000000000000 ) ) ;
#153 = AXIS2_PLACEMENT_3D ( 'NONE', #488, #1098, #1542 ) ;
#154 = PLANE ( 'NONE',  #1661 ) ;
#155 = LINE ( 'NONE', #1762, #683 ) ;
#156 = ORIENTED_EDGE ( 'NONE', *, *, #504, .T. ) ;
#157 = DIRECTION ( 'NONE',  ( -1.000000000000000000, 0.000000000000000000, 0.000000000000000000 ) ) ;
#158 = EDGE_CURVE ( 'NONE', #786, #1900, #334, .T. ) ;
#159 = CARTESIAN_POINT ( 'NONE',  ( 71.00000000000000000, 5.000000000000000000, -20.02069142940470314 ) ) ;
#160 = ORIENTED_EDGE ( 'NONE', *, *, #1291, .F. ) ;
#161 = AXIS2_PLACEMENT_3D ( 'NONE', #819, #991, #1849 ) ;
#162 = EDGE_CURVE ( 'NONE', #9, #935, #53, .T. ) ;
#163 = CARTESIAN_POINT ( 'NONE',  ( 69.99999999999998579, 5.000000000000000000, -27.52069142940469604 ) ) ;
#164 = EDGE_LOOP ( 'NONE', ( #1297, #477, #569, #490 ) ) ;
#165 = VECTOR ( 'NONE', #402, 1000.000000000000000 ) ;
#166 = LINE ( 'NONE', #1497, #1776 ) ;
#167 = VECTOR ( 'NONE', #744, 1000.000000000000000 ) ;
#168 = DATE_TIME_ROLE ( 'classification_date' ) ;
#169 = FACE_OUTER_BOUND ( 'NONE', #308, .T. ) ;
#170 = ORIENTED_EDGE ( 'NONE', *, *, #440, .T. ) ;
#171 = EDGE_LOOP ( 'NONE', ( #1891, #1803, #179, #396, #160, #506, #1490, #1773 ) ) ;
#172 = CARTESIAN_POINT ( 'NONE',  ( -10.00000000000000000, 5.000000000000000000, -30.02069142940468893 ) ) ;
#173 = EDGE_LOOP ( 'NONE', ( #498, #1906, #1743, #1029 ) ) ;
#174 = CC_DESIGN_PERSON_AND_ORGANIZATION_ASSIGNMENT ( #256, #533, ( #436 ) ) ;
#175 = CARTESIAN_POINT ( 'NONE',  ( -3.000000000000000000, -13.00000000000000533, -55.02069142940469959 ) ) ;
#176 = EDGE_CURVE ( 'NONE', #1855, #1319, #711, .T. ) ;
#177 = DIRECTION ( 'NONE',  ( 0.000000000000000000, 0.000000000000000000, -1.000000000000000000 ) ) ;
#178 = DIRECTION ( 'NONE',  ( 0.000000000000000000, -0.000000000000000000, 1.000000000000000000 ) ) ;
#179 = ORIENTED_EDGE ( 'NONE', *, *, #1483, .T. ) ;
#180 = FACE_BOUND ( 'NONE', #1213, .T. ) ;
#181 = ORIENTED_EDGE ( 'NONE', *, *, #1725, .F. ) ;
#182 =( GEOMETRIC_REPRESENTATION_CONTEXT ( 3 ) GLOBAL_UNCERTAINTY_ASSIGNED_CONTEXT ( ( #1498 ) ) GLOBAL_UNIT_ASSIGNED_CONTEXT ( ( #713, #1590, #992 ) ) REPRESENTATION_CONTEXT ( 'NONE', 'WORKASPACE' ) );
#183 = ORIENTED_EDGE ( 'NONE', *, *, #196, .T. ) ;
#184 = EDGE_CURVE ( 'NONE', #151, #234, #956, .T. ) ;
#185 = DIRECTION ( 'NONE',  ( -1.000000000000000000, 0.000000000000000000, 0.000000000000000000 ) ) ;
#186 = DIRECTION ( 'NONE',  ( 0.000000000000000000, 1.000000000000000000, 0.000000000000000000 ) ) ;
#187 = LINE ( 'NONE', #216, #102 ) ;
#188 = ORIENTED_EDGE ( 'NONE', *, *, #1837, .F. ) ;
#189 = FACE_OUTER_BOUND ( 'NONE', #1084, .T. ) ;
#190 = ORIENTED_EDGE ( 'NONE', *, *, #184, .F. ) ;
#191 = CARTESIAN_POINT ( 'NONE',  ( 30.00000000000000000, 0.000000000000000000, -30.02069142940470314 ) ) ;
#192 = CYLINDRICAL_SURFACE ( 'NONE', #1620, 2.500000000000002220 ) ;
#193 = AXIS2_PLACEMENT_3D ( 'NONE', #8, #901, #1639 ) ;
#194 = AXIS2_PLACEMENT_3D ( 'NONE', #691, #1710, #1685 ) ;
#195 = ORIENTED_EDGE ( 'NONE', *, *, #1234, .T. ) ;
#196 = EDGE_CURVE ( 'NONE', #1895, #775, #36, .T. ) ;
#197 = AXIS2_PLACEMENT_3D ( 'NONE', #1047, #31, #420 ) ;
#198 = CYLINDRICAL_SURFACE ( 'NONE', #1763, 10.00000000000000178 ) ;
#199 = VERTEX_POINT ( 'NONE', #1236 ) ;
#200 = CARTESIAN_POINT ( 'NONE',  ( 19.99999999999999645, 5.000000000000000000, -30.02069142940470314 ) ) ;
#201 = VERTEX_POINT ( 'NONE', #1660 ) ;
#202 = SECURITY_CLASSIFICATION_LEVEL ( 'unclassified' ) ;
#203 = PRODUCT_DEFINITION_SHAPE ( 'NONE', 'NONE',  #1905 ) ;
#204 = DIRECTION ( 'NONE',  ( 0.000000000000000000, -1.000000000000000000, 0.000000000000000000 ) ) ;
#205 = CARTESIAN_POINT ( 'NONE',  ( 60.00000000000000000, 3.000000000000000000, -40.02069142940470670 ) ) ;
#206 = DIRECTION ( 'NONE',  ( 0.000000000000000000, -1.000000000000000000, 0.000000000000000000 ) ) ;
#207 = ADVANCED_FACE ( 'NONE', ( #1508 ), #1793, .T. ) ;
#208 = VERTEX_POINT ( 'NONE', #465 ) ;
#209 = CARTESIAN_POINT ( 'NONE',  ( -22.88018215910740949, -0.9316521351822766306, 0.000000000000000000 ) ) ;
#210 = ORIENTED_EDGE ( 'NONE', *, *, #1837, .T. ) ;
#211 = AXIS2_PLACEMENT_3D ( 'NONE', #685, #1293, #135 ) ;
#212 = CALENDAR_DATE ( 2025, 1, 10 ) ;
#213 = DIRECTION ( 'NONE',  ( 0.000000000000000000, 0.000000000000000000, -1.000000000000000000 ) ) ;
#214 = CARTESIAN_POINT ( 'NONE',  ( 60.00000000000000000, 0.000000000000000000, -40.02069142940470670 ) ) ;
#215 = DIRECTION ( 'NONE',  ( 0.000000000000000000, 0.000000000000000000, -1.000000000000000000 ) ) ;
#216 = CARTESIAN_POINT ( 'NONE',  ( 0.000000000000000000, 3.000000000000000000, -40.02069142940470670 ) ) ;
#217 = VECTOR ( 'NONE', #549, 1000.000000000000000 ) ;
#218 = ORIENTED_EDGE ( 'NONE', *, *, #442, .T. ) ;
#219 = EDGE_CURVE ( 'NONE', #1038, #1741, #621, .T. ) ;
#220 = PLANE ( 'NONE',  #153 ) ;
#221 = CYLINDRICAL_SURFACE ( 'NONE', #1761, 10.00000000000000000 ) ;
#222 = ORIENTED_EDGE ( 'NONE', *, *, #356, .F. ) ;
#223 = EDGE_CURVE ( 'NONE', #361, #1768, #1366, .T. ) ;
#224 = VECTOR ( 'NONE', #39, 1000.000000000000000 ) ;
#225 = CARTESIAN_POINT ( 'NONE',  ( 0.000000000000000000, 5.000000000000000000, -60.00000000000000000 ) ) ;
#226 = CARTESIAN_POINT ( 'NONE',  ( 19.99999999999999645, 3.000000000000000000, -30.02069142940470314 ) ) ;
#227 = VECTOR ( 'NONE', #1312, 1000.000000000000000 ) ;
#228 = VECTOR ( 'NONE', #1355, 1000.000000000000000 ) ;
#229 = CARTESIAN_POINT ( 'NONE',  ( 40.00000000000000000, 5.000000000000000000, -30.02069142940470314 ) ) ;
#230 = EDGE_LOOP ( 'NONE', ( #561, #319, #1281, #1410 ) ) ;
#231 = VECTOR ( 'NONE', #1755, 1000.000000000000000 ) ;
#232 = CARTESIAN_POINT ( 'NONE',  ( 30.00000000000000000, 5.000000000000000000, -40.02069142940470670 ) ) ;
#233 = CARTESIAN_POINT ( 'NONE',  ( 71.00000000000000000, 0.000000000000000000, -25.02069142940470314 ) ) ;
#234 = VERTEX_POINT ( 'NONE', #1679 ) ;
#235 = EDGE_CURVE ( 'NONE', #9, #586, #1351, .T. ) ;
#236 = DIRECTION ( 'NONE',  ( 0.000000000000000000, 0.000000000000000000, -1.000000000000000000 ) ) ;
#237 = DIRECTION ( 'NONE',  ( -1.000000000000000000, 0.000000000000000000, 0.000000000000000000 ) ) ;
#238 = CARTESIAN_POINT ( 'NONE',  ( -22.88018215910740949, -0.9316521351822766306, -55.02069142940469959 ) ) ;
#239 = EDGE_LOOP ( 'NONE', ( #425, #646, #882, #597 ) ) ;
#240 = DIRECTION ( 'NONE',  ( -1.000000000000000000, 0.000000000000000000, 0.000000000000000000 ) ) ;
#241 = CARTESIAN_POINT ( 'NONE',  ( 10.00000000000000000, 0.000000000000000000, -49.99999999999999289 ) ) ;
#242 = CARTESIAN_POINT ( 'NONE',  ( 0.000000000000000000, 5.000000000000000000, 0.000000000000000000 ) ) ;
#243 = ADVANCED_FACE ( 'NONE', ( #1515 ), #192, .F. ) ;
#244 = VECTOR ( 'NONE', #1805, 1000.000000000000000 ) ;
#245 = DIRECTION ( 'NONE',  ( 0.000000000000000000, -1.000000000000000000, 0.000000000000000000 ) ) ;
#246 = PLANE ( 'NONE',  #1825 ) ;
#247 = DIRECTION ( 'NONE',  ( 0.000000000000000000, 0.000000000000000000, 1.000000000000000000 ) ) ;
#248 = ORIENTED_EDGE ( 'NONE', *, *, #873, .F. ) ;
#249 = CARTESIAN_POINT ( 'NONE',  ( 69.99999999999998579, 5.000000000000000000, -30.02069142940470314 ) ) ;
#250 = AXIS2_PLACEMENT_3D ( 'NONE', #13, #767, #1478 ) ;
#251 = PLANE ( 'NONE',  #1049 ) ;
#252 = DIRECTION ( 'NONE',  ( -1.000000000000000000, -0.000000000000000000, -0.000000000000000000 ) ) ;
#253 = CIRCLE ( 'NONE', #489, 2.500000000000002220 ) ;
#254 = CC_DESIGN_DATE_AND_TIME_ASSIGNMENT ( #295, #168, ( #1039 ) ) ;
#255 = DIRECTION ( 'NONE',  ( 1.000000000000000000, 0.000000000000000000, -0.000000000000000000 ) ) ;
#256 = PERSON_AND_ORGANIZATION ( #1714, #573 ) ;
#257 = DIRECTION ( 'NONE',  ( 0.000000000000000000, 0.000000000000000000, -1.000000000000000000 ) ) ;
#258 = EDGE_CURVE ( 'NONE', #1157, #1596, #1534, .T. ) ;
#259 = EDGE_LOOP ( 'NONE', ( #955, #1007, #530, #452 ) ) ;
#260 = AXIS2_PLACEMENT_3D ( 'NONE', #993, #525, #1558 ) ;
#261 = CYLINDRICAL_SURFACE ( 'NONE', #365, 2.500000000000002220 ) ;
#262 = DIRECTION ( 'NONE',  ( -0.000000000000000000, 1.000000000000000000, -0.000000000000000000 ) ) ;
#263 = DIRECTION ( 'NONE',  ( 0.000000000000000000, 0.000000000000000000, -1.000000000000000000 ) ) ;
#264 = VERTEX_POINT ( 'NONE', #789 ) ;
#265 = CARTESIAN_POINT ( 'NONE',  ( 60.00000000000000000, 3.000000000000000000, 0.000000000000000000 ) ) ;
#266 = ORIENTED_EDGE ( 'NONE', *, *, #1908, .T. ) ;
#267 = EDGE_CURVE ( 'NONE', #49, #778, #1444, .T. ) ;
#268 = CARTESIAN_POINT ( 'NONE',  ( 0.000000000000000000, 5.000000000000000000, -49.99999999999999289 ) ) ;
#269 = ORIENTED_EDGE ( 'NONE', *, *, #176, .F. ) ;
#270 = APPLICATION_PROTOCOL_DEFINITION ( 'international standard', 'config_control_design', 1994, #439 ) ;
#271 = DIRECTION ( 'NONE',  ( -0.000000000000000000, 0.000000000000000000, 1.000000000000000000 ) ) ;
#272 = VERTEX_POINT ( 'NONE', #1487 ) ;
#273 = DIRECTION ( 'NONE',  ( -0.000000000000000000, -0.000000000000000000, 1.000000000000000000 ) ) ;
#274 = ORIENTED_EDGE ( 'NONE', *, *, #267, .T. ) ;
#275 = LINE ( 'NONE', #268, #613 ) ;
#276 = VERTEX_POINT ( 'NONE', #1386 ) ;
#277 = APPROVAL ( #1638, 'UNSPECIFIED' ) ;
#278 = CIRCLE ( 'NONE', #1079, 1.249999999999997558 ) ;
#279 = EDGE_CURVE ( 'NONE', #208, #1596, #166, .T. ) ;
#280 = AXIS2_PLACEMENT_3D ( 'NONE', #354, #1824, #1669 ) ;
#281 = CARTESIAN_POINT ( 'NONE',  ( 95.00000000000000000, 3.000000000000000000, 0.000000000000000000 ) ) ;
#282 = ORIENTED_EDGE ( 'NONE', *, *, #1617, .F. ) ;
#283 = CARTESIAN_POINT ( 'NONE',  ( -22.48021415178936167, -13.00000000000000533, -51.02349987313248647 ) ) ;
#284 = FACE_BOUND ( 'NONE', #996, .T. ) ;
#285 = ORIENTED_EDGE ( 'NONE', *, *, #433, .F. ) ;
#286 = AXIS2_PLACEMENT_3D ( 'NONE', #618, #1066, #1325 ) ;
#287 = ADVANCED_FACE ( 'NONE', ( #1354, #1813, #341, #1271, #91, #1706, #1723, #1434 ), #1713, .T. ) ;
#288 = APPROVAL_DATE_TIME ( #304, #277 ) ;
#289 = DIRECTION ( 'NONE',  ( -0.000000000000000000, -0.000000000000000000, 1.000000000000000000 ) ) ;
#290 = ORIENTED_EDGE ( 'NONE', *, *, #701, .F. ) ;
#291 = DIRECTION ( 'NONE',  ( -0.000000000000000000, -0.000000000000000000, 1.000000000000000000 ) ) ;
#292 = CYLINDRICAL_SURFACE ( 'NONE', #749, 2.999999999999999112 ) ;
#293 = VERTEX_POINT ( 'NONE', #382 ) ;
#294 = ADVANCED_FACE ( 'NONE', ( #1413 ), #532, .F. ) ;
#295 = DATE_AND_TIME ( #212, #1449 ) ;
#296 = CARTESIAN_POINT ( 'NONE',  ( 30.00000000000000000, 0.000000000000000000, -22.52069142940470670 ) ) ;
#297 = EDGE_LOOP ( 'NONE', ( #1518, #1288, #1455, #1767 ) ) ;
#298 = EDGE_CURVE ( 'NONE', #663, #1072, #1877, .T. ) ;
#299 = CARTESIAN_POINT ( 'NONE',  ( -10.00000000000000000, 0.000000000000000000, -32.52069142940469249 ) ) ;
#300 = ORIENTED_EDGE ( 'NONE', *, *, #146, .T. ) ;
#301 = VERTEX_POINT ( 'NONE', #827 ) ;
#302 = VECTOR ( 'NONE', #999, 1000.000000000000000 ) ;
#303 = CARTESIAN_POINT ( 'NONE',  ( 71.00000000000000000, 3.000000000000000000, -20.02069142940470314 ) ) ;
#304 = DATE_AND_TIME ( #1197, #1260 ) ;
#305 = LINE ( 'NONE', #424, #1118 ) ;
#306 = LINE ( 'NONE', #752, #1432 ) ;
#307 = ORIENTED_EDGE ( 'NONE', *, *, #946, .T. ) ;
#308 = EDGE_LOOP ( 'NONE', ( #1775, #1368, #1474, #1586 ) ) ;
#309 = FACE_OUTER_BOUND ( 'NONE', #128, .T. ) ;
#310 = EDGE_CURVE ( 'NONE', #199, #1874, #1696, .T. ) ;
#311 = EDGE_LOOP ( 'NONE', ( #526, #120 ) ) ;
#312 = ORIENTED_EDGE ( 'NONE', *, *, #1367, .T. ) ;
#313 = AXIS2_PLACEMENT_3D ( 'NONE', #1860, #1797, #1335 ) ;
#314 = CIRCLE ( 'NONE', #133, 2.500000000000009326 ) ;
#315 = DIRECTION ( 'NONE',  ( 0.000000000000000000, -1.000000000000000000, 0.000000000000000000 ) ) ;
#316 = LINE ( 'NONE', #903, #1516 ) ;
#317 = DIRECTION ( 'NONE',  ( -0.000000000000000000, -0.000000000000000000, 1.000000000000000000 ) ) ;
#318 = DIRECTION ( 'NONE',  ( 0.000000000000000000, 0.000000000000000000, 1.000000000000000000 ) ) ;
#319 = ORIENTED_EDGE ( 'NONE', *, *, #1279, .T. ) ;
#320 = EDGE_CURVE ( 'NONE', #199, #301, #370, .T. ) ;
#321 = CARTESIAN_POINT ( 'NONE',  ( -22.88018215910751252, -10.43165213518227574, -55.02069142940469959 ) ) ;
#322 = VERTEX_POINT ( 'NONE', #970 ) ;
#323 = CARTESIAN_POINT ( 'NONE',  ( -11.00000000000000000, 3.000000000000000000, -37.02069142940469959 ) ) ;
#324 = DIRECTION ( 'NONE',  ( 0.000000000000000000, 1.000000000000000000, 0.000000000000000000 ) ) ;
#325 = DIRECTION ( 'NONE',  ( 0.000000000000000000, -1.000000000000000000, 0.000000000000000000 ) ) ;
#326 = ORIENTED_EDGE ( 'NONE', *, *, #990, .T. ) ;
#327 = DIRECTION ( 'NONE',  ( 1.000000000000000000, 0.000000000000000000, 0.000000000000000000 ) ) ;
#328 = ORIENTED_EDGE ( 'NONE', *, *, #411, .F. ) ;
#329 = CARTESIAN_POINT ( 'NONE',  ( 49.99999999999999289, 3.000000000000000000, -60.00000000000000000 ) ) ;
#330 = AXIS2_PLACEMENT_3D ( 'NONE', #730, #1507, #1364 ) ;
#331 = ORIENTED_EDGE ( 'NONE', *, *, #310, .F. ) ;
#332 = EDGE_CURVE ( 'NONE', #1038, #1026, #960, .T. ) ;
#333 = CARTESIAN_POINT ( 'NONE',  ( -11.00000000000000000, 5.000000000000000000, -40.02069142940470670 ) ) ;
#334 = LINE ( 'NONE', #17, #1239 ) ;
#335 = AXIS2_PLACEMENT_3D ( 'NONE', #451, #624, #1216 ) ;
#336 = DIRECTION ( 'NONE',  ( 0.000000000000000000, 0.000000000000000000, 1.000000000000000000 ) ) ;
#337 = CARTESIAN_POINT ( 'NONE',  ( 0.000000000000000000, -13.00000000000000533, -51.02349987313248647 ) ) ;
#338 = EDGE_LOOP ( 'NONE', ( #1798, #1324, #1400, #1209 ) ) ;
#339 = CARTESIAN_POINT ( 'NONE',  ( 0.000000000000000000, 5.000000000000000888, -40.02069142940470670 ) ) ;
#340 = VERTEX_POINT ( 'NONE', #1422 ) ;
#341 = FACE_BOUND ( 'NONE', #508, .T. ) ;
#342 = VECTOR ( 'NONE', #271, 1000.000000000000000 ) ;
#343 = ADVANCED_FACE ( 'NONE', ( #1128 ), #1556, .F. ) ;
#344 = CIRCLE ( 'NONE', #1795, 10.00000000000000000 ) ;
#345 = DIRECTION ( 'NONE',  ( -0.000000000000000000, -1.000000000000000000, 0.000000000000000000 ) ) ;
#346 = EDGE_LOOP ( 'NONE', ( #1545, #350, #867, #300 ) ) ;
#347 = CARTESIAN_POINT ( 'NONE',  ( 0.000000000000000000, 3.000000000000000000, -40.02069142940470670 ) ) ;
#348 = ORIENTED_EDGE ( 'NONE', *, *, #1725, .T. ) ;
#349 = DIRECTION ( 'NONE',  ( -1.000000000000000000, 0.000000000000000000, 0.000000000000000000 ) ) ;
#350 = ORIENTED_EDGE ( 'NONE', *, *, #1759, .T. ) ;
#351 = DIRECTION ( 'NONE',  ( 0.000000000000000000, 0.000000000000000000, -1.000000000000000000 ) ) ;
#352 = DIRECTION ( 'NONE',  ( 0.000000000000000000, 0.000000000000000000, -1.000000000000000000 ) ) ;
#353 = EDGE_CURVE ( 'NONE', #385, #1439, #1760, .T. ) ;
#354 = CARTESIAN_POINT ( 'NONE',  ( 0.000000000000000000, 5.000000000000000000, -40.02069142940470670 ) ) ;
#355 = CYLINDRICAL_SURFACE ( 'NONE', #688, 2.500000000000002220 ) ;
#356 = EDGE_CURVE ( 'NONE', #1493, #663, #540, .T. ) ;
#357 = ORIENTED_EDGE ( 'NONE', *, *, #1055, .F. ) ;
#358 = VECTOR ( 'NONE', #1573, 1000.000000000000000 ) ;
#359 = DIRECTION ( 'NONE',  ( 0.000000000000000000, 0.000000000000000000, 1.000000000000000000 ) ) ;
#360 = DIRECTION ( 'NONE',  ( 0.000000000000000000, 0.000000000000000000, -1.000000000000000000 ) ) ;
#361 = VERTEX_POINT ( 'NONE', #658 ) ;
#362 = DIRECTION ( 'NONE',  ( -0.000000000000000000, 1.000000000000000000, -0.000000000000000000 ) ) ;
#363 = CC_DESIGN_PERSON_AND_ORGANIZATION_ASSIGNMENT ( #1465, #1610, ( #1719 ) ) ;
#364 = CARTESIAN_POINT ( 'NONE',  ( -10.00000000000000000, 5.000000000000000000, -30.02069142940468893 ) ) ;
#365 = AXIS2_PLACEMENT_3D ( 'NONE', #1863, #537, #98 ) ;
#366 = ORIENTED_EDGE ( 'NONE', *, *, #1563, .T. ) ;
#367 = EDGE_CURVE ( 'NONE', #1526, #385, #1856, .T. ) ;
#368 = DIRECTION ( 'NONE',  ( 0.000000000000000000, 0.000000000000000000, -1.000000000000000000 ) ) ;
#369 = ORIENTED_EDGE ( 'NONE', *, *, #1898, .T. ) ;
#370 = LINE ( 'NONE', #977, #639 ) ;
#371 = DIRECTION ( 'NONE',  ( 0.000000000000000000, -1.000000000000000000, 0.000000000000000000 ) ) ;
#372 = AXIS2_PLACEMENT_3D ( 'NONE', #1159, #874, #880 ) ;
#373 = CARTESIAN_POINT ( 'NONE',  ( 0.000000000000000000, 8.000000000000000000, -52.02069142940469959 ) ) ;
#374 = VERTEX_POINT ( 'NONE', #522 ) ;
#375 = ADVANCED_BREP_SHAPE_REPRESENTATION ( 'S.1', ( #1191, #391 ), #182 ) ;
#376 = VECTOR ( 'NONE', #327, 1000.000000000000000 ) ;
#377 = CARTESIAN_POINT ( 'NONE',  ( -25.48021415178936167, -16.00000000000000355, -55.02069142940469959 ) ) ;
#378 = DIRECTION ( 'NONE',  ( 0.000000000000000000, 0.000000000000000000, 1.000000000000000000 ) ) ;
#379 = ORIENTED_EDGE ( 'NONE', *, *, #1367, .F. ) ;
#380 = EDGE_CURVE ( 'NONE', #1513, #1016, #1255, .T. ) ;
#381 = CARTESIAN_POINT ( 'NONE',  ( 60.00000000000000000, 3.000000000000000000, -20.02069142940470314 ) ) ;
#382 = CARTESIAN_POINT ( 'NONE',  ( -11.00000000000000000, 0.000000000000000000, -40.02069142940470670 ) ) ;
#383 = DIRECTION ( 'NONE',  ( 0.000000000000000000, 0.000000000000000000, -1.000000000000000000 ) ) ;
#384 = CARTESIAN_POINT ( 'NONE',  ( 40.00000000000000000, 5.000000000000000000, -27.52069142940469959 ) ) ;
#385 = VERTEX_POINT ( 'NONE', #800 ) ;
#386 = CARTESIAN_POINT ( 'NONE',  ( 0.000000000000000000, 5.000000000000000000, -10.00000000000000000 ) ) ;
#387 = CARTESIAN_POINT ( 'NONE',  ( 10.00000000000000000, 5.000000000000000000, -10.00000000000000000 ) ) ;
#388 = AXIS2_PLACEMENT_3D ( 'NONE', #673, #809, #1867 ) ;
#389 = DIRECTION ( 'NONE',  ( -0.000000000000000000, -0.000000000000000000, -1.000000000000000000 ) ) ;
#390 = ADVANCED_FACE ( 'NONE', ( #1283 ), #1138, .F. ) ;
#391 = AXIS2_PLACEMENT_3D ( 'NONE', #124, #1453, #1899 ) ;
#392 = DIRECTION ( 'NONE',  ( 1.000000000000000000, 0.000000000000000000, 0.000000000000000000 ) ) ;
#393 = ORIENTED_EDGE ( 'NONE', *, *, #158, .T. ) ;
#394 = CARTESIAN_POINT ( 'NONE',  ( -22.88018215910740949, -0.9316521351822766306, -51.02349987313248647 ) ) ;
#395 = CARTESIAN_POINT ( 'NONE',  ( -22.88018215910740949, -0.9316521351822766306, 0.000000000000000000 ) ) ;
#396 = ORIENTED_EDGE ( 'NONE', *, *, #433, .T. ) ;
#397 = CIRCLE ( 'NONE', #1331, 10.00000000000000000 ) ;
#398 = FACE_OUTER_BOUND ( 'NONE', #1480, .T. ) ;
#399 = EDGE_CURVE ( 'NONE', #919, #1613, #501, .T. ) ;
#400 = FACE_OUTER_BOUND ( 'NONE', #1915, .T. ) ;
#401 = ORIENTED_EDGE ( 'NONE', *, *, #632, .F. ) ;
#402 = DIRECTION ( 'NONE',  ( -0.000000000000000000, -1.000000000000000000, -0.000000000000000000 ) ) ;
#403 = ORIENTED_EDGE ( 'NONE', *, *, #738, .T. ) ;
#404 = CIRCLE ( 'NONE', #1489, 10.00000000000000178 ) ;
#405 = FACE_OUTER_BOUND ( 'NONE', #1632, .T. ) ;
#406 = ORIENTED_EDGE ( 'NONE', *, *, #1670, .T. ) ;
#407 = AXIS2_PLACEMENT_3D ( 'NONE', #622, #1604, #318 ) ;
#408 = CARTESIAN_POINT ( 'NONE',  ( 30.00000000000000000, 0.000000000000000000, -17.52069142940469959 ) ) ;
#409 = CARTESIAN_POINT ( 'NONE',  ( 49.99999999999999289, 0.000000000000000000, 0.000000000000000000 ) ) ;
#410 = CYLINDRICAL_SURFACE ( 'NONE', #65, 3.000000000000002665 ) ;
#411 = EDGE_CURVE ( 'NONE', #438, #1188, #952, .T. ) ;
#412 = VERTEX_POINT ( 'NONE', #664 ) ;
#413 = ORIENTED_EDGE ( 'NONE', *, *, #700, .F. ) ;
#414 = LINE ( 'NONE', #708, #1785 ) ;
#415 = ADVANCED_FACE ( 'NONE', ( #1845 ), #511, .T. ) ;
#416 = VECTOR ( 'NONE', #802, 1000.000000000000000 ) ;
#417 = DATE_AND_TIME ( #554, #645 ) ;
#418 = ORIENTED_EDGE ( 'NONE', *, *, #553, .T. ) ;
#419 = VERTEX_POINT ( 'NONE', #887 ) ;
#420 = DIRECTION ( 'NONE',  ( -1.000000000000000000, 0.000000000000000000, 0.000000000000000000 ) ) ;
#421 = ORIENTED_EDGE ( 'NONE', *, *, #1769, .T. ) ;
#422 = EDGE_CURVE ( 'NONE', #1319, #201, #1050, .T. ) ;
#423 = CLOSED_SHELL ( 'NONE', ( #578, #1607, #783, #857, #643, #881, #1329, #1630, #86, #1851, #566, #710, #1517, #845, #287, #1494, #343, #123, #294, #602, #620, #243, #1257, #807, #390, #1440, #74, #792, #1391, #1862, #1668, #893, #1681, #134, #539, #491, #1303, #543, #480, #415, #23, #207, #1823, #757, #1193, #1103, #1208, #1588, #995, #689, #1139, #1046, #1414, #828, #831 ) ) ;
#424 = CARTESIAN_POINT ( 'NONE',  ( 30.00000000000000000, 5.000000000000000000, -32.52069142940470670 ) ) ;
#425 = ORIENTED_EDGE ( 'NONE', *, *, #969, .F. ) ;
#426 = EDGE_LOOP ( 'NONE', ( #15, #1799 ) ) ;
#427 = FACE_OUTER_BOUND ( 'NONE', #784, .T. ) ;
#428 = EDGE_LOOP ( 'NONE', ( #696, #877, #1456, #1020, #739, #642, #1819, #607, #661, #1619 ) ) ;
#429 = AXIS2_PLACEMENT_3D ( 'NONE', #536, #973, #1718 ) ;
#430 = DIRECTION ( 'NONE',  ( -0.000000000000000000, 1.000000000000000000, -0.000000000000000000 ) ) ;
#431 = EDGE_CURVE ( 'NONE', #586, #9, #1306, .T. ) ;
#432 = AXIS2_PLACEMENT_3D ( 'NONE', #364, #206, #1840 ) ;
#433 = EDGE_CURVE ( 'NONE', #1901, #1513, #1452, .T. ) ;
#434 = DIRECTION ( 'NONE',  ( -0.000000000000000000, -1.000000000000000000, -0.000000000000000000 ) ) ;
#435 = VERTEX_POINT ( 'NONE', #1648 ) ;
#436 = PRODUCT ( 'S.1', 'S.1', '', ( #1565 ) ) ;
#437 = DIRECTION ( 'NONE',  ( -0.000000000000000000, -1.000000000000000000, -0.000000000000000000 ) ) ;
#438 = VERTEX_POINT ( 'NONE', #1173 ) ;
#439 = APPLICATION_CONTEXT ( 'configuration controlled 3d designs of mechanical parts and assemblies' ) ;
#440 = EDGE_CURVE ( 'NONE', #374, #264, #1361, .T. ) ;
#441 = LINE ( 'NONE', #474, #608 ) ;
#442 = EDGE_CURVE ( 'NONE', #1841, #984, #278, .T. ) ;
#443 = SHAPE_DEFINITION_REPRESENTATION ( #203, #375 ) ;
#444 = DIRECTION ( 'NONE',  ( 0.000000000000000000, -1.000000000000000000, 0.000000000000000000 ) ) ;
#445 = FACE_OUTER_BOUND ( 'NONE', #164, .T. ) ;
#446 = ORIENTED_EDGE ( 'NONE', *, *, #1382, .F. ) ;
#447 = EDGE_LOOP ( 'NONE', ( #326, #1363 ) ) ;
#448 = AXIS2_PLACEMENT_3D ( 'NONE', #934, #245, #1689 ) ;
#449 = DIRECTION ( 'NONE',  ( -1.000000000000000000, 0.000000000000000000, 0.000000000000000000 ) ) ;
#450 = ORIENTED_EDGE ( 'NONE', *, *, #184, .T. ) ;
#451 = CARTESIAN_POINT ( 'NONE',  ( 71.00000000000000000, 5.000000000000000000, -35.02069142940470670 ) ) ;
#452 = ORIENTED_EDGE ( 'NONE', *, *, #1221, .T. ) ;
#453 = VECTOR ( 'NONE', #80, 1000.000000000000000 ) ;
#454 = DIRECTION ( 'NONE',  ( -0.000000000000000000, -0.000000000000000000, 1.000000000000000000 ) ) ;
#455 = EDGE_CURVE ( 'NONE', #1431, #1903, #581, .T. ) ;
#456 = FACE_OUTER_BOUND ( 'NONE', #1852, .T. ) ;
#457 = ORIENTED_EDGE ( 'NONE', *, *, #422, .T. ) ;
#458 = CIRCLE ( 'NONE', #33, 1.250000000000001110 ) ;
#459 = CARTESIAN_POINT ( 'NONE',  ( 30.00000000000000000, 5.000000000000000000, -22.52069142940470670 ) ) ;
#460 = ORIENTED_EDGE ( 'NONE', *, *, #632, .T. ) ;
#461 = DIRECTION ( 'NONE',  ( 0.000000000000000000, 0.000000000000000000, -1.000000000000000000 ) ) ;
#462 = VECTOR ( 'NONE', #821, 1000.000000000000000 ) ;
#463 = EDGE_LOOP ( 'NONE', ( #1051, #67, #1155, #1567 ) ) ;
#464 = AXIS2_PLACEMENT_3D ( 'NONE', #1154, #1603, #1738 ) ;
#465 = CARTESIAN_POINT ( 'NONE',  ( 30.00000000000000000, 3.000000000000000000, -17.52069142940469959 ) ) ;
#466 = AXIS2_PLACEMENT_3D ( 'NONE', #11, #1476, #1766 ) ;
#467 = ORIENTED_EDGE ( 'NONE', *, *, #1783, .T. ) ;
#468 = VERTEX_POINT ( 'NONE', #329 ) ;
#469 = LINE ( 'NONE', #1219, #1152 ) ;
#470 = ORIENTED_EDGE ( 'NONE', *, *, #722, .T. ) ;
#471 = EDGE_CURVE ( 'NONE', #276, #1026, #515, .T. ) ;
#472 = DIRECTION ( 'NONE',  ( 0.000000000000000000, 0.000000000000000000, 1.000000000000000000 ) ) ;
#473 = VERTEX_POINT ( 'NONE', #1362 ) ;
#474 = CARTESIAN_POINT ( 'NONE',  ( 60.00000000000000000, 5.000000000000000000, -10.00000000000000000 ) ) ;
#475 = DIRECTION ( 'NONE',  ( 0.000000000000000000, 0.000000000000000000, 1.000000000000000000 ) ) ;
#476 = DIRECTION ( 'NONE',  ( 0.000000000000000000, 0.000000000000000000, 1.000000000000000000 ) ) ;
#477 = ORIENTED_EDGE ( 'NONE', *, *, #279, .T. ) ;
#478 = FACE_OUTER_BOUND ( 'NONE', #814, .T. ) ;
#479 = AXIS2_PLACEMENT_3D ( 'NONE', #666, #204, #352 ) ;
#480 = ADVANCED_FACE ( 'NONE', ( #1779 ), #600, .T. ) ;
#481 = ORIENTED_EDGE ( 'NONE', *, *, #99, .F. ) ;
#482 = DIRECTION ( 'NONE',  ( 0.000000000000000000, -1.000000000000000000, 0.000000000000000000 ) ) ;
#483 = AXIS2_PLACEMENT_3D ( 'NONE', #957, #1392, #939 ) ;
#484 = DIRECTION ( 'NONE',  ( 0.000000000000000000, -1.000000000000000000, 0.000000000000000000 ) ) ;
#485 = DIRECTION ( 'NONE',  ( -0.000000000000000000, 1.000000000000000000, -0.000000000000000000 ) ) ;
#486 = CARTESIAN_POINT ( 'NONE',  ( -10.00000000000000000, 0.000000000000000000, -27.52069142940468893 ) ) ;
#487 = ORIENTED_EDGE ( 'NONE', *, *, #665, .T. ) ;
#488 = CARTESIAN_POINT ( 'NONE',  ( -16.00000000000000000, 0.000000000000000000, -40.02069142940470670 ) ) ;
#489 = AXIS2_PLACEMENT_3D ( 'NONE', #841, #1408, #1284 ) ;
#490 = ORIENTED_EDGE ( 'NONE', *, *, #817, .F. ) ;
#491 = ADVANCED_FACE ( 'NONE', ( #1656 ), #1911, .T. ) ;
#492 = CARTESIAN_POINT ( 'NONE',  ( 19.99999999999999645, 0.000000000000000000, -30.02069142940470314 ) ) ;
#493 = AXIS2_PLACEMENT_3D ( 'NONE', #555, #1707, #820 ) ;
#494 = EDGE_CURVE ( 'NONE', #340, #419, #1551, .T. ) ;
#495 = LINE ( 'NONE', #650, #1625 ) ;
#496 = PLANE ( 'NONE',  #584 ) ;
#497 = CARTESIAN_POINT ( 'NONE',  ( 30.00000000000000000, 3.000000000000000000, -40.02069142940470670 ) ) ;
#498 = ORIENTED_EDGE ( 'NONE', *, *, #1462, .T. ) ;
#499 = DIRECTION ( 'NONE',  ( 0.000000000000000000, 0.000000000000000000, 1.000000000000000000 ) ) ;
#500 = ORIENTED_EDGE ( 'NONE', *, *, #1093, .T. ) ;
#501 = LINE ( 'NONE', #1546, #1464 ) ;
#502 = EDGE_CURVE ( 'NONE', #1686, #1090, #507, .T. ) ;
#503 = CARTESIAN_POINT ( 'NONE',  ( -22.48021415178936167, -16.00000000000000355, -55.02069142940469959 ) ) ;
#504 = EDGE_CURVE ( 'NONE', #778, #1038, #1115, .T. ) ;
#505 = LINE ( 'NONE', #1529, #376 ) ;
#506 = ORIENTED_EDGE ( 'NONE', *, *, #849, .T. ) ;
#507 = LINE ( 'NONE', #806, #1722 ) ;
#508 = EDGE_LOOP ( 'NONE', ( #1790, #210 ) ) ;
#509 = VECTOR ( 'NONE', #674, 1000.000000000000000 ) ;
#510 = DIRECTION ( 'NONE',  ( 0.000000000000000000, 1.000000000000000000, 0.000000000000000000 ) ) ;
#511 = PLANE ( 'NONE',  #76 ) ;
#512 = CARTESIAN_POINT ( 'NONE',  ( 71.00000000000000000, 0.000000000000000000, -40.02069142940470670 ) ) ;
#513 = LINE ( 'NONE', #1110, #773 ) ;
#514 = FACE_OUTER_BOUND ( 'NONE', #338, .T. ) ;
#515 = CIRCLE ( 'NONE', #250, 3.000000000000002665 ) ;
#516 = EDGE_CURVE ( 'NONE', #724, #1447, #43, .T. ) ;
#517 = ORIENTED_EDGE ( 'NONE', *, *, #298, .F. ) ;
#518 = DIRECTION ( 'NONE',  ( 0.000000000000000000, 0.000000000000000000, 1.000000000000000000 ) ) ;
#519 = LINE ( 'NONE', #70, #627 ) ;
#520 = VERTEX_POINT ( 'NONE', #1105 ) ;
#521 = AXIS2_PLACEMENT_3D ( 'NONE', #1662, #1228, #336 ) ;
#522 = CARTESIAN_POINT ( 'NONE',  ( -21.63018215910751252, -10.43165213518227574, -51.02349987313248647 ) ) ;
#523 = DIRECTION ( 'NONE',  ( 0.000000000000000000, 0.000000000000000000, -1.000000000000000000 ) ) ;
#524 = AXIS2_PLACEMENT_3D ( 'NONE', #1043, #1176, #1628 ) ;
#525 = DIRECTION ( 'NONE',  ( 0.000000000000000000, 1.000000000000000000, 0.000000000000000000 ) ) ;
#526 = ORIENTED_EDGE ( 'NONE', *, *, #1462, .F. ) ;
#527 = DIRECTION ( 'NONE',  ( 0.000000000000000000, 0.000000000000000000, -1.000000000000000000 ) ) ;
#528 = AXIS2_PLACEMENT_3D ( 'NONE', #1570, #836, #1430 ) ;
#529 = LINE ( 'NONE', #823, #217 ) ;
#530 = ORIENTED_EDGE ( 'NONE', *, *, #1647, .T. ) ;
#531 = EDGE_CURVE ( 'NONE', #272, #276, #1842, .T. ) ;
#532 = PLANE ( 'NONE',  #1878 ) ;
#533 = PERSON_AND_ORGANIZATION_ROLE ( 'design_owner' ) ;
#534 = FACE_OUTER_BOUND ( 'NONE', #346, .T. ) ;
#535 = VERTEX_POINT ( 'NONE', #1532 ) ;
#536 = CARTESIAN_POINT ( 'NONE',  ( 71.00000000000000000, 3.000000000000000000, -25.02069142940470314 ) ) ;
#537 = DIRECTION ( 'NONE',  ( -0.000000000000000000, -1.000000000000000000, -0.000000000000000000 ) ) ;
#538 = ORIENTED_EDGE ( 'NONE', *, *, #298, .T. ) ;
#539 = ADVANCED_FACE ( 'NONE', ( #1374 ), #220, .F. ) ;
#540 = LINE ( 'NONE', #941, #1338 ) ;
#541 = LOCAL_TIME ( 21, 16, 46.00000000000000000, #93 ) ;
#542 = CC_DESIGN_APPROVAL ( #1757, ( #1905 ) ) ;
#543 = ADVANCED_FACE ( 'NONE', ( #1810 ), #1684, .T. ) ;
#544 = FACE_OUTER_BOUND ( 'NONE', #1187, .T. ) ;
#545 = CARTESIAN_POINT ( 'NONE',  ( -11.00000000000000000, 3.000000000000000000, -25.02069142940469959 ) ) ;
#546 = DIRECTION ( 'NONE',  ( -1.000000000000000000, 0.000000000000000000, 0.000000000000000000 ) ) ;
#547 = ORIENTED_EDGE ( 'NONE', *, *, #1875, .F. ) ;
#548 = ORIENTED_EDGE ( 'NONE', *, *, #1724, .F. ) ;
#549 = DIRECTION ( 'NONE',  ( 0.000000000000000000, 0.000000000000000000, -1.000000000000000000 ) ) ;
#550 = ORIENTED_EDGE ( 'NONE', *, *, #990, .F. ) ;
#551 = PLANE ( 'NONE',  #961 ) ;
#552 = EDGE_CURVE ( 'NONE', #775, #1808, #797, .T. ) ;
#553 = EDGE_CURVE ( 'NONE', #1188, #340, #1853, .T. ) ;
#554 = CALENDAR_DATE ( 2025, 1, 10 ) ;
#555 = CARTESIAN_POINT ( 'NONE',  ( -25.48021415178936167, -16.00000000000000355, -51.02349987313248647 ) ) ;
#556 = ORIENTED_EDGE ( 'NONE', *, *, #50, .F. ) ;
#557 = DIRECTION ( 'NONE',  ( 0.000000000000000000, 0.000000000000000000, 1.000000000000000000 ) ) ;
#558 = ORIENTED_EDGE ( 'NONE', *, *, #1008, .F. ) ;
#559 = CIRCLE ( 'NONE', #896, 1.250000000000001110 ) ;
#560 = FACE_BOUND ( 'NONE', #794, .T. ) ;
#561 = ORIENTED_EDGE ( 'NONE', *, *, #978, .F. ) ;
#562 = CIRCLE ( 'NONE', #1211, 3.000000000000000000 ) ;
#563 = CARTESIAN_POINT ( 'NONE',  ( 0.000000000000000000, 0.000000000000000000, -20.02069142940469959 ) ) ;
#564 = PERSON_AND_ORGANIZATION ( #1714, #573 ) ;
#565 = CARTESIAN_POINT ( 'NONE',  ( -11.00000000000000000, 5.000000000000000000, -20.02069142940469959 ) ) ;
#566 = ADVANCED_FACE ( 'NONE', ( #1088 ), #1702, .F. ) ;
#567 = ORIENTED_EDGE ( 'NONE', *, *, #897, .T. ) ;
#568 = CARTESIAN_POINT ( 'NONE',  ( 71.00000000000000000, 3.000000000000000000, -40.02069142940470670 ) ) ;
#569 = ORIENTED_EDGE ( 'NONE', *, *, #258, .F. ) ;
#570 = CARTESIAN_POINT ( 'NONE',  ( -25.48021415178936167, -13.00000000000000533, -51.02349987313248647 ) ) ;
#571 = VERTEX_POINT ( 'NONE', #662 ) ;
#572 = CARTESIAN_POINT ( 'NONE',  ( 49.99999999999999289, 3.000000000000000000, -49.99999999999999289 ) ) ;
#573 = ORGANIZATION ( 'UNSPECIFIED', 'UNSPECIFIED', '' ) ;
#574 = COORDINATED_UNIVERSAL_TIME_OFFSET ( 7, 0, .AHEAD. ) ;
#575 = LINE ( 'NONE', #1198, #989 ) ;
#576 = ORIENTED_EDGE ( 'NONE', *, *, #1769, .F. ) ;
#577 = FACE_OUTER_BOUND ( 'NONE', #706, .T. ) ;
#578 = ADVANCED_FACE ( 'NONE', ( #1253 ), #1820, .F. ) ;
#579 = CYLINDRICAL_SURFACE ( 'NONE', #782, 2.500000000000002220 ) ;
#580 = EDGE_LOOP ( 'NONE', ( #538, #1680, #1540, #1418 ) ) ;
#581 = CIRCLE ( 'NONE', #27, 10.00000000000000000 ) ;
#582 = CARTESIAN_POINT ( 'NONE',  ( -11.00000000000000000, 0.000000000000000000, -25.02069142940469959 ) ) ;
#583 = DIRECTION ( 'NONE',  ( 0.000000000000000000, 0.000000000000000000, 1.000000000000000000 ) ) ;
#584 = AXIS2_PLACEMENT_3D ( 'NONE', #1095, #215, #1398 ) ;
#585 = CARTESIAN_POINT ( 'NONE',  ( 19.99999999999999645, 0.000000000000000000, -30.02069142940470314 ) ) ;
#586 = VERTEX_POINT ( 'NONE', #927 ) ;
#587 = CARTESIAN_POINT ( 'NONE',  ( 0.000000000000000000, 5.000000000000000000, 0.000000000000000000 ) ) ;
#588 = CYLINDRICAL_SURFACE ( 'NONE', #1123, 2.500000000000005773 ) ;
#589 = ORIENTED_EDGE ( 'NONE', *, *, #50, .T. ) ;
#590 = CIRCLE ( 'NONE', #1243, 2.999999999999999112 ) ;
#591 = APPROVAL ( #1599, 'UNSPECIFIED' ) ;
#592 = VECTOR ( 'NONE', #527, 1000.000000000000000 ) ;
#593 = EDGE_CURVE ( 'NONE', #208, #147, #1323, .T. ) ;
#594 = CARTESIAN_POINT ( 'NONE',  ( 69.99999999999998579, 3.000000000000000000, -32.52069142940471380 ) ) ;
#595 = COORDINATED_UNIVERSAL_TIME_OFFSET ( 7, 0, .AHEAD. ) ;
#596 = DIRECTION ( 'NONE',  ( -0.000000000000000000, -1.000000000000000000, -0.000000000000000000 ) ) ;
#597 = ORIENTED_EDGE ( 'NONE', *, *, #1071, .F. ) ;
#598 = DIRECTION ( 'NONE',  ( -1.000000000000000000, 0.000000000000000000, 0.000000000000000000 ) ) ;
#599 = ORIENTED_EDGE ( 'NONE', *, *, #1021, .F. ) ;
#600 = CYLINDRICAL_SURFACE ( 'NONE', #335, 4.999999999999997335 ) ;
#601 = EDGE_LOOP ( 'NONE', ( #12, #1678 ) ) ;
#602 = ADVANCED_FACE ( 'NONE', ( #189 ), #669, .F. ) ;
#603 = CARTESIAN_POINT ( 'NONE',  ( -10.00000000000000000, 5.000000000000000000, -27.52069142940468893 ) ) ;
#604 = LINE ( 'NONE', #1600, #227 ) ;
#605 = VERTEX_POINT ( 'NONE', #1078 ) ;
#606 = CARTESIAN_POINT ( 'NONE',  ( -2.999999999999999112, -16.00000000000000355, -55.02069142940469959 ) ) ;
#607 = ORIENTED_EDGE ( 'NONE', *, *, #1314, .T. ) ;
#608 = VECTOR ( 'NONE', #142, 1000.000000000000000 ) ;
#609 = PLANE ( 'NONE',  #1612 ) ;
#610 = VERTEX_POINT ( 'NONE', #634 ) ;
#611 = DIRECTION ( 'NONE',  ( -1.000000000000000000, 0.000000000000000000, 0.000000000000000000 ) ) ;
#612 = ORIENTED_EDGE ( 'NONE', *, *, #431, .F. ) ;
#613 = VECTOR ( 'NONE', #862, 1000.000000000000000 ) ;
#614 = DIRECTION ( 'NONE',  ( 0.000000000000000000, -1.000000000000000000, 0.000000000000000000 ) ) ;
#615 = CARTESIAN_POINT ( 'NONE',  ( -11.00000000000000000, 3.000000000000000000, -40.02069142940470670 ) ) ;
#616 = CARTESIAN_POINT ( 'NONE',  ( 49.99999999999999289, 3.000000000000000000, -10.00000000000000000 ) ) ;
#617 = FACE_OUTER_BOUND ( 'NONE', #626, .T. ) ;
#618 = CARTESIAN_POINT ( 'NONE',  ( 0.000000000000000000, 5.000000000000000000, 0.000000000000000000 ) ) ;
#619 = ORIENTED_EDGE ( 'NONE', *, *, #1530, .F. ) ;
#620 = ADVANCED_FACE ( 'NONE', ( #478 ), #1524, .F. ) ;
#621 = CIRCLE ( 'NONE', #280, 3.000000000000002665 ) ;
#622 = CARTESIAN_POINT ( 'NONE',  ( 40.00000000000000000, 0.000000000000000000, -30.02069142940470314 ) ) ;
#623 = ORIENTED_EDGE ( 'NONE', *, *, #502, .F. ) ;
#624 = DIRECTION ( 'NONE',  ( 0.000000000000000000, -1.000000000000000000, 0.000000000000000000 ) ) ;
#625 = VECTOR ( 'NONE', #289, 1000.000000000000000 ) ;
#626 = EDGE_LOOP ( 'NONE', ( #1161, #1594, #366, #1561 ) ) ;
#627 = VECTOR ( 'NONE', #950, 1000.000000000000000 ) ;
#628 = DIRECTION ( 'NONE',  ( 0.000000000000000000, -1.000000000000000000, 0.000000000000000000 ) ) ;
#629 = AXIS2_PLACEMENT_3D ( 'NONE', #1019, #1645, #1502 ) ;
#630 = LINE ( 'NONE', #205, #224 ) ;
#631 = CARTESIAN_POINT ( 'NONE',  ( 30.00000000000000000, 3.000000000000000000, -32.52069142940470670 ) ) ;
#632 = EDGE_CURVE ( 'NONE', #571, #1884, #51, .T. ) ;
#633 = ORIENTED_EDGE ( 'NONE', *, *, #516, .T. ) ;
#634 = CARTESIAN_POINT ( 'NONE',  ( -24.13018215910741304, -0.9316521351822766306, -51.02349987313248647 ) ) ;
#635 = ORIENTED_EDGE ( 'NONE', *, *, #1821, .T. ) ;
#636 = DIRECTION ( 'NONE',  ( 0.000000000000000000, 0.000000000000000000, 1.000000000000000000 ) ) ;
#637 = DIRECTION ( 'NONE',  ( -1.000000000000000000, 0.000000000000000000, 0.000000000000000000 ) ) ;
#638 = DIRECTION ( 'NONE',  ( 0.000000000000000000, 0.000000000000000000, -1.000000000000000000 ) ) ;
#639 = VECTOR ( 'NONE', #1562, 1000.000000000000000 ) ;
#640 = PLANE ( 'NONE',  #924 ) ;
#641 = LINE ( 'NONE', #1520, #721 ) ;
#642 = ORIENTED_EDGE ( 'NONE', *, *, #196, .F. ) ;
#643 = ADVANCED_FACE ( 'NONE', ( #1873 ), #261, .F. ) ;
#644 = DIRECTION ( 'NONE',  ( -0.000000000000000000, -1.000000000000000000, -0.000000000000000000 ) ) ;
#645 = LOCAL_TIME ( 21, 16, 46.00000000000000000, #574 ) ;
#646 = ORIENTED_EDGE ( 'NONE', *, *, #1031, .T. ) ;
#647 = EDGE_CURVE ( 'NONE', #940, #272, #649, .T. ) ;
#648 = DIRECTION ( 'NONE',  ( 0.000000000000000000, 0.000000000000000000, -1.000000000000000000 ) ) ;
#649 = CIRCLE ( 'NONE', #57, 3.000000000000002665 ) ;
#650 = CARTESIAN_POINT ( 'NONE',  ( -0.000000000000000000, 5.000000000000000000, -37.02069142940469959 ) ) ;
#651 = VERTEX_POINT ( 'NONE', #1740 ) ;
#652 = CARTESIAN_POINT ( 'NONE',  ( 0.000000000000000000, 5.000000000000000000, -40.02069142940470670 ) ) ;
#653 = EDGE_LOOP ( 'NONE', ( #1220, #1063, #635, #1035 ) ) ;
#654 = CARTESIAN_POINT ( 'NONE',  ( 30.00000000000000000, 5.000000000000000000, -37.52069142940469959 ) ) ;
#655 = DIRECTION ( 'NONE',  ( -0.000000000000000000, -1.000000000000000000, -0.000000000000000000 ) ) ;
#656 = ORIENTED_EDGE ( 'NONE', *, *, #1657, .F. ) ;
#657 = EDGE_CURVE ( 'NONE', #888, #49, #414, .T. ) ;
#658 = CARTESIAN_POINT ( 'NONE',  ( 19.99999999999999645, 0.000000000000000000, -27.52069142940470314 ) ) ;
#659 = VECTOR ( 'NONE', #734, 1000.000000000000000 ) ;
#660 = LINE ( 'NONE', #1801, #1525 ) ;
#661 = ORIENTED_EDGE ( 'NONE', *, *, #1483, .F. ) ;
#662 = CARTESIAN_POINT ( 'NONE',  ( 30.00000000000000000, 3.000000000000000000, -37.52069142940469959 ) ) ;
#663 = VERTEX_POINT ( 'NONE', #848 ) ;
#664 = CARTESIAN_POINT ( 'NONE',  ( 60.00000000000000000, 3.000000000000000000, -10.00000000000000000 ) ) ;
#665 = EDGE_CURVE ( 'NONE', #605, #520, #1132, .T. ) ;
#666 = CARTESIAN_POINT ( 'NONE',  ( -11.00000000000000000, 0.000000000000000000, -25.02069142940469959 ) ) ;
#667 = LINE ( 'NONE', #87, #1673 ) ;
#668 = EDGE_LOOP ( 'NONE', ( #331, #1171, #1634, #1388 ) ) ;
#669 = CYLINDRICAL_SURFACE ( 'NONE', #980, 2.500000000000002220 ) ;
#670 = DIRECTION ( 'NONE',  ( 0.000000000000000000, -1.000000000000000000, 0.000000000000000000 ) ) ;
#671 = VECTOR ( 'NONE', #1265, 1000.000000000000000 ) ;
#672 = DIRECTION ( 'NONE',  ( 0.000000000000000000, 0.000000000000000000, 1.000000000000000000 ) ) ;
#673 = CARTESIAN_POINT ( 'NONE',  ( 0.000000000000000000, 0.000000000000000000, 0.000000000000000000 ) ) ;
#674 = DIRECTION ( 'NONE',  ( 0.000000000000000000, 0.000000000000000000, -1.000000000000000000 ) ) ;
#675 = DIRECTION ( 'NONE',  ( -0.000000000000000000, -0.000000000000000000, 1.000000000000000000 ) ) ;
#676 = FACE_OUTER_BOUND ( 'NONE', #28, .T. ) ;
#677 = EDGE_CURVE ( 'NONE', #938, #1259, #121, .T. ) ;
#678 = ORIENTED_EDGE ( 'NONE', *, *, #1040, .F. ) ;
#679 = FACE_BOUND ( 'NONE', #1328, .T. ) ;
#680 = DIRECTION ( 'NONE',  ( -1.000000000000000000, 0.000000000000000000, 0.000000000000000000 ) ) ;
#681 = CARTESIAN_POINT ( 'NONE',  ( 76.00000000000000000, 0.000000000000000000, -40.02069142940470670 ) ) ;
#682 = CARTESIAN_POINT ( 'NONE',  ( 76.00000000000000000, 0.000000000000000000, -35.02069142940470670 ) ) ;
#683 = VECTOR ( 'NONE', #596, 1000.000000000000000 ) ;
#684 = AXIS2_PLACEMENT_3D ( 'NONE', #1552, #378, #680 ) ;
#685 = CARTESIAN_POINT ( 'NONE',  ( 30.00000000000000000, 3.000000000000000000, -30.02069142940470314 ) ) ;
#686 = LINE ( 'NONE', #1870, #1024 ) ;
#687 = ORIENTED_EDGE ( 'NONE', *, *, #855, .F. ) ;
#688 = AXIS2_PLACEMENT_3D ( 'NONE', #229, #945, #41 ) ;
#689 = ADVANCED_FACE ( 'NONE', ( #1280 ), #89, .F. ) ;
#690 = DIRECTION ( 'NONE',  ( 0.000000000000000000, 1.000000000000000000, -0.000000000000000000 ) ) ;
#691 = CARTESIAN_POINT ( 'NONE',  ( -22.88018215910751252, -10.43165213518227574, 0.000000000000000000 ) ) ;
#692 = EDGE_LOOP ( 'NONE', ( #1383, #853, #1737, #248 ) ) ;
#693 = DIRECTION ( 'NONE',  ( 1.000000000000000000, 0.000000000000000000, -0.000000000000000000 ) ) ;
#694 = CARTESIAN_POINT ( 'NONE',  ( 0.000000000000000000, -13.00000000000000533, -55.02069142940469959 ) ) ;
#695 = DIRECTION ( 'NONE',  ( 0.000000000000000000, -1.000000000000000000, 0.000000000000000000 ) ) ;
#696 = ORIENTED_EDGE ( 'NONE', *, *, #332, .F. ) ;
#697 = ORIENTED_EDGE ( 'NONE', *, *, #1059, .T. ) ;
#698 = FACE_BOUND ( 'NONE', #1458, .T. ) ;
#699 = VERTEX_POINT ( 'NONE', #1902 ) ;
#700 = EDGE_CURVE ( 'NONE', #1855, #736, #1270, .T. ) ;
#701 = EDGE_CURVE ( 'NONE', #1190, #293, #1579, .T. ) ;
#702 = CC_DESIGN_APPROVAL ( #277, ( #1039 ) ) ;
#703 = PERSON_AND_ORGANIZATION ( #1714, #573 ) ;
#704 = DIRECTION ( 'NONE',  ( -1.000000000000000000, -0.000000000000000000, -0.000000000000000000 ) ) ;
#705 = VERTEX_POINT ( 'NONE', #1448 ) ;
#706 = EDGE_LOOP ( 'NONE', ( #1404, #1778, #470, #1080 ) ) ;
#707 = VECTOR ( 'NONE', #967, 1000.000000000000000 ) ;
#708 = CARTESIAN_POINT ( 'NONE',  ( -11.00000000000000000, 3.000000000000000000, -37.02069142940469959 ) ) ;
#709 = LINE ( 'NONE', #563, #842 ) ;
#710 = ADVANCED_FACE ( 'NONE', ( #560, #1310, #111, #1457, #679, #1730, #698, #405 ), #251, .F. ) ;
#711 = CIRCLE ( 'NONE', #1791, 2.500000000000005773 ) ;
#712 = EDGE_CURVE ( 'NONE', #1431, #1765, #529, .T. ) ;
#713 =( LENGTH_UNIT ( ) NAMED_UNIT ( * ) SI_UNIT ( .MILLI., .METRE. ) );
#714 = CARTESIAN_POINT ( 'NONE',  ( 40.00000000000000000, 3.000000000000000000, -30.02069142940470314 ) ) ;
#715 = AXIS2_PLACEMENT_3D ( 'NONE', #249, #1438, #1883 ) ;
#716 = VERTEX_POINT ( 'NONE', #570 ) ;
#717 = LINE ( 'NONE', #265, #131 ) ;
#718 = VECTOR ( 'NONE', #325, 1000.000000000000000 ) ;
#719 = LINE ( 'NONE', #377, #707 ) ;
#720 = EDGE_LOOP ( 'NONE', ( #1177, #312, #975, #393 ) ) ;
#721 = VECTOR ( 'NONE', #1251, 1000.000000000000000 ) ;
#722 = EDGE_CURVE ( 'NONE', #1613, #1727, #275, .T. ) ;
#723 = DIRECTION ( 'NONE',  ( 0.000000000000000000, 0.000000000000000000, 1.000000000000000000 ) ) ;
#724 = VERTEX_POINT ( 'NONE', #129 ) ;
#725 = CARTESIAN_POINT ( 'NONE',  ( 0.000000000000000000, 0.000000000000000000, -10.00000000000000000 ) ) ;
#726 = ORIENTED_EDGE ( 'NONE', *, *, #1802, .T. ) ;
#727 = LINE ( 'NONE', #1170, #231 ) ;
#728 = ORIENTED_EDGE ( 'NONE', *, *, #431, .T. ) ;
#729 = DIRECTION ( 'NONE',  ( 1.000000000000000000, -0.000000000000000000, 0.000000000000000000 ) ) ;
#730 = CARTESIAN_POINT ( 'NONE',  ( 0.000000000000000000, 0.000000000000000000, -37.02069142940469959 ) ) ;
#731 = CIRCLE ( 'NONE', #1135, 4.999999999999997335 ) ;
#732 = CARTESIAN_POINT ( 'NONE',  ( 49.99999999999999289, 0.000000000000000000, -49.99999999999999289 ) ) ;
#733 = EDGE_CURVE ( 'NONE', #1528, #435, #719, .T. ) ;
#734 = DIRECTION ( 'NONE',  ( 0.000000000000000000, -1.000000000000000000, 0.000000000000000000 ) ) ;
#735 = ORIENTED_EDGE ( 'NONE', *, *, #1326, .T. ) ;
#736 = VERTEX_POINT ( 'NONE', #1560 ) ;
#737 = DIRECTION ( 'NONE',  ( 0.000000000000000000, -1.000000000000000000, 0.000000000000000000 ) ) ;
#738 = EDGE_CURVE ( 'NONE', #1447, #1431, #1709, .T. ) ;
#739 = ORIENTED_EDGE ( 'NONE', *, *, #908, .F. ) ;
#740 = CARTESIAN_POINT ( 'NONE',  ( 0.000000000000000000, 5.000000000000000888, -55.02069142940469959 ) ) ;
#741 = AXIS2_PLACEMENT_3D ( 'NONE', #1509, #186, #475 ) ;
#742 = CYLINDRICAL_SURFACE ( 'NONE', #1700, 2.500000000000002220 ) ;
#743 = VERTEX_POINT ( 'NONE', #974 ) ;
#744 = DIRECTION ( 'NONE',  ( 0.000000000000000000, 0.000000000000000000, -1.000000000000000000 ) ) ;
#745 = ORIENTED_EDGE ( 'NONE', *, *, #771, .F. ) ;
#746 = CIRCLE ( 'NONE', #1732, 2.499999999999998668 ) ;
#747 = EDGE_CURVE ( 'NONE', #1090, #705, #1733, .T. ) ;
#748 = DIRECTION ( 'NONE',  ( 0.000000000000000000, -1.000000000000000000, 0.000000000000000000 ) ) ;
#749 = AXIS2_PLACEMENT_3D ( 'NONE', #754, #1621, #598 ) ;
#750 = ORIENTED_EDGE ( 'NONE', *, *, #1736, .F. ) ;
#751 = CARTESIAN_POINT ( 'NONE',  ( -11.00000000000000000, 5.000000000000000888, -55.02069142940469959 ) ) ;
#752 = CARTESIAN_POINT ( 'NONE',  ( -16.00000000000000000, 0.000000000000000000, -35.02069142940470670 ) ) ;
#753 = ORIENTED_EDGE ( 'NONE', *, *, #1809, .T. ) ;
#754 = CARTESIAN_POINT ( 'NONE',  ( -22.48021415178936167, 2.000000000000001776, -51.02349987313248647 ) ) ;
#755 = ORIENTED_EDGE ( 'NONE', *, *, #908, .T. ) ;
#756 = CARTESIAN_POINT ( 'NONE',  ( 10.00000000000000000, 3.000000000000000000, -10.00000000000000000 ) ) ;
#757 = ADVANCED_FACE ( 'NONE', ( #284, #180, #1482 ), #609, .T. ) ;
#758 = EDGE_CURVE ( 'NONE', #705, #1090, #40, .T. ) ;
#759 = LINE ( 'NONE', #1353, #1195 ) ;
#760 = DIRECTION ( 'NONE',  ( -0.000000000000000000, -1.000000000000000000, -0.000000000000000000 ) ) ;
#761 = DESIGN_CONTEXT ( 'detailed design', #1273, 'design' ) ;
#762 = LINE ( 'NONE', #1356, #1578 ) ;
#763 = VERTEX_POINT ( 'NONE', #906 ) ;
#764 = CIRCLE ( 'NONE', #976, 2.500000000000002220 ) ;
#765 = CARTESIAN_POINT ( 'NONE',  ( 69.99999999999998579, 5.000000000000000000, -30.02069142940470314 ) ) ;
#766 = ORIENTED_EDGE ( 'NONE', *, *, #332, .T. ) ;
#767 = DIRECTION ( 'NONE',  ( 1.000000000000000000, -0.000000000000000000, 0.000000000000000000 ) ) ;
#768 = ORIENTED_EDGE ( 'NONE', *, *, #1008, .T. ) ;
#769 = DIRECTION ( 'NONE',  ( 0.000000000000000000, 0.000000000000000000, -1.000000000000000000 ) ) ;
#770 = DIRECTION ( 'NONE',  ( 0.000000000000000000, 1.000000000000000000, 0.000000000000000000 ) ) ;
#771 = EDGE_CURVE ( 'NONE', #888, #151, #1, .T. ) ;
#772 = DIRECTION ( 'NONE',  ( 0.000000000000000000, -1.000000000000000000, 0.000000000000000000 ) ) ;
#773 = VECTOR ( 'NONE', #963, 1000.000000000000000 ) ;
#774 = FACE_OUTER_BOUND ( 'NONE', #1346, .T. ) ;
#775 = VERTEX_POINT ( 'NONE', #1469 ) ;
#776 = CARTESIAN_POINT ( 'NONE',  ( 0.000000000000000000, 0.000000000000000000, 0.000000000000000000 ) ) ;
#777 = VECTOR ( 'NONE', #866, 1000.000000000000000 ) ;
#778 = VERTEX_POINT ( 'NONE', #1633 ) ;
#779 = VECTOR ( 'NONE', #291, 1000.000000000000000 ) ;
#780 = DIRECTION ( 'NONE',  ( 0.000000000000000000, 0.000000000000000000, -1.000000000000000000 ) ) ;
#781 = CARTESIAN_POINT ( 'NONE',  ( 30.00000000000000000, 5.000000000000000000, -20.02069142940470314 ) ) ;
#782 = AXIS2_PLACEMENT_3D ( 'NONE', #172, #737, #876 ) ;
#783 = ADVANCED_FACE ( 'NONE', ( #1614 ), #588, .F. ) ;
#784 = EDGE_LOOP ( 'NONE', ( #1203, #1806, #109, #1201 ) ) ;
#785 = CARTESIAN_POINT ( 'NONE',  ( 60.00000000000000000, 0.000000000000000000, 0.000000000000000000 ) ) ;
#786 = VERTEX_POINT ( 'NONE', #1327 ) ;
#787 = DIRECTION ( 'NONE',  ( -0.000000000000000000, -1.000000000000000000, -0.000000000000000000 ) ) ;
#788 = EDGE_LOOP ( 'NONE', ( #1642, #1131, #656, #1622 ) ) ;
#789 = CARTESIAN_POINT ( 'NONE',  ( -24.13018215910750897, -10.43165213518227574, -51.02349987313248647 ) ) ;
#790 = CARTESIAN_POINT ( 'NONE',  ( 69.99999999999998579, 3.000000000000000000, -30.02069142940470314 ) ) ;
#791 = ORIENTED_EDGE ( 'NONE', *, *, #1541, .T. ) ;
#792 = ADVANCED_FACE ( 'NONE', ( #309 ), #579, .F. ) ;
#793 = DIRECTION ( 'NONE',  ( -1.000000000000000000, 0.000000000000000000, 0.000000000000000000 ) ) ;
#794 = EDGE_LOOP ( 'NONE', ( #1254, #421 ) ) ;
#795 = AXIS2_PLACEMENT_3D ( 'NONE', #233, #670, #1116 ) ;
#796 = EDGE_CURVE ( 'NONE', #951, #1861, #1777, .T. ) ;
#797 = LINE ( 'NONE', #339, #1818 ) ;
#798 = FACE_OUTER_BOUND ( 'NONE', #239, .T. ) ;
#799 = ORIENTED_EDGE ( 'NONE', *, *, #72, .F. ) ;
#800 = CARTESIAN_POINT ( 'NONE',  ( 76.00000000000000000, 3.000000000000000000, -35.02069142940470670 ) ) ;
#801 = AXIS2_PLACEMENT_3D ( 'NONE', #209, #368, #349 ) ;
#802 = DIRECTION ( 'NONE',  ( -1.000000000000000000, -0.000000000000000000, -1.982541115402065110E-16 ) ) ;
#803 = FACE_OUTER_BOUND ( 'NONE', #21, .T. ) ;
#804 = DIRECTION ( 'NONE',  ( -0.000000000000000000, -1.000000000000000000, -0.000000000000000000 ) ) ;
#805 = EDGE_LOOP ( 'NONE', ( #1181, #1739, #547, #1631 ) ) ;
#806 = CARTESIAN_POINT ( 'NONE',  ( 40.00000000000000000, 5.000000000000000000, -32.52069142940470670 ) ) ;
#807 = ADVANCED_FACE ( 'NONE', ( #1180 ), #1339, .F. ) ;
#808 = EDGE_LOOP ( 'NONE', ( #926, #170, #1223, #1816 ) ) ;
#809 = DIRECTION ( 'NONE',  ( 0.000000000000000000, -1.000000000000000000, 0.000000000000000000 ) ) ;
#810 = VECTOR ( 'NONE', #434, 1000.000000000000000 ) ;
#811 = CARTESIAN_POINT ( 'NONE',  ( 0.000000000000000000, 5.000000000000000000, -37.02069142940469959 ) ) ;
#812 = LINE ( 'NONE', #1839, #1300 ) ;
#813 = DIRECTION ( 'NONE',  ( 0.000000000000000000, -1.000000000000000000, 0.000000000000000000 ) ) ;
#814 = EDGE_LOOP ( 'NONE', ( #1675, #750, #1786, #1615 ) ) ;
#815 = DIRECTION ( 'NONE',  ( 0.000000000000000000, 0.000000000000000000, -1.000000000000000000 ) ) ;
#816 = CARTESIAN_POINT ( 'NONE',  ( -16.00000000000000000, 0.000000000000000000, -40.02069142940470670 ) ) ;
#817 = EDGE_CURVE ( 'NONE', #147, #1157, #1746, .T. ) ;
#818 = CYLINDRICAL_SURFACE ( 'NONE', #1688, 10.00000000000000178 ) ;
#819 = CARTESIAN_POINT ( 'NONE',  ( 76.00000000000000000, 0.000000000000000000, -40.02069142940470670 ) ) ;
#820 = DIRECTION ( 'NONE',  ( 0.000000000000000000, 0.000000000000000000, -1.000000000000000000 ) ) ;
#821 = DIRECTION ( 'NONE',  ( 0.000000000000000000, 0.000000000000000000, -1.000000000000000000 ) ) ;
#822 = ORIENTED_EDGE ( 'NONE', *, *, #1802, .F. ) ;
#823 = CARTESIAN_POINT ( 'NONE',  ( 0.000000000000000000, 3.000000000000000000, 0.000000000000000000 ) ) ;
#824 = FACE_OUTER_BOUND ( 'NONE', #788, .T. ) ;
#825 = EDGE_LOOP ( 'NONE', ( #285, #1044, #558, #1893 ) ) ;
#826 = AXIS2_PLACEMENT_3D ( 'NONE', #921, #482, #780 ) ;
#827 = CARTESIAN_POINT ( 'NONE',  ( -16.00000000000000000, 3.000000000000000000, -25.02069142940469959 ) ) ;
#828 = ADVANCED_FACE ( 'NONE', ( #1036 ), #292, .T. ) ;
#829 = CARTESIAN_POINT ( 'NONE',  ( 60.00000000000000000, 5.000000000000000000, 0.000000000000000000 ) ) ;
#830 = VECTOR ( 'NONE', #1242, 1000.000000000000000 ) ;
#831 = ADVANCED_FACE ( 'NONE', ( #1348 ), #20, .T. ) ;
#832 = APPROVAL_DATE_TIME ( #417, #1757 ) ;
#833 = DIRECTION ( 'NONE',  ( -1.000000000000000000, 0.000000000000000000, 0.000000000000000000 ) ) ;
#834 = CARTESIAN_POINT ( 'NONE',  ( -11.00000000000000000, -16.00000000000000355, -55.02069142940469959 ) ) ;
#835 = VERTEX_POINT ( 'NONE', #299 ) ;
#836 = DIRECTION ( 'NONE',  ( 0.000000000000000000, 1.000000000000000000, 0.000000000000000000 ) ) ;
#837 = CARTESIAN_POINT ( 'NONE',  ( 0.000000000000000000, 3.000000000000000000, -49.99999999999999289 ) ) ;
#838 = DIRECTION ( 'NONE',  ( -0.000000000000000000, 1.000000000000000000, -0.000000000000000000 ) ) ;
#839 = DIRECTION ( 'NONE',  ( -0.000000000000000000, 1.000000000000000000, -0.000000000000000000 ) ) ;
#840 = AXIS2_PLACEMENT_3D ( 'NONE', #732, #444, #1771 ) ;
#841 = CARTESIAN_POINT ( 'NONE',  ( 30.00000000000000000, 3.000000000000000000, -40.02069142940470670 ) ) ;
#842 = VECTOR ( 'NONE', #1887, 1000.000000000000000 ) ;
#843 = DIRECTION ( 'NONE',  ( 0.000000000000000000, 0.000000000000000000, -1.000000000000000000 ) ) ;
#844 = DIRECTION ( 'NONE',  ( 0.000000000000000000, 1.000000000000000000, 0.000000000000000000 ) ) ;
#845 = ADVANCED_FACE ( 'NONE', ( #884 ), #1058, .F. ) ;
#846 = ORIENTED_EDGE ( 'NONE', *, *, #593, .T. ) ;
#847 = VERTEX_POINT ( 'NONE', #1318 ) ;
#848 = CARTESIAN_POINT ( 'NONE',  ( 10.00000000000000000, 0.000000000000000000, -60.00000000000000000 ) ) ;
#849 = EDGE_CURVE ( 'NONE', #1695, #1528, #1866, .T. ) ;
#850 = EDGE_LOOP ( 'NONE', ( #1087, #1045, #861, #1263 ) ) ;
#851 = CARTESIAN_POINT ( 'NONE',  ( 0.000000000000000000, 5.000000000000000888, -51.02349987313248647 ) ) ;
#852 = CARTESIAN_POINT ( 'NONE',  ( 0.000000000000000000, 5.000000000000000000, -52.02069142940469959 ) ) ;
#853 = ORIENTED_EDGE ( 'NONE', *, *, #1127, .T. ) ;
#854 = VERTEX_POINT ( 'NONE', #140 ) ;
#855 = EDGE_CURVE ( 'NONE', #1727, #1190, #727, .T. ) ;
#856 = CARTESIAN_POINT ( 'NONE',  ( -25.48021415178936167, 5.000000000000000888, -51.02349987313248647 ) ) ;
#857 = ADVANCED_FACE ( 'NONE', ( #427 ), #1028, .F. ) ;
#858 = LOCAL_TIME ( 21, 16, 46.00000000000000000, #865 ) ;
#859 = CARTESIAN_POINT ( 'NONE',  ( 0.000000000000000000, 5.000000000000000000, -40.02069142940470670 ) ) ;
#860 = ORIENTED_EDGE ( 'NONE', *, *, #455, .T. ) ;
#861 = ORIENTED_EDGE ( 'NONE', *, *, #1451, .F. ) ;
#862 = DIRECTION ( 'NONE',  ( -0.000000000000000000, -1.000000000000000000, 0.000000000000000000 ) ) ;
#863 = ORIENTED_EDGE ( 'NONE', *, *, #796, .T. ) ;
#864 = EDGE_CURVE ( 'NONE', #82, #1692, #1674, .T. ) ;
#865 = COORDINATED_UNIVERSAL_TIME_OFFSET ( 7, 0, .AHEAD. ) ;
#866 = DIRECTION ( 'NONE',  ( -1.000000000000000000, 0.000000000000000000, 0.000000000000000000 ) ) ;
#867 = ORIENTED_EDGE ( 'NONE', *, *, #733, .F. ) ;
#868 = CIRCLE ( 'NONE', #684, 1.249999999999997558 ) ;
#869 = DIRECTION ( 'NONE',  ( -0.000000000000000000, 0.000000000000000000, -1.000000000000000000 ) ) ;
#870 = ORIENTED_EDGE ( 'NONE', *, *, #738, .F. ) ;
#871 = VECTOR ( 'NONE', #804, 1000.000000000000000 ) ;
#872 = CARTESIAN_POINT ( 'NONE',  ( 71.00000000000000000, 0.000000000000000000, -35.02069142940470670 ) ) ;
#873 = EDGE_CURVE ( 'NONE', #419, #438, #660, .T. ) ;
#874 = DIRECTION ( 'NONE',  ( 0.000000000000000000, 0.000000000000000000, -1.000000000000000000 ) ) ;
#875 = ORIENTED_EDGE ( 'NONE', *, *, #864, .F. ) ;
#876 = DIRECTION ( 'NONE',  ( 0.000000000000000000, 0.000000000000000000, -1.000000000000000000 ) ) ;
#877 = ORIENTED_EDGE ( 'NONE', *, *, #219, .T. ) ;
#878 = DIRECTION ( 'NONE',  ( 8.673617379884035472E-16, 0.000000000000000000, -1.000000000000000000 ) ) ;
#879 = VECTOR ( 'NONE', #1514, 1000.000000000000000 ) ;
#880 = DIRECTION ( 'NONE',  ( -1.000000000000000000, 0.000000000000000000, -0.000000000000000000 ) ) ;
#881 = ADVANCED_FACE ( 'NONE', ( #1682 ), #355, .F. ) ;
#882 = ORIENTED_EDGE ( 'NONE', *, *, #1196, .F. ) ;
#883 = CARTESIAN_POINT ( 'NONE',  ( 0.000000000000000000, 8.000000000000000000, -55.02069142940469959 ) ) ;
#884 = FACE_OUTER_BOUND ( 'NONE', #653, .T. ) ;
#885 = VERTEX_POINT ( 'NONE', #631 ) ;
#886 = AXIS2_PLACEMENT_3D ( 'NONE', #1222, #1666, #359 ) ;
#887 = CARTESIAN_POINT ( 'NONE',  ( 60.00000000000000000, 3.000000000000000000, -40.02069142940470670 ) ) ;
#888 = VERTEX_POINT ( 'NONE', #1510 ) ;
#889 = DIRECTION ( 'NONE',  ( 0.000000000000000000, 1.000000000000000000, 0.000000000000000000 ) ) ;
#890 = ORIENTED_EDGE ( 'NONE', *, *, #1617, .T. ) ;
#891 = DIRECTION ( 'NONE',  ( 0.000000000000000000, -1.000000000000000000, 0.000000000000000000 ) ) ;
#892 = ORIENTED_EDGE ( 'NONE', *, *, #647, .F. ) ;
#893 = ADVANCED_FACE ( 'NONE', ( #774 ), #198, .T. ) ;
#894 = DIRECTION ( 'NONE',  ( 0.000000000000000000, -1.000000000000000000, 0.000000000000000000 ) ) ;
#895 = VERTEX_POINT ( 'NONE', #337 ) ;
#896 = AXIS2_PLACEMENT_3D ( 'NONE', #238, #247, #833 ) ;
#897 = EDGE_CURVE ( 'NONE', #151, #1808, #641, .T. ) ;
#898 = VECTOR ( 'NONE', #437, 1000.000000000000000 ) ;
#899 = ORIENTED_EDGE ( 'NONE', *, *, #700, .T. ) ;
#900 = CARTESIAN_POINT ( 'NONE',  ( -11.00000000000000000, 5.000000000000000000, -40.02069142940470670 ) ) ;
#901 = DIRECTION ( 'NONE',  ( 0.000000000000000000, -1.000000000000000000, 0.000000000000000000 ) ) ;
#902 = CARTESIAN_POINT ( 'NONE',  ( 0.000000000000000000, -16.00000000000000355, -51.02349987313248647 ) ) ;
#903 = CARTESIAN_POINT ( 'NONE',  ( 10.00000000000000000, 5.000000000000000000, 0.000000000000000000 ) ) ;
#904 = LINE ( 'NONE', #883, #718 ) ;
#905 = ORIENTED_EDGE ( 'NONE', *, *, #1796, .F. ) ;
#906 = CARTESIAN_POINT ( 'NONE',  ( 30.00000000000000000, 0.000000000000000000, -32.52069142940470670 ) ) ;
#907 = ORIENTED_EDGE ( 'NONE', *, *, #1163, .F. ) ;
#908 = EDGE_CURVE ( 'NONE', #775, #919, #187, .T. ) ;
#909 = EDGE_CURVE ( 'NONE', #468, #1493, #56, .T. ) ;
#910 = ORIENTED_EDGE ( 'NONE', *, *, #367, .F. ) ;
#911 = PLANE ( 'NONE',  #330 ) ;
#912 = DIRECTION ( 'NONE',  ( 0.000000000000000000, -1.000000000000000000, 0.000000000000000000 ) ) ;
#913 = EDGE_LOOP ( 'NONE', ( #1756, #61, #1717, #141 ) ) ;
#914 = ORIENTED_EDGE ( 'NONE', *, *, #553, .F. ) ;
#915 = APPROVAL_PERSON_ORGANIZATION ( #564, #1757, #1443 ) ;
#916 = DIRECTION ( 'NONE',  ( 0.000000000000000000, -1.000000000000000000, 0.000000000000000000 ) ) ;
#917 = ORIENTED_EDGE ( 'NONE', *, *, #258, .T. ) ;
#918 = DIRECTION ( 'NONE',  ( -0.000000000000000000, 1.000000000000000000, -0.000000000000000000 ) ) ;
#919 = VERTEX_POINT ( 'NONE', #347 ) ;
#920 = EDGE_CURVE ( 'NONE', #885, #473, #1800, .T. ) ;
#921 = CARTESIAN_POINT ( 'NONE',  ( 49.99999999999999289, 5.000000000000000000, -10.00000000000000000 ) ) ;
#922 = DIRECTION ( 'NONE',  ( 0.000000000000000000, 0.000000000000000000, -1.000000000000000000 ) ) ;
#923 = CARTESIAN_POINT ( 'NONE',  ( 10.00000000000000000, 0.000000000000000000, -10.00000000000000000 ) ) ;
#924 = AXIS2_PLACEMENT_3D ( 'NONE', #55, #324, #178 ) ;
#925 = CARTESIAN_POINT ( 'NONE',  ( -22.88018215910751252, -10.43165213518227574, 0.000000000000000000 ) ) ;
#926 = ORIENTED_EDGE ( 'NONE', *, *, #1712, .F. ) ;
#927 = CARTESIAN_POINT ( 'NONE',  ( -10.00000000000000000, 3.000000000000000000, -32.52069142940469249 ) ) ;
#928 = VECTOR ( 'NONE', #1276, 1000.000000000000000 ) ;
#929 = ORIENTED_EDGE ( 'NONE', *, *, #1541, .F. ) ;
#930 = AXIS2_PLACEMENT_3D ( 'NONE', #241, #1136, #1865 ) ;
#931 = DIRECTION ( 'NONE',  ( 0.000000000000000000, 0.000000000000000000, 1.000000000000000000 ) ) ;
#932 = CC_DESIGN_PERSON_AND_ORGANIZATION_ASSIGNMENT ( #703, #1285, ( #1719 ) ) ;
#933 = VECTOR ( 'NONE', #48, 1000.000000000000000 ) ;
#934 = CARTESIAN_POINT ( 'NONE',  ( -11.00000000000000000, 0.000000000000000000, -35.02069142940470670 ) ) ;
#935 = VERTEX_POINT ( 'NONE', #486 ) ;
#936 = EDGE_CURVE ( 'NONE', #435, #1048, #1897, .T. ) ;
#937 = DIRECTION ( 'NONE',  ( 0.000000000000000000, -1.000000000000000000, 0.000000000000000000 ) ) ;
#938 = VERTEX_POINT ( 'NONE', #1069 ) ;
#939 = DIRECTION ( 'NONE',  ( 0.000000000000000000, 0.000000000000000000, -1.000000000000000000 ) ) ;
#940 = VERTEX_POINT ( 'NONE', #1096 ) ;
#941 = CARTESIAN_POINT ( 'NONE',  ( 0.000000000000000000, 0.000000000000000000, -60.00000000000000000 ) ) ;
#942 = CARTESIAN_POINT ( 'NONE',  ( -22.48021415178936167, 2.000000000000001776, -51.02349987313248647 ) ) ;
#943 = VECTOR ( 'NONE', #362, 1000.000000000000000 ) ;
#944 = CARTESIAN_POINT ( 'NONE',  ( -10.00000000000000000, 3.000000000000000000, -27.52069142940468893 ) ) ;
#945 = DIRECTION ( 'NONE',  ( -0.000000000000000000, -1.000000000000000000, -0.000000000000000000 ) ) ;
#946 = EDGE_CURVE ( 'NONE', #847, #571, #994, .T. ) ;
#947 = ORIENTED_EDGE ( 'NONE', *, *, #1472, .T. ) ;
#948 = APPROVAL_PERSON_ORGANIZATION ( #1013, #591, #982 ) ;
#949 = CARTESIAN_POINT ( 'NONE',  ( 0.000000000000000000, 8.000000000000000000, -40.02069142940470670 ) ) ;
#950 = DIRECTION ( 'NONE',  ( -1.000000000000000000, -0.000000000000000000, -0.000000000000000000 ) ) ;
#951 = VERTEX_POINT ( 'NONE', #1399 ) ;
#952 = LINE ( 'NONE', #73, #1002 ) ;
#953 = VECTOR ( 'NONE', #1595, 1000.000000000000000 ) ;
#954 = DIRECTION ( 'NONE',  ( -0.000000000000000000, -0.000000000000000000, -1.000000000000000000 ) ) ;
#955 = ORIENTED_EDGE ( 'NONE', *, *, #1291, .T. ) ;
#956 = CIRCLE ( 'NONE', #1113, 4.999999999999997335 ) ;
#957 = CARTESIAN_POINT ( 'NONE',  ( 30.00000000000000000, 3.000000000000000000, -20.02069142940470314 ) ) ;
#958 = EDGE_LOOP ( 'NONE', ( #446, #1646, #1145, #929 ) ) ;
#959 = EDGE_CURVE ( 'NONE', #919, #1190, #1548, .T. ) ;
#960 = LINE ( 'NONE', #83, #358 ) ;
#961 = AXIS2_PLACEMENT_3D ( 'NONE', #988, #1148, #1165 ) ;
#962 = DIRECTION ( 'NONE',  ( -0.000000000000000000, -0.000000000000000000, 1.000000000000000000 ) ) ;
#963 = DIRECTION ( 'NONE',  ( -0.000000000000000000, 0.000000000000000000, 1.000000000000000000 ) ) ;
#964 = AXIS2_PLACEMENT_3D ( 'NONE', #497, #1212, #1409 ) ;
#965 = CARTESIAN_POINT ( 'NONE',  ( 30.00000000000000000, 0.000000000000000000, -20.02069142940470314 ) ) ;
#966 = ORIENTED_EDGE ( 'NONE', *, *, #1705, .T. ) ;
#967 = DIRECTION ( 'NONE',  ( -0.000000000000000000, 1.000000000000000000, -0.000000000000000000 ) ) ;
#968 = EDGE_LOOP ( 'NONE', ( #678, #183, #34, #1605 ) ) ;
#969 = EDGE_CURVE ( 'NONE', #651, #743, #1247, .T. ) ;
#970 = CARTESIAN_POINT ( 'NONE',  ( -22.48021415178936167, -16.00000000000000355, -51.02349987313248647 ) ) ;
#971 = CARTESIAN_POINT ( 'NONE',  ( 10.00000000000000000, 3.000000000000000000, -60.00000000000000000 ) ) ;
#972 = ORIENTED_EDGE ( 'NONE', *, *, #310, .T. ) ;
#973 = DIRECTION ( 'NONE',  ( -0.000000000000000000, 1.000000000000000000, -0.000000000000000000 ) ) ;
#974 = CARTESIAN_POINT ( 'NONE',  ( 19.99999999999999645, 3.000000000000000000, -32.52069142940469959 ) ) ;
#975 = ORIENTED_EDGE ( 'NONE', *, *, #16, .T. ) ;
#976 = AXIS2_PLACEMENT_3D ( 'NONE', #1167, #1880, #843 ) ;
#977 = CARTESIAN_POINT ( 'NONE',  ( -16.00000000000000000, 0.000000000000000000, -25.02069142940469959 ) ) ;
#978 = EDGE_CURVE ( 'NONE', #1048, #272, #505, .T. ) ;
#979 = CYLINDRICAL_SURFACE ( 'NONE', #1429, 2.500000000000002220 ) ;
#980 = AXIS2_PLACEMENT_3D ( 'NONE', #232, #59, #815 ) ;
#981 = EDGE_CURVE ( 'NONE', #1741, #1349, #469, .T. ) ;
#982 = APPROVAL_ROLE ( '' ) ;
#983 = DIRECTION ( 'NONE',  ( -0.000000000000000000, -1.000000000000000000, -0.000000000000000000 ) ) ;
#984 = VERTEX_POINT ( 'NONE', #1654 ) ;
#985 = DIRECTION ( 'NONE',  ( -1.000000000000000000, 0.000000000000000000, 0.000000000000000000 ) ) ;
#986 = ORIENTED_EDGE ( 'NONE', *, *, #1246, .F. ) ;
#987 = CIRCLE ( 'NONE', #521, 2.500000000000002220 ) ;
#988 = CARTESIAN_POINT ( 'NONE',  ( 0.000000000000000000, 5.000000000000000888, 0.000000000000000000 ) ) ;
#989 = VECTOR ( 'NONE', #454, 1000.000000000000000 ) ;
#990 = EDGE_CURVE ( 'NONE', #736, #201, #314, .T. ) ;
#991 = DIRECTION ( 'NONE',  ( -1.000000000000000000, 0.000000000000000000, 0.000000000000000000 ) ) ;
#992 =( NAMED_UNIT ( * ) SI_UNIT ( $, .STERADIAN. ) SOLID_ANGLE_UNIT ( ) );
#993 = CARTESIAN_POINT ( 'NONE',  ( 69.99999999999998579, 0.000000000000000000, -30.02069142940470314 ) ) ;
#994 = CIRCLE ( 'NONE', #964, 2.500000000000002220 ) ;
#995 = ADVANCED_FACE ( 'NONE', ( #1829 ), #1663, .F. ) ;
#996 = EDGE_LOOP ( 'NONE', ( #1134, #1235 ) ) ;
#997 = DIRECTION ( 'NONE',  ( 1.000000000000000000, 0.000000000000000000, 0.000000000000000000 ) ) ;
#998 = EDGE_LOOP ( 'NONE', ( #30, #32 ) ) ;
#999 = DIRECTION ( 'NONE',  ( -0.000000000000000000, -1.000000000000000000, -0.000000000000000000 ) ) ;
#1000 = ORIENTED_EDGE ( 'NONE', *, *, #873, .T. ) ;
#1001 = LINE ( 'NONE', #1749, #132 ) ;
#1002 = VECTOR ( 'NONE', #1407, 1000.000000000000000 ) ;
#1003 = LINE ( 'NONE', #1416, #342 ) ;
#1004 = LINE ( 'NONE', #834, #1794 ) ;
#1005 = EDGE_LOOP ( 'NONE', ( #42, #1097 ) ) ;
#1006 = DIRECTION ( 'NONE',  ( 0.000000000000000000, 0.000000000000000000, -1.000000000000000000 ) ) ;
#1007 = ORIENTED_EDGE ( 'NONE', *, *, #380, .T. ) ;
#1008 = EDGE_CURVE ( 'NONE', #1016, #895, #562, .T. ) ;
#1009 = CARTESIAN_POINT ( 'NONE',  ( 76.00000000000000000, 0.000000000000000000, -25.02069142940470314 ) ) ;
#1010 = ORIENTED_EDGE ( 'NONE', *, *, #1530, .T. ) ;
#1011 = DIRECTION ( 'NONE',  ( -0.000000000000000000, -0.000000000000000000, 1.000000000000000000 ) ) ;
#1012 = CIRCLE ( 'NONE', #1166, 5.000000000000000888 ) ;
#1013 = PERSON_AND_ORGANIZATION ( #1714, #573 ) ;
#1014 = CARTESIAN_POINT ( 'NONE',  ( 0.000000000000000000, 3.000000000000000000, -20.02069142940469959 ) ) ;
#1015 = CYLINDRICAL_SURFACE ( 'NONE', #524, 2.500000000000002220 ) ;
#1016 = VERTEX_POINT ( 'NONE', #1454 ) ;
#1017 = LINE ( 'NONE', #119, #165 ) ;
#1018 = EDGE_LOOP ( 'NONE', ( #1343, #274, #966, #1037, #947, #195, #1295, #745 ) ) ;
#1019 = CARTESIAN_POINT ( 'NONE',  ( 60.00000000000000000, 5.000000000000000000, 0.000000000000000000 ) ) ;
#1020 = ORIENTED_EDGE ( 'NONE', *, *, #1282, .T. ) ;
#1021 = EDGE_CURVE ( 'NONE', #264, #374, #5, .T. ) ;
#1022 = AXIS2_PLACEMENT_3D ( 'NONE', #492, #770, #1365 ) ;
#1023 = CARTESIAN_POINT ( 'NONE',  ( -21.63018215910740949, -0.9316521351822765196, -51.02349987313248647 ) ) ;
#1024 = VECTOR ( 'NONE', #117, 1000.000000000000000 ) ;
#1025 = ORIENTED_EDGE ( 'NONE', *, *, #26, .F. ) ;
#1026 = VERTEX_POINT ( 'NONE', #373 ) ;
#1027 = VECTOR ( 'NONE', #1011, 1000.000000000000000 ) ;
#1028 = CYLINDRICAL_SURFACE ( 'NONE', #432, 2.500000000000002220 ) ;
#1029 = ORIENTED_EDGE ( 'NONE', *, *, #1450, .F. ) ;
#1030 = AXIS2_PLACEMENT_3D ( 'NONE', #1789, #149, #1189 ) ;
#1031 = EDGE_CURVE ( 'NONE', #651, #361, #1566, .T. ) ;
#1032 = CARTESIAN_POINT ( 'NONE',  ( -21.63018215910751252, -10.43165213518227574, -55.02069142940469959 ) ) ;
#1033 = DIRECTION ( 'NONE',  ( -1.000000000000000000, 0.000000000000000000, 0.000000000000000000 ) ) ;
#1034 = CARTESIAN_POINT ( 'NONE',  ( 69.99999999999998579, 3.000000000000000000, -27.52069142940469604 ) ) ;
#1035 = ORIENTED_EDGE ( 'NONE', *, *, #864, .T. ) ;
#1036 = FACE_OUTER_BOUND ( 'NONE', #2, .T. ) ;
#1037 = ORIENTED_EDGE ( 'NONE', *, *, #647, .T. ) ;
#1038 = VERTEX_POINT ( 'NONE', #1735 ) ;
#1039 = SECURITY_CLASSIFICATION ( '', '', #202 ) ;
#1040 = EDGE_CURVE ( 'NONE', #1895, #938, #1850, .T. ) ;
#1041 = COORDINATED_UNIVERSAL_TIME_OFFSET ( 7, 0, .AHEAD. ) ;
#1042 = FACE_OUTER_BOUND ( 'NONE', #259, .T. ) ;
#1043 = CARTESIAN_POINT ( 'NONE',  ( 30.00000000000000000, 5.000000000000000000, -20.02069142940470314 ) ) ;
#1044 = ORIENTED_EDGE ( 'NONE', *, *, #1314, .F. ) ;
#1045 = ORIENTED_EDGE ( 'NONE', *, *, #665, .F. ) ;
#1046 = ADVANCED_FACE ( 'NONE', ( #400 ), #1142, .T. ) ;
#1047 = CARTESIAN_POINT ( 'NONE',  ( -22.48021415178936167, -13.00000000000000533, -55.02069142940469959 ) ) ;
#1048 = VERTEX_POINT ( 'NONE', #1890 ) ;
#1049 = AXIS2_PLACEMENT_3D ( 'NONE', #1894, #1289, #1885 ) ;
#1050 = LINE ( 'NONE', #163, #1068 ) ;
#1051 = ORIENTED_EDGE ( 'NONE', *, *, #1395, .F. ) ;
#1052 = CARTESIAN_POINT ( 'NONE',  ( -10.00000000000000000, 3.000000000000000000, -30.02069142940468893 ) ) ;
#1053 = VECTOR ( 'NONE', #912, 1000.000000000000000 ) ;
#1054 = LINE ( 'NONE', #1305, #462 ) ;
#1055 = EDGE_CURVE ( 'NONE', #201, #736, #1089, .T. ) ;
#1056 = ORIENTED_EDGE ( 'NONE', *, *, #1745, .F. ) ;
#1057 = DIRECTION ( 'NONE',  ( 0.000000000000000000, 0.000000000000000000, -1.000000000000000000 ) ) ;
#1058 = PLANE ( 'NONE',  #629 ) ;
#1059 = EDGE_CURVE ( 'NONE', #1765, #724, #1130, .T. ) ;
#1060 = EDGE_LOOP ( 'NONE', ( #728, #22 ) ) ;
#1061 = AXIS2_PLACEMENT_3D ( 'NONE', #852, #392, #1726 ) ;
#1062 = DIRECTION ( 'NONE',  ( -0.000000000000000000, -0.000000000000000000, -1.000000000000000000 ) ) ;
#1063 = ORIENTED_EDGE ( 'NONE', *, *, #1426, .T. ) ;
#1064 = FACE_OUTER_BOUND ( 'NONE', #1244, .T. ) ;
#1065 = ORIENTED_EDGE ( 'NONE', *, *, #1554, .F. ) ;
#1066 = DIRECTION ( 'NONE',  ( 1.000000000000000000, -0.000000000000000000, 0.000000000000000000 ) ) ;
#1067 = ORIENTED_EDGE ( 'NONE', *, *, #1114, .T. ) ;
#1068 = VECTOR ( 'NONE', #748, 1000.000000000000000 ) ;
#1069 = CARTESIAN_POINT ( 'NONE',  ( -11.00000000000000355, 5.000000000000000888, -51.02349987313248647 ) ) ;
#1070 = EDGE_LOOP ( 'NONE', ( #599, #1164 ) ) ;
#1071 = EDGE_CURVE ( 'NONE', #743, #1768, #1445, .T. ) ;
#1072 = VERTEX_POINT ( 'NONE', #971 ) ;
#1073 = DIRECTION ( 'NONE',  ( -0.000000000000000000, -0.000000000000000000, 1.000000000000000000 ) ) ;
#1074 = DIRECTION ( 'NONE',  ( -1.000000000000000000, 0.000000000000000000, 0.000000000000000000 ) ) ;
#1075 = VECTOR ( 'NONE', #1847, 1000.000000000000000 ) ;
#1076 = DIRECTION ( 'NONE',  ( 0.000000000000000000, 0.000000000000000000, -1.000000000000000000 ) ) ;
#1077 = ORIENTED_EDGE ( 'NONE', *, *, #747, .F. ) ;
#1078 = CARTESIAN_POINT ( 'NONE',  ( 76.00000000000000000, 3.000000000000000000, -25.02069142940470314 ) ) ;
#1079 = AXIS2_PLACEMENT_3D ( 'NONE', #321, #472, #1495 ) ;
#1080 = ORIENTED_EDGE ( 'NONE', *, *, #855, .T. ) ;
#1081 = EDGE_CURVE ( 'NONE', #1467, #1672, #559, .T. ) ;
#1082 = DIRECTION ( 'NONE',  ( -0.000000000000000000, -1.000000000000000000, -0.000000000000000000 ) ) ;
#1083 = CARTESIAN_POINT ( 'NONE',  ( 60.00000000000000000, 0.000000000000000000, -20.02069142940470314 ) ) ;
#1084 = EDGE_LOOP ( 'NONE', ( #401, #1589, #1153, #282 ) ) ;
#1085 = AXIS2_PLACEMENT_3D ( 'NONE', #1250, #1868, #237 ) ;
#1086 = CARTESIAN_POINT ( 'NONE',  ( 49.99999999999999289, 5.000000000000000000, -60.00000000000000000 ) ) ;
#1087 = ORIENTED_EDGE ( 'NONE', *, *, #1670, .F. ) ;
#1088 = FACE_OUTER_BOUND ( 'NONE', #1277, .T. ) ;
#1089 = CIRCLE ( 'NONE', #260, 2.500000000000009326 ) ;
#1090 = VERTEX_POINT ( 'NONE', #1124 ) ;
#1091 = CIRCLE ( 'NONE', #1553, 1.250000000000001110 ) ;
#1092 = DIRECTION ( 'NONE',  ( 1.000000000000000000, 0.000000000000000000, 0.000000000000000000 ) ) ;
#1093 = EDGE_CURVE ( 'NONE', #147, #208, #1175, .T. ) ;
#1094 = LINE ( 'NONE', #1564, #509 ) ;
#1095 = CARTESIAN_POINT ( 'NONE',  ( 0.000000000000000000, 5.000000000000000000, -20.02069142940469959 ) ) ;
#1096 = CARTESIAN_POINT ( 'NONE',  ( -11.00000000000000000, 8.000000000000000000, -52.02069142940469959 ) ) ;
#1097 = ORIENTED_EDGE ( 'NONE', *, *, #758, .T. ) ;
#1098 = DIRECTION ( 'NONE',  ( 1.000000000000000000, 0.000000000000000000, 0.000000000000000000 ) ) ;
#1099 = ORIENTED_EDGE ( 'NONE', *, *, #1249, .F. ) ;
#1100 = DIRECTION ( 'NONE',  ( 0.000000000000000000, 0.000000000000000000, -1.000000000000000000 ) ) ;
#1101 = EDGE_CURVE ( 'NONE', #1549, #1692, #686, .T. ) ;
#1102 = DIRECTION ( 'NONE',  ( 0.000000000000000000, 0.000000000000000000, -1.000000000000000000 ) ) ;
#1103 = ADVANCED_FACE ( 'NONE', ( #534 ), #1881, .F. ) ;
#1104 = ORIENTED_EDGE ( 'NONE', *, *, #531, .F. ) ;
#1105 = CARTESIAN_POINT ( 'NONE',  ( 76.00000000000000000, 0.000000000000000000, -25.02069142940470314 ) ) ;
#1106 = ORIENTED_EDGE ( 'NONE', *, *, #113, .F. ) ;
#1107 = CARTESIAN_POINT ( 'NONE',  ( 10.00000000000000000, 5.000000000000000000, -60.00000000000000000 ) ) ;
#1108 = AXIS2_PLACEMENT_3D ( 'NONE', #1401, #69, #1512 ) ;
#1109 = CARTESIAN_POINT ( 'NONE',  ( 0.000000000000000000, 3.000000000000000000, -20.02069142940469959 ) ) ;
#1110 = CARTESIAN_POINT ( 'NONE',  ( -25.48021415178936167, -13.00000000000000533, -51.02349987313248647 ) ) ;
#1111 = CARTESIAN_POINT ( 'NONE',  ( 19.99999999999999645, 5.000000000000000000, -27.52069142940470314 ) ) ;
#1112 = ORIENTED_EDGE ( 'NONE', *, *, #399, .F. ) ;
#1113 = AXIS2_PLACEMENT_3D ( 'NONE', #1194, #1217, #648 ) ;
#1114 = EDGE_CURVE ( 'NONE', #234, #301, #1003, .T. ) ;
#1115 = LINE ( 'NONE', #949, #453 ) ;
#1116 = DIRECTION ( 'NONE',  ( 0.000000000000000000, 0.000000000000000000, -1.000000000000000000 ) ) ;
#1117 = ORIENTED_EDGE ( 'NONE', *, *, #113, .T. ) ;
#1118 = VECTOR ( 'NONE', #1185, 1000.000000000000000 ) ;
#1119 = CARTESIAN_POINT ( 'NONE',  ( -3.000000000000000000, -16.00000000000000355, 0.000000000000000000 ) ) ;
#1120 = AXIS2_PLACEMENT_3D ( 'NONE', #587, #1643, #1200 ) ;
#1121 = LINE ( 'NONE', #1237, #671 ) ;
#1122 = DIRECTION ( 'NONE',  ( -0.000000000000000000, -1.000000000000000000, -0.000000000000000000 ) ) ;
#1123 = AXIS2_PLACEMENT_3D ( 'NONE', #765, #894, #1359 ) ;
#1124 = CARTESIAN_POINT ( 'NONE',  ( 40.00000000000000000, 0.000000000000000000, -32.52069142940470670 ) ) ;
#1125 = ORIENTED_EDGE ( 'NONE', *, *, #494, .F. ) ;
#1126 = DIRECTION ( 'NONE',  ( -1.000000000000000000, -0.000000000000000000, -0.000000000000000000 ) ) ;
#1127 = EDGE_CURVE ( 'NONE', #1439, #1764, #667, .T. ) ;
#1128 = FACE_OUTER_BOUND ( 'NONE', #720, .T. ) ;
#1129 = APPROVAL_STATUS ( 'not_yet_approved' ) ;
#1130 = LINE ( 'NONE', #1591, #1334 ) ;
#1131 = ORIENTED_EDGE ( 'NONE', *, *, #1712, .T. ) ;
#1132 = LINE ( 'NONE', #1009, #302 ) ;
#1133 = DIRECTION ( 'NONE',  ( -0.000000000000000000, 1.000000000000000000, -0.000000000000000000 ) ) ;
#1134 = ORIENTED_EDGE ( 'NONE', *, *, #1081, .T. ) ;
#1135 = AXIS2_PLACEMENT_3D ( 'NONE', #872, #614, #769 ) ;
#1136 = DIRECTION ( 'NONE',  ( 0.000000000000000000, -1.000000000000000000, 0.000000000000000000 ) ) ;
#1137 = EDGE_CURVE ( 'NONE', #1665, #705, #1151, .T. ) ;
#1138 = PLANE ( 'NONE',  #1405 ) ;
#1139 = ADVANCED_FACE ( 'NONE', ( #514 ), #410, .T. ) ;
#1140 = AXIS2_PLACEMENT_3D ( 'NONE', #582, #152, #518 ) ;
#1141 = DATE_TIME_ROLE ( 'creation_date' ) ;
#1142 = CYLINDRICAL_SURFACE ( 'NONE', #1061, 3.000000000000002665 ) ;
#1143 = ORIENTED_EDGE ( 'NONE', *, *, #1574, .T. ) ;
#1144 = FACE_OUTER_BOUND ( 'NONE', #825, .T. ) ;
#1145 = ORIENTED_EDGE ( 'NONE', *, *, #1172, .T. ) ;
#1146 = DIRECTION ( 'NONE',  ( 0.000000000000000000, 0.000000000000000000, -1.000000000000000000 ) ) ;
#1147 = ORIENTED_EDGE ( 'NONE', *, *, #1150, .F. ) ;
#1148 = DIRECTION ( 'NONE',  ( 0.000000000000000000, -1.000000000000000000, 0.000000000000000000 ) ) ;
#1149 = VECTOR ( 'NONE', #1322, 1000.000000000000000 ) ;
#1150 = EDGE_CURVE ( 'NONE', #1596, #1157, #1302, .T. ) ;
#1151 = LINE ( 'NONE', #384, #1519 ) ;
#1152 = VECTOR ( 'NONE', #1817, 1000.000000000000000 ) ;
#1153 = ORIENTED_EDGE ( 'NONE', *, *, #1182, .T. ) ;
#1154 = CARTESIAN_POINT ( 'NONE',  ( 60.00000000000000000, 5.000000000000000000, -40.02069142940470670 ) ) ;
#1155 = ORIENTED_EDGE ( 'NONE', *, *, #849, .F. ) ;
#1156 = CARTESIAN_POINT ( 'NONE',  ( -11.00000000000000000, 5.000000000000000000, -52.02069142940469959 ) ) ;
#1157 = VERTEX_POINT ( 'NONE', #296 ) ;
#1158 = CARTESIAN_POINT ( 'NONE',  ( 30.00000000000000000, 0.000000000000000000, -27.52069142940469959 ) ) ;
#1159 = CARTESIAN_POINT ( 'NONE',  ( -25.48021415178936167, -16.00000000000000355, -51.02349987313248647 ) ) ;
#1160 = ORIENTED_EDGE ( 'NONE', *, *, #455, .F. ) ;
#1161 = ORIENTED_EDGE ( 'NONE', *, *, #1246, .T. ) ;
#1162 = DIRECTION ( 'NONE',  ( 0.000000000000000000, -1.000000000000000000, 0.000000000000000000 ) ) ;
#1163 = EDGE_CURVE ( 'NONE', #1493, #1188, #1640, .T. ) ;
#1164 = ORIENTED_EDGE ( 'NONE', *, *, #440, .F. ) ;
#1165 = DIRECTION ( 'NONE',  ( 0.000000000000000000, -0.000000000000000000, -1.000000000000000000 ) ) ;
#1166 = AXIS2_PLACEMENT_3D ( 'NONE', #545, #262, #1742 ) ;
#1167 = CARTESIAN_POINT ( 'NONE',  ( 40.00000000000000000, 3.000000000000000000, -30.02069142940470314 ) ) ;
#1168 = FACE_BOUND ( 'NONE', #311, .T. ) ;
#1169 = ORIENTED_EDGE ( 'NONE', *, *, #1395, .T. ) ;
#1170 = CARTESIAN_POINT ( 'NONE',  ( 0.000000000000000000, 0.000000000000000000, 0.000000000000000000 ) ) ;
#1171 = ORIENTED_EDGE ( 'NONE', *, *, #320, .T. ) ;
#1172 = EDGE_CURVE ( 'NONE', #885, #763, #305, .T. ) ;
#1173 = CARTESIAN_POINT ( 'NONE',  ( 60.00000000000000000, 0.000000000000000000, -40.02069142940470670 ) ) ;
#1174 = LINE ( 'NONE', #565, #810 ) ;
#1175 = CIRCLE ( 'NONE', #1896, 2.500000000000002220 ) ;
#1176 = DIRECTION ( 'NONE',  ( -0.000000000000000000, -1.000000000000000000, -0.000000000000000000 ) ) ;
#1177 = ORIENTED_EDGE ( 'NONE', *, *, #60, .T. ) ;
#1178 = CARTESIAN_POINT ( 'NONE',  ( -24.13018215910750897, -10.43165213518227574, 0.000000000000000000 ) ) ;
#1179 = AXIS2_PLACEMENT_3D ( 'NONE', #1278, #1728, #997 ) ;
#1180 = FACE_OUTER_BOUND ( 'NONE', #958, .T. ) ;
#1181 = ORIENTED_EDGE ( 'NONE', *, *, #1908, .F. ) ;
#1182 = EDGE_CURVE ( 'NONE', #847, #854, #155, .T. ) ;
#1183 = EDGE_CURVE ( 'NONE', #1394, #1683, #1174, .T. ) ;
#1184 = PERSON_AND_ORGANIZATION_ROLE ( 'classification_officer' ) ;
#1185 = DIRECTION ( 'NONE',  ( -0.000000000000000000, -1.000000000000000000, -0.000000000000000000 ) ) ;
#1186 = CARTESIAN_POINT ( 'NONE',  ( 0.000000000000000000, -13.00000000000000533, -37.02069142940469959 ) ) ;
#1187 = EDGE_LOOP ( 'NONE', ( #418, #1834, #1000, #1446 ) ) ;
#1188 = VERTEX_POINT ( 'NONE', #1751 ) ;
#1189 = DIRECTION ( 'NONE',  ( 1.000000000000000000, 0.000000000000000000, 0.000000000000000000 ) ) ;
#1190 = VERTEX_POINT ( 'NONE', #136 ) ;
#1191 = MANIFOLD_SOLID_BREP ( 'Fillet5', #423 ) ;
#1192 = VERTEX_POINT ( 'NONE', #1023 ) ;
#1193 = ADVANCED_FACE ( 'NONE', ( #1168, #1611, #1914 ), #1784, .F. ) ;
#1194 = CARTESIAN_POINT ( 'NONE',  ( -11.00000000000000000, 3.000000000000000000, -35.02069142940470670 ) ) ;
#1195 = VECTOR ( 'NONE', #1636, 1000.000000000000000 ) ;
#1196 = EDGE_CURVE ( 'NONE', #1768, #361, #746, .T. ) ;
#1197 = CALENDAR_DATE ( 2025, 1, 10 ) ;
#1198 = CARTESIAN_POINT ( 'NONE',  ( -22.48021415178936167, 5.000000000000000888, -0.000000000000000000 ) ) ;
#1199 = CARTESIAN_POINT ( 'NONE',  ( 60.00000000000000000, 0.000000000000000000, -10.00000000000000000 ) ) ;
#1200 = DIRECTION ( 'NONE',  ( 0.000000000000000000, 0.000000000000000000, -1.000000000000000000 ) ) ;
#1201 = ORIENTED_EDGE ( 'NONE', *, *, #1369, .F. ) ;
#1202 = CARTESIAN_POINT ( 'NONE',  ( -11.00000000000000000, 3.000000000000000000, -37.02069142940469959 ) ) ;
#1203 = ORIENTED_EDGE ( 'NONE', *, *, #235, .F. ) ;
#1204 = VECTOR ( 'NONE', #918, 1000.000000000000000 ) ;
#1205 = DIRECTION ( 'NONE',  ( 0.000000000000000000, -1.000000000000000000, 0.000000000000000000 ) ) ;
#1206 = VECTOR ( 'NONE', #1073, 1000.000000000000000 ) ;
#1207 = DIRECTION ( 'NONE',  ( -0.000000000000000000, 1.000000000000000000, -0.000000000000000000 ) ) ;
#1208 = ADVANCED_FACE ( 'NONE', ( #1042 ), #1627, .T. ) ;
#1209 = ORIENTED_EDGE ( 'NONE', *, *, #504, .F. ) ;
#1210 = ORIENTED_EDGE ( 'NONE', *, *, #1182, .F. ) ;
#1211 = AXIS2_PLACEMENT_3D ( 'NONE', #1425, #1258, #546 ) ;
#1212 = DIRECTION ( 'NONE',  ( 0.000000000000000000, -1.000000000000000000, 0.000000000000000000 ) ) ;
#1213 = EDGE_LOOP ( 'NONE', ( #1658, #218 ) ) ;
#1214 = CIRCLE ( 'NONE', #1704, 2.500000000000002220 ) ;
#1215 = AXIS2_PLACEMENT_3D ( 'NONE', #1264, #63, #213 ) ;
#1216 = DIRECTION ( 'NONE',  ( 0.000000000000000000, 0.000000000000000000, -1.000000000000000000 ) ) ;
#1217 = DIRECTION ( 'NONE',  ( -0.000000000000000000, 1.000000000000000000, -0.000000000000000000 ) ) ;
#1218 = LINE ( 'NONE', #1538, #1606 ) ;
#1219 = CARTESIAN_POINT ( 'NONE',  ( 0.000000000000000000, 3.000000000000000000, -37.02069142940469959 ) ) ;
#1220 = ORIENTED_EDGE ( 'NONE', *, *, #1101, .F. ) ;
#1221 = EDGE_CURVE ( 'NONE', #322, #1695, #604, .T. ) ;
#1222 = CARTESIAN_POINT ( 'NONE',  ( 71.00000000000000000, 5.000000000000000000, -25.02069142940470314 ) ) ;
#1223 = ORIENTED_EDGE ( 'NONE', *, *, #1527, .T. ) ;
#1224 = AXIS2_PLACEMENT_3D ( 'NONE', #900, #637, #1226 ) ;
#1225 = LINE ( 'NONE', #333, #879 ) ;
#1226 = DIRECTION ( 'NONE',  ( 0.000000000000000000, 0.000000000000000000, 1.000000000000000000 ) ) ;
#1227 = CARTESIAN_POINT ( 'NONE',  ( -11.00000000000000000, 8.000000000000000000, -37.02069142940469959 ) ) ;
#1228 = DIRECTION ( 'NONE',  ( 0.000000000000000000, 1.000000000000000000, 0.000000000000000000 ) ) ;
#1229 = AXIS2_PLACEMENT_3D ( 'NONE', #191, #45, #636 ) ;
#1230 = CARTESIAN_POINT ( 'NONE',  ( -22.48021415178936167, 2.000000000000001776, -55.02069142940469959 ) ) ;
#1231 = EDGE_LOOP ( 'NONE', ( #1437, #791 ) ) ;
#1232 = CARTESIAN_POINT ( 'NONE',  ( 0.000000000000000000, 5.000000000000000000, -55.02069142940469959 ) ) ;
#1233 = AXIS2_PLACEMENT_3D ( 'NONE', #175, #1062, #611 ) ;
#1234 = EDGE_CURVE ( 'NONE', #938, #1808, #125, .T. ) ;
#1235 = ORIENTED_EDGE ( 'NONE', *, *, #95, .T. ) ;
#1236 = CARTESIAN_POINT ( 'NONE',  ( -16.00000000000000000, 0.000000000000000000, -25.02069142940469959 ) ) ;
#1237 = CARTESIAN_POINT ( 'NONE',  ( 60.00000000000000000, 0.000000000000000000, -20.02069142940470314 ) ) ;
#1238 = CARTESIAN_POINT ( 'NONE',  ( -11.00000000000000000, 5.000000000000000000, -37.02069142940469959 ) ) ;
#1239 = VECTOR ( 'NONE', #1092, 1000.000000000000000 ) ;
#1240 = DIRECTION ( 'NONE',  ( 0.000000000000000000, 1.000000000000000000, 0.000000000000000000 ) ) ;
#1241 = ORIENTED_EDGE ( 'NONE', *, *, #1163, .T. ) ;
#1242 = DIRECTION ( 'NONE',  ( -0.000000000000000000, -0.000000000000000000, 1.000000000000000000 ) ) ;
#1243 = AXIS2_PLACEMENT_3D ( 'NONE', #283, #273, #139 ) ;
#1244 = EDGE_LOOP ( 'NONE', ( #1269, #1559, #19, #1025 ) ) ;
#1245 = CARTESIAN_POINT ( 'NONE',  ( 0.000000000000000000, 8.000000000000000000, -52.02069142940469959 ) ) ;
#1246 = EDGE_CURVE ( 'NONE', #1765, #1394, #1488, .T. ) ;
#1247 = CIRCLE ( 'NONE', #68, 2.499999999999995115 ) ;
#1248 = DIRECTION ( 'NONE',  ( 0.000000000000000000, 0.000000000000000000, -1.000000000000000000 ) ) ;
#1249 = EDGE_CURVE ( 'NONE', #1665, #1686, #1582, .T. ) ;
#1250 = CARTESIAN_POINT ( 'NONE',  ( -22.88018215910740949, -0.9316521351822766306, -55.02069142940469959 ) ) ;
#1251 = DIRECTION ( 'NONE',  ( 0.000000000000000000, 1.000000000000000000, 0.000000000000000000 ) ) ;
#1252 = ORIENTED_EDGE ( 'NONE', *, *, #1876, .T. ) ;
#1253 = FACE_OUTER_BOUND ( 'NONE', #173, .T. ) ;
#1254 = ORIENTED_EDGE ( 'NONE', *, *, #176, .T. ) ;
#1255 = LINE ( 'NONE', #1119, #1830 ) ;
#1256 = CARTESIAN_POINT ( 'NONE',  ( -25.48021415178936167, 2.000000000000001776, -51.02349987313248647 ) ) ;
#1257 = ADVANCED_FACE ( 'NONE', ( #169 ), #742, .F. ) ;
#1258 = DIRECTION ( 'NONE',  ( -0.000000000000000000, -0.000000000000000000, 1.000000000000000000 ) ) ;
#1259 = VERTEX_POINT ( 'NONE', #1479 ) ;
#1260 = LOCAL_TIME ( 21, 16, 46.00000000000000000, #595 ) ;
#1261 = DIRECTION ( 'NONE',  ( 1.000000000000000000, 0.000000000000000000, 0.000000000000000000 ) ) ;
#1262 = CARTESIAN_POINT ( 'NONE',  ( 19.99999999999999645, 5.000000000000000000, -30.02069142940470314 ) ) ;
#1263 = ORIENTED_EDGE ( 'NONE', *, *, #796, .F. ) ;
#1264 = CARTESIAN_POINT ( 'NONE',  ( 71.00000000000000000, 3.000000000000000000, -35.02069142940470670 ) ) ;
#1265 = DIRECTION ( 'NONE',  ( 1.000000000000000000, 0.000000000000000000, 0.000000000000000000 ) ) ;
#1266 = CARTESIAN_POINT ( 'NONE',  ( 19.99999999999999645, 5.000000000000000000, -32.52069142940469959 ) ) ;
#1267 = EDGE_CURVE ( 'NONE', #1192, #1672, #1473, .T. ) ;
#1268 = CYLINDRICAL_SURFACE ( 'NONE', #313, 5.000000000000000888 ) ;
#1269 = ORIENTED_EDGE ( 'NONE', *, *, #981, .F. ) ;
#1270 = LINE ( 'NONE', #1298, #1888 ) ;
#1271 = FACE_BOUND ( 'NONE', #1005, .T. ) ;
#1272 = AXIS2_PLACEMENT_3D ( 'NONE', #1262, #655, #360 ) ;
#1273 = APPLICATION_CONTEXT ( 'configuration controlled 3d designs of mechanical parts and assemblies' ) ;
#1274 = VECTOR ( 'NONE', #1371, 1000.000000000000000 ) ;
#1275 = CALENDAR_DATE ( 2025, 1, 10 ) ;
#1276 = DIRECTION ( 'NONE',  ( -0.000000000000000000, -1.000000000000000000, -0.000000000000000000 ) ) ;
#1277 = EDGE_LOOP ( 'NONE', ( #1731, #755, #1602, #1477, #1252, #567 ) ) ;
#1278 = CARTESIAN_POINT ( 'NONE',  ( -3.000000000000000000, -13.00000000000000533, 0.000000000000000000 ) ) ;
#1279 = EDGE_CURVE ( 'NONE', #1048, #1259, #575, .T. ) ;
#1280 = FACE_OUTER_BOUND ( 'NONE', #913, .T. ) ;
#1281 = ORIENTED_EDGE ( 'NONE', *, *, #677, .F. ) ;
#1282 = EDGE_CURVE ( 'NONE', #1349, #919, #1054, .T. ) ;
#1283 = FACE_OUTER_BOUND ( 'NONE', #1871, .T. ) ;
#1284 = DIRECTION ( 'NONE',  ( 0.000000000000000000, 0.000000000000000000, -1.000000000000000000 ) ) ;
#1285 = PERSON_AND_ORGANIZATION_ROLE ( 'creator' ) ;
#1286 = CARTESIAN_POINT ( 'NONE',  ( -25.48021415178936167, 5.000000000000000888, -51.02349987313248647 ) ) ;
#1287 = ORIENTED_EDGE ( 'NONE', *, *, #1279, .F. ) ;
#1288 = ORIENTED_EDGE ( 'NONE', *, *, #60, .F. ) ;
#1289 = DIRECTION ( 'NONE',  ( 0.000000000000000000, -1.000000000000000000, 0.000000000000000000 ) ) ;
#1290 = VECTOR ( 'NONE', #523, 1000.000000000000000 ) ;
#1291 = EDGE_CURVE ( 'NONE', #1695, #1513, #1004, .T. ) ;
#1292 = AXIS2_PLACEMENT_3D ( 'NONE', #1320, #1504, #1341 ) ;
#1293 = DIRECTION ( 'NONE',  ( 0.000000000000000000, -1.000000000000000000, 0.000000000000000000 ) ) ;
#1294 = DIRECTION ( 'NONE',  ( -1.000000000000000000, 0.000000000000000000, 0.000000000000000000 ) ) ;
#1295 = ORIENTED_EDGE ( 'NONE', *, *, #897, .F. ) ;
#1296 = FACE_OUTER_BOUND ( 'NONE', #692, .T. ) ;
#1297 = ORIENTED_EDGE ( 'NONE', *, *, #593, .F. ) ;
#1298 = CARTESIAN_POINT ( 'NONE',  ( 69.99999999999998579, 5.000000000000000000, -32.52069142940471380 ) ) ;
#1299 = ORIENTED_EDGE ( 'NONE', *, *, #320, .F. ) ;
#1300 = VECTOR ( 'NONE', #255, 1000.000000000000000 ) ;
#1301 = VECTOR ( 'NONE', #1033, 1000.000000000000000 ) ;
#1302 = CIRCLE ( 'NONE', #1370, 2.500000000000002220 ) ;
#1303 = ADVANCED_FACE ( 'NONE', ( #676 ), #1268, .T. ) ;
#1304 = APPLICATION_PROTOCOL_DEFINITION ( 'international standard', 'config_control_design', 1994, #1273 ) ;
#1305 = CARTESIAN_POINT ( 'NONE',  ( 0.000000000000000000, 3.000000000000000000, -37.02069142940469959 ) ) ;
#1306 = CIRCLE ( 'NONE', #122, 2.500000000000002220 ) ;
#1307 = VECTOR ( 'NONE', #1492, 1000.000000000000000 ) ;
#1308 = ORIENTED_EDGE ( 'NONE', *, *, #771, .T. ) ;
#1309 = CARTESIAN_POINT ( 'NONE',  ( -11.00000000000000000, 3.000000000000000000, -20.02069142940469959 ) ) ;
#1310 = FACE_BOUND ( 'NONE', #1060, .T. ) ;
#1311 = ORIENTED_EDGE ( 'NONE', *, *, #1783, .F. ) ;
#1312 = DIRECTION ( 'NONE',  ( 0.000000000000000000, 0.000000000000000000, -1.000000000000000000 ) ) ;
#1313 = LINE ( 'NONE', #145, #659 ) ;
#1314 = EDGE_CURVE ( 'NONE', #895, #1901, #137, .T. ) ;
#1315 = EDGE_LOOP ( 'NONE', ( #1160, #870, #799, #1503 ) ) ;
#1316 = LINE ( 'NONE', #1872, #592 ) ;
#1317 = AXIS2_PLACEMENT_3D ( 'NONE', #1052, #628, #922 ) ;
#1318 = CARTESIAN_POINT ( 'NONE',  ( 30.00000000000000000, 3.000000000000000000, -42.52069142940470670 ) ) ;
#1319 = VERTEX_POINT ( 'NONE', #1034 ) ;
#1320 = CARTESIAN_POINT ( 'NONE',  ( -22.88018215910751252, -10.43165213518227574, -51.02349987313248647 ) ) ;
#1321 = AXIS2_PLACEMENT_3D ( 'NONE', #35, #1913, #583 ) ;
#1322 = DIRECTION ( 'NONE',  ( 0.000000000000000000, 0.000000000000000000, -1.000000000000000000 ) ) ;
#1323 = CIRCLE ( 'NONE', #483, 2.500000000000002220 ) ;
#1324 = ORIENTED_EDGE ( 'NONE', *, *, #1691, .F. ) ;
#1325 = DIRECTION ( 'NONE',  ( 0.000000000000000000, 0.000000000000000000, -1.000000000000000000 ) ) ;
#1326 = EDGE_CURVE ( 'NONE', #699, #412, #1550, .T. ) ;
#1327 = CARTESIAN_POINT ( 'NONE',  ( 10.00000000000000000, 0.000000000000000000, 0.000000000000000000 ) ) ;
#1328 = EDGE_LOOP ( 'NONE', ( #500, #846 ) ) ;
#1329 = ADVANCED_FACE ( 'NONE', ( #445 ), #1015, .F. ) ;
#1330 = DIRECTION ( 'NONE',  ( 0.000000000000000000, -1.000000000000000000, 0.000000000000000000 ) ) ;
#1331 = AXIS2_PLACEMENT_3D ( 'NONE', #923, #772, #1827 ) ;
#1332 = DIRECTION ( 'NONE',  ( 0.000000000000000000, 1.000000000000000000, 0.000000000000000000 ) ) ;
#1333 = DIRECTION ( 'NONE',  ( 0.000000000000000000, 0.000000000000000000, 1.000000000000000000 ) ) ;
#1334 = VECTOR ( 'NONE', #106, 1000.000000000000000 ) ;
#1335 = DIRECTION ( 'NONE',  ( 0.000000000000000000, 0.000000000000000000, 1.000000000000000000 ) ) ;
#1336 = ORIENTED_EDGE ( 'NONE', *, *, #712, .T. ) ;
#1337 = CARTESIAN_POINT ( 'NONE',  ( -25.48021415178936167, -13.00000000000000533, -55.02069142940469959 ) ) ;
#1338 = VECTOR ( 'NONE', #252, 1000.000000000000000 ) ;
#1339 = CYLINDRICAL_SURFACE ( 'NONE', #466, 2.500000000000002220 ) ;
#1340 = ORIENTED_EDGE ( 'NONE', *, *, #1101, .T. ) ;
#1341 = DIRECTION ( 'NONE',  ( -1.000000000000000000, 0.000000000000000000, 0.000000000000000000 ) ) ;
#1342 = EDGE_CURVE ( 'NONE', #234, #1874, #306, .T. ) ;
#1343 = ORIENTED_EDGE ( 'NONE', *, *, #657, .T. ) ;
#1344 = CARTESIAN_POINT ( 'NONE',  ( 40.00000000000000000, 5.000000000000000000, -30.02069142940470314 ) ) ;
#1345 = CARTESIAN_POINT ( 'NONE',  ( 0.000000000000000000, 3.000000000000000000, -37.02069142940469959 ) ) ;
#1346 = EDGE_LOOP ( 'NONE', ( #1655, #914, #907, #71 ) ) ;
#1347 = CARTESIAN_POINT ( 'NONE',  ( 76.00000000000000000, 0.000000000000000000, -35.02069142940470670 ) ) ;
#1348 = FACE_OUTER_BOUND ( 'NONE', #463, .T. ) ;
#1349 = VERTEX_POINT ( 'NONE', #1345 ) ;
#1350 = DIRECTION ( 'NONE',  ( 0.000000000000000000, 0.000000000000000000, -1.000000000000000000 ) ) ;
#1351 = CIRCLE ( 'NONE', #1317, 2.500000000000002220 ) ;
#1352 = EDGE_CURVE ( 'NONE', #895, #1895, #1641, .T. ) ;
#1353 = CARTESIAN_POINT ( 'NONE',  ( 60.00000000000000000, 3.000000000000000000, -20.02069142940470314 ) ) ;
#1354 = FACE_OUTER_BOUND ( 'NONE', #1531, .T. ) ;
#1355 = DIRECTION ( 'NONE',  ( -0.000000000000000000, -0.000000000000000000, -1.000000000000000000 ) ) ;
#1356 = CARTESIAN_POINT ( 'NONE',  ( 49.99999999999999289, 5.000000000000000000, 0.000000000000000000 ) ) ;
#1357 = CARTESIAN_POINT ( 'NONE',  ( -11.00000000000000000, 5.000000000000000888, -55.02069142940469959 ) ) ;
#1358 = ORIENTED_EDGE ( 'NONE', *, *, #712, .F. ) ;
#1359 = DIRECTION ( 'NONE',  ( 0.000000000000000000, 0.000000000000000000, -1.000000000000000000 ) ) ;
#1360 = ORIENTED_EDGE ( 'NONE', *, *, #1705, .F. ) ;
#1361 = CIRCLE ( 'NONE', #1292, 1.249999999999997558 ) ;
#1362 = CARTESIAN_POINT ( 'NONE',  ( 30.00000000000000000, 3.000000000000000000, -27.52069142940469959 ) ) ;
#1363 = ORIENTED_EDGE ( 'NONE', *, *, #1055, .T. ) ;
#1364 = DIRECTION ( 'NONE',  ( 1.000000000000000000, 0.000000000000000000, -0.000000000000000000 ) ) ;
#1365 = DIRECTION ( 'NONE',  ( 0.000000000000000000, 0.000000000000000000, 1.000000000000000000 ) ) ;
#1366 = CIRCLE ( 'NONE', #1022, 2.499999999999998668 ) ;
#1367 = EDGE_CURVE ( 'NONE', #699, #1903, #1601, .T. ) ;
#1368 = ORIENTED_EDGE ( 'NONE', *, *, #1889, .F. ) ;
#1369 = EDGE_CURVE ( 'NONE', #586, #835, #1313, .T. ) ;
#1370 = AXIS2_PLACEMENT_3D ( 'NONE', #965, #844, #1333 ) ;
#1371 = DIRECTION ( 'NONE',  ( 0.000000000000000000, 0.000000000000000000, -1.000000000000000000 ) ) ;
#1372 = EDGE_LOOP ( 'NONE', ( #403, #1336, #697, #633 ) ) ;
#1373 = CIRCLE ( 'NONE', #795, 5.000000000000000888 ) ;
#1374 = FACE_OUTER_BOUND ( 'NONE', #668, .T. ) ;
#1375 = VECTOR ( 'NONE', #690, 1000.000000000000000 ) ;
#1376 = EDGE_LOOP ( 'NONE', ( #1484, #517, #1065, #96 ) ) ;
#1377 = CARTESIAN_POINT ( 'NONE',  ( -16.00000000000000000, 0.000000000000000000, -35.02069142940470670 ) ) ;
#1378 = CARTESIAN_POINT ( 'NONE',  ( 30.00000000000000000, 0.000000000000000000, -20.02069142940470314 ) ) ;
#1379 = LINE ( 'NONE', #1256, #1075 ) ;
#1380 = DIRECTION ( 'NONE',  ( -1.000000000000000000, 0.000000000000000000, 0.000000000000000000 ) ) ;
#1381 = DIRECTION ( 'NONE',  ( 0.000000000000000000, 0.000000000000000000, -1.000000000000000000 ) ) ;
#1382 = EDGE_CURVE ( 'NONE', #473, #1882, #1017, .T. ) ;
#1383 = ORIENTED_EDGE ( 'NONE', *, *, #4, .T. ) ;
#1384 = DIRECTION ( 'NONE',  ( 0.000000000000000000, 0.000000000000000000, -1.000000000000000000 ) ) ;
#1385 = ORIENTED_EDGE ( 'NONE', *, *, #920, .T. ) ;
#1386 = CARTESIAN_POINT ( 'NONE',  ( 0.000000000000000000, 5.000000000000000000, -55.02069142940469959 ) ) ;
#1387 = DIRECTION ( 'NONE',  ( 0.000000000000000000, 0.000000000000000000, -1.000000000000000000 ) ) ;
#1388 = ORIENTED_EDGE ( 'NONE', *, *, #1342, .T. ) ;
#1389 = DIRECTION ( 'NONE',  ( -0.000000000000000000, -1.000000000000000000, -0.000000000000000000 ) ) ;
#1390 = ORIENTED_EDGE ( 'NONE', *, *, #1597, .F. ) ;
#1391 = ADVANCED_FACE ( 'NONE', ( #108 ), #1593, .F. ) ;
#1392 = DIRECTION ( 'NONE',  ( 0.000000000000000000, -1.000000000000000000, 0.000000000000000000 ) ) ;
#1393 = VECTOR ( 'NONE', #1126, 1000.000000000000000 ) ;
#1394 = VERTEX_POINT ( 'NONE', #1309 ) ;
#1395 = EDGE_CURVE ( 'NONE', #716, #322, #590, .T. ) ;
#1396 = CARTESIAN_POINT ( 'NONE',  ( 60.00000000000000000, 5.000000000000000000, -20.02069142940470314 ) ) ;
#1397 = LINE ( 'NONE', #1471, #244 ) ;
#1398 = DIRECTION ( 'NONE',  ( -1.000000000000000000, 0.000000000000000000, -0.000000000000000000 ) ) ;
#1399 = CARTESIAN_POINT ( 'NONE',  ( 71.00000000000000000, 0.000000000000000000, -20.02069142940470314 ) ) ;
#1400 = ORIENTED_EDGE ( 'NONE', *, *, #219, .F. ) ;
#1401 = CARTESIAN_POINT ( 'NONE',  ( 0.000000000000000000, 5.000000000000000000, -40.02069142940470670 ) ) ;
#1402 = DIRECTION ( 'NONE',  ( 0.000000000000000000, 0.000000000000000000, -1.000000000000000000 ) ) ;
#1403 = VECTOR ( 'NONE', #704, 1000.000000000000000 ) ;
#1404 = ORIENTED_EDGE ( 'NONE', *, *, #959, .F. ) ;
#1405 = AXIS2_PLACEMENT_3D ( 'NONE', #1396, #1248, #1836 ) ;
#1406 = EDGE_CURVE ( 'NONE', #1072, #1613, #404, .T. ) ;
#1407 = DIRECTION ( 'NONE',  ( 0.000000000000000000, 0.000000000000000000, -1.000000000000000000 ) ) ;
#1408 = DIRECTION ( 'NONE',  ( 0.000000000000000000, -1.000000000000000000, 0.000000000000000000 ) ) ;
#1409 = DIRECTION ( 'NONE',  ( 0.000000000000000000, 0.000000000000000000, -1.000000000000000000 ) ) ;
#1410 = ORIENTED_EDGE ( 'NONE', *, *, #1472, .F. ) ;
#1411 = DIRECTION ( 'NONE',  ( -0.000000000000000000, -1.000000000000000000, -0.000000000000000000 ) ) ;
#1412 = CYLINDRICAL_SURFACE ( 'NONE', #194, 1.249999999999997558 ) ;
#1413 = FACE_OUTER_BOUND ( 'NONE', #580, .T. ) ;
#1414 = ADVANCED_FACE ( 'NONE', ( #1144 ), #127, .T. ) ;
#1415 = CARTESIAN_POINT ( 'NONE',  ( 30.00000000000000000, 3.000000000000000000, -22.52069142940470670 ) ) ;
#1416 = CARTESIAN_POINT ( 'NONE',  ( -16.00000000000000000, 3.000000000000000000, 0.000000000000000000 ) ) ;
#1417 = DIRECTION ( 'NONE',  ( 1.000000000000000000, 0.000000000000000000, 0.000000000000000000 ) ) ;
#1418 = ORIENTED_EDGE ( 'NONE', *, *, #356, .T. ) ;
#1419 = CIRCLE ( 'NONE', #1747, 2.499999999999995115 ) ;
#1420 = DIRECTION ( 'NONE',  ( 0.000000000000000000, 1.000000000000000000, 0.000000000000000000 ) ) ;
#1421 = DIRECTION ( 'NONE',  ( 0.000000000000000000, 1.000000000000000000, 0.000000000000000000 ) ) ;
#1422 = CARTESIAN_POINT ( 'NONE',  ( 60.00000000000000000, 3.000000000000000000, -49.99999999999999289 ) ) ;
#1423 = DIRECTION ( 'NONE',  ( -1.000000000000000000, 0.000000000000000000, 0.000000000000000000 ) ) ;
#1424 = PERSON_AND_ORGANIZATION_ROLE ( 'creator' ) ;
#1425 = CARTESIAN_POINT ( 'NONE',  ( -3.000000000000000000, -13.00000000000000533, -51.02349987313248647 ) ) ;
#1426 = EDGE_CURVE ( 'NONE', #1549, #412, #717, .T. ) ;
#1427 = ORIENTED_EDGE ( 'NONE', *, *, #4, .F. ) ;
#1428 = DIRECTION ( 'NONE',  ( -0.000000000000000000, 1.000000000000000000, -0.000000000000000000 ) ) ;
#1429 = AXIS2_PLACEMENT_3D ( 'NONE', #104, #1122, #383 ) ;
#1430 = DIRECTION ( 'NONE',  ( 0.000000000000000000, 0.000000000000000000, 1.000000000000000000 ) ) ;
#1431 = VERTEX_POINT ( 'NONE', #1468 ) ;
#1432 = VECTOR ( 'NONE', #1499, 1000.000000000000000 ) ;
#1433 = FACE_OUTER_BOUND ( 'NONE', #230, .T. ) ;
#1434 = FACE_BOUND ( 'NONE', #1231, .T. ) ;
#1435 = AXIS2_PLACEMENT_3D ( 'NONE', #1844, #510, #672 ) ;
#1436 = DIRECTION ( 'NONE',  ( 0.000000000000000000, 0.000000000000000000, -1.000000000000000000 ) ) ;
#1437 = ORIENTED_EDGE ( 'NONE', *, *, #1875, .T. ) ;
#1438 = DIRECTION ( 'NONE',  ( 0.000000000000000000, -1.000000000000000000, 0.000000000000000000 ) ) ;
#1439 = VERTEX_POINT ( 'NONE', #568 ) ;
#1440 = ADVANCED_FACE ( 'NONE', ( #1296 ), #1568, .F. ) ;
#1441 = CARTESIAN_POINT ( 'NONE',  ( 0.000000000000000000, 0.000000000000000000, -40.02069142940470670 ) ) ;
#1442 = ORIENTED_EDGE ( 'NONE', *, *, #158, .F. ) ;
#1443 = APPROVAL_ROLE ( '' ) ;
#1444 = CIRCLE ( 'NONE', #1224, 3.000000000000002665 ) ;
#1445 = LINE ( 'NONE', #1266, #928 ) ;
#1446 = ORIENTED_EDGE ( 'NONE', *, *, #411, .T. ) ;
#1447 = VERTEX_POINT ( 'NONE', #725 ) ;
#1448 = CARTESIAN_POINT ( 'NONE',  ( 40.00000000000000000, 0.000000000000000000, -27.52069142940469959 ) ) ;
#1449 = LOCAL_TIME ( 21, 16, 46.00000000000000000, #1041 ) ;
#1450 = EDGE_CURVE ( 'NONE', #610, #1467, #1316, .T. ) ;
#1451 = EDGE_CURVE ( 'NONE', #1861, #605, #100, .T. ) ;
#1452 = CIRCLE ( 'NONE', #1233, 3.000000000000000000 ) ;
#1453 = DIRECTION ( 'NONE',  ( 0.000000000000000000, 0.000000000000000000, 1.000000000000000000 ) ) ;
#1454 = CARTESIAN_POINT ( 'NONE',  ( -3.000000000000006217, -16.00000000000000355, -51.02349987313248647 ) ) ;
#1455 = ORIENTED_EDGE ( 'NONE', *, *, #1506, .F. ) ;
#1456 = ORIENTED_EDGE ( 'NONE', *, *, #981, .T. ) ;
#1457 = FACE_BOUND ( 'NONE', #998, .T. ) ;
#1458 = EDGE_LOOP ( 'NONE', ( #307, #1117 ) ) ;
#1459 = CIRCLE ( 'NONE', #741, 2.499999999999998668 ) ;
#1460 = CC_DESIGN_DATE_AND_TIME_ASSIGNMENT ( #105, #1141, ( #1905 ) ) ;
#1461 = AXIS2_PLACEMENT_3D ( 'NONE', #616, #1772, #177 ) ;
#1462 = EDGE_CURVE ( 'NONE', #610, #1192, #1091, .T. ) ;
#1463 = CIRCLE ( 'NONE', #1435, 2.500000000000002220 ) ;
#1464 = VECTOR ( 'NONE', #1100, 1000.000000000000000 ) ;
#1465 = PERSON_AND_ORGANIZATION ( #1714, #573 ) ;
#1466 = AXIS2_PLACEMENT_3D ( 'NONE', #1690, #813, #1076 ) ;
#1467 = VERTEX_POINT ( 'NONE', #10 ) ;
#1468 = CARTESIAN_POINT ( 'NONE',  ( 0.000000000000000000, 3.000000000000000000, -10.00000000000000000 ) ) ;
#1469 = CARTESIAN_POINT ( 'NONE',  ( 0.000000000000000000, 5.000000000000000888, -40.02069142940470670 ) ) ;
#1470 = EDGE_LOOP ( 'NONE', ( #1649, #1831, #1792, #1147 ) ) ;
#1471 = CARTESIAN_POINT ( 'NONE',  ( 76.00000000000000000, 3.000000000000000000, 0.000000000000000000 ) ) ;
#1472 = EDGE_CURVE ( 'NONE', #272, #938, #1753, .T. ) ;
#1473 = LINE ( 'NONE', #144, #1149 ) ;
#1474 = ORIENTED_EDGE ( 'NONE', *, *, #502, .T. ) ;
#1475 = FACE_OUTER_BOUND ( 'NONE', #1372, .T. ) ;
#1476 = DIRECTION ( 'NONE',  ( -0.000000000000000000, -1.000000000000000000, -0.000000000000000000 ) ) ;
#1477 = ORIENTED_EDGE ( 'NONE', *, *, #701, .T. ) ;
#1478 = DIRECTION ( 'NONE',  ( 0.000000000000000000, 0.000000000000000000, -1.000000000000000000 ) ) ;
#1479 = CARTESIAN_POINT ( 'NONE',  ( -22.48021415178936167, 5.000000000000000888, -51.02349987313248647 ) ) ;
#1480 = EDGE_LOOP ( 'NONE', ( #905, #487, #44, #101 ) ) ;
#1481 = DIRECTION ( 'NONE',  ( 0.000000000000000000, 0.000000000000000000, -1.000000000000000000 ) ) ;
#1482 = FACE_OUTER_BOUND ( 'NONE', #171, .T. ) ;
#1483 = EDGE_CURVE ( 'NONE', #276, #1901, #904, .T. ) ;
#1484 = ORIENTED_EDGE ( 'NONE', *, *, #1406, .F. ) ;
#1485 = CARTESIAN_POINT ( 'NONE',  ( 0.000000000000000000, 3.000000000000000000, -37.02069142940469959 ) ) ;
#1486 = ORIENTED_EDGE ( 'NONE', *, *, #422, .F. ) ;
#1487 = CARTESIAN_POINT ( 'NONE',  ( -11.00000000000000000, 5.000000000000000888, -55.02069142940469959 ) ) ;
#1488 = LINE ( 'NONE', #1014, #1301 ) ;
#1489 = AXIS2_PLACEMENT_3D ( 'NONE', #1892, #1428, #1006 ) ;
#1490 = ORIENTED_EDGE ( 'NONE', *, *, #733, .T. ) ;
#1491 = ORIENTED_EDGE ( 'NONE', *, *, #1040, .T. ) ;
#1492 = DIRECTION ( 'NONE',  ( 0.000000000000000000, 1.000000000000000000, 0.000000000000000000 ) ) ;
#1493 = VERTEX_POINT ( 'NONE', #29 ) ;
#1494 = ADVANCED_FACE ( 'NONE', ( #1475 ), #148, .F. ) ;
#1495 = DIRECTION ( 'NONE',  ( -1.000000000000000000, 0.000000000000000000, 0.000000000000000000 ) ) ;
#1496 = ORIENTED_EDGE ( 'NONE', *, *, #936, .F. ) ;
#1497 = CARTESIAN_POINT ( 'NONE',  ( 30.00000000000000000, 5.000000000000000000, -17.52069142940469959 ) ) ;
#1498 = UNCERTAINTY_MEASURE_WITH_UNIT (LENGTH_MEASURE( 1.000000000000000082E-05 ), #713, 'distance_accuracy_value', 'NONE');
#1499 = DIRECTION ( 'NONE',  ( 0.000000000000000000, -1.000000000000000000, -0.000000000000000000 ) ) ;
#1500 = DIRECTION ( 'NONE',  ( 0.000000000000000000, -1.000000000000000000, 0.000000000000000000 ) ) ;
#1501 = LINE ( 'NONE', #1178, #1676 ) ;
#1502 = DIRECTION ( 'NONE',  ( 0.000000000000000000, 0.000000000000000000, 1.000000000000000000 ) ) ;
#1503 = ORIENTED_EDGE ( 'NONE', *, *, #16, .F. ) ;
#1504 = DIRECTION ( 'NONE',  ( -0.000000000000000000, -0.000000000000000000, 1.000000000000000000 ) ) ;
#1505 = EDGE_LOOP ( 'NONE', ( #1486, #269, #899, #357 ) ) ;
#1506 = EDGE_CURVE ( 'NONE', #82, #1900, #344, .T. ) ;
#1507 = DIRECTION ( 'NONE',  ( 0.000000000000000000, -0.000000000000000000, 1.000000000000000000 ) ) ;
#1508 = FACE_OUTER_BOUND ( 'NONE', #1018, .T. ) ;
#1509 = CARTESIAN_POINT ( 'NONE',  ( -10.00000000000000000, 0.000000000000000000, -30.02069142940468893 ) ) ;
#1510 = CARTESIAN_POINT ( 'NONE',  ( -11.00000000000000000, 3.000000000000000000, -37.02069142940469959 ) ) ;
#1511 = ORIENTED_EDGE ( 'NONE', *, *, #1745, .T. ) ;
#1512 = DIRECTION ( 'NONE',  ( 1.000000000000000000, 0.000000000000000000, -0.000000000000000000 ) ) ;
#1513 = VERTEX_POINT ( 'NONE', #606 ) ;
#1514 = DIRECTION ( 'NONE',  ( -0.000000000000000000, 1.000000000000000000, 0.000000000000000000 ) ) ;
#1515 = FACE_OUTER_BOUND ( 'NONE', #1470, .T. ) ;
#1516 = VECTOR ( 'NONE', #1500, 1000.000000000000000 ) ;
#1517 = ADVANCED_FACE ( 'NONE', ( #577 ), #1916, .F. ) ;
#1518 = ORIENTED_EDGE ( 'NONE', *, *, #1326, .F. ) ;
#1519 = VECTOR ( 'NONE', #1576, 1000.000000000000000 ) ;
#1520 = CARTESIAN_POINT ( 'NONE',  ( -11.00000000000000000, 3.000000000000000000, -40.02069142940470670 ) ) ;
#1521 = AXIS2_PLACEMENT_3D ( 'NONE', #242, #236, #1535 ) ;
#1522 = ORIENTED_EDGE ( 'NONE', *, *, #1554, .T. ) ;
#1523 = CIRCLE ( 'NONE', #930, 10.00000000000000178 ) ;
#1524 = CYLINDRICAL_SURFACE ( 'NONE', #1572, 2.499999999999995115 ) ;
#1525 = VECTOR ( 'NONE', #1389, 1000.000000000000000 ) ;
#1526 = VERTEX_POINT ( 'NONE', #1347 ) ;
#1527 = EDGE_CURVE ( 'NONE', #264, #984, #1501, .T. ) ;
#1528 = VERTEX_POINT ( 'NONE', #1337 ) ;
#1529 = CARTESIAN_POINT ( 'NONE',  ( -25.48021415178936167, 5.000000000000000888, -55.02069142940469959 ) ) ;
#1530 = EDGE_CURVE ( 'NONE', #1026, #940, #1774, .T. ) ;
#1531 = EDGE_LOOP ( 'NONE', ( #1822, #1511, #972, #348, #290, #687, #1522, #222, #1241, #328, #138, #753, #1143, #406, #548, #875, #1667, #1442, #1843, #1811 ) ) ;
#1532 = CARTESIAN_POINT ( 'NONE',  ( -25.48021415178936167, 2.000000000000001776, -51.02349987313248647 ) ) ;
#1533 = ORIENTED_EDGE ( 'NONE', *, *, #1150, .T. ) ;
#1534 = CIRCLE ( 'NONE', #143, 2.500000000000002220 ) ;
#1535 = DIRECTION ( 'NONE',  ( -1.000000000000000000, 0.000000000000000000, -0.000000000000000000 ) ) ;
#1536 = APPROVAL_PERSON_ORGANIZATION ( #1770, #277, #1626 ) ;
#1537 = DIRECTION ( 'NONE',  ( -1.000000000000000000, 0.000000000000000000, 0.000000000000000000 ) ) ;
#1538 = CARTESIAN_POINT ( 'NONE',  ( 0.000000000000000000, 3.000000000000000000, -37.02069142940469959 ) ) ;
#1539 = CARTESIAN_POINT ( 'NONE',  ( 49.99999999999999289, 5.000000000000000000, -49.99999999999999289 ) ) ;
#1540 = ORIENTED_EDGE ( 'NONE', *, *, #909, .T. ) ;
#1541 = EDGE_CURVE ( 'NONE', #1882, #763, #1463, .T. ) ;
#1542 = DIRECTION ( 'NONE',  ( 0.000000000000000000, 0.000000000000000000, -1.000000000000000000 ) ) ;
#1543 = CARTESIAN_POINT ( 'NONE',  ( 40.00000000000000000, 3.000000000000000000, -27.52069142940469959 ) ) ;
#1544 = VECTOR ( 'NONE', #644, 1000.000000000000000 ) ;
#1545 = ORIENTED_EDGE ( 'NONE', *, *, #1597, .T. ) ;
#1546 = CARTESIAN_POINT ( 'NONE',  ( 0.000000000000000000, 3.000000000000000000, 0.000000000000000000 ) ) ;
#1547 = FACE_OUTER_BOUND ( 'NONE', #1376, .T. ) ;
#1548 = LINE ( 'NONE', #652, #871 ) ;
#1549 = VERTEX_POINT ( 'NONE', #381 ) ;
#1550 = CIRCLE ( 'NONE', #1461, 10.00000000000000000 ) ;
#1551 = LINE ( 'NONE', #1833, #1664 ) ;
#1552 = CARTESIAN_POINT ( 'NONE',  ( -22.88018215910751252, -10.43165213518227574, -55.02069142940469959 ) ) ;
#1553 = AXIS2_PLACEMENT_3D ( 'NONE', #394, #317, #157 ) ;
#1554 = EDGE_CURVE ( 'NONE', #1727, #663, #1523, .T. ) ;
#1555 = EDGE_LOOP ( 'NONE', ( #52, #768, #1624, #1491, #1787, #467, #1390, #1169 ) ) ;
#1556 = PLANE ( 'NONE',  #1521 ) ;
#1557 = LINE ( 'NONE', #214, #416 ) ;
#1558 = DIRECTION ( 'NONE',  ( 0.000000000000000000, 0.000000000000000000, 1.000000000000000000 ) ) ;
#1559 = ORIENTED_EDGE ( 'NONE', *, *, #1691, .T. ) ;
#1560 = CARTESIAN_POINT ( 'NONE',  ( 69.99999999999998579, 0.000000000000000000, -32.52069142940471380 ) ) ;
#1561 = ORIENTED_EDGE ( 'NONE', *, *, #1059, .F. ) ;
#1562 = DIRECTION ( 'NONE',  ( -0.000000000000000000, 1.000000000000000000, 0.000000000000000000 ) ) ;
#1563 = EDGE_CURVE ( 'NONE', #1683, #724, #709, .T. ) ;
#1564 = CARTESIAN_POINT ( 'NONE',  ( -21.63018215910751252, -10.43165213518227574, 0.000000000000000000 ) ) ;
#1565 = MECHANICAL_CONTEXT ( 'NONE', #439, 'mechanical' ) ;
#1566 = LINE ( 'NONE', #1111, #37 ) ;
#1567 = ORIENTED_EDGE ( 'NONE', *, *, #1221, .F. ) ;
#1568 = PLANE ( 'NONE',  #464 ) ;
#1569 = CIRCLE ( 'NONE', #54, 2.500000000000005773 ) ;
#1570 = CARTESIAN_POINT ( 'NONE',  ( 40.00000000000000000, 0.000000000000000000, -30.02069142940470314 ) ) ;
#1571 = LINE ( 'NONE', #681, #1027 ) ;
#1572 = AXIS2_PLACEMENT_3D ( 'NONE', #200, #787, #1384 ) ;
#1573 = DIRECTION ( 'NONE',  ( 0.000000000000000000, 0.000000000000000000, -1.000000000000000000 ) ) ;
#1574 = EDGE_CURVE ( 'NONE', #1526, #520, #1571, .T. ) ;
#1575 = CALENDAR_DATE ( 2025, 1, 10 ) ;
#1576 = DIRECTION ( 'NONE',  ( -0.000000000000000000, -1.000000000000000000, -0.000000000000000000 ) ) ;
#1577 = EDGE_LOOP ( 'NONE', ( #47, #910, #1744, #1754 ) ) ;
#1578 = VECTOR ( 'NONE', #485, 1000.000000000000000 ) ;
#1579 = LINE ( 'NONE', #1441, #953 ) ;
#1580 = DIRECTION ( 'NONE',  ( 0.000000000000000000, 0.000000000000000000, 1.000000000000000000 ) ) ;
#1581 = ORIENTED_EDGE ( 'NONE', *, *, #1406, .T. ) ;
#1582 = CIRCLE ( 'NONE', #1828, 2.500000000000002220 ) ;
#1583 = VECTOR ( 'NONE', #839, 1000.000000000000000 ) ;
#1584 = CARTESIAN_POINT ( 'NONE',  ( -22.88018215910751252, -10.43165213518227574, -51.02349987313248647 ) ) ;
#1585 = EDGE_CURVE ( 'NONE', #340, #468, #7, .T. ) ;
#1586 = ORIENTED_EDGE ( 'NONE', *, *, #758, .F. ) ;
#1587 = ORIENTED_EDGE ( 'NONE', *, *, #353, .T. ) ;
#1588 = ADVANCED_FACE ( 'NONE', ( #1433 ), #551, .F. ) ;
#1589 = ORIENTED_EDGE ( 'NONE', *, *, #946, .F. ) ;
#1590 =( NAMED_UNIT ( * ) PLANE_ANGLE_UNIT ( ) SI_UNIT ( $, .RADIAN. ) );
#1591 = CARTESIAN_POINT ( 'NONE',  ( 0.000000000000000000, 5.000000000000000000, -20.02069142940469959 ) ) ;
#1592 = EDGE_LOOP ( 'NONE', ( #1099, #1804, #1077, #623 ) ) ;
#1593 = CYLINDRICAL_SURFACE ( 'NONE', #715, 2.500000000000005773 ) ;
#1594 = ORIENTED_EDGE ( 'NONE', *, *, #1183, .T. ) ;
#1595 = DIRECTION ( 'NONE',  ( -1.000000000000000000, 0.000000000000000000, 0.000000000000000000 ) ) ;
#1596 = VERTEX_POINT ( 'NONE', #408 ) ;
#1597 = EDGE_CURVE ( 'NONE', #716, #535, #1001, .T. ) ;
#1598 = DIRECTION ( 'NONE',  ( 0.000000000000000000, 0.000000000000000000, -1.000000000000000000 ) ) ;
#1599 = APPROVAL_STATUS ( 'not_yet_approved' ) ;
#1600 = CARTESIAN_POINT ( 'NONE',  ( -22.48021415178936167, -16.00000000000000355, -55.02069142940469959 ) ) ;
#1601 = LINE ( 'NONE', #281, #777 ) ;
#1602 = ORIENTED_EDGE ( 'NONE', *, *, #959, .T. ) ;
#1603 = DIRECTION ( 'NONE',  ( -1.982541115402065110E-16, 0.000000000000000000, 1.000000000000000000 ) ) ;
#1604 = DIRECTION ( 'NONE',  ( 0.000000000000000000, 1.000000000000000000, 0.000000000000000000 ) ) ;
#1605 = ORIENTED_EDGE ( 'NONE', *, *, #1234, .F. ) ;
#1606 = VECTOR ( 'NONE', #1380, 1000.000000000000000 ) ;
#1607 = ADVANCED_FACE ( 'NONE', ( #824 ), #1412, .F. ) ;
#1608 = VECTOR ( 'NONE', #1207, 1000.000000000000000 ) ;
#1609 = AXIS2_PLACEMENT_3D ( 'NONE', #572, #838, #1598 ) ;
#1610 = PERSON_AND_ORGANIZATION_ROLE ( 'design_supplier' ) ;
#1611 = FACE_BOUND ( 'NONE', #1070, .T. ) ;
#1612 = AXIS2_PLACEMENT_3D ( 'NONE', #1907, #869, #449 ) ;
#1613 = VERTEX_POINT ( 'NONE', #837 ) ;
#1614 = FACE_OUTER_BOUND ( 'NONE', #1699, .T. ) ;
#1615 = ORIENTED_EDGE ( 'NONE', *, *, #223, .F. ) ;
#1616 = FACE_OUTER_BOUND ( 'NONE', #968, .T. ) ;
#1617 = EDGE_CURVE ( 'NONE', #1884, #854, #1214, .T. ) ;
#1618 = DIRECTION ( 'NONE',  ( 0.000000000000000000, 0.000000000000000000, -1.000000000000000000 ) ) ;
#1619 = ORIENTED_EDGE ( 'NONE', *, *, #471, .T. ) ;
#1620 = AXIS2_PLACEMENT_3D ( 'NONE', #781, #1082, #351 ) ;
#1621 = DIRECTION ( 'NONE',  ( 0.000000000000000000, 0.000000000000000000, -1.000000000000000000 ) ) ;
#1622 = ORIENTED_EDGE ( 'NONE', *, *, #1527, .F. ) ;
#1623 = CC_DESIGN_APPROVAL ( #591, ( #1719 ) ) ;
#1624 = ORIENTED_EDGE ( 'NONE', *, *, #1352, .T. ) ;
#1625 = VECTOR ( 'NONE', #85, 1000.000000000000000 ) ;
#1626 = APPROVAL_ROLE ( '' ) ;
#1627 = PLANE ( 'NONE',  #193 ) ;
#1628 = DIRECTION ( 'NONE',  ( 0.000000000000000000, 0.000000000000000000, -1.000000000000000000 ) ) ;
#1629 = AXIS2_PLACEMENT_3D ( 'NONE', #395, #1146, #240 ) ;
#1630 = ADVANCED_FACE ( 'NONE', ( #798 ), #90, .F. ) ;
#1631 = ORIENTED_EDGE ( 'NONE', *, *, #1172, .F. ) ;
#1632 = EDGE_LOOP ( 'NONE', ( #112, #1910, #1308, #450, #1067, #369, #986, #1358, #860, #379, #735, #1708, #822, #1653, #1635, #1587, #1427, #1125, #58, #481, #1581, #1112 ) ) ;
#1633 = CARTESIAN_POINT ( 'NONE',  ( -11.00000000000000000, 8.000000000000000000, -40.02069142940470670 ) ) ;
#1634 = ORIENTED_EDGE ( 'NONE', *, *, #1114, .F. ) ;
#1635 = ORIENTED_EDGE ( 'NONE', *, *, #1796, .T. ) ;
#1636 = DIRECTION ( 'NONE',  ( -1.000000000000000000, 0.000000000000000000, 0.000000000000000000 ) ) ;
#1637 = DIRECTION ( 'NONE',  ( 0.000000000000000000, 1.000000000000000000, 0.000000000000000000 ) ) ;
#1638 = APPROVAL_STATUS ( 'not_yet_approved' ) ;
#1639 = DIRECTION ( 'NONE',  ( 0.000000000000000000, -0.000000000000000000, -1.000000000000000000 ) ) ;
#1640 = CIRCLE ( 'NONE', #840, 10.00000000000000178 ) ;
#1641 = LINE ( 'NONE', #902, #1608 ) ;
#1642 = ORIENTED_EDGE ( 'NONE', *, *, #1021, .T. ) ;
#1643 = DIRECTION ( 'NONE',  ( 1.000000000000000000, -0.000000000000000000, 0.000000000000000000 ) ) ;
#1644 = AXIS2_PLACEMENT_3D ( 'NONE', #925, #1436, #1294 ) ;
#1645 = DIRECTION ( 'NONE',  ( -1.000000000000000000, 0.000000000000000000, 0.000000000000000000 ) ) ;
#1646 = ORIENTED_EDGE ( 'NONE', *, *, #920, .F. ) ;
#1647 = EDGE_CURVE ( 'NONE', #1016, #322, #519, .T. ) ;
#1648 = CARTESIAN_POINT ( 'NONE',  ( -25.48021415178936167, 2.000000000000001776, -55.02069142940469959 ) ) ;
#1649 = ORIENTED_EDGE ( 'NONE', *, *, #279, .F. ) ;
#1650 = CARTESIAN_POINT ( 'NONE',  ( 0.000000000000000000, 5.000000000000000888, -55.02069142940469959 ) ) ;
#1651 = CARTESIAN_POINT ( 'NONE',  ( -22.88018215910740949, -0.9316521351822766306, -51.02349987313248647 ) ) ;
#1652 = CARTESIAN_POINT ( 'NONE',  ( 49.99999999999999289, 0.000000000000000000, -10.00000000000000000 ) ) ;
#1653 = ORIENTED_EDGE ( 'NONE', *, *, #1451, .T. ) ;
#1654 = CARTESIAN_POINT ( 'NONE',  ( -24.13018215910750897, -10.43165213518227574, -55.02069142940469959 ) ) ;
#1655 = ORIENTED_EDGE ( 'NONE', *, *, #1585, .F. ) ;
#1656 = FACE_OUTER_BOUND ( 'NONE', #1748, .T. ) ;
#1657 = EDGE_CURVE ( 'NONE', #984, #1841, #868, .T. ) ;
#1658 = ORIENTED_EDGE ( 'NONE', *, *, #1657, .T. ) ;
#1659 = CYLINDRICAL_SURFACE ( 'NONE', #826, 10.00000000000000000 ) ;
#1660 = CARTESIAN_POINT ( 'NONE',  ( 69.99999999999998579, 0.000000000000000000, -27.52069142940469604 ) ) ;
#1661 = AXIS2_PLACEMENT_3D ( 'NONE', #740, #1332, #6 ) ;
#1662 = CARTESIAN_POINT ( 'NONE',  ( 30.00000000000000000, 0.000000000000000000, -40.02069142940470670 ) ) ;
#1663 = CYLINDRICAL_SURFACE ( 'NONE', #1644, 1.249999999999997558 ) ;
#1664 = VECTOR ( 'NONE', #499, 1000.000000000000000 ) ;
#1665 = VERTEX_POINT ( 'NONE', #1543 ) ;
#1666 = DIRECTION ( 'NONE',  ( 0.000000000000000000, 1.000000000000000000, 0.000000000000000000 ) ) ;
#1667 = ORIENTED_EDGE ( 'NONE', *, *, #1506, .T. ) ;
#1668 = ADVANCED_FACE ( 'NONE', ( #81 ), #221, .T. ) ;
#1669 = DIRECTION ( 'NONE',  ( 0.000000000000000000, 0.000000000000000000, -1.000000000000000000 ) ) ;
#1670 = EDGE_CURVE ( 'NONE', #520, #951, #1373, .T. ) ;
#1671 = CARTESIAN_POINT ( 'NONE',  ( 40.00000000000000000, 3.000000000000000000, -32.52069142940470670 ) ) ;
#1672 = VERTEX_POINT ( 'NONE', #1703 ) ;
#1673 = VECTOR ( 'NONE', #1716, 1000.000000000000000 ) ;
#1674 = LINE ( 'NONE', #785, #1274 ) ;
#1675 = ORIENTED_EDGE ( 'NONE', *, *, #1031, .F. ) ;
#1676 = VECTOR ( 'NONE', #1481, 1000.000000000000000 ) ;
#1677 = CARTESIAN_POINT ( 'NONE',  ( 60.00000000000000000, 5.000000000000000000, -49.99999999999999289 ) ) ;
#1678 = ORIENTED_EDGE ( 'NONE', *, *, #969, .T. ) ;
#1679 = CARTESIAN_POINT ( 'NONE',  ( -16.00000000000000000, 3.000000000000000000, -35.02069142940470670 ) ) ;
#1680 = ORIENTED_EDGE ( 'NONE', *, *, #99, .T. ) ;
#1681 = ADVANCED_FACE ( 'NONE', ( #1547 ), #818, .T. ) ;
#1682 = FACE_OUTER_BOUND ( 'NONE', #1592, .T. ) ;
#1683 = VERTEX_POINT ( 'NONE', #75 ) ;
#1684 = CYLINDRICAL_SURFACE ( 'NONE', #886, 5.000000000000000888 ) ;
#1685 = DIRECTION ( 'NONE',  ( -1.000000000000000000, 0.000000000000000000, 0.000000000000000000 ) ) ;
#1686 = VERTEX_POINT ( 'NONE', #1671 ) ;
#1687 = DIRECTION ( 'NONE',  ( 0.000000000000000000, 0.000000000000000000, 1.000000000000000000 ) ) ;
#1688 = AXIS2_PLACEMENT_3D ( 'NONE', #1838, #345, #638 ) ;
#1689 = DIRECTION ( 'NONE',  ( 0.000000000000000000, 0.000000000000000000, -1.000000000000000000 ) ) ;
#1690 = CARTESIAN_POINT ( 'NONE',  ( 30.00000000000000000, 3.000000000000000000, -30.02069142940470314 ) ) ;
#1691 = EDGE_CURVE ( 'NONE', #1741, #49, #495, .T. ) ;
#1692 = VERTEX_POINT ( 'NONE', #1083 ) ;
#1693 = DIRECTION ( 'NONE',  ( -1.000000000000000000, 0.000000000000000000, 0.000000000000000000 ) ) ;
#1694 = CARTESIAN_POINT ( 'NONE',  ( 30.00000000000000000, 0.000000000000000000, -40.02069142940470670 ) ) ;
#1695 = VERTEX_POINT ( 'NONE', #503 ) ;
#1696 = LINE ( 'NONE', #816, #114 ) ;
#1697 = CARTESIAN_POINT ( 'NONE',  ( 19.99999999999999645, 0.000000000000000000, -32.52069142940469959 ) ) ;
#1698 = DIRECTION ( 'NONE',  ( 1.000000000000000000, 0.000000000000000000, -0.000000000000000000 ) ) ;
#1699 = EDGE_LOOP ( 'NONE', ( #576, #457, #550, #413 ) ) ;
#1700 = AXIS2_PLACEMENT_3D ( 'NONE', #1344, #18, #1904 ) ;
#1701 = CC_DESIGN_PERSON_AND_ORGANIZATION_ASSIGNMENT ( #1715, #1424, ( #1905 ) ) ;
#1702 = PLANE ( 'NONE',  #1108 ) ;
#1703 = CARTESIAN_POINT ( 'NONE',  ( -21.63018215910740949, -0.9316521351822765196, -55.02069142940469959 ) ) ;
#1704 = AXIS2_PLACEMENT_3D ( 'NONE', #1694, #1421, #1580 ) ;
#1705 = EDGE_CURVE ( 'NONE', #778, #940, #1858, .T. ) ;
#1706 = FACE_BOUND ( 'NONE', #88, .T. ) ;
#1707 = DIRECTION ( 'NONE',  ( 1.000000000000000000, 0.000000000000000000, 0.000000000000000000 ) ) ;
#1708 = ORIENTED_EDGE ( 'NONE', *, *, #1426, .F. ) ;
#1709 = LINE ( 'NONE', #386, #1375 ) ;
#1710 = DIRECTION ( 'NONE',  ( 0.000000000000000000, 0.000000000000000000, -1.000000000000000000 ) ) ;
#1711 = ORIENTED_EDGE ( 'NONE', *, *, #1759, .F. ) ;
#1712 = EDGE_CURVE ( 'NONE', #374, #1841, #1094, .T. ) ;
#1713 = PLANE ( 'NONE',  #388 ) ;
#1714 = PERSON ( 'UNSPECIFIED', 'UNSPECIFIED', 'UNSPECIFIED', ('UNSPECIFIED'), ('UNSPECIFIED'), ('UNSPECIFIED') ) ;
#1715 = PERSON_AND_ORGANIZATION ( #1714, #573 ) ;
#1716 = DIRECTION ( 'NONE',  ( 0.000000000000000000, -1.000000000000000000, 0.000000000000000000 ) ) ;
#1717 = ORIENTED_EDGE ( 'NONE', *, *, #1450, .T. ) ;
#1718 = DIRECTION ( 'NONE',  ( 0.000000000000000000, 0.000000000000000000, -1.000000000000000000 ) ) ;
#1719 = PRODUCT_DEFINITION_FORMATION_WITH_SPECIFIED_SOURCE ( 'ANY', '', #436, .NOT_KNOWN. ) ;
#1720 = DIRECTION ( 'NONE',  ( 0.000000000000000000, 0.000000000000000000, 1.000000000000000000 ) ) ;
#1721 = ORIENTED_EDGE ( 'NONE', *, *, #1876, .F. ) ;
#1722 = VECTOR ( 'NONE', #1411, 1000.000000000000000 ) ;
#1723 = FACE_BOUND ( 'NONE', #1781, .T. ) ;
#1724 = EDGE_CURVE ( 'NONE', #1692, #951, #1121, .T. ) ;
#1725 = EDGE_CURVE ( 'NONE', #1874, #293, #1814, .T. ) ;
#1726 = DIRECTION ( 'NONE',  ( 0.000000000000000000, 0.000000000000000000, -1.000000000000000000 ) ) ;
#1727 = VERTEX_POINT ( 'NONE', #1826 ) ;
#1728 = DIRECTION ( 'NONE',  ( 0.000000000000000000, 0.000000000000000000, 1.000000000000000000 ) ) ;
#1729 = ORIENTED_EDGE ( 'NONE', *, *, #471, .F. ) ;
#1730 = FACE_BOUND ( 'NONE', #601, .T. ) ;
#1731 = ORIENTED_EDGE ( 'NONE', *, *, #552, .F. ) ;
#1732 = AXIS2_PLACEMENT_3D ( 'NONE', #585, #889, #723 ) ;
#1733 = CIRCLE ( 'NONE', #528, 2.500000000000002220 ) ;
#1734 = DATE_AND_TIME ( #1575, #858 ) ;
#1735 = CARTESIAN_POINT ( 'NONE',  ( 0.000000000000000000, 8.000000000000000000, -40.02069142940470670 ) ) ;
#1736 = EDGE_CURVE ( 'NONE', #743, #651, #1419, .T. ) ;
#1737 = ORIENTED_EDGE ( 'NONE', *, *, #1788, .T. ) ;
#1738 = DIRECTION ( 'NONE',  ( 1.000000000000000000, 0.000000000000000000, 1.982541115402065110E-16 ) ) ;
#1739 = ORIENTED_EDGE ( 'NONE', *, *, #1382, .T. ) ;
#1740 = CARTESIAN_POINT ( 'NONE',  ( 19.99999999999999645, 3.000000000000000000, -27.52069142940470314 ) ) ;
#1741 = VERTEX_POINT ( 'NONE', #811 ) ;
#1742 = DIRECTION ( 'NONE',  ( 0.000000000000000000, 0.000000000000000000, -1.000000000000000000 ) ) ;
#1743 = ORIENTED_EDGE ( 'NONE', *, *, #1081, .F. ) ;
#1744 = ORIENTED_EDGE ( 'NONE', *, *, #1809, .F. ) ;
#1745 = EDGE_CURVE ( 'NONE', #1683, #199, #1909, .T. ) ;
#1746 = LINE ( 'NONE', #459, #898 ) ;
#1747 = AXIS2_PLACEMENT_3D ( 'NONE', #226, #484, #1815 ) ;
#1748 = EDGE_LOOP ( 'NONE', ( #1056, #126, #118, #1299 ) ) ;
#1749 = CARTESIAN_POINT ( 'NONE',  ( -25.48021415178936167, -16.00000000000000355, -51.02349987313248647 ) ) ;
#1750 = CARTESIAN_POINT ( 'NONE',  ( 9.999999999999994671, 3.000000000000000000, 0.000000000000000000 ) ) ;
#1751 = CARTESIAN_POINT ( 'NONE',  ( 60.00000000000000000, 0.000000000000000000, -49.99999999999999289 ) ) ;
#1752 = ORIENTED_EDGE ( 'NONE', *, *, #1724, .T. ) ;
#1753 = LINE ( 'NONE', #1357, #779 ) ;
#1754 = ORIENTED_EDGE ( 'NONE', *, *, #1127, .F. ) ;
#1755 = DIRECTION ( 'NONE',  ( -0.000000000000000000, -0.000000000000000000, 1.000000000000000000 ) ) ;
#1756 = ORIENTED_EDGE ( 'NONE', *, *, #1267, .F. ) ;
#1757 = APPROVAL ( #1129, 'UNSPECIFIED' ) ;
#1758 = CARTESIAN_POINT ( 'NONE',  ( -10.00000000000000000, 3.000000000000000000, -30.02069142940468893 ) ) ;
#1759 = EDGE_CURVE ( 'NONE', #535, #435, #1379, .T. ) ;
#1760 = CIRCLE ( 'NONE', #1215, 4.999999999999997335 ) ;
#1761 = AXIS2_PLACEMENT_3D ( 'NONE', #387, #1854, #1402 ) ;
#1762 = CARTESIAN_POINT ( 'NONE',  ( 30.00000000000000000, 5.000000000000000000, -42.52069142940470670 ) ) ;
#1763 = AXIS2_PLACEMENT_3D ( 'NONE', #1539, #916, #1381 ) ;
#1764 = VERTEX_POINT ( 'NONE', #512 ) ;
#1765 = VERTEX_POINT ( 'NONE', #1109 ) ;
#1766 = DIRECTION ( 'NONE',  ( 0.000000000000000000, 0.000000000000000000, -1.000000000000000000 ) ) ;
#1767 = ORIENTED_EDGE ( 'NONE', *, *, #1821, .F. ) ;
#1768 = VERTEX_POINT ( 'NONE', #1697 ) ;
#1769 = EDGE_CURVE ( 'NONE', #1319, #1855, #1569, .T. ) ;
#1770 = PERSON_AND_ORGANIZATION ( #1714, #573 ) ;
#1771 = DIRECTION ( 'NONE',  ( 0.000000000000000000, 0.000000000000000000, -1.000000000000000000 ) ) ;
#1772 = DIRECTION ( 'NONE',  ( -0.000000000000000000, 1.000000000000000000, -0.000000000000000000 ) ) ;
#1773 = ORIENTED_EDGE ( 'NONE', *, *, #936, .T. ) ;
#1774 = LINE ( 'NONE', #1245, #1864 ) ;
#1775 = ORIENTED_EDGE ( 'NONE', *, *, #1137, .F. ) ;
#1776 = VECTOR ( 'NONE', #760, 1000.000000000000000 ) ;
#1777 = LINE ( 'NONE', #159, #1307 ) ;
#1778 = ORIENTED_EDGE ( 'NONE', *, *, #399, .T. ) ;
#1779 = FACE_OUTER_BOUND ( 'NONE', #1577, .T. ) ;
#1780 = CIRCLE ( 'NONE', #1229, 2.500000000000002220 ) ;
#1781 = EDGE_LOOP ( 'NONE', ( #917, #1533 ) ) ;
#1782 = CARTESIAN_POINT ( 'NONE',  ( 69.99999999999998579, 3.000000000000000000, -30.02069142940470314 ) ) ;
#1783 = EDGE_CURVE ( 'NONE', #1259, #535, #1846, .T. ) ;
#1784 = PLANE ( 'NONE',  #372 ) ;
#1785 = VECTOR ( 'NONE', #1420, 1000.000000000000000 ) ;
#1786 = ORIENTED_EDGE ( 'NONE', *, *, #1071, .T. ) ;
#1787 = ORIENTED_EDGE ( 'NONE', *, *, #677, .T. ) ;
#1788 = EDGE_CURVE ( 'NONE', #1764, #438, #1557, .T. ) ;
#1789 = CARTESIAN_POINT ( 'NONE',  ( -22.48021415178936167, -13.00000000000000533, 0.000000000000000000 ) ) ;
#1790 = ORIENTED_EDGE ( 'NONE', *, *, #38, .T. ) ;
#1791 = AXIS2_PLACEMENT_3D ( 'NONE', #1782, #1205, #25 ) ;
#1792 = ORIENTED_EDGE ( 'NONE', *, *, #817, .T. ) ;
#1793 = PLANE ( 'NONE',  #1857 ) ;
#1794 = VECTOR ( 'NONE', #1417, 1000.000000000000000 ) ;
#1795 = AXIS2_PLACEMENT_3D ( 'NONE', #1652, #891, #1057 ) ;
#1796 = EDGE_CURVE ( 'NONE', #605, #385, #1397, .T. ) ;
#1797 = DIRECTION ( 'NONE',  ( -0.000000000000000000, 1.000000000000000000, 0.000000000000000000 ) ) ;
#1798 = ORIENTED_EDGE ( 'NONE', *, *, #267, .F. ) ;
#1799 = ORIENTED_EDGE ( 'NONE', *, *, #223, .T. ) ;
#1800 = CIRCLE ( 'NONE', #1466, 2.500000000000002220 ) ;
#1801 = CARTESIAN_POINT ( 'NONE',  ( 60.00000000000000000, 5.000000000000000000, -40.02069142940470670 ) ) ;
#1802 = EDGE_CURVE ( 'NONE', #1861, #1549, #759, .T. ) ;
#1803 = ORIENTED_EDGE ( 'NONE', *, *, #531, .T. ) ;
#1804 = ORIENTED_EDGE ( 'NONE', *, *, #1137, .T. ) ;
#1805 = DIRECTION ( 'NONE',  ( 0.000000000000000000, 0.000000000000000000, -1.000000000000000000 ) ) ;
#1806 = ORIENTED_EDGE ( 'NONE', *, *, #162, .T. ) ;
#1807 = CARTESIAN_POINT ( 'NONE',  ( 69.99999999999998579, 0.000000000000000000, -30.02069142940470314 ) ) ;
#1808 = VERTEX_POINT ( 'NONE', #24 ) ;
#1809 = EDGE_CURVE ( 'NONE', #1764, #1526, #731, .T. ) ;
#1810 = FACE_OUTER_BOUND ( 'NONE', #850, .T. ) ;
#1811 = ORIENTED_EDGE ( 'NONE', *, *, #516, .F. ) ;
#1812 = FACE_OUTER_BOUND ( 'NONE', #297, .T. ) ;
#1813 = FACE_BOUND ( 'NONE', #447, .T. ) ;
#1814 = CIRCLE ( 'NONE', #448, 4.999999999999997335 ) ;
#1815 = DIRECTION ( 'NONE',  ( 0.000000000000000000, 0.000000000000000000, -1.000000000000000000 ) ) ;
#1816 = ORIENTED_EDGE ( 'NONE', *, *, #442, .F. ) ;
#1817 = DIRECTION ( 'NONE',  ( -0.000000000000000000, -1.000000000000000000, -0.000000000000000000 ) ) ;
#1818 = VECTOR ( 'NONE', #1693, 1000.000000000000000 ) ;
#1819 = ORIENTED_EDGE ( 'NONE', *, *, #1352, .F. ) ;
#1820 = CYLINDRICAL_SURFACE ( 'NONE', #801, 1.250000000000001110 ) ;
#1821 = EDGE_CURVE ( 'NONE', #412, #82, #441, .T. ) ;
#1822 = ORIENTED_EDGE ( 'NONE', *, *, #1563, .F. ) ;
#1823 = ADVANCED_FACE ( 'NONE', ( #1064 ), #911, .T. ) ;
#1824 = DIRECTION ( 'NONE',  ( 1.000000000000000000, -0.000000000000000000, 0.000000000000000000 ) ) ;
#1825 = AXIS2_PLACEMENT_3D ( 'NONE', #829, #1423, #77 ) ;
#1826 = CARTESIAN_POINT ( 'NONE',  ( 0.000000000000000000, 0.000000000000000000, -49.99999999999999289 ) ) ;
#1827 = DIRECTION ( 'NONE',  ( 0.000000000000000000, 0.000000000000000000, -1.000000000000000000 ) ) ;
#1828 = AXIS2_PLACEMENT_3D ( 'NONE', #714, #315, #1618 ) ;
#1829 = FACE_OUTER_BOUND ( 'NONE', #808, .T. ) ;
#1830 = VECTOR ( 'NONE', #103, 1000.000000000000000 ) ;
#1831 = ORIENTED_EDGE ( 'NONE', *, *, #1093, .F. ) ;
#1832 = AXIS2_PLACEMENT_3D ( 'NONE', #1230, #954, #793 ) ;
#1833 = CARTESIAN_POINT ( 'NONE',  ( 60.00000000000000000, 3.000000000000000000, 0.000000000000000000 ) ) ;
#1834 = ORIENTED_EDGE ( 'NONE', *, *, #494, .T. ) ;
#1835 = DIRECTION ( 'NONE',  ( -1.000000000000000000, -0.000000000000000000, -0.000000000000000000 ) ) ;
#1836 = DIRECTION ( 'NONE',  ( -1.000000000000000000, 0.000000000000000000, -0.000000000000000000 ) ) ;
#1837 = EDGE_CURVE ( 'NONE', #935, #835, #1879, .T. ) ;
#1838 = CARTESIAN_POINT ( 'NONE',  ( 10.00000000000000000, 5.000000000000000000, -49.99999999999999289 ) ) ;
#1839 = CARTESIAN_POINT ( 'NONE',  ( 0.000000000000000000, 3.000000000000000000, -60.00000000000000000 ) ) ;
#1840 = DIRECTION ( 'NONE',  ( 0.000000000000000000, 0.000000000000000000, -1.000000000000000000 ) ) ;
#1841 = VERTEX_POINT ( 'NONE', #1032 ) ;
#1842 = LINE ( 'NONE', #1232, #1912 ) ;
#1843 = ORIENTED_EDGE ( 'NONE', *, *, #72, .T. ) ;
#1844 = CARTESIAN_POINT ( 'NONE',  ( 30.00000000000000000, 0.000000000000000000, -30.02069142940470314 ) ) ;
#1845 = FACE_OUTER_BOUND ( 'NONE', #428, .T. ) ;
#1846 = CIRCLE ( 'NONE', #84, 2.999999999999999112 ) ;
#1847 = DIRECTION ( 'NONE',  ( 0.000000000000000000, 0.000000000000000000, -1.000000000000000000 ) ) ;
#1848 = PRODUCT_RELATED_PRODUCT_CATEGORY ( 'detail', '', ( #436 ) ) ;
#1849 = DIRECTION ( 'NONE',  ( 0.000000000000000000, 0.000000000000000000, 1.000000000000000000 ) ) ;
#1850 = LINE ( 'NONE', #1286, #1403 ) ;
#1851 = ADVANCED_FACE ( 'NONE', ( #1616 ), #154, .F. ) ;
#1852 = EDGE_LOOP ( 'NONE', ( #1106, #460, #556, #1210 ) ) ;
#1853 = LINE ( 'NONE', #1677, #1204 ) ;
#1854 = DIRECTION ( 'NONE',  ( 0.000000000000000000, -1.000000000000000000, 0.000000000000000000 ) ) ;
#1855 = VERTEX_POINT ( 'NONE', #594 ) ;
#1856 = LINE ( 'NONE', #682, #1583 ) ;
#1857 = AXIS2_PLACEMENT_3D ( 'NONE', #323, #185, #931 ) ;
#1858 = LINE ( 'NONE', #1227, #1290 ) ;
#1859 = DIRECTION ( 'NONE',  ( -1.000000000000000000, 0.000000000000000000, 0.000000000000000000 ) ) ;
#1860 = CARTESIAN_POINT ( 'NONE',  ( -11.00000000000000000, 5.000000000000000000, -35.02069142940470670 ) ) ;
#1861 = VERTEX_POINT ( 'NONE', #303 ) ;
#1862 = ADVANCED_FACE ( 'NONE', ( #1812 ), #1659, .T. ) ;
#1863 = CARTESIAN_POINT ( 'NONE',  ( 30.00000000000000000, 5.000000000000000000, -30.02069142940470314 ) ) ;
#1864 = VECTOR ( 'NONE', #1835, 1000.000000000000000 ) ;
#1865 = DIRECTION ( 'NONE',  ( 0.000000000000000000, 0.000000000000000000, -1.000000000000000000 ) ) ;
#1866 = CIRCLE ( 'NONE', #197, 2.999999999999999112 ) ;
#1867 = DIRECTION ( 'NONE',  ( 0.000000000000000000, -0.000000000000000000, -1.000000000000000000 ) ) ;
#1868 = DIRECTION ( 'NONE',  ( 0.000000000000000000, 0.000000000000000000, 1.000000000000000000 ) ) ;
#1869 = CARTESIAN_POINT ( 'NONE',  ( 30.00000000000000000, 0.000000000000000000, -37.52069142940469959 ) ) ;
#1870 = CARTESIAN_POINT ( 'NONE',  ( 60.00000000000000000, 5.000000000000000000, -20.02069142940470314 ) ) ;
#1871 = EDGE_LOOP ( 'NONE', ( #1752, #863, #726, #1340 ) ) ;
#1872 = CARTESIAN_POINT ( 'NONE',  ( -24.13018215910741304, -0.9316521351822766306, 0.000000000000000000 ) ) ;
#1873 = FACE_OUTER_BOUND ( 'NONE', #805, .T. ) ;
#1874 = VERTEX_POINT ( 'NONE', #1377 ) ;
#1875 = EDGE_CURVE ( 'NONE', #763, #1882, #1780, .T. ) ;
#1876 = EDGE_CURVE ( 'NONE', #293, #151, #1225, .T. ) ;
#1877 = LINE ( 'NONE', #1107, #943 ) ;
#1878 = AXIS2_PLACEMENT_3D ( 'NONE', #225, #1687, #693 ) ;
#1879 = CIRCLE ( 'NONE', #1321, 2.499999999999998668 ) ;
#1880 = DIRECTION ( 'NONE',  ( 0.000000000000000000, -1.000000000000000000, 0.000000000000000000 ) ) ;
#1881 = PLANE ( 'NONE',  #493 ) ;
#1882 = VERTEX_POINT ( 'NONE', #1158 ) ;
#1883 = DIRECTION ( 'NONE',  ( 0.000000000000000000, 0.000000000000000000, -1.000000000000000000 ) ) ;
#1884 = VERTEX_POINT ( 'NONE', #1869 ) ;
#1885 = DIRECTION ( 'NONE',  ( 0.000000000000000000, -0.000000000000000000, -1.000000000000000000 ) ) ;
#1886 = ORIENTED_EDGE ( 'NONE', *, *, #1369, .T. ) ;
#1887 = DIRECTION ( 'NONE',  ( 1.000000000000000000, -0.000000000000000000, -0.000000000000000000 ) ) ;
#1888 = VECTOR ( 'NONE', #1162, 1000.000000000000000 ) ;
#1889 = EDGE_CURVE ( 'NONE', #1686, #1665, #764, .T. ) ;
#1890 = CARTESIAN_POINT ( 'NONE',  ( -22.48021415178936167, 5.000000000000000888, -55.02069142940469959 ) ) ;
#1891 = ORIENTED_EDGE ( 'NONE', *, *, #978, .T. ) ;
#1892 = CARTESIAN_POINT ( 'NONE',  ( 10.00000000000000000, 3.000000000000000000, -49.99999999999999289 ) ) ;
#1893 = ORIENTED_EDGE ( 'NONE', *, *, #380, .F. ) ;
#1894 = CARTESIAN_POINT ( 'NONE',  ( 95.00000000000000000, 3.000000000000000000, 0.000000000000000000 ) ) ;
#1895 = VERTEX_POINT ( 'NONE', #851 ) ;
#1896 = AXIS2_PLACEMENT_3D ( 'NONE', #94, #695, #263 ) ;
#1897 = CIRCLE ( 'NONE', #1832, 2.999999999999999112 ) ;
#1898 = EDGE_CURVE ( 'NONE', #301, #1394, #1012, .T. ) ;
#1899 = DIRECTION ( 'NONE',  ( 1.000000000000000000, 0.000000000000000000, 0.000000000000000000 ) ) ;
#1900 = VERTEX_POINT ( 'NONE', #409 ) ;
#1901 = VERTEX_POINT ( 'NONE', #694 ) ;
#1902 = CARTESIAN_POINT ( 'NONE',  ( 49.99999999999999289, 3.000000000000000000, 0.000000000000000000 ) ) ;
#1903 = VERTEX_POINT ( 'NONE', #1750 ) ;
#1904 = DIRECTION ( 'NONE',  ( 0.000000000000000000, 0.000000000000000000, -1.000000000000000000 ) ) ;
#1905 = PRODUCT_DEFINITION ( 'UNKNOWN', '', #1719, #761 ) ;
#1906 = ORIENTED_EDGE ( 'NONE', *, *, #1267, .T. ) ;
#1907 = CARTESIAN_POINT ( 'NONE',  ( 0.000000000000000000, 0.000000000000000000, -55.02069142940469959 ) ) ;
#1908 = EDGE_CURVE ( 'NONE', #473, #885, #150, .T. ) ;
#1909 = CIRCLE ( 'NONE', #479, 5.000000000000000888 ) ;
#1910 = ORIENTED_EDGE ( 'NONE', *, *, #26, .T. ) ;
#1911 = CYLINDRICAL_SURFACE ( 'NONE', #1140, 5.000000000000000888 ) ;
#1912 = VECTOR ( 'NONE', #1261, 1000.000000000000000 ) ;
#1913 = DIRECTION ( 'NONE',  ( 0.000000000000000000, 1.000000000000000000, 0.000000000000000000 ) ) ;
#1914 = FACE_OUTER_BOUND ( 'NONE', #1555, .T. ) ;
#1915 = EDGE_LOOP ( 'NONE', ( #892, #619, #1729, #1104 ) ) ;
#1916 = PLANE ( 'NONE',  #1120 ) ;
ENDSEC;
END-ISO-10303-21;
